Best Service	The Best of Gigapack 1 & 2	CD 1 -> BAS1 E -> Program	BAS:E-Bass 1	
Best Service	The Best of Gigapack 1 & 2	CD 1 -> BAS1 E -> Program	BAS:E-Bass 2	
Best Service	The Best of Gigapack 1 & 2	CD 1 -> BAS1 E -> Program	BAS:E-Bass 3	
Best Service	The Best of Gigapack 1 & 2	CD 1 -> BAS1 E -> Program	BAS:E-Bass 4	
Best Service	The Best of Gigapack 1 & 2	CD 1 -> BAS1 E -> Program	BAS:E-Bass 5	
Best Service	The Best of Gigapack 1 & 2	CD 1 -> BAS1 E -> Program	BAS:E-Bass 6	
Best Service	The Best of Gigapack 1 & 2	CD 1 -> BAS1 E -> Program	BAS:E-Bass 7	
Best Service	The Best of Gigapack 1 & 2	CD 1 -> BAS1 E -> Program	BAS:E-Bass 8	
Best Service	The Best of Gigapack 1 & 2	CD 1 -> BAS1 E -> Program	BAS:E-Bass 9	
Best Service	The Best of Gigapack 1 & 2	CD 1 -> BAS1 E -> Program	BAS:E-Bass10	
Best Service	The Best of Gigapack 1 & 2	CD 1 -> BAS1 E -> Program	BAS:Fretless	
Best Service	The Best of Gigapack 1 & 2	CD 1 -> BAS1 E -> Program	Warm Bass	
Best Service	The Best of Gigapack 1 & 2	CD 1 -> BAS1 E -> Sample	BAS:Stevebass E2	
Best Service	The Best of Gigapack 1 & 2	CD 1 -> BAS1 E -> Sample	BAS:Stevebas5 A2	
Best Service	The Best of Gigapack 1 & 2	CD 1 -> BAS1 E -> Sample	BAS:Stevebas5 D2	
Best Service	The Best of Gigapack 1 & 2	CD 1 -> BAS1 E -> Sample	BAS:Stevebas5 F3	
Best Service	The Best of Gigapack 1 & 2	CD 1 -> BAS1 E -> Sample	BAS:Stevebas5 C3	
Best Service	The Best of Gigapack 1 & 2	CD 1 -> BAS1 E -> Sample	BAS:StevebasRutE	
Best Service	The Best of Gigapack 1 & 2	CD 1 -> BAS1 E -> Sample	BAS:B12  D1	
Best Service	The Best of Gigapack 1 & 2	CD 1 -> BAS1 E -> Sample	BAS:B12  E1	
Best Service	The Best of Gigapack 1 & 2	CD 1 -> BAS1 E -> Sample	BAS:B12  G1	
Best Service	The Best of Gigapack 1 & 2	CD 1 -> BAS1 E -> Sample	BAS:B12  B1	
Best Service	The Best of Gigapack 1 & 2	CD 1 -> BAS1 E -> Sample	BAS:B12  D2	
Best Service	The Best of Gigapack 1 & 2	CD 1 -> BAS1 E -> Sample	BAS:B12  E2	
Best Service	The Best of Gigapack 1 & 2	CD 1 -> BAS1 E -> Sample	BAS:B12  G#2	
Best Service	The Best of Gigapack 1 & 2	CD 1 -> BAS1 E -> Sample	BAS:B12  C3	
Best Service	The Best of Gigapack 1 & 2	CD 1 -> BAS1 E -> Sample	BAS:B12  D3	
Best Service	The Best of Gigapack 1 & 2	CD 1 -> BAS1 E -> Sample	BAS:B12  E3	
Best Service	The Best of Gigapack 1 & 2	CD 1 -> BAS1 E -> Sample	BAS:E 617	
Best Service	The Best of Gigapack 1 & 2	CD 1 -> BAS1 E -> Sample	BAS:E 618	
Best Service	The Best of Gigapack 1 & 2	CD 1 -> BAS1 E -> Sample	BAS:E 619	
Best Service	The Best of Gigapack 1 & 2	CD 1 -> BAS1 E -> Sample	BAS:E 620	
Best Service	The Best of Gigapack 1 & 2	CD 1 -> BAS1 E -> Sample	BAS:ADS Bass 2	
Best Service	The Best of Gigapack 1 & 2	CD 1 -> BAS1 E -> Sample	BAS:ADS Bass 1	
Best Service	The Best of Gigapack 1 & 2	CD 1 -> BAS1 E -> Sample	BAS:ADS Slap1	
Best Service	The Best of Gigapack 1 & 2	CD 1 -> BAS1 E -> Sample	BAS:ADS Bass 4	
Best Service	The Best of Gigapack 1 & 2	CD 1 -> BAS1 E -> Sample	BAS:ADS Bass 3	
Best Service	The Best of Gigapack 1 & 2	CD 1 -> BAS1 E -> Sample	BAS:ADS Slap2	
Best Service	The Best of Gigapack 1 & 2	CD 1 -> BAS1 E -> Sample	BAS:ADS Bass 6	
Best Service	The Best of Gigapack 1 & 2	CD 1 -> BAS1 E -> Sample	BAS:ADS Bass 5	
Best Service	The Best of Gigapack 1 & 2	CD 1 -> BAS1 E -> Sample	BAS:ADS Slap3	
Best Service	The Best of Gigapack 1 & 2	CD 1 -> BAS1 E -> Sample	BAS:E-Bs8 E 2	
Best Service	The Best of Gigapack 1 & 2	CD 1 -> BAS1 E -> Sample	BAS:E-Bs8 F 2	
Best Service	The Best of Gigapack 1 & 2	CD 1 -> BAS1 E -> Sample	BAS:E-Bs8 F#2	
Best Service	The Best of Gigapack 1 & 2	CD 1 -> BAS1 E -> Sample	BAS:E-Bs8 A 2	
Best Service	The Best of Gigapack 1 & 2	CD 1 -> BAS1 E -> Sample	BAS:E-Bs8 B 2	
Best Service	The Best of Gigapack 1 & 2	CD 1 -> BAS1 E -> Sample	BAS:E-Bs8 C#3	
Best Service	The Best of Gigapack 1 & 2	CD 1 -> BAS1 E -> Sample	BAS:E-Bs8 D#3	
Best Service	The Best of Gigapack 1 & 2	CD 1 -> BAS1 E -> Sample	BAS:E-Bs8 F 3	
Best Service	The Best of Gigapack 1 & 2	CD 1 -> BAS1 E -> Sample	BAS:E-Bs8 F#3	
Best Service	The Best of Gigapack 1 & 2	CD 1 -> BAS1 E -> Sample	BAS:E-Bs8 A 3	
Best Service	The Best of Gigapack 1 & 2	CD 1 -> BAS1 E -> Sample	BAS:E-Bs8 B 3	
Best Service	The Best of Gigapack 1 & 2	CD 1 -> BAS1 E -> Sample	BAS:E-Bs8 C#4	
Best Service	The Best of Gigapack 1 & 2	CD 1 -> BAS1 E -> Sample	BAS:E-Bs8 E 4	
Best Service	The Best of Gigapack 1 & 2	CD 1 -> BAS1 E -> Sample	BAS:E-Bs8 G 4	
Best Service	The Best of Gigapack 1 & 2	CD 1 -> BAS1 E -> Sample	BAS:PD1	
Best Service	The Best of Gigapack 1 & 2	CD 1 -> BAS1 E -> Sample	BAS:PE1	
Best Service	The Best of Gigapack 1 & 2	CD 1 -> BAS1 E -> Sample	BAS:PF1	
Best Service	The Best of Gigapack 1 & 2	CD 1 -> BAS1 E -> Sample	BAS:PG1	
Best Service	The Best of Gigapack 1 & 2	CD 1 -> BAS1 E -> Sample	BAS:PA1	
Best Service	The Best of Gigapack 1 & 2	CD 1 -> BAS1 E -> Sample	BAS:PB1	
Best Service	The Best of Gigapack 1 & 2	CD 1 -> BAS1 E -> Sample	BAS:PD2	
Best Service	The Best of Gigapack 1 & 2	CD 1 -> BAS1 E -> Sample	BAS:PE2	
Best Service	The Best of Gigapack 1 & 2	CD 1 -> BAS1 E -> Sample	BAS:PF2	
Best Service	The Best of Gigapack 1 & 2	CD 1 -> BAS1 E -> Sample	BAS:PG2	
Best Service	The Best of Gigapack 1 & 2	CD 1 -> BAS1 E -> Sample	BAS:PA2	
Best Service	The Best of Gigapack 1 & 2	CD 1 -> BAS1 E -> Sample	BAS:PB2	
Best Service	The Best of Gigapack 1 & 2	CD 1 -> BAS1 E -> Sample	BAS:PC3	
Best Service	The Best of Gigapack 1 & 2	CD 1 -> BAS1 E -> Sample	BAS:PD3	
Best Service	The Best of Gigapack 1 & 2	CD 1 -> BAS1 E -> Sample	BAS:PE3	
Best Service	The Best of Gigapack 1 & 2	CD 1 -> BAS1 E -> Sample	BAS:PF3	
Best Service	The Best of Gigapack 1 & 2	CD 1 -> BAS1 E -> Sample	BAS:B2a	
Best Service	The Best of Gigapack 1 & 2	CD 1 -> BAS1 E -> Sample	BAS:B2b	
Best Service	The Best of Gigapack 1 & 2	CD 1 -> BAS1 E -> Sample	BAS:B2c	
Best Service	The Best of Gigapack 1 & 2	CD 1 -> BAS1 E -> Sample	BAS:B2d	
Best Service	The Best of Gigapack 1 & 2	CD 1 -> BAS1 E -> Sample	BAS:B2e	
Best Service	The Best of Gigapack 1 & 2	CD 1 -> BAS1 E -> Sample	BAS:B2f	
Best Service	The Best of Gigapack 1 & 2	CD 1 -> BAS1 E -> Sample	BAS:B2g	
Best Service	The Best of Gigapack 1 & 2	CD 1 -> BAS1 E -> Sample	BAS:B2h	
Best Service	The Best of Gigapack 1 & 2	CD 1 -> BAS1 E -> Sample	BAS:B2i	
Best Service	The Best of Gigapack 1 & 2	CD 1 -> BAS1 E -> Sample	BAS:B2j	
Best Service	The Best of Gigapack 1 & 2	CD 1 -> BAS1 E -> Sample	BAS:B2k	
Best Service	The Best of Gigapack 1 & 2	CD 1 -> BAS1 E -> Sample	BAS:B2l	
Best Service	The Best of Gigapack 1 & 2	CD 1 -> BAS1 E -> Sample	BAS:B2m	
Best Service	The Best of Gigapack 1 & 2	CD 1 -> BAS1 E -> Sample	BAS:B2n	
Best Service	The Best of Gigapack 1 & 2	CD 1 -> BAS1 E -> Sample	BAS:B2o	
Best Service	The Best of Gigapack 1 & 2	CD 1 -> BAS1 E -> Sample	BAS:B2p	
Best Service	The Best of Gigapack 1 & 2	CD 1 -> BAS1 E -> Sample	BAS:B2q	
Best Service	The Best of Gigapack 1 & 2	CD 1 -> BAS1 E -> Sample	BAS:BAa 6	
Best Service	The Best of Gigapack 1 & 2	CD 1 -> BAS1 E -> Sample	BAS:BAb 6	
Best Service	The Best of Gigapack 1 & 2	CD 1 -> BAS1 E -> Sample	BAS:BAc 6	
Best Service	The Best of Gigapack 1 & 2	CD 1 -> BAS1 E -> Sample	BAS:BAd 6	
Best Service	The Best of Gigapack 1 & 2	CD 1 -> BAS1 E -> Sample	BAS:BAe 6	
Best Service	The Best of Gigapack 1 & 2	CD 1 -> BAS1 E -> Sample	BAS:BAf 6	
Best Service	The Best of Gigapack 1 & 2	CD 1 -> BAS1 E -> Sample	BAS:Ebs45	
Best Service	The Best of Gigapack 1 & 2	CD 1 -> BAS1 E -> Sample	BAS:Ebs46	
Best Service	The Best of Gigapack 1 & 2	CD 1 -> BAS1 E -> Sample	BAS:Ebs47o	
Best Service	The Best of Gigapack 1 & 2	CD 1 -> BAS1 E -> Sample	BAS:Ebs48o	
Best Service	The Best of Gigapack 1 & 2	CD 1 -> BAS1 E -> Sample	BAS:FD1^	
Best Service	The Best of Gigapack 1 & 2	CD 1 -> BAS1 E -> Sample	BAS:FF1^	
Best Service	The Best of Gigapack 1 & 2	CD 1 -> BAS1 E -> Sample	BAS:FA1^	
Best Service	The Best of Gigapack 1 & 2	CD 1 -> BAS1 E -> Sample	BAS:FC2^	
Best Service	The Best of Gigapack 1 & 2	CD 1 -> BAS1 E -> Sample	BAS:FE2^	
Best Service	The Best of Gigapack 1 & 2	CD 1 -> BAS1 E -> Sample	BAS:FG2^	
Best Service	The Best of Gigapack 1 & 2	CD 1 -> BAS1 E -> Sample	BAS:FB2^	
Best Service	The Best of Gigapack 1 & 2	CD 1 -> BAS1 E -> Sample	BAS:FD3^	
Best Service	The Best of Gigapack 1 & 2	CD 1 -> BAS1 E -> Sample	BAS:FF3^	
Best Service	The Best of Gigapack 1 & 2	CD 1 -> BAS1 E -> Sample	BAS:Fretl 2 a	
Best Service	The Best of Gigapack 1 & 2	CD 1 -> BAS1 E -> Sample	BAS:Fretl 2 b	
Best Service	The Best of Gigapack 1 & 2	CD 1 -> BASS1DAN -> Program	BAS:Dance 001	
Best Service	The Best of Gigapack 1 & 2	CD 1 -> BASS1DAN -> Program	BAS:Dance 005	
Best Service	The Best of Gigapack 1 & 2	CD 1 -> BASS1DAN -> Program	BAS:Dance 006	
Best Service	The Best of Gigapack 1 & 2	CD 1 -> BASS1DAN -> Program	BAS:Dance 007	
Best Service	The Best of Gigapack 1 & 2	CD 1 -> BASS1DAN -> Program	BAS:Dance 008	
Best Service	The Best of Gigapack 1 & 2	CD 1 -> BASS1DAN -> Program	BAS:Dance 009	
Best Service	The Best of Gigapack 1 & 2	CD 1 -> BASS1DAN -> Program	BAS:Dance 019	
Best Service	The Best of Gigapack 1 & 2	CD 1 -> BASS1DAN -> Program	BAS:Dance 020	
Best Service	The Best of Gigapack 1 & 2	CD 1 -> BASS1DAN -> Program	BAS:Dance 021	
Best Service	The Best of Gigapack 1 & 2	CD 1 -> BASS1DAN -> Program	BAS:Dance 023	
Best Service	The Best of Gigapack 1 & 2	CD 1 -> BASS1DAN -> Program	BAS:Dance 025	
Best Service	The Best of Gigapack 1 & 2	CD 1 -> BASS1DAN -> Program	BAS:Dance 028	
Best Service	The Best of Gigapack 1 & 2	CD 1 -> BASS1DAN -> Program	BAS:Dance 030	
Best Service	The Best of Gigapack 1 & 2	CD 1 -> BASS1DAN -> Program	BAS:Dance 031	
Best Service	The Best of Gigapack 1 & 2	CD 1 -> BASS1DAN -> Program	BAS:Dance 034	
Best Service	The Best of Gigapack 1 & 2	CD 1 -> BASS1DAN -> Program	BAS:Dance 036	
Best Service	The Best of Gigapack 1 & 2	CD 1 -> BASS1DAN -> Program	BAS:Dance 039	
Best Service	The Best of Gigapack 1 & 2	CD 1 -> BASS1DAN -> Program	BAS:Dance 040	
Best Service	The Best of Gigapack 1 & 2	CD 1 -> BASS1DAN -> Program	BAS:Dance 042	
Best Service	The Best of Gigapack 1 & 2	CD 1 -> BASS1DAN -> Program	BAS:Dance 043	
Best Service	The Best of Gigapack 1 & 2	CD 1 -> BASS1DAN -> Program	BAS:Dance 044	
Best Service	The Best of Gigapack 1 & 2	CD 1 -> BASS1DAN -> Program	BAS:Dance 045	
Best Service	The Best of Gigapack 1 & 2	CD 1 -> BASS1DAN -> Program	BAS:Dance 046	
Best Service	The Best of Gigapack 1 & 2	CD 1 -> BASS1DAN -> Program	BAS:Dance 047	
Best Service	The Best of Gigapack 1 & 2	CD 1 -> BASS1DAN -> Program	BAS:Dance 049	
Best Service	The Best of Gigapack 1 & 2	CD 1 -> BASS1DAN -> Program	BAS:Dance 050	
Best Service	The Best of Gigapack 1 & 2	CD 1 -> BASS1DAN -> Program	BAS:Dance 052	
Best Service	The Best of Gigapack 1 & 2	CD 1 -> BASS1DAN -> Program	BAS:Dance 053	
Best Service	The Best of Gigapack 1 & 2	CD 1 -> BASS1DAN -> Program	BAS:Dance 054	
Best Service	The Best of Gigapack 1 & 2	CD 1 -> BASS1DAN -> Program	BAS:Dance 056	
Best Service	The Best of Gigapack 1 & 2	CD 1 -> BASS1DAN -> Program	BAS:Dance 057	
Best Service	The Best of Gigapack 1 & 2	CD 1 -> BASS1DAN -> Program	BAS:Dance 058	
Best Service	The Best of Gigapack 1 & 2	CD 1 -> BASS1DAN -> Sample	BAS:F892	
Best Service	The Best of Gigapack 1 & 2	CD 1 -> BASS1DAN -> Sample	BAS:Q-96	
Best Service	The Best of Gigapack 1 & 2	CD 1 -> BASS1DAN -> Sample	BAS:Index78	
Best Service	The Best of Gigapack 1 & 2	CD 1 -> BASS1DAN -> Sample	BAS:Danc4784	
Best Service	The Best of Gigapack 1 & 2	CD 1 -> BASS1DAN -> Sample	BAS:tMBa	
Best Service	The Best of Gigapack 1 & 2	CD 1 -> BASS1DAN -> Sample	BAS:Dance BAi	
Best Service	The Best of Gigapack 1 & 2	CD 1 -> BASS1DAN -> Sample	BAS:4416"	
Best Service	The Best of Gigapack 1 & 2	CD 1 -> BASS1DAN -> Sample	BAS:Lowy	
Best Service	The Best of Gigapack 1 & 2	CD 1 -> BASS1DAN -> Sample	BAS:Mies	
Best Service	The Best of Gigapack 1 & 2	CD 1 -> BASS1DAN -> Sample	BAS:DncBa14	
Best Service	The Best of Gigapack 1 & 2	CD 1 -> BASS1DAN -> Sample	BAS:Gold  5 C2	
Best Service	The Best of Gigapack 1 & 2	CD 1 -> BASS1DAN -> Sample	BAS:SyBa 1	
Best Service	The Best of Gigapack 1 & 2	CD 1 -> BASS1DAN -> Sample	BAS:SyBa 2	
Best Service	The Best of Gigapack 1 & 2	CD 1 -> BASS1DAN -> Sample	BAS:SyBa 3	
Best Service	The Best of Gigapack 1 & 2	CD 1 -> BASS1DAN -> Sample	BAS:SyBa 4	
Best Service	The Best of Gigapack 1 & 2	CD 1 -> BASS1DAN -> Sample	BAS:SyBa 5	
Best Service	The Best of Gigapack 1 & 2	CD 1 -> BASS1DAN -> Sample	BAS:SyBa 6	
Best Service	The Best of Gigapack 1 & 2	CD 1 -> BASS1DAN -> Sample	BAS:SyBa 7	
Best Service	The Best of Gigapack 1 & 2	CD 1 -> BASS1DAN -> Sample	BAS:SyBa 8	
Best Service	The Best of Gigapack 1 & 2	CD 1 -> BASS1DAN -> Sample	BAS:OBB5	
Best Service	The Best of Gigapack 1 & 2	CD 1 -> BASS1DAN -> Sample	BAS:8657!	
Best Service	The Best of Gigapack 1 & 2	CD 1 -> BASS1DAN -> Sample	BAS:DowwwnBa1	
Best Service	The Best of Gigapack 1 & 2	CD 1 -> BASS1DAN -> Sample	BAS:Sequin	
Best Service	The Best of Gigapack 1 & 2	CD 1 -> BASS1DAN -> Sample	BAS:4736	
Best Service	The Best of Gigapack 1 & 2	CD 1 -> BASS1DAN -> Sample	BAS:Bass 63	
Best Service	The Best of Gigapack 1 & 2	CD 1 -> BASS1DAN -> Sample	BAS:Woobig	
Best Service	The Best of Gigapack 1 & 2	CD 1 -> BASS1DAN -> Sample	BAS:3003 B	
Best Service	The Best of Gigapack 1 & 2	CD 1 -> BASS1DAN -> Sample	BAS:Gnop	
Best Service	The Best of Gigapack 1 & 2	CD 1 -> BASS1DAN -> Sample	BAS:229Ba	
Best Service	The Best of Gigapack 1 & 2	CD 1 -> BASS1DAN -> Sample	BAS:Ruxx 999	
Best Service	The Best of Gigapack 1 & 2	CD 1 -> BASS1DAN -> Sample	BAS:Dance 55	
Best Service	The Best of Gigapack 1 & 2	CD 1 -> BASS1DAN -> Sample	BAS:Kill4	
Best Service	The Best of Gigapack 1 & 2	CD 1 -> BASS1DAN -> Sample	BAS:3556 !	
Best Service	The Best of Gigapack 1 & 2	CD 1 -> BASS1DAN -> Sample	BAS:MpBa	
Best Service	The Best of Gigapack 1 & 2	CD 1 -> BASS1DAN -> Sample	BAS:22Ba1yy	
Best Service	The Best of Gigapack 1 & 2	CD 1 -> BASS1DAN -> Sample	BAS:House 670	
Best Service	The Best of Gigapack 1 & 2	CD 1 -> BASS1DAN -> Sample	BAS:Synth  171	
Best Service	The Best of Gigapack 1 & 2	CD 1 -> BASS1DAN -> Sample	BAS:Dance  172	
Best Service	The Best of Gigapack 1 & 2	CD 1 -> BASS2DAN -> Program	BAS:4-Dance	
Best Service	The Best of Gigapack 1 & 2	CD 1 -> BASS2DAN -> Program	BAS:577`s Bass	
Best Service	The Best of Gigapack 1 & 2	CD 1 -> BASS2DAN -> Program	BAS:70`s Moog	
Best Service	The Best of Gigapack 1 & 2	CD 1 -> BASS2DAN -> Program	BAS:80`s Bass	
Best Service	The Best of Gigapack 1 & 2	CD 1 -> BASS2DAN -> Program	BAS:Adam 2++	
Best Service	The Best of Gigapack 1 & 2	CD 1 -> BASS2DAN -> Program	BAS:Adams Bass	
Best Service	The Best of Gigapack 1 & 2	CD 1 -> BASS2DAN -> Program	BAS:Ana-Bass 1	
Best Service	The Best of Gigapack 1 & 2	CD 1 -> BASS2DAN -> Program	BAS:Analog  4	
Best Service	The Best of Gigapack 1 & 2	CD 1 -> BASS2DAN -> Program	BAS:Analog World	
Best Service	The Best of Gigapack 1 & 2	CD 1 -> BASS2DAN -> Program	BAS:ARP-Bass	
Best Service	The Best of Gigapack 1 & 2	CD 1 -> BASS2DAN -> Program	BAS:Bass 1000	
Best Service	The Best of Gigapack 1 & 2	CD 1 -> BASS2DAN -> Program	BAS:Bass1 K-2000	
Best Service	The Best of Gigapack 1 & 2	CD 1 -> BASS2DAN -> Program	BAS:Bass2 K-2000	
Best Service	The Best of Gigapack 1 & 2	CD 1 -> BASS2DAN -> Program	BAS:Body-Jack	
Best Service	The Best of Gigapack 1 & 2	CD 1 -> BASS2DAN -> Program	BAS:Boys-Bass	
Best Service	The Best of Gigapack 1 & 2	CD 1 -> BASS2DAN -> Program	BAS:BrightClick	
Best Service	The Best of Gigapack 1 & 2	CD 1 -> BASS2DAN -> Program	BAS:Click Bass	
Best Service	The Best of Gigapack 1 & 2	CD 1 -> BASS2DAN -> Program	BAS:Croma Bass	
Best Service	The Best of Gigapack 1 & 2	CD 1 -> BASS2DAN -> Program	BAS:D.Mode 1	
Best Service	The Best of Gigapack 1 & 2	CD 1 -> BASS2DAN -> Program	BAS:Dance 777	
Best Service	The Best of Gigapack 1 & 2	CD 1 -> BASS2DAN -> Program	BAS:Dance-Bass	
Best Service	The Best of Gigapack 1 & 2	CD 1 -> BASS2DAN -> Program	BAS:Delay BA 1	
Best Service	The Best of Gigapack 1 & 2	CD 1 -> BASS2DAN -> Program	BAS:Dr.Alcan	
Best Service	The Best of Gigapack 1 & 2	CD 1 -> BASS2DAN -> Program	BAS:Dr.House	
Best Service	The Best of Gigapack 1 & 2	CD 1 -> BASS2DAN -> Program	BAS:DX+Noise	
Best Service	The Best of Gigapack 1 & 2	CD 1 -> BASS2DAN -> Program	BAS:FilterSquare	
Best Service	The Best of Gigapack 1 & 2	CD 1 -> BASS2DAN -> Program	BAS:FM - Multi	
Best Service	The Best of Gigapack 1 & 2	CD 1 -> BASS2DAN -> Program	BAS:Hard Bass	
Best Service	The Best of Gigapack 1 & 2	CD 1 -> BASS2DAN -> Program	BAS:High & Low	
Best Service	The Best of Gigapack 1 & 2	CD 1 -> BASS2DAN -> Program	BAS:Hot-st-Bass	
Best Service	The Best of Gigapack 1 & 2	CD 1 -> BASS2DAN -> Program	BAS:I like you	
Best Service	The Best of Gigapack 1 & 2	CD 1 -> BASS2DAN -> Program	BAS:Juno 6 Bass	
Best Service	The Best of Gigapack 1 & 2	CD 1 -> BASS2DAN -> Sample	BAS:4-Dance	
Best Service	The Best of Gigapack 1 & 2	CD 1 -> BASS2DAN -> Sample	BAS:577N	
Best Service	The Best of Gigapack 1 & 2	CD 1 -> BASS2DAN -> Sample	BAS:Bass Moogy 6	
Best Service	The Best of Gigapack 1 & 2	CD 1 -> BASS2DAN -> Sample	BAS:Bass Madonna	
Best Service	The Best of Gigapack 1 & 2	CD 1 -> BASS2DAN -> Sample	BAS:Bass+Adam+2	
Best Service	The Best of Gigapack 1 & 2	CD 1 -> BASS2DAN -> Sample	BAS:Adams Fami	
Best Service	The Best of Gigapack 1 & 2	CD 1 -> BASS2DAN -> Sample	BAS:pra~	
Best Service	The Best of Gigapack 1 & 2	CD 1 -> BASS2DAN -> Sample	BAS:Jupiter 8  9	
Best Service	The Best of Gigapack 1 & 2	CD 1 -> BASS2DAN -> Sample	BAS:Anawelt	
Best Service	The Best of Gigapack 1 & 2	CD 1 -> BASS2DAN -> Sample	BAS:MixMoog6	
Best Service	The Best of Gigapack 1 & 2	CD 1 -> BASS2DAN -> Sample	BAS:SynthBA734	
Best Service	The Best of Gigapack 1 & 2	CD 1 -> BASS2DAN -> Sample	BAS:K-200047.1	
Best Service	The Best of Gigapack 1 & 2	CD 1 -> BASS2DAN -> Sample	BAS:K-200047.4	
Best Service	The Best of Gigapack 1 & 2	CD 1 -> BASS2DAN -> Sample	BAS:K-200047.7	
Best Service	The Best of Gigapack 1 & 2	CD 1 -> BASS2DAN -> Sample	BAS:K-200047.8	
Best Service	The Best of Gigapack 1 & 2	CD 1 -> BASS2DAN -> Sample	BAS:K-20004710	
Best Service	The Best of Gigapack 1 & 2	CD 1 -> BASS2DAN -> Sample	BAS:K-200048.1	
Best Service	The Best of Gigapack 1 & 2	CD 1 -> BASS2DAN -> Sample	BAS:K-200048.3	
Best Service	The Best of Gigapack 1 & 2	CD 1 -> BASS2DAN -> Sample	BAS:K-200048.5	
Best Service	The Best of Gigapack 1 & 2	CD 1 -> BASS2DAN -> Sample	BAS:K-200048.7	
Best Service	The Best of Gigapack 1 & 2	CD 1 -> BASS2DAN -> Sample	BAS:K-200048.9	
Best Service	The Best of Gigapack 1 & 2	CD 1 -> BASS2DAN -> Sample	BAS:Body-Check	
Best Service	The Best of Gigapack 1 & 2	CD 1 -> BASS2DAN -> Sample	BAS:Boys-Bass	
Best Service	The Best of Gigapack 1 & 2	CD 1 -> BASS2DAN -> Sample	BAS:47ddf	
Best Service	The Best of Gigapack 1 & 2	CD 1 -> BASS2DAN -> Sample	BAS:Click2	
Best Service	The Best of Gigapack 1 & 2	CD 1 -> BASS2DAN -> Sample	BAS:Croma C 1	
Best Service	The Best of Gigapack 1 & 2	CD 1 -> BASS2DAN -> Sample	BAS:Croma D#2	
Best Service	The Best of Gigapack 1 & 2	CD 1 -> BASS2DAN -> Sample	BAS:Croma F 2	
Best Service	The Best of Gigapack 1 & 2	CD 1 -> BASS2DAN -> Sample	BAS:Croma G#2	
Best Service	The Best of Gigapack 1 & 2	CD 1 -> BASS2DAN -> Sample	BAS:Croma D 3	
Best Service	The Best of Gigapack 1 & 2	CD 1 -> BASS2DAN -> Sample	BAS:Croma F3	
Best Service	The Best of Gigapack 1 & 2	CD 1 -> BASS2DAN -> Sample	BAS:Croma A 3	
Best Service	The Best of Gigapack 1 & 2	CD 1 -> BASS2DAN -> Sample	BAS:Bass D.M. 1	
Best Service	The Best of Gigapack 1 & 2	CD 1 -> BASS2DAN -> Sample	BAS:Dance777	
Best Service	The Best of Gigapack 1 & 2	CD 1 -> BASS2DAN -> Sample	BAS:D15	
Best Service	The Best of Gigapack 1 & 2	CD 1 -> BASS2DAN -> Sample	BAS:BASS 17.42	
Best Service	The Best of Gigapack 1 & 2	CD 1 -> BASS2DAN -> Sample	BAS:BASS 17.43	
Best Service	The Best of Gigapack 1 & 2	CD 1 -> BASS2DAN -> Sample	BAS:Dr.Alcan2	
Best Service	The Best of Gigapack 1 & 2	CD 1 -> BASS2DAN -> Sample	BAS:Dr.Alcan	
Best Service	The Best of Gigapack 1 & 2	CD 1 -> BASS2DAN -> Sample	BAS:Dr.Alcan3	
Best Service	The Best of Gigapack 1 & 2	CD 1 -> BASS2DAN -> Sample	BAS:Dr.Alcan4	
Best Service	The Best of Gigapack 1 & 2	CD 1 -> BASS2DAN -> Sample	BAS:Dr.House	
Best Service	The Best of Gigapack 1 & 2	CD 1 -> BASS2DAN -> Sample	BAS:DX  7 ADS	
Best Service	The Best of Gigapack 1 & 2	CD 1 -> BASS2DAN -> Sample	BAS:Bassy45	
Best Service	The Best of Gigapack 1 & 2	CD 1 -> BASS2DAN -> Sample	BAS:FM1+	
Best Service	The Best of Gigapack 1 & 2	CD 1 -> BASS2DAN -> Sample	BAS:FM2+	
Best Service	The Best of Gigapack 1 & 2	CD 1 -> BASS2DAN -> Sample	BAS:FM3+	
Best Service	The Best of Gigapack 1 & 2	CD 1 -> BASS2DAN -> Sample	BAS:FM4+	
Best Service	The Best of Gigapack 1 & 2	CD 1 -> BASS2DAN -> Sample	BAS:FM5+	
Best Service	The Best of Gigapack 1 & 2	CD 1 -> BASS2DAN -> Sample	BAS:Hard Bass	
Best Service	The Best of Gigapack 1 & 2	CD 1 -> BASS2DAN -> Sample	BAS:High&Low	
Best Service	The Best of Gigapack 1 & 2	CD 1 -> BASS2DAN -> Sample	BAS:LowWave	
Best Service	The Best of Gigapack 1 & 2	CD 1 -> BASS2DAN -> Sample	BAS:Hot 23	
Best Service	The Best of Gigapack 1 & 2	CD 1 -> BASS2DAN -> Sample	BAS:I like you	
Best Service	The Best of Gigapack 1 & 2	CD 1 -> BASS2DAN -> Sample	BAS:JuBs1 C2	
Best Service	The Best of Gigapack 1 & 2	CD 1 -> BASS2DAN -> Sample	BAS:JuBs1 C3	
Best Service	The Best of Gigapack 1 & 2	CD 1 -> BASS3DAN -> Program	BAS:Jupp 2	
Best Service	The Best of Gigapack 1 & 2	CD 1 -> BASS3DAN -> Program	BAS:KillerBass	
Best Service	The Best of Gigapack 1 & 2	CD 1 -> BASS3DAN -> Program	BAS:Kraftwerk	
Best Service	The Best of Gigapack 1 & 2	CD 1 -> BASS3DAN -> Program	BAS:Limit-Bass	
Best Service	The Best of Gigapack 1 & 2	CD 1 -> BASS3DAN -> Program	BAS:Low Bass	
Best Service	The Best of Gigapack 1 & 2	CD 1 -> BASS3DAN -> Program	BAS:Low VFX	
Best Service	The Best of Gigapack 1 & 2	CD 1 -> BASS3DAN -> Program	BAS:MaxiSynBass	
Best Service	The Best of Gigapack 1 & 2	CD 1 -> BASS3DAN -> Program	BAS:Minimoog   1	
Best Service	The Best of Gigapack 1 & 2	CD 1 -> BASS3DAN -> Program	BAS:Mix-Bass 001	
Best Service	The Best of Gigapack 1 & 2	CD 1 -> BASS3DAN -> Program	BAS:MKS-80   1	
Best Service	The Best of Gigapack 1 & 2	CD 1 -> BASS3DAN -> Program	BAS:MKS-Multi	
Best Service	The Best of Gigapack 1 & 2	CD 1 -> BASS3DAN -> Program	BAS:Moog 9	
Best Service	The Best of Gigapack 1 & 2	CD 1 -> BASS3DAN -> Program	BAS:Moogy 2	
Best Service	The Best of Gigapack 1 & 2	CD 1 -> BASS3DAN -> Program	BAS:Move Bass	
Best Service	The Best of Gigapack 1 & 2	CD 1 -> BASS3DAN -> Program	BAS:Mr. Jupit	
Best Service	The Best of Gigapack 1 & 2	CD 1 -> BASS3DAN -> Program	BAS:Mr. Smith	
Best Service	The Best of Gigapack 1 & 2	CD 1 -> BASS3DAN -> Program	BAS:MultiPoly	
Best Service	The Best of Gigapack 1 & 2	CD 1 -> BASS3DAN -> Program	BAS:Nice and low	
Best Service	The Best of Gigapack 1 & 2	CD 1 -> BASS3DAN -> Program	BAS:PinkStreched	
Best Service	The Best of Gigapack 1 & 2	CD 1 -> BASS3DAN -> Program	BAS:Pitch Bass	
Best Service	The Best of Gigapack 1 & 2	CD 1 -> BASS3DAN -> Program	BAS:Poly-Moog	
Best Service	The Best of Gigapack 1 & 2	CD 1 -> BASS3DAN -> Program	BAS:Pro-Five	
Best Service	The Best of Gigapack 1 & 2	CD 1 -> BASS3DAN -> Program	BAS:Prophet Five	
Best Service	The Best of Gigapack 1 & 2	CD 1 -> BASS3DAN -> Program	BAS:Reso-Bass1	
Best Service	The Best of Gigapack 1 & 2	CD 1 -> BASS3DAN -> Program	BAS:Reso-Bass2	
Best Service	The Best of Gigapack 1 & 2	CD 1 -> BASS3DAN -> Program	BAS:ReZo Bass	
Best Service	The Best of Gigapack 1 & 2	CD 1 -> BASS3DAN -> Program	BAS:Sample-Bass	
Best Service	The Best of Gigapack 1 & 2	CD 1 -> BASS3DAN -> Program	BAS:Seqqqqquence	
Best Service	The Best of Gigapack 1 & 2	CD 1 -> BASS3DAN -> Program	BAS:Sequen.-Beat	
Best Service	The Best of Gigapack 1 & 2	CD 1 -> BASS3DAN -> Program	BAS:SH-101 Bass	
Best Service	The Best of Gigapack 1 & 2	CD 1 -> BASS3DAN -> Program	BAS:Shame Bass 1	
Best Service	The Best of Gigapack 1 & 2	CD 1 -> BASS3DAN -> Program	BAS:Snatch Bass	
Best Service	The Best of Gigapack 1 & 2	CD 1 -> BASS3DAN -> Sample	BAS:Jupiter 8  2	
Best Service	The Best of Gigapack 1 & 2	CD 1 -> BASS3DAN -> Sample	BAS:Jupiter 8 10	
Best Service	The Best of Gigapack 1 & 2	CD 1 -> BASS3DAN -> Sample	BAS:.DanceWild	
Best Service	The Best of Gigapack 1 & 2	CD 1 -> BASS3DAN -> Sample	BAS:Bass Kraft 1	
Best Service	The Best of Gigapack 1 & 2	CD 1 -> BASS3DAN -> Sample	BAS:Limit	
Best Service	The Best of Gigapack 1 & 2	CD 1 -> BASS3DAN -> Sample	BAS:B     1 C2	
Best Service	The Best of Gigapack 1 & 2	CD 1 -> BASS3DAN -> Sample	BAS:ADS  VFX	
Best Service	The Best of Gigapack 1 & 2	CD 1 -> BASS3DAN -> Sample	BAS:MaxiSynBas	
Best Service	The Best of Gigapack 1 & 2	CD 1 -> BASS3DAN -> Sample	BAS:Minimoog   7	
Best Service	The Best of Gigapack 1 & 2	CD 1 -> BASS3DAN -> Sample	BAS:Ana100     8	
Best Service	The Best of Gigapack 1 & 2	CD 1 -> BASS3DAN -> Sample	BAS:Jupiter 8  4	
Best Service	The Best of Gigapack 1 & 2	CD 1 -> BASS3DAN -> Sample	BAS:MK a	
Best Service	The Best of Gigapack 1 & 2	CD 1 -> BASS3DAN -> Sample	BAS:MK b	
Best Service	The Best of Gigapack 1 & 2	CD 1 -> BASS3DAN -> Sample	BAS:MK c	
Best Service	The Best of Gigapack 1 & 2	CD 1 -> BASS3DAN -> Sample	BAS:MK d	
Best Service	The Best of Gigapack 1 & 2	CD 1 -> BASS3DAN -> Sample	BAS:MK e	
Best Service	The Best of Gigapack 1 & 2	CD 1 -> BASS3DAN -> Sample	BAS:Minimoog   2	
Best Service	The Best of Gigapack 1 & 2	CD 1 -> BASS3DAN -> Sample	BAS:Minimoog   9	
Best Service	The Best of Gigapack 1 & 2	CD 1 -> BASS3DAN -> Sample	BAS:Bass Moogy 5	
Best Service	The Best of Gigapack 1 & 2	CD 1 -> BASS3DAN -> Sample	BAS:Moveme	
Best Service	The Best of Gigapack 1 & 2	CD 1 -> BASS3DAN -> Sample	BAS:Jupiter 8 17	
Best Service	The Best of Gigapack 1 & 2	CD 1 -> BASS3DAN -> Sample	BAS:Mr.Smith	
Best Service	The Best of Gigapack 1 & 2	CD 1 -> BASS3DAN -> Sample	BAS:Ws14	
Best Service	The Best of Gigapack 1 & 2	CD 1 -> BASS3DAN -> Sample	BAS:Ws15	
Best Service	The Best of Gigapack 1 & 2	CD 1 -> BASS3DAN -> Sample	BAS:Ws16	
Best Service	The Best of Gigapack 1 & 2	CD 1 -> BASS3DAN -> Sample	BAS:Ws17	
Best Service	The Best of Gigapack 1 & 2	CD 1 -> BASS3DAN -> Sample	BAS:Ws18	
Best Service	The Best of Gigapack 1 & 2	CD 1 -> BASS3DAN -> Sample	BAS:Top	
Best Service	The Best of Gigapack 1 & 2	CD 1 -> BASS3DAN -> Sample	BAS:Bass Pinkstr	
Best Service	The Best of Gigapack 1 & 2	CD 1 -> BASS3DAN -> Sample	BAS:Pitch Bass	
Best Service	The Best of Gigapack 1 & 2	CD 1 -> BASS3DAN -> Sample	BAS:O-Ba1	
Best Service	The Best of Gigapack 1 & 2	CD 1 -> BASS3DAN -> Sample	BAS:O-Ba2	
Best Service	The Best of Gigapack 1 & 2	CD 1 -> BASS3DAN -> Sample	BAS:Pro 5     15	
Best Service	The Best of Gigapack 1 & 2	CD 1 -> BASS3DAN -> Sample	BAS:Prophet5 F2	
Best Service	The Best of Gigapack 1 & 2	CD 1 -> BASS3DAN -> Sample	BAS:Prophet5 C3	
Best Service	The Best of Gigapack 1 & 2	CD 1 -> BASS3DAN -> Sample	BAS:Prophet5 F3	
Best Service	The Best of Gigapack 1 & 2	CD 1 -> BASS3DAN -> Sample	BAS:Ana26	
Best Service	The Best of Gigapack 1 & 2	CD 1 -> BASS3DAN -> Sample	BAS:House hh11	
Best Service	The Best of Gigapack 1 & 2	CD 1 -> BASS3DAN -> Sample	BAS:reso78	
Best Service	The Best of Gigapack 1 & 2	CD 1 -> BASS3DAN -> Sample	BAS:Sampl-Bass	
Best Service	The Best of Gigapack 1 & 2	CD 1 -> BASS3DAN -> Sample	BAS:Seqqqqquen	
Best Service	The Best of Gigapack 1 & 2	CD 1 -> BASS3DAN -> Sample	BAS:Seq  Beat	
Best Service	The Best of Gigapack 1 & 2	CD 1 -> BASS3DAN -> Sample	BAS:SH-101     2	
Best Service	The Best of Gigapack 1 & 2	CD 1 -> BASS3DAN -> Sample	BAS:ShameBass1	
Best Service	The Best of Gigapack 1 & 2	CD 1 -> BASS3DAN -> Sample	BAS:Snatch 1	
Best Service	The Best of Gigapack 1 & 2	CD 1 -> BASS3DAN -> Sample	BAS:Snatch 2	
Best Service	The Best of Gigapack 1 & 2	CD 1 -> BASS3DAN -> Sample	BAS:Snatch 3	
Best Service	The Best of Gigapack 1 & 2	CD 1 -> BASS4DAN -> Program	BAS:Squaaare X	
Best Service	The Best of Gigapack 1 & 2	CD 1 -> BASS4DAN -> Program	BAS:SY BassSynth	
Best Service	The Best of Gigapack 1 & 2	CD 1 -> BASS4DAN -> Program	BAS:SynBass 1	
Best Service	The Best of Gigapack 1 & 2	CD 1 -> BASS4DAN -> Program	BAS:System 100	
Best Service	The Best of Gigapack 1 & 2	CD 1 -> BASS4DAN -> Program	BAS:TB 404	
Best Service	The Best of Gigapack 1 & 2	CD 1 -> BASS4DAN -> Program	BAS:TB Gwuiieek	
Best Service	The Best of Gigapack 1 & 2	CD 1 -> BASS4DAN -> Program	BAS:TBC Bass	
Best Service	The Best of Gigapack 1 & 2	CD 1 -> BASS4DAN -> Program	BAS:Tealite	
Best Service	The Best of Gigapack 1 & 2	CD 1 -> BASS4DAN -> Program	BAS:Techno-Bass	
Best Service	The Best of Gigapack 1 & 2	CD 1 -> BASS4DAN -> Program	BAS:Techno-Tron	
Best Service	The Best of Gigapack 1 & 2	CD 1 -> BASS4DAN -> Program	BAS:Tief Hall	
Best Service	The Best of Gigapack 1 & 2	CD 1 -> BASS4DAN -> Program	BAS:Two Lovers	
Best Service	The Best of Gigapack 1 & 2	CD 1 -> BASS4DAN -> Program	BAS:Under World	
Best Service	The Best of Gigapack 1 & 2	CD 1 -> BASS4DAN -> Program	BAS:Velo Moog 1	
Best Service	The Best of Gigapack 1 & 2	CD 1 -> BASS4DAN -> Program	BAS:Vier-Eck	
Best Service	The Best of Gigapack 1 & 2	CD 1 -> BASS4DAN -> Program	BAS:Wiggle Bass	
Best Service	The Best of Gigapack 1 & 2	CD 1 -> BASS4DAN -> Program	BAS:X-Pander 1	
Best Service	The Best of Gigapack 1 & 2	CD 1 -> BASS4DAN -> Program	BAS:X-Square	
Best Service	The Best of Gigapack 1 & 2	CD 1 -> BASS4DAN -> Program	BAS:Xylo Bass	
Best Service	The Best of Gigapack 1 & 2	CD 1 -> BASS4DAN -> Program	BAS:Zoing Bass 2	
Best Service	The Best of Gigapack 1 & 2	CD 1 -> BASS4DAN -> Sample	BAS:Squaaare2	
Best Service	The Best of Gigapack 1 & 2	CD 1 -> BASS4DAN -> Sample	BAS:LowWave;;	
Best Service	The Best of Gigapack 1 & 2	CD 1 -> BASS4DAN -> Sample	BAS:SY BassSyn1	
Best Service	The Best of Gigapack 1 & 2	CD 1 -> BASS4DAN -> Sample	BAS:SY BassSyn2	
Best Service	The Best of Gigapack 1 & 2	CD 1 -> BASS4DAN -> Sample	BAS:SY BassSyn3	
Best Service	The Best of Gigapack 1 & 2	CD 1 -> BASS4DAN -> Sample	BAS:ADS ?  1	
Best Service	The Best of Gigapack 1 & 2	CD 1 -> BASS4DAN -> Sample	BAS:Sys100  7	
Best Service	The Best of Gigapack 1 & 2	CD 1 -> BASS4DAN -> Sample	BAS:TB 404	
Best Service	The Best of Gigapack 1 & 2	CD 1 -> BASS4DAN -> Sample	BAS:TB Gwuiieek2	
Best Service	The Best of Gigapack 1 & 2	CD 1 -> BASS4DAN -> Sample	BAS:TB Gwuiieek	
Best Service	The Best of Gigapack 1 & 2	CD 1 -> BASS4DAN -> Sample	BAS:Mix Moog	
Best Service	The Best of Gigapack 1 & 2	CD 1 -> BASS4DAN -> Sample	BAS:Tealite1	
Best Service	The Best of Gigapack 1 & 2	CD 1 -> BASS4DAN -> Sample	BAS:Tealite2	
Best Service	The Best of Gigapack 1 & 2	CD 1 -> BASS4DAN -> Sample	BAS:Tealite3	
Best Service	The Best of Gigapack 1 & 2	CD 1 -> BASS4DAN -> Sample	BAS:Tealite4	
Best Service	The Best of Gigapack 1 & 2	CD 1 -> BASS4DAN -> Sample	BAS:tchn	
Best Service	The Best of Gigapack 1 & 2	CD 1 -> BASS4DAN -> Sample	BAS:Bass Technot	
Best Service	The Best of Gigapack 1 & 2	CD 1 -> BASS4DAN -> Sample	BAS:Bass tiefREV	
Best Service	The Best of Gigapack 1 & 2	CD 1 -> BASS4DAN -> Sample	BAS:One love	
Best Service	The Best of Gigapack 1 & 2	CD 1 -> BASS4DAN -> Sample	BAS:Speakerkil	
Best Service	The Best of Gigapack 1 & 2	CD 1 -> BASS4DAN -> Sample	BAS:loop1	
Best Service	The Best of Gigapack 1 & 2	CD 1 -> BASS4DAN -> Sample	BAS:loop2	
Best Service	The Best of Gigapack 1 & 2	CD 1 -> BASS4DAN -> Sample	BAS:loop3	
Best Service	The Best of Gigapack 1 & 2	CD 1 -> BASS4DAN -> Sample	BAS:Viereck	
Best Service	The Best of Gigapack 1 & 2	CD 1 -> BASS4DAN -> Sample	BAS:Wiggle it	
Best Service	The Best of Gigapack 1 & 2	CD 1 -> BASS4DAN -> Sample	BAS:X-Pander   2	
Best Service	The Best of Gigapack 1 & 2	CD 1 -> BASS4DAN -> Sample	BAS:XsqBa1	
Best Service	The Best of Gigapack 1 & 2	CD 1 -> BASS4DAN -> Sample	BAS:B an 9	
Best Service	The Best of Gigapack 1 & 2	CD 1 -> BASS4DAN -> Sample	BAS:Zoing Bas2	
Best Service	The Best of Gigapack 1 & 2	CD 1 -> BAS1SYN -> Program	BAS:Mini-Moog  1	
Best Service	The Best of Gigapack 1 & 2	CD 1 -> BAS1SYN -> Program	BAS:Mini-Moog  4	
Best Service	The Best of Gigapack 1 & 2	CD 1 -> BAS1SYN -> Program	BAS:Mini-Moog  5	
Best Service	The Best of Gigapack 1 & 2	CD 1 -> BAS1SYN -> Program	BAS:Mini-Moog  6	
Best Service	The Best of Gigapack 1 & 2	CD 1 -> BAS1SYN -> Program	BAS:Mini-Moog  7	
Best Service	The Best of Gigapack 1 & 2	CD 1 -> BAS1SYN -> Program	BAS:Mini-Moog 11	
Best Service	The Best of Gigapack 1 & 2	CD 1 -> BAS1SYN -> Program	BAS:Mini-Moog 12	
Best Service	The Best of Gigapack 1 & 2	CD 1 -> BAS1SYN -> Sample	BAS:Mini 13.01	
Best Service	The Best of Gigapack 1 & 2	CD 1 -> BAS1SYN -> Sample	BAS:Mini 13.01AB	
Best Service	The Best of Gigapack 1 & 2	CD 1 -> BAS1SYN -> Sample	BAS:Mini 13.01AC	
Best Service	The Best of Gigapack 1 & 2	CD 1 -> BAS1SYN -> Sample	BAS:Mini 13.01AD	
Best Service	The Best of Gigapack 1 & 2	CD 1 -> BAS1SYN -> Sample	BAS:Mini 13.01AE	
Best Service	The Best of Gigapack 1 & 2	CD 1 -> BAS1SYN -> Sample	BAS:Mini 13.01AF	
Best Service	The Best of Gigapack 1 & 2	CD 1 -> BAS1SYN -> Sample	BAS:Mini 13.01AG	
Best Service	The Best of Gigapack 1 & 2	CD 1 -> BAS1SYN -> Sample	BAS:Mini 13.01AH	
Best Service	The Best of Gigapack 1 & 2	CD 1 -> BAS1SYN -> Sample	BAS:Mini 13.01AI	
Best Service	The Best of Gigapack 1 & 2	CD 1 -> BAS1SYN -> Sample	BAS:Mini 04.01b	
Best Service	The Best of Gigapack 1 & 2	CD 1 -> BAS1SYN -> Sample	BAS:Mini 04.02b	
Best Service	The Best of Gigapack 1 & 2	CD 1 -> BAS1SYN -> Sample	BAS:Mini 04.03a	
Best Service	The Best of Gigapack 1 & 2	CD 1 -> BAS1SYN -> Sample	BAS:Mini 04.04b	
Best Service	The Best of Gigapack 1 & 2	CD 1 -> BAS1SYN -> Sample	BAS:Mini 04.05a	
Best Service	The Best of Gigapack 1 & 2	CD 1 -> BAS1SYN -> Sample	BAS:Mini 04.06a	
Best Service	The Best of Gigapack 1 & 2	CD 1 -> BAS1SYN -> Sample	BAS:Mini 04.07b	
Best Service	The Best of Gigapack 1 & 2	CD 1 -> BAS1SYN -> Sample	BAS:Mini 04.08b	
Best Service	The Best of Gigapack 1 & 2	CD 1 -> BAS1SYN -> Sample	BAS:Mini 05.01b	
Best Service	The Best of Gigapack 1 & 2	CD 1 -> BAS1SYN -> Sample	BAS:Mini 05.02a	
Best Service	The Best of Gigapack 1 & 2	CD 1 -> BAS1SYN -> Sample	BAS:Mini 05.03a	
Best Service	The Best of Gigapack 1 & 2	CD 1 -> BAS1SYN -> Sample	BAS:Mini 05.04a	
Best Service	The Best of Gigapack 1 & 2	CD 1 -> BAS1SYN -> Sample	BAS:Mini 05.05a	
Best Service	The Best of Gigapack 1 & 2	CD 1 -> BAS1SYN -> Sample	BAS:Mini 05.06a	
Best Service	The Best of Gigapack 1 & 2	CD 1 -> BAS1SYN -> Sample	BAS:Mini 05.07b	
Best Service	The Best of Gigapack 1 & 2	CD 1 -> BAS1SYN -> Sample	BAS:Mini 05.08a	
Best Service	The Best of Gigapack 1 & 2	CD 1 -> BAS1SYN -> Sample	BAS:Mini 06.01a	
Best Service	The Best of Gigapack 1 & 2	CD 1 -> BAS1SYN -> Sample	BAS:Mini 06.02a	
Best Service	The Best of Gigapack 1 & 2	CD 1 -> BAS1SYN -> Sample	BAS:Mini 06.03b	
Best Service	The Best of Gigapack 1 & 2	CD 1 -> BAS1SYN -> Sample	BAS:Mini 06.04a	
Best Service	The Best of Gigapack 1 & 2	CD 1 -> BAS1SYN -> Sample	BAS:Mini 06.05b	
Best Service	The Best of Gigapack 1 & 2	CD 1 -> BAS1SYN -> Sample	BAS:Mini 06.06a	
Best Service	The Best of Gigapack 1 & 2	CD 1 -> BAS1SYN -> Sample	BAS:Mini 06.07b	
Best Service	The Best of Gigapack 1 & 2	CD 1 -> BAS1SYN -> Sample	BAS:Mini 03.01b	
Best Service	The Best of Gigapack 1 & 2	CD 1 -> BAS1SYN -> Sample	BAS:Mini 03.02a	
Best Service	The Best of Gigapack 1 & 2	CD 1 -> BAS1SYN -> Sample	BAS:Mini 03.03a	
Best Service	The Best of Gigapack 1 & 2	CD 1 -> BAS1SYN -> Sample	BAS:Mini 03.04a	
Best Service	The Best of Gigapack 1 & 2	CD 1 -> BAS1SYN -> Sample	BAS:Mini 03.05b	
Best Service	The Best of Gigapack 1 & 2	CD 1 -> BAS1SYN -> Sample	BAS:Mini 03.06a	
Best Service	The Best of Gigapack 1 & 2	CD 1 -> BAS1SYN -> Sample	BAS:Mini 03.07b	
Best Service	The Best of Gigapack 1 & 2	CD 1 -> BAS1SYN -> Sample	BAS:Mini 03.08b	
Best Service	The Best of Gigapack 1 & 2	CD 1 -> BAS1SYN -> Sample	BAS:Mini 11.01a	
Best Service	The Best of Gigapack 1 & 2	CD 1 -> BAS1SYN -> Sample	BAS:Mini 11.02a	
Best Service	The Best of Gigapack 1 & 2	CD 1 -> BAS1SYN -> Sample	BAS:Mini 11.03a	
Best Service	The Best of Gigapack 1 & 2	CD 1 -> BAS1SYN -> Sample	BAS:Mini 11.04a	
Best Service	The Best of Gigapack 1 & 2	CD 1 -> BAS1SYN -> Sample	BAS:Mini 11.05a	
Best Service	The Best of Gigapack 1 & 2	CD 1 -> BAS1SYN -> Sample	BAS:Mini 11.06b	
Best Service	The Best of Gigapack 1 & 2	CD 1 -> BAS1SYN -> Sample	BAS:Mini 11.07a	
Best Service	The Best of Gigapack 1 & 2	CD 1 -> BAS1SYN -> Sample	BAS:Mini 11.08a	
Best Service	The Best of Gigapack 1 & 2	CD 1 -> BAS1SYN -> Sample	BAS:Mini 01.01b	
Best Service	The Best of Gigapack 1 & 2	CD 1 -> BAS1SYN -> Sample	BAS:Mini 01.02a	
Best Service	The Best of Gigapack 1 & 2	CD 1 -> BAS1SYN -> Sample	BAS:Mini 01.03a	
Best Service	The Best of Gigapack 1 & 2	CD 1 -> BAS1SYN -> Sample	BAS:Mini 01.04a	
Best Service	The Best of Gigapack 1 & 2	CD 1 -> BAS1SYN -> Sample	BAS:Mini 01.05a	
Best Service	The Best of Gigapack 1 & 2	CD 1 -> BAS1SYN -> Sample	BAS:Mini 01.06a	
Best Service	The Best of Gigapack 1 & 2	CD 1 -> BAS1SYN -> Sample	BAS:Mini 01.07a	
Best Service	The Best of Gigapack 1 & 2	CD 1 -> BAS1SYN -> Sample	BAS:Mini 01.08a	
Best Service	The Best of Gigapack 1 & 2	CD 1 -> BAS2SYN -> Program	BAS:SH-101   1	
Best Service	The Best of Gigapack 1 & 2	CD 1 -> BAS2SYN -> Program	BAS:SH-101   2	
Best Service	The Best of Gigapack 1 & 2	CD 1 -> BAS2SYN -> Program	BAS:SH-101   4	
Best Service	The Best of Gigapack 1 & 2	CD 1 -> BAS2SYN -> Program	BAS:SH-101   5	
Best Service	The Best of Gigapack 1 & 2	CD 1 -> BAS2SYN -> Program	BAS:SH-101   6	
Best Service	The Best of Gigapack 1 & 2	CD 1 -> BAS2SYN -> Program	BAS:SH-101   7	
Best Service	The Best of Gigapack 1 & 2	CD 1 -> BAS2SYN -> Sample	BAS:SH-101 01.01	
Best Service	The Best of Gigapack 1 & 2	CD 1 -> BAS2SYN -> Sample	BAS:SH-101 01.02	
Best Service	The Best of Gigapack 1 & 2	CD 1 -> BAS2SYN -> Sample	BAS:SH-101 01.03	
Best Service	The Best of Gigapack 1 & 2	CD 1 -> BAS2SYN -> Sample	BAS:SH-101 01.04	
Best Service	The Best of Gigapack 1 & 2	CD 1 -> BAS2SYN -> Sample	BAS:SH-101 01.05	
Best Service	The Best of Gigapack 1 & 2	CD 1 -> BAS2SYN -> Sample	BAS:SH-101 01.06	
Best Service	The Best of Gigapack 1 & 2	CD 1 -> BAS2SYN -> Sample	BAS:SH-101 01.07	
Best Service	The Best of Gigapack 1 & 2	CD 1 -> BAS2SYN -> Sample	BAS:SH-101 01.08	
Best Service	The Best of Gigapack 1 & 2	CD 1 -> BAS2SYN -> Sample	BAS:SH-101 01.09	
Best Service	The Best of Gigapack 1 & 2	CD 1 -> BAS2SYN -> Sample	BAS:SH-101 02.01	
Best Service	The Best of Gigapack 1 & 2	CD 1 -> BAS2SYN -> Sample	BAS:SH-101 02.02	
Best Service	The Best of Gigapack 1 & 2	CD 1 -> BAS2SYN -> Sample	BAS:SH-101 02.03	
Best Service	The Best of Gigapack 1 & 2	CD 1 -> BAS2SYN -> Sample	BAS:SH-101 02.04	
Best Service	The Best of Gigapack 1 & 2	CD 1 -> BAS2SYN -> Sample	BAS:SH-101 02.05	
Best Service	The Best of Gigapack 1 & 2	CD 1 -> BAS2SYN -> Sample	BAS:SH-101 02.06	
Best Service	The Best of Gigapack 1 & 2	CD 1 -> BAS2SYN -> Sample	BAS:SH-101 02.07	
Best Service	The Best of Gigapack 1 & 2	CD 1 -> BAS2SYN -> Sample	BAS:SH-101 02.08	
Best Service	The Best of Gigapack 1 & 2	CD 1 -> BAS2SYN -> Sample	BAS:SH-101 02.09	
Best Service	The Best of Gigapack 1 & 2	CD 1 -> BAS2SYN -> Sample	BAS:SH-101 09.01	
Best Service	The Best of Gigapack 1 & 2	CD 1 -> BAS2SYN -> Sample	BAS:SH-101 09.02	
Best Service	The Best of Gigapack 1 & 2	CD 1 -> BAS2SYN -> Sample	BAS:SH-101 09.03	
Best Service	The Best of Gigapack 1 & 2	CD 1 -> BAS2SYN -> Sample	BAS:SH-101 09.04	
Best Service	The Best of Gigapack 1 & 2	CD 1 -> BAS2SYN -> Sample	BAS:SH-101 09.05	
Best Service	The Best of Gigapack 1 & 2	CD 1 -> BAS2SYN -> Sample	BAS:SH-101 09.06	
Best Service	The Best of Gigapack 1 & 2	CD 1 -> BAS2SYN -> Sample	BAS:SH-101 09.07	
Best Service	The Best of Gigapack 1 & 2	CD 1 -> BAS2SYN -> Sample	BAS:SH-101 09.08	
Best Service	The Best of Gigapack 1 & 2	CD 1 -> BAS2SYN -> Sample	BAS:SH-101 09.09	
Best Service	The Best of Gigapack 1 & 2	CD 1 -> BAS2SYN -> Sample	BAS:SH-101 09.10	
Best Service	The Best of Gigapack 1 & 2	CD 1 -> BAS2SYN -> Sample	BAS:SH-101 09.11	
Best Service	The Best of Gigapack 1 & 2	CD 1 -> BAS2SYN -> Sample	BAS:SH-101 09.12	
Best Service	The Best of Gigapack 1 & 2	CD 1 -> BAS2SYN -> Sample	BAS:SH-101 09.13	
Best Service	The Best of Gigapack 1 & 2	CD 1 -> BAS2SYN -> Sample	BAS:SH-101 05.01	
Best Service	The Best of Gigapack 1 & 2	CD 1 -> BAS2SYN -> Sample	BAS:SH-101 05.02	
Best Service	The Best of Gigapack 1 & 2	CD 1 -> BAS2SYN -> Sample	BAS:SH-101 05.03	
Best Service	The Best of Gigapack 1 & 2	CD 1 -> BAS2SYN -> Sample	BAS:SH-101 05.04	
Best Service	The Best of Gigapack 1 & 2	CD 1 -> BAS2SYN -> Sample	BAS:SH-101 05.05	
Best Service	The Best of Gigapack 1 & 2	CD 1 -> BAS2SYN -> Sample	BAS:SH-101 05.06	
Best Service	The Best of Gigapack 1 & 2	CD 1 -> BAS2SYN -> Sample	BAS:SH-101 05.07	
Best Service	The Best of Gigapack 1 & 2	CD 1 -> BAS2SYN -> Sample	BAS:SH-101 05.08	
Best Service	The Best of Gigapack 1 & 2	CD 1 -> BAS2SYN -> Sample	BAS:SH-101 05.09	
Best Service	The Best of Gigapack 1 & 2	CD 1 -> BAS2SYN -> Sample	BAS:SH-101 06.01	
Best Service	The Best of Gigapack 1 & 2	CD 1 -> BAS2SYN -> Sample	BAS:SH-101 06.02	
Best Service	The Best of Gigapack 1 & 2	CD 1 -> BAS2SYN -> Sample	BAS:SH-101 06.03	
Best Service	The Best of Gigapack 1 & 2	CD 1 -> BAS2SYN -> Sample	BAS:SH-101 06.04	
Best Service	The Best of Gigapack 1 & 2	CD 1 -> BAS2SYN -> Sample	BAS:SH-101 06.05	
Best Service	The Best of Gigapack 1 & 2	CD 1 -> BAS2SYN -> Sample	BAS:SH-101 06.06	
Best Service	The Best of Gigapack 1 & 2	CD 1 -> BAS2SYN -> Sample	BAS:SH-101 06.07	
Best Service	The Best of Gigapack 1 & 2	CD 1 -> BAS2SYN -> Sample	BAS:SH-101 06.08	
Best Service	The Best of Gigapack 1 & 2	CD 1 -> BAS2SYN -> Sample	BAS:SH-101 06.09	
Best Service	The Best of Gigapack 1 & 2	CD 1 -> BAS2SYN -> Sample	BAS:SH-101 06.10	
Best Service	The Best of Gigapack 1 & 2	CD 1 -> BAS2SYN -> Sample	BAS:SH-101 06.11	
Best Service	The Best of Gigapack 1 & 2	CD 1 -> BAS2SYN -> Sample	BAS:SH-101 07.01	
Best Service	The Best of Gigapack 1 & 2	CD 1 -> BAS2SYN -> Sample	BAS:SH-101 07.02	
Best Service	The Best of Gigapack 1 & 2	CD 1 -> BAS2SYN -> Sample	BAS:SH-101 07.03	
Best Service	The Best of Gigapack 1 & 2	CD 1 -> BAS2SYN -> Sample	BAS:SH-101 07.04	
Best Service	The Best of Gigapack 1 & 2	CD 1 -> BAS2SYN -> Sample	BAS:SH-101 07.05	
Best Service	The Best of Gigapack 1 & 2	CD 1 -> BAS2SYN -> Sample	BAS:SH-101 07.06	
Best Service	The Best of Gigapack 1 & 2	CD 1 -> BAS2SYN -> Sample	BAS:SH-101 07.07	
Best Service	The Best of Gigapack 1 & 2	CD 1 -> BAS2SYN -> Sample	BAS:SH-101 07.08	
Best Service	The Best of Gigapack 1 & 2	CD 1 -> BAS3SYN -> Program	BAS:MKS-50  2	
Best Service	The Best of Gigapack 1 & 2	CD 1 -> BAS3SYN -> Program	BAS:MKS-50  3	
Best Service	The Best of Gigapack 1 & 2	CD 1 -> BAS3SYN -> Program	BAS:MKS-50  4	
Best Service	The Best of Gigapack 1 & 2	CD 1 -> BAS3SYN -> Program	BAS:MKS-50  5	
Best Service	The Best of Gigapack 1 & 2	CD 1 -> BAS3SYN -> Program	BAS:MKS-50  6	
Best Service	The Best of Gigapack 1 & 2	CD 1 -> BAS3SYN -> Program	BAS:MKS-50  8	
Best Service	The Best of Gigapack 1 & 2	CD 1 -> BAS3SYN -> Program	BAS:MKS-50  9	
Best Service	The Best of Gigapack 1 & 2	CD 1 -> BAS3SYN -> Program	BAS:MKS-50 11	
Best Service	The Best of Gigapack 1 & 2	CD 1 -> BAS3SYN -> Sample	BAS:MKS-50 02.01	
Best Service	The Best of Gigapack 1 & 2	CD 1 -> BAS3SYN -> Sample	BAS:MKS-50 02.02	
Best Service	The Best of Gigapack 1 & 2	CD 1 -> BAS3SYN -> Sample	BAS:MKS-50 02.03	
Best Service	The Best of Gigapack 1 & 2	CD 1 -> BAS3SYN -> Sample	BAS:MKS-50 02.04	
Best Service	The Best of Gigapack 1 & 2	CD 1 -> BAS3SYN -> Sample	BAS:MKS-50 02.05	
Best Service	The Best of Gigapack 1 & 2	CD 1 -> BAS3SYN -> Sample	BAS:MKS-50 02.06	
Best Service	The Best of Gigapack 1 & 2	CD 1 -> BAS3SYN -> Sample	BAS:MKS-50 02.07	
Best Service	The Best of Gigapack 1 & 2	CD 1 -> BAS3SYN -> Sample	BAS:MKS-50 03.01	
Best Service	The Best of Gigapack 1 & 2	CD 1 -> BAS3SYN -> Sample	BAS:MKS-50 03.02	
Best Service	The Best of Gigapack 1 & 2	CD 1 -> BAS3SYN -> Sample	BAS:MKS-50 03.03	
Best Service	The Best of Gigapack 1 & 2	CD 1 -> BAS3SYN -> Sample	BAS:MKS-50 03.04	
Best Service	The Best of Gigapack 1 & 2	CD 1 -> BAS3SYN -> Sample	BAS:MKS-50 03.05	
Best Service	The Best of Gigapack 1 & 2	CD 1 -> BAS3SYN -> Sample	BAS:MKS-50 03.06	
Best Service	The Best of Gigapack 1 & 2	CD 1 -> BAS3SYN -> Sample	BAS:MKS-50 03.07	
Best Service	The Best of Gigapack 1 & 2	CD 1 -> BAS3SYN -> Sample	BAS:MKS-50 04.01	
Best Service	The Best of Gigapack 1 & 2	CD 1 -> BAS3SYN -> Sample	BAS:MKS-50 04.02	
Best Service	The Best of Gigapack 1 & 2	CD 1 -> BAS3SYN -> Sample	BAS:MKS-50 04.03	
Best Service	The Best of Gigapack 1 & 2	CD 1 -> BAS3SYN -> Sample	BAS:MKS-50 04.04	
Best Service	The Best of Gigapack 1 & 2	CD 1 -> BAS3SYN -> Sample	BAS:MKS-50 04.05	
Best Service	The Best of Gigapack 1 & 2	CD 1 -> BAS3SYN -> Sample	BAS:MKS-50 04.06	
Best Service	The Best of Gigapack 1 & 2	CD 1 -> BAS3SYN -> Sample	BAS:MKS-50 04.07	
Best Service	The Best of Gigapack 1 & 2	CD 1 -> BAS3SYN -> Sample	BAS:MKS-50 05.01	
Best Service	The Best of Gigapack 1 & 2	CD 1 -> BAS3SYN -> Sample	BAS:MKS-50 05.02	
Best Service	The Best of Gigapack 1 & 2	CD 1 -> BAS3SYN -> Sample	BAS:MKS-50 05.03	
Best Service	The Best of Gigapack 1 & 2	CD 1 -> BAS3SYN -> Sample	BAS:MKS-50 05.04	
Best Service	The Best of Gigapack 1 & 2	CD 1 -> BAS3SYN -> Sample	BAS:MKS-50 05.05	
Best Service	The Best of Gigapack 1 & 2	CD 1 -> BAS3SYN -> Sample	BAS:MKS-50 05.06	
Best Service	The Best of Gigapack 1 & 2	CD 1 -> BAS3SYN -> Sample	BAS:MKS-50 05.07	
Best Service	The Best of Gigapack 1 & 2	CD 1 -> BAS3SYN -> Sample	BAS:MKS-50 05.08	
Best Service	The Best of Gigapack 1 & 2	CD 1 -> BAS3SYN -> Sample	BAS:MKS-50 05.09	
Best Service	The Best of Gigapack 1 & 2	CD 1 -> BAS3SYN -> Sample	BAS:MKS-50 06.01	
Best Service	The Best of Gigapack 1 & 2	CD 1 -> BAS3SYN -> Sample	BAS:MKS-50 06.02	
Best Service	The Best of Gigapack 1 & 2	CD 1 -> BAS3SYN -> Sample	BAS:MKS-50 06.03	
Best Service	The Best of Gigapack 1 & 2	CD 1 -> BAS3SYN -> Sample	BAS:MKS-50 06.04	
Best Service	The Best of Gigapack 1 & 2	CD 1 -> BAS3SYN -> Sample	BAS:MKS-50 06.05	
Best Service	The Best of Gigapack 1 & 2	CD 1 -> BAS3SYN -> Sample	BAS:MKS-50 06.06	
Best Service	The Best of Gigapack 1 & 2	CD 1 -> BAS3SYN -> Sample	BAS:MKS-50 06.07	
Best Service	The Best of Gigapack 1 & 2	CD 1 -> BAS3SYN -> Sample	BAS:MKS-50 13.01	
Best Service	The Best of Gigapack 1 & 2	CD 1 -> BAS3SYN -> Sample	BAS:MKS-50 13.02	
Best Service	The Best of Gigapack 1 & 2	CD 1 -> BAS3SYN -> Sample	BAS:MKS-50 13.03	
Best Service	The Best of Gigapack 1 & 2	CD 1 -> BAS3SYN -> Sample	BAS:MKS-50 13.04	
Best Service	The Best of Gigapack 1 & 2	CD 1 -> BAS3SYN -> Sample	BAS:MKS-50 13.05	
Best Service	The Best of Gigapack 1 & 2	CD 1 -> BAS3SYN -> Sample	BAS:MKS-50 13.06	
Best Service	The Best of Gigapack 1 & 2	CD 1 -> BAS3SYN -> Sample	BAS:MKS-50 13.07	
Best Service	The Best of Gigapack 1 & 2	CD 1 -> BAS3SYN -> Sample	BAS:MKS-50 13.08	
Best Service	The Best of Gigapack 1 & 2	CD 1 -> BAS3SYN -> Sample	BAS:MKS-50 13.09	
Best Service	The Best of Gigapack 1 & 2	CD 1 -> BAS3SYN -> Sample	BAS:MKS-50 13.10	
Best Service	The Best of Gigapack 1 & 2	CD 1 -> BAS3SYN -> Sample	BAS:MKS-50 13.11	
Best Service	The Best of Gigapack 1 & 2	CD 1 -> BAS3SYN -> Sample	BAS:MKS-50 09.01	
Best Service	The Best of Gigapack 1 & 2	CD 1 -> BAS3SYN -> Sample	BAS:MKS-50 09.02	
Best Service	The Best of Gigapack 1 & 2	CD 1 -> BAS3SYN -> Sample	BAS:MKS-50 09.03	
Best Service	The Best of Gigapack 1 & 2	CD 1 -> BAS3SYN -> Sample	BAS:MKS-50 09.04	
Best Service	The Best of Gigapack 1 & 2	CD 1 -> BAS3SYN -> Sample	BAS:MKS-50 09.05	
Best Service	The Best of Gigapack 1 & 2	CD 1 -> BAS3SYN -> Sample	BAS:MKS-50 09.06	
Best Service	The Best of Gigapack 1 & 2	CD 1 -> BAS3SYN -> Sample	BAS:MKS-50 09.07	
Best Service	The Best of Gigapack 1 & 2	CD 1 -> BAS3SYN -> Sample	BAS:MKS-50 09.08	
Best Service	The Best of Gigapack 1 & 2	CD 1 -> BAS3SYN -> Sample	BAS:MKS-50 09.09	
Best Service	The Best of Gigapack 1 & 2	CD 1 -> BAS3SYN -> Sample	BAS:MKS-50 11.01	
Best Service	The Best of Gigapack 1 & 2	CD 1 -> BAS3SYN -> Sample	BAS:MKS-50 11.02	
Best Service	The Best of Gigapack 1 & 2	CD 1 -> BAS3SYN -> Sample	BAS:MKS-50 11.03	
Best Service	The Best of Gigapack 1 & 2	CD 1 -> BAS3SYN -> Sample	BAS:MKS-50 11.04	
Best Service	The Best of Gigapack 1 & 2	CD 1 -> BAS3SYN -> Sample	BAS:MKS-50 11.05	
Best Service	The Best of Gigapack 1 & 2	CD 1 -> BAS3SYN -> Sample	BAS:MKS-50 11.06	
Best Service	The Best of Gigapack 1 & 2	CD 1 -> BAS3SYN -> Sample	BAS:MKS-50 11.07	
Best Service	The Best of Gigapack 1 & 2	CD 1 -> BAS3SYN -> Sample	BAS:MKS-50 11.08	
Best Service	The Best of Gigapack 1 & 2	CD 1 -> BAS3SYN -> Sample	BAS:MKS-50 11.09	
Best Service	The Best of Gigapack 1 & 2	CD 1 -> BAS4SYN -> Program	BAS:FM-Bass  1	
Best Service	The Best of Gigapack 1 & 2	CD 1 -> BAS4SYN -> Program	BAS:FM-Bass  2	
Best Service	The Best of Gigapack 1 & 2	CD 1 -> BAS4SYN -> Program	BAS:FM-Bass  3	
Best Service	The Best of Gigapack 1 & 2	CD 1 -> BAS4SYN -> Program	BAS:FM-Bass  5	
Best Service	The Best of Gigapack 1 & 2	CD 1 -> BAS4SYN -> Program	BAS:FM-Bass  6	
Best Service	The Best of Gigapack 1 & 2	CD 1 -> BAS4SYN -> Program	BAS:FM-Bass  8	
Best Service	The Best of Gigapack 1 & 2	CD 1 -> BAS4SYN -> Program	BAS:FM-Bass 10	
Best Service	The Best of Gigapack 1 & 2	CD 1 -> BAS4SYN -> Program	BAS:FM-Bass 11	
Best Service	The Best of Gigapack 1 & 2	CD 1 -> BAS4SYN -> Program	BAS:FM-Bass 12	
Best Service	The Best of Gigapack 1 & 2	CD 1 -> BAS4SYN -> Sample	BAS:TX-802 11.01	
Best Service	The Best of Gigapack 1 & 2	CD 1 -> BAS4SYN -> Sample	BAS:TX-802 11.11	
Best Service	The Best of Gigapack 1 & 2	CD 1 -> BAS4SYN -> Sample	BAS:TX-802 11.21	
Best Service	The Best of Gigapack 1 & 2	CD 1 -> BAS4SYN -> Sample	BAS:TX-802 11.02	
Best Service	The Best of Gigapack 1 & 2	CD 1 -> BAS4SYN -> Sample	BAS:TX-802 11.12	
Best Service	The Best of Gigapack 1 & 2	CD 1 -> BAS4SYN -> Sample	BAS:TX-802 11.22	
Best Service	The Best of Gigapack 1 & 2	CD 1 -> BAS4SYN -> Sample	BAS:TX-802 11.03	
Best Service	The Best of Gigapack 1 & 2	CD 1 -> BAS4SYN -> Sample	BAS:TX-802 11.13	
Best Service	The Best of Gigapack 1 & 2	CD 1 -> BAS4SYN -> Sample	BAS:TX-802 11.23	
Best Service	The Best of Gigapack 1 & 2	CD 1 -> BAS4SYN -> Sample	BAS:TX-802 11.04	
Best Service	The Best of Gigapack 1 & 2	CD 1 -> BAS4SYN -> Sample	BAS:TX-802 11.14	
Best Service	The Best of Gigapack 1 & 2	CD 1 -> BAS4SYN -> Sample	BAS:TX-802 11.24	
Best Service	The Best of Gigapack 1 & 2	CD 1 -> BAS4SYN -> Sample	BAS:TX-802 11.05	
Best Service	The Best of Gigapack 1 & 2	CD 1 -> BAS4SYN -> Sample	BAS:TX-802 11.15	
Best Service	The Best of Gigapack 1 & 2	CD 1 -> BAS4SYN -> Sample	BAS:TX-802 11.25	
Best Service	The Best of Gigapack 1 & 2	CD 1 -> BAS4SYN -> Sample	BAS:TX-802 11.06	
Best Service	The Best of Gigapack 1 & 2	CD 1 -> BAS4SYN -> Sample	BAS:TX-802 11.16	
Best Service	The Best of Gigapack 1 & 2	CD 1 -> BAS4SYN -> Sample	BAS:TX-802 11.26	
Best Service	The Best of Gigapack 1 & 2	CD 1 -> BAS4SYN -> Sample	BAS:TX-802 11.07	
Best Service	The Best of Gigapack 1 & 2	CD 1 -> BAS4SYN -> Sample	BAS:TX-802 11.17	
Best Service	The Best of Gigapack 1 & 2	CD 1 -> BAS4SYN -> Sample	BAS:TX-802 11.27	
Best Service	The Best of Gigapack 1 & 2	CD 1 -> BAS4SYN -> Sample	BAS:TX-802 02.01	
Best Service	The Best of Gigapack 1 & 2	CD 1 -> BAS4SYN -> Sample	BAS:TX-802 02.02	
Best Service	The Best of Gigapack 1 & 2	CD 1 -> BAS4SYN -> Sample	BAS:TX-802 02.03	
Best Service	The Best of Gigapack 1 & 2	CD 1 -> BAS4SYN -> Sample	BAS:TX-802 02.04	
Best Service	The Best of Gigapack 1 & 2	CD 1 -> BAS4SYN -> Sample	BAS:TX-802 02.05	
Best Service	The Best of Gigapack 1 & 2	CD 1 -> BAS4SYN -> Sample	BAS:TX-802 02.06	
Best Service	The Best of Gigapack 1 & 2	CD 1 -> BAS4SYN -> Sample	BAS:TX-802 03.01	
Best Service	The Best of Gigapack 1 & 2	CD 1 -> BAS4SYN -> Sample	BAS:TX-802 03.02	
Best Service	The Best of Gigapack 1 & 2	CD 1 -> BAS4SYN -> Sample	BAS:TX-802 03.03	
Best Service	The Best of Gigapack 1 & 2	CD 1 -> BAS4SYN -> Sample	BAS:TX-802 03.04	
Best Service	The Best of Gigapack 1 & 2	CD 1 -> BAS4SYN -> Sample	BAS:TX-802 03.05	
Best Service	The Best of Gigapack 1 & 2	CD 1 -> BAS4SYN -> Sample	BAS:TX-802 03.06	
Best Service	The Best of Gigapack 1 & 2	CD 1 -> BAS4SYN -> Sample	BAS:TX-802 03.07	
Best Service	The Best of Gigapack 1 & 2	CD 1 -> BAS4SYN -> Sample	BAS:TX-802 03.08	
Best Service	The Best of Gigapack 1 & 2	CD 1 -> BAS4SYN -> Sample	BAS:TX-802 05.01	
Best Service	The Best of Gigapack 1 & 2	CD 1 -> BAS4SYN -> Sample	BAS:TX-802 05.02	
Best Service	The Best of Gigapack 1 & 2	CD 1 -> BAS4SYN -> Sample	BAS:TX-802 05.03	
Best Service	The Best of Gigapack 1 & 2	CD 1 -> BAS4SYN -> Sample	BAS:TX-802 05.04	
Best Service	The Best of Gigapack 1 & 2	CD 1 -> BAS4SYN -> Sample	BAS:TX-802 05.05	
Best Service	The Best of Gigapack 1 & 2	CD 1 -> BAS4SYN -> Sample	BAS:TX-802 05.06	
Best Service	The Best of Gigapack 1 & 2	CD 1 -> BAS4SYN -> Sample	BAS:TX-802 05.07	
Best Service	The Best of Gigapack 1 & 2	CD 1 -> BAS4SYN -> Sample	BAS:TX-802 05.08	
Best Service	The Best of Gigapack 1 & 2	CD 1 -> BAS4SYN -> Sample	BAS:TX-802 05.09	
Best Service	The Best of Gigapack 1 & 2	CD 1 -> BAS4SYN -> Sample	BAS:TX-802 06.01	
Best Service	The Best of Gigapack 1 & 2	CD 1 -> BAS4SYN -> Sample	BAS:TX-802 06.02	
Best Service	The Best of Gigapack 1 & 2	CD 1 -> BAS4SYN -> Sample	BAS:TX-802 06.03	
Best Service	The Best of Gigapack 1 & 2	CD 1 -> BAS4SYN -> Sample	BAS:TX-802 06.04	
Best Service	The Best of Gigapack 1 & 2	CD 1 -> BAS4SYN -> Sample	BAS:TX-802 06.05	
Best Service	The Best of Gigapack 1 & 2	CD 1 -> BAS4SYN -> Sample	BAS:TX-802 06.06	
Best Service	The Best of Gigapack 1 & 2	CD 1 -> BAS4SYN -> Sample	BAS:TX-802 06.07	
Best Service	The Best of Gigapack 1 & 2	CD 1 -> BAS4SYN -> Sample	BAS:TX-802 06.08	
Best Service	The Best of Gigapack 1 & 2	CD 1 -> BAS4SYN -> Sample	BAS:TX-802 06.09	
Best Service	The Best of Gigapack 1 & 2	CD 1 -> BAS4SYN -> Sample	BAS:TX-802 08.01	
Best Service	The Best of Gigapack 1 & 2	CD 1 -> BAS4SYN -> Sample	BAS:TX-802 08.02	
Best Service	The Best of Gigapack 1 & 2	CD 1 -> BAS4SYN -> Sample	BAS:TX-802 08.03	
Best Service	The Best of Gigapack 1 & 2	CD 1 -> BAS4SYN -> Sample	BAS:TX-802 08.04	
Best Service	The Best of Gigapack 1 & 2	CD 1 -> BAS4SYN -> Sample	BAS:TX-802 08.05	
Best Service	The Best of Gigapack 1 & 2	CD 1 -> BAS4SYN -> Sample	BAS:TX-802 08.06	
Best Service	The Best of Gigapack 1 & 2	CD 1 -> BAS4SYN -> Sample	BAS:TX-802 08.07	
Best Service	The Best of Gigapack 1 & 2	CD 1 -> BAS4SYN -> Sample	BAS:TX-802 08.08	
Best Service	The Best of Gigapack 1 & 2	CD 1 -> BAS4SYN -> Sample	BAS:TX-802 10.01	
Best Service	The Best of Gigapack 1 & 2	CD 1 -> BAS4SYN -> Sample	BAS:TX-802 10.02	
Best Service	The Best of Gigapack 1 & 2	CD 1 -> BAS4SYN -> Sample	BAS:TX-802 10.03	
Best Service	The Best of Gigapack 1 & 2	CD 1 -> BAS4SYN -> Sample	BAS:TX-802 10.04	
Best Service	The Best of Gigapack 1 & 2	CD 1 -> BAS4SYN -> Sample	BAS:TX-802 10.05	
Best Service	The Best of Gigapack 1 & 2	CD 1 -> BAS4SYN -> Sample	BAS:TX-802 10.06	
Best Service	The Best of Gigapack 1 & 2	CD 1 -> BAS4SYN -> Sample	BAS:TX-802 01.01	
Best Service	The Best of Gigapack 1 & 2	CD 1 -> BAS4SYN -> Sample	BAS:TX-802 01.02	
Best Service	The Best of Gigapack 1 & 2	CD 1 -> BAS4SYN -> Sample	BAS:TX-802 01.03	
Best Service	The Best of Gigapack 1 & 2	CD 1 -> BAS4SYN -> Sample	BAS:TX-802 01.04	
Best Service	The Best of Gigapack 1 & 2	CD 1 -> BAS4SYN -> Sample	BAS:TX-802 01.05	
Best Service	The Best of Gigapack 1 & 2	CD 1 -> BAS4SYN -> Sample	BAS:TX-802 01.06	
Best Service	The Best of Gigapack 1 & 2	CD 1 -> BAS4SYN -> Sample	BAS:TX-802 01.07	
Best Service	The Best of Gigapack 1 & 2	CD 1 -> BAS4SYN -> Sample	BAS:TX-802 01.08	
Best Service	The Best of Gigapack 1 & 2	CD 1 -> BAS4SYN -> Sample	BAS:TX-802 12.01	
Best Service	The Best of Gigapack 1 & 2	CD 1 -> BAS4SYN -> Sample	BAS:TX-802 12.02	
Best Service	The Best of Gigapack 1 & 2	CD 1 -> BAS4SYN -> Sample	BAS:TX-802 12.03	
Best Service	The Best of Gigapack 1 & 2	CD 1 -> BAS4SYN -> Sample	BAS:TX-802 12.04	
Best Service	The Best of Gigapack 1 & 2	CD 1 -> BAS4SYN -> Sample	BAS:TX-802 12.05	
Best Service	The Best of Gigapack 1 & 2	CD 1 -> BAS4SYN -> Sample	BAS:TX-802 12.06	
Best Service	The Best of Gigapack 1 & 2	CD 1 -> BAS4SYN -> Sample	BAS:TX-802 12.07	
Best Service	The Best of Gigapack 1 & 2	CD 1 -> BAS4SYN -> Sample	BAS:TX-802 12.08	
Best Service	The Best of Gigapack 1 & 2	CD 1 -> BAS5SYN -> Program	BAS:TekknoBass	
Best Service	The Best of Gigapack 1 & 2	CD 1 -> BAS5SYN -> Program	BAS:Debbis Bass	
Best Service	The Best of Gigapack 1 & 2	CD 1 -> BAS5SYN -> Program	BAS:Depeche Bass	
Best Service	The Best of Gigapack 1 & 2	CD 1 -> BAS5SYN -> Program	BAS:Dynamic Bass	
Best Service	The Best of Gigapack 1 & 2	CD 1 -> BAS5SYN -> Program	BAS:HumphryBass	
Best Service	The Best of Gigapack 1 & 2	CD 1 -> BAS5SYN -> Program	BAS:Moog Rouge	
Best Service	The Best of Gigapack 1 & 2	CD 1 -> BAS5SYN -> Program	BAS:Pluc Bass	
Best Service	The Best of Gigapack 1 & 2	CD 1 -> BAS5SYN -> Program	BAS:RubberBass 1	
Best Service	The Best of Gigapack 1 & 2	CD 1 -> BAS5SYN -> Program	BAS:RubberBass 2	
Best Service	The Best of Gigapack 1 & 2	CD 1 -> BAS5SYN -> Program	BAS:Softy Bass	
Best Service	The Best of Gigapack 1 & 2	CD 1 -> BAS5SYN -> Program	BAS:2.3 Bass	
Best Service	The Best of Gigapack 1 & 2	CD 1 -> BAS5SYN -> Sample	BAS:TekknoBass 1	
Best Service	The Best of Gigapack 1 & 2	CD 1 -> BAS5SYN -> Sample	BAS:TekknoBass 2	
Best Service	The Best of Gigapack 1 & 2	CD 1 -> BAS5SYN -> Sample	BAS:TekknoBass 3	
Best Service	The Best of Gigapack 1 & 2	CD 1 -> BAS5SYN -> Sample	BAS:TekknoBass 4	
Best Service	The Best of Gigapack 1 & 2	CD 1 -> BAS5SYN -> Sample	BAS:TekknoBass 5	
Best Service	The Best of Gigapack 1 & 2	CD 1 -> BAS5SYN -> Sample	BAS:TekknoBass 6	
Best Service	The Best of Gigapack 1 & 2	CD 1 -> BAS5SYN -> Sample	BAS:DebbisBass 1	
Best Service	The Best of Gigapack 1 & 2	CD 1 -> BAS5SYN -> Sample	BAS:DebbisBass 2	
Best Service	The Best of Gigapack 1 & 2	CD 1 -> BAS5SYN -> Sample	BAS:DebbisBass 3	
Best Service	The Best of Gigapack 1 & 2	CD 1 -> BAS5SYN -> Sample	BAS:DebbisBass 4	
Best Service	The Best of Gigapack 1 & 2	CD 1 -> BAS5SYN -> Sample	BAS:DebbisBass 5	
Best Service	The Best of Gigapack 1 & 2	CD 1 -> BAS5SYN -> Sample	BAS:DebbisBass 6	
Best Service	The Best of Gigapack 1 & 2	CD 1 -> BAS5SYN -> Sample	BAS:DebbisBass 7	
Best Service	The Best of Gigapack 1 & 2	CD 1 -> BAS5SYN -> Sample	BAS:DepecheBass1	
Best Service	The Best of Gigapack 1 & 2	CD 1 -> BAS5SYN -> Sample	BAS:DepecheBass2	
Best Service	The Best of Gigapack 1 & 2	CD 1 -> BAS5SYN -> Sample	BAS:DepecheBass3	
Best Service	The Best of Gigapack 1 & 2	CD 1 -> BAS5SYN -> Sample	BAS:DepecheBass4	
Best Service	The Best of Gigapack 1 & 2	CD 1 -> BAS5SYN -> Sample	BAS:DepecheBass5	
Best Service	The Best of Gigapack 1 & 2	CD 1 -> BAS5SYN -> Sample	BAS:DepecheBass6	
Best Service	The Best of Gigapack 1 & 2	CD 1 -> BAS5SYN -> Sample	BAS:DynamicBass1	
Best Service	The Best of Gigapack 1 & 2	CD 1 -> BAS5SYN -> Sample	BAS:DynamicBass2	
Best Service	The Best of Gigapack 1 & 2	CD 1 -> BAS5SYN -> Sample	BAS:DynamicBass3	
Best Service	The Best of Gigapack 1 & 2	CD 1 -> BAS5SYN -> Sample	BAS:DynamicBass4	
Best Service	The Best of Gigapack 1 & 2	CD 1 -> BAS5SYN -> Sample	BAS:DynamicBass5	
Best Service	The Best of Gigapack 1 & 2	CD 1 -> BAS5SYN -> Sample	BAS:DynamicBass6	
Best Service	The Best of Gigapack 1 & 2	CD 1 -> BAS5SYN -> Sample	BAS:DynamicBass7	
Best Service	The Best of Gigapack 1 & 2	CD 1 -> BAS5SYN -> Sample	BAS:HumphryBass1	
Best Service	The Best of Gigapack 1 & 2	CD 1 -> BAS5SYN -> Sample	BAS:HumphryBass2	
Best Service	The Best of Gigapack 1 & 2	CD 1 -> BAS5SYN -> Sample	BAS:HumphryBass3	
Best Service	The Best of Gigapack 1 & 2	CD 1 -> BAS5SYN -> Sample	BAS:HumphryBass4	
Best Service	The Best of Gigapack 1 & 2	CD 1 -> BAS5SYN -> Sample	BAS:HumphryBass5	
Best Service	The Best of Gigapack 1 & 2	CD 1 -> BAS5SYN -> Sample	BAS:HumphryBass6	
Best Service	The Best of Gigapack 1 & 2	CD 1 -> BAS5SYN -> Sample	BAS:HumphryBass7	
Best Service	The Best of Gigapack 1 & 2	CD 1 -> BAS5SYN -> Sample	BAS:MoogRouge 1	
Best Service	The Best of Gigapack 1 & 2	CD 1 -> BAS5SYN -> Sample	BAS:MoogRouge 2	
Best Service	The Best of Gigapack 1 & 2	CD 1 -> BAS5SYN -> Sample	BAS:MoogRouge 3	
Best Service	The Best of Gigapack 1 & 2	CD 1 -> BAS5SYN -> Sample	BAS:MoogRouge 4	
Best Service	The Best of Gigapack 1 & 2	CD 1 -> BAS5SYN -> Sample	BAS:Pluc Bass  1	
Best Service	The Best of Gigapack 1 & 2	CD 1 -> BAS5SYN -> Sample	BAS:Pluc Bass  2	
Best Service	The Best of Gigapack 1 & 2	CD 1 -> BAS5SYN -> Sample	BAS:Pluc Bass  3	
Best Service	The Best of Gigapack 1 & 2	CD 1 -> BAS5SYN -> Sample	BAS:Pluc Bass  4	
Best Service	The Best of Gigapack 1 & 2	CD 1 -> BAS5SYN -> Sample	BAS:Pluc Bass  5	
Best Service	The Best of Gigapack 1 & 2	CD 1 -> BAS5SYN -> Sample	BAS:Pluc Bass  6	
Best Service	The Best of Gigapack 1 & 2	CD 1 -> BAS5SYN -> Sample	BAS:Pluc Bass  7	
Best Service	The Best of Gigapack 1 & 2	CD 1 -> BAS5SYN -> Sample	BAS:RubberBass 1	
Best Service	The Best of Gigapack 1 & 2	CD 1 -> BAS5SYN -> Sample	BAS:RubberBass 2	
Best Service	The Best of Gigapack 1 & 2	CD 1 -> BAS5SYN -> Sample	BAS:RubberBass 3	
Best Service	The Best of Gigapack 1 & 2	CD 1 -> BAS5SYN -> Sample	BAS:RubberBass 4	
Best Service	The Best of Gigapack 1 & 2	CD 1 -> BAS5SYN -> Sample	BAS:RubberBass 5	
Best Service	The Best of Gigapack 1 & 2	CD 1 -> BAS5SYN -> Sample	BAS:RubberBass 6	
Best Service	The Best of Gigapack 1 & 2	CD 1 -> BAS5SYN -> Sample	BAS:RubberBass 7	
Best Service	The Best of Gigapack 1 & 2	CD 1 -> BAS5SYN -> Sample	BAS:RubberBass 8	
Best Service	The Best of Gigapack 1 & 2	CD 1 -> BAS5SYN -> Sample	BAS:RubberBass 9	
Best Service	The Best of Gigapack 1 & 2	CD 1 -> BAS5SYN -> Sample	BAS:RubberBass10	
Best Service	The Best of Gigapack 1 & 2	CD 1 -> BAS5SYN -> Sample	BAS:RubberBass11	
Best Service	The Best of Gigapack 1 & 2	CD 1 -> BAS5SYN -> Sample	BAS:RubberBass12	
Best Service	The Best of Gigapack 1 & 2	CD 1 -> BAS5SYN -> Sample	BAS:Softy Bass 1	
Best Service	The Best of Gigapack 1 & 2	CD 1 -> BAS5SYN -> Sample	BAS:Softy Bass 2	
Best Service	The Best of Gigapack 1 & 2	CD 1 -> BAS5SYN -> Sample	BAS:Softy Bass 3	
Best Service	The Best of Gigapack 1 & 2	CD 1 -> BAS5SYN -> Sample	BAS:Softy Bass 4	
Best Service	The Best of Gigapack 1 & 2	CD 1 -> BAS5SYN -> Sample	BAS:Softy Bass 5	
Best Service	The Best of Gigapack 1 & 2	CD 1 -> BAS5SYN -> Sample	BAS:Softy Bass 6	
Best Service	The Best of Gigapack 1 & 2	CD 1 -> BAS5SYN -> Sample	BAS:2.3 Bass	
Best Service	The Best of Gigapack 1 & 2	CD 1 -> BAS5SYN -> Sample	BAS:2.3 Bass   2	
Best Service	The Best of Gigapack 1 & 2	CD 1 -> BAS5SYN -> Sample	BAS:2.3 Bass   3	
Best Service	The Best of Gigapack 1 & 2	CD 1 -> BAS5SYN -> Sample	BAS:2.3 Bass   4	
Best Service	The Best of Gigapack 1 & 2	CD 1 -> BAS5SYN -> Sample	BAS:2.3 Bass   5	
Best Service	The Best of Gigapack 1 & 2	CD 1 -> BAS5SYN -> Sample	BAS:2.3 Bass   6	
Best Service	The Best of Gigapack 1 & 2	CD 1 -> BAS5SYN -> Sample	BAS:2.3 Bass   7	
Best Service	The Best of Gigapack 1 & 2	CD 1 -> BAS6SYN -> Program	BAS:303 Bass 1	
Best Service	The Best of Gigapack 1 & 2	CD 1 -> BAS6SYN -> Program	BAS:303 Bass 2	
Best Service	The Best of Gigapack 1 & 2	CD 1 -> BAS6SYN -> Program	BAS:303 Bass 3	
Best Service	The Best of Gigapack 1 & 2	CD 1 -> BAS6SYN -> Program	BAS:303 Bass 4	
Best Service	The Best of Gigapack 1 & 2	CD 1 -> BAS6SYN -> Program	BAS:303 Bass 5	
Best Service	The Best of Gigapack 1 & 2	CD 1 -> BAS6SYN -> Program	BAS:303 Bass 6	
Best Service	The Best of Gigapack 1 & 2	CD 1 -> BAS6SYN -> Program	BAS:303 Bass 7	
Best Service	The Best of Gigapack 1 & 2	CD 1 -> BAS6SYN -> Program	BAS:303 Bass 8	
Best Service	The Best of Gigapack 1 & 2	CD 1 -> BAS6SYN -> Program	BAS:303 Bass 9	
Best Service	The Best of Gigapack 1 & 2	CD 1 -> BAS6SYN -> Program	BAS:303 Bass10	
Best Service	The Best of Gigapack 1 & 2	CD 1 -> BAS6SYN -> Sample	BAS:303 1.1	
Best Service	The Best of Gigapack 1 & 2	CD 1 -> BAS6SYN -> Sample	BAS:303 2.1	
Best Service	The Best of Gigapack 1 & 2	CD 1 -> BAS6SYN -> Sample	BAS:303 3.1	
Best Service	The Best of Gigapack 1 & 2	CD 1 -> BAS6SYN -> Sample	BAS:303 4.1	
Best Service	The Best of Gigapack 1 & 2	CD 1 -> BAS6SYN -> Sample	BAS:303 1.2	
Best Service	The Best of Gigapack 1 & 2	CD 1 -> BAS6SYN -> Sample	BAS:303 2.2	
Best Service	The Best of Gigapack 1 & 2	CD 1 -> BAS6SYN -> Sample	BAS:303 3.2	
Best Service	The Best of Gigapack 1 & 2	CD 1 -> BAS6SYN -> Sample	BAS:303 4.2	
Best Service	The Best of Gigapack 1 & 2	CD 1 -> BAS6SYN -> Sample	BAS:303 1.3	
Best Service	The Best of Gigapack 1 & 2	CD 1 -> BAS6SYN -> Sample	BAS:303 2.3	
Best Service	The Best of Gigapack 1 & 2	CD 1 -> BAS6SYN -> Sample	BAS:303 3.3	
Best Service	The Best of Gigapack 1 & 2	CD 1 -> BAS6SYN -> Sample	BAS:303 4.3	
Best Service	The Best of Gigapack 1 & 2	CD 1 -> BAS6SYN -> Sample	BAS:TB Sq F2	
Best Service	The Best of Gigapack 1 & 2	CD 1 -> BAS6SYN -> Sample	BAS:TB Sq C3	
Best Service	The Best of Gigapack 1 & 2	CD 1 -> BAS6SYN -> Sample	BAS:TB Sq F3	
Best Service	The Best of Gigapack 1 & 2	CD 1 -> BAS6SYN -> Sample	BAS:303 3a	
Best Service	The Best of Gigapack 1 & 2	CD 1 -> BAS6SYN -> Sample	BAS:303 3b	
Best Service	The Best of Gigapack 1 & 2	CD 1 -> BAS6SYN -> Sample	BAS:303 3c	
Best Service	The Best of Gigapack 1 & 2	CD 1 -> BAS6SYN -> Sample	BAS:303 3d	
Best Service	The Best of Gigapack 1 & 2	CD 1 -> BAS6SYN -> Sample	BAS:303 Bass 6.3	
Best Service	The Best of Gigapack 1 & 2	CD 1 -> BAS6SYN -> Sample	BAS:303 Bass 6.2	
Best Service	The Best of Gigapack 1 & 2	CD 1 -> BAS6SYN -> Sample	BAS:303 Bass 6	
Best Service	The Best of Gigapack 1 & 2	CD 1 -> BAS6SYN -> Sample	BAS:303 Bass 6.4	
Best Service	The Best of Gigapack 1 & 2	CD 1 -> BAS6SYN -> Sample	BAS:303 Bass 5	
Best Service	The Best of Gigapack 1 & 2	CD 1 -> BAS6SYN -> Sample	BAS:303 Bass 5.2	
Best Service	The Best of Gigapack 1 & 2	CD 1 -> BAS6SYN -> Sample	BAS:303 Bass 5.3	
Best Service	The Best of Gigapack 1 & 2	CD 1 -> BAS6SYN -> Sample	BAS:303 Bass 5.4	
Best Service	The Best of Gigapack 1 & 2	CD 1 -> BAS6SYN -> Sample	BAS:303 Bass 7	
Best Service	The Best of Gigapack 1 & 2	CD 1 -> BAS6SYN -> Sample	BAS:303 Bass 7.2	
Best Service	The Best of Gigapack 1 & 2	CD 1 -> BAS6SYN -> Sample	BAS:303 Bass 7.3	
Best Service	The Best of Gigapack 1 & 2	CD 1 -> BAS6SYN -> Sample	BAS:303 Bas7.1	
Best Service	The Best of Gigapack 1 & 2	CD 1 -> BAS6SYN -> Sample	BAS:303 Bas7.2	
Best Service	The Best of Gigapack 1 & 2	CD 1 -> BAS6SYN -> Sample	BAS:303 Bas7.3	
Best Service	The Best of Gigapack 1 & 2	CD 1 -> BAS6SYN -> Sample	BAS:303 Bas7.4	
Best Service	The Best of Gigapack 1 & 2	CD 1 -> BAS6SYN -> Sample	BAS:TB303 9 C2	
Best Service	The Best of Gigapack 1 & 2	CD 1 -> BAS6SYN -> Sample	BAS:TB303 9 E2	
Best Service	The Best of Gigapack 1 & 2	CD 1 -> BAS6SYN -> Sample	BAS:TB303 9 G2	
Best Service	The Best of Gigapack 1 & 2	CD 1 -> BAS6SYN -> Sample	BAS:TB303 9 B2	
Best Service	The Best of Gigapack 1 & 2	CD 1 -> BAS6SYN -> Sample	BAS:TB303 9 D#3	
Best Service	The Best of Gigapack 1 & 2	CD 1 -> BAS6SYN -> Sample	BAS:TB303 9 G3	
Best Service	The Best of Gigapack 1 & 2	CD 1 -> BAS6SYN -> Sample	BAS:TB303 9 C4	
Best Service	The Best of Gigapack 1 & 2	CD 1 -> BAS6SYN -> Sample	BAS:303.9 C2	
Best Service	The Best of Gigapack 1 & 2	CD 1 -> BAS6SYN -> Sample	BAS:303.9 F2	
Best Service	The Best of Gigapack 1 & 2	CD 1 -> BAS6SYN -> Sample	BAS:303.9 A#2	
Best Service	The Best of Gigapack 1 & 2	CD 1 -> BAS6SYN -> Sample	BAS:303.9 D#3	
Best Service	The Best of Gigapack 1 & 2	CD 1 -> BAS6SYN -> Sample	BAS:303.9 G#3	
Best Service	The Best of Gigapack 1 & 2	CD 1 -> BAS6SYN -> Sample	BAS:303.9 D4	
Best Service	The Best of Gigapack 1 & 2	CD 1 -> BAS6SYN -> Sample	BAS:303.10 C2	
Best Service	The Best of Gigapack 1 & 2	CD 1 -> BAS6SYN -> Sample	BAS:303.10 F2#	
Best Service	The Best of Gigapack 1 & 2	CD 1 -> BAS6SYN -> Sample	BAS:303.10 B2	
Best Service	The Best of Gigapack 1 & 2	CD 1 -> BAS6SYN -> Sample	BAS:303.10 F3	
Best Service	The Best of Gigapack 1 & 2	CD 1 -> BAS6SYN -> Sample	BAS:303.10 C4	
Best Service	The Best of Gigapack 1 & 2	CD 1 -> BAS6SYN -> Sample	BAS:303.11 C2	
Best Service	The Best of Gigapack 1 & 2	CD 1 -> BAS6SYN -> Sample	BAS:303.11 F2	
Best Service	The Best of Gigapack 1 & 2	CD 1 -> BAS6SYN -> Sample	BAS:303.11 A2#	
Best Service	The Best of Gigapack 1 & 2	CD 1 -> BAS6SYN -> Sample	BAS:303.11 D3#	
Best Service	The Best of Gigapack 1 & 2	CD 1 -> BAS6SYN -> Sample	BAS:303.11 G3#	
Best Service	The Best of Gigapack 1 & 2	CD 1 -> BAS6SYN -> Sample	BAS:303.11 C4#	
Best Service	The Best of Gigapack 1 & 2	CD 1 -> DR CY C1 -> Program	CYM:Crash all m	
Best Service	The Best of Gigapack 1 & 2	CD 1 -> DR CY C1 -> Program	CYM:Crash 01m	
Best Service	The Best of Gigapack 1 & 2	CD 1 -> DR CY C1 -> Program	CYM:Crash 02m	
Best Service	The Best of Gigapack 1 & 2	CD 1 -> DR CY C1 -> Program	CYM:Crash 03m	
Best Service	The Best of Gigapack 1 & 2	CD 1 -> DR CY C1 -> Program	CYM:Crash 04m	
Best Service	The Best of Gigapack 1 & 2	CD 1 -> DR CY C1 -> Program	CYM:Crash 05m	
Best Service	The Best of Gigapack 1 & 2	CD 1 -> DR CY C1 -> Program	CYM:Crash 06m	
Best Service	The Best of Gigapack 1 & 2	CD 1 -> DR CY C1 -> Program	CYM:Crash 07m	
Best Service	The Best of Gigapack 1 & 2	CD 1 -> DR CY C1 -> Program	CYM:Crash 08m	
Best Service	The Best of Gigapack 1 & 2	CD 1 -> DR CY C1 -> Program	CYM:Crash 09m	
Best Service	The Best of Gigapack 1 & 2	CD 1 -> DR CY C1 -> Program	CYM:Crash 10m	
Best Service	The Best of Gigapack 1 & 2	CD 1 -> DR CY C1 -> Program	CYM:Crash 11m	
Best Service	The Best of Gigapack 1 & 2	CD 1 -> DR CY C1 -> Program	CYM:Crash 12m	
Best Service	The Best of Gigapack 1 & 2	CD 1 -> DR CY C1 -> Program	CYM:Crash 13m	
Best Service	The Best of Gigapack 1 & 2	CD 1 -> DR CY C1 -> Program	CYM:Crash 14m	
Best Service	The Best of Gigapack 1 & 2	CD 1 -> DR CY C1 -> Program	CYM:Crash 15m	
Best Service	The Best of Gigapack 1 & 2	CD 1 -> DR CY C1 -> Program	CYM:Crash 16m	
Best Service	The Best of Gigapack 1 & 2	CD 1 -> DR CY C1 -> Program	CYM:Crash 17m	
Best Service	The Best of Gigapack 1 & 2	CD 1 -> DR CY C1 -> Program	CYM:Crash 18m	
Best Service	The Best of Gigapack 1 & 2	CD 1 -> DR CY C1 -> Program	CYM:Crash 19m	
Best Service	The Best of Gigapack 1 & 2	CD 1 -> DR CY C1 -> Program	CYM:Crash 20m	
Best Service	The Best of Gigapack 1 & 2	CD 1 -> DR CY C1 -> Sample	CYM:Cra01	
Best Service	The Best of Gigapack 1 & 2	CD 1 -> DR CY C1 -> Sample	CYM:Cra02	
Best Service	The Best of Gigapack 1 & 2	CD 1 -> DR CY C1 -> Sample	CYM:Cra03	
Best Service	The Best of Gigapack 1 & 2	CD 1 -> DR CY C1 -> Sample	CYM:Cra04	
Best Service	The Best of Gigapack 1 & 2	CD 1 -> DR CY C1 -> Sample	CYM:Cra05	
Best Service	The Best of Gigapack 1 & 2	CD 1 -> DR CY C1 -> Sample	CYM:Cra06	
Best Service	The Best of Gigapack 1 & 2	CD 1 -> DR CY C1 -> Sample	CYM:Cra07	
Best Service	The Best of Gigapack 1 & 2	CD 1 -> DR CY C1 -> Sample	CYM:Cra08	
Best Service	The Best of Gigapack 1 & 2	CD 1 -> DR CY C1 -> Sample	CYM:Cra09	
Best Service	The Best of Gigapack 1 & 2	CD 1 -> DR CY C1 -> Sample	CYM:Cra10	
Best Service	The Best of Gigapack 1 & 2	CD 1 -> DR CY C1 -> Sample	CYM:Cra11	
Best Service	The Best of Gigapack 1 & 2	CD 1 -> DR CY C1 -> Sample	CYM:Cra12	
Best Service	The Best of Gigapack 1 & 2	CD 1 -> DR CY C1 -> Sample	CYM:Cra13	
Best Service	The Best of Gigapack 1 & 2	CD 1 -> DR CY C1 -> Sample	CYM:Cra14	
Best Service	The Best of Gigapack 1 & 2	CD 1 -> DR CY C1 -> Sample	CYM:Cra15	
Best Service	The Best of Gigapack 1 & 2	CD 1 -> DR CY C1 -> Sample	CYM:Cra16	
Best Service	The Best of Gigapack 1 & 2	CD 1 -> DR CY C1 -> Sample	CYM:Cra17	
Best Service	The Best of Gigapack 1 & 2	CD 1 -> DR CY C1 -> Sample	CYM:Cra18	
Best Service	The Best of Gigapack 1 & 2	CD 1 -> DR CY C1 -> Sample	CYM:Cra19	
Best Service	The Best of Gigapack 1 & 2	CD 1 -> DR CY C1 -> Sample	CYM:Cra20	
Best Service	The Best of Gigapack 1 & 2	CD 1 -> DR CY C1 -> Sample	CYM:Cra21	
Best Service	The Best of Gigapack 1 & 2	CD 1 -> DR CY C2 -> Program	CYM:Crash all st	
Best Service	The Best of Gigapack 1 & 2	CD 1 -> DR CY C2 -> Program	CYM:Crash 01st	
Best Service	The Best of Gigapack 1 & 2	CD 1 -> DR CY C2 -> Program	CYM:Crash 02st	
Best Service	The Best of Gigapack 1 & 2	CD 1 -> DR CY C2 -> Program	CYM:Crash 03st	
Best Service	The Best of Gigapack 1 & 2	CD 1 -> DR CY C2 -> Program	CYM:Crash 04st	
Best Service	The Best of Gigapack 1 & 2	CD 1 -> DR CY C2 -> Program	CYM:Crash 05st	
Best Service	The Best of Gigapack 1 & 2	CD 1 -> DR CY C2 -> Program	CYM:Crash 06st	
Best Service	The Best of Gigapack 1 & 2	CD 1 -> DR CY C2 -> Program	CYM:Crash 07st	
Best Service	The Best of Gigapack 1 & 2	CD 1 -> DR CY C2 -> Program	CYM:Crash 08st	
Best Service	The Best of Gigapack 1 & 2	CD 1 -> DR CY C2 -> Program	CYM:Crash 09st	
Best Service	The Best of Gigapack 1 & 2	CD 1 -> DR CY C2 -> Sample	CYM:Cra22	
Best Service	The Best of Gigapack 1 & 2	CD 1 -> DR CY C2 -> Sample	CYM:Cra23	
Best Service	The Best of Gigapack 1 & 2	CD 1 -> DR CY C2 -> Sample	CYM:Cra24	
Best Service	The Best of Gigapack 1 & 2	CD 1 -> DR CY C2 -> Sample	CYM:Cra25	
Best Service	The Best of Gigapack 1 & 2	CD 1 -> DR CY C2 -> Sample	CYM:Cra26	
Best Service	The Best of Gigapack 1 & 2	CD 1 -> DR CY C2 -> Sample	CYM:Cra27	
Best Service	The Best of Gigapack 1 & 2	CD 1 -> DR CY C2 -> Sample	CYM:Cra28	
Best Service	The Best of Gigapack 1 & 2	CD 1 -> DR CY C2 -> Sample	CYM:Cra29	
Best Service	The Best of Gigapack 1 & 2	CD 1 -> DR CY C2 -> Sample	CYM:Cra30	
Best Service	The Best of Gigapack 1 & 2	CD 1 -> DR TT 01 -> Program	TOM:K-TomDance 1	
Best Service	The Best of Gigapack 1 & 2	CD 1 -> DR TT 01 -> Program	TOM:K-TomDance 2	
Best Service	The Best of Gigapack 1 & 2	CD 1 -> DR TT 01 -> Program	TOM:K-TomDance 3	
Best Service	The Best of Gigapack 1 & 2	CD 1 -> DR TT 01 -> Program	TOM:K-TomDance 4	
Best Service	The Best of Gigapack 1 & 2	CD 1 -> DR TT 01 -> Program	TOM:K-TomDance 5	
Best Service	The Best of Gigapack 1 & 2	CD 1 -> DR TT 01 -> Program	TOM:K-TomDance 6	
Best Service	The Best of Gigapack 1 & 2	CD 1 -> DR TT 01 -> Program	TOM:K-TomDance 7	
Best Service	The Best of Gigapack 1 & 2	CD 1 -> DR TT 01 -> Program	TOM:K-TomDance 8	
Best Service	The Best of Gigapack 1 & 2	CD 1 -> DR TT 01 -> Program	TOM:K-TomDance 9	
Best Service	The Best of Gigapack 1 & 2	CD 1 -> DR TT 01 -> Program	TOM:K-TomDance10	
Best Service	The Best of Gigapack 1 & 2	CD 1 -> DR TT 01 -> Program	TOM:K-TomDance11	
Best Service	The Best of Gigapack 1 & 2	CD 1 -> DR TT 01 -> Program	TOM:K-TomDance12	
Best Service	The Best of Gigapack 1 & 2	CD 1 -> DR TT 01 -> Program	TOM:K-TomDance13	
Best Service	The Best of Gigapack 1 & 2	CD 1 -> DR TT 01 -> Program	TOM:K-TomDance14	
Best Service	The Best of Gigapack 1 & 2	CD 1 -> DR TT 01 -> Program	TOM:K-TomDance15	
Best Service	The Best of Gigapack 1 & 2	CD 1 -> DR TT 01 -> Program	TOM:K-TomDance16	
Best Service	The Best of Gigapack 1 & 2	CD 1 -> DR TT 01 -> Sample	TOM:Tm001	
Best Service	The Best of Gigapack 1 & 2	CD 1 -> DR TT 01 -> Sample	TOM:Tm002	
Best Service	The Best of Gigapack 1 & 2	CD 1 -> DR TT 01 -> Sample	TOM:Tm003	
Best Service	The Best of Gigapack 1 & 2	CD 1 -> DR TT 01 -> Sample	TOM:Tm004	
Best Service	The Best of Gigapack 1 & 2	CD 1 -> DR TT 01 -> Sample	TOM:Tm005	
Best Service	The Best of Gigapack 1 & 2	CD 1 -> DR TT 01 -> Sample	TOM:Tm006	
Best Service	The Best of Gigapack 1 & 2	CD 1 -> DR TT 01 -> Sample	TOM:Tm007	
Best Service	The Best of Gigapack 1 & 2	CD 1 -> DR TT 01 -> Sample	TOM:Tm008	
Best Service	The Best of Gigapack 1 & 2	CD 1 -> DR TT 01 -> Sample	TOM:Tm009	
Best Service	The Best of Gigapack 1 & 2	CD 1 -> DR TT 01 -> Sample	TOM:Tm010	
Best Service	The Best of Gigapack 1 & 2	CD 1 -> DR TT 01 -> Sample	TOM:Tm011	
Best Service	The Best of Gigapack 1 & 2	CD 1 -> DR TT 01 -> Sample	TOM:Tm012	
Best Service	The Best of Gigapack 1 & 2	CD 1 -> DR TT 01 -> Sample	TOM:Tm013	
Best Service	The Best of Gigapack 1 & 2	CD 1 -> DR TT 01 -> Sample	TOM:Tm014	
Best Service	The Best of Gigapack 1 & 2	CD 1 -> DR TT 01 -> Sample	TOM:Tm015	
Best Service	The Best of Gigapack 1 & 2	CD 1 -> DR TT 01 -> Sample	TOM:Tm016	
Best Service	The Best of Gigapack 1 & 2	CD 1 -> DR TT 01 -> Sample	TOM:Tm017	
Best Service	The Best of Gigapack 1 & 2	CD 1 -> DR TT 01 -> Sample	TOM:Tm018	
Best Service	The Best of Gigapack 1 & 2	CD 1 -> DR TT 01 -> Sample	TOM:Tm019	
Best Service	The Best of Gigapack 1 & 2	CD 1 -> DR TT 01 -> Sample	TOM:Tm020	
Best Service	The Best of Gigapack 1 & 2	CD 1 -> DR TT 01 -> Sample	TOM:Tm021	
Best Service	The Best of Gigapack 1 & 2	CD 1 -> DR TT 01 -> Sample	TOM:Tm022	
Best Service	The Best of Gigapack 1 & 2	CD 1 -> DR TT 01 -> Sample	TOM:Tm023	
Best Service	The Best of Gigapack 1 & 2	CD 1 -> DR TT 01 -> Sample	TOM:Tm024	
Best Service	The Best of Gigapack 1 & 2	CD 1 -> DR TT 01 -> Sample	TOM:Tm025	
Best Service	The Best of Gigapack 1 & 2	CD 1 -> DR TT 01 -> Sample	TOM:Tm026	
Best Service	The Best of Gigapack 1 & 2	CD 1 -> DR TT 01 -> Sample	TOM:Tm027	
Best Service	The Best of Gigapack 1 & 2	CD 1 -> DR TT 01 -> Sample	TOM:Tm028	
Best Service	The Best of Gigapack 1 & 2	CD 1 -> DR TT 01 -> Sample	TOM:Tm029	
Best Service	The Best of Gigapack 1 & 2	CD 1 -> DR TT 01 -> Sample	TOM:Tm030	
Best Service	The Best of Gigapack 1 & 2	CD 1 -> DR TT 01 -> Sample	TOM:Tm031	
Best Service	The Best of Gigapack 1 & 2	CD 1 -> DR TT 01 -> Sample	TOM:Tm032	
Best Service	The Best of Gigapack 1 & 2	CD 1 -> DR TT 01 -> Sample	TOM:Tm033	
Best Service	The Best of Gigapack 1 & 2	CD 1 -> DR TT 01 -> Sample	TOM:Tm034	
Best Service	The Best of Gigapack 1 & 2	CD 1 -> DR HH 05 -> Program	HH:HH-KitRev1st	
Best Service	The Best of Gigapack 1 & 2	CD 1 -> DR HH 05 -> Program	HH:HH-KitRev2st	
Best Service	The Best of Gigapack 1 & 2	CD 1 -> DR HH 05 -> Program	HH:HH-KitRev3st	
Best Service	The Best of Gigapack 1 & 2	CD 1 -> DR HH 05 -> Sample	HH:hh  1	
Best Service	The Best of Gigapack 1 & 2	CD 1 -> DR HH 05 -> Sample	HH:hh  2	
Best Service	The Best of Gigapack 1 & 2	CD 1 -> DR HH 05 -> Sample	HH:hh  3	
Best Service	The Best of Gigapack 1 & 2	CD 1 -> DR HH 05 -> Sample	HH:hh  4	
Best Service	The Best of Gigapack 1 & 2	CD 1 -> DR HH 05 -> Sample	HH:hh  5	
Best Service	The Best of Gigapack 1 & 2	CD 1 -> DR HH 05 -> Sample	HH:hh  6	
Best Service	The Best of Gigapack 1 & 2	CD 1 -> DR HH 05 -> Sample	HH:hh  7	
Best Service	The Best of Gigapack 1 & 2	CD 1 -> DR HH 05 -> Sample	HH:hh  9	
Best Service	The Best of Gigapack 1 & 2	CD 1 -> DR HH 05 -> Sample	HH:hh 10	
Best Service	The Best of Gigapack 1 & 2	CD 1 -> DR HH 05 -> Sample	HH:hh 11	
Best Service	The Best of Gigapack 1 & 2	CD 1 -> DR HH 05 -> Sample	HH:hh 13	
Best Service	The Best of Gigapack 1 & 2	CD 1 -> DR HH 05 -> Sample	HH:hh 16	
Best Service	The Best of Gigapack 1 & 2	CD 1 -> DR HH 05 -> Sample	HH:hh 18	
Best Service	The Best of Gigapack 1 & 2	CD 1 -> DR HH 05 -> Sample	HH:hh 19	
Best Service	The Best of Gigapack 1 & 2	CD 1 -> DR HH 05 -> Sample	HH:hh 20	
Best Service	The Best of Gigapack 1 & 2	CD 1 -> DR HH 05 -> Sample	HH:hh 21	
Best Service	The Best of Gigapack 1 & 2	CD 1 -> DR HH 05 -> Sample	HH:hh 30	
Best Service	The Best of Gigapack 1 & 2	CD 1 -> DR HH 05 -> Sample	HH:hh 31	
Best Service	The Best of Gigapack 1 & 2	CD 1 -> DR HH 05 -> Sample	HH:hh 32	
Best Service	The Best of Gigapack 1 & 2	CD 1 -> DR HH 05 -> Sample	HH:hh 33	
Best Service	The Best of Gigapack 1 & 2	CD 1 -> DR HH 05 -> Sample	HH:hh 34	
Best Service	The Best of Gigapack 1 & 2	CD 1 -> DR HH 05 -> Sample	HH:hh 35	
Best Service	The Best of Gigapack 1 & 2	CD 1 -> DR HH 05 -> Sample	HH:hh 36	
Best Service	The Best of Gigapack 1 & 2	CD 1 -> DR HH 05 -> Sample	HH:hh 37	
Best Service	The Best of Gigapack 1 & 2	CD 1 -> DR HH 05 -> Sample	HH:hh 38	
Best Service	The Best of Gigapack 1 & 2	CD 1 -> DR HH 05 -> Sample	HH:hh 39	
Best Service	The Best of Gigapack 1 & 2	CD 1 -> DR HH 05 -> Sample	HH:hh 40	
Best Service	The Best of Gigapack 1 & 2	CD 1 -> DR HH 05 -> Sample	HH:hh 41	
Best Service	The Best of Gigapack 1 & 2	CD 1 -> DR HH 05 -> Sample	HH:hh 93	
Best Service	The Best of Gigapack 1 & 2	CD 1 -> DR HH 05 -> Sample	HH:hh 94	
Best Service	The Best of Gigapack 1 & 2	CD 1 -> DR HH 05 -> Sample	HH:hh 95	
Best Service	The Best of Gigapack 1 & 2	CD 1 -> DR HH 05 -> Sample	HH:hh 96	
Best Service	The Best of Gigapack 1 & 2	CD 1 -> DR HH 05 -> Sample	HH:hh 97	
Best Service	The Best of Gigapack 1 & 2	CD 1 -> DR HH 05 -> Sample	HH:hh 98	
Best Service	The Best of Gigapack 1 & 2	CD 1 -> DR HH 05 -> Sample	HH:hh 99	
Best Service	The Best of Gigapack 1 & 2	CD 1 -> DR HH 05 -> Sample	HH:hh100	
Best Service	The Best of Gigapack 1 & 2	CD 1 -> DR HH 05 -> Sample	HH:hh101	
Best Service	The Best of Gigapack 1 & 2	CD 1 -> DR HH 05 -> Sample	HH:hh102	
Best Service	The Best of Gigapack 1 & 2	CD 1 -> DR HH 05 -> Sample	HH:hh103	
Best Service	The Best of Gigapack 1 & 2	CD 1 -> DR HH 05 -> Sample	HH:hh104	
Best Service	The Best of Gigapack 1 & 2	CD 1 -> DR HH 05 -> Sample	HH:hh105	
Best Service	The Best of Gigapack 1 & 2	CD 1 -> DR CY C3 -> Program	CYM:Crash all2st	
Best Service	The Best of Gigapack 1 & 2	CD 1 -> DR CY C3 -> Program	CYM:Crash 10st	
Best Service	The Best of Gigapack 1 & 2	CD 1 -> DR CY C3 -> Program	CYM:Crash 11st	
Best Service	The Best of Gigapack 1 & 2	CD 1 -> DR CY C3 -> Program	CYM:Crash 12st	
Best Service	The Best of Gigapack 1 & 2	CD 1 -> DR CY C3 -> Program	CYM:Crash 13st	
Best Service	The Best of Gigapack 1 & 2	CD 1 -> DR CY C3 -> Program	CYM:Crash 14st	
Best Service	The Best of Gigapack 1 & 2	CD 1 -> DR CY C3 -> Program	CYM:Crash 15st	
Best Service	The Best of Gigapack 1 & 2	CD 1 -> DR CY C3 -> Program	CYM:Crash 16st	
Best Service	The Best of Gigapack 1 & 2	CD 1 -> DR CY C3 -> Program	CYM:Crash 17st	
Best Service	The Best of Gigapack 1 & 2	CD 1 -> DR CY C3 -> Sample	CYM:Cra30     -R	
Best Service	The Best of Gigapack 1 & 2	CD 1 -> DR CY C3 -> Sample	CYM:Cra31	
Best Service	The Best of Gigapack 1 & 2	CD 1 -> DR CY C3 -> Sample	CYM:Cra32	
Best Service	The Best of Gigapack 1 & 2	CD 1 -> DR CY C3 -> Sample	CYM:Cra33	
Best Service	The Best of Gigapack 1 & 2	CD 1 -> DR CY C3 -> Sample	CYM:Cra34	
Best Service	The Best of Gigapack 1 & 2	CD 1 -> DR CY C3 -> Sample	CYM:Cra35	
Best Service	The Best of Gigapack 1 & 2	CD 1 -> DR CY C3 -> Sample	CYM:Cra36	
Best Service	The Best of Gigapack 1 & 2	CD 1 -> DR CY C3 -> Sample	CYM:Cra37	
Best Service	The Best of Gigapack 1 & 2	CD 1 -> DR CY C3 -> Sample	CYM:Cra38	
Best Service	The Best of Gigapack 1 & 2	CD 1 -> DR CY C4 -> Program	CYM:Crash all3st	
Best Service	The Best of Gigapack 1 & 2	CD 1 -> DR CY C4 -> Program	CYM:Crash 18st	
Best Service	The Best of Gigapack 1 & 2	CD 1 -> DR CY C4 -> Program	CYM:Crash 19st	
Best Service	The Best of Gigapack 1 & 2	CD 1 -> DR CY C4 -> Program	CYM:Crash 20st	
Best Service	The Best of Gigapack 1 & 2	CD 1 -> DR CY C4 -> Program	CYM:Crash 21st	
Best Service	The Best of Gigapack 1 & 2	CD 1 -> DR CY C4 -> Program	CYM:Crash 22st	
Best Service	The Best of Gigapack 1 & 2	CD 1 -> DR CY C4 -> Program	CYM:Crash 23st	
Best Service	The Best of Gigapack 1 & 2	CD 1 -> DR CY C4 -> Program	CYM:Crash 24st	
Best Service	The Best of Gigapack 1 & 2	CD 1 -> DR CY C4 -> Program	CYM:Crash 17st	
Best Service	The Best of Gigapack 1 & 2	CD 1 -> DR CY C4 -> Program	CYM:Crash 26st	
Best Service	The Best of Gigapack 1 & 2	CD 1 -> DR CY C4 -> Sample	CYM:Cra38     -R	
Best Service	The Best of Gigapack 1 & 2	CD 1 -> DR CY C4 -> Sample	CYM:Cra39	
Best Service	The Best of Gigapack 1 & 2	CD 1 -> DR CY C4 -> Sample	CYM:Cra40	
Best Service	The Best of Gigapack 1 & 2	CD 1 -> DR CY C4 -> Sample	CYM:Cra41	
Best Service	The Best of Gigapack 1 & 2	CD 1 -> DR CY C4 -> Sample	CYM:Cra42	
Best Service	The Best of Gigapack 1 & 2	CD 1 -> DR CY C4 -> Sample	CYM:Cra43	
Best Service	The Best of Gigapack 1 & 2	CD 1 -> DR CY C4 -> Sample	CYM:Cra44	
Best Service	The Best of Gigapack 1 & 2	CD 1 -> DR CY C4 -> Sample	CYM:Cra45	
Best Service	The Best of Gigapack 1 & 2	CD 1 -> DR CY C4 -> Sample	CYM:Cra46	
Best Service	The Best of Gigapack 1 & 2	CD 1 -> DR CY C4 -> Sample	CYM:Cra47	
Best Service	The Best of Gigapack 1 & 2	CD 1 -> DR CY R1 -> Program	CYM:Ride all1m	
Best Service	The Best of Gigapack 1 & 2	CD 1 -> DR CY R1 -> Program	CYM:Ride1 m	
Best Service	The Best of Gigapack 1 & 2	CD 1 -> DR CY R1 -> Program	CYM:Ride2 m	
Best Service	The Best of Gigapack 1 & 2	CD 1 -> DR CY R1 -> Program	CYM:Ride3 m	
Best Service	The Best of Gigapack 1 & 2	CD 1 -> DR CY R1 -> Program	CYM:Ride4 m	
Best Service	The Best of Gigapack 1 & 2	CD 1 -> DR CY R1 -> Program	CYM:Ride5 m	
Best Service	The Best of Gigapack 1 & 2	CD 1 -> DR CY R1 -> Program	CYM:Ride6 m	
Best Service	The Best of Gigapack 1 & 2	CD 1 -> DR CY R1 -> Program	CYM:Ride7 m	
Best Service	The Best of Gigapack 1 & 2	CD 1 -> DR CY R1 -> Program	CYM:Ride8 m	
Best Service	The Best of Gigapack 1 & 2	CD 1 -> DR CY R1 -> Program	CYM:Ride9 m	
Best Service	The Best of Gigapack 1 & 2	CD 1 -> DR CY R1 -> Program	CYM:Ride10 m	
Best Service	The Best of Gigapack 1 & 2	CD 1 -> DR CY R1 -> Program	CYM:Ride11 m	
Best Service	The Best of Gigapack 1 & 2	CD 1 -> DR CY R1 -> Program	CYM:Ride12 m	
Best Service	The Best of Gigapack 1 & 2	CD 1 -> DR CY R1 -> Program	CYM:Ride13 m	
Best Service	The Best of Gigapack 1 & 2	CD 1 -> DR CY R1 -> Program	CYM:Ride14 m	
Best Service	The Best of Gigapack 1 & 2	CD 1 -> DR CY R1 -> Program	CYM:Ride15 m	
Best Service	The Best of Gigapack 1 & 2	CD 1 -> DR CY R1 -> Program	CYM:Ride16 m	
Best Service	The Best of Gigapack 1 & 2	CD 1 -> DR CY R1 -> Program	CYM:Ride17 m	
Best Service	The Best of Gigapack 1 & 2	CD 1 -> DR CY R1 -> Program	CYM:Ride18 m	
Best Service	The Best of Gigapack 1 & 2	CD 1 -> DR CY R1 -> Program	CYM:Ride19 m	
Best Service	The Best of Gigapack 1 & 2	CD 1 -> DR CY R1 -> Sample	CYM:Ride 9	
Best Service	The Best of Gigapack 1 & 2	CD 1 -> DR CY R1 -> Sample	CYM:Ride16	
Best Service	The Best of Gigapack 1 & 2	CD 1 -> DR CY R1 -> Sample	CYM:Ride12	
Best Service	The Best of Gigapack 1 & 2	CD 1 -> DR CY R1 -> Sample	CYM:Ride17	
Best Service	The Best of Gigapack 1 & 2	CD 1 -> DR CY R1 -> Sample	CYM:Ride18	
Best Service	The Best of Gigapack 1 & 2	CD 1 -> DR CY R1 -> Sample	CYM:Ride20	
Best Service	The Best of Gigapack 1 & 2	CD 1 -> DR CY R1 -> Sample	CYM:Ride21	
Best Service	The Best of Gigapack 1 & 2	CD 1 -> DR CY R1 -> Sample	CYM:Ride22	
Best Service	The Best of Gigapack 1 & 2	CD 1 -> DR CY R1 -> Sample	CYM:Ride23	
Best Service	The Best of Gigapack 1 & 2	CD 1 -> DR CY R1 -> Sample	CYM:Ride24	
Best Service	The Best of Gigapack 1 & 2	CD 1 -> DR CY R1 -> Sample	CYM:Ride25	
Best Service	The Best of Gigapack 1 & 2	CD 1 -> DR CY R1 -> Sample	CYM:Ride26	
Best Service	The Best of Gigapack 1 & 2	CD 1 -> DR CY R1 -> Sample	CYM:Ride27	
Best Service	The Best of Gigapack 1 & 2	CD 1 -> DR CY R1 -> Sample	CYM:Ride28	
Best Service	The Best of Gigapack 1 & 2	CD 1 -> DR CY R1 -> Sample	CYM:Ride29	
Best Service	The Best of Gigapack 1 & 2	CD 1 -> DR CY R1 -> Sample	CYM:Ride30	
Best Service	The Best of Gigapack 1 & 2	CD 1 -> DR CY R1 -> Sample	CYM:Ride31	
Best Service	The Best of Gigapack 1 & 2	CD 1 -> DR CY R1 -> Sample	CYM:Ride32	
Best Service	The Best of Gigapack 1 & 2	CD 1 -> DR CY R1 -> Sample	CYM:Ride33	
Best Service	The Best of Gigapack 1 & 2	CD 1 -> DR CY R1 -> Sample	CYM:Ride34	
Best Service	The Best of Gigapack 1 & 2	CD 1 -> DR CY R2 -> Program	CYM:Ride all 2m	
Best Service	The Best of Gigapack 1 & 2	CD 1 -> DR CY R2 -> Program	CYM:Ride2m	
Best Service	The Best of Gigapack 1 & 2	CD 1 -> DR CY R2 -> Program	CYM:Ride21m	
Best Service	The Best of Gigapack 1 & 2	CD 1 -> DR CY R2 -> Program	CYM:Ride22m	
Best Service	The Best of Gigapack 1 & 2	CD 1 -> DR CY R2 -> Program	CYM:Ride23m	
Best Service	The Best of Gigapack 1 & 2	CD 1 -> DR CY R2 -> Program	CYM:Ride24m	
Best Service	The Best of Gigapack 1 & 2	CD 1 -> DR CY R2 -> Program	CYM:Ride25m	
Best Service	The Best of Gigapack 1 & 2	CD 1 -> DR CY R2 -> Program	CYM:Ride26m	
Best Service	The Best of Gigapack 1 & 2	CD 1 -> DR CY R2 -> Program	CYM:Ride27m	
Best Service	The Best of Gigapack 1 & 2	CD 1 -> DR CY R2 -> Program	CYM:Ride28m	
Best Service	The Best of Gigapack 1 & 2	CD 1 -> DR CY R2 -> Program	CYM:Ride29m	
Best Service	The Best of Gigapack 1 & 2	CD 1 -> DR CY R2 -> Program	CYM:Ride30m	
Best Service	The Best of Gigapack 1 & 2	CD 1 -> DR CY R2 -> Sample	CYM:Ride 1	
Best Service	The Best of Gigapack 1 & 2	CD 1 -> DR CY R2 -> Sample	CYM:Ride 2	
Best Service	The Best of Gigapack 1 & 2	CD 1 -> DR CY R2 -> Sample	CYM:Ride 3	
Best Service	The Best of Gigapack 1 & 2	CD 1 -> DR CY R2 -> Sample	CYM:Ride 4	
Best Service	The Best of Gigapack 1 & 2	CD 1 -> DR CY R2 -> Sample	CYM:Ride 5	
Best Service	The Best of Gigapack 1 & 2	CD 1 -> DR CY R2 -> Sample	CYM:Ride 6	
Best Service	The Best of Gigapack 1 & 2	CD 1 -> DR CY R2 -> Sample	CYM:Ride 7	
Best Service	The Best of Gigapack 1 & 2	CD 1 -> DR CY R2 -> Sample	CYM:Ride 8	
Best Service	The Best of Gigapack 1 & 2	CD 1 -> DR CY R2 -> Sample	CYM:Ride 9	
Best Service	The Best of Gigapack 1 & 2	CD 1 -> DR CY R2 -> Sample	CYM:Ride11	
Best Service	The Best of Gigapack 1 & 2	CD 1 -> DR CY R2 -> Sample	CYM:Ride13	
Best Service	The Best of Gigapack 1 & 2	CD 1 -> DR CY R2 -> Sample	CYM:Ride14	
Best Service	The Best of Gigapack 1 & 2	CD 1 -> DR CY R2 -> Sample	CYM:Ride15	
Best Service	The Best of Gigapack 1 & 2	CD 1 -> DR CY R3 -> Program	CYM:Ride all 1 s	
Best Service	The Best of Gigapack 1 & 2	CD 1 -> DR CY R3 -> Program	CYM:Ride 1 st	
Best Service	The Best of Gigapack 1 & 2	CD 1 -> DR CY R3 -> Program	CYM:Ride 2 st	
Best Service	The Best of Gigapack 1 & 2	CD 1 -> DR CY R3 -> Program	CYM:Ride 3 st	
Best Service	The Best of Gigapack 1 & 2	CD 1 -> DR CY R3 -> Program	CYM:Ride 4 st	
Best Service	The Best of Gigapack 1 & 2	CD 1 -> DR CY R3 -> Sample	CYM:Ride35	
Best Service	The Best of Gigapack 1 & 2	CD 1 -> DR CY R3 -> Sample	CYM:Ride37	
Best Service	The Best of Gigapack 1 & 2	CD 1 -> DR CY R3 -> Sample	CYM:Ride39	
Best Service	The Best of Gigapack 1 & 2	CD 1 -> DR CY R3 -> Sample	CYM:Ride40	
Best Service	The Best of Gigapack 1 & 2	CD 1 -> DR CY R4 -> Program	CYM:Ride all 2 s	
Best Service	The Best of Gigapack 1 & 2	CD 1 -> DR CY R4 -> Program	CYM:Ride 5 st	
Best Service	The Best of Gigapack 1 & 2	CD 1 -> DR CY R4 -> Program	CYM:Ride 6 st	
Best Service	The Best of Gigapack 1 & 2	CD 1 -> DR CY R4 -> Program	CYM:Ride 7 st	
Best Service	The Best of Gigapack 1 & 2	CD 1 -> DR CY R4 -> Program	CYM:Ride 8 st	
Best Service	The Best of Gigapack 1 & 2	CD 1 -> DR CY R4 -> Program	CYM:Ride 9 st	
Best Service	The Best of Gigapack 1 & 2	CD 1 -> DR CY R4 -> Sample	CYM:Ride38    -R	
Best Service	The Best of Gigapack 1 & 2	CD 1 -> DR CY R4 -> Sample	CYM:Ride41	
Best Service	The Best of Gigapack 1 & 2	CD 1 -> DR CY R4 -> Sample	CYM:Ride42	
Best Service	The Best of Gigapack 1 & 2	CD 1 -> DR CY R4 -> Sample	CYM:Ride44	
Best Service	The Best of Gigapack 1 & 2	CD 1 -> DR CY R4 -> Sample	CYM:Ride45	
Best Service	The Best of Gigapack 1 & 2	CD 1 -> DR CY R4 -> Sample	CYM:Ride46	
Best Service	The Best of Gigapack 1 & 2	CD 1 -> DR CY R5 -> Program	CYM:Ride all 3 s	
Best Service	The Best of Gigapack 1 & 2	CD 1 -> DR CY R5 -> Program	CYM:Ride 10 st	
Best Service	The Best of Gigapack 1 & 2	CD 1 -> DR CY R5 -> Program	CYM:Ride 11 st	
Best Service	The Best of Gigapack 1 & 2	CD 1 -> DR CY R5 -> Program	CYM:Ride 12 st	
Best Service	The Best of Gigapack 1 & 2	CD 1 -> DR CY R5 -> Program	CYM:Ride 13 st	
Best Service	The Best of Gigapack 1 & 2	CD 1 -> DR CY R5 -> Program	CYM:Ride 14 st	
Best Service	The Best of Gigapack 1 & 2	CD 1 -> DR CY R5 -> Sample	CYM:Ride47    -R	
Best Service	The Best of Gigapack 1 & 2	CD 1 -> DR CY R5 -> Sample	CYM:Ride48	
Best Service	The Best of Gigapack 1 & 2	CD 1 -> DR CY R5 -> Sample	CYM:Ride49	
Best Service	The Best of Gigapack 1 & 2	CD 1 -> DR CY R5 -> Sample	CYM:Ride50	
Best Service	The Best of Gigapack 1 & 2	CD 1 -> DR CY R5 -> Sample	CYM:Ride51	
Best Service	The Best of Gigapack 1 & 2	CD 1 -> DR CY R5 -> Sample	CYM:Ride52	
Best Service	The Best of Gigapack 1 & 2	CD 1 -> DR BD11M -> Program	BD:BD R m(4)All	
Best Service	The Best of Gigapack 1 & 2	CD 1 -> DR BD11M -> Program	BD:BD R m(4) 01	
Best Service	The Best of Gigapack 1 & 2	CD 1 -> DR BD11M -> Program	BD:BD R m(4) 02	
Best Service	The Best of Gigapack 1 & 2	CD 1 -> DR BD11M -> Program	BD:BD R m(4) 03	
Best Service	The Best of Gigapack 1 & 2	CD 1 -> DR BD11M -> Program	BD:BD R m(4) 04	
Best Service	The Best of Gigapack 1 & 2	CD 1 -> DR BD11M -> Program	BD:BD R m(4) 05	
Best Service	The Best of Gigapack 1 & 2	CD 1 -> DR BD11M -> Program	BD:BD R m(4) 06	
Best Service	The Best of Gigapack 1 & 2	CD 1 -> DR BD11M -> Sample	BD:bd1f	
Best Service	The Best of Gigapack 1 & 2	CD 1 -> DR BD11M -> Sample	BD:bd1g	
Best Service	The Best of Gigapack 1 & 2	CD 1 -> DR BD11M -> Sample	BD:bd1h	
Best Service	The Best of Gigapack 1 & 2	CD 1 -> DR BD11M -> Sample	BD:bd1i	
Best Service	The Best of Gigapack 1 & 2	CD 1 -> DR BD11M -> Sample	BD:bd1s	
Best Service	The Best of Gigapack 1 & 2	CD 1 -> DR BD11M -> Sample	BD:bd1t	
Best Service	The Best of Gigapack 1 & 2	CD 1 -> DR BD11M -> Sample	BD:bd1u	
Best Service	The Best of Gigapack 1 & 2	CD 1 -> DR BD11M -> Sample	BD:bd1v	
Best Service	The Best of Gigapack 1 & 2	CD 1 -> DR BD11M -> Sample	BD:bd2l	
Best Service	The Best of Gigapack 1 & 2	CD 1 -> DR BD11M -> Sample	BD:bd2m	
Best Service	The Best of Gigapack 1 & 2	CD 1 -> DR BD11M -> Sample	BD:bd2n	
Best Service	The Best of Gigapack 1 & 2	CD 1 -> DR BD11M -> Sample	BD:bd2o	
Best Service	The Best of Gigapack 1 & 2	CD 1 -> DR BD11M -> Sample	BD:bd2y	
Best Service	The Best of Gigapack 1 & 2	CD 1 -> DR BD11M -> Sample	BD:bd2z	
Best Service	The Best of Gigapack 1 & 2	CD 1 -> DR BD11M -> Sample	BD:bd3a	
Best Service	The Best of Gigapack 1 & 2	CD 1 -> DR BD11M -> Sample	BD:bd3b	
Best Service	The Best of Gigapack 1 & 2	CD 1 -> DR BD11M -> Sample	BD:bd3j	
Best Service	The Best of Gigapack 1 & 2	CD 1 -> DR BD11M -> Sample	BD:bd3k	
Best Service	The Best of Gigapack 1 & 2	CD 1 -> DR BD11M -> Sample	BD:bd3l	
Best Service	The Best of Gigapack 1 & 2	CD 1 -> DR BD11M -> Sample	BD:bd3m	
Best Service	The Best of Gigapack 1 & 2	CD 1 -> DR BD11M -> Sample	BD:bd3p	
Best Service	The Best of Gigapack 1 & 2	CD 1 -> DR BD11M -> Sample	BD:bd3q	
Best Service	The Best of Gigapack 1 & 2	CD 1 -> DR BD11M -> Sample	BD:bd3r	
Best Service	The Best of Gigapack 1 & 2	CD 1 -> DR BD11M -> Sample	BD:bd3s	
Best Service	The Best of Gigapack 1 & 2	CD 1 -> DR HH 01 -> Program	HH:HH Dance 1	
Best Service	The Best of Gigapack 1 & 2	CD 1 -> DR HH 01 -> Program	HH:HH Dance 2	
Best Service	The Best of Gigapack 1 & 2	CD 1 -> DR HH 01 -> Sample	HH:HH  1	
Best Service	The Best of Gigapack 1 & 2	CD 1 -> DR HH 01 -> Sample	HH:HH  2	
Best Service	The Best of Gigapack 1 & 2	CD 1 -> DR HH 01 -> Sample	HH:HH  3	
Best Service	The Best of Gigapack 1 & 2	CD 1 -> DR HH 01 -> Sample	HH:HH  4	
Best Service	The Best of Gigapack 1 & 2	CD 1 -> DR HH 01 -> Sample	HH:HH  5	
Best Service	The Best of Gigapack 1 & 2	CD 1 -> DR HH 01 -> Sample	HH:HH  6	
Best Service	The Best of Gigapack 1 & 2	CD 1 -> DR HH 01 -> Sample	HH:HH  7	
Best Service	The Best of Gigapack 1 & 2	CD 1 -> DR HH 01 -> Sample	HH:HH  9	
Best Service	The Best of Gigapack 1 & 2	CD 1 -> DR HH 01 -> Sample	HH:HH 11	
Best Service	The Best of Gigapack 1 & 2	CD 1 -> DR HH 01 -> Sample	HH:HH 12	
Best Service	The Best of Gigapack 1 & 2	CD 1 -> DR HH 01 -> Sample	HH:HH 13	
Best Service	The Best of Gigapack 1 & 2	CD 1 -> DR HH 01 -> Sample	HH:HH 14	
Best Service	The Best of Gigapack 1 & 2	CD 1 -> DR HH 01 -> Sample	HH:HH 15	
Best Service	The Best of Gigapack 1 & 2	CD 1 -> DR HH 01 -> Sample	HH:HH 16	
Best Service	The Best of Gigapack 1 & 2	CD 1 -> DR HH 01 -> Sample	HH:HH 17	
Best Service	The Best of Gigapack 1 & 2	CD 1 -> DR HH 01 -> Sample	HH:HH 18	
Best Service	The Best of Gigapack 1 & 2	CD 1 -> DR HH 01 -> Sample	HH:HH 19	
Best Service	The Best of Gigapack 1 & 2	CD 1 -> DR HH 01 -> Sample	HH:HH 20	
Best Service	The Best of Gigapack 1 & 2	CD 1 -> DR HH 01 -> Sample	HH:HH 21	
Best Service	The Best of Gigapack 1 & 2	CD 1 -> DR HH 01 -> Sample	HH:HH 22	
Best Service	The Best of Gigapack 1 & 2	CD 1 -> DR HH 01 -> Sample	HH:HH 23	
Best Service	The Best of Gigapack 1 & 2	CD 1 -> DR HH 01 -> Sample	HH:HH 24	
Best Service	The Best of Gigapack 1 & 2	CD 1 -> DR HH 01 -> Sample	HH:HH 25	
Best Service	The Best of Gigapack 1 & 2	CD 1 -> DR HH 01 -> Sample	HH:HH 26	
Best Service	The Best of Gigapack 1 & 2	CD 1 -> DR HH 01 -> Sample	HH:HH 27	
Best Service	The Best of Gigapack 1 & 2	CD 1 -> DR HH 01 -> Sample	HH:HH 28	
Best Service	The Best of Gigapack 1 & 2	CD 1 -> DR HH 01 -> Sample	HH:HH 29	
Best Service	The Best of Gigapack 1 & 2	CD 1 -> DR HH 01 -> Sample	HH:HH 30	
Best Service	The Best of Gigapack 1 & 2	CD 1 -> DR HH 01 -> Sample	HH:HH 31	
Best Service	The Best of Gigapack 1 & 2	CD 1 -> DR HH 01 -> Sample	HH:HH 32	
Best Service	The Best of Gigapack 1 & 2	CD 1 -> DR HH 01 -> Sample	HH:HH 34	
Best Service	The Best of Gigapack 1 & 2	CD 1 -> DR HH 01 -> Sample	HH:HH 35	
Best Service	The Best of Gigapack 1 & 2	CD 1 -> DR HH 01 -> Sample	HH:HH 36	
Best Service	The Best of Gigapack 1 & 2	CD 1 -> DR HH 01 -> Sample	HH:HH 37	
Best Service	The Best of Gigapack 1 & 2	CD 1 -> DR HH 01 -> Sample	HH:HH 38	
Best Service	The Best of Gigapack 1 & 2	CD 1 -> DR HH 01 -> Sample	HH:HH 39	
Best Service	The Best of Gigapack 1 & 2	CD 1 -> DR HH 01 -> Sample	HH:HH 40	
Best Service	The Best of Gigapack 1 & 2	CD 1 -> DR HH 01 -> Sample	HH:HH 10	
Best Service	The Best of Gigapack 1 & 2	CD 1 -> DR HH 01 -> Sample	HH:HH 41	
Best Service	The Best of Gigapack 1 & 2	CD 1 -> DR HH 01 -> Sample	HH:HH 42	
Best Service	The Best of Gigapack 1 & 2	CD 1 -> DR HH 01 -> Sample	HH:HH 43	
Best Service	The Best of Gigapack 1 & 2	CD 1 -> DR HH 01 -> Sample	HH:HH 44	
Best Service	The Best of Gigapack 1 & 2	CD 1 -> DR HH 01 -> Sample	HH:HH 45	
Best Service	The Best of Gigapack 1 & 2	CD 1 -> DR HH 01 -> Sample	HH:HH 46	
Best Service	The Best of Gigapack 1 & 2	CD 1 -> DR HH 01 -> Sample	HH:HH 49	
Best Service	The Best of Gigapack 1 & 2	CD 1 -> DR HH 01 -> Sample	HH:HH 50	
Best Service	The Best of Gigapack 1 & 2	CD 1 -> DR HH 01 -> Sample	HH:HH 51	
Best Service	The Best of Gigapack 1 & 2	CD 1 -> DR HH 01 -> Sample	HH:HH 52	
Best Service	The Best of Gigapack 1 & 2	CD 1 -> DR HH 01 -> Sample	HH:HH 53	
Best Service	The Best of Gigapack 1 & 2	CD 1 -> DR HH 01 -> Sample	HH:HH 54	
Best Service	The Best of Gigapack 1 & 2	CD 1 -> DR HH 01 -> Sample	HH:HH 61	
Best Service	The Best of Gigapack 1 & 2	CD 1 -> DR HH 01 -> Sample	HH:HH 63	
Best Service	The Best of Gigapack 1 & 2	CD 1 -> DR HH 01 -> Sample	HH:HH 66	
Best Service	The Best of Gigapack 1 & 2	CD 1 -> DR HH 01 -> Sample	HH:HH 69	
Best Service	The Best of Gigapack 1 & 2	CD 1 -> DR HH 01 -> Sample	HH:HH 72	
Best Service	The Best of Gigapack 1 & 2	CD 1 -> DR HH 01 -> Sample	HH:HH 73	
Best Service	The Best of Gigapack 1 & 2	CD 1 -> DR HH 01 -> Sample	HH:HH 74	
Best Service	The Best of Gigapack 1 & 2	CD 1 -> DR HH 01 -> Sample	HH:HH 75	
Best Service	The Best of Gigapack 1 & 2	CD 1 -> DR HH 01 -> Sample	HH:HH 76	
Best Service	The Best of Gigapack 1 & 2	CD 1 -> DR HH 01 -> Sample	HH:HH 77	
Best Service	The Best of Gigapack 1 & 2	CD 1 -> DR HH 01 -> Sample	HH:HH 78	
Best Service	The Best of Gigapack 1 & 2	CD 1 -> DR HH 01 -> Sample	HH:HH 79	
Best Service	The Best of Gigapack 1 & 2	CD 1 -> DR HH 01 -> Sample	HH:HH 80	
Best Service	The Best of Gigapack 1 & 2	CD 1 -> DR HH 01 -> Sample	HH:HH 81	
Best Service	The Best of Gigapack 1 & 2	CD 1 -> DR HH 01 -> Sample	HH:HH 82	
Best Service	The Best of Gigapack 1 & 2	CD 1 -> DR HH 01 -> Sample	HH:HH 83	
Best Service	The Best of Gigapack 1 & 2	CD 1 -> DR HH 01 -> Sample	HH:HH 84	
Best Service	The Best of Gigapack 1 & 2	CD 1 -> DR HH 01 -> Sample	HH:HH 85	
Best Service	The Best of Gigapack 1 & 2	CD 1 -> DR HH 01 -> Sample	HH:HH 86	
Best Service	The Best of Gigapack 1 & 2	CD 1 -> DR HH 01 -> Sample	HH:HH 87	
Best Service	The Best of Gigapack 1 & 2	CD 1 -> DR HH 01 -> Sample	HH:HH 88	
Best Service	The Best of Gigapack 1 & 2	CD 1 -> DR HH 01 -> Sample	HH:HH 89	
Best Service	The Best of Gigapack 1 & 2	CD 1 -> DR HH 01 -> Sample	HH:HH 57	
Best Service	The Best of Gigapack 1 & 2	CD 1 -> DR HH 01 -> Sample	HH:HH 60	
Best Service	The Best of Gigapack 1 & 2	CD 1 -> DR HH 01 -> Sample	HH:HH 47	
Best Service	The Best of Gigapack 1 & 2	CD 1 -> DR HH 01 -> Sample	HH:HH 55	
Best Service	The Best of Gigapack 1 & 2	CD 1 -> DR HH 01 -> Sample	HH:HH 58	
Best Service	The Best of Gigapack 1 & 2	CD 1 -> DR HH 01 -> Sample	HH:HH 64	
Best Service	The Best of Gigapack 1 & 2	CD 1 -> DR HH 01 -> Sample	HH:HH 67	
Best Service	The Best of Gigapack 1 & 2	CD 1 -> DR HH 01 -> Sample	HH:HH 70	
Best Service	The Best of Gigapack 1 & 2	CD 1 -> DR PERC1 -> Program	PER:Cowbells	
Best Service	The Best of Gigapack 1 & 2	CD 1 -> DR PERC1 -> Sample	PER:Cow 1	
Best Service	The Best of Gigapack 1 & 2	CD 1 -> DR PERC1 -> Sample	PER:Cow 2	
Best Service	The Best of Gigapack 1 & 2	CD 1 -> DR PERC1 -> Sample	PER:Cow 5	
Best Service	The Best of Gigapack 1 & 2	CD 1 -> DR PERC1 -> Sample	PER:Cow 6	
Best Service	The Best of Gigapack 1 & 2	CD 1 -> DR PERC1 -> Sample	PER:Cow 8	
Best Service	The Best of Gigapack 1 & 2	CD 1 -> DR PERC1 -> Sample	PER:Cow 9	
Best Service	The Best of Gigapack 1 & 2	CD 1 -> DR PERC1 -> Sample	PER:Cow10	
Best Service	The Best of Gigapack 1 & 2	CD 1 -> DR PERC1 -> Sample	PER:Cow11	
Best Service	The Best of Gigapack 1 & 2	CD 1 -> DR PERC1 -> Sample	PER:Cow14	
Best Service	The Best of Gigapack 1 & 2	CD 1 -> DR PERC1 -> Sample	PER:Cow15	
Best Service	The Best of Gigapack 1 & 2	CD 1 -> DR PERC1 -> Sample	PER:Cow17	
Best Service	The Best of Gigapack 1 & 2	CD 1 -> DR PERC1 -> Sample	PER:Cow18	
Best Service	The Best of Gigapack 1 & 2	CD 1 -> DR PERC1 -> Sample	PER:Cow19	
Best Service	The Best of Gigapack 1 & 2	CD 1 -> DR PERC1 -> Sample	PER:Cow20	
Best Service	The Best of Gigapack 1 & 2	CD 1 -> DR PERC1 -> Sample	PER:Cow21	
Best Service	The Best of Gigapack 1 & 2	CD 1 -> DR PERC1 -> Sample	PER:Cow22	
Best Service	The Best of Gigapack 1 & 2	CD 1 -> DR PERC1 -> Sample	PER:Cow25	
Best Service	The Best of Gigapack 1 & 2	CD 1 -> DR PERC1 -> Sample	PER:Cow26	
Best Service	The Best of Gigapack 1 & 2	CD 1 -> DR HH 06 -> Program	HH:HH-KitRev4st	
Best Service	The Best of Gigapack 1 & 2	CD 1 -> DR HH 06 -> Program	HH:HH-KitRev5st	
Best Service	The Best of Gigapack 1 & 2	CD 1 -> DR HH 06 -> Sample	HH:hh105     -R	
Best Service	The Best of Gigapack 1 & 2	CD 1 -> DR HH 06 -> Sample	HH:hh162	
Best Service	The Best of Gigapack 1 & 2	CD 1 -> DR HH 06 -> Sample	HH:hh163	
Best Service	The Best of Gigapack 1 & 2	CD 1 -> DR HH 06 -> Sample	HH:hh164	
Best Service	The Best of Gigapack 1 & 2	CD 1 -> DR HH 06 -> Sample	HH:hh165	
Best Service	The Best of Gigapack 1 & 2	CD 1 -> DR HH 06 -> Sample	HH:hh166	
Best Service	The Best of Gigapack 1 & 2	CD 1 -> DR HH 06 -> Sample	HH:hh167	
Best Service	The Best of Gigapack 1 & 2	CD 1 -> DR HH 06 -> Sample	HH:hh168	
Best Service	The Best of Gigapack 1 & 2	CD 1 -> DR HH 06 -> Sample	HH:hh169	
Best Service	The Best of Gigapack 1 & 2	CD 1 -> DR HH 06 -> Sample	HH:hh170	
Best Service	The Best of Gigapack 1 & 2	CD 1 -> DR HH 06 -> Sample	HH:hh171	
Best Service	The Best of Gigapack 1 & 2	CD 1 -> DR HH 06 -> Sample	HH:hh172	
Best Service	The Best of Gigapack 1 & 2	CD 1 -> DR HH 06 -> Sample	HH:hh142	
Best Service	The Best of Gigapack 1 & 2	CD 1 -> DR HH 06 -> Sample	HH:hh143	
Best Service	The Best of Gigapack 1 & 2	CD 1 -> DR HH 06 -> Sample	HH:hh144	
Best Service	The Best of Gigapack 1 & 2	CD 1 -> DR HH 06 -> Sample	HH:hh146	
Best Service	The Best of Gigapack 1 & 2	CD 1 -> DR HH 06 -> Sample	HH:hh148	
Best Service	The Best of Gigapack 1 & 2	CD 1 -> DR HH 06 -> Sample	HH:hh150	
Best Service	The Best of Gigapack 1 & 2	CD 1 -> DR HH 06 -> Sample	HH:hh152	
Best Service	The Best of Gigapack 1 & 2	CD 1 -> DR HH 06 -> Sample	HH:hh145	
Best Service	The Best of Gigapack 1 & 2	CD 1 -> DR HH 06 -> Sample	HH:hh147	
Best Service	The Best of Gigapack 1 & 2	CD 1 -> DR HH 06 -> Sample	HH:hh149	
Best Service	The Best of Gigapack 1 & 2	CD 1 -> DR HH 06 -> Sample	HH:hh151	
Best Service	The Best of Gigapack 1 & 2	CD 1 -> DR HH 07 -> Program	HH:HH-Kit  1 st	
Best Service	The Best of Gigapack 1 & 2	CD 1 -> DR HH 07 -> Program	HH:HH-Kit  2 st	
Best Service	The Best of Gigapack 1 & 2	CD 1 -> DR HH 07 -> Program	HH:HH-Kit  4 st	
Best Service	The Best of Gigapack 1 & 2	CD 1 -> DR HH 07 -> Program	HH:HH-Kit  5 st	
Best Service	The Best of Gigapack 1 & 2	CD 1 -> DR HH 07 -> Sample	HH:hh 22	
Best Service	The Best of Gigapack 1 & 2	CD 1 -> DR HH 07 -> Sample	HH:hh 24	
Best Service	The Best of Gigapack 1 & 2	CD 1 -> DR HH 07 -> Sample	HH:hh 26	
Best Service	The Best of Gigapack 1 & 2	CD 1 -> DR HH 07 -> Sample	HH:hh 28	
Best Service	The Best of Gigapack 1 & 2	CD 1 -> DR HH 07 -> Sample	HH:hh 23	
Best Service	The Best of Gigapack 1 & 2	CD 1 -> DR HH 07 -> Sample	HH:hh 25	
Best Service	The Best of Gigapack 1 & 2	CD 1 -> DR HH 07 -> Sample	HH:hh 27	
Best Service	The Best of Gigapack 1 & 2	CD 1 -> DR HH 07 -> Sample	HH:hh 29	
Best Service	The Best of Gigapack 1 & 2	CD 1 -> DR HH 07 -> Sample	HH:hh 50	
Best Service	The Best of Gigapack 1 & 2	CD 1 -> DR HH 07 -> Sample	HH:hh 52	
Best Service	The Best of Gigapack 1 & 2	CD 1 -> DR HH 07 -> Sample	HH:hh 54	
Best Service	The Best of Gigapack 1 & 2	CD 1 -> DR HH 07 -> Sample	HH:hh 55	
Best Service	The Best of Gigapack 1 & 2	CD 1 -> DR HH 07 -> Sample	HH:hh 57	
Best Service	The Best of Gigapack 1 & 2	CD 1 -> DR HH 07 -> Sample	HH:hh 58	
Best Service	The Best of Gigapack 1 & 2	CD 1 -> DR HH 07 -> Sample	HH:hh 51	
Best Service	The Best of Gigapack 1 & 2	CD 1 -> DR HH 07 -> Sample	HH:hh 53	
Best Service	The Best of Gigapack 1 & 2	CD 1 -> DR HH 07 -> Sample	HH:hh 56	
Best Service	The Best of Gigapack 1 & 2	CD 1 -> DR HH 07 -> Sample	HH:hh 59	
Best Service	The Best of Gigapack 1 & 2	CD 1 -> DR HH 07 -> Sample	HH:hh 70     -R	
Best Service	The Best of Gigapack 1 & 2	CD 1 -> DR HH 07 -> Sample	HH:hh 71	
Best Service	The Best of Gigapack 1 & 2	CD 1 -> DR HH 07 -> Sample	HH:hh 73	
Best Service	The Best of Gigapack 1 & 2	CD 1 -> DR HH 07 -> Sample	HH:hh 75	
Best Service	The Best of Gigapack 1 & 2	CD 1 -> DR HH 07 -> Sample	HH:hh 77	
Best Service	The Best of Gigapack 1 & 2	CD 1 -> DR HH 07 -> Sample	HH:hh 79	
Best Service	The Best of Gigapack 1 & 2	CD 1 -> DR HH 07 -> Sample	HH:hh 80	
Best Service	The Best of Gigapack 1 & 2	CD 1 -> DR HH 07 -> Sample	HH:hh 81	
Best Service	The Best of Gigapack 1 & 2	CD 1 -> DR HH 07 -> Sample	HH:hh 72	
Best Service	The Best of Gigapack 1 & 2	CD 1 -> DR HH 07 -> Sample	HH:hh 74	
Best Service	The Best of Gigapack 1 & 2	CD 1 -> DR HH 07 -> Sample	HH:hh 76	
Best Service	The Best of Gigapack 1 & 2	CD 1 -> DR HH 07 -> Sample	HH:hh 78	
Best Service	The Best of Gigapack 1 & 2	CD 1 -> DR HH 07 -> Sample	HH:hh153	
Best Service	The Best of Gigapack 1 & 2	CD 1 -> DR HH 07 -> Sample	HH:hh155	
Best Service	The Best of Gigapack 1 & 2	CD 1 -> DR HH 07 -> Sample	HH:hh157	
Best Service	The Best of Gigapack 1 & 2	CD 1 -> DR HH 07 -> Sample	HH:hh158	
Best Service	The Best of Gigapack 1 & 2	CD 1 -> DR HH 07 -> Sample	HH:hh159	
Best Service	The Best of Gigapack 1 & 2	CD 1 -> DR HH 07 -> Sample	HH:hh161	
Best Service	The Best of Gigapack 1 & 2	CD 1 -> DR HH 07 -> Sample	HH:hh154	
Best Service	The Best of Gigapack 1 & 2	CD 1 -> DR HH 07 -> Sample	HH:hh156	
Best Service	The Best of Gigapack 1 & 2	CD 1 -> DR HH 07 -> Sample	HH:hh160	
Best Service	The Best of Gigapack 1 & 2	CD 1 -> DR HH 04 -> Program	HH:HH Real 1m	
Best Service	The Best of Gigapack 1 & 2	CD 1 -> DR HH 04 -> Program	HH:HH Real 2m	
Best Service	The Best of Gigapack 1 & 2	CD 1 -> DR HH 04 -> Program	GM HH realPrg 01	
Best Service	The Best of Gigapack 1 & 2	CD 1 -> DR HH 04 -> Program	GM HH realPrg 02	
Best Service	The Best of Gigapack 1 & 2	CD 1 -> DR HH 04 -> Program	GM HH realPrg 03	
Best Service	The Best of Gigapack 1 & 2	CD 1 -> DR HH 04 -> Program	GM HH realPrg 04	
Best Service	The Best of Gigapack 1 & 2	CD 1 -> DR HH 04 -> Program	GM HH realPrg 05	
Best Service	The Best of Gigapack 1 & 2	CD 1 -> DR HH 04 -> Program	GM HH realPrg 06	
Best Service	The Best of Gigapack 1 & 2	CD 1 -> DR HH 04 -> Program	GM HH realPrg 07	
Best Service	The Best of Gigapack 1 & 2	CD 1 -> DR HH 04 -> Program	GM HH realPrg 08	
Best Service	The Best of Gigapack 1 & 2	CD 1 -> DR HH 04 -> Program	GM HH realPrg 09	
Best Service	The Best of Gigapack 1 & 2	CD 1 -> DR HH 04 -> Program	GM HH realPrg 10	
Best Service	The Best of Gigapack 1 & 2	CD 1 -> DR HH 04 -> Program	GM HH realPrg 11	
Best Service	The Best of Gigapack 1 & 2	CD 1 -> DR HH 04 -> Program	GM HH realPrg 12	
Best Service	The Best of Gigapack 1 & 2	CD 1 -> DR HH 04 -> Program	GM HH realPrg 13	
Best Service	The Best of Gigapack 1 & 2	CD 1 -> DR HH 04 -> Program	GM HH realPrg 14	
Best Service	The Best of Gigapack 1 & 2	CD 1 -> DR HH 04 -> Program	GM HH realPrg 15	
Best Service	The Best of Gigapack 1 & 2	CD 1 -> DR HH 04 -> Program	GM HH realPrg 16	
Best Service	The Best of Gigapack 1 & 2	CD 1 -> DR HH 04 -> Program	GM HH realPrg 17	
Best Service	The Best of Gigapack 1 & 2	CD 1 -> DR HH 04 -> Program	GM HH realPrg 18	
Best Service	The Best of Gigapack 1 & 2	CD 1 -> DR HH 04 -> Program	GM HH realPrg 19	
Best Service	The Best of Gigapack 1 & 2	CD 1 -> DR HH 04 -> Program	GM HH realPrg 20	
Best Service	The Best of Gigapack 1 & 2	CD 1 -> DR HH 04 -> Program	GM HH realPrg 21	
Best Service	The Best of Gigapack 1 & 2	CD 1 -> DR HH 04 -> Program	GM HH realPrg 22	
Best Service	The Best of Gigapack 1 & 2	CD 1 -> DR HH 04 -> Program	GM HH realPrg 23	
Best Service	The Best of Gigapack 1 & 2	CD 1 -> DR HH 04 -> Program	GM HH realPrg 24	
Best Service	The Best of Gigapack 1 & 2	CD 1 -> DR HH 04 -> Program	GM HH realPrg 25	
Best Service	The Best of Gigapack 1 & 2	CD 1 -> DR HH 04 -> Program	GM HH realPrg 26	
Best Service	The Best of Gigapack 1 & 2	CD 1 -> DR HH 04 -> Program	GM HH realPrg 27	
Best Service	The Best of Gigapack 1 & 2	CD 1 -> DR HH 04 -> Program	GM HH realPrg 28	
Best Service	The Best of Gigapack 1 & 2	CD 1 -> DR HH 04 -> Program	GM HH realPrg 29	
Best Service	The Best of Gigapack 1 & 2	CD 1 -> DR HH 04 -> Program	GM HH realPrg 30	
Best Service	The Best of Gigapack 1 & 2	CD 1 -> DR HH 04 -> Program	GM HH realPrg 31	
Best Service	The Best of Gigapack 1 & 2	CD 1 -> DR HH 04 -> Sample	HH:hh173	
Best Service	The Best of Gigapack 1 & 2	CD 1 -> DR HH 04 -> Sample	HH:hh174	
Best Service	The Best of Gigapack 1 & 2	CD 1 -> DR HH 04 -> Sample	HH:hh175	
Best Service	The Best of Gigapack 1 & 2	CD 1 -> DR HH 04 -> Sample	HH:hh176	
Best Service	The Best of Gigapack 1 & 2	CD 1 -> DR HH 04 -> Sample	HH:hh177	
Best Service	The Best of Gigapack 1 & 2	CD 1 -> DR HH 04 -> Sample	HH:hh178	
Best Service	The Best of Gigapack 1 & 2	CD 1 -> DR HH 04 -> Sample	HH:hh179	
Best Service	The Best of Gigapack 1 & 2	CD 1 -> DR HH 04 -> Sample	HH:hh180	
Best Service	The Best of Gigapack 1 & 2	CD 1 -> DR HH 04 -> Sample	HH:hh181	
Best Service	The Best of Gigapack 1 & 2	CD 1 -> DR HH 04 -> Sample	HH:hh182	
Best Service	The Best of Gigapack 1 & 2	CD 1 -> DR HH 04 -> Sample	HH:hh183	
Best Service	The Best of Gigapack 1 & 2	CD 1 -> DR HH 04 -> Sample	HH:hh184	
Best Service	The Best of Gigapack 1 & 2	CD 1 -> DR HH 04 -> Sample	HH:hh185	
Best Service	The Best of Gigapack 1 & 2	CD 1 -> DR HH 04 -> Sample	HH:hh186	
Best Service	The Best of Gigapack 1 & 2	CD 1 -> DR HH 04 -> Sample	HH:hh187	
Best Service	The Best of Gigapack 1 & 2	CD 1 -> DR HH 04 -> Sample	HH:hh188	
Best Service	The Best of Gigapack 1 & 2	CD 1 -> DR HH 04 -> Sample	HH:hh301	
Best Service	The Best of Gigapack 1 & 2	CD 1 -> DR HH 04 -> Sample	HH:hh190	
Best Service	The Best of Gigapack 1 & 2	CD 1 -> DR HH 04 -> Sample	HH:hh191	
Best Service	The Best of Gigapack 1 & 2	CD 1 -> DR HH 04 -> Sample	HH:hh189	
Best Service	The Best of Gigapack 1 & 2	CD 1 -> DR HH 04 -> Sample	HH:hh193	
Best Service	The Best of Gigapack 1 & 2	CD 1 -> DR HH 04 -> Sample	HH:hh192	
Best Service	The Best of Gigapack 1 & 2	CD 1 -> DR HH 04 -> Sample	HH:hh195	
Best Service	The Best of Gigapack 1 & 2	CD 1 -> DR HH 04 -> Sample	HH:hh196	
Best Service	The Best of Gigapack 1 & 2	CD 1 -> DR HH 04 -> Sample	HH:hh197	
Best Service	The Best of Gigapack 1 & 2	CD 1 -> DR HH 04 -> Sample	HH:hh198	
Best Service	The Best of Gigapack 1 & 2	CD 1 -> DR HH 04 -> Sample	HH:hh199	
Best Service	The Best of Gigapack 1 & 2	CD 1 -> DR HH 04 -> Sample	HH:hh200	
Best Service	The Best of Gigapack 1 & 2	CD 1 -> DR HH 04 -> Sample	HH:hh201	
Best Service	The Best of Gigapack 1 & 2	CD 1 -> DR HH 04 -> Sample	HH:hh194	
Best Service	The Best of Gigapack 1 & 2	CD 1 -> DR HH 04 -> Sample	HH:hh203	
Best Service	The Best of Gigapack 1 & 2	CD 1 -> DR HH 04 -> Sample	HH:hh204	
Best Service	The Best of Gigapack 1 & 2	CD 1 -> DR HH 04 -> Sample	HH:hh205	
Best Service	The Best of Gigapack 1 & 2	CD 1 -> DR HH 04 -> Sample	HH:hh206	
Best Service	The Best of Gigapack 1 & 2	CD 1 -> DR HH 04 -> Sample	HH:hh207	
Best Service	The Best of Gigapack 1 & 2	CD 1 -> DR HH 04 -> Sample	HH:hh208	
Best Service	The Best of Gigapack 1 & 2	CD 1 -> DR HH 04 -> Sample	HH:hh209	
Best Service	The Best of Gigapack 1 & 2	CD 1 -> DR HH 04 -> Sample	HH:hh210	
Best Service	The Best of Gigapack 1 & 2	CD 1 -> DR HH 04 -> Sample	HH:hh211	
Best Service	The Best of Gigapack 1 & 2	CD 1 -> DR HH 04 -> Sample	HH:hh212	
Best Service	The Best of Gigapack 1 & 2	CD 1 -> DR HH 04 -> Sample	HH:hh213	
Best Service	The Best of Gigapack 1 & 2	CD 1 -> DR HH 04 -> Sample	HH:hh214	
Best Service	The Best of Gigapack 1 & 2	CD 1 -> DR HH 04 -> Sample	HH:hh215	
Best Service	The Best of Gigapack 1 & 2	CD 1 -> DR HH 04 -> Sample	HH:hh216	
Best Service	The Best of Gigapack 1 & 2	CD 1 -> DR HH 04 -> Sample	HH:hh217	
Best Service	The Best of Gigapack 1 & 2	CD 1 -> DR HH 04 -> Sample	HH:hh218	
Best Service	The Best of Gigapack 1 & 2	CD 1 -> DR HH 04 -> Sample	HH:hh219	
Best Service	The Best of Gigapack 1 & 2	CD 1 -> DR HH 04 -> Sample	HH:hh220	
Best Service	The Best of Gigapack 1 & 2	CD 1 -> DR HH 04 -> Sample	HH:hh221	
Best Service	The Best of Gigapack 1 & 2	CD 1 -> DR HH 04 -> Sample	HH:hh222	
Best Service	The Best of Gigapack 1 & 2	CD 1 -> DR HH 04 -> Sample	HH:hh223	
Best Service	The Best of Gigapack 1 & 2	CD 1 -> DR HH 04 -> Sample	HH:hh224	
Best Service	The Best of Gigapack 1 & 2	CD 1 -> DR HH 04 -> Sample	HH:hh225	
Best Service	The Best of Gigapack 1 & 2	CD 1 -> DR HH 04 -> Sample	HH:hh226	
Best Service	The Best of Gigapack 1 & 2	CD 1 -> DR HH 04 -> Sample	HH:hh227	
Best Service	The Best of Gigapack 1 & 2	CD 1 -> DR HH 04 -> Sample	HH:hh228	
Best Service	The Best of Gigapack 1 & 2	CD 1 -> DR HH 04 -> Sample	HH:hh229	
Best Service	The Best of Gigapack 1 & 2	CD 1 -> DR HH 04 -> Sample	HH:hh230	
Best Service	The Best of Gigapack 1 & 2	CD 1 -> DR HH 04 -> Sample	HH:hh231	
Best Service	The Best of Gigapack 1 & 2	CD 1 -> DR HH 04 -> Sample	HH:hh232	
Best Service	The Best of Gigapack 1 & 2	CD 1 -> DR HH 04 -> Sample	HH:hh233	
Best Service	The Best of Gigapack 1 & 2	CD 1 -> DR HH 04 -> Sample	HH:hh234	
Best Service	The Best of Gigapack 1 & 2	CD 1 -> DR HH 04 -> Sample	HH:hh235	
Best Service	The Best of Gigapack 1 & 2	CD 1 -> DR HH 04 -> Sample	HH:hh236	
Best Service	The Best of Gigapack 1 & 2	CD 1 -> DR HH 04 -> Sample	HH:hh237	
Best Service	The Best of Gigapack 1 & 2	CD 1 -> DR HH 04 -> Sample	HH:hh238	
Best Service	The Best of Gigapack 1 & 2	CD 1 -> DR HH 04 -> Sample	HH:hh239	
Best Service	The Best of Gigapack 1 & 2	CD 1 -> DR HH 04 -> Sample	HH:hh240	
Best Service	The Best of Gigapack 1 & 2	CD 1 -> DR HH 04 -> Sample	HH:hh241	
Best Service	The Best of Gigapack 1 & 2	CD 1 -> DR HH 04 -> Sample	HH:hh242	
Best Service	The Best of Gigapack 1 & 2	CD 1 -> DR HH 04 -> Sample	HH:hh243	
Best Service	The Best of Gigapack 1 & 2	CD 1 -> DR HH 04 -> Sample	HH:hh244	
Best Service	The Best of Gigapack 1 & 2	CD 1 -> DR HH 04 -> Sample	HH:hh245	
Best Service	The Best of Gigapack 1 & 2	CD 1 -> DR HH 04 -> Sample	HH:hh246	
Best Service	The Best of Gigapack 1 & 2	CD 1 -> DR HH 04 -> Sample	HH:hh247	
Best Service	The Best of Gigapack 1 & 2	CD 1 -> DR HH 04 -> Sample	HH:hh248	
Best Service	The Best of Gigapack 1 & 2	CD 1 -> DR HH 04 -> Sample	HH:hh249	
Best Service	The Best of Gigapack 1 & 2	CD 1 -> DR HH 04 -> Sample	HH:hh250	
Best Service	The Best of Gigapack 1 & 2	CD 1 -> DR HH 04 -> Sample	HH:hh251	
Best Service	The Best of Gigapack 1 & 2	CD 1 -> DR HH 04 -> Sample	HH:hh252	
Best Service	The Best of Gigapack 1 & 2	CD 1 -> DR HH 04 -> Sample	HH:hh253	
Best Service	The Best of Gigapack 1 & 2	CD 1 -> DR HH 04 -> Sample	HH:hh254	
Best Service	The Best of Gigapack 1 & 2	CD 1 -> DR HH 04 -> Sample	HH:hh255	
Best Service	The Best of Gigapack 1 & 2	CD 1 -> DR HH 04 -> Sample	HH:hh256	
Best Service	The Best of Gigapack 1 & 2	CD 1 -> DR HH 04 -> Sample	HH:hh257	
Best Service	The Best of Gigapack 1 & 2	CD 1 -> DR HH 04 -> Sample	HH:hh258	
Best Service	The Best of Gigapack 1 & 2	CD 1 -> DR HH 04 -> Sample	HH:hh259	
Best Service	The Best of Gigapack 1 & 2	CD 1 -> DR HH 04 -> Sample	HH:hh260	
Best Service	The Best of Gigapack 1 & 2	CD 1 -> DR HH 04 -> Sample	HH:hh291	
Best Service	The Best of Gigapack 1 & 2	CD 1 -> DR HH 04 -> Sample	HH:hh292	
Best Service	The Best of Gigapack 1 & 2	CD 1 -> DR HH 04 -> Sample	HH:hh293	
Best Service	The Best of Gigapack 1 & 2	CD 1 -> DR HH 04 -> Sample	HH:hh294	
Best Service	The Best of Gigapack 1 & 2	CD 1 -> DR HH 04 -> Sample	HH:hh295	
Best Service	The Best of Gigapack 1 & 2	CD 1 -> DR HH 04 -> Sample	HH:hh296	
Best Service	The Best of Gigapack 1 & 2	CD 1 -> DR HH 04 -> Sample	HH:hh297	
Best Service	The Best of Gigapack 1 & 2	CD 1 -> DR HH 04 -> Sample	HH:hh298	
Best Service	The Best of Gigapack 1 & 2	CD 1 -> DR HH 04 -> Sample	HH:HH 60	
Best Service	The Best of Gigapack 1 & 2	CD 1 -> DR PERC2 -> Program	PER:Bells	
Best Service	The Best of Gigapack 1 & 2	CD 1 -> DR PERC2 -> Program	PER:Bells st	
Best Service	The Best of Gigapack 1 & 2	CD 1 -> DR PERC2 -> Sample	PER:be 1	
Best Service	The Best of Gigapack 1 & 2	CD 1 -> DR PERC2 -> Sample	PER:be 2	
Best Service	The Best of Gigapack 1 & 2	CD 1 -> DR PERC2 -> Sample	PER:be 3	
Best Service	The Best of Gigapack 1 & 2	CD 1 -> DR PERC2 -> Sample	PER:be 4	
Best Service	The Best of Gigapack 1 & 2	CD 1 -> DR PERC2 -> Sample	PER:be 5	
Best Service	The Best of Gigapack 1 & 2	CD 1 -> DR PERC2 -> Sample	PER:be 6	
Best Service	The Best of Gigapack 1 & 2	CD 1 -> DR PERC2 -> Sample	PER:be 7	
Best Service	The Best of Gigapack 1 & 2	CD 1 -> DR PERC2 -> Sample	PER:be 8	
Best Service	The Best of Gigapack 1 & 2	CD 1 -> DR PERC2 -> Sample	PER:be 9	
Best Service	The Best of Gigapack 1 & 2	CD 1 -> DR PERC3 -> Program	PER:Congas 1	
Best Service	The Best of Gigapack 1 & 2	CD 1 -> DR PERC3 -> Program	PER:Congas 2	
Best Service	The Best of Gigapack 1 & 2	CD 1 -> DR PERC3 -> Sample	PER:co 1	
Best Service	The Best of Gigapack 1 & 2	CD 1 -> DR PERC3 -> Sample	PER:co 2	
Best Service	The Best of Gigapack 1 & 2	CD 1 -> DR PERC3 -> Sample	PER:co 3	
Best Service	The Best of Gigapack 1 & 2	CD 1 -> DR PERC3 -> Sample	PER:co 5	
Best Service	The Best of Gigapack 1 & 2	CD 1 -> DR PERC3 -> Sample	PER:co 7	
Best Service	The Best of Gigapack 1 & 2	CD 1 -> DR PERC3 -> Sample	PER:co 8	
Best Service	The Best of Gigapack 1 & 2	CD 1 -> DR PERC3 -> Sample	PER:co 6	
Best Service	The Best of Gigapack 1 & 2	CD 1 -> DR PERC3 -> Sample	PER:co 9	
Best Service	The Best of Gigapack 1 & 2	CD 1 -> DR PERC3 -> Sample	PER:co11	
Best Service	The Best of Gigapack 1 & 2	CD 1 -> DR PERC3 -> Sample	PER:co12	
Best Service	The Best of Gigapack 1 & 2	CD 1 -> DR PERC3 -> Sample	PER:co13	
Best Service	The Best of Gigapack 1 & 2	CD 1 -> DR PERC3 -> Sample	PER:co14	
Best Service	The Best of Gigapack 1 & 2	CD 1 -> DR PERC3 -> Sample	PER:co15	
Best Service	The Best of Gigapack 1 & 2	CD 1 -> DR PERC4 -> Program	PER:Triangle	
Best Service	The Best of Gigapack 1 & 2	CD 1 -> DR PERC4 -> Sample	PER:Tr 1	
Best Service	The Best of Gigapack 1 & 2	CD 1 -> DR PERC4 -> Sample	PER:Tr 2	
Best Service	The Best of Gigapack 1 & 2	CD 1 -> DR PERC4 -> Sample	PER:Tr 3	
Best Service	The Best of Gigapack 1 & 2	CD 1 -> DR PERC4 -> Sample	PER:Tr 4	
Best Service	The Best of Gigapack 1 & 2	CD 1 -> DR PERC4 -> Sample	PER:Tr 5	
Best Service	The Best of Gigapack 1 & 2	CD 1 -> DR PERC4 -> Sample	PER:Tr 6	
Best Service	The Best of Gigapack 1 & 2	CD 1 -> DR PERC4 -> Sample	PER:Tr 7	
Best Service	The Best of Gigapack 1 & 2	CD 1 -> DR PERC4 -> Sample	PER:Tr 8	
Best Service	The Best of Gigapack 1 & 2	CD 1 -> DR PERC4 -> Sample	PER:Tr 9	
Best Service	The Best of Gigapack 1 & 2	CD 1 -> DR PERC4 -> Sample	PER:Tr10	
Best Service	The Best of Gigapack 1 & 2	CD 1 -> DR PERC4 -> Sample	PER:Tr11	
Best Service	The Best of Gigapack 1 & 2	CD 1 -> DR PERC4 -> Sample	PER:Tr12	
Best Service	The Best of Gigapack 1 & 2	CD 1 -> DR PERC4 -> Sample	PER:Tr13	
Best Service	The Best of Gigapack 1 & 2	CD 1 -> DR PERC4 -> Sample	PER:Tr14	
Best Service	The Best of Gigapack 1 & 2	CD 1 -> DR PERC5 -> Program	PER:Shaker	
Best Service	The Best of Gigapack 1 & 2	CD 1 -> DR PERC5 -> Sample	PER:Sh 1	
Best Service	The Best of Gigapack 1 & 2	CD 1 -> DR PERC5 -> Sample	PER:Sh 2	
Best Service	The Best of Gigapack 1 & 2	CD 1 -> DR PERC5 -> Sample	PER:Sh 3	
Best Service	The Best of Gigapack 1 & 2	CD 1 -> DR PERC5 -> Sample	PER:Sh 4	
Best Service	The Best of Gigapack 1 & 2	CD 1 -> DR PERC5 -> Sample	PER:Sh 5	
Best Service	The Best of Gigapack 1 & 2	CD 1 -> DR PERC5 -> Sample	PER:Sh 6	
Best Service	The Best of Gigapack 1 & 2	CD 1 -> DR PERC5 -> Sample	PER:Sh 7	
Best Service	The Best of Gigapack 1 & 2	CD 1 -> DR PERC5 -> Sample	PER:Sh 8	
Best Service	The Best of Gigapack 1 & 2	CD 1 -> DR PERC5 -> Sample	PER:Sh 9	
Best Service	The Best of Gigapack 1 & 2	CD 1 -> DR PERC5 -> Sample	PER:Sh10	
Best Service	The Best of Gigapack 1 & 2	CD 1 -> DR PERC5 -> Sample	PER:Sh11	
Best Service	The Best of Gigapack 1 & 2	CD 1 -> DR PERC5 -> Sample	PER:Sh12	
Best Service	The Best of Gigapack 1 & 2	CD 1 -> DR PERC5 -> Sample	PER:Sh13	
Best Service	The Best of Gigapack 1 & 2	CD 1 -> DR PERC5 -> Sample	PER:Sh14	
Best Service	The Best of Gigapack 1 & 2	CD 1 -> DR PERC5 -> Sample	PER:Sh15	
Best Service	The Best of Gigapack 1 & 2	CD 1 -> DR PERC5 -> Sample	PER:Sh16	
Best Service	The Best of Gigapack 1 & 2	CD 1 -> DR PERC5 -> Sample	PER:Sh17	
Best Service	The Best of Gigapack 1 & 2	CD 1 -> DR PERC5 -> Sample	PER:Sh18	
Best Service	The Best of Gigapack 1 & 2	CD 1 -> DR PERC5 -> Sample	PER:Sh19	
Best Service	The Best of Gigapack 1 & 2	CD 1 -> DR PERC5 -> Sample	PER:Sh20	
Best Service	The Best of Gigapack 1 & 2	CD 1 -> DR PERC5 -> Sample	PER:Sh21	
Best Service	The Best of Gigapack 1 & 2	CD 1 -> DR PERC5 -> Sample	PER:Sh22	
Best Service	The Best of Gigapack 1 & 2	CD 1 -> DR PERC5 -> Sample	PER:Sh23	
Best Service	The Best of Gigapack 1 & 2	CD 1 -> DR PERC5 -> Sample	PER:Sh24	
Best Service	The Best of Gigapack 1 & 2	CD 1 -> DR PERC5 -> Sample	PER:Sh25	
Best Service	The Best of Gigapack 1 & 2	CD 1 -> DR PERC5 -> Sample	PER:Sh26	
Best Service	The Best of Gigapack 1 & 2	CD 1 -> DR PERC5 -> Sample	PER:Sh27	
Best Service	The Best of Gigapack 1 & 2	CD 1 -> DR PERC6 -> Program	PER:Tambourine s	
Best Service	The Best of Gigapack 1 & 2	CD 1 -> DR PERC6 -> Program	PER:Tambourine m	
Best Service	The Best of Gigapack 1 & 2	CD 1 -> DR PERC6 -> Sample	PER:ta01	
Best Service	The Best of Gigapack 1 & 2	CD 1 -> DR PERC6 -> Sample	PER:ta02	
Best Service	The Best of Gigapack 1 & 2	CD 1 -> DR PERC6 -> Sample	PER:ta04	
Best Service	The Best of Gigapack 1 & 2	CD 1 -> DR PERC6 -> Sample	PER:ta05	
Best Service	The Best of Gigapack 1 & 2	CD 1 -> DR PERC6 -> Sample	PER:ta06	
Best Service	The Best of Gigapack 1 & 2	CD 1 -> DR PERC6 -> Sample	PER:ta07	
Best Service	The Best of Gigapack 1 & 2	CD 1 -> DR PERC6 -> Sample	PER:ta08	
Best Service	The Best of Gigapack 1 & 2	CD 1 -> DR PERC6 -> Sample	PER:ta09	
Best Service	The Best of Gigapack 1 & 2	CD 1 -> DR PERC6 -> Sample	PER:ta10	
Best Service	The Best of Gigapack 1 & 2	CD 1 -> DR PERC6 -> Sample	PER:ta11	
Best Service	The Best of Gigapack 1 & 2	CD 1 -> DR PERC6 -> Sample	PER:ta12	
Best Service	The Best of Gigapack 1 & 2	CD 1 -> DR PERC6 -> Sample	PER:ta13	
Best Service	The Best of Gigapack 1 & 2	CD 1 -> DR PERC6 -> Sample	PER:ta14	
Best Service	The Best of Gigapack 1 & 2	CD 1 -> DR PERC6 -> Sample	PER:ta15	
Best Service	The Best of Gigapack 1 & 2	CD 1 -> DR PERC6 -> Sample	PER:ta16	
Best Service	The Best of Gigapack 1 & 2	CD 1 -> DR PERC6 -> Sample	PER:ta17	
Best Service	The Best of Gigapack 1 & 2	CD 1 -> DR PERC6 -> Sample	PER:ta18	
Best Service	The Best of Gigapack 1 & 2	CD 1 -> DR PERC6 -> Sample	PER:ta19	
Best Service	The Best of Gigapack 1 & 2	CD 1 -> DR PERC6 -> Sample	PER:ta20	
Best Service	The Best of Gigapack 1 & 2	CD 1 -> DR PERC6 -> Sample	PER:ta21	
Best Service	The Best of Gigapack 1 & 2	CD 1 -> DR PERC6 -> Sample	PER:ta22	
Best Service	The Best of Gigapack 1 & 2	CD 1 -> DR PERC6 -> Sample	PER:ta23	
Best Service	The Best of Gigapack 1 & 2	CD 1 -> DR PERC6 -> Sample	PER:ta24	
Best Service	The Best of Gigapack 1 & 2	CD 1 -> DR PERC6 -> Sample	PER:ta25	
Best Service	The Best of Gigapack 1 & 2	CD 1 -> DR PERC6 -> Sample	PER:ta26	
Best Service	The Best of Gigapack 1 & 2	CD 1 -> DR PERC6 -> Sample	PER:ta27	
Best Service	The Best of Gigapack 1 & 2	CD 1 -> DR PERC6 -> Sample	PER:ta28	
Best Service	The Best of Gigapack 1 & 2	CD 1 -> DR PERC6 -> Sample	PER:ta29	
Best Service	The Best of Gigapack 1 & 2	CD 1 -> DR PERC6 -> Sample	PER:ta30	
Best Service	The Best of Gigapack 1 & 2	CD 1 -> DR PERC6 -> Sample	PER:ta31	
Best Service	The Best of Gigapack 1 & 2	CD 1 -> DR PERC6 -> Sample	PER:ta32	
Best Service	The Best of Gigapack 1 & 2	CD 1 -> DR PERC6 -> Sample	PER:ta33	
Best Service	The Best of Gigapack 1 & 2	CD 1 -> DR PERC6 -> Sample	PER:ta34	
Best Service	The Best of Gigapack 1 & 2	CD 1 -> DR PERC6 -> Sample	PER:ta35	
Best Service	The Best of Gigapack 1 & 2	CD 1 -> DR PERC6 -> Sample	PER:ta36	
Best Service	The Best of Gigapack 1 & 2	CD 1 -> DR PERC6 -> Sample	PER:ta37	
Best Service	The Best of Gigapack 1 & 2	CD 1 -> DR PERC6 -> Sample	PER:ta39	
Best Service	The Best of Gigapack 1 & 2	CD 1 -> DR PERC6 -> Sample	PER:ta40	
Best Service	The Best of Gigapack 1 & 2	CD 1 -> DR PERC7 -> Program	PER:Percussion 1	
Best Service	The Best of Gigapack 1 & 2	CD 1 -> DR PERC7 -> Program	PER:Percussion 2	
Best Service	The Best of Gigapack 1 & 2	CD 1 -> DR PERC7 -> Program	PER:Percussio st	
Best Service	The Best of Gigapack 1 & 2	CD 1 -> DR PERC7 -> Sample	PER:p001	
Best Service	The Best of Gigapack 1 & 2	CD 1 -> DR PERC7 -> Sample	PER:p002	
Best Service	The Best of Gigapack 1 & 2	CD 1 -> DR PERC7 -> Sample	PER:p003	
Best Service	The Best of Gigapack 1 & 2	CD 1 -> DR PERC7 -> Sample	PER:p004	
Best Service	The Best of Gigapack 1 & 2	CD 1 -> DR PERC7 -> Sample	PER:p005	
Best Service	The Best of Gigapack 1 & 2	CD 1 -> DR PERC7 -> Sample	PER:p006	
Best Service	The Best of Gigapack 1 & 2	CD 1 -> DR PERC7 -> Sample	PER:p007	
Best Service	The Best of Gigapack 1 & 2	CD 1 -> DR PERC7 -> Sample	PER:p008	
Best Service	The Best of Gigapack 1 & 2	CD 1 -> DR PERC7 -> Sample	PER:p009	
Best Service	The Best of Gigapack 1 & 2	CD 1 -> DR PERC7 -> Sample	PER:p010	
Best Service	The Best of Gigapack 1 & 2	CD 1 -> DR PERC7 -> Sample	PER:p011	
Best Service	The Best of Gigapack 1 & 2	CD 1 -> DR PERC7 -> Sample	PER:p012	
Best Service	The Best of Gigapack 1 & 2	CD 1 -> DR PERC7 -> Sample	PER:p013	
Best Service	The Best of Gigapack 1 & 2	CD 1 -> DR PERC7 -> Sample	PER:p014	
Best Service	The Best of Gigapack 1 & 2	CD 1 -> DR PERC7 -> Sample	PER:p015	
Best Service	The Best of Gigapack 1 & 2	CD 1 -> DR PERC7 -> Sample	PER:p016	
Best Service	The Best of Gigapack 1 & 2	CD 1 -> DR PERC7 -> Sample	PER:p018	
Best Service	The Best of Gigapack 1 & 2	CD 1 -> DR PERC7 -> Sample	PER:p019	
Best Service	The Best of Gigapack 1 & 2	CD 1 -> DR PERC7 -> Sample	PER:p020	
Best Service	The Best of Gigapack 1 & 2	CD 1 -> DR PERC7 -> Sample	PER:p021	
Best Service	The Best of Gigapack 1 & 2	CD 1 -> DR PERC7 -> Sample	PER:p022	
Best Service	The Best of Gigapack 1 & 2	CD 1 -> DR PERC7 -> Sample	PER:p023	
Best Service	The Best of Gigapack 1 & 2	CD 1 -> DR PERC7 -> Sample	PER:p024	
Best Service	The Best of Gigapack 1 & 2	CD 1 -> DR PERC7 -> Sample	PER:p025	
Best Service	The Best of Gigapack 1 & 2	CD 1 -> DR PERC7 -> Sample	PER:p026	
Best Service	The Best of Gigapack 1 & 2	CD 1 -> DR PERC7 -> Sample	PER:p027	
Best Service	The Best of Gigapack 1 & 2	CD 1 -> DR PERC7 -> Sample	PER:p028	
Best Service	The Best of Gigapack 1 & 2	CD 1 -> DR PERC7 -> Sample	PER:p029	
Best Service	The Best of Gigapack 1 & 2	CD 1 -> DR PERC7 -> Sample	PER:p030	
Best Service	The Best of Gigapack 1 & 2	CD 1 -> DR PERC7 -> Sample	PER:p031	
Best Service	The Best of Gigapack 1 & 2	CD 1 -> DR PERC7 -> Sample	PER:p032	
Best Service	The Best of Gigapack 1 & 2	CD 1 -> DR PERC7 -> Sample	PER:p033	
Best Service	The Best of Gigapack 1 & 2	CD 1 -> DR PERC7 -> Sample	PER:p034	
Best Service	The Best of Gigapack 1 & 2	CD 1 -> DR PERC7 -> Sample	PER:p035	
Best Service	The Best of Gigapack 1 & 2	CD 1 -> DR PERC7 -> Sample	PER:p036	
Best Service	The Best of Gigapack 1 & 2	CD 1 -> DR PERC7 -> Sample	PER:p037	
Best Service	The Best of Gigapack 1 & 2	CD 1 -> DR PERC7 -> Sample	PER:p038	
Best Service	The Best of Gigapack 1 & 2	CD 1 -> DR PERC7 -> Sample	PER:p039	
Best Service	The Best of Gigapack 1 & 2	CD 1 -> DR PERC7 -> Sample	PER:p041	
Best Service	The Best of Gigapack 1 & 2	CD 1 -> DR PERC7 -> Sample	PER:p042	
Best Service	The Best of Gigapack 1 & 2	CD 1 -> DR PERC7 -> Sample	PER:p043	
Best Service	The Best of Gigapack 1 & 2	CD 1 -> DR PERC7 -> Sample	PER:p044	
Best Service	The Best of Gigapack 1 & 2	CD 1 -> DR PERC7 -> Sample	PER:p045	
Best Service	The Best of Gigapack 1 & 2	CD 1 -> DR PERC7 -> Sample	PER:p046	
Best Service	The Best of Gigapack 1 & 2	CD 1 -> DR PERC7 -> Sample	PER:p047	
Best Service	The Best of Gigapack 1 & 2	CD 1 -> DR PERC7 -> Sample	PER:p048	
Best Service	The Best of Gigapack 1 & 2	CD 1 -> DR PERC7 -> Sample	PER:p049	
Best Service	The Best of Gigapack 1 & 2	CD 1 -> DR PERC7 -> Sample	PER:p050	
Best Service	The Best of Gigapack 1 & 2	CD 1 -> DR PERC7 -> Sample	PER:p051	
Best Service	The Best of Gigapack 1 & 2	CD 1 -> DR PERC7 -> Sample	PER:p052	
Best Service	The Best of Gigapack 1 & 2	CD 1 -> DR PERC7 -> Sample	PER:p053	
Best Service	The Best of Gigapack 1 & 2	CD 1 -> DR PERC7 -> Sample	PER:p054	
Best Service	The Best of Gigapack 1 & 2	CD 1 -> DR PERC7 -> Sample	PER:p055	
Best Service	The Best of Gigapack 1 & 2	CD 1 -> DR PERC7 -> Sample	PER:p056	
Best Service	The Best of Gigapack 1 & 2	CD 1 -> DR PERC7 -> Sample	PER:p057	
Best Service	The Best of Gigapack 1 & 2	CD 1 -> DR PERC7 -> Sample	PER:p058	
Best Service	The Best of Gigapack 1 & 2	CD 1 -> DR PERC7 -> Sample	PER:p059	
Best Service	The Best of Gigapack 1 & 2	CD 1 -> DR PERC7 -> Sample	PER:p060	
Best Service	The Best of Gigapack 1 & 2	CD 1 -> DR PERC7 -> Sample	PER:p061	
Best Service	The Best of Gigapack 1 & 2	CD 1 -> DR PERC7 -> Sample	PER:p062	
Best Service	The Best of Gigapack 1 & 2	CD 1 -> DR PERC7 -> Sample	PER:p063	
Best Service	The Best of Gigapack 1 & 2	CD 1 -> DR PERC7 -> Sample	PER:p064	
Best Service	The Best of Gigapack 1 & 2	CD 1 -> DR PERC7 -> Sample	PER:p065	
Best Service	The Best of Gigapack 1 & 2	CD 1 -> DR PERC7 -> Sample	PER:p066	
Best Service	The Best of Gigapack 1 & 2	CD 1 -> DR PERC7 -> Sample	PER:p067	
Best Service	The Best of Gigapack 1 & 2	CD 1 -> DR PERC7 -> Sample	PER:p068	
Best Service	The Best of Gigapack 1 & 2	CD 1 -> DR PERC7 -> Sample	PER:p069	
Best Service	The Best of Gigapack 1 & 2	CD 1 -> DR PERC7 -> Sample	PER:p070	
Best Service	The Best of Gigapack 1 & 2	CD 1 -> DR PERC7 -> Sample	PER:p071	
Best Service	The Best of Gigapack 1 & 2	CD 1 -> DR PERC7 -> Sample	PER:p072	
Best Service	The Best of Gigapack 1 & 2	CD 1 -> DR PERC7 -> Sample	PER:p073	
Best Service	The Best of Gigapack 1 & 2	CD 1 -> DR PERC7 -> Sample	PER:p074	
Best Service	The Best of Gigapack 1 & 2	CD 1 -> DR PERC7 -> Sample	PER:p075	
Best Service	The Best of Gigapack 1 & 2	CD 1 -> DR PERC7 -> Sample	PER:p076	
Best Service	The Best of Gigapack 1 & 2	CD 1 -> DR PERC7 -> Sample	PER:p077	
Best Service	The Best of Gigapack 1 & 2	CD 1 -> DR PERC7 -> Sample	PER:p078	
Best Service	The Best of Gigapack 1 & 2	CD 1 -> DR PERC7 -> Sample	PER:p079	
Best Service	The Best of Gigapack 1 & 2	CD 1 -> DR PERC7 -> Sample	PER:p080	
Best Service	The Best of Gigapack 1 & 2	CD 1 -> DR PERC7 -> Sample	PER:p081	
Best Service	The Best of Gigapack 1 & 2	CD 1 -> DR PERC7 -> Sample	PER:p082	
Best Service	The Best of Gigapack 1 & 2	CD 1 -> DR PERC7 -> Sample	PER:p083	
Best Service	The Best of Gigapack 1 & 2	CD 1 -> DR PERC7 -> Sample	PER:p084	
Best Service	The Best of Gigapack 1 & 2	CD 1 -> DR PERC7 -> Sample	PER:p085	
Best Service	The Best of Gigapack 1 & 2	CD 1 -> DR PERC7 -> Sample	PER:p086	
Best Service	The Best of Gigapack 1 & 2	CD 1 -> DR PERC7 -> Sample	PER:p087	
Best Service	The Best of Gigapack 1 & 2	CD 1 -> DR PERC8 -> Program	PER:Pro-cussion1	
Best Service	The Best of Gigapack 1 & 2	CD 1 -> DR PERC8 -> Program	PER:Pro-cussion2	
Best Service	The Best of Gigapack 1 & 2	CD 1 -> DR PERC8 -> Program	PER:Pro-cussion3	
Best Service	The Best of Gigapack 1 & 2	CD 1 -> DR PERC8 -> Sample	PER:Procu  1	
Best Service	The Best of Gigapack 1 & 2	CD 1 -> DR PERC8 -> Sample	PER:Procu  2	
Best Service	The Best of Gigapack 1 & 2	CD 1 -> DR PERC8 -> Sample	PER:Procu  3	
Best Service	The Best of Gigapack 1 & 2	CD 1 -> DR PERC8 -> Sample	PER:Procu  4	
Best Service	The Best of Gigapack 1 & 2	CD 1 -> DR PERC8 -> Sample	PER:Procu  5	
Best Service	The Best of Gigapack 1 & 2	CD 1 -> DR PERC8 -> Sample	PER:Procu  6	
Best Service	The Best of Gigapack 1 & 2	CD 1 -> DR PERC8 -> Sample	PER:Procu  7	
Best Service	The Best of Gigapack 1 & 2	CD 1 -> DR PERC8 -> Sample	PER:Procu  8	
Best Service	The Best of Gigapack 1 & 2	CD 1 -> DR PERC8 -> Sample	PER:Procu  9	
Best Service	The Best of Gigapack 1 & 2	CD 1 -> DR PERC8 -> Sample	PER:Procu 10	
Best Service	The Best of Gigapack 1 & 2	CD 1 -> DR PERC8 -> Sample	PER:Procu 11	
Best Service	The Best of Gigapack 1 & 2	CD 1 -> DR PERC8 -> Sample	PER:Procu 12	
Best Service	The Best of Gigapack 1 & 2	CD 1 -> DR PERC8 -> Sample	PER:Procu 13	
Best Service	The Best of Gigapack 1 & 2	CD 1 -> DR PERC8 -> Sample	PER:Procu 14	
Best Service	The Best of Gigapack 1 & 2	CD 1 -> DR PERC8 -> Sample	PER:Procu 15	
Best Service	The Best of Gigapack 1 & 2	CD 1 -> DR PERC8 -> Sample	PER:Procu 16	
Best Service	The Best of Gigapack 1 & 2	CD 1 -> DR PERC8 -> Sample	PER:Procu 17	
Best Service	The Best of Gigapack 1 & 2	CD 1 -> DR PERC8 -> Sample	PER:Procu 18	
Best Service	The Best of Gigapack 1 & 2	CD 1 -> DR PERC8 -> Sample	PER:Procu 19	
Best Service	The Best of Gigapack 1 & 2	CD 1 -> DR PERC8 -> Sample	PER:Procu 20	
Best Service	The Best of Gigapack 1 & 2	CD 1 -> DR PERC8 -> Sample	PER:Procu 21	
Best Service	The Best of Gigapack 1 & 2	CD 1 -> DR PERC8 -> Sample	PER:Procu 22	
Best Service	The Best of Gigapack 1 & 2	CD 1 -> DR PERC8 -> Sample	PER:Procu 23	
Best Service	The Best of Gigapack 1 & 2	CD 1 -> DR PERC8 -> Sample	PER:Procu 24	
Best Service	The Best of Gigapack 1 & 2	CD 1 -> DR PERC8 -> Sample	PER:Procu 25	
Best Service	The Best of Gigapack 1 & 2	CD 1 -> DR PERC8 -> Sample	PER:Procu 26	
Best Service	The Best of Gigapack 1 & 2	CD 1 -> DR PERC8 -> Sample	PER:Procu 27	
Best Service	The Best of Gigapack 1 & 2	CD 1 -> DR PERC8 -> Sample	PER:Procu 28	
Best Service	The Best of Gigapack 1 & 2	CD 1 -> DR PERC8 -> Sample	PER:Procu 29	
Best Service	The Best of Gigapack 1 & 2	CD 1 -> DR PERC8 -> Sample	PER:Procu 30	
Best Service	The Best of Gigapack 1 & 2	CD 1 -> DR PERC8 -> Sample	PER:Procu 31	
Best Service	The Best of Gigapack 1 & 2	CD 1 -> DR PERC8 -> Sample	PER:Procu 32	
Best Service	The Best of Gigapack 1 & 2	CD 1 -> DR PERC8 -> Sample	PER:Procu 33	
Best Service	The Best of Gigapack 1 & 2	CD 1 -> DR PERC8 -> Sample	PER:Procu 34	
Best Service	The Best of Gigapack 1 & 2	CD 1 -> DR PERC8 -> Sample	PER:Procu106	
Best Service	The Best of Gigapack 1 & 2	CD 1 -> DR PERC8 -> Sample	PER:Procu 36	
Best Service	The Best of Gigapack 1 & 2	CD 1 -> DR PERC8 -> Sample	PER:Procu 37	
Best Service	The Best of Gigapack 1 & 2	CD 1 -> DR PERC8 -> Sample	PER:Procu 38	
Best Service	The Best of Gigapack 1 & 2	CD 1 -> DR PERC8 -> Sample	PER:Procu 39	
Best Service	The Best of Gigapack 1 & 2	CD 1 -> DR PERC8 -> Sample	PER:Procu 40	
Best Service	The Best of Gigapack 1 & 2	CD 1 -> DR PERC8 -> Sample	PER:Procu 41	
Best Service	The Best of Gigapack 1 & 2	CD 1 -> DR PERC8 -> Sample	PER:Procu 42	
Best Service	The Best of Gigapack 1 & 2	CD 1 -> DR PERC8 -> Sample	PER:Procu 43	
Best Service	The Best of Gigapack 1 & 2	CD 1 -> DR PERC8 -> Sample	PER:Procu 44	
Best Service	The Best of Gigapack 1 & 2	CD 1 -> DR PERC8 -> Sample	PER:Procu 45	
Best Service	The Best of Gigapack 1 & 2	CD 1 -> DR PERC8 -> Sample	PER:Procu 46	
Best Service	The Best of Gigapack 1 & 2	CD 1 -> DR PERC8 -> Sample	PER:Procu 47	
Best Service	The Best of Gigapack 1 & 2	CD 1 -> DR PERC8 -> Sample	PER:Procu 48	
Best Service	The Best of Gigapack 1 & 2	CD 1 -> DR PERC8 -> Sample	PER:Procu 49	
Best Service	The Best of Gigapack 1 & 2	CD 1 -> DR PERC8 -> Sample	PER:Procu 50	
Best Service	The Best of Gigapack 1 & 2	CD 1 -> DR PERC8 -> Sample	PER:Procu 51	
Best Service	The Best of Gigapack 1 & 2	CD 1 -> DR PERC8 -> Sample	PER:Procu 52	
Best Service	The Best of Gigapack 1 & 2	CD 1 -> DR PERC8 -> Sample	PER:Procu 53	
Best Service	The Best of Gigapack 1 & 2	CD 1 -> DR PERC8 -> Sample	PER:Procu107	
Best Service	The Best of Gigapack 1 & 2	CD 1 -> DR PERC8 -> Sample	PER:Procu108	
Best Service	The Best of Gigapack 1 & 2	CD 1 -> DR PERC8 -> Sample	PER:Procu 56	
Best Service	The Best of Gigapack 1 & 2	CD 1 -> DR PERC8 -> Sample	PER:Procu 57	
Best Service	The Best of Gigapack 1 & 2	CD 1 -> DR PERC8 -> Sample	PER:Procu 58	
Best Service	The Best of Gigapack 1 & 2	CD 1 -> DR PERC8 -> Sample	PER:Procu 59	
Best Service	The Best of Gigapack 1 & 2	CD 1 -> DR PERC8 -> Sample	PER:Procu 60	
Best Service	The Best of Gigapack 1 & 2	CD 1 -> DR PERC8 -> Sample	PER:Procu 61	
Best Service	The Best of Gigapack 1 & 2	CD 1 -> DR PERC8 -> Sample	PER:Procu 62	
Best Service	The Best of Gigapack 1 & 2	CD 1 -> DR PERC8 -> Sample	PER:Procu 63	
Best Service	The Best of Gigapack 1 & 2	CD 1 -> DR PERC8 -> Sample	PER:Procu 64	
Best Service	The Best of Gigapack 1 & 2	CD 1 -> DR PERC8 -> Sample	PER:Procu 65	
Best Service	The Best of Gigapack 1 & 2	CD 1 -> DR PERC8 -> Sample	PER:Procu 66	
Best Service	The Best of Gigapack 1 & 2	CD 1 -> DR PERC8 -> Sample	PER:Procu 67	
Best Service	The Best of Gigapack 1 & 2	CD 1 -> DR PERC8 -> Sample	PER:Procu 68	
Best Service	The Best of Gigapack 1 & 2	CD 1 -> DR PERC8 -> Sample	PER:Procu 69	
Best Service	The Best of Gigapack 1 & 2	CD 1 -> DR PERC8 -> Sample	PER:Procu 70	
Best Service	The Best of Gigapack 1 & 2	CD 1 -> DR PERC8 -> Sample	PER:Procu 71	
Best Service	The Best of Gigapack 1 & 2	CD 1 -> DR PERC8 -> Sample	PER:Procu 72	
Best Service	The Best of Gigapack 1 & 2	CD 1 -> DR PERC8 -> Sample	PER:Procu 73	
Best Service	The Best of Gigapack 1 & 2	CD 1 -> DR PERC8 -> Sample	PER:Procu 74	
Best Service	The Best of Gigapack 1 & 2	CD 1 -> DR PERC8 -> Sample	PER:Procu 75	
Best Service	The Best of Gigapack 1 & 2	CD 1 -> DR PERC8 -> Sample	PER:Procu 76	
Best Service	The Best of Gigapack 1 & 2	CD 1 -> DR PERC8 -> Sample	PER:Procu 77	
Best Service	The Best of Gigapack 1 & 2	CD 1 -> DR PERC8 -> Sample	PER:Procu 78	
Best Service	The Best of Gigapack 1 & 2	CD 1 -> DR PERC8 -> Sample	PER:Procu 79	
Best Service	The Best of Gigapack 1 & 2	CD 1 -> DR PERC8 -> Sample	PER:Procu 80	
Best Service	The Best of Gigapack 1 & 2	CD 1 -> DR PERC8 -> Sample	PER:Procu 81	
Best Service	The Best of Gigapack 1 & 2	CD 1 -> DR PERC8 -> Sample	PER:Procu 82	
Best Service	The Best of Gigapack 1 & 2	CD 1 -> DR PERC8 -> Sample	PER:Procu 83	
Best Service	The Best of Gigapack 1 & 2	CD 1 -> DR PERC8 -> Sample	PER:Procu 84	
Best Service	The Best of Gigapack 1 & 2	CD 1 -> DR PERC8 -> Sample	PER:Procu 85	
Best Service	The Best of Gigapack 1 & 2	CD 1 -> DR PERC8 -> Sample	PER:Procu 86	
Best Service	The Best of Gigapack 1 & 2	CD 1 -> DR PERC8 -> Sample	PER:Procu 87	
Best Service	The Best of Gigapack 1 & 2	CD 1 -> DR PERC8 -> Sample	PER:Procu 88	
Best Service	The Best of Gigapack 1 & 2	CD 1 -> DR PERC8 -> Sample	PER:Procu 89	
Best Service	The Best of Gigapack 1 & 2	CD 1 -> DR PERC8 -> Sample	PER:Procu 90	
Best Service	The Best of Gigapack 1 & 2	CD 1 -> DR PERC8 -> Sample	PER:Procu 91	
Best Service	The Best of Gigapack 1 & 2	CD 1 -> DR PERC8 -> Sample	PER:Procu 92	
Best Service	The Best of Gigapack 1 & 2	CD 1 -> DR PERC8 -> Sample	PER:Procu 93	
Best Service	The Best of Gigapack 1 & 2	CD 1 -> DR PERC8 -> Sample	PER:Procu 94	
Best Service	The Best of Gigapack 1 & 2	CD 1 -> DR PERC8 -> Sample	PER:Procu109	
Best Service	The Best of Gigapack 1 & 2	CD 1 -> DR PERC8 -> Sample	PER:Procu 96	
Best Service	The Best of Gigapack 1 & 2	CD 1 -> DR PERC8 -> Sample	PER:Procu 97	
Best Service	The Best of Gigapack 1 & 2	CD 1 -> DR PERC8 -> Sample	PER:Procu 99	
Best Service	The Best of Gigapack 1 & 2	CD 1 -> DR PERC8 -> Sample	PER:Procu110	
Best Service	The Best of Gigapack 1 & 2	CD 1 -> DR PERC8 -> Sample	PER:Procu101	
Best Service	The Best of Gigapack 1 & 2	CD 1 -> DR PERC8 -> Sample	PER:Procu102	
Best Service	The Best of Gigapack 1 & 2	CD 1 -> DR PERC8 -> Sample	PER:Procu103	
Best Service	The Best of Gigapack 1 & 2	CD 1 -> DR PERC8 -> Sample	PER:Procu104	
Best Service	The Best of Gigapack 1 & 2	CD 1 -> DR PERC8 -> Sample	PER:Procu105	
Best Service	The Best of Gigapack 1 & 2	CD 1 -> DR PERC8 -> Sample	PER:Procu111	
Best Service	The Best of Gigapack 1 & 2	CD 1 -> DR PERC8 -> Sample	PER:Procu112	
Best Service	The Best of Gigapack 1 & 2	CD 1 -> DR PERC8 -> Sample	PER:Procu113	
Best Service	The Best of Gigapack 1 & 2	CD 1 -> DR PERC8 -> Sample	PER:Procu114	
Best Service	The Best of Gigapack 1 & 2	CD 1 -> DR PERC8 -> Sample	PER:Procu115	
Best Service	The Best of Gigapack 1 & 2	CD 1 -> DR PERC8 -> Sample	PER:Procu116	
Best Service	The Best of Gigapack 1 & 2	CD 1 -> DR PERC8 -> Sample	PER:Procu117	
Best Service	The Best of Gigapack 1 & 2	CD 1 -> DR PERC8 -> Sample	PER:Procu118	
Best Service	The Best of Gigapack 1 & 2	CD 1 -> DR PERC8 -> Sample	PER:Procu119	
Best Service	The Best of Gigapack 1 & 2	CD 1 -> DR PERC8 -> Sample	PER:Procu120	
Best Service	The Best of Gigapack 1 & 2	CD 1 -> DR PERC8 -> Sample	PER:Procu121	
Best Service	The Best of Gigapack 1 & 2	CD 1 -> DR PERC8 -> Sample	PER:Procu122	
Best Service	The Best of Gigapack 1 & 2	CD 1 -> DR PERC8 -> Sample	PER:Procu123	
Best Service	The Best of Gigapack 1 & 2	CD 1 -> DR PERC8 -> Sample	PER:Procu124	
Best Service	The Best of Gigapack 1 & 2	CD 1 -> DR PERC8 -> Sample	PER:Procu125	
Best Service	The Best of Gigapack 1 & 2	CD 1 -> DR PERC8 -> Sample	PER:Procu126	
Best Service	The Best of Gigapack 1 & 2	CD 1 -> DR PERC8 -> Sample	PER:Procu127	
Best Service	The Best of Gigapack 1 & 2	CD 1 -> DR PERC8 -> Sample	PER:Procu186	
Best Service	The Best of Gigapack 1 & 2	CD 1 -> DR PERC8 -> Sample	PER:Procu130	
Best Service	The Best of Gigapack 1 & 2	CD 1 -> DR PERC8 -> Sample	PER:Procu188	
Best Service	The Best of Gigapack 1 & 2	CD 1 -> DR PERC8 -> Sample	PER:Procu190	
Best Service	The Best of Gigapack 1 & 2	CD 1 -> DR PERC8 -> Sample	PER:Procu134	
Best Service	The Best of Gigapack 1 & 2	CD 1 -> DR PERC8 -> Sample	PER:Procu135	
Best Service	The Best of Gigapack 1 & 2	CD 1 -> DR PERC8 -> Sample	PER:Procu136	
Best Service	The Best of Gigapack 1 & 2	CD 1 -> DR PERC8 -> Sample	PER:Procu137	
Best Service	The Best of Gigapack 1 & 2	CD 1 -> DR PERC8 -> Sample	PER:Procu138	
Best Service	The Best of Gigapack 1 & 2	CD 1 -> DR PERC8 -> Sample	PER:Procu139	
Best Service	The Best of Gigapack 1 & 2	CD 1 -> DR PERC8 -> Sample	PER:Procu140	
Best Service	The Best of Gigapack 1 & 2	CD 1 -> DR PERC8 -> Sample	PER:Procu141	
Best Service	The Best of Gigapack 1 & 2	CD 1 -> DR PERC8 -> Sample	PER:Procu142	
Best Service	The Best of Gigapack 1 & 2	CD 1 -> DR PERC8 -> Sample	PER:Procu143	
Best Service	The Best of Gigapack 1 & 2	CD 1 -> DR PERC8 -> Sample	PER:Procu144	
Best Service	The Best of Gigapack 1 & 2	CD 1 -> DR PERC8 -> Sample	PER:Procu164	
Best Service	The Best of Gigapack 1 & 2	CD 1 -> DR PERC8 -> Sample	PER:Procu167	
Best Service	The Best of Gigapack 1 & 2	CD 1 -> DR PERC8 -> Sample	PER:Procu168	
Best Service	The Best of Gigapack 1 & 2	CD 1 -> DR PERC8 -> Sample	PER:Procu169	
Best Service	The Best of Gigapack 1 & 2	CD 1 -> DR PERC8 -> Sample	PER:Procu185	
Best Service	The Best of Gigapack 1 & 2	CD 1 -> DR PERC8 -> Sample	PER:Procu171	
Best Service	The Best of Gigapack 1 & 2	CD 1 -> DR PERC8 -> Sample	PER:Procu172	
Best Service	The Best of Gigapack 1 & 2	CD 1 -> DR PERC8 -> Sample	PER:Procu173	
Best Service	The Best of Gigapack 1 & 2	CD 1 -> DR PERC8 -> Sample	PER:Procu174	
Best Service	The Best of Gigapack 1 & 2	CD 1 -> DR PERC8 -> Sample	PER:Procu175	
Best Service	The Best of Gigapack 1 & 2	CD 1 -> DR BD01M -> Program	BD:BD All1 Dnce	
Best Service	The Best of Gigapack 1 & 2	CD 1 -> DR BD01M -> Program	BD:BD Dance  01	
Best Service	The Best of Gigapack 1 & 2	CD 1 -> DR BD01M -> Program	BD:BD Dance  02	
Best Service	The Best of Gigapack 1 & 2	CD 1 -> DR BD01M -> Program	BD:BD Dance  03	
Best Service	The Best of Gigapack 1 & 2	CD 1 -> DR BD01M -> Program	BD:BD Dance  04	
Best Service	The Best of Gigapack 1 & 2	CD 1 -> DR BD01M -> Program	BD:BD Dance  05	
Best Service	The Best of Gigapack 1 & 2	CD 1 -> DR BD01M -> Program	BD:BD Dance  06	
Best Service	The Best of Gigapack 1 & 2	CD 1 -> DR BD01M -> Program	BD:BD Dance  07	
Best Service	The Best of Gigapack 1 & 2	CD 1 -> DR BD01M -> Program	BD:BD Dance  08	
Best Service	The Best of Gigapack 1 & 2	CD 1 -> DR BD01M -> Program	BD:BD Dance  09	
Best Service	The Best of Gigapack 1 & 2	CD 1 -> DR BD01M -> Program	BD:BD Dance  10	
Best Service	The Best of Gigapack 1 & 2	CD 1 -> DR BD01M -> Program	BD:BD Dance  11	
Best Service	The Best of Gigapack 1 & 2	CD 1 -> DR BD01M -> Program	BD:BD Dance  12	
Best Service	The Best of Gigapack 1 & 2	CD 1 -> DR BD01M -> Program	BD:BD Dance  13	
Best Service	The Best of Gigapack 1 & 2	CD 1 -> DR BD01M -> Program	BD:BD Dance  14	
Best Service	The Best of Gigapack 1 & 2	CD 1 -> DR BD01M -> Program	BD:BD Dance  15	
Best Service	The Best of Gigapack 1 & 2	CD 1 -> DR BD01M -> Program	BD:BD Dance  16	
Best Service	The Best of Gigapack 1 & 2	CD 1 -> DR BD01M -> Program	BD:BD Dance  17	
Best Service	The Best of Gigapack 1 & 2	CD 1 -> DR BD01M -> Program	BD:BD Dance  18	
Best Service	The Best of Gigapack 1 & 2	CD 1 -> DR BD01M -> Program	BD:BD Dance  19	
Best Service	The Best of Gigapack 1 & 2	CD 1 -> DR BD01M -> Program	BD:BD Dance  20	
Best Service	The Best of Gigapack 1 & 2	CD 1 -> DR BD01M -> Program	BD:BD Dance  21	
Best Service	The Best of Gigapack 1 & 2	CD 1 -> DR BD01M -> Program	BD:BD Dance  22	
Best Service	The Best of Gigapack 1 & 2	CD 1 -> DR BD01M -> Program	BD:BD Dance  23	
Best Service	The Best of Gigapack 1 & 2	CD 1 -> DR BD01M -> Program	BD:BD Dance  24	
Best Service	The Best of Gigapack 1 & 2	CD 1 -> DR BD01M -> Program	BD:BD Dance  25	
Best Service	The Best of Gigapack 1 & 2	CD 1 -> DR BD01M -> Program	BD:BD Dance  26	
Best Service	The Best of Gigapack 1 & 2	CD 1 -> DR BD01M -> Program	BD:BD Dance  27	
Best Service	The Best of Gigapack 1 & 2	CD 1 -> DR BD01M -> Program	BD:BD Dance  28	
Best Service	The Best of Gigapack 1 & 2	CD 1 -> DR BD01M -> Program	BD:BD Dance  29	
Best Service	The Best of Gigapack 1 & 2	CD 1 -> DR BD01M -> Program	BD:BD Dance  30	
Best Service	The Best of Gigapack 1 & 2	CD 1 -> DR BD01M -> Program	BD:BD Dance  31	
Best Service	The Best of Gigapack 1 & 2	CD 1 -> DR BD01M -> Sample	BD:bd001	
Best Service	The Best of Gigapack 1 & 2	CD 1 -> DR BD01M -> Sample	BD:bd002	
Best Service	The Best of Gigapack 1 & 2	CD 1 -> DR BD01M -> Sample	BD:bd004	
Best Service	The Best of Gigapack 1 & 2	CD 1 -> DR BD01M -> Sample	BD:bd005	
Best Service	The Best of Gigapack 1 & 2	CD 1 -> DR BD01M -> Sample	BD:bd006	
Best Service	The Best of Gigapack 1 & 2	CD 1 -> DR BD01M -> Sample	BD:bd007	
Best Service	The Best of Gigapack 1 & 2	CD 1 -> DR BD01M -> Sample	BD:bd008	
Best Service	The Best of Gigapack 1 & 2	CD 1 -> DR BD01M -> Sample	BD:bd009	
Best Service	The Best of Gigapack 1 & 2	CD 1 -> DR BD01M -> Sample	BD:bd010	
Best Service	The Best of Gigapack 1 & 2	CD 1 -> DR BD01M -> Sample	BD:bd011	
Best Service	The Best of Gigapack 1 & 2	CD 1 -> DR BD01M -> Sample	BD:bd012	
Best Service	The Best of Gigapack 1 & 2	CD 1 -> DR BD01M -> Sample	BD:bd013	
Best Service	The Best of Gigapack 1 & 2	CD 1 -> DR BD01M -> Sample	BD:bd014	
Best Service	The Best of Gigapack 1 & 2	CD 1 -> DR BD01M -> Sample	BD:bd015	
Best Service	The Best of Gigapack 1 & 2	CD 1 -> DR BD01M -> Sample	BD:bd016	
Best Service	The Best of Gigapack 1 & 2	CD 1 -> DR BD01M -> Sample	BD:bd017	
Best Service	The Best of Gigapack 1 & 2	CD 1 -> DR BD01M -> Sample	BD:bd018	
Best Service	The Best of Gigapack 1 & 2	CD 1 -> DR BD01M -> Sample	BD:bd019	
Best Service	The Best of Gigapack 1 & 2	CD 1 -> DR BD01M -> Sample	BD:bd020	
Best Service	The Best of Gigapack 1 & 2	CD 1 -> DR BD01M -> Sample	BD:bd021	
Best Service	The Best of Gigapack 1 & 2	CD 1 -> DR BD01M -> Sample	BD:bd022	
Best Service	The Best of Gigapack 1 & 2	CD 1 -> DR BD01M -> Sample	BD:bd023	
Best Service	The Best of Gigapack 1 & 2	CD 1 -> DR BD01M -> Sample	BD:bd024	
Best Service	The Best of Gigapack 1 & 2	CD 1 -> DR BD01M -> Sample	BD:bd025	
Best Service	The Best of Gigapack 1 & 2	CD 1 -> DR BD01M -> Sample	BD:bd026	
Best Service	The Best of Gigapack 1 & 2	CD 1 -> DR BD01M -> Sample	BD:bd027	
Best Service	The Best of Gigapack 1 & 2	CD 1 -> DR BD01M -> Sample	BD:bd028	
Best Service	The Best of Gigapack 1 & 2	CD 1 -> DR BD01M -> Sample	BD:bd029	
Best Service	The Best of Gigapack 1 & 2	CD 1 -> DR BD01M -> Sample	BD:bd030	
Best Service	The Best of Gigapack 1 & 2	CD 1 -> DR BD01M -> Sample	BD:bd031	
Best Service	The Best of Gigapack 1 & 2	CD 1 -> DR BD01M -> Sample	BD:bd032	
Best Service	The Best of Gigapack 1 & 2	CD 1 -> DR BD02M -> Program	BD:BD All2 Dnce	
Best Service	The Best of Gigapack 1 & 2	CD 1 -> DR BD02M -> Program	BD:BD Dance  32	
Best Service	The Best of Gigapack 1 & 2	CD 1 -> DR BD02M -> Program	BD:BD Dance  33	
Best Service	The Best of Gigapack 1 & 2	CD 1 -> DR BD02M -> Program	BD:BD Dance  34	
Best Service	The Best of Gigapack 1 & 2	CD 1 -> DR BD02M -> Program	BD:BD Dance  35	
Best Service	The Best of Gigapack 1 & 2	CD 1 -> DR BD02M -> Program	BD:BD Dance  36	
Best Service	The Best of Gigapack 1 & 2	CD 1 -> DR BD02M -> Program	BD:BD Dance  37	
Best Service	The Best of Gigapack 1 & 2	CD 1 -> DR BD02M -> Program	BD:BD Dance  38	
Best Service	The Best of Gigapack 1 & 2	CD 1 -> DR BD02M -> Program	BD:BD Dance  39	
Best Service	The Best of Gigapack 1 & 2	CD 1 -> DR BD02M -> Program	BD:BD Dance  40	
Best Service	The Best of Gigapack 1 & 2	CD 1 -> DR BD02M -> Program	BD:BD Dance  41	
Best Service	The Best of Gigapack 1 & 2	CD 1 -> DR BD02M -> Program	BD:BD Dance  42	
Best Service	The Best of Gigapack 1 & 2	CD 1 -> DR BD02M -> Program	BD:BD Dance  43	
Best Service	The Best of Gigapack 1 & 2	CD 1 -> DR BD02M -> Program	BD:BD Dance  44	
Best Service	The Best of Gigapack 1 & 2	CD 1 -> DR BD02M -> Program	BD:BD Dance  45	
Best Service	The Best of Gigapack 1 & 2	CD 1 -> DR BD02M -> Program	BD:BD Dance  46	
Best Service	The Best of Gigapack 1 & 2	CD 1 -> DR BD02M -> Program	BD:BD Dance  47	
Best Service	The Best of Gigapack 1 & 2	CD 1 -> DR BD02M -> Program	BD:BD Dance  48	
Best Service	The Best of Gigapack 1 & 2	CD 1 -> DR BD02M -> Program	BD:BD Dance  49	
Best Service	The Best of Gigapack 1 & 2	CD 1 -> DR BD02M -> Program	BD:BD Dance  50	
Best Service	The Best of Gigapack 1 & 2	CD 1 -> DR BD02M -> Program	BD:BD Dance  51	
Best Service	The Best of Gigapack 1 & 2	CD 1 -> DR BD02M -> Program	BD:BD Dance  52	
Best Service	The Best of Gigapack 1 & 2	CD 1 -> DR BD02M -> Program	BD:BD Dance  53	
Best Service	The Best of Gigapack 1 & 2	CD 1 -> DR BD02M -> Program	BD:BD Dance  54	
Best Service	The Best of Gigapack 1 & 2	CD 1 -> DR BD02M -> Program	BD:BD Dance  55	
Best Service	The Best of Gigapack 1 & 2	CD 1 -> DR BD02M -> Program	BD:BD Dance  56	
Best Service	The Best of Gigapack 1 & 2	CD 1 -> DR BD02M -> Program	BD:BD Dance  57	
Best Service	The Best of Gigapack 1 & 2	CD 1 -> DR BD02M -> Program	BD:BD Dance  58	
Best Service	The Best of Gigapack 1 & 2	CD 1 -> DR BD02M -> Program	BD:BD Dance  59	
Best Service	The Best of Gigapack 1 & 2	CD 1 -> DR BD02M -> Program	BD:BD Dance  60	
Best Service	The Best of Gigapack 1 & 2	CD 1 -> DR BD02M -> Program	BD:BD Dance  61	
Best Service	The Best of Gigapack 1 & 2	CD 1 -> DR BD02M -> Program	BD:BD Dance  62	
Best Service	The Best of Gigapack 1 & 2	CD 1 -> DR BD02M -> Sample	BD:bd033	
Best Service	The Best of Gigapack 1 & 2	CD 1 -> DR BD02M -> Sample	BD:bd034	
Best Service	The Best of Gigapack 1 & 2	CD 1 -> DR BD02M -> Sample	BD:bd035	
Best Service	The Best of Gigapack 1 & 2	CD 1 -> DR BD02M -> Sample	BD:bd036	
Best Service	The Best of Gigapack 1 & 2	CD 1 -> DR BD02M -> Sample	BD:bd037	
Best Service	The Best of Gigapack 1 & 2	CD 1 -> DR BD02M -> Sample	BD:bd038	
Best Service	The Best of Gigapack 1 & 2	CD 1 -> DR BD02M -> Sample	BD:bd039	
Best Service	The Best of Gigapack 1 & 2	CD 1 -> DR BD02M -> Sample	BD:bd040	
Best Service	The Best of Gigapack 1 & 2	CD 1 -> DR BD02M -> Sample	BD:bd041	
Best Service	The Best of Gigapack 1 & 2	CD 1 -> DR BD02M -> Sample	BD:bd043	
Best Service	The Best of Gigapack 1 & 2	CD 1 -> DR BD02M -> Sample	BD:bd044	
Best Service	The Best of Gigapack 1 & 2	CD 1 -> DR BD02M -> Sample	BD:bd045	
Best Service	The Best of Gigapack 1 & 2	CD 1 -> DR BD02M -> Sample	BD:bd046	
Best Service	The Best of Gigapack 1 & 2	CD 1 -> DR BD02M -> Sample	BD:bd047	
Best Service	The Best of Gigapack 1 & 2	CD 1 -> DR BD02M -> Sample	BD:bd048	
Best Service	The Best of Gigapack 1 & 2	CD 1 -> DR BD02M -> Sample	BD:bd050	
Best Service	The Best of Gigapack 1 & 2	CD 1 -> DR BD02M -> Sample	BD:bd051	
Best Service	The Best of Gigapack 1 & 2	CD 1 -> DR BD02M -> Sample	BD:bd052	
Best Service	The Best of Gigapack 1 & 2	CD 1 -> DR BD02M -> Sample	BD:bd053	
Best Service	The Best of Gigapack 1 & 2	CD 1 -> DR BD02M -> Sample	BD:bd054	
Best Service	The Best of Gigapack 1 & 2	CD 1 -> DR BD02M -> Sample	BD:bd055	
Best Service	The Best of Gigapack 1 & 2	CD 1 -> DR BD02M -> Sample	BD:bd056	
Best Service	The Best of Gigapack 1 & 2	CD 1 -> DR BD02M -> Sample	BD:bd057	
Best Service	The Best of Gigapack 1 & 2	CD 1 -> DR BD02M -> Sample	BD:bd058	
Best Service	The Best of Gigapack 1 & 2	CD 1 -> DR BD02M -> Sample	BD:bd059	
Best Service	The Best of Gigapack 1 & 2	CD 1 -> DR BD02M -> Sample	BD:bd060	
Best Service	The Best of Gigapack 1 & 2	CD 1 -> DR BD02M -> Sample	BD:bd061	
Best Service	The Best of Gigapack 1 & 2	CD 1 -> DR BD02M -> Sample	BD:bd064	
Best Service	The Best of Gigapack 1 & 2	CD 1 -> DR BD02M -> Sample	BD:bd065	
Best Service	The Best of Gigapack 1 & 2	CD 1 -> DR BD02M -> Sample	BD:bd067	
Best Service	The Best of Gigapack 1 & 2	CD 1 -> DR BD02M -> Sample	BD:bd068	
Best Service	The Best of Gigapack 1 & 2	CD 1 -> DR BD03M -> Program	BD:BD All3 Dnce	
Best Service	The Best of Gigapack 1 & 2	CD 1 -> DR BD03M -> Program	BD:BD Dance  63	
Best Service	The Best of Gigapack 1 & 2	CD 1 -> DR BD03M -> Program	BD:BD Dance  64	
Best Service	The Best of Gigapack 1 & 2	CD 1 -> DR BD03M -> Program	BD:BD Dance  65	
Best Service	The Best of Gigapack 1 & 2	CD 1 -> DR BD03M -> Program	BD:BD Dance  66	
Best Service	The Best of Gigapack 1 & 2	CD 1 -> DR BD03M -> Program	BD:BD Dance  67	
Best Service	The Best of Gigapack 1 & 2	CD 1 -> DR BD03M -> Program	BD:BD Dance  68	
Best Service	The Best of Gigapack 1 & 2	CD 1 -> DR BD03M -> Program	BD:BD Dance  69	
Best Service	The Best of Gigapack 1 & 2	CD 1 -> DR BD03M -> Program	BD:BD Dance  70	
Best Service	The Best of Gigapack 1 & 2	CD 1 -> DR BD03M -> Program	BD:BD Dance  71	
Best Service	The Best of Gigapack 1 & 2	CD 1 -> DR BD03M -> Program	BD:BD Dance  72	
Best Service	The Best of Gigapack 1 & 2	CD 1 -> DR BD03M -> Program	BD:BD Dance  73	
Best Service	The Best of Gigapack 1 & 2	CD 1 -> DR BD03M -> Program	BD:BD Dance  74	
Best Service	The Best of Gigapack 1 & 2	CD 1 -> DR BD03M -> Program	BD:BD Dance  75	
Best Service	The Best of Gigapack 1 & 2	CD 1 -> DR BD03M -> Program	BD:BD Dance  76	
Best Service	The Best of Gigapack 1 & 2	CD 1 -> DR BD03M -> Program	BD:BD Dance  77	
Best Service	The Best of Gigapack 1 & 2	CD 1 -> DR BD03M -> Program	BD:BD Dance  78	
Best Service	The Best of Gigapack 1 & 2	CD 1 -> DR BD03M -> Program	BD:BD Dance  79	
Best Service	The Best of Gigapack 1 & 2	CD 1 -> DR BD03M -> Program	BD:BD Dance  80	
Best Service	The Best of Gigapack 1 & 2	CD 1 -> DR BD03M -> Program	BD:BD Dance  81	
Best Service	The Best of Gigapack 1 & 2	CD 1 -> DR BD03M -> Program	BD:BD Dance  82	
Best Service	The Best of Gigapack 1 & 2	CD 1 -> DR BD03M -> Program	BD:BD Dance  83	
Best Service	The Best of Gigapack 1 & 2	CD 1 -> DR BD03M -> Program	BD:BD Dance  84	
Best Service	The Best of Gigapack 1 & 2	CD 1 -> DR BD03M -> Program	BD:BD Dance  85	
Best Service	The Best of Gigapack 1 & 2	CD 1 -> DR BD03M -> Program	BD:BD Dance  86	
Best Service	The Best of Gigapack 1 & 2	CD 1 -> DR BD03M -> Program	BD:BD Dance  87	
Best Service	The Best of Gigapack 1 & 2	CD 1 -> DR BD03M -> Program	BD:BD Dance  88	
Best Service	The Best of Gigapack 1 & 2	CD 1 -> DR BD03M -> Program	BD:BD Dance  89	
Best Service	The Best of Gigapack 1 & 2	CD 1 -> DR BD03M -> Program	BD:BD Dance  90	
Best Service	The Best of Gigapack 1 & 2	CD 1 -> DR BD03M -> Program	BD:BD Dance  91	
Best Service	The Best of Gigapack 1 & 2	CD 1 -> DR BD03M -> Program	BD:BD Dance  92	
Best Service	The Best of Gigapack 1 & 2	CD 1 -> DR BD03M -> Program	BD:BD Dance  93	
Best Service	The Best of Gigapack 1 & 2	CD 1 -> DR BD03M -> Sample	BD:bd069	
Best Service	The Best of Gigapack 1 & 2	CD 1 -> DR BD03M -> Sample	BD:bd070	
Best Service	The Best of Gigapack 1 & 2	CD 1 -> DR BD03M -> Sample	BD:bd072	
Best Service	The Best of Gigapack 1 & 2	CD 1 -> DR BD03M -> Sample	BD:bd074	
Best Service	The Best of Gigapack 1 & 2	CD 1 -> DR BD03M -> Sample	BD:bd076	
Best Service	The Best of Gigapack 1 & 2	CD 1 -> DR BD03M -> Sample	BD:bd077	
Best Service	The Best of Gigapack 1 & 2	CD 1 -> DR BD03M -> Sample	BD:bd080	
Best Service	The Best of Gigapack 1 & 2	CD 1 -> DR BD03M -> Sample	BD:bd082	
Best Service	The Best of Gigapack 1 & 2	CD 1 -> DR BD03M -> Sample	BD:bd083	
Best Service	The Best of Gigapack 1 & 2	CD 1 -> DR BD03M -> Sample	BD:bd084	
Best Service	The Best of Gigapack 1 & 2	CD 1 -> DR BD03M -> Sample	BD:bd085	
Best Service	The Best of Gigapack 1 & 2	CD 1 -> DR BD03M -> Sample	BD:bd087	
Best Service	The Best of Gigapack 1 & 2	CD 1 -> DR BD03M -> Sample	BD:bd088	
Best Service	The Best of Gigapack 1 & 2	CD 1 -> DR BD03M -> Sample	BD:bd089	
Best Service	The Best of Gigapack 1 & 2	CD 1 -> DR BD03M -> Sample	BD:bd090	
Best Service	The Best of Gigapack 1 & 2	CD 1 -> DR BD03M -> Sample	BD:bd092	
Best Service	The Best of Gigapack 1 & 2	CD 1 -> DR BD03M -> Sample	BD:bd094	
Best Service	The Best of Gigapack 1 & 2	CD 1 -> DR BD03M -> Sample	BD:bd095	
Best Service	The Best of Gigapack 1 & 2	CD 1 -> DR BD03M -> Sample	BD:bd097	
Best Service	The Best of Gigapack 1 & 2	CD 1 -> DR BD03M -> Sample	BD:bd099	
Best Service	The Best of Gigapack 1 & 2	CD 1 -> DR BD03M -> Sample	BD:bd102	
Best Service	The Best of Gigapack 1 & 2	CD 1 -> DR BD03M -> Sample	BD:bd103	
Best Service	The Best of Gigapack 1 & 2	CD 1 -> DR BD03M -> Sample	BD:bd104	
Best Service	The Best of Gigapack 1 & 2	CD 1 -> DR BD03M -> Sample	BD:bd105	
Best Service	The Best of Gigapack 1 & 2	CD 1 -> DR BD03M -> Sample	BD:bd107	
Best Service	The Best of Gigapack 1 & 2	CD 1 -> DR BD03M -> Sample	BD:bd108	
Best Service	The Best of Gigapack 1 & 2	CD 1 -> DR BD03M -> Sample	BD:bd112	
Best Service	The Best of Gigapack 1 & 2	CD 1 -> DR BD03M -> Sample	BD:bd113	
Best Service	The Best of Gigapack 1 & 2	CD 1 -> DR BD03M -> Sample	BD:bd114	
Best Service	The Best of Gigapack 1 & 2	CD 1 -> DR BD03M -> Sample	BD:bd115	
Best Service	The Best of Gigapack 1 & 2	CD 1 -> DR BD03M -> Sample	BD:bd118	
Best Service	The Best of Gigapack 1 & 2	CD 1 -> DR BD04M -> Program	BD:BD All4 Dnce	
Best Service	The Best of Gigapack 1 & 2	CD 1 -> DR BD04M -> Program	BD:BD Dance  94	
Best Service	The Best of Gigapack 1 & 2	CD 1 -> DR BD04M -> Program	BD:BD Dance  95	
Best Service	The Best of Gigapack 1 & 2	CD 1 -> DR BD04M -> Program	BD:BD Dance  96	
Best Service	The Best of Gigapack 1 & 2	CD 1 -> DR BD04M -> Program	BD:BD Dance  97	
Best Service	The Best of Gigapack 1 & 2	CD 1 -> DR BD04M -> Program	BD:BD Dance  98	
Best Service	The Best of Gigapack 1 & 2	CD 1 -> DR BD04M -> Program	BD:BD Dance  99	
Best Service	The Best of Gigapack 1 & 2	CD 1 -> DR BD04M -> Program	BD:BD Dance 100	
Best Service	The Best of Gigapack 1 & 2	CD 1 -> DR BD04M -> Program	BD:BD Dance 101	
Best Service	The Best of Gigapack 1 & 2	CD 1 -> DR BD04M -> Program	BD:BD Dance 102	
Best Service	The Best of Gigapack 1 & 2	CD 1 -> DR BD04M -> Program	BD:BD Dance 103	
Best Service	The Best of Gigapack 1 & 2	CD 1 -> DR BD04M -> Program	BD:BD Dance 104	
Best Service	The Best of Gigapack 1 & 2	CD 1 -> DR BD04M -> Program	BD:BD Dance 105	
Best Service	The Best of Gigapack 1 & 2	CD 1 -> DR BD04M -> Program	BD:BD Dance 106	
Best Service	The Best of Gigapack 1 & 2	CD 1 -> DR BD04M -> Program	BD:BD Dance 107	
Best Service	The Best of Gigapack 1 & 2	CD 1 -> DR BD04M -> Program	BD:BD Dance 108	
Best Service	The Best of Gigapack 1 & 2	CD 1 -> DR BD04M -> Program	BD:BD Dance 109	
Best Service	The Best of Gigapack 1 & 2	CD 1 -> DR BD04M -> Program	BD:BD Dance 110	
Best Service	The Best of Gigapack 1 & 2	CD 1 -> DR BD04M -> Program	BD:BD Dance 111	
Best Service	The Best of Gigapack 1 & 2	CD 1 -> DR BD04M -> Program	BD:BD Dance 112	
Best Service	The Best of Gigapack 1 & 2	CD 1 -> DR BD04M -> Program	BD:BD Dance 113	
Best Service	The Best of Gigapack 1 & 2	CD 1 -> DR BD04M -> Program	BD:BD Dance 114	
Best Service	The Best of Gigapack 1 & 2	CD 1 -> DR BD04M -> Program	BD:BD Dance 115	
Best Service	The Best of Gigapack 1 & 2	CD 1 -> DR BD04M -> Program	BD:BD Dance 116	
Best Service	The Best of Gigapack 1 & 2	CD 1 -> DR BD04M -> Program	BD:BD Dance 117	
Best Service	The Best of Gigapack 1 & 2	CD 1 -> DR BD04M -> Program	BD:BD Dance 118	
Best Service	The Best of Gigapack 1 & 2	CD 1 -> DR BD04M -> Program	BD:BD Dance 119	
Best Service	The Best of Gigapack 1 & 2	CD 1 -> DR BD04M -> Program	BD:BD Dance 120	
Best Service	The Best of Gigapack 1 & 2	CD 1 -> DR BD04M -> Program	BD:BD Dance 121	
Best Service	The Best of Gigapack 1 & 2	CD 1 -> DR BD04M -> Program	BD:BD Dance 122	
Best Service	The Best of Gigapack 1 & 2	CD 1 -> DR BD04M -> Program	BD:BD Dance 123	
Best Service	The Best of Gigapack 1 & 2	CD 1 -> DR BD04M -> Program	BD:BD Dance 124	
Best Service	The Best of Gigapack 1 & 2	CD 1 -> DR BD04M -> Sample	BD:bd124	
Best Service	The Best of Gigapack 1 & 2	CD 1 -> DR BD04M -> Sample	BD:bd125	
Best Service	The Best of Gigapack 1 & 2	CD 1 -> DR BD04M -> Sample	BD:bd128	
Best Service	The Best of Gigapack 1 & 2	CD 1 -> DR BD04M -> Sample	BD:bd129	
Best Service	The Best of Gigapack 1 & 2	CD 1 -> DR BD04M -> Sample	BD:bd130	
Best Service	The Best of Gigapack 1 & 2	CD 1 -> DR BD04M -> Sample	BD:bd131	
Best Service	The Best of Gigapack 1 & 2	CD 1 -> DR BD04M -> Sample	BD:bd132	
Best Service	The Best of Gigapack 1 & 2	CD 1 -> DR BD04M -> Sample	BD:bd133	
Best Service	The Best of Gigapack 1 & 2	CD 1 -> DR BD04M -> Sample	BD:bd134	
Best Service	The Best of Gigapack 1 & 2	CD 1 -> DR BD04M -> Sample	BD:bd135	
Best Service	The Best of Gigapack 1 & 2	CD 1 -> DR BD04M -> Sample	BD:bd136	
Best Service	The Best of Gigapack 1 & 2	CD 1 -> DR BD04M -> Sample	BD:bd137	
Best Service	The Best of Gigapack 1 & 2	CD 1 -> DR BD04M -> Sample	BD:bd138	
Best Service	The Best of Gigapack 1 & 2	CD 1 -> DR BD04M -> Sample	BD:bd139	
Best Service	The Best of Gigapack 1 & 2	CD 1 -> DR BD04M -> Sample	BD:bd141	
Best Service	The Best of Gigapack 1 & 2	CD 1 -> DR BD04M -> Sample	BD:bd142	
Best Service	The Best of Gigapack 1 & 2	CD 1 -> DR BD04M -> Sample	BD:bd143	
Best Service	The Best of Gigapack 1 & 2	CD 1 -> DR BD04M -> Sample	BD:bd144	
Best Service	The Best of Gigapack 1 & 2	CD 1 -> DR BD04M -> Sample	BD:bd145	
Best Service	The Best of Gigapack 1 & 2	CD 1 -> DR BD04M -> Sample	BD:bd147	
Best Service	The Best of Gigapack 1 & 2	CD 1 -> DR BD04M -> Sample	BD:bd148	
Best Service	The Best of Gigapack 1 & 2	CD 1 -> DR BD04M -> Sample	BD:bd149	
Best Service	The Best of Gigapack 1 & 2	CD 1 -> DR BD04M -> Sample	BD:bd152	
Best Service	The Best of Gigapack 1 & 2	CD 1 -> DR BD04M -> Sample	BD:bd153	
Best Service	The Best of Gigapack 1 & 2	CD 1 -> DR BD04M -> Sample	BD:bd154	
Best Service	The Best of Gigapack 1 & 2	CD 1 -> DR BD04M -> Sample	BD:bd156	
Best Service	The Best of Gigapack 1 & 2	CD 1 -> DR BD04M -> Sample	BD:bd157	
Best Service	The Best of Gigapack 1 & 2	CD 1 -> DR BD04M -> Sample	BD:bd158	
Best Service	The Best of Gigapack 1 & 2	CD 1 -> DR BD04M -> Sample	BD:bd159	
Best Service	The Best of Gigapack 1 & 2	CD 1 -> DR BD04M -> Sample	BD:bd160	
Best Service	The Best of Gigapack 1 & 2	CD 1 -> DR BD04M -> Sample	BD:bd161	
Best Service	The Best of Gigapack 1 & 2	CD 1 -> DR BD05M -> Program	BD:BD All5 Dnce	
Best Service	The Best of Gigapack 1 & 2	CD 1 -> DR BD05M -> Program	BD:BD Dance 125	
Best Service	The Best of Gigapack 1 & 2	CD 1 -> DR BD05M -> Program	BD:BD Dance 126	
Best Service	The Best of Gigapack 1 & 2	CD 1 -> DR BD05M -> Program	BD:BD Dance 127	
Best Service	The Best of Gigapack 1 & 2	CD 1 -> DR BD05M -> Program	BD:BD Dance 128	
Best Service	The Best of Gigapack 1 & 2	CD 1 -> DR BD05M -> Program	BD:BD Dance 129	
Best Service	The Best of Gigapack 1 & 2	CD 1 -> DR BD05M -> Program	BD:BD Dance 130	
Best Service	The Best of Gigapack 1 & 2	CD 1 -> DR BD05M -> Program	BD:BD Dance 131	
Best Service	The Best of Gigapack 1 & 2	CD 1 -> DR BD05M -> Program	BD:BD Dance 132	
Best Service	The Best of Gigapack 1 & 2	CD 1 -> DR BD05M -> Program	BD:BD Dance 133	
Best Service	The Best of Gigapack 1 & 2	CD 1 -> DR BD05M -> Program	BD:BD Dance 134	
Best Service	The Best of Gigapack 1 & 2	CD 1 -> DR BD05M -> Program	BD:BD Dance 135	
Best Service	The Best of Gigapack 1 & 2	CD 1 -> DR BD05M -> Program	BD:BD Dance 136	
Best Service	The Best of Gigapack 1 & 2	CD 1 -> DR BD05M -> Program	BD:BD Dance 137	
Best Service	The Best of Gigapack 1 & 2	CD 1 -> DR BD05M -> Program	BD:BD Dance 138	
Best Service	The Best of Gigapack 1 & 2	CD 1 -> DR BD05M -> Program	BD:BD Dance 139	
Best Service	The Best of Gigapack 1 & 2	CD 1 -> DR BD05M -> Program	BD:BD Dance 140	
Best Service	The Best of Gigapack 1 & 2	CD 1 -> DR BD05M -> Program	BD:BD Dance 141	
Best Service	The Best of Gigapack 1 & 2	CD 1 -> DR BD05M -> Program	BD:BD Dance 142	
Best Service	The Best of Gigapack 1 & 2	CD 1 -> DR BD05M -> Sample	BD:bd162	
Best Service	The Best of Gigapack 1 & 2	CD 1 -> DR BD05M -> Sample	BD:bd169	
Best Service	The Best of Gigapack 1 & 2	CD 1 -> DR BD05M -> Sample	BD:bd172	
Best Service	The Best of Gigapack 1 & 2	CD 1 -> DR BD05M -> Sample	BD:bd174	
Best Service	The Best of Gigapack 1 & 2	CD 1 -> DR BD05M -> Sample	BD:bd176	
Best Service	The Best of Gigapack 1 & 2	CD 1 -> DR BD05M -> Sample	BD:bd179	
Best Service	The Best of Gigapack 1 & 2	CD 1 -> DR BD05M -> Sample	BD:bd180	
Best Service	The Best of Gigapack 1 & 2	CD 1 -> DR BD05M -> Sample	BD:bd181	
Best Service	The Best of Gigapack 1 & 2	CD 1 -> DR BD05M -> Sample	BD:bd182	
Best Service	The Best of Gigapack 1 & 2	CD 1 -> DR BD05M -> Sample	BD:bd183	
Best Service	The Best of Gigapack 1 & 2	CD 1 -> DR BD05M -> Sample	BD:bd185	
Best Service	The Best of Gigapack 1 & 2	CD 1 -> DR BD05M -> Sample	BD:bd186	
Best Service	The Best of Gigapack 1 & 2	CD 1 -> DR BD05M -> Sample	BD:bd187	
Best Service	The Best of Gigapack 1 & 2	CD 1 -> DR BD05M -> Sample	BD:bd188	
Best Service	The Best of Gigapack 1 & 2	CD 1 -> DR BD05M -> Sample	BD:bd189	
Best Service	The Best of Gigapack 1 & 2	CD 1 -> DR BD05M -> Sample	BD:bd190	
Best Service	The Best of Gigapack 1 & 2	CD 1 -> DR BD05M -> Sample	BD:bd191	
Best Service	The Best of Gigapack 1 & 2	CD 1 -> DR BD05M -> Sample	BD:bd192	
Best Service	The Best of Gigapack 1 & 2	CD 1 -> DR BD06S -> Program	BD:BD1allDaSt	
Best Service	The Best of Gigapack 1 & 2	CD 1 -> DR BD06S -> Program	BD:BD Dnce st01	
Best Service	The Best of Gigapack 1 & 2	CD 1 -> DR BD06S -> Program	BD:BD Dnce st02	
Best Service	The Best of Gigapack 1 & 2	CD 1 -> DR BD06S -> Program	BD:BD Dnce st03	
Best Service	The Best of Gigapack 1 & 2	CD 1 -> DR BD06S -> Program	BD:BD Dnce st04	
Best Service	The Best of Gigapack 1 & 2	CD 1 -> DR BD06S -> Program	BD:BD Dnce st05	
Best Service	The Best of Gigapack 1 & 2	CD 1 -> DR BD06S -> Program	BD:BD Dnce st06	
Best Service	The Best of Gigapack 1 & 2	CD 1 -> DR BD06S -> Program	BD:BD Dnce st07	
Best Service	The Best of Gigapack 1 & 2	CD 1 -> DR BD06S -> Program	BD:BD Dnce st08	
Best Service	The Best of Gigapack 1 & 2	CD 1 -> DR BD06S -> Program	BD:BD Dnce st09	
Best Service	The Best of Gigapack 1 & 2	CD 1 -> DR BD06S -> Program	BD:BD Dnce st10	
Best Service	The Best of Gigapack 1 & 2	CD 1 -> DR BD06S -> Program	BD:BD Dnce st11	
Best Service	The Best of Gigapack 1 & 2	CD 1 -> DR BD06S -> Program	BD:BD Dnce st12	
Best Service	The Best of Gigapack 1 & 2	CD 1 -> DR BD06S -> Program	BD:BD Dnce st13	
Best Service	The Best of Gigapack 1 & 2	CD 1 -> DR BD06S -> Program	BD:BD Dnce st14	
Best Service	The Best of Gigapack 1 & 2	CD 1 -> DR BD06S -> Program	BD:BD Dnce st15	
Best Service	The Best of Gigapack 1 & 2	CD 1 -> DR BD06S -> Program	BD:BD Dnce st16	
Best Service	The Best of Gigapack 1 & 2	CD 1 -> DR BD06S -> Program	BD:BD Dnce st17	
Best Service	The Best of Gigapack 1 & 2	CD 1 -> DR BD06S -> Program	BD:BD Dnce st18	
Best Service	The Best of Gigapack 1 & 2	CD 1 -> DR BD06S -> Program	BD:BD Dnce st19	
Best Service	The Best of Gigapack 1 & 2	CD 1 -> DR BD06S -> Program	BD:BD Dnce st20	
Best Service	The Best of Gigapack 1 & 2	CD 1 -> DR BD06S -> Program	BD:BD Dnce st21	
Best Service	The Best of Gigapack 1 & 2	CD 1 -> DR BD06S -> Program	BD:BD Dnce st22	
Best Service	The Best of Gigapack 1 & 2	CD 1 -> DR BD06S -> Program	BD:BD Dnce st23	
Best Service	The Best of Gigapack 1 & 2	CD 1 -> DR BD06S -> Program	BD:BD Dnce st24	
Best Service	The Best of Gigapack 1 & 2	CD 1 -> DR BD06S -> Program	BD:BD Dnce st25	
Best Service	The Best of Gigapack 1 & 2	CD 1 -> DR BD06S -> Program	BD:BD Dnce st26	
Best Service	The Best of Gigapack 1 & 2	CD 1 -> DR BD06S -> Program	BD:BD Dnce st27	
Best Service	The Best of Gigapack 1 & 2	CD 1 -> DR BD06S -> Program	BD:BD Dnce st28	
Best Service	The Best of Gigapack 1 & 2	CD 1 -> DR BD06S -> Program	BD:BD Dnce st29	
Best Service	The Best of Gigapack 1 & 2	CD 1 -> DR BD06S -> Program	BD:BD Dnce st30	
Best Service	The Best of Gigapack 1 & 2	CD 1 -> DR BD06S -> Program	BD:BD Dnce st31	
Best Service	The Best of Gigapack 1 & 2	CD 1 -> DR BD06S -> Sample	BD:bd003	
Best Service	The Best of Gigapack 1 & 2	CD 1 -> DR BD06S -> Sample	BD:bd062	
Best Service	The Best of Gigapack 1 & 2	CD 1 -> DR BD06S -> Sample	BD:bd066	
Best Service	The Best of Gigapack 1 & 2	CD 1 -> DR BD06S -> Sample	BD:bd071	
Best Service	The Best of Gigapack 1 & 2	CD 1 -> DR BD06S -> Sample	BD:bd073	
Best Service	The Best of Gigapack 1 & 2	CD 1 -> DR BD06S -> Sample	BD:bd075	
Best Service	The Best of Gigapack 1 & 2	CD 1 -> DR BD06S -> Sample	BD:bd078	
Best Service	The Best of Gigapack 1 & 2	CD 1 -> DR BD06S -> Sample	BD:bd079	
Best Service	The Best of Gigapack 1 & 2	CD 1 -> DR BD06S -> Sample	BD:bd081	
Best Service	The Best of Gigapack 1 & 2	CD 1 -> DR BD06S -> Sample	BD:bd086	
Best Service	The Best of Gigapack 1 & 2	CD 1 -> DR BD06S -> Sample	BD:bd091	
Best Service	The Best of Gigapack 1 & 2	CD 1 -> DR BD06S -> Sample	BD:bd093	
Best Service	The Best of Gigapack 1 & 2	CD 1 -> DR BD06S -> Sample	BD:bd096	
Best Service	The Best of Gigapack 1 & 2	CD 1 -> DR BD06S -> Sample	BD:bd098	
Best Service	The Best of Gigapack 1 & 2	CD 1 -> DR BD06S -> Sample	BD:bd100	
Best Service	The Best of Gigapack 1 & 2	CD 1 -> DR BD06S -> Sample	BD:bd101	
Best Service	The Best of Gigapack 1 & 2	CD 1 -> DR BD06S -> Sample	BD:bd106	
Best Service	The Best of Gigapack 1 & 2	CD 1 -> DR BD06S -> Sample	BD:bd109	
Best Service	The Best of Gigapack 1 & 2	CD 1 -> DR BD06S -> Sample	BD:bd110	
Best Service	The Best of Gigapack 1 & 2	CD 1 -> DR BD06S -> Sample	BD:bd111	
Best Service	The Best of Gigapack 1 & 2	CD 1 -> DR BD06S -> Sample	BD:bd116	
Best Service	The Best of Gigapack 1 & 2	CD 1 -> DR BD06S -> Sample	BD:bd119	
Best Service	The Best of Gigapack 1 & 2	CD 1 -> DR BD06S -> Sample	BD:bd120	
Best Service	The Best of Gigapack 1 & 2	CD 1 -> DR BD06S -> Sample	BD:bd122     -R	
Best Service	The Best of Gigapack 1 & 2	CD 1 -> DR BD06S -> Sample	BD:bd122     -L	
Best Service	The Best of Gigapack 1 & 2	CD 1 -> DR BD06S -> Sample	BD:bd123	
Best Service	The Best of Gigapack 1 & 2	CD 1 -> DR BD06S -> Sample	BD:bd126	
Best Service	The Best of Gigapack 1 & 2	CD 1 -> DR BD06S -> Sample	BD:bd127	
Best Service	The Best of Gigapack 1 & 2	CD 1 -> DR BD06S -> Sample	BD:bd140	
Best Service	The Best of Gigapack 1 & 2	CD 1 -> DR BD06S -> Sample	BD:bd146	
Best Service	The Best of Gigapack 1 & 2	CD 1 -> DR BD06S -> Sample	BD:bd150	
Best Service	The Best of Gigapack 1 & 2	CD 1 -> DR BD06S -> Sample	BD:bd151	
Best Service	The Best of Gigapack 1 & 2	CD 1 -> DR BD07S -> Program	BD:BD2allDaSt	
Best Service	The Best of Gigapack 1 & 2	CD 1 -> DR BD07S -> Program	BD:BD Dnce st32	
Best Service	The Best of Gigapack 1 & 2	CD 1 -> DR BD07S -> Program	BD:BD Dnce st33	
Best Service	The Best of Gigapack 1 & 2	CD 1 -> DR BD07S -> Program	BD:BD Dnce st34	
Best Service	The Best of Gigapack 1 & 2	CD 1 -> DR BD07S -> Program	BD:BD Dnce st35	
Best Service	The Best of Gigapack 1 & 2	CD 1 -> DR BD07S -> Program	BD:BD Dnce st36	
Best Service	The Best of Gigapack 1 & 2	CD 1 -> DR BD07S -> Program	BD:BD Dnce st37	
Best Service	The Best of Gigapack 1 & 2	CD 1 -> DR BD07S -> Program	BD:BD Dnce st38	
Best Service	The Best of Gigapack 1 & 2	CD 1 -> DR BD07S -> Program	BD:BD Dnce st39	
Best Service	The Best of Gigapack 1 & 2	CD 1 -> DR BD07S -> Program	BD:BD Dnce st40	
Best Service	The Best of Gigapack 1 & 2	CD 1 -> DR BD07S -> Program	BD:BD Dnce st41	
Best Service	The Best of Gigapack 1 & 2	CD 1 -> DR BD07S -> Program	BD:BD Dnce st42	
Best Service	The Best of Gigapack 1 & 2	CD 1 -> DR BD07S -> Program	BD:BD Dnce st43	
Best Service	The Best of Gigapack 1 & 2	CD 1 -> DR BD07S -> Program	BD:BD Dnce st44	
Best Service	The Best of Gigapack 1 & 2	CD 1 -> DR BD07S -> Program	BD:BD Dnce st45	
Best Service	The Best of Gigapack 1 & 2	CD 1 -> DR BD07S -> Sample	BD:bd155	
Best Service	The Best of Gigapack 1 & 2	CD 1 -> DR BD07S -> Sample	BD:bd163	
Best Service	The Best of Gigapack 1 & 2	CD 1 -> DR BD07S -> Sample	BD:bd164	
Best Service	The Best of Gigapack 1 & 2	CD 1 -> DR BD07S -> Sample	BD:bd165	
Best Service	The Best of Gigapack 1 & 2	CD 1 -> DR BD07S -> Sample	BD:bd166	
Best Service	The Best of Gigapack 1 & 2	CD 1 -> DR BD07S -> Sample	BD:bd167	
Best Service	The Best of Gigapack 1 & 2	CD 1 -> DR BD07S -> Sample	BD:bd168	
Best Service	The Best of Gigapack 1 & 2	CD 1 -> DR BD07S -> Sample	BD:bd170	
Best Service	The Best of Gigapack 1 & 2	CD 1 -> DR BD07S -> Sample	BD:bd171	
Best Service	The Best of Gigapack 1 & 2	CD 1 -> DR BD07S -> Sample	BD:bd173	
Best Service	The Best of Gigapack 1 & 2	CD 1 -> DR BD07S -> Sample	BD:bd175	
Best Service	The Best of Gigapack 1 & 2	CD 1 -> DR BD07S -> Sample	BD:bd177	
Best Service	The Best of Gigapack 1 & 2	CD 1 -> DR BD07S -> Sample	BD:bd178	
Best Service	The Best of Gigapack 1 & 2	CD 1 -> DR BD07S -> Sample	BD:bd184	
Best Service	The Best of Gigapack 1 & 2	CD 1 -> DR BD08M -> Program	BD:BD R monoAll	
Best Service	The Best of Gigapack 1 & 2	CD 1 -> DR BD08M -> Program	BD:BD R mono 01	
Best Service	The Best of Gigapack 1 & 2	CD 1 -> DR BD08M -> Program	BD:BD R mono 02	
Best Service	The Best of Gigapack 1 & 2	CD 1 -> DR BD08M -> Program	BD:BD R mono 03	
Best Service	The Best of Gigapack 1 & 2	CD 1 -> DR BD08M -> Program	BD:BD R mono 04	
Best Service	The Best of Gigapack 1 & 2	CD 1 -> DR BD08M -> Program	BD:BD R mono 05	
Best Service	The Best of Gigapack 1 & 2	CD 1 -> DR BD08M -> Program	BD:BD R mono 06	
Best Service	The Best of Gigapack 1 & 2	CD 1 -> DR BD08M -> Program	BD:BD R mono 07	
Best Service	The Best of Gigapack 1 & 2	CD 1 -> DR BD08M -> Program	BD:BD R mono 08	
Best Service	The Best of Gigapack 1 & 2	CD 1 -> DR BD08M -> Program	BD:BD R mono 09	
Best Service	The Best of Gigapack 1 & 2	CD 1 -> DR BD08M -> Program	BD:BD R mono 10	
Best Service	The Best of Gigapack 1 & 2	CD 1 -> DR BD08M -> Program	BD:BD R mono 11	
Best Service	The Best of Gigapack 1 & 2	CD 1 -> DR BD08M -> Program	BD:BD R mono 12	
Best Service	The Best of Gigapack 1 & 2	CD 1 -> DR BD08M -> Program	BD:BD R mono 13	
Best Service	The Best of Gigapack 1 & 2	CD 1 -> DR BD08M -> Program	BD:BD R mono 14	
Best Service	The Best of Gigapack 1 & 2	CD 1 -> DR BD08M -> Program	BD:BD R mono 15	
Best Service	The Best of Gigapack 1 & 2	CD 1 -> DR BD08M -> Program	BD:BD R mono 16	
Best Service	The Best of Gigapack 1 & 2	CD 1 -> DR BD08M -> Program	BD:BD R mono 17	
Best Service	The Best of Gigapack 1 & 2	CD 1 -> DR BD08M -> Program	BD:BD R mono 18	
Best Service	The Best of Gigapack 1 & 2	CD 1 -> DR BD08M -> Program	BD:BD R mono 19	
Best Service	The Best of Gigapack 1 & 2	CD 1 -> DR BD08M -> Program	BD:BD R mono 20	
Best Service	The Best of Gigapack 1 & 2	CD 1 -> DR BD08M -> Program	BD:BD R mono 21	
Best Service	The Best of Gigapack 1 & 2	CD 1 -> DR BD08M -> Program	BD:BD R mono 22	
Best Service	The Best of Gigapack 1 & 2	CD 1 -> DR BD08M -> Program	BD:BD R mono 23	
Best Service	The Best of Gigapack 1 & 2	CD 1 -> DR BD08M -> Program	BD:BD R mono 24	
Best Service	The Best of Gigapack 1 & 2	CD 1 -> DR BD08M -> Program	BD:BD R mono 25	
Best Service	The Best of Gigapack 1 & 2	CD 1 -> DR BD08M -> Sample	BD:bd1d	
Best Service	The Best of Gigapack 1 & 2	CD 1 -> DR BD08M -> Sample	BD:bd1e	
Best Service	The Best of Gigapack 1 & 2	CD 1 -> DR BD08M -> Sample	BD:bd1j	
Best Service	The Best of Gigapack 1 & 2	CD 1 -> DR BD08M -> Sample	BD:bd1w	
Best Service	The Best of Gigapack 1 & 2	CD 1 -> DR BD08M -> Sample	BD:bd1x	
Best Service	The Best of Gigapack 1 & 2	CD 1 -> DR BD08M -> Sample	BD:bd1y	
Best Service	The Best of Gigapack 1 & 2	CD 1 -> DR BD08M -> Sample	BD:bd1z	
Best Service	The Best of Gigapack 1 & 2	CD 1 -> DR BD08M -> Sample	BD:bd2c	
Best Service	The Best of Gigapack 1 & 2	CD 1 -> DR BD08M -> Sample	BD:bd2f	
Best Service	The Best of Gigapack 1 & 2	CD 1 -> DR BD08M -> Sample	BD:bd2g	
Best Service	The Best of Gigapack 1 & 2	CD 1 -> DR BD08M -> Sample	BD:bd2i	
Best Service	The Best of Gigapack 1 & 2	CD 1 -> DR BD08M -> Sample	BD:bd2j	
Best Service	The Best of Gigapack 1 & 2	CD 1 -> DR BD08M -> Sample	BD:bd2k	
Best Service	The Best of Gigapack 1 & 2	CD 1 -> DR BD08M -> Sample	BD:bd2r	
Best Service	The Best of Gigapack 1 & 2	CD 1 -> DR BD08M -> Sample	BD:bd2s	
Best Service	The Best of Gigapack 1 & 2	CD 1 -> DR BD08M -> Sample	BD:bd2t	
Best Service	The Best of Gigapack 1 & 2	CD 1 -> DR BD08M -> Sample	BD:bd2u	
Best Service	The Best of Gigapack 1 & 2	CD 1 -> DR BD08M -> Sample	BD:bd2v	
Best Service	The Best of Gigapack 1 & 2	CD 1 -> DR BD08M -> Sample	BD:bd3c	
Best Service	The Best of Gigapack 1 & 2	CD 1 -> DR BD08M -> Sample	BD:bd3e	
Best Service	The Best of Gigapack 1 & 2	CD 1 -> DR BD08M -> Sample	BD:bd3f	
Best Service	The Best of Gigapack 1 & 2	CD 1 -> DR BD08M -> Sample	BD:bd3g	
Best Service	The Best of Gigapack 1 & 2	CD 1 -> DR BD08M -> Sample	BD:bd3w	
Best Service	The Best of Gigapack 1 & 2	CD 1 -> DR BD08M -> Sample	BD:bd3x	
Best Service	The Best of Gigapack 1 & 2	CD 1 -> DR BD08M -> Sample	BD:bd3y	
Best Service	The Best of Gigapack 1 & 2	CD 1 -> DR TT 02 -> Program	TOM:K-TomDance17	
Best Service	The Best of Gigapack 1 & 2	CD 1 -> DR TT 02 -> Program	TOM:K-TomDance18	
Best Service	The Best of Gigapack 1 & 2	CD 1 -> DR TT 02 -> Program	TOM:K-TomDance19	
Best Service	The Best of Gigapack 1 & 2	CD 1 -> DR TT 02 -> Program	TOM:K-TomDance20	
Best Service	The Best of Gigapack 1 & 2	CD 1 -> DR TT 02 -> Program	TOM:K-TomDance21	
Best Service	The Best of Gigapack 1 & 2	CD 1 -> DR TT 02 -> Program	TOM:K-TomDance22	
Best Service	The Best of Gigapack 1 & 2	CD 1 -> DR TT 02 -> Program	TOM:K-TomDance23	
Best Service	The Best of Gigapack 1 & 2	CD 1 -> DR TT 02 -> Program	TOM:K-TomDance24	
Best Service	The Best of Gigapack 1 & 2	CD 1 -> DR TT 02 -> Program	TOM:K-TomDance25	
Best Service	The Best of Gigapack 1 & 2	CD 1 -> DR TT 02 -> Program	TOM:K-TomDance26	
Best Service	The Best of Gigapack 1 & 2	CD 1 -> DR TT 02 -> Program	TOM:K-TomDance27	
Best Service	The Best of Gigapack 1 & 2	CD 1 -> DR TT 02 -> Program	TOM:K-TomDance28	
Best Service	The Best of Gigapack 1 & 2	CD 1 -> DR TT 02 -> Program	TOM:K-TomDance29	
Best Service	The Best of Gigapack 1 & 2	CD 1 -> DR TT 02 -> Sample	TOM:Tm035	
Best Service	The Best of Gigapack 1 & 2	CD 1 -> DR TT 02 -> Sample	TOM:Tm036	
Best Service	The Best of Gigapack 1 & 2	CD 1 -> DR TT 02 -> Sample	TOM:Tm037	
Best Service	The Best of Gigapack 1 & 2	CD 1 -> DR TT 02 -> Sample	TOM:Tm038	
Best Service	The Best of Gigapack 1 & 2	CD 1 -> DR TT 02 -> Sample	TOM:Tm039	
Best Service	The Best of Gigapack 1 & 2	CD 1 -> DR TT 02 -> Sample	TOM:Tm040	
Best Service	The Best of Gigapack 1 & 2	CD 1 -> DR TT 02 -> Sample	TOM:Tm041	
Best Service	The Best of Gigapack 1 & 2	CD 1 -> DR TT 02 -> Sample	TOM:Tm042	
Best Service	The Best of Gigapack 1 & 2	CD 1 -> DR TT 02 -> Sample	TOM:Tm043	
Best Service	The Best of Gigapack 1 & 2	CD 1 -> DR TT 02 -> Sample	TOM:Tm044	
Best Service	The Best of Gigapack 1 & 2	CD 1 -> DR TT 02 -> Sample	TOM:Tm045	
Best Service	The Best of Gigapack 1 & 2	CD 1 -> DR TT 02 -> Sample	TOM:Tm046	
Best Service	The Best of Gigapack 1 & 2	CD 1 -> DR TT 02 -> Sample	TOM:Tm047	
Best Service	The Best of Gigapack 1 & 2	CD 1 -> DR TT 02 -> Sample	TOM:Tm048	
Best Service	The Best of Gigapack 1 & 2	CD 1 -> DR TT 02 -> Sample	TOM:Tm049	
Best Service	The Best of Gigapack 1 & 2	CD 1 -> DR TT 02 -> Sample	TOM:Tm050	
Best Service	The Best of Gigapack 1 & 2	CD 1 -> DR TT 02 -> Sample	TOM:Tm051	
Best Service	The Best of Gigapack 1 & 2	CD 1 -> DR TT 02 -> Sample	TOM:Tm052	
Best Service	The Best of Gigapack 1 & 2	CD 1 -> DR TT 02 -> Sample	TOM:Tm053	
Best Service	The Best of Gigapack 1 & 2	CD 1 -> DR TT 02 -> Sample	TOM:Tm054	
Best Service	The Best of Gigapack 1 & 2	CD 1 -> DR TT 02 -> Sample	TOM:Tm055	
Best Service	The Best of Gigapack 1 & 2	CD 1 -> DR TT 02 -> Sample	TOM:Tm056	
Best Service	The Best of Gigapack 1 & 2	CD 1 -> DR TT 02 -> Sample	TOM:Tm057	
Best Service	The Best of Gigapack 1 & 2	CD 1 -> DR TT 02 -> Sample	TOM:Tm058	
Best Service	The Best of Gigapack 1 & 2	CD 1 -> DR TT 02 -> Sample	TOM:Tm059	
Best Service	The Best of Gigapack 1 & 2	CD 1 -> DR TT 02 -> Sample	TOM:Tm060	
Best Service	The Best of Gigapack 1 & 2	CD 1 -> DR TT 02 -> Sample	TOM:Tm061	
Best Service	The Best of Gigapack 1 & 2	CD 1 -> DR TT 02 -> Sample	TOM:Tm062	
Best Service	The Best of Gigapack 1 & 2	CD 1 -> DR TT 02 -> Sample	TOM:Tm063	
Best Service	The Best of Gigapack 1 & 2	CD 1 -> DR TT 02 -> Sample	TOM:Tm064	
Best Service	The Best of Gigapack 1 & 2	CD 1 -> DR TT 02 -> Sample	TOM:Tm065	
Best Service	The Best of Gigapack 1 & 2	CD 1 -> DR TT 02 -> Sample	TOM:Tm066	
Best Service	The Best of Gigapack 1 & 2	CD 1 -> DR TT 02 -> Sample	TOM:Tm067	
Best Service	The Best of Gigapack 1 & 2	CD 1 -> DR TT 02 -> Sample	TOM:Tm068	
Best Service	The Best of Gigapack 1 & 2	CD 1 -> DR TT 02 -> Sample	TOM:Tm069	
Best Service	The Best of Gigapack 1 & 2	CD 1 -> DR TT 02 -> Sample	TOM:Tm070	
Best Service	The Best of Gigapack 1 & 2	CD 1 -> DR TT 02 -> Sample	TOM:Tm071	
Best Service	The Best of Gigapack 1 & 2	CD 1 -> DR TT 02 -> Sample	TOM:Tm072	
Best Service	The Best of Gigapack 1 & 2	CD 1 -> DR TT 02 -> Sample	TOM:Tm073	
Best Service	The Best of Gigapack 1 & 2	CD 1 -> DR TT 02 -> Sample	TOM:Tm074	
Best Service	The Best of Gigapack 1 & 2	CD 1 -> DR TT 02 -> Sample	TOM:Tm075	
Best Service	The Best of Gigapack 1 & 2	CD 1 -> DR TT 02 -> Sample	TOM:Tm076	
Best Service	The Best of Gigapack 1 & 2	CD 1 -> DR TT 02 -> Sample	TOM:Tm077	
Best Service	The Best of Gigapack 1 & 2	CD 1 -> DR TT 04 -> Program	TOM:K-TomRealm 6	
Best Service	The Best of Gigapack 1 & 2	CD 1 -> DR TT 04 -> Program	TOM:K-TomRealm 7	
Best Service	The Best of Gigapack 1 & 2	CD 1 -> DR TT 04 -> Program	TOM:K-TomRealm 8	
Best Service	The Best of Gigapack 1 & 2	CD 1 -> DR TT 04 -> Program	TOM:K-TomRealm 9	
Best Service	The Best of Gigapack 1 & 2	CD 1 -> DR TT 04 -> Program	TOM:K-TomRealm10	
Best Service	The Best of Gigapack 1 & 2	CD 1 -> DR TT 04 -> Program	TOM:K-TomRealm11	
Best Service	The Best of Gigapack 1 & 2	CD 1 -> DR TT 04 -> Program	TOM:K-TomRealm12	
Best Service	The Best of Gigapack 1 & 2	CD 1 -> DR TT 04 -> Program	TOM:K-TomRealm13	
Best Service	The Best of Gigapack 1 & 2	CD 1 -> DR TT 04 -> Program	TOM:K-TomRealm14	
Best Service	The Best of Gigapack 1 & 2	CD 1 -> DR TT 04 -> Sample	TOM:Tom111	
Best Service	The Best of Gigapack 1 & 2	CD 1 -> DR TT 04 -> Sample	TOM:Tom112	
Best Service	The Best of Gigapack 1 & 2	CD 1 -> DR TT 04 -> Sample	TOM:Tom113	
Best Service	The Best of Gigapack 1 & 2	CD 1 -> DR TT 04 -> Sample	TOM:Tom114	
Best Service	The Best of Gigapack 1 & 2	CD 1 -> DR TT 04 -> Sample	TOM:Tom115	
Best Service	The Best of Gigapack 1 & 2	CD 1 -> DR TT 04 -> Sample	TOM:Tom116	
Best Service	The Best of Gigapack 1 & 2	CD 1 -> DR TT 04 -> Sample	TOM:Tom117	
Best Service	The Best of Gigapack 1 & 2	CD 1 -> DR TT 04 -> Sample	TOM:Tom118	
Best Service	The Best of Gigapack 1 & 2	CD 1 -> DR TT 04 -> Sample	TOM:Tom119	
Best Service	The Best of Gigapack 1 & 2	CD 1 -> DR TT 04 -> Sample	TOM:Tom120	
Best Service	The Best of Gigapack 1 & 2	CD 1 -> DR TT 04 -> Sample	TOM:Tom121	
Best Service	The Best of Gigapack 1 & 2	CD 1 -> DR TT 04 -> Sample	TOM:Tom122	
Best Service	The Best of Gigapack 1 & 2	CD 1 -> DR TT 04 -> Sample	TOM:Tom123	
Best Service	The Best of Gigapack 1 & 2	CD 1 -> DR TT 04 -> Sample	TOM:Tom124	
Best Service	The Best of Gigapack 1 & 2	CD 1 -> DR TT 04 -> Sample	TOM:Tom125	
Best Service	The Best of Gigapack 1 & 2	CD 1 -> DR TT 04 -> Sample	TOM:Tom126	
Best Service	The Best of Gigapack 1 & 2	CD 1 -> DR TT 04 -> Sample	TOM:Tom127	
Best Service	The Best of Gigapack 1 & 2	CD 1 -> DR TT 04 -> Sample	TOM:Tom128	
Best Service	The Best of Gigapack 1 & 2	CD 1 -> DR TT 04 -> Sample	TOM:Tom129	
Best Service	The Best of Gigapack 1 & 2	CD 1 -> DR TT 04 -> Sample	TOM:Tom130	
Best Service	The Best of Gigapack 1 & 2	CD 1 -> DR TT 04 -> Sample	TOM:Tom131	
Best Service	The Best of Gigapack 1 & 2	CD 1 -> DR TT 04 -> Sample	TOM:Tom132	
Best Service	The Best of Gigapack 1 & 2	CD 1 -> DR TT 04 -> Sample	TOM:Tom133	
Best Service	The Best of Gigapack 1 & 2	CD 1 -> DR TT 04 -> Sample	TOM:Tom134	
Best Service	The Best of Gigapack 1 & 2	CD 1 -> DR TT 04 -> Sample	TOM:Tom135	
Best Service	The Best of Gigapack 1 & 2	CD 1 -> DR TT 04 -> Sample	TOM:Tom136	
Best Service	The Best of Gigapack 1 & 2	CD 1 -> DR TT 04 -> Sample	TOM:Tom137	
Best Service	The Best of Gigapack 1 & 2	CD 1 -> DR TT 04 -> Sample	TOM:Tom138	
Best Service	The Best of Gigapack 1 & 2	CD 1 -> DR TT 04 -> Sample	TOM:Tom139	
Best Service	The Best of Gigapack 1 & 2	CD 1 -> DR TT 04 -> Sample	TOM:Tom140	
Best Service	The Best of Gigapack 1 & 2	CD 1 -> DR TT 04 -> Sample	TOM:Tom141	
Best Service	The Best of Gigapack 1 & 2	CD 1 -> DR TT 04 -> Sample	TOM:Tom142	
Best Service	The Best of Gigapack 1 & 2	CD 1 -> DR TT 04 -> Sample	TOM:Tom143	
Best Service	The Best of Gigapack 1 & 2	CD 1 -> DR TT 04 -> Sample	TOM:Tom144	
Best Service	The Best of Gigapack 1 & 2	CD 1 -> DR TT 04 -> Sample	TOM:Tom145	
Best Service	The Best of Gigapack 1 & 2	CD 1 -> DR TT 04 -> Sample	TOM:Tom146	
Best Service	The Best of Gigapack 1 & 2	CD 1 -> DR TT 04 -> Sample	TOM:Tom147	
Best Service	The Best of Gigapack 1 & 2	CD 1 -> DR TT 04 -> Sample	TOM:Tom148	
Best Service	The Best of Gigapack 1 & 2	CD 1 -> DR TT 05 -> Program	TOM:K-Tom 1 st	
Best Service	The Best of Gigapack 1 & 2	CD 1 -> DR TT 05 -> Program	TOM:K-Tom 2 st	
Best Service	The Best of Gigapack 1 & 2	CD 1 -> DR TT 05 -> Program	TOM:K-Tom 3 st	
Best Service	The Best of Gigapack 1 & 2	CD 1 -> DR TT 05 -> Program	TOM:K-Tom 4 st	
Best Service	The Best of Gigapack 1 & 2	CD 1 -> DR TT 05 -> Sample	TOM:Tom149	
Best Service	The Best of Gigapack 1 & 2	CD 1 -> DR TT 05 -> Sample	TOM:Tom150	
Best Service	The Best of Gigapack 1 & 2	CD 1 -> DR TT 05 -> Sample	TOM:Tom151	
Best Service	The Best of Gigapack 1 & 2	CD 1 -> DR TT 05 -> Sample	TOM:Tom152	
Best Service	The Best of Gigapack 1 & 2	CD 1 -> DR TT 05 -> Sample	TOM:Tom153	
Best Service	The Best of Gigapack 1 & 2	CD 1 -> DR TT 05 -> Sample	TOM:Tom154	
Best Service	The Best of Gigapack 1 & 2	CD 1 -> DR TT 05 -> Sample	TOM:Tom155	
Best Service	The Best of Gigapack 1 & 2	CD 1 -> DR TT 05 -> Sample	TOM:Tom156	
Best Service	The Best of Gigapack 1 & 2	CD 1 -> DR TT 05 -> Sample	TOM:Tom157	
Best Service	The Best of Gigapack 1 & 2	CD 1 -> DR TT 05 -> Sample	TOM:Tom158	
Best Service	The Best of Gigapack 1 & 2	CD 1 -> DR TT 05 -> Sample	TOM:Tom159	
Best Service	The Best of Gigapack 1 & 2	CD 1 -> DR TT 05 -> Sample	TOM:Tom160	
Best Service	The Best of Gigapack 1 & 2	CD 1 -> DR TT 05 -> Sample	TOM:Tom161	
Best Service	The Best of Gigapack 1 & 2	CD 1 -> DR TT 05 -> Sample	TOM:Tom162	
Best Service	The Best of Gigapack 1 & 2	CD 1 -> DR TT 05 -> Sample	TOM:Tom163	
Best Service	The Best of Gigapack 1 & 2	CD 1 -> DR TT 05 -> Sample	TOM:Tom164	
Best Service	The Best of Gigapack 1 & 2	CD 1 -> DR TT 05 -> Sample	TOM:Tom165	
Best Service	The Best of Gigapack 1 & 2	CD 1 -> DR TT 05 -> Sample	TOM:Tom166	
Best Service	The Best of Gigapack 1 & 2	CD 1 -> DR TT 05 -> Sample	TOM:Tom167	
Best Service	The Best of Gigapack 1 & 2	CD 1 -> DR TT 05 -> Sample	TOM:Tom168	
Best Service	The Best of Gigapack 1 & 2	CD 1 -> DR TT 06 -> Program	TOM:K-Tom 5 st	
Best Service	The Best of Gigapack 1 & 2	CD 1 -> DR TT 06 -> Program	TOM:K-Tom 6 st	
Best Service	The Best of Gigapack 1 & 2	CD 1 -> DR TT 06 -> Program	TOM:K-Tom 7 st	
Best Service	The Best of Gigapack 1 & 2	CD 1 -> DR TT 06 -> Program	TOM:K-Tom 8 st	
Best Service	The Best of Gigapack 1 & 2	CD 1 -> DR TT 06 -> Sample	TOM:Tom169	
Best Service	The Best of Gigapack 1 & 2	CD 1 -> DR TT 06 -> Sample	TOM:Tom170	
Best Service	The Best of Gigapack 1 & 2	CD 1 -> DR TT 06 -> Sample	TOM:Tom171	
Best Service	The Best of Gigapack 1 & 2	CD 1 -> DR TT 06 -> Sample	TOM:Tom172	
Best Service	The Best of Gigapack 1 & 2	CD 1 -> DR TT 06 -> Sample	TOM:Tom173	
Best Service	The Best of Gigapack 1 & 2	CD 1 -> DR TT 06 -> Sample	TOM:Tom175	
Best Service	The Best of Gigapack 1 & 2	CD 1 -> DR TT 06 -> Sample	TOM:Tom176	
Best Service	The Best of Gigapack 1 & 2	CD 1 -> DR TT 06 -> Sample	TOM:Tom178	
Best Service	The Best of Gigapack 1 & 2	CD 1 -> DR TT 06 -> Sample	TOM:Tom179	
Best Service	The Best of Gigapack 1 & 2	CD 1 -> DR TT 06 -> Sample	TOM:Tom180    -R	
Best Service	The Best of Gigapack 1 & 2	CD 1 -> DR TT 06 -> Sample	TOM:Tom181	
Best Service	The Best of Gigapack 1 & 2	CD 1 -> DR TT 06 -> Sample	TOM:Tom182	
Best Service	The Best of Gigapack 1 & 2	CD 1 -> DR TT 06 -> Sample	TOM:Tom183	
Best Service	The Best of Gigapack 1 & 2	CD 1 -> DR TT 06 -> Sample	TOM:Tom184	
Best Service	The Best of Gigapack 1 & 2	CD 1 -> DR TT 06 -> Sample	TOM:Tom185	
Best Service	The Best of Gigapack 1 & 2	CD 1 -> DR TT 06 -> Sample	TOM:Tom186	
Best Service	The Best of Gigapack 1 & 2	CD 1 -> DR TT 06 -> Sample	TOM:Tom187	
Best Service	The Best of Gigapack 1 & 2	CD 1 -> DR TT 07 -> Program	TOM:K-Tom 9 st	
Best Service	The Best of Gigapack 1 & 2	CD 1 -> DR TT 07 -> Program	TOM:K-Tom10 st	
Best Service	The Best of Gigapack 1 & 2	CD 1 -> DR TT 07 -> Program	TOM:K-Tom11 st	
Best Service	The Best of Gigapack 1 & 2	CD 1 -> DR TT 07 -> Sample	TOM:Tom188	
Best Service	The Best of Gigapack 1 & 2	CD 1 -> DR TT 07 -> Sample	TOM:Tom189	
Best Service	The Best of Gigapack 1 & 2	CD 1 -> DR TT 07 -> Sample	TOM:Tom190	
Best Service	The Best of Gigapack 1 & 2	CD 1 -> DR TT 07 -> Sample	TOM:Tom191	
Best Service	The Best of Gigapack 1 & 2	CD 1 -> DR TT 07 -> Sample	TOM:Tom192	
Best Service	The Best of Gigapack 1 & 2	CD 1 -> DR TT 07 -> Sample	TOM:Tom193	
Best Service	The Best of Gigapack 1 & 2	CD 1 -> DR TT 07 -> Sample	TOM:Tom194	
Best Service	The Best of Gigapack 1 & 2	CD 1 -> DR TT 07 -> Sample	TOM:Tom195	
Best Service	The Best of Gigapack 1 & 2	CD 1 -> DR TT 07 -> Sample	TOM:Tom196	
Best Service	The Best of Gigapack 1 & 2	CD 1 -> DR TT 07 -> Sample	TOM:Tom197	
Best Service	The Best of Gigapack 1 & 2	CD 1 -> DR TT 07 -> Sample	TOM:Tom198	
Best Service	The Best of Gigapack 1 & 2	CD 1 -> DR TT 07 -> Sample	TOM:Tom199    -R	
Best Service	The Best of Gigapack 1 & 2	CD 1 -> DR TT 07 -> Sample	TOM:Tom199    -L	
Best Service	The Best of Gigapack 1 & 2	CD 1 -> DR TT 07 -> Sample	TOM:Tom200	
Best Service	The Best of Gigapack 1 & 2	CD 1 -> DR TT 07 -> Sample	TOM:Tom201	
Best Service	The Best of Gigapack 1 & 2	CD 1 -> DR TT 07 -> Sample	TOM:Tom202	
Best Service	The Best of Gigapack 1 & 2	CD 1 -> DR TT 07 -> Sample	TOM:Tom203	
Best Service	The Best of Gigapack 1 & 2	CD 1 -> DR TT 08 -> Program	TOM:K-TomRev 1st	
Best Service	The Best of Gigapack 1 & 2	CD 1 -> DR TT 08 -> Program	TOM:K-TomRev 2st	
Best Service	The Best of Gigapack 1 & 2	CD 1 -> DR TT 08 -> Program	TOM:K-TomRev 3st	
Best Service	The Best of Gigapack 1 & 2	CD 1 -> DR TT 08 -> Sample	TOM:Tom205	
Best Service	The Best of Gigapack 1 & 2	CD 1 -> DR TT 08 -> Sample	TOM:Tom207	
Best Service	The Best of Gigapack 1 & 2	CD 1 -> DR TT 08 -> Sample	TOM:Tom209	
Best Service	The Best of Gigapack 1 & 2	CD 1 -> DR TT 08 -> Sample	TOM:Tom211	
Best Service	The Best of Gigapack 1 & 2	CD 1 -> DR TT 08 -> Sample	TOM:Tom212	
Best Service	The Best of Gigapack 1 & 2	CD 1 -> DR TT 08 -> Sample	TOM:Tom214	
Best Service	The Best of Gigapack 1 & 2	CD 1 -> DR TT 08 -> Sample	TOM:Tom215	
Best Service	The Best of Gigapack 1 & 2	CD 1 -> DR TT 08 -> Sample	TOM:Tom216	
Best Service	The Best of Gigapack 1 & 2	CD 1 -> DR TT 08 -> Sample	TOM:Tom217	
Best Service	The Best of Gigapack 1 & 2	CD 1 -> DR TT 08 -> Sample	TOM:Tom218	
Best Service	The Best of Gigapack 1 & 2	CD 1 -> DR TT 08 -> Sample	TOM:Tom219	
Best Service	The Best of Gigapack 1 & 2	CD 1 -> DR TT 08 -> Sample	TOM:Tom220	
Best Service	The Best of Gigapack 1 & 2	CD 1 -> DR TT 08 -> Sample	TOM:Tom221	
Best Service	The Best of Gigapack 1 & 2	CD 1 -> DR TT 08 -> Sample	TOM:Tom222	
Best Service	The Best of Gigapack 1 & 2	CD 1 -> DR TT 09 -> Program	TOM:K-TomRev 4st	
Best Service	The Best of Gigapack 1 & 2	CD 1 -> DR TT 09 -> Program	TOM:K-TomRev 5st	
Best Service	The Best of Gigapack 1 & 2	CD 1 -> DR TT 09 -> Program	TOM:K-TomRev 6st	
Best Service	The Best of Gigapack 1 & 2	CD 1 -> DR TT 09 -> Program	TOM:K-TomRev 7st	
Best Service	The Best of Gigapack 1 & 2	CD 1 -> DR TT 09 -> Sample	TOM:Tom223	
Best Service	The Best of Gigapack 1 & 2	CD 1 -> DR TT 09 -> Sample	TOM:Tom225	
Best Service	The Best of Gigapack 1 & 2	CD 1 -> DR TT 09 -> Sample	TOM:Tom226	
Best Service	The Best of Gigapack 1 & 2	CD 1 -> DR TT 09 -> Sample	TOM:Tom228	
Best Service	The Best of Gigapack 1 & 2	CD 1 -> DR TT 09 -> Sample	TOM:Tom229	
Best Service	The Best of Gigapack 1 & 2	CD 1 -> DR TT 09 -> Sample	TOM:Tom231	
Best Service	The Best of Gigapack 1 & 2	CD 1 -> DR TT 09 -> Sample	TOM:Tom232	
Best Service	The Best of Gigapack 1 & 2	CD 1 -> DR TT 09 -> Sample	TOM:Tom233	
Best Service	The Best of Gigapack 1 & 2	CD 1 -> DR TT 09 -> Sample	TOM:Tom234	
Best Service	The Best of Gigapack 1 & 2	CD 1 -> DR TT 09 -> Sample	TOM:Tom235	
Best Service	The Best of Gigapack 1 & 2	CD 1 -> DR TT 09 -> Sample	TOM:Tom236	
Best Service	The Best of Gigapack 1 & 2	CD 1 -> DR TT 09 -> Sample	TOM:Tom237	
Best Service	The Best of Gigapack 1 & 2	CD 1 -> DR TT 09 -> Sample	TOM:Tom238	
Best Service	The Best of Gigapack 1 & 2	CD 1 -> DR TT 09 -> Sample	TOM:Tom239	
Best Service	The Best of Gigapack 1 & 2	CD 1 -> DR TT 09 -> Sample	TOM:Tom240	
Best Service	The Best of Gigapack 1 & 2	CD 1 -> DR TT 10 -> Program	TOM:K-TomRev 8st	
Best Service	The Best of Gigapack 1 & 2	CD 1 -> DR TT 10 -> Program	TOM:K-TomRev 9st	
Best Service	The Best of Gigapack 1 & 2	CD 1 -> DR TT 10 -> Program	TOM:K-TomRev10st	
Best Service	The Best of Gigapack 1 & 2	CD 1 -> DR TT 10 -> Program	TOM:K-TomRev11st	
Best Service	The Best of Gigapack 1 & 2	CD 1 -> DR TT 10 -> Sample	TOM:Tom241	
Best Service	The Best of Gigapack 1 & 2	CD 1 -> DR TT 10 -> Sample	TOM:Tom242	
Best Service	The Best of Gigapack 1 & 2	CD 1 -> DR TT 10 -> Sample	TOM:Tom243	
Best Service	The Best of Gigapack 1 & 2	CD 1 -> DR TT 10 -> Sample	TOM:Tom244	
Best Service	The Best of Gigapack 1 & 2	CD 1 -> DR TT 10 -> Sample	TOM:Tom246	
Best Service	The Best of Gigapack 1 & 2	CD 1 -> DR TT 10 -> Sample	TOM:Tom248	
Best Service	The Best of Gigapack 1 & 2	CD 1 -> DR TT 10 -> Sample	TOM:Tom250	
Best Service	The Best of Gigapack 1 & 2	CD 1 -> DR TT 10 -> Sample	TOM:Tom251	
Best Service	The Best of Gigapack 1 & 2	CD 1 -> DR TT 10 -> Sample	TOM:Tom253	
Best Service	The Best of Gigapack 1 & 2	CD 1 -> DR TT 10 -> Sample	TOM:Tom254	
Best Service	The Best of Gigapack 1 & 2	CD 1 -> DR TT 10 -> Sample	TOM:Tom255	
Best Service	The Best of Gigapack 1 & 2	CD 1 -> DR TT 10 -> Sample	TOM:Tom256	
Best Service	The Best of Gigapack 1 & 2	CD 1 -> DR TT 10 -> Sample	TOM:Tom257	
Best Service	The Best of Gigapack 1 & 2	CD 1 -> DR TT 10 -> Sample	TOM:Tom258	
Best Service	The Best of Gigapack 1 & 2	CD 1 -> DR TT 10 -> Sample	TOM:Tom259	
Best Service	The Best of Gigapack 1 & 2	CD 1 -> DR TT 10 -> Sample	TOM:Tom260	
Best Service	The Best of Gigapack 1 & 2	CD 1 -> DR TT 11 -> Program	TOM:K-TomRev12st	
Best Service	The Best of Gigapack 1 & 2	CD 1 -> DR TT 11 -> Program	TOM:K-TomRev13st	
Best Service	The Best of Gigapack 1 & 2	CD 1 -> DR TT 11 -> Program	TOM:K-TomRev14st	
Best Service	The Best of Gigapack 1 & 2	CD 1 -> DR TT 11 -> Sample	TOM:Tom261	
Best Service	The Best of Gigapack 1 & 2	CD 1 -> DR TT 11 -> Sample	TOM:Tom262	
Best Service	The Best of Gigapack 1 & 2	CD 1 -> DR TT 11 -> Sample	TOM:Tom263    -R	
Best Service	The Best of Gigapack 1 & 2	CD 1 -> DR TT 11 -> Sample	TOM:Tom263    -L	
Best Service	The Best of Gigapack 1 & 2	CD 1 -> DR TT 11 -> Sample	TOM:Tom264	
Best Service	The Best of Gigapack 1 & 2	CD 1 -> DR TT 11 -> Sample	TOM:Tom265	
Best Service	The Best of Gigapack 1 & 2	CD 1 -> DR TT 11 -> Sample	TOM:Tom266	
Best Service	The Best of Gigapack 1 & 2	CD 1 -> DR TT 11 -> Sample	TOM:Tom267	
Best Service	The Best of Gigapack 1 & 2	CD 1 -> DMA 01 -> Program	DMa:K-TR 808 1	
Best Service	The Best of Gigapack 1 & 2	CD 1 -> DMA 01 -> Program	DMa:Rest 808 1	
Best Service	The Best of Gigapack 1 & 2	CD 1 -> DMA 01 -> Program	DMa:BD 808 1	
Best Service	The Best of Gigapack 1 & 2	CD 1 -> DMA 01 -> Program	DMa:SD 808 1	
Best Service	The Best of Gigapack 1 & 2	CD 1 -> DMA 01 -> Program	DMa:HH 808 1	
Best Service	The Best of Gigapack 1 & 2	CD 1 -> DMA 01 -> Sample	DMa:BD808 5.1	
Best Service	The Best of Gigapack 1 & 2	CD 1 -> DMA 01 -> Sample	DMa:BD808 9.2	
Best Service	The Best of Gigapack 1 & 2	CD 1 -> DMA 01 -> Sample	DMa:Rim808 1.1	
Best Service	The Best of Gigapack 1 & 2	CD 1 -> DMA 01 -> Sample	DMa:SD808  1.1	
Best Service	The Best of Gigapack 1 & 2	CD 1 -> DMA 01 -> Sample	DMa:Clap808 1	
Best Service	The Best of Gigapack 1 & 2	CD 1 -> DMA 01 -> Sample	DMa:SD808  1.4	
Best Service	The Best of Gigapack 1 & 2	CD 1 -> DMA 01 -> Sample	DMa:Tom808 3.2	
Best Service	The Best of Gigapack 1 & 2	CD 1 -> DMA 01 -> Sample	DMa:HH 808  1	
Best Service	The Best of Gigapack 1 & 2	CD 1 -> DMA 01 -> Sample	DMa:HH 808  3	
Best Service	The Best of Gigapack 1 & 2	CD 1 -> DMA 01 -> Sample	DMa:Tom808 2.2	
Best Service	The Best of Gigapack 1 & 2	CD 1 -> DMA 01 -> Sample	DMa:HH 808 14	
Best Service	The Best of Gigapack 1 & 2	CD 1 -> DMA 01 -> Sample	DMa:Tom808 1.2	
Best Service	The Best of Gigapack 1 & 2	CD 1 -> DMA 01 -> Sample	DMa:HH 808 19	
Best Service	The Best of Gigapack 1 & 2	CD 1 -> DMA 01 -> Sample	DMa:HH 808 20	
Best Service	The Best of Gigapack 1 & 2	CD 1 -> DMA 01 -> Sample	DMa:Rim808 1.2	
Best Service	The Best of Gigapack 1 & 2	CD 1 -> DMA 01 -> Sample	DMa:Cla808 1.1	
Best Service	The Best of Gigapack 1 & 2	CD 1 -> DMA 01 -> Sample	DMa:Cla808 1.2	
Best Service	The Best of Gigapack 1 & 2	CD 1 -> DMA 01 -> Sample	DMa:Cow808 1.1	
Best Service	The Best of Gigapack 1 & 2	CD 1 -> DMA 01 -> Sample	DMa:Cow808 1.2	
Best Service	The Best of Gigapack 1 & 2	CD 1 -> DMA 01 -> Sample	DMa:Clap808 2	
Best Service	The Best of Gigapack 1 & 2	CD 1 -> DMA 01 -> Sample	DMa:Mara808 1	
Best Service	The Best of Gigapack 1 & 2	CD 1 -> DMA 01 -> Sample	DMa:Mara808 2	
Best Service	The Best of Gigapack 1 & 2	CD 1 -> DMA 01 -> Sample	DMa:Tom808 3.1	
Best Service	The Best of Gigapack 1 & 2	CD 1 -> DMA 01 -> Sample	DMa:Tom808 2.1	
Best Service	The Best of Gigapack 1 & 2	CD 1 -> DMA 01 -> Sample	DMa:Tom808 1.1	
Best Service	The Best of Gigapack 1 & 2	CD 1 -> DMA 01 -> Sample	DMa:Con808 3.1	
Best Service	The Best of Gigapack 1 & 2	CD 1 -> DMA 01 -> Sample	DMa:Con808 3.2	
Best Service	The Best of Gigapack 1 & 2	CD 1 -> DMA 01 -> Sample	DMa:Con808 2.1	
Best Service	The Best of Gigapack 1 & 2	CD 1 -> DMA 01 -> Sample	DMa:Con808 2.2	
Best Service	The Best of Gigapack 1 & 2	CD 1 -> DMA 01 -> Sample	DMa:Con808 1.1	
Best Service	The Best of Gigapack 1 & 2	CD 1 -> DMA 01 -> Sample	DMa:Con808 1.2	
Best Service	The Best of Gigapack 1 & 2	CD 1 -> DMA 01 -> Sample	DMa:BD808 1.1	
Best Service	The Best of Gigapack 1 & 2	CD 1 -> DMA 01 -> Sample	DMa:BD808 1.2	
Best Service	The Best of Gigapack 1 & 2	CD 1 -> DMA 01 -> Sample	DMa:BD808 5.2	
Best Service	The Best of Gigapack 1 & 2	CD 1 -> DMA 01 -> Sample	DMa:BD808 9.1	
Best Service	The Best of Gigapack 1 & 2	CD 1 -> DMA 01 -> Sample	DMa:BD808 17.1	
Best Service	The Best of Gigapack 1 & 2	CD 1 -> DMA 01 -> Sample	DMa:BD808 17.2	
Best Service	The Best of Gigapack 1 & 2	CD 1 -> DMA 01 -> Sample	DMa:BD808 21.1	
Best Service	The Best of Gigapack 1 & 2	CD 1 -> DMA 01 -> Sample	DMa:BD808 21.2	
Best Service	The Best of Gigapack 1 & 2	CD 1 -> DMA 01 -> Sample	DMa:SD808  1.2	
Best Service	The Best of Gigapack 1 & 2	CD 1 -> DMA 01 -> Sample	DMa:SD808  1.3	
Best Service	The Best of Gigapack 1 & 2	CD 1 -> DMA 01 -> Sample	DMa:SD808  2.1	
Best Service	The Best of Gigapack 1 & 2	CD 1 -> DMA 01 -> Sample	DMa:SD808  2.2	
Best Service	The Best of Gigapack 1 & 2	CD 1 -> DMA 01 -> Sample	DMa:SD808  2.3	
Best Service	The Best of Gigapack 1 & 2	CD 1 -> DMA 01 -> Sample	DMa:SD808  2.4	
Best Service	The Best of Gigapack 1 & 2	CD 1 -> DMA 01 -> Sample	DMa:HH 808  2	
Best Service	The Best of Gigapack 1 & 2	CD 1 -> DMA 01 -> Sample	DMa:HH 808  4	
Best Service	The Best of Gigapack 1 & 2	CD 1 -> DMA 01 -> Sample	DMa:HH 808  5	
Best Service	The Best of Gigapack 1 & 2	CD 1 -> DMA 01 -> Sample	DMa:HH 808  6	
Best Service	The Best of Gigapack 1 & 2	CD 1 -> DMA 01 -> Sample	DMa:HH 808  7	
Best Service	The Best of Gigapack 1 & 2	CD 1 -> DMA 01 -> Sample	DMa:HH 808  8	
Best Service	The Best of Gigapack 1 & 2	CD 1 -> DMA 01 -> Sample	DMa:HH 808  9	
Best Service	The Best of Gigapack 1 & 2	CD 1 -> DMA 01 -> Sample	DMa:HH 808 10	
Best Service	The Best of Gigapack 1 & 2	CD 1 -> DMA 01 -> Sample	DMa:HH 808 11	
Best Service	The Best of Gigapack 1 & 2	CD 1 -> DMA 01 -> Sample	DMa:HH 808 12	
Best Service	The Best of Gigapack 1 & 2	CD 1 -> DMA 01 -> Sample	DMa:HH 808 13	
Best Service	The Best of Gigapack 1 & 2	CD 1 -> DMA 01 -> Sample	DMa:HH 808 15	
Best Service	The Best of Gigapack 1 & 2	CD 1 -> DMA 01 -> Sample	DMa:HH 808 16	
Best Service	The Best of Gigapack 1 & 2	CD 1 -> DMA 01 -> Sample	DMa:HH 808 17	
Best Service	The Best of Gigapack 1 & 2	CD 1 -> DMA 01 -> Sample	DMa:HH 808 18	
Best Service	The Best of Gigapack 1 & 2	CD 1 -> DMA 02 -> Program	DMa:K-TR 909 1	
Best Service	The Best of Gigapack 1 & 2	CD 1 -> DMA 02 -> Program	DMa:BD 909 1	
Best Service	The Best of Gigapack 1 & 2	CD 1 -> DMA 02 -> Program	DMa:SD 909 1	
Best Service	The Best of Gigapack 1 & 2	CD 1 -> DMA 02 -> Program	DMa:HH 909 1	
Best Service	The Best of Gigapack 1 & 2	CD 1 -> DMA 02 -> Sample	DMa:BD 909 1.1	
Best Service	The Best of Gigapack 1 & 2	CD 1 -> DMA 02 -> Sample	DMa:Rim909  1	
Best Service	The Best of Gigapack 1 & 2	CD 1 -> DMA 02 -> Sample	DMa:SD 909 1.1	
Best Service	The Best of Gigapack 1 & 2	CD 1 -> DMA 02 -> Sample	DMa:Clap909 1	
Best Service	The Best of Gigapack 1 & 2	CD 1 -> DMA 02 -> Sample	DMa:SD 909 3.1	
Best Service	The Best of Gigapack 1 & 2	CD 1 -> DMA 02 -> Sample	DMa:Tom909  7	
Best Service	The Best of Gigapack 1 & 2	CD 1 -> DMA 02 -> Sample	DMa:Tom909  9	
Best Service	The Best of Gigapack 1 & 2	CD 1 -> DMA 02 -> Sample	DMa:HH 909  3	
Best Service	The Best of Gigapack 1 & 2	CD 1 -> DMA 02 -> Sample	DMa:HH 909  1	
Best Service	The Best of Gigapack 1 & 2	CD 1 -> DMA 02 -> Sample	DMa:Tom909  4	
Best Service	The Best of Gigapack 1 & 2	CD 1 -> DMA 02 -> Sample	DMa:HH 909  7	
Best Service	The Best of Gigapack 1 & 2	CD 1 -> DMA 02 -> Sample	DMa:Tom909  1	
Best Service	The Best of Gigapack 1 & 2	CD 1 -> DMA 02 -> Sample	DMa:Cra909  3	
Best Service	The Best of Gigapack 1 & 2	CD 1 -> DMA 02 -> Sample	DMa:Rid909  3	
Best Service	The Best of Gigapack 1 & 2	CD 1 -> DMA 02 -> Sample	DMa:BD 909 2.1	
Best Service	The Best of Gigapack 1 & 2	CD 1 -> DMA 02 -> Sample	DMa:BD 909 3.1	
Best Service	The Best of Gigapack 1 & 2	CD 1 -> DMA 02 -> Sample	DMa:BD 909 4.1	
Best Service	The Best of Gigapack 1 & 2	CD 1 -> DMA 02 -> Sample	DMa:BD 909 5.1	
Best Service	The Best of Gigapack 1 & 2	CD 1 -> DMA 02 -> Sample	DMa:BD 909 6.1	
Best Service	The Best of Gigapack 1 & 2	CD 1 -> DMA 02 -> Sample	DMa:BD 909 7.1	
Best Service	The Best of Gigapack 1 & 2	CD 1 -> DMA 02 -> Sample	DMa:BD 909 8.1	
Best Service	The Best of Gigapack 1 & 2	CD 1 -> DMA 02 -> Sample	DMa:BD 909 9.1	
Best Service	The Best of Gigapack 1 & 2	CD 1 -> DMA 02 -> Sample	DMa:BD 909 9.3	
Best Service	The Best of Gigapack 1 & 2	CD 1 -> DMA 02 -> Sample	DMa:SD 909 2.1	
Best Service	The Best of Gigapack 1 & 2	CD 1 -> DMA 02 -> Sample	DMa:SD 909 4.1	
Best Service	The Best of Gigapack 1 & 2	CD 1 -> DMA 02 -> Sample	DMa:SD 909 5.1	
Best Service	The Best of Gigapack 1 & 2	CD 1 -> DMA 02 -> Sample	DMa:SD 909 6.1	
Best Service	The Best of Gigapack 1 & 2	CD 1 -> DMA 02 -> Sample	DMa:SD 909 7.1	
Best Service	The Best of Gigapack 1 & 2	CD 1 -> DMA 02 -> Sample	DMa:SD 909 8.1	
Best Service	The Best of Gigapack 1 & 2	CD 1 -> DMA 02 -> Sample	DMa:SD 909 9.1	
Best Service	The Best of Gigapack 1 & 2	CD 1 -> DMA 02 -> Sample	DMa:SD 909 9.3	
Best Service	The Best of Gigapack 1 & 2	CD 1 -> DMA 02 -> Sample	DMa:HH 909  4	
Best Service	The Best of Gigapack 1 & 2	CD 1 -> DMA 02 -> Sample	DMa:HH 909  2	
Best Service	The Best of Gigapack 1 & 2	CD 1 -> DMA 02 -> Sample	DMa:HH 909  8	
Best Service	The Best of Gigapack 1 & 2	CD 1 -> DMA 02 -> Sample	DMa:HH 909  5	
Best Service	The Best of Gigapack 1 & 2	CD 1 -> DMA 02 -> Sample	DMa:HH 909  6	
Best Service	The Best of Gigapack 1 & 2	CD 1 -> DMA 03 -> Program	DMa:K-TR 909 2	
Best Service	The Best of Gigapack 1 & 2	CD 1 -> DMA 03 -> Sample	DMa:BD909 2	
Best Service	The Best of Gigapack 1 & 2	CD 1 -> DMA 03 -> Sample	DMa:BD909 1	
Best Service	The Best of Gigapack 1 & 2	CD 1 -> DMA 03 -> Sample	DMa:BD 909 u	
Best Service	The Best of Gigapack 1 & 2	CD 1 -> DMA 03 -> Sample	DMa:SDRi2909	
Best Service	The Best of Gigapack 1 & 2	CD 1 -> DMA 03 -> Sample	DMa:SD909 1	
Best Service	The Best of Gigapack 1 & 2	CD 1 -> DMA 03 -> Sample	DMa:Clap1909	
Best Service	The Best of Gigapack 1 & 2	CD 1 -> DMA 03 -> Sample	DMa:SD909 3	
Best Service	The Best of Gigapack 1 & 2	CD 1 -> DMA 03 -> Sample	DMa:Tom1 909	
Best Service	The Best of Gigapack 1 & 2	CD 1 -> DMA 03 -> Sample	DMa:HH   909	
Best Service	The Best of Gigapack 1 & 2	CD 1 -> DMA 03 -> Sample	DMa:Tom2 909	
Best Service	The Best of Gigapack 1 & 2	CD 1 -> DMA 03 -> Sample	DMa:HHop 909	
Best Service	The Best of Gigapack 1 & 2	CD 1 -> DMA 03 -> Sample	DMa:Tom3 909	
Best Service	The Best of Gigapack 1 & 2	CD 1 -> DMA 03 -> Sample	DMa:Cymb2909	
Best Service	The Best of Gigapack 1 & 2	CD 1 -> DMA 03 -> Sample	DMa:China909	
Best Service	The Best of Gigapack 1 & 2	CD 1 -> DMA 03 -> Sample	DMa:SD909 2	
Best Service	The Best of Gigapack 1 & 2	CD 1 -> DMA 03 -> Sample	DMa:Clap2909	
Best Service	The Best of Gigapack 1 & 2	CD 1 -> DMA 04 -> Program	DMa:K  CR-78 1	
Best Service	The Best of Gigapack 1 & 2	CD 1 -> DMA 04 -> Sample	DMa:BDCR78  2	
Best Service	The Best of Gigapack 1 & 2	CD 1 -> DMA 04 -> Sample	DMa:BDCR78  1	
Best Service	The Best of Gigapack 1 & 2	CD 1 -> DMA 04 -> Sample	DMa:RimCR78 1	
Best Service	The Best of Gigapack 1 & 2	CD 1 -> DMA 04 -> Sample	DMa:SDCR78  1	
Best Service	The Best of Gigapack 1 & 2	CD 1 -> DMA 04 -> Sample	DMa:ConCR78 2	
Best Service	The Best of Gigapack 1 & 2	CD 1 -> DMA 04 -> Sample	DMa:HHCR78  1	
Best Service	The Best of Gigapack 1 & 2	CD 1 -> DMA 04 -> Sample	DMa:HHCR78  2	
Best Service	The Best of Gigapack 1 & 2	CD 1 -> DMA 04 -> Sample	DMa:ConCR78 1	
Best Service	The Best of Gigapack 1 & 2	CD 1 -> DMA 04 -> Sample	DMa:HHCR78  3	
Best Service	The Best of Gigapack 1 & 2	CD 1 -> DMA 04 -> Sample	DMa:HHCR78  4	
Best Service	The Best of Gigapack 1 & 2	CD 1 -> DMA 04 -> Sample	DMa:MaraCR78 1	
Best Service	The Best of Gigapack 1 & 2	CD 1 -> DMA 04 -> Sample	DMa:ClaCR78 1	
Best Service	The Best of Gigapack 1 & 2	CD 1 -> DMA 04 -> Sample	DMa:CowCR78 1	
Best Service	The Best of Gigapack 1 & 2	CD 1 -> DMA 04 -> Sample	DMa:MetCR78 1	
Best Service	The Best of Gigapack 1 & 2	CD 1 -> DMA 04 -> Sample	DMa:TamCR78 1	
Best Service	The Best of Gigapack 1 & 2	CD 1 -> DMA 04 -> Sample	DMa:TamCR78 2	
Best Service	The Best of Gigapack 1 & 2	CD 1 -> DMA 04 -> Sample	DMa:GuiCR78 1	
Best Service	The Best of Gigapack 1 & 2	CD 1 -> DMA 04 -> Sample	DMa:GuiCR78 2	
Best Service	The Best of Gigapack 1 & 2	CD 1 -> DMA 04 -> Sample	DMa:BonCR78 1	
Best Service	The Best of Gigapack 1 & 2	CD 1 -> DMA 04 -> Sample	DMa:BonCR78 2	
Best Service	The Best of Gigapack 1 & 2	CD 1 -> DMA 05 -> Program	DMa:K  CR-78 2	
Best Service	The Best of Gigapack 1 & 2	CD 1 -> DMA 05 -> Sample	DMa:CR-78 D3   1	
Best Service	The Best of Gigapack 1 & 2	CD 1 -> DMA 05 -> Sample	DMa:CR-78 D3   6	
Best Service	The Best of Gigapack 1 & 2	CD 1 -> DMA 05 -> Sample	DMa:CR-78 D3   2	
Best Service	The Best of Gigapack 1 & 2	CD 1 -> DMA 05 -> Sample	DMa:CR-78 D3   3	
Best Service	The Best of Gigapack 1 & 2	CD 1 -> DMA 05 -> Sample	DMa:CR-78 D3   4	
Best Service	The Best of Gigapack 1 & 2	CD 1 -> DMA 05 -> Sample	DMa:CR-78 D3   5	
Best Service	The Best of Gigapack 1 & 2	CD 1 -> DMA 05 -> Sample	DMa:CR-78 D3   7	
Best Service	The Best of Gigapack 1 & 2	CD 1 -> DMA 05 -> Sample	DMa:CR-78 D3   8	
Best Service	The Best of Gigapack 1 & 2	CD 1 -> DMA 05 -> Sample	DMa:CR-78 D3   9	
Best Service	The Best of Gigapack 1 & 2	CD 1 -> DMA 06 -> Program	DMa:K  CR-78 3	
Best Service	The Best of Gigapack 1 & 2	CD 1 -> DMA 06 -> Sample	DMa:CR78    o  1	
Best Service	The Best of Gigapack 1 & 2	CD 1 -> DMA 06 -> Sample	DMa:CR78    o  6	
Best Service	The Best of Gigapack 1 & 2	CD 1 -> DMA 06 -> Sample	DMa:CR78    o  2	
Best Service	The Best of Gigapack 1 & 2	CD 1 -> DMA 06 -> Sample	DMa:CR78    o 12	
Best Service	The Best of Gigapack 1 & 2	CD 1 -> DMA 06 -> Sample	DMa:CR78    o  3	
Best Service	The Best of Gigapack 1 & 2	CD 1 -> DMA 06 -> Sample	DMa:CR78    o 13	
Best Service	The Best of Gigapack 1 & 2	CD 1 -> DMA 06 -> Sample	DMa:CR78    o  4	
Best Service	The Best of Gigapack 1 & 2	CD 1 -> DMA 06 -> Sample	DMa:CR78    o 14	
Best Service	The Best of Gigapack 1 & 2	CD 1 -> DMA 06 -> Sample	DMa:CR78    o  5	
Best Service	The Best of Gigapack 1 & 2	CD 1 -> DMA 06 -> Sample	DMa:CR78    o  7	
Best Service	The Best of Gigapack 1 & 2	CD 1 -> DMA 06 -> Sample	DMa:CR78    o  8	
Best Service	The Best of Gigapack 1 & 2	CD 1 -> DMA 06 -> Sample	DMa:CR78    o  9	
Best Service	The Best of Gigapack 1 & 2	CD 1 -> DMA 06 -> Sample	DMa:CR78    o 10	
Best Service	The Best of Gigapack 1 & 2	CD 1 -> DMA 06 -> Sample	DMa:CR78    o 11	
Best Service	The Best of Gigapack 1 & 2	CD 1 -> DMA 07 -> Program	DMa:K  CR-8000	
Best Service	The Best of Gigapack 1 & 2	CD 1 -> DMA 07 -> Sample	DMa:CR-8000    1	
Best Service	The Best of Gigapack 1 & 2	CD 1 -> DMA 07 -> Sample	DMa:CR-8000    9	
Best Service	The Best of Gigapack 1 & 2	CD 1 -> DMA 07 -> Sample	DMa:CR-8000    2	
Best Service	The Best of Gigapack 1 & 2	CD 1 -> DMA 07 -> Sample	DMa:CR-8000   15	
Best Service	The Best of Gigapack 1 & 2	CD 1 -> DMA 07 -> Sample	DMa:CR-8000    4	
Best Service	The Best of Gigapack 1 & 2	CD 1 -> DMA 07 -> Sample	DMa:CR-8000   13	
Best Service	The Best of Gigapack 1 & 2	CD 1 -> DMA 07 -> Sample	DMa:CR-8000    5	
Best Service	The Best of Gigapack 1 & 2	CD 1 -> DMA 07 -> Sample	DMa:CR-8000   14	
Best Service	The Best of Gigapack 1 & 2	CD 1 -> DMA 07 -> Sample	DMa:CR-8000   12	
Best Service	The Best of Gigapack 1 & 2	CD 1 -> DMA 07 -> Sample	DMa:CR-8000    7	
Best Service	The Best of Gigapack 1 & 2	CD 1 -> DMA 07 -> Sample	DMa:CR-8000    8	
Best Service	The Best of Gigapack 1 & 2	CD 1 -> DMA 07 -> Sample	DMa:CR-8000    6	
Best Service	The Best of Gigapack 1 & 2	CD 1 -> DMA 07 -> Sample	DMa:CR-8000   10	
Best Service	The Best of Gigapack 1 & 2	CD 1 -> DMA 07 -> Sample	DMa:CR-8000   11	
Best Service	The Best of Gigapack 1 & 2	CD 1 -> DMA 08 -> Program	DMa:K-Dr.Rhy 110	
Best Service	The Best of Gigapack 1 & 2	CD 1 -> DMA 08 -> Sample	DMa:Dr.110 1	
Best Service	The Best of Gigapack 1 & 2	CD 1 -> DMA 08 -> Sample	DMa:Dr.110 2	
Best Service	The Best of Gigapack 1 & 2	CD 1 -> DMA 08 -> Sample	DMa:Dr.110 3	
Best Service	The Best of Gigapack 1 & 2	CD 1 -> DMA 08 -> Sample	DMa:Dr.110 4	
Best Service	The Best of Gigapack 1 & 2	CD 1 -> DMA 08 -> Sample	DMa:Dr.110 5	
Best Service	The Best of Gigapack 1 & 2	CD 1 -> DMA 08 -> Sample	DMa:Dr.110 6	
Best Service	The Best of Gigapack 1 & 2	CD 1 -> DMA 09 -> Program	DMa:K  KPR-77	
Best Service	The Best of Gigapack 1 & 2	CD 1 -> DMA 09 -> Sample	DMa:BD1KorgKPR77	
Best Service	The Best of Gigapack 1 & 2	CD 1 -> DMA 09 -> Sample	DMa:BD2KorgKPR77	
Best Service	The Best of Gigapack 1 & 2	CD 1 -> DMA 09 -> Sample	DMa:SD1KorgKPR77	
Best Service	The Best of Gigapack 1 & 2	CD 1 -> DMA 09 -> Sample	DMa:ClaKorgKPR77	
Best Service	The Best of Gigapack 1 & 2	CD 1 -> DMA 09 -> Sample	DMa:SD2KorgKPR77	
Best Service	The Best of Gigapack 1 & 2	CD 1 -> DMA 09 -> Sample	DMa:TomKorgKPR77	
Best Service	The Best of Gigapack 1 & 2	CD 1 -> DMA 09 -> Sample	DMa:HH KorgKPR77	
Best Service	The Best of Gigapack 1 & 2	CD 1 -> DMA 09 -> Sample	DMa:HHOKorgKPR77	
Best Service	The Best of Gigapack 1 & 2	CD 1 -> DMA 09 -> Sample	DMa:CymKorgKPR77	
Best Service	The Best of Gigapack 1 & 2	CD 1 -> DMA 09 -> Sample	DMa:BD3KorgKPR77	
Best Service	The Best of Gigapack 1 & 2	CD 1 -> DMA 09 -> Sample	DMa:FX1KorgKPR77	
Best Service	The Best of Gigapack 1 & 2	CD 1 -> DMA 09 -> Sample	DMa:FX2KorgKPR77	
Best Service	The Best of Gigapack 1 & 2	CD 1 -> DMA 09 -> Sample	DMa:FX3KorgKPR77	
Best Service	The Best of Gigapack 1 & 2	CD 1 -> DMA 10 -> Program	DMa:K-Rhythm 33	
Best Service	The Best of Gigapack 1 & 2	CD 1 -> DMA 10 -> Sample	DMa:BD RH33 1	
Best Service	The Best of Gigapack 1 & 2	CD 1 -> DMA 10 -> Sample	DMa:RimRH33 1	
Best Service	The Best of Gigapack 1 & 2	CD 1 -> DMA 10 -> Sample	DMa:SD RH33 1	
Best Service	The Best of Gigapack 1 & 2	CD 1 -> DMA 10 -> Sample	DMa:TomRH33 1	
Best Service	The Best of Gigapack 1 & 2	CD 1 -> DMA 10 -> Sample	DMa:HH RH33 1	
Best Service	The Best of Gigapack 1 & 2	CD 1 -> DMA 10 -> Sample	DMa:HH RH33 2	
Best Service	The Best of Gigapack 1 & 2	CD 1 -> DMA 10 -> Sample	DMa:CowRH33 1	
Best Service	The Best of Gigapack 1 & 2	CD 1 -> DMA 10 -> Sample	DMa:ConRH33 1	
Best Service	The Best of Gigapack 1 & 2	CD 1 -> DMA 11 -> Program	DMa:K-Dr.Rhy55 1	
Best Service	The Best of Gigapack 1 & 2	CD 1 -> DMA 11 -> Program	DMa:K-Dr.Rhy55 2	
Best Service	The Best of Gigapack 1 & 2	CD 1 -> DMA 11 -> Program	DMa:K-Dr.Rhy55 3	
Best Service	The Best of Gigapack 1 & 2	CD 1 -> DMA 11 -> Sample	DMa:Rythm-55   1	
Best Service	The Best of Gigapack 1 & 2	CD 1 -> DMA 11 -> Sample	DMa:Rythm-55   9	
Best Service	The Best of Gigapack 1 & 2	CD 1 -> DMA 11 -> Sample	DMa:Rythm-55   2	
Best Service	The Best of Gigapack 1 & 2	CD 1 -> DMA 11 -> Sample	DMa:Rythm-55  10	
Best Service	The Best of Gigapack 1 & 2	CD 1 -> DMA 11 -> Sample	DMa:Rythm-55   5	
Best Service	The Best of Gigapack 1 & 2	CD 1 -> DMA 11 -> Sample	DMa:Rythm-55   4	
Best Service	The Best of Gigapack 1 & 2	CD 1 -> DMA 11 -> Sample	DMa:Rythm-55   3	
Best Service	The Best of Gigapack 1 & 2	CD 1 -> DMA 11 -> Sample	DMa:Rythm-55   6	
Best Service	The Best of Gigapack 1 & 2	CD 1 -> DMA 11 -> Sample	DMa:Rythm-55   7	
Best Service	The Best of Gigapack 1 & 2	CD 1 -> DMA 11 -> Sample	DMa:Rythm-55   8	
Best Service	The Best of Gigapack 1 & 2	CD 1 -> DMA 11 -> Sample	DMa:BD DR55 2	
Best Service	The Best of Gigapack 1 & 2	CD 1 -> DMA 11 -> Sample	DMa:RimDR55 2	
Best Service	The Best of Gigapack 1 & 2	CD 1 -> DMA 11 -> Sample	DMa:SD DR55 2	
Best Service	The Best of Gigapack 1 & 2	CD 1 -> DMA 11 -> Sample	DMa:SD DR55 1	
Best Service	The Best of Gigapack 1 & 2	CD 1 -> DMA 11 -> Sample	DMa:HH DR55 1	
Best Service	The Best of Gigapack 1 & 2	CD 1 -> DMA 11 -> Sample	DMa:HH DR55 2	
Best Service	The Best of Gigapack 1 & 2	CD 1 -> DMA 11 -> Sample	DMa:55Dr1	
Best Service	The Best of Gigapack 1 & 2	CD 1 -> DMA 11 -> Sample	DMa:55Dr2	
Best Service	The Best of Gigapack 1 & 2	CD 1 -> DMA 11 -> Sample	DMa:55Dr3	
Best Service	The Best of Gigapack 1 & 2	CD 1 -> DMA 11 -> Sample	DMa:55Dr4	
Best Service	The Best of Gigapack 1 & 2	CD 1 -> DMA 11 -> Sample	DMa:55Dr5	
Best Service	The Best of Gigapack 1 & 2	CD 1 -> DMA 12 -> Program	DMa:K-Rhythm 77	
Best Service	The Best of Gigapack 1 & 2	CD 1 -> DMA 12 -> Sample	DMa:RH-77      1	
Best Service	The Best of Gigapack 1 & 2	CD 1 -> DMA 12 -> Sample	DMa:RH-77      6	
Best Service	The Best of Gigapack 1 & 2	CD 1 -> DMA 12 -> Sample	DMa:RH-77      2	
Best Service	The Best of Gigapack 1 & 2	CD 1 -> DMA 12 -> Sample	DMa:RH-77      5	
Best Service	The Best of Gigapack 1 & 2	CD 1 -> DMA 12 -> Sample	DMa:RH-77      7	
Best Service	The Best of Gigapack 1 & 2	CD 1 -> DMA 12 -> Sample	DMa:RH-77      3	
Best Service	The Best of Gigapack 1 & 2	CD 1 -> DMA 12 -> Sample	DMa:RH-77      8	
Best Service	The Best of Gigapack 1 & 2	CD 1 -> DMA 12 -> Sample	DMa:RH-77      4	
Best Service	The Best of Gigapack 1 & 2	CD 1 -> DMA 12 -> Sample	DMa:RH-77      9	
Best Service	The Best of Gigapack 1 & 2	CD 1 -> DMA 13 -> Program	DMa:K  SD-5	
Best Service	The Best of Gigapack 1 & 2	CD 1 -> DMA 13 -> Program	DMa:Rest SD-5	
Best Service	The Best of Gigapack 1 & 2	CD 1 -> DMA 13 -> Program	DMa:BD  SD-5	
Best Service	The Best of Gigapack 1 & 2	CD 1 -> DMA 13 -> Program	DMa:SD  SD-5	
Best Service	The Best of Gigapack 1 & 2	CD 1 -> DMA 13 -> Sample	DMa:SD5 4	
Best Service	The Best of Gigapack 1 & 2	CD 1 -> DMA 13 -> Sample	DMa:SD555	
Best Service	The Best of Gigapack 1 & 2	CD 1 -> DMA 13 -> Sample	DMa:SD569	
Best Service	The Best of Gigapack 1 & 2	CD 1 -> DMA 13 -> Sample	DMa:SD543	
Best Service	The Best of Gigapack 1 & 2	CD 1 -> DMA 13 -> Sample	DMa:SD59	
Best Service	The Best of Gigapack 1 & 2	CD 1 -> DMA 13 -> Sample	DMa:SD522	
Best Service	The Best of Gigapack 1 & 2	CD 1 -> DMA 13 -> Sample	DMa:SD542	
Best Service	The Best of Gigapack 1 & 2	CD 1 -> DMA 13 -> Sample	DMa:SDS18	
Best Service	The Best of Gigapack 1 & 2	CD 1 -> DMA 13 -> Sample	DMa:SD541	
Best Service	The Best of Gigapack 1 & 2	CD 1 -> DMA 13 -> Sample	DMa:SD517	
Best Service	The Best of Gigapack 1 & 2	CD 1 -> DMA 13 -> Sample	DMa:SD520	
Best Service	The Best of Gigapack 1 & 2	CD 1 -> DMA 13 -> Sample	DMa:SD5s21	
Best Service	The Best of Gigapack 1 & 2	CD 1 -> DMA 13 -> Sample	DMa:SD523	
Best Service	The Best of Gigapack 1 & 2	CD 1 -> DMA 13 -> Sample	DMa:SD524	
Best Service	The Best of Gigapack 1 & 2	CD 1 -> DMA 13 -> Sample	DMa:SD525	
Best Service	The Best of Gigapack 1 & 2	CD 1 -> DMA 13 -> Sample	DMa:SD526	
Best Service	The Best of Gigapack 1 & 2	CD 1 -> DMA 13 -> Sample	DMa:SD527	
Best Service	The Best of Gigapack 1 & 2	CD 1 -> DMA 13 -> Sample	DMa:SD528	
Best Service	The Best of Gigapack 1 & 2	CD 1 -> DMA 13 -> Sample	DMa:SD529	
Best Service	The Best of Gigapack 1 & 2	CD 1 -> DMA 13 -> Sample	DMa:SD530	
Best Service	The Best of Gigapack 1 & 2	CD 1 -> DMA 13 -> Sample	DMa:SD531	
Best Service	The Best of Gigapack 1 & 2	CD 1 -> DMA 13 -> Sample	DMa:SD532	
Best Service	The Best of Gigapack 1 & 2	CD 1 -> DMA 13 -> Sample	DMa:SD533	
Best Service	The Best of Gigapack 1 & 2	CD 1 -> DMA 13 -> Sample	DMa:SD534	
Best Service	The Best of Gigapack 1 & 2	CD 1 -> DMA 13 -> Sample	DMa:SD535	
Best Service	The Best of Gigapack 1 & 2	CD 1 -> DMA 13 -> Sample	DMa:SD536	
Best Service	The Best of Gigapack 1 & 2	CD 1 -> DMA 13 -> Sample	DMa:SD537	
Best Service	The Best of Gigapack 1 & 2	CD 1 -> DMA 13 -> Sample	DMa:SD538	
Best Service	The Best of Gigapack 1 & 2	CD 1 -> DMA 13 -> Sample	DMa:SD539	
Best Service	The Best of Gigapack 1 & 2	CD 1 -> DMA 13 -> Sample	DMa:SD540	
Best Service	The Best of Gigapack 1 & 2	CD 1 -> DMA 13 -> Sample	DMa:SD544	
Best Service	The Best of Gigapack 1 & 2	CD 1 -> DMA 13 -> Sample	DMa:SD545	
Best Service	The Best of Gigapack 1 & 2	CD 1 -> DMA 13 -> Sample	DMa:SD546	
Best Service	The Best of Gigapack 1 & 2	CD 1 -> DMA 13 -> Sample	DMa:SD547	
Best Service	The Best of Gigapack 1 & 2	CD 1 -> DMA 13 -> Sample	DMa:SD548	
Best Service	The Best of Gigapack 1 & 2	CD 1 -> DMA 13 -> Sample	DMa:SD5 1	
Best Service	The Best of Gigapack 1 & 2	CD 1 -> DMA 13 -> Sample	DMa:SD5 3	
Best Service	The Best of Gigapack 1 & 2	CD 1 -> DMA 13 -> Sample	DMa:SD5 5	
Best Service	The Best of Gigapack 1 & 2	CD 1 -> DMA 13 -> Sample	DMa:SD5 6	
Best Service	The Best of Gigapack 1 & 2	CD 1 -> DMA 13 -> Sample	DMa:SD5 8	
Best Service	The Best of Gigapack 1 & 2	CD 1 -> DMA 13 -> Sample	DMa:SD5 9	
Best Service	The Best of Gigapack 1 & 2	CD 1 -> DMA 13 -> Sample	DMa:SD510	
Best Service	The Best of Gigapack 1 & 2	CD 1 -> DMA 13 -> Sample	DMa:SD513	
Best Service	The Best of Gigapack 1 & 2	CD 1 -> DMA 13 -> Sample	DMa:SD514	
Best Service	The Best of Gigapack 1 & 2	CD 1 -> DMA 13 -> Sample	DMa:SD515	
Best Service	The Best of Gigapack 1 & 2	CD 1 -> DMA 13 -> Sample	DMa:SD516	
Best Service	The Best of Gigapack 1 & 2	CD 1 -> DMA 13 -> Sample	DMa:SD552	
Best Service	The Best of Gigapack 1 & 2	CD 1 -> DMA 13 -> Sample	DMa:SD553	
Best Service	The Best of Gigapack 1 & 2	CD 1 -> DMA 13 -> Sample	DMa:SD554	
Best Service	The Best of Gigapack 1 & 2	CD 1 -> DMA 13 -> Sample	DMa:SD559	
Best Service	The Best of Gigapack 1 & 2	CD 1 -> DMA 13 -> Sample	DMa:SD560	
Best Service	The Best of Gigapack 1 & 2	CD 1 -> DMA 13 -> Sample	DMa:SD567	
Best Service	The Best of Gigapack 1 & 2	CD 1 -> DMA 13 -> Sample	DMa:SD568	
Best Service	The Best of Gigapack 1 & 2	CD 1 -> DMA 13 -> Sample	DMa:SD574	
Best Service	The Best of Gigapack 1 & 2	CD 1 -> DMA 13 -> Sample	DMa:SD578	
Best Service	The Best of Gigapack 1 & 2	CD 1 -> DMA 13 -> Sample	DMa:SD579	
Best Service	The Best of Gigapack 1 & 2	CD 1 -> DMA 13 -> Sample	DMa:SD580	
Best Service	The Best of Gigapack 1 & 2	CD 1 -> DMA 13 -> Sample	DMa:SD581	
Best Service	The Best of Gigapack 1 & 2	CD 1 -> DMA 13 -> Sample	DMa:SD582	
Best Service	The Best of Gigapack 1 & 2	CD 1 -> DMA 13 -> Sample	DMa:SD583	
Best Service	The Best of Gigapack 1 & 2	CD 1 -> DMA 13 -> Sample	DMa:SD584	
Best Service	The Best of Gigapack 1 & 2	CD 1 -> DMA 13 -> Sample	DMa:SD585	
Best Service	The Best of Gigapack 1 & 2	CD 1 -> DMA 13 -> Sample	DMa:SD586	
Best Service	The Best of Gigapack 1 & 2	CD 1 -> DMA 13 -> Sample	DMa:SD587	
Best Service	The Best of Gigapack 1 & 2	CD 1 -> DMA 13 -> Sample	DMa:SD594	
Best Service	The Best of Gigapack 1 & 2	CD 1 -> DMA 13 -> Sample	DMa:SD55	
Best Service	The Best of Gigapack 1 & 2	CD 1 -> DMA 14 -> Program	DMa:K  SR-120	
Best Service	The Best of Gigapack 1 & 2	CD 1 -> DMA 14 -> Sample	DMa:BD2KorgSR120	
Best Service	The Best of Gigapack 1 & 2	CD 1 -> DMA 14 -> Sample	DMa:BD1KorgSR120	
Best Service	The Best of Gigapack 1 & 2	CD 1 -> DMA 14 -> Sample	DMa:SD1KorgSR120	
Best Service	The Best of Gigapack 1 & 2	CD 1 -> DMA 14 -> Sample	DMa:ClaKorgSR120	
Best Service	The Best of Gigapack 1 & 2	CD 1 -> DMA 14 -> Sample	DMa:ConKorgSR120	
Best Service	The Best of Gigapack 1 & 2	CD 1 -> DMA 14 -> Sample	DMa:HH KorgSR120	
Best Service	The Best of Gigapack 1 & 2	CD 1 -> DMA 14 -> Sample	DMa:HHOKorgSR120	
Best Service	The Best of Gigapack 1 & 2	CD 1 -> DMA 15 -> Program	DMa:K TR-606 1	
Best Service	The Best of Gigapack 1 & 2	CD 1 -> DMA 15 -> Sample	DMa:BD606  3  HT	
Best Service	The Best of Gigapack 1 & 2	CD 1 -> DMA 15 -> Sample	DMa:SD606  1  HT	
Best Service	The Best of Gigapack 1 & 2	CD 1 -> DMA 15 -> Sample	DMa:Tom606  1 HT	
Best Service	The Best of Gigapack 1 & 2	CD 1 -> DMA 15 -> Sample	DMa:HH606  6  HT	
Best Service	The Best of Gigapack 1 & 2	CD 1 -> DMA 15 -> Sample	DMa:HH606  3  HT	
Best Service	The Best of Gigapack 1 & 2	CD 1 -> DMA 15 -> Sample	DMa:Tom606  4 HT	
Best Service	The Best of Gigapack 1 & 2	CD 1 -> DMA 15 -> Sample	DMa:HH606  9  HT	
Best Service	The Best of Gigapack 1 & 2	CD 1 -> DMA 16 -> Program	DMa:K-Dr.Rhy 550	
Best Service	The Best of Gigapack 1 & 2	CD 1 -> DMA 16 -> Program	DMa:Rest DrRh550	
Best Service	The Best of Gigapack 1 & 2	CD 1 -> DMA 16 -> Program	DMa:BD-Dr. 550	
Best Service	The Best of Gigapack 1 & 2	CD 1 -> DMA 16 -> Program	DMa:SD-Dr.550	
Best Service	The Best of Gigapack 1 & 2	CD 1 -> DMA 16 -> Sample	DMa:DR550      2	
Best Service	The Best of Gigapack 1 & 2	CD 1 -> DMA 16 -> Sample	DMa:DR550     12	
Best Service	The Best of Gigapack 1 & 2	CD 1 -> DMA 16 -> Sample	DMa:DR550      7	
Best Service	The Best of Gigapack 1 & 2	CD 1 -> DMA 16 -> Sample	DMa:DR550     29	
Best Service	The Best of Gigapack 1 & 2	CD 1 -> DMA 16 -> Sample	DMa:DR550      6	
Best Service	The Best of Gigapack 1 & 2	CD 1 -> DMA 16 -> Sample	DMa:DR550     13	
Best Service	The Best of Gigapack 1 & 2	CD 1 -> DMA 16 -> Sample	DMa:DR550     21	
Best Service	The Best of Gigapack 1 & 2	CD 1 -> DMA 16 -> Sample	DMa:DR550     14	
Best Service	The Best of Gigapack 1 & 2	CD 1 -> DMA 16 -> Sample	DMa:DR550     22	
Best Service	The Best of Gigapack 1 & 2	CD 1 -> DMA 16 -> Sample	DMa:DR550     15	
Best Service	The Best of Gigapack 1 & 2	CD 1 -> DMA 16 -> Sample	DMa:DR550     26	
Best Service	The Best of Gigapack 1 & 2	CD 1 -> DMA 16 -> Sample	DMa:DR550     27	
Best Service	The Best of Gigapack 1 & 2	CD 1 -> DMA 16 -> Sample	DMa:DR550     16	
Best Service	The Best of Gigapack 1 & 2	CD 1 -> DMA 16 -> Sample	DMa:DR550     17	
Best Service	The Best of Gigapack 1 & 2	CD 1 -> DMA 16 -> Sample	DMa:DR550     18	
Best Service	The Best of Gigapack 1 & 2	CD 1 -> DMA 16 -> Sample	DMa:DR550     19	
Best Service	The Best of Gigapack 1 & 2	CD 1 -> DMA 16 -> Sample	DMa:DR550     20	
Best Service	The Best of Gigapack 1 & 2	CD 1 -> DMA 16 -> Sample	DMa:DR550     23	
Best Service	The Best of Gigapack 1 & 2	CD 1 -> DMA 16 -> Sample	DMa:DR550     24	
Best Service	The Best of Gigapack 1 & 2	CD 1 -> DMA 16 -> Sample	DMa:DR550     25	
Best Service	The Best of Gigapack 1 & 2	CD 1 -> DMA 16 -> Sample	DMa:DR550     28	
Best Service	The Best of Gigapack 1 & 2	CD 1 -> DMA 16 -> Sample	DMa:DR550     30	
Best Service	The Best of Gigapack 1 & 2	CD 1 -> DMA 16 -> Sample	DMa:DR550     31	
Best Service	The Best of Gigapack 1 & 2	CD 1 -> DMA 16 -> Sample	DMa:DR550     32	
Best Service	The Best of Gigapack 1 & 2	CD 1 -> DMA 16 -> Sample	DMa:DR550     33	
Best Service	The Best of Gigapack 1 & 2	CD 1 -> DMA 16 -> Sample	DMa:DR550     34	
Best Service	The Best of Gigapack 1 & 2	CD 1 -> DMA 16 -> Sample	DMa:DR550     35	
Best Service	The Best of Gigapack 1 & 2	CD 1 -> DMA 16 -> Sample	DMa:DR550     36	
Best Service	The Best of Gigapack 1 & 2	CD 1 -> DMA 16 -> Sample	DMa:DR550     37	
Best Service	The Best of Gigapack 1 & 2	CD 1 -> DMA 16 -> Sample	DMa:DR550     38	
Best Service	The Best of Gigapack 1 & 2	CD 1 -> DMA 16 -> Sample	DMa:DR550     39	
Best Service	The Best of Gigapack 1 & 2	CD 1 -> DMA 16 -> Sample	DMa:DR550     40	
Best Service	The Best of Gigapack 1 & 2	CD 1 -> DMA 16 -> Sample	DMa:DR550     41	
Best Service	The Best of Gigapack 1 & 2	CD 1 -> DMA 16 -> Sample	DMa:DR550     42	
Best Service	The Best of Gigapack 1 & 2	CD 1 -> DMA 16 -> Sample	DMa:DR550     43	
Best Service	The Best of Gigapack 1 & 2	CD 1 -> DMA 16 -> Sample	DMa:DR550     44	
Best Service	The Best of Gigapack 1 & 2	CD 1 -> DMA 16 -> Sample	DMa:DR550     45	
Best Service	The Best of Gigapack 1 & 2	CD 1 -> DMA 16 -> Sample	DMa:DR550     46	
Best Service	The Best of Gigapack 1 & 2	CD 1 -> DMA 16 -> Sample	DMa:DR550     47	
Best Service	The Best of Gigapack 1 & 2	CD 1 -> DMA 16 -> Sample	DMa:DR550     48	
Best Service	The Best of Gigapack 1 & 2	CD 1 -> DMA 16 -> Sample	DMa:DR550      1	
Best Service	The Best of Gigapack 1 & 2	CD 1 -> DMA 16 -> Sample	DMa:DR550      3	
Best Service	The Best of Gigapack 1 & 2	CD 1 -> DMA 16 -> Sample	DMa:DR550      4	
Best Service	The Best of Gigapack 1 & 2	CD 1 -> DMA 16 -> Sample	DMa:DR550      5	
Best Service	The Best of Gigapack 1 & 2	CD 1 -> DMA 16 -> Sample	DMa:DR550      8	
Best Service	The Best of Gigapack 1 & 2	CD 1 -> DMA 16 -> Sample	DMa:DR550      9	
Best Service	The Best of Gigapack 1 & 2	CD 1 -> DMA 16 -> Sample	DMa:DR550     10	
Best Service	The Best of Gigapack 1 & 2	CD 1 -> DMA 16 -> Sample	DMa:DR550     11	
Best Service	The Best of Gigapack 1 & 2	CD 1 -> DMA 17 -> Program	DMa:K  DDD-1	
Best Service	The Best of Gigapack 1 & 2	CD 1 -> DMA 17 -> Sample	DMa:DDD 1      9	
Best Service	The Best of Gigapack 1 & 2	CD 1 -> DMA 17 -> Sample	DMa:DDD 1      8	
Best Service	The Best of Gigapack 1 & 2	CD 1 -> DMA 17 -> Sample	DMa:DDD 1     12	
Best Service	The Best of Gigapack 1 & 2	CD 1 -> DMA 17 -> Sample	DMa:DDD 1     11	
Best Service	The Best of Gigapack 1 & 2	CD 1 -> DMA 17 -> Sample	DMa:DDD 1      6	
Best Service	The Best of Gigapack 1 & 2	CD 1 -> DMA 17 -> Sample	DMa:DDD 1     10	
Best Service	The Best of Gigapack 1 & 2	CD 1 -> DMA 17 -> Sample	DMa:DDD 1      3	
Best Service	The Best of Gigapack 1 & 2	CD 1 -> DMA 17 -> Sample	DMa:DDD 1     13	
Best Service	The Best of Gigapack 1 & 2	CD 1 -> DMA 17 -> Sample	DMa:DDD 1      2	
Best Service	The Best of Gigapack 1 & 2	CD 1 -> DMA 17 -> Sample	DMa:DDD 1     15	
Best Service	The Best of Gigapack 1 & 2	CD 1 -> DMA 17 -> Sample	DMa:DDD 1      1	
Best Service	The Best of Gigapack 1 & 2	CD 1 -> DMA 17 -> Sample	DMa:DDD 1      5	
Best Service	The Best of Gigapack 1 & 2	CD 1 -> DMA 17 -> Sample	DMa:DDD 1      4	
Best Service	The Best of Gigapack 1 & 2	CD 1 -> DMA 17 -> Sample	DMa:DDD 1     16	
Best Service	The Best of Gigapack 1 & 2	CD 1 -> DMA 17 -> Sample	DMa:DDD 1     14	
Best Service	The Best of Gigapack 1 & 2	CD 1 -> DMA 17 -> Sample	DMa:DDD 1      7	
Best Service	The Best of Gigapack 1 & 2	CD 1 -> DMA 17 -> Sample	DMa:DDD 1     17	
Best Service	The Best of Gigapack 1 & 2	CD 1 -> DMA 17 -> Sample	DMa:DDD 1     18	
Best Service	The Best of Gigapack 1 & 2	CD 1 -> DMA 18 -> Program	DMa:K-Drumtracks	
Best Service	The Best of Gigapack 1 & 2	CD 1 -> DMA 18 -> Sample	DMa:DrumTracks 1	
Best Service	The Best of Gigapack 1 & 2	CD 1 -> DMA 18 -> Sample	DMa:DrumTracks 3	
Best Service	The Best of Gigapack 1 & 2	CD 1 -> DMA 18 -> Sample	DMa:DrumTracks 2	
Best Service	The Best of Gigapack 1 & 2	CD 1 -> DMA 18 -> Sample	DMa:DrumTracks10	
Best Service	The Best of Gigapack 1 & 2	CD 1 -> DMA 18 -> Sample	DMa:DrumTracks 5	
Best Service	The Best of Gigapack 1 & 2	CD 1 -> DMA 18 -> Sample	DMa:DrumTracks 8	
Best Service	The Best of Gigapack 1 & 2	CD 1 -> DMA 18 -> Sample	DMa:DrumTracks 4	
Best Service	The Best of Gigapack 1 & 2	CD 1 -> DMA 18 -> Sample	DMa:DrumTracks 9	
Best Service	The Best of Gigapack 1 & 2	CD 1 -> DMA 18 -> Sample	DMa:DrumTracks 6	
Best Service	The Best of Gigapack 1 & 2	CD 1 -> DMA 18 -> Sample	DMa:DrumTracks 7	
Best Service	The Best of Gigapack 1 & 2	CD 1 -> DMA 18 -> Sample	DMa:DrumTracks11	
Best Service	The Best of Gigapack 1 & 2	CD 1 -> DMA 18 -> Sample	DMa:DrumTracks12	
Best Service	The Best of Gigapack 1 & 2	CD 1 -> DMA 18 -> Sample	DMa:DrumTracks13	
Best Service	The Best of Gigapack 1 & 2	CD 1 -> DMA 19 -> Program	DMa:K-Drumulator	
Best Service	The Best of Gigapack 1 & 2	CD 1 -> DMA 19 -> Sample	DMa:Drumulator 1	
Best Service	The Best of Gigapack 1 & 2	CD 1 -> DMA 19 -> Sample	DMa:Drumulator 3	
Best Service	The Best of Gigapack 1 & 2	CD 1 -> DMA 19 -> Sample	DMa:Drumulator 2	
Best Service	The Best of Gigapack 1 & 2	CD 1 -> DMA 19 -> Sample	DMa:Drumulator 9	
Best Service	The Best of Gigapack 1 & 2	CD 1 -> DMA 19 -> Sample	DMa:Drumulator 6	
Best Service	The Best of Gigapack 1 & 2	CD 1 -> DMA 19 -> Sample	DMa:Drumulator11	
Best Service	The Best of Gigapack 1 & 2	CD 1 -> DMA 19 -> Sample	DMa:Drumulator 5	
Best Service	The Best of Gigapack 1 & 2	CD 1 -> DMA 19 -> Sample	DMa:Drumulator10	
Best Service	The Best of Gigapack 1 & 2	CD 1 -> DMA 19 -> Sample	DMa:Drumulator 4	
Best Service	The Best of Gigapack 1 & 2	CD 1 -> DMA 19 -> Sample	DMa:Drumulator12	
Best Service	The Best of Gigapack 1 & 2	CD 1 -> DMA 19 -> Sample	DMa:Drumulator 7	
Best Service	The Best of Gigapack 1 & 2	CD 1 -> DMA 19 -> Sample	DMa:Drumulator 8	
Best Service	The Best of Gigapack 1 & 2	CD 1 -> DMA 20 -> Program	DMa:K  HR-16	
Best Service	The Best of Gigapack 1 & 2	CD 1 -> DMA 20 -> Program	DMa:Rest HR-16	
Best Service	The Best of Gigapack 1 & 2	CD 1 -> DMA 20 -> Program	DMa:BD HR-16	
Best Service	The Best of Gigapack 1 & 2	CD 1 -> DMA 20 -> Program	DMa:SD HR-16	
Best Service	The Best of Gigapack 1 & 2	CD 1 -> DMA 20 -> Sample	DMa:HR-16    1	
Best Service	The Best of Gigapack 1 & 2	CD 1 -> DMA 20 -> Sample	DMa:HR-16   17	
Best Service	The Best of Gigapack 1 & 2	CD 1 -> DMA 20 -> Sample	DMa:HR-16   12	
Best Service	The Best of Gigapack 1 & 2	CD 1 -> DMA 20 -> Sample	DMa:HR-16   47	
Best Service	The Best of Gigapack 1 & 2	CD 1 -> DMA 20 -> Sample	DMa:HR-16   16	
Best Service	The Best of Gigapack 1 & 2	CD 1 -> DMA 20 -> Sample	DMa:HR-16   22	
Best Service	The Best of Gigapack 1 & 2	CD 1 -> DMA 20 -> Sample	DMa:HR-16   24	
Best Service	The Best of Gigapack 1 & 2	CD 1 -> DMA 20 -> Sample	DMa:HR-16   25	
Best Service	The Best of Gigapack 1 & 2	CD 1 -> DMA 20 -> Sample	DMa:HR-16   26	
Best Service	The Best of Gigapack 1 & 2	CD 1 -> DMA 20 -> Sample	DMa:HR-16   21	
Best Service	The Best of Gigapack 1 & 2	CD 1 -> DMA 20 -> Sample	DMa:HR-16   31	
Best Service	The Best of Gigapack 1 & 2	CD 1 -> DMA 20 -> Sample	DMa:HR-16   29	
Best Service	The Best of Gigapack 1 & 2	CD 1 -> DMA 20 -> Sample	DMa:HR-16   19	
Best Service	The Best of Gigapack 1 & 2	CD 1 -> DMA 20 -> Sample	DMa:HR-16   20	
Best Service	The Best of Gigapack 1 & 2	CD 1 -> DMA 20 -> Sample	DMa:HR-16   23	
Best Service	The Best of Gigapack 1 & 2	CD 1 -> DMA 20 -> Sample	DMa:HR-16   27	
Best Service	The Best of Gigapack 1 & 2	CD 1 -> DMA 20 -> Sample	DMa:HR-16   28	
Best Service	The Best of Gigapack 1 & 2	CD 1 -> DMA 20 -> Sample	DMa:HR-16   30	
Best Service	The Best of Gigapack 1 & 2	CD 1 -> DMA 20 -> Sample	DMa:HR-16   32	
Best Service	The Best of Gigapack 1 & 2	CD 1 -> DMA 20 -> Sample	DMa:HR-16   33	
Best Service	The Best of Gigapack 1 & 2	CD 1 -> DMA 20 -> Sample	DMa:HR-16   34	
Best Service	The Best of Gigapack 1 & 2	CD 1 -> DMA 20 -> Sample	DMa:HR-16   35	
Best Service	The Best of Gigapack 1 & 2	CD 1 -> DMA 20 -> Sample	DMa:HR-16   36	
Best Service	The Best of Gigapack 1 & 2	CD 1 -> DMA 20 -> Sample	DMa:HR-16   37	
Best Service	The Best of Gigapack 1 & 2	CD 1 -> DMA 20 -> Sample	DMa:HR-16   38	
Best Service	The Best of Gigapack 1 & 2	CD 1 -> DMA 20 -> Sample	DMa:HR-16   39	
Best Service	The Best of Gigapack 1 & 2	CD 1 -> DMA 20 -> Sample	DMa:HR-16   40	
Best Service	The Best of Gigapack 1 & 2	CD 1 -> DMA 20 -> Sample	DMa:HR-16   41	
Best Service	The Best of Gigapack 1 & 2	CD 1 -> DMA 20 -> Sample	DMa:HR-16   42	
Best Service	The Best of Gigapack 1 & 2	CD 1 -> DMA 20 -> Sample	DMa:HR-16   43	
Best Service	The Best of Gigapack 1 & 2	CD 1 -> DMA 20 -> Sample	DMa:HR-16   44	
Best Service	The Best of Gigapack 1 & 2	CD 1 -> DMA 20 -> Sample	DMa:HR-16   45	
Best Service	The Best of Gigapack 1 & 2	CD 1 -> DMA 20 -> Sample	DMa:HR-16   46	
Best Service	The Best of Gigapack 1 & 2	CD 1 -> DMA 20 -> Sample	DMa:HR-16   48	
Best Service	The Best of Gigapack 1 & 2	CD 1 -> DMA 20 -> Sample	DMa:HR-16   49	
Best Service	The Best of Gigapack 1 & 2	CD 1 -> DMA 20 -> Sample	DMa:HR-16    2	
Best Service	The Best of Gigapack 1 & 2	CD 1 -> DMA 20 -> Sample	DMa:HR-16    3	
Best Service	The Best of Gigapack 1 & 2	CD 1 -> DMA 20 -> Sample	DMa:HR-16    4	
Best Service	The Best of Gigapack 1 & 2	CD 1 -> DMA 20 -> Sample	DMa:HR-16    5	
Best Service	The Best of Gigapack 1 & 2	CD 1 -> DMA 20 -> Sample	DMa:HR-16    6	
Best Service	The Best of Gigapack 1 & 2	CD 1 -> DMA 20 -> Sample	DMa:HR-16    7	
Best Service	The Best of Gigapack 1 & 2	CD 1 -> DMA 20 -> Sample	DMa:HR-16    8	
Best Service	The Best of Gigapack 1 & 2	CD 1 -> DMA 20 -> Sample	DMa:HR-16    9	
Best Service	The Best of Gigapack 1 & 2	CD 1 -> DMA 20 -> Sample	DMa:HR-16   10	
Best Service	The Best of Gigapack 1 & 2	CD 1 -> DMA 20 -> Sample	DMa:HR-16   11	
Best Service	The Best of Gigapack 1 & 2	CD 1 -> DMA 20 -> Sample	DMa:HR-16   13	
Best Service	The Best of Gigapack 1 & 2	CD 1 -> DMA 20 -> Sample	DMa:HR-16   14	
Best Service	The Best of Gigapack 1 & 2	CD 1 -> DMA 20 -> Sample	DMa:HR-16   15	
Best Service	The Best of Gigapack 1 & 2	CD 1 -> DMA 20 -> Sample	DMa:HR-16   18	
Best Service	The Best of Gigapack 1 & 2	CD 1 -> DMA 21 -> Program	DMa:K  HR-16 B	
Best Service	The Best of Gigapack 1 & 2	CD 1 -> DMA 21 -> Program	DMa:Rest HR-16 B	
Best Service	The Best of Gigapack 1 & 2	CD 1 -> DMA 21 -> Program	DMa:BD HR-16B	
Best Service	The Best of Gigapack 1 & 2	CD 1 -> DMA 21 -> Program	DMa:SD HR-16B	
Best Service	The Best of Gigapack 1 & 2	CD 1 -> DMA 21 -> Sample	DMa:BD HR16B   1	
Best Service	The Best of Gigapack 1 & 2	CD 1 -> DMA 21 -> Sample	DMa:SD HR16B  11	
Best Service	The Best of Gigapack 1 & 2	CD 1 -> DMA 21 -> Sample	DMa:SD HR16B   7	
Best Service	The Best of Gigapack 1 & 2	CD 1 -> DMA 21 -> Sample	DMa:HR16B      8	
Best Service	The Best of Gigapack 1 & 2	CD 1 -> DMA 21 -> Sample	DMa:SD HR16B   8	
Best Service	The Best of Gigapack 1 & 2	CD 1 -> DMA 21 -> Sample	DMa:Tom HR16B  2	
Best Service	The Best of Gigapack 1 & 2	CD 1 -> DMA 21 -> Sample	DMa:HH HR16B   4	
Best Service	The Best of Gigapack 1 & 2	CD 1 -> DMA 21 -> Sample	DMa:Tom HR16B  1	
Best Service	The Best of Gigapack 1 & 2	CD 1 -> DMA 21 -> Sample	DMa:HH HR16B   5	
Best Service	The Best of Gigapack 1 & 2	CD 1 -> DMA 21 -> Sample	DMa:HR16B      1	
Best Service	The Best of Gigapack 1 & 2	CD 1 -> DMA 21 -> Sample	DMa:HR16B      2	
Best Service	The Best of Gigapack 1 & 2	CD 1 -> DMA 21 -> Sample	DMa:HH HR16B   1	
Best Service	The Best of Gigapack 1 & 2	CD 1 -> DMA 21 -> Sample	DMa:HH HR16B   2	
Best Service	The Best of Gigapack 1 & 2	CD 1 -> DMA 21 -> Sample	DMa:HH HR16B   3	
Best Service	The Best of Gigapack 1 & 2	CD 1 -> DMA 21 -> Sample	DMa:Tom HR16B  3	
Best Service	The Best of Gigapack 1 & 2	CD 1 -> DMA 21 -> Sample	DMa:HR16B      3	
Best Service	The Best of Gigapack 1 & 2	CD 1 -> DMA 21 -> Sample	DMa:HR16B      4	
Best Service	The Best of Gigapack 1 & 2	CD 1 -> DMA 21 -> Sample	DMa:HR16B      5	
Best Service	The Best of Gigapack 1 & 2	CD 1 -> DMA 21 -> Sample	DMa:HR16B      6	
Best Service	The Best of Gigapack 1 & 2	CD 1 -> DMA 21 -> Sample	DMa:HR16B      7	
Best Service	The Best of Gigapack 1 & 2	CD 1 -> DMA 21 -> Sample	DMa:HR16B      9	
Best Service	The Best of Gigapack 1 & 2	CD 1 -> DMA 21 -> Sample	DMa:HR16B     10	
Best Service	The Best of Gigapack 1 & 2	CD 1 -> DMA 21 -> Sample	DMa:HR16B     11	
Best Service	The Best of Gigapack 1 & 2	CD 1 -> DMA 21 -> Sample	DMa:HR16B     12	
Best Service	The Best of Gigapack 1 & 2	CD 1 -> DMA 21 -> Sample	DMa:HR16B     13	
Best Service	The Best of Gigapack 1 & 2	CD 1 -> DMA 21 -> Sample	DMa:HR16B     14	
Best Service	The Best of Gigapack 1 & 2	CD 1 -> DMA 21 -> Sample	DMa:HR16B     15	
Best Service	The Best of Gigapack 1 & 2	CD 1 -> DMA 21 -> Sample	DMa:HR16B     16	
Best Service	The Best of Gigapack 1 & 2	CD 1 -> DMA 21 -> Sample	DMa:HR16B     17	
Best Service	The Best of Gigapack 1 & 2	CD 1 -> DMA 21 -> Sample	DMa:HR16B     18	
Best Service	The Best of Gigapack 1 & 2	CD 1 -> DMA 21 -> Sample	DMa:BD HR16B   2	
Best Service	The Best of Gigapack 1 & 2	CD 1 -> DMA 21 -> Sample	DMa:BD HR16B   3	
Best Service	The Best of Gigapack 1 & 2	CD 1 -> DMA 21 -> Sample	DMa:BD HR16B   4	
Best Service	The Best of Gigapack 1 & 2	CD 1 -> DMA 21 -> Sample	DMa:BD HR16B   5	
Best Service	The Best of Gigapack 1 & 2	CD 1 -> DMA 21 -> Sample	DMa:BD HR16B   6	
Best Service	The Best of Gigapack 1 & 2	CD 1 -> DMA 21 -> Sample	DMa:SD HR16B   1	
Best Service	The Best of Gigapack 1 & 2	CD 1 -> DMA 21 -> Sample	DMa:SD HR16B   2	
Best Service	The Best of Gigapack 1 & 2	CD 1 -> DMA 21 -> Sample	DMa:SD HR16B   3	
Best Service	The Best of Gigapack 1 & 2	CD 1 -> DMA 21 -> Sample	DMa:SD HR16B   4	
Best Service	The Best of Gigapack 1 & 2	CD 1 -> DMA 21 -> Sample	DMa:SD HR16B   5	
Best Service	The Best of Gigapack 1 & 2	CD 1 -> DMA 21 -> Sample	DMa:SD HR16B   6	
Best Service	The Best of Gigapack 1 & 2	CD 1 -> DMA 21 -> Sample	DMa:SD HR16B   9	
Best Service	The Best of Gigapack 1 & 2	CD 1 -> DMA 21 -> Sample	DMa:SD HR16B  10	
Best Service	The Best of Gigapack 1 & 2	CD 1 -> DMA 21 -> Sample	DMa:SD HR16B  12	
Best Service	The Best of Gigapack 1 & 2	CD 1 -> DMA 22 -> Program	DMa:K-Linn 9000	
Best Service	The Best of Gigapack 1 & 2	CD 1 -> DMA 22 -> Sample	DMa:Linn 9000  1	
Best Service	The Best of Gigapack 1 & 2	CD 1 -> DMA 22 -> Sample	DMa:Linn 9000 15	
Best Service	The Best of Gigapack 1 & 2	CD 1 -> DMA 22 -> Sample	DMa:Linn 9000 11	
Best Service	The Best of Gigapack 1 & 2	CD 1 -> DMA 22 -> Sample	DMa:Linn 9000 12	
Best Service	The Best of Gigapack 1 & 2	CD 1 -> DMA 22 -> Sample	DMa:Linn 9000 27	
Best Service	The Best of Gigapack 1 & 2	CD 1 -> DMA 22 -> Sample	DMa:Linn 9000  7	
Best Service	The Best of Gigapack 1 & 2	CD 1 -> DMA 22 -> Sample	DMa:Linn 9000 26	
Best Service	The Best of Gigapack 1 & 2	CD 1 -> DMA 22 -> Sample	DMa:Linn 9000  8	
Best Service	The Best of Gigapack 1 & 2	CD 1 -> DMA 22 -> Sample	DMa:Linn 9000 25	
Best Service	The Best of Gigapack 1 & 2	CD 1 -> DMA 22 -> Sample	DMa:Linn 9000 23	
Best Service	The Best of Gigapack 1 & 2	CD 1 -> DMA 22 -> Sample	DMa:Linn 9000 22	
Best Service	The Best of Gigapack 1 & 2	CD 1 -> DMA 22 -> Sample	DMa:Linn 9000 24	
Best Service	The Best of Gigapack 1 & 2	CD 1 -> DMA 22 -> Sample	DMa:Linn 9000  2	
Best Service	The Best of Gigapack 1 & 2	CD 1 -> DMA 22 -> Sample	DMa:Linn 9000  3	
Best Service	The Best of Gigapack 1 & 2	CD 1 -> DMA 22 -> Sample	DMa:Linn 9000  4	
Best Service	The Best of Gigapack 1 & 2	CD 1 -> DMA 22 -> Sample	DMa:Linn 9000  5	
Best Service	The Best of Gigapack 1 & 2	CD 1 -> DMA 22 -> Sample	DMa:Linn 9000  6	
Best Service	The Best of Gigapack 1 & 2	CD 1 -> DMA 22 -> Sample	DMa:Linn 9000  9	
Best Service	The Best of Gigapack 1 & 2	CD 1 -> DMA 22 -> Sample	DMa:Linn 9000 10	
Best Service	The Best of Gigapack 1 & 2	CD 1 -> DMA 22 -> Sample	DMa:Linn 9000 13	
Best Service	The Best of Gigapack 1 & 2	CD 1 -> DMA 22 -> Sample	DMa:Linn 9000 14	
Best Service	The Best of Gigapack 1 & 2	CD 1 -> DMA 22 -> Sample	DMa:Linn 9000 16	
Best Service	The Best of Gigapack 1 & 2	CD 1 -> DMA 22 -> Sample	DMa:Linn 9000 17	
Best Service	The Best of Gigapack 1 & 2	CD 1 -> DMA 22 -> Sample	DMa:Linn 9000 18	
Best Service	The Best of Gigapack 1 & 2	CD 1 -> DMA 22 -> Sample	DMa:Linn 9000 19	
Best Service	The Best of Gigapack 1 & 2	CD 1 -> DMA 22 -> Sample	DMa:Linn 9000 20	
Best Service	The Best of Gigapack 1 & 2	CD 1 -> DMA 22 -> Sample	DMa:Linn 9000 21	
Best Service	The Best of Gigapack 1 & 2	CD 1 -> DMA 22 -> Sample	DMa:Linn 9000 28	
Best Service	The Best of Gigapack 1 & 2	CD 1 -> DMA 22 -> Sample	DMa:Linn 9000 29	
Best Service	The Best of Gigapack 1 & 2	CD 1 -> DMA 22 -> Sample	DMa:Linn 9000 30	
Best Service	The Best of Gigapack 1 & 2	CD 1 -> DMA 22 -> Sample	DMa:Linn 9000 31	
Best Service	The Best of Gigapack 1 & 2	CD 1 -> DMA 22 -> Sample	DMa:Linn 9000 32	
Best Service	The Best of Gigapack 1 & 2	CD 1 -> DMA 23 -> Program	DMa:K-Linn LM 1	
Best Service	The Best of Gigapack 1 & 2	CD 1 -> DMA 23 -> Sample	DMa:Linn LM-1  2	
Best Service	The Best of Gigapack 1 & 2	CD 1 -> DMA 23 -> Sample	DMa:Linn LM-1 11	
Best Service	The Best of Gigapack 1 & 2	CD 1 -> DMA 23 -> Sample	DMa:Linn LM-1 19	
Best Service	The Best of Gigapack 1 & 2	CD 1 -> DMA 23 -> Sample	DMa:Linn LM-1 10	
Best Service	The Best of Gigapack 1 & 2	CD 1 -> DMA 23 -> Sample	DMa:Linn LM-1 22	
Best Service	The Best of Gigapack 1 & 2	CD 1 -> DMA 23 -> Sample	DMa:Linn LM-1  5	
Best Service	The Best of Gigapack 1 & 2	CD 1 -> DMA 23 -> Sample	DMa:Linn LM-1  6	
Best Service	The Best of Gigapack 1 & 2	CD 1 -> DMA 23 -> Sample	DMa:Linn LM-1 21	
Best Service	The Best of Gigapack 1 & 2	CD 1 -> DMA 23 -> Sample	DMa:Linn LM-1  1	
Best Service	The Best of Gigapack 1 & 2	CD 1 -> DMA 23 -> Sample	DMa:Linn LM-1  3	
Best Service	The Best of Gigapack 1 & 2	CD 1 -> DMA 23 -> Sample	DMa:Linn LM-1  4	
Best Service	The Best of Gigapack 1 & 2	CD 1 -> DMA 23 -> Sample	DMa:Linn LM-1  7	
Best Service	The Best of Gigapack 1 & 2	CD 1 -> DMA 23 -> Sample	DMa:Linn LM-1  8	
Best Service	The Best of Gigapack 1 & 2	CD 1 -> DMA 23 -> Sample	DMa:Linn LM-1  9	
Best Service	The Best of Gigapack 1 & 2	CD 1 -> DMA 23 -> Sample	DMa:Linn LM-1 12	
Best Service	The Best of Gigapack 1 & 2	CD 1 -> DMA 23 -> Sample	DMa:Linn LM-1 13	
Best Service	The Best of Gigapack 1 & 2	CD 1 -> DMA 23 -> Sample	DMa:Linn LM-1 14	
Best Service	The Best of Gigapack 1 & 2	CD 1 -> DMA 23 -> Sample	DMa:Linn LM-1 15	
Best Service	The Best of Gigapack 1 & 2	CD 1 -> DMA 23 -> Sample	DMa:Linn LM-1 16	
Best Service	The Best of Gigapack 1 & 2	CD 1 -> DMA 23 -> Sample	DMa:Linn LM-1 17	
Best Service	The Best of Gigapack 1 & 2	CD 1 -> DMA 23 -> Sample	DMa:Linn LM-1 18	
Best Service	The Best of Gigapack 1 & 2	CD 1 -> DMA 23 -> Sample	DMa:Linn LM-1 20	
Best Service	The Best of Gigapack 1 & 2	CD 1 -> DMA 23 -> Sample	DMa:Linn LM-1 23	
Best Service	The Best of Gigapack 1 & 2	CD 1 -> DMA 23 -> Sample	DMa:Linn LM-1 24	
Best Service	The Best of Gigapack 1 & 2	CD 1 -> DMA 24 -> Program	DMa:K  R-8	
Best Service	The Best of Gigapack 1 & 2	CD 1 -> DMA 24 -> Program	DMa:Rest R-8	
Best Service	The Best of Gigapack 1 & 2	CD 1 -> DMA 24 -> Program	DMa:BD  R-8	
Best Service	The Best of Gigapack 1 & 2	CD 1 -> DMA 24 -> Program	DMa:SD  R-8	
Best Service	The Best of Gigapack 1 & 2	CD 1 -> DMA 24 -> Sample	DMa:BD R8      1	
Best Service	The Best of Gigapack 1 & 2	CD 1 -> DMA 24 -> Sample	DMa:SD R8     13	
Best Service	The Best of Gigapack 1 & 2	CD 1 -> DMA 24 -> Sample	DMa:SD R8      4	
Best Service	The Best of Gigapack 1 & 2	CD 1 -> DMA 24 -> Sample	DMa:R8         1	
Best Service	The Best of Gigapack 1 & 2	CD 1 -> DMA 24 -> Sample	DMa:SD R8      2	
Best Service	The Best of Gigapack 1 & 2	CD 1 -> DMA 24 -> Sample	DMa:Tom1.1 R8	
Best Service	The Best of Gigapack 1 & 2	CD 1 -> DMA 24 -> Sample	DMa:HH1 R8	
Best Service	The Best of Gigapack 1 & 2	CD 1 -> DMA 24 -> Sample	DMa:Tom1.2 R8	
Best Service	The Best of Gigapack 1 & 2	CD 1 -> DMA 24 -> Sample	DMa:HH2 R8	
Best Service	The Best of Gigapack 1 & 2	CD 1 -> DMA 24 -> Sample	DMa:Tom1.3 R8	
Best Service	The Best of Gigapack 1 & 2	CD 1 -> DMA 24 -> Sample	DMa:HH4 R8	
Best Service	The Best of Gigapack 1 & 2	CD 1 -> DMA 24 -> Sample	DMa:HH5 R8	
Best Service	The Best of Gigapack 1 & 2	CD 1 -> DMA 24 -> Sample	DMa:Tom2.1 R8	
Best Service	The Best of Gigapack 1 & 2	CD 1 -> DMA 24 -> Sample	DMa:Tom2.2 R8	
Best Service	The Best of Gigapack 1 & 2	CD 1 -> DMA 24 -> Sample	DMa:Tom2.3 R8	
Best Service	The Best of Gigapack 1 & 2	CD 1 -> DMA 24 -> Sample	DMa:Tom3.1 R8	
Best Service	The Best of Gigapack 1 & 2	CD 1 -> DMA 24 -> Sample	DMa:Tom3.2 R8	
Best Service	The Best of Gigapack 1 & 2	CD 1 -> DMA 24 -> Sample	DMa:Tom3.3 R8	
Best Service	The Best of Gigapack 1 & 2	CD 1 -> DMA 24 -> Sample	DMa:Bang R8	
Best Service	The Best of Gigapack 1 & 2	CD 1 -> DMA 24 -> Sample	DMa:R8         2	
Best Service	The Best of Gigapack 1 & 2	CD 1 -> DMA 24 -> Sample	DMa:R8         3	
Best Service	The Best of Gigapack 1 & 2	CD 1 -> DMA 24 -> Sample	DMa:HH3 R8	
Best Service	The Best of Gigapack 1 & 2	CD 1 -> DMA 24 -> Sample	DMa:HH6 R8	
Best Service	The Best of Gigapack 1 & 2	CD 1 -> DMA 24 -> Sample	DMa:R8         4	
Best Service	The Best of Gigapack 1 & 2	CD 1 -> DMA 24 -> Sample	DMa:R8         5	
Best Service	The Best of Gigapack 1 & 2	CD 1 -> DMA 24 -> Sample	DMa:R8         6	
Best Service	The Best of Gigapack 1 & 2	CD 1 -> DMA 24 -> Sample	DMa:R8         7	
Best Service	The Best of Gigapack 1 & 2	CD 1 -> DMA 24 -> Sample	DMa:R8         8	
Best Service	The Best of Gigapack 1 & 2	CD 1 -> DMA 24 -> Sample	DMa:R8         9	
Best Service	The Best of Gigapack 1 & 2	CD 1 -> DMA 24 -> Sample	DMa:R8        10	
Best Service	The Best of Gigapack 1 & 2	CD 1 -> DMA 24 -> Sample	DMa:R8        11	
Best Service	The Best of Gigapack 1 & 2	CD 1 -> DMA 24 -> Sample	DMa:R8        12	
Best Service	The Best of Gigapack 1 & 2	CD 1 -> DMA 24 -> Sample	DMa:R8        13	
Best Service	The Best of Gigapack 1 & 2	CD 1 -> DMA 24 -> Sample	DMa:R8        14	
Best Service	The Best of Gigapack 1 & 2	CD 1 -> DMA 24 -> Sample	DMa:BD R8      2	
Best Service	The Best of Gigapack 1 & 2	CD 1 -> DMA 24 -> Sample	DMa:BD R8      3	
Best Service	The Best of Gigapack 1 & 2	CD 1 -> DMA 24 -> Sample	DMa:BD R8      4	
Best Service	The Best of Gigapack 1 & 2	CD 1 -> DMA 24 -> Sample	DMa:BD R8      5	
Best Service	The Best of Gigapack 1 & 2	CD 1 -> DMA 24 -> Sample	DMa:BD R8      6	
Best Service	The Best of Gigapack 1 & 2	CD 1 -> DMA 24 -> Sample	DMa:BD R8      7	
Best Service	The Best of Gigapack 1 & 2	CD 1 -> DMA 24 -> Sample	DMa:SD R8      1	
Best Service	The Best of Gigapack 1 & 2	CD 1 -> DMA 24 -> Sample	DMa:SD R8      3	
Best Service	The Best of Gigapack 1 & 2	CD 1 -> DMA 24 -> Sample	DMa:SD R8      5	
Best Service	The Best of Gigapack 1 & 2	CD 1 -> DMA 24 -> Sample	DMa:SD R8      6	
Best Service	The Best of Gigapack 1 & 2	CD 1 -> DMA 24 -> Sample	DMa:SD R8      7	
Best Service	The Best of Gigapack 1 & 2	CD 1 -> DMA 24 -> Sample	DMa:SD R8      8	
Best Service	The Best of Gigapack 1 & 2	CD 1 -> DMA 24 -> Sample	DMa:SD R8      9	
Best Service	The Best of Gigapack 1 & 2	CD 1 -> DMA 24 -> Sample	DMa:SD R8     10	
Best Service	The Best of Gigapack 1 & 2	CD 1 -> DMA 24 -> Sample	DMa:SD R8     11	
Best Service	The Best of Gigapack 1 & 2	CD 1 -> DMA 24 -> Sample	DMa:SD R8     12	
Best Service	The Best of Gigapack 1 & 2	CD 1 -> DMA 24 -> Sample	DMa:SD R8     14	
Best Service	The Best of Gigapack 1 & 2	CD 1 -> DMA 25 -> Program	DMa:K-LinnDrum 1	
Best Service	The Best of Gigapack 1 & 2	CD 1 -> DMA 25 -> Sample	DMa:Linn-Drum  3	
Best Service	The Best of Gigapack 1 & 2	CD 1 -> DMA 25 -> Sample	DMa:Linn-Drum 14	
Best Service	The Best of Gigapack 1 & 2	CD 1 -> DMA 25 -> Sample	DMa:Linn-Drum 11	
Best Service	The Best of Gigapack 1 & 2	CD 1 -> DMA 25 -> Sample	DMa:Linn-Drum 18	
Best Service	The Best of Gigapack 1 & 2	CD 1 -> DMA 25 -> Sample	DMa:Linn-Drum 10	
Best Service	The Best of Gigapack 1 & 2	CD 1 -> DMA 25 -> Sample	DMa:Linn      12	
Best Service	The Best of Gigapack 1 & 2	CD 1 -> DMA 25 -> Sample	DMa:Linn-Drum  6	
Best Service	The Best of Gigapack 1 & 2	CD 1 -> DMA 25 -> Sample	DMa:Linn-Drum  7	
Best Service	The Best of Gigapack 1 & 2	CD 1 -> DMA 25 -> Sample	DMa:Linn      11	
Best Service	The Best of Gigapack 1 & 2	CD 1 -> DMA 25 -> Sample	DMa:Linn-Drum  8	
Best Service	The Best of Gigapack 1 & 2	CD 1 -> DMA 25 -> Sample	DMa:Linn      10	
Best Service	The Best of Gigapack 1 & 2	CD 1 -> DMA 25 -> Sample	DMa:Linn-Drum 22	
Best Service	The Best of Gigapack 1 & 2	CD 1 -> DMA 25 -> Sample	DMa:Linn-Drum 21	
Best Service	The Best of Gigapack 1 & 2	CD 1 -> DMA 25 -> Sample	DMa:Linn-Drum 28	
Best Service	The Best of Gigapack 1 & 2	CD 1 -> DMA 25 -> Sample	DMa:Linn-Drum 29	
Best Service	The Best of Gigapack 1 & 2	CD 1 -> DMA 25 -> Sample	DMa:Linn-Drum 30	
Best Service	The Best of Gigapack 1 & 2	CD 1 -> DMA 25 -> Sample	DMa:Linn-Drum 20	
Best Service	The Best of Gigapack 1 & 2	CD 1 -> DMA 25 -> Sample	DMa:Linn-Drum 19	
Best Service	The Best of Gigapack 1 & 2	CD 1 -> DMA 25 -> Sample	DMa:Linn-Drum 17	
Best Service	The Best of Gigapack 1 & 2	CD 1 -> DMA 25 -> Sample	DMa:Linn-Drum 16	
Best Service	The Best of Gigapack 1 & 2	CD 1 -> DMA 25 -> Sample	DMa:Linn-Drum 15	
Best Service	The Best of Gigapack 1 & 2	CD 1 -> DMA 25 -> Sample	DMa:Linn-Drum 13	
Best Service	The Best of Gigapack 1 & 2	CD 1 -> DMA 25 -> Sample	DMa:Linn-Drum 12	
Best Service	The Best of Gigapack 1 & 2	CD 1 -> DMA 25 -> Sample	DMa:Linn-Drum  9	
Best Service	The Best of Gigapack 1 & 2	CD 1 -> DMA 25 -> Sample	DMa:Linn-Drum  5	
Best Service	The Best of Gigapack 1 & 2	CD 1 -> DMA 25 -> Sample	DMa:Linn-Drum  4	
Best Service	The Best of Gigapack 1 & 2	CD 1 -> DMA 25 -> Sample	DMa:Linn-Drum  2	
Best Service	The Best of Gigapack 1 & 2	CD 1 -> DMA 25 -> Sample	DMa:Linn-Drum  1	
Best Service	The Best of Gigapack 1 & 2	CD 1 -> DMA 25 -> Sample	DMa:Linn-Drum 27	
Best Service	The Best of Gigapack 1 & 2	CD 1 -> DMA 26 -> Program	DMa:K  RX-11	
Best Service	The Best of Gigapack 1 & 2	CD 1 -> DMA 26 -> Sample	DMa:RX-11      1	
Best Service	The Best of Gigapack 1 & 2	CD 1 -> DMA 26 -> Sample	DMa:RX-11      7	
Best Service	The Best of Gigapack 1 & 2	CD 1 -> DMA 26 -> Sample	DMa:RX-11      2	
Best Service	The Best of Gigapack 1 & 2	CD 1 -> DMA 26 -> Sample	DMa:RX-11     11	
Best Service	The Best of Gigapack 1 & 2	CD 1 -> DMA 26 -> Sample	DMa:RX-11      3	
Best Service	The Best of Gigapack 1 & 2	CD 1 -> DMA 26 -> Sample	DMa:RX-11      4	
Best Service	The Best of Gigapack 1 & 2	CD 1 -> DMA 26 -> Sample	DMa:RX-11      8	
Best Service	The Best of Gigapack 1 & 2	CD 1 -> DMA 26 -> Sample	DMa:RX-11      9	
Best Service	The Best of Gigapack 1 & 2	CD 1 -> DMA 26 -> Sample	DMa:RX-11      6	
Best Service	The Best of Gigapack 1 & 2	CD 1 -> DMA 26 -> Sample	DMa:RX-11     10	
Best Service	The Best of Gigapack 1 & 2	CD 1 -> DMA 26 -> Sample	DMa:RX-11      5	
Best Service	The Best of Gigapack 1 & 2	CD 1 -> DMA 26 -> Sample	DMa:RX-11     15	
Best Service	The Best of Gigapack 1 & 2	CD 1 -> DMA 26 -> Sample	DMa:RX-11     14	
Best Service	The Best of Gigapack 1 & 2	CD 1 -> DMA 26 -> Sample	DMa:RX-11     12	
Best Service	The Best of Gigapack 1 & 2	CD 1 -> DMA 26 -> Sample	DMa:RX-11     13	
Best Service	The Best of Gigapack 1 & 2	CD 1 -> DMA 27 -> Program	DMa:K  RX-5	
Best Service	The Best of Gigapack 1 & 2	CD 1 -> DMA 27 -> Program	DMa:Rest RX-5	
Best Service	The Best of Gigapack 1 & 2	CD 1 -> DMA 27 -> Program	DMa:BD  RX-5	
Best Service	The Best of Gigapack 1 & 2	CD 1 -> DMA 27 -> Program	DMa:SD  RX-5	
Best Service	The Best of Gigapack 1 & 2	CD 1 -> DMA 27 -> Sample	DMa:RX-5       1	
Best Service	The Best of Gigapack 1 & 2	CD 1 -> DMA 27 -> Sample	DMa:RX-5       5	
Best Service	The Best of Gigapack 1 & 2	CD 1 -> DMA 27 -> Sample	DMa:RX-5      26	
Best Service	The Best of Gigapack 1 & 2	CD 1 -> DMA 27 -> Sample	DMa:RX-5      21	
Best Service	The Best of Gigapack 1 & 2	CD 1 -> DMA 27 -> Sample	DMa:RX-5       4	
Best Service	The Best of Gigapack 1 & 2	CD 1 -> DMA 27 -> Sample	DMa:RX-5      10	
Best Service	The Best of Gigapack 1 & 2	CD 1 -> DMA 27 -> Sample	DMa:RX-5      15	
Best Service	The Best of Gigapack 1 & 2	CD 1 -> DMA 27 -> Sample	DMa:RX-5       9	
Best Service	The Best of Gigapack 1 & 2	CD 1 -> DMA 27 -> Sample	DMa:RX-5       8	
Best Service	The Best of Gigapack 1 & 2	CD 1 -> DMA 27 -> Sample	DMa:RX-5      16	
Best Service	The Best of Gigapack 1 & 2	CD 1 -> DMA 27 -> Sample	DMa:RX-5       7	
Best Service	The Best of Gigapack 1 & 2	CD 1 -> DMA 27 -> Sample	DMa:RX-5      19	
Best Service	The Best of Gigapack 1 & 2	CD 1 -> DMA 27 -> Sample	DMa:RX-5      18	
Best Service	The Best of Gigapack 1 & 2	CD 1 -> DMA 27 -> Sample	DMa:RX-5      11	
Best Service	The Best of Gigapack 1 & 2	CD 1 -> DMA 27 -> Sample	DMa:RX-5      12	
Best Service	The Best of Gigapack 1 & 2	CD 1 -> DMA 27 -> Sample	DMa:RX-5      13	
Best Service	The Best of Gigapack 1 & 2	CD 1 -> DMA 27 -> Sample	DMa:RX-5      14	
Best Service	The Best of Gigapack 1 & 2	CD 1 -> DMA 27 -> Sample	DMa:RX-5      17	
Best Service	The Best of Gigapack 1 & 2	CD 1 -> DMA 27 -> Sample	DMa:RX-5      20	
Best Service	The Best of Gigapack 1 & 2	CD 1 -> DMA 27 -> Sample	DMa:RX-5      22	
Best Service	The Best of Gigapack 1 & 2	CD 1 -> DMA 27 -> Sample	DMa:RX-5      23	
Best Service	The Best of Gigapack 1 & 2	CD 1 -> DMA 27 -> Sample	DMa:RX-5      24	
Best Service	The Best of Gigapack 1 & 2	CD 1 -> DMA 27 -> Sample	DMa:RX-5      27	
Best Service	The Best of Gigapack 1 & 2	CD 1 -> DMA 27 -> Sample	DMa:RX-5      28	
Best Service	The Best of Gigapack 1 & 2	CD 1 -> DMA 27 -> Sample	DMa:RX-5      29	
Best Service	The Best of Gigapack 1 & 2	CD 1 -> DMA 27 -> Sample	DMa:RX-5      30	
Best Service	The Best of Gigapack 1 & 2	CD 1 -> DMA 27 -> Sample	DMa:RX-5      31	
Best Service	The Best of Gigapack 1 & 2	CD 1 -> DMA 27 -> Sample	DMa:RX-5      32	
Best Service	The Best of Gigapack 1 & 2	CD 1 -> DMA 27 -> Sample	DMa:RX-5      33	
Best Service	The Best of Gigapack 1 & 2	CD 1 -> DMA 27 -> Sample	DMa:RX-5      34	
Best Service	The Best of Gigapack 1 & 2	CD 1 -> DMA 27 -> Sample	DMa:RX-5      35	
Best Service	The Best of Gigapack 1 & 2	CD 1 -> DMA 27 -> Sample	DMa:RX-5      36	
Best Service	The Best of Gigapack 1 & 2	CD 1 -> DMA 27 -> Sample	DMa:RX-5      37	
Best Service	The Best of Gigapack 1 & 2	CD 1 -> DMA 27 -> Sample	DMa:RX-5      38	
Best Service	The Best of Gigapack 1 & 2	CD 1 -> DMA 27 -> Sample	DMa:RX-5      39	
Best Service	The Best of Gigapack 1 & 2	CD 1 -> DMA 27 -> Sample	DMa:RX-5      40	
Best Service	The Best of Gigapack 1 & 2	CD 1 -> DMA 27 -> Sample	DMa:RX-5      41	
Best Service	The Best of Gigapack 1 & 2	CD 1 -> DMA 27 -> Sample	DMa:RX-5      42	
Best Service	The Best of Gigapack 1 & 2	CD 1 -> DMA 27 -> Sample	DMa:RX-5      43	
Best Service	The Best of Gigapack 1 & 2	CD 1 -> DMA 27 -> Sample	DMa:RX-5      44	
Best Service	The Best of Gigapack 1 & 2	CD 1 -> DMA 27 -> Sample	DMa:RX-5      45	
Best Service	The Best of Gigapack 1 & 2	CD 1 -> DMA 27 -> Sample	DMa:RX-5      46	
Best Service	The Best of Gigapack 1 & 2	CD 1 -> DMA 27 -> Sample	DMa:RX-5      47	
Best Service	The Best of Gigapack 1 & 2	CD 1 -> DMA 27 -> Sample	DMa:RX-5      48	
Best Service	The Best of Gigapack 1 & 2	CD 1 -> DMA 27 -> Sample	DMa:RX-5      49	
Best Service	The Best of Gigapack 1 & 2	CD 1 -> DMA 27 -> Sample	DMa:RX-5      50	
Best Service	The Best of Gigapack 1 & 2	CD 1 -> DMA 27 -> Sample	DMa:RX-5      51	
Best Service	The Best of Gigapack 1 & 2	CD 1 -> DMA 27 -> Sample	DMa:RX-5      58	
Best Service	The Best of Gigapack 1 & 2	CD 1 -> DMA 27 -> Sample	DMa:RX-5      59	
Best Service	The Best of Gigapack 1 & 2	CD 1 -> DMA 27 -> Sample	DMa:RX-5      60	
Best Service	The Best of Gigapack 1 & 2	CD 1 -> DMA 27 -> Sample	DMa:RX-5      61	
Best Service	The Best of Gigapack 1 & 2	CD 1 -> DMA 27 -> Sample	DMa:RX-5      62	
Best Service	The Best of Gigapack 1 & 2	CD 1 -> DMA 27 -> Sample	DMa:RX-5      63	
Best Service	The Best of Gigapack 1 & 2	CD 1 -> DMA 27 -> Sample	DMa:RX-5      64	
Best Service	The Best of Gigapack 1 & 2	CD 1 -> DMA 27 -> Sample	DMa:RX-5      65	
Best Service	The Best of Gigapack 1 & 2	CD 1 -> DMA 27 -> Sample	DMa:RX-5       2	
Best Service	The Best of Gigapack 1 & 2	CD 1 -> DMA 27 -> Sample	DMa:RX-5      25	
Best Service	The Best of Gigapack 1 & 2	CD 1 -> DMA 27 -> Sample	DMa:RX-5      52	
Best Service	The Best of Gigapack 1 & 2	CD 1 -> DMA 27 -> Sample	DMa:RX-5      53	
Best Service	The Best of Gigapack 1 & 2	CD 1 -> DMA 27 -> Sample	DMa:RX-5      54	
Best Service	The Best of Gigapack 1 & 2	CD 1 -> DMA 27 -> Sample	DMa:RX-5      55	
Best Service	The Best of Gigapack 1 & 2	CD 1 -> DMA 27 -> Sample	DMa:RX-5      56	
Best Service	The Best of Gigapack 1 & 2	CD 1 -> DMA 27 -> Sample	DMa:RX-5      57	
Best Service	The Best of Gigapack 1 & 2	CD 1 -> DMA 27 -> Sample	DMa:RX-5       3	
Best Service	The Best of Gigapack 1 & 2	CD 1 -> DMA 27 -> Sample	DMa:RX-5       6	
Best Service	The Best of Gigapack 1 & 2	CD 1 -> DMA 28 -> Program	DMa:K  PSS-50	
Best Service	The Best of Gigapack 1 & 2	CD 1 -> DMA 28 -> Sample	DMa:BD PSS50	
Best Service	The Best of Gigapack 1 & 2	CD 1 -> DMA 28 -> Sample	DMa:RimPSS50	
Best Service	The Best of Gigapack 1 & 2	CD 1 -> DMA 28 -> Sample	DMa:SD PSS50	
Best Service	The Best of Gigapack 1 & 2	CD 1 -> DMA 28 -> Sample	DMa:ClaPSS50	
Best Service	The Best of Gigapack 1 & 2	CD 1 -> DMA 28 -> Sample	DMa:To1PSS50	
Best Service	The Best of Gigapack 1 & 2	CD 1 -> DMA 28 -> Sample	DMa:HHcPSS50	
Best Service	The Best of Gigapack 1 & 2	CD 1 -> DMA 28 -> Sample	DMa:HHoPSS50	
Best Service	The Best of Gigapack 1 & 2	CD 1 -> DMA 28 -> Sample	DMa:To2PSS50	
Best Service	The Best of Gigapack 1 & 2	CD 1 -> DMA 29 -> Program	DMa:K  Ob-DX	
Best Service	The Best of Gigapack 1 & 2	CD 1 -> DMA 29 -> Sample	DMa:DX 1	
Best Service	The Best of Gigapack 1 & 2	CD 1 -> DMA 29 -> Sample	DMa:DX 4	
Best Service	The Best of Gigapack 1 & 2	CD 1 -> DMA 29 -> Sample	DMa:DX 6	
Best Service	The Best of Gigapack 1 & 2	CD 1 -> DMA 29 -> Sample	DMa:DX 8	
Best Service	The Best of Gigapack 1 & 2	CD 1 -> DMA 29 -> Sample	DMa:DX 2	
Best Service	The Best of Gigapack 1 & 2	CD 1 -> DMA 29 -> Sample	DMa:DX 3	
Best Service	The Best of Gigapack 1 & 2	CD 1 -> DMA 29 -> Sample	DMa:DX 7	
Best Service	The Best of Gigapack 1 & 2	CD 1 -> DMA 29 -> Sample	DMa:DX 5	
Best Service	The Best of Gigapack 1 & 2	CD 1 -> DMA 30 -> Program	DMa:K  RY30	
Best Service	The Best of Gigapack 1 & 2	CD 1 -> DMA 30 -> Program	DMa:Rest RY30	
Best Service	The Best of Gigapack 1 & 2	CD 1 -> DMA 30 -> Program	DMa:BD  RY30	
Best Service	The Best of Gigapack 1 & 2	CD 1 -> DMA 30 -> Program	DMa:SD  RY30	
Best Service	The Best of Gigapack 1 & 2	CD 1 -> DMA 30 -> Sample	DMa:RY-30      1	
Best Service	The Best of Gigapack 1 & 2	CD 1 -> DMA 30 -> Sample	DMa:RY-30     30	
Best Service	The Best of Gigapack 1 & 2	CD 1 -> DMA 30 -> Sample	DMa:RY-30     13	
Best Service	The Best of Gigapack 1 & 2	CD 1 -> DMA 30 -> Sample	DMa:RY-30     54	
Best Service	The Best of Gigapack 1 & 2	CD 1 -> DMA 30 -> Sample	DMa:RY-30     14	
Best Service	The Best of Gigapack 1 & 2	CD 1 -> DMA 30 -> Sample	DMa:RY-30     49	
Best Service	The Best of Gigapack 1 & 2	CD 1 -> DMA 30 -> Sample	DMa:RY-30     33	
Best Service	The Best of Gigapack 1 & 2	CD 1 -> DMA 30 -> Sample	DMa:RY-30     34	
Best Service	The Best of Gigapack 1 & 2	CD 1 -> DMA 30 -> Sample	DMa:RY-30     48	
Best Service	The Best of Gigapack 1 & 2	CD 1 -> DMA 30 -> Sample	DMa:RY-30     36	
Best Service	The Best of Gigapack 1 & 2	CD 1 -> DMA 30 -> Sample	DMa:RY-30     47	
Best Service	The Best of Gigapack 1 & 2	CD 1 -> DMA 30 -> Sample	DMa:RY-30     41	
Best Service	The Best of Gigapack 1 & 2	CD 1 -> DMA 30 -> Sample	DMa:RY-30     43	
Best Service	The Best of Gigapack 1 & 2	CD 1 -> DMA 30 -> Sample	DMa:RY-30     40	
Best Service	The Best of Gigapack 1 & 2	CD 1 -> DMA 30 -> Sample	DMa:RY-30     32	
Best Service	The Best of Gigapack 1 & 2	CD 1 -> DMA 30 -> Sample	DMa:RY-30     35	
Best Service	The Best of Gigapack 1 & 2	CD 1 -> DMA 30 -> Sample	DMa:RY-30     37	
Best Service	The Best of Gigapack 1 & 2	CD 1 -> DMA 30 -> Sample	DMa:RY-30     38	
Best Service	The Best of Gigapack 1 & 2	CD 1 -> DMA 30 -> Sample	DMa:RY-30     39	
Best Service	The Best of Gigapack 1 & 2	CD 1 -> DMA 30 -> Sample	DMa:RY-30     42	
Best Service	The Best of Gigapack 1 & 2	CD 1 -> DMA 30 -> Sample	DMa:RY-30     44	
Best Service	The Best of Gigapack 1 & 2	CD 1 -> DMA 30 -> Sample	DMa:RY-30     45	
Best Service	The Best of Gigapack 1 & 2	CD 1 -> DMA 30 -> Sample	DMa:RY-30     46	
Best Service	The Best of Gigapack 1 & 2	CD 1 -> DMA 30 -> Sample	DMa:RY-30     50	
Best Service	The Best of Gigapack 1 & 2	CD 1 -> DMA 30 -> Sample	DMa:RY-30     51	
Best Service	The Best of Gigapack 1 & 2	CD 1 -> DMA 30 -> Sample	DMa:RY-30     52	
Best Service	The Best of Gigapack 1 & 2	CD 1 -> DMA 30 -> Sample	DMa:RY-30     53	
Best Service	The Best of Gigapack 1 & 2	CD 1 -> DMA 30 -> Sample	DMa:RY-30     55	
Best Service	The Best of Gigapack 1 & 2	CD 1 -> DMA 30 -> Sample	DMa:RY-30     56	
Best Service	The Best of Gigapack 1 & 2	CD 1 -> DMA 30 -> Sample	DMa:RY-30     57	
Best Service	The Best of Gigapack 1 & 2	CD 1 -> DMA 30 -> Sample	DMa:RY-30     58	
Best Service	The Best of Gigapack 1 & 2	CD 1 -> DMA 30 -> Sample	DMa:RY-30     59	
Best Service	The Best of Gigapack 1 & 2	CD 1 -> DMA 30 -> Sample	DMa:RY-30     60	
Best Service	The Best of Gigapack 1 & 2	CD 1 -> DMA 30 -> Sample	DMa:RY-30     61	
Best Service	The Best of Gigapack 1 & 2	CD 1 -> DMA 30 -> Sample	DMa:RY-30     62	
Best Service	The Best of Gigapack 1 & 2	CD 1 -> DMA 30 -> Sample	DMa:RY-30     63	
Best Service	The Best of Gigapack 1 & 2	CD 1 -> DMA 30 -> Sample	DMa:RY-30     64	
Best Service	The Best of Gigapack 1 & 2	CD 1 -> DMA 30 -> Sample	DMa:RY-30     65	
Best Service	The Best of Gigapack 1 & 2	CD 1 -> DMA 30 -> Sample	DMa:RY-30     66	
Best Service	The Best of Gigapack 1 & 2	CD 1 -> DMA 30 -> Sample	DMa:RY-30     67	
Best Service	The Best of Gigapack 1 & 2	CD 1 -> DMA 30 -> Sample	DMa:RY-30     68	
Best Service	The Best of Gigapack 1 & 2	CD 1 -> DMA 30 -> Sample	DMa:RY-30     69	
Best Service	The Best of Gigapack 1 & 2	CD 1 -> DMA 30 -> Sample	DMa:RY-30     70	
Best Service	The Best of Gigapack 1 & 2	CD 1 -> DMA 30 -> Sample	DMa:RY-30     71	
Best Service	The Best of Gigapack 1 & 2	CD 1 -> DMA 30 -> Sample	DMa:RY-30     72	
Best Service	The Best of Gigapack 1 & 2	CD 1 -> DMA 30 -> Sample	DMa:RY-30     73	
Best Service	The Best of Gigapack 1 & 2	CD 1 -> DMA 30 -> Sample	DMa:RY-30     74	
Best Service	The Best of Gigapack 1 & 2	CD 1 -> DMA 30 -> Sample	DMa:RY-30     75	
Best Service	The Best of Gigapack 1 & 2	CD 1 -> DMA 30 -> Sample	DMa:RY-30     76	
Best Service	The Best of Gigapack 1 & 2	CD 1 -> DMA 30 -> Sample	DMa:RY-30     77	
Best Service	The Best of Gigapack 1 & 2	CD 1 -> DMA 30 -> Sample	DMa:RY-30     78	
Best Service	The Best of Gigapack 1 & 2	CD 1 -> DMA 30 -> Sample	DMa:RY-30     79	
Best Service	The Best of Gigapack 1 & 2	CD 1 -> DMA 30 -> Sample	DMa:RY-30     80	
Best Service	The Best of Gigapack 1 & 2	CD 1 -> DMA 30 -> Sample	DMa:RY-30     81	
Best Service	The Best of Gigapack 1 & 2	CD 1 -> DMA 30 -> Sample	DMa:RY-30     82	
Best Service	The Best of Gigapack 1 & 2	CD 1 -> DMA 30 -> Sample	DMa:RY-30     83	
Best Service	The Best of Gigapack 1 & 2	CD 1 -> DMA 30 -> Sample	DMa:RY-30     84	
Best Service	The Best of Gigapack 1 & 2	CD 1 -> DMA 30 -> Sample	DMa:RY-30      2	
Best Service	The Best of Gigapack 1 & 2	CD 1 -> DMA 30 -> Sample	DMa:RY-30      3	
Best Service	The Best of Gigapack 1 & 2	CD 1 -> DMA 30 -> Sample	DMa:RY-30      4	
Best Service	The Best of Gigapack 1 & 2	CD 1 -> DMA 30 -> Sample	DMa:RY-30      5	
Best Service	The Best of Gigapack 1 & 2	CD 1 -> DMA 30 -> Sample	DMa:RY-30      6	
Best Service	The Best of Gigapack 1 & 2	CD 1 -> DMA 30 -> Sample	DMa:RY-30      7	
Best Service	The Best of Gigapack 1 & 2	CD 1 -> DMA 30 -> Sample	DMa:RY-30      8	
Best Service	The Best of Gigapack 1 & 2	CD 1 -> DMA 30 -> Sample	DMa:RY-30      9	
Best Service	The Best of Gigapack 1 & 2	CD 1 -> DMA 30 -> Sample	DMa:RY-30     10	
Best Service	The Best of Gigapack 1 & 2	CD 1 -> DMA 30 -> Sample	DMa:RY-30     11	
Best Service	The Best of Gigapack 1 & 2	CD 1 -> DMA 30 -> Sample	DMa:RY-30     12	
Best Service	The Best of Gigapack 1 & 2	CD 1 -> DMA 30 -> Sample	DMa:RY-30     15	
Best Service	The Best of Gigapack 1 & 2	CD 1 -> DMA 30 -> Sample	DMa:RY-30     16	
Best Service	The Best of Gigapack 1 & 2	CD 1 -> DMA 30 -> Sample	DMa:RY-30     17	
Best Service	The Best of Gigapack 1 & 2	CD 1 -> DMA 30 -> Sample	DMa:RY-30     18	
Best Service	The Best of Gigapack 1 & 2	CD 1 -> DMA 30 -> Sample	DMa:RY-30     19	
Best Service	The Best of Gigapack 1 & 2	CD 1 -> DMA 30 -> Sample	DMa:RY-30     20	
Best Service	The Best of Gigapack 1 & 2	CD 1 -> DMA 30 -> Sample	DMa:RY-30     21	
Best Service	The Best of Gigapack 1 & 2	CD 1 -> DMA 30 -> Sample	DMa:RY-30     22	
Best Service	The Best of Gigapack 1 & 2	CD 1 -> DMA 30 -> Sample	DMa:RY-30     23	
Best Service	The Best of Gigapack 1 & 2	CD 1 -> DMA 30 -> Sample	DMa:RY-30     24	
Best Service	The Best of Gigapack 1 & 2	CD 1 -> DMA 30 -> Sample	DMa:RY-30     25	
Best Service	The Best of Gigapack 1 & 2	CD 1 -> DMA 30 -> Sample	DMa:RY-30     26	
Best Service	The Best of Gigapack 1 & 2	CD 1 -> DMA 30 -> Sample	DMa:RY-30     27	
Best Service	The Best of Gigapack 1 & 2	CD 1 -> DMA 30 -> Sample	DMa:RY-30     28	
Best Service	The Best of Gigapack 1 & 2	CD 1 -> DMA 30 -> Sample	DMa:RY-30     29	
Best Service	The Best of Gigapack 1 & 2	CD 1 -> DMA 30 -> Sample	DMa:RY-30     31	
Best Service	The Best of Gigapack 1 & 2	CD 1 -> DMA 31 -> Program	DMa:K  SP-12	
Best Service	The Best of Gigapack 1 & 2	CD 1 -> DMA 31 -> Program	DMa:Rest SP-12	
Best Service	The Best of Gigapack 1 & 2	CD 1 -> DMA 31 -> Program	DMa:BD SP-12	
Best Service	The Best of Gigapack 1 & 2	CD 1 -> DMA 31 -> Program	DMa:SD SP-12	
Best Service	The Best of Gigapack 1 & 2	CD 1 -> DMA 31 -> Sample	DMa:SP-12 1    9	
Best Service	The Best of Gigapack 1 & 2	CD 1 -> DMA 31 -> Sample	DMa:SP-12 1   55	
Best Service	The Best of Gigapack 1 & 2	CD 1 -> DMA 31 -> Sample	DMa:SP-12 1   10	
Best Service	The Best of Gigapack 1 & 2	CD 1 -> DMA 31 -> Sample	DMa:SP-12 1   40	
Best Service	The Best of Gigapack 1 & 2	CD 1 -> DMA 31 -> Sample	DMa:SP-12 1   36	
Best Service	The Best of Gigapack 1 & 2	CD 1 -> DMA 31 -> Sample	DMa:SP-12 1    6	
Best Service	The Best of Gigapack 1 & 2	CD 1 -> DMA 31 -> Sample	DMa:SP-12 1   35	
Best Service	The Best of Gigapack 1 & 2	CD 1 -> DMA 31 -> Sample	DMa:SP-12 1    7	
Best Service	The Best of Gigapack 1 & 2	CD 1 -> DMA 31 -> Sample	DMa:SP-12 1   34	
Best Service	The Best of Gigapack 1 & 2	CD 1 -> DMA 31 -> Sample	DMa:SP-12 1    8	
Best Service	The Best of Gigapack 1 & 2	CD 1 -> DMA 31 -> Sample	DMa:SP-12 1   33	
Best Service	The Best of Gigapack 1 & 2	CD 1 -> DMA 31 -> Sample	DMa:DrumTracks 6	
Best Service	The Best of Gigapack 1 & 2	CD 1 -> DMA 31 -> Sample	DMa:DrumTracks 7	
Best Service	The Best of Gigapack 1 & 2	CD 1 -> DMA 31 -> Sample	DMa:SP-12 1   13	
Best Service	The Best of Gigapack 1 & 2	CD 1 -> DMA 31 -> Sample	DMa:SP-12 1   20	
Best Service	The Best of Gigapack 1 & 2	CD 1 -> DMA 31 -> Sample	DMa:SP-12 1   21	
Best Service	The Best of Gigapack 1 & 2	CD 1 -> DMA 31 -> Sample	DMa:SP-12 1   22	
Best Service	The Best of Gigapack 1 & 2	CD 1 -> DMA 31 -> Sample	DMa:SP-12 1   23	
Best Service	The Best of Gigapack 1 & 2	CD 1 -> DMA 31 -> Sample	DMa:SP-12 1   24	
Best Service	The Best of Gigapack 1 & 2	CD 1 -> DMA 31 -> Sample	DMa:SP-12 1   25	
Best Service	The Best of Gigapack 1 & 2	CD 1 -> DMA 31 -> Sample	DMa:SP-12 1   26	
Best Service	The Best of Gigapack 1 & 2	CD 1 -> DMA 31 -> Sample	DMa:SP-12 1   48	
Best Service	The Best of Gigapack 1 & 2	CD 1 -> DMA 31 -> Sample	DMa:SP-12 1   53	
Best Service	The Best of Gigapack 1 & 2	CD 1 -> DMA 31 -> Sample	DMa:SP-12 1   54	
Best Service	The Best of Gigapack 1 & 2	CD 1 -> DMA 31 -> Sample	DMa:SP-12 1   56	
Best Service	The Best of Gigapack 1 & 2	CD 1 -> DMA 31 -> Sample	DMa:SP-12 1   57	
Best Service	The Best of Gigapack 1 & 2	CD 1 -> DMA 31 -> Sample	DMa:SP-12 1   58	
Best Service	The Best of Gigapack 1 & 2	CD 1 -> DMA 31 -> Sample	DMa:SP-12 1   59	
Best Service	The Best of Gigapack 1 & 2	CD 1 -> DMA 31 -> Sample	DMa:SP-12 1   60	
Best Service	The Best of Gigapack 1 & 2	CD 1 -> DMA 31 -> Sample	DMa:SP-12 1   61	
Best Service	The Best of Gigapack 1 & 2	CD 1 -> DMA 31 -> Sample	DMa:SP-12 1   62	
Best Service	The Best of Gigapack 1 & 2	CD 1 -> DMA 31 -> Sample	DMa:SP-12 1   63	
Best Service	The Best of Gigapack 1 & 2	CD 1 -> DMA 31 -> Sample	DMa:SP-12 1   64	
Best Service	The Best of Gigapack 1 & 2	CD 1 -> DMA 31 -> Sample	DMa:SP-12 1   69	
Best Service	The Best of Gigapack 1 & 2	CD 1 -> DMA 31 -> Sample	DMa:SP-12 1   70	
Best Service	The Best of Gigapack 1 & 2	CD 1 -> DMA 31 -> Sample	DMa:SP-12 1   71	
Best Service	The Best of Gigapack 1 & 2	CD 1 -> DMA 31 -> Sample	DMa:SP-12 1   74	
Best Service	The Best of Gigapack 1 & 2	CD 1 -> DMA 31 -> Sample	DMa:SP-12 1   75	
Best Service	The Best of Gigapack 1 & 2	CD 1 -> DMA 31 -> Sample	DMa:SP-12 1   76	
Best Service	The Best of Gigapack 1 & 2	CD 1 -> DMA 31 -> Sample	DMa:SP-12 1    1	
Best Service	The Best of Gigapack 1 & 2	CD 1 -> DMA 31 -> Sample	DMa:SP-12 1    3	
Best Service	The Best of Gigapack 1 & 2	CD 1 -> DMA 31 -> Sample	DMa:SP-12 1    4	
Best Service	The Best of Gigapack 1 & 2	CD 1 -> DMA 31 -> Sample	DMa:SP-12 1    5	
Best Service	The Best of Gigapack 1 & 2	CD 1 -> DMA 31 -> Sample	DMa:SP-12 1   16	
Best Service	The Best of Gigapack 1 & 2	CD 1 -> DMA 31 -> Sample	DMa:SP-12 1   27	
Best Service	The Best of Gigapack 1 & 2	CD 1 -> DMA 31 -> Sample	DMa:SP-12 1   28	
Best Service	The Best of Gigapack 1 & 2	CD 1 -> DMA 31 -> Sample	DMa:SP-12 1   42	
Best Service	The Best of Gigapack 1 & 2	CD 1 -> DMA 31 -> Sample	DMa:SP-12 1   43	
Best Service	The Best of Gigapack 1 & 2	CD 1 -> DMA 31 -> Sample	DMa:SP-12 1   44	
Best Service	The Best of Gigapack 1 & 2	CD 1 -> DMA 31 -> Sample	DMa:SP-12 1   49	
Best Service	The Best of Gigapack 1 & 2	CD 1 -> DMA 31 -> Sample	DMa:SP-12 1   50	
Best Service	The Best of Gigapack 1 & 2	CD 1 -> DMA 31 -> Sample	DMa:SP-12 1    2	
Best Service	The Best of Gigapack 1 & 2	CD 1 -> DMA 31 -> Sample	DMa:SP-12 1   11	
Best Service	The Best of Gigapack 1 & 2	CD 1 -> DMA 31 -> Sample	DMa:SP-12 1   12	
Best Service	The Best of Gigapack 1 & 2	CD 1 -> DMA 31 -> Sample	DMa:SP-12 1   17	
Best Service	The Best of Gigapack 1 & 2	CD 1 -> DMA 31 -> Sample	DMa:SP-12 1   18	
Best Service	The Best of Gigapack 1 & 2	CD 1 -> DMA 31 -> Sample	DMa:SP-12 1   19	
Best Service	The Best of Gigapack 1 & 2	CD 1 -> DMA 31 -> Sample	DMa:SP-12 1   29	
Best Service	The Best of Gigapack 1 & 2	CD 1 -> DMA 31 -> Sample	DMa:SP-12 1   30	
Best Service	The Best of Gigapack 1 & 2	CD 1 -> DMA 31 -> Sample	DMa:SP-12 1   31	
Best Service	The Best of Gigapack 1 & 2	CD 1 -> DMA 31 -> Sample	DMa:SP-12 1   32	
Best Service	The Best of Gigapack 1 & 2	CD 1 -> DMA 31 -> Sample	DMa:SP-12 1   45	
Best Service	The Best of Gigapack 1 & 2	CD 1 -> DMA 31 -> Sample	DMa:SP-12 1   46	
Best Service	The Best of Gigapack 1 & 2	CD 1 -> DMA 31 -> Sample	DMa:SP-12 1   47	
Best Service	The Best of Gigapack 1 & 2	CD 1 -> DMA 31 -> Sample	DMa:SP-12 1   51	
Best Service	The Best of Gigapack 1 & 2	CD 1 -> DMA 31 -> Sample	DMa:SP-12 1   52	
Best Service	The Best of Gigapack 1 & 2	CD 1 -> DMA 31 -> Sample	DMa:SP-12 1   14	
Best Service	The Best of Gigapack 1 & 2	CD 1 -> DMA 31 -> Sample	DMa:SP-12 1   15	
Best Service	The Best of Gigapack 1 & 2	CD 1 -> DMA 31 -> Sample	DMa:SP-12 1   72	
Best Service	The Best of Gigapack 1 & 2	CD 1 -> DMA 31 -> Sample	DMa:SP-12 1   73	
Best Service	The Best of Gigapack 1 & 2	CD 1 -> DMA 31 -> Sample	DMa:SP-12 1   41	
Best Service	The Best of Gigapack 1 & 2	CD 1 -> DMA 31 -> Sample	DMa:SP-12 1   68	
Best Service	The Best of Gigapack 1 & 2	CD 1 -> DMA 32 -> Program	DMa:K-SPD	
Best Service	The Best of Gigapack 1 & 2	CD 1 -> DMA 32 -> Program	DMa:Rest SPD-8	
Best Service	The Best of Gigapack 1 & 2	CD 1 -> DMA 32 -> Program	DMa:BD SPD-8	
Best Service	The Best of Gigapack 1 & 2	CD 1 -> DMA 32 -> Program	DMa:SD SPD-8	
Best Service	The Best of Gigapack 1 & 2	CD 1 -> DMA 32 -> Sample	DMa:SPD-8      1	
Best Service	The Best of Gigapack 1 & 2	CD 1 -> DMA 32 -> Sample	DMa:SPD-8      9	
Best Service	The Best of Gigapack 1 & 2	CD 1 -> DMA 32 -> Sample	DMa:SPD-8     18	
Best Service	The Best of Gigapack 1 & 2	CD 1 -> DMA 32 -> Sample	DMa:SPD-8     10	
Best Service	The Best of Gigapack 1 & 2	CD 1 -> DMA 32 -> Sample	DMa:SPD-8     16	
Best Service	The Best of Gigapack 1 & 2	CD 1 -> DMA 32 -> Sample	DMa:SPD-8     17	
Best Service	The Best of Gigapack 1 & 2	CD 1 -> DMA 32 -> Sample	DMa:SPD-8     22	
Best Service	The Best of Gigapack 1 & 2	CD 1 -> DMA 32 -> Sample	DMa:SPD-8     19	
Best Service	The Best of Gigapack 1 & 2	CD 1 -> DMA 32 -> Sample	DMa:SPD-8     20	
Best Service	The Best of Gigapack 1 & 2	CD 1 -> DMA 32 -> Sample	DMa:SPD-8     21	
Best Service	The Best of Gigapack 1 & 2	CD 1 -> DMA 32 -> Sample	DMa:SPD-8     23	
Best Service	The Best of Gigapack 1 & 2	CD 1 -> DMA 32 -> Sample	DMa:SPD-8     24	
Best Service	The Best of Gigapack 1 & 2	CD 1 -> DMA 32 -> Sample	DMa:SPD-8     25	
Best Service	The Best of Gigapack 1 & 2	CD 1 -> DMA 32 -> Sample	DMa:SPD-8     26	
Best Service	The Best of Gigapack 1 & 2	CD 1 -> DMA 32 -> Sample	DMa:SPD-8     27	
Best Service	The Best of Gigapack 1 & 2	CD 1 -> DMA 32 -> Sample	DMa:SPD-8     28	
Best Service	The Best of Gigapack 1 & 2	CD 1 -> DMA 32 -> Sample	DMa:SPD-8     29	
Best Service	The Best of Gigapack 1 & 2	CD 1 -> DMA 32 -> Sample	DMa:SPD-8     30	
Best Service	The Best of Gigapack 1 & 2	CD 1 -> DMA 32 -> Sample	DMa:SPD-8     15	
Best Service	The Best of Gigapack 1 & 2	CD 1 -> DMA 32 -> Sample	DMa:SPD-8      2	
Best Service	The Best of Gigapack 1 & 2	CD 1 -> DMA 32 -> Sample	DMa:SPD-8      3	
Best Service	The Best of Gigapack 1 & 2	CD 1 -> DMA 32 -> Sample	DMa:SPD-8      4	
Best Service	The Best of Gigapack 1 & 2	CD 1 -> DMA 32 -> Sample	DMa:SPD-8      5	
Best Service	The Best of Gigapack 1 & 2	CD 1 -> DMA 32 -> Sample	DMa:SPD-8      6	
Best Service	The Best of Gigapack 1 & 2	CD 1 -> DMA 32 -> Sample	DMa:SPD-8      7	
Best Service	The Best of Gigapack 1 & 2	CD 1 -> DMA 32 -> Sample	DMa:SPD-8      8	
Best Service	The Best of Gigapack 1 & 2	CD 1 -> DMA 32 -> Sample	DMa:SPD-8     11	
Best Service	The Best of Gigapack 1 & 2	CD 1 -> DMA 32 -> Sample	DMa:SPD-8     12	
Best Service	The Best of Gigapack 1 & 2	CD 1 -> DMA 32 -> Sample	DMa:SPD-8     13	
Best Service	The Best of Gigapack 1 & 2	CD 1 -> DMA 32 -> Sample	DMa:SPD-8     14	
Best Service	The Best of Gigapack 1 & 2	CD 1 -> DMA 33 -> Program	DMa:K  RZ-1	
Best Service	The Best of Gigapack 1 & 2	CD 1 -> DMA 33 -> Sample	DMa:BD RZ1	
Best Service	The Best of Gigapack 1 & 2	CD 1 -> DMA 33 -> Sample	DMa:SDRimRZ1	
Best Service	The Best of Gigapack 1 & 2	CD 1 -> DMA 33 -> Sample	DMa:SD RZ1	
Best Service	The Best of Gigapack 1 & 2	CD 1 -> DMA 33 -> Sample	DMa:ClapRZ1	
Best Service	The Best of Gigapack 1 & 2	CD 1 -> DMA 33 -> Sample	DMa:Tom2RZ1	
Best Service	The Best of Gigapack 1 & 2	CD 1 -> DMA 33 -> Sample	DMa:HH RZ1	
Best Service	The Best of Gigapack 1 & 2	CD 1 -> DMA 33 -> Sample	DMa:Cym RZ1	
Best Service	The Best of Gigapack 1 & 2	CD 1 -> DMA 33 -> Sample	DMa:Tom1RZ1	
Best Service	The Best of Gigapack 1 & 2	CD 1 -> DMA 33 -> Sample	DMa:Cym3RZ1	
Best Service	The Best of Gigapack 1 & 2	CD 1 -> DMA 33 -> Sample	DMa:Cym2RZ1	
Best Service	The Best of Gigapack 1 & 2	CD 1 -> DMA 33 -> Sample	DMa:Cow RZ1	
Best Service	The Best of Gigapack 1 & 2	CD 1 -> DMA 34 -> Program	DMa:K TR-505	
Best Service	The Best of Gigapack 1 & 2	CD 1 -> DMA 34 -> Sample	DMa:TR-505     1	
Best Service	The Best of Gigapack 1 & 2	CD 1 -> DMA 34 -> Sample	DMa:TR-505     6	
Best Service	The Best of Gigapack 1 & 2	CD 1 -> DMA 34 -> Sample	DMa:TR-505     2	
Best Service	The Best of Gigapack 1 & 2	CD 1 -> DMA 34 -> Sample	DMa:TR-505    14	
Best Service	The Best of Gigapack 1 & 2	CD 1 -> DMA 34 -> Sample	DMa:TR-505     3	
Best Service	The Best of Gigapack 1 & 2	CD 1 -> DMA 34 -> Sample	DMa:TR-505     7	
Best Service	The Best of Gigapack 1 & 2	CD 1 -> DMA 34 -> Sample	DMa:TR-505     4	
Best Service	The Best of Gigapack 1 & 2	CD 1 -> DMA 34 -> Sample	DMa:TR-505     8	
Best Service	The Best of Gigapack 1 & 2	CD 1 -> DMA 34 -> Sample	DMa:TR-505     5	
Best Service	The Best of Gigapack 1 & 2	CD 1 -> DMA 34 -> Sample	DMa:TR-505    16	
Best Service	The Best of Gigapack 1 & 2	CD 1 -> DMA 34 -> Sample	DMa:TR-505    15	
Best Service	The Best of Gigapack 1 & 2	CD 1 -> DMA 34 -> Sample	DMa:TR-505     9	
Best Service	The Best of Gigapack 1 & 2	CD 1 -> DMA 34 -> Sample	DMa:TR-505    10	
Best Service	The Best of Gigapack 1 & 2	CD 1 -> DMA 34 -> Sample	DMa:TR-505    11	
Best Service	The Best of Gigapack 1 & 2	CD 1 -> DMA 34 -> Sample	DMa:TR-505    12	
Best Service	The Best of Gigapack 1 & 2	CD 1 -> DMA 34 -> Sample	DMa:TR-505    13	
Best Service	The Best of Gigapack 1 & 2	CD 1 -> DMA 35 -> Program	DMa:K TR-727	
Best Service	The Best of Gigapack 1 & 2	CD 1 -> DMA 35 -> Sample	DMa:727   o    1	
Best Service	The Best of Gigapack 1 & 2	CD 1 -> DMA 35 -> Sample	DMa:727   o    2	
Best Service	The Best of Gigapack 1 & 2	CD 1 -> DMA 35 -> Sample	DMa:727   o    3	
Best Service	The Best of Gigapack 1 & 2	CD 1 -> DMA 35 -> Sample	DMa:727   o    4	
Best Service	The Best of Gigapack 1 & 2	CD 1 -> DMA 35 -> Sample	DMa:727   o    5	
Best Service	The Best of Gigapack 1 & 2	CD 1 -> DMA 35 -> Sample	DMa:727   o    6	
Best Service	The Best of Gigapack 1 & 2	CD 1 -> DMA 35 -> Sample	DMa:727   o    7	
Best Service	The Best of Gigapack 1 & 2	CD 1 -> DMA 35 -> Sample	DMa:727   o    8	
Best Service	The Best of Gigapack 1 & 2	CD 1 -> DMA 35 -> Sample	DMa:727   o    9	
Best Service	The Best of Gigapack 1 & 2	CD 1 -> DMA 35 -> Sample	DMa:727   o   10	
Best Service	The Best of Gigapack 1 & 2	CD 1 -> DMA 35 -> Sample	DMa:727   o   11	
Best Service	The Best of Gigapack 1 & 2	CD 1 -> DMA 35 -> Sample	DMa:727   o   12	
Best Service	The Best of Gigapack 1 & 2	CD 1 -> DMA 35 -> Sample	DMa:727   o   13	
Best Service	The Best of Gigapack 1 & 2	CD 1 -> DMA 35 -> Sample	DMa:727   o   14	
Best Service	The Best of Gigapack 1 & 2	CD 1 -> DMA 35 -> Sample	DMa:727   o   15	
Best Service	The Best of Gigapack 1 & 2	CD 1 -> DMA 35 -> Sample	DMa:727   o   16	
Best Service	The Best of Gigapack 1 & 2	CD 1 -> DMA 36 -> Program	DMa:K  XR-10	
Best Service	The Best of Gigapack 1 & 2	CD 1 -> DMA 36 -> Program	DMa:Rest XR-10	
Best Service	The Best of Gigapack 1 & 2	CD 1 -> DMA 36 -> Program	DMa:BD XR-10	
Best Service	The Best of Gigapack 1 & 2	CD 1 -> DMA 36 -> Program	DMa:SD XR-10	
Best Service	The Best of Gigapack 1 & 2	CD 1 -> DMA 36 -> Sample	DMa:XR-10  1	
Best Service	The Best of Gigapack 1 & 2	CD 1 -> DMA 36 -> Sample	DMa:XR-10 21	
Best Service	The Best of Gigapack 1 & 2	CD 1 -> DMA 36 -> Sample	DMa:XR-10 15	
Best Service	The Best of Gigapack 1 & 2	CD 1 -> DMA 36 -> Sample	DMa:XR-10 42	
Best Service	The Best of Gigapack 1 & 2	CD 1 -> DMA 36 -> Sample	DMa:XR-10 12	
Best Service	The Best of Gigapack 1 & 2	CD 1 -> DMA 36 -> Sample	DMa:XR-10 26	
Best Service	The Best of Gigapack 1 & 2	CD 1 -> DMA 36 -> Sample	DMa:XR-10 23	
Best Service	The Best of Gigapack 1 & 2	CD 1 -> DMA 36 -> Sample	DMa:XR-10 24	
Best Service	The Best of Gigapack 1 & 2	CD 1 -> DMA 36 -> Sample	DMa:XR-10 27	
Best Service	The Best of Gigapack 1 & 2	CD 1 -> DMA 36 -> Sample	DMa:XR-10 25	
Best Service	The Best of Gigapack 1 & 2	CD 1 -> DMA 36 -> Sample	DMa:XR-10 28	
Best Service	The Best of Gigapack 1 & 2	CD 1 -> DMA 36 -> Sample	DMa:XR-10 38	
Best Service	The Best of Gigapack 1 & 2	CD 1 -> DMA 36 -> Sample	DMa:XR-10 40	
Best Service	The Best of Gigapack 1 & 2	CD 1 -> DMA 36 -> Sample	DMa:XR-10 39	
Best Service	The Best of Gigapack 1 & 2	CD 1 -> DMA 36 -> Sample	DMa:XR-10 43	
Best Service	The Best of Gigapack 1 & 2	CD 1 -> DMA 36 -> Sample	DMa:XR-10 44	
Best Service	The Best of Gigapack 1 & 2	CD 1 -> DMA 36 -> Sample	DMa:XR-10 45	
Best Service	The Best of Gigapack 1 & 2	CD 1 -> DMA 36 -> Sample	DMa:XR-10 46	
Best Service	The Best of Gigapack 1 & 2	CD 1 -> DMA 36 -> Sample	DMa:XR-10 47	
Best Service	The Best of Gigapack 1 & 2	CD 1 -> DMA 36 -> Sample	DMa:XR-10 48	
Best Service	The Best of Gigapack 1 & 2	CD 1 -> DMA 36 -> Sample	DMa:XR-10 49	
Best Service	The Best of Gigapack 1 & 2	CD 1 -> DMA 36 -> Sample	DMa:XR-10 50	
Best Service	The Best of Gigapack 1 & 2	CD 1 -> DMA 36 -> Sample	DMa:XR-10 51	
Best Service	The Best of Gigapack 1 & 2	CD 1 -> DMA 36 -> Sample	DMa:XR-10 52	
Best Service	The Best of Gigapack 1 & 2	CD 1 -> DMA 36 -> Sample	DMa:XR-10 53	
Best Service	The Best of Gigapack 1 & 2	CD 1 -> DMA 36 -> Sample	DMa:XR-10 54	
Best Service	The Best of Gigapack 1 & 2	CD 1 -> DMA 36 -> Sample	DMa:XR-10 55	
Best Service	The Best of Gigapack 1 & 2	CD 1 -> DMA 36 -> Sample	DMa:XR-10 56	
Best Service	The Best of Gigapack 1 & 2	CD 1 -> DMA 36 -> Sample	DMa:XR-10 57	
Best Service	The Best of Gigapack 1 & 2	CD 1 -> DMA 36 -> Sample	DMa:XR-10 58	
Best Service	The Best of Gigapack 1 & 2	CD 1 -> DMA 36 -> Sample	DMa:XR-10 59	
Best Service	The Best of Gigapack 1 & 2	CD 1 -> DMA 36 -> Sample	DMa:XR-10 60	
Best Service	The Best of Gigapack 1 & 2	CD 1 -> DMA 36 -> Sample	DMa:XR-10 61	
Best Service	The Best of Gigapack 1 & 2	CD 1 -> DMA 36 -> Sample	DMa:XR-10 62	
Best Service	The Best of Gigapack 1 & 2	CD 1 -> DMA 36 -> Sample	DMa:XR-10 63	
Best Service	The Best of Gigapack 1 & 2	CD 1 -> DMA 36 -> Sample	DMa:XR-10 64	
Best Service	The Best of Gigapack 1 & 2	CD 1 -> DMA 36 -> Sample	DMa:XR-10 65	
Best Service	The Best of Gigapack 1 & 2	CD 1 -> DMA 36 -> Sample	DMa:XR-10  2	
Best Service	The Best of Gigapack 1 & 2	CD 1 -> DMA 36 -> Sample	DMa:XR-10  3	
Best Service	The Best of Gigapack 1 & 2	CD 1 -> DMA 36 -> Sample	DMa:XR-10  4	
Best Service	The Best of Gigapack 1 & 2	CD 1 -> DMA 36 -> Sample	DMa:XR-10  5	
Best Service	The Best of Gigapack 1 & 2	CD 1 -> DMA 36 -> Sample	DMa:XR-10  6	
Best Service	The Best of Gigapack 1 & 2	CD 1 -> DMA 36 -> Sample	DMa:XR-10  7	
Best Service	The Best of Gigapack 1 & 2	CD 1 -> DMA 36 -> Sample	DMa:XR-10  8	
Best Service	The Best of Gigapack 1 & 2	CD 1 -> DMA 36 -> Sample	DMa:XR-10  9	
Best Service	The Best of Gigapack 1 & 2	CD 1 -> DMA 36 -> Sample	DMa:XR-10 10	
Best Service	The Best of Gigapack 1 & 2	CD 1 -> DMA 36 -> Sample	DMa:XR-10 11	
Best Service	The Best of Gigapack 1 & 2	CD 1 -> DMA 36 -> Sample	DMa:XR-10 13	
Best Service	The Best of Gigapack 1 & 2	CD 1 -> DMA 36 -> Sample	DMa:XR-10 14	
Best Service	The Best of Gigapack 1 & 2	CD 1 -> DMA 36 -> Sample	DMa:XR-10 16	
Best Service	The Best of Gigapack 1 & 2	CD 1 -> DMA 36 -> Sample	DMa:XR-10 17	
Best Service	The Best of Gigapack 1 & 2	CD 1 -> DMA 36 -> Sample	DMa:XR-10 18	
Best Service	The Best of Gigapack 1 & 2	CD 1 -> DMA 36 -> Sample	DMa:XR-10 19	
Best Service	The Best of Gigapack 1 & 2	CD 1 -> DMA 36 -> Sample	DMa:XR-10 20	
Best Service	The Best of Gigapack 1 & 2	CD 1 -> DMA 36 -> Sample	DMa:XR-10 22	
Best Service	The Best of Gigapack 1 & 2	CD 1 -> DMA 37 -> Program	DMa:K  XD-5	
Best Service	The Best of Gigapack 1 & 2	CD 1 -> DMA 37 -> Program	DMa:Rest XD-5	
Best Service	The Best of Gigapack 1 & 2	CD 1 -> DMA 37 -> Program	DMa:BD  XD-5	
Best Service	The Best of Gigapack 1 & 2	CD 1 -> DMA 37 -> Program	DMa:SD  XD-5	
Best Service	The Best of Gigapack 1 & 2	CD 1 -> DMA 37 -> Sample	DMa:XD-5       1	
Best Service	The Best of Gigapack 1 & 2	CD 1 -> DMA 37 -> Sample	DMa:XD-5       9	
Best Service	The Best of Gigapack 1 & 2	CD 1 -> DMA 37 -> Sample	DMa:XD-5      10	
Best Service	The Best of Gigapack 1 & 2	CD 1 -> DMA 37 -> Sample	DMa:XD-5      17	
Best Service	The Best of Gigapack 1 & 2	CD 1 -> DMA 37 -> Sample	DMa:XD-5       6	
Best Service	The Best of Gigapack 1 & 2	CD 1 -> DMA 37 -> Sample	DMa:XD-5       8	
Best Service	The Best of Gigapack 1 & 2	CD 1 -> DMA 37 -> Sample	DMa:XD-5      16	
Best Service	The Best of Gigapack 1 & 2	CD 1 -> DMA 37 -> Sample	DMa:XD-5       7	
Best Service	The Best of Gigapack 1 & 2	CD 1 -> DMA 37 -> Sample	DMa:XD-5      18	
Best Service	The Best of Gigapack 1 & 2	CD 1 -> DMA 37 -> Sample	DMa:XD-5      19	
Best Service	The Best of Gigapack 1 & 2	CD 1 -> DMA 37 -> Sample	DMa:XD-5      20	
Best Service	The Best of Gigapack 1 & 2	CD 1 -> DMA 37 -> Sample	DMa:XD-5      21	
Best Service	The Best of Gigapack 1 & 2	CD 1 -> DMA 37 -> Sample	DMa:XD-5      22	
Best Service	The Best of Gigapack 1 & 2	CD 1 -> DMA 37 -> Sample	DMa:XD-5      23	
Best Service	The Best of Gigapack 1 & 2	CD 1 -> DMA 37 -> Sample	DMa:XD-5      24	
Best Service	The Best of Gigapack 1 & 2	CD 1 -> DMA 37 -> Sample	DMa:XD-5      25	
Best Service	The Best of Gigapack 1 & 2	CD 1 -> DMA 37 -> Sample	DMa:XD-5      26	
Best Service	The Best of Gigapack 1 & 2	CD 1 -> DMA 37 -> Sample	DMa:XD-5       2	
Best Service	The Best of Gigapack 1 & 2	CD 1 -> DMA 37 -> Sample	DMa:XD-5       3	
Best Service	The Best of Gigapack 1 & 2	CD 1 -> DMA 37 -> Sample	DMa:XD-5       4	
Best Service	The Best of Gigapack 1 & 2	CD 1 -> DMA 37 -> Sample	DMa:XD-5       5	
Best Service	The Best of Gigapack 1 & 2	CD 1 -> DMA 37 -> Sample	DMa:XD-5      11	
Best Service	The Best of Gigapack 1 & 2	CD 1 -> DMA 37 -> Sample	DMa:XD-5      12	
Best Service	The Best of Gigapack 1 & 2	CD 1 -> DMA 37 -> Sample	DMa:XD-5      13	
Best Service	The Best of Gigapack 1 & 2	CD 1 -> DMA 37 -> Sample	DMa:XD-5      14	
Best Service	The Best of Gigapack 1 & 2	CD 1 -> DMA 37 -> Sample	DMa:XD-5      15	
Best Service	The Best of Gigapack 1 & 2	CD 1 -> GUIL080 -> Program	GUI: 80  Maj+Min	
Best Service	The Best of Gigapack 1 & 2	CD 1 -> GUIL080 -> Sample	GUI:Eddy080 1.1E	
Best Service	The Best of Gigapack 1 & 2	CD 1 -> GUIL080 -> Sample	GUI:Eddy080 1.1F	
Best Service	The Best of Gigapack 1 & 2	CD 1 -> GUIL080 -> Sample	GUI:Eddy080 1.1G	
Best Service	The Best of Gigapack 1 & 2	CD 1 -> GUIL080 -> Sample	GUI:Eddy080 1.1A	
Best Service	The Best of Gigapack 1 & 2	CD 1 -> GUIL080 -> Sample	GUI:Eddy080 1.1B	
Best Service	The Best of Gigapack 1 & 2	CD 1 -> GUIL080 -> Sample	GUI:Eddy080 1.1C	
Best Service	The Best of Gigapack 1 & 2	CD 1 -> GUIL080 -> Sample	GUI:Eddy080 1.1D	
Best Service	The Best of Gigapack 1 & 2	CD 1 -> GUIL080 -> Sample	GUI:Eddy080 1.2E	
Best Service	The Best of Gigapack 1 & 2	CD 1 -> GUIL080 -> Sample	GUI:Eddy080 1.2F	
Best Service	The Best of Gigapack 1 & 2	CD 1 -> GUIL080 -> Sample	GUI:Eddy080 1.2G	
Best Service	The Best of Gigapack 1 & 2	CD 1 -> GUIL080 -> Sample	GUI:Eddy080 1.2A	
Best Service	The Best of Gigapack 1 & 2	CD 1 -> GUIL080 -> Sample	GUI:Eddy080 1.2B	
Best Service	The Best of Gigapack 1 & 2	CD 1 -> GUIL080 -> Sample	GUI:Eddy080 1.2C	
Best Service	The Best of Gigapack 1 & 2	CD 1 -> GUIL080 -> Sample	GUI:Eddy080 1.2D	
Best Service	The Best of Gigapack 1 & 2	CD 1 -> GUIL090A -> Program	GUI: 90 Bpm  1	
Best Service	The Best of Gigapack 1 & 2	CD 1 -> GUIL090A -> Program	GUI: 90 Bpm  2	
Best Service	The Best of Gigapack 1 & 2	CD 1 -> GUIL090A -> Sample	GUI:Eddy 90 L1E	
Best Service	The Best of Gigapack 1 & 2	CD 1 -> GUIL090A -> Sample	GUI:Eddy 90 L1F	
Best Service	The Best of Gigapack 1 & 2	CD 1 -> GUIL090A -> Sample	GUI:Eddy 90 L1F#	
Best Service	The Best of Gigapack 1 & 2	CD 1 -> GUIL090A -> Sample	GUI:Eddy 90 L1G	
Best Service	The Best of Gigapack 1 & 2	CD 1 -> GUIL090A -> Sample	GUI:Eddy 90 L1G#	
Best Service	The Best of Gigapack 1 & 2	CD 1 -> GUIL090A -> Sample	GUI:Eddy 90 L1A	
Best Service	The Best of Gigapack 1 & 2	CD 1 -> GUIL090A -> Sample	GUI:Eddy 90 L1A#	
Best Service	The Best of Gigapack 1 & 2	CD 1 -> GUIL090A -> Sample	GUI:Eddy 90 L1B	
Best Service	The Best of Gigapack 1 & 2	CD 1 -> GUIL090A -> Sample	GUI:Eddy 90 L1C	
Best Service	The Best of Gigapack 1 & 2	CD 1 -> GUIL090A -> Sample	GUI:Eddy 90 L1C#	
Best Service	The Best of Gigapack 1 & 2	CD 1 -> GUIL090A -> Sample	GUI:Eddy 90 L1D	
Best Service	The Best of Gigapack 1 & 2	CD 1 -> GUIL090A -> Sample	GUI:Eddy 90 L1D#	
Best Service	The Best of Gigapack 1 & 2	CD 1 -> GUIL090A -> Sample	GUI:Eddy 90 L1E2	
Best Service	The Best of Gigapack 1 & 2	CD 1 -> GUIL090A -> Sample	GUI:Eddy 090  06	
Best Service	The Best of Gigapack 1 & 2	CD 1 -> GUIL090A -> Sample	GUI:Eddy 090  07	
Best Service	The Best of Gigapack 1 & 2	CD 1 -> GUIL090A -> Sample	GUI:Eddy 090  08	
Best Service	The Best of Gigapack 1 & 2	CD 1 -> GUIL090A -> Sample	GUI:Eddy 090  09	
Best Service	The Best of Gigapack 1 & 2	CD 1 -> GUIL090A -> Sample	GUI:Eddy 090  03	
Best Service	The Best of Gigapack 1 & 2	CD 1 -> GUIL090A -> Sample	GUI:Eddy 090  04	
Best Service	The Best of Gigapack 1 & 2	CD 1 -> GUIL090A -> Sample	GUI:Eddy 090  05	
Best Service	The Best of Gigapack 1 & 2	CD 1 -> GUIL090B -> Program	GUI: 90 Bpm  3	
Best Service	The Best of Gigapack 1 & 2	CD 1 -> GUIL090B -> Program	GUI: 90 Bpm  4	
Best Service	The Best of Gigapack 1 & 2	CD 1 -> GUIL090B -> Sample	GUI:Eddy 090E310	
Best Service	The Best of Gigapack 1 & 2	CD 1 -> GUIL090B -> Sample	GUI:Eddy 090F 10	
Best Service	The Best of Gigapack 1 & 2	CD 1 -> GUIL090B -> Sample	GUI:Eddy 090F#10	
Best Service	The Best of Gigapack 1 & 2	CD 1 -> GUIL090B -> Sample	GUI:Eddy 090G 10	
Best Service	The Best of Gigapack 1 & 2	CD 1 -> GUIL090B -> Sample	GUI:Eddy 090G#10	
Best Service	The Best of Gigapack 1 & 2	CD 1 -> GUIL090B -> Sample	GUI:Eddy 090A 10	
Best Service	The Best of Gigapack 1 & 2	CD 1 -> GUIL090B -> Sample	GUI:Eddy 090A#10	
Best Service	The Best of Gigapack 1 & 2	CD 1 -> GUIL090B -> Sample	GUI:Eddy 090B 10	
Best Service	The Best of Gigapack 1 & 2	CD 1 -> GUIL090B -> Sample	GUI:Eddy 090 c10	
Best Service	The Best of Gigapack 1 & 2	CD 1 -> GUIL090B -> Sample	GUI:Eddy 090C#10	
Best Service	The Best of Gigapack 1 & 2	CD 1 -> GUIL090B -> Sample	GUI:Eddy 090D 10	
Best Service	The Best of Gigapack 1 & 2	CD 1 -> GUIL090B -> Sample	GUI:Eddy 090D#10	
Best Service	The Best of Gigapack 1 & 2	CD 1 -> GUIL090B -> Sample	GUI:Eddy 090E 10	
Best Service	The Best of Gigapack 1 & 2	CD 1 -> GUIL090B -> Sample	GUI:Eddy 090c 16	
Best Service	The Best of Gigapack 1 & 2	CD 1 -> GUIL090B -> Sample	GUI:Eddy 090d 16	
Best Service	The Best of Gigapack 1 & 2	CD 1 -> GUIL090B -> Sample	GUI:Eddy 090e 16	
Best Service	The Best of Gigapack 1 & 2	CD 1 -> GUIL090B -> Sample	GUI:Eddy 090f 16	
Best Service	The Best of Gigapack 1 & 2	CD 1 -> GUIL090B -> Sample	GUI:Eddy 090g 16	
Best Service	The Best of Gigapack 1 & 2	CD 1 -> GUIL090B -> Sample	GUI:Eddy 090a 16	
Best Service	The Best of Gigapack 1 & 2	CD 1 -> GUIL090B -> Sample	GUI:Eddy 090b 16	
Best Service	The Best of Gigapack 1 & 2	CD 1 -> GUIL090C -> Program	GUI: 90 Bpm  5	
Best Service	The Best of Gigapack 1 & 2	CD 1 -> GUIL090C -> Sample	GUI:Eddy 090et17	
Best Service	The Best of Gigapack 1 & 2	CD 1 -> GUIL090C -> Sample	GUI:Eddy 090f 17	
Best Service	The Best of Gigapack 1 & 2	CD 1 -> GUIL090C -> Sample	GUI:Eddy 090g 17	
Best Service	The Best of Gigapack 1 & 2	CD 1 -> GUIL090C -> Sample	GUI:Eddy 090a 17	
Best Service	The Best of Gigapack 1 & 2	CD 1 -> GUIL090C -> Sample	GUI:Eddy 090b 17	
Best Service	The Best of Gigapack 1 & 2	CD 1 -> GUIL090C -> Sample	GUI:Eddy 090c 17	
Best Service	The Best of Gigapack 1 & 2	CD 1 -> GUIL090C -> Sample	GUI:Eddy 090d 17	
Best Service	The Best of Gigapack 1 & 2	CD 1 -> GUIL090C -> Sample	GUI:Eddy 090e 17	
Best Service	The Best of Gigapack 1 & 2	CD 1 -> GUIL090D -> Program	GUI: 90 Licks 1	
Best Service	The Best of Gigapack 1 & 2	CD 1 -> GUIL090D -> Program	GUI: 90 Licks 2	
Best Service	The Best of Gigapack 1 & 2	CD 1 -> GUIL090D -> Program	GUI: 90 Licks 3	
Best Service	The Best of Gigapack 1 & 2	CD 1 -> GUIL090D -> Program	GUI: 90 Licks 4	
Best Service	The Best of Gigapack 1 & 2	CD 1 -> GUIL090D -> Sample	GUI:Eddy 90 L2.1	
Best Service	The Best of Gigapack 1 & 2	CD 1 -> GUIL090D -> Sample	GUI:Eddy 90 L2.2	
Best Service	The Best of Gigapack 1 & 2	CD 1 -> GUIL090D -> Sample	GUI:Eddy 90 L2.3	
Best Service	The Best of Gigapack 1 & 2	CD 1 -> GUIL090D -> Sample	GUI:Eddy 90 L2.4	
Best Service	The Best of Gigapack 1 & 2	CD 1 -> GUIL090D -> Sample	GUI:Eddy 90 L2.5	
Best Service	The Best of Gigapack 1 & 2	CD 1 -> GUIL090D -> Sample	GUI:Eddy 90 L2.6	
Best Service	The Best of Gigapack 1 & 2	CD 1 -> GUIL090D -> Sample	GUI:Eddy 90 L1	
Best Service	The Best of Gigapack 1 & 2	CD 1 -> GUIL090D -> Sample	GUI:Eddy 90 L2	
Best Service	The Best of Gigapack 1 & 2	CD 1 -> GUIL090D -> Sample	GUI:Eddy 90 L3	
Best Service	The Best of Gigapack 1 & 2	CD 1 -> GUIL090D -> Sample	GUI:Eddy 90 L4	
Best Service	The Best of Gigapack 1 & 2	CD 1 -> GUIL090D -> Sample	GUI:Eddy 90 L5	
Best Service	The Best of Gigapack 1 & 2	CD 1 -> GUIL090D -> Sample	GUI:Eddy 90 L6	
Best Service	The Best of Gigapack 1 & 2	CD 1 -> GUIL090D -> Sample	GUI:Eddy 90 L7	
Best Service	The Best of Gigapack 1 & 2	CD 1 -> GUIL090D -> Sample	GUI:Eddy 90 L3.1	
Best Service	The Best of Gigapack 1 & 2	CD 1 -> GUIL090D -> Sample	GUI:Eddy 90 L3.2	
Best Service	The Best of Gigapack 1 & 2	CD 1 -> GUIL090D -> Sample	GUI:Eddy 90 L3.3	
Best Service	The Best of Gigapack 1 & 2	CD 1 -> GUIL090D -> Sample	GUI:Eddy 90 L3.4	
Best Service	The Best of Gigapack 1 & 2	CD 1 -> GUIL090D -> Sample	GUI:Eddy 090  01	
Best Service	The Best of Gigapack 1 & 2	CD 1 -> GUIL090D -> Sample	GUI:Eddy 090  02	
Best Service	The Best of Gigapack 1 & 2	CD 1 -> GUIL090D -> Sample	GUI:Eddy 090  11	
Best Service	The Best of Gigapack 1 & 2	CD 1 -> GUIL090D -> Sample	GUI:Eddy 090  12	
Best Service	The Best of Gigapack 1 & 2	CD 1 -> GUIL090D -> Sample	GUI:Eddy 090  15	
Best Service	The Best of Gigapack 1 & 2	CD 1 -> GUIL100A -> Program	GUI:100 Bpm  1 !	
Best Service	The Best of Gigapack 1 & 2	CD 1 -> GUIL100A -> Program	GUI:100 Bpm  2	
Best Service	The Best of Gigapack 1 & 2	CD 1 -> GUIL100A -> Sample	GUI:Eddy 100e117	
Best Service	The Best of Gigapack 1 & 2	CD 1 -> GUIL100A -> Sample	GUI:Eddy 100f 17	
Best Service	The Best of Gigapack 1 & 2	CD 1 -> GUIL100A -> Sample	GUI:Eddy 100g 17	
Best Service	The Best of Gigapack 1 & 2	CD 1 -> GUIL100A -> Sample	GUI:Eddy 100a 17	
Best Service	The Best of Gigapack 1 & 2	CD 1 -> GUIL100A -> Sample	GUI:Eddy 100b 17	
Best Service	The Best of Gigapack 1 & 2	CD 1 -> GUIL100A -> Sample	GUI:Eddy 100c 17	
Best Service	The Best of Gigapack 1 & 2	CD 1 -> GUIL100A -> Sample	GUI:Eddy 100d 17	
Best Service	The Best of Gigapack 1 & 2	CD 1 -> GUIL100A -> Sample	GUI:Eddy 100e 17	
Best Service	The Best of Gigapack 1 & 2	CD 1 -> GUIL100A -> Sample	GUI:Eddy 100 171	
Best Service	The Best of Gigapack 1 & 2	CD 1 -> GUIL100A -> Sample	GUI:Eddy 100 172	
Best Service	The Best of Gigapack 1 & 2	CD 1 -> GUIL100A -> Sample	GUI:Eddy 100 173	
Best Service	The Best of Gigapack 1 & 2	CD 1 -> GUIL100A -> Sample	GUI:Eddy 100 174	
Best Service	The Best of Gigapack 1 & 2	CD 1 -> GUIL100A -> Sample	GUI:Eddy 100 175	
Best Service	The Best of Gigapack 1 & 2	CD 1 -> GUIL100A -> Sample	GUI:Eddy 100 176	
Best Service	The Best of Gigapack 1 & 2	CD 1 -> GUIL100A -> Sample	GUI:Eddy 100 177	
Best Service	The Best of Gigapack 1 & 2	CD 1 -> GUIL100A -> Sample	GUI:Eddy 100 178	
Best Service	The Best of Gigapack 1 & 2	CD 1 -> GUIL100A -> Sample	GUI:Eddy 100 179	
Best Service	The Best of Gigapack 1 & 2	CD 1 -> GUIL100A -> Sample	GUI:Eddy 100 180	
Best Service	The Best of Gigapack 1 & 2	CD 1 -> GUIL100A -> Sample	GUI:Eddy 100 181	
Best Service	The Best of Gigapack 1 & 2	CD 1 -> GUIL100A -> Sample	GUI:Eddy 100 182	
Best Service	The Best of Gigapack 1 & 2	CD 1 -> GUIL100A -> Sample	GUI:Eddy 100 183	
Best Service	The Best of Gigapack 1 & 2	CD 1 -> GUIL100A -> Sample	GUI:Eddy 100 184	
Best Service	The Best of Gigapack 1 & 2	CD 1 -> GUIL100A -> Sample	GUI:Eddy 100 185	
Best Service	The Best of Gigapack 1 & 2	CD 1 -> GUIL100A -> Sample	GUI:Eddy 100 186	
Best Service	The Best of Gigapack 1 & 2	CD 1 -> GUIL100A -> Sample	GUI:Eddy 100e 20	
Best Service	The Best of Gigapack 1 & 2	CD 1 -> GUIL100A -> Sample	GUI:Eddy 100f 20	
Best Service	The Best of Gigapack 1 & 2	CD 1 -> GUIL100A -> Sample	GUI:Eddy 100g 20	
Best Service	The Best of Gigapack 1 & 2	CD 1 -> GUIL100A -> Sample	GUI:Eddy 100a 20	
Best Service	The Best of Gigapack 1 & 2	CD 1 -> GUIL100A -> Sample	GUI:Eddy 100b 20	
Best Service	The Best of Gigapack 1 & 2	CD 1 -> GUIL100A -> Sample	GUI:Eddy 100c 20	
Best Service	The Best of Gigapack 1 & 2	CD 1 -> GUIL100A -> Sample	GUI:Eddy 100ds20	
Best Service	The Best of Gigapack 1 & 2	CD 1 -> GUIL100A -> Sample	GUI:Eddy 100eh20	
Best Service	The Best of Gigapack 1 & 2	CD 1 -> GUIL100B -> Program	GUI:100 Bpm  3	
Best Service	The Best of Gigapack 1 & 2	CD 1 -> GUIL100B -> Program	GUI:100 Bpm  4	
Best Service	The Best of Gigapack 1 & 2	CD 1 -> GUIL100B -> Sample	GUI:Eddy 100et24	
Best Service	The Best of Gigapack 1 & 2	CD 1 -> GUIL100B -> Sample	GUI:Eddy 100f 24	
Best Service	The Best of Gigapack 1 & 2	CD 1 -> GUIL100B -> Sample	GUI:Eddy 100f#24	
Best Service	The Best of Gigapack 1 & 2	CD 1 -> GUIL100B -> Sample	GUI:Eddy 100g 24	
Best Service	The Best of Gigapack 1 & 2	CD 1 -> GUIL100B -> Sample	GUI:Eddy 100g#24	
Best Service	The Best of Gigapack 1 & 2	CD 1 -> GUIL100B -> Sample	GUI:Eddy 100a 24	
Best Service	The Best of Gigapack 1 & 2	CD 1 -> GUIL100B -> Sample	GUI:Eddy 100a#24	
Best Service	The Best of Gigapack 1 & 2	CD 1 -> GUIL100B -> Sample	GUI:Eddy 100b 24	
Best Service	The Best of Gigapack 1 & 2	CD 1 -> GUIL100B -> Sample	GUI:Eddy 100c 24	
Best Service	The Best of Gigapack 1 & 2	CD 1 -> GUIL100B -> Sample	GUI:Eddy 100c#24	
Best Service	The Best of Gigapack 1 & 2	CD 1 -> GUIL100B -> Sample	GUI:Eddy 100d 24	
Best Service	The Best of Gigapack 1 & 2	CD 1 -> GUIL100B -> Sample	GUI:Eddy 100d#24	
Best Service	The Best of Gigapack 1 & 2	CD 1 -> GUIL100B -> Sample	GUI:Eddy 100e 24	
Best Service	The Best of Gigapack 1 & 2	CD 1 -> GUIL100B -> Sample	GUI:Eddy100 6 E.	
Best Service	The Best of Gigapack 1 & 2	CD 1 -> GUIL100B -> Sample	GUI:Eddy100 6 F.	
Best Service	The Best of Gigapack 1 & 2	CD 1 -> GUIL100B -> Sample	GUI:Eddy100 6#F.	
Best Service	The Best of Gigapack 1 & 2	CD 1 -> GUIL100B -> Sample	GUI:Eddy100 6 G.	
Best Service	The Best of Gigapack 1 & 2	CD 1 -> GUIL100B -> Sample	GUI:Eddy100 6#G.	
Best Service	The Best of Gigapack 1 & 2	CD 1 -> GUIL100B -> Sample	GUI:Eddy100 6 A.	
Best Service	The Best of Gigapack 1 & 2	CD 1 -> GUIL100B -> Sample	GUI:Eddy100 6.A#	
Best Service	The Best of Gigapack 1 & 2	CD 1 -> GUIL100B -> Sample	GUI:Eddy100 6.B	
Best Service	The Best of Gigapack 1 & 2	CD 1 -> GUIL100B -> Sample	GUI:Eddy100 6.C	
Best Service	The Best of Gigapack 1 & 2	CD 1 -> GUIL100B -> Sample	GUI:Eddy100 6.C#	
Best Service	The Best of Gigapack 1 & 2	CD 1 -> GUIL100B -> Sample	GUI:Eddy100 6.D	
Best Service	The Best of Gigapack 1 & 2	CD 1 -> GUIL100B -> Sample	GUI:Eddy100 6.D#	
Best Service	The Best of Gigapack 1 & 2	CD 1 -> GUIL100B -> Sample	GUI:Eddy100 6.E	
Best Service	The Best of Gigapack 1 & 2	CD 1 -> GUIL100B -> Sample	GUI:Eddy100 6.F	
Best Service	The Best of Gigapack 1 & 2	CD 1 -> GUIL100B -> Sample	GUI:Eddy100 6.F#	
Best Service	The Best of Gigapack 1 & 2	CD 1 -> GUIL100B -> Sample	GUI:Eddy100 6.G	
Best Service	The Best of Gigapack 1 & 2	CD 1 -> GUIL100B -> Sample	GUI:Eddy100 6.G#	
Best Service	The Best of Gigapack 1 & 2	CD 1 -> GUIL100B -> Sample	GUI:Eddy100 6.A	
Best Service	The Best of Gigapack 1 & 2	CD 1 -> GUIL100C -> Program	GUI:100 Bpm  5Ma	
Best Service	The Best of Gigapack 1 & 2	CD 1 -> GUIL100C -> Program	GUI:100 Bpm  5Mi	
Best Service	The Best of Gigapack 1 & 2	CD 1 -> GUIL100C -> Sample	GUI:Eddy1Du 8 F	
Best Service	The Best of Gigapack 1 & 2	CD 1 -> GUIL100C -> Sample	GUI:Eddy1Du 8 F#	
Best Service	The Best of Gigapack 1 & 2	CD 1 -> GUIL100C -> Sample	GUI:Eddy1Du 8 G	
Best Service	The Best of Gigapack 1 & 2	CD 1 -> GUIL100C -> Sample	GUI:Eddy1Du 8 G#	
Best Service	The Best of Gigapack 1 & 2	CD 1 -> GUIL100C -> Sample	GUI:Eddy1Du 8 A	
Best Service	The Best of Gigapack 1 & 2	CD 1 -> GUIL100C -> Sample	GUI:Eddy1Du 8 A#	
Best Service	The Best of Gigapack 1 & 2	CD 1 -> GUIL100C -> Sample	GUI:Eddy1Du 8 B	
Best Service	The Best of Gigapack 1 & 2	CD 1 -> GUIL100C -> Sample	GUI:Eddy1Du 8 C	
Best Service	The Best of Gigapack 1 & 2	CD 1 -> GUIL100C -> Sample	GUI:Eddy1Du 8 C#	
Best Service	The Best of Gigapack 1 & 2	CD 1 -> GUIL100C -> Sample	GUI:Eddy1Du 8 D	
Best Service	The Best of Gigapack 1 & 2	CD 1 -> GUIL100C -> Sample	GUI:Eddy1Du 8 D#	
Best Service	The Best of Gigapack 1 & 2	CD 1 -> GUIL100C -> Sample	GUI:Eddy1Du 8 E	
Best Service	The Best of Gigapack 1 & 2	CD 1 -> GUIL100C -> Sample	GUI:Eddy100 7/F	
Best Service	The Best of Gigapack 1 & 2	CD 1 -> GUIL100C -> Sample	GUI:Eddy100 7/F#	
Best Service	The Best of Gigapack 1 & 2	CD 1 -> GUIL100C -> Sample	GUI:Eddy100 7/G	
Best Service	The Best of Gigapack 1 & 2	CD 1 -> GUIL100C -> Sample	GUI:Eddy100 7/G#	
Best Service	The Best of Gigapack 1 & 2	CD 1 -> GUIL100C -> Sample	GUI:Eddy100 7.A	
Best Service	The Best of Gigapack 1 & 2	CD 1 -> GUIL100C -> Sample	GUI:Eddy100 7.A#	
Best Service	The Best of Gigapack 1 & 2	CD 1 -> GUIL100C -> Sample	GUI:Eddy100 7.B	
Best Service	The Best of Gigapack 1 & 2	CD 1 -> GUIL100C -> Sample	GUI:Eddy100 7.C	
Best Service	The Best of Gigapack 1 & 2	CD 1 -> GUIL100C -> Sample	GUI:Eddy100 7.C#	
Best Service	The Best of Gigapack 1 & 2	CD 1 -> GUIL100C -> Sample	GUI:Eddy100 7.D	
Best Service	The Best of Gigapack 1 & 2	CD 1 -> GUIL100C -> Sample	GUI:Eddy100 7.D#	
Best Service	The Best of Gigapack 1 & 2	CD 1 -> GUIL100C -> Sample	GUI:Eddy100 7.E	
Best Service	The Best of Gigapack 1 & 2	CD 1 -> GUIL100C -> Sample	GUI:Eddy100 7.F	
Best Service	The Best of Gigapack 1 & 2	CD 1 -> GUIL100C -> Sample	GUI:Eddy100 7.F#	
Best Service	The Best of Gigapack 1 & 2	CD 1 -> GUIL100C -> Sample	GUI:Eddy100 7.G	
Best Service	The Best of Gigapack 1 & 2	CD 1 -> GUIL100D -> Program	GUI:100 Licks 1	
Best Service	The Best of Gigapack 1 & 2	CD 1 -> GUIL100D -> Program	GUI:100 Licks 2	
Best Service	The Best of Gigapack 1 & 2	CD 1 -> GUIL100D -> Program	GUI:100 Licks 3	
Best Service	The Best of Gigapack 1 & 2	CD 1 -> GUIL100D -> Sample	GUI:Eddy 100  01	
Best Service	The Best of Gigapack 1 & 2	CD 1 -> GUIL100D -> Sample	GUI:Eddy 100  02	
Best Service	The Best of Gigapack 1 & 2	CD 1 -> GUIL100D -> Sample	GUI:Eddy 100  03	
Best Service	The Best of Gigapack 1 & 2	CD 1 -> GUIL100D -> Sample	GUI:Eddy 100  04	
Best Service	The Best of Gigapack 1 & 2	CD 1 -> GUIL100D -> Sample	GUI:Eddy 100  05	
Best Service	The Best of Gigapack 1 & 2	CD 1 -> GUIL100D -> Sample	GUI:Eddy 100  06	
Best Service	The Best of Gigapack 1 & 2	CD 1 -> GUIL100D -> Sample	GUI:Eddy 100  29	
Best Service	The Best of Gigapack 1 & 2	CD 1 -> GUIL100D -> Sample	GUI:Eddy 100  21	
Best Service	The Best of Gigapack 1 & 2	CD 1 -> GUIL100D -> Sample	GUI:Eddy 100  22	
Best Service	The Best of Gigapack 1 & 2	CD 1 -> GUIL100D -> Sample	GUI:Eddy 100  23	
Best Service	The Best of Gigapack 1 & 2	CD 1 -> GUIL100D -> Sample	GUI:Eddy 100  24	
Best Service	The Best of Gigapack 1 & 2	CD 1 -> GUIL100D -> Sample	GUI:Eddy 100  25	
Best Service	The Best of Gigapack 1 & 2	CD 1 -> GUIL100D -> Sample	GUI:Eddy 100  26	
Best Service	The Best of Gigapack 1 & 2	CD 1 -> GUIL100D -> Sample	GUI:Eddy 100  27	
Best Service	The Best of Gigapack 1 & 2	CD 1 -> GUIL100D -> Sample	GUI:Eddy 100  28	
Best Service	The Best of Gigapack 1 & 2	CD 1 -> GUIL100D -> Sample	GUI:Eddy100 L8.1	
Best Service	The Best of Gigapack 1 & 2	CD 1 -> GUIL100D -> Sample	GUI:Eddy100 L8.2	
Best Service	The Best of Gigapack 1 & 2	CD 1 -> GUIL100D -> Sample	GUI:Eddy100 L8.3	
Best Service	The Best of Gigapack 1 & 2	CD 1 -> GUIL100D -> Sample	GUI:Eddy100 L8.4	
Best Service	The Best of Gigapack 1 & 2	CD 1 -> GUIL100D -> Sample	GUI:Eddy100 L8.5	
Best Service	The Best of Gigapack 1 & 2	CD 1 -> GUIL100D -> Sample	GUI:Eddy100 L8.6	
Best Service	The Best of Gigapack 1 & 2	CD 1 -> GUIL100D -> Sample	GUI:Eddy100 L8.7	
Best Service	The Best of Gigapack 1 & 2	CD 1 -> GUIL100D -> Sample	GUI:Eddy100 L8.8	
Best Service	The Best of Gigapack 1 & 2	CD 1 -> GUIL100D -> Sample	GUI:Eddy100 L8.9	
Best Service	The Best of Gigapack 1 & 2	CD 1 -> GUIL100D -> Sample	GUI:Eddy100 L810	
Best Service	The Best of Gigapack 1 & 2	CD 1 -> GUIL100D -> Sample	GUI:Eddy100 L811	
Best Service	The Best of Gigapack 1 & 2	CD 1 -> GUIL110A -> Program	GUI:110 Bpm  1	
Best Service	The Best of Gigapack 1 & 2	CD 1 -> GUIL110A -> Program	GUI:110 Bpm  2	
Best Service	The Best of Gigapack 1 & 2	CD 1 -> GUIL110A -> Sample	GUI:Eddy110 1.1	
Best Service	The Best of Gigapack 1 & 2	CD 1 -> GUIL110A -> Sample	GUI:Eddy110 1.2	
Best Service	The Best of Gigapack 1 & 2	CD 1 -> GUIL110A -> Sample	GUI:Eddy110 1.3	
Best Service	The Best of Gigapack 1 & 2	CD 1 -> GUIL110A -> Sample	GUI:Eddy110 1.4	
Best Service	The Best of Gigapack 1 & 2	CD 1 -> GUIL110A -> Sample	GUI:Eddy110 1.5	
Best Service	The Best of Gigapack 1 & 2	CD 1 -> GUIL110A -> Sample	GUI:Eddy110 1.6	
Best Service	The Best of Gigapack 1 & 2	CD 1 -> GUIL110A -> Sample	GUI:Eddy110 1.7	
Best Service	The Best of Gigapack 1 & 2	CD 1 -> GUIL110A -> Sample	GUI:Eddy110 1.8	
Best Service	The Best of Gigapack 1 & 2	CD 1 -> GUIL110A -> Sample	GUI:Eddy110 1.9	
Best Service	The Best of Gigapack 1 & 2	CD 1 -> GUIL110A -> Sample	GUI:Eddy110 1.10	
Best Service	The Best of Gigapack 1 & 2	CD 1 -> GUIL110A -> Sample	GUI:Eddy110 1.11	
Best Service	The Best of Gigapack 1 & 2	CD 1 -> GUIL110A -> Sample	GUI:Eddy110 1.12	
Best Service	The Best of Gigapack 1 & 2	CD 1 -> GUIL110A -> Sample	GUI:Eddy110 1.13	
Best Service	The Best of Gigapack 1 & 2	CD 1 -> GUIL110A -> Sample	GUI:Eddy110 3 E	
Best Service	The Best of Gigapack 1 & 2	CD 1 -> GUIL110A -> Sample	GUI:Eddy110 3 F	
Best Service	The Best of Gigapack 1 & 2	CD 1 -> GUIL110A -> Sample	GUI:Eddy110 3#F	
Best Service	The Best of Gigapack 1 & 2	CD 1 -> GUIL110A -> Sample	GUI:Eddy110 3 G	
Best Service	The Best of Gigapack 1 & 2	CD 1 -> GUIL110A -> Sample	GUI:Eddy110 3#G	
Best Service	The Best of Gigapack 1 & 2	CD 1 -> GUIL110A -> Sample	GUI:Eddy110 3 A	
Best Service	The Best of Gigapack 1 & 2	CD 1 -> GUIL110A -> Sample	GUI:Eddy110 3#A	
Best Service	The Best of Gigapack 1 & 2	CD 1 -> GUIL110A -> Sample	GUI:Eddy110 3 B	
Best Service	The Best of Gigapack 1 & 2	CD 1 -> GUIL110A -> Sample	GUI:Eddy110 3 C	
Best Service	The Best of Gigapack 1 & 2	CD 1 -> GUIL110A -> Sample	GUI:Eddy110 3#C	
Best Service	The Best of Gigapack 1 & 2	CD 1 -> GUIL110A -> Sample	GUI:Eddy110 3 D	
Best Service	The Best of Gigapack 1 & 2	CD 1 -> GUIL110A -> Sample	GUI:Eddy110 3#D	
Best Service	The Best of Gigapack 1 & 2	CD 1 -> GUIL110B -> Program	GUI:110 Bpm  3	
Best Service	The Best of Gigapack 1 & 2	CD 1 -> GUIL110B -> Program	GUI:110 Bpm  4	
Best Service	The Best of Gigapack 1 & 2	CD 1 -> GUIL110B -> Sample	GUI:Eddy110 9.F	
Best Service	The Best of Gigapack 1 & 2	CD 1 -> GUIL110B -> Sample	GUI:Eddy110 9.F#	
Best Service	The Best of Gigapack 1 & 2	CD 1 -> GUIL110B -> Sample	GUI:Eddy110 9.G	
Best Service	The Best of Gigapack 1 & 2	CD 1 -> GUIL110B -> Sample	GUI:Eddy110 9.G#	
Best Service	The Best of Gigapack 1 & 2	CD 1 -> GUIL110B -> Sample	GUI:Eddy110 9.A	
Best Service	The Best of Gigapack 1 & 2	CD 1 -> GUIL110B -> Sample	GUI:Eddy110 9.A#	
Best Service	The Best of Gigapack 1 & 2	CD 1 -> GUIL110B -> Sample	GUI:Eddy110 9.B	
Best Service	The Best of Gigapack 1 & 2	CD 1 -> GUIL110B -> Sample	GUI:Eddy110 9.C	
Best Service	The Best of Gigapack 1 & 2	CD 1 -> GUIL110B -> Sample	GUI:Eddy110 9.C#	
Best Service	The Best of Gigapack 1 & 2	CD 1 -> GUIL110B -> Sample	GUI:Eddy110 9.D	
Best Service	The Best of Gigapack 1 & 2	CD 1 -> GUIL110B -> Sample	GUI:Eddy110 9.D#	
Best Service	The Best of Gigapack 1 & 2	CD 1 -> GUIL110B -> Sample	GUI:Eddy110 9.E	
Best Service	The Best of Gigapack 1 & 2	CD 1 -> GUIL110B -> Sample	GUI:Eddy110 9.F2	
Best Service	The Best of Gigapack 1 & 2	CD 1 -> GUIL110B -> Sample	GUI:Eddy110 10E	
Best Service	The Best of Gigapack 1 & 2	CD 1 -> GUIL110B -> Sample	GUI:Eddy110 10F	
Best Service	The Best of Gigapack 1 & 2	CD 1 -> GUIL110B -> Sample	GUI:Eddy110 10F#	
Best Service	The Best of Gigapack 1 & 2	CD 1 -> GUIL110B -> Sample	GUI:Eddy110 10G	
Best Service	The Best of Gigapack 1 & 2	CD 1 -> GUIL110B -> Sample	GUI:Eddy110 10G#	
Best Service	The Best of Gigapack 1 & 2	CD 1 -> GUIL110B -> Sample	GUI:Eddy110 10A	
Best Service	The Best of Gigapack 1 & 2	CD 1 -> GUIL110B -> Sample	GUI:Eddy110 10A#	
Best Service	The Best of Gigapack 1 & 2	CD 1 -> GUIL110B -> Sample	GUI:Eddy110 10B	
Best Service	The Best of Gigapack 1 & 2	CD 1 -> GUIL110B -> Sample	GUI:Eddy110 10C	
Best Service	The Best of Gigapack 1 & 2	CD 1 -> GUIL110B -> Sample	GUI:Eddy110 10C#	
Best Service	The Best of Gigapack 1 & 2	CD 1 -> GUIL110B -> Sample	GUI:Eddy110 10D	
Best Service	The Best of Gigapack 1 & 2	CD 1 -> GUIL110B -> Sample	GUI:Eddy110 10D#	
Best Service	The Best of Gigapack 1 & 2	CD 1 -> GUIL110B -> Sample	GUI:Eddy110 10E2	
Best Service	The Best of Gigapack 1 & 2	CD 1 -> GUIL110C -> Program	GUI:110 Licks 1	
Best Service	The Best of Gigapack 1 & 2	CD 1 -> GUIL110C -> Program	GUI:110 Licks 2	
Best Service	The Best of Gigapack 1 & 2	CD 1 -> GUIL110C -> Program	GUI:110 Licks 3	
Best Service	The Best of Gigapack 1 & 2	CD 1 -> GUIL110C -> Program	GUI:110 Licks 4	
Best Service	The Best of Gigapack 1 & 2	CD 1 -> GUIL110C -> Program	GUI:110 Licks 5	
Best Service	The Best of Gigapack 1 & 2	CD 1 -> GUIL110C -> Sample	GUI:Eddy110L20.1	
Best Service	The Best of Gigapack 1 & 2	CD 1 -> GUIL110C -> Sample	GUI:Eddy110L20.2	
Best Service	The Best of Gigapack 1 & 2	CD 1 -> GUIL110C -> Sample	GUI:Eddy110L20.3	
Best Service	The Best of Gigapack 1 & 2	CD 1 -> GUIL110C -> Sample	GUI:Eddy110L20.4	
Best Service	The Best of Gigapack 1 & 2	CD 1 -> GUIL110C -> Sample	GUI:Eddy110L20.5	
Best Service	The Best of Gigapack 1 & 2	CD 1 -> GUIL110C -> Sample	GUI:Eddy110L21.1	
Best Service	The Best of Gigapack 1 & 2	CD 1 -> GUIL110C -> Sample	GUI:Eddy110L21.2	
Best Service	The Best of Gigapack 1 & 2	CD 1 -> GUIL110C -> Sample	GUI:Eddy110L21.3	
Best Service	The Best of Gigapack 1 & 2	CD 1 -> GUIL110C -> Sample	GUI:Eddy110L21.4	
Best Service	The Best of Gigapack 1 & 2	CD 1 -> GUIL110C -> Sample	GUI:Eddy110L22.1	
Best Service	The Best of Gigapack 1 & 2	CD 1 -> GUIL110C -> Sample	GUI:Eddy110L22.2	
Best Service	The Best of Gigapack 1 & 2	CD 1 -> GUIL110C -> Sample	GUI:Eddy110L22.3	
Best Service	The Best of Gigapack 1 & 2	CD 1 -> GUIL110C -> Sample	GUI:Eddy110L22.4	
Best Service	The Best of Gigapack 1 & 2	CD 1 -> GUIL110C -> Sample	GUI:Eddy110L23.1	
Best Service	The Best of Gigapack 1 & 2	CD 1 -> GUIL110C -> Sample	GUI:Eddy110L23.2	
Best Service	The Best of Gigapack 1 & 2	CD 1 -> GUIL110C -> Sample	GUI:Eddy110L23.3	
Best Service	The Best of Gigapack 1 & 2	CD 1 -> GUIL110C -> Sample	GUI:Eddy110L23.4	
Best Service	The Best of Gigapack 1 & 2	CD 1 -> GUIL110C -> Sample	GUI:Eddy110L23.5	
Best Service	The Best of Gigapack 1 & 2	CD 1 -> GUIL110C -> Sample	GUI:Eddy110L24.1	
Best Service	The Best of Gigapack 1 & 2	CD 1 -> GUIL110C -> Sample	GUI:Eddy110L24.2	
Best Service	The Best of Gigapack 1 & 2	CD 1 -> GUIL110D -> Program	GUI:110 Licks 6	
Best Service	The Best of Gigapack 1 & 2	CD 1 -> GUIL110D -> Program	GUI:110 Licks 7	
Best Service	The Best of Gigapack 1 & 2	CD 1 -> GUIL110D -> Program	GUI:110 Licks 8	
Best Service	The Best of Gigapack 1 & 2	CD 1 -> GUIL110D -> Program	GUI:110 Licks 9	
Best Service	The Best of Gigapack 1 & 2	CD 1 -> GUIL110D -> Sample	GUI:Eddy110L25.1	
Best Service	The Best of Gigapack 1 & 2	CD 1 -> GUIL110D -> Sample	GUI:Eddy110L26.1	
Best Service	The Best of Gigapack 1 & 2	CD 1 -> GUIL110D -> Sample	GUI:Eddy110L26.2	
Best Service	The Best of Gigapack 1 & 2	CD 1 -> GUIL110D -> Sample	GUI:Eddy110L26.3	
Best Service	The Best of Gigapack 1 & 2	CD 1 -> GUIL110D -> Sample	GUI:Eddy110L27.1	
Best Service	The Best of Gigapack 1 & 2	CD 1 -> GUIL110D -> Sample	GUI:Eddy110L27.2	
Best Service	The Best of Gigapack 1 & 2	CD 1 -> GUIL110D -> Sample	GUI:Eddy110L28.1	
Best Service	The Best of Gigapack 1 & 2	CD 1 -> GUIL110D -> Sample	GUI:Eddy110L28.2	
Best Service	The Best of Gigapack 1 & 2	CD 1 -> GUIL110D -> Sample	GUI:Eddy110L28.3	
Best Service	The Best of Gigapack 1 & 2	CD 1 -> GUIL110D -> Sample	GUI:Eddy110L28.4	
Best Service	The Best of Gigapack 1 & 2	CD 1 -> GUIL110D -> Sample	GUI:Eddy110L28.5	
Best Service	The Best of Gigapack 1 & 2	CD 1 -> GUIL110D -> Sample	GUI:Eddy110L28.6	
Best Service	The Best of Gigapack 1 & 2	CD 1 -> GUIL110D -> Sample	GUI:Eddy110 Wah1	
Best Service	The Best of Gigapack 1 & 2	CD 1 -> GUIL110D -> Sample	GUI:Eddy110 Wah2	
Best Service	The Best of Gigapack 1 & 2	CD 1 -> GUIL110D -> Sample	GUI:Eddy110 Wah3	
Best Service	The Best of Gigapack 1 & 2	CD 1 -> GUIL110D -> Sample	GUI:Eddy110 Wah4	
Best Service	The Best of Gigapack 1 & 2	CD 1 -> GUIL110D -> Sample	GUI:Eddy110 Wah5	
Best Service	The Best of Gigapack 1 & 2	CD 1 -> GUIL120A -> Program	GUI:120 Bpm  1	
Best Service	The Best of Gigapack 1 & 2	CD 1 -> GUIL120A -> Program	GUI:120 Bpm  2	
Best Service	The Best of Gigapack 1 & 2	CD 1 -> GUIL120A -> Program	GUI:120 Bpm  3	
Best Service	The Best of Gigapack 1 & 2	CD 1 -> GUIL120A -> Sample	GUI:Eddy120 4.01	
Best Service	The Best of Gigapack 1 & 2	CD 1 -> GUIL120A -> Sample	GUI:Eddy120 4.02	
Best Service	The Best of Gigapack 1 & 2	CD 1 -> GUIL120A -> Sample	GUI:Eddy120 4.03	
Best Service	The Best of Gigapack 1 & 2	CD 1 -> GUIL120A -> Sample	GUI:Eddy120 4.04	
Best Service	The Best of Gigapack 1 & 2	CD 1 -> GUIL120A -> Sample	GUI:Eddy120 4.05	
Best Service	The Best of Gigapack 1 & 2	CD 1 -> GUIL120A -> Sample	GUI:Eddy120 4.06	
Best Service	The Best of Gigapack 1 & 2	CD 1 -> GUIL120A -> Sample	GUI:Eddy120 4.07	
Best Service	The Best of Gigapack 1 & 2	CD 1 -> GUIL120A -> Sample	GUI:Eddy120 4.08	
Best Service	The Best of Gigapack 1 & 2	CD 1 -> GUIL120A -> Sample	GUI:Eddy120 4.09	
Best Service	The Best of Gigapack 1 & 2	CD 1 -> GUIL120A -> Sample	GUI:Eddy120 4.10	
Best Service	The Best of Gigapack 1 & 2	CD 1 -> GUIL120A -> Sample	GUI:Eddy120 4.11	
Best Service	The Best of Gigapack 1 & 2	CD 1 -> GUIL120A -> Sample	GUI:Eddy120 4.12	
Best Service	The Best of Gigapack 1 & 2	CD 1 -> GUIL120A -> Sample	GUI:Eddy120 4.13	
Best Service	The Best of Gigapack 1 & 2	CD 1 -> GUIL120A -> Sample	GUI:Eddy120 2 E2	
Best Service	The Best of Gigapack 1 & 2	CD 1 -> GUIL120A -> Sample	GUI:Eddy120 2 F2	
Best Service	The Best of Gigapack 1 & 2	CD 1 -> GUIL120A -> Sample	GUI:Eddy120 2#F2	
Best Service	The Best of Gigapack 1 & 2	CD 1 -> GUIL120A -> Sample	GUI:Eddy120 2 G2	
Best Service	The Best of Gigapack 1 & 2	CD 1 -> GUIL120A -> Sample	GUI:Eddy120 2#G2	
Best Service	The Best of Gigapack 1 & 2	CD 1 -> GUIL120A -> Sample	GUI:Eddy120 2 A2	
Best Service	The Best of Gigapack 1 & 2	CD 1 -> GUIL120A -> Sample	GUI:Eddy120 2#A2	
Best Service	The Best of Gigapack 1 & 2	CD 1 -> GUIL120A -> Sample	GUI:Eddy120 2 B2	
Best Service	The Best of Gigapack 1 & 2	CD 1 -> GUIL120A -> Sample	GUI:Eddy120 2 C3	
Best Service	The Best of Gigapack 1 & 2	CD 1 -> GUIL120A -> Sample	GUI:Eddy120 2#C3	
Best Service	The Best of Gigapack 1 & 2	CD 1 -> GUIL120A -> Sample	GUI:Eddy120 2 D3	
Best Service	The Best of Gigapack 1 & 2	CD 1 -> GUIL120A -> Sample	GUI:Eddy120 2#D3	
Best Service	The Best of Gigapack 1 & 2	CD 1 -> GUIL120A -> Sample	GUI:Eddy120 5 E	
Best Service	The Best of Gigapack 1 & 2	CD 1 -> GUIL120A -> Sample	GUI:Eddy120 5 F	
Best Service	The Best of Gigapack 1 & 2	CD 1 -> GUIL120A -> Sample	GUI:Eddy120 5 F#	
Best Service	The Best of Gigapack 1 & 2	CD 1 -> GUIL120A -> Sample	GUI:Eddy120 5 G	
Best Service	The Best of Gigapack 1 & 2	CD 1 -> GUIL120A -> Sample	GUI:Eddy120 5 G#	
Best Service	The Best of Gigapack 1 & 2	CD 1 -> GUIL120A -> Sample	GUI:Eddy120 5 A	
Best Service	The Best of Gigapack 1 & 2	CD 1 -> GUIL120A -> Sample	GUI:Eddy120 5 A#	
Best Service	The Best of Gigapack 1 & 2	CD 1 -> GUIL120A -> Sample	GUI:Eddy120 5 B	
Best Service	The Best of Gigapack 1 & 2	CD 1 -> GUIL120A -> Sample	GUI:Eddy120 5 C	
Best Service	The Best of Gigapack 1 & 2	CD 1 -> GUIL120A -> Sample	GUI:Eddy120 5 C#	
Best Service	The Best of Gigapack 1 & 2	CD 1 -> GUIL120A -> Sample	GUI:Eddy120 5 D	
Best Service	The Best of Gigapack 1 & 2	CD 1 -> GUIL120A -> Sample	GUI:Eddy120 5 D#	
Best Service	The Best of Gigapack 1 & 2	CD 1 -> GUIL120B -> Program	GUI:120 Bpm  4Ma	
Best Service	The Best of Gigapack 1 & 2	CD 1 -> GUIL120B -> Program	GUI:120 Bpm  4Mi	
Best Service	The Best of Gigapack 1 & 2	CD 1 -> GUIL120B -> Sample	GUI:Eddy120 5bE	
Best Service	The Best of Gigapack 1 & 2	CD 1 -> GUIL120B -> Sample	GUI:Eddy120 5bF	
Best Service	The Best of Gigapack 1 & 2	CD 1 -> GUIL120B -> Sample	GUI:Eddy120 5bF#	
Best Service	The Best of Gigapack 1 & 2	CD 1 -> GUIL120B -> Sample	GUI:Eddy120 5bG	
Best Service	The Best of Gigapack 1 & 2	CD 1 -> GUIL120B -> Sample	GUI:Eddy120 5bG#	
Best Service	The Best of Gigapack 1 & 2	CD 1 -> GUIL120B -> Sample	GUI:Eddy120 5bA	
Best Service	The Best of Gigapack 1 & 2	CD 1 -> GUIL120B -> Sample	GUI:Eddy120 5bA#	
Best Service	The Best of Gigapack 1 & 2	CD 1 -> GUIL120B -> Sample	GUI:Eddy120 5bB	
Best Service	The Best of Gigapack 1 & 2	CD 1 -> GUIL120B -> Sample	GUI:Eddy120 5bC	
Best Service	The Best of Gigapack 1 & 2	CD 1 -> GUIL120B -> Sample	GUI:Eddy120 5bC#	
Best Service	The Best of Gigapack 1 & 2	CD 1 -> GUIL120B -> Sample	GUI:Eddy120 5bD	
Best Service	The Best of Gigapack 1 & 2	CD 1 -> GUIL120B -> Sample	GUI:Eddy120 5bD#	
Best Service	The Best of Gigapack 1 & 2	CD 1 -> GUIL120B -> Sample	GUI:Eddy120 5aE	
Best Service	The Best of Gigapack 1 & 2	CD 1 -> GUIL120B -> Sample	GUI:Eddy120 5aF	
Best Service	The Best of Gigapack 1 & 2	CD 1 -> GUIL120B -> Sample	GUI:Eddy120 5aF#	
Best Service	The Best of Gigapack 1 & 2	CD 1 -> GUIL120B -> Sample	GUI:Eddy120 5aG	
Best Service	The Best of Gigapack 1 & 2	CD 1 -> GUIL120B -> Sample	GUI:Eddy120 5aG#	
Best Service	The Best of Gigapack 1 & 2	CD 1 -> GUIL120B -> Sample	GUI:Eddy120 5aA	
Best Service	The Best of Gigapack 1 & 2	CD 1 -> GUIL120B -> Sample	GUI:Eddy120 5aA#	
Best Service	The Best of Gigapack 1 & 2	CD 1 -> GUIL120B -> Sample	GUI:Eddy120 5aB	
Best Service	The Best of Gigapack 1 & 2	CD 1 -> GUIL120B -> Sample	GUI:Eddy120 5aC	
Best Service	The Best of Gigapack 1 & 2	CD 1 -> GUIL120B -> Sample	GUI:Eddy120 5aC#	
Best Service	The Best of Gigapack 1 & 2	CD 1 -> GUIL120B -> Sample	GUI:Eddy120 5aD	
Best Service	The Best of Gigapack 1 & 2	CD 1 -> GUIL120B -> Sample	GUI:Eddy120 5aD#	
Best Service	The Best of Gigapack 1 & 2	CD 1 -> GUIL120C -> Program	GUI:120 Licks 1	
Best Service	The Best of Gigapack 1 & 2	CD 1 -> GUIL120C -> Program	GUI:120 Licks 2	
Best Service	The Best of Gigapack 1 & 2	CD 1 -> GUIL120C -> Sample	GUI:Eddy120L1.1	
Best Service	The Best of Gigapack 1 & 2	CD 1 -> GUIL120C -> Sample	GUI:Eddy120L1.2	
Best Service	The Best of Gigapack 1 & 2	CD 1 -> GUIL120C -> Sample	GUI:Eddy120L1.3	
Best Service	The Best of Gigapack 1 & 2	CD 1 -> GUIL120C -> Sample	GUI:Eddy120L1.4	
Best Service	The Best of Gigapack 1 & 2	CD 1 -> GUIL120C -> Sample	GUI:Eddy120L1.5	
Best Service	The Best of Gigapack 1 & 2	CD 1 -> GUIL120C -> Sample	GUI:Eddy120L1.6	
Best Service	The Best of Gigapack 1 & 2	CD 1 -> GUIL120C -> Sample	GUI:Eddy120L1.7	
Best Service	The Best of Gigapack 1 & 2	CD 1 -> GUIL120C -> Sample	GUI:Eddy120L1.8	
Best Service	The Best of Gigapack 1 & 2	CD 1 -> GUIL120C -> Sample	GUI:Eddy120L1.9	
Best Service	The Best of Gigapack 1 & 2	CD 1 -> GUIL120C -> Sample	GUI:Eddy120 L3.1	
Best Service	The Best of Gigapack 1 & 2	CD 1 -> GUIL120C -> Sample	GUI:Eddy120 L3.2	
Best Service	The Best of Gigapack 1 & 2	CD 1 -> GUIL120C -> Sample	GUI:Eddy120 L3.3	
Best Service	The Best of Gigapack 1 & 2	CD 1 -> GUIL120C -> Sample	GUI:Eddy120 L3.4	
Best Service	The Best of Gigapack 1 & 2	CD 1 -> GUIL120C -> Sample	GUI:Eddy120 L3.5	
Best Service	The Best of Gigapack 1 & 2	CD 1 -> GUIL120C -> Sample	GUI:Eddy120 L3.6	
Best Service	The Best of Gigapack 1 & 2	CD 1 -> GUIL120C -> Sample	GUI:Eddy120 L3.7	
Best Service	The Best of Gigapack 1 & 2	CD 1 -> GUIL120C -> Sample	GUI:Eddy120 L3.8	
Best Service	The Best of Gigapack 1 & 2	CD 1 -> GUIL120C -> Sample	GUI:Eddy120 L3.9	
Best Service	The Best of Gigapack 1 & 2	CD 1 -> GUIL120C -> Sample	GUI:Eddy120 L310	
Best Service	The Best of Gigapack 1 & 2	CD 1 -> GUIL120C -> Sample	GUI:Eddy120 L311	
Best Service	The Best of Gigapack 1 & 2	CD 1 -> GUIL120C -> Sample	GUI:Eddy120 L312	
Best Service	The Best of Gigapack 1 & 2	CD 1 -> GUIL120D -> Program	GUI:120 Licks 3	
Best Service	The Best of Gigapack 1 & 2	CD 1 -> GUIL120D -> Sample	GUI:Eddy120 L30	
Best Service	The Best of Gigapack 1 & 2	CD 1 -> GUIL120D -> Sample	GUI:Eddy120 L31	
Best Service	The Best of Gigapack 1 & 2	CD 1 -> GUIL120D -> Sample	GUI:Eddy120 L32	
Best Service	The Best of Gigapack 1 & 2	CD 1 -> GUIL120D -> Sample	GUI:Eddy120 L331	
Best Service	The Best of Gigapack 1 & 2	CD 1 -> GUIL120D -> Sample	GUI:Eddy120 L332	
Best Service	The Best of Gigapack 1 & 2	CD 1 -> GUIL120D -> Sample	GUI:Eddy120 L333	
Best Service	The Best of Gigapack 1 & 2	CD 1 -> GUIL120D -> Sample	GUI:Eddy120 L334	
Best Service	The Best of Gigapack 1 & 2	CD 1 -> GUIL120D -> Sample	GUI:Eddy120 L34	
Best Service	The Best of Gigapack 1 & 2	CD 1 -> GUIL120D -> Sample	GUI:Eddy120 L35	
Best Service	The Best of Gigapack 1 & 2	CD 1 -> GUIL120D -> Sample	GUI:Eddy120 L36	
Best Service	The Best of Gigapack 1 & 2	CD 1 -> GUIL120D -> Sample	GUI:Eddy120 L37	
Best Service	The Best of Gigapack 1 & 2	CD 1 -> GUIL120D -> Sample	GUI:Eddy120 L38	
Best Service	The Best of Gigapack 1 & 2	CD 1 -> GUIL120D -> Sample	GUI:Eddy120 L39	
Best Service	The Best of Gigapack 1 & 2	CD 1 -> GUIL120D -> Sample	GUI:Eddy120 L40	
Best Service	The Best of Gigapack 1 & 2	CD 1 -> GUIL120D -> Sample	GUI:Eddy120 L411	
Best Service	The Best of Gigapack 1 & 2	CD 1 -> GUIL120D -> Sample	GUI:Eddy120 L412	
Best Service	The Best of Gigapack 1 & 2	CD 1 -> GUIL120D -> Sample	GUI:Eddy120 L421	
Best Service	The Best of Gigapack 1 & 2	CD 1 -> GUIL120D -> Sample	GUI:Eddy120 L422	
Best Service	The Best of Gigapack 1 & 2	CD 1 -> GUIL120D -> Sample	GUI:Eddy120 L431	
Best Service	The Best of Gigapack 1 & 2	CD 1 -> GUIL120D -> Sample	GUI:Eddy120 L432	
Best Service	The Best of Gigapack 1 & 2	CD 1 -> GUIL120D -> Sample	GUI:Eddy120 L442	
Best Service	The Best of Gigapack 1 & 2	CD 1 -> GUIL120D -> Sample	GUI:Eddy120 L443	
Best Service	The Best of Gigapack 1 & 2	CD 1 -> GUIL120D -> Sample	GUI:Eddy120 L444	
Best Service	The Best of Gigapack 1 & 2	CD 1 -> GUIL120D -> Sample	GUI:Eddy120 L45	
Best Service	The Best of Gigapack 1 & 2	CD 1 -> GUIL130A -> Program	GUI:130 Bpm 1Mi	
Best Service	The Best of Gigapack 1 & 2	CD 1 -> GUIL130A -> Program	GUI:130 Licks 1	
Best Service	The Best of Gigapack 1 & 2	CD 1 -> GUIL130A -> Program	GUI:130 Licks 2	
Best Service	The Best of Gigapack 1 & 2	CD 1 -> GUIL130A -> Sample	GUI:Eddy130 1 E	
Best Service	The Best of Gigapack 1 & 2	CD 1 -> GUIL130A -> Sample	GUI:Eddy130 1 F	
Best Service	The Best of Gigapack 1 & 2	CD 1 -> GUIL130A -> Sample	GUI:Eddy130 1 F#	
Best Service	The Best of Gigapack 1 & 2	CD 1 -> GUIL130A -> Sample	GUI:Eddy130 1 G	
Best Service	The Best of Gigapack 1 & 2	CD 1 -> GUIL130A -> Sample	GUI:Eddy130 1 G#	
Best Service	The Best of Gigapack 1 & 2	CD 1 -> GUIL130A -> Sample	GUI:Eddy130 1 A	
Best Service	The Best of Gigapack 1 & 2	CD 1 -> GUIL130A -> Sample	GUI:Eddy130 1 A#	
Best Service	The Best of Gigapack 1 & 2	CD 1 -> GUIL130A -> Sample	GUI:Eddy130 1 B	
Best Service	The Best of Gigapack 1 & 2	CD 1 -> GUIL130A -> Sample	GUI:Eddy130 1 C	
Best Service	The Best of Gigapack 1 & 2	CD 1 -> GUIL130A -> Sample	GUI:Eddy130 1 C#	
Best Service	The Best of Gigapack 1 & 2	CD 1 -> GUIL130A -> Sample	GUI:Eddy130 1 D	
Best Service	The Best of Gigapack 1 & 2	CD 1 -> GUIL130A -> Sample	GUI:Eddy130 1 D#	
Best Service	The Best of Gigapack 1 & 2	CD 1 -> GUIL130A -> Sample	GUI:Eddy 130  01	
Best Service	The Best of Gigapack 1 & 2	CD 1 -> GUIL130A -> Sample	GUI:Eddy 130  02	
Best Service	The Best of Gigapack 1 & 2	CD 1 -> GUIL130A -> Sample	GUI:Eddy 130  03	
Best Service	The Best of Gigapack 1 & 2	CD 1 -> GUIL130A -> Sample	GUI:Eddy 130 4.1	
Best Service	The Best of Gigapack 1 & 2	CD 1 -> GUIL130A -> Sample	GUI:Eddy 130 4.2	
Best Service	The Best of Gigapack 1 & 2	CD 1 -> GUIL130A -> Sample	GUI:Eddy 130 4.3	
Best Service	The Best of Gigapack 1 & 2	CD 1 -> GUIL130A -> Sample	GUI:Eddy 130 5.1	
Best Service	The Best of Gigapack 1 & 2	CD 1 -> GUIL130A -> Sample	GUI:Eddy 130 5.2	
Best Service	The Best of Gigapack 1 & 2	CD 1 -> GUIL130A -> Sample	GUI:Eddy 130  06	
Best Service	The Best of Gigapack 1 & 2	CD 1 -> GUIL130A -> Sample	GUI:Eddy 130  07	
Best Service	The Best of Gigapack 1 & 2	CD 1 -> GUIL130A -> Sample	GUI:Eddy 130  08	
Best Service	The Best of Gigapack 1 & 2	CD 1 -> GUIL130A -> Sample	GUI:Eddy 130 9.1	
Best Service	The Best of Gigapack 1 & 2	CD 1 -> GUIL130A -> Sample	GUI:Eddy 130 9.2	
Best Service	The Best of Gigapack 1 & 2	CD 1 -> GUIL130A -> Sample	GUI:Eddy 130 9.3	
Best Service	The Best of Gigapack 1 & 2	CD 1 -> GUIT1 AC -> Program	GUI:Ac.Guitar+ 1	
Best Service	The Best of Gigapack 1 & 2	CD 1 -> GUIT1 AC -> Program	GUI:Ac.Guitar+ 2	
Best Service	The Best of Gigapack 1 & 2	CD 1 -> GUIT1 AC -> Sample	GUI:Ac. E2 1.11	
Best Service	The Best of Gigapack 1 & 2	CD 1 -> GUIT1 AC -> Sample	GUI:Ac. E2 1.10	
Best Service	The Best of Gigapack 1 & 2	CD 1 -> GUIT1 AC -> Sample	GUI:Ac. E2 1.3	
Best Service	The Best of Gigapack 1 & 2	CD 1 -> GUIT1 AC -> Sample	GUI:Ac. E2 1.13	
Best Service	The Best of Gigapack 1 & 2	CD 1 -> GUIT1 AC -> Sample	GUI:Ac. A2 1.11	
Best Service	The Best of Gigapack 1 & 2	CD 1 -> GUIT1 AC -> Sample	GUI:Ac. A2 1.10	
Best Service	The Best of Gigapack 1 & 2	CD 1 -> GUIT1 AC -> Sample	GUI:Ac. A2 1.12	
Best Service	The Best of Gigapack 1 & 2	CD 1 -> GUIT1 AC -> Sample	GUI:Ac. A2 1.14	
Best Service	The Best of Gigapack 1 & 2	CD 1 -> GUIT1 AC -> Sample	GUI:Ac. D3 1.9	
Best Service	The Best of Gigapack 1 & 2	CD 1 -> GUIT1 AC -> Sample	GUI:Ac. D3 1.10	
Best Service	The Best of Gigapack 1 & 2	CD 1 -> GUIT1 AC -> Sample	GUI:Ac. D3 1.13	
Best Service	The Best of Gigapack 1 & 2	CD 1 -> GUIT1 AC -> Sample	GUI:Ac. D3 1.11	
Best Service	The Best of Gigapack 1 & 2	CD 1 -> GUIT1 AC -> Sample	GUI:Ac. G 1.4	
Best Service	The Best of Gigapack 1 & 2	CD 1 -> GUIT1 AC -> Sample	GUI:Ac. G 1.11	
Best Service	The Best of Gigapack 1 & 2	CD 1 -> GUIT1 AC -> Sample	GUI:Ac. G 1.1	
Best Service	The Best of Gigapack 1 & 2	CD 1 -> GUIT1 AC -> Sample	GUI:Ac. G 1.13	
Best Service	The Best of Gigapack 1 & 2	CD 1 -> GUIT1 AC -> Sample	GUI:Ac. B 1.6	
Best Service	The Best of Gigapack 1 & 2	CD 1 -> GUIT1 AC -> Sample	GUI:Ac. B 1.10	
Best Service	The Best of Gigapack 1 & 2	CD 1 -> GUIT1 AC -> Sample	GUI:Ac. B 1.1	
Best Service	The Best of Gigapack 1 & 2	CD 1 -> GUIT1 AC -> Sample	GUI:Ac. B 1.11	
Best Service	The Best of Gigapack 1 & 2	CD 1 -> GUIT1 AC -> Sample	GUI:Ac. E3 1.7	
Best Service	The Best of Gigapack 1 & 2	CD 1 -> GUIT1 AC -> Sample	GUI:Ac. E3 1.10	
Best Service	The Best of Gigapack 1 & 2	CD 1 -> GUIT1 AC -> Sample	GUI:Ac. E3 1.11	
Best Service	The Best of Gigapack 1 & 2	CD 1 -> GUIT1 AC -> Sample	GUI:Ac. E3 1.14	
Best Service	The Best of Gigapack 1 & 2	CD 1 -> GUIT1 AC -> Sample	GUI:Ac. A4 1.6	
Best Service	The Best of Gigapack 1 & 2	CD 1 -> GUIT1 AC -> Sample	GUI:Ac. A4 1.4	
Best Service	The Best of Gigapack 1 & 2	CD 1 -> GUIT1 AC -> Sample	GUI:Ac. A4 1.11	
Best Service	The Best of Gigapack 1 & 2	CD 1 -> GUIT1 AC -> Sample	GUI:Ac. A4 1.1n	
Best Service	The Best of Gigapack 1 & 2	CD 1 -> GUIT1 AC -> Sample	GUI:Ac. E2 1.2	
Best Service	The Best of Gigapack 1 & 2	CD 1 -> GUIT1 AC -> Sample	GUI:Ac. E2 1.6	
Best Service	The Best of Gigapack 1 & 2	CD 1 -> GUIT1 AC -> Sample	GUI:Ac. E2 1.8	
Best Service	The Best of Gigapack 1 & 2	CD 1 -> GUIT1 AC -> Sample	GUI:Ac. E2 1.4	
Best Service	The Best of Gigapack 1 & 2	CD 1 -> GUIT1 AC -> Sample	GUI:Ac. A2 1.3	
Best Service	The Best of Gigapack 1 & 2	CD 1 -> GUIT1 AC -> Sample	GUI:Ac. A2 1.1	
Best Service	The Best of Gigapack 1 & 2	CD 1 -> GUIT1 AC -> Sample	GUI:Ac. A2 1.7	
Best Service	The Best of Gigapack 1 & 2	CD 1 -> GUIT1 AC -> Sample	GUI:Ac. A2 1.8	
Best Service	The Best of Gigapack 1 & 2	CD 1 -> GUIT1 AC -> Sample	GUI:Ac. D3 1.3	
Best Service	The Best of Gigapack 1 & 2	CD 1 -> GUIT1 AC -> Sample	GUI:Ac. D3 1.4	
Best Service	The Best of Gigapack 1 & 2	CD 1 -> GUIT1 AC -> Sample	GUI:Ac. D3 1.5	
Best Service	The Best of Gigapack 1 & 2	CD 1 -> GUIT1 AC -> Sample	GUI:Ac. D3 1.8	
Best Service	The Best of Gigapack 1 & 2	CD 1 -> GUIT1 AC -> Sample	GUI:Ac. G 1.3	
Best Service	The Best of Gigapack 1 & 2	CD 1 -> GUIT1 AC -> Sample	GUI:Ac. G 1.5	
Best Service	The Best of Gigapack 1 & 2	CD 1 -> GUIT1 AC -> Sample	GUI:Ac. G 1.8	
Best Service	The Best of Gigapack 1 & 2	CD 1 -> GUIT1 AC -> Sample	GUI:Ac. G 1.9	
Best Service	The Best of Gigapack 1 & 2	CD 1 -> GUIT1 AC -> Sample	GUI:Ac. B 1.2	
Best Service	The Best of Gigapack 1 & 2	CD 1 -> GUIT1 AC -> Sample	GUI:Ac. B 1.3	
Best Service	The Best of Gigapack 1 & 2	CD 1 -> GUIT1 AC -> Sample	GUI:Ac. B 1.4	
Best Service	The Best of Gigapack 1 & 2	CD 1 -> GUIT1 AC -> Sample	GUI:Ac. B 1.5	
Best Service	The Best of Gigapack 1 & 2	CD 1 -> GUIT1 AC -> Sample	GUI:Ac. E3 1.4	
Best Service	The Best of Gigapack 1 & 2	CD 1 -> GUIT1 AC -> Sample	GUI:Ac. E3 1.5	
Best Service	The Best of Gigapack 1 & 2	CD 1 -> GUIT1 AC -> Sample	GUI:Ac. E3 1.3	
Best Service	The Best of Gigapack 1 & 2	CD 1 -> GUIT1 AC -> Sample	GUI:Ac. E3 1.8	
Best Service	The Best of Gigapack 1 & 2	CD 1 -> GUIT1 AC -> Sample	GUI:Ac. A4 1.2	
Best Service	The Best of Gigapack 1 & 2	CD 1 -> GUIT1 AC -> Sample	GUI:Ac. A4 1.3	
Best Service	The Best of Gigapack 1 & 2	CD 1 -> GUIT1 AC -> Sample	GUI:Ac. A4 1.5	
Best Service	The Best of Gigapack 1 & 2	CD 1 -> GUIT1 AC -> Sample	GUI:Ac. A4 1.8	
Best Service	The Best of Gigapack 1 & 2	CD 1 -> GUIT1 AC -> Sample	GUI:Ac. Fx 2	
Best Service	The Best of Gigapack 1 & 2	CD 1 -> GUIT1 AC -> Sample	GUI:Ac. Fx 3	
Best Service	The Best of Gigapack 1 & 2	CD 1 -> GUIT1 AC -> Sample	GUI:Ac. Fx 4	
Best Service	The Best of Gigapack 1 & 2	CD 1 -> GUIT1 AC -> Sample	GUI:Ac. Fx 5	
Best Service	The Best of Gigapack 1 & 2	CD 1 -> GUIT1 AC -> Sample	GUI:Ac. Fx 6	
Best Service	The Best of Gigapack 1 & 2	CD 1 -> GUIT1 AC -> Sample	GUI:Ac. Fx 7	
Best Service	The Best of Gigapack 1 & 2	CD 1 -> GUIT1 AC -> Sample	GUI:Ac. Fx 8	
Best Service	The Best of Gigapack 1 & 2	CD 1 -> GUIT1 AC -> Sample	GUI:Ac. Fx 9	
Best Service	The Best of Gigapack 1 & 2	CD 1 -> GUIT1 AC -> Sample	GUI:Ac. Fx 10	
Best Service	The Best of Gigapack 1 & 2	CD 1 -> GUIT1 AC -> Sample	GUI:Ac. Fx 11	
Best Service	The Best of Gigapack 1 & 2	CD 1 -> GUIT1 AC -> Sample	GUI:Ac. Fx 12	
Best Service	The Best of Gigapack 1 & 2	CD 1 -> GUIT1 AC -> Sample	GUI:Ac. Fx 13	
Best Service	The Best of Gigapack 1 & 2	CD 1 -> GUIT1 AC -> Sample	GUI:Ac. Fx 14	
Best Service	The Best of Gigapack 1 & 2	CD 1 -> GUIT1 AC -> Sample	GUI:Ac. Fx 15	
Best Service	The Best of Gigapack 1 & 2	CD 1 -> GUIT1 AC -> Sample	GUI:Ac. Fx 1	
Best Service	The Best of Gigapack 1 & 2	CD 1 -> GUIT2 AC -> Program	GUI:Acoustic 1	
Best Service	The Best of Gigapack 1 & 2	CD 1 -> GUIT2 AC -> Program	GUI:Ac HarmFlang	
Best Service	The Best of Gigapack 1 & 2	CD 1 -> GUIT2 AC -> Program	GUI:Ac Play it	
Best Service	The Best of Gigapack 1 & 2	CD 1 -> GUIT2 AC -> Program	GUI:AcoustHarmo1	
Best Service	The Best of Gigapack 1 & 2	CD 1 -> GUIT2 AC -> Sample	GUI:Note E2 Akus	
Best Service	The Best of Gigapack 1 & 2	CD 1 -> GUIT2 AC -> Sample	GUI:Pull E2 Akus	
Best Service	The Best of Gigapack 1 & 2	CD 1 -> GUIT2 AC -> Sample	GUI:Pull F2 Akus	
Best Service	The Best of Gigapack 1 & 2	CD 1 -> GUIT2 AC -> Sample	GUI:Note F2#Akus	
Best Service	The Best of Gigapack 1 & 2	CD 1 -> GUIT2 AC -> Sample	GUI:Pull F2#Akus	
Best Service	The Best of Gigapack 1 & 2	CD 1 -> GUIT2 AC -> Sample	GUI:Note G2#Akus	
Best Service	The Best of Gigapack 1 & 2	CD 1 -> GUIT2 AC -> Sample	GUI:Pull G2#Akus	
Best Service	The Best of Gigapack 1 & 2	CD 1 -> GUIT2 AC -> Sample	GUI:Pull G2 Akus	
Best Service	The Best of Gigapack 1 & 2	CD 1 -> GUIT2 AC -> Sample	GUI:Note A2#Akus	
Best Service	The Best of Gigapack 1 & 2	CD 1 -> GUIT2 AC -> Sample	GUI:Pull A2#Akus	
Best Service	The Best of Gigapack 1 & 2	CD 1 -> GUIT2 AC -> Sample	GUI:Pull A2 Akus	
Best Service	The Best of Gigapack 1 & 2	CD 1 -> GUIT2 AC -> Sample	GUI:Note C3 Akus	
Best Service	The Best of Gigapack 1 & 2	CD 1 -> GUIT2 AC -> Sample	GUI:Pull C3 Akus	
Best Service	The Best of Gigapack 1 & 2	CD 1 -> GUIT2 AC -> Sample	GUI:Pull B2 Akus	
Best Service	The Best of Gigapack 1 & 2	CD 1 -> GUIT2 AC -> Sample	GUI:Note D3 Akus	
Best Service	The Best of Gigapack 1 & 2	CD 1 -> GUIT2 AC -> Sample	GUI:Pull D3 Akus	
Best Service	The Best of Gigapack 1 & 2	CD 1 -> GUIT2 AC -> Sample	GUI:Pull C3#Akus	
Best Service	The Best of Gigapack 1 & 2	CD 1 -> GUIT2 AC -> Sample	GUI:Note E3 Akus	
Best Service	The Best of Gigapack 1 & 2	CD 1 -> GUIT2 AC -> Sample	GUI:Pull E3 Akus	
Best Service	The Best of Gigapack 1 & 2	CD 1 -> GUIT2 AC -> Sample	GUI:Pull D3#Akus	
Best Service	The Best of Gigapack 1 & 2	CD 1 -> GUIT2 AC -> Sample	GUI:Note F3#Akus	
Best Service	The Best of Gigapack 1 & 2	CD 1 -> GUIT2 AC -> Sample	GUI:Pull F3#Akus	
Best Service	The Best of Gigapack 1 & 2	CD 1 -> GUIT2 AC -> Sample	GUI:Pull F3 Akus	
Best Service	The Best of Gigapack 1 & 2	CD 1 -> GUIT2 AC -> Sample	GUI:Note G3#Akus	
Best Service	The Best of Gigapack 1 & 2	CD 1 -> GUIT2 AC -> Sample	GUI:Pull G3#Akus	
Best Service	The Best of Gigapack 1 & 2	CD 1 -> GUIT2 AC -> Sample	GUI:Pull G3 Akus	
Best Service	The Best of Gigapack 1 & 2	CD 1 -> GUIT2 AC -> Sample	GUI:Note A3#Akus	
Best Service	The Best of Gigapack 1 & 2	CD 1 -> GUIT2 AC -> Sample	GUI:Pull A3#Akus	
Best Service	The Best of Gigapack 1 & 2	CD 1 -> GUIT2 AC -> Sample	GUI:Pull A3 Akus	
Best Service	The Best of Gigapack 1 & 2	CD 1 -> GUIT2 AC -> Sample	GUI:Note C4 Akus	
Best Service	The Best of Gigapack 1 & 2	CD 1 -> GUIT2 AC -> Sample	GUI:Pull F4#Akus	
Best Service	The Best of Gigapack 1 & 2	CD 1 -> GUIT2 AC -> Sample	GUI:Note D4 Akus	
Best Service	The Best of Gigapack 1 & 2	CD 1 -> GUIT2 AC -> Sample	GUI:Note E4 Akus	
Best Service	The Best of Gigapack 1 & 2	CD 1 -> GUIT2 AC -> Sample	GUI:Note F4#Akus	
Best Service	The Best of Gigapack 1 & 2	CD 1 -> GUIT2 AC -> Sample	GUI:Pull F4 Akus	
Best Service	The Best of Gigapack 1 & 2	CD 1 -> GUIT2 AC -> Sample	GUI:Note G4#Akus	
Best Service	The Best of Gigapack 1 & 2	CD 1 -> GUIT2 AC -> Sample	GUI:Pull G4#Akus	
Best Service	The Best of Gigapack 1 & 2	CD 1 -> GUIT2 AC -> Sample	GUI:Pull G4 Akus	
Best Service	The Best of Gigapack 1 & 2	CD 1 -> GUIT2 AC -> Sample	GUI:Note A4#Akus	
Best Service	The Best of Gigapack 1 & 2	CD 1 -> GUIT2 AC -> Sample	GUI:Pull A4#Akus	
Best Service	The Best of Gigapack 1 & 2	CD 1 -> GUIT2 AC -> Sample	GUI:Pull A4 Akus	
Best Service	The Best of Gigapack 1 & 2	CD 1 -> GUIT2 AC -> Sample	GUI:Note C5 Akus	
Best Service	The Best of Gigapack 1 & 2	CD 1 -> GUIT2 AC -> Sample	GUI:Pull C5 Akus	
Best Service	The Best of Gigapack 1 & 2	CD 1 -> GUIT2 AC -> Sample	GUI:Pull B4 Akus	
Best Service	The Best of Gigapack 1 & 2	CD 1 -> GUIT2 AC -> Sample	GUI:Note D5 Akus	
Best Service	The Best of Gigapack 1 & 2	CD 1 -> GUIT2 AC -> Sample	GUI:Pull D5 Akus	
Best Service	The Best of Gigapack 1 & 2	CD 1 -> GUIT2 AC -> Sample	GUI:Pull C5#Akus	
Best Service	The Best of Gigapack 1 & 2	CD 1 -> GUIT2 AC -> Sample	GUI:Note E5 Akus	
Best Service	The Best of Gigapack 1 & 2	CD 1 -> GUIT2 AC -> Sample	GUI:Pull D5#Akus	
Best Service	The Best of Gigapack 1 & 2	CD 1 -> GUIT2 AC -> Sample	GUI:HrmFlanF#2	
Best Service	The Best of Gigapack 1 & 2	CD 1 -> GUIT2 AC -> Sample	GUI:HrmFlangE2	
Best Service	The Best of Gigapack 1 & 2	CD 1 -> GUIT2 AC -> Sample	GUI:HrmFlanF 2	
Best Service	The Best of Gigapack 1 & 2	CD 1 -> GUIT2 AC -> Sample	GUI:HrmFlanG 2	
Best Service	The Best of Gigapack 1 & 2	CD 1 -> GUIT2 AC -> Sample	GUI:HrmFlanA22	
Best Service	The Best of Gigapack 1 & 2	CD 1 -> GUIT2 AC -> Sample	GUI:HrmFlanG#2	
Best Service	The Best of Gigapack 1 & 2	CD 1 -> GUIT2 AC -> Sample	GUI:HrmFlanA21	
Best Service	The Best of Gigapack 1 & 2	CD 1 -> GUIT2 AC -> Sample	GUI:HrmFlanA#2	
Best Service	The Best of Gigapack 1 & 2	CD 1 -> GUIT2 AC -> Sample	GUI:HrmFlanB 2	
Best Service	The Best of Gigapack 1 & 2	CD 1 -> GUIT2 AC -> Sample	GUI:HrmFlanC 3	
Best Service	The Best of Gigapack 1 & 2	CD 1 -> GUIT2 AC -> Sample	GUI:HrmFlanC#3	
Best Service	The Best of Gigapack 1 & 2	CD 1 -> GUIT2 AC -> Sample	GUI:HrmFlanD32	
Best Service	The Best of Gigapack 1 & 2	CD 1 -> GUIT2 AC -> Sample	GUI:HrmFlanD31	
Best Service	The Best of Gigapack 1 & 2	CD 1 -> GUIT2 AC -> Sample	GUI:HrmFlanE3	
Best Service	The Best of Gigapack 1 & 2	CD 1 -> GUIT2 AC -> Sample	GUI:HrmFlanG3	
Best Service	The Best of Gigapack 1 & 2	CD 1 -> GUIT2 AC -> Sample	GUI:HrmFlanF3	
Best Service	The Best of Gigapack 1 & 2	CD 1 -> GUIT2 AC -> Sample	GUI:HrmFlanA3	
Best Service	The Best of Gigapack 1 & 2	CD 1 -> GUIT2 AC -> Sample	GUI:HrmFlanB3	
Best Service	The Best of Gigapack 1 & 2	CD 1 -> GUIT2 AC -> Sample	GUI:HrmFlanC4	
Best Service	The Best of Gigapack 1 & 2	CD 1 -> GUIT2 AC -> Sample	GUI:HrmFlanD4#	
Best Service	The Best of Gigapack 1 & 2	CD 1 -> GUIT2 AC -> Sample	GUI:HrmFlanE4	
Best Service	The Best of Gigapack 1 & 2	CD 1 -> GUIT2 AC -> Sample	GUI:HrmFlanF4	
Best Service	The Best of Gigapack 1 & 2	CD 1 -> GUIT2 AC -> Sample	GUI:HrmFlanG#4	
Best Service	The Best of Gigapack 1 & 2	CD 1 -> GUIT2 AC -> Sample	GUI:HrmFlanA#4	
Best Service	The Best of Gigapack 1 & 2	CD 1 -> GUIT2 AC -> Sample	GUI:HrmFlanB 4	
Best Service	The Best of Gigapack 1 & 2	CD 1 -> GUIT2 AC -> Sample	GUI:HrmFlanC 5	
Best Service	The Best of Gigapack 1 & 2	CD 1 -> GUIT2 AC -> Sample	GUI:HrmFlanD 5	
Best Service	The Best of Gigapack 1 & 2	CD 1 -> GUIT2 AC -> Sample	GUI:HrmFlanE 5	
Best Service	The Best of Gigapack 1 & 2	CD 1 -> GUIT2 AC -> Sample	GUI:E    1.8	
Best Service	The Best of Gigapack 1 & 2	CD 1 -> GUIT2 AC -> Sample	GUI:E    1.7	
Best Service	The Best of Gigapack 1 & 2	CD 1 -> GUIT2 AC -> Sample	GUI:E    1.6	
Best Service	The Best of Gigapack 1 & 2	CD 1 -> GUIT2 AC -> Sample	GUI:E    1.5	
Best Service	The Best of Gigapack 1 & 2	CD 1 -> GUIT2 AC -> Sample	GUI:F    1.7	
Best Service	The Best of Gigapack 1 & 2	CD 1 -> GUIT2 AC -> Sample	GUI:F    1.8	
Best Service	The Best of Gigapack 1 & 2	CD 1 -> GUIT2 AC -> Sample	GUI:F    1.6	
Best Service	The Best of Gigapack 1 & 2	CD 1 -> GUIT2 AC -> Sample	GUI:F    1.5	
Best Service	The Best of Gigapack 1 & 2	CD 1 -> GUIT2 AC -> Sample	GUI:F#   1.8	
Best Service	The Best of Gigapack 1 & 2	CD 1 -> GUIT2 AC -> Sample	GUI:F#   1.7	
Best Service	The Best of Gigapack 1 & 2	CD 1 -> GUIT2 AC -> Sample	GUI:F#   1.6	
Best Service	The Best of Gigapack 1 & 2	CD 1 -> GUIT2 AC -> Sample	GUI:F#   1.5	
Best Service	The Best of Gigapack 1 & 2	CD 1 -> GUIT2 AC -> Sample	GUI:G    1.8	
Best Service	The Best of Gigapack 1 & 2	CD 1 -> GUIT2 AC -> Sample	GUI:G    1.7	
Best Service	The Best of Gigapack 1 & 2	CD 1 -> GUIT2 AC -> Sample	GUI:G    1.6	
Best Service	The Best of Gigapack 1 & 2	CD 1 -> GUIT2 AC -> Sample	GUI:G    1.5	
Best Service	The Best of Gigapack 1 & 2	CD 1 -> GUIT2 AC -> Sample	GUI:G#   1.8	
Best Service	The Best of Gigapack 1 & 2	CD 1 -> GUIT2 AC -> Sample	GUI:G#   1.7	
Best Service	The Best of Gigapack 1 & 2	CD 1 -> GUIT2 AC -> Sample	GUI:G#   1.6	
Best Service	The Best of Gigapack 1 & 2	CD 1 -> GUIT2 AC -> Sample	GUI:G#   1.5	
Best Service	The Best of Gigapack 1 & 2	CD 1 -> GUIT2 AC -> Sample	GUI:A    1.7	
Best Service	The Best of Gigapack 1 & 2	CD 1 -> GUIT2 AC -> Sample	GUI:A    1.6	
Best Service	The Best of Gigapack 1 & 2	CD 1 -> GUIT2 AC -> Sample	GUI:A    1.8	
Best Service	The Best of Gigapack 1 & 2	CD 1 -> GUIT2 AC -> Sample	GUI:A#   1.4	
Best Service	The Best of Gigapack 1 & 2	CD 1 -> GUIT2 AC -> Sample	GUI:B    1.1	
Best Service	The Best of Gigapack 1 & 2	CD 1 -> GUIT2 AC -> Sample	GUI:C    1.1	
Best Service	The Best of Gigapack 1 & 2	CD 1 -> GUIT2 AC -> Sample	GUI:C#   1.1	
Best Service	The Best of Gigapack 1 & 2	CD 1 -> GUIT2 AC -> Sample	GUI:D    1.2	
Best Service	The Best of Gigapack 1 & 2	CD 1 -> GUIT2 AC -> Sample	GUI:D#   1.1	
Best Service	The Best of Gigapack 1 & 2	CD 1 -> GUIT2 AC -> Sample	GUI:E2   1.3	
Best Service	The Best of Gigapack 1 & 2	CD 1 -> GUIT2 AC -> Sample	GUI:Rutsch rauf1	
Best Service	The Best of Gigapack 1 & 2	CD 1 -> GUIT2 AC -> Sample	GUI:Rutsch rauf2	
Best Service	The Best of Gigapack 1 & 2	CD 1 -> GUIT2 AC -> Sample	GUI:Rutsch rauf3	
Best Service	The Best of Gigapack 1 & 2	CD 1 -> GUIT2 AC -> Sample	GUI:Rutsch rauf4	
Best Service	The Best of Gigapack 1 & 2	CD 1 -> GUIT2 AC -> Sample	GUI:Rutsch rauf5	
Best Service	The Best of Gigapack 1 & 2	CD 1 -> GUIT2 AC -> Sample	GUI:Rutsch rauf6	
Best Service	The Best of Gigapack 1 & 2	CD 1 -> GUIT2 AC -> Sample	GUI:E    1.4	
Best Service	The Best of Gigapack 1 & 2	CD 1 -> GUIT2 AC -> Sample	GUI:F    1.4	
Best Service	The Best of Gigapack 1 & 2	CD 1 -> GUIT2 AC -> Sample	GUI:F#   1.4	
Best Service	The Best of Gigapack 1 & 2	CD 1 -> GUIT2 AC -> Sample	GUI:G    1.4	
Best Service	The Best of Gigapack 1 & 2	CD 1 -> GUIT2 AC -> Sample	GUI:G#   1.4	
Best Service	The Best of Gigapack 1 & 2	CD 1 -> GUIT2 AC -> Sample	GUI:A    1.3	
Best Service	The Best of Gigapack 1 & 2	CD 1 -> GUIT2 AC -> Sample	GUI:A#   1.5	
Best Service	The Best of Gigapack 1 & 2	CD 1 -> GUIT2 AC -> Sample	GUI:B    1.6	
Best Service	The Best of Gigapack 1 & 2	CD 1 -> GUIT2 AC -> Sample	GUI:C    1.7	
Best Service	The Best of Gigapack 1 & 2	CD 1 -> GUIT2 AC -> Sample	GUI:C#   1.4	
Best Service	The Best of Gigapack 1 & 2	CD 1 -> GUIT2 AC -> Sample	GUI:D    1.5	
Best Service	The Best of Gigapack 1 & 2	CD 1 -> GUIT2 AC -> Sample	GUI:D#   1.5	
Best Service	The Best of Gigapack 1 & 2	CD 1 -> GUIT2 AC -> Sample	GUI:E2   1.5	
Best Service	The Best of Gigapack 1 & 2	CD 1 -> GUIT2 AC -> Sample	GUI:A#   1.3	
Best Service	The Best of Gigapack 1 & 2	CD 1 -> GUIT2 AC -> Sample	GUI:B    1.2	
Best Service	The Best of Gigapack 1 & 2	CD 1 -> GUIT2 AC -> Sample	GUI:C    1.3	
Best Service	The Best of Gigapack 1 & 2	CD 1 -> GUIT2 AC -> Sample	GUI:C#   1.2	
Best Service	The Best of Gigapack 1 & 2	CD 1 -> GUIT2 AC -> Sample	GUI:D    1.1	
Best Service	The Best of Gigapack 1 & 2	CD 1 -> GUIT2 AC -> Sample	GUI:D#   1.2	
Best Service	The Best of Gigapack 1 & 2	CD 1 -> GUIT2 AC -> Sample	GUI:E2   1.2	
Best Service	The Best of Gigapack 1 & 2	CD 1 -> GUIT2 AC -> Sample	GUI:E    1.3	
Best Service	The Best of Gigapack 1 & 2	CD 1 -> GUIT2 AC -> Sample	GUI:F    1.3	
Best Service	The Best of Gigapack 1 & 2	CD 1 -> GUIT2 AC -> Sample	GUI:F#   1.3	
Best Service	The Best of Gigapack 1 & 2	CD 1 -> GUIT2 AC -> Sample	GUI:G    1.3	
Best Service	The Best of Gigapack 1 & 2	CD 1 -> GUIT2 AC -> Sample	GUI:G#   1.2	
Best Service	The Best of Gigapack 1 & 2	CD 1 -> GUIT2 AC -> Sample	GUI:A    1.4	
Best Service	The Best of Gigapack 1 & 2	CD 1 -> GUIT2 AC -> Sample	GUI:A#   1.6	
Best Service	The Best of Gigapack 1 & 2	CD 1 -> GUIT2 AC -> Sample	GUI:B    1.8	
Best Service	The Best of Gigapack 1 & 2	CD 1 -> GUIT2 AC -> Sample	GUI:C    1.6	
Best Service	The Best of Gigapack 1 & 2	CD 1 -> GUIT2 AC -> Sample	GUI:C#   1.6	
Best Service	The Best of Gigapack 1 & 2	CD 1 -> GUIT2 AC -> Sample	GUI:D    1.6	
Best Service	The Best of Gigapack 1 & 2	CD 1 -> GUIT2 AC -> Sample	GUI:D#   1.6	
Best Service	The Best of Gigapack 1 & 2	CD 1 -> GUIT2 AC -> Sample	GUI:E2   1.6	
Best Service	The Best of Gigapack 1 & 2	CD 1 -> GUIT2 AC -> Sample	GUI:A#   1.1	
Best Service	The Best of Gigapack 1 & 2	CD 1 -> GUIT2 AC -> Sample	GUI:B    1.3	
Best Service	The Best of Gigapack 1 & 2	CD 1 -> GUIT2 AC -> Sample	GUI:C    1.2	
Best Service	The Best of Gigapack 1 & 2	CD 1 -> GUIT2 AC -> Sample	GUI:C#   1.3	
Best Service	The Best of Gigapack 1 & 2	CD 1 -> GUIT2 AC -> Sample	GUI:D    1.3	
Best Service	The Best of Gigapack 1 & 2	CD 1 -> GUIT2 AC -> Sample	GUI:D#   1.3	
Best Service	The Best of Gigapack 1 & 2	CD 1 -> GUIT2 AC -> Sample	GUI:E2   1.1	
Best Service	The Best of Gigapack 1 & 2	CD 1 -> GUIT2 AC -> Sample	GUI:E    1.2	
Best Service	The Best of Gigapack 1 & 2	CD 1 -> GUIT2 AC -> Sample	GUI:F    1.2	
Best Service	The Best of Gigapack 1 & 2	CD 1 -> GUIT2 AC -> Sample	GUI:F#   1.1	
Best Service	The Best of Gigapack 1 & 2	CD 1 -> GUIT2 AC -> Sample	GUI:G    1.2	
Best Service	The Best of Gigapack 1 & 2	CD 1 -> GUIT2 AC -> Sample	GUI:A    1.2	
Best Service	The Best of Gigapack 1 & 2	CD 1 -> GUIT2 AC -> Sample	GUI:A#   1.7	
Best Service	The Best of Gigapack 1 & 2	CD 1 -> GUIT2 AC -> Sample	GUI:B    1.5	
Best Service	The Best of Gigapack 1 & 2	CD 1 -> GUIT2 AC -> Sample	GUI:C    1.8	
Best Service	The Best of Gigapack 1 & 2	CD 1 -> GUIT2 AC -> Sample	GUI:C#   1.7	
Best Service	The Best of Gigapack 1 & 2	CD 1 -> GUIT2 AC -> Sample	GUI:D    1.7	
Best Service	The Best of Gigapack 1 & 2	CD 1 -> GUIT2 AC -> Sample	GUI:D#   1.7	
Best Service	The Best of Gigapack 1 & 2	CD 1 -> GUIT2 AC -> Sample	GUI:E2   1.7	
Best Service	The Best of Gigapack 1 & 2	CD 1 -> GUIT2 AC -> Sample	GUI:A    1.5	
Best Service	The Best of Gigapack 1 & 2	CD 1 -> GUIT2 AC -> Sample	GUI:A#   1.2	
Best Service	The Best of Gigapack 1 & 2	CD 1 -> GUIT2 AC -> Sample	GUI:B    1.4	
Best Service	The Best of Gigapack 1 & 2	CD 1 -> GUIT2 AC -> Sample	GUI:C    1.4	
Best Service	The Best of Gigapack 1 & 2	CD 1 -> GUIT2 AC -> Sample	GUI:C#   1.5	
Best Service	The Best of Gigapack 1 & 2	CD 1 -> GUIT2 AC -> Sample	GUI:D    1.4	
Best Service	The Best of Gigapack 1 & 2	CD 1 -> GUIT2 AC -> Sample	GUI:D#   1.4	
Best Service	The Best of Gigapack 1 & 2	CD 1 -> GUIT2 AC -> Sample	GUI:E2   1.4	
Best Service	The Best of Gigapack 1 & 2	CD 1 -> GUIT2 AC -> Sample	GUI:E    1.1	
Best Service	The Best of Gigapack 1 & 2	CD 1 -> GUIT2 AC -> Sample	GUI:F    1.1	
Best Service	The Best of Gigapack 1 & 2	CD 1 -> GUIT2 AC -> Sample	GUI:G    1.1	
Best Service	The Best of Gigapack 1 & 2	CD 1 -> GUIT2 AC -> Sample	GUI:G#   1.3	
Best Service	The Best of Gigapack 1 & 2	CD 1 -> GUIT2 AC -> Sample	GUI:A    1.1	
Best Service	The Best of Gigapack 1 & 2	CD 1 -> GUIT2 AC -> Sample	GUI:A#   1.8	
Best Service	The Best of Gigapack 1 & 2	CD 1 -> GUIT2 AC -> Sample	GUI:B    1.7	
Best Service	The Best of Gigapack 1 & 2	CD 1 -> GUIT2 AC -> Sample	GUI:C    1.5	
Best Service	The Best of Gigapack 1 & 2	CD 1 -> GUIT2 AC -> Sample	GUI:C#   1.8	
Best Service	The Best of Gigapack 1 & 2	CD 1 -> GUIT2 AC -> Sample	GUI:D    1.8	
Best Service	The Best of Gigapack 1 & 2	CD 1 -> GUIT2 AC -> Sample	GUI:D#   1.8	
Best Service	The Best of Gigapack 1 & 2	CD 1 -> GUIT2 AC -> Sample	GUI:E2   1.8	
Best Service	The Best of Gigapack 1 & 2	CD 1 -> GUIT2 AC -> Sample	GUI:AcHar E	
Best Service	The Best of Gigapack 1 & 2	CD 1 -> GUIT2 AC -> Sample	GUI:AcHar A	
Best Service	The Best of Gigapack 1 & 2	CD 1 -> GUIT2 AC -> Sample	GUI:AcHar D	
Best Service	The Best of Gigapack 1 & 2	CD 1 -> GUIT2 AC -> Sample	GUI:AcHar G	
Best Service	The Best of Gigapack 1 & 2	CD 1 -> GUIT2 AC -> Sample	GUI:AcHar B	
Best Service	The Best of Gigapack 1 & 2	CD 1 -> GUIT2 AC -> Sample	GUI:AcHar E2	
Best Service	The Best of Gigapack 1 & 2	CD 1 -> GUIT3 AC -> Program	GUI:Ac Slap  A	
Best Service	The Best of Gigapack 1 & 2	CD 1 -> GUIT3 AC -> Program	GUI:Ac Slap  B	
Best Service	The Best of Gigapack 1 & 2	CD 1 -> GUIT3 AC -> Sample	GUI:Ac Dmp F 1	
Best Service	The Best of Gigapack 1 & 2	CD 1 -> GUIT3 AC -> Sample	GUI:Ac Dmp F 3	
Best Service	The Best of Gigapack 1 & 2	CD 1 -> GUIT3 AC -> Sample	GUI:Ac Dmp F 6	
Best Service	The Best of Gigapack 1 & 2	CD 1 -> GUIT3 AC -> Sample	GUI:Ac Dmp F 5	
Best Service	The Best of Gigapack 1 & 2	CD 1 -> GUIT3 AC -> Sample	GUI:Ac Dmp G 3	
Best Service	The Best of Gigapack 1 & 2	CD 1 -> GUIT3 AC -> Sample	GUI:Ac Dmp G 4	
Best Service	The Best of Gigapack 1 & 2	CD 1 -> GUIT3 AC -> Sample	GUI:Ac Dmp G 5	
Best Service	The Best of Gigapack 1 & 2	CD 1 -> GUIT3 AC -> Sample	GUI:Ac Dmp G 8	
Best Service	The Best of Gigapack 1 & 2	CD 1 -> GUIT3 AC -> Sample	GUI:Ac Dmp A#8	
Best Service	The Best of Gigapack 1 & 2	CD 1 -> GUIT3 AC -> Sample	GUI:Ac Dmp A#6	
Best Service	The Best of Gigapack 1 & 2	CD 1 -> GUIT3 AC -> Sample	GUI:Ac Dmp A#7	
Best Service	The Best of Gigapack 1 & 2	CD 1 -> GUIT3 AC -> Sample	GUI:Ac Dmp A#2	
Best Service	The Best of Gigapack 1 & 2	CD 1 -> GUIT3 AC -> Sample	GUI:Ac Dmp C#4	
Best Service	The Best of Gigapack 1 & 2	CD 1 -> GUIT3 AC -> Sample	GUI:Ac Dmp C#2	
Best Service	The Best of Gigapack 1 & 2	CD 1 -> GUIT3 AC -> Sample	GUI:Ac Dmp C#3	
Best Service	The Best of Gigapack 1 & 2	CD 1 -> GUIT3 AC -> Sample	GUI:Ac Dmp C#8	
Best Service	The Best of Gigapack 1 & 2	CD 1 -> GUIT3 AC -> Sample	GUI:Ac Dmp E 1.	
Best Service	The Best of Gigapack 1 & 2	CD 1 -> GUIT3 AC -> Sample	GUI:Ac Dmp E 1	
Best Service	The Best of Gigapack 1 & 2	CD 1 -> GUIT3 AC -> Sample	GUI:Ac Dmp E 6	
Best Service	The Best of Gigapack 1 & 2	CD 1 -> GUIT3 AC -> Sample	GUI:Ac Dmp F 8	
Best Service	The Best of Gigapack 1 & 2	CD 1 -> GUIT3 AC -> Sample	GUI:Ac Dmp F 7	
Best Service	The Best of Gigapack 1 & 2	CD 1 -> GUIT3 AC -> Sample	GUI:Ac Dmp F 2	
Best Service	The Best of Gigapack 1 & 2	CD 1 -> GUIT3 AC -> Sample	GUI:Ac Dmp F 4	
Best Service	The Best of Gigapack 1 & 2	CD 1 -> GUIT3 AC -> Sample	GUI:Ac Dmp G 2	
Best Service	The Best of Gigapack 1 & 2	CD 1 -> GUIT3 AC -> Sample	GUI:Ac Dmp G 1	
Best Service	The Best of Gigapack 1 & 2	CD 1 -> GUIT3 AC -> Sample	GUI:Ac Dmp G 7	
Best Service	The Best of Gigapack 1 & 2	CD 1 -> GUIT3 AC -> Sample	GUI:Ac Dmp G 6	
Best Service	The Best of Gigapack 1 & 2	CD 1 -> GUIT3 AC -> Sample	GUI:Ac Dmp A#1	
Best Service	The Best of Gigapack 1 & 2	CD 1 -> GUIT3 AC -> Sample	GUI:Ac Dmp A#4	
Best Service	The Best of Gigapack 1 & 2	CD 1 -> GUIT3 AC -> Sample	GUI:Ac Dmp A#3	
Best Service	The Best of Gigapack 1 & 2	CD 1 -> GUIT3 AC -> Sample	GUI:Ac Dmp A#5	
Best Service	The Best of Gigapack 1 & 2	CD 1 -> GUIT3 AC -> Sample	GUI:Ac Dmp C#1	
Best Service	The Best of Gigapack 1 & 2	CD 1 -> GUIT3 AC -> Sample	GUI:Ac Dmp C#7	
Best Service	The Best of Gigapack 1 & 2	CD 1 -> GUIT3 AC -> Sample	GUI:Ac Dmp C#6	
Best Service	The Best of Gigapack 1 & 2	CD 1 -> GUIT3 AC -> Sample	GUI:Ac Dmp C#5	
Best Service	The Best of Gigapack 1 & 2	CD 1 -> GUIT3 AC -> Sample	GUI:Ac Dmp E 5	
Best Service	The Best of Gigapack 1 & 2	CD 1 -> GUIT3 AC -> Sample	GUI:Ac Dmp E 2	
Best Service	The Best of Gigapack 1 & 2	CD 1 -> GUIT3 AC -> Sample	GUI:Ac Dmp E 3	
Best Service	The Best of Gigapack 1 & 2	CD 1 -> GUIT3 AC -> Sample	GUI:Ac Dmp E 4	
Best Service	The Best of Gigapack 1 & 2	CD 1 -> GUIT 1 E -> Program	GUI:E-Guitar  1	
Best Service	The Best of Gigapack 1 & 2	CD 1 -> GUIT 1 E -> Program	GUI:E-Guitar  2	
Best Service	The Best of Gigapack 1 & 2	CD 1 -> GUIT 1 E -> Program	GUI:E-Chord 5th	
Best Service	The Best of Gigapack 1 & 2	CD 1 -> GUIT 1 E -> Program	GUI:E-Gui funky	
Best Service	The Best of Gigapack 1 & 2	CD 1 -> GUIT 1 E -> Program	GUI:E-GuiHarmoni	
Best Service	The Best of Gigapack 1 & 2	CD 1 -> GUIT 1 E -> Program	GUI:E-GuiRockman	
Best Service	The Best of Gigapack 1 & 2	CD 1 -> GUIT 1 E -> Program	GUI:E-Heaven 17	
Best Service	The Best of Gigapack 1 & 2	CD 1 -> GUIT 1 E -> Program	GUI:E-Velo-Play	
Best Service	The Best of Gigapack 1 & 2	CD 1 -> GUIT 1 E -> Sample	GUI:Fen01	
Best Service	The Best of Gigapack 1 & 2	CD 1 -> GUIT 1 E -> Sample	GUI:Fen02	
Best Service	The Best of Gigapack 1 & 2	CD 1 -> GUIT 1 E -> Sample	GUI:Fen03	
Best Service	The Best of Gigapack 1 & 2	CD 1 -> GUIT 1 E -> Sample	GUI:Fen04	
Best Service	The Best of Gigapack 1 & 2	CD 1 -> GUIT 1 E -> Sample	GUI:Fen05	
Best Service	The Best of Gigapack 1 & 2	CD 1 -> GUIT 1 E -> Sample	GUI:Fen06	
Best Service	The Best of Gigapack 1 & 2	CD 1 -> GUIT 1 E -> Sample	GUI:Fen07	
Best Service	The Best of Gigapack 1 & 2	CD 1 -> GUIT 1 E -> Sample	GUI:Fen08	
Best Service	The Best of Gigapack 1 & 2	CD 1 -> GUIT 1 E -> Sample	GUI:Fen09	
Best Service	The Best of Gigapack 1 & 2	CD 1 -> GUIT 1 E -> Sample	GUI:Fen11	
Best Service	The Best of Gigapack 1 & 2	CD 1 -> GUIT 1 E -> Sample	GUI:Fen12	
Best Service	The Best of Gigapack 1 & 2	CD 1 -> GUIT 1 E -> Sample	GUI:Fen13	
Best Service	The Best of Gigapack 1 & 2	CD 1 -> GUIT 1 E -> Sample	GUI:Fen14	
Best Service	The Best of Gigapack 1 & 2	CD 1 -> GUIT 1 E -> Sample	GUI:Fen15	
Best Service	The Best of Gigapack 1 & 2	CD 1 -> GUIT 1 E -> Sample	GUI:Fen16	
Best Service	The Best of Gigapack 1 & 2	CD 1 -> GUIT 1 E -> Sample	GUI:Fen17	
Best Service	The Best of Gigapack 1 & 2	CD 1 -> GUIT 1 E -> Sample	GUI:Fen18	
Best Service	The Best of Gigapack 1 & 2	CD 1 -> GUIT 1 E -> Sample	GUI:Fen19	
Best Service	The Best of Gigapack 1 & 2	CD 1 -> GUIT 1 E -> Sample	GUI:Fen20	
Best Service	The Best of Gigapack 1 & 2	CD 1 -> GUIT 1 E -> Sample	GUI:Fen21	
Best Service	The Best of Gigapack 1 & 2	CD 1 -> GUIT 1 E -> Sample	GUI:Fen22	
Best Service	The Best of Gigapack 1 & 2	CD 1 -> GUIT 1 E -> Sample	GUI:Fen23	
Best Service	The Best of Gigapack 1 & 2	CD 1 -> GUIT 1 E -> Sample	GUI:Sus  E 1	
Best Service	The Best of Gigapack 1 & 2	CD 1 -> GUIT 1 E -> Sample	GUI:Sus  A 1	
Best Service	The Best of Gigapack 1 & 2	CD 1 -> GUIT 1 E -> Sample	GUI:Sus  D 2	
Best Service	The Best of Gigapack 1 & 2	CD 1 -> GUIT 1 E -> Sample	GUI:Sus  G 2	
Best Service	The Best of Gigapack 1 & 2	CD 1 -> GUIT 1 E -> Sample	GUI:Sus  B 2	
Best Service	The Best of Gigapack 1 & 2	CD 1 -> GUIT 1 E -> Sample	GUI:Sus  D 3	
Best Service	The Best of Gigapack 1 & 2	CD 1 -> GUIT 1 E -> Sample	GUI:Sus  E 3	
Best Service	The Best of Gigapack 1 & 2	CD 1 -> GUIT 1 E -> Sample	GUI:Sus  A 3	
Best Service	The Best of Gigapack 1 & 2	CD 1 -> GUIT 1 E -> Sample	GUI:Sus  D 4	
Best Service	The Best of Gigapack 1 & 2	CD 1 -> GUIT 1 E -> Sample	GUI:Sus  G 4	
Best Service	The Best of Gigapack 1 & 2	CD 1 -> GUIT 1 E -> Sample	GUI:Sus  C 5	
Best Service	The Best of Gigapack 1 & 2	CD 1 -> GUIT 1 E -> Sample	GUI:5th 01	
Best Service	The Best of Gigapack 1 & 2	CD 1 -> GUIT 1 E -> Sample	GUI:5th 02	
Best Service	The Best of Gigapack 1 & 2	CD 1 -> GUIT 1 E -> Sample	GUI:5th 03	
Best Service	The Best of Gigapack 1 & 2	CD 1 -> GUIT 1 E -> Sample	GUI:5th 04	
Best Service	The Best of Gigapack 1 & 2	CD 1 -> GUIT 1 E -> Sample	GUI:5th 05	
Best Service	The Best of Gigapack 1 & 2	CD 1 -> GUIT 1 E -> Sample	GUI:5th 06	
Best Service	The Best of Gigapack 1 & 2	CD 1 -> GUIT 1 E -> Sample	GUI:5th 07	
Best Service	The Best of Gigapack 1 & 2	CD 1 -> GUIT 1 E -> Sample	GUI:5th 08	
Best Service	The Best of Gigapack 1 & 2	CD 1 -> GUIT 1 E -> Sample	GUI:5th 09	
Best Service	The Best of Gigapack 1 & 2	CD 1 -> GUIT 1 E -> Sample	GUI:5th 10	
Best Service	The Best of Gigapack 1 & 2	CD 1 -> GUIT 1 E -> Sample	GUI:5th 11	
Best Service	The Best of Gigapack 1 & 2	CD 1 -> GUIT 1 E -> Sample	GUI:5th 12	
Best Service	The Best of Gigapack 1 & 2	CD 1 -> GUIT 1 E -> Sample	GUI:5th 13	
Best Service	The Best of Gigapack 1 & 2	CD 1 -> GUIT 1 E -> Sample	GUI:Gui13a F2	
Best Service	The Best of Gigapack 1 & 2	CD 1 -> GUIT 1 E -> Sample	GUI:Gui13b C3	
Best Service	The Best of Gigapack 1 & 2	CD 1 -> GUIT 1 E -> Sample	GUI:Gui13c F3	
Best Service	The Best of Gigapack 1 & 2	CD 1 -> GUIT 1 E -> Sample	GUI:Gui13d C4	
Best Service	The Best of Gigapack 1 & 2	CD 1 -> GUIT 1 E -> Sample	GUI:Gui13e F4	
Best Service	The Best of Gigapack 1 & 2	CD 1 -> GUIT 1 E -> Sample	GUI:Gui13f C5	
Best Service	The Best of Gigapack 1 & 2	CD 1 -> GUIT 1 E -> Sample	GUI:Gui13g F5	
Best Service	The Best of Gigapack 1 & 2	CD 1 -> GUIT 1 E -> Sample	GUI:Harm01	
Best Service	The Best of Gigapack 1 & 2	CD 1 -> GUIT 1 E -> Sample	GUI:Harm02	
Best Service	The Best of Gigapack 1 & 2	CD 1 -> GUIT 1 E -> Sample	GUI:Harm03	
Best Service	The Best of Gigapack 1 & 2	CD 1 -> GUIT 1 E -> Sample	GUI:Harm04	
Best Service	The Best of Gigapack 1 & 2	CD 1 -> GUIT 1 E -> Sample	GUI:Harm05	
Best Service	The Best of Gigapack 1 & 2	CD 1 -> GUIT 1 E -> Sample	GUI:RokmanEmaxC2	
Best Service	The Best of Gigapack 1 & 2	CD 1 -> GUIT 1 E -> Sample	GUI:RokmanEmaxC3	
Best Service	The Best of Gigapack 1 & 2	CD 1 -> GUIT 1 E -> Sample	GUI:H17    12a	
Best Service	The Best of Gigapack 1 & 2	CD 1 -> GUIT 1 E -> Sample	GUI:H17    17a	
Best Service	The Best of Gigapack 1 & 2	CD 1 -> GUIT 1 E -> Sample	GUI:H17     3a	
Best Service	The Best of Gigapack 1 & 2	CD 1 -> GUIT 1 E -> Sample	GUI:H17     2a	
Best Service	The Best of Gigapack 1 & 2	CD 1 -> GUIT 1 E -> Sample	GUI:H17    13b	
Best Service	The Best of Gigapack 1 & 2	CD 1 -> GUIT 1 E -> Sample	GUI:H17    18b	
Best Service	The Best of Gigapack 1 & 2	CD 1 -> GUIT 1 E -> Sample	GUI:H17     7b	
Best Service	The Best of Gigapack 1 & 2	CD 1 -> GUIT 1 E -> Sample	GUI:H17     8b	
Best Service	The Best of Gigapack 1 & 2	CD 1 -> GUIT 1 E -> Sample	GUI:H17    14d	
Best Service	The Best of Gigapack 1 & 2	CD 1 -> GUIT 1 E -> Sample	GUI:H17    19d	
Best Service	The Best of Gigapack 1 & 2	CD 1 -> GUIT 1 E -> Sample	GUI:H17     9d	
Best Service	The Best of Gigapack 1 & 2	CD 1 -> GUIT 1 E -> Sample	GUI:H17     4e	
Best Service	The Best of Gigapack 1 & 2	CD 1 -> GUIT 1 E -> Sample	GUI:H17     6e	
Best Service	The Best of Gigapack 1 & 2	CD 1 -> GUIT 1 E -> Sample	GUI:H17     5e	
Best Service	The Best of Gigapack 1 & 2	CD 1 -> GUIT 1 E -> Sample	GUI:H17    10e	
Best Service	The Best of Gigapack 1 & 2	CD 1 -> GUIT 1 E -> Sample	GUI:H17    11e	
Best Service	The Best of Gigapack 1 & 2	CD 1 -> GUIT 1 E -> Sample	GUI:H17    15e	
Best Service	The Best of Gigapack 1 & 2	CD 1 -> GUIT 1 E -> Sample	GUI:H17    16e	
Best Service	The Best of Gigapack 1 & 2	CD 1 -> GUIT 1 E -> Sample	GUI:H17    20e	
Best Service	The Best of Gigapack 1 & 2	CD 1 -> GUIT 1 E -> Sample	GUI:   Zupf E1 5	
Best Service	The Best of Gigapack 1 & 2	CD 1 -> GUIT 1 E -> Sample	GUI:   Zupf E1 2	
Best Service	The Best of Gigapack 1 & 2	CD 1 -> GUIT 1 E -> Sample	GUI:   Zupf E1 4	
Best Service	The Best of Gigapack 1 & 2	CD 1 -> GUIT 1 E -> Sample	GUI:   Zupf E1 1	
Best Service	The Best of Gigapack 1 & 2	CD 1 -> GUIT 1 E -> Sample	GUI:   Zupf F2 1	
Best Service	The Best of Gigapack 1 & 2	CD 1 -> GUIT 1 E -> Sample	GUI:   Zupf F2 2	
Best Service	The Best of Gigapack 1 & 2	CD 1 -> GUIT 1 E -> Sample	GUI:   Zupf F2 4	
Best Service	The Best of Gigapack 1 & 2	CD 1 -> GUIT 1 E -> Sample	GUI:   Zupf F2 5	
Best Service	The Best of Gigapack 1 & 2	CD 1 -> GUIT 1 E -> Sample	GUI:   Zupf F2#1	
Best Service	The Best of Gigapack 1 & 2	CD 1 -> GUIT 1 E -> Sample	GUI:   Zupf F2#2	
Best Service	The Best of Gigapack 1 & 2	CD 1 -> GUIT 1 E -> Sample	GUI:   Zupf F2#3	
Best Service	The Best of Gigapack 1 & 2	CD 1 -> GUIT 1 E -> Sample	GUI:   Zupf F2#4	
Best Service	The Best of Gigapack 1 & 2	CD 1 -> GUIT 1 E -> Sample	GUI:   Zupf G2 1	
Best Service	The Best of Gigapack 1 & 2	CD 1 -> GUIT 1 E -> Sample	GUI:   Zupf G2 5	
Best Service	The Best of Gigapack 1 & 2	CD 1 -> GUIT 1 E -> Sample	GUI:   Zupf G2 2	
Best Service	The Best of Gigapack 1 & 2	CD 1 -> GUIT 1 E -> Sample	GUI:   Zupf G2 4	
Best Service	The Best of Gigapack 1 & 2	CD 1 -> GUIT 1 E -> Sample	GUI:   Zupf G2#1	
Best Service	The Best of Gigapack 1 & 2	CD 1 -> GUIT 1 E -> Sample	GUI:   Zupf G2#2	
Best Service	The Best of Gigapack 1 & 2	CD 1 -> GUIT 1 E -> Sample	GUI:   Zupf G2#3	
Best Service	The Best of Gigapack 1 & 2	CD 1 -> GUIT 1 E -> Sample	GUI:   Zupf G2#4	
Best Service	The Best of Gigapack 1 & 2	CD 1 -> GUIT 1 E -> Sample	GUI:   Zupf A2 1	
Best Service	The Best of Gigapack 1 & 2	CD 1 -> GUIT 1 E -> Sample	GUI:   Zupf A2#2	
Best Service	The Best of Gigapack 1 & 2	CD 1 -> GUIT 1 E -> Sample	GUI:   Zupf B2 1	
Best Service	The Best of Gigapack 1 & 2	CD 1 -> GUIT 1 E -> Sample	GUI:   Zupf C3 4	
Best Service	The Best of Gigapack 1 & 2	CD 1 -> GUIT 1 E -> Sample	GUI:   Zupf C3#5	
Best Service	The Best of Gigapack 1 & 2	CD 1 -> GUIT 1 E -> Sample	GUI:   Zupf D3 2	
Best Service	The Best of Gigapack 1 & 2	CD 1 -> GUIT 1 E -> Sample	GUI:   Zupf D3#1	
Best Service	The Best of Gigapack 1 & 2	CD 1 -> GUIT 1 E -> Sample	GUI:   Zupf E3 1	
Best Service	The Best of Gigapack 1 & 2	CD 1 -> GUIT 1 E -> Sample	GUI:   Zupf A2 3	
Best Service	The Best of Gigapack 1 & 2	CD 1 -> GUIT 1 E -> Sample	GUI:   Zupf A2#4	
Best Service	The Best of Gigapack 1 & 2	CD 1 -> GUIT 1 E -> Sample	GUI:   Zupf B2 2	
Best Service	The Best of Gigapack 1 & 2	CD 1 -> GUIT 1 E -> Sample	GUI:   Zupf C3 5	
Best Service	The Best of Gigapack 1 & 2	CD 1 -> GUIT 1 E -> Sample	GUI:   Zupf C3#4	
Best Service	The Best of Gigapack 1 & 2	CD 1 -> GUIT 1 E -> Sample	GUI:   Zupf D3 1	
Best Service	The Best of Gigapack 1 & 2	CD 1 -> GUIT 1 E -> Sample	GUI:   Zupf D3#3	
Best Service	The Best of Gigapack 1 & 2	CD 1 -> GUIT 1 E -> Sample	GUI:   Zupf E3 5	
Best Service	The Best of Gigapack 1 & 2	CD 1 -> GUIT 1 E -> Sample	GUI:   Zupf A2 5	
Best Service	The Best of Gigapack 1 & 2	CD 1 -> GUIT 1 E -> Sample	GUI:   Zupf A2#5	
Best Service	The Best of Gigapack 1 & 2	CD 1 -> GUIT 1 E -> Sample	GUI:   Zupf B2 3	
Best Service	The Best of Gigapack 1 & 2	CD 1 -> GUIT 1 E -> Sample	GUI:   Zupf C3#3	
Best Service	The Best of Gigapack 1 & 2	CD 1 -> GUIT 1 E -> Sample	GUI:   Zupf D3 3	
Best Service	The Best of Gigapack 1 & 2	CD 1 -> GUIT 1 E -> Sample	GUI:   Zupf D3#5	
Best Service	The Best of Gigapack 1 & 2	CD 1 -> GUIT 1 E -> Sample	GUI:   Zupf E3 3	
Best Service	The Best of Gigapack 1 & 2	CD 1 -> GUIT 1 E -> Sample	GUI:   Zupf A2 4	
Best Service	The Best of Gigapack 1 & 2	CD 1 -> GUIT 1 E -> Sample	GUI:   Zupf B2 4	
Best Service	The Best of Gigapack 1 & 2	CD 1 -> GUIT 1 E -> Sample	GUI:   Zupf C3 3	
Best Service	The Best of Gigapack 1 & 2	CD 1 -> GUIT 1 E -> Sample	GUI:   Zupf D3 5	
Best Service	The Best of Gigapack 1 & 2	CD 1 -> GUIT 1 E -> Sample	GUI:   Zupf D3#4	
Best Service	The Best of Gigapack 1 & 2	CD 1 -> GUIT 1 E -> Sample	GUI:   Zupf E3 4	
Best Service	The Best of Gigapack 1 & 2	CD 1 -> GUIT 2 E -> Program	GUI:E-Muted	
Best Service	The Best of Gigapack 1 & 2	CD 1 -> GUIT 2 E -> Program	GUI:E-Mute Ruedi	
Best Service	The Best of Gigapack 1 & 2	CD 1 -> GUIT 2 E -> Program	GUI:E-Mute Strat	
Best Service	The Best of Gigapack 1 & 2	CD 1 -> GUIT 2 E -> Program	GUI:E-Mute/Dampd	
Best Service	The Best of Gigapack 1 & 2	CD 1 -> GUIT 2 E -> Sample	GUI:Mute 2.01	
Best Service	The Best of Gigapack 1 & 2	CD 1 -> GUIT 2 E -> Sample	GUI:Mute 2.02	
Best Service	The Best of Gigapack 1 & 2	CD 1 -> GUIT 2 E -> Sample	GUI:Mute 2.03	
Best Service	The Best of Gigapack 1 & 2	CD 1 -> GUIT 2 E -> Sample	GUI:Mute 2.04	
Best Service	The Best of Gigapack 1 & 2	CD 1 -> GUIT 2 E -> Sample	GUI:Mute 2.05	
Best Service	The Best of Gigapack 1 & 2	CD 1 -> GUIT 2 E -> Sample	GUI:Mute 2.06	
Best Service	The Best of Gigapack 1 & 2	CD 1 -> GUIT 2 E -> Sample	GUI:Mute 2.07	
Best Service	The Best of Gigapack 1 & 2	CD 1 -> GUIT 2 E -> Sample	GUI:Mute 2.08	
Best Service	The Best of Gigapack 1 & 2	CD 1 -> GUIT 2 E -> Sample	GUI:Mute 2.09	
Best Service	The Best of Gigapack 1 & 2	CD 1 -> GUIT 2 E -> Sample	GUI:Mute 2.10	
Best Service	The Best of Gigapack 1 & 2	CD 1 -> GUIT 2 E -> Sample	GUI:Mute 2.11	
Best Service	The Best of Gigapack 1 & 2	CD 1 -> GUIT 2 E -> Sample	GUI:Mute 2.12	
Best Service	The Best of Gigapack 1 & 2	CD 1 -> GUIT 2 E -> Sample	GUI:Mute 2.13	
Best Service	The Best of Gigapack 1 & 2	CD 1 -> GUIT 2 E -> Sample	GUI:Mute 2.14	
Best Service	The Best of Gigapack 1 & 2	CD 1 -> GUIT 2 E -> Sample	GUI:Mute 2.15	
Best Service	The Best of Gigapack 1 & 2	CD 1 -> GUIT 2 E -> Sample	GUI:Mute 2.16	
Best Service	The Best of Gigapack 1 & 2	CD 1 -> GUIT 2 E -> Sample	GUI:Mute 2.17	
Best Service	The Best of Gigapack 1 & 2	CD 1 -> GUIT 2 E -> Sample	GUI:Mute 2.18	
Best Service	The Best of Gigapack 1 & 2	CD 1 -> GUIT 2 E -> Sample	GUI:Mute 2.19	
Best Service	The Best of Gigapack 1 & 2	CD 1 -> GUIT 2 E -> Sample	GUI:Mute 2.20	
Best Service	The Best of Gigapack 1 & 2	CD 1 -> GUIT 2 E -> Sample	GUI:Mute 2.21	
Best Service	The Best of Gigapack 1 & 2	CD 1 -> GUIT 2 E -> Sample	GUI:Mute 2.22	
Best Service	The Best of Gigapack 1 & 2	CD 1 -> GUIT 2 E -> Sample	GUI:Mute 2.23	
Best Service	The Best of Gigapack 1 & 2	CD 1 -> GUIT 2 E -> Sample	GUI:Mute 2.24	
Best Service	The Best of Gigapack 1 & 2	CD 1 -> GUIT 2 E -> Sample	GUI:Mute 2.25	
Best Service	The Best of Gigapack 1 & 2	CD 1 -> GUIT 2 E -> Sample	GUI:Mute E 1.1	
Best Service	The Best of Gigapack 1 & 2	CD 1 -> GUIT 2 E -> Sample	GUI:Mute E 1.12	
Best Service	The Best of Gigapack 1 & 2	CD 1 -> GUIT 2 E -> Sample	GUI:Mute E 1.3	
Best Service	The Best of Gigapack 1 & 2	CD 1 -> GUIT 2 E -> Sample	GUI:Mute E 1.13	
Best Service	The Best of Gigapack 1 & 2	CD 1 -> GUIT 2 E -> Sample	GUI:Mute F#1.1	
Best Service	The Best of Gigapack 1 & 2	CD 1 -> GUIT 2 E -> Sample	GUI:Mute F#1.22	
Best Service	The Best of Gigapack 1 & 2	CD 1 -> GUIT 2 E -> Sample	GUI:Mute F#1.3	
Best Service	The Best of Gigapack 1 & 2	CD 1 -> GUIT 2 E -> Sample	GUI:Mute F#1.44	
Best Service	The Best of Gigapack 1 & 2	CD 1 -> GUIT 2 E -> Sample	GUI:Mute G#1.1	
Best Service	The Best of Gigapack 1 & 2	CD 1 -> GUIT 2 E -> Sample	GUI:Mute G#1.22	
Best Service	The Best of Gigapack 1 & 2	CD 1 -> GUIT 2 E -> Sample	GUI:Mute G#1.3	
Best Service	The Best of Gigapack 1 & 2	CD 1 -> GUIT 2 E -> Sample	GUI:Mute G#1.44	
Best Service	The Best of Gigapack 1 & 2	CD 1 -> GUIT 2 E -> Sample	GUI:Mute A#1.1	
Best Service	The Best of Gigapack 1 & 2	CD 1 -> GUIT 2 E -> Sample	GUI:Mute A#1.22	
Best Service	The Best of Gigapack 1 & 2	CD 1 -> GUIT 2 E -> Sample	GUI:Mute A#1.3	
Best Service	The Best of Gigapack 1 & 2	CD 1 -> GUIT 2 E -> Sample	GUI:Mute A#1.44	
Best Service	The Best of Gigapack 1 & 2	CD 1 -> GUIT 2 E -> Sample	GUI:Mute C 2.1	
Best Service	The Best of Gigapack 1 & 2	CD 1 -> GUIT 2 E -> Sample	GUI:Mute C 2.22	
Best Service	The Best of Gigapack 1 & 2	CD 1 -> GUIT 2 E -> Sample	GUI:Mute C 2.3	
Best Service	The Best of Gigapack 1 & 2	CD 1 -> GUIT 2 E -> Sample	GUI:Mute C 2.33	
Best Service	The Best of Gigapack 1 & 2	CD 1 -> GUIT 2 E -> Sample	GUI:Mute D 2.1	
Best Service	The Best of Gigapack 1 & 2	CD 1 -> GUIT 2 E -> Sample	GUI:Mute D 2.22	
Best Service	The Best of Gigapack 1 & 2	CD 1 -> GUIT 2 E -> Sample	GUI:Mute D 2.3	
Best Service	The Best of Gigapack 1 & 2	CD 1 -> GUIT 2 E -> Sample	GUI:Mute D 2.11	
Best Service	The Best of Gigapack 1 & 2	CD 1 -> GUIT 2 E -> Sample	GUI:Mute E 2.2	
Best Service	The Best of Gigapack 1 & 2	CD 1 -> GUIT 2 E -> Sample	GUI:Mute E 2.11	
Best Service	The Best of Gigapack 1 & 2	CD 1 -> GUIT 2 E -> Sample	GUI:Mute E 2.33	
Best Service	The Best of Gigapack 1 & 2	CD 1 -> GUIT 2 E -> Sample	GUI:Mute E 2.1	
Best Service	The Best of Gigapack 1 & 2	CD 1 -> GUIT 2 E -> Sample	GUI:Mute F#2.2	
Best Service	The Best of Gigapack 1 & 2	CD 1 -> GUIT 2 E -> Sample	GUI:Mute F#2.11	
Best Service	The Best of Gigapack 1 & 2	CD 1 -> GUIT 2 E -> Sample	GUI:Mute F#2.1	
Best Service	The Best of Gigapack 1 & 2	CD 1 -> GUIT 2 E -> Sample	GUI:Mute F#2.22	
Best Service	The Best of Gigapack 1 & 2	CD 1 -> GUIT 2 E -> Sample	GUI:Mute G#2.1	
Best Service	The Best of Gigapack 1 & 2	CD 1 -> GUIT 2 E -> Sample	GUI:Mute G#2.22	
Best Service	The Best of Gigapack 1 & 2	CD 1 -> GUIT 2 E -> Sample	GUI:Mute G#2.2	
Best Service	The Best of Gigapack 1 & 2	CD 1 -> GUIT 2 E -> Sample	GUI:Mute G#2.11	
Best Service	The Best of Gigapack 1 & 2	CD 1 -> GUIT 2 E -> Sample	GUI:Mute A#2.1	
Best Service	The Best of Gigapack 1 & 2	CD 1 -> GUIT 2 E -> Sample	GUI:Mute A#2.11	
Best Service	The Best of Gigapack 1 & 2	CD 1 -> GUIT 2 E -> Sample	GUI:Mute A#2.2	
Best Service	The Best of Gigapack 1 & 2	CD 1 -> GUIT 2 E -> Sample	GUI:Mute A#2.22	
Best Service	The Best of Gigapack 1 & 2	CD 1 -> GUIT 2 E -> Sample	GUI:Mute C 3.1	
Best Service	The Best of Gigapack 1 & 2	CD 1 -> GUIT 2 E -> Sample	GUI:Mute C 3.2	
Best Service	The Best of Gigapack 1 & 2	CD 1 -> GUIT 2 E -> Sample	GUI:Mute D 3.1	
Best Service	The Best of Gigapack 1 & 2	CD 1 -> GUIT 2 E -> Sample	GUI:Mute D 3.11	
Best Service	The Best of Gigapack 1 & 2	CD 1 -> GUIT 2 E -> Sample	GUI:Mute D 3.2	
Best Service	The Best of Gigapack 1 & 2	CD 1 -> GUIT 2 E -> Sample	GUI:Mute D 3.22	
Best Service	The Best of Gigapack 1 & 2	CD 1 -> GUIT 2 E -> Sample	GUI:Mute E 3.1	
Best Service	The Best of Gigapack 1 & 2	CD 1 -> GUIT 2 E -> Sample	GUI:Mute E 3.11	
Best Service	The Best of Gigapack 1 & 2	CD 1 -> GUIT 2 E -> Sample	GUI:Mute E 3.2	
Best Service	The Best of Gigapack 1 & 2	CD 1 -> GUIT 2 E -> Sample	GUI:Mute E 3.22	
Best Service	The Best of Gigapack 1 & 2	CD 1 -> GUIT 2 E -> Sample	GUI:Mute F#3.2	
Best Service	The Best of Gigapack 1 & 2	CD 1 -> GUIT 2 E -> Sample	GUI:Mute F#3.11	
Best Service	The Best of Gigapack 1 & 2	CD 1 -> GUIT 2 E -> Sample	GUI:Mute F#3.1	
Best Service	The Best of Gigapack 1 & 2	CD 1 -> GUIT 2 E -> Sample	GUI:Mute F#3.22	
Best Service	The Best of Gigapack 1 & 2	CD 1 -> GUIT 2 E -> Sample	GUI:Mute G#3.1	
Best Service	The Best of Gigapack 1 & 2	CD 1 -> GUIT 2 E -> Sample	GUI:Mute G#3.11	
Best Service	The Best of Gigapack 1 & 2	CD 1 -> GUIT 2 E -> Sample	GUI:Mute G#3.2	
Best Service	The Best of Gigapack 1 & 2	CD 1 -> GUIT 2 E -> Sample	GUI:Mute G#3.22	
Best Service	The Best of Gigapack 1 & 2	CD 1 -> GUIT 2 E -> Sample	GUI:Mute A#3.1	
Best Service	The Best of Gigapack 1 & 2	CD 1 -> GUIT 2 E -> Sample	GUI:Mute A#3.11	
Best Service	The Best of Gigapack 1 & 2	CD 1 -> GUIT 2 E -> Sample	GUI:Mute A#3.2	
Best Service	The Best of Gigapack 1 & 2	CD 1 -> GUIT 2 E -> Sample	GUI:Mute A#3.22	
Best Service	The Best of Gigapack 1 & 2	CD 1 -> GUIT 2 E -> Sample	GUI:Mute C 4.1	
Best Service	The Best of Gigapack 1 & 2	CD 1 -> GUIT 2 E -> Sample	GUI:Mute C 4.11	
Best Service	The Best of Gigapack 1 & 2	CD 1 -> GUIT 2 E -> Sample	GUI:Mute C 4.2	
Best Service	The Best of Gigapack 1 & 2	CD 1 -> GUIT 2 E -> Sample	GUI:Mute C 4.22	
Best Service	The Best of Gigapack 1 & 2	CD 1 -> GUIT 2 E -> Sample	GUI:Mute D 4.1	
Best Service	The Best of Gigapack 1 & 2	CD 1 -> GUIT 2 E -> Sample	GUI:Mute D 4.11	
Best Service	The Best of Gigapack 1 & 2	CD 1 -> GUIT 2 E -> Sample	GUI:Mute D 4.2	
Best Service	The Best of Gigapack 1 & 2	CD 1 -> GUIT 2 E -> Sample	GUI:Mute D 4.22	
Best Service	The Best of Gigapack 1 & 2	CD 1 -> GUIT 2 E -> Sample	GUI:Mute E 4.1	
Best Service	The Best of Gigapack 1 & 2	CD 1 -> GUIT 2 E -> Sample	GUI:Mute E 4.11	
Best Service	The Best of Gigapack 1 & 2	CD 1 -> GUIT 2 E -> Sample	GUI:Mute E 4.2	
Best Service	The Best of Gigapack 1 & 2	CD 1 -> GUIT 2 E -> Sample	GUI:Mute E 4.22	
Best Service	The Best of Gigapack 1 & 2	CD 1 -> GUIT 2 E -> Sample	GUI:Strat Mut  1	
Best Service	The Best of Gigapack 1 & 2	CD 1 -> GUIT 2 E -> Sample	GUI:Strat Mut  3	
Best Service	The Best of Gigapack 1 & 2	CD 1 -> GUIT 2 E -> Sample	GUI:Strat Mut  2	
Best Service	The Best of Gigapack 1 & 2	CD 1 -> GUIT 2 E -> Sample	GUI:Strat Mut  4	
Best Service	The Best of Gigapack 1 & 2	CD 1 -> GUIT 2 E -> Sample	GUI:Strat Mut  5	
Best Service	The Best of Gigapack 1 & 2	CD 1 -> GUIT 2 E -> Sample	GUI:Strat Mut  6	
Best Service	The Best of Gigapack 1 & 2	CD 1 -> GUIT 2 E -> Sample	GUI:Strat Mut  7	
Best Service	The Best of Gigapack 1 & 2	CD 1 -> GUIT 2 E -> Sample	GUI:Strat Mut  8	
Best Service	The Best of Gigapack 1 & 2	CD 1 -> GUIT 2 E -> Sample	GUI:Strat Mut  9	
Best Service	The Best of Gigapack 1 & 2	CD 1 -> GUIT 2 E -> Sample	GUI:Strat Mut 10	
Best Service	The Best of Gigapack 1 & 2	CD 1 -> GUIT 2 E -> Sample	GUI:Strat Mut 11	
Best Service	The Best of Gigapack 1 & 2	CD 1 -> GUIT 2 E -> Sample	GUI:Strat Mut 12	
Best Service	The Best of Gigapack 1 & 2	CD 1 -> GUIT 2 E -> Sample	GUI:Strat Mut 13	
Best Service	The Best of Gigapack 1 & 2	CD 1 -> GUIT 2 E -> Sample	GUI:Strat Mut 14	
Best Service	The Best of Gigapack 1 & 2	CD 1 -> GUIT 2 E -> Sample	GUI:Strat Mut 15	
Best Service	The Best of Gigapack 1 & 2	CD 1 -> GUIT 2 E -> Sample	GUI:Strat Mut 16	
Best Service	The Best of Gigapack 1 & 2	CD 1 -> GUIT 2 E -> Sample	GUI:Strat Mut 17	
Best Service	The Best of Gigapack 1 & 2	CD 1 -> GUIT 2 E -> Sample	GUI:Strat Mut 18	
Best Service	The Best of Gigapack 1 & 2	CD 1 -> GUIT 2 E -> Sample	GUI:Strat Mut 19	
Best Service	The Best of Gigapack 1 & 2	CD 1 -> GUIT 2 E -> Sample	GUI:Strat Mut 20	
Best Service	The Best of Gigapack 1 & 2	CD 1 -> GUIT 2 E -> Sample	GUI:Strat Mut 21	
Best Service	The Best of Gigapack 1 & 2	CD 1 -> GUIT 2 E -> Sample	GUI:Strat Mut 22	
Best Service	The Best of Gigapack 1 & 2	CD 1 -> GUIT 2 E -> Sample	GUI:Strat Mut 23	
Best Service	The Best of Gigapack 1 & 2	CD 1 -> GUIT 2 E -> Sample	GUI:Strat Mut 24	
Best Service	The Best of Gigapack 1 & 2	CD 1 -> GUIT 2 E -> Sample	GUI:Strat Mut 25	
Best Service	The Best of Gigapack 1 & 2	CD 1 -> GUIT 2 E -> Sample	GUI: 01^	
Best Service	The Best of Gigapack 1 & 2	CD 1 -> GUIT 2 E -> Sample	GUI: 04^	
Best Service	The Best of Gigapack 1 & 2	CD 1 -> GUIT 2 E -> Sample	GUI: 05^	
Best Service	The Best of Gigapack 1 & 2	CD 1 -> GUIT 2 E -> Sample	GUI: 08^	
Best Service	The Best of Gigapack 1 & 2	CD 1 -> GUIT 2 E -> Sample	GUI: 11^	
Best Service	The Best of Gigapack 1 & 2	CD 1 -> GUIT 2 E -> Sample	GUI: 15^	
Best Service	The Best of Gigapack 1 & 2	CD 1 -> GUIT 2 E -> Sample	GUI: 18^	
Best Service	The Best of Gigapack 1 & 2	CD 1 -> GUIT 2 E -> Sample	GUI: 21^	
Best Service	The Best of Gigapack 1 & 2	CD 1 -> GUIT 2 E -> Sample	GUI: 24^	
Best Service	The Best of Gigapack 1 & 2	CD 1 -> GUIT 2 E -> Sample	GUI: 27^	
Best Service	The Best of Gigapack 1 & 2	CD 1 -> GUIT 2 E -> Sample	GUI: 30^	
Best Service	The Best of Gigapack 1 & 2	CD 1 -> GUIT 2 E -> Sample	GUI: 33^	
Best Service	The Best of Gigapack 1 & 2	CD 1 -> GUIT 2 E -> Sample	GUI: 35^	
Best Service	The Best of Gigapack 1 & 2	CD 1 -> GUIT 2 E -> Sample	GUI: 38^	
Best Service	The Best of Gigapack 1 & 2	CD 1 -> GUIT 2 E -> Sample	GUI: 41^	
Best Service	The Best of Gigapack 1 & 2	CD 1 -> GUIT 2 E -> Sample	GUI: 44^	
Best Service	The Best of Gigapack 1 & 2	CD 1 -> GUIT 2 E -> Sample	GUI: 47^	
Best Service	The Best of Gigapack 1 & 2	CD 1 -> GUIT 2 E -> Sample	GUI: 50^	
Best Service	The Best of Gigapack 1 & 2	CD 1 -> GUIT 2 E -> Sample	GUI: 02^	
Best Service	The Best of Gigapack 1 & 2	CD 1 -> GUIT 2 E -> Sample	GUI: 06^	
Best Service	The Best of Gigapack 1 & 2	CD 1 -> GUIT 2 E -> Sample	GUI: 09^	
Best Service	The Best of Gigapack 1 & 2	CD 1 -> GUIT 2 E -> Sample	GUI: 12^	
Best Service	The Best of Gigapack 1 & 2	CD 1 -> GUIT 2 E -> Sample	GUI: 16^	
Best Service	The Best of Gigapack 1 & 2	CD 1 -> GUIT 2 E -> Sample	GUI: 19^	
Best Service	The Best of Gigapack 1 & 2	CD 1 -> GUIT 2 E -> Sample	GUI: 22^	
Best Service	The Best of Gigapack 1 & 2	CD 1 -> GUIT 2 E -> Sample	GUI: 25^	
Best Service	The Best of Gigapack 1 & 2	CD 1 -> GUIT 2 E -> Sample	GUI: 28^	
Best Service	The Best of Gigapack 1 & 2	CD 1 -> GUIT 2 E -> Sample	GUI: 31^	
Best Service	The Best of Gigapack 1 & 2	CD 1 -> GUIT 2 E -> Sample	GUI: 34^	
Best Service	The Best of Gigapack 1 & 2	CD 1 -> GUIT 2 E -> Sample	GUI: 36^	
Best Service	The Best of Gigapack 1 & 2	CD 1 -> GUIT 2 E -> Sample	GUI: 39^	
Best Service	The Best of Gigapack 1 & 2	CD 1 -> GUIT 2 E -> Sample	GUI: 42^	
Best Service	The Best of Gigapack 1 & 2	CD 1 -> GUIT 2 E -> Sample	GUI: 45^	
Best Service	The Best of Gigapack 1 & 2	CD 1 -> GUIT 2 E -> Sample	GUI: 48^	
Best Service	The Best of Gigapack 1 & 2	CD 1 -> GUIT 2 E -> Sample	GUI: 49^	
Best Service	The Best of Gigapack 1 & 2	CD 1 -> GUIT 2 E -> Sample	GUI: 03^	
Best Service	The Best of Gigapack 1 & 2	CD 1 -> GUIT 2 E -> Sample	GUI: 07^	
Best Service	The Best of Gigapack 1 & 2	CD 1 -> GUIT 2 E -> Sample	GUI: 10^	
Best Service	The Best of Gigapack 1 & 2	CD 1 -> GUIT 2 E -> Sample	GUI: 13^	
Best Service	The Best of Gigapack 1 & 2	CD 1 -> GUIT 2 E -> Sample	GUI: 17^	
Best Service	The Best of Gigapack 1 & 2	CD 1 -> GUIT 2 E -> Sample	GUI: 20^	
Best Service	The Best of Gigapack 1 & 2	CD 1 -> GUIT 2 E -> Sample	GUI: 23^	
Best Service	The Best of Gigapack 1 & 2	CD 1 -> GUIT 2 E -> Sample	GUI: 26^	
Best Service	The Best of Gigapack 1 & 2	CD 1 -> GUIT 2 E -> Sample	GUI: 29^	
Best Service	The Best of Gigapack 1 & 2	CD 1 -> GUIT 2 E -> Sample	GUI: 32^	
Best Service	The Best of Gigapack 1 & 2	CD 1 -> GUIT 2 E -> Sample	GUI: 37^	
Best Service	The Best of Gigapack 1 & 2	CD 1 -> GUIT 2 E -> Sample	GUI: 40^	
Best Service	The Best of Gigapack 1 & 2	CD 1 -> GUIT 2 E -> Sample	GUI: 43^	
Best Service	The Best of Gigapack 1 & 2	CD 1 -> GUIT 2 E -> Sample	GUI: 46^	
Best Service	The Best of Gigapack 1 & 2	CD 1 -> GUIT 2 E -> Sample	GUI: 14^	
Best Service	The Best of Gigapack 1 & 2	CD 1 -> GUIT 3 E -> Program	GUI:D Metal  2	
Best Service	The Best of Gigapack 1 & 2	CD 1 -> GUIT 3 E -> Program	GUI:D Metal-VCF	
Best Service	The Best of Gigapack 1 & 2	CD 1 -> GUIT 3 E -> Program	GUI:D Metalshort	
Best Service	The Best of Gigapack 1 & 2	CD 1 -> GUIT 3 E -> Program	GUI:D Pick/Dampd	
Best Service	The Best of Gigapack 1 & 2	CD 1 -> GUIT 3 E -> Program	GUI:D Robert  2x	
Best Service	The Best of Gigapack 1 & 2	CD 1 -> GUIT 3 E -> Sample	GUI:Dis E2	
Best Service	The Best of Gigapack 1 & 2	CD 1 -> GUIT 3 E -> Sample	GUI:Dis F2#	
Best Service	The Best of Gigapack 1 & 2	CD 1 -> GUIT 3 E -> Sample	GUI:Dis G2#	
Best Service	The Best of Gigapack 1 & 2	CD 1 -> GUIT 3 E -> Sample	GUI:Dis A2#	
Best Service	The Best of Gigapack 1 & 2	CD 1 -> GUIT 3 E -> Sample	GUI:Dis C3	
Best Service	The Best of Gigapack 1 & 2	CD 1 -> GUIT 3 E -> Sample	GUI:Dis D3	
Best Service	The Best of Gigapack 1 & 2	CD 1 -> GUIT 3 E -> Sample	GUI:Dis E3	
Best Service	The Best of Gigapack 1 & 2	CD 1 -> GUIT 3 E -> Sample	GUI:Cr E 3 VCF	
Best Service	The Best of Gigapack 1 & 2	CD 1 -> GUIT 3 E -> Sample	GUI:Cr G 3 VCF	
Best Service	The Best of Gigapack 1 & 2	CD 1 -> GUIT 3 E -> Sample	GUI:Cr A#3 VCF	
Best Service	The Best of Gigapack 1 & 2	CD 1 -> GUIT 3 E -> Sample	GUI:Cr C#4 VCF	
Best Service	The Best of Gigapack 1 & 2	CD 1 -> GUIT 3 E -> Sample	GUI:Cr E 4 VCF	
Best Service	The Best of Gigapack 1 & 2	CD 1 -> GUIT 3 E -> Sample	GUI:SM1 E3	
Best Service	The Best of Gigapack 1 & 2	CD 1 -> GUIT 3 E -> Sample	GUI:SM1 G3	
Best Service	The Best of Gigapack 1 & 2	CD 1 -> GUIT 3 E -> Sample	GUI:SM1 A3	
Best Service	The Best of Gigapack 1 & 2	CD 1 -> GUIT 3 E -> Sample	GUI:SM1 C4	
Best Service	The Best of Gigapack 1 & 2	CD 1 -> GUIT 3 E -> Sample	GUI:SM1 D4	
Best Service	The Best of Gigapack 1 & 2	CD 1 -> GUIT 3 E -> Sample	GUI:SM1 E4	
Best Service	The Best of Gigapack 1 & 2	CD 1 -> GUIT 3 E -> Sample	GUI:Pick+Damp  1	
Best Service	The Best of Gigapack 1 & 2	CD 1 -> GUIT 3 E -> Sample	GUI:Pick+Damp  2	
Best Service	The Best of Gigapack 1 & 2	CD 1 -> GUIT 3 E -> Sample	GUI:Pick+Damp  3	
Best Service	The Best of Gigapack 1 & 2	CD 1 -> GUIT 3 E -> Sample	GUI:Pick+Damp  4	
Best Service	The Best of Gigapack 1 & 2	CD 1 -> GUIT 3 E -> Sample	GUI:Pick+Damp  5	
Best Service	The Best of Gigapack 1 & 2	CD 1 -> GUIT 3 E -> Sample	GUI:Pick+Damp  6	
Best Service	The Best of Gigapack 1 & 2	CD 1 -> GUIT 3 E -> Sample	GUI:Pick+Damp  7	
Best Service	The Best of Gigapack 1 & 2	CD 1 -> GUIT 3 E -> Sample	GUI:Pick+Damp  8	
Best Service	The Best of Gigapack 1 & 2	CD 1 -> GUIT 3 E -> Sample	GUI:Pick+Damp  9	
Best Service	The Best of Gigapack 1 & 2	CD 1 -> GUIT 3 E -> Sample	GUI:Pick+Damp 10	
Best Service	The Best of Gigapack 1 & 2	CD 1 -> GUIT 3 E -> Sample	GUI:Pick+Damp 11	
Best Service	The Best of Gigapack 1 & 2	CD 1 -> GUIT 3 E -> Sample	GUI:Pick+Damp 12	
Best Service	The Best of Gigapack 1 & 2	CD 1 -> GUIT 3 E -> Sample	GUI:Pick+Damp 13	
Best Service	The Best of Gigapack 1 & 2	CD 1 -> GUIT 3 E -> Sample	GUI:Pick+Damp 14	
Best Service	The Best of Gigapack 1 & 2	CD 1 -> GUIT 3 E -> Sample	GUI:Pick+Damp 15	
Best Service	The Best of Gigapack 1 & 2	CD 1 -> GUIT 3 E -> Sample	GUI:Pick+Damp 16	
Best Service	The Best of Gigapack 1 & 2	CD 1 -> GUIT 3 E -> Sample	GUI:Pick+Damp 17	
Best Service	The Best of Gigapack 1 & 2	CD 1 -> GUIT 3 E -> Sample	GUI:Pick+Damp 18	
Best Service	The Best of Gigapack 1 & 2	CD 1 -> GUIT 3 E -> Sample	GUI:Pick+Damp 19	
Best Service	The Best of Gigapack 1 & 2	CD 1 -> GUIT 3 E -> Sample	GUI:Pick+Damp 20	
Best Service	The Best of Gigapack 1 & 2	CD 1 -> GUIT 3 E -> Sample	GUI:Pick+Damp 21	
Best Service	The Best of Gigapack 1 & 2	CD 1 -> GUIT 3 E -> Sample	GUI:Pick+Damp 22	
Best Service	The Best of Gigapack 1 & 2	CD 1 -> GUIT 3 E -> Sample	GUI:Pick+Damp 23	
Best Service	The Best of Gigapack 1 & 2	CD 1 -> GUIT 3 E -> Sample	GUI:Pick+Damp 24	
Best Service	The Best of Gigapack 1 & 2	CD 1 -> GUIT 3 E -> Sample	GUI:RobertE2 4	
Best Service	The Best of Gigapack 1 & 2	CD 1 -> GUIT 3 E -> Sample	GUI:RobertE2 2	
Best Service	The Best of Gigapack 1 & 2	CD 1 -> GUIT 3 E -> Sample	GUI:RobertE2 3	
Best Service	The Best of Gigapack 1 & 2	CD 1 -> GUIT 3 E -> Sample	GUI:RobertE2 1	
Best Service	The Best of Gigapack 1 & 2	CD 1 -> GUIT 3 E -> Sample	GUI:RobertF2 4	
Best Service	The Best of Gigapack 1 & 2	CD 1 -> GUIT 3 E -> Sample	GUI:RobertF2 3	
Best Service	The Best of Gigapack 1 & 2	CD 1 -> GUIT 3 E -> Sample	GUI:RobertF2 2	
Best Service	The Best of Gigapack 1 & 2	CD 1 -> GUIT 3 E -> Sample	GUI:RobertF2 1	
Best Service	The Best of Gigapack 1 & 2	CD 1 -> GUIT 3 E -> Sample	GUI:RobertG2 3	
Best Service	The Best of Gigapack 1 & 2	CD 1 -> GUIT 3 E -> Sample	GUI:RobertG2 1	
Best Service	The Best of Gigapack 1 & 2	CD 1 -> GUIT 3 E -> Sample	GUI:RobertG2 2	
Best Service	The Best of Gigapack 1 & 2	CD 1 -> GUIT 3 E -> Sample	GUI:RobertG2 4	
Best Service	The Best of Gigapack 1 & 2	CD 1 -> GUIT 3 E -> Sample	GUI:RobertA2 1	
Best Service	The Best of Gigapack 1 & 2	CD 1 -> GUIT 3 E -> Sample	GUI:RobertA2 2	
Best Service	The Best of Gigapack 1 & 2	CD 1 -> GUIT 3 E -> Sample	GUI:RobertA2 3	
Best Service	The Best of Gigapack 1 & 2	CD 1 -> GUIT 3 E -> Sample	GUI:RobertA2 4	
Best Service	The Best of Gigapack 1 & 2	CD 1 -> GUIT 3 E -> Sample	GUI:RobertB2 1	
Best Service	The Best of Gigapack 1 & 2	CD 1 -> GUIT 3 E -> Sample	GUI:RobertB2 2	
Best Service	The Best of Gigapack 1 & 2	CD 1 -> GUIT 3 E -> Sample	GUI:RobertB2 3	
Best Service	The Best of Gigapack 1 & 2	CD 1 -> GUIT 3 E -> Sample	GUI:RobertB2 4	
Best Service	The Best of Gigapack 1 & 2	CD 1 -> GUIT 3 E -> Sample	GUI:RobertC3 1	
Best Service	The Best of Gigapack 1 & 2	CD 1 -> GUIT 3 E -> Sample	GUI:RobertC3 2	
Best Service	The Best of Gigapack 1 & 2	CD 1 -> GUIT 3 E -> Sample	GUI:RobertC3 3	
Best Service	The Best of Gigapack 1 & 2	CD 1 -> GUIT 3 E -> Sample	GUI:RobertD3 1	
Best Service	The Best of Gigapack 1 & 2	CD 1 -> GUIT 3 E -> Sample	GUI:RobertD3 2	
Best Service	The Best of Gigapack 1 & 2	CD 1 -> GUIT 3 E -> Sample	GUI:RobertD3 4	
Best Service	The Best of Gigapack 1 & 2	CD 1 -> GUIT 3 E -> Sample	GUI:RobertD3 3	
Best Service	The Best of Gigapack 1 & 2	CD 1 -> GUIT 3 E -> Sample	GUI:RobertE3 1	
Best Service	The Best of Gigapack 1 & 2	CD 1 -> GUIT 3 E -> Sample	GUI:RobertE3 2	
Best Service	The Best of Gigapack 1 & 2	CD 1 -> GUIT 3 E -> Sample	GUI:RobertE3 3	
Best Service	The Best of Gigapack 1 & 2	CD 1 -> GUIT 3 E -> Sample	GUI:RobertE3 4	
Best Service	The Best of Gigapack 1 & 2	CD 1 -> GUIT 3 E -> Sample	GUI:RobertE2 5	
Best Service	The Best of Gigapack 1 & 2	CD 1 -> GUIT 3 E -> Sample	GUI:RobertE2 8	
Best Service	The Best of Gigapack 1 & 2	CD 1 -> GUIT 3 E -> Sample	GUI:RobertE2 6	
Best Service	The Best of Gigapack 1 & 2	CD 1 -> GUIT 3 E -> Sample	GUI:RobertE2 7	
Best Service	The Best of Gigapack 1 & 2	CD 1 -> GUIT 3 E -> Sample	GUI:RobertF2 6	
Best Service	The Best of Gigapack 1 & 2	CD 1 -> GUIT 3 E -> Sample	GUI:RobertF2 5	
Best Service	The Best of Gigapack 1 & 2	CD 1 -> GUIT 3 E -> Sample	GUI:RobertF2 8	
Best Service	The Best of Gigapack 1 & 2	CD 1 -> GUIT 3 E -> Sample	GUI:RobertF2 7	
Best Service	The Best of Gigapack 1 & 2	CD 1 -> GUIT 3 E -> Sample	GUI:RobertG2 7	
Best Service	The Best of Gigapack 1 & 2	CD 1 -> GUIT 3 E -> Sample	GUI:RobertG2 8	
Best Service	The Best of Gigapack 1 & 2	CD 1 -> GUIT 3 E -> Sample	GUI:RobertG2 5	
Best Service	The Best of Gigapack 1 & 2	CD 1 -> GUIT 3 E -> Sample	GUI:RobertG2 6	
Best Service	The Best of Gigapack 1 & 2	CD 1 -> GUIT 3 E -> Sample	GUI:RobertA2 5	
Best Service	The Best of Gigapack 1 & 2	CD 1 -> GUIT 3 E -> Sample	GUI:RobertA2 6	
Best Service	The Best of Gigapack 1 & 2	CD 1 -> GUIT 3 E -> Sample	GUI:RobertA2 7	
Best Service	The Best of Gigapack 1 & 2	CD 1 -> GUIT 3 E -> Sample	GUI:RobertA2 8	
Best Service	The Best of Gigapack 1 & 2	CD 1 -> GUIT 3 E -> Sample	GUI:RobertB2 6	
Best Service	The Best of Gigapack 1 & 2	CD 1 -> GUIT 3 E -> Sample	GUI:RobertB2 5	
Best Service	The Best of Gigapack 1 & 2	CD 1 -> GUIT 3 E -> Sample	GUI:RobertB2 7	
Best Service	The Best of Gigapack 1 & 2	CD 1 -> GUIT 3 E -> Sample	GUI:RobertB2 8	
Best Service	The Best of Gigapack 1 & 2	CD 1 -> GUIT 3 E -> Sample	GUI:RobertC3 8	
Best Service	The Best of Gigapack 1 & 2	CD 1 -> GUIT 3 E -> Sample	GUI:RobertD3 8	
Best Service	The Best of Gigapack 1 & 2	CD 1 -> GUIT 3 E -> Sample	GUI:RobertE3 5	
Best Service	The Best of Gigapack 1 & 2	CD 1 -> GUIT 3 E -> Sample	GUI:RobertC3 4	
Best Service	The Best of Gigapack 1 & 2	CD 1 -> GUIT 3 E -> Sample	GUI:RobertD3 5	
Best Service	The Best of Gigapack 1 & 2	CD 1 -> GUIT 3 E -> Sample	GUI:RobertE3 6	
Best Service	The Best of Gigapack 1 & 2	CD 1 -> GUIT 3 E -> Sample	GUI:RobertC3 6	
Best Service	The Best of Gigapack 1 & 2	CD 1 -> GUIT 3 E -> Sample	GUI:RobertD3 6	
Best Service	The Best of Gigapack 1 & 2	CD 1 -> GUIT 3 E -> Sample	GUI:RobertE3 7	
Best Service	The Best of Gigapack 1 & 2	CD 1 -> GUIT 3 E -> Sample	GUI:RobertC3 7	
Best Service	The Best of Gigapack 1 & 2	CD 1 -> GUIT 3 E -> Sample	GUI:RobertD3 7	
Best Service	The Best of Gigapack 1 & 2	CD 1 -> GUIT 3 E -> Sample	GUI:RobertE3 8	
Best Service	The Best of Gigapack 1 & 2	CD 1 -> GUIT 4 E -> Program	GUI:DirtyLead1	
Best Service	The Best of Gigapack 1 & 2	CD 1 -> GUIT 4 E -> Program	GUI:DirtyLead2	
Best Service	The Best of Gigapack 1 & 2	CD 1 -> GUIT 4 E -> Program	GUI:DirtyLead3	
Best Service	The Best of Gigapack 1 & 2	CD 1 -> GUIT 4 E -> Sample	GUI:E-FenLong D2	
Best Service	The Best of Gigapack 1 & 2	CD 1 -> GUIT 4 E -> Sample	GUI:E-FenLong C2	
Best Service	The Best of Gigapack 1 & 2	CD 1 -> GUIT 4 E -> Sample	GUI:E-FenLong E2	
Best Service	The Best of Gigapack 1 & 2	CD 1 -> GUIT 4 E -> Sample	GUI:E-FenLong F2	
Best Service	The Best of Gigapack 1 & 2	CD 1 -> GUIT 4 E -> Sample	GUI:E-FenLong G2	
Best Service	The Best of Gigapack 1 & 2	CD 1 -> GUIT 4 E -> Sample	GUI:E-FenLong A2	
Best Service	The Best of Gigapack 1 & 2	CD 1 -> GUIT 4 E -> Sample	GUI:E-FenLong#A2	
Best Service	The Best of Gigapack 1 & 2	CD 1 -> GUIT 4 E -> Sample	GUI:E-FenLong C3	
Best Service	The Best of Gigapack 1 & 2	CD 1 -> GUIT 4 E -> Sample	GUI:E-FenLong D3	
Best Service	The Best of Gigapack 1 & 2	CD 1 -> GUIT 4 E -> Sample	GUI:E-FenLong E3	
Best Service	The Best of Gigapack 1 & 2	CD 1 -> GUIT 4 E -> Sample	GUI:E-FenLong F3	
Best Service	The Best of Gigapack 1 & 2	CD 1 -> GUIT 4 E -> Sample	GUI:E-FenLong G3	
Best Service	The Best of Gigapack 1 & 2	CD 1 -> GUIT 4 E -> Sample	GUI:Drt 2  E2	
Best Service	The Best of Gigapack 1 & 2	CD 1 -> GUIT 4 E -> Sample	GUI:Drt 2  B2	
Best Service	The Best of Gigapack 1 & 2	CD 1 -> GUIT 4 E -> Sample	GUI:Drt 2  F3	
Best Service	The Best of Gigapack 1 & 2	CD 1 -> GUIT 4 E -> Sample	GUI:Drt 2  c4	
Best Service	The Best of Gigapack 1 & 2	CD 1 -> GUIT 4 E -> Sample	GUI:Drt 2  G4	
Best Service	The Best of Gigapack 1 & 2	CD 1 -> GUIT 4 E -> Sample	GUI:Drt 2  D5	
Best Service	The Best of Gigapack 1 & 2	CD 1 -> GUIT 4 E -> Sample	GUI:Drt 2  A5	
Best Service	The Best of Gigapack 1 & 2	CD 1 -> GUIT 4 E -> Sample	GUI:StraDis E	
Best Service	The Best of Gigapack 1 & 2	CD 1 -> GUIT 4 E -> Sample	GUI:StraDis A	
Best Service	The Best of Gigapack 1 & 2	CD 1 -> GUIT 4 E -> Sample	GUI:StraDis D	
Best Service	The Best of Gigapack 1 & 2	CD 1 -> GUIT 4 E -> Sample	GUI:StraDis G	
Best Service	The Best of Gigapack 1 & 2	CD 1 -> GUIT 4 E -> Sample	GUI:StraDis B	
Best Service	The Best of Gigapack 1 & 2	CD 1 -> GUIT 4 E -> Sample	GUI:StraDis E4	
Best Service	The Best of Gigapack 1 & 2	CD 1 -> GUIT 5 E -> Program	Dist Git 2	
Best Service	The Best of Gigapack 1 & 2	CD 1 -> GUIT 5 E -> Program	Strat chorus	
Best Service	The Best of Gigapack 1 & 2	CD 1 -> GUIT 5 E -> Program	JurgStrat 0	
Best Service	The Best of Gigapack 1 & 2	CD 1 -> GUIT 5 E -> Program	JurgStrat Chorus	
Best Service	The Best of Gigapack 1 & 2	CD 1 -> GUIT 5 E -> Sample	New Sample	
Best Service	The Best of Gigapack 1 & 2	CD 1 -> GUIT 5 E -> Sample	New Sample-F1	
Best Service	The Best of Gigapack 1 & 2	CD 1 -> GUIT 5 E -> Sample	New Sample-A1	
Best Service	The Best of Gigapack 1 & 2	CD 1 -> GUIT 5 E -> Sample	New Sample-G2	
Best Service	The Best of Gigapack 1 & 2	CD 1 -> GUIT 5 E -> Sample	New Sample-B2	
Best Service	The Best of Gigapack 1 & 2	CD 1 -> GUIT 5 E -> Sample	New Sample-E3	
Best Service	The Best of Gigapack 1 & 2	CD 1 -> GUIT 5 E -> Sample	New Sample-A#3	
Best Service	The Best of Gigapack 1 & 2	CD 1 -> GUIT 5 E -> Sample	New Sample-E4	
Best Service	The Best of Gigapack 1 & 2	CD 1 -> GUIT 5 E -> Sample	New Sample-E2	
Best Service	The Best of Gigapack 1 & 2	CD 1 -> GUIT 5 E -> Sample	New Sample-C3	
Best Service	The Best of Gigapack 1 & 2	CD 1 -> GUIT 5 E -> Sample	New Sample-B3	
Best Service	The Best of Gigapack 1 & 2	CD 1 -> GUIT 5 E -> Sample	New Sample-B4	
Best Service	The Best of Gigapack 1 & 2	CD 1 -> GUIT 5 E -> Sample	Barchord 11 + Al	
Best Service	The Best of Gigapack 1 & 2	CD 1 -> GUIT 5 E -> Sample	Barchord 12 +Alc	
Best Service	The Best of Gigapack 1 & 2	CD 1 -> GUIT 5 E -> Sample	Barchord 13 + Al	
Best Service	The Best of Gigapack 1 & 2	CD 1 -> ORG01 -> Program	ORG:B3-Organ 1	
Best Service	The Best of Gigapack 1 & 2	CD 1 -> ORG01 -> Program	ORG:B3-Organ 2	
Best Service	The Best of Gigapack 1 & 2	CD 1 -> ORG01 -> Program	ORG:B3-Organ 3	
Best Service	The Best of Gigapack 1 & 2	CD 1 -> ORG01 -> Program	ORG:B3-Organ 4	
Best Service	The Best of Gigapack 1 & 2	CD 1 -> ORG01 -> Program	ORG:VKB3 Distort	
Best Service	The Best of Gigapack 1 & 2	CD 1 -> ORG01 -> Program	ORG:VKB3 DisFast	
Best Service	The Best of Gigapack 1 & 2	CD 1 -> ORG01 -> Program	ORG:VKB3 FulSlow	
Best Service	The Best of Gigapack 1 & 2	CD 1 -> ORG01 -> Program	ORG:VKB3 FulFast	
Best Service	The Best of Gigapack 1 & 2	CD 1 -> ORG01 -> Program	ORG:Mini-Church	
Best Service	The Best of Gigapack 1 & 2	CD 1 -> ORG01 -> Program	ORG:ATTACK !!!	
Best Service	The Best of Gigapack 1 & 2	CD 1 -> ORG01 -> Program	ORG:VKB3 VSwitch	
Best Service	The Best of Gigapack 1 & 2	CD 1 -> ORG01 -> Program	ORG:VKB3 DisVSw	
Best Service	The Best of Gigapack 1 & 2	CD 1 -> ORG01 -> Program	SY Pull 1	
Best Service	The Best of Gigapack 1 & 2	CD 1 -> ORG01 -> Program	SY Pull 2	
Best Service	The Best of Gigapack 1 & 2	CD 1 -> ORG01 -> Sample	ORG:B3.1  C 1	
Best Service	The Best of Gigapack 1 & 2	CD 1 -> ORG01 -> Sample	ORG:B3.1  D 1	
Best Service	The Best of Gigapack 1 & 2	CD 1 -> ORG01 -> Sample	ORG:B3.1  E 1	
Best Service	The Best of Gigapack 1 & 2	CD 1 -> ORG01 -> Sample	ORG:B3.1  F#1	
Best Service	The Best of Gigapack 1 & 2	CD 1 -> ORG01 -> Sample	ORG:B3.1  G#1	
Best Service	The Best of Gigapack 1 & 2	CD 1 -> ORG01 -> Sample	ORG:B3.1  A#1	
Best Service	The Best of Gigapack 1 & 2	CD 1 -> ORG01 -> Sample	ORG:B3.1  C 2	
Best Service	The Best of Gigapack 1 & 2	CD 1 -> ORG01 -> Sample	ORG:B3.1  D 2	
Best Service	The Best of Gigapack 1 & 2	CD 1 -> ORG01 -> Sample	ORG:B3.1  E 2	
Best Service	The Best of Gigapack 1 & 2	CD 1 -> ORG01 -> Sample	ORG:B3.1  F#2	
Best Service	The Best of Gigapack 1 & 2	CD 1 -> ORG01 -> Sample	ORG:B3.1  G#2	
Best Service	The Best of Gigapack 1 & 2	CD 1 -> ORG01 -> Sample	ORG:B3.1  A#2	
Best Service	The Best of Gigapack 1 & 2	CD 1 -> ORG01 -> Sample	ORG:B3.1  C 3	
Best Service	The Best of Gigapack 1 & 2	CD 1 -> ORG01 -> Sample	ORG:B3.1  D 3	
Best Service	The Best of Gigapack 1 & 2	CD 1 -> ORG01 -> Sample	ORG:B3.1  E 3	
Best Service	The Best of Gigapack 1 & 2	CD 1 -> ORG01 -> Sample	ORG:B3.1  F#3	
Best Service	The Best of Gigapack 1 & 2	CD 1 -> ORG01 -> Sample	ORG:B3.1  G#3	
Best Service	The Best of Gigapack 1 & 2	CD 1 -> ORG01 -> Sample	ORG:B3.1  A#3	
Best Service	The Best of Gigapack 1 & 2	CD 1 -> ORG01 -> Sample	ORG:B3.1  C 4	
Best Service	The Best of Gigapack 1 & 2	CD 1 -> ORG01 -> Sample	ORG:B3.1  D 4	
Best Service	The Best of Gigapack 1 & 2	CD 1 -> ORG01 -> Sample	ORG:B3.1  E 4	
Best Service	The Best of Gigapack 1 & 2	CD 1 -> ORG01 -> Sample	ORG:B3.1  F#4	
Best Service	The Best of Gigapack 1 & 2	CD 1 -> ORG01 -> Sample	ORG:B3.1  G#4	
Best Service	The Best of Gigapack 1 & 2	CD 1 -> ORG01 -> Sample	ORG:B3.1  A#4	
Best Service	The Best of Gigapack 1 & 2	CD 1 -> ORG01 -> Sample	ORG:B3.1  C 5	
Best Service	The Best of Gigapack 1 & 2	CD 1 -> ORG01 -> Sample	ORG:B3.1  D 5	
Best Service	The Best of Gigapack 1 & 2	CD 1 -> ORG01 -> Sample	ORG:B3.1  E 5	
Best Service	The Best of Gigapack 1 & 2	CD 1 -> ORG01 -> Sample	ORG:B3.1  F#5	
Best Service	The Best of Gigapack 1 & 2	CD 1 -> ORG01 -> Sample	ORG:B3.1  G#5	
Best Service	The Best of Gigapack 1 & 2	CD 1 -> ORG01 -> Sample	ORG:B3.1  A#5	
Best Service	The Best of Gigapack 1 & 2	CD 1 -> ORG01 -> Sample	ORG:B3.1  C 6	
Best Service	The Best of Gigapack 1 & 2	CD 1 -> ORG01 -> Sample	ORG:EM2or	
Best Service	The Best of Gigapack 1 & 2	CD 1 -> ORG01 -> Sample	ORG:EM1or	
Best Service	The Best of Gigapack 1 & 2	CD 1 -> ORG01 -> Sample	ORG:EM3or	
Best Service	The Best of Gigapack 1 & 2	CD 1 -> ORG01 -> Sample	ORG:EM4or	
Best Service	The Best of Gigapack 1 & 2	CD 1 -> ORG01 -> Sample	ORG:EM5or	
Best Service	The Best of Gigapack 1 & 2	CD 1 -> ORG01 -> Sample	ORG:EM6or	
Best Service	The Best of Gigapack 1 & 2	CD 1 -> ORG01 -> Sample	ORG:EM7or	
Best Service	The Best of Gigapack 1 & 2	CD 1 -> ORG01 -> Sample	ORG:OF1	
Best Service	The Best of Gigapack 1 & 2	CD 1 -> ORG01 -> Sample	ORG:OF2	
Best Service	The Best of Gigapack 1 & 2	CD 1 -> ORG01 -> Sample	ORG:OF3	
Best Service	The Best of Gigapack 1 & 2	CD 1 -> ORG01 -> Sample	ORG:OF4	
Best Service	The Best of Gigapack 1 & 2	CD 1 -> ORG01 -> Sample	ORG:OF5	
Best Service	The Best of Gigapack 1 & 2	CD 1 -> ORG01 -> Sample	ORG:OF6	
Best Service	The Best of Gigapack 1 & 2	CD 1 -> ORG01 -> Sample	ORG:OF7	
Best Service	The Best of Gigapack 1 & 2	CD 1 -> ORG01 -> Sample	ORG:OF8	
Best Service	The Best of Gigapack 1 & 2	CD 1 -> ORG01 -> Sample	ORG:OF9	
Best Service	The Best of Gigapack 1 & 2	CD 1 -> ORG01 -> Sample	ORG:OF10	
Best Service	The Best of Gigapack 1 & 2	CD 1 -> ORG01 -> Sample	ORG:OF11	
Best Service	The Best of Gigapack 1 & 2	CD 1 -> ORG01 -> Sample	ORG:OF12	
Best Service	The Best of Gigapack 1 & 2	CD 1 -> ORG01 -> Sample	ORG:OF13	
Best Service	The Best of Gigapack 1 & 2	CD 1 -> ORG01 -> Sample	ORG:OF14	
Best Service	The Best of Gigapack 1 & 2	CD 1 -> ORG01 -> Sample	ORG:OF15	
Best Service	The Best of Gigapack 1 & 2	CD 1 -> ORG01 -> Sample	ORG:OF16	
Best Service	The Best of Gigapack 1 & 2	CD 1 -> ORG01 -> Sample	ORG:OF17	
Best Service	The Best of Gigapack 1 & 2	CD 1 -> ORG01 -> Sample	ORG:OF18	
Best Service	The Best of Gigapack 1 & 2	CD 1 -> ORG01 -> Sample	ORG:O1	
Best Service	The Best of Gigapack 1 & 2	CD 1 -> ORG01 -> Sample	ORG:O2	
Best Service	The Best of Gigapack 1 & 2	CD 1 -> ORG01 -> Sample	ORG:O3	
Best Service	The Best of Gigapack 1 & 2	CD 1 -> ORG01 -> Sample	ORG:O4	
Best Service	The Best of Gigapack 1 & 2	CD 1 -> ORG01 -> Sample	ORG:O5	
Best Service	The Best of Gigapack 1 & 2	CD 1 -> ORG01 -> Sample	ORG:O6	
Best Service	The Best of Gigapack 1 & 2	CD 1 -> ORG01 -> Sample	ORG:O7	
Best Service	The Best of Gigapack 1 & 2	CD 1 -> ORG01 -> Sample	ORG:VK Org F2	
Best Service	The Best of Gigapack 1 & 2	CD 1 -> ORG01 -> Sample	ORG:VK Org E3	
Best Service	The Best of Gigapack 1 & 2	CD 1 -> ORG01 -> Sample	ORG:VK Org D4	
Best Service	The Best of Gigapack 1 & 2	CD 1 -> ORG01 -> Sample	ORG:VK Org B4	
Best Service	The Best of Gigapack 1 & 2	CD 1 -> ORG01 -> Sample	ORG:VK Org G5#	
Best Service	The Best of Gigapack 1 & 2	CD 1 -> ORG01 -> Sample	ORG:VK Org F6	
Best Service	The Best of Gigapack 1 & 2	CD 1 -> ORG01 -> Sample	ORG:VK Org4E2	
Best Service	The Best of Gigapack 1 & 2	CD 1 -> ORG01 -> Sample	ORG:VK Org4C3	
Best Service	The Best of Gigapack 1 & 2	CD 1 -> ORG01 -> Sample	ORG:VK Org4F3#	
Best Service	The Best of Gigapack 1 & 2	CD 1 -> ORG01 -> Sample	ORG:VK Org4C4	
Best Service	The Best of Gigapack 1 & 2	CD 1 -> ORG01 -> Sample	ORG:VK Org4F4#	
Best Service	The Best of Gigapack 1 & 2	CD 1 -> ORG01 -> Sample	ORG:VK Org4C5	
Best Service	The Best of Gigapack 1 & 2	CD 1 -> ORG01 -> Sample	ORG:VK Org4F5#	
Best Service	The Best of Gigapack 1 & 2	CD 1 -> ORG01 -> Sample	ORG:VK Org4C6	
Best Service	The Best of Gigapack 1 & 2	CD 1 -> ORG01 -> Sample	ORG:VK Org4F6#	
Best Service	The Best of Gigapack 1 & 2	CD 1 -> ORG01 -> Sample	ORG:VK Org2 E2	
Best Service	The Best of Gigapack 1 & 2	CD 1 -> ORG01 -> Sample	ORG:VK Org2 E3	
Best Service	The Best of Gigapack 1 & 2	CD 1 -> ORG01 -> Sample	ORG:VK Org2 D4	
Best Service	The Best of Gigapack 1 & 2	CD 1 -> ORG01 -> Sample	ORG:VK Org2 A4#	
Best Service	The Best of Gigapack 1 & 2	CD 1 -> ORG01 -> Sample	ORG:VK Org2 G5#	
Best Service	The Best of Gigapack 1 & 2	CD 1 -> ORG01 -> Sample	ORG:VK Org2 E6	
Best Service	The Best of Gigapack 1 & 2	CD 1 -> ORG01 -> Sample	ORG:VK Org3  E2	
Best Service	The Best of Gigapack 1 & 2	CD 1 -> ORG01 -> Sample	ORG:VK Org3  C3	
Best Service	The Best of Gigapack 1 & 2	CD 1 -> ORG01 -> Sample	ORG:VK Org3 #F3	
Best Service	The Best of Gigapack 1 & 2	CD 1 -> ORG01 -> Sample	ORG:VK Org3  C4	
Best Service	The Best of Gigapack 1 & 2	CD 1 -> ORG01 -> Sample	ORG:VK Org3  F4#	
Best Service	The Best of Gigapack 1 & 2	CD 1 -> ORG01 -> Sample	ORG:VK Org3  C5	
Best Service	The Best of Gigapack 1 & 2	CD 1 -> ORG01 -> Sample	ORG:VK Org3  F5#	
Best Service	The Best of Gigapack 1 & 2	CD 1 -> ORG01 -> Sample	ORG:VK Org3  C6	
Best Service	The Best of Gigapack 1 & 2	CD 1 -> ORG01 -> Sample	ORG:VK Org3  F6#	
Best Service	The Best of Gigapack 1 & 2	CD 1 -> ORG01 -> Sample	ORG:Organ ?	
Best Service	The Best of Gigapack 1 & 2	CD 1 -> ORG01 -> Sample	ORG:Smac 1 C2	
Best Service	The Best of Gigapack 1 & 2	CD 1 -> ORG01 -> Sample	ORG:Smac 1 D#2	
Best Service	The Best of Gigapack 1 & 2	CD 1 -> ORG01 -> Sample	ORG:Smac 1 F#2	
Best Service	The Best of Gigapack 1 & 2	CD 1 -> ORG01 -> Sample	ORG:Smac 1 A2	
Best Service	The Best of Gigapack 1 & 2	CD 1 -> ORG01 -> Sample	ORG:Smac 1 C3	
Best Service	The Best of Gigapack 1 & 2	CD 1 -> ORG01 -> Sample	ORG:Smac 1 D#3	
Best Service	The Best of Gigapack 1 & 2	CD 1 -> ORG01 -> Sample	ORG:Smac 1 F#3	
Best Service	The Best of Gigapack 1 & 2	CD 1 -> ORG01 -> Sample	ORG:Smac 1 A3	
Best Service	The Best of Gigapack 1 & 2	CD 1 -> ORG01 -> Sample	ORG:Smac 1 C4	
Best Service	The Best of Gigapack 1 & 2	CD 1 -> ORG01 -> Sample	ORG:Smac 1 D#4	
Best Service	The Best of Gigapack 1 & 2	CD 1 -> ORG01 -> Sample	ORG:Smac 1 F#4	
Best Service	The Best of Gigapack 1 & 2	CD 1 -> ORG01 -> Sample	ORG:Smac 1 A4	
Best Service	The Best of Gigapack 1 & 2	CD 1 -> ORG01 -> Sample	ORG:Smac 1 C5	
Best Service	The Best of Gigapack 1 & 2	CD 1 -> ORG01 -> Sample	ORG:Smac 1 D#5	
Best Service	The Best of Gigapack 1 & 2	CD 1 -> ORG01 -> Sample	ORG:Smac 1 F#5	
Best Service	The Best of Gigapack 1 & 2	CD 1 -> ORG01 -> Sample	ORG:Smac 1 A5	
Best Service	The Best of Gigapack 1 & 2	CD 1 -> ORG01 -> Sample	ORG:Smac 1 C6	
Best Service	The Best of Gigapack 1 & 2	CD 1 -> ORG01 -> Sample	Sy Pull	
Best Service	The Best of Gigapack 1 & 2	CD 1 -> ORG01 -> Sample	Sy Pull-B4	
Best Service	The Best of Gigapack 1 & 2	CD 1 -> ORG01 -> Sample	New Saw Or	
Best Service	The Best of Gigapack 1 & 2	CD 1 -> ORG01 -> Sample	New Saw Or-C5	
Best Service	The Best of Gigapack 1 & 2	CD 1 -> DL  80 1 -> Program	80: 80/01 Loops	
Best Service	The Best of Gigapack 1 & 2	CD 1 -> DL  80 1 -> Sample	80:L001	
Best Service	The Best of Gigapack 1 & 2	CD 1 -> DL  80 1 -> Sample	80:L002	
Best Service	The Best of Gigapack 1 & 2	CD 1 -> DL  80 1 -> Sample	80:L003	
Best Service	The Best of Gigapack 1 & 2	CD 1 -> DL  80 1 -> Sample	80:L004	
Best Service	The Best of Gigapack 1 & 2	CD 1 -> DL  80 1 -> Sample	80:L005	
Best Service	The Best of Gigapack 1 & 2	CD 1 -> DL  80 1 -> Sample	80:L006	
Best Service	The Best of Gigapack 1 & 2	CD 1 -> DL  80 1 -> Sample	80:L007	
Best Service	The Best of Gigapack 1 & 2	CD 1 -> DL  80 2 -> Program	80: 80/02 Loops	
Best Service	The Best of Gigapack 1 & 2	CD 1 -> DL  80 2 -> Sample	80:L008	
Best Service	The Best of Gigapack 1 & 2	CD 1 -> DL  80 2 -> Sample	80:L009	
Best Service	The Best of Gigapack 1 & 2	CD 1 -> DL  80 2 -> Sample	80:L010	
Best Service	The Best of Gigapack 1 & 2	CD 1 -> DL  80 2 -> Sample	80:L011	
Best Service	The Best of Gigapack 1 & 2	CD 1 -> DL  80 2 -> Sample	80:L012	
Best Service	The Best of Gigapack 1 & 2	CD 1 -> DL  80 2 -> Sample	80:L013	
Best Service	The Best of Gigapack 1 & 2	CD 1 -> DL  80 3 -> Program	80: 80/03 Loops	
Best Service	The Best of Gigapack 1 & 2	CD 1 -> DL  80 3 -> Sample	80:L014	
Best Service	The Best of Gigapack 1 & 2	CD 1 -> DL  80 3 -> Sample	80:L015	
Best Service	The Best of Gigapack 1 & 2	CD 1 -> DL  80 3 -> Sample	80:L016	
Best Service	The Best of Gigapack 1 & 2	CD 1 -> DL  80 3 -> Sample	80:L017	
Best Service	The Best of Gigapack 1 & 2	CD 1 -> DL  80 3 -> Sample	80:L018	
Best Service	The Best of Gigapack 1 & 2	CD 1 -> DL  90 1 -> Program	90: 90/01 Loops	
Best Service	The Best of Gigapack 1 & 2	CD 1 -> DL  90 1 -> Sample	90:L019	
Best Service	The Best of Gigapack 1 & 2	CD 1 -> DL  90 1 -> Sample	90:L020	
Best Service	The Best of Gigapack 1 & 2	CD 1 -> DL  90 1 -> Sample	90:L021	
Best Service	The Best of Gigapack 1 & 2	CD 1 -> DL  90 1 -> Sample	90:L022	
Best Service	The Best of Gigapack 1 & 2	CD 1 -> DL  90 1 -> Sample	90:L023	
Best Service	The Best of Gigapack 1 & 2	CD 1 -> DL  90 1 -> Sample	90:L024	
Best Service	The Best of Gigapack 1 & 2	CD 1 -> DL  90 1 -> Sample	90:L025	
Best Service	The Best of Gigapack 1 & 2	CD 1 -> DL  90 1 -> Sample	90:L026	
Best Service	The Best of Gigapack 1 & 2	CD 1 -> DL  90 1 -> Sample	90:L027	
Best Service	The Best of Gigapack 1 & 2	CD 1 -> DL  90 1 -> Sample	90:L028	
Best Service	The Best of Gigapack 1 & 2	CD 1 -> DL  90 2 -> Program	90: 90/02 Loops	
Best Service	The Best of Gigapack 1 & 2	CD 1 -> DL  90 2 -> Sample	90:L029	
Best Service	The Best of Gigapack 1 & 2	CD 1 -> DL  90 2 -> Sample	90:L030	
Best Service	The Best of Gigapack 1 & 2	CD 1 -> DL  90 2 -> Sample	90:L031	
Best Service	The Best of Gigapack 1 & 2	CD 1 -> DL  90 2 -> Sample	90:L032	
Best Service	The Best of Gigapack 1 & 2	CD 1 -> DL  90 2 -> Sample	90:L033	
Best Service	The Best of Gigapack 1 & 2	CD 1 -> DL  90 2 -> Sample	90:L034	
Best Service	The Best of Gigapack 1 & 2	CD 1 -> DL  90 2 -> Sample	90:L035	
Best Service	The Best of Gigapack 1 & 2	CD 1 -> DL 100 1 -> Program	100:100/01 Loops	
Best Service	The Best of Gigapack 1 & 2	CD 1 -> DL 100 1 -> Sample	100:L036	
Best Service	The Best of Gigapack 1 & 2	CD 1 -> DL 100 1 -> Sample	100:L037	
Best Service	The Best of Gigapack 1 & 2	CD 1 -> DL 100 1 -> Sample	100:L038	
Best Service	The Best of Gigapack 1 & 2	CD 1 -> DL 100 1 -> Sample	100:L039	
Best Service	The Best of Gigapack 1 & 2	CD 1 -> DL 100 1 -> Sample	100:L040	
Best Service	The Best of Gigapack 1 & 2	CD 1 -> DL 100 1 -> Sample	100:L041	
Best Service	The Best of Gigapack 1 & 2	CD 1 -> DL 100 1 -> Sample	100:L042	
Best Service	The Best of Gigapack 1 & 2	CD 1 -> DL 100 1 -> Sample	100:L043	
Best Service	The Best of Gigapack 1 & 2	CD 1 -> DL 100 1 -> Sample	100:L044	
Best Service	The Best of Gigapack 1 & 2	CD 1 -> DL 100 2 -> Program	100:100/02 Loops	
Best Service	The Best of Gigapack 1 & 2	CD 1 -> DL 100 2 -> Sample	100:L045	
Best Service	The Best of Gigapack 1 & 2	CD 1 -> DL 100 2 -> Sample	100:L046	
Best Service	The Best of Gigapack 1 & 2	CD 1 -> DL 100 2 -> Sample	100:L047	
Best Service	The Best of Gigapack 1 & 2	CD 1 -> DL 100 2 -> Sample	100:L048	
Best Service	The Best of Gigapack 1 & 2	CD 1 -> DL 100 2 -> Sample	100:L049	
Best Service	The Best of Gigapack 1 & 2	CD 1 -> DL 100 2 -> Sample	100:L050	
Best Service	The Best of Gigapack 1 & 2	CD 1 -> DL 100 2 -> Sample	100:L051	
Best Service	The Best of Gigapack 1 & 2	CD 1 -> DL 100 3 -> Program	100:100/03 Loops	
Best Service	The Best of Gigapack 1 & 2	CD 1 -> DL 100 3 -> Sample	100:L052	
Best Service	The Best of Gigapack 1 & 2	CD 1 -> DL 100 3 -> Sample	100:L053	
Best Service	The Best of Gigapack 1 & 2	CD 1 -> DL 100 3 -> Sample	100:L054	
Best Service	The Best of Gigapack 1 & 2	CD 1 -> DL 100 3 -> Sample	100:L055	
Best Service	The Best of Gigapack 1 & 2	CD 1 -> DL 100 3 -> Sample	100:L056	
Best Service	The Best of Gigapack 1 & 2	CD 1 -> DL 100 3 -> Sample	100:L057	
Best Service	The Best of Gigapack 1 & 2	CD 1 -> DL 100 3 -> Sample	100:L058	
Best Service	The Best of Gigapack 1 & 2	CD 1 -> DL 100 3 -> Sample	100:L059	
Best Service	The Best of Gigapack 1 & 2	CD 1 -> DL 100 3 -> Sample	100:L060	
Best Service	The Best of Gigapack 1 & 2	CD 1 -> DL 100 4 -> Program	100:100/04 Loops	
Best Service	The Best of Gigapack 1 & 2	CD 1 -> DL 100 4 -> Sample	100:L061	
Best Service	The Best of Gigapack 1 & 2	CD 1 -> DL 100 4 -> Sample	100:L062	
Best Service	The Best of Gigapack 1 & 2	CD 1 -> DL 100 4 -> Sample	100:L063	
Best Service	The Best of Gigapack 1 & 2	CD 1 -> DL 100 4 -> Sample	100:L064	
Best Service	The Best of Gigapack 1 & 2	CD 1 -> DL 100 4 -> Sample	100:L065	
Best Service	The Best of Gigapack 1 & 2	CD 1 -> DL 100 4 -> Sample	100:L066	
Best Service	The Best of Gigapack 1 & 2	CD 1 -> DL 100 4 -> Sample	100:L067	
Best Service	The Best of Gigapack 1 & 2	CD 1 -> DL 100 5 -> Program	100:100/05 Loops	
Best Service	The Best of Gigapack 1 & 2	CD 1 -> DL 100 5 -> Sample	100:L068	
Best Service	The Best of Gigapack 1 & 2	CD 1 -> DL 100 5 -> Sample	100:L069	
Best Service	The Best of Gigapack 1 & 2	CD 1 -> DL 100 5 -> Sample	100:L070	
Best Service	The Best of Gigapack 1 & 2	CD 1 -> DL 100 5 -> Sample	100:L071	
Best Service	The Best of Gigapack 1 & 2	CD 1 -> DL 100 5 -> Sample	100:L072	
Best Service	The Best of Gigapack 1 & 2	CD 1 -> DL 100 5 -> Sample	100:L073	
Best Service	The Best of Gigapack 1 & 2	CD 1 -> DL 100 5 -> Sample	100:L074	
Best Service	The Best of Gigapack 1 & 2	CD 1 -> DL 100 5 -> Sample	100:L075	
Best Service	The Best of Gigapack 1 & 2	CD 1 -> DL 100 5 -> Sample	100:L076	
Best Service	The Best of Gigapack 1 & 2	CD 1 -> DL 100 6 -> Program	100:100/06 Loops	
Best Service	The Best of Gigapack 1 & 2	CD 1 -> DL 100 6 -> Sample	100:L077	
Best Service	The Best of Gigapack 1 & 2	CD 1 -> DL 100 6 -> Sample	100:L078	
Best Service	The Best of Gigapack 1 & 2	CD 1 -> DL 100 6 -> Sample	100:L079	
Best Service	The Best of Gigapack 1 & 2	CD 1 -> DL 100 6 -> Sample	100:L080	
Best Service	The Best of Gigapack 1 & 2	CD 1 -> DL 100 6 -> Sample	100:L081	
Best Service	The Best of Gigapack 1 & 2	CD 1 -> DL 100 6 -> Sample	100:L082	
Best Service	The Best of Gigapack 1 & 2	CD 1 -> DL 110 1 -> Program	110:110/01 Loops	
Best Service	The Best of Gigapack 1 & 2	CD 1 -> DL 110 1 -> Sample	110:L083	
Best Service	The Best of Gigapack 1 & 2	CD 1 -> DL 110 1 -> Sample	110:L084	
Best Service	The Best of Gigapack 1 & 2	CD 1 -> DL 110 1 -> Sample	110:L085	
Best Service	The Best of Gigapack 1 & 2	CD 1 -> DL 110 1 -> Sample	110:L086	
Best Service	The Best of Gigapack 1 & 2	CD 1 -> DL 110 1 -> Sample	110:L087	
Best Service	The Best of Gigapack 1 & 2	CD 1 -> DL 110 1 -> Sample	110:L088	
Best Service	The Best of Gigapack 1 & 2	CD 1 -> DL 110 1 -> Sample	110:L089	
Best Service	The Best of Gigapack 1 & 2	CD 1 -> DL 110 1 -> Sample	110:L090	
Best Service	The Best of Gigapack 1 & 2	CD 1 -> DL 110 2 -> Program	110:110/02 Loops	
Best Service	The Best of Gigapack 1 & 2	CD 1 -> DL 110 2 -> Sample	110:L091	
Best Service	The Best of Gigapack 1 & 2	CD 1 -> DL 110 2 -> Sample	110:L092	
Best Service	The Best of Gigapack 1 & 2	CD 1 -> DL 110 2 -> Sample	110:L093	
Best Service	The Best of Gigapack 1 & 2	CD 1 -> DL 110 2 -> Sample	110:L094	
Best Service	The Best of Gigapack 1 & 2	CD 1 -> DL 110 2 -> Sample	110:L095	
Best Service	The Best of Gigapack 1 & 2	CD 1 -> DL 110 2 -> Sample	110:L096	
Best Service	The Best of Gigapack 1 & 2	CD 1 -> DL 110 2 -> Sample	110:L097	
Best Service	The Best of Gigapack 1 & 2	CD 1 -> DL 110 2 -> Sample	110:L098	
Best Service	The Best of Gigapack 1 & 2	CD 1 -> DL 110 2 -> Sample	110:L099	
Best Service	The Best of Gigapack 1 & 2	CD 1 -> DL 110 3 -> Program	110:110/03 Loops	
Best Service	The Best of Gigapack 1 & 2	CD 1 -> DL 110 3 -> Sample	110:L100	
Best Service	The Best of Gigapack 1 & 2	CD 1 -> DL 110 3 -> Sample	110:L101	
Best Service	The Best of Gigapack 1 & 2	CD 1 -> DL 110 3 -> Sample	110:L102	
Best Service	The Best of Gigapack 1 & 2	CD 1 -> DL 110 3 -> Sample	110:L103	
Best Service	The Best of Gigapack 1 & 2	CD 1 -> DL 110 3 -> Sample	110:L104	
Best Service	The Best of Gigapack 1 & 2	CD 1 -> DL 110 3 -> Sample	110:L105	
Best Service	The Best of Gigapack 1 & 2	CD 1 -> DL 110 3 -> Sample	110:L106	
Best Service	The Best of Gigapack 1 & 2	CD 1 -> DL 110 3 -> Sample	110:L107	
Best Service	The Best of Gigapack 1 & 2	CD 1 -> DL 110 4 -> Program	110:110/04 Loops	
Best Service	The Best of Gigapack 1 & 2	CD 1 -> DL 110 4 -> Sample	110:L108	
Best Service	The Best of Gigapack 1 & 2	CD 1 -> DL 110 4 -> Sample	110:L109	
Best Service	The Best of Gigapack 1 & 2	CD 1 -> DL 110 4 -> Sample	110:L110	
Best Service	The Best of Gigapack 1 & 2	CD 1 -> DL 110 4 -> Sample	110:L111	
Best Service	The Best of Gigapack 1 & 2	CD 1 -> DL 110 4 -> Sample	110:L112	
Best Service	The Best of Gigapack 1 & 2	CD 1 -> DL 110 4 -> Sample	110:L113	
Best Service	The Best of Gigapack 1 & 2	CD 1 -> DL 110 4 -> Sample	110:L114	
Best Service	The Best of Gigapack 1 & 2	CD 1 -> DL 110 4 -> Sample	110:L115	
Best Service	The Best of Gigapack 1 & 2	CD 1 -> DL 110 5 -> Program	110:110/05 Loops	
Best Service	The Best of Gigapack 1 & 2	CD 1 -> DL 110 5 -> Sample	110:L116	
Best Service	The Best of Gigapack 1 & 2	CD 1 -> DL 110 5 -> Sample	110:L117      -R	
Best Service	The Best of Gigapack 1 & 2	CD 1 -> DL 110 5 -> Sample	110:L117      -L	
Best Service	The Best of Gigapack 1 & 2	CD 1 -> DL 110 5 -> Sample	110:L118	
Best Service	The Best of Gigapack 1 & 2	CD 1 -> DL 110 5 -> Sample	110:L119	
Best Service	The Best of Gigapack 1 & 2	CD 1 -> DL 110 5 -> Sample	110:L120	
Best Service	The Best of Gigapack 1 & 2	CD 1 -> DL 110 5 -> Sample	110:L121	
Best Service	The Best of Gigapack 1 & 2	CD 1 -> DL 110 5 -> Sample	110:L122	
Best Service	The Best of Gigapack 1 & 2	CD 1 -> DL 110 5 -> Sample	110:L123	
Best Service	The Best of Gigapack 1 & 2	CD 1 -> DL 110 6 -> Program	110:110/06 Loops	
Best Service	The Best of Gigapack 1 & 2	CD 1 -> DL 110 6 -> Sample	110:L124	
Best Service	The Best of Gigapack 1 & 2	CD 1 -> DL 110 6 -> Sample	110:L125	
Best Service	The Best of Gigapack 1 & 2	CD 1 -> DL 110 6 -> Sample	110:L126	
Best Service	The Best of Gigapack 1 & 2	CD 1 -> DL 110 6 -> Sample	110:L127	
Best Service	The Best of Gigapack 1 & 2	CD 1 -> DL 110 6 -> Sample	110:L128	
Best Service	The Best of Gigapack 1 & 2	CD 1 -> DL 110 6 -> Sample	110:L129	
Best Service	The Best of Gigapack 1 & 2	CD 1 -> DL 110 6 -> Sample	110:L130	
Best Service	The Best of Gigapack 1 & 2	CD 1 -> DL 110 6 -> Sample	110:L131	
Best Service	The Best of Gigapack 1 & 2	CD 1 -> DL 110 6 -> Sample	110:L132	
Best Service	The Best of Gigapack 1 & 2	CD 1 -> DL 110 6 -> Sample	110:L133	
Best Service	The Best of Gigapack 1 & 2	CD 1 -> DL 110 6 -> Sample	110:L134	
Best Service	The Best of Gigapack 1 & 2	CD 1 -> DR BD14S -> Program	BD:BD R s2B all	
Best Service	The Best of Gigapack 1 & 2	CD 1 -> DR BD14S -> Program	BD:BD R s2B  01	
Best Service	The Best of Gigapack 1 & 2	CD 1 -> DR BD14S -> Program	BD:BD R s2B  02	
Best Service	The Best of Gigapack 1 & 2	CD 1 -> DR BD14S -> Program	BD:BD R s2B  03	
Best Service	The Best of Gigapack 1 & 2	CD 1 -> DR BD14S -> Program	BD:BD R s2B  04	
Best Service	The Best of Gigapack 1 & 2	CD 1 -> DR BD14S -> Program	BD:BD R s2B  05	
Best Service	The Best of Gigapack 1 & 2	CD 1 -> DR BD14S -> Program	BD:BD R s2B  06	
Best Service	The Best of Gigapack 1 & 2	CD 1 -> DR BD14S -> Program	BD:BD R s2B  07	
Best Service	The Best of Gigapack 1 & 2	CD 1 -> DR BD14S -> Program	BD:BD R s2B  08	
Best Service	The Best of Gigapack 1 & 2	CD 1 -> DR BD14S -> Program	BD:BD R s2B  09	
Best Service	The Best of Gigapack 1 & 2	CD 1 -> DR BD14S -> Program	BD:BD R s2B  10	
Best Service	The Best of Gigapack 1 & 2	CD 1 -> DR BD14S -> Program	BD:BD R s2B  11	
Best Service	The Best of Gigapack 1 & 2	CD 1 -> DR BD14S -> Program	BD:BD R s2B  12	
Best Service	The Best of Gigapack 1 & 2	CD 1 -> DR BD14S -> Program	BD:BD R s2B  13	
Best Service	The Best of Gigapack 1 & 2	CD 1 -> DR BD14S -> Program	BD:BD R s2B  14	
Best Service	The Best of Gigapack 1 & 2	CD 1 -> DR BD14S -> Program	BD:BD R s2B  15	
Best Service	The Best of Gigapack 1 & 2	CD 1 -> DR BD14S -> Program	BD:BD R s2B  16	
Best Service	The Best of Gigapack 1 & 2	CD 1 -> DR BD14S -> Program	BD:BD R s2B  17	
Best Service	The Best of Gigapack 1 & 2	CD 1 -> DR BD14S -> Program	BD:BD R s2B  18	
Best Service	The Best of Gigapack 1 & 2	CD 1 -> DR BD14S -> Sample	BD:bd-040	
Best Service	The Best of Gigapack 1 & 2	CD 1 -> DR BD14S -> Sample	BD:bd-041	
Best Service	The Best of Gigapack 1 & 2	CD 1 -> DR BD14S -> Sample	BD:bd-042	
Best Service	The Best of Gigapack 1 & 2	CD 1 -> DR BD14S -> Sample	BD:bd-043	
Best Service	The Best of Gigapack 1 & 2	CD 1 -> DR BD14S -> Sample	BD:bd-045	
Best Service	The Best of Gigapack 1 & 2	CD 1 -> DR BD14S -> Sample	BD:bd-046	
Best Service	The Best of Gigapack 1 & 2	CD 1 -> DR BD14S -> Sample	BD:bd-047	
Best Service	The Best of Gigapack 1 & 2	CD 1 -> DR BD14S -> Sample	BD:bd-048	
Best Service	The Best of Gigapack 1 & 2	CD 1 -> DR BD14S -> Sample	BD:bd-050	
Best Service	The Best of Gigapack 1 & 2	CD 1 -> DR BD14S -> Sample	BD:bd-051	
Best Service	The Best of Gigapack 1 & 2	CD 1 -> DR BD14S -> Sample	BD:bd-052	
Best Service	The Best of Gigapack 1 & 2	CD 1 -> DR BD14S -> Sample	BD:bd-053	
Best Service	The Best of Gigapack 1 & 2	CD 1 -> DR BD14S -> Sample	BD:bd-054	
Best Service	The Best of Gigapack 1 & 2	CD 1 -> DR BD14S -> Sample	BD:bd-055	
Best Service	The Best of Gigapack 1 & 2	CD 1 -> DR BD14S -> Sample	BD:bd-056	
Best Service	The Best of Gigapack 1 & 2	CD 1 -> DR BD14S -> Sample	BD:bd-057	
Best Service	The Best of Gigapack 1 & 2	CD 1 -> DR BD14S -> Sample	BD:bd-058	
Best Service	The Best of Gigapack 1 & 2	CD 1 -> DR BD14S -> Sample	BD:bd-059	
Best Service	The Best of Gigapack 1 & 2	CD 1 -> DR BD14S -> Sample	BD:bd-060	
Best Service	The Best of Gigapack 1 & 2	CD 1 -> DR BD14S -> Sample	BD:bd-061	
Best Service	The Best of Gigapack 1 & 2	CD 1 -> DR BD14S -> Sample	BD:bd-062	
Best Service	The Best of Gigapack 1 & 2	CD 1 -> DR BD14S -> Sample	BD:bd-063	
Best Service	The Best of Gigapack 1 & 2	CD 1 -> DR BD14S -> Sample	BD:bd-065	
Best Service	The Best of Gigapack 1 & 2	CD 1 -> DR BD14S -> Sample	BD:bd-066	
Best Service	The Best of Gigapack 1 & 2	CD 1 -> DR BD14S -> Sample	BD:bd-067	
Best Service	The Best of Gigapack 1 & 2	CD 1 -> DR BD14S -> Sample	BD:bd-068	
Best Service	The Best of Gigapack 1 & 2	CD 1 -> DR BD14S -> Sample	BD:bd-070	
Best Service	The Best of Gigapack 1 & 2	CD 1 -> DR BD14S -> Sample	BD:bd-071	
Best Service	The Best of Gigapack 1 & 2	CD 1 -> DR BD14S -> Sample	BD:bd-074	
Best Service	The Best of Gigapack 1 & 2	CD 1 -> DR BD14S -> Sample	BD:bd-075	
Best Service	The Best of Gigapack 1 & 2	CD 1 -> DR BD14S -> Sample	BD:bd-079	
Best Service	The Best of Gigapack 1 & 2	CD 1 -> DR BD14S -> Sample	BD:bd-080	
Best Service	The Best of Gigapack 1 & 2	CD 1 -> DR BD14S -> Sample	BD:bd-081	
Best Service	The Best of Gigapack 1 & 2	CD 1 -> DR BD14S -> Sample	BD:bd-082	
Best Service	The Best of Gigapack 1 & 2	CD 1 -> DR BD14S -> Sample	BD:bd-083	
Best Service	The Best of Gigapack 1 & 2	CD 1 -> DR BD14S -> Sample	BD:bd-084	
Best Service	The Best of Gigapack 1 & 2	CD 1 -> DL 120 1 -> Program	120:120/01 Loops	
Best Service	The Best of Gigapack 1 & 2	CD 1 -> DL 120 1 -> Sample	120:L139	
Best Service	The Best of Gigapack 1 & 2	CD 1 -> DL 120 1 -> Sample	120:L140	
Best Service	The Best of Gigapack 1 & 2	CD 1 -> DL 120 1 -> Sample	120:L141	
Best Service	The Best of Gigapack 1 & 2	CD 1 -> DL 120 1 -> Sample	120:L142	
Best Service	The Best of Gigapack 1 & 2	CD 1 -> DL 120 1 -> Sample	120:L143	
Best Service	The Best of Gigapack 1 & 2	CD 1 -> DL 120 1 -> Sample	120:L144	
Best Service	The Best of Gigapack 1 & 2	CD 1 -> DL 120 1 -> Sample	120:L145	
Best Service	The Best of Gigapack 1 & 2	CD 1 -> DL 120 1 -> Sample	120:L146	
Best Service	The Best of Gigapack 1 & 2	CD 1 -> DL 120 1 -> Sample	120:L147	
Best Service	The Best of Gigapack 1 & 2	CD 1 -> DL 120 1 -> Sample	120:L148	
Best Service	The Best of Gigapack 1 & 2	CD 1 -> DL 120 1 -> Sample	120:L149	
Best Service	The Best of Gigapack 1 & 2	CD 1 -> DL 120 2 -> Program	120:120/02 Loops	
Best Service	The Best of Gigapack 1 & 2	CD 1 -> DL 120 2 -> Sample	120:L150	
Best Service	The Best of Gigapack 1 & 2	CD 1 -> DL 120 2 -> Sample	120:L151	
Best Service	The Best of Gigapack 1 & 2	CD 1 -> DL 120 2 -> Sample	120:L152	
Best Service	The Best of Gigapack 1 & 2	CD 1 -> DL 120 2 -> Sample	120:L153	
Best Service	The Best of Gigapack 1 & 2	CD 1 -> DL 120 2 -> Sample	120:L154	
Best Service	The Best of Gigapack 1 & 2	CD 1 -> DL 120 2 -> Sample	120:L155	
Best Service	The Best of Gigapack 1 & 2	CD 1 -> DL 120 2 -> Sample	120:L156	
Best Service	The Best of Gigapack 1 & 2	CD 1 -> DL 120 2 -> Sample	120:L157	
Best Service	The Best of Gigapack 1 & 2	CD 1 -> DL 120 2 -> Sample	120:L158	
Best Service	The Best of Gigapack 1 & 2	CD 1 -> DL 120 2 -> Sample	120:L159	
Best Service	The Best of Gigapack 1 & 2	CD 1 -> DL 120 2 -> Sample	120:L160	
Best Service	The Best of Gigapack 1 & 2	CD 1 -> DL 120 3 -> Program	120:120/03 Loops	
Best Service	The Best of Gigapack 1 & 2	CD 1 -> DL 120 3 -> Sample	120:L161	
Best Service	The Best of Gigapack 1 & 2	CD 1 -> DL 120 3 -> Sample	120:L162	
Best Service	The Best of Gigapack 1 & 2	CD 1 -> DL 120 3 -> Sample	120:L163	
Best Service	The Best of Gigapack 1 & 2	CD 1 -> DL 120 3 -> Sample	120:L164	
Best Service	The Best of Gigapack 1 & 2	CD 1 -> DL 120 3 -> Sample	120:L165	
Best Service	The Best of Gigapack 1 & 2	CD 1 -> DL 120 3 -> Sample	120:L166	
Best Service	The Best of Gigapack 1 & 2	CD 1 -> DL 120 3 -> Sample	120:L167	
Best Service	The Best of Gigapack 1 & 2	CD 1 -> DL 120 3 -> Sample	120:L168	
Best Service	The Best of Gigapack 1 & 2	CD 1 -> DL 120 3 -> Sample	120:L169	
Best Service	The Best of Gigapack 1 & 2	CD 1 -> DL 120 3 -> Sample	120:L170	
Best Service	The Best of Gigapack 1 & 2	CD 1 -> DL 120 3 -> Sample	120:L171	
Best Service	The Best of Gigapack 1 & 2	CD 1 -> DL 120 4 -> Program	120:120/04 Loops	
Best Service	The Best of Gigapack 1 & 2	CD 1 -> DL 120 4 -> Sample	120:L172	
Best Service	The Best of Gigapack 1 & 2	CD 1 -> DL 120 4 -> Sample	120:L173	
Best Service	The Best of Gigapack 1 & 2	CD 1 -> DL 120 4 -> Sample	120:L174	
Best Service	The Best of Gigapack 1 & 2	CD 1 -> DL 120 4 -> Sample	120:L175	
Best Service	The Best of Gigapack 1 & 2	CD 1 -> DL 120 4 -> Sample	120:L176	
Best Service	The Best of Gigapack 1 & 2	CD 1 -> DL 120 4 -> Sample	120:L177	
Best Service	The Best of Gigapack 1 & 2	CD 1 -> DL 120 4 -> Sample	120:L178	
Best Service	The Best of Gigapack 1 & 2	CD 1 -> DL 120 4 -> Sample	120:L179	
Best Service	The Best of Gigapack 1 & 2	CD 1 -> DL 120 4 -> Sample	120:L180	
Best Service	The Best of Gigapack 1 & 2	CD 1 -> DL 120 4 -> Sample	120:L181	
Best Service	The Best of Gigapack 1 & 2	CD 1 -> DL 120 4 -> Sample	120:L182	
Best Service	The Best of Gigapack 1 & 2	CD 1 -> DL 120 5 -> Program	120:120/05 Loops	
Best Service	The Best of Gigapack 1 & 2	CD 1 -> DL 120 5 -> Sample	120:L183	
Best Service	The Best of Gigapack 1 & 2	CD 1 -> DL 120 5 -> Sample	120:L184	
Best Service	The Best of Gigapack 1 & 2	CD 1 -> DL 120 5 -> Sample	120:L185	
Best Service	The Best of Gigapack 1 & 2	CD 1 -> DL 120 5 -> Sample	120:L186	
Best Service	The Best of Gigapack 1 & 2	CD 1 -> DL 120 5 -> Sample	120:L187	
Best Service	The Best of Gigapack 1 & 2	CD 1 -> DL 120 5 -> Sample	120:L188	
Best Service	The Best of Gigapack 1 & 2	CD 1 -> DL 120 5 -> Sample	120:L189	
Best Service	The Best of Gigapack 1 & 2	CD 1 -> DL 120 5 -> Sample	120:L190	
Best Service	The Best of Gigapack 1 & 2	CD 1 -> DL 120 5 -> Sample	120:L191	
Best Service	The Best of Gigapack 1 & 2	CD 1 -> DL 120 5 -> Sample	120:L192	
Best Service	The Best of Gigapack 1 & 2	CD 1 -> DL 120 5 -> Sample	120:L193	
Best Service	The Best of Gigapack 1 & 2	CD 1 -> DL 120 5 -> Sample	120:L194	
Best Service	The Best of Gigapack 1 & 2	CD 1 -> DR BD13S -> Program	BD:BD R s2A all	
Best Service	The Best of Gigapack 1 & 2	CD 1 -> DR BD13S -> Program	BD:BD R s2A  01	
Best Service	The Best of Gigapack 1 & 2	CD 1 -> DR BD13S -> Program	BD:BD R s2A  02	
Best Service	The Best of Gigapack 1 & 2	CD 1 -> DR BD13S -> Program	BD:BD R s2A  03	
Best Service	The Best of Gigapack 1 & 2	CD 1 -> DR BD13S -> Program	BD:BD R s2A  04	
Best Service	The Best of Gigapack 1 & 2	CD 1 -> DR BD13S -> Program	BD:BD R s2A  05	
Best Service	The Best of Gigapack 1 & 2	CD 1 -> DR BD13S -> Program	BD:BD R s2A  06	
Best Service	The Best of Gigapack 1 & 2	CD 1 -> DR BD13S -> Program	BD:BD R s2A  07	
Best Service	The Best of Gigapack 1 & 2	CD 1 -> DR BD13S -> Program	BD:BD R s2A  08	
Best Service	The Best of Gigapack 1 & 2	CD 1 -> DR BD13S -> Program	BD:BD R s2A  09	
Best Service	The Best of Gigapack 1 & 2	CD 1 -> DR BD13S -> Program	BD:BD R s2A  10	
Best Service	The Best of Gigapack 1 & 2	CD 1 -> DR BD13S -> Program	BD:BD R s2A  11	
Best Service	The Best of Gigapack 1 & 2	CD 1 -> DR BD13S -> Program	BD:BD R s2A  12	
Best Service	The Best of Gigapack 1 & 2	CD 1 -> DR BD13S -> Program	BD:BD R s2A  13	
Best Service	The Best of Gigapack 1 & 2	CD 1 -> DR BD13S -> Program	BD:BD R s2A  14	
Best Service	The Best of Gigapack 1 & 2	CD 1 -> DR BD13S -> Program	BD:BD R s2A  15	
Best Service	The Best of Gigapack 1 & 2	CD 1 -> DR BD13S -> Program	BD:BD R s2A  16	
Best Service	The Best of Gigapack 1 & 2	CD 1 -> DR BD13S -> Program	BD:BD R s2A  17	
Best Service	The Best of Gigapack 1 & 2	CD 1 -> DR BD13S -> Sample	BD:bd-001	
Best Service	The Best of Gigapack 1 & 2	CD 1 -> DR BD13S -> Sample	BD:bd-002	
Best Service	The Best of Gigapack 1 & 2	CD 1 -> DR BD13S -> Sample	BD:bd-003	
Best Service	The Best of Gigapack 1 & 2	CD 1 -> DR BD13S -> Sample	BD:bd-004	
Best Service	The Best of Gigapack 1 & 2	CD 1 -> DR BD13S -> Sample	BD:bd-005	
Best Service	The Best of Gigapack 1 & 2	CD 1 -> DR BD13S -> Sample	BD:bd-006	
Best Service	The Best of Gigapack 1 & 2	CD 1 -> DR BD13S -> Sample	BD:bd-007	
Best Service	The Best of Gigapack 1 & 2	CD 1 -> DR BD13S -> Sample	BD:bd-008	
Best Service	The Best of Gigapack 1 & 2	CD 1 -> DR BD13S -> Sample	BD:bd-010	
Best Service	The Best of Gigapack 1 & 2	CD 1 -> DR BD13S -> Sample	BD:bd-011	
Best Service	The Best of Gigapack 1 & 2	CD 1 -> DR BD13S -> Sample	BD:bd-012	
Best Service	The Best of Gigapack 1 & 2	CD 1 -> DR BD13S -> Sample	BD:bd-013	
Best Service	The Best of Gigapack 1 & 2	CD 1 -> DR BD13S -> Sample	BD:bd-014	
Best Service	The Best of Gigapack 1 & 2	CD 1 -> DR BD13S -> Sample	BD:bd-015	
Best Service	The Best of Gigapack 1 & 2	CD 1 -> DR BD13S -> Sample	BD:bd-016	
Best Service	The Best of Gigapack 1 & 2	CD 1 -> DR BD13S -> Sample	BD:bd-018	
Best Service	The Best of Gigapack 1 & 2	CD 1 -> DR BD13S -> Sample	BD:bd-019	
Best Service	The Best of Gigapack 1 & 2	CD 1 -> DR BD13S -> Sample	BD:bd-020	
Best Service	The Best of Gigapack 1 & 2	CD 1 -> DR BD13S -> Sample	BD:bd-023	
Best Service	The Best of Gigapack 1 & 2	CD 1 -> DR BD13S -> Sample	BD:bd-024	
Best Service	The Best of Gigapack 1 & 2	CD 1 -> DR BD13S -> Sample	BD:bd-025	
Best Service	The Best of Gigapack 1 & 2	CD 1 -> DR BD13S -> Sample	BD:bd-026	
Best Service	The Best of Gigapack 1 & 2	CD 1 -> DR BD13S -> Sample	BD:bd-027	
Best Service	The Best of Gigapack 1 & 2	CD 1 -> DR BD13S -> Sample	BD:bd-028	
Best Service	The Best of Gigapack 1 & 2	CD 1 -> DR BD13S -> Sample	BD:bd-030	
Best Service	The Best of Gigapack 1 & 2	CD 1 -> DR BD13S -> Sample	BD:bd-031	
Best Service	The Best of Gigapack 1 & 2	CD 1 -> DR BD13S -> Sample	BD:bd-032	
Best Service	The Best of Gigapack 1 & 2	CD 1 -> DR BD13S -> Sample	BD:bd-033	
Best Service	The Best of Gigapack 1 & 2	CD 1 -> DR BD13S -> Sample	BD:bd-034	
Best Service	The Best of Gigapack 1 & 2	CD 1 -> DR BD13S -> Sample	BD:bd-035	
Best Service	The Best of Gigapack 1 & 2	CD 1 -> DR BD13S -> Sample	BD:bd-036	
Best Service	The Best of Gigapack 1 & 2	CD 1 -> DR BD13S -> Sample	BD:bd-037	
Best Service	The Best of Gigapack 1 & 2	CD 1 -> DR BD13S -> Sample	BD:bd-038	
Best Service	The Best of Gigapack 1 & 2	CD 1 -> DR BD13S -> Sample	BD:bd-039	
Best Service	The Best of Gigapack 1 & 2	CD 1 -> DR HH 03 -> Program	HH:HH DanceMix1	
Best Service	The Best of Gigapack 1 & 2	CD 1 -> DR HH 03 -> Program	HH:HH DanceMix2	
Best Service	The Best of Gigapack 1 & 2	CD 1 -> DR HH 03 -> Sample	HH:HH125	
Best Service	The Best of Gigapack 1 & 2	CD 1 -> DR HH 03 -> Sample	HH:HH126	
Best Service	The Best of Gigapack 1 & 2	CD 1 -> DR HH 03 -> Sample	HH:HH127	
Best Service	The Best of Gigapack 1 & 2	CD 1 -> DR HH 03 -> Sample	HH:HH128	
Best Service	The Best of Gigapack 1 & 2	CD 1 -> DR HH 03 -> Sample	HH:HH129	
Best Service	The Best of Gigapack 1 & 2	CD 1 -> DR HH 03 -> Sample	HH:HH130	
Best Service	The Best of Gigapack 1 & 2	CD 1 -> DR HH 03 -> Sample	HH:HH131	
Best Service	The Best of Gigapack 1 & 2	CD 1 -> DR HH 03 -> Sample	HH:HH132	
Best Service	The Best of Gigapack 1 & 2	CD 1 -> DR HH 03 -> Sample	HH:HH133	
Best Service	The Best of Gigapack 1 & 2	CD 1 -> DR HH 03 -> Sample	HH:HH134	
Best Service	The Best of Gigapack 1 & 2	CD 1 -> DR HH 03 -> Sample	HH:HH135	
Best Service	The Best of Gigapack 1 & 2	CD 1 -> DR HH 03 -> Sample	HH:HH136	
Best Service	The Best of Gigapack 1 & 2	CD 1 -> DR HH 03 -> Sample	HH:HH137	
Best Service	The Best of Gigapack 1 & 2	CD 1 -> DR HH 03 -> Sample	HH:HH138	
Best Service	The Best of Gigapack 1 & 2	CD 1 -> DR HH 03 -> Sample	HH:HH139	
Best Service	The Best of Gigapack 1 & 2	CD 1 -> DR HH 03 -> Sample	HH:HH140	
Best Service	The Best of Gigapack 1 & 2	CD 1 -> DR HH 03 -> Sample	HH:HH141	
Best Service	The Best of Gigapack 1 & 2	CD 1 -> DR HH 03 -> Sample	HH:HH142	
Best Service	The Best of Gigapack 1 & 2	CD 1 -> DR HH 03 -> Sample	HH:HH143	
Best Service	The Best of Gigapack 1 & 2	CD 1 -> DR HH 03 -> Sample	HH:HH144	
Best Service	The Best of Gigapack 1 & 2	CD 1 -> DR HH 03 -> Sample	HH:HH145	
Best Service	The Best of Gigapack 1 & 2	CD 1 -> DR HH 03 -> Sample	HH:HH146	
Best Service	The Best of Gigapack 1 & 2	CD 1 -> DR HH 03 -> Sample	HH:HH147	
Best Service	The Best of Gigapack 1 & 2	CD 1 -> DR HH 03 -> Sample	HH:HH148	
Best Service	The Best of Gigapack 1 & 2	CD 1 -> DR HH 03 -> Sample	HH:HH149	
Best Service	The Best of Gigapack 1 & 2	CD 1 -> DR HH 03 -> Sample	HH:HH150	
Best Service	The Best of Gigapack 1 & 2	CD 1 -> DR HH 03 -> Sample	HH:HH151	
Best Service	The Best of Gigapack 1 & 2	CD 1 -> DR HH 03 -> Sample	HH:HH152	
Best Service	The Best of Gigapack 1 & 2	CD 1 -> DR HH 03 -> Sample	HH:HH153	
Best Service	The Best of Gigapack 1 & 2	CD 1 -> DR HH 03 -> Sample	HH:HH154	
Best Service	The Best of Gigapack 1 & 2	CD 1 -> DR HH 03 -> Sample	HH:HH155	
Best Service	The Best of Gigapack 1 & 2	CD 1 -> DR HH 03 -> Sample	HH:HH156	
Best Service	The Best of Gigapack 1 & 2	CD 1 -> DR HH 03 -> Sample	HH:HH157	
Best Service	The Best of Gigapack 1 & 2	CD 1 -> DR HH 03 -> Sample	HH:HH158	
Best Service	The Best of Gigapack 1 & 2	CD 1 -> DR HH 03 -> Sample	HH:HH159	
Best Service	The Best of Gigapack 1 & 2	CD 1 -> DR HH 03 -> Sample	HH:HH160	
Best Service	The Best of Gigapack 1 & 2	CD 1 -> DR HH 03 -> Sample	HH:HH161	
Best Service	The Best of Gigapack 1 & 2	CD 1 -> DR HH 03 -> Sample	HH:HH162	
Best Service	The Best of Gigapack 1 & 2	CD 1 -> DR HH 03 -> Sample	HH:HH164	
Best Service	The Best of Gigapack 1 & 2	CD 1 -> DR HH 03 -> Sample	HH:HH165	
Best Service	The Best of Gigapack 1 & 2	CD 1 -> DR HH 03 -> Sample	HH:HH167	
Best Service	The Best of Gigapack 1 & 2	CD 1 -> DR HH 03 -> Sample	HH:HH168	
Best Service	The Best of Gigapack 1 & 2	CD 1 -> DR HH 03 -> Sample	HH:HH169	
Best Service	The Best of Gigapack 1 & 2	CD 1 -> DR HH 03 -> Sample	HH:HH170	
Best Service	The Best of Gigapack 1 & 2	CD 1 -> DR HH 03 -> Sample	HH:HH171	
Best Service	The Best of Gigapack 1 & 2	CD 1 -> DR HH 03 -> Sample	HH:HH172	
Best Service	The Best of Gigapack 1 & 2	CD 1 -> DR HH 03 -> Sample	HH:HH173	
Best Service	The Best of Gigapack 1 & 2	CD 1 -> DR HH 03 -> Sample	HH:HH174	
Best Service	The Best of Gigapack 1 & 2	CD 1 -> DR HH 03 -> Sample	HH:HH175	
Best Service	The Best of Gigapack 1 & 2	CD 1 -> DR HH 03 -> Sample	HH:HH176	
Best Service	The Best of Gigapack 1 & 2	CD 1 -> DR HH 03 -> Sample	HH:HH177	
Best Service	The Best of Gigapack 1 & 2	CD 1 -> DR HH 03 -> Sample	HH:HH178	
Best Service	The Best of Gigapack 1 & 2	CD 1 -> DR HH 03 -> Sample	HH:HH179	
Best Service	The Best of Gigapack 1 & 2	CD 1 -> DR HH 03 -> Sample	HH:HH180	
Best Service	The Best of Gigapack 1 & 2	CD 1 -> DR HH 03 -> Sample	HH:HH181	
Best Service	The Best of Gigapack 1 & 2	CD 1 -> DR HH 03 -> Sample	HH:HH182	
Best Service	The Best of Gigapack 1 & 2	CD 1 -> DR HH 03 -> Sample	HH:HH183	
Best Service	The Best of Gigapack 1 & 2	CD 1 -> DR HH 03 -> Sample	HH:HH184	
Best Service	The Best of Gigapack 1 & 2	CD 1 -> DR HH 03 -> Sample	HH:HH185	
Best Service	The Best of Gigapack 1 & 2	CD 1 -> DR HH 03 -> Sample	HH:HH186	
Best Service	The Best of Gigapack 1 & 2	CD 1 -> DR HH 03 -> Sample	HH:HH187	
Best Service	The Best of Gigapack 1 & 2	CD 1 -> DR HH 03 -> Sample	HH:HH188	
Best Service	The Best of Gigapack 1 & 2	CD 1 -> DR HH 03 -> Sample	HH:HH189	
Best Service	The Best of Gigapack 1 & 2	CD 1 -> DR HH 03 -> Sample	HH:HH190	
Best Service	The Best of Gigapack 1 & 2	CD 1 -> DR HH 03 -> Sample	HH:HH191	
Best Service	The Best of Gigapack 1 & 2	CD 1 -> DR HH 03 -> Sample	HH:HH192	
Best Service	The Best of Gigapack 1 & 2	CD 1 -> DR HH 03 -> Sample	HH:HH193	
Best Service	The Best of Gigapack 1 & 2	CD 1 -> DR HH 03 -> Sample	HH:HH194	
Best Service	The Best of Gigapack 1 & 2	CD 1 -> DR HH 03 -> Sample	HH:HH195	
Best Service	The Best of Gigapack 1 & 2	CD 1 -> DR HH 03 -> Sample	HH:HH196	
Best Service	The Best of Gigapack 1 & 2	CD 1 -> DR HH 03 -> Sample	HH:HH197	
Best Service	The Best of Gigapack 1 & 2	CD 1 -> DR HH 03 -> Sample	HH:HH198	
Best Service	The Best of Gigapack 1 & 2	CD 1 -> DR HH 03 -> Sample	HH:HH199	
Best Service	The Best of Gigapack 1 & 2	CD 1 -> DR HH 03 -> Sample	HH:HH200	
Best Service	The Best of Gigapack 1 & 2	CD 1 -> DR HH 03 -> Sample	HH:HH201	
Best Service	The Best of Gigapack 1 & 2	CD 1 -> DR HH 03 -> Sample	HH:HH202	
Best Service	The Best of Gigapack 1 & 2	CD 1 -> DR HH 03 -> Sample	HH:HH203	
Best Service	The Best of Gigapack 1 & 2	CD 1 -> DR HH 03 -> Sample	HH:HH204	
Best Service	The Best of Gigapack 1 & 2	CD 1 -> DR HH 03 -> Sample	HH:HH205	
Best Service	The Best of Gigapack 1 & 2	CD 1 -> DR HH 03 -> Sample	HH:HH206	
Best Service	The Best of Gigapack 1 & 2	CD 1 -> DR HH 03 -> Sample	HH:HH207	
Best Service	The Best of Gigapack 1 & 2	CD 1 -> DR HH 03 -> Sample	HH:HH208	
Best Service	The Best of Gigapack 1 & 2	CD 1 -> DR HH 03 -> Sample	HH:HH209	
Best Service	The Best of Gigapack 1 & 2	CD 1 -> DR HH 03 -> Sample	HH:HH210	
Best Service	The Best of Gigapack 1 & 2	CD 1 -> DR HH 03 -> Sample	HH:HH211	
Best Service	The Best of Gigapack 1 & 2	CD 1 -> DR HH 03 -> Sample	HH:HH212	
Best Service	The Best of Gigapack 1 & 2	CD 1 -> DR HH 03 -> Sample	HH:HH213	
Best Service	The Best of Gigapack 1 & 2	CD 1 -> DR HH 03 -> Sample	HH:HH214	
Best Service	The Best of Gigapack 1 & 2	CD 1 -> DR HH 03 -> Sample	HH:HH215	
Best Service	The Best of Gigapack 1 & 2	CD 1 -> DR HH 03 -> Sample	HH:HH216	
Best Service	The Best of Gigapack 1 & 2	CD 1 -> DR HH 03 -> Sample	HH:HH217	
Best Service	The Best of Gigapack 1 & 2	CD 1 -> DR HH 03 -> Sample	HH:HH218	
Best Service	The Best of Gigapack 1 & 2	CD 1 -> DR HH 03 -> Sample	HH:HH219	
Best Service	The Best of Gigapack 1 & 2	CD 1 -> DR HH 03 -> Sample	HH:HH220	
Best Service	The Best of Gigapack 1 & 2	CD 1 -> DR HH 03 -> Sample	HH:HH221	
Best Service	The Best of Gigapack 1 & 2	CD 1 -> DR HH 03 -> Sample	HH:HH222	
Best Service	The Best of Gigapack 1 & 2	CD 1 -> DL 130 1 -> Program	130:130/01 Loops	
Best Service	The Best of Gigapack 1 & 2	CD 1 -> DL 130 1 -> Sample	130:L211	
Best Service	The Best of Gigapack 1 & 2	CD 1 -> DL 130 1 -> Sample	130:L212	
Best Service	The Best of Gigapack 1 & 2	CD 1 -> DL 130 1 -> Sample	130:L213	
Best Service	The Best of Gigapack 1 & 2	CD 1 -> DL 130 1 -> Sample	130:L214	
Best Service	The Best of Gigapack 1 & 2	CD 1 -> DL 130 1 -> Sample	130:L215	
Best Service	The Best of Gigapack 1 & 2	CD 1 -> DL 130 1 -> Sample	130:L216	
Best Service	The Best of Gigapack 1 & 2	CD 1 -> DL 130 1 -> Sample	130:L217	
Best Service	The Best of Gigapack 1 & 2	CD 1 -> DL 130 1 -> Sample	130:L218	
Best Service	The Best of Gigapack 1 & 2	CD 1 -> DL 130 1 -> Sample	130:L219	
Best Service	The Best of Gigapack 1 & 2	CD 1 -> DL 130 1 -> Sample	130:L220	
Best Service	The Best of Gigapack 1 & 2	CD 1 -> DL 130 1 -> Sample	130:L221	
Best Service	The Best of Gigapack 1 & 2	CD 1 -> DL 130 1 -> Sample	130:L222	
Best Service	The Best of Gigapack 1 & 2	CD 1 -> DL 130 1 -> Sample	130:L223	
Best Service	The Best of Gigapack 1 & 2	CD 1 -> DL 130 2 -> Program	130:130/02 Loops	
Best Service	The Best of Gigapack 1 & 2	CD 1 -> DL 130 2 -> Sample	130:L224	
Best Service	The Best of Gigapack 1 & 2	CD 1 -> DL 130 2 -> Sample	130:L225	
Best Service	The Best of Gigapack 1 & 2	CD 1 -> DL 130 2 -> Sample	130:L226	
Best Service	The Best of Gigapack 1 & 2	CD 1 -> DL 130 2 -> Sample	130:L227	
Best Service	The Best of Gigapack 1 & 2	CD 1 -> DL 130 2 -> Sample	130:L228	
Best Service	The Best of Gigapack 1 & 2	CD 1 -> DL 130 2 -> Sample	130:L229	
Best Service	The Best of Gigapack 1 & 2	CD 1 -> DL 130 2 -> Sample	130:L230	
Best Service	The Best of Gigapack 1 & 2	CD 1 -> DL 130 2 -> Sample	130:L231	
Best Service	The Best of Gigapack 1 & 2	CD 1 -> DL 130 2 -> Sample	130:L232	
Best Service	The Best of Gigapack 1 & 2	CD 1 -> DL 130 2 -> Sample	130:L233	
Best Service	The Best of Gigapack 1 & 2	CD 1 -> DL 130 2 -> Sample	130:L234	
Best Service	The Best of Gigapack 1 & 2	CD 1 -> DL 130 2 -> Sample	130:L235	
Best Service	The Best of Gigapack 1 & 2	CD 1 -> DL 130 2 -> Sample	130:L236	
Best Service	The Best of Gigapack 1 & 2	CD 1 -> DL 130 2 -> Sample	130:L237	
Best Service	The Best of Gigapack 1 & 2	CD 1 -> DL 130 2 -> Sample	130:L238	
Best Service	The Best of Gigapack 1 & 2	CD 1 -> DL 130 3 -> Program	130:130/03 Loops	
Best Service	The Best of Gigapack 1 & 2	CD 1 -> DL 130 3 -> Sample	130:L239	
Best Service	The Best of Gigapack 1 & 2	CD 1 -> DL 130 3 -> Sample	130:L240	
Best Service	The Best of Gigapack 1 & 2	CD 1 -> DL 130 3 -> Sample	130:L241	
Best Service	The Best of Gigapack 1 & 2	CD 1 -> DL 130 3 -> Sample	130:L242	
Best Service	The Best of Gigapack 1 & 2	CD 1 -> DL 130 3 -> Sample	130:L243	
Best Service	The Best of Gigapack 1 & 2	CD 1 -> DL 130 3 -> Sample	130:L244	
Best Service	The Best of Gigapack 1 & 2	CD 1 -> DL 130 3 -> Sample	130:L245	
Best Service	The Best of Gigapack 1 & 2	CD 1 -> DL 130 3 -> Sample	130:L246	
Best Service	The Best of Gigapack 1 & 2	CD 1 -> DL 130 3 -> Sample	130:L247	
Best Service	The Best of Gigapack 1 & 2	CD 1 -> DL 130 3 -> Sample	130:L248	
Best Service	The Best of Gigapack 1 & 2	CD 1 -> DL 130 3 -> Sample	130:L249	
Best Service	The Best of Gigapack 1 & 2	CD 1 -> DL 130 3 -> Sample	130:L250	
Best Service	The Best of Gigapack 1 & 2	CD 1 -> DL 130 3 -> Sample	130:L251	
Best Service	The Best of Gigapack 1 & 2	CD 1 -> DL 130 3 -> Sample	130:L252	
Best Service	The Best of Gigapack 1 & 2	CD 1 -> DL 130 4 -> Program	130:130/04 Loops	
Best Service	The Best of Gigapack 1 & 2	CD 1 -> DL 130 4 -> Sample	130:L253	
Best Service	The Best of Gigapack 1 & 2	CD 1 -> DL 130 4 -> Sample	130:L254	
Best Service	The Best of Gigapack 1 & 2	CD 1 -> DL 130 4 -> Sample	130:L255	
Best Service	The Best of Gigapack 1 & 2	CD 1 -> DL 130 4 -> Sample	130:L256	
Best Service	The Best of Gigapack 1 & 2	CD 1 -> DL 130 4 -> Sample	130:L257	
Best Service	The Best of Gigapack 1 & 2	CD 1 -> DL 130 4 -> Sample	130:L258	
Best Service	The Best of Gigapack 1 & 2	CD 1 -> DL 130 4 -> Sample	130:L259	
Best Service	The Best of Gigapack 1 & 2	CD 1 -> DL 130 4 -> Sample	130:L260	
Best Service	The Best of Gigapack 1 & 2	CD 1 -> DL 130 4 -> Sample	130:L261	
Best Service	The Best of Gigapack 1 & 2	CD 1 -> DL 130 4 -> Sample	130:L262	
Best Service	The Best of Gigapack 1 & 2	CD 1 -> DL 130 4 -> Sample	130:L263	
Best Service	The Best of Gigapack 1 & 2	CD 1 -> DL 130 4 -> Sample	130:L264	
Best Service	The Best of Gigapack 1 & 2	CD 1 -> DL 130 5 -> Program	130:130/05 Loops	
Best Service	The Best of Gigapack 1 & 2	CD 1 -> DL 130 5 -> Sample	130:L265	
Best Service	The Best of Gigapack 1 & 2	CD 1 -> DL 130 5 -> Sample	130:L266	
Best Service	The Best of Gigapack 1 & 2	CD 1 -> DL 130 5 -> Sample	130:L267	
Best Service	The Best of Gigapack 1 & 2	CD 1 -> DL 130 5 -> Sample	130:L268	
Best Service	The Best of Gigapack 1 & 2	CD 1 -> DL 130 5 -> Sample	130:L269	
Best Service	The Best of Gigapack 1 & 2	CD 1 -> DL 130 5 -> Sample	130:L270	
Best Service	The Best of Gigapack 1 & 2	CD 1 -> DL 130 5 -> Sample	130:L271	
Best Service	The Best of Gigapack 1 & 2	CD 1 -> DL 130 5 -> Sample	130:L272	
Best Service	The Best of Gigapack 1 & 2	CD 1 -> DL 130 5 -> Sample	130:L273	
Best Service	The Best of Gigapack 1 & 2	CD 1 -> DL 130 5 -> Sample	130:L274	
Best Service	The Best of Gigapack 1 & 2	CD 1 -> DL 130 5 -> Sample	130:L275	
Best Service	The Best of Gigapack 1 & 2	CD 1 -> DL 130 5 -> Sample	130:L276	
Best Service	The Best of Gigapack 1 & 2	CD 1 -> DL 130 5 -> Sample	130:L277	
Best Service	The Best of Gigapack 1 & 2	CD 1 -> DL 140 1 -> Program	140:140/01 Loops	
Best Service	The Best of Gigapack 1 & 2	CD 1 -> DL 140 1 -> Sample	140:L293	
Best Service	The Best of Gigapack 1 & 2	CD 1 -> DL 140 1 -> Sample	140:L294	
Best Service	The Best of Gigapack 1 & 2	CD 1 -> DL 140 1 -> Sample	140:L295	
Best Service	The Best of Gigapack 1 & 2	CD 1 -> DL 140 1 -> Sample	140:L296	
Best Service	The Best of Gigapack 1 & 2	CD 1 -> DL 140 1 -> Sample	140:L297	
Best Service	The Best of Gigapack 1 & 2	CD 1 -> DL 140 1 -> Sample	140:L298	
Best Service	The Best of Gigapack 1 & 2	CD 1 -> DL 140 1 -> Sample	140:L299	
Best Service	The Best of Gigapack 1 & 2	CD 1 -> DL 140 1 -> Sample	140:L300	
Best Service	The Best of Gigapack 1 & 2	CD 1 -> DL 140 1 -> Sample	140:L301	
Best Service	The Best of Gigapack 1 & 2	CD 1 -> DL 140 1 -> Sample	140:L302	
Best Service	The Best of Gigapack 1 & 2	CD 1 -> DL 140 1 -> Sample	140:L303	
Best Service	The Best of Gigapack 1 & 2	CD 1 -> DL 140 1 -> Sample	140:L304	
Best Service	The Best of Gigapack 1 & 2	CD 1 -> DL 140 1 -> Sample	140:L305	
Best Service	The Best of Gigapack 1 & 2	CD 1 -> DL 140 2 -> Program	140:140/02 Loops	
Best Service	The Best of Gigapack 1 & 2	CD 1 -> DL 140 2 -> Sample	140:L306	
Best Service	The Best of Gigapack 1 & 2	CD 1 -> DL 140 2 -> Sample	140:L307	
Best Service	The Best of Gigapack 1 & 2	CD 1 -> DL 140 2 -> Sample	140:L308	
Best Service	The Best of Gigapack 1 & 2	CD 1 -> DL 140 2 -> Sample	140:L309	
Best Service	The Best of Gigapack 1 & 2	CD 1 -> DL 140 2 -> Sample	140:L310	
Best Service	The Best of Gigapack 1 & 2	CD 1 -> DL 140 2 -> Sample	140:L311	
Best Service	The Best of Gigapack 1 & 2	CD 1 -> DL 140 2 -> Sample	140:L312	
Best Service	The Best of Gigapack 1 & 2	CD 1 -> DL 140 2 -> Sample	140:L313	
Best Service	The Best of Gigapack 1 & 2	CD 1 -> DL 140 2 -> Sample	140:L314	
Best Service	The Best of Gigapack 1 & 2	CD 1 -> DL 140 2 -> Sample	140:L315	
Best Service	The Best of Gigapack 1 & 2	CD 1 -> DL 140 2 -> Sample	140:L316	
Best Service	The Best of Gigapack 1 & 2	CD 1 -> DL 140 2 -> Sample	140:L317	
Best Service	The Best of Gigapack 1 & 2	CD 1 -> DL 140 2 -> Sample	140:L318	
Best Service	The Best of Gigapack 1 & 2	CD 1 -> DL 140 2 -> Sample	140:L319	
Best Service	The Best of Gigapack 1 & 2	CD 1 -> DL 140 3 -> Program	140:140/03 Loops	
Best Service	The Best of Gigapack 1 & 2	CD 1 -> DL 140 3 -> Sample	140:L320	
Best Service	The Best of Gigapack 1 & 2	CD 1 -> DL 140 3 -> Sample	140:L321	
Best Service	The Best of Gigapack 1 & 2	CD 1 -> DL 140 3 -> Sample	140:L322	
Best Service	The Best of Gigapack 1 & 2	CD 1 -> DL 140 3 -> Sample	140:L323	
Best Service	The Best of Gigapack 1 & 2	CD 1 -> DL 140 3 -> Sample	140:L324	
Best Service	The Best of Gigapack 1 & 2	CD 1 -> DL 140 3 -> Sample	140:L325	
Best Service	The Best of Gigapack 1 & 2	CD 1 -> DL 140 3 -> Sample	140:L326	
Best Service	The Best of Gigapack 1 & 2	CD 1 -> DL 140 3 -> Sample	140:L327	
Best Service	The Best of Gigapack 1 & 2	CD 1 -> DL 140 3 -> Sample	140:L328	
Best Service	The Best of Gigapack 1 & 2	CD 1 -> DL 140 3 -> Sample	140:L329	
Best Service	The Best of Gigapack 1 & 2	CD 1 -> DL 140 3 -> Sample	140:L330	
Best Service	The Best of Gigapack 1 & 2	CD 1 -> DL 140 3 -> Sample	140:L331	
Best Service	The Best of Gigapack 1 & 2	CD 1 -> DL 140 3 -> Sample	140:L332	
Best Service	The Best of Gigapack 1 & 2	CD 1 -> DL 140 4 -> Program	140:140/04 Loops	
Best Service	The Best of Gigapack 1 & 2	CD 1 -> DL 140 4 -> Sample	140:L333	
Best Service	The Best of Gigapack 1 & 2	CD 1 -> DL 140 4 -> Sample	140:L334	
Best Service	The Best of Gigapack 1 & 2	CD 1 -> DL 140 4 -> Sample	140:L335	
Best Service	The Best of Gigapack 1 & 2	CD 1 -> DL 140 4 -> Sample	140:L336	
Best Service	The Best of Gigapack 1 & 2	CD 1 -> DL 140 4 -> Sample	140:L337	
Best Service	The Best of Gigapack 1 & 2	CD 1 -> DL 140 4 -> Sample	140:L338	
Best Service	The Best of Gigapack 1 & 2	CD 1 -> DL 140 4 -> Sample	140:L339	
Best Service	The Best of Gigapack 1 & 2	CD 1 -> DL 140 4 -> Sample	140:L340	
Best Service	The Best of Gigapack 1 & 2	CD 1 -> DL 140 4 -> Sample	140:L341	
Best Service	The Best of Gigapack 1 & 2	CD 1 -> DL 140 4 -> Sample	140:L342	
Best Service	The Best of Gigapack 1 & 2	CD 1 -> DL 140 4 -> Sample	140:L343	
Best Service	The Best of Gigapack 1 & 2	CD 1 -> DL 140 4 -> Sample	140:L344	
Best Service	The Best of Gigapack 1 & 2	CD 1 -> DL 140 4 -> Sample	140:L345	
Best Service	The Best of Gigapack 1 & 2	CD 1 -> DL 140 5 -> Program	140:140/05 Loops	
Best Service	The Best of Gigapack 1 & 2	CD 1 -> DL 140 5 -> Sample	140:L346	
Best Service	The Best of Gigapack 1 & 2	CD 1 -> DL 140 5 -> Sample	140:L347	
Best Service	The Best of Gigapack 1 & 2	CD 1 -> DL 140 5 -> Sample	140:L348	
Best Service	The Best of Gigapack 1 & 2	CD 1 -> DL 140 5 -> Sample	140:L349	
Best Service	The Best of Gigapack 1 & 2	CD 1 -> DL 140 5 -> Sample	140:L350	
Best Service	The Best of Gigapack 1 & 2	CD 1 -> DL 140 5 -> Sample	140:L351	
Best Service	The Best of Gigapack 1 & 2	CD 1 -> DL 140 5 -> Sample	140:L352	
Best Service	The Best of Gigapack 1 & 2	CD 1 -> DL 150 1 -> Program	150:150/01 Loops	
Best Service	The Best of Gigapack 1 & 2	CD 1 -> DL 150 1 -> Sample	150:L353	
Best Service	The Best of Gigapack 1 & 2	CD 1 -> DL 150 1 -> Sample	150:L354	
Best Service	The Best of Gigapack 1 & 2	CD 1 -> DL 150 1 -> Sample	150:L355	
Best Service	The Best of Gigapack 1 & 2	CD 1 -> DL 150 1 -> Sample	150:L356	
Best Service	The Best of Gigapack 1 & 2	CD 1 -> DL 150 1 -> Sample	150:L357	
Best Service	The Best of Gigapack 1 & 2	CD 1 -> DL 150 1 -> Sample	150:L358	
Best Service	The Best of Gigapack 1 & 2	CD 1 -> DL 150 1 -> Sample	150:L359	
Best Service	The Best of Gigapack 1 & 2	CD 1 -> DL 150 1 -> Sample	150:L360	
Best Service	The Best of Gigapack 1 & 2	CD 1 -> DL 150 1 -> Sample	150:L361	
Best Service	The Best of Gigapack 1 & 2	CD 1 -> DL 150 1 -> Sample	150:L362	
Best Service	The Best of Gigapack 1 & 2	CD 1 -> DL 150 1 -> Sample	150:L363	
Best Service	The Best of Gigapack 1 & 2	CD 1 -> DL 150 1 -> Sample	150:L364	
Best Service	The Best of Gigapack 1 & 2	CD 1 -> DL 150 1 -> Sample	150:L365	
Best Service	The Best of Gigapack 1 & 2	CD 1 -> DL 150 1 -> Sample	150:L366	
Best Service	The Best of Gigapack 1 & 2	CD 1 -> DL 150 2 -> Program	150:150/02 Loops	
Best Service	The Best of Gigapack 1 & 2	CD 1 -> DL 150 2 -> Sample	150:L367	
Best Service	The Best of Gigapack 1 & 2	CD 1 -> DL 150 2 -> Sample	150:L368	
Best Service	The Best of Gigapack 1 & 2	CD 1 -> DL 150 2 -> Sample	150:L369	
Best Service	The Best of Gigapack 1 & 2	CD 1 -> DL 150 2 -> Sample	150:L370	
Best Service	The Best of Gigapack 1 & 2	CD 1 -> DL 150 2 -> Sample	150:L371	
Best Service	The Best of Gigapack 1 & 2	CD 1 -> DL 150 2 -> Sample	150:L372	
Best Service	The Best of Gigapack 1 & 2	CD 1 -> DL 150 2 -> Sample	150:L373	
Best Service	The Best of Gigapack 1 & 2	CD 1 -> DL 150 2 -> Sample	150:L374	
Best Service	The Best of Gigapack 1 & 2	CD 1 -> DL 150 2 -> Sample	150:L375	
Best Service	The Best of Gigapack 1 & 2	CD 1 -> DL 150 2 -> Sample	150:L376	
Best Service	The Best of Gigapack 1 & 2	CD 1 -> DL 150 2 -> Sample	150:L377	
Best Service	The Best of Gigapack 1 & 2	CD 1 -> DL 150 2 -> Sample	150:L378	
Best Service	The Best of Gigapack 1 & 2	CD 1 -> DL 150 2 -> Sample	150:L379	
Best Service	The Best of Gigapack 1 & 2	CD 1 -> DL 150 2 -> Sample	150:L380	
Best Service	The Best of Gigapack 1 & 2	CD 1 -> DL 150 2 -> Sample	150:L381	
Best Service	The Best of Gigapack 1 & 2	CD 1 -> DL 150 3 -> Program	150:150/03 Loops	
Best Service	The Best of Gigapack 1 & 2	CD 1 -> DL 150 3 -> Sample	150:L382	
Best Service	The Best of Gigapack 1 & 2	CD 1 -> DL 150 3 -> Sample	150:L383	
Best Service	The Best of Gigapack 1 & 2	CD 1 -> DL 150 3 -> Sample	150:L384	
Best Service	The Best of Gigapack 1 & 2	CD 1 -> DL 150 3 -> Sample	150:L385	
Best Service	The Best of Gigapack 1 & 2	CD 1 -> DL 150 3 -> Sample	150:L386	
Best Service	The Best of Gigapack 1 & 2	CD 1 -> DL 150 3 -> Sample	150:L387	
Best Service	The Best of Gigapack 1 & 2	CD 1 -> DL 150 3 -> Sample	150:L388	
Best Service	The Best of Gigapack 1 & 2	CD 1 -> DL 150 3 -> Sample	150:L389	
Best Service	The Best of Gigapack 1 & 2	CD 1 -> DL 160 1 -> Program	160:160/01 Loops	
Best Service	The Best of Gigapack 1 & 2	CD 1 -> DL 160 1 -> Sample	160:L390	
Best Service	The Best of Gigapack 1 & 2	CD 1 -> DL 160 1 -> Sample	160:L391	
Best Service	The Best of Gigapack 1 & 2	CD 1 -> DL 160 1 -> Sample	160:L392	
Best Service	The Best of Gigapack 1 & 2	CD 1 -> DL 160 1 -> Sample	160:L393	
Best Service	The Best of Gigapack 1 & 2	CD 1 -> DL 160 1 -> Sample	160:L394	
Best Service	The Best of Gigapack 1 & 2	CD 1 -> DL 160 1 -> Sample	160:L395	
Best Service	The Best of Gigapack 1 & 2	CD 1 -> DL 160 1 -> Sample	160:L396	
Best Service	The Best of Gigapack 1 & 2	CD 1 -> DL 160 1 -> Sample	160:L397	
Best Service	The Best of Gigapack 1 & 2	CD 1 -> DL 160 1 -> Sample	160:L398	
Best Service	The Best of Gigapack 1 & 2	CD 1 -> DL 160 1 -> Sample	160:L399	
Best Service	The Best of Gigapack 1 & 2	CD 1 -> DL 160 1 -> Sample	160:L400	
Best Service	The Best of Gigapack 1 & 2	CD 1 -> DL 160 1 -> Sample	160:L401	
Best Service	The Best of Gigapack 1 & 2	CD 1 -> DL 160 1 -> Sample	160:L402	
Best Service	The Best of Gigapack 1 & 2	CD 1 -> DL 160 1 -> Sample	160:L403	
Best Service	The Best of Gigapack 1 & 2	CD 1 -> DL 160 1 -> Sample	160:L404	
Best Service	The Best of Gigapack 1 & 2	CD 1 -> DL 160 1 -> Sample	160:L405	
Best Service	The Best of Gigapack 1 & 2	CD 1 -> DL 160 2 -> Program	160:160/02 Loops	
Best Service	The Best of Gigapack 1 & 2	CD 1 -> DL 160 2 -> Sample	160:L406	
Best Service	The Best of Gigapack 1 & 2	CD 1 -> DL 160 2 -> Sample	160:L407	
Best Service	The Best of Gigapack 1 & 2	CD 1 -> DL 160 2 -> Sample	160:L408	
Best Service	The Best of Gigapack 1 & 2	CD 1 -> DL 160 2 -> Sample	160:L409	
Best Service	The Best of Gigapack 1 & 2	CD 1 -> DL 160 2 -> Sample	160:L410	
Best Service	The Best of Gigapack 1 & 2	CD 1 -> DL 160 2 -> Sample	160:L411	
Best Service	The Best of Gigapack 1 & 2	CD 1 -> DL 160 2 -> Sample	160:L412	
Best Service	The Best of Gigapack 1 & 2	CD 1 -> DL 160 2 -> Sample	160:L413	
Best Service	The Best of Gigapack 1 & 2	CD 1 -> DL 160 2 -> Sample	160:L414	
Best Service	The Best of Gigapack 1 & 2	CD 1 -> DL 160 2 -> Sample	160:L415	
Best Service	The Best of Gigapack 1 & 2	CD 1 -> DL 160 2 -> Sample	160:L416	
Best Service	The Best of Gigapack 1 & 2	CD 1 -> DL 170 1 -> Program	170:170/01 Loops	
Best Service	The Best of Gigapack 1 & 2	CD 1 -> DL 170 1 -> Sample	170:L417	
Best Service	The Best of Gigapack 1 & 2	CD 1 -> DL 170 1 -> Sample	170:L418	
Best Service	The Best of Gigapack 1 & 2	CD 1 -> DL 170 1 -> Sample	170:L419	
Best Service	The Best of Gigapack 1 & 2	CD 1 -> DL 170 1 -> Sample	170:L420	
Best Service	The Best of Gigapack 1 & 2	CD 1 -> DL 170 1 -> Sample	170:L421	
Best Service	The Best of Gigapack 1 & 2	CD 1 -> DL 170 1 -> Sample	170:L422	
Best Service	The Best of Gigapack 1 & 2	CD 1 -> DL 170 1 -> Sample	170:L423	
Best Service	The Best of Gigapack 1 & 2	CD 1 -> DL 170 1 -> Sample	170:L424	
Best Service	The Best of Gigapack 1 & 2	CD 1 -> DL 170 1 -> Sample	170:L425	
Best Service	The Best of Gigapack 1 & 2	CD 1 -> DL 170 1 -> Sample	170:L426	
Best Service	The Best of Gigapack 1 & 2	CD 1 -> DL 170 1 -> Sample	170:L427	
Best Service	The Best of Gigapack 1 & 2	CD 1 -> DL 170 1 -> Sample	170:L428	
Best Service	The Best of Gigapack 1 & 2	CD 1 -> DL 170 1 -> Sample	170:L429	
Best Service	The Best of Gigapack 1 & 2	CD 1 -> DL 170 1 -> Sample	170:L430	
Best Service	The Best of Gigapack 1 & 2	CD 1 -> DL 180 1 -> Program	180:180/01 Loops	
Best Service	The Best of Gigapack 1 & 2	CD 1 -> DL 180 1 -> Sample	180:L431	
Best Service	The Best of Gigapack 1 & 2	CD 1 -> DL 180 1 -> Sample	180:L432	
Best Service	The Best of Gigapack 1 & 2	CD 1 -> DL 180 1 -> Sample	180:L433	
Best Service	The Best of Gigapack 1 & 2	CD 1 -> DL 180 1 -> Sample	180:L434	
Best Service	The Best of Gigapack 1 & 2	CD 1 -> DL 180 1 -> Sample	180:L435	
Best Service	The Best of Gigapack 1 & 2	CD 1 -> DL 180 1 -> Sample	180:L436	
Best Service	The Best of Gigapack 1 & 2	CD 1 -> DL 180 1 -> Sample	180:L437	
Best Service	The Best of Gigapack 1 & 2	CD 1 -> DL 180 1 -> Sample	180:L438	
Best Service	The Best of Gigapack 1 & 2	CD 1 -> DL 180 1 -> Sample	180:L439	
Best Service	The Best of Gigapack 1 & 2	CD 1 -> DL 180 1 -> Sample	180:L440	
Best Service	The Best of Gigapack 1 & 2	CD 1 -> DL 180 1 -> Sample	180:L441	
Best Service	The Best of Gigapack 1 & 2	CD 1 -> DL 180 1 -> Sample	180:L442	
Best Service	The Best of Gigapack 1 & 2	CD 1 -> DL 180 1 -> Sample	180:L443	
Best Service	The Best of Gigapack 1 & 2	CD 1 -> DL 180 1 -> Sample	180:L444	
Best Service	The Best of Gigapack 1 & 2	CD 1 -> DL 180 1 -> Sample	180:L445	
Best Service	The Best of Gigapack 1 & 2	CD 1 -> DL 180 1 -> Sample	180:L446	
Best Service	The Best of Gigapack 1 & 2	CD 1 -> DL 180 2 -> Program	180:180/02 Loops	
Best Service	The Best of Gigapack 1 & 2	CD 1 -> DL 180 2 -> Sample	180:L447	
Best Service	The Best of Gigapack 1 & 2	CD 1 -> DL 180 2 -> Sample	180:L448	
Best Service	The Best of Gigapack 1 & 2	CD 1 -> DL 180 2 -> Sample	180:L449	
Best Service	The Best of Gigapack 1 & 2	CD 1 -> DL 180 2 -> Sample	180:L450	
Best Service	The Best of Gigapack 1 & 2	CD 1 -> DL 180 2 -> Sample	180:L460	
Best Service	The Best of Gigapack 1 & 2	CD 1 -> DL 180 2 -> Sample	180:L461	
Best Service	The Best of Gigapack 1 & 2	CD 1 -> DL 180 2 -> Sample	180:L462	
Best Service	The Best of Gigapack 1 & 2	CD 1 -> DL 180 2 -> Sample	180:L463	
Best Service	The Best of Gigapack 1 & 2	CD 1 -> DL 180 2 -> Sample	180:L464	
Best Service	The Best of Gigapack 1 & 2	CD 1 -> DL 180 2 -> Sample	180:L465	
Best Service	The Best of Gigapack 1 & 2	CD 1 -> DR SD06S -> Program	SD:SD Da01s All	
Best Service	The Best of Gigapack 1 & 2	CD 1 -> DR SD06S -> Program	SD:SD Da01s 001	
Best Service	The Best of Gigapack 1 & 2	CD 1 -> DR SD06S -> Program	SD:SD Da01s 002	
Best Service	The Best of Gigapack 1 & 2	CD 1 -> DR SD06S -> Program	SD:SD Da01s 003	
Best Service	The Best of Gigapack 1 & 2	CD 1 -> DR SD06S -> Program	SD:SD Da01s 004	
Best Service	The Best of Gigapack 1 & 2	CD 1 -> DR SD06S -> Program	SD:SD Da01s 005	
Best Service	The Best of Gigapack 1 & 2	CD 1 -> DR SD06S -> Program	SD:SD Da01s 006	
Best Service	The Best of Gigapack 1 & 2	CD 1 -> DR SD06S -> Program	SD:SD Da01s 007	
Best Service	The Best of Gigapack 1 & 2	CD 1 -> DR SD06S -> Program	SD:SD Da01s 008	
Best Service	The Best of Gigapack 1 & 2	CD 1 -> DR SD06S -> Program	SD:SD Da01s 009	
Best Service	The Best of Gigapack 1 & 2	CD 1 -> DR SD06S -> Program	SD:SD Da01s 010	
Best Service	The Best of Gigapack 1 & 2	CD 1 -> DR SD06S -> Program	SD:SD Da01s 011	
Best Service	The Best of Gigapack 1 & 2	CD 1 -> DR SD06S -> Program	SD:SD Da01s 012	
Best Service	The Best of Gigapack 1 & 2	CD 1 -> DR SD06S -> Program	SD:SD Da01s 013	
Best Service	The Best of Gigapack 1 & 2	CD 1 -> DR SD06S -> Program	SD:SD Da01s 014	
Best Service	The Best of Gigapack 1 & 2	CD 1 -> DR SD06S -> Program	SD:SD Da01s 015	
Best Service	The Best of Gigapack 1 & 2	CD 1 -> DR SD06S -> Program	SD:SD Da01s 016	
Best Service	The Best of Gigapack 1 & 2	CD 1 -> DR SD06S -> Program	SD:SD Da01s 017	
Best Service	The Best of Gigapack 1 & 2	CD 1 -> DR SD06S -> Program	SD:SD Da01s 018	
Best Service	The Best of Gigapack 1 & 2	CD 1 -> DR SD06S -> Program	SD:SD Da01s 019	
Best Service	The Best of Gigapack 1 & 2	CD 1 -> DR SD06S -> Program	SD:SD Da01s 020	
Best Service	The Best of Gigapack 1 & 2	CD 1 -> DR SD06S -> Program	SD:SD Da01s 021	
Best Service	The Best of Gigapack 1 & 2	CD 1 -> DR SD06S -> Program	SD:SD Da01s 022	
Best Service	The Best of Gigapack 1 & 2	CD 1 -> DR SD06S -> Program	SD:SD Da01s 023	
Best Service	The Best of Gigapack 1 & 2	CD 1 -> DR SD06S -> Program	SD:SD Da01s 024	
Best Service	The Best of Gigapack 1 & 2	CD 1 -> DR SD06S -> Program	SD:SD Da01s 025	
Best Service	The Best of Gigapack 1 & 2	CD 1 -> DR SD06S -> Program	SD:SD Da01s 026	
Best Service	The Best of Gigapack 1 & 2	CD 1 -> DR SD06S -> Program	SD:SD Da01s 027	
Best Service	The Best of Gigapack 1 & 2	CD 1 -> DR SD06S -> Program	SD:SD Da01s 028	
Best Service	The Best of Gigapack 1 & 2	CD 1 -> DR SD06S -> Program	SD:SD Da01s 029	
Best Service	The Best of Gigapack 1 & 2	CD 1 -> DR SD06S -> Program	SD:SD Da01s 030	
Best Service	The Best of Gigapack 1 & 2	CD 1 -> DR SD06S -> Program	SD:SD Da01s 031	
Best Service	The Best of Gigapack 1 & 2	CD 1 -> DR SD06S -> Sample	SD:SD 003	
Best Service	The Best of Gigapack 1 & 2	CD 1 -> DR SD06S -> Sample	SD:SD 008	
Best Service	The Best of Gigapack 1 & 2	CD 1 -> DR SD06S -> Sample	SD:SD 011	
Best Service	The Best of Gigapack 1 & 2	CD 1 -> DR SD06S -> Sample	SD:SD 012	
Best Service	The Best of Gigapack 1 & 2	CD 1 -> DR SD06S -> Sample	SD:SD 013	
Best Service	The Best of Gigapack 1 & 2	CD 1 -> DR SD06S -> Sample	SD:SD 014	
Best Service	The Best of Gigapack 1 & 2	CD 1 -> DR SD06S -> Sample	SD:SD 016	
Best Service	The Best of Gigapack 1 & 2	CD 1 -> DR SD06S -> Sample	SD:SD 020	
Best Service	The Best of Gigapack 1 & 2	CD 1 -> DR SD06S -> Sample	SD:SD 023	
Best Service	The Best of Gigapack 1 & 2	CD 1 -> DR SD06S -> Sample	SD:SD 027	
Best Service	The Best of Gigapack 1 & 2	CD 1 -> DR SD06S -> Sample	SD:SD 033	
Best Service	The Best of Gigapack 1 & 2	CD 1 -> DR SD06S -> Sample	SD:SD 034	
Best Service	The Best of Gigapack 1 & 2	CD 1 -> DR SD06S -> Sample	SD:SD 037	
Best Service	The Best of Gigapack 1 & 2	CD 1 -> DR SD06S -> Sample	SD:SD 038	
Best Service	The Best of Gigapack 1 & 2	CD 1 -> DR SD06S -> Sample	SD:SD 040	
Best Service	The Best of Gigapack 1 & 2	CD 1 -> DR SD06S -> Sample	SD:SD 043	
Best Service	The Best of Gigapack 1 & 2	CD 1 -> DR SD06S -> Sample	SD:SD 045	
Best Service	The Best of Gigapack 1 & 2	CD 1 -> DR SD06S -> Sample	SD:SD 046	
Best Service	The Best of Gigapack 1 & 2	CD 1 -> DR SD06S -> Sample	SD:SD 049	
Best Service	The Best of Gigapack 1 & 2	CD 1 -> DR SD06S -> Sample	SD:SD 050	
Best Service	The Best of Gigapack 1 & 2	CD 1 -> DR SD06S -> Sample	SD:SD 054	
Best Service	The Best of Gigapack 1 & 2	CD 1 -> DR SD06S -> Sample	SD:SD 058	
Best Service	The Best of Gigapack 1 & 2	CD 1 -> DR SD06S -> Sample	SD:SD 059	
Best Service	The Best of Gigapack 1 & 2	CD 1 -> DR SD06S -> Sample	SD:SD 061	
Best Service	The Best of Gigapack 1 & 2	CD 1 -> DR SD06S -> Sample	SD:SD 064	
Best Service	The Best of Gigapack 1 & 2	CD 1 -> DR SD06S -> Sample	SD:SD 066	
Best Service	The Best of Gigapack 1 & 2	CD 1 -> DR SD06S -> Sample	SD:SD 068	
Best Service	The Best of Gigapack 1 & 2	CD 1 -> DR SD06S -> Sample	SD:SD 070	
Best Service	The Best of Gigapack 1 & 2	CD 1 -> DR SD06S -> Sample	SD:SD 071	
Best Service	The Best of Gigapack 1 & 2	CD 1 -> DR SD06S -> Sample	SD:SD 077	
Best Service	The Best of Gigapack 1 & 2	CD 1 -> DR SD06S -> Sample	SD:SD 078	
Best Service	The Best of Gigapack 1 & 2	CD 1 -> DR BD09M -> Program	BD:BD R m(2)All	
Best Service	The Best of Gigapack 1 & 2	CD 1 -> DR BD09M -> Program	BD:BD R m(2) 01	
Best Service	The Best of Gigapack 1 & 2	CD 1 -> DR BD09M -> Program	BD:BD R m(2) 02	
Best Service	The Best of Gigapack 1 & 2	CD 1 -> DR BD09M -> Program	BD:BD R m(2) 03	
Best Service	The Best of Gigapack 1 & 2	CD 1 -> DR BD09M -> Program	BD:BD R m(2) 04	
Best Service	The Best of Gigapack 1 & 2	CD 1 -> DR BD09M -> Program	BD:BD R m(2) 05	
Best Service	The Best of Gigapack 1 & 2	CD 1 -> DR BD09M -> Program	BD:BD R m(2) 06	
Best Service	The Best of Gigapack 1 & 2	CD 1 -> DR BD09M -> Program	BD:BD R m(2) 07	
Best Service	The Best of Gigapack 1 & 2	CD 1 -> DR BD09M -> Program	BD:BD R m(2) 08	
Best Service	The Best of Gigapack 1 & 2	CD 1 -> DR BD09M -> Sample	BD:bd1q	
Best Service	The Best of Gigapack 1 & 2	CD 1 -> DR BD09M -> Sample	BD:bd1r	
Best Service	The Best of Gigapack 1 & 2	CD 1 -> DR BD09M -> Sample	BD:bd2a	
Best Service	The Best of Gigapack 1 & 2	CD 1 -> DR BD09M -> Sample	BD:bd2b	
Best Service	The Best of Gigapack 1 & 2	CD 1 -> DR BD09M -> Sample	BD:bd2d	
Best Service	The Best of Gigapack 1 & 2	CD 1 -> DR BD09M -> Sample	BD:bd2e	
Best Service	The Best of Gigapack 1 & 2	CD 1 -> DR BD09M -> Sample	BD:bd2p	
Best Service	The Best of Gigapack 1 & 2	CD 1 -> DR BD09M -> Sample	BD:bd2q	
Best Service	The Best of Gigapack 1 & 2	CD 1 -> DR BD09M -> Sample	BD:bd2w	
Best Service	The Best of Gigapack 1 & 2	CD 1 -> DR BD09M -> Sample	BD:bd2x	
Best Service	The Best of Gigapack 1 & 2	CD 1 -> DR BD09M -> Sample	BD:bd3h	
Best Service	The Best of Gigapack 1 & 2	CD 1 -> DR BD09M -> Sample	BD:bd3i	
Best Service	The Best of Gigapack 1 & 2	CD 1 -> DR BD09M -> Sample	BD:bd3n	
Best Service	The Best of Gigapack 1 & 2	CD 1 -> DR BD09M -> Sample	BD:bd3o	
Best Service	The Best of Gigapack 1 & 2	CD 1 -> DR BD09M -> Sample	BD:bd3z	
Best Service	The Best of Gigapack 1 & 2	CD 1 -> DR BD09M -> Sample	BD:bd4a	
Best Service	The Best of Gigapack 1 & 2	CD 1 -> DR BD10M -> Program	BD:BD R m(3)All	
Best Service	The Best of Gigapack 1 & 2	CD 1 -> DR BD10M -> Program	BD:BD R m(3) 01	
Best Service	The Best of Gigapack 1 & 2	CD 1 -> DR BD10M -> Program	BD:BD R m(3) 02	
Best Service	The Best of Gigapack 1 & 2	CD 1 -> DR BD10M -> Program	BD:BD R m(3) 03	
Best Service	The Best of Gigapack 1 & 2	CD 1 -> DR BD10M -> Program	BD:BD R m(3) 04	
Best Service	The Best of Gigapack 1 & 2	CD 1 -> DR BD10M -> Sample	BD:bd1a	
Best Service	The Best of Gigapack 1 & 2	CD 1 -> DR BD10M -> Sample	BD:bd1b	
Best Service	The Best of Gigapack 1 & 2	CD 1 -> DR BD10M -> Sample	BD:bd1c	
Best Service	The Best of Gigapack 1 & 2	CD 1 -> DR BD10M -> Sample	BD:bd1k	
Best Service	The Best of Gigapack 1 & 2	CD 1 -> DR BD10M -> Sample	BD:bd1l	
Best Service	The Best of Gigapack 1 & 2	CD 1 -> DR BD10M -> Sample	BD:bd1m	
Best Service	The Best of Gigapack 1 & 2	CD 1 -> DR BD10M -> Sample	BD:bd1n	
Best Service	The Best of Gigapack 1 & 2	CD 1 -> DR BD10M -> Sample	BD:bd1o	
Best Service	The Best of Gigapack 1 & 2	CD 1 -> DR BD10M -> Sample	BD:bd1p	
Best Service	The Best of Gigapack 1 & 2	CD 1 -> DR BD10M -> Sample	BD:bd3t	
Best Service	The Best of Gigapack 1 & 2	CD 1 -> DR BD10M -> Sample	BD:bd3u	
Best Service	The Best of Gigapack 1 & 2	CD 1 -> DR BD10M -> Sample	BD:bd3v	
Best Service	The Best of Gigapack 1 & 2	CD 1 -> DR BD12S -> Program	BD:BD R st  all	
Best Service	The Best of Gigapack 1 & 2	CD 1 -> DR BD12S -> Program	BD:BD R st   01	
Best Service	The Best of Gigapack 1 & 2	CD 1 -> DR BD12S -> Program	BD:BD R st   02	
Best Service	The Best of Gigapack 1 & 2	CD 1 -> DR BD12S -> Program	BD:BD R st   03	
Best Service	The Best of Gigapack 1 & 2	CD 1 -> DR BD12S -> Program	BD:BD R st   04	
Best Service	The Best of Gigapack 1 & 2	CD 1 -> DR BD12S -> Program	BD:BD R st   05	
Best Service	The Best of Gigapack 1 & 2	CD 1 -> DR BD12S -> Program	BD:BD R st   06	
Best Service	The Best of Gigapack 1 & 2	CD 1 -> DR BD12S -> Program	BD:BD R st   07	
Best Service	The Best of Gigapack 1 & 2	CD 1 -> DR BD12S -> Program	BD:BD R st   08	
Best Service	The Best of Gigapack 1 & 2	CD 1 -> DR BD12S -> Program	BD:BD R st   09	
Best Service	The Best of Gigapack 1 & 2	CD 1 -> DR BD12S -> Program	BD:BD R st   10	
Best Service	The Best of Gigapack 1 & 2	CD 1 -> DR BD12S -> Program	BD:BD R st   11	
Best Service	The Best of Gigapack 1 & 2	CD 1 -> DR BD12S -> Program	BD:BD R st   12	
Best Service	The Best of Gigapack 1 & 2	CD 1 -> DR BD12S -> Program	BD:BD R st   13	
Best Service	The Best of Gigapack 1 & 2	CD 1 -> DR BD12S -> Program	BD:BD R st   14	
Best Service	The Best of Gigapack 1 & 2	CD 1 -> DR BD12S -> Sample	BD:bd-009	
Best Service	The Best of Gigapack 1 & 2	CD 1 -> DR BD12S -> Sample	BD:bd-021	
Best Service	The Best of Gigapack 1 & 2	CD 1 -> DR BD12S -> Sample	BD:bd-022	
Best Service	The Best of Gigapack 1 & 2	CD 1 -> DR BD12S -> Sample	BD:bd-029	
Best Service	The Best of Gigapack 1 & 2	CD 1 -> DR BD12S -> Sample	BD:bd-044	
Best Service	The Best of Gigapack 1 & 2	CD 1 -> DR BD12S -> Sample	BD:bd-049	
Best Service	The Best of Gigapack 1 & 2	CD 1 -> DR BD12S -> Sample	BD:bd-064	
Best Service	The Best of Gigapack 1 & 2	CD 1 -> DR BD12S -> Sample	BD:bd-069	
Best Service	The Best of Gigapack 1 & 2	CD 1 -> DR BD12S -> Sample	BD:bd-072	
Best Service	The Best of Gigapack 1 & 2	CD 1 -> DR BD12S -> Sample	BD:bd-073	
Best Service	The Best of Gigapack 1 & 2	CD 1 -> DR BD12S -> Sample	BD:bd-076	
Best Service	The Best of Gigapack 1 & 2	CD 1 -> DR BD12S -> Sample	BD:bd-077	
Best Service	The Best of Gigapack 1 & 2	CD 1 -> DR BD12S -> Sample	BD:bd-078	
Best Service	The Best of Gigapack 1 & 2	CD 1 -> DR BD12S -> Sample	BD:bd-085	
Best Service	The Best of Gigapack 1 & 2	CD 1 -> DR RIM1M -> Program	SD:SD Rim m All	
Best Service	The Best of Gigapack 1 & 2	CD 1 -> DR RIM1M -> Program	SD:SD Rim m  01	
Best Service	The Best of Gigapack 1 & 2	CD 1 -> DR RIM1M -> Program	SD:SD Rim m  02	
Best Service	The Best of Gigapack 1 & 2	CD 1 -> DR RIM1M -> Program	SD:SD Rim m  03	
Best Service	The Best of Gigapack 1 & 2	CD 1 -> DR RIM1M -> Program	SD:SD Rim m  04	
Best Service	The Best of Gigapack 1 & 2	CD 1 -> DR RIM1M -> Program	SD:SD Rim m  05	
Best Service	The Best of Gigapack 1 & 2	CD 1 -> DR RIM1M -> Program	SD:SD Rim m  06	
Best Service	The Best of Gigapack 1 & 2	CD 1 -> DR RIM1M -> Program	SD:SD Rim m  07	
Best Service	The Best of Gigapack 1 & 2	CD 1 -> DR RIM1M -> Program	SD:SD Rim m  08	
Best Service	The Best of Gigapack 1 & 2	CD 1 -> DR RIM1M -> Program	SD:SD Rim m  09	
Best Service	The Best of Gigapack 1 & 2	CD 1 -> DR RIM1M -> Program	SD:SD Rim m  10	
Best Service	The Best of Gigapack 1 & 2	CD 1 -> DR RIM1M -> Program	SD:SD Rim m  11	
Best Service	The Best of Gigapack 1 & 2	CD 1 -> DR RIM1M -> Program	SD:SD Rim m  12	
Best Service	The Best of Gigapack 1 & 2	CD 1 -> DR RIM1M -> Program	SD:SD Rim m  13	
Best Service	The Best of Gigapack 1 & 2	CD 1 -> DR RIM1M -> Program	SD:SD Rim m  14	
Best Service	The Best of Gigapack 1 & 2	CD 1 -> DR RIM1M -> Program	SD:SD Rim m  15	
Best Service	The Best of Gigapack 1 & 2	CD 1 -> DR RIM1M -> Program	SD:SD Rim m  16	
Best Service	The Best of Gigapack 1 & 2	CD 1 -> DR RIM1M -> Program	SD:SD Rim m  17	
Best Service	The Best of Gigapack 1 & 2	CD 1 -> DR RIM1M -> Program	SD:SD Rim m  18	
Best Service	The Best of Gigapack 1 & 2	CD 1 -> DR RIM1M -> Program	SD:SD Rim m  19	
Best Service	The Best of Gigapack 1 & 2	CD 1 -> DR RIM1M -> Program	SD:SD Rim m  20	
Best Service	The Best of Gigapack 1 & 2	CD 1 -> DR RIM1M -> Program	SD:SD Rim m  21	
Best Service	The Best of Gigapack 1 & 2	CD 1 -> DR RIM1M -> Program	SD:SD Rim m  22	
Best Service	The Best of Gigapack 1 & 2	CD 1 -> DR RIM1M -> Program	SD:SD Rim m  23	
Best Service	The Best of Gigapack 1 & 2	CD 1 -> DR RIM1M -> Program	SD:SD Rim m  24	
Best Service	The Best of Gigapack 1 & 2	CD 1 -> DR RIM1M -> Program	SD:SD Rim m  25	
Best Service	The Best of Gigapack 1 & 2	CD 1 -> DR RIM1M -> Program	SD:SD Rim m  26	
Best Service	The Best of Gigapack 1 & 2	CD 1 -> DR RIM1M -> Program	SD:SD Rim m  27	
Best Service	The Best of Gigapack 1 & 2	CD 1 -> DR RIM1M -> Program	SD:SD Rim m  28	
Best Service	The Best of Gigapack 1 & 2	CD 1 -> DR RIM1M -> Sample	SD:Ri 1	
Best Service	The Best of Gigapack 1 & 2	CD 1 -> DR RIM1M -> Sample	SD:Ri 4	
Best Service	The Best of Gigapack 1 & 2	CD 1 -> DR RIM1M -> Sample	SD:Ri 5	
Best Service	The Best of Gigapack 1 & 2	CD 1 -> DR RIM1M -> Sample	SD:Ri 6	
Best Service	The Best of Gigapack 1 & 2	CD 1 -> DR RIM1M -> Sample	SD:Ri 7	
Best Service	The Best of Gigapack 1 & 2	CD 1 -> DR RIM1M -> Sample	SD:Ri 8	
Best Service	The Best of Gigapack 1 & 2	CD 1 -> DR RIM1M -> Sample	SD:Ri 9	
Best Service	The Best of Gigapack 1 & 2	CD 1 -> DR RIM1M -> Sample	SD:Ri10	
Best Service	The Best of Gigapack 1 & 2	CD 1 -> DR RIM1M -> Sample	SD:Ri11	
Best Service	The Best of Gigapack 1 & 2	CD 1 -> DR RIM1M -> Sample	SD:Ri14	
Best Service	The Best of Gigapack 1 & 2	CD 1 -> DR RIM1M -> Sample	SD:Ri19	
Best Service	The Best of Gigapack 1 & 2	CD 1 -> DR RIM1M -> Sample	SD:Ri20	
Best Service	The Best of Gigapack 1 & 2	CD 1 -> DR RIM1M -> Sample	SD:Ri21	
Best Service	The Best of Gigapack 1 & 2	CD 1 -> DR RIM1M -> Sample	SD:Ri25	
Best Service	The Best of Gigapack 1 & 2	CD 1 -> DR RIM1M -> Sample	SD:Ri30	
Best Service	The Best of Gigapack 1 & 2	CD 1 -> DR RIM1M -> Sample	SD:Ri31	
Best Service	The Best of Gigapack 1 & 2	CD 1 -> DR RIM1M -> Sample	SD:Ri32	
Best Service	The Best of Gigapack 1 & 2	CD 1 -> DR RIM1M -> Sample	SD:Ri33	
Best Service	The Best of Gigapack 1 & 2	CD 1 -> DR RIM1M -> Sample	SD:Ri43	
Best Service	The Best of Gigapack 1 & 2	CD 1 -> DR RIM1M -> Sample	SD:Ri44	
Best Service	The Best of Gigapack 1 & 2	CD 1 -> DR RIM1M -> Sample	SD:Ri45	
Best Service	The Best of Gigapack 1 & 2	CD 1 -> DR RIM1M -> Sample	SD:Ri46	
Best Service	The Best of Gigapack 1 & 2	CD 1 -> DR RIM1M -> Sample	SD:Ri47	
Best Service	The Best of Gigapack 1 & 2	CD 1 -> DR RIM1M -> Sample	SD:Ri50	
Best Service	The Best of Gigapack 1 & 2	CD 1 -> DR RIM1M -> Sample	SD:Ri51	
Best Service	The Best of Gigapack 1 & 2	CD 1 -> DR RIM1M -> Sample	SD:Ri 3	
Best Service	The Best of Gigapack 1 & 2	CD 1 -> DR RIM1M -> Sample	SD:Ri13	
Best Service	The Best of Gigapack 1 & 2	CD 1 -> DR RIM1M -> Sample	SD:Ri48	
Best Service	The Best of Gigapack 1 & 2	CD 1 -> DR RIM2M -> Program	SD:SD Ri(4)mAll	
Best Service	The Best of Gigapack 1 & 2	CD 1 -> DR RIM2M -> Program	SD:SD Ri(4)m 01	
Best Service	The Best of Gigapack 1 & 2	CD 1 -> DR RIM2M -> Program	SD:SD Ri(4)m 02	
Best Service	The Best of Gigapack 1 & 2	CD 1 -> DR RIM2M -> Program	SD:SD Ri(4)m 03	
Best Service	The Best of Gigapack 1 & 2	CD 1 -> DR RIM2M -> Program	SD:SD Ri(4)m 04	
Best Service	The Best of Gigapack 1 & 2	CD 1 -> DR RIM2M -> Program	SD:SD Ri(4)m 05	
Best Service	The Best of Gigapack 1 & 2	CD 1 -> DR RIM2M -> Sample	SD:Ri15	
Best Service	The Best of Gigapack 1 & 2	CD 1 -> DR RIM2M -> Sample	SD:Ri16	
Best Service	The Best of Gigapack 1 & 2	CD 1 -> DR RIM2M -> Sample	SD:Ri17	
Best Service	The Best of Gigapack 1 & 2	CD 1 -> DR RIM2M -> Sample	SD:Ri18	
Best Service	The Best of Gigapack 1 & 2	CD 1 -> DR RIM2M -> Sample	SD:Ri22	
Best Service	The Best of Gigapack 1 & 2	CD 1 -> DR RIM2M -> Sample	SD:Ri23	
Best Service	The Best of Gigapack 1 & 2	CD 1 -> DR RIM2M -> Sample	SD:Ri24	
Best Service	The Best of Gigapack 1 & 2	CD 1 -> DR RIM2M -> Sample	SD:Ri26	
Best Service	The Best of Gigapack 1 & 2	CD 1 -> DR RIM2M -> Sample	SD:Ri27	
Best Service	The Best of Gigapack 1 & 2	CD 1 -> DR RIM2M -> Sample	SD:Ri28	
Best Service	The Best of Gigapack 1 & 2	CD 1 -> DR RIM2M -> Sample	SD:Ri29	
Best Service	The Best of Gigapack 1 & 2	CD 1 -> DR RIM2M -> Sample	SD:Ri35	
Best Service	The Best of Gigapack 1 & 2	CD 1 -> DR RIM2M -> Sample	SD:Ri36	
Best Service	The Best of Gigapack 1 & 2	CD 1 -> DR RIM2M -> Sample	SD:Ri37	
Best Service	The Best of Gigapack 1 & 2	CD 1 -> DR RIM2M -> Sample	SD:Ri38	
Best Service	The Best of Gigapack 1 & 2	CD 1 -> DR RIM2M -> Sample	SD:Ri39	
Best Service	The Best of Gigapack 1 & 2	CD 1 -> DR RIM2M -> Sample	SD:Ri40	
Best Service	The Best of Gigapack 1 & 2	CD 1 -> DR RIM2M -> Sample	SD:Ri41	
Best Service	The Best of Gigapack 1 & 2	CD 1 -> DR RIM2M -> Sample	SD:Ri42	
Best Service	The Best of Gigapack 1 & 2	CD 1 -> DR RIM3S -> Program	SD:SD Rim s All	
Best Service	The Best of Gigapack 1 & 2	CD 1 -> DR RIM3S -> Program	SD:SD Rim s  01	
Best Service	The Best of Gigapack 1 & 2	CD 1 -> DR RIM3S -> Program	SD:SD Rim s  02	
Best Service	The Best of Gigapack 1 & 2	CD 1 -> DR RIM3S -> Program	SD:SD Rim s  03	
Best Service	The Best of Gigapack 1 & 2	CD 1 -> DR RIM3S -> Program	SD:SD Rim s  04	
Best Service	The Best of Gigapack 1 & 2	CD 1 -> DR RIM3S -> Program	SD:SD Rim s  05	
Best Service	The Best of Gigapack 1 & 2	CD 1 -> DR RIM3S -> Program	SD:SD Rim s  06	
Best Service	The Best of Gigapack 1 & 2	CD 1 -> DR RIM3S -> Program	SD:SD Rim s  07	
Best Service	The Best of Gigapack 1 & 2	CD 1 -> DR RIM3S -> Program	SD:SD Rim s  08	
Best Service	The Best of Gigapack 1 & 2	CD 1 -> DR RIM3S -> Program	SD:SD Rim s  09	
Best Service	The Best of Gigapack 1 & 2	CD 1 -> DR RIM3S -> Sample	SD:Ri52	
Best Service	The Best of Gigapack 1 & 2	CD 1 -> DR RIM3S -> Sample	SD:Ri53	
Best Service	The Best of Gigapack 1 & 2	CD 1 -> DR RIM3S -> Sample	SD:Ri54	
Best Service	The Best of Gigapack 1 & 2	CD 1 -> DR RIM3S -> Sample	SD:Ri59	
Best Service	The Best of Gigapack 1 & 2	CD 1 -> DR RIM3S -> Sample	SD:Ri60	
Best Service	The Best of Gigapack 1 & 2	CD 1 -> DR RIM3S -> Sample	SD:Ri67	
Best Service	The Best of Gigapack 1 & 2	CD 1 -> DR RIM3S -> Sample	SD:Ri68	
Best Service	The Best of Gigapack 1 & 2	CD 1 -> DR RIM3S -> Sample	SD:Ri71	
Best Service	The Best of Gigapack 1 & 2	CD 1 -> DR RIM3S -> Sample	SD:Ri72	
Best Service	The Best of Gigapack 1 & 2	CD 1 -> DR SD01M -> Program	SD:SD Da01m All	
Best Service	The Best of Gigapack 1 & 2	CD 1 -> DR SD01M -> Program	SD:SD Da01m 001	
Best Service	The Best of Gigapack 1 & 2	CD 1 -> DR SD01M -> Program	SD:SD Da01m 002	
Best Service	The Best of Gigapack 1 & 2	CD 1 -> DR SD01M -> Program	SD:SD Da01m 003	
Best Service	The Best of Gigapack 1 & 2	CD 1 -> DR SD01M -> Program	SD:SD Da01m 004	
Best Service	The Best of Gigapack 1 & 2	CD 1 -> DR SD01M -> Program	SD:SD Da01m 005	
Best Service	The Best of Gigapack 1 & 2	CD 1 -> DR SD01M -> Program	SD:SD Da01m 006	
Best Service	The Best of Gigapack 1 & 2	CD 1 -> DR SD01M -> Program	SD:SD Da01m 007	
Best Service	The Best of Gigapack 1 & 2	CD 1 -> DR SD01M -> Program	SD:SD Da01m 008	
Best Service	The Best of Gigapack 1 & 2	CD 1 -> DR SD01M -> Program	SD:SD Da01m 009	
Best Service	The Best of Gigapack 1 & 2	CD 1 -> DR SD01M -> Program	SD:SD Da01m 010	
Best Service	The Best of Gigapack 1 & 2	CD 1 -> DR SD01M -> Program	SD:SD Da01m 011	
Best Service	The Best of Gigapack 1 & 2	CD 1 -> DR SD01M -> Program	SD:SD Da01m 012	
Best Service	The Best of Gigapack 1 & 2	CD 1 -> DR SD01M -> Program	SD:SD Da01m 013	
Best Service	The Best of Gigapack 1 & 2	CD 1 -> DR SD01M -> Program	SD:SD Da01m 014	
Best Service	The Best of Gigapack 1 & 2	CD 1 -> DR SD01M -> Program	SD:SD Da01m 015	
Best Service	The Best of Gigapack 1 & 2	CD 1 -> DR SD01M -> Program	SD:SD Da01m 016	
Best Service	The Best of Gigapack 1 & 2	CD 1 -> DR SD01M -> Program	SD:SD Da01m 017	
Best Service	The Best of Gigapack 1 & 2	CD 1 -> DR SD01M -> Program	SD:SD Da01m 018	
Best Service	The Best of Gigapack 1 & 2	CD 1 -> DR SD01M -> Program	SD:SD Da01m 019	
Best Service	The Best of Gigapack 1 & 2	CD 1 -> DR SD01M -> Program	SD:SD Da01m 020	
Best Service	The Best of Gigapack 1 & 2	CD 1 -> DR SD01M -> Program	SD:SD Da01m 021	
Best Service	The Best of Gigapack 1 & 2	CD 1 -> DR SD01M -> Program	SD:SD Da01m 022	
Best Service	The Best of Gigapack 1 & 2	CD 1 -> DR SD01M -> Program	SD:SD Da01m 023	
Best Service	The Best of Gigapack 1 & 2	CD 1 -> DR SD01M -> Program	SD:SD Da01m 024	
Best Service	The Best of Gigapack 1 & 2	CD 1 -> DR SD01M -> Program	SD:SD Da01m 025	
Best Service	The Best of Gigapack 1 & 2	CD 1 -> DR SD01M -> Program	SD:SD Da01m 026	
Best Service	The Best of Gigapack 1 & 2	CD 1 -> DR SD01M -> Program	SD:SD Da01m 027	
Best Service	The Best of Gigapack 1 & 2	CD 1 -> DR SD01M -> Program	SD:SD Da01m 028	
Best Service	The Best of Gigapack 1 & 2	CD 1 -> DR SD01M -> Program	SD:SD Da01m 029	
Best Service	The Best of Gigapack 1 & 2	CD 1 -> DR SD01M -> Program	SD:SD Da01m 030	
Best Service	The Best of Gigapack 1 & 2	CD 1 -> DR SD01M -> Program	SD:SD Da01m 031	
Best Service	The Best of Gigapack 1 & 2	CD 1 -> DR SD01M -> Sample	SD:SD 001	
Best Service	The Best of Gigapack 1 & 2	CD 1 -> DR SD01M -> Sample	SD:SD 004	
Best Service	The Best of Gigapack 1 & 2	CD 1 -> DR SD01M -> Sample	SD:SD 005	
Best Service	The Best of Gigapack 1 & 2	CD 1 -> DR SD01M -> Sample	SD:SD 006	
Best Service	The Best of Gigapack 1 & 2	CD 1 -> DR SD01M -> Sample	SD:SD 007	
Best Service	The Best of Gigapack 1 & 2	CD 1 -> DR SD01M -> Sample	SD:SD 009	
Best Service	The Best of Gigapack 1 & 2	CD 1 -> DR SD01M -> Sample	SD:SD 010	
Best Service	The Best of Gigapack 1 & 2	CD 1 -> DR SD01M -> Sample	SD:SD 017	
Best Service	The Best of Gigapack 1 & 2	CD 1 -> DR SD01M -> Sample	SD:SD 018	
Best Service	The Best of Gigapack 1 & 2	CD 1 -> DR SD01M -> Sample	SD:SD 019	
Best Service	The Best of Gigapack 1 & 2	CD 1 -> DR SD01M -> Sample	SD:SD 021	
Best Service	The Best of Gigapack 1 & 2	CD 1 -> DR SD01M -> Sample	SD:SD 022	
Best Service	The Best of Gigapack 1 & 2	CD 1 -> DR SD01M -> Sample	SD:SD 024	
Best Service	The Best of Gigapack 1 & 2	CD 1 -> DR SD01M -> Sample	SD:SD 025	
Best Service	The Best of Gigapack 1 & 2	CD 1 -> DR SD01M -> Sample	SD:SD 026	
Best Service	The Best of Gigapack 1 & 2	CD 1 -> DR SD01M -> Sample	SD:SD 028	
Best Service	The Best of Gigapack 1 & 2	CD 1 -> DR SD01M -> Sample	SD:SD 029	
Best Service	The Best of Gigapack 1 & 2	CD 1 -> DR SD01M -> Sample	SD:SD 030	
Best Service	The Best of Gigapack 1 & 2	CD 1 -> DR SD01M -> Sample	SD:SD 031	
Best Service	The Best of Gigapack 1 & 2	CD 1 -> DR SD01M -> Sample	SD:SD 032	
Best Service	The Best of Gigapack 1 & 2	CD 1 -> DR SD01M -> Sample	SD:SD 035	
Best Service	The Best of Gigapack 1 & 2	CD 1 -> DR SD01M -> Sample	SD:SD 036	
Best Service	The Best of Gigapack 1 & 2	CD 1 -> DR SD01M -> Sample	SD:SD 041	
Best Service	The Best of Gigapack 1 & 2	CD 1 -> DR SD01M -> Sample	SD:SD 042	
Best Service	The Best of Gigapack 1 & 2	CD 1 -> DR SD01M -> Sample	SD:SD 044	
Best Service	The Best of Gigapack 1 & 2	CD 1 -> DR SD01M -> Sample	SD:SD 047	
Best Service	The Best of Gigapack 1 & 2	CD 1 -> DR SD01M -> Sample	SD:SD 048	
Best Service	The Best of Gigapack 1 & 2	CD 1 -> DR SD01M -> Sample	SD:SD 051	
Best Service	The Best of Gigapack 1 & 2	CD 1 -> DR SD01M -> Sample	SD:SD 052	
Best Service	The Best of Gigapack 1 & 2	CD 1 -> DR SD01M -> Sample	SD:SD 053	
Best Service	The Best of Gigapack 1 & 2	CD 1 -> DR SD01M -> Sample	SD:SD 055	
Best Service	The Best of Gigapack 1 & 2	CD 1 -> DR SD02M -> Program	SD:SD Da02m All	
Best Service	The Best of Gigapack 1 & 2	CD 1 -> DR SD02M -> Program	SD:SD Da01m 032	
Best Service	The Best of Gigapack 1 & 2	CD 1 -> DR SD02M -> Program	SD:SD Da01m 033	
Best Service	The Best of Gigapack 1 & 2	CD 1 -> DR SD02M -> Program	SD:SD Da01m 034	
Best Service	The Best of Gigapack 1 & 2	CD 1 -> DR SD02M -> Program	SD:SD Da01m 035	
Best Service	The Best of Gigapack 1 & 2	CD 1 -> DR SD02M -> Program	SD:SD Da01m 036	
Best Service	The Best of Gigapack 1 & 2	CD 1 -> DR SD02M -> Program	SD:SD Da01m 037	
Best Service	The Best of Gigapack 1 & 2	CD 1 -> DR SD02M -> Program	SD:SD Da01m 038	
Best Service	The Best of Gigapack 1 & 2	CD 1 -> DR SD02M -> Program	SD:SD Da01m 039	
Best Service	The Best of Gigapack 1 & 2	CD 1 -> DR SD02M -> Program	SD:SD Da01m 040	
Best Service	The Best of Gigapack 1 & 2	CD 1 -> DR SD02M -> Program	SD:SD Da01m 041	
Best Service	The Best of Gigapack 1 & 2	CD 1 -> DR SD02M -> Program	SD:SD Da01m 042	
Best Service	The Best of Gigapack 1 & 2	CD 1 -> DR SD02M -> Program	SD:SD Da01m 043	
Best Service	The Best of Gigapack 1 & 2	CD 1 -> DR SD02M -> Program	SD:SD Da01m 044	
Best Service	The Best of Gigapack 1 & 2	CD 1 -> DR SD02M -> Program	SD:SD Da01m 045	
Best Service	The Best of Gigapack 1 & 2	CD 1 -> DR SD02M -> Program	SD:SD Da01m 046	
Best Service	The Best of Gigapack 1 & 2	CD 1 -> DR SD02M -> Program	SD:SD Da01m 047	
Best Service	The Best of Gigapack 1 & 2	CD 1 -> DR SD02M -> Program	SD:SD Da01m 048	
Best Service	The Best of Gigapack 1 & 2	CD 1 -> DR SD02M -> Program	SD:SD Da01m 049	
Best Service	The Best of Gigapack 1 & 2	CD 1 -> DR SD02M -> Program	SD:SD Da01m 050	
Best Service	The Best of Gigapack 1 & 2	CD 1 -> DR SD02M -> Program	SD:SD Da01m 051	
Best Service	The Best of Gigapack 1 & 2	CD 1 -> DR SD02M -> Program	SD:SD Da01m 052	
Best Service	The Best of Gigapack 1 & 2	CD 1 -> DR SD02M -> Program	SD:SD Da01m 053	
Best Service	The Best of Gigapack 1 & 2	CD 1 -> DR SD02M -> Program	SD:SD Da01m 054	
Best Service	The Best of Gigapack 1 & 2	CD 1 -> DR SD02M -> Program	SD:SD Da01m 055	
Best Service	The Best of Gigapack 1 & 2	CD 1 -> DR SD02M -> Program	SD:SD Da01m 056	
Best Service	The Best of Gigapack 1 & 2	CD 1 -> DR SD02M -> Program	SD:SD Da01m 057	
Best Service	The Best of Gigapack 1 & 2	CD 1 -> DR SD02M -> Program	SD:SD Da01m 058	
Best Service	The Best of Gigapack 1 & 2	CD 1 -> DR SD02M -> Program	SD:SD Da01m 059	
Best Service	The Best of Gigapack 1 & 2	CD 1 -> DR SD02M -> Program	SD:SD Da01m 060	
Best Service	The Best of Gigapack 1 & 2	CD 1 -> DR SD02M -> Program	SD:SD Da01m 061	
Best Service	The Best of Gigapack 1 & 2	CD 1 -> DR SD02M -> Program	SD:SD Da01m 062	
Best Service	The Best of Gigapack 1 & 2	CD 1 -> DR SD02M -> Sample	SD:SD 056	
Best Service	The Best of Gigapack 1 & 2	CD 1 -> DR SD02M -> Sample	SD:SD 057	
Best Service	The Best of Gigapack 1 & 2	CD 1 -> DR SD02M -> Sample	SD:SD 060	
Best Service	The Best of Gigapack 1 & 2	CD 1 -> DR SD02M -> Sample	SD:SD 062	
Best Service	The Best of Gigapack 1 & 2	CD 1 -> DR SD02M -> Sample	SD:SD 063	
Best Service	The Best of Gigapack 1 & 2	CD 1 -> DR SD02M -> Sample	SD:SD 065	
Best Service	The Best of Gigapack 1 & 2	CD 1 -> DR SD02M -> Sample	SD:SD 067	
Best Service	The Best of Gigapack 1 & 2	CD 1 -> DR SD02M -> Sample	SD:SD 069	
Best Service	The Best of Gigapack 1 & 2	CD 1 -> DR SD02M -> Sample	SD:SD 072	
Best Service	The Best of Gigapack 1 & 2	CD 1 -> DR SD02M -> Sample	SD:SD 073	
Best Service	The Best of Gigapack 1 & 2	CD 1 -> DR SD02M -> Sample	SD:SD 074	
Best Service	The Best of Gigapack 1 & 2	CD 1 -> DR SD02M -> Sample	SD:SD 075	
Best Service	The Best of Gigapack 1 & 2	CD 1 -> DR SD02M -> Sample	SD:SD 076	
Best Service	The Best of Gigapack 1 & 2	CD 1 -> DR SD02M -> Sample	SD:SD 079	
Best Service	The Best of Gigapack 1 & 2	CD 1 -> DR SD02M -> Sample	SD:SD 080	
Best Service	The Best of Gigapack 1 & 2	CD 1 -> DR SD02M -> Sample	SD:SD 091	
Best Service	The Best of Gigapack 1 & 2	CD 1 -> DR SD02M -> Sample	SD:SD 092	
Best Service	The Best of Gigapack 1 & 2	CD 1 -> DR SD02M -> Sample	SD:SD 093	
Best Service	The Best of Gigapack 1 & 2	CD 1 -> DR SD02M -> Sample	SD:SD 094	
Best Service	The Best of Gigapack 1 & 2	CD 1 -> DR SD02M -> Sample	SD:SD 095	
Best Service	The Best of Gigapack 1 & 2	CD 1 -> DR SD02M -> Sample	SD:SD 098	
Best Service	The Best of Gigapack 1 & 2	CD 1 -> DR SD02M -> Sample	SD:SD 099	
Best Service	The Best of Gigapack 1 & 2	CD 1 -> DR SD02M -> Sample	SD:SD 101	
Best Service	The Best of Gigapack 1 & 2	CD 1 -> DR SD02M -> Sample	SD:SD 103	
Best Service	The Best of Gigapack 1 & 2	CD 1 -> DR SD02M -> Sample	SD:SD 104	
Best Service	The Best of Gigapack 1 & 2	CD 1 -> DR SD02M -> Sample	SD:SD 105	
Best Service	The Best of Gigapack 1 & 2	CD 1 -> DR SD02M -> Sample	SD:SD 106	
Best Service	The Best of Gigapack 1 & 2	CD 1 -> DR SD02M -> Sample	SD:SD 107	
Best Service	The Best of Gigapack 1 & 2	CD 1 -> DR SD02M -> Sample	SD:SD 108	
Best Service	The Best of Gigapack 1 & 2	CD 1 -> DR SD02M -> Sample	SD:SD 109	
Best Service	The Best of Gigapack 1 & 2	CD 1 -> DR SD02M -> Sample	SD:SD 110	
Best Service	The Best of Gigapack 1 & 2	CD 1 -> DR SD03M -> Program	SD:SD Da03m All	
Best Service	The Best of Gigapack 1 & 2	CD 1 -> DR SD03M -> Program	SD:SD Da01m 063	
Best Service	The Best of Gigapack 1 & 2	CD 1 -> DR SD03M -> Program	SD:SD Da01m 064	
Best Service	The Best of Gigapack 1 & 2	CD 1 -> DR SD03M -> Program	SD:SD Da01m 065	
Best Service	The Best of Gigapack 1 & 2	CD 1 -> DR SD03M -> Program	SD:SD Da01m 066	
Best Service	The Best of Gigapack 1 & 2	CD 1 -> DR SD03M -> Program	SD:SD Da01m 067	
Best Service	The Best of Gigapack 1 & 2	CD 1 -> DR SD03M -> Program	SD:SD Da01m 068	
Best Service	The Best of Gigapack 1 & 2	CD 1 -> DR SD03M -> Program	SD:SD Da01m 069	
Best Service	The Best of Gigapack 1 & 2	CD 1 -> DR SD03M -> Program	SD:SD Da01m 070	
Best Service	The Best of Gigapack 1 & 2	CD 1 -> DR SD03M -> Program	SD:SD Da01m 071	
Best Service	The Best of Gigapack 1 & 2	CD 1 -> DR SD03M -> Program	SD:SD Da01m 072	
Best Service	The Best of Gigapack 1 & 2	CD 1 -> DR SD03M -> Program	SD:SD Da01m 073	
Best Service	The Best of Gigapack 1 & 2	CD 1 -> DR SD03M -> Program	SD:SD Da01m 074	
Best Service	The Best of Gigapack 1 & 2	CD 1 -> DR SD03M -> Program	SD:SD Da01m 075	
Best Service	The Best of Gigapack 1 & 2	CD 1 -> DR SD03M -> Program	SD:SD Da01m 076	
Best Service	The Best of Gigapack 1 & 2	CD 1 -> DR SD03M -> Program	SD:SD Da01m 077	
Best Service	The Best of Gigapack 1 & 2	CD 1 -> DR SD03M -> Program	SD:SD Da01m 078	
Best Service	The Best of Gigapack 1 & 2	CD 1 -> DR SD03M -> Program	SD:SD Da01m 079	
Best Service	The Best of Gigapack 1 & 2	CD 1 -> DR SD03M -> Program	SD:SD Da01m 080	
Best Service	The Best of Gigapack 1 & 2	CD 1 -> DR SD03M -> Program	SD:SD Da01m 081	
Best Service	The Best of Gigapack 1 & 2	CD 1 -> DR SD03M -> Program	SD:SD Da01m 082	
Best Service	The Best of Gigapack 1 & 2	CD 1 -> DR SD03M -> Program	SD:SD Da01m 083	
Best Service	The Best of Gigapack 1 & 2	CD 1 -> DR SD03M -> Program	SD:SD Da01m 084	
Best Service	The Best of Gigapack 1 & 2	CD 1 -> DR SD03M -> Program	SD:SD Da01m 085	
Best Service	The Best of Gigapack 1 & 2	CD 1 -> DR SD03M -> Program	SD:SD Da01m 086	
Best Service	The Best of Gigapack 1 & 2	CD 1 -> DR SD03M -> Program	SD:SD Da01m 087	
Best Service	The Best of Gigapack 1 & 2	CD 1 -> DR SD03M -> Program	SD:SD Da01m 088	
Best Service	The Best of Gigapack 1 & 2	CD 1 -> DR SD03M -> Program	SD:SD Da01m 089	
Best Service	The Best of Gigapack 1 & 2	CD 1 -> DR SD03M -> Program	SD:SD Da01m 090	
Best Service	The Best of Gigapack 1 & 2	CD 1 -> DR SD03M -> Program	SD:SD Da01m 091	
Best Service	The Best of Gigapack 1 & 2	CD 1 -> DR SD03M -> Program	SD:SD Da01m 092	
Best Service	The Best of Gigapack 1 & 2	CD 1 -> DR SD03M -> Program	SD:SD Da01m 093	
Best Service	The Best of Gigapack 1 & 2	CD 1 -> DR SD03M -> Sample	SD:SD 111	
Best Service	The Best of Gigapack 1 & 2	CD 1 -> DR SD03M -> Sample	SD:SD 112	
Best Service	The Best of Gigapack 1 & 2	CD 1 -> DR SD03M -> Sample	SD:SD 113	
Best Service	The Best of Gigapack 1 & 2	CD 1 -> DR SD03M -> Sample	SD:SD 114	
Best Service	The Best of Gigapack 1 & 2	CD 1 -> DR SD03M -> Sample	SD:SD 115	
Best Service	The Best of Gigapack 1 & 2	CD 1 -> DR SD03M -> Sample	SD:SD 116	
Best Service	The Best of Gigapack 1 & 2	CD 1 -> DR SD03M -> Sample	SD:SD 117	
Best Service	The Best of Gigapack 1 & 2	CD 1 -> DR SD03M -> Sample	SD:SD 121	
Best Service	The Best of Gigapack 1 & 2	CD 1 -> DR SD03M -> Sample	SD:SD 124	
Best Service	The Best of Gigapack 1 & 2	CD 1 -> DR SD03M -> Sample	SD:SD 125	
Best Service	The Best of Gigapack 1 & 2	CD 1 -> DR SD03M -> Sample	SD:SD 126	
Best Service	The Best of Gigapack 1 & 2	CD 1 -> DR SD03M -> Sample	SD:SD 127	
Best Service	The Best of Gigapack 1 & 2	CD 1 -> DR SD03M -> Sample	SD:SD 129	
Best Service	The Best of Gigapack 1 & 2	CD 1 -> DR SD03M -> Sample	SD:SD 130	
Best Service	The Best of Gigapack 1 & 2	CD 1 -> DR SD03M -> Sample	SD:SD 132	
Best Service	The Best of Gigapack 1 & 2	CD 1 -> DR SD03M -> Sample	SD:SD 133	
Best Service	The Best of Gigapack 1 & 2	CD 1 -> DR SD03M -> Sample	SD:SD 135	
Best Service	The Best of Gigapack 1 & 2	CD 1 -> DR SD03M -> Sample	SD:SD 136	
Best Service	The Best of Gigapack 1 & 2	CD 1 -> DR SD03M -> Sample	SD:SD 138	
Best Service	The Best of Gigapack 1 & 2	CD 1 -> DR SD03M -> Sample	SD:SD 139	
Best Service	The Best of Gigapack 1 & 2	CD 1 -> DR SD03M -> Sample	SD:SD 140	
Best Service	The Best of Gigapack 1 & 2	CD 1 -> DR SD03M -> Sample	SD:SD 141	
Best Service	The Best of Gigapack 1 & 2	CD 1 -> DR SD03M -> Sample	SD:SD 142	
Best Service	The Best of Gigapack 1 & 2	CD 1 -> DR SD03M -> Sample	SD:SD 144	
Best Service	The Best of Gigapack 1 & 2	CD 1 -> DR SD03M -> Sample	SD:SD 145	
Best Service	The Best of Gigapack 1 & 2	CD 1 -> DR SD03M -> Sample	SD:SD 146	
Best Service	The Best of Gigapack 1 & 2	CD 1 -> DR SD03M -> Sample	SD:SD 147	
Best Service	The Best of Gigapack 1 & 2	CD 1 -> DR SD03M -> Sample	SD:SD 148	
Best Service	The Best of Gigapack 1 & 2	CD 1 -> DR SD03M -> Sample	SD:SD 151	
Best Service	The Best of Gigapack 1 & 2	CD 1 -> DR SD03M -> Sample	SD:SD 153	
Best Service	The Best of Gigapack 1 & 2	CD 1 -> DR SD03M -> Sample	SD:SD 155	
Best Service	The Best of Gigapack 1 & 2	CD 1 -> DR SD04M -> Program	SD:SD Da04m All	
Best Service	The Best of Gigapack 1 & 2	CD 1 -> DR SD04M -> Program	SD:SD Da01m 094	
Best Service	The Best of Gigapack 1 & 2	CD 1 -> DR SD04M -> Program	SD:SD Da01m 095	
Best Service	The Best of Gigapack 1 & 2	CD 1 -> DR SD04M -> Program	SD:SD Da01m 096	
Best Service	The Best of Gigapack 1 & 2	CD 1 -> DR SD04M -> Program	SD:SD Da01m 097	
Best Service	The Best of Gigapack 1 & 2	CD 1 -> DR SD04M -> Program	SD:SD Da01m 098	
Best Service	The Best of Gigapack 1 & 2	CD 1 -> DR SD04M -> Program	SD:SD Da01m 099	
Best Service	The Best of Gigapack 1 & 2	CD 1 -> DR SD04M -> Program	SD:SD Da01m 100	
Best Service	The Best of Gigapack 1 & 2	CD 1 -> DR SD04M -> Program	SD:SD Da01m 101	
Best Service	The Best of Gigapack 1 & 2	CD 1 -> DR SD04M -> Program	SD:SD Da01m 102	
Best Service	The Best of Gigapack 1 & 2	CD 1 -> DR SD04M -> Program	SD:SD Da01m 103	
Best Service	The Best of Gigapack 1 & 2	CD 1 -> DR SD04M -> Program	SD:SD Da01m 104	
Best Service	The Best of Gigapack 1 & 2	CD 1 -> DR SD04M -> Program	SD:SD Da01m 105	
Best Service	The Best of Gigapack 1 & 2	CD 1 -> DR SD04M -> Program	SD:SD Da01m 106	
Best Service	The Best of Gigapack 1 & 2	CD 1 -> DR SD04M -> Program	SD:SD Da01m 107	
Best Service	The Best of Gigapack 1 & 2	CD 1 -> DR SD04M -> Program	SD:SD Da01m 108	
Best Service	The Best of Gigapack 1 & 2	CD 1 -> DR SD04M -> Program	SD:SD Da01m 109	
Best Service	The Best of Gigapack 1 & 2	CD 1 -> DR SD04M -> Program	SD:SD Da01m 110	
Best Service	The Best of Gigapack 1 & 2	CD 1 -> DR SD04M -> Program	SD:SD Da01m 111	
Best Service	The Best of Gigapack 1 & 2	CD 1 -> DR SD04M -> Program	SD:SD Da01m 112	
Best Service	The Best of Gigapack 1 & 2	CD 1 -> DR SD04M -> Program	SD:SD Da01m 113	
Best Service	The Best of Gigapack 1 & 2	CD 1 -> DR SD04M -> Program	SD:SD Da01m 114	
Best Service	The Best of Gigapack 1 & 2	CD 1 -> DR SD04M -> Program	SD:SD Da01m 115	
Best Service	The Best of Gigapack 1 & 2	CD 1 -> DR SD04M -> Program	SD:SD Da01m 116	
Best Service	The Best of Gigapack 1 & 2	CD 1 -> DR SD04M -> Program	SD:SD Da01m 117	
Best Service	The Best of Gigapack 1 & 2	CD 1 -> DR SD04M -> Program	SD:SD Da01m 118	
Best Service	The Best of Gigapack 1 & 2	CD 1 -> DR SD04M -> Program	SD:SD Da01m 119	
Best Service	The Best of Gigapack 1 & 2	CD 1 -> DR SD04M -> Program	SD:SD Da01m 120	
Best Service	The Best of Gigapack 1 & 2	CD 1 -> DR SD04M -> Program	SD:SD Da01m 121	
Best Service	The Best of Gigapack 1 & 2	CD 1 -> DR SD04M -> Program	SD:SD Da01m 122	
Best Service	The Best of Gigapack 1 & 2	CD 1 -> DR SD04M -> Program	SD:SD Da01m 123	
Best Service	The Best of Gigapack 1 & 2	CD 1 -> DR SD04M -> Program	SD:SD Da01m 124	
Best Service	The Best of Gigapack 1 & 2	CD 1 -> DR SD04M -> Sample	SD:SD 156	
Best Service	The Best of Gigapack 1 & 2	CD 1 -> DR SD04M -> Sample	SD:SD 161	
Best Service	The Best of Gigapack 1 & 2	CD 1 -> DR SD04M -> Sample	SD:SD 162	
Best Service	The Best of Gigapack 1 & 2	CD 1 -> DR SD04M -> Sample	SD:SD 165	
Best Service	The Best of Gigapack 1 & 2	CD 1 -> DR SD04M -> Sample	SD:SD 166	
Best Service	The Best of Gigapack 1 & 2	CD 1 -> DR SD04M -> Sample	SD:SD 168	
Best Service	The Best of Gigapack 1 & 2	CD 1 -> DR SD04M -> Sample	SD:SD 172	
Best Service	The Best of Gigapack 1 & 2	CD 1 -> DR SD04M -> Sample	SD:SD 176	
Best Service	The Best of Gigapack 1 & 2	CD 1 -> DR SD04M -> Sample	SD:SD 178	
Best Service	The Best of Gigapack 1 & 2	CD 1 -> DR SD04M -> Sample	SD:SD 179	
Best Service	The Best of Gigapack 1 & 2	CD 1 -> DR SD04M -> Sample	SD:SD 180	
Best Service	The Best of Gigapack 1 & 2	CD 1 -> DR SD04M -> Sample	SD:SD 181	
Best Service	The Best of Gigapack 1 & 2	CD 1 -> DR SD04M -> Sample	SD:SD 183	
Best Service	The Best of Gigapack 1 & 2	CD 1 -> DR SD04M -> Sample	SD:SD 184	
Best Service	The Best of Gigapack 1 & 2	CD 1 -> DR SD04M -> Sample	SD:SD 187	
Best Service	The Best of Gigapack 1 & 2	CD 1 -> DR SD04M -> Sample	SD:SD 190	
Best Service	The Best of Gigapack 1 & 2	CD 1 -> DR SD04M -> Sample	SD:SD 194	
Best Service	The Best of Gigapack 1 & 2	CD 1 -> DR SD04M -> Sample	SD:SD 195	
Best Service	The Best of Gigapack 1 & 2	CD 1 -> DR SD04M -> Sample	SD:SD 196	
Best Service	The Best of Gigapack 1 & 2	CD 1 -> DR SD04M -> Sample	SD:SD 200	
Best Service	The Best of Gigapack 1 & 2	CD 1 -> DR SD04M -> Sample	SD:SD 201	
Best Service	The Best of Gigapack 1 & 2	CD 1 -> DR SD04M -> Sample	SD:SD 204	
Best Service	The Best of Gigapack 1 & 2	CD 1 -> DR SD04M -> Sample	SD:SD 205	
Best Service	The Best of Gigapack 1 & 2	CD 1 -> DR SD04M -> Sample	SD:SD 209	
Best Service	The Best of Gigapack 1 & 2	CD 1 -> DR SD04M -> Sample	SD:SD 211	
Best Service	The Best of Gigapack 1 & 2	CD 1 -> DR SD04M -> Sample	SD:SD 214	
Best Service	The Best of Gigapack 1 & 2	CD 1 -> DR SD04M -> Sample	SD:SD 215	
Best Service	The Best of Gigapack 1 & 2	CD 1 -> DR SD04M -> Sample	SD:SD 219	
Best Service	The Best of Gigapack 1 & 2	CD 1 -> DR SD04M -> Sample	SD:SD 222	
Best Service	The Best of Gigapack 1 & 2	CD 1 -> DR SD04M -> Sample	SD:SD 223	
Best Service	The Best of Gigapack 1 & 2	CD 1 -> DR SD04M -> Sample	SD:SD 224	
Best Service	The Best of Gigapack 1 & 2	CD 1 -> DR SD05M -> Program	SD:SD Da05m All	
Best Service	The Best of Gigapack 1 & 2	CD 1 -> DR SD05M -> Program	SD:SD Da01m 125	
Best Service	The Best of Gigapack 1 & 2	CD 1 -> DR SD05M -> Program	SD:SD Da01m 126	
Best Service	The Best of Gigapack 1 & 2	CD 1 -> DR SD05M -> Program	SD:SD Da01m 127	
Best Service	The Best of Gigapack 1 & 2	CD 1 -> DR SD05M -> Program	SD:SD Da01m 128	
Best Service	The Best of Gigapack 1 & 2	CD 1 -> DR SD05M -> Program	SD:SD Da01m 129	
Best Service	The Best of Gigapack 1 & 2	CD 1 -> DR SD05M -> Program	SD:SD Da01m 130	
Best Service	The Best of Gigapack 1 & 2	CD 1 -> DR SD05M -> Program	SD:SD Da01m 131	
Best Service	The Best of Gigapack 1 & 2	CD 1 -> DR SD05M -> Program	SD:SD Da01m 132	
Best Service	The Best of Gigapack 1 & 2	CD 1 -> DR SD05M -> Program	SD:SD Da01m 133	
Best Service	The Best of Gigapack 1 & 2	CD 1 -> DR SD05M -> Program	SD:SD Da01m 134	
Best Service	The Best of Gigapack 1 & 2	CD 1 -> DR SD05M -> Program	SD:SD Da01m 135	
Best Service	The Best of Gigapack 1 & 2	CD 1 -> DR SD05M -> Program	SD:SD Da01m 136	
Best Service	The Best of Gigapack 1 & 2	CD 1 -> DR SD05M -> Program	SD:SD Da01m 137	
Best Service	The Best of Gigapack 1 & 2	CD 1 -> DR SD05M -> Program	SD:SD Da01m 138	
Best Service	The Best of Gigapack 1 & 2	CD 1 -> DR SD05M -> Program	SD:SD Da01m 139	
Best Service	The Best of Gigapack 1 & 2	CD 1 -> DR SD05M -> Program	SD:SD Da01m 140	
Best Service	The Best of Gigapack 1 & 2	CD 1 -> DR SD05M -> Program	SD:SD Da01m 141	
Best Service	The Best of Gigapack 1 & 2	CD 1 -> DR SD05M -> Program	SD:SD Da01m 142	
Best Service	The Best of Gigapack 1 & 2	CD 1 -> DR SD05M -> Program	SD:SD Da01m 143	
Best Service	The Best of Gigapack 1 & 2	CD 1 -> DR SD05M -> Program	SD:SD Da01m 144	
Best Service	The Best of Gigapack 1 & 2	CD 1 -> DR SD05M -> Program	SD:SD Da01m 145	
Best Service	The Best of Gigapack 1 & 2	CD 1 -> DR SD05M -> Program	SD:SD Da01m 146	
Best Service	The Best of Gigapack 1 & 2	CD 1 -> DR SD05M -> Program	SD:SD Da01m 147	
Best Service	The Best of Gigapack 1 & 2	CD 1 -> DR SD05M -> Program	SD:SD Da01m 148	
Best Service	The Best of Gigapack 1 & 2	CD 1 -> DR SD05M -> Program	SD:SD Da01m 149	
Best Service	The Best of Gigapack 1 & 2	CD 1 -> DR SD05M -> Sample	SD:SD 225	
Best Service	The Best of Gigapack 1 & 2	CD 1 -> DR SD05M -> Sample	SD:SD 226	
Best Service	The Best of Gigapack 1 & 2	CD 1 -> DR SD05M -> Sample	SD:SD 227	
Best Service	The Best of Gigapack 1 & 2	CD 1 -> DR SD05M -> Sample	SD:SD 229	
Best Service	The Best of Gigapack 1 & 2	CD 1 -> DR SD05M -> Sample	SD:SD 231	
Best Service	The Best of Gigapack 1 & 2	CD 1 -> DR SD05M -> Sample	SD:SD 234	
Best Service	The Best of Gigapack 1 & 2	CD 1 -> DR SD05M -> Sample	SD:SD 235	
Best Service	The Best of Gigapack 1 & 2	CD 1 -> DR SD05M -> Sample	SD:SD 236	
Best Service	The Best of Gigapack 1 & 2	CD 1 -> DR SD05M -> Sample	SD:SD 237	
Best Service	The Best of Gigapack 1 & 2	CD 1 -> DR SD05M -> Sample	SD:SD 239	
Best Service	The Best of Gigapack 1 & 2	CD 1 -> DR SD05M -> Sample	SD:SD 242	
Best Service	The Best of Gigapack 1 & 2	CD 1 -> DR SD05M -> Sample	SD:SD 244	
Best Service	The Best of Gigapack 1 & 2	CD 1 -> DR SD05M -> Sample	SD:SD 245	
Best Service	The Best of Gigapack 1 & 2	CD 1 -> DR SD05M -> Sample	SD:SD 015	
Best Service	The Best of Gigapack 1 & 2	CD 1 -> DR SD05M -> Sample	SD:SD 039	
Best Service	The Best of Gigapack 1 & 2	CD 1 -> DR SD05M -> Sample	SD:SD 175	
Best Service	The Best of Gigapack 1 & 2	CD 1 -> DR SD05M -> Sample	SD:SD 182	
Best Service	The Best of Gigapack 1 & 2	CD 1 -> DR SD05M -> Sample	SD:SD 189	
Best Service	The Best of Gigapack 1 & 2	CD 1 -> DR SD05M -> Sample	SD:SD 197	
Best Service	The Best of Gigapack 1 & 2	CD 1 -> DR SD05M -> Sample	SD:SD 199	
Best Service	The Best of Gigapack 1 & 2	CD 1 -> DR SD05M -> Sample	SD:SD 203	
Best Service	The Best of Gigapack 1 & 2	CD 1 -> DR SD05M -> Sample	SD:SD 206	
Best Service	The Best of Gigapack 1 & 2	CD 1 -> DR SD05M -> Sample	SD:SD 210	
Best Service	The Best of Gigapack 1 & 2	CD 1 -> DR SD05M -> Sample	SD:SD 213	
Best Service	The Best of Gigapack 1 & 2	CD 1 -> DR SD05M -> Sample	SD:SD 230	
Best Service	The Best of Gigapack 1 & 2	CD 1 -> DR SD07S -> Program	SD:SD Da02s All	
Best Service	The Best of Gigapack 1 & 2	CD 1 -> DR SD07S -> Program	SD:SD Da01s 032	
Best Service	The Best of Gigapack 1 & 2	CD 1 -> DR SD07S -> Program	SD:SD Da01s 033	
Best Service	The Best of Gigapack 1 & 2	CD 1 -> DR SD07S -> Program	SD:SD Da01s 034	
Best Service	The Best of Gigapack 1 & 2	CD 1 -> DR SD07S -> Program	SD:SD Da01s 035	
Best Service	The Best of Gigapack 1 & 2	CD 1 -> DR SD07S -> Program	SD:SD Da01s 036	
Best Service	The Best of Gigapack 1 & 2	CD 1 -> DR SD07S -> Program	SD:SD Da01s 037	
Best Service	The Best of Gigapack 1 & 2	CD 1 -> DR SD07S -> Program	SD:SD Da01s 038	
Best Service	The Best of Gigapack 1 & 2	CD 1 -> DR SD07S -> Program	SD:SD Da01s 039	
Best Service	The Best of Gigapack 1 & 2	CD 1 -> DR SD07S -> Program	SD:SD Da01s 040	
Best Service	The Best of Gigapack 1 & 2	CD 1 -> DR SD07S -> Program	SD:SD Da01s 041	
Best Service	The Best of Gigapack 1 & 2	CD 1 -> DR SD07S -> Program	SD:SD Da01s 042	
Best Service	The Best of Gigapack 1 & 2	CD 1 -> DR SD07S -> Program	SD:SD Da01s 043	
Best Service	The Best of Gigapack 1 & 2	CD 1 -> DR SD07S -> Program	SD:SD Da01s 044	
Best Service	The Best of Gigapack 1 & 2	CD 1 -> DR SD07S -> Program	SD:SD Da01s 045	
Best Service	The Best of Gigapack 1 & 2	CD 1 -> DR SD07S -> Program	SD:SD Da01s 046	
Best Service	The Best of Gigapack 1 & 2	CD 1 -> DR SD07S -> Program	SD:SD Da01s 047	
Best Service	The Best of Gigapack 1 & 2	CD 1 -> DR SD07S -> Program	SD:SD Da01s 048	
Best Service	The Best of Gigapack 1 & 2	CD 1 -> DR SD07S -> Program	SD:SD Da01s 049	
Best Service	The Best of Gigapack 1 & 2	CD 1 -> DR SD07S -> Program	SD:SD Da01s 050	
Best Service	The Best of Gigapack 1 & 2	CD 1 -> DR SD07S -> Program	SD:SD Da01s 052	
Best Service	The Best of Gigapack 1 & 2	CD 1 -> DR SD07S -> Program	SD:SD Da01s 051	
Best Service	The Best of Gigapack 1 & 2	CD 1 -> DR SD07S -> Program	SD:SD Da01s 053	
Best Service	The Best of Gigapack 1 & 2	CD 1 -> DR SD07S -> Program	SD:SD Da01s 054	
Best Service	The Best of Gigapack 1 & 2	CD 1 -> DR SD07S -> Program	SD:SD Da01s 055	
Best Service	The Best of Gigapack 1 & 2	CD 1 -> DR SD07S -> Program	SD:SD Da01s 056	
Best Service	The Best of Gigapack 1 & 2	CD 1 -> DR SD07S -> Program	SD:SD Da01s 057	
Best Service	The Best of Gigapack 1 & 2	CD 1 -> DR SD07S -> Program	SD:SD Da01s 058	
Best Service	The Best of Gigapack 1 & 2	CD 1 -> DR SD07S -> Program	SD:SD Da01s 059	
Best Service	The Best of Gigapack 1 & 2	CD 1 -> DR SD07S -> Program	SD:SD Da01s 060	
Best Service	The Best of Gigapack 1 & 2	CD 1 -> DR SD07S -> Program	SD:SD Da01s 061	
Best Service	The Best of Gigapack 1 & 2	CD 1 -> DR SD07S -> Program	SD:SD Da01s 062	
Best Service	The Best of Gigapack 1 & 2	CD 1 -> DR SD07S -> Sample	SD:SD 081	
Best Service	The Best of Gigapack 1 & 2	CD 1 -> DR SD07S -> Sample	SD:SD 082	
Best Service	The Best of Gigapack 1 & 2	CD 1 -> DR SD07S -> Sample	SD:SD 083	
Best Service	The Best of Gigapack 1 & 2	CD 1 -> DR SD07S -> Sample	SD:SD 084	
Best Service	The Best of Gigapack 1 & 2	CD 1 -> DR SD07S -> Sample	SD:SD 086	
Best Service	The Best of Gigapack 1 & 2	CD 1 -> DR SD07S -> Sample	SD:SD 087	
Best Service	The Best of Gigapack 1 & 2	CD 1 -> DR SD07S -> Sample	SD:SD 088	
Best Service	The Best of Gigapack 1 & 2	CD 1 -> DR SD07S -> Sample	SD:SD 089    -R	
Best Service	The Best of Gigapack 1 & 2	CD 1 -> DR SD07S -> Sample	SD:SD 089    -L	
Best Service	The Best of Gigapack 1 & 2	CD 1 -> DR SD07S -> Sample	SD:SD 090	
Best Service	The Best of Gigapack 1 & 2	CD 1 -> DR SD07S -> Sample	SD:SD 096	
Best Service	The Best of Gigapack 1 & 2	CD 1 -> DR SD07S -> Sample	SD:SD 097	
Best Service	The Best of Gigapack 1 & 2	CD 1 -> DR SD07S -> Sample	SD:SD 100	
Best Service	The Best of Gigapack 1 & 2	CD 1 -> DR SD07S -> Sample	SD:SD 102	
Best Service	The Best of Gigapack 1 & 2	CD 1 -> DR SD07S -> Sample	SD:SD 118	
Best Service	The Best of Gigapack 1 & 2	CD 1 -> DR SD07S -> Sample	SD:SD 119	
Best Service	The Best of Gigapack 1 & 2	CD 1 -> DR SD07S -> Sample	SD:SD 120	
Best Service	The Best of Gigapack 1 & 2	CD 1 -> DR SD07S -> Sample	SD:SD 122	
Best Service	The Best of Gigapack 1 & 2	CD 1 -> DR SD07S -> Sample	SD:SD 123	
Best Service	The Best of Gigapack 1 & 2	CD 1 -> DR SD07S -> Sample	SD:SD 131	
Best Service	The Best of Gigapack 1 & 2	CD 1 -> DR SD07S -> Sample	SD:SD 134	
Best Service	The Best of Gigapack 1 & 2	CD 1 -> DR SD07S -> Sample	SD:SD 137	
Best Service	The Best of Gigapack 1 & 2	CD 1 -> DR SD07S -> Sample	SD:SD 143	
Best Service	The Best of Gigapack 1 & 2	CD 1 -> DR SD07S -> Sample	SD:SD 149	
Best Service	The Best of Gigapack 1 & 2	CD 1 -> DR SD07S -> Sample	SD:SD 150	
Best Service	The Best of Gigapack 1 & 2	CD 1 -> DR SD07S -> Sample	SD:SD 152	
Best Service	The Best of Gigapack 1 & 2	CD 1 -> DR SD07S -> Sample	SD:SD 154	
Best Service	The Best of Gigapack 1 & 2	CD 1 -> DR SD07S -> Sample	SD:SD 157	
Best Service	The Best of Gigapack 1 & 2	CD 1 -> DR SD07S -> Sample	SD:SD 159	
Best Service	The Best of Gigapack 1 & 2	CD 1 -> DR SD07S -> Sample	SD:SD 160	
Best Service	The Best of Gigapack 1 & 2	CD 1 -> DR SD07S -> Sample	SD:SD 163	
Best Service	The Best of Gigapack 1 & 2	CD 1 -> DR SD07S -> Sample	SD:SD 164	
Best Service	The Best of Gigapack 1 & 2	CD 1 -> DR SD808 -> Program	SD:SD TR-808All	
Best Service	The Best of Gigapack 1 & 2	CD 1 -> DR SD808 -> Program	SD:SD 808   001	
Best Service	The Best of Gigapack 1 & 2	CD 1 -> DR SD808 -> Program	SD:SD 808   002	
Best Service	The Best of Gigapack 1 & 2	CD 1 -> DR SD808 -> Program	SD:SD 808   003	
Best Service	The Best of Gigapack 1 & 2	CD 1 -> DR SD808 -> Program	SD:SD 808   004	
Best Service	The Best of Gigapack 1 & 2	CD 1 -> DR SD808 -> Program	SD:SD 808   005	
Best Service	The Best of Gigapack 1 & 2	CD 1 -> DR SD808 -> Program	SD:SD 808   006	
Best Service	The Best of Gigapack 1 & 2	CD 1 -> DR SD808 -> Program	SD:SD 808   007	
Best Service	The Best of Gigapack 1 & 2	CD 1 -> DR SD808 -> Program	SD:SD 808   008	
Best Service	The Best of Gigapack 1 & 2	CD 1 -> DR SD808 -> Program	SD:SD 808   009	
Best Service	The Best of Gigapack 1 & 2	CD 1 -> DR SD808 -> Program	SD:SD 808   010	
Best Service	The Best of Gigapack 1 & 2	CD 1 -> DR SD808 -> Program	SD:SD 808   011	
Best Service	The Best of Gigapack 1 & 2	CD 1 -> DR SD808 -> Program	SD:SD 808   012	
Best Service	The Best of Gigapack 1 & 2	CD 1 -> DR SD808 -> Program	SD:SD 808   013	
Best Service	The Best of Gigapack 1 & 2	CD 1 -> DR SD808 -> Program	SD:SD 808   014	
Best Service	The Best of Gigapack 1 & 2	CD 1 -> DR SD808 -> Program	SD:SD 808   015	
Best Service	The Best of Gigapack 1 & 2	CD 1 -> DR SD808 -> Program	SD:SD 808   016	
Best Service	The Best of Gigapack 1 & 2	CD 1 -> DR SD808 -> Program	SD:SD 808   017	
Best Service	The Best of Gigapack 1 & 2	CD 1 -> DR SD808 -> Program	SD:SD 808   018	
Best Service	The Best of Gigapack 1 & 2	CD 1 -> DR SD808 -> Program	SD:SD 808   019	
Best Service	The Best of Gigapack 1 & 2	CD 1 -> DR SD808 -> Program	SD:SD 808   020	
Best Service	The Best of Gigapack 1 & 2	CD 1 -> DR SD808 -> Program	SD:SD 808   021	
Best Service	The Best of Gigapack 1 & 2	CD 1 -> DR SD808 -> Program	SD:SD 808   022	
Best Service	The Best of Gigapack 1 & 2	CD 1 -> DR SD808 -> Program	SD:SD 808   023	
Best Service	The Best of Gigapack 1 & 2	CD 1 -> DR SD808 -> Program	SD:SD 808   024	
Best Service	The Best of Gigapack 1 & 2	CD 1 -> DR SD808 -> Program	SD:SD 808   025	
Best Service	The Best of Gigapack 1 & 2	CD 1 -> DR SD808 -> Program	SD:SD 808   026	
Best Service	The Best of Gigapack 1 & 2	CD 1 -> DR SD808 -> Program	SD:SD 808   027	
Best Service	The Best of Gigapack 1 & 2	CD 1 -> DR SD808 -> Program	SD:SD 808   028	
Best Service	The Best of Gigapack 1 & 2	CD 1 -> DR SD808 -> Program	SD:SD 808   029	
Best Service	The Best of Gigapack 1 & 2	CD 1 -> DR SD808 -> Program	SD:SD 808   030	
Best Service	The Best of Gigapack 1 & 2	CD 1 -> DR SD808 -> Sample	SD:SD 808 a	
Best Service	The Best of Gigapack 1 & 2	CD 1 -> DR SD808 -> Sample	SD:SD 808 b	
Best Service	The Best of Gigapack 1 & 2	CD 1 -> DR SD808 -> Sample	SD:SD 808 c	
Best Service	The Best of Gigapack 1 & 2	CD 1 -> DR SD808 -> Sample	SD:SD 808 d	
Best Service	The Best of Gigapack 1 & 2	CD 1 -> DR SD808 -> Sample	SD:SD 808 e	
Best Service	The Best of Gigapack 1 & 2	CD 1 -> DR SD808 -> Sample	SD:SD 808 h	
Best Service	The Best of Gigapack 1 & 2	CD 1 -> DR SD808 -> Sample	SD:SD 808 g	
Best Service	The Best of Gigapack 1 & 2	CD 1 -> DR SD808 -> Sample	SD:SD 808 i	
Best Service	The Best of Gigapack 1 & 2	CD 1 -> DR SD808 -> Sample	SD:SD 808 j	
Best Service	The Best of Gigapack 1 & 2	CD 1 -> DR SD808 -> Sample	SD:SD 808 f	
Best Service	The Best of Gigapack 1 & 2	CD 1 -> DR SD808 -> Sample	SD:SD 808 k	
Best Service	The Best of Gigapack 1 & 2	CD 1 -> DR SD808 -> Sample	SD:SD 808 l	
Best Service	The Best of Gigapack 1 & 2	CD 1 -> DR SD808 -> Sample	SD:SD 808 m	
Best Service	The Best of Gigapack 1 & 2	CD 1 -> DR SD808 -> Sample	SD:SD 808 n	
Best Service	The Best of Gigapack 1 & 2	CD 1 -> DR SD808 -> Sample	SD:SD 808 o	
Best Service	The Best of Gigapack 1 & 2	CD 1 -> DR SD808 -> Sample	SD:SD 808 p	
Best Service	The Best of Gigapack 1 & 2	CD 1 -> DR SD808 -> Sample	SD:SD 808 q	
Best Service	The Best of Gigapack 1 & 2	CD 1 -> DR SD808 -> Sample	SD:SD 808 r	
Best Service	The Best of Gigapack 1 & 2	CD 1 -> DR SD808 -> Sample	SD:SD 808 s	
Best Service	The Best of Gigapack 1 & 2	CD 1 -> DR SD808 -> Sample	SD:SD 808 t	
Best Service	The Best of Gigapack 1 & 2	CD 1 -> DR SD808 -> Sample	SD:SD 808 u	
Best Service	The Best of Gigapack 1 & 2	CD 1 -> DR SD808 -> Sample	SD:SD 808 v	
Best Service	The Best of Gigapack 1 & 2	CD 1 -> DR SD808 -> Sample	SD:SD 808 w	
Best Service	The Best of Gigapack 1 & 2	CD 1 -> DR SD808 -> Sample	SD:SD 808 x	
Best Service	The Best of Gigapack 1 & 2	CD 1 -> DR SD808 -> Sample	SD:SD 808 y	
Best Service	The Best of Gigapack 1 & 2	CD 1 -> DR SD808 -> Sample	SD:SD 808 z	
Best Service	The Best of Gigapack 1 & 2	CD 1 -> DR SD808 -> Sample	SD:SD 808 aa	
Best Service	The Best of Gigapack 1 & 2	CD 1 -> DR SD808 -> Sample	SD:SD 808 ab	
Best Service	The Best of Gigapack 1 & 2	CD 1 -> DR SD808 -> Sample	SD:SD 808 ac	
Best Service	The Best of Gigapack 1 & 2	CD 1 -> DR SD808 -> Sample	SD:SD 808 ad	
Best Service	The Best of Gigapack 1 & 2	CD 1 -> DR SD08S -> Program	SD:SD Da03s All	
Best Service	The Best of Gigapack 1 & 2	CD 1 -> DR SD08S -> Program	SD:SD Da03s 063	
Best Service	The Best of Gigapack 1 & 2	CD 1 -> DR SD08S -> Program	SD:SD Da03s 064	
Best Service	The Best of Gigapack 1 & 2	CD 1 -> DR SD08S -> Program	SD:SD Da03s 065	
Best Service	The Best of Gigapack 1 & 2	CD 1 -> DR SD08S -> Program	SD:SD Da03s 066	
Best Service	The Best of Gigapack 1 & 2	CD 1 -> DR SD08S -> Program	SD:SD Da03s 067	
Best Service	The Best of Gigapack 1 & 2	CD 1 -> DR SD08S -> Program	SD:SD Da03s 068	
Best Service	The Best of Gigapack 1 & 2	CD 1 -> DR SD08S -> Program	SD:SD Da03s 069	
Best Service	The Best of Gigapack 1 & 2	CD 1 -> DR SD08S -> Program	SD:SD Da03s 070	
Best Service	The Best of Gigapack 1 & 2	CD 1 -> DR SD08S -> Program	SD:SD Da03s 071	
Best Service	The Best of Gigapack 1 & 2	CD 1 -> DR SD08S -> Program	SD:SD Da03s 072	
Best Service	The Best of Gigapack 1 & 2	CD 1 -> DR SD08S -> Program	SD:SD Da03s 073	
Best Service	The Best of Gigapack 1 & 2	CD 1 -> DR SD08S -> Program	SD:SD Da03s 074	
Best Service	The Best of Gigapack 1 & 2	CD 1 -> DR SD08S -> Program	SD:SD Da03s 075	
Best Service	The Best of Gigapack 1 & 2	CD 1 -> DR SD08S -> Program	SD:SD Da03s 076	
Best Service	The Best of Gigapack 1 & 2	CD 1 -> DR SD08S -> Program	SD:SD Da03s 077	
Best Service	The Best of Gigapack 1 & 2	CD 1 -> DR SD08S -> Program	SD:SD Da03s 078	
Best Service	The Best of Gigapack 1 & 2	CD 1 -> DR SD08S -> Program	SD:SD Da03s 079	
Best Service	The Best of Gigapack 1 & 2	CD 1 -> DR SD08S -> Program	SD:SD Da03s 080	
Best Service	The Best of Gigapack 1 & 2	CD 1 -> DR SD08S -> Program	SD:SD Da03s 081	
Best Service	The Best of Gigapack 1 & 2	CD 1 -> DR SD08S -> Program	SD:SD Da03s 082	
Best Service	The Best of Gigapack 1 & 2	CD 1 -> DR SD08S -> Program	SD:SD Da03s 083	
Best Service	The Best of Gigapack 1 & 2	CD 1 -> DR SD08S -> Program	SD:SD Da03s 084	
Best Service	The Best of Gigapack 1 & 2	CD 1 -> DR SD08S -> Program	SD:SD Da03s 085	
Best Service	The Best of Gigapack 1 & 2	CD 1 -> DR SD08S -> Program	SD:SD Da03s 086	
Best Service	The Best of Gigapack 1 & 2	CD 1 -> DR SD08S -> Program	SD:SD Da03s 087	
Best Service	The Best of Gigapack 1 & 2	CD 1 -> DR SD08S -> Program	SD:SD Da03s 088	
Best Service	The Best of Gigapack 1 & 2	CD 1 -> DR SD08S -> Program	SD:SD Da03s 089	
Best Service	The Best of Gigapack 1 & 2	CD 1 -> DR SD08S -> Program	SD:SD Da03s 090	
Best Service	The Best of Gigapack 1 & 2	CD 1 -> DR SD08S -> Program	SD:SD Da03s 091	
Best Service	The Best of Gigapack 1 & 2	CD 1 -> DR SD08S -> Program	SD:SD Da03s 092	
Best Service	The Best of Gigapack 1 & 2	CD 1 -> DR SD08S -> Program	SD:SD Da03s 093	
Best Service	The Best of Gigapack 1 & 2	CD 1 -> DR SD08S -> Sample	SD:SD 167	
Best Service	The Best of Gigapack 1 & 2	CD 1 -> DR SD08S -> Sample	SD:SD 169	
Best Service	The Best of Gigapack 1 & 2	CD 1 -> DR SD08S -> Sample	SD:SD 170	
Best Service	The Best of Gigapack 1 & 2	CD 1 -> DR SD08S -> Sample	SD:SD 171	
Best Service	The Best of Gigapack 1 & 2	CD 1 -> DR SD08S -> Sample	SD:SD 173	
Best Service	The Best of Gigapack 1 & 2	CD 1 -> DR SD08S -> Sample	SD:SD 174	
Best Service	The Best of Gigapack 1 & 2	CD 1 -> DR SD08S -> Sample	SD:SD 177	
Best Service	The Best of Gigapack 1 & 2	CD 1 -> DR SD08S -> Sample	SD:SD 185	
Best Service	The Best of Gigapack 1 & 2	CD 1 -> DR SD08S -> Sample	SD:SD 186	
Best Service	The Best of Gigapack 1 & 2	CD 1 -> DR SD08S -> Sample	SD:SD 188	
Best Service	The Best of Gigapack 1 & 2	CD 1 -> DR SD08S -> Sample	SD:SD 191	
Best Service	The Best of Gigapack 1 & 2	CD 1 -> DR SD08S -> Sample	SD:SD 247	
Best Service	The Best of Gigapack 1 & 2	CD 1 -> DR SD08S -> Sample	SD:SD 193	
Best Service	The Best of Gigapack 1 & 2	CD 1 -> DR SD08S -> Sample	SD:SD 198	
Best Service	The Best of Gigapack 1 & 2	CD 1 -> DR SD08S -> Sample	SD:SD 202	
Best Service	The Best of Gigapack 1 & 2	CD 1 -> DR SD08S -> Sample	SD:SD 207	
Best Service	The Best of Gigapack 1 & 2	CD 1 -> DR SD08S -> Sample	SD:SD 208	
Best Service	The Best of Gigapack 1 & 2	CD 1 -> DR SD08S -> Sample	SD:SD 212	
Best Service	The Best of Gigapack 1 & 2	CD 1 -> DR SD08S -> Sample	SD:SD 216	
Best Service	The Best of Gigapack 1 & 2	CD 1 -> DR SD08S -> Sample	SD:SD 217	
Best Service	The Best of Gigapack 1 & 2	CD 1 -> DR SD08S -> Sample	SD:SD 218	
Best Service	The Best of Gigapack 1 & 2	CD 1 -> DR SD08S -> Sample	SD:SD 220	
Best Service	The Best of Gigapack 1 & 2	CD 1 -> DR SD08S -> Sample	SD:SD 221	
Best Service	The Best of Gigapack 1 & 2	CD 1 -> DR SD08S -> Sample	SD:SD 228	
Best Service	The Best of Gigapack 1 & 2	CD 1 -> DR SD08S -> Sample	SD:SD 232	
Best Service	The Best of Gigapack 1 & 2	CD 1 -> DR SD08S -> Sample	SD:SD 233	
Best Service	The Best of Gigapack 1 & 2	CD 1 -> DR SD08S -> Sample	SD:SD 238	
Best Service	The Best of Gigapack 1 & 2	CD 1 -> DR SD08S -> Sample	SD:SD 240	
Best Service	The Best of Gigapack 1 & 2	CD 1 -> DR SD08S -> Sample	SD:SD 241	
Best Service	The Best of Gigapack 1 & 2	CD 1 -> DR SD08S -> Sample	SD:SD 248	
Best Service	The Best of Gigapack 1 & 2	CD 1 -> DR SD08S -> Sample	SD:SD 246	
Best Service	The Best of Gigapack 1 & 2	CD 1 -> DR SD909 -> Program	SD:SD 909   001	
Best Service	The Best of Gigapack 1 & 2	CD 1 -> DR SD909 -> Program	SD:SD 909   002	
Best Service	The Best of Gigapack 1 & 2	CD 1 -> DR SD909 -> Program	SD:SD 909   003	
Best Service	The Best of Gigapack 1 & 2	CD 1 -> DR SD909 -> Program	SD:SD 909   004	
Best Service	The Best of Gigapack 1 & 2	CD 1 -> DR SD909 -> Program	SD:SD 909   005	
Best Service	The Best of Gigapack 1 & 2	CD 1 -> DR SD909 -> Program	SD:SD 909   006	
Best Service	The Best of Gigapack 1 & 2	CD 1 -> DR SD909 -> Program	SD:SD 909   007	
Best Service	The Best of Gigapack 1 & 2	CD 1 -> DR SD909 -> Program	SD:SD 909   008	
Best Service	The Best of Gigapack 1 & 2	CD 1 -> DR SD909 -> Program	SD:SD 909   009	
Best Service	The Best of Gigapack 1 & 2	CD 1 -> DR SD909 -> Program	SD:SD 909   010	
Best Service	The Best of Gigapack 1 & 2	CD 1 -> DR SD909 -> Program	SD:SD 909   011	
Best Service	The Best of Gigapack 1 & 2	CD 1 -> DR SD909 -> Program	SD:SD 909   012	
Best Service	The Best of Gigapack 1 & 2	CD 1 -> DR SD909 -> Program	SD:SD 909   013	
Best Service	The Best of Gigapack 1 & 2	CD 1 -> DR SD909 -> Program	SD:SD 909   014	
Best Service	The Best of Gigapack 1 & 2	CD 1 -> DR SD909 -> Program	SD:SD 909   015	
Best Service	The Best of Gigapack 1 & 2	CD 1 -> DR SD909 -> Program	SD:SD 909   016	
Best Service	The Best of Gigapack 1 & 2	CD 1 -> DR SD909 -> Program	SD:SD 909   017	
Best Service	The Best of Gigapack 1 & 2	CD 1 -> DR SD909 -> Program	SD:SD 909   018	
Best Service	The Best of Gigapack 1 & 2	CD 1 -> DR SD909 -> Program	SD:SD 909   019	
Best Service	The Best of Gigapack 1 & 2	CD 1 -> DR SD909 -> Program	SD:SD 909   020	
Best Service	The Best of Gigapack 1 & 2	CD 1 -> DR SD909 -> Program	SD:SD 909   021	
Best Service	The Best of Gigapack 1 & 2	CD 1 -> DR SD909 -> Program	SD:SD 909   022	
Best Service	The Best of Gigapack 1 & 2	CD 1 -> DR SD909 -> Program	SD:SD 909   023	
Best Service	The Best of Gigapack 1 & 2	CD 1 -> DR SD909 -> Program	SD:SD 909   024	
Best Service	The Best of Gigapack 1 & 2	CD 1 -> DR SD909 -> Program	SD:SD 909   025	
Best Service	The Best of Gigapack 1 & 2	CD 1 -> DR SD909 -> Program	SD:SD 909   026	
Best Service	The Best of Gigapack 1 & 2	CD 1 -> DR SD909 -> Program	SD:SD 909   027	
Best Service	The Best of Gigapack 1 & 2	CD 1 -> DR SD909 -> Program	SD:SD 909   028	
Best Service	The Best of Gigapack 1 & 2	CD 1 -> DR SD909 -> Program	SD:SD 909   029	
Best Service	The Best of Gigapack 1 & 2	CD 1 -> DR SD909 -> Program	SD:SD 909   030	
Best Service	The Best of Gigapack 1 & 2	CD 1 -> DR SD909 -> Program	SD:SD 909   031	
Best Service	The Best of Gigapack 1 & 2	CD 1 -> DR SD909 -> Sample	SD:SD 909 a	
Best Service	The Best of Gigapack 1 & 2	CD 1 -> DR SD909 -> Sample	SD:SD 909 b	
Best Service	The Best of Gigapack 1 & 2	CD 1 -> DR SD909 -> Sample	SD:SD 909 c	
Best Service	The Best of Gigapack 1 & 2	CD 1 -> DR SD909 -> Sample	SD:SD 909 d	
Best Service	The Best of Gigapack 1 & 2	CD 1 -> DR SD909 -> Sample	SD:SD 909 e	
Best Service	The Best of Gigapack 1 & 2	CD 1 -> DR SD909 -> Sample	SD:SD 909 f	
Best Service	The Best of Gigapack 1 & 2	CD 1 -> DR SD909 -> Sample	SD:SD 909 g	
Best Service	The Best of Gigapack 1 & 2	CD 1 -> DR SD909 -> Sample	SD:SD 909 h	
Best Service	The Best of Gigapack 1 & 2	CD 1 -> DR SD909 -> Sample	SD:SD 909 i	
Best Service	The Best of Gigapack 1 & 2	CD 1 -> DR SD909 -> Sample	SD:SD 909 j	
Best Service	The Best of Gigapack 1 & 2	CD 1 -> DR SD909 -> Sample	SD:SD 909 k	
Best Service	The Best of Gigapack 1 & 2	CD 1 -> DR SD909 -> Sample	SD:SD 909 l	
Best Service	The Best of Gigapack 1 & 2	CD 1 -> DR SD909 -> Sample	SD:SD 909 m	
Best Service	The Best of Gigapack 1 & 2	CD 1 -> DR SD909 -> Sample	SD:SD 909 n	
Best Service	The Best of Gigapack 1 & 2	CD 1 -> DR SD909 -> Sample	SD:SD 909 o	
Best Service	The Best of Gigapack 1 & 2	CD 1 -> DR SD909 -> Sample	SD:SD 909 p	
Best Service	The Best of Gigapack 1 & 2	CD 1 -> DR SD909 -> Sample	SD:SD 909 q	
Best Service	The Best of Gigapack 1 & 2	CD 1 -> DR SD909 -> Sample	SD:SD 909 r	
Best Service	The Best of Gigapack 1 & 2	CD 1 -> DR SD909 -> Sample	SD:SD 909 s	
Best Service	The Best of Gigapack 1 & 2	CD 1 -> DR SD909 -> Sample	SD:SD 909 t	
Best Service	The Best of Gigapack 1 & 2	CD 1 -> DR SD909 -> Sample	SD:SD 909 u	
Best Service	The Best of Gigapack 1 & 2	CD 1 -> DR SD909 -> Sample	SD:SD 909 v	
Best Service	The Best of Gigapack 1 & 2	CD 1 -> DR SD909 -> Sample	SD:SD 909 w	
Best Service	The Best of Gigapack 1 & 2	CD 1 -> DR SD909 -> Sample	SD:SD 909 x	
Best Service	The Best of Gigapack 1 & 2	CD 1 -> DR SD909 -> Sample	SD:SD 909 y	
Best Service	The Best of Gigapack 1 & 2	CD 1 -> DR SD909 -> Sample	SD:SD 909 z	
Best Service	The Best of Gigapack 1 & 2	CD 1 -> DR SD909 -> Sample	SD:SD 909 aa	
Best Service	The Best of Gigapack 1 & 2	CD 1 -> DR SD909 -> Sample	SD:SD 909 ab	
Best Service	The Best of Gigapack 1 & 2	CD 1 -> DR SD909 -> Sample	SD:SD 909 az	
Best Service	The Best of Gigapack 1 & 2	CD 1 -> DR SD909 -> Sample	SD:SD 909 ad	
Best Service	The Best of Gigapack 1 & 2	CD 1 -> DR SD909 -> Sample	SD:SD 909 ae	
Best Service	The Best of Gigapack 1 & 2	CD 1 -> DR SD909 -> Sample	SD:SD 909 af	
Best Service	The Best of Gigapack 1 & 2	CD 1 -> DR SD909 -> Sample	SD:SD 909 ag	
Best Service	The Best of Gigapack 1 & 2	CD 1 -> DR SD909 -> Sample	SD:SD 909 ah	
Best Service	The Best of Gigapack 1 & 2	CD 1 -> DR SD909 -> Sample	SD:SD 909 ai	
Best Service	The Best of Gigapack 1 & 2	CD 1 -> DR SD909 -> Sample	SD:SD 909 aj	
Best Service	The Best of Gigapack 1 & 2	CD 1 -> DR SD909 -> Sample	SD:SD 909 ak	
Best Service	The Best of Gigapack 1 & 2	CD 1 -> DR SD909 -> Sample	SD:SD 909 al	
Best Service	The Best of Gigapack 1 & 2	CD 1 -> DR SD909 -> Sample	SD:SD 909 am	
Best Service	The Best of Gigapack 1 & 2	CD 1 -> DR SD909 -> Sample	SD:SD 909 an	
Best Service	The Best of Gigapack 1 & 2	CD 1 -> DR SD909 -> Sample	SD:SD 909 ay	
Best Service	The Best of Gigapack 1 & 2	CD 1 -> DR SD909 -> Sample	SD:SD 909 ap	
Best Service	The Best of Gigapack 1 & 2	CD 1 -> DR SD909 -> Sample	SD:SD 909 aq	
Best Service	The Best of Gigapack 1 & 2	CD 1 -> DR SD909 -> Sample	SD:SD 909 ax	
Best Service	The Best of Gigapack 1 & 2	CD 1 -> DR SD909 -> Sample	SD:SD 909 as	
Best Service	The Best of Gigapack 1 & 2	CD 1 -> DR SD909 -> Sample	SD:SD 909 at	
Best Service	The Best of Gigapack 1 & 2	CD 1 -> DR SD909 -> Sample	SD:SD 909 au	
Best Service	The Best of Gigapack 1 & 2	CD 1 -> DR SD909 -> Sample	SD:SD 909 av	
Best Service	The Best of Gigapack 1 & 2	CD 1 -> DR SD909 -> Sample	SD:SD 909 aw	
Best Service	The Best of Gigapack 1 & 2	CD 1 -> DRUM KIT -> Program	Drum Default Prg	
Best Service	The Best of Gigapack 1 & 2	CD 1 -> DR SD09M -> Program	SD:SD R m(1)all	
Best Service	The Best of Gigapack 1 & 2	CD 1 -> DR SD09M -> Program	SD:SD R m(1) 01	
Best Service	The Best of Gigapack 1 & 2	CD 1 -> DR SD09M -> Program	SD:SD R m(1) 02	
Best Service	The Best of Gigapack 1 & 2	CD 1 -> DR SD09M -> Program	SD:SD R m(1) 03	
Best Service	The Best of Gigapack 1 & 2	CD 1 -> DR SD09M -> Program	SD:SD R m(1) 04	
Best Service	The Best of Gigapack 1 & 2	CD 1 -> DR SD09M -> Program	SD:SD R m(1) 05	
Best Service	The Best of Gigapack 1 & 2	CD 1 -> DR SD09M -> Program	SD:SD R m(1) 06	
Best Service	The Best of Gigapack 1 & 2	CD 1 -> DR SD09M -> Program	SD:SD R m(1) 07	
Best Service	The Best of Gigapack 1 & 2	CD 1 -> DR SD09M -> Program	SD:SD R m(1) 08	
Best Service	The Best of Gigapack 1 & 2	CD 1 -> DR SD09M -> Program	SD:SD R m(1) 09	
Best Service	The Best of Gigapack 1 & 2	CD 1 -> DR SD09M -> Program	SD:SD R m(1) 10	
Best Service	The Best of Gigapack 1 & 2	CD 1 -> DR SD09M -> Program	SD:SD R m(1) 11	
Best Service	The Best of Gigapack 1 & 2	CD 1 -> DR SD09M -> Program	SD:SD R m(1) 12	
Best Service	The Best of Gigapack 1 & 2	CD 1 -> DR SD09M -> Program	SD:SD R m(1) 13	
Best Service	The Best of Gigapack 1 & 2	CD 1 -> DR SD09M -> Program	SD:SD R m(1) 14	
Best Service	The Best of Gigapack 1 & 2	CD 1 -> DR SD09M -> Program	SD:SD R m(1) 15	
Best Service	The Best of Gigapack 1 & 2	CD 1 -> DR SD09M -> Program	SD:SD R m(1) 16	
Best Service	The Best of Gigapack 1 & 2	CD 1 -> DR SD09M -> Program	SD:SD R m(1) 17	
Best Service	The Best of Gigapack 1 & 2	CD 1 -> DR SD09M -> Program	SD:SD R m(1) 18	
Best Service	The Best of Gigapack 1 & 2	CD 1 -> DR SD09M -> Program	SD:SD R m(1) 19	
Best Service	The Best of Gigapack 1 & 2	CD 1 -> DR SD09M -> Program	SD:SD R m(1) 20	
Best Service	The Best of Gigapack 1 & 2	CD 1 -> DR SD09M -> Program	SD:SD R m(1) 21	
Best Service	The Best of Gigapack 1 & 2	CD 1 -> DR SD09M -> Program	SD:SD R m(1) 22	
Best Service	The Best of Gigapack 1 & 2	CD 1 -> DR SD09M -> Program	SD:SD R m(1) 23	
Best Service	The Best of Gigapack 1 & 2	CD 1 -> DR SD09M -> Program	SD:SD R m(1) 24	
Best Service	The Best of Gigapack 1 & 2	CD 1 -> DR SD09M -> Program	SD:SD R m(1) 25	
Best Service	The Best of Gigapack 1 & 2	CD 1 -> DR SD09M -> Program	SD:SD R m(1) 26	
Best Service	The Best of Gigapack 1 & 2	CD 1 -> DR SD09M -> Program	SD:SD R m(1) 27	
Best Service	The Best of Gigapack 1 & 2	CD 1 -> DR SD09M -> Program	SD:SD R m(1) 28	
Best Service	The Best of Gigapack 1 & 2	CD 1 -> DR SD09M -> Program	SD:SD R m(1) 29	
Best Service	The Best of Gigapack 1 & 2	CD 1 -> DR SD09M -> Program	SD:SD R m(1) 30	
Best Service	The Best of Gigapack 1 & 2	CD 1 -> DR SD09M -> Program	SD:SD R m(1) 31	
Best Service	The Best of Gigapack 1 & 2	CD 1 -> DR SD09M -> Sample	SD:Sd 007	
Best Service	The Best of Gigapack 1 & 2	CD 1 -> DR SD09M -> Sample	SD:Sd 008	
Best Service	The Best of Gigapack 1 & 2	CD 1 -> DR SD09M -> Sample	SD:Sd 009	
Best Service	The Best of Gigapack 1 & 2	CD 1 -> DR SD09M -> Sample	SD:Sd 010	
Best Service	The Best of Gigapack 1 & 2	CD 1 -> DR SD09M -> Sample	SD:Sd 011	
Best Service	The Best of Gigapack 1 & 2	CD 1 -> DR SD09M -> Sample	SD:Sd 115	
Best Service	The Best of Gigapack 1 & 2	CD 1 -> DR SD09M -> Sample	SD:Sd 015,	
Best Service	The Best of Gigapack 1 & 2	CD 1 -> DR SD09M -> Sample	SD:Sd 020	
Best Service	The Best of Gigapack 1 & 2	CD 1 -> DR SD09M -> Sample	SD:Sd 031	
Best Service	The Best of Gigapack 1 & 2	CD 1 -> DR SD09M -> Sample	SD:Sd 036	
Best Service	The Best of Gigapack 1 & 2	CD 1 -> DR SD09M -> Sample	SD:Sd 109.	
Best Service	The Best of Gigapack 1 & 2	CD 1 -> DR SD09M -> Sample	SD:Sd 049	
Best Service	The Best of Gigapack 1 & 2	CD 1 -> DR SD09M -> Sample	SD:Sd 050	
Best Service	The Best of Gigapack 1 & 2	CD 1 -> DR SD09M -> Sample	SD:Sd 055	
Best Service	The Best of Gigapack 1 & 2	CD 1 -> DR SD09M -> Sample	SD:Sd 056	
Best Service	The Best of Gigapack 1 & 2	CD 1 -> DR SD09M -> Sample	SD:Sd 057	
Best Service	The Best of Gigapack 1 & 2	CD 1 -> DR SD09M -> Sample	SD:Sd 062	
Best Service	The Best of Gigapack 1 & 2	CD 1 -> DR SD09M -> Sample	SD:Sd 063	
Best Service	The Best of Gigapack 1 & 2	CD 1 -> DR SD09M -> Sample	SD:Sd 070	
Best Service	The Best of Gigapack 1 & 2	CD 1 -> DR SD09M -> Sample	SD:Sd 071	
Best Service	The Best of Gigapack 1 & 2	CD 1 -> DR SD09M -> Sample	SD:Sd 076	
Best Service	The Best of Gigapack 1 & 2	CD 1 -> DR SD09M -> Sample	SD:Sd 012	
Best Service	The Best of Gigapack 1 & 2	CD 1 -> DR SD09M -> Sample	SD:Sd 081	
Best Service	The Best of Gigapack 1 & 2	CD 1 -> DR SD09M -> Sample	SD:Sd 082	
Best Service	The Best of Gigapack 1 & 2	CD 1 -> DR SD09M -> Sample	SD:Sd 113.	
Best Service	The Best of Gigapack 1 & 2	CD 1 -> DR SD09M -> Sample	SD:Sd 084	
Best Service	The Best of Gigapack 1 & 2	CD 1 -> DR SD09M -> Sample	SD:Sd 087	
Best Service	The Best of Gigapack 1 & 2	CD 1 -> DR SD09M -> Sample	SD:Sd 095	
Best Service	The Best of Gigapack 1 & 2	CD 1 -> DR SD09M -> Sample	SD:Sd 103.	
Best Service	The Best of Gigapack 1 & 2	CD 1 -> DR SD09M -> Sample	SD:Sd 114	
Best Service	The Best of Gigapack 1 & 2	CD 1 -> DR SD09M -> Sample	SD:Sd 108.	
Best Service	The Best of Gigapack 1 & 2	CD 1 -> DR SD10M -> Program	SD:SD R m(2)all	
Best Service	The Best of Gigapack 1 & 2	CD 1 -> DR SD10M -> Program	SD:SD R m(2) 01	
Best Service	The Best of Gigapack 1 & 2	CD 1 -> DR SD10M -> Program	SD:SD R m(2) 02	
Best Service	The Best of Gigapack 1 & 2	CD 1 -> DR SD10M -> Program	SD:SD R m(2) 03	
Best Service	The Best of Gigapack 1 & 2	CD 1 -> DR SD10M -> Program	SD:SD R m(2) 04	
Best Service	The Best of Gigapack 1 & 2	CD 1 -> DR SD10M -> Sample	SD:Sd 001	
Best Service	The Best of Gigapack 1 & 2	CD 1 -> DR SD10M -> Sample	SD:Sd 002	
Best Service	The Best of Gigapack 1 & 2	CD 1 -> DR SD10M -> Sample	SD:Sd 064	
Best Service	The Best of Gigapack 1 & 2	CD 1 -> DR SD10M -> Sample	SD:Sd 065	
Best Service	The Best of Gigapack 1 & 2	CD 1 -> DR SD10M -> Sample	SD:Sd 085	
Best Service	The Best of Gigapack 1 & 2	CD 1 -> DR SD10M -> Sample	SD:Sd 086	
Best Service	The Best of Gigapack 1 & 2	CD 1 -> DR SD10M -> Sample	SD:Sd 110.	
Best Service	The Best of Gigapack 1 & 2	CD 1 -> DR SD10M -> Sample	SD:Sd 111.	
Best Service	The Best of Gigapack 1 & 2	CD 1 -> DR SD11M -> Program	SD:SD R m(3)all	
Best Service	The Best of Gigapack 1 & 2	CD 1 -> DR SD11M -> Program	SD:SD R m(3) 01	
Best Service	The Best of Gigapack 1 & 2	CD 1 -> DR SD11M -> Program	SD:SD R m(3) 02	
Best Service	The Best of Gigapack 1 & 2	CD 1 -> DR SD11M -> Program	SD:SD R m(3) 03	
Best Service	The Best of Gigapack 1 & 2	CD 1 -> DR SD11M -> Program	SD:SD R m(3) 04	
Best Service	The Best of Gigapack 1 & 2	CD 1 -> DR SD11M -> Program	SD:SD R m(3) 05	
Best Service	The Best of Gigapack 1 & 2	CD 1 -> DR SD11M -> Program	SD:SD R m(3) 06	
Best Service	The Best of Gigapack 1 & 2	CD 1 -> DR SD11M -> Program	SD:SD R m(3) 07	
Best Service	The Best of Gigapack 1 & 2	CD 1 -> DR SD11M -> Program	SD:SD R m(3) 08	
Best Service	The Best of Gigapack 1 & 2	CD 1 -> DR SD11M -> Sample	SD:Sd 013	
Best Service	The Best of Gigapack 1 & 2	CD 1 -> DR SD11M -> Sample	SD:Sd 014	
Best Service	The Best of Gigapack 1 & 2	CD 1 -> DR SD11M -> Sample	SD:Sd 015	
Best Service	The Best of Gigapack 1 & 2	CD 1 -> DR SD11M -> Sample	SD:Sd 021	
Best Service	The Best of Gigapack 1 & 2	CD 1 -> DR SD11M -> Sample	SD:Sd 022	
Best Service	The Best of Gigapack 1 & 2	CD 1 -> DR SD11M -> Sample	SD:Sd 023	
Best Service	The Best of Gigapack 1 & 2	CD 1 -> DR SD11M -> Sample	SD:Sd 024	
Best Service	The Best of Gigapack 1 & 2	CD 1 -> DR SD11M -> Sample	SD:Sd 025	
Best Service	The Best of Gigapack 1 & 2	CD 1 -> DR SD11M -> Sample	SD:Sd 026	
Best Service	The Best of Gigapack 1 & 2	CD 1 -> DR SD11M -> Sample	SD:Sd 027	
Best Service	The Best of Gigapack 1 & 2	CD 1 -> DR SD11M -> Sample	SD:Sd 028	
Best Service	The Best of Gigapack 1 & 2	CD 1 -> DR SD11M -> Sample	SD:Sd 030	
Best Service	The Best of Gigapack 1 & 2	CD 1 -> DR SD11M -> Sample	SD:Sd 042	
Best Service	The Best of Gigapack 1 & 2	CD 1 -> DR SD11M -> Sample	SD:Sd 043	
Best Service	The Best of Gigapack 1 & 2	CD 1 -> DR SD11M -> Sample	SD:Sd 044	
Best Service	The Best of Gigapack 1 & 2	CD 1 -> DR SD11M -> Sample	SD:Sd 088	
Best Service	The Best of Gigapack 1 & 2	CD 1 -> DR SD11M -> Sample	SD:Sd 089	
Best Service	The Best of Gigapack 1 & 2	CD 1 -> DR SD11M -> Sample	SD:Sd 090	
Best Service	The Best of Gigapack 1 & 2	CD 1 -> DR SD11M -> Sample	SD:Sd 096	
Best Service	The Best of Gigapack 1 & 2	CD 1 -> DR SD11M -> Sample	SD:Sd 097	
Best Service	The Best of Gigapack 1 & 2	CD 1 -> DR SD11M -> Sample	SD:Sd 098	
Best Service	The Best of Gigapack 1 & 2	CD 1 -> DR SD11M -> Sample	SD:Sd 105.	
Best Service	The Best of Gigapack 1 & 2	CD 1 -> DR SD11M -> Sample	SD:Sd 106.	
Best Service	The Best of Gigapack 1 & 2	CD 1 -> DR SD11M -> Sample	SD:Sd 107.	
Best Service	The Best of Gigapack 1 & 2	CD 1 -> DR SD12M -> Program	SD:SD R m(4)all	
Best Service	The Best of Gigapack 1 & 2	CD 1 -> DR SD12M -> Program	SD:SD R m(4) 01	
Best Service	The Best of Gigapack 1 & 2	CD 1 -> DR SD12M -> Program	SD:SD R m(4) 02	
Best Service	The Best of Gigapack 1 & 2	CD 1 -> DR SD12M -> Program	SD:SD R m(4) 03	
Best Service	The Best of Gigapack 1 & 2	CD 1 -> DR SD12M -> Program	SD:SD R m(4) 04	
Best Service	The Best of Gigapack 1 & 2	CD 1 -> DR SD12M -> Program	SD:SD R m(4) 05	
Best Service	The Best of Gigapack 1 & 2	CD 1 -> DR SD12M -> Program	SD:SD R m(4) 06	
Best Service	The Best of Gigapack 1 & 2	CD 1 -> DR SD12M -> Program	SD:SD R m(4) 07	
Best Service	The Best of Gigapack 1 & 2	CD 1 -> DR SD12M -> Program	SD:SD R m(4) 08	
Best Service	The Best of Gigapack 1 & 2	CD 1 -> DR SD12M -> Program	SD:SD R m(4) 09	
Best Service	The Best of Gigapack 1 & 2	CD 1 -> DR SD12M -> Program	SD:SD R m(4) 10	
Best Service	The Best of Gigapack 1 & 2	CD 1 -> DR SD12M -> Program	SD:SD R m(4) 11	
Best Service	The Best of Gigapack 1 & 2	CD 1 -> DR SD12M -> Program	SD:SD R m(4) 12	
Best Service	The Best of Gigapack 1 & 2	CD 1 -> DR SD12M -> Sample	SD:Sd 003	
Best Service	The Best of Gigapack 1 & 2	CD 1 -> DR SD12M -> Sample	SD:Sd 004	
Best Service	The Best of Gigapack 1 & 2	CD 1 -> DR SD12M -> Sample	SD:Sd 005	
Best Service	The Best of Gigapack 1 & 2	CD 1 -> DR SD12M -> Sample	SD:Sd 006	
Best Service	The Best of Gigapack 1 & 2	CD 1 -> DR SD12M -> Sample	SD:Sd 016	
Best Service	The Best of Gigapack 1 & 2	CD 1 -> DR SD12M -> Sample	SD:Sd 017	
Best Service	The Best of Gigapack 1 & 2	CD 1 -> DR SD12M -> Sample	SD:Sd 018	
Best Service	The Best of Gigapack 1 & 2	CD 1 -> DR SD12M -> Sample	SD:Sd 019	
Best Service	The Best of Gigapack 1 & 2	CD 1 -> DR SD12M -> Sample	SD:Sd 032	
Best Service	The Best of Gigapack 1 & 2	CD 1 -> DR SD12M -> Sample	SD:Sd 033	
Best Service	The Best of Gigapack 1 & 2	CD 1 -> DR SD12M -> Sample	SD:Sd 034	
Best Service	The Best of Gigapack 1 & 2	CD 1 -> DR SD12M -> Sample	SD:Sd 035	
Best Service	The Best of Gigapack 1 & 2	CD 1 -> DR SD12M -> Sample	SD:Sd 037	
Best Service	The Best of Gigapack 1 & 2	CD 1 -> DR SD12M -> Sample	SD:Sd 038	
Best Service	The Best of Gigapack 1 & 2	CD 1 -> DR SD12M -> Sample	SD:Sd 039	
Best Service	The Best of Gigapack 1 & 2	CD 1 -> DR SD12M -> Sample	SD:Sd 040	
Best Service	The Best of Gigapack 1 & 2	CD 1 -> DR SD12M -> Sample	SD:Sd 045	
Best Service	The Best of Gigapack 1 & 2	CD 1 -> DR SD12M -> Sample	SD:Sd 046	
Best Service	The Best of Gigapack 1 & 2	CD 1 -> DR SD12M -> Sample	SD:Sd 047	
Best Service	The Best of Gigapack 1 & 2	CD 1 -> DR SD12M -> Sample	SD:Sd 048	
Best Service	The Best of Gigapack 1 & 2	CD 1 -> DR SD12M -> Sample	SD:Sd 051	
Best Service	The Best of Gigapack 1 & 2	CD 1 -> DR SD12M -> Sample	SD:Sd 052	
Best Service	The Best of Gigapack 1 & 2	CD 1 -> DR SD12M -> Sample	SD:Sd 053	
Best Service	The Best of Gigapack 1 & 2	CD 1 -> DR SD12M -> Sample	SD:Sd 054	
Best Service	The Best of Gigapack 1 & 2	CD 1 -> DR SD12M -> Sample	SD:Sd 058	
Best Service	The Best of Gigapack 1 & 2	CD 1 -> DR SD12M -> Sample	SD:Sd 059	
Best Service	The Best of Gigapack 1 & 2	CD 1 -> DR SD12M -> Sample	SD:Sd 060	
Best Service	The Best of Gigapack 1 & 2	CD 1 -> DR SD12M -> Sample	SD:Sd 061	
Best Service	The Best of Gigapack 1 & 2	CD 1 -> DR SD12M -> Sample	SD:Sd 066	
Best Service	The Best of Gigapack 1 & 2	CD 1 -> DR SD12M -> Sample	SD:Sd 067	
Best Service	The Best of Gigapack 1 & 2	CD 1 -> DR SD12M -> Sample	SD:Sd 068	
Best Service	The Best of Gigapack 1 & 2	CD 1 -> DR SD12M -> Sample	SD:Sd 069	
Best Service	The Best of Gigapack 1 & 2	CD 1 -> DR SD12M -> Sample	SD:Sd 072	
Best Service	The Best of Gigapack 1 & 2	CD 1 -> DR SD12M -> Sample	SD:Sd 073	
Best Service	The Best of Gigapack 1 & 2	CD 1 -> DR SD12M -> Sample	SD:Sd 074	
Best Service	The Best of Gigapack 1 & 2	CD 1 -> DR SD12M -> Sample	SD:Sd 075	
Best Service	The Best of Gigapack 1 & 2	CD 1 -> DR SD12M -> Sample	SD:Sd 077	
Best Service	The Best of Gigapack 1 & 2	CD 1 -> DR SD12M -> Sample	SD:Sd 078	
Best Service	The Best of Gigapack 1 & 2	CD 1 -> DR SD12M -> Sample	SD:Sd 079	
Best Service	The Best of Gigapack 1 & 2	CD 1 -> DR SD12M -> Sample	SD:Sd 080	
Best Service	The Best of Gigapack 1 & 2	CD 1 -> DR SD12M -> Sample	SD:Sd 091	
Best Service	The Best of Gigapack 1 & 2	CD 1 -> DR SD12M -> Sample	SD:Sd 092	
Best Service	The Best of Gigapack 1 & 2	CD 1 -> DR SD12M -> Sample	SD:Sd 093	
Best Service	The Best of Gigapack 1 & 2	CD 1 -> DR SD12M -> Sample	SD:Sd 094	
Best Service	The Best of Gigapack 1 & 2	CD 1 -> DR SD12M -> Sample	SD:Sd 099	
Best Service	The Best of Gigapack 1 & 2	CD 1 -> DR SD12M -> Sample	SD:Sd 100	
Best Service	The Best of Gigapack 1 & 2	CD 1 -> DR SD12M -> Sample	SD:Sd 101.	
Best Service	The Best of Gigapack 1 & 2	CD 1 -> DR SD12M -> Sample	SD:Sd 102.	
Best Service	The Best of Gigapack 1 & 2	CD 1 -> DR SD13S -> Program	SD:SD R s(1)All	
Best Service	The Best of Gigapack 1 & 2	CD 1 -> DR SD13S -> Program	SD:SD R s(1) 01	
Best Service	The Best of Gigapack 1 & 2	CD 1 -> DR SD13S -> Program	SD:SD R s(1) 02	
Best Service	The Best of Gigapack 1 & 2	CD 1 -> DR SD13S -> Program	SD:SD R s(1) 03	
Best Service	The Best of Gigapack 1 & 2	CD 1 -> DR SD13S -> Program	SD:SD R s(1) 04	
Best Service	The Best of Gigapack 1 & 2	CD 1 -> DR SD13S -> Program	SD:SD R s(1) 05	
Best Service	The Best of Gigapack 1 & 2	CD 1 -> DR SD13S -> Program	SD:SD R s(1) 06	
Best Service	The Best of Gigapack 1 & 2	CD 1 -> DR SD13S -> Program	SD:SD R s(1) 07	
Best Service	The Best of Gigapack 1 & 2	CD 1 -> DR SD13S -> Program	SD:SD R s(1) 08	
Best Service	The Best of Gigapack 1 & 2	CD 1 -> DR SD13S -> Program	SD:SD R s(1) 09	
Best Service	The Best of Gigapack 1 & 2	CD 1 -> DR SD13S -> Program	SD:SD R s(1) 10	
Best Service	The Best of Gigapack 1 & 2	CD 1 -> DR SD13S -> Program	SD:SD R s(1) 11	
Best Service	The Best of Gigapack 1 & 2	CD 1 -> DR SD13S -> Program	SD:SD R s(1) 12	
Best Service	The Best of Gigapack 1 & 2	CD 1 -> DR SD13S -> Program	SD:SD R s(1) 13	
Best Service	The Best of Gigapack 1 & 2	CD 1 -> DR SD13S -> Program	SD:SD R s(1) 14	
Best Service	The Best of Gigapack 1 & 2	CD 1 -> DR SD13S -> Sample	SD:SDr 22	
Best Service	The Best of Gigapack 1 & 2	CD 1 -> DR SD13S -> Sample	SD:SDr 23	
Best Service	The Best of Gigapack 1 & 2	CD 1 -> DR SD13S -> Sample	SD:SDr 24	
Best Service	The Best of Gigapack 1 & 2	CD 1 -> DR SD13S -> Sample	SD:SDr 36	
Best Service	The Best of Gigapack 1 & 2	CD 1 -> DR SD13S -> Sample	SD:SDr 37	
Best Service	The Best of Gigapack 1 & 2	CD 1 -> DR SD13S -> Sample	SD:SDr 42	
Best Service	The Best of Gigapack 1 & 2	CD 1 -> DR SD13S -> Sample	SD:SDr 55	
Best Service	The Best of Gigapack 1 & 2	CD 1 -> DR SD13S -> Sample	SD:SDr 60	
Best Service	The Best of Gigapack 1 & 2	CD 1 -> DR SD13S -> Sample	SD:SDr 63	
Best Service	The Best of Gigapack 1 & 2	CD 1 -> DR SD13S -> Sample	SD:SDr 84	
Best Service	The Best of Gigapack 1 & 2	CD 1 -> DR SD13S -> Sample	SD:SDr 85	
Best Service	The Best of Gigapack 1 & 2	CD 1 -> DR SD13S -> Sample	SD:SDr 86	
Best Service	The Best of Gigapack 1 & 2	CD 1 -> DR SD13S -> Sample	SD:SDr 89	
Best Service	The Best of Gigapack 1 & 2	CD 1 -> DR SD13S -> Sample	SD:SDr 96	
Best Service	The Best of Gigapack 1 & 2	CD 1 -> DR SD14S -> Program	SD:SD R s(2)AAA	
Best Service	The Best of Gigapack 1 & 2	CD 1 -> DR SD14S -> Program	SD:SD R s(2)A01	
Best Service	The Best of Gigapack 1 & 2	CD 1 -> DR SD14S -> Program	SD:SD R s(2)A02	
Best Service	The Best of Gigapack 1 & 2	CD 1 -> DR SD14S -> Program	SD:SD R s(2)A03	
Best Service	The Best of Gigapack 1 & 2	CD 1 -> DR SD14S -> Program	SD:SD R s(2)A04	
Best Service	The Best of Gigapack 1 & 2	CD 1 -> DR SD14S -> Program	SD:SD R s(2)A05	
Best Service	The Best of Gigapack 1 & 2	CD 1 -> DR SD14S -> Program	SD:SD R s(2)A06	
Best Service	The Best of Gigapack 1 & 2	CD 1 -> DR SD14S -> Program	SD:SD R s(2)A07	
Best Service	The Best of Gigapack 1 & 2	CD 1 -> DR SD14S -> Program	SD:SD R s(2)A08	
Best Service	The Best of Gigapack 1 & 2	CD 1 -> DR SD14S -> Program	SD:SD R s(2)A09	
Best Service	The Best of Gigapack 1 & 2	CD 1 -> DR SD14S -> Program	SD:SD R s(2)A10	
Best Service	The Best of Gigapack 1 & 2	CD 1 -> DR SD14S -> Program	SD:SD R s(2)A11	
Best Service	The Best of Gigapack 1 & 2	CD 1 -> DR SD14S -> Program	SD:SD R s(2)A12	
Best Service	The Best of Gigapack 1 & 2	CD 1 -> DR SD14S -> Program	SD:SD R s(2)A13	
Best Service	The Best of Gigapack 1 & 2	CD 1 -> DR SD14S -> Program	SD:SD R s(2)A14	
Best Service	The Best of Gigapack 1 & 2	CD 1 -> DR SD14S -> Program	SD:SD R s(2)A15	
Best Service	The Best of Gigapack 1 & 2	CD 1 -> DR SD14S -> Program	SD:SD R s(2)A16	
Best Service	The Best of Gigapack 1 & 2	CD 1 -> DR SD14S -> Program	SD:SD R s(2)A17	
Best Service	The Best of Gigapack 1 & 2	CD 1 -> DR SD14S -> Sample	SD:SDr  1	
Best Service	The Best of Gigapack 1 & 2	CD 1 -> DR SD14S -> Sample	SD:SDr  2	
Best Service	The Best of Gigapack 1 & 2	CD 1 -> DR SD14S -> Sample	SD:SDr  3	
Best Service	The Best of Gigapack 1 & 2	CD 1 -> DR SD14S -> Sample	SD:SDr  4	
Best Service	The Best of Gigapack 1 & 2	CD 1 -> DR SD14S -> Sample	SD:SDr  5	
Best Service	The Best of Gigapack 1 & 2	CD 1 -> DR SD14S -> Sample	SD:SDr  6	
Best Service	The Best of Gigapack 1 & 2	CD 1 -> DR SD14S -> Sample	SD:SDr  7	
Best Service	The Best of Gigapack 1 & 2	CD 1 -> DR SD14S -> Sample	SD:SDr  8	
Best Service	The Best of Gigapack 1 & 2	CD 1 -> DR SD14S -> Sample	SD:SDr  9	
Best Service	The Best of Gigapack 1 & 2	CD 1 -> DR SD14S -> Sample	SD:SDr 10	
Best Service	The Best of Gigapack 1 & 2	CD 1 -> DR SD14S -> Sample	SD:SDr 11	
Best Service	The Best of Gigapack 1 & 2	CD 1 -> DR SD14S -> Sample	SD:SDr 12	
Best Service	The Best of Gigapack 1 & 2	CD 1 -> DR SD14S -> Sample	SD:SDr 13	
Best Service	The Best of Gigapack 1 & 2	CD 1 -> DR SD14S -> Sample	SD:SDr 14	
Best Service	The Best of Gigapack 1 & 2	CD 1 -> DR SD14S -> Sample	SD:SDr 15	
Best Service	The Best of Gigapack 1 & 2	CD 1 -> DR SD14S -> Sample	SD:SDr 16	
Best Service	The Best of Gigapack 1 & 2	CD 1 -> DR SD14S -> Sample	SD:SDr 17	
Best Service	The Best of Gigapack 1 & 2	CD 1 -> DR SD14S -> Sample	SD:SDr 18	
Best Service	The Best of Gigapack 1 & 2	CD 1 -> DR SD14S -> Sample	SD:SDr 19	
Best Service	The Best of Gigapack 1 & 2	CD 1 -> DR SD14S -> Sample	SD:SDr 20	
Best Service	The Best of Gigapack 1 & 2	CD 1 -> DR SD14S -> Sample	SD:SDr 21	
Best Service	The Best of Gigapack 1 & 2	CD 1 -> DR SD14S -> Sample	SD:SDr 25	
Best Service	The Best of Gigapack 1 & 2	CD 1 -> DR SD14S -> Sample	SD:SDr 26	
Best Service	The Best of Gigapack 1 & 2	CD 1 -> DR SD14S -> Sample	SD:SDr 27	
Best Service	The Best of Gigapack 1 & 2	CD 1 -> DR SD14S -> Sample	SD:SDr 28	
Best Service	The Best of Gigapack 1 & 2	CD 1 -> DR SD14S -> Sample	SD:SDr 29	
Best Service	The Best of Gigapack 1 & 2	CD 1 -> DR SD14S -> Sample	SD:SDr 30	
Best Service	The Best of Gigapack 1 & 2	CD 1 -> DR SD14S -> Sample	SD:SDr 31	
Best Service	The Best of Gigapack 1 & 2	CD 1 -> DR SD14S -> Sample	SD:SDr 32	
Best Service	The Best of Gigapack 1 & 2	CD 1 -> DR SD14S -> Sample	SD:SDr 33	
Best Service	The Best of Gigapack 1 & 2	CD 1 -> DR SD14S -> Sample	SD:SDr 34	
Best Service	The Best of Gigapack 1 & 2	CD 1 -> DR SD14S -> Sample	SD:SDr 38	
Best Service	The Best of Gigapack 1 & 2	CD 1 -> DR SD14S -> Sample	SD:SDr 39	
Best Service	The Best of Gigapack 1 & 2	CD 1 -> DR SD14S -> Sample	SD:SDr 40	
Best Service	The Best of Gigapack 1 & 2	CD 1 -> DR SD14S -> Sample	SD:SDr 41	
Best Service	The Best of Gigapack 1 & 2	CD 1 -> DR SD14S -> Sample	SD:SDr 43	
Best Service	The Best of Gigapack 1 & 2	CD 1 -> DR SD14S -> Sample	SD:SDr 44	
Best Service	The Best of Gigapack 1 & 2	CD 1 -> DR SD14S -> Sample	SD:SDr 45	
Best Service	The Best of Gigapack 1 & 2	CD 1 -> DR SD14S -> Sample	SD:SDr 46	
Best Service	The Best of Gigapack 1 & 2	CD 1 -> DR SD15S -> Program	SD:SD R s(2)BBB	
Best Service	The Best of Gigapack 1 & 2	CD 1 -> DR SD15S -> Program	SD:SD R s(2)B01	
Best Service	The Best of Gigapack 1 & 2	CD 1 -> DR SD15S -> Program	SD:SD R s(2)B02	
Best Service	The Best of Gigapack 1 & 2	CD 1 -> DR SD15S -> Program	SD:SD R s(2)B03	
Best Service	The Best of Gigapack 1 & 2	CD 1 -> DR SD15S -> Program	SD:SD R s(2)B04	
Best Service	The Best of Gigapack 1 & 2	CD 1 -> DR SD15S -> Program	SD:SD R s(2)B05	
Best Service	The Best of Gigapack 1 & 2	CD 1 -> DR SD15S -> Program	SD:SD R s(2)B06	
Best Service	The Best of Gigapack 1 & 2	CD 1 -> DR SD15S -> Program	SD:SD R s(2)B07	
Best Service	The Best of Gigapack 1 & 2	CD 1 -> DR SD15S -> Program	SD:SD R s(2)B08	
Best Service	The Best of Gigapack 1 & 2	CD 1 -> DR SD15S -> Program	SD:SD R s(2)B09	
Best Service	The Best of Gigapack 1 & 2	CD 1 -> DR SD15S -> Program	SD:SD R s(2)B10	
Best Service	The Best of Gigapack 1 & 2	CD 1 -> DR SD15S -> Program	SD:SD R s(2)B11	
Best Service	The Best of Gigapack 1 & 2	CD 1 -> DR SD15S -> Program	SD:SD R s(2)B12	
Best Service	The Best of Gigapack 1 & 2	CD 1 -> DR SD15S -> Program	SD:SD R s(2)B13	
Best Service	The Best of Gigapack 1 & 2	CD 1 -> DR SD15S -> Program	SD:SD R s(2)B14	
Best Service	The Best of Gigapack 1 & 2	CD 1 -> DR SD15S -> Program	SD:SD R s(2)B15	
Best Service	The Best of Gigapack 1 & 2	CD 1 -> DR SD15S -> Program	SD:SD R s(2)B16	
Best Service	The Best of Gigapack 1 & 2	CD 1 -> DR SD15S -> Program	SD:SD R s(2)B17	
Best Service	The Best of Gigapack 1 & 2	CD 1 -> DR SD15S -> Program	SD:SD R s(2)B18	
Best Service	The Best of Gigapack 1 & 2	CD 1 -> DR SD15S -> Sample	SD:SDr 47	
Best Service	The Best of Gigapack 1 & 2	CD 1 -> DR SD15S -> Sample	SD:SDr 48	
Best Service	The Best of Gigapack 1 & 2	CD 1 -> DR SD15S -> Sample	SD:SDr 49	
Best Service	The Best of Gigapack 1 & 2	CD 1 -> DR SD15S -> Sample	SD:SDr 50	
Best Service	The Best of Gigapack 1 & 2	CD 1 -> DR SD15S -> Sample	SD:SDr 51	
Best Service	The Best of Gigapack 1 & 2	CD 1 -> DR SD15S -> Sample	SD:SDr 52	
Best Service	The Best of Gigapack 1 & 2	CD 1 -> DR SD15S -> Sample	SD:SDr 53	
Best Service	The Best of Gigapack 1 & 2	CD 1 -> DR SD15S -> Sample	SD:SDr 54	
Best Service	The Best of Gigapack 1 & 2	CD 1 -> DR SD15S -> Sample	SD:SDr 56	
Best Service	The Best of Gigapack 1 & 2	CD 1 -> DR SD15S -> Sample	SD:SDr 57	
Best Service	The Best of Gigapack 1 & 2	CD 1 -> DR SD15S -> Sample	SD:SDr 58	
Best Service	The Best of Gigapack 1 & 2	CD 1 -> DR SD15S -> Sample	SD:SDr 59	
Best Service	The Best of Gigapack 1 & 2	CD 1 -> DR SD15S -> Sample	SD:SDr 61	
Best Service	The Best of Gigapack 1 & 2	CD 1 -> DR SD15S -> Sample	SD:SDr 62	
Best Service	The Best of Gigapack 1 & 2	CD 1 -> DR SD15S -> Sample	SD:SDr 64	
Best Service	The Best of Gigapack 1 & 2	CD 1 -> DR SD15S -> Sample	SD:SDr 65	
Best Service	The Best of Gigapack 1 & 2	CD 1 -> DR SD15S -> Sample	SD:SDr 66	
Best Service	The Best of Gigapack 1 & 2	CD 1 -> DR SD15S -> Sample	SD:SDr 67	
Best Service	The Best of Gigapack 1 & 2	CD 1 -> DR SD15S -> Sample	SD:SDr 68	
Best Service	The Best of Gigapack 1 & 2	CD 1 -> DR SD15S -> Sample	SD:SDr 69	
Best Service	The Best of Gigapack 1 & 2	CD 1 -> DR SD15S -> Sample	SD:SDr 70	
Best Service	The Best of Gigapack 1 & 2	CD 1 -> DR SD15S -> Sample	SD:SDr 71	
Best Service	The Best of Gigapack 1 & 2	CD 1 -> DR SD15S -> Sample	SD:SDr 72	
Best Service	The Best of Gigapack 1 & 2	CD 1 -> DR SD15S -> Sample	SD:SDr 73	
Best Service	The Best of Gigapack 1 & 2	CD 1 -> DR SD15S -> Sample	SD:SDr 74	
Best Service	The Best of Gigapack 1 & 2	CD 1 -> DR SD15S -> Sample	SD:SDr 75	
Best Service	The Best of Gigapack 1 & 2	CD 1 -> DR SD15S -> Sample	SD:SDr 76	
Best Service	The Best of Gigapack 1 & 2	CD 1 -> DR SD15S -> Sample	SD:SDr 77	
Best Service	The Best of Gigapack 1 & 2	CD 1 -> DR SD15S -> Sample	SD:SDr 78	
Best Service	The Best of Gigapack 1 & 2	CD 1 -> DR SD15S -> Sample	SD:SDr 79	
Best Service	The Best of Gigapack 1 & 2	CD 1 -> DR SD15S -> Sample	SD:SDr 80	
Best Service	The Best of Gigapack 1 & 2	CD 1 -> DR SD15S -> Sample	SD:SDr 81	
Best Service	The Best of Gigapack 1 & 2	CD 1 -> DR SD15S -> Sample	SD:SDr 82	
Best Service	The Best of Gigapack 1 & 2	CD 1 -> DR SD15S -> Sample	SD:SDr 83	
Best Service	The Best of Gigapack 1 & 2	CD 1 -> DR SD15S -> Sample	SD:SDr 87	
Best Service	The Best of Gigapack 1 & 2	CD 1 -> DR SD15S -> Sample	SD:SDr 88	
Best Service	The Best of Gigapack 1 & 2	CD 1 -> DR SD15S -> Sample	SD:SDr 90	
Best Service	The Best of Gigapack 1 & 2	CD 1 -> DR SD15S -> Sample	SD:SDr 91	
Best Service	The Best of Gigapack 1 & 2	CD 1 -> DR SD15S -> Sample	SD:SDr 92	
Best Service	The Best of Gigapack 1 & 2	CD 1 -> DR SD15S -> Sample	SD:SDr 93	
Best Service	The Best of Gigapack 1 & 2	CD 1 -> DR SD15S -> Sample	SD:SDr 94	
Best Service	The Best of Gigapack 1 & 2	CD 1 -> DR SD15S -> Sample	SD:SDr 95	
Best Service	The Best of Gigapack 1 & 2	CD 1 -> DR RIM4S -> Program	SD:SD Ri(2)sAll	
Best Service	The Best of Gigapack 1 & 2	CD 1 -> DR RIM4S -> Program	SD:SD Ri(2)s 01	
Best Service	The Best of Gigapack 1 & 2	CD 1 -> DR RIM4S -> Program	SD:SD Ri(2)s 02	
Best Service	The Best of Gigapack 1 & 2	CD 1 -> DR RIM4S -> Program	SD:SD Ri(2)s 03	
Best Service	The Best of Gigapack 1 & 2	CD 1 -> DR RIM4S -> Program	SD:SD Ri(2)s 04	
Best Service	The Best of Gigapack 1 & 2	CD 1 -> DR RIM4S -> Program	SD:SD Ri(2)s 05	
Best Service	The Best of Gigapack 1 & 2	CD 1 -> DR RIM4S -> Program	SD:SD Ri(2)s 06	
Best Service	The Best of Gigapack 1 & 2	CD 1 -> DR RIM4S -> Sample	SD:Ri55	
Best Service	The Best of Gigapack 1 & 2	CD 1 -> DR RIM4S -> Sample	SD:Ri56	
Best Service	The Best of Gigapack 1 & 2	CD 1 -> DR RIM4S -> Sample	SD:Ri57	
Best Service	The Best of Gigapack 1 & 2	CD 1 -> DR RIM4S -> Sample	SD:Ri58	
Best Service	The Best of Gigapack 1 & 2	CD 1 -> DR RIM4S -> Sample	SD:Ri61	
Best Service	The Best of Gigapack 1 & 2	CD 1 -> DR RIM4S -> Sample	SD:Ri62	
Best Service	The Best of Gigapack 1 & 2	CD 1 -> DR RIM4S -> Sample	SD:Ri63	
Best Service	The Best of Gigapack 1 & 2	CD 1 -> DR RIM4S -> Sample	SD:Ri64	
Best Service	The Best of Gigapack 1 & 2	CD 1 -> DR RIM4S -> Sample	SD:Ri65	
Best Service	The Best of Gigapack 1 & 2	CD 1 -> DR RIM4S -> Sample	SD:Ri66	
Best Service	The Best of Gigapack 1 & 2	CD 1 -> DR RIM4S -> Sample	SD:Ri69	
Best Service	The Best of Gigapack 1 & 2	CD 1 -> DR RIM4S -> Sample	SD:Ri70	
Best Service	The Best of Gigapack 1 & 2	CD 1 -> DR BD808 -> Program	BD:BD808&909ALL	
Best Service	The Best of Gigapack 1 & 2	CD 1 -> DR BD808 -> Program	BD:BD808&909 01	
Best Service	The Best of Gigapack 1 & 2	CD 1 -> DR BD808 -> Program	BD:BD808&909 02	
Best Service	The Best of Gigapack 1 & 2	CD 1 -> DR BD808 -> Program	BD:BD808&909 03	
Best Service	The Best of Gigapack 1 & 2	CD 1 -> DR BD808 -> Program	BD:BD808&909 04	
Best Service	The Best of Gigapack 1 & 2	CD 1 -> DR BD808 -> Program	BD:BD808&909 05	
Best Service	The Best of Gigapack 1 & 2	CD 1 -> DR BD808 -> Program	BD:BD808&909 06	
Best Service	The Best of Gigapack 1 & 2	CD 1 -> DR BD808 -> Program	BD:BD808&909 07	
Best Service	The Best of Gigapack 1 & 2	CD 1 -> DR BD808 -> Program	BD:BD808&909 08	
Best Service	The Best of Gigapack 1 & 2	CD 1 -> DR BD808 -> Program	BD:BD808&909 09	
Best Service	The Best of Gigapack 1 & 2	CD 1 -> DR BD808 -> Program	BD:BD808&909 10	
Best Service	The Best of Gigapack 1 & 2	CD 1 -> DR BD808 -> Program	BD:BD808&909 11	
Best Service	The Best of Gigapack 1 & 2	CD 1 -> DR BD808 -> Program	BD:BD808&909 12	
Best Service	The Best of Gigapack 1 & 2	CD 1 -> DR BD808 -> Program	BD:BD808&909 13	
Best Service	The Best of Gigapack 1 & 2	CD 1 -> DR BD808 -> Program	BD:BD808&909 14	
Best Service	The Best of Gigapack 1 & 2	CD 1 -> DR BD808 -> Program	BD:BD808&909 15	
Best Service	The Best of Gigapack 1 & 2	CD 1 -> DR BD808 -> Program	BD:BD808&909 16	
Best Service	The Best of Gigapack 1 & 2	CD 1 -> DR BD808 -> Program	BD:BD808&909 17	
Best Service	The Best of Gigapack 1 & 2	CD 1 -> DR BD808 -> Program	BD:BD808&909 18	
Best Service	The Best of Gigapack 1 & 2	CD 1 -> DR BD808 -> Program	BD:BD808&909 19	
Best Service	The Best of Gigapack 1 & 2	CD 1 -> DR BD808 -> Program	BD:BD808&909 20	
Best Service	The Best of Gigapack 1 & 2	CD 1 -> DR BD808 -> Program	BD:BD808&909 21	
Best Service	The Best of Gigapack 1 & 2	CD 1 -> DR BD808 -> Program	BD:BD808&909 22	
Best Service	The Best of Gigapack 1 & 2	CD 1 -> DR BD808 -> Program	BD:BD808&909 23	
Best Service	The Best of Gigapack 1 & 2	CD 1 -> DR BD808 -> Program	BD:BD808&909 24	
Best Service	The Best of Gigapack 1 & 2	CD 1 -> DR BD808 -> Program	BD:BD808&909 25	
Best Service	The Best of Gigapack 1 & 2	CD 1 -> DR BD808 -> Program	BD:BD808&909 26	
Best Service	The Best of Gigapack 1 & 2	CD 1 -> DR BD808 -> Program	BD:BD808&909 27	
Best Service	The Best of Gigapack 1 & 2	CD 1 -> DR BD808 -> Program	BD:BD808&909 28	
Best Service	The Best of Gigapack 1 & 2	CD 1 -> DR BD808 -> Program	BD:BD808&909 29	
Best Service	The Best of Gigapack 1 & 2	CD 1 -> DR BD808 -> Program	BD:BD808&909 30	
Best Service	The Best of Gigapack 1 & 2	CD 1 -> DR BD808 -> Program	BD:BD808&909 31	
Best Service	The Best of Gigapack 1 & 2	CD 1 -> DR BD808 -> Sample	BD:bd193	
Best Service	The Best of Gigapack 1 & 2	CD 1 -> DR BD808 -> Sample	BD:bd194	
Best Service	The Best of Gigapack 1 & 2	CD 1 -> DR BD808 -> Sample	BD:bd195	
Best Service	The Best of Gigapack 1 & 2	CD 1 -> DR BD808 -> Sample	BD:bd196	
Best Service	The Best of Gigapack 1 & 2	CD 1 -> DR BD808 -> Sample	BD:bd197	
Best Service	The Best of Gigapack 1 & 2	CD 1 -> DR BD808 -> Sample	BD:bd198	
Best Service	The Best of Gigapack 1 & 2	CD 1 -> DR BD808 -> Sample	BD:bd199	
Best Service	The Best of Gigapack 1 & 2	CD 1 -> DR BD808 -> Sample	BD:bd200	
Best Service	The Best of Gigapack 1 & 2	CD 1 -> DR BD808 -> Sample	BD:bd201	
Best Service	The Best of Gigapack 1 & 2	CD 1 -> DR BD808 -> Sample	BD:bd202	
Best Service	The Best of Gigapack 1 & 2	CD 1 -> DR BD808 -> Sample	BD:bd203	
Best Service	The Best of Gigapack 1 & 2	CD 1 -> DR BD808 -> Sample	BD:bd204	
Best Service	The Best of Gigapack 1 & 2	CD 1 -> DR BD808 -> Sample	BD:bd205	
Best Service	The Best of Gigapack 1 & 2	CD 1 -> DR BD808 -> Sample	BD:bd206	
Best Service	The Best of Gigapack 1 & 2	CD 1 -> DR BD808 -> Sample	BD:bd207	
Best Service	The Best of Gigapack 1 & 2	CD 1 -> DR BD808 -> Sample	BD:bd208	
Best Service	The Best of Gigapack 1 & 2	CD 1 -> DR BD808 -> Sample	BD:bd209	
Best Service	The Best of Gigapack 1 & 2	CD 1 -> DR BD808 -> Sample	BD:bd210	
Best Service	The Best of Gigapack 1 & 2	CD 1 -> DR BD808 -> Sample	BD:bd211	
Best Service	The Best of Gigapack 1 & 2	CD 1 -> DR BD808 -> Sample	BD:bd212	
Best Service	The Best of Gigapack 1 & 2	CD 1 -> DR BD808 -> Sample	BD:bd213	
Best Service	The Best of Gigapack 1 & 2	CD 1 -> DR BD808 -> Sample	BD:bd214	
Best Service	The Best of Gigapack 1 & 2	CD 1 -> DR BD808 -> Sample	BD:bd215	
Best Service	The Best of Gigapack 1 & 2	CD 1 -> DR BD808 -> Sample	BD:bd216	
Best Service	The Best of Gigapack 1 & 2	CD 1 -> DR BD808 -> Sample	BD:bd217	
Best Service	The Best of Gigapack 1 & 2	CD 1 -> DR BD808 -> Sample	BD:bd218	
Best Service	The Best of Gigapack 1 & 2	CD 1 -> DR BD808 -> Sample	BD:bd219	
Best Service	The Best of Gigapack 1 & 2	CD 1 -> DR BD808 -> Sample	BD:bd225	
Best Service	The Best of Gigapack 1 & 2	CD 1 -> DR BD808 -> Sample	BD:bd221	
Best Service	The Best of Gigapack 1 & 2	CD 1 -> DR BD808 -> Sample	BD:bd222	
Best Service	The Best of Gigapack 1 & 2	CD 1 -> DR BD808 -> Sample	BD:bd223	
Best Service	The Best of Gigapack 1 & 2	CD 1 -> DR HH 02 -> Program	HH:HH Dance 3	
Best Service	The Best of Gigapack 1 & 2	CD 1 -> DR HH 02 -> Sample	HH:HH 97	
Best Service	The Best of Gigapack 1 & 2	CD 1 -> DR HH 02 -> Sample	HH:HH105	
Best Service	The Best of Gigapack 1 & 2	CD 1 -> DR HH 02 -> Sample	HH:HH106	
Best Service	The Best of Gigapack 1 & 2	CD 1 -> DR HH 02 -> Sample	HH:HH107	
Best Service	The Best of Gigapack 1 & 2	CD 1 -> DR HH 02 -> Sample	HH:HH108	
Best Service	The Best of Gigapack 1 & 2	CD 1 -> DR HH 02 -> Sample	HH:HH109	
Best Service	The Best of Gigapack 1 & 2	CD 1 -> DR HH 02 -> Sample	HH:HH110	
Best Service	The Best of Gigapack 1 & 2	CD 1 -> DR HH 02 -> Sample	HH:HH111	
Best Service	The Best of Gigapack 1 & 2	CD 1 -> DR HH 02 -> Sample	HH:HH112	
Best Service	The Best of Gigapack 1 & 2	CD 1 -> DR HH 02 -> Sample	HH:HH113	
Best Service	The Best of Gigapack 1 & 2	CD 1 -> DR HH 02 -> Sample	HH:HH114	
Best Service	The Best of Gigapack 1 & 2	CD 1 -> DR HH 02 -> Sample	HH:HH115	
Best Service	The Best of Gigapack 1 & 2	CD 1 -> DR HH 02 -> Sample	HH:HH116     -R	
Best Service	The Best of Gigapack 1 & 2	CD 1 -> DR HH 02 -> Sample	HH:HH 90	
Best Service	The Best of Gigapack 1 & 2	CD 1 -> DR HH 02 -> Sample	HH:HH 91	
Best Service	The Best of Gigapack 1 & 2	CD 1 -> DR HH 02 -> Sample	HH:HH121	
Best Service	The Best of Gigapack 1 & 2	CD 1 -> DR HH 02 -> Sample	HH:HH122	
Best Service	The Best of Gigapack 1 & 2	CD 1 -> DR HH 02 -> Sample	HH:HH123	
Best Service	The Best of Gigapack 1 & 2	CD 1 -> DR HH 02 -> Sample	HH:HH124	
Best Service	The Best of Gigapack 1 & 2	CD 1 -> DR HH 02 -> Sample	HH:HH223	
Best Service	The Best of Gigapack 1 & 2	CD 1 -> DR HH 02 -> Sample	HH:HH225	
Best Service	The Best of Gigapack 1 & 2	CD 1 -> DR HH 02 -> Sample	HH:HH227	
Best Service	The Best of Gigapack 1 & 2	CD 1 -> DR HH 02 -> Sample	HH:HH224	
Best Service	The Best of Gigapack 1 & 2	CD 1 -> DR HH 02 -> Sample	HH:HH226	
Best Service	The Best of Gigapack 1 & 2	CD 1 -> DR HH 02 -> Sample	HH:HH228	
Best Service	The Best of Gigapack 1 & 2	CD 1 -> DR HH 02 -> Sample	HH:HH 71	
Best Service	The Best of Gigapack 1 & 2	CD 1 -> DR HH 02 -> Sample	HH:HH 92	
Best Service	The Best of Gigapack 1 & 2	CD 1 -> DR HH 02 -> Sample	HH:HH 94	
Best Service	The Best of Gigapack 1 & 2	CD 1 -> DR HH 02 -> Sample	HH:HH 96	
Best Service	The Best of Gigapack 1 & 2	CD 1 -> DR HH 02 -> Sample	HH:HH 98	
Best Service	The Best of Gigapack 1 & 2	CD 1 -> DR HH 02 -> Sample	HH:HH 99	
Best Service	The Best of Gigapack 1 & 2	CD 1 -> DR HH 02 -> Sample	HH:HH100	
Best Service	The Best of Gigapack 1 & 2	CD 1 -> DR HH 02 -> Sample	HH:HH101	
Best Service	The Best of Gigapack 1 & 2	CD 1 -> DR HH 02 -> Sample	HH:HH102	
Best Service	The Best of Gigapack 1 & 2	CD 1 -> DR HH 02 -> Sample	HH:HH103	
Best Service	The Best of Gigapack 1 & 2	CD 1 -> DR HH 02 -> Sample	HH:HH104	
Best Service	The Best of Gigapack 1 & 2	CD 1 -> DR HH 02 -> Sample	HH:HH116     -L	
Best Service	The Best of Gigapack 1 & 2	CD 1 -> DR HH 02 -> Sample	HH:HH117	
Best Service	The Best of Gigapack 1 & 2	CD 1 -> DR HH 02 -> Sample	HH:HH118	
Best Service	The Best of Gigapack 1 & 2	CD 1 -> DR HH 02 -> Sample	HH:HH119	
Best Service	The Best of Gigapack 1 & 2	CD 1 -> DR HH 02 -> Sample	HH:HH120	
Best Service	The Best of Gigapack 1 & 2	CD 1 -> DR TT 03 -> Program	TOM:K-TomRealm 1	
Best Service	The Best of Gigapack 1 & 2	CD 1 -> DR TT 03 -> Program	TOM:K-TomRealm 2	
Best Service	The Best of Gigapack 1 & 2	CD 1 -> DR TT 03 -> Program	TOM:K-TomRealm 3	
Best Service	The Best of Gigapack 1 & 2	CD 1 -> DR TT 03 -> Program	TOM:K-TomRealm 4	
Best Service	The Best of Gigapack 1 & 2	CD 1 -> DR TT 03 -> Program	TOM:K-TomRealm 5	
Best Service	The Best of Gigapack 1 & 2	CD 1 -> DR TT 03 -> Sample	TOM:Tom 78	
Best Service	The Best of Gigapack 1 & 2	CD 1 -> DR TT 03 -> Sample	TOM:Tom 79	
Best Service	The Best of Gigapack 1 & 2	CD 1 -> DR TT 03 -> Sample	TOM:Tom 80	
Best Service	The Best of Gigapack 1 & 2	CD 1 -> DR TT 03 -> Sample	TOM:Tom 81	
Best Service	The Best of Gigapack 1 & 2	CD 1 -> DR TT 03 -> Sample	TOM:Tom 82	
Best Service	The Best of Gigapack 1 & 2	CD 1 -> DR TT 03 -> Sample	TOM:Tom 83	
Best Service	The Best of Gigapack 1 & 2	CD 1 -> DR TT 03 -> Sample	TOM:Tom 84	
Best Service	The Best of Gigapack 1 & 2	CD 1 -> DR TT 03 -> Sample	TOM:Tom 85	
Best Service	The Best of Gigapack 1 & 2	CD 1 -> DR TT 03 -> Sample	TOM:Tom 86	
Best Service	The Best of Gigapack 1 & 2	CD 1 -> DR TT 03 -> Sample	TOM:Tom 87	
Best Service	The Best of Gigapack 1 & 2	CD 1 -> DR TT 03 -> Sample	TOM:Tom 88	
Best Service	The Best of Gigapack 1 & 2	CD 1 -> DR TT 03 -> Sample	TOM:Tom 89	
Best Service	The Best of Gigapack 1 & 2	CD 1 -> DR TT 03 -> Sample	TOM:Tom 90	
Best Service	The Best of Gigapack 1 & 2	CD 1 -> DR TT 03 -> Sample	TOM:Tom 91	
Best Service	The Best of Gigapack 1 & 2	CD 1 -> DR TT 03 -> Sample	TOM:Tom 92	
Best Service	The Best of Gigapack 1 & 2	CD 1 -> DR TT 03 -> Sample	TOM:Tom 93	
Best Service	The Best of Gigapack 1 & 2	CD 1 -> DR TT 03 -> Sample	TOM:Tom 94	
Best Service	The Best of Gigapack 1 & 2	CD 1 -> DR TT 03 -> Sample	TOM:Tom 95	
Best Service	The Best of Gigapack 1 & 2	CD 1 -> DR TT 03 -> Sample	TOM:Tom 96	
Best Service	The Best of Gigapack 1 & 2	CD 1 -> DR TT 03 -> Sample	TOM:Tom 97	
Best Service	The Best of Gigapack 1 & 2	CD 1 -> DR TT 03 -> Sample	TOM:Tom 98	
Best Service	The Best of Gigapack 1 & 2	CD 1 -> DR TT 03 -> Sample	TOM:Tom 99	
Best Service	The Best of Gigapack 1 & 2	CD 1 -> DR TT 03 -> Sample	TOM:Tom100	
Best Service	The Best of Gigapack 1 & 2	CD 1 -> DR TT 03 -> Sample	TOM:Tom101	
Best Service	The Best of Gigapack 1 & 2	CD 1 -> DR TT 03 -> Sample	TOM:Tom102	
Best Service	The Best of Gigapack 1 & 2	CD 1 -> DR TT 03 -> Sample	TOM:Tom103	
Best Service	The Best of Gigapack 1 & 2	CD 1 -> DR TT 03 -> Sample	TOM:Tom104	
Best Service	The Best of Gigapack 1 & 2	CD 1 -> DR TT 03 -> Sample	TOM:Tom105	
Best Service	The Best of Gigapack 1 & 2	CD 1 -> DR TT 03 -> Sample	TOM:Tom106	
Best Service	The Best of Gigapack 1 & 2	CD 1 -> DR TT 03 -> Sample	TOM:Tom107	
Best Service	The Best of Gigapack 1 & 2	CD 1 -> DR TT 03 -> Sample	TOM:Tom108	
Best Service	The Best of Gigapack 1 & 2	CD 1 -> DR TT 03 -> Sample	TOM:Tom109	
Best Service	The Best of Gigapack 1 & 2	CD 1 -> DR TT 03 -> Sample	TOM:Tom110	
Best Service	The Best of Gigapack 1 & 2	CD 1 -> DL 120 6 -> Program	120:120/06 Loops	
Best Service	The Best of Gigapack 1 & 2	CD 1 -> DL 120 6 -> Sample	120:L195	
Best Service	The Best of Gigapack 1 & 2	CD 1 -> DL 120 6 -> Sample	120:L196	
Best Service	The Best of Gigapack 1 & 2	CD 1 -> DL 120 6 -> Sample	120:L197	
Best Service	The Best of Gigapack 1 & 2	CD 1 -> DL 120 6 -> Sample	120:L198	
Best Service	The Best of Gigapack 1 & 2	CD 1 -> DL 120 6 -> Sample	120:L199	
Best Service	The Best of Gigapack 1 & 2	CD 1 -> DL 120 6 -> Sample	120:L200	
Best Service	The Best of Gigapack 1 & 2	CD 1 -> DL 120 6 -> Sample	120:L201	
Best Service	The Best of Gigapack 1 & 2	CD 1 -> DL 120 6 -> Sample	120:L202	
Best Service	The Best of Gigapack 1 & 2	CD 1 -> DL 120 6 -> Sample	120:L203	
Best Service	The Best of Gigapack 1 & 2	CD 1 -> DL 120 6 -> Sample	120:L204	
Best Service	The Best of Gigapack 1 & 2	CD 1 -> DL 110 7 -> Program	110:110/07 Loops	
Best Service	The Best of Gigapack 1 & 2	CD 1 -> DL 110 7 -> Sample	110:L135	
Best Service	The Best of Gigapack 1 & 2	CD 1 -> DL 110 7 -> Sample	110:L136	
Best Service	The Best of Gigapack 1 & 2	CD 1 -> DL 110 7 -> Sample	110:L137	
Best Service	The Best of Gigapack 1 & 2	CD 1 -> DL 110 7 -> Sample	110:L138	
Best Service	The Best of Gigapack 1 & 2	CD 2 -> CH GRG 2 -> Program	HAL:Greg.Chords3	
Best Service	The Best of Gigapack 1 & 2	CD 2 -> CH GRG 2 -> Program	HAL:Greg.Chord3m	
Best Service	The Best of Gigapack 1 & 2	CD 2 -> CH GRG 2 -> Sample	HAL:CHRD 1	
Best Service	The Best of Gigapack 1 & 2	CD 2 -> CH GRG 2 -> Sample	HAL:CHRD 2	
Best Service	The Best of Gigapack 1 & 2	CD 2 -> CH GRG 2 -> Sample	HAL:CHRD 3	
Best Service	The Best of Gigapack 1 & 2	CD 2 -> CH GRG 2 -> Sample	HAL:CHRD 4	
Best Service	The Best of Gigapack 1 & 2	CD 2 -> CH GRG 2 -> Sample	HAL:CHRD 5	
Best Service	The Best of Gigapack 1 & 2	CD 2 -> CH GRG 2 -> Sample	HAL:CHRD 6	
Best Service	The Best of Gigapack 1 & 2	CD 2 -> CH GRG 2 -> Sample	HAL:CHRD 7	
Best Service	The Best of Gigapack 1 & 2	CD 2 -> CH GRG 2 -> Sample	HAL:CHRD 8	
Best Service	The Best of Gigapack 1 & 2	CD 2 -> CH GRG 2 -> Sample	HAL:CHRD 9	
Best Service	The Best of Gigapack 1 & 2	CD 2 -> CH GRG 2 -> Sample	HAL:CHRD 10	
Best Service	The Best of Gigapack 1 & 2	CD 2 -> CH GRG 2 -> Sample	HAL:CHRD 11	
Best Service	The Best of Gigapack 1 & 2	CD 2 -> CH GRG 1 -> Program	HAL:Greg.Chords1	
Best Service	The Best of Gigapack 1 & 2	CD 2 -> CH GRG 1 -> Program	HAL:Greg.Chord1m	
Best Service	The Best of Gigapack 1 & 2	CD 2 -> CH GRG 1 -> Program	HAL:Greg.Chords2	
Best Service	The Best of Gigapack 1 & 2	CD 2 -> CH GRG 1 -> Program	HAL:Greg.Chord2m	
Best Service	The Best of Gigapack 1 & 2	CD 2 -> CH GRG 1 -> Sample	HAL:CHRD2 3	
Best Service	The Best of Gigapack 1 & 2	CD 2 -> CH GRG 1 -> Sample	HAL:CHRD2 8	
Best Service	The Best of Gigapack 1 & 2	CD 2 -> CH GRG 1 -> Sample	HAL:CHRD2 5	
Best Service	The Best of Gigapack 1 & 2	CD 2 -> CH GRG 1 -> Sample	HAL:CHRD2 7	
Best Service	The Best of Gigapack 1 & 2	CD 2 -> CH GRG 1 -> Sample	HAL:CHRD2 2	
Best Service	The Best of Gigapack 1 & 2	CD 2 -> CH GRG 1 -> Sample	HAL:CHRD2 1	
Best Service	The Best of Gigapack 1 & 2	CD 2 -> CH GRG 1 -> Sample	HAL:CHRD2 4	
Best Service	The Best of Gigapack 1 & 2	CD 2 -> CH GRG 1 -> Sample	HAL:CHRD2 6	
Best Service	The Best of Gigapack 1 & 2	CD 2 -> CH GRG 1 -> Sample	HAL:MIN 1	
Best Service	The Best of Gigapack 1 & 2	CD 2 -> CH GRG 1 -> Sample	HAL:MIN 4	
Best Service	The Best of Gigapack 1 & 2	CD 2 -> CH GRG 1 -> Sample	HAL:MIN 7	
Best Service	The Best of Gigapack 1 & 2	CD 2 -> CH GRG 1 -> Sample	HAL:MIN 3	
Best Service	The Best of Gigapack 1 & 2	CD 2 -> CH GRG 1 -> Sample	HAL:MIN 6	
Best Service	The Best of Gigapack 1 & 2	CD 2 -> CH GRG 1 -> Sample	HAL:MIN 8	
Best Service	The Best of Gigapack 1 & 2	CD 2 -> CH GRG 1 -> Sample	HAL:MIN 5	
Best Service	The Best of Gigapack 1 & 2	CD 2 -> CH GRG 3 -> Program	HAL:Greg.Aah Uni	
Best Service	The Best of Gigapack 1 & 2	CD 2 -> CH GRG 3 -> Program	HAL:Greg.Aah U.m	
Best Service	The Best of Gigapack 1 & 2	CD 2 -> CH GRG 3 -> Sample	HAL:AAH  1	
Best Service	The Best of Gigapack 1 & 2	CD 2 -> CH GRG 3 -> Sample	HAL:AAH  2	
Best Service	The Best of Gigapack 1 & 2	CD 2 -> CH GRG 3 -> Sample	HAL:AAH  3	
Best Service	The Best of Gigapack 1 & 2	CD 2 -> CH GRG 3 -> Sample	HAL:AAH  4	
Best Service	The Best of Gigapack 1 & 2	CD 2 -> CH GRG 3 -> Sample	HAL:AAH  5	
Best Service	The Best of Gigapack 1 & 2	CD 2 -> CH GRG 3 -> Sample	HAL:AAH  6	
Best Service	The Best of Gigapack 1 & 2	CD 2 -> CH GRG 3 -> Sample	HAL:AAH  7	
Best Service	The Best of Gigapack 1 & 2	CD 2 -> CH GRG 3 -> Sample	HAL:AAH  8	
Best Service	The Best of Gigapack 1 & 2	CD 2 -> CH GRG 3 -> Sample	HAL:AAH  9	
Best Service	The Best of Gigapack 1 & 2	CD 2 -> CH GRG 4 -> Program	HAL:Greg.Aah Oct	
Best Service	The Best of Gigapack 1 & 2	CD 2 -> CH GRG 4 -> Program	HAL:Greg.Aah O.m	
Best Service	The Best of Gigapack 1 & 2	CD 2 -> CH GRG 4 -> Sample	HAL:AAH2 1	
Best Service	The Best of Gigapack 1 & 2	CD 2 -> CH GRG 4 -> Sample	HAL:AAH2 2	
Best Service	The Best of Gigapack 1 & 2	CD 2 -> CH GRG 4 -> Sample	HAL:AAH2 3	
Best Service	The Best of Gigapack 1 & 2	CD 2 -> CH GRG 4 -> Sample	HAL:AAH2 4	
Best Service	The Best of Gigapack 1 & 2	CD 2 -> CH GRG 4 -> Sample	HAL:AAH2 5	
Best Service	The Best of Gigapack 1 & 2	CD 2 -> CH GRG 4 -> Sample	HAL:AAH2 6	
Best Service	The Best of Gigapack 1 & 2	CD 2 -> CH GRG 4 -> Sample	HAL:AAH2 7	
Best Service	The Best of Gigapack 1 & 2	CD 2 -> CH GRG 5 -> Program	HAL:Greg.Ooh Uni	
Best Service	The Best of Gigapack 1 & 2	CD 2 -> CH GRG 5 -> Program	HAL:Greg.Ooh U.m	
Best Service	The Best of Gigapack 1 & 2	CD 2 -> CH GRG 5 -> Sample	HAL:OOH  1	
Best Service	The Best of Gigapack 1 & 2	CD 2 -> CH GRG 5 -> Sample	HAL:OOH  2	
Best Service	The Best of Gigapack 1 & 2	CD 2 -> CH GRG 5 -> Sample	HAL:OOH  3	
Best Service	The Best of Gigapack 1 & 2	CD 2 -> CH GRG 5 -> Sample	HAL:OOH  4	
Best Service	The Best of Gigapack 1 & 2	CD 2 -> CH GRG 5 -> Sample	HAL:OOH  5	
Best Service	The Best of Gigapack 1 & 2	CD 2 -> CH GRG 5 -> Sample	HAL:OOH  6	
Best Service	The Best of Gigapack 1 & 2	CD 2 -> CH GRG 5 -> Sample	HAL:OOH  7	
Best Service	The Best of Gigapack 1 & 2	CD 2 -> CH GRG 6 -> Program	HAL:Greg.Ooh Oct	
Best Service	The Best of Gigapack 1 & 2	CD 2 -> CH GRG 6 -> Program	HAL:Greg.Ooh O.m	
Best Service	The Best of Gigapack 1 & 2	CD 2 -> CH GRG 6 -> Sample	HAL:OOH2 1	
Best Service	The Best of Gigapack 1 & 2	CD 2 -> CH GRG 6 -> Sample	HAL:OOH2 2	
Best Service	The Best of Gigapack 1 & 2	CD 2 -> CH GRG 6 -> Sample	HAL:OOH2 3	
Best Service	The Best of Gigapack 1 & 2	CD 2 -> CH GRG 6 -> Sample	HAL:OOH2 4	
Best Service	The Best of Gigapack 1 & 2	CD 2 -> CH GRG 6 -> Sample	HAL:OOH2 5	
Best Service	The Best of Gigapack 1 & 2	CD 2 -> CH GRG 6 -> Sample	HAL:OOH2 6	
Best Service	The Best of Gigapack 1 & 2	CD 2 -> CH GRG 6 -> Sample	HAL:OOH2 7	
Best Service	The Best of Gigapack 1 & 2	CD 2 -> CH GRG 7 -> Program	HAL:Greg.Mmh Uni	
Best Service	The Best of Gigapack 1 & 2	CD 2 -> CH GRG 7 -> Program	HAL:Greg.Mmh U.m	
Best Service	The Best of Gigapack 1 & 2	CD 2 -> CH GRG 7 -> Sample	HAL:MMH1	
Best Service	The Best of Gigapack 1 & 2	CD 2 -> CH GRG 7 -> Sample	HAL:MMH2	
Best Service	The Best of Gigapack 1 & 2	CD 2 -> CH GRG 7 -> Sample	HAL:MMH3	
Best Service	The Best of Gigapack 1 & 2	CD 2 -> CH GRG 7 -> Sample	HAL:MMH4	
Best Service	The Best of Gigapack 1 & 2	CD 2 -> CH GRG 7 -> Sample	HAL:MMH5	
Best Service	The Best of Gigapack 1 & 2	CD 2 -> CH GRG 7 -> Sample	HAL:MMH6	
Best Service	The Best of Gigapack 1 & 2	CD 2 -> CH GRG 7 -> Sample	HAL:MMH8	
Best Service	The Best of Gigapack 1 & 2	CD 2 -> CH GRG 7 -> Sample	HAL:MMH9	
Best Service	The Best of Gigapack 1 & 2	CD 2 -> CH GRG 8 -> Program	HAL:Greg.BasSolo	
Best Service	The Best of Gigapack 1 & 2	CD 2 -> CH GRG 8 -> Program	HAL:Greg.Basses	
Best Service	The Best of Gigapack 1 & 2	CD 2 -> CH GRG 8 -> Program	HAL:Greg.Basse.m	
Best Service	The Best of Gigapack 1 & 2	CD 2 -> CH GRG 8 -> Sample	HAL:BASS 1	
Best Service	The Best of Gigapack 1 & 2	CD 2 -> CH GRG 8 -> Sample	HAL:BASS 2 B	
Best Service	The Best of Gigapack 1 & 2	CD 2 -> CH GRG 8 -> Sample	HAL:BASS 3	
Best Service	The Best of Gigapack 1 & 2	CD 2 -> CH GRG 8 -> Sample	HAL:BASS 4	
Best Service	The Best of Gigapack 1 & 2	CD 2 -> CH GRG 8 -> Sample	HAL:BASS 5	
Best Service	The Best of Gigapack 1 & 2	CD 2 -> CH GRG 8 -> Sample	HAL:BASS 6 B	
Best Service	The Best of Gigapack 1 & 2	CD 2 -> CH GRG 8 -> Sample	HAL:BASS 7	
Best Service	The Best of Gigapack 1 & 2	CD 2 -> CH GRG 8 -> Sample	HAL:BASS 8	
Best Service	The Best of Gigapack 1 & 2	CD 2 -> CH GRG 8 -> Sample	HAL:BASS 9	
Best Service	The Best of Gigapack 1 & 2	CD 2 -> CH GRG 8 -> Sample	HAL:BASS 10	
Best Service	The Best of Gigapack 1 & 2	CD 2 -> CH GRG 8 -> Sample	HAL:1BS	
Best Service	The Best of Gigapack 1 & 2	CD 2 -> CH GRG 8 -> Sample	HAL:4BS	
Best Service	The Best of Gigapack 1 & 2	CD 2 -> CH GRG 8 -> Sample	HAL:2BS	
Best Service	The Best of Gigapack 1 & 2	CD 2 -> CH GRG 8 -> Sample	HAL:3BS	
Best Service	The Best of Gigapack 1 & 2	CD 2 -> CH GRG 8 -> Sample	HAL:5BS	
Best Service	The Best of Gigapack 1 & 2	CD 2 -> CH GRG 8 -> Sample	HAL:6BS	
Best Service	The Best of Gigapack 1 & 2	CD 2 -> CH GRG 9 -> Program	HAL:Greg. Tenor	
Best Service	The Best of Gigapack 1 & 2	CD 2 -> CH GRG 9 -> Sample	HAL:1T	
Best Service	The Best of Gigapack 1 & 2	CD 2 -> CH GRG 9 -> Sample	HAL:2T	
Best Service	The Best of Gigapack 1 & 2	CD 2 -> CH GRG 9 -> Sample	HAL:3T	
Best Service	The Best of Gigapack 1 & 2	CD 2 -> CH GRG 9 -> Sample	HAL:4T	
Best Service	The Best of Gigapack 1 & 2	CD 2 -> CH GRG 9 -> Sample	HAL:5T	
Best Service	The Best of Gigapack 1 & 2	CD 2 -> CH GRG 9 -> Sample	HAL:6T	
Best Service	The Best of Gigapack 1 & 2	CD 2 -> CH GRG 9 -> Sample	HAL:7T	
Best Service	The Best of Gigapack 1 & 2	CD 2 -> CH GRG10 -> Program	HAL:Greg. Tenors	
Best Service	The Best of Gigapack 1 & 2	CD 2 -> CH GRG10 -> Program	HAL:Greg. Teno.m	
Best Service	The Best of Gigapack 1 & 2	CD 2 -> CH GRG10 -> Sample	HAL:1TS	
Best Service	The Best of Gigapack 1 & 2	CD 2 -> CH GRG10 -> Sample	HAL:2TS	
Best Service	The Best of Gigapack 1 & 2	CD 2 -> CH GRG10 -> Sample	HAL:3TS	
Best Service	The Best of Gigapack 1 & 2	CD 2 -> CH GRG10 -> Sample	HAL:4TS	
Best Service	The Best of Gigapack 1 & 2	CD 2 -> CH GRG10 -> Sample	HAL:5TS	
Best Service	The Best of Gigapack 1 & 2	CD 2 -> CH GRG10 -> Sample	HAL:6TS	
Best Service	The Best of Gigapack 1 & 2	CD 2 -> CH GRG10 -> Sample	HAL:7TS	
Best Service	The Best of Gigapack 1 & 2	CD 2 -> CH GRG10 -> Sample	HAL:8TS	
Best Service	The Best of Gigapack 1 & 2	CD 2 -> CH GRG10 -> Sample	HAL:9TS	
Best Service	The Best of Gigapack 1 & 2	CD 2 -> VOICE 1 -> Program	VOI:Aahh Chor  1	
Best Service	The Best of Gigapack 1 & 2	CD 2 -> VOICE 1 -> Program	VOI:Attack Voice	
Best Service	The Best of Gigapack 1 & 2	CD 2 -> VOICE 1 -> Program	VOI:Big Voices	
Best Service	The Best of Gigapack 1 & 2	CD 2 -> VOICE 1 -> Program	VOI:Choir 1	
Best Service	The Best of Gigapack 1 & 2	CD 2 -> VOICE 1 -> Program	VOI:Choir M-1	
Best Service	The Best of Gigapack 1 & 2	CD 2 -> VOICE 1 -> Program	VOI:Clic Voice	
Best Service	The Best of Gigapack 1 & 2	CD 2 -> VOICE 1 -> Program	VOI:Fair-Choir	
Best Service	The Best of Gigapack 1 & 2	CD 2 -> VOICE 1 -> Program	VOI:FZ-1 Voices	
Best Service	The Best of Gigapack 1 & 2	CD 2 -> VOICE 1 -> Program	VOI:JD800 Chor	
Best Service	The Best of Gigapack 1 & 2	CD 2 -> VOICE 1 -> Sample	VOI:Aahh Chor  2	
Best Service	The Best of Gigapack 1 & 2	CD 2 -> VOICE 1 -> Sample	VOI:Aahh Chor  3	
Best Service	The Best of Gigapack 1 & 2	CD 2 -> VOICE 1 -> Sample	VOI:Aahh Chor  4	
Best Service	The Best of Gigapack 1 & 2	CD 2 -> VOICE 1 -> Sample	VOI:Aahh Chor  5	
Best Service	The Best of Gigapack 1 & 2	CD 2 -> VOICE 1 -> Sample	VOI:Aahh Chor  6	
Best Service	The Best of Gigapack 1 & 2	CD 2 -> VOICE 1 -> Sample	VOI:Aahh Chor  7	
Best Service	The Best of Gigapack 1 & 2	CD 2 -> VOICE 1 -> Sample	VOI:Aahh Chor  8	
Best Service	The Best of Gigapack 1 & 2	CD 2 -> VOICE 1 -> Sample	VOI:Aahh Chor  9	
Best Service	The Best of Gigapack 1 & 2	CD 2 -> VOICE 1 -> Sample	VOI:Aahh Chor 10	
Best Service	The Best of Gigapack 1 & 2	CD 2 -> VOICE 1 -> Sample	VOI:Aahh Chor 11	
Best Service	The Best of Gigapack 1 & 2	CD 2 -> VOICE 1 -> Sample	VOI:Aahh Chor 12	
Best Service	The Best of Gigapack 1 & 2	CD 2 -> VOICE 1 -> Sample	VOI:Aahh Chor 13	
Best Service	The Best of Gigapack 1 & 2	CD 2 -> VOICE 1 -> Sample	VOI:Aahh Chor 14	
Best Service	The Best of Gigapack 1 & 2	CD 2 -> VOICE 1 -> Sample	VOI:Aahh Chor 15	
Best Service	The Best of Gigapack 1 & 2	CD 2 -> VOICE 1 -> Sample	VOI:Aahh Chor 16	
Best Service	The Best of Gigapack 1 & 2	CD 2 -> VOICE 1 -> Sample	VOI:Attack Voi	
Best Service	The Best of Gigapack 1 & 2	CD 2 -> VOICE 1 -> Sample	VOI:Vo512	
Best Service	The Best of Gigapack 1 & 2	CD 2 -> VOICE 1 -> Sample	VOI:Vo513	
Best Service	The Best of Gigapack 1 & 2	CD 2 -> VOICE 1 -> Sample	VOI:Vo514	
Best Service	The Best of Gigapack 1 & 2	CD 2 -> VOICE 1 -> Sample	VOI:Vo515	
Best Service	The Best of Gigapack 1 & 2	CD 2 -> VOICE 1 -> Sample	VOI:Choir 1.1	
Best Service	The Best of Gigapack 1 & 2	CD 2 -> VOICE 1 -> Sample	VOI:Choir 1.2	
Best Service	The Best of Gigapack 1 & 2	CD 2 -> VOICE 1 -> Sample	VOI:Choir 1.3	
Best Service	The Best of Gigapack 1 & 2	CD 2 -> VOICE 1 -> Sample	VOI:Choir 1.4	
Best Service	The Best of Gigapack 1 & 2	CD 2 -> VOICE 1 -> Sample	VOI:ChoirM1   C4	
Best Service	The Best of Gigapack 1 & 2	CD 2 -> VOICE 1 -> Sample	VOI:ChoirM1   C5	
Best Service	The Best of Gigapack 1 & 2	CD 2 -> VOICE 1 -> Sample	VOI:Voice2/	
Best Service	The Best of Gigapack 1 & 2	CD 2 -> VOICE 1 -> Sample	VOI:Voice3/	
Best Service	The Best of Gigapack 1 & 2	CD 2 -> VOICE 1 -> Sample	VOI:Fch1	
Best Service	The Best of Gigapack 1 & 2	CD 2 -> VOICE 1 -> Sample	VOI:Fch2	
Best Service	The Best of Gigapack 1 & 2	CD 2 -> VOICE 1 -> Sample	VOI:Fch3	
Best Service	The Best of Gigapack 1 & 2	CD 2 -> VOICE 1 -> Sample	VOI:Fch4	
Best Service	The Best of Gigapack 1 & 2	CD 2 -> VOICE 1 -> Sample	VOI:FZ 1	
Best Service	The Best of Gigapack 1 & 2	CD 2 -> VOICE 1 -> Sample	VOI:FZ 2	
Best Service	The Best of Gigapack 1 & 2	CD 2 -> VOICE 1 -> Sample	VOI:JD800 17.1	
Best Service	The Best of Gigapack 1 & 2	CD 2 -> VOICE 1 -> Sample	VOI:JD800 17.2	
Best Service	The Best of Gigapack 1 & 2	CD 2 -> VOICE 1 -> Sample	VOI:JD800 17.3	
Best Service	The Best of Gigapack 1 & 2	CD 2 -> CH GRG11 -> Program	HAL:Greg. Licks	
Best Service	The Best of Gigapack 1 & 2	CD 2 -> CH GRG11 -> Sample	HAL:Greg. L 01	
Best Service	The Best of Gigapack 1 & 2	CD 2 -> CH GRG11 -> Sample	HAL:Greg. L 02	
Best Service	The Best of Gigapack 1 & 2	CD 2 -> CH GRG11 -> Sample	HAL:Greg. L 03	
Best Service	The Best of Gigapack 1 & 2	CD 2 -> CH GRG11 -> Sample	HAL:Greg. L 04	
Best Service	The Best of Gigapack 1 & 2	CD 2 -> CH GRG11 -> Sample	HAL:Greg. L 05	
Best Service	The Best of Gigapack 1 & 2	CD 2 -> CH GRG11 -> Sample	HAL:Greg. L 06	
Best Service	The Best of Gigapack 1 & 2	CD 2 -> CH GRG11 -> Sample	HAL:Greg. L 07	
Best Service	The Best of Gigapack 1 & 2	CD 2 -> CH GRG11 -> Sample	HAL:Greg. L 08	
Best Service	The Best of Gigapack 1 & 2	CD 2 -> CH GRG11 -> Sample	HAL:Greg. L 09	
Best Service	The Best of Gigapack 1 & 2	CD 2 -> CH GRG11 -> Sample	HAL:Greg. L 10	
Best Service	The Best of Gigapack 1 & 2	CD 2 -> CH GRG11 -> Sample	HAL:Greg. L 11	
Best Service	The Best of Gigapack 1 & 2	CD 2 -> CH GRG11 -> Sample	HAL:Greg. L 12	
Best Service	The Best of Gigapack 1 & 2	CD 2 -> CH GRG11 -> Sample	HAL:Greg. L 13	
Best Service	The Best of Gigapack 1 & 2	CD 2 -> CH GRG11 -> Sample	HAL:Greg. L 14	
Best Service	The Best of Gigapack 1 & 2	CD 2 -> CH GRG11 -> Sample	HAL:Greg. L 15	
Best Service	The Best of Gigapack 1 & 2	CD 2 -> CH GRG11 -> Sample	HAL:Greg. L 16	
Best Service	The Best of Gigapack 1 & 2	CD 2 -> CH GRG11 -> Sample	HAL:Greg. L 17	
Best Service	The Best of Gigapack 1 & 2	CD 2 -> CH GRG11 -> Sample	HAL:Greg. L 18	
Best Service	The Best of Gigapack 1 & 2	CD 2 -> CH GRG11 -> Sample	HAL:Greg. L 19	
Best Service	The Best of Gigapack 1 & 2	CD 2 -> CH GRG11 -> Sample	HAL:Greg. L 20	
Best Service	The Best of Gigapack 1 & 2	CD 2 -> CH GRG11 -> Sample	HAL:Greg. L 21	
Best Service	The Best of Gigapack 1 & 2	CD 2 -> CH GRG11 -> Sample	HAL:Greg. L 22	
Best Service	The Best of Gigapack 1 & 2	CD 2 -> CH GRG11 -> Sample	HAL:Greg. L 23	
Best Service	The Best of Gigapack 1 & 2	CD 2 -> CH GRG11 -> Sample	HAL:Greg. L 24	
Best Service	The Best of Gigapack 1 & 2	CD 2 -> CH CLAS1 -> Program	HAL:Nuns Aahh	
Best Service	The Best of Gigapack 1 & 2	CD 2 -> CH CLAS1 -> Program	HAL:Nuns Aahh  m	
Best Service	The Best of Gigapack 1 & 2	CD 2 -> CH CLAS1 -> Sample	HAL:AAH G1	
Best Service	The Best of Gigapack 1 & 2	CD 2 -> CH CLAS1 -> Sample	HAL:AAH G#1	
Best Service	The Best of Gigapack 1 & 2	CD 2 -> CH CLAS1 -> Sample	HAL:AAH A#1	
Best Service	The Best of Gigapack 1 & 2	CD 2 -> CH CLAS1 -> Sample	HAL:AAH C2	
Best Service	The Best of Gigapack 1 & 2	CD 2 -> CH CLAS1 -> Sample	HAL:AAH D2	
Best Service	The Best of Gigapack 1 & 2	CD 2 -> CH CLAS1 -> Sample	HAL:AAH E2	
Best Service	The Best of Gigapack 1 & 2	CD 2 -> CH CLAS1 -> Sample	HAL:AAH F2	
Best Service	The Best of Gigapack 1 & 2	CD 2 -> CH CLAS1 -> Sample	HAL:AAH G2	
Best Service	The Best of Gigapack 1 & 2	CD 2 -> CH CLAS1 -> Sample	HAL:AAH A2	
Best Service	The Best of Gigapack 1 & 2	CD 2 -> CH CLAS1 -> Sample	HAL:AAH B2	
Best Service	The Best of Gigapack 1 & 2	CD 2 -> CH CLAS1 -> Sample	HAL:AAH C#3	
Best Service	The Best of Gigapack 1 & 2	CD 2 -> CH CLAS1 -> Sample	HAL:AAH D3	
Best Service	The Best of Gigapack 1 & 2	CD 2 -> CH CLAS1 -> Sample	HAL:AAH E3	
Best Service	The Best of Gigapack 1 & 2	CD 2 -> CH CLAS1 -> Sample	HAL:AAH F#3	
Best Service	The Best of Gigapack 1 & 2	CD 2 -> CH CLAS2 -> Program	HAL:Nuns Oohh	
Best Service	The Best of Gigapack 1 & 2	CD 2 -> CH CLAS2 -> Program	HAL:Nuns Oohh  m	
Best Service	The Best of Gigapack 1 & 2	CD 2 -> CH CLAS2 -> Sample	HAL:OOH G1	
Best Service	The Best of Gigapack 1 & 2	CD 2 -> CH CLAS2 -> Sample	HAL:OOH G#1	
Best Service	The Best of Gigapack 1 & 2	CD 2 -> CH CLAS2 -> Sample	HAL:OHH A#1	
Best Service	The Best of Gigapack 1 & 2	CD 2 -> CH CLAS2 -> Sample	HAL:OHH C2	
Best Service	The Best of Gigapack 1 & 2	CD 2 -> CH CLAS2 -> Sample	HAL:OHH D2	
Best Service	The Best of Gigapack 1 & 2	CD 2 -> CH CLAS2 -> Sample	HAL:OHH E2	
Best Service	The Best of Gigapack 1 & 2	CD 2 -> CH CLAS2 -> Sample	HAL:OHH F#2	
Best Service	The Best of Gigapack 1 & 2	CD 2 -> CH CLAS2 -> Sample	HAL:OHH G#2	
Best Service	The Best of Gigapack 1 & 2	CD 2 -> CH CLAS2 -> Sample	HAL:OHH A2	
Best Service	The Best of Gigapack 1 & 2	CD 2 -> CH CLAS2 -> Sample	HAL:OHH B2	
Best Service	The Best of Gigapack 1 & 2	CD 2 -> CH CLAS2 -> Sample	HAL:OHH C#3	
Best Service	The Best of Gigapack 1 & 2	CD 2 -> CH CLAS2 -> Sample	HAL:OHH D#3	
Best Service	The Best of Gigapack 1 & 2	CD 2 -> CH CLAS2 -> Sample	HAL:OHH E3	
Best Service	The Best of Gigapack 1 & 2	CD 2 -> CH CLAS3 -> Program	HAL:Nuns Mmmh	
Best Service	The Best of Gigapack 1 & 2	CD 2 -> CH CLAS3 -> Program	HAL:Nuns Mmmh  m	
Best Service	The Best of Gigapack 1 & 2	CD 2 -> CH CLAS3 -> Sample	HAL:MMH G1	
Best Service	The Best of Gigapack 1 & 2	CD 2 -> CH CLAS3 -> Sample	HAL:MMH A1	
Best Service	The Best of Gigapack 1 & 2	CD 2 -> CH CLAS3 -> Sample	HAL:MMH B1	
Best Service	The Best of Gigapack 1 & 2	CD 2 -> CH CLAS3 -> Sample	HAL:MMH C#2	
Best Service	The Best of Gigapack 1 & 2	CD 2 -> CH CLAS3 -> Sample	HAL:MMH D#2	
Best Service	The Best of Gigapack 1 & 2	CD 2 -> CH CLAS3 -> Sample	HAL:MMH E2	
Best Service	The Best of Gigapack 1 & 2	CD 2 -> CH CLAS3 -> Sample	HAL:MMH F2	
Best Service	The Best of Gigapack 1 & 2	CD 2 -> CH CLAS3 -> Sample	HAL:MMH G2	
Best Service	The Best of Gigapack 1 & 2	CD 2 -> CH CLAS3 -> Sample	HAL:MMH A2	
Best Service	The Best of Gigapack 1 & 2	CD 2 -> CH CLAS3 -> Sample	HAL:MMH B2	
Best Service	The Best of Gigapack 1 & 2	CD 2 -> CH CLAS3 -> Sample	HAL:MMH C#3	
Best Service	The Best of Gigapack 1 & 2	CD 2 -> CH CLAS3 -> Sample	HAL:MMH D#3	
Best Service	The Best of Gigapack 1 & 2	CD 2 -> CH CLAS3 -> Sample	HAL:MMH F3	
Best Service	The Best of Gigapack 1 & 2	CD 2 -> CH CLAS3 -> Sample	HAL:MMH G3	
Best Service	The Best of Gigapack 1 & 2	CD 2 -> CH CLAS4 -> Program	HAL:Nuns Hmmh	
Best Service	The Best of Gigapack 1 & 2	CD 2 -> CH CLAS4 -> Program	HAL:Nuns Hmmh  m	
Best Service	The Best of Gigapack 1 & 2	CD 2 -> CH CLAS4 -> Sample	HAL:HMM G1	
Best Service	The Best of Gigapack 1 & 2	CD 2 -> CH CLAS4 -> Sample	HAL:HMM A1	
Best Service	The Best of Gigapack 1 & 2	CD 2 -> CH CLAS4 -> Sample	HAL:HMM B1	
Best Service	The Best of Gigapack 1 & 2	CD 2 -> CH CLAS4 -> Sample	HAL:HMM C#2	
Best Service	The Best of Gigapack 1 & 2	CD 2 -> CH CLAS4 -> Sample	HAL:HMM D#2	
Best Service	The Best of Gigapack 1 & 2	CD 2 -> CH CLAS4 -> Sample	HAL:HMM F2	
Best Service	The Best of Gigapack 1 & 2	CD 2 -> CH CLAS4 -> Sample	HAL:HMM F#2	
Best Service	The Best of Gigapack 1 & 2	CD 2 -> CH CLAS4 -> Sample	HAL:HMM G#2	
Best Service	The Best of Gigapack 1 & 2	CD 2 -> CH CLAS4 -> Sample	HAL:HMM A#2	
Best Service	The Best of Gigapack 1 & 2	CD 2 -> CH CLAS4 -> Sample	HAL:HMM C3	
Best Service	The Best of Gigapack 1 & 2	CD 2 -> CH CLAS4 -> Sample	HAL:HMM C#3	
Best Service	The Best of Gigapack 1 & 2	CD 2 -> CH CLAS4 -> Sample	HAL:HMM D#3	
Best Service	The Best of Gigapack 1 & 2	CD 2 -> CH CLAS4 -> Sample	HAL:HMM F3	
Best Service	The Best of Gigapack 1 & 2	CD 2 -> CH CLAS4 -> Sample	HAL:HMM G3	
Best Service	The Best of Gigapack 1 & 2	CD 2 -> CH CLAS5 -> Program	HAL:Cl.Fem.Solo1	
Best Service	The Best of Gigapack 1 & 2	CD 2 -> CH CLAS5 -> Sample	HAL:Cl.Fem.1 D3	
Best Service	The Best of Gigapack 1 & 2	CD 2 -> CH CLAS5 -> Sample	HAL:Cl.Fem.1 D#3	
Best Service	The Best of Gigapack 1 & 2	CD 2 -> CH CLAS5 -> Sample	HAL:Cl.Fem.1 F3	
Best Service	The Best of Gigapack 1 & 2	CD 2 -> CH CLAS5 -> Sample	HAL:Cl.Fem.1 G3	
Best Service	The Best of Gigapack 1 & 2	CD 2 -> CH CLAS5 -> Sample	HAL:Cl.Fem.1 A3	
Best Service	The Best of Gigapack 1 & 2	CD 2 -> CH CLAS5 -> Sample	HAL:Cl.Fem.1 B3	
Best Service	The Best of Gigapack 1 & 2	CD 2 -> CH CLAS5 -> Sample	HAL:Cl.Fem.1 C#4	
Best Service	The Best of Gigapack 1 & 2	CD 2 -> CH CLAS5 -> Sample	HAL:Cl.Fem.1 D#4	
Best Service	The Best of Gigapack 1 & 2	CD 2 -> CH CLAS5 -> Sample	HAL:Cl.Fem.1 F4	
Best Service	The Best of Gigapack 1 & 2	CD 2 -> CH CLAS5 -> Sample	HAL:Cl.Fem.1 G4	
Best Service	The Best of Gigapack 1 & 2	CD 2 -> CH CLAS5 -> Sample	HAL:Cl.Fem.1 A4	
Best Service	The Best of Gigapack 1 & 2	CD 2 -> CH CLAS6 -> Program	HAL:Cl.Fem.Solo4	
Best Service	The Best of Gigapack 1 & 2	CD 2 -> CH CLAS6 -> Sample	HAL:Cl.Fem.4	
Best Service	The Best of Gigapack 1 & 2	CD 2 -> CH CLAS6 -> Sample	HAL:Cl.Fem.4  AA	
Best Service	The Best of Gigapack 1 & 2	CD 2 -> CH CLAS6 -> Sample	HAL:Cl.Fem.4  AB	
Best Service	The Best of Gigapack 1 & 2	CD 2 -> CH CLAS6 -> Sample	HAL:Cl.Fem.4  AC	
Best Service	The Best of Gigapack 1 & 2	CD 2 -> CH CLAS6 -> Sample	HAL:Cl.Fem.4  AD	
Best Service	The Best of Gigapack 1 & 2	CD 2 -> CH CLAS6 -> Sample	HAL:Cl.Fem.4  AE	
Best Service	The Best of Gigapack 1 & 2	CD 2 -> CH CLAS6 -> Sample	HAL:Cl.Fem.4  AF	
Best Service	The Best of Gigapack 1 & 2	CD 2 -> CH CLAS6 -> Sample	HAL:Cl.Fem.4  AG	
Best Service	The Best of Gigapack 1 & 2	CD 2 -> CH CLAS6 -> Sample	HAL:Cl.Fem.4  AH	
Best Service	The Best of Gigapack 1 & 2	CD 2 -> CH CLAS6 -> Sample	HAL:Cl.Fem.4  AI	
Best Service	The Best of Gigapack 1 & 2	CD 2 -> CH CLAS6 -> Sample	HAL:Cl.Fem.4  AJ	
Best Service	The Best of Gigapack 1 & 2	CD 2 -> CH CLAS7 -> Program	HAL:Cl.Singin` 1	
Best Service	The Best of Gigapack 1 & 2	CD 2 -> CH CLAS7 -> Sample	HAL:Cl.Sing0AB	
Best Service	The Best of Gigapack 1 & 2	CD 2 -> CH CLAS7 -> Sample	HAL:Cl.Sing0AA-L	
Best Service	The Best of Gigapack 1 & 2	CD 2 -> CH CLAS7 -> Sample	HAL:Cl.Sing0AC	
Best Service	The Best of Gigapack 1 & 2	CD 2 -> CH CLAS7 -> Sample	HAL:Cl.Sing0AD	
Best Service	The Best of Gigapack 1 & 2	CD 2 -> CH CLAS7 -> Sample	HAL:Cl.Sing0AE	
Best Service	The Best of Gigapack 1 & 2	CD 2 -> CH CLAS7 -> Sample	HAL:Cl.Sing0AF	
Best Service	The Best of Gigapack 1 & 2	CD 2 -> CH CLAS7 -> Sample	HAL:Cl.Sing0AG	
Best Service	The Best of Gigapack 1 & 2	CD 2 -> CH CLAS7 -> Sample	HAL:Cl.Sing0AH	
Best Service	The Best of Gigapack 1 & 2	CD 2 -> CH CLAS7 -> Sample	HAL:Cl.Sing0AI	
Best Service	The Best of Gigapack 1 & 2	CD 2 -> CH CLAS7 -> Sample	HAL:Cl.Sing0AJ	
Best Service	The Best of Gigapack 1 & 2	CD 2 -> CH CLAS7 -> Sample	HAL:Cl.Sing0AK	
Best Service	The Best of Gigapack 1 & 2	CD 2 -> CH CLAS7 -> Sample	HAL:Cl.Sing0AL	
Best Service	The Best of Gigapack 1 & 2	CD 2 -> CH CLAS7 -> Sample	HAL:Cl.Sing0AM	
Best Service	The Best of Gigapack 1 & 2	CD 2 -> SYNTB303 -> Program	SYN:TB-303   1.A	
Best Service	The Best of Gigapack 1 & 2	CD 2 -> SYNTB303 -> Program	SYN:TB-303   2.A	
Best Service	The Best of Gigapack 1 & 2	CD 2 -> SYNTB303 -> Program	SYN:TB-303   4.A	
Best Service	The Best of Gigapack 1 & 2	CD 2 -> SYNTB303 -> Program	SYN:TB-303   5.A	
Best Service	The Best of Gigapack 1 & 2	CD 2 -> SYNTB303 -> Program	SYN:TB-303   6.A	
Best Service	The Best of Gigapack 1 & 2	CD 2 -> SYNTB303 -> Sample	SYN:303 C2 6.1.5	
Best Service	The Best of Gigapack 1 & 2	CD 2 -> SYNTB303 -> Sample	SYN:303 C2 6.1.6	
Best Service	The Best of Gigapack 1 & 2	CD 2 -> SYNTB303 -> Sample	SYN:303 C2 6.1.7	
Best Service	The Best of Gigapack 1 & 2	CD 2 -> SYNTB303 -> Sample	SYN:303 C2 6.1.8	
Best Service	The Best of Gigapack 1 & 2	CD 2 -> SYNTB303 -> Sample	SYN:303 C2 6.2.5	
Best Service	The Best of Gigapack 1 & 2	CD 2 -> SYNTB303 -> Sample	SYN:303 C2 6.2.6	
Best Service	The Best of Gigapack 1 & 2	CD 2 -> SYNTB303 -> Sample	SYN:303 C2 6.2.7	
Best Service	The Best of Gigapack 1 & 2	CD 2 -> SYNTB303 -> Sample	SYN:303 C2 6.2.8	
Best Service	The Best of Gigapack 1 & 2	CD 2 -> SYNTB303 -> Sample	SYN:303 C2 6.3.5	
Best Service	The Best of Gigapack 1 & 2	CD 2 -> SYNTB303 -> Sample	SYN:303 C2 6.3.6	
Best Service	The Best of Gigapack 1 & 2	CD 2 -> SYNTB303 -> Sample	SYN:303 C2 6.3.7	
Best Service	The Best of Gigapack 1 & 2	CD 2 -> SYNTB303 -> Sample	SYN:303 C2 6.3.8	
Best Service	The Best of Gigapack 1 & 2	CD 2 -> SYNTB303 -> Sample	SYN:303 C2 6.4.5	
Best Service	The Best of Gigapack 1 & 2	CD 2 -> SYNTB303 -> Sample	SYN:303 C2 6.4.6	
Best Service	The Best of Gigapack 1 & 2	CD 2 -> SYNTB303 -> Sample	SYN:303 C2 6.4.7	
Best Service	The Best of Gigapack 1 & 2	CD 2 -> SYNTB303 -> Sample	SYN:303 C2 6.4.8	
Best Service	The Best of Gigapack 1 & 2	CD 2 -> SYNTB303 -> Sample	SYN:303 C2 6.5.5	
Best Service	The Best of Gigapack 1 & 2	CD 2 -> SYNTB303 -> Sample	SYN:303 C2 6.5.6	
Best Service	The Best of Gigapack 1 & 2	CD 2 -> SYNTB303 -> Sample	SYN:303 C2 6.5.7	
Best Service	The Best of Gigapack 1 & 2	CD 2 -> SYNTB303 -> Sample	SYN:303 C2 6.5.8	
Best Service	The Best of Gigapack 1 & 2	CD 2 -> SYNTB303 -> Sample	SYN:303 C2 6.6.5	
Best Service	The Best of Gigapack 1 & 2	CD 2 -> SYNTB303 -> Sample	SYN:303 C2 6.6.6	
Best Service	The Best of Gigapack 1 & 2	CD 2 -> SYNTB303 -> Sample	SYN:303 C2 6.6.7	
Best Service	The Best of Gigapack 1 & 2	CD 2 -> SYNTB303 -> Sample	SYN:303 C2 6.6.8	
Best Service	The Best of Gigapack 1 & 2	CD 2 -> SYNTB303 -> Sample	SYN:303 C2 6.1.1	
Best Service	The Best of Gigapack 1 & 2	CD 2 -> SYNTB303 -> Sample	SYN:303 C2 6.1.2	
Best Service	The Best of Gigapack 1 & 2	CD 2 -> SYNTB303 -> Sample	SYN:303 C2 6.1.3	
Best Service	The Best of Gigapack 1 & 2	CD 2 -> SYNTB303 -> Sample	SYN:303 C2 6.1.4	
Best Service	The Best of Gigapack 1 & 2	CD 2 -> SYNTB303 -> Sample	SYN:303 C2 6.2.1	
Best Service	The Best of Gigapack 1 & 2	CD 2 -> SYNTB303 -> Sample	SYN:303 C2 6.2.2	
Best Service	The Best of Gigapack 1 & 2	CD 2 -> SYNTB303 -> Sample	SYN:303 C2 6.2.3	
Best Service	The Best of Gigapack 1 & 2	CD 2 -> SYNTB303 -> Sample	SYN:303 C2 6.2.4	
Best Service	The Best of Gigapack 1 & 2	CD 2 -> SYNTB303 -> Sample	SYN:303 C2 6.3.1	
Best Service	The Best of Gigapack 1 & 2	CD 2 -> SYNTB303 -> Sample	SYN:303 C2 6.3.2	
Best Service	The Best of Gigapack 1 & 2	CD 2 -> SYNTB303 -> Sample	SYN:303 C2 6.3.3	
Best Service	The Best of Gigapack 1 & 2	CD 2 -> SYNTB303 -> Sample	SYN:303 C2 6.3.4	
Best Service	The Best of Gigapack 1 & 2	CD 2 -> SYNTB303 -> Sample	SYN:303 C2 6.4.1	
Best Service	The Best of Gigapack 1 & 2	CD 2 -> SYNTB303 -> Sample	SYN:303 C2 6.4.2	
Best Service	The Best of Gigapack 1 & 2	CD 2 -> SYNTB303 -> Sample	SYN:303 C2 6.4.3	
Best Service	The Best of Gigapack 1 & 2	CD 2 -> SYNTB303 -> Sample	SYN:303 C2 6.4.4	
Best Service	The Best of Gigapack 1 & 2	CD 2 -> SYNTB303 -> Sample	SYN:303 C2 6.5.1	
Best Service	The Best of Gigapack 1 & 2	CD 2 -> SYNTB303 -> Sample	SYN:303 C2 6.5.2	
Best Service	The Best of Gigapack 1 & 2	CD 2 -> SYNTB303 -> Sample	SYN:303 C2 6.5.3	
Best Service	The Best of Gigapack 1 & 2	CD 2 -> SYNTB303 -> Sample	SYN:303 C2 6.5.4	
Best Service	The Best of Gigapack 1 & 2	CD 2 -> SYNTB303 -> Sample	SYN:303 C2 6.6.1	
Best Service	The Best of Gigapack 1 & 2	CD 2 -> SYNTB303 -> Sample	SYN:303 C2 6.6.2	
Best Service	The Best of Gigapack 1 & 2	CD 2 -> SYNTB303 -> Sample	SYN:303 C2 6.6.3	
Best Service	The Best of Gigapack 1 & 2	CD 2 -> SYNTB303 -> Sample	SYN:303 C2 6.6.4	
Best Service	The Best of Gigapack 1 & 2	CD 2 -> SYNTB303 -> Sample	SYN:TBm C2 5	
Best Service	The Best of Gigapack 1 & 2	CD 2 -> SYNTB303 -> Sample	SYN:TBm C2 6	
Best Service	The Best of Gigapack 1 & 2	CD 2 -> SYNTB303 -> Sample	SYN:TBm C2 7	
Best Service	The Best of Gigapack 1 & 2	CD 2 -> SYNTB303 -> Sample	SYN:TBm C2 8	
Best Service	The Best of Gigapack 1 & 2	CD 2 -> SYNTB303 -> Sample	SYN:TBm G2 5	
Best Service	The Best of Gigapack 1 & 2	CD 2 -> SYNTB303 -> Sample	SYN:TBm G2 6	
Best Service	The Best of Gigapack 1 & 2	CD 2 -> SYNTB303 -> Sample	SYN:TBm G2 7	
Best Service	The Best of Gigapack 1 & 2	CD 2 -> SYNTB303 -> Sample	SYN:TBm G2 8	
Best Service	The Best of Gigapack 1 & 2	CD 2 -> SYNTB303 -> Sample	SYN:TBm C3 5	
Best Service	The Best of Gigapack 1 & 2	CD 2 -> SYNTB303 -> Sample	SYN:TBm C3 6	
Best Service	The Best of Gigapack 1 & 2	CD 2 -> SYNTB303 -> Sample	SYN:TBm C3 7	
Best Service	The Best of Gigapack 1 & 2	CD 2 -> SYNTB303 -> Sample	SYN:TBm C3 8	
Best Service	The Best of Gigapack 1 & 2	CD 2 -> SYNTB303 -> Sample	SYN:TBm G3 5	
Best Service	The Best of Gigapack 1 & 2	CD 2 -> SYNTB303 -> Sample	SYN:TBm G3 6	
Best Service	The Best of Gigapack 1 & 2	CD 2 -> SYNTB303 -> Sample	SYN:TBm G3 7	
Best Service	The Best of Gigapack 1 & 2	CD 2 -> SYNTB303 -> Sample	SYN:TBm G3 8	
Best Service	The Best of Gigapack 1 & 2	CD 2 -> SYNTB303 -> Sample	SYN:TBm C4 5	
Best Service	The Best of Gigapack 1 & 2	CD 2 -> SYNTB303 -> Sample	SYN:TBm C4 6	
Best Service	The Best of Gigapack 1 & 2	CD 2 -> SYNTB303 -> Sample	SYN:TBm C4 7	
Best Service	The Best of Gigapack 1 & 2	CD 2 -> SYNTB303 -> Sample	SYN:TBm C4 8	
Best Service	The Best of Gigapack 1 & 2	CD 2 -> SYNTB303 -> Sample	SYN:TBm C5 5	
Best Service	The Best of Gigapack 1 & 2	CD 2 -> SYNTB303 -> Sample	SYN:TBm C5 6	
Best Service	The Best of Gigapack 1 & 2	CD 2 -> SYNTB303 -> Sample	SYN:TBm C5 7	
Best Service	The Best of Gigapack 1 & 2	CD 2 -> SYNTB303 -> Sample	SYN:TBm C5 8	
Best Service	The Best of Gigapack 1 & 2	CD 2 -> SYNTB303 -> Sample	SYN:TBm C2 1	
Best Service	The Best of Gigapack 1 & 2	CD 2 -> SYNTB303 -> Sample	SYN:TBm C2 2	
Best Service	The Best of Gigapack 1 & 2	CD 2 -> SYNTB303 -> Sample	SYN:TBm C2 3	
Best Service	The Best of Gigapack 1 & 2	CD 2 -> SYNTB303 -> Sample	SYN:TBm C2 4	
Best Service	The Best of Gigapack 1 & 2	CD 2 -> SYNTB303 -> Sample	SYN:TBm G2 1	
Best Service	The Best of Gigapack 1 & 2	CD 2 -> SYNTB303 -> Sample	SYN:TBm G2 2	
Best Service	The Best of Gigapack 1 & 2	CD 2 -> SYNTB303 -> Sample	SYN:TBm G2 3	
Best Service	The Best of Gigapack 1 & 2	CD 2 -> SYNTB303 -> Sample	SYN:TBm G2 4	
Best Service	The Best of Gigapack 1 & 2	CD 2 -> SYNTB303 -> Sample	SYN:TBm C3 1	
Best Service	The Best of Gigapack 1 & 2	CD 2 -> SYNTB303 -> Sample	SYN:TBm C3 2	
Best Service	The Best of Gigapack 1 & 2	CD 2 -> SYNTB303 -> Sample	SYN:TBm C3 3	
Best Service	The Best of Gigapack 1 & 2	CD 2 -> SYNTB303 -> Sample	SYN:TBm C3 4	
Best Service	The Best of Gigapack 1 & 2	CD 2 -> SYNTB303 -> Sample	SYN:TBm G3 1	
Best Service	The Best of Gigapack 1 & 2	CD 2 -> SYNTB303 -> Sample	SYN:TBm G3 2	
Best Service	The Best of Gigapack 1 & 2	CD 2 -> SYNTB303 -> Sample	SYN:TBm G3 3	
Best Service	The Best of Gigapack 1 & 2	CD 2 -> SYNTB303 -> Sample	SYN:TBm G3 4	
Best Service	The Best of Gigapack 1 & 2	CD 2 -> SYNTB303 -> Sample	SYN:TBm C4 1	
Best Service	The Best of Gigapack 1 & 2	CD 2 -> SYNTB303 -> Sample	SYN:TBm C4 2	
Best Service	The Best of Gigapack 1 & 2	CD 2 -> SYNTB303 -> Sample	SYN:TBm C4 3	
Best Service	The Best of Gigapack 1 & 2	CD 2 -> SYNTB303 -> Sample	SYN:TBm C4 4	
Best Service	The Best of Gigapack 1 & 2	CD 2 -> SYNTB303 -> Sample	SYN:TBm C5 1	
Best Service	The Best of Gigapack 1 & 2	CD 2 -> SYNTB303 -> Sample	SYN:TBm C5 2	
Best Service	The Best of Gigapack 1 & 2	CD 2 -> SYNTB303 -> Sample	SYN:TBm C5 3	
Best Service	The Best of Gigapack 1 & 2	CD 2 -> SYNTB303 -> Sample	SYN:TBm C5 4	
Best Service	The Best of Gigapack 1 & 2	CD 2 -> SYNTB303 -> Sample	SYN:303 1.1	
Best Service	The Best of Gigapack 1 & 2	CD 2 -> SYNTB303 -> Sample	SYN:303 1.2	
Best Service	The Best of Gigapack 1 & 2	CD 2 -> SYNTB303 -> Sample	SYN:303 1.3	
Best Service	The Best of Gigapack 1 & 2	CD 2 -> SYNTB303 -> Sample	SYN:303 1.4	
Best Service	The Best of Gigapack 1 & 2	CD 2 -> SYNTB303 -> Sample	SYN:303 2.1	
Best Service	The Best of Gigapack 1 & 2	CD 2 -> SYNTB303 -> Sample	SYN:303 1.5	
Best Service	The Best of Gigapack 1 & 2	CD 2 -> SYNTB303 -> Sample	SYN:303 2.5	
Best Service	The Best of Gigapack 1 & 2	CD 2 -> SYNTB303 -> Sample	SYN:303 2.2	
Best Service	The Best of Gigapack 1 & 2	CD 2 -> SYNTB303 -> Sample	SYN:303 1.6	
Best Service	The Best of Gigapack 1 & 2	CD 2 -> SYNTB303 -> Sample	SYN:303 2.6	
Best Service	The Best of Gigapack 1 & 2	CD 2 -> SYNTB303 -> Sample	SYN:303 2.3	
Best Service	The Best of Gigapack 1 & 2	CD 2 -> SYNTB303 -> Sample	SYN:303 1.7	
Best Service	The Best of Gigapack 1 & 2	CD 2 -> SYNTB303 -> Sample	SYN:303 2.4	
Best Service	The Best of Gigapack 1 & 2	CD 2 -> SYNTB303 -> Sample	SYN:TB303.7.1.5	
Best Service	The Best of Gigapack 1 & 2	CD 2 -> SYNTB303 -> Sample	SYN:TB303.7.2.5	
Best Service	The Best of Gigapack 1 & 2	CD 2 -> SYNTB303 -> Sample	SYN:TB303.7.1.1	
Best Service	The Best of Gigapack 1 & 2	CD 2 -> SYNTB303 -> Sample	SYN:TB303.7.2.1	
Best Service	The Best of Gigapack 1 & 2	CD 2 -> SYNTB303 -> Sample	SYN:TB303.7.1.6	
Best Service	The Best of Gigapack 1 & 2	CD 2 -> SYNTB303 -> Sample	SYN:TB303.7.2.6	
Best Service	The Best of Gigapack 1 & 2	CD 2 -> SYNTB303 -> Sample	SYN:TB303.7.1.2	
Best Service	The Best of Gigapack 1 & 2	CD 2 -> SYNTB303 -> Sample	SYN:TB303.7.2.2	
Best Service	The Best of Gigapack 1 & 2	CD 2 -> SYNTB303 -> Sample	SYN:TB303.7.1.7	
Best Service	The Best of Gigapack 1 & 2	CD 2 -> SYNTB303 -> Sample	SYN:TB303.7.2.7	
Best Service	The Best of Gigapack 1 & 2	CD 2 -> SYNTB303 -> Sample	SYN:TB303.7.1.3	
Best Service	The Best of Gigapack 1 & 2	CD 2 -> SYNTB303 -> Sample	SYN:TB303.7.2.3	
Best Service	The Best of Gigapack 1 & 2	CD 2 -> SYNTB303 -> Sample	SYN:TB303.7.1.8	
Best Service	The Best of Gigapack 1 & 2	CD 2 -> SYNTB303 -> Sample	SYN:TB303.7.2.8	
Best Service	The Best of Gigapack 1 & 2	CD 2 -> SYNTB303 -> Sample	SYN:TB303.7.1.4	
Best Service	The Best of Gigapack 1 & 2	CD 2 -> SYNTB303 -> Sample	SYN:TB303.7.2.4	
Best Service	The Best of Gigapack 1 & 2	CD 2 -> SYNTB303 -> Sample	SYN:TBSub^1.5	
Best Service	The Best of Gigapack 1 & 2	CD 2 -> SYNTB303 -> Sample	SYN:TBSub^2.5	
Best Service	The Best of Gigapack 1 & 2	CD 2 -> SYNTB303 -> Sample	SYN:TBSub^1.1	
Best Service	The Best of Gigapack 1 & 2	CD 2 -> SYNTB303 -> Sample	SYN:TBSub^2.1	
Best Service	The Best of Gigapack 1 & 2	CD 2 -> SYNTB303 -> Sample	SYN:TBSub^1.6	
Best Service	The Best of Gigapack 1 & 2	CD 2 -> SYNTB303 -> Sample	SYN:TBSub^2.6	
Best Service	The Best of Gigapack 1 & 2	CD 2 -> SYNTB303 -> Sample	SYN:TBSub^1.2	
Best Service	The Best of Gigapack 1 & 2	CD 2 -> SYNTB303 -> Sample	SYN:TBSub^2.2	
Best Service	The Best of Gigapack 1 & 2	CD 2 -> SYNTB303 -> Sample	SYN:TBSub^1.7	
Best Service	The Best of Gigapack 1 & 2	CD 2 -> SYNTB303 -> Sample	SYN:TBSub^2.7	
Best Service	The Best of Gigapack 1 & 2	CD 2 -> SYNTB303 -> Sample	SYN:TBSub^1.3	
Best Service	The Best of Gigapack 1 & 2	CD 2 -> SYNTB303 -> Sample	SYN:TBSub^2.3	
Best Service	The Best of Gigapack 1 & 2	CD 2 -> SYNTB303 -> Sample	SYN:TBSub^1.8	
Best Service	The Best of Gigapack 1 & 2	CD 2 -> SYNTB303 -> Sample	SYN:TBSub^2.8	
Best Service	The Best of Gigapack 1 & 2	CD 2 -> SYNTB303 -> Sample	SYN:TBSub^1.4	
Best Service	The Best of Gigapack 1 & 2	CD 2 -> SYNTB303 -> Sample	SYN:TBSub^2.4	
Best Service	The Best of Gigapack 1 & 2	CD 2 -> SYNTB303 -> Sample	SYN:TBOrig1.6	
Best Service	The Best of Gigapack 1 & 2	CD 2 -> SYNTB303 -> Sample	SYN:TBOrig2.6	
Best Service	The Best of Gigapack 1 & 2	CD 2 -> SYNTB303 -> Sample	SYN:TBOrig1.2	
Best Service	The Best of Gigapack 1 & 2	CD 2 -> SYNTB303 -> Sample	SYN:TBOrig2.2	
Best Service	The Best of Gigapack 1 & 2	CD 2 -> SYNTB303 -> Sample	SYN:TBOrig1.7	
Best Service	The Best of Gigapack 1 & 2	CD 2 -> SYNTB303 -> Sample	SYN:TBOrig2.7	
Best Service	The Best of Gigapack 1 & 2	CD 2 -> SYNTB303 -> Sample	SYN:TBOrig1.3	
Best Service	The Best of Gigapack 1 & 2	CD 2 -> SYNTB303 -> Sample	SYN:TBOrig2.3	
Best Service	The Best of Gigapack 1 & 2	CD 2 -> SYNTB303 -> Sample	SYN:TBOrig1.8	
Best Service	The Best of Gigapack 1 & 2	CD 2 -> SYNTB303 -> Sample	SYN:TBOrig2.8	
Best Service	The Best of Gigapack 1 & 2	CD 2 -> SYNTB303 -> Sample	SYN:TBOrig1.4	
Best Service	The Best of Gigapack 1 & 2	CD 2 -> SYNTB303 -> Sample	SYN:TBOrig2.4	
Best Service	The Best of Gigapack 1 & 2	CD 2 -> SYNTB303 -> Sample	SYN:TBOrig1.9	
Best Service	The Best of Gigapack 1 & 2	CD 2 -> SYNTB303 -> Sample	SYN:TBOrig2.9	
Best Service	The Best of Gigapack 1 & 2	CD 2 -> SYNTB303 -> Sample	SYN:TBOrig1.5	
Best Service	The Best of Gigapack 1 & 2	CD 2 -> SYNTB303 -> Sample	SYN:TBOrig2.5	
Best Service	The Best of Gigapack 1 & 2	CD 2 -> CH BACK1 -> Program	HAL:Back.Fem.Uuh	
Best Service	The Best of Gigapack 1 & 2	CD 2 -> CH BACK1 -> Program	HAL:Back.Fem.U.m	
Best Service	The Best of Gigapack 1 & 2	CD 2 -> CH BACK1 -> Sample	HAL:UUHH B3	
Best Service	The Best of Gigapack 1 & 2	CD 2 -> CH BACK1 -> Sample	HAL:UUHH C#4	
Best Service	The Best of Gigapack 1 & 2	CD 2 -> CH BACK1 -> Sample	HAL:UUHH D#4	
Best Service	The Best of Gigapack 1 & 2	CD 2 -> CH BACK1 -> Sample	HAL:UUHH F4	
Best Service	The Best of Gigapack 1 & 2	CD 2 -> CH BACK1 -> Sample	HAL:UUHH G4	
Best Service	The Best of Gigapack 1 & 2	CD 2 -> CH BACK1 -> Sample	HAL:UUHH A4	
Best Service	The Best of Gigapack 1 & 2	CD 2 -> CH BACK1 -> Sample	HAL:UUHH B4	
Best Service	The Best of Gigapack 1 & 2	CD 2 -> CH BACK1 -> Sample	HAL:UUHH C#5	
Best Service	The Best of Gigapack 1 & 2	CD 2 -> CH BACK1 -> Sample	HAL:UUHH D#5	
Best Service	The Best of Gigapack 1 & 2	CD 2 -> CH BACK1 -> Sample	HAL:UUHH F5	
Best Service	The Best of Gigapack 1 & 2	CD 2 -> CH BACK1 -> Sample	HAL:UUHH G5	
Best Service	The Best of Gigapack 1 & 2	CD 2 -> CH BACK1 -> Sample	HAL:UUHH A5	
Best Service	The Best of Gigapack 1 & 2	CD 2 -> CH BACK2 -> Program	HAL:Back.MaleUuh	
Best Service	The Best of Gigapack 1 & 2	CD 2 -> CH BACK2 -> Program	HAL:Back.MaleU.m	
Best Service	The Best of Gigapack 1 & 2	CD 2 -> CH BACK2 -> Sample	HAL:Mal Uuh AA	
Best Service	The Best of Gigapack 1 & 2	CD 2 -> CH BACK2 -> Sample	HAL:Mal Uuh AB	
Best Service	The Best of Gigapack 1 & 2	CD 2 -> CH BACK2 -> Sample	HAL:Mal Uuh AC	
Best Service	The Best of Gigapack 1 & 2	CD 2 -> CH BACK2 -> Sample	HAL:Mal Uuh AD	
Best Service	The Best of Gigapack 1 & 2	CD 2 -> CH BACK2 -> Sample	HAL:Mal Uuh AE	
Best Service	The Best of Gigapack 1 & 2	CD 2 -> CH BACK2 -> Sample	HAL:Mal Uuh AF	
Best Service	The Best of Gigapack 1 & 2	CD 2 -> CH BACK2 -> Sample	HAL:Mal Uuh AG	
Best Service	The Best of Gigapack 1 & 2	CD 2 -> CH BACK2 -> Sample	HAL:Mal Uuh AH	
Best Service	The Best of Gigapack 1 & 2	CD 2 -> CH BACK2 -> Sample	HAL:Mal Uuh AI	
Best Service	The Best of Gigapack 1 & 2	CD 2 -> CH BACK2 -> Sample	HAL:Mal Uuh AJ	
Best Service	The Best of Gigapack 1 & 2	CD 2 -> CH BACK3 -> Program	HAL:Back.Fem.Duh	
Best Service	The Best of Gigapack 1 & 2	CD 2 -> CH BACK3 -> Program	HAL:Back.Fem.D.m	
Best Service	The Best of Gigapack 1 & 2	CD 2 -> CH BACK3 -> Sample	HAL:Duh Fem AB	
Best Service	The Best of Gigapack 1 & 2	CD 2 -> CH BACK3 -> Sample	HAL:Duh Fem AC	
Best Service	The Best of Gigapack 1 & 2	CD 2 -> CH BACK3 -> Sample	HAL:Duh Fem AD	
Best Service	The Best of Gigapack 1 & 2	CD 2 -> CH BACK3 -> Sample	HAL:Duh Fem AE	
Best Service	The Best of Gigapack 1 & 2	CD 2 -> CH BACK3 -> Sample	HAL:Duh Fem AF	
Best Service	The Best of Gigapack 1 & 2	CD 2 -> CH BACK3 -> Sample	HAL:Duh Fem AG	
Best Service	The Best of Gigapack 1 & 2	CD 2 -> CH BACK3 -> Sample	HAL:Duh Fem AH	
Best Service	The Best of Gigapack 1 & 2	CD 2 -> CH BACK3 -> Sample	HAL:Duh Fem AI	
Best Service	The Best of Gigapack 1 & 2	CD 2 -> CH BACK3 -> Sample	HAL:Duh Fem AJ	
Best Service	The Best of Gigapack 1 & 2	CD 2 -> CH BACK3 -> Sample	HAL:Duh Fem AK	
Best Service	The Best of Gigapack 1 & 2	CD 2 -> CH BACK3 -> Sample	HAL:Duh Fem AL	
Best Service	The Best of Gigapack 1 & 2	CD 2 -> CH BACK3 -> Sample	HAL:Duh Fem AM	
Best Service	The Best of Gigapack 1 & 2	CD 2 -> CH BACK4 -> Program	HAL:Back.MaleDuh	
Best Service	The Best of Gigapack 1 & 2	CD 2 -> CH BACK4 -> Program	HAL:Back.Mal.D.m	
Best Service	The Best of Gigapack 1 & 2	CD 2 -> CH BACK4 -> Sample	HAL:Mal Duh AA	
Best Service	The Best of Gigapack 1 & 2	CD 2 -> CH BACK4 -> Sample	HAL:Mal Duh AB	
Best Service	The Best of Gigapack 1 & 2	CD 2 -> CH BACK4 -> Sample	HAL:Mal Duh AC	
Best Service	The Best of Gigapack 1 & 2	CD 2 -> CH BACK4 -> Sample	HAL:Mal Duh AD	
Best Service	The Best of Gigapack 1 & 2	CD 2 -> CH BACK4 -> Sample	HAL:Mal Duh AE	
Best Service	The Best of Gigapack 1 & 2	CD 2 -> CH BACK4 -> Sample	HAL:Mal Duh AF	
Best Service	The Best of Gigapack 1 & 2	CD 2 -> CH BACK4 -> Sample	HAL:Mal Duh AG	
Best Service	The Best of Gigapack 1 & 2	CD 2 -> CH BACK4 -> Sample	HAL:Mal Duh AH	
Best Service	The Best of Gigapack 1 & 2	CD 2 -> CH BACK4 -> Sample	HAL:Mal Duh AI	
Best Service	The Best of Gigapack 1 & 2	CD 2 -> CH BACK4 -> Sample	HAL:Mal Duh AJ	
Best Service	The Best of Gigapack 1 & 2	CD 2 -> CH BACK4 -> Sample	HAL:Mal Duh AK	
Best Service	The Best of Gigapack 1 & 2	CD 2 -> CH BACK5 -> Program	HAL:Back.Fem.Mmh	
Best Service	The Best of Gigapack 1 & 2	CD 2 -> CH BACK5 -> Program	HAL:Back.Fem.M.m	
Best Service	The Best of Gigapack 1 & 2	CD 2 -> CH BACK5 -> Sample	HAL:MMHH B3	
Best Service	The Best of Gigapack 1 & 2	CD 2 -> CH BACK5 -> Sample	HAL:MMHH C#4	
Best Service	The Best of Gigapack 1 & 2	CD 2 -> CH BACK5 -> Sample	HAL:MMHH D#4	
Best Service	The Best of Gigapack 1 & 2	CD 2 -> CH BACK5 -> Sample	HAL:MMHH F4	
Best Service	The Best of Gigapack 1 & 2	CD 2 -> CH BACK5 -> Sample	HAL:MMHH G4	
Best Service	The Best of Gigapack 1 & 2	CD 2 -> CH BACK5 -> Sample	HAL:MMHH A4	
Best Service	The Best of Gigapack 1 & 2	CD 2 -> CH BACK5 -> Sample	HAL:MMHH B4	
Best Service	The Best of Gigapack 1 & 2	CD 2 -> CH BACK5 -> Sample	HAL:MMHH C#5	
Best Service	The Best of Gigapack 1 & 2	CD 2 -> CH BACK6 -> Program	HAL:Back.MaleMmh	
Best Service	The Best of Gigapack 1 & 2	CD 2 -> CH BACK6 -> Program	HAL:Back.MaleM.m	
Best Service	The Best of Gigapack 1 & 2	CD 2 -> CH BACK6 -> Sample	HAL:Mmh MaleAA	
Best Service	The Best of Gigapack 1 & 2	CD 2 -> CH BACK6 -> Sample	HAL:Mmh MaleAB	
Best Service	The Best of Gigapack 1 & 2	CD 2 -> CH BACK6 -> Sample	HAL:Mmh MaleAC	
Best Service	The Best of Gigapack 1 & 2	CD 2 -> CH BACK6 -> Sample	HAL:Mmh MaleAD	
Best Service	The Best of Gigapack 1 & 2	CD 2 -> CH BACK6 -> Sample	HAL:Mmh MaleAE	
Best Service	The Best of Gigapack 1 & 2	CD 2 -> CH BACK6 -> Sample	HAL:Mmh MaleAF	
Best Service	The Best of Gigapack 1 & 2	CD 2 -> CH BACK6 -> Sample	HAL:Mmh MaleAG	
Best Service	The Best of Gigapack 1 & 2	CD 2 -> CH BACK6 -> Sample	HAL:Mmh MaleAH	
Best Service	The Best of Gigapack 1 & 2	CD 2 -> CH BACK6 -> Sample	HAL:Mmh MaleAI	
Best Service	The Best of Gigapack 1 & 2	CD 2 -> CH BACK6 -> Sample	HAL:Mmh MaleAJ	
Best Service	The Best of Gigapack 1 & 2	CD 2 -> CH BACK7 -> Program	HAL:Ba.CmajCircl	
Best Service	The Best of Gigapack 1 & 2	CD 2 -> CH BACK7 -> Program	HAL:Ba.CmajCir.m	
Best Service	The Best of Gigapack 1 & 2	CD 2 -> CH BACK7 -> Program	HAL:Back. Majors	
Best Service	The Best of Gigapack 1 & 2	CD 2 -> CH BACK7 -> Program	HAL:Back. Majo.m	
Best Service	The Best of Gigapack 1 & 2	CD 2 -> CH BACK7 -> Sample	HAL:C MAJ DEEQ	
Best Service	The Best of Gigapack 1 & 2	CD 2 -> CH BACK7 -> Sample	HAL:C MAJ ALL!	
Best Service	The Best of Gigapack 1 & 2	CD 2 -> CH BACK7 -> Sample	HAL:C MAJ HIGI	
Best Service	The Best of Gigapack 1 & 2	CD 2 -> CH BACK7 -> Sample	HAL:C Q6 -L  !	
Best Service	The Best of Gigapack 1 & 2	CD 2 -> CH BACK7 -> Sample	HAL:C Q6 -R  !	
Best Service	The Best of Gigapack 1 & 2	CD 2 -> CH BACK7 -> Sample	HAL:F MAJ -L !	
Best Service	The Best of Gigapack 1 & 2	CD 2 -> CH BACK7 -> Sample	HAL:F MAJ -R !	
Best Service	The Best of Gigapack 1 & 2	CD 2 -> CH BACK7 -> Sample	HAL:G 7 -L  !	
Best Service	The Best of Gigapack 1 & 2	CD 2 -> CH BACK7 -> Sample	HAL:G 7 -R   !	
Best Service	The Best of Gigapack 1 & 2	CD 2 -> CH BACK7 -> Sample	HAL:A MIN	
Best Service	The Best of Gigapack 1 & 2	CD 2 -> CH BACK7 -> Sample	HAL:C MAJ ALL	
Best Service	The Best of Gigapack 1 & 2	CD 2 -> CH BACK7 -> Sample	HAL:DB MAJ	
Best Service	The Best of Gigapack 1 & 2	CD 2 -> CH BACK7 -> Sample	HAL:D MAJ	
Best Service	The Best of Gigapack 1 & 2	CD 2 -> CH BACK7 -> Sample	HAL:EB MAJ	
Best Service	The Best of Gigapack 1 & 2	CD 2 -> CH BACK7 -> Sample	HAL:E MAJ	
Best Service	The Best of Gigapack 1 & 2	CD 2 -> CH BACK7 -> Sample	HAL:F MAJ	
Best Service	The Best of Gigapack 1 & 2	CD 2 -> CH BACK7 -> Sample	HAL:GB MAJ	
Best Service	The Best of Gigapack 1 & 2	CD 2 -> CH BACK7 -> Sample	HAL:G MAJ	
Best Service	The Best of Gigapack 1 & 2	CD 2 -> CH BACK7 -> Sample	HAL:AB MAJ	
Best Service	The Best of Gigapack 1 & 2	CD 2 -> CH BACK7 -> Sample	HAL:A MAJ	
Best Service	The Best of Gigapack 1 & 2	CD 2 -> CH BACK7 -> Sample	HAL:BB MAJ	
Best Service	The Best of Gigapack 1 & 2	CD 2 -> CH BACK7 -> Sample	HAL:B MAJ	
Best Service	The Best of Gigapack 1 & 2	CD 2 -> CH BACK9 -> Program	HAL:BackQuard6TH	
Best Service	The Best of Gigapack 1 & 2	CD 2 -> CH BACK9 -> Program	HAL:BackQuard6 m	
Best Service	The Best of Gigapack 1 & 2	CD 2 -> CH BACK9 -> Sample	HAL:C Q6	
Best Service	The Best of Gigapack 1 & 2	CD 2 -> CH BACK9 -> Sample	HAL:DB Q6	
Best Service	The Best of Gigapack 1 & 2	CD 2 -> CH BACK9 -> Sample	HAL:D Q6	
Best Service	The Best of Gigapack 1 & 2	CD 2 -> CH BACK9 -> Sample	HAL:EB Q6	
Best Service	The Best of Gigapack 1 & 2	CD 2 -> CH BACK9 -> Sample	HAL:E Q6	
Best Service	The Best of Gigapack 1 & 2	CD 2 -> CH BACK9 -> Sample	HAL:F Q6	
Best Service	The Best of Gigapack 1 & 2	CD 2 -> CH BACK9 -> Sample	HAL:GB Q6	
Best Service	The Best of Gigapack 1 & 2	CD 2 -> CH BACK9 -> Sample	HAL:G Q6	
Best Service	The Best of Gigapack 1 & 2	CD 2 -> CH BACK9 -> Sample	HAL:AB Q6	
Best Service	The Best of Gigapack 1 & 2	CD 2 -> CH BACK9 -> Sample	HAL:A Q6	
Best Service	The Best of Gigapack 1 & 2	CD 2 -> CH BACK9 -> Sample	HAL:BB Q6	
Best Service	The Best of Gigapack 1 & 2	CD 2 -> CH BACK9 -> Sample	HAL:B Q6	
Best Service	The Best of Gigapack 1 & 2	CD 2 -> CH GOSP1 -> Program	HAL:Gosp.Singin`	
Best Service	The Best of Gigapack 1 & 2	CD 2 -> CH GOSP1 -> Sample	HAL:Gosp. 023	
Best Service	The Best of Gigapack 1 & 2	CD 2 -> CH GOSP1 -> Sample	HAL:Gosp. 024	
Best Service	The Best of Gigapack 1 & 2	CD 2 -> CH GOSP1 -> Sample	HAL:Gosp. 025	
Best Service	The Best of Gigapack 1 & 2	CD 2 -> CH GOSP1 -> Sample	HAL:Gosp. 026	
Best Service	The Best of Gigapack 1 & 2	CD 2 -> CH GOSP1 -> Sample	HAL:Gosp. 027	
Best Service	The Best of Gigapack 1 & 2	CD 2 -> CH GOSP1 -> Sample	HAL:Gosp. 028	
Best Service	The Best of Gigapack 1 & 2	CD 2 -> CH GOSP1 -> Sample	HAL:Gosp. 029	
Best Service	The Best of Gigapack 1 & 2	CD 2 -> CH GOSP1 -> Sample	HAL:Gosp. 030	
Best Service	The Best of Gigapack 1 & 2	CD 2 -> CH GOSP1 -> Sample	HAL:Gosp. 031	
Best Service	The Best of Gigapack 1 & 2	CD 2 -> CH GOSP1 -> Sample	HAL:Gosp. 032	
Best Service	The Best of Gigapack 1 & 2	CD 2 -> CH GOSP1 -> Sample	HAL:Gosp. 033	
Best Service	The Best of Gigapack 1 & 2	CD 2 -> CH GOSP1 -> Sample	HAL:Gosp. 034	
Best Service	The Best of Gigapack 1 & 2	CD 2 -> CH GOSP1 -> Sample	HAL:Gosp. 035	
Best Service	The Best of Gigapack 1 & 2	CD 2 -> CH GOSP1 -> Sample	HAL:Gosp. 036	
Best Service	The Best of Gigapack 1 & 2	CD 2 -> CH GOSP1 -> Sample	HAL:Gosp. 037	
Best Service	The Best of Gigapack 1 & 2	CD 2 -> CH GOSP1 -> Sample	HAL:Gosp. 038	
Best Service	The Best of Gigapack 1 & 2	CD 2 -> CH GOSP1 -> Sample	HAL:Gosp. 039	
Best Service	The Best of Gigapack 1 & 2	CD 2 -> CH GOSP1 -> Sample	HAL:Gosp. 040	
Best Service	The Best of Gigapack 1 & 2	CD 2 -> CH GOSP1 -> Sample	HAL:Gosp. 041	
Best Service	The Best of Gigapack 1 & 2	CD 2 -> CH GOSP1 -> Sample	HAL:Gosp. 042	
Best Service	The Best of Gigapack 1 & 2	CD 2 -> CH GOSP1 -> Sample	HAL:Gosp. 043	
Best Service	The Best of Gigapack 1 & 2	CD 2 -> CH GOSP1 -> Sample	HAL:Gosp. 044	
Best Service	The Best of Gigapack 1 & 2	CD 2 -> CH GOSP1 -> Sample	HAL:Gosp. 045	
Best Service	The Best of Gigapack 1 & 2	CD 2 -> CH GOSP1 -> Sample	HAL:Gosp. 046	
Best Service	The Best of Gigapack 1 & 2	CD 2 -> CH GOSP2 -> Program	HAL:Gosp.Ooh 1mo	
Best Service	The Best of Gigapack 1 & 2	CD 2 -> CH GOSP2 -> Program	HAL:Gosp.Ooh 1st	
Best Service	The Best of Gigapack 1 & 2	CD 2 -> CH GOSP2 -> Sample	HAL:Gosp. 057	
Best Service	The Best of Gigapack 1 & 2	CD 2 -> CH GOSP2 -> Sample	HAL:Gosp. 058	
Best Service	The Best of Gigapack 1 & 2	CD 2 -> CH GOSP2 -> Sample	HAL:Gosp. 059	
Best Service	The Best of Gigapack 1 & 2	CD 2 -> CH GOSP2 -> Sample	HAL:Gosp. 060	
Best Service	The Best of Gigapack 1 & 2	CD 2 -> CH GOSP2 -> Sample	HAL:Gosp. 061	
Best Service	The Best of Gigapack 1 & 2	CD 2 -> CH GOSP2 -> Sample	HAL:Gosp. 062	
Best Service	The Best of Gigapack 1 & 2	CD 2 -> CH GOSP2 -> Sample	HAL:Gosp. 063	
Best Service	The Best of Gigapack 1 & 2	CD 2 -> CH GOSP2 -> Sample	HAL:Gosp. 064	
Best Service	The Best of Gigapack 1 & 2	CD 2 -> CH GOSP2 -> Sample	HAL:Gosp. 065	
Best Service	The Best of Gigapack 1 & 2	CD 2 -> CH GOSP3 -> Program	HAL:Gosp.Ooh 2mo	
Best Service	The Best of Gigapack 1 & 2	CD 2 -> CH GOSP3 -> Program	HAL:Gosp.Ooh 2st	
Best Service	The Best of Gigapack 1 & 2	CD 2 -> CH GOSP3 -> Sample	HAL:Gosp. 066	
Best Service	The Best of Gigapack 1 & 2	CD 2 -> CH GOSP3 -> Sample	HAL:Gosp. 067	
Best Service	The Best of Gigapack 1 & 2	CD 2 -> CH GOSP3 -> Sample	HAL:Gosp. 068	
Best Service	The Best of Gigapack 1 & 2	CD 2 -> CH GOSP3 -> Sample	HAL:Gosp. 069s	
Best Service	The Best of Gigapack 1 & 2	CD 2 -> CH GOSP3 -> Sample	HAL:Gosp. 070s	
Best Service	The Best of Gigapack 1 & 2	CD 2 -> CH GOSP3 -> Sample	HAL:Gosp. 071s	
Best Service	The Best of Gigapack 1 & 2	CD 2 -> CH GOSP3 -> Sample	HAL:Gosp. 072o	
Best Service	The Best of Gigapack 1 & 2	CD 2 -> CH GOSP3 -> Sample	HAL:Gosp. 073s	
Best Service	The Best of Gigapack 1 & 2	CD 2 -> CH GOSP3 -> Sample	HAL:Gosp. 074s	
Best Service	The Best of Gigapack 1 & 2	CD 2 -> CH GOSP3 -> Sample	HAL:Gosp. 075s	
Best Service	The Best of Gigapack 1 & 2	CD 2 -> CH GOSP3 -> Sample	HAL:Gosp. 076	
Best Service	The Best of Gigapack 1 & 2	CD 2 -> CH GOSP3 -> Sample	HAL:Gosp. 077s	
Best Service	The Best of Gigapack 1 & 2	CD 2 -> CH GOSP3 -> Sample	HAL:Gosp. 078s	
Best Service	The Best of Gigapack 1 & 2	CD 2 -> CH GOSP5 -> Program	HAL:Gosp.Aah 2st	
Best Service	The Best of Gigapack 1 & 2	CD 2 -> CH GOSP5 -> Program	HAL:Gosp.Aah 2mo	
Best Service	The Best of Gigapack 1 & 2	CD 2 -> CH GOSP5 -> Sample	HAL:Gosp. 092  L	
Best Service	The Best of Gigapack 1 & 2	CD 2 -> CH GOSP5 -> Sample	HAL:Gosp. 092s R	
Best Service	The Best of Gigapack 1 & 2	CD 2 -> CH GOSP5 -> Sample	HAL:Gosp. 093  L	
Best Service	The Best of Gigapack 1 & 2	CD 2 -> CH GOSP5 -> Sample	HAL:Gosp. 093s R	
Best Service	The Best of Gigapack 1 & 2	CD 2 -> CH GOSP5 -> Sample	HAL:Gosp. 094  L	
Best Service	The Best of Gigapack 1 & 2	CD 2 -> CH GOSP5 -> Sample	HAL:Gosp. 094s R	
Best Service	The Best of Gigapack 1 & 2	CD 2 -> CH GOSP5 -> Sample	HAL:Gosp. 095  L	
Best Service	The Best of Gigapack 1 & 2	CD 2 -> CH GOSP5 -> Sample	HAL:Gosp. 095s R	
Best Service	The Best of Gigapack 1 & 2	CD 2 -> CH GOSP5 -> Sample	HAL:Gosp. 096  L	
Best Service	The Best of Gigapack 1 & 2	CD 2 -> CH GOSP5 -> Sample	HAL:Gosp. 096s R	
Best Service	The Best of Gigapack 1 & 2	CD 2 -> CH GOSP5 -> Sample	HAL:Gosp. 097  L	
Best Service	The Best of Gigapack 1 & 2	CD 2 -> CH GOSP5 -> Sample	HAL:Gosp. 097s R	
Best Service	The Best of Gigapack 1 & 2	CD 2 -> CH GOSP5 -> Sample	HAL:Gosp. 098  L	
Best Service	The Best of Gigapack 1 & 2	CD 2 -> CH GOSP5 -> Sample	HAL:Gosp. 098s R	
Best Service	The Best of Gigapack 1 & 2	CD 2 -> CH GOSP5 -> Sample	HAL:Gosp. 099  L	
Best Service	The Best of Gigapack 1 & 2	CD 2 -> CH GOSP5 -> Sample	HAL:Gosp. 099s R	
Best Service	The Best of Gigapack 1 & 2	CD 2 -> CH GOSP5 -> Sample	HAL:Gosp. 100  L	
Best Service	The Best of Gigapack 1 & 2	CD 2 -> CH GOSP5 -> Sample	HAL:Gosp. 100s R	
Best Service	The Best of Gigapack 1 & 2	CD 2 -> CH GOSP5 -> Sample	HAL:Gosp. 101  L	
Best Service	The Best of Gigapack 1 & 2	CD 2 -> CH GOSP5 -> Sample	HAL:Gosp. 101s R	
Best Service	The Best of Gigapack 1 & 2	CD 2 -> CH GOSP5 -> Sample	HAL:Gosp. 102  L	
Best Service	The Best of Gigapack 1 & 2	CD 2 -> CH GOSP5 -> Sample	HAL:Gosp. 102s R	
Best Service	The Best of Gigapack 1 & 2	CD 2 -> CH BACK8 -> Program	HAL:Back. Minors	
Best Service	The Best of Gigapack 1 & 2	CD 2 -> CH BACK8 -> Program	HAL:Back. Mino.m	
Best Service	The Best of Gigapack 1 & 2	CD 2 -> CH BACK8 -> Program	HAL:Back. 7 th	
Best Service	The Best of Gigapack 1 & 2	CD 2 -> CH BACK8 -> Program	HAL:Back. 7 th m	
Best Service	The Best of Gigapack 1 & 2	CD 2 -> CH BACK8 -> Sample	HAL:C MIN	
Best Service	The Best of Gigapack 1 & 2	CD 2 -> CH BACK8 -> Sample	HAL:C# MIN	
Best Service	The Best of Gigapack 1 & 2	CD 2 -> CH BACK8 -> Sample	HAL:D MIN	
Best Service	The Best of Gigapack 1 & 2	CD 2 -> CH BACK8 -> Sample	HAL:EB MIN	
Best Service	The Best of Gigapack 1 & 2	CD 2 -> CH BACK8 -> Sample	HAL:E MIN	
Best Service	The Best of Gigapack 1 & 2	CD 2 -> CH BACK8 -> Sample	HAL:F MIN	
Best Service	The Best of Gigapack 1 & 2	CD 2 -> CH BACK8 -> Sample	HAL:F# MIN	
Best Service	The Best of Gigapack 1 & 2	CD 2 -> CH BACK8 -> Sample	HAL:G MIN	
Best Service	The Best of Gigapack 1 & 2	CD 2 -> CH BACK8 -> Sample	HAL:G# MIN	
Best Service	The Best of Gigapack 1 & 2	CD 2 -> CH BACK8 -> Sample	HAL:A MIN	
Best Service	The Best of Gigapack 1 & 2	CD 2 -> CH BACK8 -> Sample	HAL:BB MIN	
Best Service	The Best of Gigapack 1 & 2	CD 2 -> CH BACK8 -> Sample	HAL:B MIN	
Best Service	The Best of Gigapack 1 & 2	CD 2 -> CH BACK8 -> Sample	HAL:C 7	
Best Service	The Best of Gigapack 1 & 2	CD 2 -> CH BACK8 -> Sample	HAL:DB 7	
Best Service	The Best of Gigapack 1 & 2	CD 2 -> CH BACK8 -> Sample	HAL:D 7	
Best Service	The Best of Gigapack 1 & 2	CD 2 -> CH BACK8 -> Sample	HAL:EB 7	
Best Service	The Best of Gigapack 1 & 2	CD 2 -> CH BACK8 -> Sample	HAL:E 7	
Best Service	The Best of Gigapack 1 & 2	CD 2 -> CH BACK8 -> Sample	HAL:F 7	
Best Service	The Best of Gigapack 1 & 2	CD 2 -> CH BACK8 -> Sample	HAL:F#7	
Best Service	The Best of Gigapack 1 & 2	CD 2 -> CH BACK8 -> Sample	HAL:G 7	
Best Service	The Best of Gigapack 1 & 2	CD 2 -> CH BACK8 -> Sample	HAL:AB 7	
Best Service	The Best of Gigapack 1 & 2	CD 2 -> CH BACK8 -> Sample	HAL:A 7	
Best Service	The Best of Gigapack 1 & 2	CD 2 -> CH BACK8 -> Sample	HAL:BB7	
Best Service	The Best of Gigapack 1 & 2	CD 2 -> CH BACK8 -> Sample	HAL:B 7	
Best Service	The Best of Gigapack 1 & 2	CD 2 -> CH GOSP4 -> Program	HAL:Gosp.Aah 1st	
Best Service	The Best of Gigapack 1 & 2	CD 2 -> CH GOSP4 -> Program	HAL:Gosp.Aah 1mo	
Best Service	The Best of Gigapack 1 & 2	CD 2 -> CH GOSP4 -> Sample	HAL:Gosp. 079  L	
Best Service	The Best of Gigapack 1 & 2	CD 2 -> CH GOSP4 -> Sample	HAL:Gosp. 079s R	
Best Service	The Best of Gigapack 1 & 2	CD 2 -> CH GOSP4 -> Sample	HAL:Gosp. 080  L	
Best Service	The Best of Gigapack 1 & 2	CD 2 -> CH GOSP4 -> Sample	HAL:Gosp. 080s R	
Best Service	The Best of Gigapack 1 & 2	CD 2 -> CH GOSP4 -> Sample	HAL:Gosp. 081  L	
Best Service	The Best of Gigapack 1 & 2	CD 2 -> CH GOSP4 -> Sample	HAL:Gosp. 081s R	
Best Service	The Best of Gigapack 1 & 2	CD 2 -> CH GOSP4 -> Sample	HAL:Gosp. 082  L	
Best Service	The Best of Gigapack 1 & 2	CD 2 -> CH GOSP4 -> Sample	HAL:Gosp. 082s R	
Best Service	The Best of Gigapack 1 & 2	CD 2 -> CH GOSP4 -> Sample	HAL:Gosp. 083  L	
Best Service	The Best of Gigapack 1 & 2	CD 2 -> CH GOSP4 -> Sample	HAL:Gosp. 083s R	
Best Service	The Best of Gigapack 1 & 2	CD 2 -> CH GOSP4 -> Sample	HAL:Gosp. 084  L	
Best Service	The Best of Gigapack 1 & 2	CD 2 -> CH GOSP4 -> Sample	HAL:Gosp. 084s R	
Best Service	The Best of Gigapack 1 & 2	CD 2 -> CH GOSP4 -> Sample	HAL:Gosp. 085  L	
Best Service	The Best of Gigapack 1 & 2	CD 2 -> CH GOSP4 -> Sample	HAL:Gosp. 085s R	
Best Service	The Best of Gigapack 1 & 2	CD 2 -> CH GOSP4 -> Sample	HAL:Gosp. 086  L	
Best Service	The Best of Gigapack 1 & 2	CD 2 -> CH GOSP4 -> Sample	HAL:Gosp. 086s R	
Best Service	The Best of Gigapack 1 & 2	CD 2 -> CH GOSP4 -> Sample	HAL:Gosp. 087  L	
Best Service	The Best of Gigapack 1 & 2	CD 2 -> CH GOSP4 -> Sample	HAL:Gosp. 087s R	
Best Service	The Best of Gigapack 1 & 2	CD 2 -> CH GOSP4 -> Sample	HAL:Gosp. 088  L	
Best Service	The Best of Gigapack 1 & 2	CD 2 -> CH GOSP4 -> Sample	HAL:Gosp. 088s R	
Best Service	The Best of Gigapack 1 & 2	CD 2 -> CH GOSP4 -> Sample	HAL:Gosp. 089  L	
Best Service	The Best of Gigapack 1 & 2	CD 2 -> CH GOSP4 -> Sample	HAL:Gosp. 089s R	
Best Service	The Best of Gigapack 1 & 2	CD 2 -> CH GOSP4 -> Sample	HAL:Gosp. 090  L	
Best Service	The Best of Gigapack 1 & 2	CD 2 -> CH GOSP4 -> Sample	HAL:Gosp. 090s R	
Best Service	The Best of Gigapack 1 & 2	CD 2 -> CH GOSP4 -> Sample	HAL:Gosp. 091  L	
Best Service	The Best of Gigapack 1 & 2	CD 2 -> CH GOSP4 -> Sample	HAL:Gosp. 091s R	
Best Service	The Best of Gigapack 1 & 2	CD 2 -> CH GOSP6 -> Program	HAL:Gosp. Mmmh	
Best Service	The Best of Gigapack 1 & 2	CD 2 -> CH GOSP6 -> Program	HAL:Gosp. Mmmh m	
Best Service	The Best of Gigapack 1 & 2	CD 2 -> CH GOSP6 -> Sample	HAL:Gosp. 054	
Best Service	The Best of Gigapack 1 & 2	CD 2 -> CH GOSP6 -> Sample	HAL:Gosp. 051	
Best Service	The Best of Gigapack 1 & 2	CD 2 -> CH GOSP6 -> Sample	HAL:Gosp. 052	
Best Service	The Best of Gigapack 1 & 2	CD 2 -> CH GOSP6 -> Sample	HAL:Gosp. 053	
Best Service	The Best of Gigapack 1 & 2	CD 2 -> CH GOSP6 -> Sample	HAL:Gosp.054.2	
Best Service	The Best of Gigapack 1 & 2	CD 2 -> CH GOSP6 -> Sample	HAL:Gosp.051.2	
Best Service	The Best of Gigapack 1 & 2	CD 2 -> CH GOSP6 -> Sample	HAL:Gosp.052.2	
Best Service	The Best of Gigapack 1 & 2	CD 2 -> CH GOSP6 -> Sample	HAL:Gosp.053.2	
Best Service	The Best of Gigapack 1 & 2	CD 2 -> CH GOSP7 -> Program	HAL:Gosp.Ho-Yeah	
Best Service	The Best of Gigapack 1 & 2	CD 2 -> CH GOSP7 -> Program	HAL:Gosp.Hey-ey-	
Best Service	The Best of Gigapack 1 & 2	CD 2 -> CH GOSP7 -> Program	HAL:Gosp. Ho-oh-	
Best Service	The Best of Gigapack 1 & 2	CD 2 -> CH GOSP7 -> Program	HAL:Gosp. Dooah	
Best Service	The Best of Gigapack 1 & 2	CD 2 -> CH GOSP7 -> Program	HAL:Gosp. Huh	
Best Service	The Best of Gigapack 1 & 2	CD 2 -> CH GOSP7 -> Program	HAL:Gosp. Uh-Ah	
Best Service	The Best of Gigapack 1 & 2	CD 2 -> CH GOSP7 -> Sample	HAL:Gosp. 001	
Best Service	The Best of Gigapack 1 & 2	CD 2 -> CH GOSP7 -> Sample	HAL:Gosp. 002	
Best Service	The Best of Gigapack 1 & 2	CD 2 -> CH GOSP7 -> Sample	HAL:Gosp. 003	
Best Service	The Best of Gigapack 1 & 2	CD 2 -> CH GOSP7 -> Sample	HAL:Gosp. 004	
Best Service	The Best of Gigapack 1 & 2	CD 2 -> CH GOSP7 -> Sample	HAL:Gosp. 005	
Best Service	The Best of Gigapack 1 & 2	CD 2 -> CH GOSP7 -> Sample	HAL:Gosp. 006	
Best Service	The Best of Gigapack 1 & 2	CD 2 -> CH GOSP7 -> Sample	HAL:Gosp. 007	
Best Service	The Best of Gigapack 1 & 2	CD 2 -> CH GOSP7 -> Sample	HAL:Gosp. 008	
Best Service	The Best of Gigapack 1 & 2	CD 2 -> CH GOSP7 -> Sample	HAL:Gosp. 009	
Best Service	The Best of Gigapack 1 & 2	CD 2 -> CH GOSP7 -> Sample	HAL:Gosp. 010	
Best Service	The Best of Gigapack 1 & 2	CD 2 -> CH GOSP7 -> Sample	HAL:Gosp. 011	
Best Service	The Best of Gigapack 1 & 2	CD 2 -> CH GOSP7 -> Sample	HAL:Gosp. 012	
Best Service	The Best of Gigapack 1 & 2	CD 2 -> CH GOSP7 -> Sample	HAL:Gosp. 013	
Best Service	The Best of Gigapack 1 & 2	CD 2 -> CH GOSP7 -> Sample	HAL:Gosp. 014	
Best Service	The Best of Gigapack 1 & 2	CD 2 -> CH GOSP7 -> Sample	HAL:Gosp. 015	
Best Service	The Best of Gigapack 1 & 2	CD 2 -> CH GOSP7 -> Sample	HAL:Gosp. 016	
Best Service	The Best of Gigapack 1 & 2	CD 2 -> CH GOSP7 -> Sample	HAL:Gosp. 017	
Best Service	The Best of Gigapack 1 & 2	CD 2 -> CH GOSP7 -> Sample	HAL:Gosp. 018	
Best Service	The Best of Gigapack 1 & 2	CD 2 -> CH GOSP7 -> Sample	HAL:Gosp. 019	
Best Service	The Best of Gigapack 1 & 2	CD 2 -> CH GOSP7 -> Sample	HAL:Gosp. 020	
Best Service	The Best of Gigapack 1 & 2	CD 2 -> CH GOSP7 -> Sample	HAL:Gosp. 021	
Best Service	The Best of Gigapack 1 & 2	CD 2 -> CH GOSP7 -> Sample	HAL:Gosp. 022	
Best Service	The Best of Gigapack 1 & 2	CD 2 -> CH GOSP7 -> Sample	HAL:Gosp. 055	
Best Service	The Best of Gigapack 1 & 2	CD 2 -> CH GOSP7 -> Sample	HAL:Gosp. 056	
Best Service	The Best of Gigapack 1 & 2	CD 2 -> CH GOSP8 -> Program	HAL:Gosp. Ho-u-o	
Best Service	The Best of Gigapack 1 & 2	CD 2 -> CH GOSP8 -> Program	HAL:Gosp. oouuhh	
Best Service	The Best of Gigapack 1 & 2	CD 2 -> CH GOSP8 -> Sample	HAL:Gosp. 047	
Best Service	The Best of Gigapack 1 & 2	CD 2 -> CH GOSP8 -> Sample	HAL:Gosp. 048	
Best Service	The Best of Gigapack 1 & 2	CD 2 -> CH GOSP8 -> Sample	HAL:Gosp. 049	
Best Service	The Best of Gigapack 1 & 2	CD 2 -> CH GOSP8 -> Sample	HAL:Gosp. 050	
Best Service	The Best of Gigapack 1 & 2	CD 2 -> CH GOSP8 -> Sample	HAL:Gosp.047.2	
Best Service	The Best of Gigapack 1 & 2	CD 2 -> CH GOSP8 -> Sample	HAL:Gosp.048.2	
Best Service	The Best of Gigapack 1 & 2	CD 2 -> CH GOSP8 -> Sample	HAL:Gosp.049.2	
Best Service	The Best of Gigapack 1 & 2	CD 2 -> CH GOSP8 -> Sample	HAL:Gosp.050.2	
Best Service	The Best of Gigapack 1 & 2	CD 2 -> SYN ANA1 -> Program	SYN:4-Voice	
Best Service	The Best of Gigapack 1 & 2	CD 2 -> SYN ANA1 -> Program	SYN:Alpha	
Best Service	The Best of Gigapack 1 & 2	CD 2 -> SYN ANA1 -> Program	SYN:Ana-Brass	
Best Service	The Best of Gigapack 1 & 2	CD 2 -> SYN ANA1 -> Program	SYN:Ana-Rock	
Best Service	The Best of Gigapack 1 & 2	CD 2 -> SYN ANA1 -> Program	SYN:Analog +++	
Best Service	The Best of Gigapack 1 & 2	CD 2 -> SYN ANA1 -> Program	SYN:Analog again	
Best Service	The Best of Gigapack 1 & 2	CD 2 -> SYN ANA1 -> Program	SYN:Analog Brass	
Best Service	The Best of Gigapack 1 & 2	CD 2 -> SYN ANA1 -> Program	SYN:Analog Organ	
Best Service	The Best of Gigapack 1 & 2	CD 2 -> SYN ANA1 -> Program	SYN:AnalogFlange	
Best Service	The Best of Gigapack 1 & 2	CD 2 -> SYN ANA1 -> Program	SYN:Analog-Wave	
Best Service	The Best of Gigapack 1 & 2	CD 2 -> SYN ANA1 -> Program	SYN:Attack-Flang	
Best Service	The Best of Gigapack 1 & 2	CD 2 -> SYN ANA1 -> Program	SYN:Attck Reson	
Best Service	The Best of Gigapack 1 & 2	CD 2 -> SYN ANA1 -> Program	SYN:BasicSound	
Best Service	The Best of Gigapack 1 & 2	CD 2 -> SYN ANA1 -> Program	SYN:Bell-Strings	
Best Service	The Best of Gigapack 1 & 2	CD 2 -> SYN ANA1 -> Program	SYN:Big Poly	
Best Service	The Best of Gigapack 1 & 2	CD 2 -> SYN ANA1 -> Program	SYN:Brass Orch	
Best Service	The Best of Gigapack 1 & 2	CD 2 -> SYN ANA1 -> Program	SYN:Brutal	
Best Service	The Best of Gigapack 1 & 2	CD 2 -> SYN ANA1 -> Sample	SYN:Cpd2tt	
Best Service	The Best of Gigapack 1 & 2	CD 2 -> SYN ANA1 -> Sample	SYN:     32.1	
Best Service	The Best of Gigapack 1 & 2	CD 2 -> SYN ANA1 -> Sample	SYN:Ana-Brs	
Best Service	The Best of Gigapack 1 & 2	CD 2 -> SYN ANA1 -> Sample	SYN:76Analog@	
Best Service	The Best of Gigapack 1 & 2	CD 2 -> SYN ANA1 -> Sample	SYN:SYN ?   58.1	
Best Service	The Best of Gigapack 1 & 2	CD 2 -> SYN ANA1 -> Sample	SYN:YnoYsyn	
Best Service	The Best of Gigapack 1 & 2	CD 2 -> SYN ANA1 -> Sample	SYN:YChoC2	
Best Service	The Best of Gigapack 1 & 2	CD 2 -> SYN ANA1 -> Sample	SYN:YChoF2	
Best Service	The Best of Gigapack 1 & 2	CD 2 -> SYN ANA1 -> Sample	SYN:YChoA#2	
Best Service	The Best of Gigapack 1 & 2	CD 2 -> SYN ANA1 -> Sample	SYN:YChoD3	
Best Service	The Best of Gigapack 1 & 2	CD 2 -> SYN ANA1 -> Sample	SYN:YChoG#3	
Best Service	The Best of Gigapack 1 & 2	CD 2 -> SYN ANA1 -> Sample	SYN:YChoD4	
Best Service	The Best of Gigapack 1 & 2	CD 2 -> SYN ANA1 -> Sample	SYN:YChoG4	
Best Service	The Best of Gigapack 1 & 2	CD 2 -> SYN ANA1 -> Sample	SYN:YChoC5	
Best Service	The Best of Gigapack 1 & 2	CD 2 -> SYN ANA1 -> Sample	SYN:YChoG5	
Best Service	The Best of Gigapack 1 & 2	CD 2 -> SYN ANA1 -> Sample	SYN:Synth097	
Best Service	The Best of Gigapack 1 & 2	CD 2 -> SYN ANA1 -> Sample	SYN:AnaS0n	
Best Service	The Best of Gigapack 1 & 2	CD 2 -> SYN ANA1 -> Sample	SYN:AnaS1n	
Best Service	The Best of Gigapack 1 & 2	CD 2 -> SYN ANA1 -> Sample	SYN:AnaS2n	
Best Service	The Best of Gigapack 1 & 2	CD 2 -> SYN ANA1 -> Sample	SYN:ZSyn3	
Best Service	The Best of Gigapack 1 & 2	CD 2 -> SYN ANA1 -> Sample	SYN:Synt799	
Best Service	The Best of Gigapack 1 & 2	CD 2 -> SYN ANA1 -> Sample	SYN:977Syn	
Best Service	The Best of Gigapack 1 & 2	CD 2 -> SYN ANA1 -> Sample	SYN:    Syn1 8-L	
Best Service	The Best of Gigapack 1 & 2	CD 2 -> SYN ANA1 -> Sample	SYN:    Syn2 8-L	
Best Service	The Best of Gigapack 1 & 2	CD 2 -> SYN ANA1 -> Sample	SYN:    Syn3 8-L	
Best Service	The Best of Gigapack 1 & 2	CD 2 -> SYN ANA1 -> Sample	SYN:    Syn4 8-L	
Best Service	The Best of Gigapack 1 & 2	CD 2 -> SYN ANA1 -> Sample	SYN:Big 5n	
Best Service	The Best of Gigapack 1 & 2	CD 2 -> SYN ANA1 -> Sample	SYN:BellStrngC1	
Best Service	The Best of Gigapack 1 & 2	CD 2 -> SYN ANA1 -> Sample	SYN:BellStrngC2	
Best Service	The Best of Gigapack 1 & 2	CD 2 -> SYN ANA1 -> Sample	SYN:BellStrngC3	
Best Service	The Best of Gigapack 1 & 2	CD 2 -> SYN ANA1 -> Sample	SYN:BellStrngC4	
Best Service	The Best of Gigapack 1 & 2	CD 2 -> SYN ANA1 -> Sample	SYN:BellStrngC5	
Best Service	The Best of Gigapack 1 & 2	CD 2 -> SYN ANA1 -> Sample	SYN:Big 1n	
Best Service	The Best of Gigapack 1 & 2	CD 2 -> SYN ANA1 -> Sample	SYN:Big 2n	
Best Service	The Best of Gigapack 1 & 2	CD 2 -> SYN ANA1 -> Sample	SYN:Big 3n	
Best Service	The Best of Gigapack 1 & 2	CD 2 -> SYN ANA1 -> Sample	SYN:Einz 4	
Best Service	The Best of Gigapack 1 & 2	CD 2 -> SYN ANA1 -> Sample	SYN:13551  3.11	
Best Service	The Best of Gigapack 1 & 2	CD 2 -> SYN ANA1 -> Sample	SYN:Ana-Brs r	
Best Service	The Best of Gigapack 1 & 2	CD 2 -> SYN ANA1 -> Sample	SYN:Synth097  r	
Best Service	The Best of Gigapack 1 & 2	CD 2 -> SYN ANA1 -> Sample	SYN:ZSyn3  r	
Best Service	The Best of Gigapack 1 & 2	CD 2 -> SYN ANA1 -> Sample	SYN:Einz 4 r	
Best Service	The Best of Gigapack 1 & 2	CD 2 -> SYN ANA2 -> Program	SYN:Endless	
Best Service	The Best of Gigapack 1 & 2	CD 2 -> SYN ANA2 -> Program	SYN:Erasure-SYN	
Best Service	The Best of Gigapack 1 & 2	CD 2 -> SYN ANA2 -> Program	SYN:Filter OBX-A	
Best Service	The Best of Gigapack 1 & 2	CD 2 -> SYN ANA2 -> Program	SYN:Filter Sound	
Best Service	The Best of Gigapack 1 & 2	CD 2 -> SYN ANA2 -> Program	SYN:Full Sound 1	
Best Service	The Best of Gigapack 1 & 2	CD 2 -> SYN ANA2 -> Program	SYN:Glide Loop	
Best Service	The Best of Gigapack 1 & 2	CD 2 -> SYN ANA2 -> Program	SYN:Harmonice	
Best Service	The Best of Gigapack 1 & 2	CD 2 -> SYN ANA2 -> Program	SYN:Heart-Synth	
Best Service	The Best of Gigapack 1 & 2	CD 2 -> SYN ANA2 -> Program	SYN:High Analog	
Best Service	The Best of Gigapack 1 & 2	CD 2 -> SYN ANA2 -> Program	SYN:Hover Synth+	
Best Service	The Best of Gigapack 1 & 2	CD 2 -> SYN ANA2 -> Program	SYN:Jarre-Lead	
Best Service	The Best of Gigapack 1 & 2	CD 2 -> SYN ANA2 -> Sample	SYN:Mem C2	
Best Service	The Best of Gigapack 1 & 2	CD 2 -> SYN ANA2 -> Sample	SYN:Mem C3	
Best Service	The Best of Gigapack 1 & 2	CD 2 -> SYN ANA2 -> Sample	SYN:Mem C4	
Best Service	The Best of Gigapack 1 & 2	CD 2 -> SYN ANA2 -> Sample	SYN:Mem C5	
Best Service	The Best of Gigapack 1 & 2	CD 2 -> SYN ANA2 -> Sample	SYN:Mem C6	
Best Service	The Best of Gigapack 1 & 2	CD 2 -> SYN ANA2 -> Sample	SYN:Erasure1 ADS	
Best Service	The Best of Gigapack 1 & 2	CD 2 -> SYN ANA2 -> Sample	SYN:Erasure2 ADS	
Best Service	The Best of Gigapack 1 & 2	CD 2 -> SYN ANA2 -> Sample	SYN:Erasure3 ADS	
Best Service	The Best of Gigapack 1 & 2	CD 2 -> SYN ANA2 -> Sample	SYN:OBX-A FiltC3	
Best Service	The Best of Gigapack 1 & 2	CD 2 -> SYN ANA2 -> Sample	SYN:OBX-A FiltC4	
Best Service	The Best of Gigapack 1 & 2	CD 2 -> SYN ANA2 -> Sample	SYN:VCF 1	
Best Service	The Best of Gigapack 1 & 2	CD 2 -> SYN ANA2 -> Sample	SYN:VCF2	
Best Service	The Best of Gigapack 1 & 2	CD 2 -> SYN ANA2 -> Sample	SYN:VCF3	
Best Service	The Best of Gigapack 1 & 2	CD 2 -> SYN ANA2 -> Sample	SYN:VCF4	
Best Service	The Best of Gigapack 1 & 2	CD 2 -> SYN ANA2 -> Sample	SYN:PolySynN	
Best Service	The Best of Gigapack 1 & 2	CD 2 -> SYN ANA2 -> Sample	SYN:glidesy	
Best Service	The Best of Gigapack 1 & 2	CD 2 -> SYN ANA2 -> Sample	SYN:H1.	
Best Service	The Best of Gigapack 1 & 2	CD 2 -> SYN ANA2 -> Sample	SYN:H2.	
Best Service	The Best of Gigapack 1 & 2	CD 2 -> SYN ANA2 -> Sample	SYN:H3.	
Best Service	The Best of Gigapack 1 & 2	CD 2 -> SYN ANA2 -> Sample	SYN:H4.	
Best Service	The Best of Gigapack 1 & 2	CD 2 -> SYN ANA2 -> Sample	SYN:Anal317	
Best Service	The Best of Gigapack 1 & 2	CD 2 -> SYN ANA2 -> Sample	SYN:SyAna3	
Best Service	The Best of Gigapack 1 & 2	CD 2 -> SYN ANA2 -> Sample	SYN: @nlog8	
Best Service	The Best of Gigapack 1 & 2	CD 2 -> SYN ANA2 -> Sample	SYN:Analog#	
Best Service	The Best of Gigapack 1 & 2	CD 2 -> SYN ANA2 -> Sample	SYN:OBX-A FiltC5	
Best Service	The Best of Gigapack 1 & 2	CD 2 -> SYN ANA2 -> Sample	SYN:H5.	
Best Service	The Best of Gigapack 1 & 2	CD 2 -> SYN ANA2 -> Sample	SYN:Anal317 r	
Best Service	The Best of Gigapack 1 & 2	CD 2 -> SYN ANA2 -> Sample	SYN:SyAna3 r	
Best Service	The Best of Gigapack 1 & 2	CD 2 -> SYN ANA2 -> Sample	SYN: @nlog8 r	
Best Service	The Best of Gigapack 1 & 2	CD 2 -> SYN ANA2 -> Sample	SYN:Analog# r	
Best Service	The Best of Gigapack 1 & 2	CD 2 -> SYN ANA3 -> Program	SYN:JX-3-P Syn	
Best Service	The Best of Gigapack 1 & 2	CD 2 -> SYN ANA3 -> Program	SYN:Kraft Activ	
Best Service	The Best of Gigapack 1 & 2	CD 2 -> SYN ANA3 -> Program	SYN:Lead  1	
Best Service	The Best of Gigapack 1 & 2	CD 2 -> SYN ANA3 -> Program	SYN:Poly-Memory	
Best Service	The Best of Gigapack 1 & 2	CD 2 -> SYN ANA3 -> Program	SYN:Memory-Moog	
Best Service	The Best of Gigapack 1 & 2	CD 2 -> SYN ANA3 -> Program	SYN:MKS-70	
Best Service	The Best of Gigapack 1 & 2	CD 2 -> SYN ANA3 -> Program	SYN:MKS-Light	
Best Service	The Best of Gigapack 1 & 2	CD 2 -> SYN ANA3 -> Program	SYN:MKS-Sound	
Best Service	The Best of Gigapack 1 & 2	CD 2 -> SYN ANA3 -> Program	SYN:Mong Kong	
Best Service	The Best of Gigapack 1 & 2	CD 2 -> SYN ANA3 -> Program	SYN:MovingAnalog	
Best Service	The Best of Gigapack 1 & 2	CD 2 -> SYN ANA3 -> Program	SYN:MS-Analog	
Best Service	The Best of Gigapack 1 & 2	CD 2 -> SYN ANA3 -> Program	SYN:Multi-Analog	
Best Service	The Best of Gigapack 1 & 2	CD 2 -> SYN ANA3 -> Program	SYN:Ninja Reso	
Best Service	The Best of Gigapack 1 & 2	CD 2 -> SYN ANA3 -> Program	SYN:OBX-A	
Best Service	The Best of Gigapack 1 & 2	CD 2 -> SYN ANA3 -> Program	SYN:OBXA Special	
Best Service	The Best of Gigapack 1 & 2	CD 2 -> SYN ANA3 -> Program	SYN:Ober-Mystic	
Best Service	The Best of Gigapack 1 & 2	CD 2 -> SYN ANA3 -> Program	SYN:Play me !	
Best Service	The Best of Gigapack 1 & 2	CD 2 -> SYN ANA3 -> Program	SYN:Old Analog	
Best Service	The Best of Gigapack 1 & 2	CD 2 -> SYN ANA3 -> Program	SYN:Oscar	
Best Service	The Best of Gigapack 1 & 2	CD 2 -> SYN ANA3 -> Sample	SYN:4rtt	
Best Service	The Best of Gigapack 1 & 2	CD 2 -> SYN ANA3 -> Sample	SYN:KraftActiv 3	
Best Service	The Best of Gigapack 1 & 2	CD 2 -> SYN ANA3 -> Sample	SYN:SoloSyn2	
Best Service	The Best of Gigapack 1 & 2	CD 2 -> SYN ANA3 -> Sample	SYN:MMS2	
Best Service	The Best of Gigapack 1 & 2	CD 2 -> SYN ANA3 -> Sample	SYN:MMS1	
Best Service	The Best of Gigapack 1 & 2	CD 2 -> SYN ANA3 -> Sample	SYN:JX49	
Best Service	The Best of Gigapack 1 & 2	CD 2 -> SYN ANA3 -> Sample	SYN: Ana.21	
Best Service	The Best of Gigapack 1 & 2	CD 2 -> SYN ANA3 -> Sample	SYN:JX P Sound1	
Best Service	The Best of Gigapack 1 & 2	CD 2 -> SYN ANA3 -> Sample	SYN:JX P Sound2	
Best Service	The Best of Gigapack 1 & 2	CD 2 -> SYN ANA3 -> Sample	SYN:JX P Sound3	
Best Service	The Best of Gigapack 1 & 2	CD 2 -> SYN ANA3 -> Sample	SYN:AnA`80/26	
Best Service	The Best of Gigapack 1 & 2	CD 2 -> SYN ANA3 -> Sample	SYN:Dig22	
Best Service	The Best of Gigapack 1 & 2	CD 2 -> SYN ANA3 -> Sample	SYN:A57	
Best Service	The Best of Gigapack 1 & 2	CD 2 -> SYN ANA3 -> Sample	SYN:SGFy	
Best Service	The Best of Gigapack 1 & 2	CD 2 -> SYN ANA3 -> Sample	SYN:SGFl	
Best Service	The Best of Gigapack 1 & 2	CD 2 -> SYN ANA3 -> Sample	SYN:SGFt	
Best Service	The Best of Gigapack 1 & 2	CD 2 -> SYN ANA3 -> Sample	SYN:SGFb	
Best Service	The Best of Gigapack 1 & 2	CD 2 -> SYN ANA3 -> Sample	SYN:Reson A2	
Best Service	The Best of Gigapack 1 & 2	CD 2 -> SYN ANA3 -> Sample	SYN:Reson E3	
Best Service	The Best of Gigapack 1 & 2	CD 2 -> SYN ANA3 -> Sample	SYN:Reson A3	
Best Service	The Best of Gigapack 1 & 2	CD 2 -> SYN ANA3 -> Sample	SYN:Reson E4	
Best Service	The Best of Gigapack 1 & 2	CD 2 -> SYN ANA3 -> Sample	SYN:Reson A4	
Best Service	The Best of Gigapack 1 & 2	CD 2 -> SYN ANA3 -> Sample	SYN:OBX-A FiC3	
Best Service	The Best of Gigapack 1 & 2	CD 2 -> SYN ANA3 -> Sample	SYN:OBX-A FiC4	
Best Service	The Best of Gigapack 1 & 2	CD 2 -> SYN ANA3 -> Sample	SYN:OBX-A5.F2	
Best Service	The Best of Gigapack 1 & 2	CD 2 -> SYN ANA3 -> Sample	SYN:OBX-A5.F3	
Best Service	The Best of Gigapack 1 & 2	CD 2 -> SYN ANA3 -> Sample	SYN:OBX-A5.F4	
Best Service	The Best of Gigapack 1 & 2	CD 2 -> SYN ANA3 -> Sample	SYN:Ana049	
Best Service	The Best of Gigapack 1 & 2	CD 2 -> SYN ANA3 -> Sample	SYN:Ana-279	
Best Service	The Best of Gigapack 1 & 2	CD 2 -> SYN ANA3 -> Sample	SYN:A533	
Best Service	The Best of Gigapack 1 & 2	CD 2 -> SYN ANA3 -> Sample	SYN:29.21N	
Best Service	The Best of Gigapack 1 & 2	CD 2 -> SYN ANA3 -> Sample	SYN:29.22N	
Best Service	The Best of Gigapack 1 & 2	CD 2 -> SYN ANA3 -> Sample	SYN:Memosyn3	
Best Service	The Best of Gigapack 1 & 2	CD 2 -> SYN ANA3 -> Sample	SYN:Memosyn2	
Best Service	The Best of Gigapack 1 & 2	CD 2 -> SYN ANA3 -> Sample	SYN:Memosyn1	
Best Service	The Best of Gigapack 1 & 2	CD 2 -> SYN ANA3 -> Sample	SYN:4rtt r	
Best Service	The Best of Gigapack 1 & 2	CD 2 -> SYN ANA3 -> Sample	SYN:KraftActiv3r	
Best Service	The Best of Gigapack 1 & 2	CD 2 -> SYN ANA3 -> Sample	SYN:MMS1 r	
Best Service	The Best of Gigapack 1 & 2	CD 2 -> SYN ANA3 -> Sample	SYN: Ana.21 r	
Best Service	The Best of Gigapack 1 & 2	CD 2 -> SYN ANA3 -> Sample	SYN:JX P Sound3r	
Best Service	The Best of Gigapack 1 & 2	CD 2 -> SYN ANA3 -> Sample	SYN:AnA`80/26 r	
Best Service	The Best of Gigapack 1 & 2	CD 2 -> SYN ANA3 -> Sample	SYN:Dig22 r	
Best Service	The Best of Gigapack 1 & 2	CD 2 -> SYN ANA3 -> Sample	SYN:A57  r	
Best Service	The Best of Gigapack 1 & 2	CD 2 -> SYN ANA3 -> Sample	SYN:Reson A4  r	
Best Service	The Best of Gigapack 1 & 2	CD 2 -> SYN ANA3 -> Sample	SYN:OBX-A FiC4 r	
Best Service	The Best of Gigapack 1 & 2	CD 2 -> SYN ANA3 -> Sample	SYN:OBX-A5.F4  r	
Best Service	The Best of Gigapack 1 & 2	CD 2 -> SYN ANA3 -> Sample	SYN:Ana-279 r	
Best Service	The Best of Gigapack 1 & 2	CD 2 -> SYN ANA3 -> Sample	SYN:A533   r	
Best Service	The Best of Gigapack 1 & 2	CD 2 -> SYN ANA4 -> Program	SYN:Poly-Mooog	
Best Service	The Best of Gigapack 1 & 2	CD 2 -> SYN ANA4 -> Program	SYN:Pro-Three	
Best Service	The Best of Gigapack 1 & 2	CD 2 -> SYN ANA4 -> Program	SYN:Prophet 5.0	
Best Service	The Best of Gigapack 1 & 2	CD 2 -> SYN ANA4 -> Program	SYN:Radio-Syn	
Best Service	The Best of Gigapack 1 & 2	CD 2 -> SYN ANA4 -> Program	SYN:Release-Lead	
Best Service	The Best of Gigapack 1 & 2	CD 2 -> SYN ANA4 -> Program	SYN:Reso Analog	
Best Service	The Best of Gigapack 1 & 2	CD 2 -> SYN ANA4 -> Program	SYN:Resotron	
Best Service	The Best of Gigapack 1 & 2	CD 2 -> SYN ANA4 -> Program	SYN:Rising Ana	
Best Service	The Best of Gigapack 1 & 2	CD 2 -> SYN ANA4 -> Program	SYN:Silegnav	
Best Service	The Best of Gigapack 1 & 2	CD 2 -> SYN ANA4 -> Program	SYN:Solo 1	
Best Service	The Best of Gigapack 1 & 2	CD 2 -> SYN ANA4 -> Program	SYN:Solo Play	
Best Service	The Best of Gigapack 1 & 2	CD 2 -> SYN ANA4 -> Program	SYN:StraigtBrass	
Best Service	The Best of Gigapack 1 & 2	CD 2 -> SYN ANA4 -> Program	SYN:Super-JX	
Best Service	The Best of Gigapack 1 & 2	CD 2 -> SYN ANA4 -> Program	SYN:Synth EMS	
Best Service	The Best of Gigapack 1 & 2	CD 2 -> SYN ANA4 -> Program	SYN:VCF 555	
Best Service	The Best of Gigapack 1 & 2	CD 2 -> SYN ANA4 -> Program	SYN:Veloc Ana	
Best Service	The Best of Gigapack 1 & 2	CD 2 -> SYN ANA4 -> Sample	SYN:Analog  89	
Best Service	The Best of Gigapack 1 & 2	CD 2 -> SYN ANA4 -> Sample	SYN:784Ana	
Best Service	The Best of Gigapack 1 & 2	CD 2 -> SYN ANA4 -> Sample	SYN:Prophet51	
Best Service	The Best of Gigapack 1 & 2	CD 2 -> SYN ANA4 -> Sample	SYN:Prophet52N	
Best Service	The Best of Gigapack 1 & 2	CD 2 -> SYN ANA4 -> Sample	SYN:Prophet53N	
Best Service	The Best of Gigapack 1 & 2	CD 2 -> SYN ANA4 -> Sample	SYN:Prophet54N	
Best Service	The Best of Gigapack 1 & 2	CD 2 -> SYN ANA4 -> Sample	SYN:450-121	
Best Service	The Best of Gigapack 1 & 2	CD 2 -> SYN ANA4 -> Sample	SYN:tXX   5 r	
Best Service	The Best of Gigapack 1 & 2	CD 2 -> SYN ANA4 -> Sample	SYN:Ana075	
Best Service	The Best of Gigapack 1 & 2	CD 2 -> SYN ANA4 -> Sample	SYN:Resotron 1	
Best Service	The Best of Gigapack 1 & 2	CD 2 -> SYN ANA4 -> Sample	SYN:Resotron 2	
Best Service	The Best of Gigapack 1 & 2	CD 2 -> SYN ANA4 -> Sample	SYN:Resotron 3	
Best Service	The Best of Gigapack 1 & 2	CD 2 -> SYN ANA4 -> Sample	SYN:Resotron 4	
Best Service	The Best of Gigapack 1 & 2	CD 2 -> SYN ANA4 -> Sample	SYN:Resotron 5	
Best Service	The Best of Gigapack 1 & 2	CD 2 -> SYN ANA4 -> Sample	SYN:Resotron 6	
Best Service	The Best of Gigapack 1 & 2	CD 2 -> SYN ANA4 -> Sample	SYN:Resotron 7	
Best Service	The Best of Gigapack 1 & 2	CD 2 -> SYN ANA4 -> Sample	SYN:Resotron 8	
Best Service	The Best of Gigapack 1 & 2	CD 2 -> SYN ANA4 -> Sample	SYN:anna45	
Best Service	The Best of Gigapack 1 & 2	CD 2 -> SYN ANA4 -> Sample	SYN:Vang 1	
Best Service	The Best of Gigapack 1 & 2	CD 2 -> SYN ANA4 -> Sample	SYN:Vang 2	
Best Service	The Best of Gigapack 1 & 2	CD 2 -> SYN ANA4 -> Sample	SYN:Vang 3	
Best Service	The Best of Gigapack 1 & 2	CD 2 -> SYN ANA4 -> Sample	SYN:Vang 4	
Best Service	The Best of Gigapack 1 & 2	CD 2 -> SYN ANA4 -> Sample	SYN:BU   2 C2	
Best Service	The Best of Gigapack 1 & 2	CD 2 -> SYN ANA4 -> Sample	SYN:BU   2 C3	
Best Service	The Best of Gigapack 1 & 2	CD 2 -> SYN ANA4 -> Sample	SYN:BU   2 C4	
Best Service	The Best of Gigapack 1 & 2	CD 2 -> SYN ANA4 -> Sample	SYN:BU   2 C5	
Best Service	The Best of Gigapack 1 & 2	CD 2 -> SYN ANA4 -> Sample	SYN:BU   2 C6	
Best Service	The Best of Gigapack 1 & 2	CD 2 -> SYN ANA4 -> Sample	SYN:BU   2 F#6	
Best Service	The Best of Gigapack 1 & 2	CD 2 -> SYN ANA4 -> Sample	SYN:45Syn43	
Best Service	The Best of Gigapack 1 & 2	CD 2 -> SYN ANA4 -> Sample	SYN:StraitBras	
Best Service	The Best of Gigapack 1 & 2	CD 2 -> SYN ANA4 -> Sample	SYN:XP-Strange	
Best Service	The Best of Gigapack 1 & 2	CD 2 -> SYN ANA4 -> Sample	SYN:An5006	
Best Service	The Best of Gigapack 1 & 2	CD 2 -> SYN ANA4 -> Sample	SYN:555a	
Best Service	The Best of Gigapack 1 & 2	CD 2 -> SYN ANA4 -> Sample	SYN:555b	
Best Service	The Best of Gigapack 1 & 2	CD 2 -> SYN ANA4 -> Sample	SYN:An3w	
Best Service	The Best of Gigapack 1 & 2	CD 2 -> SYN ANA4 -> Sample	SYN:Analog  89 r	
Best Service	The Best of Gigapack 1 & 2	CD 2 -> SYN ANA4 -> Sample	SYN:450-121  r	
Best Service	The Best of Gigapack 1 & 2	CD 2 -> SYN ANA4 -> Sample	SYN:Ana075  r	
Best Service	The Best of Gigapack 1 & 2	CD 2 -> SYN ANA4 -> Sample	SYN:anna45  r	
Best Service	The Best of Gigapack 1 & 2	CD 2 -> SYN ANA4 -> Sample	SYN:45Syn43  r	
Best Service	The Best of Gigapack 1 & 2	CD 2 -> SYN ANA4 -> Sample	SYN:StraitBras r	
Best Service	The Best of Gigapack 1 & 2	CD 2 -> SYN ANA4 -> Sample	SYN:XP-Stranger	
Best Service	The Best of Gigapack 1 & 2	CD 2 -> SYN ANA4 -> Sample	SYN:An3w      r	
Best Service	The Best of Gigapack 1 & 2	CD 2 -> SYN ANA4 -> Sample	SYN:Ana075-D4	
Best Service	The Best of Gigapack 1 & 2	CD 2 -> SYN DIG1 -> Program	SYN:AnotherWorld	
Best Service	The Best of Gigapack 1 & 2	CD 2 -> SYN DIG1 -> Program	SYN:Asian-Pipe	
Best Service	The Best of Gigapack 1 & 2	CD 2 -> SYN DIG1 -> Program	SYN:Beautyful	
Best Service	The Best of Gigapack 1 & 2	CD 2 -> SYN DIG1 -> Program	SYN:Blow Synth	
Best Service	The Best of Gigapack 1 & 2	CD 2 -> SYN DIG1 -> Program	SYN:Cello Synth	
Best Service	The Best of Gigapack 1 & 2	CD 2 -> SYN DIG1 -> Program	SYN:Cigital	
Best Service	The Best of Gigapack 1 & 2	CD 2 -> SYN DIG1 -> Program	SYN:Crazy	
Best Service	The Best of Gigapack 1 & 2	CD 2 -> SYN DIG1 -> Program	SYN:Crazy 2	
Best Service	The Best of Gigapack 1 & 2	CD 2 -> SYN DIG1 -> Program	SYN:D-50 EuroSYN	
Best Service	The Best of Gigapack 1 & 2	CD 2 -> SYN DIG1 -> Program	SYN:D-50 Typical	
Best Service	The Best of Gigapack 1 & 2	CD 2 -> SYN DIG1 -> Program	SYN:Diffus	
Best Service	The Best of Gigapack 1 & 2	CD 2 -> SYN DIG1 -> Program	SYN:Dig goes on	
Best Service	The Best of Gigapack 1 & 2	CD 2 -> SYN DIG1 -> Program	SYN:Dig it !	
Best Service	The Best of Gigapack 1 & 2	CD 2 -> SYN DIG1 -> Program	SYN:Dig my Baby	
Best Service	The Best of Gigapack 1 & 2	CD 2 -> SYN DIG1 -> Program	SYN:Digi Fligth	
Best Service	The Best of Gigapack 1 & 2	CD 2 -> SYN DIG1 -> Program	SYN:Digi-LowPass	
Best Service	The Best of Gigapack 1 & 2	CD 2 -> SYN DIG1 -> Program	SYN:Digital +1	
Best Service	The Best of Gigapack 1 & 2	CD 2 -> SYN DIG1 -> Program	SYN:Digital +2	
Best Service	The Best of Gigapack 1 & 2	CD 2 -> SYN DIG1 -> Program	SYN:Digital +3	
Best Service	The Best of Gigapack 1 & 2	CD 2 -> SYN DIG1 -> Sample	SYN:Wonderdisc	
Best Service	The Best of Gigapack 1 & 2	CD 2 -> SYN DIG1 -> Sample	SYN:Asianpipe1	
Best Service	The Best of Gigapack 1 & 2	CD 2 -> SYN DIG1 -> Sample	SYN:Asianpipe2	
Best Service	The Best of Gigapack 1 & 2	CD 2 -> SYN DIG1 -> Sample	SYN:Asianpipe3	
Best Service	The Best of Gigapack 1 & 2	CD 2 -> SYN DIG1 -> Sample	SYN:Beauty	
Best Service	The Best of Gigapack 1 & 2	CD 2 -> SYN DIG1 -> Sample	SYN:Syn Lead	
Best Service	The Best of Gigapack 1 & 2	CD 2 -> SYN DIG1 -> Sample	SYN:119x	
Best Service	The Best of Gigapack 1 & 2	CD 2 -> SYN DIG1 -> Sample	SYN:Dig23	
Best Service	The Best of Gigapack 1 & 2	CD 2 -> SYN DIG1 -> Sample	SYN:113	
Best Service	The Best of Gigapack 1 & 2	CD 2 -> SYN DIG1 -> Sample	SYN:115x	
Best Service	The Best of Gigapack 1 & 2	CD 2 -> SYN DIG1 -> Sample	SYN:D50 32	
Best Service	The Best of Gigapack 1 & 2	CD 2 -> SYN DIG1 -> Sample	SYN:D50 Ta	
Best Service	The Best of Gigapack 1 & 2	CD 2 -> SYN DIG1 -> Sample	SYN:D50 Tb	
Best Service	The Best of Gigapack 1 & 2	CD 2 -> SYN DIG1 -> Sample	SYN:D50 Tc	
Best Service	The Best of Gigapack 1 & 2	CD 2 -> SYN DIG1 -> Sample	SYN:Slowcc	
Best Service	The Best of Gigapack 1 & 2	CD 2 -> SYN DIG1 -> Sample	SYN:D50syn	
Best Service	The Best of Gigapack 1 & 2	CD 2 -> SYN DIG1 -> Sample	SYN:SYN?    62	
Best Service	The Best of Gigapack 1 & 2	CD 2 -> SYN DIG1 -> Sample	SYN:wet32 g	
Best Service	The Best of Gigapack 1 & 2	CD 2 -> SYN DIG1 -> Sample	SYN:Wave148	
Best Service	The Best of Gigapack 1 & 2	CD 2 -> SYN DIG1 -> Sample	SYN:one  G1	
Best Service	The Best of Gigapack 1 & 2	CD 2 -> SYN DIG1 -> Sample	SYN:Syn ?    4	
Best Service	The Best of Gigapack 1 & 2	CD 2 -> SYN DIG1 -> Sample	SYN:Syn ?    5	
Best Service	The Best of Gigapack 1 & 2	CD 2 -> SYN DIG1 -> Sample	SYN:SYN ?   39	
Best Service	The Best of Gigapack 1 & 2	CD 2 -> SYN DIG1 -> Sample	SYN:Wonderdisc r	
Best Service	The Best of Gigapack 1 & 2	CD 2 -> SYN DIG1 -> Sample	SYN:Syn Lead 2	
Best Service	The Best of Gigapack 1 & 2	CD 2 -> SYN DIG1 -> Sample	SYN:119x r    -L	
Best Service	The Best of Gigapack 1 & 2	CD 2 -> SYN DIG1 -> Sample	SYN:Dig23  r	
Best Service	The Best of Gigapack 1 & 2	CD 2 -> SYN DIG1 -> Sample	SYN:113  r	
Best Service	The Best of Gigapack 1 & 2	CD 2 -> SYN DIG1 -> Sample	SYN:115x  r	
Best Service	The Best of Gigapack 1 & 2	CD 2 -> SYN DIG1 -> Sample	NewSample	
Best Service	The Best of Gigapack 1 & 2	CD 2 -> SYN DIG1 -> Sample	Slocc L	
Best Service	The Best of Gigapack 1 & 2	CD 2 -> SYN DIG1 -> Sample	Digi goes	
Best Service	The Best of Gigapack 1 & 2	CD 2 -> SYN DIG1 -> Sample	SYN:wet32 g r	
Best Service	The Best of Gigapack 1 & 2	CD 2 -> SYN DIG1 -> Sample	SYN:Wave148 r	
Best Service	The Best of Gigapack 1 & 2	CD 2 -> SYN DIG1 -> Sample	SYN:Syn ? r  4	
Best Service	The Best of Gigapack 1 & 2	CD 2 -> SYN DIG1 -> Sample	SYN:SYN ? r 39	
Best Service	The Best of Gigapack 1 & 2	CD 2 -> SYN DIG2 -> Program	SYN:Dream-Guitar	
Best Service	The Best of Gigapack 1 & 2	CD 2 -> SYN DIG2 -> Program	SYN:DX LowShot	
Best Service	The Best of Gigapack 1 & 2	CD 2 -> SYN DIG2 -> Program	SYN:DX Orchestra	
Best Service	The Best of Gigapack 1 & 2	CD 2 -> SYN DIG2 -> Program	SYN:Elicottero	
Best Service	The Best of Gigapack 1 & 2	CD 2 -> SYN DIG2 -> Program	SYN:Fantasia	
Best Service	The Best of Gigapack 1 & 2	CD 2 -> SYN DIG2 -> Program	SYN:Fantasy	
Best Service	The Best of Gigapack 1 & 2	CD 2 -> SYN DIG2 -> Program	SYN:Glockig	
Best Service	The Best of Gigapack 1 & 2	CD 2 -> SYN DIG2 -> Program	SYN:Harmonic SYN	
Best Service	The Best of Gigapack 1 & 2	CD 2 -> SYN DIG2 -> Program	SYN:HYDRA	
Best Service	The Best of Gigapack 1 & 2	CD 2 -> SYN DIG2 -> Program	SYN:JAN Theme	
Best Service	The Best of Gigapack 1 & 2	CD 2 -> SYN DIG2 -> Program	SYN:KeyMaster	
Best Service	The Best of Gigapack 1 & 2	CD 2 -> SYN DIG2 -> Program	SYN:L.A. Synth	
Best Service	The Best of Gigapack 1 & 2	CD 2 -> SYN DIG2 -> Program	SYN:M-1 Playback	
Best Service	The Best of Gigapack 1 & 2	CD 2 -> SYN DIG2 -> Program	SYN:Melody	
Best Service	The Best of Gigapack 1 & 2	CD 2 -> SYN DIG2 -> Program	SYN:Michael J.	
Best Service	The Best of Gigapack 1 & 2	CD 2 -> SYN DIG2 -> Sample	SYN:Dr002	
Best Service	The Best of Gigapack 1 & 2	CD 2 -> SYN DIG2 -> Sample	SYN:Dr003	
Best Service	The Best of Gigapack 1 & 2	CD 2 -> SYN DIG2 -> Sample	SYN:DX.Shot   -L	
Best Service	The Best of Gigapack 1 & 2	CD 2 -> SYN DIG2 -> Sample	SYN:DX41	
Best Service	The Best of Gigapack 1 & 2	CD 2 -> SYN DIG2 -> Sample	SYN:DX42	
Best Service	The Best of Gigapack 1 & 2	CD 2 -> SYN DIG2 -> Sample	SYN:DX43	
Best Service	The Best of Gigapack 1 & 2	CD 2 -> SYN DIG2 -> Sample	SYN:DX44	
Best Service	The Best of Gigapack 1 & 2	CD 2 -> SYN DIG2 -> Sample	SYN:DX45	
Best Service	The Best of Gigapack 1 & 2	CD 2 -> SYN DIG2 -> Sample	SYN:Elicotero2-L	
Best Service	The Best of Gigapack 1 & 2	CD 2 -> SYN DIG2 -> Sample	SYN:Fantasia1 -L	
Best Service	The Best of Gigapack 1 & 2	CD 2 -> SYN DIG2 -> Sample	SYN:Fantasia2 -L	
Best Service	The Best of Gigapack 1 & 2	CD 2 -> SYN DIG2 -> Sample	SYN:Fantasia3 -L	
Best Service	The Best of Gigapack 1 & 2	CD 2 -> SYN DIG2 -> Sample	SYN:Fantasy   -R	
Best Service	The Best of Gigapack 1 & 2	CD 2 -> SYN DIG2 -> Sample	SYN:GlockD5	
Best Service	The Best of Gigapack 1 & 2	CD 2 -> SYN DIG2 -> Sample	SYN:Harmob	
Best Service	The Best of Gigapack 1 & 2	CD 2 -> SYN DIG2 -> Sample	SYN:Hydra	
Best Service	The Best of Gigapack 1 & 2	CD 2 -> SYN DIG2 -> Sample	SYN:Jan Theme 2	
Best Service	The Best of Gigapack 1 & 2	CD 2 -> SYN DIG2 -> Sample	SYN:Jan Theme 1	
Best Service	The Best of Gigapack 1 & 2	CD 2 -> SYN DIG2 -> Sample	SYN:SeQ  88	
Best Service	The Best of Gigapack 1 & 2	CD 2 -> SYN DIG2 -> Sample	SYN:    Synth9-L	
Best Service	The Best of Gigapack 1 & 2	CD 2 -> SYN DIG2 -> Sample	SYN:M1 320	
Best Service	The Best of Gigapack 1 & 2	CD 2 -> SYN DIG2 -> Sample	SYN:Syn 577   -L	
Best Service	The Best of Gigapack 1 & 2	CD 2 -> SYN DIG2 -> Sample	SYN:Syn  77   -L	
Best Service	The Best of Gigapack 1 & 2	CD 2 -> SYN DIG2 -> Sample	SYN:Syn 377   -L	
Best Service	The Best of Gigapack 1 & 2	CD 2 -> SYN DIG2 -> Sample	SYN:Syn 477   -L	
Best Service	The Best of Gigapack 1 & 2	CD 2 -> SYN DIG2 -> Sample	SYN:SYN?    49	
Best Service	The Best of Gigapack 1 & 2	CD 2 -> SYN DIG2 -> Sample	SYN:DX.Shot   rL	
Best Service	The Best of Gigapack 1 & 2	CD 2 -> SYN DIG2 -> Sample	SYN:Elicotero2rL	
Best Service	The Best of Gigapack 1 & 2	CD 2 -> SYN DIG2 -> Sample	SYN:Fantasia3 rL	
Best Service	The Best of Gigapack 1 & 2	CD 2 -> SYN DIG2 -> Sample	SYN:Fantasy   rR	
Best Service	The Best of Gigapack 1 & 2	CD 2 -> SYN DIG2 -> Sample	SYN:GlockD5    r	
Best Service	The Best of Gigapack 1 & 2	CD 2 -> SYN DIG2 -> Sample	SYN:Harmob     r	
Best Service	The Best of Gigapack 1 & 2	CD 2 -> SYN DIG2 -> Sample	SYN:Hydra      r	
Best Service	The Best of Gigapack 1 & 2	CD 2 -> SYN DIG2 -> Sample	SYN:Jan Theme 1r	
Best Service	The Best of Gigapack 1 & 2	CD 2 -> SYN DIG2 -> Sample	SYN:SeQ  88    r	
Best Service	The Best of Gigapack 1 & 2	CD 2 -> SYN DIG2 -> Sample	SYN:    Synth9rL	
Best Service	The Best of Gigapack 1 & 2	CD 2 -> SYN DIG2 -> Sample	SYN:M1 320     r	
Best Service	The Best of Gigapack 1 & 2	CD 2 -> SYN DIG2 -> Sample	SYN:SYN?    49 r	
Best Service	The Best of Gigapack 1 & 2	CD 2 -> SYN DIG3 -> Program	SYN:O1-W eF De	
Best Service	The Best of Gigapack 1 & 2	CD 2 -> SYN DIG3 -> Program	SYN:OMD 1	
Best Service	The Best of Gigapack 1 & 2	CD 2 -> SYN DIG3 -> Program	SYN:Orchestral	
Best Service	The Best of Gigapack 1 & 2	CD 2 -> SYN DIG3 -> Program	SYN:PadSound	
Best Service	The Best of Gigapack 1 & 2	CD 2 -> SYN DIG3 -> Program	SYN:PlingKling	
Best Service	The Best of Gigapack 1 & 2	CD 2 -> SYN DIG3 -> Program	SYN:Pluck-Voice	
Best Service	The Best of Gigapack 1 & 2	CD 2 -> SYN DIG3 -> Program	SYN:PYTO-SYN	
Best Service	The Best of Gigapack 1 & 2	CD 2 -> SYN DIG3 -> Program	SYN:Solo Syn	
Best Service	The Best of Gigapack 1 & 2	CD 2 -> SYN DIG3 -> Program	SYN:Sound-Vision	
Best Service	The Best of Gigapack 1 & 2	CD 2 -> SYN DIG3 -> Program	SYN:SundayNight	
Best Service	The Best of Gigapack 1 & 2	CD 2 -> SYN DIG3 -> Program	SYN:Sunrise	
Best Service	The Best of Gigapack 1 & 2	CD 2 -> SYN DIG3 -> Program	SYN:Super-Strech	
Best Service	The Best of Gigapack 1 & 2	CD 2 -> SYN DIG3 -> Program	SYN:SY GlasGo	
Best Service	The Best of Gigapack 1 & 2	CD 2 -> SYN DIG3 -> Program	SYN:SY GlockChor	
Best Service	The Best of Gigapack 1 & 2	CD 2 -> SYN DIG3 -> Sample	SYN:O1W      6.1	
Best Service	The Best of Gigapack 1 & 2	CD 2 -> SYN DIG3 -> Sample	SYN:O1W      6.2	
Best Service	The Best of Gigapack 1 & 2	CD 2 -> SYN DIG3 -> Sample	SYN:OMD 1     -L	
Best Service	The Best of Gigapack 1 & 2	CD 2 -> SYN DIG3 -> Sample	SYN:  tre2.3  -L	
Best Service	The Best of Gigapack 1 & 2	CD 2 -> SYN DIG3 -> Sample	SYN:tre   2.2 -L	
Best Service	The Best of Gigapack 1 & 2	CD 2 -> SYN DIG3 -> Sample	SYN:tre   2.1 -L	
Best Service	The Best of Gigapack 1 & 2	CD 2 -> SYN DIG3 -> Sample	SYN:     18.3 -L	
Best Service	The Best of Gigapack 1 & 2	CD 2 -> SYN DIG3 -> Sample	SYN:hol   1.3	
Best Service	The Best of Gigapack 1 & 2	CD 2 -> SYN DIG3 -> Sample	SYN:hol   1.2	
Best Service	The Best of Gigapack 1 & 2	CD 2 -> SYN DIG3 -> Sample	SYN:hol   1.1	
Best Service	The Best of Gigapack 1 & 2	CD 2 -> SYN DIG3 -> Sample	SYN:WS 96	
Best Service	The Best of Gigapack 1 & 2	CD 2 -> SYN DIG3 -> Sample	SYN:PytoSyn	
Best Service	The Best of Gigapack 1 & 2	CD 2 -> SYN DIG3 -> Sample	SYN:Solox	
Best Service	The Best of Gigapack 1 & 2	CD 2 -> SYN DIG3 -> Sample	SYN:Sound 010 -L	
Best Service	The Best of Gigapack 1 & 2	CD 2 -> SYN DIG3 -> Sample	SYN:Sound 020 -L	
Best Service	The Best of Gigapack 1 & 2	CD 2 -> SYN DIG3 -> Sample	SYN:ccc	
Best Service	The Best of Gigapack 1 & 2	CD 2 -> SYN DIG3 -> Sample	SYN:SYN Dig 67	
Best Service	The Best of Gigapack 1 & 2	CD 2 -> SYN DIG3 -> Sample	SYN:wavepp 70	
Best Service	The Best of Gigapack 1 & 2	CD 2 -> SYN DIG3 -> Sample	SYN:Dig26  r	
Best Service	The Best of Gigapack 1 & 2	CD 2 -> SYN DIG3 -> Sample	SYN:Blancm.2	
Best Service	The Best of Gigapack 1 & 2	CD 2 -> SYN DIG3 -> Sample	SYN:SY Glas1	
Best Service	The Best of Gigapack 1 & 2	CD 2 -> SYN DIG3 -> Sample	SYN:SY Glas2	
Best Service	The Best of Gigapack 1 & 2	CD 2 -> SYN DIG3 -> Sample	SYN:SY Glas3	
Best Service	The Best of Gigapack 1 & 2	CD 2 -> SYN DIG3 -> Sample	SYN:SY Glas4	
Best Service	The Best of Gigapack 1 & 2	CD 2 -> SYN DIG3 -> Sample	SYN:SY-77 1.1	
Best Service	The Best of Gigapack 1 & 2	CD 2 -> SYN DIG3 -> Sample	SYN:SY-77 1.2	
Best Service	The Best of Gigapack 1 & 2	CD 2 -> SYN DIG3 -> Sample	SYN:SY-77 1.3	
Best Service	The Best of Gigapack 1 & 2	CD 2 -> SYN DIG3 -> Sample	SYN:O1W  r   6.2	
Best Service	The Best of Gigapack 1 & 2	CD 2 -> SYN DIG3 -> Sample	SYN:OMD 1  r  -R	
Best Service	The Best of Gigapack 1 & 2	CD 2 -> SYN DIG3 -> Sample	SYN:PytoSyn   r	
Best Service	The Best of Gigapack 1 & 2	CD 2 -> SYN DIG3 -> Sample	SYN:Solox  r  -L	
Best Service	The Best of Gigapack 1 & 2	CD 2 -> SYN DIG3 -> Sample	SYN:ccc  r    -L	
Best Service	The Best of Gigapack 1 & 2	CD 2 -> SYN DIG3 -> Sample	SYN:Blancm.2 r	
Best Service	The Best of Gigapack 1 & 2	CD 2 -> SYN DIG3 -> Sample	SYN:SY-77 1.3  r	
Best Service	The Best of Gigapack 1 & 2	CD 2 -> SYN DIG3 -> Sample	SYN:WS 96 r	
Best Service	The Best of Gigapack 1 & 2	CD 2 -> SYN DIG4 -> Program	SYN:SY Voyager	
Best Service	The Best of Gigapack 1 & 2	CD 2 -> SYN DIG4 -> Program	SYN:SynClavier	
Best Service	The Best of Gigapack 1 & 2	CD 2 -> SYN DIG4 -> Program	SYN:Synth-Brass	
Best Service	The Best of Gigapack 1 & 2	CD 2 -> SYN DIG4 -> Program	SYN:Tangerine	
Best Service	The Best of Gigapack 1 & 2	CD 2 -> SYN DIG4 -> Program	SYN:WaveSequence	
Best Service	The Best of Gigapack 1 & 2	CD 2 -> SYN DIG4 -> Program	SYN:Wonder Bell	
Best Service	The Best of Gigapack 1 & 2	CD 2 -> SYN DIG4 -> Program	SYN:World-Wide	
Best Service	The Best of Gigapack 1 & 2	CD 2 -> SYN DIG4 -> Program	SYN:SY Special	
Best Service	The Best of Gigapack 1 & 2	CD 2 -> SYN DIG4 -> Program	SYN:Mystic Bell	
Best Service	The Best of Gigapack 1 & 2	CD 2 -> SYN DIG4 -> Program	SYN:MystPadBell	
Best Service	The Best of Gigapack 1 & 2	CD 2 -> SYN DIG4 -> Program	SYN:DigitalSound	
Best Service	The Best of Gigapack 1 & 2	CD 2 -> SYN DIG4 -> Program	SYN:DigitalSyPad	
Best Service	The Best of Gigapack 1 & 2	CD 2 -> SYN DIG4 -> Program	SYN:Digital Syn1	
Best Service	The Best of Gigapack 1 & 2	CD 2 -> SYN DIG4 -> Program	SYN:Digital 3	
Best Service	The Best of Gigapack 1 & 2	CD 2 -> SYN DIG4 -> Sample	SYN:SY VoyagerC3	
Best Service	The Best of Gigapack 1 & 2	CD 2 -> SYN DIG4 -> Sample	SYN:SY VoyagerC4	
Best Service	The Best of Gigapack 1 & 2	CD 2 -> SYN DIG4 -> Sample	SYN:SY VoyagerC5	
Best Service	The Best of Gigapack 1 & 2	CD 2 -> SYN DIG4 -> Sample	SYN:BrosSynclavi	
Best Service	The Best of Gigapack 1 & 2	CD 2 -> SYN DIG4 -> Sample	SYN:SBrass1	
Best Service	The Best of Gigapack 1 & 2	CD 2 -> SYN DIG4 -> Sample	SYN:SBrass2   -R	
Best Service	The Best of Gigapack 1 & 2	CD 2 -> SYN DIG4 -> Sample	SYN:Rome	
Best Service	The Best of Gigapack 1 & 2	CD 2 -> SYN DIG4 -> Sample	SYN:WS Seq	
Best Service	The Best of Gigapack 1 & 2	CD 2 -> SYN DIG4 -> Sample	SYN:Breath1	
Best Service	The Best of Gigapack 1 & 2	CD 2 -> SYN DIG4 -> Sample	SYN:SYN 6900	
Best Service	The Best of Gigapack 1 & 2	CD 2 -> SYN DIG4 -> Sample	SYN:BrosSynclavr	
Best Service	The Best of Gigapack 1 & 2	CD 2 -> SYN DIG4 -> Sample	SYN:SBrass2 r -L	
Best Service	The Best of Gigapack 1 & 2	CD 2 -> SYN DIG4 -> Sample	SYN:Rome  r	
Best Service	The Best of Gigapack 1 & 2	CD 2 -> SYN DIG4 -> Sample	SYN:Breath1  r	
Best Service	The Best of Gigapack 1 & 2	CD 2 -> SYN DIG4 -> Sample	SYN:SYN 6900 r	
Best Service	The Best of Gigapack 1 & 2	CD 2 -> SYN DIG4 -> Sample	SYN:SY402	
Best Service	The Best of Gigapack 1 & 2	CD 2 -> SYN DIG4 -> Sample	SYN:SY403	
Best Service	The Best of Gigapack 1 & 2	CD 2 -> SYN DIG4 -> Sample	SYN:SY404	
Best Service	The Best of Gigapack 1 & 2	CD 2 -> SYN DIG4 -> Sample	SYN:SY405	
Best Service	The Best of Gigapack 1 & 2	CD 2 -> SYN DIG4 -> Sample	SYN:SeQ  88	
Best Service	The Best of Gigapack 1 & 2	CD 2 -> SYN DIG4 -> Sample	SYN:Clear2N   -L	
Best Service	The Best of Gigapack 1 & 2	CD 2 -> SYN DIG4 -> Sample	SYN:Clear3N   -L	
Best Service	The Best of Gigapack 1 & 2	CD 2 -> SYN DIG4 -> Sample	SYN:Clear 1N  -L	
Best Service	The Best of Gigapack 1 & 2	CD 2 -> SYN DIG4 -> Sample	SYN:Clear4N   -L	
Best Service	The Best of Gigapack 1 & 2	CD 2 -> SYN DIG4 -> Sample	SYN:Clear5 N  -L	
Best Service	The Best of Gigapack 1 & 2	CD 2 -> SYN DIG4 -> Sample	SYN:SeQ  88    r	
Best Service	The Best of Gigapack 1 & 2	CD 2 -> SYN DIG4 -> Sample	SYN:Mhh2      -L	
Best Service	The Best of Gigapack 1 & 2	CD 2 -> SYN DIG4 -> Sample	SYN:Mhh3      -L	
Best Service	The Best of Gigapack 1 & 2	CD 2 -> SYN DIG4 -> Sample	SYN:DigitalSound	
Best Service	The Best of Gigapack 1 & 2	CD 2 -> SYN DIG4 -> Sample	SYN:Mhh3   r  -L	
Best Service	The Best of Gigapack 1 & 2	CD 2 -> SYN DIG4 -> Sample	SYN:Mhh2      -L-C4	
Best Service	The Best of Gigapack 1 & 2	CD 2 -> SYN DIG4 -> Sample	SYN:Mhh3      -L-C5	
Best Service	The Best of Gigapack 1 & 2	CD 2 -> SYN DIG4 -> Sample	SYN:Mhh3   r  -L-C5	
Best Service	The Best of Gigapack 1 & 2	CD 2 -> SYN DIG4 -> Sample	SYN:DigSyn2?  -R	
Best Service	The Best of Gigapack 1 & 2	CD 2 -> SYN DIG4 -> Sample	SYN:DigSyn2? r-L	
Best Service	The Best of Gigapack 1 & 2	CD 2 -> SYN JD 1 -> Program	SYN:990Piano-Pad	
Best Service	The Best of Gigapack 1 & 2	CD 2 -> SYN JD 1 -> Program	SYN:990SterBass	
Best Service	The Best of Gigapack 1 & 2	CD 2 -> SYN JD 1 -> Program	SYN:JD800 Movie	
Best Service	The Best of Gigapack 1 & 2	CD 2 -> SYN JD 1 -> Program	SYN:JD DigiLayer	
Best Service	The Best of Gigapack 1 & 2	CD 2 -> SYN JD 1 -> Program	SYN:JD800  DCF +	
Best Service	The Best of Gigapack 1 & 2	CD 2 -> SYN JD 1 -> Program	SYN:JDSYNTH Pizz	
Best Service	The Best of Gigapack 1 & 2	CD 2 -> SYN JD 1 -> Program	SYN:990Piano-Pa2	
Best Service	The Best of Gigapack 1 & 2	CD 2 -> SYN JD 1 -> Program	SYN:JD800 Movie2	
Best Service	The Best of Gigapack 1 & 2	CD 2 -> SYN JD 1 -> Sample	SYN:Piano-Pad1	
Best Service	The Best of Gigapack 1 & 2	CD 2 -> SYN JD 1 -> Sample	SYN:Piano-Pad2	
Best Service	The Best of Gigapack 1 & 2	CD 2 -> SYN JD 1 -> Sample	SYN:StBas D3	
Best Service	The Best of Gigapack 1 & 2	CD 2 -> SYN JD 1 -> Sample	SYN:StBas G3#	
Best Service	The Best of Gigapack 1 & 2	CD 2 -> SYN JD 1 -> Sample	SYN:StBas D4	
Best Service	The Best of Gigapack 1 & 2	CD 2 -> SYN JD 1 -> Sample	SYN:StBas F4#	
Best Service	The Best of Gigapack 1 & 2	CD 2 -> SYN JD 1 -> Sample	SYN:JD800 14.1	
Best Service	The Best of Gigapack 1 & 2	CD 2 -> SYN JD 1 -> Sample	SYN:JD-800 1.1	
Best Service	The Best of Gigapack 1 & 2	CD 2 -> SYN JD 1 -> Sample	SYN:JD-800 1.3	
Best Service	The Best of Gigapack 1 & 2	CD 2 -> SYN JD 1 -> Sample	SYN:JD800 20.1	
Best Service	The Best of Gigapack 1 & 2	CD 2 -> SYN JD 1 -> Sample	SYN:JD800 21.1	
Best Service	The Best of Gigapack 1 & 2	CD 2 -> SYN JD 1 -> Sample	SYN:Pizz4     -R	
Best Service	The Best of Gigapack 1 & 2	CD 2 -> SYN JD 1 -> Sample	SYN:Pizz4     -L	
Best Service	The Best of Gigapack 1 & 2	CD 2 -> SYN JD 1 -> Sample	SYN:Pizz1     -R	
Best Service	The Best of Gigapack 1 & 2	CD 2 -> SYN JD 1 -> Sample	SYN:Pizz1     -L	
Best Service	The Best of Gigapack 1 & 2	CD 2 -> SYN JD 1 -> Sample	SYN:Pizz5	
Best Service	The Best of Gigapack 1 & 2	CD 2 -> SYN JD 1 -> Sample	SYN:Pizz2	
Best Service	The Best of Gigapack 1 & 2	CD 2 -> SYN JD 1 -> Sample	SYN:Pizz6	
Best Service	The Best of Gigapack 1 & 2	CD 2 -> SYN JD 1 -> Sample	SYN:Pizz3	
Best Service	The Best of Gigapack 1 & 2	CD 2 -> SYN JD 1 -> Sample	SYN:Pizz7	
Best Service	The Best of Gigapack 1 & 2	CD 2 -> SYN JD 1 -> Sample	SYN:Piano-Pad2 r	
Best Service	The Best of Gigapack 1 & 2	CD 2 -> SYN JD 1 -> Sample	SYN:Piano-Pad3 r	
Best Service	The Best of Gigapack 1 & 2	CD 2 -> SYN JD 1 -> Sample	SYN:JD-800 1.4	
Best Service	The Best of Gigapack 1 & 2	CD 2 -> SYN JD 2 -> Program	SYN:990 Lead 1	
Best Service	The Best of Gigapack 1 & 2	CD 2 -> SYN JD 2 -> Program	SYN:990 Lead 2	
Best Service	The Best of Gigapack 1 & 2	CD 2 -> SYN JD 2 -> Program	SYN:990 Neon-Pad	
Best Service	The Best of Gigapack 1 & 2	CD 2 -> SYN JD 2 -> Program	SYN:990 Poly-Seq	
Best Service	The Best of Gigapack 1 & 2	CD 2 -> SYN JD 2 -> Program	SYN:990 SawSound	
Best Service	The Best of Gigapack 1 & 2	CD 2 -> SYN JD 2 -> Program	SYN:990LoveVoice	
Best Service	The Best of Gigapack 1 & 2	CD 2 -> SYN JD 2 -> Program	SYN:990Night-Pad	
Best Service	The Best of Gigapack 1 & 2	CD 2 -> SYN JD 2 -> Program	SYN:JDKlingKlang	
Best Service	The Best of Gigapack 1 & 2	CD 2 -> SYN JD 2 -> Program	SYN:JD Portament	
Best Service	The Best of Gigapack 1 & 2	CD 2 -> SYN JD 2 -> Program	SYN:JD800 Wave	
Best Service	The Best of Gigapack 1 & 2	CD 2 -> SYN JD 2 -> Program	SYN:990 Lead 1 +	
Best Service	The Best of Gigapack 1 & 2	CD 2 -> SYN JD 2 -> Program	SYN:990 SawSound	
Best Service	The Best of Gigapack 1 & 2	CD 2 -> SYN JD 2 -> Sample	SYN:AnaLead 1	
Best Service	The Best of Gigapack 1 & 2	CD 2 -> SYN JD 2 -> Sample	SYN:AnaLead 2	
Best Service	The Best of Gigapack 1 & 2	CD 2 -> SYN JD 2 -> Sample	SYN:AnaLead2.2	
Best Service	The Best of Gigapack 1 & 2	CD 2 -> SYN JD 2 -> Sample	SYN:AnaLead2.1	
Best Service	The Best of Gigapack 1 & 2	CD 2 -> SYN JD 2 -> Sample	SYN:NeonPad1	
Best Service	The Best of Gigapack 1 & 2	CD 2 -> SYN JD 2 -> Sample	SYN:NeonPad2	
Best Service	The Best of Gigapack 1 & 2	CD 2 -> SYN JD 2 -> Sample	SYN:Poly D  1	
Best Service	The Best of Gigapack 1 & 2	CD 2 -> SYN JD 2 -> Sample	SYN:Poly G# 1	
Best Service	The Best of Gigapack 1 & 2	CD 2 -> SYN JD 2 -> Sample	SYN:Poly D  2	
Best Service	The Best of Gigapack 1 & 2	CD 2 -> SYN JD 2 -> Sample	SYN:Poly G# 2	
Best Service	The Best of Gigapack 1 & 2	CD 2 -> SYN JD 2 -> Sample	SYN:Poly D  3	
Best Service	The Best of Gigapack 1 & 2	CD 2 -> SYN JD 2 -> Sample	SYN:Poly G# 3	
Best Service	The Best of Gigapack 1 & 2	CD 2 -> SYN JD 2 -> Sample	SYN:Poly D  4	
Best Service	The Best of Gigapack 1 & 2	CD 2 -> SYN JD 2 -> Sample	SYN:Poly G# 4	
Best Service	The Best of Gigapack 1 & 2	CD 2 -> SYN JD 2 -> Sample	SYN:Poly D  5	
Best Service	The Best of Gigapack 1 & 2	CD 2 -> SYN JD 2 -> Sample	SYN:SawLeadA#2	
Best Service	The Best of Gigapack 1 & 2	CD 2 -> SYN JD 2 -> Sample	SYN:SawLeadF#	
Best Service	The Best of Gigapack 1 & 2	CD 2 -> SYN JD 2 -> Sample	SYN:SawLeadD#4	
Best Service	The Best of Gigapack 1 & 2	CD 2 -> SYN JD 2 -> Sample	SYN:SawLeadB 4	
Best Service	The Best of Gigapack 1 & 2	CD 2 -> SYN JD 2 -> Sample	SYN:SawLeadF#5	
Best Service	The Best of Gigapack 1 & 2	CD 2 -> SYN JD 2 -> Sample	SYN:LovVoiPad1	
Best Service	The Best of Gigapack 1 & 2	CD 2 -> SYN JD 2 -> Sample	SYN:LovVoiPad2	
Best Service	The Best of Gigapack 1 & 2	CD 2 -> SYN JD 2 -> Sample	SYN:StarryNig1	
Best Service	The Best of Gigapack 1 & 2	CD 2 -> SYN JD 2 -> Sample	SYN:StarryNig2	
Best Service	The Best of Gigapack 1 & 2	CD 2 -> SYN JD 2 -> Sample	SYN:JD800 23.1	
Best Service	The Best of Gigapack 1 & 2	CD 2 -> SYN JD 2 -> Sample	SYN:dd    C2	
Best Service	The Best of Gigapack 1 & 2	CD 2 -> SYN JD 2 -> Sample	SYN:dd    C3	
Best Service	The Best of Gigapack 1 & 2	CD 2 -> SYN JD 2 -> Sample	SYN:800a	
Best Service	The Best of Gigapack 1 & 2	CD 2 -> SYN JD 2 -> Sample	SYN:800b	
Best Service	The Best of Gigapack 1 & 2	CD 2 -> SYN JD 2 -> Sample	SYN:AnaLead 3	
Best Service	The Best of Gigapack 1 & 2	CD 2 -> SYN JD 2 -> Sample	SYN:AnaLead2.3	
Best Service	The Best of Gigapack 1 & 2	CD 2 -> SYN JD 2 -> Sample	SYN:AnaLead2.3-C#5	
Best Service	The Best of Gigapack 1 & 2	CD 2 -> SYN JD 2 -> Sample	SYN:NeonPad3	
Best Service	The Best of Gigapack 1 & 2	CD 2 -> SYN MIC1 -> Program	SYN:Broken Frame	
Best Service	The Best of Gigapack 1 & 2	CD 2 -> SYN MIC1 -> Program	SYN:Flangetalk	
Best Service	The Best of Gigapack 1 & 2	CD 2 -> SYN MIC1 -> Program	SYN:Glasy	
Best Service	The Best of Gigapack 1 & 2	CD 2 -> SYN MIC1 -> Program	SYN:Harplike	
Best Service	The Best of Gigapack 1 & 2	CD 2 -> SYN MIC1 -> Program	SYN:Klack	
Best Service	The Best of Gigapack 1 & 2	CD 2 -> SYN MIC1 -> Program	SYN:Legendary VS	
Best Service	The Best of Gigapack 1 & 2	CD 2 -> SYN MIC1 -> Program	No one will	
Best Service	The Best of Gigapack 1 & 2	CD 2 -> SYN MIC1 -> Program	SYN:PP-Key	
Best Service	The Best of Gigapack 1 & 2	CD 2 -> SYN MIC1 -> Sample	SYN:BrokenFrame1	
Best Service	The Best of Gigapack 1 & 2	CD 2 -> SYN MIC1 -> Sample	SYN:BrokenFrame2	
Best Service	The Best of Gigapack 1 & 2	CD 2 -> SYN MIC1 -> Sample	SYN:BrokenFrame3	
Best Service	The Best of Gigapack 1 & 2	CD 2 -> SYN MIC1 -> Sample	SYN:BrokenFrame4	
Best Service	The Best of Gigapack 1 & 2	CD 2 -> SYN MIC1 -> Sample	SYN:BrokenFrame5	
Best Service	The Best of Gigapack 1 & 2	CD 2 -> SYN MIC1 -> Sample	SYN:Flangetalk 1	
Best Service	The Best of Gigapack 1 & 2	CD 2 -> SYN MIC1 -> Sample	SYN:Flangetalk 2	
Best Service	The Best of Gigapack 1 & 2	CD 2 -> SYN MIC1 -> Sample	SYN:Flangetalk 3	
Best Service	The Best of Gigapack 1 & 2	CD 2 -> SYN MIC1 -> Sample	SYN:Flangetalk 4	
Best Service	The Best of Gigapack 1 & 2	CD 2 -> SYN MIC1 -> Sample	SYN:Glasy      0	
Best Service	The Best of Gigapack 1 & 2	CD 2 -> SYN MIC1 -> Sample	SYN:Glasy      1	
Best Service	The Best of Gigapack 1 & 2	CD 2 -> SYN MIC1 -> Sample	SYN:Glasy      2	
Best Service	The Best of Gigapack 1 & 2	CD 2 -> SYN MIC1 -> Sample	SYN:Glasy      3	
Best Service	The Best of Gigapack 1 & 2	CD 2 -> SYN MIC1 -> Sample	SYN:Harplike   1	
Best Service	The Best of Gigapack 1 & 2	CD 2 -> SYN MIC1 -> Sample	SYN:Harplike   2	
Best Service	The Best of Gigapack 1 & 2	CD 2 -> SYN MIC1 -> Sample	SYN:Harplike   3	
Best Service	The Best of Gigapack 1 & 2	CD 2 -> SYN MIC1 -> Sample	SYN:Harplike   4	
Best Service	The Best of Gigapack 1 & 2	CD 2 -> SYN MIC1 -> Sample	SYN:Klack      0	
Best Service	The Best of Gigapack 1 & 2	CD 2 -> SYN MIC1 -> Sample	SYN:Klack      1	
Best Service	The Best of Gigapack 1 & 2	CD 2 -> SYN MIC1 -> Sample	SYN:Klack      2	
Best Service	The Best of Gigapack 1 & 2	CD 2 -> SYN MIC1 -> Sample	SYN:Klack      3	
Best Service	The Best of Gigapack 1 & 2	CD 2 -> SYN MIC1 -> Sample	SYN:LegendaryVS1	
Best Service	The Best of Gigapack 1 & 2	CD 2 -> SYN MIC1 -> Sample	SYN:LegendaryVS2	
Best Service	The Best of Gigapack 1 & 2	CD 2 -> SYN MIC1 -> Sample	SYN:LegendaryVS3	
Best Service	The Best of Gigapack 1 & 2	CD 2 -> SYN MIC1 -> Sample	SYN:Noonewilldo1	
Best Service	The Best of Gigapack 1 & 2	CD 2 -> SYN MIC1 -> Sample	SYN:Noonewilldo2	
Best Service	The Best of Gigapack 1 & 2	CD 2 -> SYN MIC1 -> Sample	SYN:Noonewilldo3	
Best Service	The Best of Gigapack 1 & 2	CD 2 -> SYN MIC1 -> Sample	SYN:Noonewilldo4	
Best Service	The Best of Gigapack 1 & 2	CD 2 -> SYN MIC1 -> Sample	SYN:PPKey      1	
Best Service	The Best of Gigapack 1 & 2	CD 2 -> SYN MIC1 -> Sample	SYN:PPKey      2	
Best Service	The Best of Gigapack 1 & 2	CD 2 -> SYN MIC1 -> Sample	SYN:PPKey      3	
Best Service	The Best of Gigapack 1 & 2	CD 2 -> SYN MIC1 -> Sample	SYN:PPKey      4	
Best Service	The Best of Gigapack 1 & 2	CD 2 -> SYN MIC2 -> Program	SYN:OscarPWMLead	
Best Service	The Best of Gigapack 1 & 2	CD 2 -> SYN MIC2 -> Program	SYN:ResoTable	
Best Service	The Best of Gigapack 1 & 2	CD 2 -> SYN MIC2 -> Program	SYN:Scanner	
Best Service	The Best of Gigapack 1 & 2	CD 2 -> SYN MIC2 -> Program	SYN:SpaceWave  2	
Best Service	The Best of Gigapack 1 & 2	CD 2 -> SYN MIC2 -> Program	SYN:Strange PPG	
Best Service	The Best of Gigapack 1 & 2	CD 2 -> SYN MIC2 -> Program	SYN:Technobell	
Best Service	The Best of Gigapack 1 & 2	CD 2 -> SYN MIC2 -> Sample	SYN:OscarPWMLea1	
Best Service	The Best of Gigapack 1 & 2	CD 2 -> SYN MIC2 -> Sample	SYN:OscarPWMLea2	
Best Service	The Best of Gigapack 1 & 2	CD 2 -> SYN MIC2 -> Sample	SYN:OscarPWMLea3	
Best Service	The Best of Gigapack 1 & 2	CD 2 -> SYN MIC2 -> Sample	SYN:OscarPWMLea4	
Best Service	The Best of Gigapack 1 & 2	CD 2 -> SYN MIC2 -> Sample	SYN:OscarPWMLea5	
Best Service	The Best of Gigapack 1 & 2	CD 2 -> SYN MIC2 -> Sample	SYN:ResoTable  1	
Best Service	The Best of Gigapack 1 & 2	CD 2 -> SYN MIC2 -> Sample	SYN:ResoTable  2	
Best Service	The Best of Gigapack 1 & 2	CD 2 -> SYN MIC2 -> Sample	SYN:ResoTable  3	
Best Service	The Best of Gigapack 1 & 2	CD 2 -> SYN MIC2 -> Sample	SYN:Scanner    1	
Best Service	The Best of Gigapack 1 & 2	CD 2 -> SYN MIC2 -> Sample	SYN:Scanner    2	
Best Service	The Best of Gigapack 1 & 2	CD 2 -> SYN MIC2 -> Sample	SYN:Scanner    3	
Best Service	The Best of Gigapack 1 & 2	CD 2 -> SYN MIC2 -> Sample	SYN:Scanner    4	
Best Service	The Best of Gigapack 1 & 2	CD 2 -> SYN MIC2 -> Sample	SYN:SpaceWave2 1	
Best Service	The Best of Gigapack 1 & 2	CD 2 -> SYN MIC2 -> Sample	SYN:SpaceWave2 2	
Best Service	The Best of Gigapack 1 & 2	CD 2 -> SYN MIC2 -> Sample	SYN:SpaceWave2 3	
Best Service	The Best of Gigapack 1 & 2	CD 2 -> SYN MIC2 -> Sample	SYN:SpaceWave2 4	
Best Service	The Best of Gigapack 1 & 2	CD 2 -> SYN MIC2 -> Sample	SYN:Strange PPG1	
Best Service	The Best of Gigapack 1 & 2	CD 2 -> SYN MIC2 -> Sample	SYN:Strange PPG2	
Best Service	The Best of Gigapack 1 & 2	CD 2 -> SYN MIC2 -> Sample	SYN:Strange PPG3	
Best Service	The Best of Gigapack 1 & 2	CD 2 -> SYN MIC2 -> Sample	SYN:Strange PPG4	
Best Service	The Best of Gigapack 1 & 2	CD 2 -> SYN MIC2 -> Sample	SYN:Technobell	
Best Service	The Best of Gigapack 1 & 2	CD 2 -> SYN MIC2 -> Sample	SYN:Technobell 2	
Best Service	The Best of Gigapack 1 & 2	CD 2 -> SYN MIC2 -> Sample	SYN:Technobell 3	
Best Service	The Best of Gigapack 1 & 2	CD 2 -> SYN MIC2 -> Sample	SYN:Technobell 4	
Best Service	The Best of Gigapack 1 & 2	CD 2 -> SYN MOR1 -> Program	SYN:Morpheus 2	
Best Service	The Best of Gigapack 1 & 2	CD 2 -> SYN MOR1 -> Program	SYN:Morpheus 3	
Best Service	The Best of Gigapack 1 & 2	CD 2 -> SYN MOR1 -> Program	SYN:Morpheus 4	
Best Service	The Best of Gigapack 1 & 2	CD 2 -> SYN MOR1 -> Sample	SYN:M01.01 C 6-R	
Best Service	The Best of Gigapack 1 & 2	CD 2 -> SYN MOR1 -> Sample	SYN:Morp01 C 3	
Best Service	The Best of Gigapack 1 & 2	CD 2 -> SYN MOR1 -> Sample	SYN:Morp01 C 4	
Best Service	The Best of Gigapack 1 & 2	CD 2 -> SYN MOR1 -> Sample	SYN:Morp01 C 5	
Best Service	The Best of Gigapack 1 & 2	CD 2 -> SYN MOR1 -> Sample	SYN:Morp01 F#5	
Best Service	The Best of Gigapack 1 & 2	CD 2 -> SYN MOR1 -> Sample	SYN:Morp03 C 4	
Best Service	The Best of Gigapack 1 & 2	CD 2 -> SYN MOR1 -> Sample	SYN:Morp05 C 2	
Best Service	The Best of Gigapack 1 & 2	CD 2 -> SYN MOR1 -> Sample	SYN:Morp05 F#2	
Best Service	The Best of Gigapack 1 & 2	CD 2 -> SYN MOR1 -> Sample	SYN:Morp05 C 3	
Best Service	The Best of Gigapack 1 & 2	CD 2 -> SYN MOR1 -> Sample	SYN:Morp05 F#3	
Best Service	The Best of Gigapack 1 & 2	CD 2 -> SYN MOR1 -> Sample	SYN:Morp05 C 4	
Best Service	The Best of Gigapack 1 & 2	CD 2 -> SYN MOR1 -> Sample	SYN:Morp05 F#4	
Best Service	The Best of Gigapack 1 & 2	CD 2 -> SYN MOR1 -> Sample	SYN:Morp05 C 5	
Best Service	The Best of Gigapack 1 & 2	CD 2 -> SYN MOR1 -> Sample	SYN:Morp05 F#5	
Best Service	The Best of Gigapack 1 & 2	CD 2 -> SYN MOR1 -> Sample	SYN:Morp05 C 6	
Best Service	The Best of Gigapack 1 & 2	CD 2 -> SYN MOR1 -> Sample	SYN:Morp05 F#6	
Best Service	The Best of Gigapack 1 & 2	CD 2 -> SYN MOR1 -> Sample	SYN:Morp03 C 4rL	
Best Service	The Best of Gigapack 1 & 2	CD 2 -> SYN MOR2 -> Program	SYN:Morpheus 5	
Best Service	The Best of Gigapack 1 & 2	CD 2 -> SYN MOR2 -> Program	SYN:Morpheus 6	
Best Service	The Best of Gigapack 1 & 2	CD 2 -> SYN MOR2 -> Program	SYN:Morpheus 7	
Best Service	The Best of Gigapack 1 & 2	CD 2 -> SYN MOR2 -> Program	SYN:Morpheus 8	
Best Service	The Best of Gigapack 1 & 2	CD 2 -> SYN MOR2 -> Program	SYN:Morpheus 9	
Best Service	The Best of Gigapack 1 & 2	CD 2 -> SYN MOR2 -> Sample	SYN:Morp08 C 3	
Best Service	The Best of Gigapack 1 & 2	CD 2 -> SYN MOR2 -> Sample	SYN:Morp08 2	
Best Service	The Best of Gigapack 1 & 2	CD 2 -> SYN MOR2 -> Sample	SYN:Morp08 3	
Best Service	The Best of Gigapack 1 & 2	CD 2 -> SYN MOR2 -> Sample	SYN:Morp08 4	
Best Service	The Best of Gigapack 1 & 2	CD 2 -> SYN MOR2 -> Sample	SYN:Morp08 5	
Best Service	The Best of Gigapack 1 & 2	CD 2 -> SYN MOR2 -> Sample	SYN:Morp08 6	
Best Service	The Best of Gigapack 1 & 2	CD 2 -> SYN MOR2 -> Sample	SYN:Morp08 7	
Best Service	The Best of Gigapack 1 & 2	CD 2 -> SYN MOR2 -> Sample	SYN:Morp08 8	
Best Service	The Best of Gigapack 1 & 2	CD 2 -> SYN MOR2 -> Sample	SYN:Morp13 C 3	
Best Service	The Best of Gigapack 1 & 2	CD 2 -> SYN MOR2 -> Sample	SYN:Morp13 C 4	
Best Service	The Best of Gigapack 1 & 2	CD 2 -> SYN MOR2 -> Sample	SYN:Morp13 C 5	
Best Service	The Best of Gigapack 1 & 2	CD 2 -> SYN MOR2 -> Sample	SYN:Morp10 C 4	
Best Service	The Best of Gigapack 1 & 2	CD 2 -> SYN MOR2 -> Sample	SYN:Morp10 C 5	
Best Service	The Best of Gigapack 1 & 2	CD 2 -> SYN MOR2 -> Sample	SYN:Morp12 C 3	
Best Service	The Best of Gigapack 1 & 2	CD 2 -> SYN MOR2 -> Sample	SYN:Morp12 C 4	
Best Service	The Best of Gigapack 1 & 2	CD 2 -> SYN MOR2 -> Sample	SYN:Morp12 C 5	
Best Service	The Best of Gigapack 1 & 2	CD 2 -> SYN MOR2 -> Sample	SYN:Morp16 C 3	
Best Service	The Best of Gigapack 1 & 2	CD 2 -> SYN MOR2 -> Sample	SYN:Morp16 2	
Best Service	The Best of Gigapack 1 & 2	CD 2 -> SYN MOR2 -> Sample	SYN:Morp16 3	
Best Service	The Best of Gigapack 1 & 2	CD 2 -> SYN MOR2 -> Sample	SYN:Morp16 4	
Best Service	The Best of Gigapack 1 & 2	CD 2 -> SYN MOR2 -> Sample	SYN:Morp16 5	
Best Service	The Best of Gigapack 1 & 2	CD 2 -> SYN MOR2 -> Sample	SYN:Morp16 6	
Best Service	The Best of Gigapack 1 & 2	CD 2 -> SYN MOR3 -> Program	SYN:Morpheus 1	
Best Service	The Best of Gigapack 1 & 2	CD 2 -> SYN MOR3 -> Program	SYN:Morpheus10	
Best Service	The Best of Gigapack 1 & 2	CD 2 -> SYN MOR3 -> Program	SYN:Morpheus11	
Best Service	The Best of Gigapack 1 & 2	CD 2 -> SYN MOR3 -> Program	SYN:Morpheus12	
Best Service	The Best of Gigapack 1 & 2	CD 2 -> SYN MOR3 -> Sample	SYN:M01.01 F#2	
Best Service	The Best of Gigapack 1 & 2	CD 2 -> SYN MOR3 -> Sample	SYN:M01.01 C 3	
Best Service	The Best of Gigapack 1 & 2	CD 2 -> SYN MOR3 -> Sample	SYN:M01.01 F#3	
Best Service	The Best of Gigapack 1 & 2	CD 2 -> SYN MOR3 -> Sample	SYN:M01.01 C 4	
Best Service	The Best of Gigapack 1 & 2	CD 2 -> SYN MOR3 -> Sample	SYN:M01.01 F#4	
Best Service	The Best of Gigapack 1 & 2	CD 2 -> SYN MOR3 -> Sample	SYN:M01.01 C 5	
Best Service	The Best of Gigapack 1 & 2	CD 2 -> SYN MOR3 -> Sample	SYN:M01.01 F#5	
Best Service	The Best of Gigapack 1 & 2	CD 2 -> SYN MOR3 -> Sample	SYN:M01.01 C 6	
Best Service	The Best of Gigapack 1 & 2	CD 2 -> SYN MOR3 -> Sample	SYN:Morp19 C3	
Best Service	The Best of Gigapack 1 & 2	CD 2 -> SYN MOR3 -> Sample	SYN:Morp19 C4	
Best Service	The Best of Gigapack 1 & 2	CD 2 -> SYN MOR3 -> Sample	SYN:Morp19 C5	
Best Service	The Best of Gigapack 1 & 2	CD 2 -> SYN MOR3 -> Sample	SYN:Morp19 C6	
Best Service	The Best of Gigapack 1 & 2	CD 2 -> SYN MOR3 -> Sample	SYN:Morp15 2	
Best Service	The Best of Gigapack 1 & 2	CD 2 -> SYN MOR3 -> Sample	SYN:Morp15 3	
Best Service	The Best of Gigapack 1 & 2	CD 2 -> SYN MOR3 -> Sample	SYN:Morp15 4	
Best Service	The Best of Gigapack 1 & 2	CD 2 -> SYN MOR3 -> Sample	SYN:Morp15 5	
Best Service	The Best of Gigapack 1 & 2	CD 2 -> SYN MOR3 -> Sample	SYN:Morp15 6	
Best Service	The Best of Gigapack 1 & 2	CD 2 -> SYN MOR3 -> Sample	SYN:Morp15 7	
Best Service	The Best of Gigapack 1 & 2	CD 2 -> SYN MOR3 -> Sample	SYN:Morp18 C3	
Best Service	The Best of Gigapack 1 & 2	CD 2 -> SYN MOR3 -> Sample	SYN:Morp18 C4	
Best Service	The Best of Gigapack 1 & 2	CD 2 -> SYN MOR3 -> Sample	SYN:Morp18 A4	
Best Service	The Best of Gigapack 1 & 2	CD 2 -> SYN MOR3 -> Sample	SYN:Morp18 D5#	
Best Service	The Best of Gigapack 1 & 2	CD 2 -> SYN MOR3 -> Sample	SYN:Morp18 A5#	
Best Service	The Best of Gigapack 1 & 2	CD 2 -> SYN WS1 -> Program	SYNWSVulkanHarp	
Best Service	The Best of Gigapack 1 & 2	CD 2 -> SYN WS1 -> Program	SYN:WS PercLayer	
Best Service	The Best of Gigapack 1 & 2	CD 2 -> SYN WS1 -> Program	SYN:WS Quarks	
Best Service	The Best of Gigapack 1 & 2	CD 2 -> SYN WS1 -> Program	SYN:WS Phasiano	
Best Service	The Best of Gigapack 1 & 2	CD 2 -> SYN WS1 -> Program	SYN:WS Synclavi	
Best Service	The Best of Gigapack 1 & 2	CD 2 -> SYN WS1 -> Program	SYN:WSGlassTambu	
Best Service	The Best of Gigapack 1 & 2	CD 2 -> SYN WS1 -> Program	SYN:WS Flangesyn	
Best Service	The Best of Gigapack 1 & 2	CD 2 -> SYN WS1 -> Sample	NewSample	
Best Service	The Best of Gigapack 1 & 2	CD 2 -> SYN WS1 -> Sample	NewSample-C5	
Best Service	The Best of Gigapack 1 & 2	CD 2 -> SYN WS1 -> Sample	NewSample-G5	
Best Service	The Best of Gigapack 1 & 2	CD 2 -> SYN WS1 -> Sample	NewSample-G5(1)	
Best Service	The Best of Gigapack 1 & 2	CD 2 -> SYN WS1 -> Sample	NewSample-G5(2)	
Best Service	The Best of Gigapack 1 & 2	CD 2 -> SYN WS1 -> Sample	SYN:VulcanHarp	
Best Service	The Best of Gigapack 1 & 2	CD 2 -> SYN WS1 -> Sample	SYN:Perc Layer	
Best Service	The Best of Gigapack 1 & 2	CD 2 -> SYN WS1 -> Sample	SYN:Quarks	
Best Service	The Best of Gigapack 1 & 2	CD 2 -> SYN WS1 -> Sample	SYN:Phasiano	
Best Service	The Best of Gigapack 1 & 2	CD 2 -> SYN WS1 -> Sample	SYN:Synclavi	
Best Service	The Best of Gigapack 1 & 2	CD 2 -> SYN WS1 -> Sample	SYN:GlassTamb3	
Best Service	The Best of Gigapack 1 & 2	CD 2 -> SYN WS1 -> Sample	SYN:GlassTamb4	
Best Service	The Best of Gigapack 1 & 2	CD 2 -> SYN WS1 -> Sample	SYN:GlassTamb5	
Best Service	The Best of Gigapack 1 & 2	CD 2 -> SYN WS1 -> Sample	SYN:Flangesyn	
Best Service	The Best of Gigapack 1 & 2	CD 2 -> SYNHANDY -> Program	SYN:Handy-String	
Best Service	The Best of Gigapack 1 & 2	CD 2 -> SYNHANDY -> Program	SYN:Handy-Strng2	
Best Service	The Best of Gigapack 1 & 2	CD 2 -> SYNHANDY -> Sample	SYN:HandyStrng01	
Best Service	The Best of Gigapack 1 & 2	CD 2 -> SYNHANDY -> Sample	SYN:HandyStrng02	
Best Service	The Best of Gigapack 1 & 2	CD 2 -> SYNHANDY -> Sample	SYN:HandyStrng03	
Best Service	The Best of Gigapack 1 & 2	CD 2 -> SYNHANDY -> Sample	SYN:HandyStrng04	
Best Service	The Best of Gigapack 1 & 2	CD 2 -> SYNHANDY -> Sample	SYN:HandyStrng05	
Best Service	The Best of Gigapack 1 & 2	CD 2 -> SYNHANDY -> Sample	SYN:HandyStrng06	
Best Service	The Best of Gigapack 1 & 2	CD 2 -> SYNHANDY -> Sample	SYN:HandyStrng07	
Best Service	The Best of Gigapack 1 & 2	CD 2 -> SYNHANDY -> Sample	SYN:HandyStrng08	
Best Service	The Best of Gigapack 1 & 2	CD 2 -> SYNHANDY -> Sample	SYN:HandyStrng09	
Best Service	The Best of Gigapack 1 & 2	CD 2 -> SYNHANDY -> Sample	SYN:HandyStrng10	
Best Service	The Best of Gigapack 1 & 2	CD 2 -> SYNHANDY -> Sample	SYN:HandyStrng11	
Best Service	The Best of Gigapack 1 & 2	CD 2 -> SYNHANDY -> Sample	SYN:HandyStrng12	
Best Service	The Best of Gigapack 1 & 2	CD 2 -> SYNHANDY -> Sample	SYN:HandyStrng13	
Best Service	The Best of Gigapack 1 & 2	CD 2 -> SYNHANDY -> Sample	SYN:HandyStrng14	
Best Service	The Best of Gigapack 1 & 2	CD 2 -> SYNHANDY -> Sample	SYN:HandyStrng15	
Best Service	The Best of Gigapack 1 & 2	CD 2 -> SYNHANDY -> Sample	SYN:HandyStrng16	
Best Service	The Best of Gigapack 1 & 2	CD 2 -> SYNHANDY -> Sample	SYN:HandyStrng17	
Best Service	The Best of Gigapack 1 & 2	CD 2 -> SYNHANDY -> Sample	SYN:HandyStrng18	
Best Service	The Best of Gigapack 1 & 2	CD 2 -> SYNHANDY -> Sample	SYN:HandyStrng19	
Best Service	The Best of Gigapack 1 & 2	CD 2 -> SYNHANDY -> Sample	SYN:HandyStrng20	
Best Service	The Best of Gigapack 1 & 2	CD 2 -> SYNHANDY -> Sample	SYN:HandyStrng21	
Best Service	The Best of Gigapack 1 & 2	CD 2 -> SYNHANDY -> Sample	SYN:HandyStrng22	
Best Service	The Best of Gigapack 1 & 2	CD 2 -> SYNHANDY -> Sample	SYN:HandyStrng23	
Best Service	The Best of Gigapack 1 & 2	CD 2 -> SYNHANDY -> Sample	SYN:HandyStrng24	
Best Service	The Best of Gigapack 1 & 2	CD 2 -> SYNHANDY -> Sample	SYN:HandyStrng25	
Best Service	The Best of Gigapack 1 & 2	CD 2 -> SYNMC202 -> Program	SYN:MC-202   1	
Best Service	The Best of Gigapack 1 & 2	CD 2 -> SYNMC202 -> Program	SYN:MC-202   2	
Best Service	The Best of Gigapack 1 & 2	CD 2 -> SYNMC202 -> Program	SYN:MC-202   3	
Best Service	The Best of Gigapack 1 & 2	CD 2 -> SYNMC202 -> Program	SYN:MC-202   4	
Best Service	The Best of Gigapack 1 & 2	CD 2 -> SYNMC202 -> Program	SYN:MC-202   5	
Best Service	The Best of Gigapack 1 & 2	CD 2 -> SYNMC202 -> Program	SYN:MC-202   6	
Best Service	The Best of Gigapack 1 & 2	CD 2 -> SYNMC202 -> Program	SYN:MC-202   7	
Best Service	The Best of Gigapack 1 & 2	CD 2 -> SYNMC202 -> Program	SYN:MC-202   8	
Best Service	The Best of Gigapack 1 & 2	CD 2 -> SYNMC202 -> Sample	SYN:SH 1.5 (	
Best Service	The Best of Gigapack 1 & 2	CD 2 -> SYNMC202 -> Sample	SYN:SH 1.6 (	
Best Service	The Best of Gigapack 1 & 2	CD 2 -> SYNMC202 -> Sample	SYN:SH 1.7 (	
Best Service	The Best of Gigapack 1 & 2	CD 2 -> SYNMC202 -> Sample	SYN:SH 1.8 (	
Best Service	The Best of Gigapack 1 & 2	CD 2 -> SYNMC202 -> Sample	SYN:SH 2.5 (	
Best Service	The Best of Gigapack 1 & 2	CD 2 -> SYNMC202 -> Sample	SYN:SH 2.6 (	
Best Service	The Best of Gigapack 1 & 2	CD 2 -> SYNMC202 -> Sample	SYN:SH 2.7 (	
Best Service	The Best of Gigapack 1 & 2	CD 2 -> SYNMC202 -> Sample	SYN:SH 2.8 (	
Best Service	The Best of Gigapack 1 & 2	CD 2 -> SYNMC202 -> Sample	SYN:SH 3.5 (	
Best Service	The Best of Gigapack 1 & 2	CD 2 -> SYNMC202 -> Sample	SYN:SH 3.6 (	
Best Service	The Best of Gigapack 1 & 2	CD 2 -> SYNMC202 -> Sample	SYN:SH 3.7 (	
Best Service	The Best of Gigapack 1 & 2	CD 2 -> SYNMC202 -> Sample	SYN:SH 3.8 (	
Best Service	The Best of Gigapack 1 & 2	CD 2 -> SYNMC202 -> Sample	SYN:SH 1.1 (	
Best Service	The Best of Gigapack 1 & 2	CD 2 -> SYNMC202 -> Sample	SYN:SH 1.2 (	
Best Service	The Best of Gigapack 1 & 2	CD 2 -> SYNMC202 -> Sample	SYN:SH 1.3 (	
Best Service	The Best of Gigapack 1 & 2	CD 2 -> SYNMC202 -> Sample	SYN:SH 1.4 (	
Best Service	The Best of Gigapack 1 & 2	CD 2 -> SYNMC202 -> Sample	SYN:SH 2.1 (	
Best Service	The Best of Gigapack 1 & 2	CD 2 -> SYNMC202 -> Sample	SYN:SH 2.2 (	
Best Service	The Best of Gigapack 1 & 2	CD 2 -> SYNMC202 -> Sample	SYN:SH 2.3 (	
Best Service	The Best of Gigapack 1 & 2	CD 2 -> SYNMC202 -> Sample	SYN:SH 2.4 (	
Best Service	The Best of Gigapack 1 & 2	CD 2 -> SYNMC202 -> Sample	SYN:SH 3.1 (	
Best Service	The Best of Gigapack 1 & 2	CD 2 -> SYNMC202 -> Sample	SYN:SH 3.2 (	
Best Service	The Best of Gigapack 1 & 2	CD 2 -> SYNMC202 -> Sample	SYN:SH 3.3 (	
Best Service	The Best of Gigapack 1 & 2	CD 2 -> SYNMC202 -> Sample	SYN:SH 3.4 (	
Best Service	The Best of Gigapack 1 & 2	CD 2 -> SYNMC202 -> Sample	SYN:202 8.1.5	
Best Service	The Best of Gigapack 1 & 2	CD 2 -> SYNMC202 -> Sample	SYN:202 8.1.6	
Best Service	The Best of Gigapack 1 & 2	CD 2 -> SYNMC202 -> Sample	SYN:202 8.1.7	
Best Service	The Best of Gigapack 1 & 2	CD 2 -> SYNMC202 -> Sample	SYN:202 8.1.8	
Best Service	The Best of Gigapack 1 & 2	CD 2 -> SYNMC202 -> Sample	SYN:202 8.2.5	
Best Service	The Best of Gigapack 1 & 2	CD 2 -> SYNMC202 -> Sample	SYN:202 8.2.6	
Best Service	The Best of Gigapack 1 & 2	CD 2 -> SYNMC202 -> Sample	SYN:202 8.2.7	
Best Service	The Best of Gigapack 1 & 2	CD 2 -> SYNMC202 -> Sample	SYN:202 8.2.8	
Best Service	The Best of Gigapack 1 & 2	CD 2 -> SYNMC202 -> Sample	SYN:202 8.1.1	
Best Service	The Best of Gigapack 1 & 2	CD 2 -> SYNMC202 -> Sample	SYN:202 8.1.2	
Best Service	The Best of Gigapack 1 & 2	CD 2 -> SYNMC202 -> Sample	SYN:202 8.1.3	
Best Service	The Best of Gigapack 1 & 2	CD 2 -> SYNMC202 -> Sample	SYN:202 8.1.4	
Best Service	The Best of Gigapack 1 & 2	CD 2 -> SYNMC202 -> Sample	SYN:202 8.2.1	
Best Service	The Best of Gigapack 1 & 2	CD 2 -> SYNMC202 -> Sample	SYN:202 8.2.2	
Best Service	The Best of Gigapack 1 & 2	CD 2 -> SYNMC202 -> Sample	SYN:202 8.2.3	
Best Service	The Best of Gigapack 1 & 2	CD 2 -> SYNMC202 -> Sample	SYN:202 8.2.4	
Best Service	The Best of Gigapack 1 & 2	CD 2 -> SYNMC202 -> Sample	SYN:MC 1.1.5	
Best Service	The Best of Gigapack 1 & 2	CD 2 -> SYNMC202 -> Sample	SYN:MC 1.1.6	
Best Service	The Best of Gigapack 1 & 2	CD 2 -> SYNMC202 -> Sample	SYN:MC 1.1.7	
Best Service	The Best of Gigapack 1 & 2	CD 2 -> SYNMC202 -> Sample	SYN:MC 1.1.8	
Best Service	The Best of Gigapack 1 & 2	CD 2 -> SYNMC202 -> Sample	SYN:MC 1.2.5	
Best Service	The Best of Gigapack 1 & 2	CD 2 -> SYNMC202 -> Sample	SYN:MC 1.2.6	
Best Service	The Best of Gigapack 1 & 2	CD 2 -> SYNMC202 -> Sample	SYN:MC 1.2.7	
Best Service	The Best of Gigapack 1 & 2	CD 2 -> SYNMC202 -> Sample	SYN:MC 1.2.8	
Best Service	The Best of Gigapack 1 & 2	CD 2 -> SYNMC202 -> Sample	SYN:MC 1.1.1	
Best Service	The Best of Gigapack 1 & 2	CD 2 -> SYNMC202 -> Sample	SYN:MC 1.1.2	
Best Service	The Best of Gigapack 1 & 2	CD 2 -> SYNMC202 -> Sample	SYN:MC 1.1.3	
Best Service	The Best of Gigapack 1 & 2	CD 2 -> SYNMC202 -> Sample	SYN:MC 1.1.4	
Best Service	The Best of Gigapack 1 & 2	CD 2 -> SYNMC202 -> Sample	SYN:MC 1.2.1	
Best Service	The Best of Gigapack 1 & 2	CD 2 -> SYNMC202 -> Sample	SYN:MC 1.2.2	
Best Service	The Best of Gigapack 1 & 2	CD 2 -> SYNMC202 -> Sample	SYN:MC 1.2.3	
Best Service	The Best of Gigapack 1 & 2	CD 2 -> SYNMC202 -> Sample	SYN:MC 1.2.4	
Best Service	The Best of Gigapack 1 & 2	CD 2 -> SYNMC202 -> Sample	SYN:TB-22.1.5	
Best Service	The Best of Gigapack 1 & 2	CD 2 -> SYNMC202 -> Sample	SYN:TB-22.1.6	
Best Service	The Best of Gigapack 1 & 2	CD 2 -> SYNMC202 -> Sample	SYN:TB-22.1.7	
Best Service	The Best of Gigapack 1 & 2	CD 2 -> SYNMC202 -> Sample	SYN:TB-22.1.8	
Best Service	The Best of Gigapack 1 & 2	CD 2 -> SYNMC202 -> Sample	SYN:TB-22.2.5	
Best Service	The Best of Gigapack 1 & 2	CD 2 -> SYNMC202 -> Sample	SYN:TB-22.2.6	
Best Service	The Best of Gigapack 1 & 2	CD 2 -> SYNMC202 -> Sample	SYN:TB-22.2.7	
Best Service	The Best of Gigapack 1 & 2	CD 2 -> SYNMC202 -> Sample	SYN:TB-22.2.8	
Best Service	The Best of Gigapack 1 & 2	CD 2 -> SYNMC202 -> Sample	SYN:TB-22.1.1	
Best Service	The Best of Gigapack 1 & 2	CD 2 -> SYNMC202 -> Sample	SYN:TB-22.1.2	
Best Service	The Best of Gigapack 1 & 2	CD 2 -> SYNMC202 -> Sample	SYN:TB-22.1.3	
Best Service	The Best of Gigapack 1 & 2	CD 2 -> SYNMC202 -> Sample	SYN:TB-22.1.4	
Best Service	The Best of Gigapack 1 & 2	CD 2 -> SYNMC202 -> Sample	SYN:TB-22.2.1	
Best Service	The Best of Gigapack 1 & 2	CD 2 -> SYNMC202 -> Sample	SYN:TB-22.2.2	
Best Service	The Best of Gigapack 1 & 2	CD 2 -> SYNMC202 -> Sample	SYN:TB-22.2.3	
Best Service	The Best of Gigapack 1 & 2	CD 2 -> SYNMC202 -> Sample	SYN:TB-22.2.4	
Best Service	The Best of Gigapack 1 & 2	CD 2 -> SYNMC202 -> Sample	SYN:MC Wah 1.5	
Best Service	The Best of Gigapack 1 & 2	CD 2 -> SYNMC202 -> Sample	SYN:MC Wah 1.6	
Best Service	The Best of Gigapack 1 & 2	CD 2 -> SYNMC202 -> Sample	SYN:MC Wah 1.7	
Best Service	The Best of Gigapack 1 & 2	CD 2 -> SYNMC202 -> Sample	SYN:MC Wah 1.8	
Best Service	The Best of Gigapack 1 & 2	CD 2 -> SYNMC202 -> Sample	SYN:MC Wah 2.5	
Best Service	The Best of Gigapack 1 & 2	CD 2 -> SYNMC202 -> Sample	SYN:MC Wah 2.6	
Best Service	The Best of Gigapack 1 & 2	CD 2 -> SYNMC202 -> Sample	SYN:MC Wah 2.7	
Best Service	The Best of Gigapack 1 & 2	CD 2 -> SYNMC202 -> Sample	SYN:MC Wah 2.8	
Best Service	The Best of Gigapack 1 & 2	CD 2 -> SYNMC202 -> Sample	SYN:MC Wah 1.1	
Best Service	The Best of Gigapack 1 & 2	CD 2 -> SYNMC202 -> Sample	SYN:MC Wah 1.2	
Best Service	The Best of Gigapack 1 & 2	CD 2 -> SYNMC202 -> Sample	SYN:MC Wah 1.3	
Best Service	The Best of Gigapack 1 & 2	CD 2 -> SYNMC202 -> Sample	SYN:MC Wah 1.4	
Best Service	The Best of Gigapack 1 & 2	CD 2 -> SYNMC202 -> Sample	SYN:MC Wah 2.1	
Best Service	The Best of Gigapack 1 & 2	CD 2 -> SYNMC202 -> Sample	SYN:MC Wah 2.2	
Best Service	The Best of Gigapack 1 & 2	CD 2 -> SYNMC202 -> Sample	SYN:MC Wah 2.3	
Best Service	The Best of Gigapack 1 & 2	CD 2 -> SYNMC202 -> Sample	SYN:MC Wah 2.4	
Best Service	The Best of Gigapack 1 & 2	CD 2 -> SYNMC202 -> Sample	SYN:Easy C3	
Best Service	The Best of Gigapack 1 & 2	CD 2 -> SYNMC202 -> Sample	SYN:Easy C4	
Best Service	The Best of Gigapack 1 & 2	CD 2 -> SYNMC202 -> Sample	SYN:Easy C5	
Best Service	The Best of Gigapack 1 & 2	CD 2 -> SYNMC202 -> Sample	SYN:MC MiniC3	
Best Service	The Best of Gigapack 1 & 2	CD 2 -> SYNMC202 -> Sample	SYN:MC MiniC4	
Best Service	The Best of Gigapack 1 & 2	CD 2 -> SYNMC202 -> Sample	SYN:MC MiniC5	
Best Service	The Best of Gigapack 1 & 2	CD 2 -> SYN ANA5 -> Program	SYN:Jean-Michel	
Best Service	The Best of Gigapack 1 & 2	CD 2 -> SYN ANA5 -> Program	SYN:JX-P Rising	
Best Service	The Best of Gigapack 1 & 2	CD 2 -> SYN ANA5 -> Program	SYN:Harmonice  2	
Best Service	The Best of Gigapack 1 & 2	CD 2 -> SYN ANA5 -> Program	SYN:Oscy Synth	
Best Service	The Best of Gigapack 1 & 2	CD 2 -> SYN ANA5 -> Program	SYN:Planet-S	
Best Service	The Best of Gigapack 1 & 2	CD 2 -> SYN ANA5 -> Program	Poly Synth	
Best Service	The Best of Gigapack 1 & 2	CD 2 -> SYN ANA5 -> Program	Syn Brass	
Best Service	The Best of Gigapack 1 & 2	CD 2 -> SYN ANA5 -> Program	Mini Moog	
Best Service	The Best of Gigapack 1 & 2	CD 2 -> SYN ANA5 -> Program	Poly Synth VCF	
Best Service	The Best of Gigapack 1 & 2	CD 2 -> SYN ANA5 -> Program	SYN:Brass Orch	
Best Service	The Best of Gigapack 1 & 2	CD 2 -> SYN ANA5 -> Program	SYN:Brutal	
Best Service	The Best of Gigapack 1 & 2	CD 2 -> SYN ANA5 -> Program	SYN:China-matic	
Best Service	The Best of Gigapack 1 & 2	CD 2 -> SYN ANA5 -> Program	SYN:ClearSound	
Best Service	The Best of Gigapack 1 & 2	CD 2 -> SYN ANA5 -> Program	SYN:East-SYNTH	
Best Service	The Best of Gigapack 1 & 2	CD 2 -> SYN ANA5 -> Sample	SYN:H1.	
Best Service	The Best of Gigapack 1 & 2	CD 2 -> SYN ANA5 -> Sample	SYN:H2.	
Best Service	The Best of Gigapack 1 & 2	CD 2 -> SYN ANA5 -> Sample	SYN:H3.	
Best Service	The Best of Gigapack 1 & 2	CD 2 -> SYN ANA5 -> Sample	SYN:H4.	
Best Service	The Best of Gigapack 1 & 2	CD 2 -> SYN ANA5 -> Sample	SYN:JxFa	
Best Service	The Best of Gigapack 1 & 2	CD 2 -> SYN ANA5 -> Sample	SYN:JxFb	
Best Service	The Best of Gigapack 1 & 2	CD 2 -> SYN ANA5 -> Sample	SYN:JxFc	
Best Service	The Best of Gigapack 1 & 2	CD 2 -> SYN ANA5 -> Sample	SYN:JxFd	
Best Service	The Best of Gigapack 1 & 2	CD 2 -> SYN ANA5 -> Sample	SYN:Fat       C2	
Best Service	The Best of Gigapack 1 & 2	CD 2 -> SYN ANA5 -> Sample	SYN:Fat       C3	
Best Service	The Best of Gigapack 1 & 2	CD 2 -> SYN ANA5 -> Sample	SYN:Fat       C4	
Best Service	The Best of Gigapack 1 & 2	CD 2 -> SYN ANA5 -> Sample	SYN:H5.	
Best Service	The Best of Gigapack 1 & 2	CD 2 -> SYN ANA5 -> Sample	SYN:JxFd r	
Best Service	The Best of Gigapack 1 & 2	CD 2 -> SYN ANA5 -> Sample	SYN:Fat r     C4	
Best Service	The Best of Gigapack 1 & 2	CD 2 -> SYN ANA5 -> Sample	SYN:tySynt	
Best Service	The Best of Gigapack 1 & 2	CD 2 -> SYN ANA5 -> Sample	SYN:SuJX	
Best Service	The Best of Gigapack 1 & 2	CD 2 -> SYN ANA5 -> Sample	SYN:tySynt r	
Best Service	The Best of Gigapack 1 & 2	CD 2 -> SYN ANA5 -> Sample	New Sample	
Best Service	The Best of Gigapack 1 & 2	CD 2 -> SYN ANA5 -> Sample	New Sample-A3	
Best Service	The Best of Gigapack 1 & 2	CD 2 -> SYN ANA5 -> Sample	New Sample-A4	
Best Service	The Best of Gigapack 1 & 2	CD 2 -> SYN ANA5 -> Sample	New Sample-A4(1)	
Best Service	The Best of Gigapack 1 & 2	CD 2 -> SYN ANA5 -> Sample	New Sample-D6	
Best Service	The Best of Gigapack 1 & 2	CD 2 -> SYN ANA5 -> Sample	New Sample-C4	
Best Service	The Best of Gigapack 1 & 2	CD 2 -> SYN ANA5 -> Sample	New Sample-C4(1)	
Best Service	The Best of Gigapack 1 & 2	CD 2 -> SYN ANA5 -> Sample	SYN:Einz 4	
Best Service	The Best of Gigapack 1 & 2	CD 2 -> SYN ANA5 -> Sample	SYN:13551  3.11	
Best Service	The Best of Gigapack 1 & 2	CD 2 -> SYN ANA5 -> Sample	SYN:Analogy	
Best Service	The Best of Gigapack 1 & 2	CD 2 -> SYN ANA5 -> Sample	SYN:rryy1    2.1	
Best Service	The Best of Gigapack 1 & 2	CD 2 -> SYN ANA5 -> Sample	SYN:EAa	
Best Service	The Best of Gigapack 1 & 2	CD 2 -> SYN ANA5 -> Sample	SYN:EAb	
Best Service	The Best of Gigapack 1 & 2	CD 2 -> SYN ANA5 -> Sample	SYN:EAc	
Best Service	The Best of Gigapack 1 & 2	CD 2 -> SYN ANA5 -> Sample	SYN:EAd	
Best Service	The Best of Gigapack 1 & 2	CD 2 -> SYN ANA5 -> Sample	SYN:EAe	
Best Service	The Best of Gigapack 1 & 2	CD 2 -> SYN ANA5 -> Sample	SYN:Einz 4 r	
Best Service	The Best of Gigapack 1 & 2	CD 2 -> PIA 1 AC -> Program	Fluegel 1	
Best Service	The Best of Gigapack 1 & 2	CD 2 -> PIA 1 AC -> Program	Fluegel 2	
Best Service	The Best of Gigapack 1 & 2	CD 2 -> PIA 1 AC -> Program	Fluegel 3 st	
Best Service	The Best of Gigapack 1 & 2	CD 2 -> PIA 1 AC -> Program	Fluegel 4 st	
Best Service	The Best of Gigapack 1 & 2	CD 2 -> PIA 1 AC -> Program	FluegelPad st	
Best Service	The Best of Gigapack 1 & 2	CD 2 -> PIA 1 AC -> Sample	F0 PIA	
Best Service	The Best of Gigapack 1 & 2	CD 2 -> PIA 1 AC -> Sample	A0 PIA	
Best Service	The Best of Gigapack 1 & 2	CD 2 -> PIA 1 AC -> Sample	E1 PIA	
Best Service	The Best of Gigapack 1 & 2	CD 2 -> PIA 1 AC -> Sample	G1 PIA	
Best Service	The Best of Gigapack 1 & 2	CD 2 -> PIA 1 AC -> Sample	B1 PIA	
Best Service	The Best of Gigapack 1 & 2	CD 2 -> PIA 1 AC -> Sample	E2 PIA	
Best Service	The Best of Gigapack 1 & 2	CD 2 -> PIA 1 AC -> Sample	C3 PIA	
Best Service	The Best of Gigapack 1 & 2	CD 2 -> PIA 1 AC -> Sample	F3 PIA	
Best Service	The Best of Gigapack 1 & 2	CD 2 -> PIA 1 AC -> Sample	A3 PIA	
Best Service	The Best of Gigapack 1 & 2	CD 2 -> PIA 1 AC -> Sample	E4 PIA	
Best Service	The Best of Gigapack 1 & 2	CD 2 -> PIA 1 AC -> Sample	G4 PIA	
Best Service	The Best of Gigapack 1 & 2	CD 2 -> PIA 1 AC -> Sample	F5 PIA	
Best Service	The Best of Gigapack 1 & 2	CD 2 -> PIA 1 AC -> Sample	B5 PIA	
Best Service	The Best of Gigapack 1 & 2	CD 2 -> PIA 1 AC -> Sample	Sample 1	
Best Service	The Best of Gigapack 1 & 2	CD 2 -> PIA 1 AC -> Sample	Sample 2	
Best Service	The Best of Gigapack 1 & 2	CD 2 -> PIA 1 AC -> Sample	Sample 3	
Best Service	The Best of Gigapack 1 & 2	CD 2 -> PIA 1 AC -> Sample	Sample 4	
Best Service	The Best of Gigapack 1 & 2	CD 2 -> PIA 1 AC -> Sample	Sample 5	
Best Service	The Best of Gigapack 1 & 2	CD 2 -> PIA 1 AC -> Sample	Sample 6	
Best Service	The Best of Gigapack 1 & 2	CD 2 -> PIA 1 AC -> Sample	Sample 7	
Best Service	The Best of Gigapack 1 & 2	CD 2 -> PIA 1 AC -> Sample	Sample 8	
Best Service	The Best of Gigapack 1 & 2	CD 2 -> PIA 1 AC -> Sample	Sample 8-A5	
Best Service	The Best of Gigapack 1 & 2	CD 2 -> PIA 1 AC -> Sample	Sample 9	
Best Service	The Best of Gigapack 1 & 2	CD 2 -> PIA 1 AC -> Sample	Sample 10	
Best Service	The Best of Gigapack 1 & 2	CD 2 -> SYN 01 -> Program	SYN:Dance  001	
Best Service	The Best of Gigapack 1 & 2	CD 2 -> SYN 01 -> Program	SYN:Dance  002	
Best Service	The Best of Gigapack 1 & 2	CD 2 -> SYN 01 -> Program	SYN:Dance  003	
Best Service	The Best of Gigapack 1 & 2	CD 2 -> SYN 01 -> Program	SYN:Dance  004	
Best Service	The Best of Gigapack 1 & 2	CD 2 -> SYN 01 -> Program	SYN:Dance  005	
Best Service	The Best of Gigapack 1 & 2	CD 2 -> SYN 01 -> Program	SYN:Dance  006	
Best Service	The Best of Gigapack 1 & 2	CD 2 -> SYN 01 -> Program	SYN:Dance  007	
Best Service	The Best of Gigapack 1 & 2	CD 2 -> SYN 01 -> Program	SYN:Dance  008	
Best Service	The Best of Gigapack 1 & 2	CD 2 -> SYN 01 -> Program	SYN:Dance  009	
Best Service	The Best of Gigapack 1 & 2	CD 2 -> SYN 01 -> Program	SYN:Dance  010	
Best Service	The Best of Gigapack 1 & 2	CD 2 -> SYN 01 -> Program	SYN:Dance  011	
Best Service	The Best of Gigapack 1 & 2	CD 2 -> SYN 01 -> Program	SYN:Dance  012	
Best Service	The Best of Gigapack 1 & 2	CD 2 -> SYN 01 -> Program	SYN:Dance  013	
Best Service	The Best of Gigapack 1 & 2	CD 2 -> SYN 01 -> Program	SYN:Dance  014	
Best Service	The Best of Gigapack 1 & 2	CD 2 -> SYN 01 -> Program	SYN:Dance  015	
Best Service	The Best of Gigapack 1 & 2	CD 2 -> SYN 01 -> Program	SYN:Dance  016	
Best Service	The Best of Gigapack 1 & 2	CD 2 -> SYN 01 -> Program	SYN:Dance  017	
Best Service	The Best of Gigapack 1 & 2	CD 2 -> SYN 01 -> Program	SYN:Dance  018	
Best Service	The Best of Gigapack 1 & 2	CD 2 -> SYN 01 -> Program	SYN:Dance  019	
Best Service	The Best of Gigapack 1 & 2	CD 2 -> SYN 01 -> Program	SYN:Dance  020	
Best Service	The Best of Gigapack 1 & 2	CD 2 -> SYN 01 -> Program	SYN:Dance  021	
Best Service	The Best of Gigapack 1 & 2	CD 2 -> SYN 01 -> Program	SYN:Dance  022	
Best Service	The Best of Gigapack 1 & 2	CD 2 -> SYN 01 -> Program	SYN:Dance  023	
Best Service	The Best of Gigapack 1 & 2	CD 2 -> SYN 01 -> Program	SYN:Dance  024	
Best Service	The Best of Gigapack 1 & 2	CD 2 -> SYN 01 -> Program	SYN:Dance  025	
Best Service	The Best of Gigapack 1 & 2	CD 2 -> SYN 01 -> Program	SYN:Dance  026	
Best Service	The Best of Gigapack 1 & 2	CD 2 -> SYN 01 -> Program	SYN:Dance  027	
Best Service	The Best of Gigapack 1 & 2	CD 2 -> SYN 01 -> Program	SYN:Dance  028	
Best Service	The Best of Gigapack 1 & 2	CD 2 -> SYN 01 -> Program	SYN:Dance  029	
Best Service	The Best of Gigapack 1 & 2	CD 2 -> SYN 01 -> Program	SYN:Dance  030	
Best Service	The Best of Gigapack 1 & 2	CD 2 -> SYN 01 -> Program	SYN:Dance  031	
Best Service	The Best of Gigapack 1 & 2	CD 2 -> SYN 01 -> Program	SYN:Dance  032	
Best Service	The Best of Gigapack 1 & 2	CD 2 -> SYN 01 -> Sample	SYN:6737    AE	
Best Service	The Best of Gigapack 1 & 2	CD 2 -> SYN 01 -> Sample	SYN:6737    AA	
Best Service	The Best of Gigapack 1 & 2	CD 2 -> SYN 01 -> Sample	SYN:6737    AO	
Best Service	The Best of Gigapack 1 & 2	CD 2 -> SYN 01 -> Sample	SYN:6737    AT	
Best Service	The Best of Gigapack 1 & 2	CD 2 -> SYN 01 -> Sample	SYN:6737    AU	
Best Service	The Best of Gigapack 1 & 2	CD 2 -> SYN 01 -> Sample	SYN:6736    BK	
Best Service	The Best of Gigapack 1 & 2	CD 2 -> SYN 01 -> Sample	SYN:6736    BL	
Best Service	The Best of Gigapack 1 & 2	CD 2 -> SYN 01 -> Sample	SYN:6736    BF	
Best Service	The Best of Gigapack 1 & 2	CD 2 -> SYN 01 -> Sample	SYN:6736    BE	
Best Service	The Best of Gigapack 1 & 2	CD 2 -> SYN 01 -> Sample	SYN:6738    AD	
Best Service	The Best of Gigapack 1 & 2	CD 2 -> SYN 01 -> Sample	SYN:6738    AM	
Best Service	The Best of Gigapack 1 & 2	CD 2 -> SYN 01 -> Sample	SYN:6738    AN	
Best Service	The Best of Gigapack 1 & 2	CD 2 -> SYN 01 -> Sample	SYN:6736    AU	
Best Service	The Best of Gigapack 1 & 2	CD 2 -> SYN 01 -> Sample	SYN:7747	
Best Service	The Best of Gigapack 1 & 2	CD 2 -> SYN 01 -> Sample	SYN:6736    AD	
Best Service	The Best of Gigapack 1 & 2	CD 2 -> SYN 01 -> Sample	SYN:Dance 030	
Best Service	The Best of Gigapack 1 & 2	CD 2 -> SYN 01 -> Sample	SYN:6736    AI	
Best Service	The Best of Gigapack 1 & 2	CD 2 -> SYN 01 -> Sample	SYN:0478	
Best Service	The Best of Gigapack 1 & 2	CD 2 -> SYN 01 -> Sample	SYN:7736	
Best Service	The Best of Gigapack 1 & 2	CD 2 -> SYN 01 -> Sample	SYN:6736    AV	
Best Service	The Best of Gigapack 1 & 2	CD 2 -> SYN 01 -> Sample	SYN:6736    AX	
Best Service	The Best of Gigapack 1 & 2	CD 2 -> SYN 01 -> Sample	SYN:ODnc	
Best Service	The Best of Gigapack 1 & 2	CD 2 -> SYN 01 -> Sample	SYN:6737    AB	
Best Service	The Best of Gigapack 1 & 2	CD 2 -> SYN 01 -> Sample	SYN:6737    AC	
Best Service	The Best of Gigapack 1 & 2	CD 2 -> SYN 01 -> Sample	SYN:Dnbb	
Best Service	The Best of Gigapack 1 & 2	CD 2 -> SYN 01 -> Sample	SYN:Older 957	
Best Service	The Best of Gigapack 1 & 2	CD 2 -> SYN 01 -> Sample	SYN:6738    AE	
Best Service	The Best of Gigapack 1 & 2	CD 2 -> SYN 01 -> Sample	SYN:6736    AH	
Best Service	The Best of Gigapack 1 & 2	CD 2 -> SYN 01 -> Sample	SYN:6287	
Best Service	The Best of Gigapack 1 & 2	CD 2 -> SYN 01 -> Sample	SYN:6737    AD	
Best Service	The Best of Gigapack 1 & 2	CD 2 -> SYN 01 -> Sample	SYN:6736    AZ	
Best Service	The Best of Gigapack 1 & 2	CD 2 -> SYN 01 -> Sample	SYN:Qwer5ss	
Best Service	The Best of Gigapack 1 & 2	CD 2 -> SYN 01 -> Sample	SYN:Mustafa	
Best Service	The Best of Gigapack 1 & 2	CD 2 -> SYN 01 -> Sample	SYN:6736    AE	
Best Service	The Best of Gigapack 1 & 2	CD 2 -> SYN 02 -> Program	SYN:Dance  033	
Best Service	The Best of Gigapack 1 & 2	CD 2 -> SYN 02 -> Program	SYN:Dance  034	
Best Service	The Best of Gigapack 1 & 2	CD 2 -> SYN 02 -> Program	SYN:Dance  035	
Best Service	The Best of Gigapack 1 & 2	CD 2 -> SYN 02 -> Program	SYN:Dance  036	
Best Service	The Best of Gigapack 1 & 2	CD 2 -> SYN 02 -> Program	SYN:Dance  037	
Best Service	The Best of Gigapack 1 & 2	CD 2 -> SYN 02 -> Program	SYN:Dance  038	
Best Service	The Best of Gigapack 1 & 2	CD 2 -> SYN 02 -> Program	SYN:Dance  039	
Best Service	The Best of Gigapack 1 & 2	CD 2 -> SYN 02 -> Program	SYN:Dance  040	
Best Service	The Best of Gigapack 1 & 2	CD 2 -> SYN 02 -> Program	SYN:Dance  041	
Best Service	The Best of Gigapack 1 & 2	CD 2 -> SYN 02 -> Program	SYN:Dance  042	
Best Service	The Best of Gigapack 1 & 2	CD 2 -> SYN 02 -> Program	SYN:Dance  043	
Best Service	The Best of Gigapack 1 & 2	CD 2 -> SYN 02 -> Program	SYN:Dance  044	
Best Service	The Best of Gigapack 1 & 2	CD 2 -> SYN 02 -> Program	SYN:Dance  045	
Best Service	The Best of Gigapack 1 & 2	CD 2 -> SYN 02 -> Program	SYN:Dance  046	
Best Service	The Best of Gigapack 1 & 2	CD 2 -> SYN 02 -> Program	SYN:Dance  047	
Best Service	The Best of Gigapack 1 & 2	CD 2 -> SYN 02 -> Program	SYN:Dance  048	
Best Service	The Best of Gigapack 1 & 2	CD 2 -> SYN 02 -> Program	SYN:Dance  049	
Best Service	The Best of Gigapack 1 & 2	CD 2 -> SYN 02 -> Program	SYN:Dance  050	
Best Service	The Best of Gigapack 1 & 2	CD 2 -> SYN 02 -> Program	SYN:Dance  051	
Best Service	The Best of Gigapack 1 & 2	CD 2 -> SYN 02 -> Program	SYN:Dance  052	
Best Service	The Best of Gigapack 1 & 2	CD 2 -> SYN 02 -> Program	SYN:Dance  053	
Best Service	The Best of Gigapack 1 & 2	CD 2 -> SYN 02 -> Program	SYN:Dance  054	
Best Service	The Best of Gigapack 1 & 2	CD 2 -> SYN 02 -> Program	SYN:Dance  055	
Best Service	The Best of Gigapack 1 & 2	CD 2 -> SYN 02 -> Program	SYN:Dance  056	
Best Service	The Best of Gigapack 1 & 2	CD 2 -> SYN 02 -> Program	SYN:Dance  057	
Best Service	The Best of Gigapack 1 & 2	CD 2 -> SYN 02 -> Program	SYN:Dance  058	
Best Service	The Best of Gigapack 1 & 2	CD 2 -> SYN 02 -> Program	SYN:Dance  059	
Best Service	The Best of Gigapack 1 & 2	CD 2 -> SYN 02 -> Program	SYN:Dance  060	
Best Service	The Best of Gigapack 1 & 2	CD 2 -> SYN 02 -> Program	SYN:Dance  061	
Best Service	The Best of Gigapack 1 & 2	CD 2 -> SYN 02 -> Program	SYN:Dance  062	
Best Service	The Best of Gigapack 1 & 2	CD 2 -> SYN 02 -> Program	SYN:Dance  063	
Best Service	The Best of Gigapack 1 & 2	CD 2 -> SYN 02 -> Program	SYN:Dance  064	
Best Service	The Best of Gigapack 1 & 2	CD 2 -> SYN 02 -> Sample	SYN:6736    BC	
Best Service	The Best of Gigapack 1 & 2	CD 2 -> SYN 02 -> Sample	SYN:6738    AG	
Best Service	The Best of Gigapack 1 & 2	CD 2 -> SYN 02 -> Sample	SYN:ANALOG 7 1	
Best Service	The Best of Gigapack 1 & 2	CD 2 -> SYN 02 -> Sample	SYN:ANALOG 7 2	
Best Service	The Best of Gigapack 1 & 2	CD 2 -> SYN 02 -> Sample	SYN:ANALOG 7 3	
Best Service	The Best of Gigapack 1 & 2	CD 2 -> SYN 02 -> Sample	SYN:7068	
Best Service	The Best of Gigapack 1 & 2	CD 2 -> SYN 02 -> Sample	SYN:Elypt	
Best Service	The Best of Gigapack 1 & 2	CD 2 -> SYN 02 -> Sample	SYN:Akko	
Best Service	The Best of Gigapack 1 & 2	CD 2 -> SYN 02 -> Sample	SYN:8388	
Best Service	The Best of Gigapack 1 & 2	CD 2 -> SYN 02 -> Sample	SYN:6736    BG	
Best Service	The Best of Gigapack 1 & 2	CD 2 -> SYN 02 -> Sample	SYN:3398!	
Best Service	The Best of Gigapack 1 & 2	CD 2 -> SYN 02 -> Sample	SYN:5247	
Best Service	The Best of Gigapack 1 & 2	CD 2 -> SYN 02 -> Sample	SYN:Light Ch	
Best Service	The Best of Gigapack 1 & 2	CD 2 -> SYN 02 -> Sample	SYN:36Cho	
Best Service	The Best of Gigapack 1 & 2	CD 2 -> SYN 02 -> Sample	SYN:1000	
Best Service	The Best of Gigapack 1 & 2	CD 2 -> SYN 02 -> Sample	SYN:5705	
Best Service	The Best of Gigapack 1 & 2	CD 2 -> SYN 02 -> Sample	SYN:8085	
Best Service	The Best of Gigapack 1 & 2	CD 2 -> SYN 02 -> Sample	SYN:9057s	
Best Service	The Best of Gigapack 1 & 2	CD 2 -> SYN 02 -> Sample	SYN:Dnce 63j 2	
Best Service	The Best of Gigapack 1 & 2	CD 2 -> SYN 02 -> Sample	SYN:8184!!	
Best Service	The Best of Gigapack 1 & 2	CD 2 -> SYN 02 -> Sample	SYN:6084!	
Best Service	The Best of Gigapack 1 & 2	CD 2 -> SYN 02 -> Sample	SYN:ANALOG 4 1	
Best Service	The Best of Gigapack 1 & 2	CD 2 -> SYN 02 -> Sample	SYN:ANALOG 4 2	
Best Service	The Best of Gigapack 1 & 2	CD 2 -> SYN 02 -> Sample	SYN:ANALOG 4 3	
Best Service	The Best of Gigapack 1 & 2	CD 2 -> SYN 02 -> Sample	SYN:8184!!!	
Best Service	The Best of Gigapack 1 & 2	CD 2 -> SYN 02 -> Sample	SYN:Monic	
Best Service	The Best of Gigapack 1 & 2	CD 2 -> SYN 02 -> Sample	SYN:8905	
Best Service	The Best of Gigapack 1 & 2	CD 2 -> SYN 02 -> Sample	SYN:7847	
Best Service	The Best of Gigapack 1 & 2	CD 2 -> SYN 02 -> Sample	SYN:3888	
Best Service	The Best of Gigapack 1 & 2	CD 2 -> SYN 02 -> Sample	SYN:2091!	
Best Service	The Best of Gigapack 1 & 2	CD 2 -> SYN 02 -> Sample	SYN:5794	
Best Service	The Best of Gigapack 1 & 2	CD 2 -> SYN 02 -> Sample	SYN:6736    AJ	
Best Service	The Best of Gigapack 1 & 2	CD 2 -> SYN 02 -> Sample	SYN:6288	
Best Service	The Best of Gigapack 1 & 2	CD 2 -> SYN 02 -> Sample	SYN:3139 3	
Best Service	The Best of Gigapack 1 & 2	CD 2 -> SYN 02 -> Sample	SYN:Orcanic	
Best Service	The Best of Gigapack 1 & 2	CD 2 -> SYN 02 -> Sample	SYN:Tech799	
Best Service	The Best of Gigapack 1 & 2	CD 2 -> SYN 03 -> Program	SYN:Dance  065	
Best Service	The Best of Gigapack 1 & 2	CD 2 -> SYN 03 -> Program	SYN:Dance  066	
Best Service	The Best of Gigapack 1 & 2	CD 2 -> SYN 03 -> Program	SYN:Dance  067	
Best Service	The Best of Gigapack 1 & 2	CD 2 -> SYN 03 -> Program	SYN:Dance  068	
Best Service	The Best of Gigapack 1 & 2	CD 2 -> SYN 03 -> Program	SYN:Dance  069	
Best Service	The Best of Gigapack 1 & 2	CD 2 -> SYN 03 -> Program	SYN:Dance  070	
Best Service	The Best of Gigapack 1 & 2	CD 2 -> SYN 03 -> Program	SYN:Dance  071	
Best Service	The Best of Gigapack 1 & 2	CD 2 -> SYN 03 -> Program	SYN:Dance  072	
Best Service	The Best of Gigapack 1 & 2	CD 2 -> SYN 03 -> Program	SYN:Dance  073	
Best Service	The Best of Gigapack 1 & 2	CD 2 -> SYN 03 -> Program	SYN:Dance  074	
Best Service	The Best of Gigapack 1 & 2	CD 2 -> SYN 03 -> Program	SYN:Dance  075	
Best Service	The Best of Gigapack 1 & 2	CD 2 -> SYN 03 -> Program	SYN:Dance  076	
Best Service	The Best of Gigapack 1 & 2	CD 2 -> SYN 03 -> Program	SYN:Dance  077	
Best Service	The Best of Gigapack 1 & 2	CD 2 -> SYN 03 -> Program	SYN:Dance  078	
Best Service	The Best of Gigapack 1 & 2	CD 2 -> SYN 03 -> Program	SYN:Dance  079	
Best Service	The Best of Gigapack 1 & 2	CD 2 -> SYN 03 -> Program	SYN:Dance  080	
Best Service	The Best of Gigapack 1 & 2	CD 2 -> SYN 03 -> Program	SYN:Dance  081	
Best Service	The Best of Gigapack 1 & 2	CD 2 -> SYN 03 -> Program	SYN:Dance  082	
Best Service	The Best of Gigapack 1 & 2	CD 2 -> SYN 03 -> Program	SYN:Dance  083	
Best Service	The Best of Gigapack 1 & 2	CD 2 -> SYN 03 -> Program	SYN:Dance  084	
Best Service	The Best of Gigapack 1 & 2	CD 2 -> SYN 03 -> Program	SYN:Dance  085	
Best Service	The Best of Gigapack 1 & 2	CD 2 -> SYN 03 -> Program	SYN:Dance  086	
Best Service	The Best of Gigapack 1 & 2	CD 2 -> SYN 03 -> Program	SYN:Dance  087	
Best Service	The Best of Gigapack 1 & 2	CD 2 -> SYN 03 -> Program	SYN:Dance  088	
Best Service	The Best of Gigapack 1 & 2	CD 2 -> SYN 03 -> Program	SYN:Dance  089	
Best Service	The Best of Gigapack 1 & 2	CD 2 -> SYN 03 -> Program	SYN:Dance  090	
Best Service	The Best of Gigapack 1 & 2	CD 2 -> SYN 03 -> Program	SYN:Dance  091	
Best Service	The Best of Gigapack 1 & 2	CD 2 -> SYN 03 -> Program	SYN:Dance  092	
Best Service	The Best of Gigapack 1 & 2	CD 2 -> SYN 03 -> Program	SYN:Dance  093	
Best Service	The Best of Gigapack 1 & 2	CD 2 -> SYN 03 -> Program	SYN:Dance  094	
Best Service	The Best of Gigapack 1 & 2	CD 2 -> SYN 03 -> Program	SYN:Dance  095	
Best Service	The Best of Gigapack 1 & 2	CD 2 -> SYN 03 -> Program	SYN:Dance  096	
Best Service	The Best of Gigapack 1 & 2	CD 2 -> SYN 03 -> Sample	SYN:Sleep	
Best Service	The Best of Gigapack 1 & 2	CD 2 -> SYN 03 -> Sample	SYN:9602	
Best Service	The Best of Gigapack 1 & 2	CD 2 -> SYN 03 -> Sample	SYN:SynDance0	
Best Service	The Best of Gigapack 1 & 2	CD 2 -> SYN 03 -> Sample	SYN:5370 D4	
Best Service	The Best of Gigapack 1 & 2	CD 2 -> SYN 03 -> Sample	SYN:5370 D4b	
Best Service	The Best of Gigapack 1 & 2	CD 2 -> SYN 03 -> Sample	SYN:5370 F#4b	
Best Service	The Best of Gigapack 1 & 2	CD 2 -> SYN 03 -> Sample	SYN:5370 F#4c	
Best Service	The Best of Gigapack 1 & 2	CD 2 -> SYN 03 -> Sample	SYN:5370 G4	
Best Service	The Best of Gigapack 1 & 2	CD 2 -> SYN 03 -> Sample	SYN:5370 A4	
Best Service	The Best of Gigapack 1 & 2	CD 2 -> SYN 03 -> Sample	SYN:4792	
Best Service	The Best of Gigapack 1 & 2	CD 2 -> SYN 03 -> Sample	SYN:6737    AX	
Best Service	The Best of Gigapack 1 & 2	CD 2 -> SYN 03 -> Sample	SYN:6736    AG	
Best Service	The Best of Gigapack 1 & 2	CD 2 -> SYN 03 -> Sample	SYN:Chrd080	
Best Service	The Best of Gigapack 1 & 2	CD 2 -> SYN 03 -> Sample	SYN:5rt	
Best Service	The Best of Gigapack 1 & 2	CD 2 -> SYN 03 -> Sample	SYN:eggh 40	
Best Service	The Best of Gigapack 1 & 2	CD 2 -> SYN 03 -> Sample	SYN:y/269	
Best Service	The Best of Gigapack 1 & 2	CD 2 -> SYN 03 -> Sample	SYN:Dnc 666	
Best Service	The Best of Gigapack 1 & 2	CD 2 -> SYN 03 -> Sample	SYN:6736    AF	
Best Service	The Best of Gigapack 1 & 2	CD 2 -> SYN 03 -> Sample	SYN:7004!	
Best Service	The Best of Gigapack 1 & 2	CD 2 -> SYN 03 -> Sample	SYN:6737    AP	
Best Service	The Best of Gigapack 1 & 2	CD 2 -> SYN 03 -> Sample	SYN:6736    AP	
Best Service	The Best of Gigapack 1 & 2	CD 2 -> SYN 03 -> Sample	SYN:7746	
Best Service	The Best of Gigapack 1 & 2	CD 2 -> SYN 03 -> Sample	SYN:Bl01s	
Best Service	The Best of Gigapack 1 & 2	CD 2 -> SYN 03 -> Sample	SYN:Bl02s	
Best Service	The Best of Gigapack 1 & 2	CD 2 -> SYN 03 -> Sample	SYN:Bl03s	
Best Service	The Best of Gigapack 1 & 2	CD 2 -> SYN 03 -> Sample	SYN:Bl04s	
Best Service	The Best of Gigapack 1 & 2	CD 2 -> SYN 03 -> Sample	SYN:Bl05s	
Best Service	The Best of Gigapack 1 & 2	CD 2 -> SYN 03 -> Sample	SYN:Bl06s	
Best Service	The Best of Gigapack 1 & 2	CD 2 -> SYN 03 -> Sample	SYN:Bl07s	
Best Service	The Best of Gigapack 1 & 2	CD 2 -> SYN 03 -> Sample	SYN:Bl08s	
Best Service	The Best of Gigapack 1 & 2	CD 2 -> SYN 03 -> Sample	SYN:6737    AZ	
Best Service	The Best of Gigapack 1 & 2	CD 2 -> SYN 03 -> Sample	SYN:6738    AB	
Best Service	The Best of Gigapack 1 & 2	CD 2 -> SYN 03 -> Sample	SYN:Dance  217	
Best Service	The Best of Gigapack 1 & 2	CD 2 -> SYN 03 -> Sample	SYN:Dance  212	
Best Service	The Best of Gigapack 1 & 2	CD 2 -> SYN 03 -> Sample	SYN:Dance  219	
Best Service	The Best of Gigapack 1 & 2	CD 2 -> SYN 03 -> Sample	SYN:Dance  209	
Best Service	The Best of Gigapack 1 & 2	CD 2 -> SYN 03 -> Sample	SYN:Accordic21	
Best Service	The Best of Gigapack 1 & 2	CD 2 -> SYN 03 -> Sample	SYN:Dance  204	
Best Service	The Best of Gigapack 1 & 2	CD 2 -> SYN 03 -> Sample	SYN:3251	
Best Service	The Best of Gigapack 1 & 2	CD 2 -> SYN 03 -> Sample	SYN:Hit me	
Best Service	The Best of Gigapack 1 & 2	CD 2 -> SYN 03 -> Sample	SYN:Vince	
Best Service	The Best of Gigapack 1 & 2	CD 2 -> SYN 03 -> Sample	SYN:4771	
Best Service	The Best of Gigapack 1 & 2	CD 2 -> SYN 03 -> Sample	SYN:Dance Syn6	
Best Service	The Best of Gigapack 1 & 2	CD 2 -> SYN 03 -> Sample	SYN:typ83	
Best Service	The Best of Gigapack 1 & 2	CD 2 -> SYN 03 -> Sample	SYN:Sleep     -L-C4	
Best Service	The Best of Gigapack 1 & 2	CD 2 -> SYN 04 -> Program	SYN:Dance  097	
Best Service	The Best of Gigapack 1 & 2	CD 2 -> SYN 04 -> Program	SYN:Dance  098	
Best Service	The Best of Gigapack 1 & 2	CD 2 -> SYN 04 -> Program	SYN:Dance  099	
Best Service	The Best of Gigapack 1 & 2	CD 2 -> SYN 04 -> Program	SYN:Dance  100	
Best Service	The Best of Gigapack 1 & 2	CD 2 -> SYN 04 -> Program	SYN:Dance  101	
Best Service	The Best of Gigapack 1 & 2	CD 2 -> SYN 04 -> Program	SYN:Dance  102	
Best Service	The Best of Gigapack 1 & 2	CD 2 -> SYN 04 -> Program	SYN:Dance  103	
Best Service	The Best of Gigapack 1 & 2	CD 2 -> SYN 04 -> Program	SYN:Dance  104	
Best Service	The Best of Gigapack 1 & 2	CD 2 -> SYN 04 -> Program	SYN:Dance  105	
Best Service	The Best of Gigapack 1 & 2	CD 2 -> SYN 04 -> Program	SYN:Dance  106	
Best Service	The Best of Gigapack 1 & 2	CD 2 -> SYN 04 -> Program	SYN:Dance  107	
Best Service	The Best of Gigapack 1 & 2	CD 2 -> SYN 04 -> Program	SYN:Dance  108	
Best Service	The Best of Gigapack 1 & 2	CD 2 -> SYN 04 -> Program	SYN:Dance  109	
Best Service	The Best of Gigapack 1 & 2	CD 2 -> SYN 04 -> Program	SYN:Dance  110	
Best Service	The Best of Gigapack 1 & 2	CD 2 -> SYN 04 -> Program	SYN:Dance  111	
Best Service	The Best of Gigapack 1 & 2	CD 2 -> SYN 04 -> Program	SYN:Dance  112	
Best Service	The Best of Gigapack 1 & 2	CD 2 -> SYN 04 -> Program	SYN:Dance  113	
Best Service	The Best of Gigapack 1 & 2	CD 2 -> SYN 04 -> Program	SYN:Dance  114	
Best Service	The Best of Gigapack 1 & 2	CD 2 -> SYN 04 -> Program	SYN:Dance  115	
Best Service	The Best of Gigapack 1 & 2	CD 2 -> SYN 04 -> Program	SYN:Dance  116	
Best Service	The Best of Gigapack 1 & 2	CD 2 -> SYN 04 -> Program	SYN:Dance  117	
Best Service	The Best of Gigapack 1 & 2	CD 2 -> SYN 04 -> Program	SYN:Dance  118	
Best Service	The Best of Gigapack 1 & 2	CD 2 -> SYN 04 -> Program	SYN:Dance  119	
Best Service	The Best of Gigapack 1 & 2	CD 2 -> SYN 04 -> Program	SYN:Dance  120	
Best Service	The Best of Gigapack 1 & 2	CD 2 -> SYN 04 -> Program	SYN:Dance  121	
Best Service	The Best of Gigapack 1 & 2	CD 2 -> SYN 04 -> Program	SYN:Dance  122	
Best Service	The Best of Gigapack 1 & 2	CD 2 -> SYN 04 -> Program	SYN:Dance  123	
Best Service	The Best of Gigapack 1 & 2	CD 2 -> SYN 04 -> Program	SYN:Dance  124	
Best Service	The Best of Gigapack 1 & 2	CD 2 -> SYN 04 -> Program	SYN:Dance  125	
Best Service	The Best of Gigapack 1 & 2	CD 2 -> SYN 04 -> Program	SYN:Dance  126	
Best Service	The Best of Gigapack 1 & 2	CD 2 -> SYN 04 -> Program	SYN:Dance  127	
Best Service	The Best of Gigapack 1 & 2	CD 2 -> SYN 04 -> Program	SYN:Dance  128	
Best Service	The Best of Gigapack 1 & 2	CD 2 -> SYN 04 -> Sample	SYN:5790	
Best Service	The Best of Gigapack 1 & 2	CD 2 -> SYN 04 -> Sample	SYN:Dance 559	
Best Service	The Best of Gigapack 1 & 2	CD 2 -> SYN 04 -> Sample	SYN:9905	
Best Service	The Best of Gigapack 1 & 2	CD 2 -> SYN 04 -> Sample	SYN:Woopy	
Best Service	The Best of Gigapack 1 & 2	CD 2 -> SYN 04 -> Sample	SYN:EvoWave	
Best Service	The Best of Gigapack 1 & 2	CD 2 -> SYN 04 -> Sample	SYN:Dance 031	
Best Service	The Best of Gigapack 1 & 2	CD 2 -> SYN 04 -> Sample	SYN:2688	
Best Service	The Best of Gigapack 1 & 2	CD 2 -> SYN 04 -> Sample	SYN:0283	
Best Service	The Best of Gigapack 1 & 2	CD 2 -> SYN 04 -> Sample	SYN:7222	
Best Service	The Best of Gigapack 1 & 2	CD 2 -> SYN 04 -> Sample	SYN:4723	
Best Service	The Best of Gigapack 1 & 2	CD 2 -> SYN 04 -> Sample	SYN:Tone 88	
Best Service	The Best of Gigapack 1 & 2	CD 2 -> SYN 04 -> Sample	SYN:Strong 2	
Best Service	The Best of Gigapack 1 & 2	CD 2 -> SYN 04 -> Sample	SYN:Dance 557	
Best Service	The Best of Gigapack 1 & 2	CD 2 -> SYN 04 -> Sample	SYN:Chorruss	
Best Service	The Best of Gigapack 1 & 2	CD 2 -> SYN 04 -> Sample	SYN:Strong 3	
Best Service	The Best of Gigapack 1 & 2	CD 2 -> SYN 04 -> Sample	SYN:Tone 339	
Best Service	The Best of Gigapack 1 & 2	CD 2 -> SYN 04 -> Sample	SYN:Dance 55	
Best Service	The Best of Gigapack 1 & 2	CD 2 -> SYN 04 -> Sample	SYN:0584	
Best Service	The Best of Gigapack 1 & 2	CD 2 -> SYN 04 -> Sample	SYN:TEKNO 4-3	
Best Service	The Best of Gigapack 1 & 2	CD 2 -> SYN 04 -> Sample	SYN:Seqq 170	
Best Service	The Best of Gigapack 1 & 2	CD 2 -> SYN 04 -> Sample	SYN:Tone 77	
Best Service	The Best of Gigapack 1 & 2	CD 2 -> SYN 04 -> Sample	SYN:Tone x1	
Best Service	The Best of Gigapack 1 & 2	CD 2 -> SYN 04 -> Sample	SYN:TEKNO 4-2	
Best Service	The Best of Gigapack 1 & 2	CD 2 -> SYN 04 -> Sample	SYN:TEKNO 4	
Best Service	The Best of Gigapack 1 & 2	CD 2 -> SYN 04 -> Sample	SYN:Strange Z	
Best Service	The Best of Gigapack 1 & 2	CD 2 -> SYN 04 -> Sample	SYN:Dance 060	
Best Service	The Best of Gigapack 1 & 2	CD 2 -> SYN 04 -> Sample	SYN:Dnce200	
Best Service	The Best of Gigapack 1 & 2	CD 2 -> SYN 04 -> Sample	SYN:FLAECHE	
Best Service	The Best of Gigapack 1 & 2	CD 2 -> SYN 04 -> Sample	SYN:Night Ch	
Best Service	The Best of Gigapack 1 & 2	CD 2 -> SYN 04 -> Sample	SYN:4251	
Best Service	The Best of Gigapack 1 & 2	CD 2 -> SYN 04 -> Sample	SYN:9388	
Best Service	The Best of Gigapack 1 & 2	CD 2 -> SYN 04 -> Sample	SYN:4416!	
Best Service	The Best of Gigapack 1 & 2	CD 2 -> SYN 04 -> Sample	SYN:Dnc S6	
Best Service	The Best of Gigapack 1 & 2	CD 2 -> SYN 05 -> Program	SYN:Dance  129	
Best Service	The Best of Gigapack 1 & 2	CD 2 -> SYN 05 -> Program	SYN:Dance  130	
Best Service	The Best of Gigapack 1 & 2	CD 2 -> SYN 05 -> Program	SYN:Dance  131	
Best Service	The Best of Gigapack 1 & 2	CD 2 -> SYN 05 -> Program	SYN:Dance  132	
Best Service	The Best of Gigapack 1 & 2	CD 2 -> SYN 05 -> Program	SYN:Dance  133	
Best Service	The Best of Gigapack 1 & 2	CD 2 -> SYN 05 -> Program	SYN:Dance  134	
Best Service	The Best of Gigapack 1 & 2	CD 2 -> SYN 05 -> Program	SYN:Dance  135	
Best Service	The Best of Gigapack 1 & 2	CD 2 -> SYN 05 -> Program	SYN:Dance  136	
Best Service	The Best of Gigapack 1 & 2	CD 2 -> SYN 05 -> Program	SYN:Dance  137	
Best Service	The Best of Gigapack 1 & 2	CD 2 -> SYN 05 -> Program	SYN:Dance  138	
Best Service	The Best of Gigapack 1 & 2	CD 2 -> SYN 05 -> Program	SYN:Dance  139	
Best Service	The Best of Gigapack 1 & 2	CD 2 -> SYN 05 -> Program	SYN:Dance  140	
Best Service	The Best of Gigapack 1 & 2	CD 2 -> SYN 05 -> Program	SYN:Dance  141	
Best Service	The Best of Gigapack 1 & 2	CD 2 -> SYN 05 -> Program	SYN:Dance  142	
Best Service	The Best of Gigapack 1 & 2	CD 2 -> SYN 05 -> Program	SYN:Dance  143	
Best Service	The Best of Gigapack 1 & 2	CD 2 -> SYN 05 -> Program	SYN:Dance  144	
Best Service	The Best of Gigapack 1 & 2	CD 2 -> SYN 05 -> Program	SYN:Dance  145	
Best Service	The Best of Gigapack 1 & 2	CD 2 -> SYN 05 -> Program	SYN:Dance  146	
Best Service	The Best of Gigapack 1 & 2	CD 2 -> SYN 05 -> Program	SYN:Dance  147	
Best Service	The Best of Gigapack 1 & 2	CD 2 -> SYN 05 -> Program	SYN:Dance  148	
Best Service	The Best of Gigapack 1 & 2	CD 2 -> SYN 05 -> Program	SYN:Dance  149	
Best Service	The Best of Gigapack 1 & 2	CD 2 -> SYN 05 -> Program	SYN:Dance  150	
Best Service	The Best of Gigapack 1 & 2	CD 2 -> SYN 05 -> Program	SYN:Dance  151	
Best Service	The Best of Gigapack 1 & 2	CD 2 -> SYN 05 -> Program	SYN:Dance  152	
Best Service	The Best of Gigapack 1 & 2	CD 2 -> SYN 05 -> Program	SYN:Dance  153	
Best Service	The Best of Gigapack 1 & 2	CD 2 -> SYN 05 -> Program	SYN:Dance  154	
Best Service	The Best of Gigapack 1 & 2	CD 2 -> SYN 05 -> Program	SYN:Dance  155	
Best Service	The Best of Gigapack 1 & 2	CD 2 -> SYN 05 -> Program	SYN:Dance  156	
Best Service	The Best of Gigapack 1 & 2	CD 2 -> SYN 05 -> Program	SYN:Dance  157	
Best Service	The Best of Gigapack 1 & 2	CD 2 -> SYN 05 -> Program	SYN:Dance  158	
Best Service	The Best of Gigapack 1 & 2	CD 2 -> SYN 05 -> Program	SYN:Dance  159	
Best Service	The Best of Gigapack 1 & 2	CD 2 -> SYN 05 -> Program	SYN:Dance  160	
Best Service	The Best of Gigapack 1 & 2	CD 2 -> SYN 05 -> Sample	SYN:st14 Soc	
Best Service	The Best of Gigapack 1 & 2	CD 2 -> SYN 05 -> Sample	SYN:Dance 56	
Best Service	The Best of Gigapack 1 & 2	CD 2 -> SYN 05 -> Sample	SYN:Dance  532	
Best Service	The Best of Gigapack 1 & 2	CD 2 -> SYN 05 -> Sample	SYN:7069	
Best Service	The Best of Gigapack 1 & 2	CD 2 -> SYN 05 -> Sample	SYN:0683!	
Best Service	The Best of Gigapack 1 & 2	CD 2 -> SYN 05 -> Sample	SYN:ANALOG 1	
Best Service	The Best of Gigapack 1 & 2	CD 2 -> SYN 05 -> Sample	SYN:ANALOG 1 2	
Best Service	The Best of Gigapack 1 & 2	CD 2 -> SYN 05 -> Sample	SYN:ANALOG 1 3	
Best Service	The Best of Gigapack 1 & 2	CD 2 -> SYN 05 -> Sample	SYN:SpecJupp	
Best Service	The Best of Gigapack 1 & 2	CD 2 -> SYN 05 -> Sample	SYN:D522y N	
Best Service	The Best of Gigapack 1 & 2	CD 2 -> SYN 05 -> Sample	SYN:D522y	
Best Service	The Best of Gigapack 1 & 2	CD 2 -> SYN 05 -> Sample	SYN:Fty 44	
Best Service	The Best of Gigapack 1 & 2	CD 2 -> SYN 05 -> Sample	SYN:Orrrrg E**	
Best Service	The Best of Gigapack 1 & 2	CD 2 -> SYN 05 -> Sample	SYN:Orrrrg F**	
Best Service	The Best of Gigapack 1 & 2	CD 2 -> SYN 05 -> Sample	SYN:Orrrrg A**	
Best Service	The Best of Gigapack 1 & 2	CD 2 -> SYN 05 -> Sample	SYN:8315!	
Best Service	The Best of Gigapack 1 & 2	CD 2 -> SYN 05 -> Sample	SYN:ANALOG 6 1	
Best Service	The Best of Gigapack 1 & 2	CD 2 -> SYN 05 -> Sample	SYN:ANALOG 6 2	
Best Service	The Best of Gigapack 1 & 2	CD 2 -> SYN 05 -> Sample	SYN:ANALOG 6 3	
Best Service	The Best of Gigapack 1 & 2	CD 2 -> SYN 05 -> Sample	SYN:4296	
Best Service	The Best of Gigapack 1 & 2	CD 2 -> SYN 05 -> Sample	SYN:Zrrrrp	
Best Service	The Best of Gigapack 1 & 2	CD 2 -> SYN 05 -> Sample	SYN:Older 43D#	
Best Service	The Best of Gigapack 1 & 2	CD 2 -> SYN 05 -> Sample	SYN:Older 44F#	
Best Service	The Best of Gigapack 1 & 2	CD 2 -> SYN 05 -> Sample	SYN:Older 46A4	
Best Service	The Best of Gigapack 1 & 2	CD 2 -> SYN 05 -> Sample	SYN:3139	
Best Service	The Best of Gigapack 1 & 2	CD 2 -> SYN 05 -> Sample	SYN:Padoc 15	
Best Service	The Best of Gigapack 1 & 2	CD 2 -> SYN 05 -> Sample	SYN:2211!	
Best Service	The Best of Gigapack 1 & 2	CD 2 -> SYN 05 -> Sample	SYN:4725	
Best Service	The Best of Gigapack 1 & 2	CD 2 -> SYN 05 -> Sample	SYN:HmZr7	
Best Service	The Best of Gigapack 1 & 2	CD 2 -> SYN 05 -> Sample	SYN:FXScie 022	
Best Service	The Best of Gigapack 1 & 2	CD 2 -> SYN 05 -> Sample	SYN:447776	
Best Service	The Best of Gigapack 1 & 2	CD 2 -> SYN 05 -> Sample	SYN:44rr	
Best Service	The Best of Gigapack 1 & 2	CD 2 -> SYN 05 -> Sample	SYN:Electr.3	
Best Service	The Best of Gigapack 1 & 2	CD 2 -> SYN 05 -> Sample	SYN:Electr.7	
Best Service	The Best of Gigapack 1 & 2	CD 2 -> SYN 05 -> Sample	SYN:Dance  153	
Best Service	The Best of Gigapack 1 & 2	CD 2 -> SYN 05 -> Sample	SYN:Dance  154	
Best Service	The Best of Gigapack 1 & 2	CD 2 -> SYN 05 -> Sample	SYN:Dance  155	
Best Service	The Best of Gigapack 1 & 2	CD 2 -> SYN 05 -> Sample	SYN:Dance  156	
Best Service	The Best of Gigapack 1 & 2	CD 2 -> SYN 05 -> Sample	SYN:Dance  157	
Best Service	The Best of Gigapack 1 & 2	CD 2 -> SYN 05 -> Sample	SYN:Dance  158	
Best Service	The Best of Gigapack 1 & 2	CD 2 -> SYN 05 -> Sample	SYN:Dance  159	
Best Service	The Best of Gigapack 1 & 2	CD 2 -> SYN 05 -> Sample	SYN:3252	
Best Service	The Best of Gigapack 1 & 2	CD 2 -> SYN 06 -> Program	SYN:Dance  161	
Best Service	The Best of Gigapack 1 & 2	CD 2 -> SYN 06 -> Program	SYN:Dance  162	
Best Service	The Best of Gigapack 1 & 2	CD 2 -> SYN 06 -> Program	SYN:Dance  163	
Best Service	The Best of Gigapack 1 & 2	CD 2 -> SYN 06 -> Program	SYN:Dance  164	
Best Service	The Best of Gigapack 1 & 2	CD 2 -> SYN 06 -> Program	SYN:Dance  165	
Best Service	The Best of Gigapack 1 & 2	CD 2 -> SYN 06 -> Program	SYN:Dance  166	
Best Service	The Best of Gigapack 1 & 2	CD 2 -> SYN 06 -> Program	SYN:Dance  167	
Best Service	The Best of Gigapack 1 & 2	CD 2 -> SYN 06 -> Program	SYN:Dance  168	
Best Service	The Best of Gigapack 1 & 2	CD 2 -> SYN 06 -> Program	SYN:Dance  169	
Best Service	The Best of Gigapack 1 & 2	CD 2 -> SYN 06 -> Program	SYN:Dance  170	
Best Service	The Best of Gigapack 1 & 2	CD 2 -> SYN 06 -> Program	SYN:Dance  171	
Best Service	The Best of Gigapack 1 & 2	CD 2 -> SYN 06 -> Program	SYN:Dance  172	
Best Service	The Best of Gigapack 1 & 2	CD 2 -> SYN 06 -> Program	SYN:Dance  173	
Best Service	The Best of Gigapack 1 & 2	CD 2 -> SYN 06 -> Program	SYN:Dance  174	
Best Service	The Best of Gigapack 1 & 2	CD 2 -> SYN 06 -> Program	SYN:Dance  175	
Best Service	The Best of Gigapack 1 & 2	CD 2 -> SYN 06 -> Program	SYN:Dance  176	
Best Service	The Best of Gigapack 1 & 2	CD 2 -> SYN 06 -> Program	SYN:Dance  177	
Best Service	The Best of Gigapack 1 & 2	CD 2 -> SYN 06 -> Program	SYN:Dance  178	
Best Service	The Best of Gigapack 1 & 2	CD 2 -> SYN 06 -> Program	SYN:Dance  179	
Best Service	The Best of Gigapack 1 & 2	CD 2 -> SYN 06 -> Program	SYN:Dance  180	
Best Service	The Best of Gigapack 1 & 2	CD 2 -> SYN 06 -> Program	SYN:Dance  181	
Best Service	The Best of Gigapack 1 & 2	CD 2 -> SYN 06 -> Program	SYN:Dance  182	
Best Service	The Best of Gigapack 1 & 2	CD 2 -> SYN 06 -> Program	SYN:Dance  183	
Best Service	The Best of Gigapack 1 & 2	CD 2 -> SYN 06 -> Program	SYN:Dance  184	
Best Service	The Best of Gigapack 1 & 2	CD 2 -> SYN 06 -> Program	SYN:Dance  185	
Best Service	The Best of Gigapack 1 & 2	CD 2 -> SYN 06 -> Program	SYN:Dance  186	
Best Service	The Best of Gigapack 1 & 2	CD 2 -> SYN 06 -> Program	SYN:Dance  187	
Best Service	The Best of Gigapack 1 & 2	CD 2 -> SYN 06 -> Program	SYN:Dance  188	
Best Service	The Best of Gigapack 1 & 2	CD 2 -> SYN 06 -> Program	SYN:Dance  189	
Best Service	The Best of Gigapack 1 & 2	CD 2 -> SYN 06 -> Program	SYN:Dance  190	
Best Service	The Best of Gigapack 1 & 2	CD 2 -> SYN 06 -> Program	SYN:Dance  191	
Best Service	The Best of Gigapack 1 & 2	CD 2 -> SYN 06 -> Program	SYN:Dance  192	
Best Service	The Best of Gigapack 1 & 2	CD 2 -> SYN 06 -> Sample	SYN:Dance  161	
Best Service	The Best of Gigapack 1 & 2	CD 2 -> SYN 06 -> Sample	SYN:Dance  162	
Best Service	The Best of Gigapack 1 & 2	CD 2 -> SYN 06 -> Sample	SYN:Dance  163	
Best Service	The Best of Gigapack 1 & 2	CD 2 -> SYN 06 -> Sample	SYN:Dance  164	
Best Service	The Best of Gigapack 1 & 2	CD 2 -> SYN 06 -> Sample	SYN:Ch56	
Best Service	The Best of Gigapack 1 & 2	CD 2 -> SYN 06 -> Sample	SYN:Dance  166	
Best Service	The Best of Gigapack 1 & 2	CD 2 -> SYN 06 -> Sample	SYN:Dance  167	
Best Service	The Best of Gigapack 1 & 2	CD 2 -> SYN 06 -> Sample	SYN:6736	
Best Service	The Best of Gigapack 1 & 2	CD 2 -> SYN 06 -> Sample	SYN:Ork22	
Best Service	The Best of Gigapack 1 & 2	CD 2 -> SYN 06 -> Sample	SYN:Dance  170	
Best Service	The Best of Gigapack 1 & 2	CD 2 -> SYN 06 -> Sample	SYN:Synth  171	
Best Service	The Best of Gigapack 1 & 2	CD 2 -> SYN 06 -> Sample	SYN:4726	
Best Service	The Best of Gigapack 1 & 2	CD 2 -> SYN 06 -> Sample	SYN:Dance  200	
Best Service	The Best of Gigapack 1 & 2	CD 2 -> SYN 06 -> Sample	SYN:Dance  265	
Best Service	The Best of Gigapack 1 & 2	CD 2 -> SYN 06 -> Sample	SYN:Dance  264	
Best Service	The Best of Gigapack 1 & 2	CD 2 -> SYN 06 -> Sample	SYN:Dance  260	
Best Service	The Best of Gigapack 1 & 2	CD 2 -> SYN 06 -> Sample	SYN:Dance  259	
Best Service	The Best of Gigapack 1 & 2	CD 2 -> SYN 06 -> Sample	SYN:6683	
Best Service	The Best of Gigapack 1 & 2	CD 2 -> SYN 06 -> Sample	SYN:Dance  257	
Best Service	The Best of Gigapack 1 & 2	CD 2 -> SYN 06 -> Sample	SYN:Dance  256	
Best Service	The Best of Gigapack 1 & 2	CD 2 -> SYN 06 -> Sample	SYN:Dance  255	
Best Service	The Best of Gigapack 1 & 2	CD 2 -> SYN 06 -> Sample	SYN:Dance  254	
Best Service	The Best of Gigapack 1 & 2	CD 2 -> SYN 06 -> Sample	SYN:Dance  251	
Best Service	The Best of Gigapack 1 & 2	CD 2 -> SYN 06 -> Sample	SYN:Dance  250	
Best Service	The Best of Gigapack 1 & 2	CD 2 -> SYN 06 -> Sample	SYN:Dance  249	
Best Service	The Best of Gigapack 1 & 2	CD 2 -> SYN 06 -> Sample	SYN:Dance  248	
Best Service	The Best of Gigapack 1 & 2	CD 2 -> SYN 06 -> Sample	SYN:Dance  246	
Best Service	The Best of Gigapack 1 & 2	CD 2 -> SYN 06 -> Sample	SYN:Dance  245	
Best Service	The Best of Gigapack 1 & 2	CD 2 -> SYN 06 -> Sample	SYN:Dance  244	
Best Service	The Best of Gigapack 1 & 2	CD 2 -> SYN 06 -> Sample	SYN:Dance  241	
Best Service	The Best of Gigapack 1 & 2	CD 2 -> SYN 06 -> Sample	SYN:Dance  237	
Best Service	The Best of Gigapack 1 & 2	CD 2 -> SYN 06 -> Sample	SYN:8057	
Best Service	The Best of Gigapack 1 & 2	CD 2 -> SYN 07 -> Program	SYN:Dance  193	
Best Service	The Best of Gigapack 1 & 2	CD 2 -> SYN 07 -> Program	SYN:Dance  194	
Best Service	The Best of Gigapack 1 & 2	CD 2 -> SYN 07 -> Program	SYN:Dance  195	
Best Service	The Best of Gigapack 1 & 2	CD 2 -> SYN 07 -> Program	SYN:Dance  196	
Best Service	The Best of Gigapack 1 & 2	CD 2 -> SYN 07 -> Program	SYN:Dance  197	
Best Service	The Best of Gigapack 1 & 2	CD 2 -> SYN 07 -> Program	SYN:Dance  198	
Best Service	The Best of Gigapack 1 & 2	CD 2 -> SYN 07 -> Program	SYN:Dance  199	
Best Service	The Best of Gigapack 1 & 2	CD 2 -> SYN 07 -> Program	SYN:Dance  200	
Best Service	The Best of Gigapack 1 & 2	CD 2 -> SYN 07 -> Program	SYN:Dance  201	
Best Service	The Best of Gigapack 1 & 2	CD 2 -> SYN 07 -> Program	SYN:Dance  202	
Best Service	The Best of Gigapack 1 & 2	CD 2 -> SYN 07 -> Program	SYN:Dance  203	
Best Service	The Best of Gigapack 1 & 2	CD 2 -> SYN 07 -> Program	SYN:Dance  204	
Best Service	The Best of Gigapack 1 & 2	CD 2 -> SYN 07 -> Program	SYN:Dance  205	
Best Service	The Best of Gigapack 1 & 2	CD 2 -> SYN 07 -> Program	SYN:Dance  206	
Best Service	The Best of Gigapack 1 & 2	CD 2 -> SYN 07 -> Program	SYN:Dance  207	
Best Service	The Best of Gigapack 1 & 2	CD 2 -> SYN 07 -> Program	SYN:Dance  208	
Best Service	The Best of Gigapack 1 & 2	CD 2 -> SYN 07 -> Program	SYN:Dance  209	
Best Service	The Best of Gigapack 1 & 2	CD 2 -> SYN 07 -> Program	SYN:Dance  210	
Best Service	The Best of Gigapack 1 & 2	CD 2 -> SYN 07 -> Program	SYN:Dance  211	
Best Service	The Best of Gigapack 1 & 2	CD 2 -> SYN 07 -> Program	SYN:Dance  212	
Best Service	The Best of Gigapack 1 & 2	CD 2 -> SYN 07 -> Program	SYN:Dance  213	
Best Service	The Best of Gigapack 1 & 2	CD 2 -> SYN 07 -> Program	SYN:Dance  214	
Best Service	The Best of Gigapack 1 & 2	CD 2 -> SYN 07 -> Program	SYN:Dance  215	
Best Service	The Best of Gigapack 1 & 2	CD 2 -> SYN 07 -> Program	SYN:Dance  216	
Best Service	The Best of Gigapack 1 & 2	CD 2 -> SYN 07 -> Program	SYN:Dance  217	
Best Service	The Best of Gigapack 1 & 2	CD 2 -> SYN 07 -> Program	SYN:Dance  218	
Best Service	The Best of Gigapack 1 & 2	CD 2 -> SYN 07 -> Program	SYN:Dance  219	
Best Service	The Best of Gigapack 1 & 2	CD 2 -> SYN 07 -> Program	SYN:Dance  220	
Best Service	The Best of Gigapack 1 & 2	CD 2 -> SYN 07 -> Program	SYN:Dance  221	
Best Service	The Best of Gigapack 1 & 2	CD 2 -> SYN 07 -> Program	SYN:Dance  222	
Best Service	The Best of Gigapack 1 & 2	CD 2 -> SYN 07 -> Program	SYN:Dance  223	
Best Service	The Best of Gigapack 1 & 2	CD 2 -> SYN 07 -> Program	SYN:Dance  224	
Best Service	The Best of Gigapack 1 & 2	CD 2 -> SYN 07 -> Sample	SYN:Dance  234	
Best Service	The Best of Gigapack 1 & 2	CD 2 -> SYN 07 -> Sample	SYN:Dance  233	
Best Service	The Best of Gigapack 1 & 2	CD 2 -> SYN 07 -> Sample	SYN:Dance  232	
Best Service	The Best of Gigapack 1 & 2	CD 2 -> SYN 07 -> Sample	SYN:Dance  230	
Best Service	The Best of Gigapack 1 & 2	CD 2 -> SYN 07 -> Sample	SYN:Dance  229	
Best Service	The Best of Gigapack 1 & 2	CD 2 -> SYN 07 -> Sample	SYN:Dance  228	
Best Service	The Best of Gigapack 1 & 2	CD 2 -> SYN 07 -> Sample	SYN:Dance  224	
Best Service	The Best of Gigapack 1 & 2	CD 2 -> SYN 07 -> Sample	SYN:Dance  222	
Best Service	The Best of Gigapack 1 & 2	CD 2 -> SYN 07 -> Sample	SYN:Dance  201	
Best Service	The Best of Gigapack 1 & 2	CD 2 -> SYN 07 -> Sample	SYN:HmZr8	
Best Service	The Best of Gigapack 1 & 2	CD 2 -> SYN 07 -> Sample	SYN:Dance  203	
Best Service	The Best of Gigapack 1 & 2	CD 2 -> SYN 07 -> Sample	SYN:Rh66 y	
Best Service	The Best of Gigapack 1 & 2	CD 2 -> SYN 07 -> Sample	SYN:Huge	
Best Service	The Best of Gigapack 1 & 2	CD 2 -> SYN 07 -> Sample	SYN:Dance  221	
Best Service	The Best of Gigapack 1 & 2	CD 2 -> SYN 07 -> Sample	SYN:Dance  220	
Best Service	The Best of Gigapack 1 & 2	CD 2 -> SYN 07 -> Sample	SYN:ANALOG 3 1	
Best Service	The Best of Gigapack 1 & 2	CD 2 -> SYN 07 -> Sample	SYN:ANALOG 3 2	
Best Service	The Best of Gigapack 1 & 2	CD 2 -> SYN 07 -> Sample	SYN:ANALOG 3 3	
Best Service	The Best of Gigapack 1 & 2	CD 2 -> SYN 07 -> Sample	SYN:GuiSYN	
Best Service	The Best of Gigapack 1 & 2	CD 2 -> SYN 07 -> Sample	SYN:GuiSYN2	
Best Service	The Best of Gigapack 1 & 2	CD 2 -> SYN 07 -> Sample	SYN:8483 e	
Best Service	The Best of Gigapack 1 & 2	CD 2 -> SYN 07 -> Sample	SYN:8483 f	
Best Service	The Best of Gigapack 1 & 2	CD 2 -> SYN 07 -> Sample	SYN:8483 g	
Best Service	The Best of Gigapack 1 & 2	CD 2 -> SYN 07 -> Sample	SYN:8483 h	
Best Service	The Best of Gigapack 1 & 2	CD 2 -> SYN 07 -> Sample	SYN:8483 a	
Best Service	The Best of Gigapack 1 & 2	CD 2 -> SYN 07 -> Sample	SYN:8483 b	
Best Service	The Best of Gigapack 1 & 2	CD 2 -> SYN 07 -> Sample	SYN:8483 c	
Best Service	The Best of Gigapack 1 & 2	CD 2 -> SYN 07 -> Sample	SYN:8483 d	
Best Service	The Best of Gigapack 1 & 2	CD 2 -> SYN 07 -> Sample	SYN:7851	
Best Service	The Best of Gigapack 1 & 2	CD 2 -> SYN 07 -> Sample	SYN:4155	
Best Service	The Best of Gigapack 1 & 2	CD 2 -> SYN 07 -> Sample	SYN:3139 2	
Best Service	The Best of Gigapack 1 & 2	CD 2 -> SYN 07 -> Sample	SYN:8959	
Best Service	The Best of Gigapack 1 & 2	CD 2 -> SYN 07 -> Sample	SYN:4222	
Best Service	The Best of Gigapack 1 & 2	CD 2 -> SYN 07 -> Sample	SYN:5056!	
Best Service	The Best of Gigapack 1 & 2	CD 2 -> SYN 07 -> Sample	SYN:Dnc44l6	
Best Service	The Best of Gigapack 1 & 2	CD 2 -> SYN 07 -> Sample	SYN:DancSyn88	
Best Service	The Best of Gigapack 1 & 2	CD 2 -> SYN 07 -> Sample	SYN:Dance 558	
Best Service	The Best of Gigapack 1 & 2	CD 2 -> SYN 07 -> Sample	SYN:Organ Danc	
Best Service	The Best of Gigapack 1 & 2	CD 2 -> SYN 07 -> Sample	SYN:Organ Noise	
Best Service	The Best of Gigapack 1 & 2	CD 2 -> SYN 07 -> Sample	SYN:Organ Poin	
Best Service	The Best of Gigapack 1 & 2	CD 2 -> SYN 07 -> Sample	SYN:Beat it 1	
Best Service	The Best of Gigapack 1 & 2	CD 2 -> SYN 07 -> Sample	SYN:Beat it 2	
Best Service	The Best of Gigapack 1 & 2	CD 2 -> SYN 07 -> Sample	SYN:6551	
Best Service	The Best of Gigapack 1 & 2	CD 2 -> SYN 08 -> Program	SYN:Dance  225	
Best Service	The Best of Gigapack 1 & 2	CD 2 -> SYN 08 -> Program	SYN:Dance  226	
Best Service	The Best of Gigapack 1 & 2	CD 2 -> SYN 08 -> Program	SYN:Dance  227	
Best Service	The Best of Gigapack 1 & 2	CD 2 -> SYN 08 -> Program	SYN:Dance  228	
Best Service	The Best of Gigapack 1 & 2	CD 2 -> SYN 08 -> Program	SYN:Dance  229	
Best Service	The Best of Gigapack 1 & 2	CD 2 -> SYN 08 -> Program	SYN:Dance  230	
Best Service	The Best of Gigapack 1 & 2	CD 2 -> SYN 08 -> Program	SYN:Dance  231	
Best Service	The Best of Gigapack 1 & 2	CD 2 -> SYN 08 -> Program	SYN:Dance  232	
Best Service	The Best of Gigapack 1 & 2	CD 2 -> SYN 08 -> Program	SYN:Dance  233	
Best Service	The Best of Gigapack 1 & 2	CD 2 -> SYN 08 -> Program	SYN:Dance  234	
Best Service	The Best of Gigapack 1 & 2	CD 2 -> SYN 08 -> Program	SYN:Dance  235	
Best Service	The Best of Gigapack 1 & 2	CD 2 -> SYN 08 -> Program	SYN:Dance  236	
Best Service	The Best of Gigapack 1 & 2	CD 2 -> SYN 08 -> Program	SYN:Dance  237	
Best Service	The Best of Gigapack 1 & 2	CD 2 -> SYN 08 -> Program	SYN:Dance  238	
Best Service	The Best of Gigapack 1 & 2	CD 2 -> SYN 08 -> Program	SYN:Dance  239	
Best Service	The Best of Gigapack 1 & 2	CD 2 -> SYN 08 -> Program	SYN:Dance  240	
Best Service	The Best of Gigapack 1 & 2	CD 2 -> SYN 08 -> Program	SYN:Dance  241	
Best Service	The Best of Gigapack 1 & 2	CD 2 -> SYN 08 -> Program	SYN:Dance  242	
Best Service	The Best of Gigapack 1 & 2	CD 2 -> SYN 08 -> Program	SYN:Dance  243	
Best Service	The Best of Gigapack 1 & 2	CD 2 -> SYN 08 -> Program	SYN:Dance  244	
Best Service	The Best of Gigapack 1 & 2	CD 2 -> SYN 08 -> Program	SYN:Dance  245	
Best Service	The Best of Gigapack 1 & 2	CD 2 -> SYN 08 -> Program	SYN:Dance  246	
Best Service	The Best of Gigapack 1 & 2	CD 2 -> SYN 08 -> Program	SYN:Dance  247	
Best Service	The Best of Gigapack 1 & 2	CD 2 -> SYN 08 -> Program	SYN:Dance  248	
Best Service	The Best of Gigapack 1 & 2	CD 2 -> SYN 08 -> Program	SYN:Dance  249	
Best Service	The Best of Gigapack 1 & 2	CD 2 -> SYN 08 -> Program	SYN:Dance  250	
Best Service	The Best of Gigapack 1 & 2	CD 2 -> SYN 08 -> Program	SYN:Dance  251	
Best Service	The Best of Gigapack 1 & 2	CD 2 -> SYN 08 -> Program	SYN:Dance  252	
Best Service	The Best of Gigapack 1 & 2	CD 2 -> SYN 08 -> Program	SYN:Dance  253	
Best Service	The Best of Gigapack 1 & 2	CD 2 -> SYN 08 -> Program	SYN:Dance  254	
Best Service	The Best of Gigapack 1 & 2	CD 2 -> SYN 08 -> Program	SYN:Dance  255	
Best Service	The Best of Gigapack 1 & 2	CD 2 -> SYN 08 -> Program	SYN:Dance  256	
Best Service	The Best of Gigapack 1 & 2	CD 2 -> SYN 08 -> Sample	SYN:1000$	
Best Service	The Best of Gigapack 1 & 2	CD 2 -> SYN 08 -> Sample	SYN:1190gui	
Best Service	The Best of Gigapack 1 & 2	CD 2 -> SYN 08 -> Sample	SYN:1991gui	
Best Service	The Best of Gigapack 1 & 2	CD 2 -> SYN 08 -> Sample	SYN:2 Strings -R	
Best Service	The Best of Gigapack 1 & 2	CD 2 -> SYN 08 -> Sample	SYN:2 Strings -L	
Best Service	The Best of Gigapack 1 & 2	CD 2 -> SYN 08 -> Sample	SYN:Ace 1	
Best Service	The Best of Gigapack 1 & 2	CD 2 -> SYN 08 -> Sample	SYN:Acid-Fly	
Best Service	The Best of Gigapack 1 & 2	CD 2 -> SYN 08 -> Sample	SYN:AgainTechnic	
Best Service	The Best of Gigapack 1 & 2	CD 2 -> SYN 08 -> Sample	SYN:Alcan	
Best Service	The Best of Gigapack 1 & 2	CD 2 -> SYN 08 -> Sample	SYN:Always aga	
Best Service	The Best of Gigapack 1 & 2	CD 2 -> SYN 08 -> Sample	SYN:AnnaLoge	
Best Service	The Best of Gigapack 1 & 2	CD 2 -> SYN 08 -> Sample	SYN:Ana Seq	
Best Service	The Best of Gigapack 1 & 2	CD 2 -> SYN 08 -> Sample	SYN:Anaplay	
Best Service	The Best of Gigapack 1 & 2	CD 2 -> SYN 08 -> Sample	SYN:Ana-Seq 44	
Best Service	The Best of Gigapack 1 & 2	CD 2 -> SYN 08 -> Sample	SYN:Ana-Touch	
Best Service	The Best of Gigapack 1 & 2	CD 2 -> SYN 08 -> Sample	SYN:Ana15     -R	
Best Service	The Best of Gigapack 1 & 2	CD 2 -> SYN 08 -> Sample	SYN:AnaHit	
Best Service	The Best of Gigapack 1 & 2	CD 2 -> SYN 08 -> Sample	SYN:AnaSYN12	
Best Service	The Best of Gigapack 1 & 2	CD 2 -> SYN 08 -> Sample	SYN:Ana027	
Best Service	The Best of Gigapack 1 & 2	CD 2 -> SYN 08 -> Sample	SYN:Ana029	
Best Service	The Best of Gigapack 1 & 2	CD 2 -> SYN 08 -> Sample	SYN:Ana064	
Best Service	The Best of Gigapack 1 & 2	CD 2 -> SYN 08 -> Sample	SYN:B4-PadChor	
Best Service	The Best of Gigapack 1 & 2	CD 2 -> SYN 08 -> Sample	SYN:Baby Pling	
Best Service	The Best of Gigapack 1 & 2	CD 2 -> SYN 08 -> Sample	SYN:Baby`s Synth	
Best Service	The Best of Gigapack 1 & 2	CD 2 -> SYN 08 -> Sample	SYN:Bass-Chord	
Best Service	The Best of Gigapack 1 & 2	CD 2 -> SYN 08 -> Sample	SYN:BassChoir	
Best Service	The Best of Gigapack 1 & 2	CD 2 -> SYN 08 -> Sample	SYN:Basssyy	
Best Service	The Best of Gigapack 1 & 2	CD 2 -> SYN 08 -> Sample	SYN:BendString	
Best Service	The Best of Gigapack 1 & 2	CD 2 -> SYN 08 -> Sample	SYN:Bended Way	
Best Service	The Best of Gigapack 1 & 2	CD 2 -> SYN 08 -> Sample	SYN:Bendo     -L	
Best Service	The Best of Gigapack 1 & 2	CD 2 -> SYN 08 -> Sample	SYN:Big Choru2	
Best Service	The Best of Gigapack 1 & 2	CD 2 -> SYN 08 -> Sample	SYN:Big Chorus	
Best Service	The Best of Gigapack 1 & 2	CD 2 -> SYN 08 -> Sample	SYN:Big Reverb	
Best Service	The Best of Gigapack 1 & 2	CD 2 -> SYN 08 -> Sample	SYN:Blue-Hit	
Best Service	The Best of Gigapack 1 & 2	CD 2 -> SYN 09 -> Program	SYN:Dance  257	
Best Service	The Best of Gigapack 1 & 2	CD 2 -> SYN 09 -> Program	SYN:Dance  258	
Best Service	The Best of Gigapack 1 & 2	CD 2 -> SYN 09 -> Program	SYN:Dance  259	
Best Service	The Best of Gigapack 1 & 2	CD 2 -> SYN 09 -> Program	SYN:Dance  260	
Best Service	The Best of Gigapack 1 & 2	CD 2 -> SYN 09 -> Program	SYN:Dance  261	
Best Service	The Best of Gigapack 1 & 2	CD 2 -> SYN 09 -> Program	SYN:Dance  262	
Best Service	The Best of Gigapack 1 & 2	CD 2 -> SYN 09 -> Program	SYN:Dance  263	
Best Service	The Best of Gigapack 1 & 2	CD 2 -> SYN 09 -> Program	SYN:Dance  264	
Best Service	The Best of Gigapack 1 & 2	CD 2 -> SYN 09 -> Program	SYN:Dance  265	
Best Service	The Best of Gigapack 1 & 2	CD 2 -> SYN 09 -> Program	SYN:Dance  266	
Best Service	The Best of Gigapack 1 & 2	CD 2 -> SYN 09 -> Program	SYN:Dance  267	
Best Service	The Best of Gigapack 1 & 2	CD 2 -> SYN 09 -> Program	SYN:Dance  268	
Best Service	The Best of Gigapack 1 & 2	CD 2 -> SYN 09 -> Program	SYN:Dance  269	
Best Service	The Best of Gigapack 1 & 2	CD 2 -> SYN 09 -> Program	SYN:Dance  270	
Best Service	The Best of Gigapack 1 & 2	CD 2 -> SYN 09 -> Program	SYN:Dance  271	
Best Service	The Best of Gigapack 1 & 2	CD 2 -> SYN 09 -> Program	SYN:Dance  272	
Best Service	The Best of Gigapack 1 & 2	CD 2 -> SYN 09 -> Program	SYN:Dance  273	
Best Service	The Best of Gigapack 1 & 2	CD 2 -> SYN 09 -> Program	SYN:Dance  274	
Best Service	The Best of Gigapack 1 & 2	CD 2 -> SYN 09 -> Program	SYN:Dance  275	
Best Service	The Best of Gigapack 1 & 2	CD 2 -> SYN 09 -> Program	SYN:Dance  276	
Best Service	The Best of Gigapack 1 & 2	CD 2 -> SYN 09 -> Program	SYN:Dance  277	
Best Service	The Best of Gigapack 1 & 2	CD 2 -> SYN 09 -> Program	SYN:Dance  278	
Best Service	The Best of Gigapack 1 & 2	CD 2 -> SYN 09 -> Program	SYN:Dance  279	
Best Service	The Best of Gigapack 1 & 2	CD 2 -> SYN 09 -> Program	SYN:Dance  280	
Best Service	The Best of Gigapack 1 & 2	CD 2 -> SYN 09 -> Program	SYN:Dance  281	
Best Service	The Best of Gigapack 1 & 2	CD 2 -> SYN 09 -> Program	SYN:Dance  282	
Best Service	The Best of Gigapack 1 & 2	CD 2 -> SYN 09 -> Program	SYN:Dance  283	
Best Service	The Best of Gigapack 1 & 2	CD 2 -> SYN 09 -> Program	SYN:Dance  284	
Best Service	The Best of Gigapack 1 & 2	CD 2 -> SYN 09 -> Program	SYN:Dance  285	
Best Service	The Best of Gigapack 1 & 2	CD 2 -> SYN 09 -> Program	SYN:Dance  286	
Best Service	The Best of Gigapack 1 & 2	CD 2 -> SYN 09 -> Program	SYN:Dance  287	
Best Service	The Best of Gigapack 1 & 2	CD 2 -> SYN 09 -> Program	SYN:Dance  288	
Best Service	The Best of Gigapack 1 & 2	CD 2 -> SYN 09 -> Sample	SYN:Bottlesyn	
Best Service	The Best of Gigapack 1 & 2	CD 2 -> SYN 09 -> Sample	SYN:Bumper SYN	
Best Service	The Best of Gigapack 1 & 2	CD 2 -> SYN 09 -> Sample	SYN:ADS C+C 1n	
Best Service	The Best of Gigapack 1 & 2	CD 2 -> SYN 09 -> Sample	SYN:Capello	
Best Service	The Best of Gigapack 1 & 2	CD 2 -> SYN 09 -> Sample	SYN:Chch Chord	
Best Service	The Best of Gigapack 1 & 2	CD 2 -> SYN 09 -> Sample	SYN:ChoirSynth	
Best Service	The Best of Gigapack 1 & 2	CD 2 -> SYN 09 -> Sample	SYN:Cho1	
Best Service	The Best of Gigapack 1 & 2	CD 2 -> SYN 09 -> Sample	SYN:Chord 101	
Best Service	The Best of Gigapack 1 & 2	CD 2 -> SYN 09 -> Sample	SYN:Chord 102	
Best Service	The Best of Gigapack 1 & 2	CD 2 -> SYN 09 -> Sample	SYN:Ch17	
Best Service	The Best of Gigapack 1 & 2	CD 2 -> SYN 09 -> Sample	SYN:Chord 35	
Best Service	The Best of Gigapack 1 & 2	CD 2 -> SYN 09 -> Sample	SYN:Chord-Voic	
Best Service	The Best of Gigapack 1 & 2	CD 2 -> SYN 09 -> Sample	SYN:Chorus-Tone	
Best Service	The Best of Gigapack 1 & 2	CD 2 -> SYN 09 -> Sample	SYN:Chorus	
Best Service	The Best of Gigapack 1 & 2	CD 2 -> SYN 09 -> Sample	SYN:click7	
Best Service	The Best of Gigapack 1 & 2	CD 2 -> SYN 09 -> Sample	SYN:Comby-Synth	
Best Service	The Best of Gigapack 1 & 2	CD 2 -> SYN 09 -> Sample	SYN:Come on !	
Best Service	The Best of Gigapack 1 & 2	CD 2 -> SYN 09 -> Sample	SYN:ton confus	
Best Service	The Best of Gigapack 1 & 2	CD 2 -> SYN 09 -> Sample	SYN:Cyborgn	
Best Service	The Best of Gigapack 1 & 2	CD 2 -> SYN 09 -> Sample	SYN:D.M. 1	
Best Service	The Best of Gigapack 1 & 2	CD 2 -> SYN 09 -> Sample	SYN:D.M. 2	
Best Service	The Best of Gigapack 1 & 2	CD 2 -> SYN 09 -> Sample	SYN:Dance 96	
Best Service	The Best of Gigapack 1 & 2	CD 2 -> SYN 09 -> Sample	SYN:Dance X	
Best Service	The Best of Gigapack 1 & 2	CD 2 -> SYN 09 -> Sample	SYN:DC1	
Best Service	The Best of Gigapack 1 & 2	CD 2 -> SYN 09 -> Sample	SYN:Dance-Hit	
Best Service	The Best of Gigapack 1 & 2	CD 2 -> SYN 09 -> Sample	SYN:DS1	
Best Service	The Best of Gigapack 1 & 2	CD 2 -> SYN 09 -> Sample	SYN:Dwm1	
Best Service	The Best of Gigapack 1 & 2	CD 2 -> SYN 09 -> Sample	SYN:Dwm2	
Best Service	The Best of Gigapack 1 & 2	CD 2 -> SYN 09 -> Sample	SYN:Dwm3	
Best Service	The Best of Gigapack 1 & 2	CD 2 -> SYN 09 -> Sample	SYN:Danzer	
Best Service	The Best of Gigapack 1 & 2	CD 2 -> SYN 09 -> Sample	SYN:Day May	
Best Service	The Best of Gigapack 1 & 2	CD 2 -> SYN 09 -> Sample	SYN:Dick-SeQ	
Best Service	The Best of Gigapack 1 & 2	CD 2 -> SYN 09 -> Sample	SYN:Digital $	
Best Service	The Best of Gigapack 1 & 2	CD 2 -> SYN 09 -> Sample	SYN:DigSyn5?	
Best Service	The Best of Gigapack 1 & 2	CD 2 -> SYN 09 -> Sample	SYN:Disco-Stri	
Best Service	The Best of Gigapack 1 & 2	CD 2 -> SYN 10 -> Program	SYN:Dance  289	
Best Service	The Best of Gigapack 1 & 2	CD 2 -> SYN 10 -> Program	SYN:Dance  290	
Best Service	The Best of Gigapack 1 & 2	CD 2 -> SYN 10 -> Program	SYN:Dance  291	
Best Service	The Best of Gigapack 1 & 2	CD 2 -> SYN 10 -> Program	SYN:Dance  292	
Best Service	The Best of Gigapack 1 & 2	CD 2 -> SYN 10 -> Program	SYN:Dance  293	
Best Service	The Best of Gigapack 1 & 2	CD 2 -> SYN 10 -> Program	SYN:Dance  294	
Best Service	The Best of Gigapack 1 & 2	CD 2 -> SYN 10 -> Program	SYN:Dance  295	
Best Service	The Best of Gigapack 1 & 2	CD 2 -> SYN 10 -> Program	SYN:Dance  296	
Best Service	The Best of Gigapack 1 & 2	CD 2 -> SYN 10 -> Program	SYN:Dance  297	
Best Service	The Best of Gigapack 1 & 2	CD 2 -> SYN 10 -> Program	SYN:Dance  298	
Best Service	The Best of Gigapack 1 & 2	CD 2 -> SYN 10 -> Program	SYN:Dance  299	
Best Service	The Best of Gigapack 1 & 2	CD 2 -> SYN 10 -> Program	SYN:Dance  300	
Best Service	The Best of Gigapack 1 & 2	CD 2 -> SYN 10 -> Program	SYN:Dance  301	
Best Service	The Best of Gigapack 1 & 2	CD 2 -> SYN 10 -> Program	SYN:Dance  302	
Best Service	The Best of Gigapack 1 & 2	CD 2 -> SYN 10 -> Program	SYN:Dance  303	
Best Service	The Best of Gigapack 1 & 2	CD 2 -> SYN 10 -> Program	SYN:Dance  304	
Best Service	The Best of Gigapack 1 & 2	CD 2 -> SYN 10 -> Program	SYN:Dance  305	
Best Service	The Best of Gigapack 1 & 2	CD 2 -> SYN 10 -> Program	SYN:Dance  306	
Best Service	The Best of Gigapack 1 & 2	CD 2 -> SYN 10 -> Program	SYN:Dance  307	
Best Service	The Best of Gigapack 1 & 2	CD 2 -> SYN 10 -> Program	SYN:Dance  308	
Best Service	The Best of Gigapack 1 & 2	CD 2 -> SYN 10 -> Program	SYN:Dance  309	
Best Service	The Best of Gigapack 1 & 2	CD 2 -> SYN 10 -> Program	SYN:Dance  310	
Best Service	The Best of Gigapack 1 & 2	CD 2 -> SYN 10 -> Program	SYN:Dance  311	
Best Service	The Best of Gigapack 1 & 2	CD 2 -> SYN 10 -> Program	SYN:Dance  312	
Best Service	The Best of Gigapack 1 & 2	CD 2 -> SYN 10 -> Program	SYN:Dance  313	
Best Service	The Best of Gigapack 1 & 2	CD 2 -> SYN 10 -> Program	SYN:Dance  314	
Best Service	The Best of Gigapack 1 & 2	CD 2 -> SYN 10 -> Program	SYN:Dance  315	
Best Service	The Best of Gigapack 1 & 2	CD 2 -> SYN 10 -> Program	SYN:Dance  316	
Best Service	The Best of Gigapack 1 & 2	CD 2 -> SYN 10 -> Program	SYN:Dance  317	
Best Service	The Best of Gigapack 1 & 2	CD 2 -> SYN 10 -> Program	SYN:Dance  318	
Best Service	The Best of Gigapack 1 & 2	CD 2 -> SYN 10 -> Program	SYN:Dance  319	
Best Service	The Best of Gigapack 1 & 2	CD 2 -> SYN 10 -> Program	SYN:Dance  320	
Best Service	The Best of Gigapack 1 & 2	CD 2 -> SYN 10 -> Sample	SYN:Don`t you2	
Best Service	The Best of Gigapack 1 & 2	CD 2 -> SYN 10 -> Sample	SYN:Don`t you3	
Best Service	The Best of Gigapack 1 & 2	CD 2 -> SYN 10 -> Sample	SYN:Don`t you	
Best Service	The Best of Gigapack 1 & 2	CD 2 -> SYN 10 -> Sample	SYN:ton Dont go	
Best Service	The Best of Gigapack 1 & 2	CD 2 -> SYN 10 -> Sample	SYN:Dr. Organ	
Best Service	The Best of Gigapack 1 & 2	CD 2 -> SYN 10 -> Sample	SYN:Dr. Piano	
Best Service	The Best of Gigapack 1 & 2	CD 2 -> SYN 10 -> Sample	SYN:EasySyn	
Best Service	The Best of Gigapack 1 & 2	CD 2 -> SYN 10 -> Sample	SYN:Ekstessi	
Best Service	The Best of Gigapack 1 & 2	CD 2 -> SYN 10 -> Sample	SYN:Elek	
Best Service	The Best of Gigapack 1 & 2	CD 2 -> SYN 10 -> Sample	SYN:Elvis	
Best Service	The Best of Gigapack 1 & 2	CD 2 -> SYN 10 -> Sample	SYN:EmptyStomack	
Best Service	The Best of Gigapack 1 & 2	CD 2 -> SYN 10 -> Sample	SYN:Ethnic  2	
Best Service	The Best of Gigapack 1 & 2	CD 2 -> SYN 10 -> Sample	SYN:Evolution*	
Best Service	The Best of Gigapack 1 & 2	CD 2 -> SYN 10 -> Sample	SYN:Fant	
Best Service	The Best of Gigapack 1 & 2	CD 2 -> SYN 10 -> Sample	SYN:FCD in one	
Best Service	The Best of Gigapack 1 & 2	CD 2 -> SYN 10 -> Sample	SYN:House    6	
Best Service	The Best of Gigapack 1 & 2	CD 2 -> SYN 10 -> Sample	SYN:Filter Ron	
Best Service	The Best of Gigapack 1 & 2	CD 2 -> SYN 10 -> Sample	SYN:FilterChor	
Best Service	The Best of Gigapack 1 & 2	CD 2 -> SYN 10 -> Sample	SYN:Filtron	
Best Service	The Best of Gigapack 1 & 2	CD 2 -> SYN 10 -> Sample	SYN:Fix Chord	
Best Service	The Best of Gigapack 1 & 2	CD 2 -> SYN 10 -> Sample	SYN:Flange it	
Best Service	The Best of Gigapack 1 & 2	CD 2 -> SYN 10 -> Sample	SYN:Flange Me !	
Best Service	The Best of Gigapack 1 & 2	CD 2 -> SYN 10 -> Sample	SYN:Frankie93	
Best Service	The Best of Gigapack 1 & 2	CD 2 -> SYN 10 -> Sample	SYN:Frankie94	
Best Service	The Best of Gigapack 1 & 2	CD 2 -> SYN 10 -> Sample	SYN:French	
Best Service	The Best of Gigapack 1 & 2	CD 2 -> SYN 10 -> Sample	SYN:Full strt	
Best Service	The Best of Gigapack 1 & 2	CD 2 -> SYN 10 -> Sample	SYN:ton D.M.fz1	
Best Service	The Best of Gigapack 1 & 2	CD 2 -> SYN 10 -> Sample	SYN:Geil Alter	
Best Service	The Best of Gigapack 1 & 2	CD 2 -> SYN 10 -> Sample	SYN:Gelb	
Best Service	The Best of Gigapack 1 & 2	CD 2 -> SYN 10 -> Sample	SYN:Gemein !	
Best Service	The Best of Gigapack 1 & 2	CD 2 -> SYN 10 -> Sample	SYN:Glider Sy2	
Best Service	The Best of Gigapack 1 & 2	CD 2 -> SYN 10 -> Sample	SYN:Glider Syn	
Best Service	The Best of Gigapack 1 & 2	CD 2 -> SYN 10 -> Sample	SYN:Glockwerk	
Best Service	The Best of Gigapack 1 & 2	CD 2 -> SYN 10 -> Sample	SYN:Gnuff-Synt	
Best Service	The Best of Gigapack 1 & 2	CD 2 -> SYN 10 -> Sample	SYN:Go home	
Best Service	The Best of Gigapack 1 & 2	CD 2 -> SYN 11 -> Program	SYN:Dance  321	
Best Service	The Best of Gigapack 1 & 2	CD 2 -> SYN 11 -> Program	SYN:Dance  322	
Best Service	The Best of Gigapack 1 & 2	CD 2 -> SYN 11 -> Program	SYN:Dance  323	
Best Service	The Best of Gigapack 1 & 2	CD 2 -> SYN 11 -> Program	SYN:Dance  324	
Best Service	The Best of Gigapack 1 & 2	CD 2 -> SYN 11 -> Program	SYN:Dance  325	
Best Service	The Best of Gigapack 1 & 2	CD 2 -> SYN 11 -> Program	SYN:Dance  326	
Best Service	The Best of Gigapack 1 & 2	CD 2 -> SYN 11 -> Program	SYN:Dance  327	
Best Service	The Best of Gigapack 1 & 2	CD 2 -> SYN 11 -> Program	SYN:Dance  328	
Best Service	The Best of Gigapack 1 & 2	CD 2 -> SYN 11 -> Program	SYN:Dance  329	
Best Service	The Best of Gigapack 1 & 2	CD 2 -> SYN 11 -> Program	SYN:Dance  330	
Best Service	The Best of Gigapack 1 & 2	CD 2 -> SYN 11 -> Program	SYN:Dance  331	
Best Service	The Best of Gigapack 1 & 2	CD 2 -> SYN 11 -> Program	SYN:Dance  332	
Best Service	The Best of Gigapack 1 & 2	CD 2 -> SYN 11 -> Program	SYN:Dance  333	
Best Service	The Best of Gigapack 1 & 2	CD 2 -> SYN 11 -> Program	SYN:Dance  334	
Best Service	The Best of Gigapack 1 & 2	CD 2 -> SYN 11 -> Program	SYN:Dance  335	
Best Service	The Best of Gigapack 1 & 2	CD 2 -> SYN 11 -> Program	SYN:Dance  336	
Best Service	The Best of Gigapack 1 & 2	CD 2 -> SYN 11 -> Program	SYN:Dance  337	
Best Service	The Best of Gigapack 1 & 2	CD 2 -> SYN 11 -> Program	SYN:Dance  338	
Best Service	The Best of Gigapack 1 & 2	CD 2 -> SYN 11 -> Program	SYN:Dance  339	
Best Service	The Best of Gigapack 1 & 2	CD 2 -> SYN 11 -> Program	SYN:Dance  340	
Best Service	The Best of Gigapack 1 & 2	CD 2 -> SYN 11 -> Program	SYN:Dance  341	
Best Service	The Best of Gigapack 1 & 2	CD 2 -> SYN 11 -> Program	SYN:Dance  342	
Best Service	The Best of Gigapack 1 & 2	CD 2 -> SYN 11 -> Program	SYN:Dance  343	
Best Service	The Best of Gigapack 1 & 2	CD 2 -> SYN 11 -> Program	SYN:Dance  344	
Best Service	The Best of Gigapack 1 & 2	CD 2 -> SYN 11 -> Program	SYN:Dance  345	
Best Service	The Best of Gigapack 1 & 2	CD 2 -> SYN 11 -> Program	SYN:Dance  346	
Best Service	The Best of Gigapack 1 & 2	CD 2 -> SYN 11 -> Program	SYN:Dance  347	
Best Service	The Best of Gigapack 1 & 2	CD 2 -> SYN 11 -> Program	SYN:Dance  348	
Best Service	The Best of Gigapack 1 & 2	CD 2 -> SYN 11 -> Program	SYN:Dance  349	
Best Service	The Best of Gigapack 1 & 2	CD 2 -> SYN 11 -> Program	SYN:Dance  350	
Best Service	The Best of Gigapack 1 & 2	CD 2 -> SYN 11 -> Program	SYN:Dance  351	
Best Service	The Best of Gigapack 1 & 2	CD 2 -> SYN 11 -> Program	SYN:Dance  352	
Best Service	The Best of Gigapack 1 & 2	CD 2 -> SYN 11 -> Sample	SYN:Going High	
Best Service	The Best of Gigapack 1 & 2	CD 2 -> SYN 11 -> Sample	SYN:Going on	
Best Service	The Best of Gigapack 1 & 2	CD 2 -> SYN 11 -> Sample	SYN:Guru 1	
Best Service	The Best of Gigapack 1 & 2	CD 2 -> SYN 11 -> Sample	SYN:Guru 2	
Best Service	The Best of Gigapack 1 & 2	CD 2 -> SYN 11 -> Sample	SYN:H.P.673n	
Best Service	The Best of Gigapack 1 & 2	CD 2 -> SYN 11 -> Sample	SYN:Hamburg Syn	
Best Service	The Best of Gigapack 1 & 2	CD 2 -> SYN 11 -> Sample	SYN:Heard before	
Best Service	The Best of Gigapack 1 & 2	CD 2 -> SYN 11 -> Sample	SYN:Hell	
Best Service	The Best of Gigapack 1 & 2	CD 2 -> SYN 11 -> Sample	SYN:HighTeck	
Best Service	The Best of Gigapack 1 & 2	CD 2 -> SYN 11 -> Sample	SYN:Hitting-Hit	
Best Service	The Best of Gigapack 1 & 2	CD 2 -> SYN 11 -> Sample	SYN:Holly-Seq	
Best Service	The Best of Gigapack 1 & 2	CD 2 -> SYN 11 -> Sample	SYN:House 1988	
Best Service	The Best of Gigapack 1 & 2	CD 2 -> SYN 11 -> Sample	SYN:hoch	
Best Service	The Best of Gigapack 1 & 2	CD 2 -> SYN 11 -> Sample	SYN:House Chor	
Best Service	The Best of Gigapack 1 & 2	CD 2 -> SYN 11 -> Sample	SYN:House Siren	
Best Service	The Best of Gigapack 1 & 2	CD 2 -> SYN 11 -> Sample	SYN:HouseSyn 336	
Best Service	The Best of Gigapack 1 & 2	CD 2 -> SYN 11 -> Sample	SYN:HouseSyn 8	
Best Service	The Best of Gigapack 1 & 2	CD 2 -> SYN 11 -> Sample	SYN:HugeDig	
Best Service	The Best of Gigapack 1 & 2	CD 2 -> SYN 11 -> Sample	SYN:HundsGeme	
Best Service	The Best of Gigapack 1 & 2	CD 2 -> SYN 11 -> Sample	SYN:Anahit3	
Best Service	The Best of Gigapack 1 & 2	CD 2 -> SYN 11 -> Sample	SYN:Italy Chor	
Best Service	The Best of Gigapack 1 & 2	CD 2 -> SYN 11 -> Sample	SYN:Italy Cho2	
Best Service	The Best of Gigapack 1 & 2	CD 2 -> SYN 11 -> Sample	SYN:JamesnDead	
Best Service	The Best of Gigapack 1 & 2	CD 2 -> SYN 11 -> Sample	SYN:JamesTeknN	
Best Service	The Best of Gigapack 1 & 2	CD 2 -> SYN 11 -> Sample	SYN:Japanic	
Best Service	The Best of Gigapack 1 & 2	CD 2 -> SYN 11 -> Sample	SYN:JD Smith	
Best Service	The Best of Gigapack 1 & 2	CD 2 -> SYN 11 -> Sample	SYN:JX 1	
Best Service	The Best of Gigapack 1 & 2	CD 2 -> SYN 11 -> Sample	SYN:K.S.	
Best Service	The Best of Gigapack 1 & 2	CD 2 -> SYN 11 -> Sample	SYN:Kaia Hors2	
Best Service	The Best of Gigapack 1 & 2	CD 2 -> SYN 11 -> Sample	SYN:K5	
Best Service	The Best of Gigapack 1 & 2	CD 2 -> SYN 11 -> Sample	SYN:K1	
Best Service	The Best of Gigapack 1 & 2	CD 2 -> SYN 11 -> Sample	SYN:K2	
Best Service	The Best of Gigapack 1 & 2	CD 2 -> SYN 11 -> Sample	SYN:K3	
Best Service	The Best of Gigapack 1 & 2	CD 2 -> SYN 11 -> Sample	SYN:K4	
Best Service	The Best of Gigapack 1 & 2	CD 2 -> SYN 11 -> Sample	SYN:Light Hous	
Best Service	The Best of Gigapack 1 & 2	CD 2 -> SYN 11 -> Sample	SYN:Mr.Organ	
Best Service	The Best of Gigapack 1 & 2	CD 2 -> SYN 12 -> Program	SYN:Dance  353	
Best Service	The Best of Gigapack 1 & 2	CD 2 -> SYN 12 -> Program	SYN:Dance  354	
Best Service	The Best of Gigapack 1 & 2	CD 2 -> SYN 12 -> Program	SYN:Dance  355	
Best Service	The Best of Gigapack 1 & 2	CD 2 -> SYN 12 -> Program	SYN:Dance  356	
Best Service	The Best of Gigapack 1 & 2	CD 2 -> SYN 12 -> Program	SYN:Dance  357	
Best Service	The Best of Gigapack 1 & 2	CD 2 -> SYN 12 -> Program	SYN:Dance  358	
Best Service	The Best of Gigapack 1 & 2	CD 2 -> SYN 12 -> Program	SYN:Dance  359	
Best Service	The Best of Gigapack 1 & 2	CD 2 -> SYN 12 -> Program	SYN:Dance  360	
Best Service	The Best of Gigapack 1 & 2	CD 2 -> SYN 12 -> Program	SYN:Dance  361	
Best Service	The Best of Gigapack 1 & 2	CD 2 -> SYN 12 -> Program	SYN:Dance  362	
Best Service	The Best of Gigapack 1 & 2	CD 2 -> SYN 12 -> Program	SYN:Dance  363	
Best Service	The Best of Gigapack 1 & 2	CD 2 -> SYN 12 -> Program	SYN:Dance  364	
Best Service	The Best of Gigapack 1 & 2	CD 2 -> SYN 12 -> Program	SYN:Dance  365	
Best Service	The Best of Gigapack 1 & 2	CD 2 -> SYN 12 -> Program	SYN:Dance  366	
Best Service	The Best of Gigapack 1 & 2	CD 2 -> SYN 12 -> Program	SYN:Dance  367	
Best Service	The Best of Gigapack 1 & 2	CD 2 -> SYN 12 -> Program	SYN:Dance  368	
Best Service	The Best of Gigapack 1 & 2	CD 2 -> SYN 12 -> Program	SYN:Dance  369	
Best Service	The Best of Gigapack 1 & 2	CD 2 -> SYN 12 -> Program	SYN:Dance  370	
Best Service	The Best of Gigapack 1 & 2	CD 2 -> SYN 12 -> Program	SYN:Dance  371	
Best Service	The Best of Gigapack 1 & 2	CD 2 -> SYN 12 -> Program	SYN:Dance  372	
Best Service	The Best of Gigapack 1 & 2	CD 2 -> SYN 12 -> Program	SYN:Dance  373	
Best Service	The Best of Gigapack 1 & 2	CD 2 -> SYN 12 -> Program	SYN:Dance  374	
Best Service	The Best of Gigapack 1 & 2	CD 2 -> SYN 12 -> Program	SYN:Dance  375	
Best Service	The Best of Gigapack 1 & 2	CD 2 -> SYN 12 -> Program	SYN:Dance  376	
Best Service	The Best of Gigapack 1 & 2	CD 2 -> SYN 12 -> Program	SYN:Dance  377	
Best Service	The Best of Gigapack 1 & 2	CD 2 -> SYN 12 -> Program	SYN:Dance  378	
Best Service	The Best of Gigapack 1 & 2	CD 2 -> SYN 12 -> Program	SYN:Dance  379	
Best Service	The Best of Gigapack 1 & 2	CD 2 -> SYN 12 -> Program	SYN:Dance  380	
Best Service	The Best of Gigapack 1 & 2	CD 2 -> SYN 12 -> Program	SYN:Dance  381	
Best Service	The Best of Gigapack 1 & 2	CD 2 -> SYN 12 -> Program	SYN:Dance  382	
Best Service	The Best of Gigapack 1 & 2	CD 2 -> SYN 12 -> Program	SYN:Dance  383	
Best Service	The Best of Gigapack 1 & 2	CD 2 -> SYN 12 -> Program	SYN:Dance  384	
Best Service	The Best of Gigapack 1 & 2	CD 2 -> SYN 12 -> Sample	SYN:Limit 2	
Best Service	The Best of Gigapack 1 & 2	CD 2 -> SYN 12 -> Sample	SYN:LittleTechno	
Best Service	The Best of Gigapack 1 & 2	CD 2 -> SYN 12 -> Sample	SYN:M1-Pia1	
Best Service	The Best of Gigapack 1 & 2	CD 2 -> SYN 12 -> Sample	SYN:M1-Pia2	
Best Service	The Best of Gigapack 1 & 2	CD 2 -> SYN 12 -> Sample	SYN:M1-Pia3	
Best Service	The Best of Gigapack 1 & 2	CD 2 -> SYN 12 -> Sample	SYN:M1-Pia4	
Best Service	The Best of Gigapack 1 & 2	CD 2 -> SYN 12 -> Sample	SYN:M1-Pia5	
Best Service	The Best of Gigapack 1 & 2	CD 2 -> SYN 12 -> Sample	SYN:MachineSYN	
Best Service	The Best of Gigapack 1 & 2	CD 2 -> SYN 12 -> Sample	SYN:Mania1	
Best Service	The Best of Gigapack 1 & 2	CD 2 -> SYN 12 -> Sample	SYN:Matr6     C3	
Best Service	The Best of Gigapack 1 & 2	CD 2 -> SYN 12 -> Sample	SYN:Matr6     C4	
Best Service	The Best of Gigapack 1 & 2	CD 2 -> SYN 12 -> Sample	SYN:Melodik	
Best Service	The Best of Gigapack 1 & 2	CD 2 -> SYN 12 -> Sample	SYN:MeloTic	
Best Service	The Best of Gigapack 1 & 2	CD 2 -> SYN 12 -> Sample	SYN:Metuut	
Best Service	The Best of Gigapack 1 & 2	CD 2 -> SYN 12 -> Sample	SYN:Metallic	
Best Service	The Best of Gigapack 1 & 2	CD 2 -> SYN 12 -> Sample	SYN:Middle-Reson	
Best Service	The Best of Gigapack 1 & 2	CD 2 -> SYN 12 -> Sample	SYN:Mini-Hit	
Best Service	The Best of Gigapack 1 & 2	CD 2 -> SYN 12 -> Sample	SYN:MiniMulti2	
Best Service	The Best of Gigapack 1 & 2	CD 2 -> SYN 12 -> Sample	SYN:MiniMulti1	
Best Service	The Best of Gigapack 1 & 2	CD 2 -> SYN 12 -> Sample	SYN:Miniteck	
Best Service	The Best of Gigapack 1 & 2	CD 2 -> SYN 12 -> Sample	SYN:Mixed-Hit	
Best Service	The Best of Gigapack 1 & 2	CD 2 -> SYN 12 -> Sample	SYN:SynHIT 1	
Best Service	The Best of Gigapack 1 & 2	CD 2 -> SYN 12 -> Sample	SYN:Monotic	
Best Service	The Best of Gigapack 1 & 2	CD 2 -> SYN 12 -> Sample	SYN:MoonSyn ?	
Best Service	The Best of Gigapack 1 & 2	CD 2 -> SYN 12 -> Sample	SYN:Motion	
Best Service	The Best of Gigapack 1 & 2	CD 2 -> SYN 12 -> Sample	SYN:Mouth Syn	
Best Service	The Best of Gigapack 1 & 2	CD 2 -> SYN 12 -> Sample	SYN:Mr.WahWah	
Best Service	The Best of Gigapack 1 & 2	CD 2 -> SYN 12 -> Sample	SYN:Mr.Wain 4	
Best Service	The Best of Gigapack 1 & 2	CD 2 -> SYN 12 -> Sample	SYN:Mr.Wain 5	
Best Service	The Best of Gigapack 1 & 2	CD 2 -> SYN 12 -> Sample	SYN:Mr.Wain 1	
Best Service	The Best of Gigapack 1 & 2	CD 2 -> SYN 12 -> Sample	SYN:ma1	
Best Service	The Best of Gigapack 1 & 2	CD 2 -> SYN 12 -> Sample	SYN:ma2	
Best Service	The Best of Gigapack 1 & 2	CD 2 -> SYN 12 -> Sample	SYN:ma3	
Best Service	The Best of Gigapack 1 & 2	CD 2 -> SYN 12 -> Sample	SYN:ma4	
Best Service	The Best of Gigapack 1 & 2	CD 2 -> SYN 12 -> Sample	SYN:ma5	
Best Service	The Best of Gigapack 1 & 2	CD 2 -> SYN 12 -> Sample	SYN:ma6	
Best Service	The Best of Gigapack 1 & 2	CD 2 -> SYN 12 -> Sample	SYN:ADS Kraft 3	
Best Service	The Best of Gigapack 1 & 2	CD 2 -> SYN 12 -> Sample	SYN:NewWave	
Best Service	The Best of Gigapack 1 & 2	CD 2 -> SYN 12 -> Sample	SYN:Nice Chord	
Best Service	The Best of Gigapack 1 & 2	CD 2 -> SYN 12 -> Sample	SYN:No Mask	
Best Service	The Best of Gigapack 1 & 2	CD 2 -> SYN 12 -> Sample	SYN:Noise-Kill	
Best Service	The Best of Gigapack 1 & 2	CD 2 -> SYN 12 -> Sample	SYN:OctMet	
Best Service	The Best of Gigapack 1 & 2	CD 2 -> SYN 12 -> Sample	SYN:Old BassSY	
Best Service	The Best of Gigapack 1 & 2	CD 2 -> SYN 12 -> Sample	SYN:oldcasio	
Best Service	The Best of Gigapack 1 & 2	CD 2 -> SYN 12 -> Sample	SYN:Old String	
Best Service	The Best of Gigapack 1 & 2	CD 2 -> SYN 13 -> Program	SYN:Dance  385	
Best Service	The Best of Gigapack 1 & 2	CD 2 -> SYN 13 -> Program	SYN:Dance  386	
Best Service	The Best of Gigapack 1 & 2	CD 2 -> SYN 13 -> Program	SYN:Dance  387	
Best Service	The Best of Gigapack 1 & 2	CD 2 -> SYN 13 -> Program	SYN:Dance  388	
Best Service	The Best of Gigapack 1 & 2	CD 2 -> SYN 13 -> Program	SYN:Dance  389	
Best Service	The Best of Gigapack 1 & 2	CD 2 -> SYN 13 -> Program	SYN:Dance  390	
Best Service	The Best of Gigapack 1 & 2	CD 2 -> SYN 13 -> Program	SYN:Dance  391	
Best Service	The Best of Gigapack 1 & 2	CD 2 -> SYN 13 -> Program	SYN:Dance  392	
Best Service	The Best of Gigapack 1 & 2	CD 2 -> SYN 13 -> Program	SYN:Dance  393	
Best Service	The Best of Gigapack 1 & 2	CD 2 -> SYN 13 -> Program	SYN:Dance  394	
Best Service	The Best of Gigapack 1 & 2	CD 2 -> SYN 13 -> Program	SYN:Dance  395	
Best Service	The Best of Gigapack 1 & 2	CD 2 -> SYN 13 -> Program	SYN:Dance  396	
Best Service	The Best of Gigapack 1 & 2	CD 2 -> SYN 13 -> Program	SYN:Dance  397	
Best Service	The Best of Gigapack 1 & 2	CD 2 -> SYN 13 -> Program	SYN:Dance  398	
Best Service	The Best of Gigapack 1 & 2	CD 2 -> SYN 13 -> Program	SYN:Dance  399	
Best Service	The Best of Gigapack 1 & 2	CD 2 -> SYN 13 -> Program	SYN:Dance  400	
Best Service	The Best of Gigapack 1 & 2	CD 2 -> SYN 13 -> Program	SYN:Dance  401	
Best Service	The Best of Gigapack 1 & 2	CD 2 -> SYN 13 -> Program	SYN:Dance  402	
Best Service	The Best of Gigapack 1 & 2	CD 2 -> SYN 13 -> Program	SYN:Dance  403	
Best Service	The Best of Gigapack 1 & 2	CD 2 -> SYN 13 -> Program	SYN:Dance  404	
Best Service	The Best of Gigapack 1 & 2	CD 2 -> SYN 13 -> Program	SYN:Dance  405	
Best Service	The Best of Gigapack 1 & 2	CD 2 -> SYN 13 -> Program	SYN:Dance  406	
Best Service	The Best of Gigapack 1 & 2	CD 2 -> SYN 13 -> Program	SYN:Dance  407	
Best Service	The Best of Gigapack 1 & 2	CD 2 -> SYN 13 -> Program	SYN:Dance  408	
Best Service	The Best of Gigapack 1 & 2	CD 2 -> SYN 13 -> Program	SYN:Dance  409	
Best Service	The Best of Gigapack 1 & 2	CD 2 -> SYN 13 -> Program	SYN:Dance  410	
Best Service	The Best of Gigapack 1 & 2	CD 2 -> SYN 13 -> Program	SYN:Dance  411	
Best Service	The Best of Gigapack 1 & 2	CD 2 -> SYN 13 -> Program	SYN:Dance  412	
Best Service	The Best of Gigapack 1 & 2	CD 2 -> SYN 13 -> Program	SYN:Dance  413	
Best Service	The Best of Gigapack 1 & 2	CD 2 -> SYN 13 -> Program	SYN:Dance  414	
Best Service	The Best of Gigapack 1 & 2	CD 2 -> SYN 13 -> Program	SYN:Dance  415	
Best Service	The Best of Gigapack 1 & 2	CD 2 -> SYN 13 -> Program	SYN:Dance  416	
Best Service	The Best of Gigapack 1 & 2	CD 2 -> SYN 13 -> Sample	SYN:Old Synth3	
Best Service	The Best of Gigapack 1 & 2	CD 2 -> SYN 13 -> Sample	SYN:Old Synth	
Best Service	The Best of Gigapack 1 & 2	CD 2 -> SYN 13 -> Sample	SYN:Old Synth2	
Best Service	The Best of Gigapack 1 & 2	CD 2 -> SYN 13 -> Sample	SYN:OMT 1	
Best Service	The Best of Gigapack 1 & 2	CD 2 -> SYN 13 -> Sample	SYN:Only one	
Best Service	The Best of Gigapack 1 & 2	CD 2 -> SYN 13 -> Sample	SYN:Only two	
Best Service	The Best of Gigapack 1 & 2	CD 2 -> SYN 13 -> Sample	SYN:Organ 555	
Best Service	The Best of Gigapack 1 & 2	CD 2 -> SYN 13 -> Sample	SYN:Organik	
Best Service	The Best of Gigapack 1 & 2	CD 2 -> SYN 13 -> Sample	SYN:OrgChord36	
Best Service	The Best of Gigapack 1 & 2	CD 2 -> SYN 13 -> Sample	SYN:Orgggan	
Best Service	The Best of Gigapack 1 & 2	CD 2 -> SYN 13 -> Sample	SYN:Orig House	
Best Service	The Best of Gigapack 1 & 2	CD 2 -> SYN 13 -> Sample	SYN:Pad Chord	
Best Service	The Best of Gigapack 1 & 2	CD 2 -> SYN 13 -> Sample	SYN:PiaChord 7	
Best Service	The Best of Gigapack 1 & 2	CD 2 -> SYN 13 -> Sample	SYN:Pianic 2	
Best Service	The Best of Gigapack 1 & 2	CD 2 -> SYN 13 -> Sample	SYN:Piano 25	
Best Service	The Best of Gigapack 1 & 2	CD 2 -> SYN 13 -> Sample	SYN:Piano Dance	
Best Service	The Best of Gigapack 1 & 2	CD 2 -> SYN 13 -> Sample	SYN:Piano-Bass	
Best Service	The Best of Gigapack 1 & 2	CD 2 -> SYN 13 -> Sample	SYN:Playthat	
Best Service	The Best of Gigapack 1 & 2	CD 2 -> SYN 13 -> Sample	SYN:Please	
Best Service	The Best of Gigapack 1 & 2	CD 2 -> SYN 13 -> Sample	SYN:ton fragma	
Best Service	The Best of Gigapack 1 & 2	CD 2 -> SYN 13 -> Sample	SYN:Poly-16	
Best Service	The Best of Gigapack 1 & 2	CD 2 -> SYN 13 -> Sample	SYN:Poly-Thomas	
Best Service	The Best of Gigapack 1 & 2	CD 2 -> SYN 13 -> Sample	SYN:PolySynnnn	
Best Service	The Best of Gigapack 1 & 2	CD 2 -> SYN 13 -> Sample	SYN:Pressli	
Best Service	The Best of Gigapack 1 & 2	CD 2 -> SYN 13 -> Sample	SYN:Syn87	
Best Service	The Best of Gigapack 1 & 2	CD 2 -> SYN 13 -> Sample	SYN:Q-Guitar	
Best Service	The Best of Gigapack 1 & 2	CD 2 -> SYN 13 -> Sample	SYN:Q-Guitar2	
Best Service	The Best of Gigapack 1 & 2	CD 2 -> SYN 13 -> Sample	SYN:Qualizer	
Best Service	The Best of Gigapack 1 & 2	CD 2 -> SYN 13 -> Sample	SYN:Quyto Merz	
Best Service	The Best of Gigapack 1 & 2	CD 2 -> SYN 13 -> Sample	SYN:Raving	
Best Service	The Best of Gigapack 1 & 2	CD 2 -> SYN 13 -> Sample	SYN:Razz-Synth	
Best Service	The Best of Gigapack 1 & 2	CD 2 -> SYN 13 -> Sample	SYN:Red-Organ	
Best Service	The Best of Gigapack 1 & 2	CD 2 -> SYN 13 -> Sample	SYN:Relax-Cho	
Best Service	The Best of Gigapack 1 & 2	CD 2 -> SYN 13 -> Sample	SYN:R1th	
Best Service	The Best of Gigapack 1 & 2	CD 2 -> SYN 13 -> Sample	SYN:R2th	
Best Service	The Best of Gigapack 1 & 2	CD 2 -> SYN 13 -> Sample	SYN:R3th	
Best Service	The Best of Gigapack 1 & 2	CD 2 -> SYN 13 -> Sample	SYN:R4th	
Best Service	The Best of Gigapack 1 & 2	CD 2 -> SYN 13 -> Sample	SYN:Resonatic	
Best Service	The Best of Gigapack 1 & 2	CD 2 -> SYN 13 -> Sample	SYN:Resony	
Best Service	The Best of Gigapack 1 & 2	CD 2 -> SYN 14 -> Program	SYN:Dance  417	
Best Service	The Best of Gigapack 1 & 2	CD 2 -> SYN 14 -> Program	SYN:Dance  418	
Best Service	The Best of Gigapack 1 & 2	CD 2 -> SYN 14 -> Program	SYN:Dance  419	
Best Service	The Best of Gigapack 1 & 2	CD 2 -> SYN 14 -> Program	SYN:Dance  420	
Best Service	The Best of Gigapack 1 & 2	CD 2 -> SYN 14 -> Program	SYN:Dance  421	
Best Service	The Best of Gigapack 1 & 2	CD 2 -> SYN 14 -> Program	SYN:Dance  422	
Best Service	The Best of Gigapack 1 & 2	CD 2 -> SYN 14 -> Program	SYN:Dance  423	
Best Service	The Best of Gigapack 1 & 2	CD 2 -> SYN 14 -> Program	SYN:Dance  424	
Best Service	The Best of Gigapack 1 & 2	CD 2 -> SYN 14 -> Program	SYN:Dance  425	
Best Service	The Best of Gigapack 1 & 2	CD 2 -> SYN 14 -> Program	SYN:Dance  426	
Best Service	The Best of Gigapack 1 & 2	CD 2 -> SYN 14 -> Program	SYN:Dance  427	
Best Service	The Best of Gigapack 1 & 2	CD 2 -> SYN 14 -> Program	SYN:Dance  428	
Best Service	The Best of Gigapack 1 & 2	CD 2 -> SYN 14 -> Program	SYN:Dance  429	
Best Service	The Best of Gigapack 1 & 2	CD 2 -> SYN 14 -> Program	SYN:Dance  430	
Best Service	The Best of Gigapack 1 & 2	CD 2 -> SYN 14 -> Program	SYN:Dance  431	
Best Service	The Best of Gigapack 1 & 2	CD 2 -> SYN 14 -> Program	SYN:Dance  432	
Best Service	The Best of Gigapack 1 & 2	CD 2 -> SYN 14 -> Program	SYN:Dance  433	
Best Service	The Best of Gigapack 1 & 2	CD 2 -> SYN 14 -> Program	SYN:Dance  434	
Best Service	The Best of Gigapack 1 & 2	CD 2 -> SYN 14 -> Program	SYN:Dance  435	
Best Service	The Best of Gigapack 1 & 2	CD 2 -> SYN 14 -> Program	SYN:Dance  436	
Best Service	The Best of Gigapack 1 & 2	CD 2 -> SYN 14 -> Program	SYN:Dance  437	
Best Service	The Best of Gigapack 1 & 2	CD 2 -> SYN 14 -> Program	SYN:Dance  438	
Best Service	The Best of Gigapack 1 & 2	CD 2 -> SYN 14 -> Program	SYN:Dance  439	
Best Service	The Best of Gigapack 1 & 2	CD 2 -> SYN 14 -> Program	SYN:Dance  440	
Best Service	The Best of Gigapack 1 & 2	CD 2 -> SYN 14 -> Program	SYN:Dance  441	
Best Service	The Best of Gigapack 1 & 2	CD 2 -> SYN 14 -> Program	SYN:Dance  442	
Best Service	The Best of Gigapack 1 & 2	CD 2 -> SYN 14 -> Program	SYN:Dance  443	
Best Service	The Best of Gigapack 1 & 2	CD 2 -> SYN 14 -> Program	SYN:Dance  444	
Best Service	The Best of Gigapack 1 & 2	CD 2 -> SYN 14 -> Program	SYN:Dance  445	
Best Service	The Best of Gigapack 1 & 2	CD 2 -> SYN 14 -> Program	SYN:Dance  446	
Best Service	The Best of Gigapack 1 & 2	CD 2 -> SYN 14 -> Program	SYN:Dance  447	
Best Service	The Best of Gigapack 1 & 2	CD 2 -> SYN 14 -> Program	SYN:Dance  448	
Best Service	The Best of Gigapack 1 & 2	CD 2 -> SYN 14 -> Sample	SYN:Revygui	
Best Service	The Best of Gigapack 1 & 2	CD 2 -> SYN 14 -> Sample	SYN:Rich Techno	
Best Service	The Best of Gigapack 1 & 2	CD 2 -> SYN 14 -> Sample	SYN:Robert  6	
Best Service	The Best of Gigapack 1 & 2	CD 2 -> SYN 14 -> Sample	SYN:Ron is back	
Best Service	The Best of Gigapack 1 & 2	CD 2 -> SYN 14 -> Sample	SYN:Roxy	
Best Service	The Best of Gigapack 1 & 2	CD 2 -> SYN 14 -> Sample	SYN:S17-Chord	
Best Service	The Best of Gigapack 1 & 2	CD 2 -> SYN 14 -> Sample	SYN:Sampler DC	
Best Service	The Best of Gigapack 1 & 2	CD 2 -> SYN 14 -> Sample	SYN:Senetic	
Best Service	The Best of Gigapack 1 & 2	CD 2 -> SYN 14 -> Sample	SYN:SeQuality	
Best Service	The Best of Gigapack 1 & 2	CD 2 -> SYN 14 -> Sample	SYN:Seq-Step	
Best Service	The Best of Gigapack 1 & 2	CD 2 -> SYN 14 -> Sample	SYN:Seq-Voice	
Best Service	The Best of Gigapack 1 & 2	CD 2 -> SYN 14 -> Sample	SYN:Seq.-Syn 1	
Best Service	The Best of Gigapack 1 & 2	CD 2 -> SYN 14 -> Sample	SYN:Sequatos	
Best Service	The Best of Gigapack 1 & 2	CD 2 -> SYN 14 -> Sample	SYN:Sequator3	
Best Service	The Best of Gigapack 1 & 2	CD 2 -> SYN 14 -> Sample	SYN:Sequenzic	
Best Service	The Best of Gigapack 1 & 2	CD 2 -> SYN 14 -> Sample	SYN:Short  301	
Best Service	The Best of Gigapack 1 & 2	CD 2 -> SYN 14 -> Sample	SYN:Short Aaah	
Best Service	The Best of Gigapack 1 & 2	CD 2 -> SYN 14 -> Sample	SYN:ShSeq	
Best Service	The Best of Gigapack 1 & 2	CD 2 -> SYN 14 -> Sample	SYN:Short Syn	
Best Service	The Best of Gigapack 1 & 2	CD 2 -> SYN 14 -> Sample	SYN:Short Tran	
Best Service	The Best of Gigapack 1 & 2	CD 2 -> SYN 14 -> Sample	SYN:SYN 700	
Best Service	The Best of Gigapack 1 & 2	CD 2 -> SYN 14 -> Sample	SYN:Shorty   1	
Best Service	The Best of Gigapack 1 & 2	CD 2 -> SYN 14 -> Sample	SYN:Shorty  n2	
Best Service	The Best of Gigapack 1 & 2	CD 2 -> SYN 14 -> Sample	SYN:112	
Best Service	The Best of Gigapack 1 & 2	CD 2 -> SYN 14 -> Sample	SYN:shorty3	
Best Service	The Best of Gigapack 1 & 2	CD 2 -> SYN 14 -> Sample	SYN:Shorty 4	
Best Service	The Best of Gigapack 1 & 2	CD 2 -> SYN 14 -> Sample	SYN:Smurf SynN	
Best Service	The Best of Gigapack 1 & 2	CD 2 -> SYN 14 -> Sample	SYN:Snorck-Syn	
Best Service	The Best of Gigapack 1 & 2	CD 2 -> SYN 14 -> Sample	SYN:Space 58	
Best Service	The Best of Gigapack 1 & 2	CD 2 -> SYN 14 -> Sample	SYN:Space 62	
Best Service	The Best of Gigapack 1 & 2	CD 2 -> SYN 14 -> Sample	SYN:Space 63	
Best Service	The Best of Gigapack 1 & 2	CD 2 -> SYN 14 -> Sample	SYN:Specchord -L	
Best Service	The Best of Gigapack 1 & 2	CD 2 -> SYN 14 -> Sample	SYN:spiral	
Best Service	The Best of Gigapack 1 & 2	CD 2 -> SYN 14 -> Sample	SYN:SquuuSyn	
Best Service	The Best of Gigapack 1 & 2	CD 2 -> SYN 14 -> Sample	SYN:StereoSoun	
Best Service	The Best of Gigapack 1 & 2	CD 2 -> SYN 15 -> Program	SYN:Dance  449	
Best Service	The Best of Gigapack 1 & 2	CD 2 -> SYN 15 -> Program	SYN:Dance  450	
Best Service	The Best of Gigapack 1 & 2	CD 2 -> SYN 15 -> Program	SYN:Dance  451	
Best Service	The Best of Gigapack 1 & 2	CD 2 -> SYN 15 -> Program	SYN:Dance  452	
Best Service	The Best of Gigapack 1 & 2	CD 2 -> SYN 15 -> Program	SYN:Dance  453	
Best Service	The Best of Gigapack 1 & 2	CD 2 -> SYN 15 -> Program	SYN:Dance  454	
Best Service	The Best of Gigapack 1 & 2	CD 2 -> SYN 15 -> Program	SYN:Dance  455	
Best Service	The Best of Gigapack 1 & 2	CD 2 -> SYN 15 -> Program	SYN:Dance  456	
Best Service	The Best of Gigapack 1 & 2	CD 2 -> SYN 15 -> Program	SYN:Dance  457	
Best Service	The Best of Gigapack 1 & 2	CD 2 -> SYN 15 -> Program	SYN:Dance  458	
Best Service	The Best of Gigapack 1 & 2	CD 2 -> SYN 15 -> Program	SYN:Dance  459	
Best Service	The Best of Gigapack 1 & 2	CD 2 -> SYN 15 -> Program	SYN:Dance  460	
Best Service	The Best of Gigapack 1 & 2	CD 2 -> SYN 15 -> Program	SYN:Dance  461	
Best Service	The Best of Gigapack 1 & 2	CD 2 -> SYN 15 -> Program	SYN:Dance  462	
Best Service	The Best of Gigapack 1 & 2	CD 2 -> SYN 15 -> Program	SYN:Dance  463	
Best Service	The Best of Gigapack 1 & 2	CD 2 -> SYN 15 -> Program	SYN:Dance  464	
Best Service	The Best of Gigapack 1 & 2	CD 2 -> SYN 15 -> Program	SYN:Dance  465	
Best Service	The Best of Gigapack 1 & 2	CD 2 -> SYN 15 -> Program	SYN:Dance  466	
Best Service	The Best of Gigapack 1 & 2	CD 2 -> SYN 15 -> Program	SYN:Dance  467	
Best Service	The Best of Gigapack 1 & 2	CD 2 -> SYN 15 -> Program	SYN:Dance  468	
Best Service	The Best of Gigapack 1 & 2	CD 2 -> SYN 15 -> Program	SYN:Dance  469	
Best Service	The Best of Gigapack 1 & 2	CD 2 -> SYN 15 -> Program	SYN:Dance  470	
Best Service	The Best of Gigapack 1 & 2	CD 2 -> SYN 15 -> Program	SYN:Dance  471	
Best Service	The Best of Gigapack 1 & 2	CD 2 -> SYN 15 -> Program	SYN:Dance  472	
Best Service	The Best of Gigapack 1 & 2	CD 2 -> SYN 15 -> Program	SYN:Dance  473	
Best Service	The Best of Gigapack 1 & 2	CD 2 -> SYN 15 -> Program	SYN:Dance  474	
Best Service	The Best of Gigapack 1 & 2	CD 2 -> SYN 15 -> Program	SYN:Dance  475	
Best Service	The Best of Gigapack 1 & 2	CD 2 -> SYN 15 -> Program	SYN:Dance  476	
Best Service	The Best of Gigapack 1 & 2	CD 2 -> SYN 15 -> Program	SYN:Dance  477	
Best Service	The Best of Gigapack 1 & 2	CD 2 -> SYN 15 -> Program	SYN:Dance  478	
Best Service	The Best of Gigapack 1 & 2	CD 2 -> SYN 15 -> Program	SYN:Dance  479	
Best Service	The Best of Gigapack 1 & 2	CD 2 -> SYN 15 -> Program	SYN:Dance  480	
Best Service	The Best of Gigapack 1 & 2	CD 2 -> SYN 15 -> Sample	SYN:StringStro	
Best Service	The Best of Gigapack 1 & 2	CD 2 -> SYN 15 -> Sample	SYN:Strsyn	
Best Service	The Best of Gigapack 1 & 2	CD 2 -> SYN 15 -> Sample	SYN:SunChord	
Best Service	The Best of Gigapack 1 & 2	CD 2 -> SYN 15 -> Sample	SYN:Suspicious	
Best Service	The Best of Gigapack 1 & 2	CD 2 -> SYN 15 -> Sample	SYN:Synth  102	
Best Service	The Best of Gigapack 1 & 2	CD 2 -> SYN 15 -> Sample	SYN:Synth 1690	
Best Service	The Best of Gigapack 1 & 2	CD 2 -> SYN 15 -> Sample	SYN:sy35	
Best Service	The Best of Gigapack 1 & 2	CD 2 -> SYN 15 -> Sample	SYN:Synthic	
Best Service	The Best of Gigapack 1 & 2	CD 2 -> SYN 15 -> Sample	SYN:syntho	
Best Service	The Best of Gigapack 1 & 2	CD 2 -> SYN 15 -> Sample	SYN:Synthonic	
Best Service	The Best of Gigapack 1 & 2	CD 2 -> SYN 15 -> Sample	SYN:Syx Syn   -R	
Best Service	The Best of Gigapack 1 & 2	CD 2 -> SYN 15 -> Sample	SYN:Syx Syn   -L	
Best Service	The Best of Gigapack 1 & 2	CD 2 -> SYN 15 -> Sample	SYN:Syx Syn 2	
Best Service	The Best of Gigapack 1 & 2	CD 2 -> SYN 15 -> Sample	SYN:Take me 1	
Best Service	The Best of Gigapack 1 & 2	CD 2 -> SYN 15 -> Sample	SYN:Techchchnooo	
Best Service	The Best of Gigapack 1 & 2	CD 2 -> SYN 15 -> Sample	SYN:Techno 3	
Best Service	The Best of Gigapack 1 & 2	CD 2 -> SYN 15 -> Sample	SYN:Techno 50	
Best Service	The Best of Gigapack 1 & 2	CD 2 -> SYN 15 -> Sample	SYN:Techno 55	
Best Service	The Best of Gigapack 1 & 2	CD 2 -> SYN 15 -> Sample	SYN:Techno Ben	
Best Service	The Best of Gigapack 1 & 2	CD 2 -> SYN 15 -> Sample	SYN:Techno-Party	
Best Service	The Best of Gigapack 1 & 2	CD 2 -> SYN 15 -> Sample	SYN:Techno11  -L	
Best Service	The Best of Gigapack 1 & 2	CD 2 -> SYN 15 -> Sample	SYN:tekkk7	
Best Service	The Best of Gigapack 1 & 2	CD 2 -> SYN 15 -> Sample	SYN:Technomani	
Best Service	The Best of Gigapack 1 & 2	CD 2 -> SYN 15 -> Sample	SYN:TECHNO???	
Best Service	The Best of Gigapack 1 & 2	CD 2 -> SYN 15 -> Sample	SYN:ton Technotr	
Best Service	The Best of Gigapack 1 & 2	CD 2 -> SYN 15 -> Sample	SYN:TechnoVoi	
Best Service	The Best of Gigapack 1 & 2	CD 2 -> SYN 15 -> Sample	SYN:Teck 1992	
Best Service	The Best of Gigapack 1 & 2	CD 2 -> SYN 15 -> Sample	SYN:Teckord	
Best Service	The Best of Gigapack 1 & 2	CD 2 -> SYN 15 -> Sample	SYN:Sy622!	
Best Service	The Best of Gigapack 1 & 2	CD 2 -> SYN 15 -> Sample	SYN:Orgon2	
Best Service	The Best of Gigapack 1 & 2	CD 2 -> SYN 15 -> Sample	SYN:Szn!06	
Best Service	The Best of Gigapack 1 & 2	CD 2 -> SYN 15 -> Sample	SYN:Tek-k-kno	
Best Service	The Best of Gigapack 1 & 2	CD 2 -> SYN 15 -> Sample	SYN:Tekk Guita	
Best Service	The Best of Gigapack 1 & 2	CD 2 -> SYN 15 -> Sample	SYN:Tekno 747	
Best Service	The Best of Gigapack 1 & 2	CD 2 -> SYN 16 -> Program	SYN:Dance  481	
Best Service	The Best of Gigapack 1 & 2	CD 2 -> SYN 16 -> Program	SYN:Dance  482	
Best Service	The Best of Gigapack 1 & 2	CD 2 -> SYN 16 -> Program	SYN:Dance  483	
Best Service	The Best of Gigapack 1 & 2	CD 2 -> SYN 16 -> Program	SYN:Dance  484	
Best Service	The Best of Gigapack 1 & 2	CD 2 -> SYN 16 -> Program	SYN:Dance  485	
Best Service	The Best of Gigapack 1 & 2	CD 2 -> SYN 16 -> Program	SYN:Dance  486	
Best Service	The Best of Gigapack 1 & 2	CD 2 -> SYN 16 -> Program	SYN:Dance  487	
Best Service	The Best of Gigapack 1 & 2	CD 2 -> SYN 16 -> Program	SYN:Dance  488	
Best Service	The Best of Gigapack 1 & 2	CD 2 -> SYN 16 -> Program	SYN:Dance  489	
Best Service	The Best of Gigapack 1 & 2	CD 2 -> SYN 16 -> Program	SYN:Dance  490	
Best Service	The Best of Gigapack 1 & 2	CD 2 -> SYN 16 -> Program	SYN:Dance  491	
Best Service	The Best of Gigapack 1 & 2	CD 2 -> SYN 16 -> Program	SYN:Dance  492	
Best Service	The Best of Gigapack 1 & 2	CD 2 -> SYN 16 -> Program	SYN:Dance  493	
Best Service	The Best of Gigapack 1 & 2	CD 2 -> SYN 16 -> Program	SYN:Dance  494	
Best Service	The Best of Gigapack 1 & 2	CD 2 -> SYN 16 -> Program	SYN:Dance  495	
Best Service	The Best of Gigapack 1 & 2	CD 2 -> SYN 16 -> Program	SYN:Dance  496	
Best Service	The Best of Gigapack 1 & 2	CD 2 -> SYN 16 -> Program	SYN:Dance  497	
Best Service	The Best of Gigapack 1 & 2	CD 2 -> SYN 16 -> Program	SYN:Dance  498	
Best Service	The Best of Gigapack 1 & 2	CD 2 -> SYN 16 -> Program	SYN:Dance  499	
Best Service	The Best of Gigapack 1 & 2	CD 2 -> SYN 16 -> Program	SYN:Dance  500	
Best Service	The Best of Gigapack 1 & 2	CD 2 -> SYN 16 -> Program	SYN:Dance  501	
Best Service	The Best of Gigapack 1 & 2	CD 2 -> SYN 16 -> Program	SYN:Dance  502	
Best Service	The Best of Gigapack 1 & 2	CD 2 -> SYN 16 -> Program	SYN:Dance  503	
Best Service	The Best of Gigapack 1 & 2	CD 2 -> SYN 16 -> Program	SYN:Dance  504	
Best Service	The Best of Gigapack 1 & 2	CD 2 -> SYN 16 -> Program	SYN:Dance  505	
Best Service	The Best of Gigapack 1 & 2	CD 2 -> SYN 16 -> Program	SYN:Dance  506	
Best Service	The Best of Gigapack 1 & 2	CD 2 -> SYN 16 -> Program	SYN:Dance  507	
Best Service	The Best of Gigapack 1 & 2	CD 2 -> SYN 16 -> Program	SYN:Dance  508	
Best Service	The Best of Gigapack 1 & 2	CD 2 -> SYN 16 -> Program	SYN:Dance  509	
Best Service	The Best of Gigapack 1 & 2	CD 2 -> SYN 16 -> Sample	SYN:testb	
Best Service	The Best of Gigapack 1 & 2	CD 2 -> SYN 16 -> Sample	SYN:Tfol Remmus	
Best Service	The Best of Gigapack 1 & 2	CD 2 -> SYN 16 -> Sample	SYN:The Master	
Best Service	The Best of Gigapack 1 & 2	CD 2 -> SYN 16 -> Sample	SYN:The price	
Best Service	The Best of Gigapack 1 & 2	CD 2 -> SYN 16 -> Sample	SYN:Time Jump	
Best Service	The Best of Gigapack 1 & 2	CD 2 -> SYN 16 -> Sample	SYN:Trecknic	
Best Service	The Best of Gigapack 1 & 2	CD 2 -> SYN 16 -> Sample	SYN:Tschames	
Best Service	The Best of Gigapack 1 & 2	CD 2 -> SYN 16 -> Sample	SYN:TV1	
Best Service	The Best of Gigapack 1 & 2	CD 2 -> SYN 16 -> Sample	SYN:TV 2	
Best Service	The Best of Gigapack 1 & 2	CD 2 -> SYN 16 -> Sample	SYN:TV 3	
Best Service	The Best of Gigapack 1 & 2	CD 2 -> SYN 16 -> Sample	SYN:Two Sounds	
Best Service	The Best of Gigapack 1 & 2	CD 2 -> SYN 16 -> Sample	SYN:U-98	
Best Service	The Best of Gigapack 1 & 2	CD 2 -> SYN 16 -> Sample	SYN:AnaSynth2	
Best Service	The Best of Gigapack 1 & 2	CD 2 -> SYN 16 -> Sample	SYN:Vocodic	
Best Service	The Best of Gigapack 1 & 2	CD 2 -> SYN 16 -> Sample	SYN:Voice Hit	
Best Service	The Best of Gigapack 1 & 2	CD 2 -> SYN 16 -> Sample	SYN:Voice Tone	
Best Service	The Best of Gigapack 1 & 2	CD 2 -> SYN 16 -> Sample	SYN:Wah Tone	
Best Service	The Best of Gigapack 1 & 2	CD 2 -> SYN 16 -> Sample	SYN:Wah-bler	
Best Service	The Best of Gigapack 1 & 2	CD 2 -> SYN 16 -> Sample	SYN:Wary Syn	
Best Service	The Best of Gigapack 1 & 2	CD 2 -> SYN 16 -> Sample	SYN:Wavomatic	
Best Service	The Best of Gigapack 1 & 2	CD 2 -> SYN 16 -> Sample	SYN:Wave665	
Best Service	The Best of Gigapack 1 & 2	CD 2 -> SYN 16 -> Sample	SYN:Wave564	
Best Service	The Best of Gigapack 1 & 2	CD 2 -> SYN 16 -> Sample	SYN:Weamp Syn	
Best Service	The Best of Gigapack 1 & 2	CD 2 -> SYN 16 -> Sample	SYN:whosyn	
Best Service	The Best of Gigapack 1 & 2	CD 2 -> SYN 16 -> Sample	SYN:YasonproN	
Best Service	The Best of Gigapack 1 & 2	CD 2 -> SYN 16 -> Sample	SYN:ZirpZirp	
Best Service	The Best of Gigapack 1 & 2	CD 2 -> SYN 16 -> Sample	SYN:Zisching	
Best Service	The Best of Gigapack 1 & 2	CD 2 -> SYN 16 -> Sample	SYN:Zoing-Syn	
Best Service	The Best of Gigapack 1 & 2	CD 2 -> SYN 16 -> Sample	SYN:Old 39e3	
Best Service	The Best of Gigapack 1 & 2	CD 2 -> SYN 16 -> Sample	SYN:Old 38g3	
Best Service	The Best of Gigapack 1 & 2	CD 2 -> SYN 16 -> Sample	SYN:Old 37a3	
Best Service	The Best of Gigapack 1 & 2	CD 2 -> SYN 16 -> Sample	SYN:Old 36C#4	
Best Service	The Best of Gigapack 1 & 2	CD 2 -> SYN 16 -> Sample	SYN:Old 34d4	
Best Service	The Best of Gigapack 1 & 2	CD 2 -> SYN 16 -> Sample	SYN:Old 41d4	
Best Service	The Best of Gigapack 1 & 2	CD 2 -> SYN 16 -> Sample	SYN:Old 40e4	
Best Service	The Best of Gigapack 1 & 2	CD 2 -> SYN 16 -> Sample	SYN:Old 44e4	
Best Service	The Best of Gigapack 1 & 2	CD 2 -> SYN 16 -> Sample	SYN:Old 43a4	
Best Service	The Best of Gigapack 1 & 2	CD 2 -> SYN 16 -> Sample	SYN:ZZold18	
Best Service	The Best of Gigapack 1 & 2	CD 2 -> SYN 16 -> Sample	SYN:ZZold19	
Best Service	The Best of Gigapack 1 & 2	CD 2 -> SYN 16 -> Sample	SYN:ZZold20	
Best Service	The Best of Gigapack 1 & 2	CD 2 -> SYN 16 -> Sample	SYN:ZZold21	
Best Service	The Best of Gigapack 1 & 2	CD 2 -> SYN 16 -> Sample	SYN:ZZold10	
Best Service	The Best of Gigapack 1 & 2	CD 2 -> SYN 16 -> Sample	SYN:ZZold11	
Best Service	The Best of Gigapack 1 & 2	CD 2 -> SYN 16 -> Sample	SYN:ZZold12	
Best Service	The Best of Gigapack 1 & 2	CD 2 -> SYN 16 -> Sample	SYN:ZZold13	
Best Service	The Best of Gigapack 1 & 2	CD 2 -> SYN 16 -> Sample	SYN:ZZold 1	
Best Service	The Best of Gigapack 1 & 2	CD 2 -> SYN 16 -> Sample	SYN:ZZold 3	
Best Service	The Best of Gigapack 1 & 2	CD 2 -> SYN 16 -> Sample	SYN:ZZold 6	
Best Service	The Best of Gigapack 1 & 2	CD 2 -> SYN 16 -> Sample	SYN:ZZold 8	
Best Service	The Best of Gigapack 1 & 2	CD 2 -> SYN 16 -> Sample	SYN:ZZold22	
Best Service	The Best of Gigapack 1 & 2	CD 2 -> SYN 16 -> Sample	SYN:ZZold23	
Best Service	The Best of Gigapack 1 & 2	CD 2 -> SYN 16 -> Sample	SYN:ZZold24	
Best Service	The Best of Gigapack 1 & 2	CD 2 -> SYN 16 -> Sample	SYN:ZZold25	
Best Service	The Best of Gigapack 1 & 2	CD 2 -> SYN 16 -> Sample	SYN:ZZold14	
Best Service	The Best of Gigapack 1 & 2	CD 2 -> SYN 16 -> Sample	SYN:ZZold15	
Best Service	The Best of Gigapack 1 & 2	CD 2 -> SYN 16 -> Sample	SYN:ZZold16	
Best Service	The Best of Gigapack 1 & 2	CD 2 -> SYN 16 -> Sample	SYN:ZZold17	
Best Service	The Best of Gigapack 1 & 2	CD 2 -> SYN 16 -> Sample	SYN:ZZold 2	
Best Service	The Best of Gigapack 1 & 2	CD 2 -> SYN 16 -> Sample	SYN:ZZold 4	
Best Service	The Best of Gigapack 1 & 2	CD 2 -> SYN 16 -> Sample	SYN:ZZold 7	
Best Service	The Best of Gigapack 1 & 2	CD 2 -> SYN 16 -> Sample	SYN:ZZold 9	
Best Service	The Best of Gigapack 1 & 2	CD 2 -> PIA RHOD -> Program	PIA:Rhodes ster	
Best Service	The Best of Gigapack 1 & 2	CD 2 -> PIA RHOD -> Program	PIA:Rhodes veloc	
Best Service	The Best of Gigapack 1 & 2	CD 2 -> PIA RHOD -> Program	PIA:Rhodes soft	
Best Service	The Best of Gigapack 1 & 2	CD 2 -> PIA RHOD -> Program	PIA:Rhodes hard	
Best Service	The Best of Gigapack 1 & 2	CD 2 -> PIA RHOD -> Sample	PIA:Rhodes s C2	
Best Service	The Best of Gigapack 1 & 2	CD 2 -> PIA RHOD -> Sample	PIA:Rhodes h C2	
Best Service	The Best of Gigapack 1 & 2	CD 2 -> PIA RHOD -> Sample	PIA:Rhodes s 2	
Best Service	The Best of Gigapack 1 & 2	CD 2 -> PIA RHOD -> Sample	PIA:Rhodes h F2#	
Best Service	The Best of Gigapack 1 & 2	CD 2 -> PIA RHOD -> Sample	PIA:Rhodes s 3	
Best Service	The Best of Gigapack 1 & 2	CD 2 -> PIA RHOD -> Sample	PIA:Rhodes h C3	
Best Service	The Best of Gigapack 1 & 2	CD 2 -> PIA RHOD -> Sample	PIA:Rhodes s 4	
Best Service	The Best of Gigapack 1 & 2	CD 2 -> PIA RHOD -> Sample	PIA:Rhodes h F3#	
Best Service	The Best of Gigapack 1 & 2	CD 2 -> PIA RHOD -> Sample	PIA:Rhodes s 5	
Best Service	The Best of Gigapack 1 & 2	CD 2 -> PIA RHOD -> Sample	PIA:Rhodes h C4	
Best Service	The Best of Gigapack 1 & 2	CD 2 -> PIA RHOD -> Sample	PIA:Rhodes s 6	
Best Service	The Best of Gigapack 1 & 2	CD 2 -> PIA RHOD -> Sample	PIA:Rhodes h F4#	
Best Service	The Best of Gigapack 1 & 2	CD 2 -> PIA RHOD -> Sample	PIA:Rhodes s 7	
Best Service	The Best of Gigapack 1 & 2	CD 2 -> PIA RHOD -> Sample	PIA:Rhodes h C5	
Best Service	The Best of Gigapack 1 & 2	CD 2 -> PIA RHOD -> Sample	PIA:Rhodes s 8	
Best Service	The Best of Gigapack 1 & 2	CD 2 -> PIA RHOD -> Sample	PIA:Rhodes h F5#	
Best Service	The Best of Gigapack 1 & 2	CD 2 -> PIA RHOD -> Sample	PIA:Rhodes s 9	
Best Service	The Best of Gigapack 1 & 2	CD 2 -> PIA RHOD -> Sample	PIA:Rhodes h C6	
Best Service	The Best of Gigapack 1 & 2	CD 2 -> PIA 2 AC -> Program	Grand Piano 1st	
Best Service	The Best of Gigapack 1 & 2	CD 2 -> PIA 2 AC -> Sample	PIA:HighGr E2	
Best Service	The Best of Gigapack 1 & 2	CD 2 -> PIA 2 AC -> Sample	PIA:HighGr B2	
Best Service	The Best of Gigapack 1 & 2	CD 2 -> PIA 2 AC -> Sample	PIA:HighGr E3	
Best Service	The Best of Gigapack 1 & 2	CD 2 -> PIA 2 AC -> Sample	PIA:HighGr G#3	
Best Service	The Best of Gigapack 1 & 2	CD 2 -> PIA 2 AC -> Sample	PIA:HighGr C4	
Best Service	The Best of Gigapack 1 & 2	CD 2 -> PIA 2 AC -> Sample	PIA:HighGr F4	
Best Service	The Best of Gigapack 1 & 2	CD 2 -> PIA 2 AC -> Sample	PIA:HighGr B4	
Best Service	The Best of Gigapack 1 & 2	CD 2 -> PIA 2 AC -> Sample	PIA:HighGr E5	
Best Service	The Best of Gigapack 1 & 2	CD 2 -> PIA 2 AC -> Sample	PIA:HighGr A5	
Best Service	The Best of Gigapack 1 & 2	CD 2 -> PIA 2 AC -> Sample	PIA:HighGr E6	
Best Service	The Best of Gigapack 1 & 2	CD 2 -> PIA 2 AC -> Sample	PIA:HighGr G4	
Best Service	The Best of Gigapack 1 & 2	CD 2 -> PIA 2 AC -> Sample	PIA:HighGr D5	
Best Service	The Best of Gigapack 1 & 2	CD 2 -> PIA 2 AC -> Sample	PIA:HighGr G5	
Best Service	The Best of Gigapack 1 & 2	CD 2 -> PIA 2 AC -> Sample	PIA:HighGr G5 -L-G6	
Best Service	The Best of Gigapack 1 & 2	CD 2 -> PIA 3 AC -> Program	Stereo Grand	
Best Service	The Best of Gigapack 1 & 2	CD 2 -> PIA 3 AC -> Sample	PIA:Grnd5.1	
Best Service	The Best of Gigapack 1 & 2	CD 2 -> PIA 3 AC -> Sample	PIA:Grnd5.2	
Best Service	The Best of Gigapack 1 & 2	CD 2 -> PIA 3 AC -> Sample	PIA:Grnd5.3	
Best Service	The Best of Gigapack 1 & 2	CD 2 -> PIA 3 AC -> Sample	PIA:Grnd5.4	
Best Service	The Best of Gigapack 1 & 2	CD 2 -> PIA 3 AC -> Sample	PIA:Grnd5.5	
Best Service	The Best of Gigapack 1 & 2	CD 2 -> PIA 3 AC -> Sample	PIA:Grnd5.6	
Best Service	The Best of Gigapack 1 & 2	CD 2 -> PIA 3 AC -> Sample	PIA:Grnd5.7	
Best Service	The Best of Gigapack 1 & 2	CD 2 -> PIA 3 AC -> Sample	PIA:Grnd5.8	
Best Service	The Best of Gigapack 1 & 2	CD 2 -> PIA 3 AC -> Sample	PIA:Grnd5.9	
Best Service	The Best of Gigapack 1 & 2	CD 2 -> PIA 3 AC -> Sample	PIA:Grnd5.10	
Best Service	The Best of Gigapack 1 & 2	CD 2 -> PIA 3 AC -> Sample	PIA:Grnd5.11	
Best Service	The Best of Gigapack 1 & 2	CD 2 -> PIA 3 AC -> Sample	PIA:Grnd5.12	
Best Service	The Best of Gigapack 1 & 2	CD 2 -> PIA 4 AC -> Program	PIA:Grand    3st	
Best Service	The Best of Gigapack 1 & 2	CD 2 -> PIA 4 AC -> Sample	PIA:pro 1 E 1	
Best Service	The Best of Gigapack 1 & 2	CD 2 -> PIA 4 AC -> Sample	PIA:pro 1 G#1	
Best Service	The Best of Gigapack 1 & 2	CD 2 -> PIA 4 AC -> Sample	PIA:pro 1 C 2	
Best Service	The Best of Gigapack 1 & 2	CD 2 -> PIA 4 AC -> Sample	PIA:pro 1 G 2	
Best Service	The Best of Gigapack 1 & 2	CD 2 -> PIA 4 AC -> Sample	PIA:pro 1 D 2	
Best Service	The Best of Gigapack 1 & 2	CD 2 -> PIA 4 AC -> Sample	PIA:pro 1 G 3	
Best Service	The Best of Gigapack 1 & 2	CD 2 -> PIA 4 AC -> Sample	PIA:pro 1 C#4	
Best Service	The Best of Gigapack 1 & 2	CD 2 -> PIA 4 AC -> Sample	PIA:pro 1 G 4	
Best Service	The Best of Gigapack 1 & 2	CD 2 -> PIA 4 AC -> Sample	PIA:pro 1 C 5	
Best Service	The Best of Gigapack 1 & 2	CD 2 -> PIA 4 AC -> Sample	PIA:pro 1 G 5	
Best Service	The Best of Gigapack 1 & 2	CD 2 -> PIA 4 AC -> Sample	PIA:pro 1 C 6	
Best Service	The Best of Gigapack 1 & 2	CD 2 -> PIA 4 AC -> Sample	PIA:pro 1 G 6	
Best Service	The Best of Gigapack 1 & 2	CD 2 -> PIA 4 AC -> Sample	PIA:pro 1 C 7	
Best Service	The Best of Gigapack 1 & 2	CD 2 -> PIA 5 AC -> Program	PIA:Grand    4st	
Best Service	The Best of Gigapack 1 & 2	CD 2 -> PIA 5 AC -> Sample	PIA:GrS  1	
Best Service	The Best of Gigapack 1 & 2	CD 2 -> PIA 5 AC -> Sample	PIA:GrS  2	
Best Service	The Best of Gigapack 1 & 2	CD 2 -> PIA 5 AC -> Sample	PIA:GrS  3	
Best Service	The Best of Gigapack 1 & 2	CD 2 -> PIA 5 AC -> Sample	PIA:GrS  4	
Best Service	The Best of Gigapack 1 & 2	CD 2 -> PIA 5 AC -> Sample	PIA:GrS  5	
Best Service	The Best of Gigapack 1 & 2	CD 2 -> PIA 5 AC -> Sample	PIA:GrS  6	
Best Service	The Best of Gigapack 1 & 2	CD 2 -> PIA 5 AC -> Sample	PIA:GrS  7	
Best Service	The Best of Gigapack 1 & 2	CD 2 -> PIA 5 AC -> Sample	PIA:GrS  8	
Best Service	The Best of Gigapack 1 & 2	CD 2 -> PIA 6 AC -> Program	PIA:Grand    5st	
Best Service	The Best of Gigapack 1 & 2	CD 2 -> PIA 6 AC -> Sample	PIA:GrdPiaBD#1	
Best Service	The Best of Gigapack 1 & 2	CD 2 -> PIA 6 AC -> Sample	PIA:GrdPiaBG#1	
Best Service	The Best of Gigapack 1 & 2	CD 2 -> PIA 6 AC -> Sample	PIA:GrdPiaBC#2	
Best Service	The Best of Gigapack 1 & 2	CD 2 -> PIA 6 AC -> Sample	PIA:GrdPiaBF 2	
Best Service	The Best of Gigapack 1 & 2	CD 2 -> PIA 6 AC -> Sample	PIA:GrdPiaBC 3	
Best Service	The Best of Gigapack 1 & 2	CD 2 -> PIA 6 AC -> Sample	PIA:GrdPiaBG 3	
Best Service	The Best of Gigapack 1 & 2	CD 2 -> PIA 6 AC -> Sample	PIA:GrdPiaBC 4	
Best Service	The Best of Gigapack 1 & 2	CD 2 -> PIA 6 AC -> Sample	PIA:GrdPiaBF 4	
Best Service	The Best of Gigapack 1 & 2	CD 2 -> PIA 6 AC -> Sample	PIA:GrdPiaBC 5	
Best Service	The Best of Gigapack 1 & 2	CD 2 -> PIA 6 AC -> Sample	PIA:GrdPiaBF 5	
Best Service	The Best of Gigapack 1 & 2	CD 2 -> PIA 6 AC -> Sample	PIA:GrdPiaBB 5	
Best Service	The Best of Gigapack 1 & 2	CD 2 -> PIA 6 AC -> Sample	PIA:GrdPiaBF 6	
Best Service	The Best of Gigapack 1 & 2	CD 2 -> PIA 6 AC -> Sample	PIA:GrdPiaBG 6	
Best Service	The Best of Gigapack 1 & 2	CD 2 -> PIA 6 AC -> Sample	PIA:GrdPiaBB 6	
Best Service	The Best of Gigapack 1 & 2	CD 2 -> PIA SYN -> Program	PIA:Mini Piano	
Best Service	The Best of Gigapack 1 & 2	CD 2 -> PIA SYN -> Program	PIA:Dance Piano	
Best Service	The Best of Gigapack 1 & 2	CD 2 -> PIA SYN -> Program	PIA:M-1 Piano 1	
Best Service	The Best of Gigapack 1 & 2	CD 2 -> PIA SYN -> Program	PIA:M-1 Piano 2	
Best Service	The Best of Gigapack 1 & 2	CD 2 -> PIA SYN -> Program	PIA:PCM Piano	
Best Service	The Best of Gigapack 1 & 2	CD 2 -> PIA SYN -> Sample	PIA:OGR  1	
Best Service	The Best of Gigapack 1 & 2	CD 2 -> PIA SYN -> Sample	PIA:OGR  2	
Best Service	The Best of Gigapack 1 & 2	CD 2 -> PIA SYN -> Sample	PIA:OGR  3	
Best Service	The Best of Gigapack 1 & 2	CD 2 -> PIA SYN -> Sample	PIA:OGR  4	
Best Service	The Best of Gigapack 1 & 2	CD 2 -> PIA SYN -> Sample	PIA:OGR  5	
Best Service	The Best of Gigapack 1 & 2	CD 2 -> PIA SYN -> Sample	PIA:OGR  6	
Best Service	The Best of Gigapack 1 & 2	CD 2 -> PIA SYN -> Sample	PIA:OGR  7	
Best Service	The Best of Gigapack 1 & 2	CD 2 -> PIA SYN -> Sample	PIA:Np 1	
Best Service	The Best of Gigapack 1 & 2	CD 2 -> PIA SYN -> Sample	PIA:Np 2	
Best Service	The Best of Gigapack 1 & 2	CD 2 -> PIA SYN -> Sample	PIA:Np 3	
Best Service	The Best of Gigapack 1 & 2	CD 2 -> PIA SYN -> Sample	PIA:Np 4	
Best Service	The Best of Gigapack 1 & 2	CD 2 -> PIA SYN -> Sample	PIA:Np 5	
Best Service	The Best of Gigapack 1 & 2	CD 2 -> PIA SYN -> Sample	PIA:Np 6	
Best Service	The Best of Gigapack 1 & 2	CD 2 -> PIA SYN -> Sample	PIA:Np 7	
Best Service	The Best of Gigapack 1 & 2	CD 2 -> PIA SYN -> Sample	PIA:Np 8	
Best Service	The Best of Gigapack 1 & 2	CD 2 -> PIA SYN -> Sample	PIA:Np 9	
Best Service	The Best of Gigapack 1 & 2	CD 2 -> PIA SYN -> Sample	PIA:Np10	
Best Service	The Best of Gigapack 1 & 2	CD 2 -> PIA SYN -> Sample	PIA:Piano 1.1	
Best Service	The Best of Gigapack 1 & 2	CD 2 -> PIA SYN -> Sample	PIA:Piano 1.2	
Best Service	The Best of Gigapack 1 & 2	CD 2 -> PIA SYN -> Sample	PIA:Piano 1.3	
Best Service	The Best of Gigapack 1 & 2	CD 2 -> PIA SYN -> Sample	PIA:Piano 1.4	
Best Service	The Best of Gigapack 1 & 2	CD 2 -> PIA SYN -> Sample	PIA:Piano2    C2	
Best Service	The Best of Gigapack 1 & 2	CD 2 -> PIA SYN -> Sample	PIA:Piano2    G2	
Best Service	The Best of Gigapack 1 & 2	CD 2 -> PIA SYN -> Sample	PIA:Piano2    E3	
Best Service	The Best of Gigapack 1 & 2	CD 2 -> PIA SYN -> Sample	PIA:Piano2    A3	
Best Service	The Best of Gigapack 1 & 2	CD 2 -> PIA SYN -> Sample	PIA:Piano2    D4	
Best Service	The Best of Gigapack 1 & 2	CD 2 -> PIA SYN -> Sample	PIA:Piano2    A4	
Best Service	The Best of Gigapack 1 & 2	CD 2 -> PIA SYN -> Sample	PIA:Piano2    E5	
Best Service	The Best of Gigapack 1 & 2	CD 2 -> PIA SYN -> Sample	PIA:Piano2    A5	
Best Service	The Best of Gigapack 1 & 2	CD 2 -> PIA SYN -> Sample	PIA:Piano2    D6	
Best Service	The Best of Gigapack 1 & 2	CD 2 -> PIA SYN -> Sample	PIA:Old Smpl 1	
Best Service	The Best of Gigapack 1 & 2	CD 2 -> PIA SYN -> Sample	PIA:Old Smpl 2	
Best Service	The Best of Gigapack 1 & 2	CD 2 -> PIA SYN -> Sample	PIA:Old Smpl 3	
Best Service	The Best of Gigapack 1 & 2	CD 2 -> PIA SYN -> Sample	PIA:Old Smpl 4	
Best Service	The Best of Gigapack 1 & 2	CD 2 -> PIA SYN -> Sample	PIA:Old Smpl 5	
Best Service	The Best of Gigapack 1 & 2	CD 2 -> PIA SYN -> Sample	PIA:Old Smpl 6	
Best Service	The Best of Gigapack 1 & 2	CD 2 -> PIA SYN -> Sample	PIA:Old Smpl 7	
Best Service	The Best of Gigapack 1 & 2	CD 2 -> PIA SYN -> Sample	PIA:Old Smpl 8	
Best Service	The Best of Gigapack 1 & 2	CD 2 -> PIA SYN -> Sample	PIA:Old Smpl 9	
Best Service	The Best of Gigapack 1 & 2	CD 2 -> PIA SYN -> Sample	PIA:Old Smpl10	
Best Service	The Best of Gigapack 1 & 2	CD 2 -> PIA CLAV -> Program	PIA:Clavinet 1	
Best Service	The Best of Gigapack 1 & 2	CD 2 -> PIA CLAV -> Program	PIA:Clavinet 2	
Best Service	The Best of Gigapack 1 & 2	CD 2 -> PIA CLAV -> Program	PIA:Clavinet WH	
Best Service	The Best of Gigapack 1 & 2	CD 2 -> PIA CLAV -> Program	PIA:Clavinet Res	
Best Service	The Best of Gigapack 1 & 2	CD 2 -> PIA CLAV -> Sample	PIA:Clavi E2	
Best Service	The Best of Gigapack 1 & 2	CD 2 -> PIA CLAV -> Sample	PIA:Clavi B2	
Best Service	The Best of Gigapack 1 & 2	CD 2 -> PIA CLAV -> Sample	PIA:Clavi F3	
Best Service	The Best of Gigapack 1 & 2	CD 2 -> PIA CLAV -> Sample	PIA:Clavi C#4	
Best Service	The Best of Gigapack 1 & 2	CD 2 -> PIA CLAV -> Sample	PIA:Clavi G4	
Best Service	The Best of Gigapack 1 & 2	CD 2 -> PIA CLAV -> Sample	PIA:Clavi D5	
Best Service	The Best of Gigapack 1 & 2	CD 2 -> PIA CLAV -> Sample	PIA:Clavi A5	
Best Service	The Best of Gigapack 1 & 2	CD 2 -> PIA CP70 -> Program	PIA:CP-70	
Best Service	The Best of Gigapack 1 & 2	CD 2 -> PIA CP70 -> Sample	PIA:Elec.D2	
Best Service	The Best of Gigapack 1 & 2	CD 2 -> PIA CP70 -> Sample	PIA:Elec.G#2	
Best Service	The Best of Gigapack 1 & 2	CD 2 -> PIA CP70 -> Sample	PIA:Elec.D#3	
Best Service	The Best of Gigapack 1 & 2	CD 2 -> PIA CP70 -> Sample	PIA:Elec.G3	
Best Service	The Best of Gigapack 1 & 2	CD 2 -> PIA CP70 -> Sample	PIA:Elec.C4	
Best Service	The Best of Gigapack 1 & 2	CD 2 -> PIA CP70 -> Sample	PIA:Elec.D#4	
Best Service	The Best of Gigapack 1 & 2	CD 2 -> PIA CP70 -> Sample	PIA:Elec.G4	
Best Service	The Best of Gigapack 1 & 2	CD 2 -> PIA CP70 -> Sample	PIA:Elec.B4	
Best Service	The Best of Gigapack 1 & 2	CD 2 -> PIA CP70 -> Sample	PIA:Elec.D#5	
Best Service	The Best of Gigapack 1 & 2	CD 2 -> PIA CP70 -> Sample	PIA:Elec.G#5	
Best Service	The Best of Gigapack 1 & 2	CD 2 -> PIA CP70 -> Sample	PIA:Elec.C#6	
Best Service	The Best of Gigapack 1 & 2	CD 2 -> PIA CP70 -> Sample	PIA:Elec.F6	
Best Service	The Best of Gigapack 1 & 2	CD 2 -> PIA CP70 -> Sample	PIA:Elec.A6	
Best Service	The Best of Gigapack 1 & 2	CD 2 -> PIA DX -> Program	PIA:DX-Piano 1	
Best Service	The Best of Gigapack 1 & 2	CD 2 -> PIA DX -> Program	PIA:DX-Piano 2	
Best Service	The Best of Gigapack 1 & 2	CD 2 -> PIA DX -> Program	PIA:DX-Piano 3	
Best Service	The Best of Gigapack 1 & 2	CD 2 -> PIA DX -> Program	PIA:DX-Piano 4	
Best Service	The Best of Gigapack 1 & 2	CD 2 -> PIA DX -> Program	PIA:DX-Piano vel	
Best Service	The Best of Gigapack 1 & 2	CD 2 -> PIA DX -> Program	PIA:DX-Piano st	
Best Service	The Best of Gigapack 1 & 2	CD 2 -> PIA DX -> Program	Dx Piano	
Best Service	The Best of Gigapack 1 & 2	CD 2 -> PIA DX -> Program	Dx Piano wheel	
Best Service	The Best of Gigapack 1 & 2	CD 2 -> PIA DX -> Sample	PIA:DX 04.01	
Best Service	The Best of Gigapack 1 & 2	CD 2 -> PIA DX -> Sample	PIA:DX 04.02	
Best Service	The Best of Gigapack 1 & 2	CD 2 -> PIA DX -> Sample	PIA:DX 04.03	
Best Service	The Best of Gigapack 1 & 2	CD 2 -> PIA DX -> Sample	PIA:DX 04.04	
Best Service	The Best of Gigapack 1 & 2	CD 2 -> PIA DX -> Sample	PIA:DX 04.05	
Best Service	The Best of Gigapack 1 & 2	CD 2 -> PIA DX -> Sample	PIA:DX 04.06	
Best Service	The Best of Gigapack 1 & 2	CD 2 -> PIA DX -> Sample	PIA:DX 04.07	
Best Service	The Best of Gigapack 1 & 2	CD 2 -> PIA DX -> Sample	PIA:DX 04.08	
Best Service	The Best of Gigapack 1 & 2	CD 2 -> PIA DX -> Sample	PIA:DX 04.09	
Best Service	The Best of Gigapack 1 & 2	CD 2 -> PIA DX -> Sample	PIA:DX 04.10	
Best Service	The Best of Gigapack 1 & 2	CD 2 -> PIA DX -> Sample	PIA:DX 04.11	
Best Service	The Best of Gigapack 1 & 2	CD 2 -> PIA DX -> Sample	PIA:DX 04.12	
Best Service	The Best of Gigapack 1 & 2	CD 2 -> PIA DX -> Sample	PIA:DX 01.01	
Best Service	The Best of Gigapack 1 & 2	CD 2 -> PIA DX -> Sample	PIA:DX 01.02	
Best Service	The Best of Gigapack 1 & 2	CD 2 -> PIA DX -> Sample	PIA:DX 01.03	
Best Service	The Best of Gigapack 1 & 2	CD 2 -> PIA DX -> Sample	PIA:DX 01.04	
Best Service	The Best of Gigapack 1 & 2	CD 2 -> PIA DX -> Sample	PIA:DX 01.05	
Best Service	The Best of Gigapack 1 & 2	CD 2 -> PIA DX -> Sample	PIA:DX 01.06	
Best Service	The Best of Gigapack 1 & 2	CD 2 -> PIA DX -> Sample	PIA:DX 01.07	
Best Service	The Best of Gigapack 1 & 2	CD 2 -> PIA DX -> Sample	PIA:DX 01.08	
Best Service	The Best of Gigapack 1 & 2	CD 2 -> PIA DX -> Sample	PIA:DX 01.09	
Best Service	The Best of Gigapack 1 & 2	CD 2 -> PIA DX -> Sample	PIA:DX 01.10	
Best Service	The Best of Gigapack 1 & 2	CD 2 -> PIA DX -> Sample	PIA:DX 01.11	
Best Service	The Best of Gigapack 1 & 2	CD 2 -> PIA DX -> Sample	PIA:DX 01.12	
Best Service	The Best of Gigapack 1 & 2	CD 2 -> PIA DX -> Sample	PIA:DX 02.01	
Best Service	The Best of Gigapack 1 & 2	CD 2 -> PIA DX -> Sample	PIA:DX 02.02	
Best Service	The Best of Gigapack 1 & 2	CD 2 -> PIA DX -> Sample	PIA:DX 02.03	
Best Service	The Best of Gigapack 1 & 2	CD 2 -> PIA DX -> Sample	PIA:DX 02.04	
Best Service	The Best of Gigapack 1 & 2	CD 2 -> PIA DX -> Sample	PIA:DX 02.05	
Best Service	The Best of Gigapack 1 & 2	CD 2 -> PIA DX -> Sample	PIA:DX 02.06	
Best Service	The Best of Gigapack 1 & 2	CD 2 -> PIA DX -> Sample	PIA:DX 02.07	
Best Service	The Best of Gigapack 1 & 2	CD 2 -> PIA DX -> Sample	PIA:DX 02.08	
Best Service	The Best of Gigapack 1 & 2	CD 2 -> PIA DX -> Sample	PIA:DX 02.09	
Best Service	The Best of Gigapack 1 & 2	CD 2 -> PIA DX -> Sample	PIA:DX 02.10	
Best Service	The Best of Gigapack 1 & 2	CD 2 -> PIA DX -> Sample	PIA:DX 02.11	
Best Service	The Best of Gigapack 1 & 2	CD 2 -> PIA DX -> Sample	PIA:DX 02.12	
Best Service	The Best of Gigapack 1 & 2	CD 2 -> PIA DX -> Sample	PIA:DX 03.01	
Best Service	The Best of Gigapack 1 & 2	CD 2 -> PIA DX -> Sample	PIA:DX 03.02	
Best Service	The Best of Gigapack 1 & 2	CD 2 -> PIA DX -> Sample	PIA:DX 03.03	
Best Service	The Best of Gigapack 1 & 2	CD 2 -> PIA DX -> Sample	PIA:DX 03.04	
Best Service	The Best of Gigapack 1 & 2	CD 2 -> PIA DX -> Sample	PIA:DX 03.05	
Best Service	The Best of Gigapack 1 & 2	CD 2 -> PIA DX -> Sample	PIA:DX 03.06	
Best Service	The Best of Gigapack 1 & 2	CD 2 -> PIA DX -> Sample	PIA:DX 03.07	
Best Service	The Best of Gigapack 1 & 2	CD 2 -> PIA DX -> Sample	PIA:DX 03.08	
Best Service	The Best of Gigapack 1 & 2	CD 2 -> PIA DX -> Sample	PIA:DX 03.09	
Best Service	The Best of Gigapack 1 & 2	CD 2 -> PIA DX -> Sample	PIA:DX 03.10	
Best Service	The Best of Gigapack 1 & 2	CD 2 -> PIA DX -> Sample	PIA:DX 03.11	
Best Service	The Best of Gigapack 1 & 2	CD 2 -> PIA DX -> Sample	PIA:DX 03.12	
Best Service	The Best of Gigapack 1 & 2	CD 2 -> PIA DX -> Sample	New Sample	
Best Service	The Best of Gigapack 1 & 2	CD 2 -> PIA DX -> Sample	New Sample-C4	
Best Service	The Best of Gigapack 1 & 2	CD 2 -> PIA DX -> Sample	New Sample-G5	
Best Service	The Best of Gigapack 1 & 2	CD 2 -> PIA MKS -> Program	Pia:MKS 20 veloc	
Best Service	The Best of Gigapack 1 & 2	CD 2 -> PIA MKS -> Program	Pia:MKS 20 wheel	
Best Service	The Best of Gigapack 1 & 2	CD 2 -> PIA MKS -> Program	Pia:MKS 20	
Best Service	The Best of Gigapack 1 & 2	CD 2 -> PIA MKS -> Program	Pia:MKS 20 fff	
Best Service	The Best of Gigapack 1 & 2	CD 2 -> PIA MKS -> Program	PIA:MKS-20   1	
Best Service	The Best of Gigapack 1 & 2	CD 2 -> PIA MKS -> Program	Pia:MKS 20 yeah	
Best Service	The Best of Gigapack 1 & 2	CD 2 -> PIA MKS -> Sample	Pia:MKS 20	
Best Service	The Best of Gigapack 1 & 2	CD 2 -> PIA MKS -> Sample	Pia:MKS 20-C3	
Best Service	The Best of Gigapack 1 & 2	CD 2 -> PIA MKS -> Sample	Pia:MKS 20-C4	
Best Service	The Best of Gigapack 1 & 2	CD 2 -> PIA MKS -> Sample	Pia:MKS 20-C5	
Best Service	The Best of Gigapack 1 & 2	CD 2 -> PIA MKS -> Sample	Pia:MKS 20-C6	
Best Service	The Best of Gigapack 1 & 2	CD 2 -> PIA MKS -> Sample	Pia:MKS 20-C7	
Best Service	The Best of Gigapack 1 & 2	CD 2 -> PIA MKS -> Sample	Pia:MKS 20-C2	
Best Service	The Best of Gigapack 1 & 2	CD 2 -> PIA MKS -> Sample	Pia:MKS 20-C3(1)	
Best Service	The Best of Gigapack 1 & 2	CD 2 -> PIA MKS -> Sample	Pia:MKS 20-C4(1)	
Best Service	The Best of Gigapack 1 & 2	CD 2 -> PIA MKS -> Sample	Pia:MKS 20-C5(1)	
Best Service	The Best of Gigapack 1 & 2	CD 2 -> PIA MKS -> Sample	Pia:MKS 20-C6(1)	
Best Service	The Best of Gigapack 1 & 2	CD 2 -> PIA MKS -> Sample	Pia:MKS 20-C7(1)	
Best Service	The Best of Gigapack 1 & 2	CD 2 -> PIA MKS -> Sample	PIA:Ma	
Best Service	The Best of Gigapack 1 & 2	CD 2 -> PIA MKS -> Sample	PIA:Mb	
Best Service	The Best of Gigapack 1 & 2	CD 2 -> PIA MKS -> Sample	PIA:Mc	
Best Service	The Best of Gigapack 1 & 2	CD 2 -> PIA MKS -> Sample	PIA:Md	
Best Service	The Best of Gigapack 1 & 2	CD 2 -> PIA MKS -> Sample	PIA:Me	
Best Service	The Best of Gigapack 1 & 2	CD 2 -> PIA MKS -> Sample	PIA:Mf	
Best Service	The Best of Gigapack 1 & 2	CD 2 -> PIA MKS -> Sample	PIA:Mg	
Best Service	The Best of Gigapack 1 & 2	CD 2 -> PIA MKS -> Sample	PIA:Mh	
Best Service	The Best of Gigapack 1 & 2	CD 2 -> PIA MKS -> Sample	PIA:Mi	
Best Service	The Best of Gigapack 1 & 2	CD 2 -> PIA MKS -> Sample	PIA:Mj	
Best Service	The Best of Gigapack 1 & 2	CD 2 -> PIA MKS -> Sample	PIA:Mk	
Best Service	The Best of Gigapack 1 & 2	CD 2 -> PIA MKS -> Sample	PIA:Ml	
Best Service	The Best of Gigapack 1 & 2	CD 2 -> STRING 3 -> Program	STR:Harp	
Best Service	The Best of Gigapack 1 & 2	CD 2 -> STRING 3 -> Sample	STR:Harp1.1	
Best Service	The Best of Gigapack 1 & 2	CD 2 -> STRING 3 -> Sample	STR:Harp1.2	
Best Service	The Best of Gigapack 1 & 2	CD 2 -> STRING 3 -> Sample	STR:Harp1.3	
Best Service	The Best of Gigapack 1 & 2	CD 2 -> STRING 3 -> Sample	STR:Harp1.4	
Best Service	The Best of Gigapack 1 & 2	CD 2 -> STRING 3 -> Sample	STR:Harp1.5	
Best Service	The Best of Gigapack 1 & 2	CD 2 -> STRING 3 -> Sample	STR:Harp1.6	
Best Service	The Best of Gigapack 1 & 2	CD 2 -> STRING 3 -> Sample	STR:Harp1.7	
Best Service	The Best of Gigapack 1 & 2	CD 2 -> STRING 3 -> Sample	STR:Harp1.8	
Best Service	The Best of Gigapack 1 & 2	CD 2 -> STRING 3 -> Sample	STR:Harp1.9	
Best Service	The Best of Gigapack 1 & 2	CD 2 -> STRING 3 -> Sample	STR:Harp1.10	
Best Service	The Best of Gigapack 1 & 2	CD 2 -> STRING 3 -> Sample	STR:Harp1.11	
Best Service	The Best of Gigapack 1 & 2	CD 2 -> STRING 3 -> Sample	STR:Harp1.12	
Best Service	The Best of Gigapack 1 & 2	CD 2 -> STRING 3 -> Sample	STR:Harp1.13	
Best Service	The Best of Gigapack 1 & 2	CD 2 -> STRING 3 -> Sample	STR:Harp1.14	
Best Service	The Best of Gigapack 1 & 2	CD 2 -> STRING 3 -> Sample	STR:Harp1.15	
Best Service	The Best of Gigapack 1 & 2	CD 2 -> STRING 3 -> Sample	STR:Harp1.16	
Best Service	The Best of Gigapack 1 & 2	CD 2 -> PIA STRG -> Program	PIA:Piano+Strng1	
Best Service	The Best of Gigapack 1 & 2	CD 2 -> PIA STRG -> Program	PIA:Piano+Strng2	
Best Service	The Best of Gigapack 1 & 2	CD 2 -> PIA STRG -> Sample	PIA:01wfd 12.1	
Best Service	The Best of Gigapack 1 & 2	CD 2 -> PIA STRG -> Sample	PIA:01wfd 12.2	
Best Service	The Best of Gigapack 1 & 2	CD 2 -> PIA STRG -> Sample	PIA:01wfd 12.3	
Best Service	The Best of Gigapack 1 & 2	CD 2 -> PIA STRG -> Sample	PIA:01wfd 12.4	
Best Service	The Best of Gigapack 1 & 2	CD 2 -> PIA STRG -> Sample	PIA:Piastr a	
Best Service	The Best of Gigapack 1 & 2	CD 2 -> PIA STRG -> Sample	PIA:Piastr b	
Best Service	The Best of Gigapack 1 & 2	CD 2 -> PIA STRG -> Sample	PIA:Piastr c	
Best Service	The Best of Gigapack 1 & 2	CD 2 -> PIA STRG -> Sample	PIA:Piastr d	
Best Service	The Best of Gigapack 1 & 2	CD 2 -> PIA STRG -> Sample	PIA:Piastr e	
Best Service	The Best of Gigapack 1 & 2	CD 2 -> BR SAX 1 -> Program	BRA:Alto Sax	
Best Service	The Best of Gigapack 1 & 2	CD 2 -> BR SAX 1 -> Program	BRA:Alto short	
Best Service	The Best of Gigapack 1 & 2	CD 2 -> BR SAX 1 -> Program	BRA:Alto Fall	
Best Service	The Best of Gigapack 1 & 2	CD 2 -> BR SAX 1 -> Sample	BRA:ALT        1	
Best Service	The Best of Gigapack 1 & 2	CD 2 -> BR SAX 1 -> Sample	BRA:ALT        2	
Best Service	The Best of Gigapack 1 & 2	CD 2 -> BR SAX 1 -> Sample	BRA:ALT        3	
Best Service	The Best of Gigapack 1 & 2	CD 2 -> BR SAX 1 -> Sample	BRA:ALT        4	
Best Service	The Best of Gigapack 1 & 2	CD 2 -> BR SAX 1 -> Sample	BRA:ALT        5	
Best Service	The Best of Gigapack 1 & 2	CD 2 -> BR SAX 1 -> Sample	BRA:ALT        6	
Best Service	The Best of Gigapack 1 & 2	CD 2 -> BR SAX 1 -> Sample	BRA:ALT        7	
Best Service	The Best of Gigapack 1 & 2	CD 2 -> BR SAX 1 -> Sample	BRA:ALT        8	
Best Service	The Best of Gigapack 1 & 2	CD 2 -> BR SAX 1 -> Sample	BRA:ALT        9	
Best Service	The Best of Gigapack 1 & 2	CD 2 -> BR SAX 1 -> Sample	BRA:ALT       10	
Best Service	The Best of Gigapack 1 & 2	CD 2 -> BR SAX 1 -> Sample	BRA:ALT       12	
Best Service	The Best of Gigapack 1 & 2	CD 2 -> BR SAX 1 -> Sample	BRA:ALT       13	
Best Service	The Best of Gigapack 1 & 2	CD 2 -> BR SAX 1 -> Sample	BRA:ALT       14	
Best Service	The Best of Gigapack 1 & 2	CD 2 -> BR SAX 1 -> Sample	BRA:ALT       15	
Best Service	The Best of Gigapack 1 & 2	CD 2 -> BR SAX 1 -> Sample	BRA:ALT       16	
Best Service	The Best of Gigapack 1 & 2	CD 2 -> BR SAX 1 -> Sample	BRA:ALT       17	
Best Service	The Best of Gigapack 1 & 2	CD 2 -> BR SAX 1 -> Sample	BRA:ALT SRT    1	
Best Service	The Best of Gigapack 1 & 2	CD 2 -> BR SAX 1 -> Sample	BRA:ALT SRT    2	
Best Service	The Best of Gigapack 1 & 2	CD 2 -> BR SAX 1 -> Sample	BRA:ALT SRT    3	
Best Service	The Best of Gigapack 1 & 2	CD 2 -> BR SAX 1 -> Sample	BRA:ALT SRT    4	
Best Service	The Best of Gigapack 1 & 2	CD 2 -> BR SAX 1 -> Sample	BRA:ALT SRT    5	
Best Service	The Best of Gigapack 1 & 2	CD 2 -> BR SAX 1 -> Sample	BRA:ALT SRT    6	
Best Service	The Best of Gigapack 1 & 2	CD 2 -> BR SAX 1 -> Sample	BRA:ALT SRT    7	
Best Service	The Best of Gigapack 1 & 2	CD 2 -> BR SAX 1 -> Sample	BRA:ALT SRT    8	
Best Service	The Best of Gigapack 1 & 2	CD 2 -> BR SAX 1 -> Sample	BRA:ALT SRT    9	
Best Service	The Best of Gigapack 1 & 2	CD 2 -> BR SAX 1 -> Sample	BRA:ALT SRT   10	
Best Service	The Best of Gigapack 1 & 2	CD 2 -> BR SAX 1 -> Sample	BRA:ALT SRT   11	
Best Service	The Best of Gigapack 1 & 2	CD 2 -> BR SAX 1 -> Sample	BRA:ALT SRT   12	
Best Service	The Best of Gigapack 1 & 2	CD 2 -> BR SAX 1 -> Sample	BRA:ALT SRT   13	
Best Service	The Best of Gigapack 1 & 2	CD 2 -> BR SAX 1 -> Sample	BRA:ALT SRT   14	
Best Service	The Best of Gigapack 1 & 2	CD 2 -> BR SAX 1 -> Sample	BRA:ALT SRT   15	
Best Service	The Best of Gigapack 1 & 2	CD 2 -> BR SAX 1 -> Sample	BRA:ALT SRT   16	
Best Service	The Best of Gigapack 1 & 2	CD 2 -> BR SAX 1 -> Sample	BRA:ALT SRT   17	
Best Service	The Best of Gigapack 1 & 2	CD 2 -> BR SAX 1 -> Sample	BRA:ALT FALL  18	
Best Service	The Best of Gigapack 1 & 2	CD 2 -> BR SAX 1 -> Sample	BRA:ALT FALL  17	
Best Service	The Best of Gigapack 1 & 2	CD 2 -> BR SAX 1 -> Sample	BRA:ALT FALL  16	
Best Service	The Best of Gigapack 1 & 2	CD 2 -> BR SAX 1 -> Sample	BRA:ALT FALL  15	
Best Service	The Best of Gigapack 1 & 2	CD 2 -> BR SAX 1 -> Sample	BRA:ALT FALL  14	
Best Service	The Best of Gigapack 1 & 2	CD 2 -> BR SAX 1 -> Sample	BRA:ALT FALL  13	
Best Service	The Best of Gigapack 1 & 2	CD 2 -> BR SAX 1 -> Sample	BRA:ALT FALL  12	
Best Service	The Best of Gigapack 1 & 2	CD 2 -> BR SAX 1 -> Sample	BRA:ALT FALL  11	
Best Service	The Best of Gigapack 1 & 2	CD 2 -> BR SAX 1 -> Sample	BRA:ALT FALL  10	
Best Service	The Best of Gigapack 1 & 2	CD 2 -> BR SAX 1 -> Sample	BRA:ALT FALL   9	
Best Service	The Best of Gigapack 1 & 2	CD 2 -> BR SAX 1 -> Sample	BRA:ALT FALL   8	
Best Service	The Best of Gigapack 1 & 2	CD 2 -> BR SAX 1 -> Sample	BRA:ALT FALL   7	
Best Service	The Best of Gigapack 1 & 2	CD 2 -> BR SAX 1 -> Sample	BRA:ALT FALL   6	
Best Service	The Best of Gigapack 1 & 2	CD 2 -> BR SAX 1 -> Sample	BRA:ALT FALL   4	
Best Service	The Best of Gigapack 1 & 2	CD 2 -> BR SAX 1 -> Sample	BRA:ALT FALL   3	
Best Service	The Best of Gigapack 1 & 2	CD 2 -> BR SAX 1 -> Sample	BRA:ALT FALL   2	
Best Service	The Best of Gigapack 1 & 2	CD 2 -> BR SAX 1 -> Sample	BRA:ALT FALL   1	
Best Service	The Best of Gigapack 1 & 2	CD 2 -> BR SAX 2 -> Program	BRA:Tenor Sax	
Best Service	The Best of Gigapack 1 & 2	CD 2 -> BR SAX 2 -> Program	BRA:Barit. short	
Best Service	The Best of Gigapack 1 & 2	CD 2 -> BR SAX 2 -> Sample	BRA:TENOR 1	
Best Service	The Best of Gigapack 1 & 2	CD 2 -> BR SAX 2 -> Sample	BRA:TENOR 4	
Best Service	The Best of Gigapack 1 & 2	CD 2 -> BR SAX 2 -> Sample	BRA:TENOR 8	
Best Service	The Best of Gigapack 1 & 2	CD 2 -> BR SAX 2 -> Sample	BRA:TENOR 9	
Best Service	The Best of Gigapack 1 & 2	CD 2 -> BR SAX 2 -> Sample	BRA:TENOR 10	
Best Service	The Best of Gigapack 1 & 2	CD 2 -> BR SAX 2 -> Sample	BRA:TENOR 11	
Best Service	The Best of Gigapack 1 & 2	CD 2 -> BR SAX 2 -> Sample	BRA:TENOR 12	
Best Service	The Best of Gigapack 1 & 2	CD 2 -> BR SAX 2 -> Sample	BRA:TENOR 13	
Best Service	The Best of Gigapack 1 & 2	CD 2 -> BR SAX 2 -> Sample	BRA:TENOR 15	
Best Service	The Best of Gigapack 1 & 2	CD 2 -> BR SAX 2 -> Sample	BRA:TENOR 16	
Best Service	The Best of Gigapack 1 & 2	CD 2 -> BR SAX 2 -> Sample	BRA:TENOR 17	
Best Service	The Best of Gigapack 1 & 2	CD 2 -> BR SAX 2 -> Sample	BRA:TENOR 18	
Best Service	The Best of Gigapack 1 & 2	CD 2 -> BR SAX 2 -> Sample	BRA:TENOR 19	
Best Service	The Best of Gigapack 1 & 2	CD 2 -> BR SAX 2 -> Sample	BRA:TENOR 20	
Best Service	The Best of Gigapack 1 & 2	CD 2 -> BR SAX 2 -> Sample	BRA:TENOR 21	
Best Service	The Best of Gigapack 1 & 2	CD 2 -> BR SAX 2 -> Sample	BRA:TENOR 22	
Best Service	The Best of Gigapack 1 & 2	CD 2 -> BR SAX 2 -> Sample	BRA:TENOR 24	
Best Service	The Best of Gigapack 1 & 2	CD 2 -> BR SAX 2 -> Sample	BRA:TENOR 25	
Best Service	The Best of Gigapack 1 & 2	CD 2 -> BR SAX 2 -> Sample	BRA:TENOR 26	
Best Service	The Best of Gigapack 1 & 2	CD 2 -> BR SAX 2 -> Sample	BRA:TENOR 27	
Best Service	The Best of Gigapack 1 & 2	CD 2 -> BR SAX 2 -> Sample	BRA:TENOR 28	
Best Service	The Best of Gigapack 1 & 2	CD 2 -> BR SAX 2 -> Sample	BRA:TENOR 29	
Best Service	The Best of Gigapack 1 & 2	CD 2 -> BR SAX 2 -> Sample	BRA:TENOR 30	
Best Service	The Best of Gigapack 1 & 2	CD 2 -> BR SAX 2 -> Sample	BRA:TENOR 31	
Best Service	The Best of Gigapack 1 & 2	CD 2 -> BR SAX 2 -> Sample	BRA:TENOR 32	
Best Service	The Best of Gigapack 1 & 2	CD 2 -> BR SAX 2 -> Sample	BRA:TENOR 33	
Best Service	The Best of Gigapack 1 & 2	CD 2 -> BR SAX 2 -> Sample	BRA:TENOR 34	
Best Service	The Best of Gigapack 1 & 2	CD 2 -> BR SAX 2 -> Sample	BRA:TENOR 35	
Best Service	The Best of Gigapack 1 & 2	CD 2 -> BR SAX 2 -> Sample	BRA:TENOR 36	
Best Service	The Best of Gigapack 1 & 2	CD 2 -> BR SAX 2 -> Sample	BRA:TENOR 37	
Best Service	The Best of Gigapack 1 & 2	CD 2 -> BR SAX 2 -> Sample	BRA:TENOR 38	
Best Service	The Best of Gigapack 1 & 2	CD 2 -> BR SAX 2 -> Sample	BRA:TENOR 39	
Best Service	The Best of Gigapack 1 & 2	CD 2 -> BR SAX 2 -> Sample	BRA:Bari 2.01	
Best Service	The Best of Gigapack 1 & 2	CD 2 -> BR SAX 2 -> Sample	BRA:Bari 2.02	
Best Service	The Best of Gigapack 1 & 2	CD 2 -> BR SAX 2 -> Sample	BRA:Bari 2.03	
Best Service	The Best of Gigapack 1 & 2	CD 2 -> BR SAX 2 -> Sample	BRA:Bari 2.04	
Best Service	The Best of Gigapack 1 & 2	CD 2 -> BR SAX 2 -> Sample	BRA:Bari 2.05	
Best Service	The Best of Gigapack 1 & 2	CD 2 -> BR SAX 2 -> Sample	BRA:Bari 2.06	
Best Service	The Best of Gigapack 1 & 2	CD 2 -> BR SAX 2 -> Sample	BRA:Bari 2.07	
Best Service	The Best of Gigapack 1 & 2	CD 2 -> BR SAX 2 -> Sample	BRA:Bari 2.08	
Best Service	The Best of Gigapack 1 & 2	CD 2 -> BR SAX 2 -> Sample	BRA:Bari 2.09	
Best Service	The Best of Gigapack 1 & 2	CD 2 -> BR SAX 2 -> Sample	BRA:Bari 2.10	
Best Service	The Best of Gigapack 1 & 2	CD 2 -> BR SAX 2 -> Sample	BRA:Bari 2.11	
Best Service	The Best of Gigapack 1 & 2	CD 2 -> BR SAX 2 -> Sample	BRA:Bari 2.12	
Best Service	The Best of Gigapack 1 & 2	CD 2 -> BR SAX 2 -> Sample	BRA:Bari 2.13	
Best Service	The Best of Gigapack 1 & 2	CD 2 -> BR SAX 2 -> Sample	BRA:Bari 2.14	
Best Service	The Best of Gigapack 1 & 2	CD 2 -> BR SAX 2 -> Sample	BRA:Bari 2.15	
Best Service	The Best of Gigapack 1 & 2	CD 2 -> BR SAX 2 -> Sample	BRA:Bari 2.16	
Best Service	The Best of Gigapack 1 & 2	CD 2 -> BR SAX 2 -> Sample	BRA:Bari 2.17	
Best Service	The Best of Gigapack 1 & 2	CD 2 -> BR SAX 2 -> Sample	BRA:Bari 2.18	
Best Service	The Best of Gigapack 1 & 2	CD 2 -> BR SAX 2 -> Sample	BRA:Bari 2.19	
Best Service	The Best of Gigapack 1 & 2	CD 2 -> BR SAX 2 -> Sample	BRA:Bari 2.20	
Best Service	The Best of Gigapack 1 & 2	CD 2 -> BR SAX 2 -> Sample	BRA:Bari 2.21	
Best Service	The Best of Gigapack 1 & 2	CD 2 -> BR SAX 2 -> Sample	BRA:Bari 2.22	
Best Service	The Best of Gigapack 1 & 2	CD 2 -> BR SAX 2 -> Sample	BRA:Bari 2.23	
Best Service	The Best of Gigapack 1 & 2	CD 2 -> BR SAX 2 -> Sample	BRA:Bari 2.24	
Best Service	The Best of Gigapack 1 & 2	CD 2 -> BR SAX 2 -> Sample	BRA:Bari 2.25	
Best Service	The Best of Gigapack 1 & 2	CD 2 -> BR SAX 2 -> Sample	BRA:Bari 2.26	
Best Service	The Best of Gigapack 1 & 2	CD 2 -> BR SAX 2 -> Sample	BRA:Bari 2.27	
Best Service	The Best of Gigapack 1 & 2	CD 2 -> BR SAX 2 -> Sample	BRA:Bari 2.28	
Best Service	The Best of Gigapack 1 & 2	CD 2 -> BR SAX 2 -> Sample	BRA:Bari 2.29	
Best Service	The Best of Gigapack 1 & 2	CD 2 -> BR SAX 2 -> Sample	BRA:Bari 2.30	
Best Service	The Best of Gigapack 1 & 2	CD 2 -> BR SAX 2 -> Sample	BRA:Bari 2.31	
Best Service	The Best of Gigapack 1 & 2	CD 2 -> BR SAX 2 -> Sample	BRA:Bari 2.32	
Best Service	The Best of Gigapack 1 & 2	CD 2 -> BR SAX 2 -> Sample	BRA:Bari 2.33	
Best Service	The Best of Gigapack 1 & 2	CD 2 -> BR SAX 3 -> Program	BRA:Tenor soft	
Best Service	The Best of Gigapack 1 & 2	CD 2 -> BR SAX 3 -> Sample	BRA:TENOR OB  22	
Best Service	The Best of Gigapack 1 & 2	CD 2 -> BR SAX 3 -> Sample	BRA:TEN SFT    1	
Best Service	The Best of Gigapack 1 & 2	CD 2 -> BR SAX 3 -> Sample	BRA:TEN SFT    2	
Best Service	The Best of Gigapack 1 & 2	CD 2 -> BR SAX 3 -> Sample	BRA:TEN SFT    3	
Best Service	The Best of Gigapack 1 & 2	CD 2 -> BR SAX 3 -> Sample	BRA:TEN SFT    4	
Best Service	The Best of Gigapack 1 & 2	CD 2 -> BR SAX 3 -> Sample	BRA:TEN SFT    5	
Best Service	The Best of Gigapack 1 & 2	CD 2 -> BR SAX 3 -> Sample	BRA:TEN SFT    6	
Best Service	The Best of Gigapack 1 & 2	CD 2 -> BR SAX 3 -> Sample	BRA:TEN SFT    7	
Best Service	The Best of Gigapack 1 & 2	CD 2 -> BR SAX 3 -> Sample	BRA:TEN SFT    8	
Best Service	The Best of Gigapack 1 & 2	CD 2 -> BR SAX 3 -> Sample	BRA:TEN SFT    9	
Best Service	The Best of Gigapack 1 & 2	CD 2 -> BR SAX 3 -> Sample	BRA:TEN SFT   10	
Best Service	The Best of Gigapack 1 & 2	CD 2 -> BR SAX 3 -> Sample	BRA:TEN SFT   11	
Best Service	The Best of Gigapack 1 & 2	CD 2 -> BR SAX 3 -> Sample	BRA:TEN SFT   12	
Best Service	The Best of Gigapack 1 & 2	CD 2 -> BR SAX 3 -> Sample	BRA:TEN SFT   13	
Best Service	The Best of Gigapack 1 & 2	CD 2 -> BR SAX 3 -> Sample	BRA:TEN SFT   14	
Best Service	The Best of Gigapack 1 & 2	CD 2 -> BR SAX 3 -> Sample	BRA:TEN SFT   15	
Best Service	The Best of Gigapack 1 & 2	CD 2 -> BR SAX 3 -> Sample	BRA:TEN SFT   16	
Best Service	The Best of Gigapack 1 & 2	CD 2 -> BR SAX 3 -> Sample	BRA:TEN SFT   17	
Best Service	The Best of Gigapack 1 & 2	CD 2 -> BR SAX 3 -> Sample	BRA:TEN SFT   18	
Best Service	The Best of Gigapack 1 & 2	CD 2 -> BR SAX 3 -> Sample	BRA:TEN SFT   19	
Best Service	The Best of Gigapack 1 & 2	CD 2 -> BR SAX 3 -> Sample	BRA:TEN SFT   20	
Best Service	The Best of Gigapack 1 & 2	CD 2 -> BR SAX 3 -> Sample	BRA:TEN SFT   21	
Best Service	The Best of Gigapack 1 & 2	CD 2 -> BR SAX 3 -> Sample	BRA:TEN SFT   22	
Best Service	The Best of Gigapack 1 & 2	CD 2 -> BR SAX 3 -> Sample	BRA:TEN SFT   23	
Best Service	The Best of Gigapack 1 & 2	CD 2 -> BR SAX 3 -> Sample	BRA:TEN SFT   24	
Best Service	The Best of Gigapack 1 & 2	CD 2 -> BR SAX 3 -> Sample	BRA:TEN SFT   25	
Best Service	The Best of Gigapack 1 & 2	CD 2 -> BR SAX 3 -> Sample	BRA:TEN SFT   26	
Best Service	The Best of Gigapack 1 & 2	CD 2 -> BR SAX 3 -> Sample	BRA:TEN SFT   27	
Best Service	The Best of Gigapack 1 & 2	CD 2 -> BR SAX 3 -> Sample	BRA:TEN SFT   28	
Best Service	The Best of Gigapack 1 & 2	CD 2 -> PAD 5 -> Program	PAD:Flying-Cat	
Best Service	The Best of Gigapack 1 & 2	CD 2 -> PAD 5 -> Program	PAD:HiCompStrngs	
Best Service	The Best of Gigapack 1 & 2	CD 2 -> PAD 5 -> Program	PAD:High Pad	
Best Service	The Best of Gigapack 1 & 2	CD 2 -> PAD 5 -> Program	PAD:Chrd-Pad14	
Best Service	The Best of Gigapack 1 & 2	CD 2 -> PAD 5 -> Program	PAD:Chrd-Pad15	
Best Service	The Best of Gigapack 1 & 2	CD 2 -> PAD 5 -> Program	PAD:Chrd-Pad16	
Best Service	The Best of Gigapack 1 & 2	CD 2 -> PAD 5 -> Program	PAD:Chrd-Pad17	
Best Service	The Best of Gigapack 1 & 2	CD 2 -> PAD 5 -> Program	PAD:Chrd-Pad18	
Best Service	The Best of Gigapack 1 & 2	CD 2 -> PAD 5 -> Program	PAD:Chrd-Pad19	
Best Service	The Best of Gigapack 1 & 2	CD 2 -> PAD 5 -> Program	PAD:Chrd-Pad20	
Best Service	The Best of Gigapack 1 & 2	CD 2 -> PAD 5 -> Program	PAD:Chrd-Pad21	
Best Service	The Best of Gigapack 1 & 2	CD 2 -> PAD 5 -> Program	PAD:Chrd-Pad22	
Best Service	The Best of Gigapack 1 & 2	CD 2 -> PAD 5 -> Program	PAD:Chrd-Pad23	
Best Service	The Best of Gigapack 1 & 2	CD 2 -> PAD 5 -> Program	PAD:Chrd-Pad24	
Best Service	The Best of Gigapack 1 & 2	CD 2 -> PAD 5 -> Program	PAD:Chrd-Pad25	
Best Service	The Best of Gigapack 1 & 2	CD 2 -> PAD 5 -> Program	PAD:Chrd-Pad26	
Best Service	The Best of Gigapack 1 & 2	CD 2 -> PAD 5 -> Sample	PAD:Flying Cat	
Best Service	The Best of Gigapack 1 & 2	CD 2 -> PAD 5 -> Sample	PAD:CompStrng2	
Best Service	The Best of Gigapack 1 & 2	CD 2 -> PAD 5 -> Sample	PAD:CompStrng3	
Best Service	The Best of Gigapack 1 & 2	CD 2 -> PAD 5 -> Sample	PAD:CompStrng4	
Best Service	The Best of Gigapack 1 & 2	CD 2 -> PAD 5 -> Sample	PAD:highstrpad	
Best Service	The Best of Gigapack 1 & 2	CD 2 -> PAD 5 -> Sample	PAD:Flying Cat-L-C4	
Best Service	The Best of Gigapack 1 & 2	CD 2 -> PAD 5 -> Sample	PAD:Dance  202	
Best Service	The Best of Gigapack 1 & 2	CD 2 -> PAD 5 -> Sample	PAD:Dance  205	
Best Service	The Best of Gigapack 1 & 2	CD 2 -> PAD 5 -> Sample	PAD:Dance  169	
Best Service	The Best of Gigapack 1 & 2	CD 2 -> PAD 5 -> Sample	PAD:Dance  165-L	
Best Service	The Best of Gigapack 1 & 2	CD 2 -> PAD 5 -> Sample	PAD:Dance  180	
Best Service	The Best of Gigapack 1 & 2	CD 2 -> PAD 5 -> Sample	PAD:Theee PAD	
Best Service	The Best of Gigapack 1 & 2	CD 2 -> PAD 5 -> Sample	PAD:Wavo-manic	
Best Service	The Best of Gigapack 1 & 2	CD 2 -> PAD 5 -> Sample	PAD:ZZ-String	
Best Service	The Best of Gigapack 1 & 2	CD 2 -> PAD 5 -> Sample	PAD:YELLO  2	
Best Service	The Best of Gigapack 1 & 2	CD 2 -> PAD 5 -> Sample	PAD:Janet	
Best Service	The Best of Gigapack 1 & 2	CD 2 -> PAD 5 -> Sample	PAD:Bass Pad	
Best Service	The Best of Gigapack 1 & 2	CD 2 -> PAD 5 -> Sample	PAD:tato SYN  2t	
Best Service	The Best of Gigapack 1 & 2	CD 2 -> PAD 5 -> Sample	PAD:Yello Yoga	
Best Service	The Best of Gigapack 1 & 2	CD 2 -> BR SHAK1 -> Program	BRA:Shakuhachi	
Best Service	The Best of Gigapack 1 & 2	CD 2 -> BR SHAK1 -> Sample	BRA:Shaku	
Best Service	The Best of Gigapack 1 & 2	CD 2 -> BR TROM1 -> Program	BRA:Trombone	
Best Service	The Best of Gigapack 1 & 2	CD 2 -> BR TROM1 -> Program	BRA:Tromb short	
Best Service	The Best of Gigapack 1 & 2	CD 2 -> BR TROM1 -> Sample	BRA:TROMBONE   1	
Best Service	The Best of Gigapack 1 & 2	CD 2 -> BR TROM1 -> Sample	BRA:TROMBONE   2	
Best Service	The Best of Gigapack 1 & 2	CD 2 -> BR TROM1 -> Sample	BRA:TROMBONE   3	
Best Service	The Best of Gigapack 1 & 2	CD 2 -> BR TROM1 -> Sample	BRA:TROMBONE   4	
Best Service	The Best of Gigapack 1 & 2	CD 2 -> BR TROM1 -> Sample	BRA:TROMBONE   5	
Best Service	The Best of Gigapack 1 & 2	CD 2 -> BR TROM1 -> Sample	BRA:TROMBONE   6	
Best Service	The Best of Gigapack 1 & 2	CD 2 -> BR TROM1 -> Sample	BRA:TROMBONE   7	
Best Service	The Best of Gigapack 1 & 2	CD 2 -> BR TROM1 -> Sample	BRA:TROMBONE   8	
Best Service	The Best of Gigapack 1 & 2	CD 2 -> BR TROM1 -> Sample	BRA:TROMBONE   9	
Best Service	The Best of Gigapack 1 & 2	CD 2 -> BR TROM1 -> Sample	BRA:TROMBONE  10	
Best Service	The Best of Gigapack 1 & 2	CD 2 -> BR TROM1 -> Sample	BRA:TROMBONE  11	
Best Service	The Best of Gigapack 1 & 2	CD 2 -> BR TROM1 -> Sample	BRA:TROMBONE  12	
Best Service	The Best of Gigapack 1 & 2	CD 2 -> BR TROM1 -> Sample	BRA:TROMBONE  13	
Best Service	The Best of Gigapack 1 & 2	CD 2 -> BR TROM1 -> Sample	BRA:TROMBONE  14	
Best Service	The Best of Gigapack 1 & 2	CD 2 -> BR TROM1 -> Sample	BRA:TROMBONE  15	
Best Service	The Best of Gigapack 1 & 2	CD 2 -> BR TROM1 -> Sample	BRA:TROMBONE  16	
Best Service	The Best of Gigapack 1 & 2	CD 2 -> BR TROM1 -> Sample	BRA:TROMBONE  17	
Best Service	The Best of Gigapack 1 & 2	CD 2 -> BR TROM1 -> Sample	BRA:TROMBONE  18	
Best Service	The Best of Gigapack 1 & 2	CD 2 -> BR TROM1 -> Sample	BRA:TROMBONE  19	
Best Service	The Best of Gigapack 1 & 2	CD 2 -> BR TROM1 -> Sample	BRA:TROMBONE  20	
Best Service	The Best of Gigapack 1 & 2	CD 2 -> BR TROM1 -> Sample	BRA:TROMBONE  21	
Best Service	The Best of Gigapack 1 & 2	CD 2 -> BR TROM1 -> Sample	BRA:TROMBONE  22	
Best Service	The Best of Gigapack 1 & 2	CD 2 -> BR TROM1 -> Sample	BRA:TROMBONE  23	
Best Service	The Best of Gigapack 1 & 2	CD 2 -> BR TROM1 -> Sample	BRA:TROMBONE  24	
Best Service	The Best of Gigapack 1 & 2	CD 2 -> BR TROM1 -> Sample	BRA:TROMBONE  25	
Best Service	The Best of Gigapack 1 & 2	CD 2 -> BR TROM1 -> Sample	BRA:TROMBONE  26	
Best Service	The Best of Gigapack 1 & 2	CD 2 -> BR TROM1 -> Sample	BRA:TROMBONE  27	
Best Service	The Best of Gigapack 1 & 2	CD 2 -> BR TROM1 -> Sample	BRA:TROMBONE  28	
Best Service	The Best of Gigapack 1 & 2	CD 2 -> BR TROM1 -> Sample	BRA:TROMB SRT  1	
Best Service	The Best of Gigapack 1 & 2	CD 2 -> BR TROM1 -> Sample	BRA:TROMB SRT  2	
Best Service	The Best of Gigapack 1 & 2	CD 2 -> BR TROM1 -> Sample	BRA:TROMB SRT  3	
Best Service	The Best of Gigapack 1 & 2	CD 2 -> BR TROM1 -> Sample	BRA:TROMB SRT  4	
Best Service	The Best of Gigapack 1 & 2	CD 2 -> BR TROM1 -> Sample	BRA:TROMB SRT  5	
Best Service	The Best of Gigapack 1 & 2	CD 2 -> BR TROM1 -> Sample	BRA:TROMB SRT  6	
Best Service	The Best of Gigapack 1 & 2	CD 2 -> BR TROM1 -> Sample	BRA:TROMB SRT  7	
Best Service	The Best of Gigapack 1 & 2	CD 2 -> BR TROM1 -> Sample	BRA:TROMB SRT  8	
Best Service	The Best of Gigapack 1 & 2	CD 2 -> BR TROM1 -> Sample	BRA:TROMB SRT  9	
Best Service	The Best of Gigapack 1 & 2	CD 2 -> BR TROM1 -> Sample	BRA:TROMB SRT 10	
Best Service	The Best of Gigapack 1 & 2	CD 2 -> BR TROM1 -> Sample	BRA:TROMB SRT 11	
Best Service	The Best of Gigapack 1 & 2	CD 2 -> BR TROM1 -> Sample	BRA:TROMB SRT 12	
Best Service	The Best of Gigapack 1 & 2	CD 2 -> BR TROM1 -> Sample	BRA:TROMB SRT 13	
Best Service	The Best of Gigapack 1 & 2	CD 2 -> BR TROM1 -> Sample	BRA:TROMB SRT 14	
Best Service	The Best of Gigapack 1 & 2	CD 2 -> BR TROM1 -> Sample	BRA:TROMB SRT 15	
Best Service	The Best of Gigapack 1 & 2	CD 2 -> BR TROM1 -> Sample	BRA:TROMB SRT 16	
Best Service	The Best of Gigapack 1 & 2	CD 2 -> BR TROM1 -> Sample	BRA:TROMB SRT 17	
Best Service	The Best of Gigapack 1 & 2	CD 2 -> BR TROM1 -> Sample	BRA:TROMB SRT 18	
Best Service	The Best of Gigapack 1 & 2	CD 2 -> BR TROM1 -> Sample	BRA:TROMB SRT 19	
Best Service	The Best of Gigapack 1 & 2	CD 2 -> BR TROM1 -> Sample	BRA:TROMB SRT 20	
Best Service	The Best of Gigapack 1 & 2	CD 2 -> BR TROM1 -> Sample	BRA:TROMB SRT 21	
Best Service	The Best of Gigapack 1 & 2	CD 2 -> BR TROM1 -> Sample	BRA:TROMB SRT 22	
Best Service	The Best of Gigapack 1 & 2	CD 2 -> BR TROM1 -> Sample	BRA:TROMB SRT 23	
Best Service	The Best of Gigapack 1 & 2	CD 2 -> BR TROM1 -> Sample	BRA:TROMB SRT 24	
Best Service	The Best of Gigapack 1 & 2	CD 2 -> BR TROM1 -> Sample	BRA:TROMB SRT 25	
Best Service	The Best of Gigapack 1 & 2	CD 2 -> BR TROM1 -> Sample	BRA:TROMB SRT 26	
Best Service	The Best of Gigapack 1 & 2	CD 2 -> BR TROM1 -> Sample	BRA:TROMB SRT 27	
Best Service	The Best of Gigapack 1 & 2	CD 2 -> BR TROM1 -> Sample	BRA:TROMB SRT 28	
Best Service	The Best of Gigapack 1 & 2	CD 2 -> BR TROM1 -> Sample	BRA:TROMB SRT 29	
Best Service	The Best of Gigapack 1 & 2	CD 2 -> BR TROM1 -> Sample	BRA:TROMB SRT 30	
Best Service	The Best of Gigapack 1 & 2	CD 2 -> BR TROM1 -> Sample	BRA:TROMB SRT 31	
Best Service	The Best of Gigapack 1 & 2	CD 2 -> BR TRUM1 -> Program	BRA:Trumpet	
Best Service	The Best of Gigapack 1 & 2	CD 2 -> BR TRUM1 -> Program	BRA:Trumpet soft	
Best Service	The Best of Gigapack 1 & 2	CD 2 -> BR TRUM1 -> Program	BRA:Trump. short	
Best Service	The Best of Gigapack 1 & 2	CD 2 -> BR TRUM1 -> Program	BRA:Trumpet sekt	
Best Service	The Best of Gigapack 1 & 2	CD 2 -> BR TRUM1 -> Program	BRA:Trumpet2sekt	
Best Service	The Best of Gigapack 1 & 2	CD 2 -> BR TRUM1 -> Sample	BRA:TRUMPET    1	
Best Service	The Best of Gigapack 1 & 2	CD 2 -> BR TRUM1 -> Sample	BRA:TRUMPET    4	
Best Service	The Best of Gigapack 1 & 2	CD 2 -> BR TRUM1 -> Sample	BRA:TRUMPET    5	
Best Service	The Best of Gigapack 1 & 2	CD 2 -> BR TRUM1 -> Sample	BRA:TRUMPET    7	
Best Service	The Best of Gigapack 1 & 2	CD 2 -> BR TRUM1 -> Sample	BRA:TRUMPET    9	
Best Service	The Best of Gigapack 1 & 2	CD 2 -> BR TRUM1 -> Sample	BRA:TRUMPET   10	
Best Service	The Best of Gigapack 1 & 2	CD 2 -> BR TRUM1 -> Sample	BRA:TRUMPET   12	
Best Service	The Best of Gigapack 1 & 2	CD 2 -> BR TRUM1 -> Sample	BRA:TRUMPET   14	
Best Service	The Best of Gigapack 1 & 2	CD 2 -> BR TRUM1 -> Sample	BRA:TRUMPET   16	
Best Service	The Best of Gigapack 1 & 2	CD 2 -> BR TRUM1 -> Sample	BRA:TRUMPET   18	
Best Service	The Best of Gigapack 1 & 2	CD 2 -> BR TRUM1 -> Sample	BRA:TRUMPET   20	
Best Service	The Best of Gigapack 1 & 2	CD 2 -> BR TRUM1 -> Sample	BRA:TRUMPET   22	
Best Service	The Best of Gigapack 1 & 2	CD 2 -> BR TRUM1 -> Sample	BRA:TRUMPET   24	
Best Service	The Best of Gigapack 1 & 2	CD 2 -> BR TRUM1 -> Sample	BRA:TRUMPET   26	
Best Service	The Best of Gigapack 1 & 2	CD 2 -> BR TRUM1 -> Sample	BRA:TRUMPET   28	
Best Service	The Best of Gigapack 1 & 2	CD 2 -> BR TRUM1 -> Sample	BRA:TRUMPET   30	
Best Service	The Best of Gigapack 1 & 2	CD 2 -> BR TRUM1 -> Sample	BRA:TRUMPET    2	
Best Service	The Best of Gigapack 1 & 2	CD 2 -> BR TRUM1 -> Sample	BRA:TRUMPET    6	
Best Service	The Best of Gigapack 1 & 2	CD 2 -> BR TRUM1 -> Sample	BRA:TRUMPET    8	
Best Service	The Best of Gigapack 1 & 2	CD 2 -> BR TRUM1 -> Sample	BRA:TRUMPET   11	
Best Service	The Best of Gigapack 1 & 2	CD 2 -> BR TRUM1 -> Sample	BRA:TRUMPET   15	
Best Service	The Best of Gigapack 1 & 2	CD 2 -> BR TRUM1 -> Sample	BRA:TRUMPET   17	
Best Service	The Best of Gigapack 1 & 2	CD 2 -> BR TRUM1 -> Sample	BRA:TRUMPET   19	
Best Service	The Best of Gigapack 1 & 2	CD 2 -> BR TRUM1 -> Sample	BRA:TRUMPET   23	
Best Service	The Best of Gigapack 1 & 2	CD 2 -> BR TRUM1 -> Sample	BRA:TRUMPET   29	
Best Service	The Best of Gigapack 1 & 2	CD 2 -> BR TRUM1 -> Sample	BRA:TRUMPET   31	
Best Service	The Best of Gigapack 1 & 2	CD 2 -> BR TRUM1 -> Sample	BRA:TRUMP SRT  1	
Best Service	The Best of Gigapack 1 & 2	CD 2 -> BR TRUM1 -> Sample	BRA:TRUMP SRT  2	
Best Service	The Best of Gigapack 1 & 2	CD 2 -> BR TRUM1 -> Sample	BRA:TRUMP SRT  3	
Best Service	The Best of Gigapack 1 & 2	CD 2 -> BR TRUM1 -> Sample	BRA:TRUMP SRT  4	
Best Service	The Best of Gigapack 1 & 2	CD 2 -> BR TRUM1 -> Sample	BRA:TRUMP SRT  5	
Best Service	The Best of Gigapack 1 & 2	CD 2 -> BR TRUM1 -> Sample	BRA:TRUMP SRT  6	
Best Service	The Best of Gigapack 1 & 2	CD 2 -> BR TRUM1 -> Sample	BRA:TRUMP SRT  7	
Best Service	The Best of Gigapack 1 & 2	CD 2 -> BR TRUM1 -> Sample	BRA:TRUMP SRT  8	
Best Service	The Best of Gigapack 1 & 2	CD 2 -> BR TRUM1 -> Sample	BRA:TRUMP SRT  9	
Best Service	The Best of Gigapack 1 & 2	CD 2 -> BR TRUM1 -> Sample	BRA:TRUMP SRT 10	
Best Service	The Best of Gigapack 1 & 2	CD 2 -> BR TRUM1 -> Sample	BRA:TRUMP SRT 11	
Best Service	The Best of Gigapack 1 & 2	CD 2 -> BR TRUM1 -> Sample	BRA:TRUMP SRT 12	
Best Service	The Best of Gigapack 1 & 2	CD 2 -> BR TRUM1 -> Sample	BRA:TRUMP SRT 13	
Best Service	The Best of Gigapack 1 & 2	CD 2 -> BR TRUM1 -> Sample	BRA:TRUMP SRT 14	
Best Service	The Best of Gigapack 1 & 2	CD 2 -> BR TRUM1 -> Sample	BRA:TRUMP SRT 15	
Best Service	The Best of Gigapack 1 & 2	CD 2 -> BR TRUM1 -> Sample	BRA:TRUMP SRT 16	
Best Service	The Best of Gigapack 1 & 2	CD 2 -> BR TRUM1 -> Sample	BRA:TRUMP SRT 17	
Best Service	The Best of Gigapack 1 & 2	CD 2 -> BR TRUM1 -> Sample	BRA:TRUMP SRT 18	
Best Service	The Best of Gigapack 1 & 2	CD 2 -> BR TRUM1 -> Sample	BRA:TRUMP SRT 19	
Best Service	The Best of Gigapack 1 & 2	CD 2 -> BR TRUM1 -> Sample	BRA:TRUMP SRT 20	
Best Service	The Best of Gigapack 1 & 2	CD 2 -> BR TRUM1 -> Sample	BRA:TRUMP SRT 21	
Best Service	The Best of Gigapack 1 & 2	CD 2 -> BR TRUM1 -> Sample	BRA:TRUMP SRT 22	
Best Service	The Best of Gigapack 1 & 2	CD 2 -> BR TRUM1 -> Sample	BRA:TRUMP SRT 23	
Best Service	The Best of Gigapack 1 & 2	CD 2 -> BR TRUM1 -> Sample	BRA:TRUMP SRT 24	
Best Service	The Best of Gigapack 1 & 2	CD 2 -> BR TRUM1 -> Sample	BRA:TRUMP SRT 25	
Best Service	The Best of Gigapack 1 & 2	CD 2 -> BR TRUM1 -> Sample	BRA:TRUMP SRT 26	
Best Service	The Best of Gigapack 1 & 2	CD 2 -> BR TRUM1 -> Sample	BRA:TRUMP SRT 27	
Best Service	The Best of Gigapack 1 & 2	CD 2 -> BR TRUM1 -> Sample	BRA:TRUMP SRT 28	
Best Service	The Best of Gigapack 1 & 2	CD 2 -> BR TRUM1 -> Sample	BRA:TRUMP SRT 29	
Best Service	The Best of Gigapack 1 & 2	CD 2 -> BR TRUM1 -> Sample	BRA:TRUMP SRT 30	
Best Service	The Best of Gigapack 1 & 2	CD 2 -> BR TRUM1 -> Sample	BRA:TRUMP SRT 31	
Best Service	The Best of Gigapack 1 & 2	CD 2 -> BR TRUM1 -> Sample	BRA:TRUMP SRT 32	
Best Service	The Best of Gigapack 1 & 2	CD 2 -> BR TRUM1 -> Sample	BRA:TRUMP SRT 33	
Best Service	The Best of Gigapack 1 & 2	CD 2 -> BR TRUM1 -> Sample	BRA:TRUMP SRT 34	
Best Service	The Best of Gigapack 1 & 2	CD 2 -> BR TRUM1 -> Sample	BRA:TRUMP SRT 35	
Best Service	The Best of Gigapack 1 & 2	CD 2 -> PAD 1 -> Program	PAD:1.Violin	
Best Service	The Best of Gigapack 1 & 2	CD 2 -> PAD 1 -> Program	PAD:1990 DigiPad	
Best Service	The Best of Gigapack 1 & 2	CD 2 -> PAD 1 -> Program	PAD:Ana Strings	
Best Service	The Best of Gigapack 1 & 2	CD 2 -> PAD 1 -> Program	PAD:Analog-Pad	
Best Service	The Best of Gigapack 1 & 2	CD 2 -> PAD 1 -> Program	PAD:AnalogPad  1	
Best Service	The Best of Gigapack 1 & 2	CD 2 -> PAD 1 -> Program	PAD:AnalogPad  2	
Best Service	The Best of Gigapack 1 & 2	CD 2 -> PAD 1 -> Program	PAD:AnalogPad  3	
Best Service	The Best of Gigapack 1 & 2	CD 2 -> PAD 1 -> Program	PAD:AnalogPad  4	
Best Service	The Best of Gigapack 1 & 2	CD 2 -> PAD 1 -> Program	PAD:AnalogPad  5	
Best Service	The Best of Gigapack 1 & 2	CD 2 -> PAD 1 -> Program	PAD:AnalogPad  6	
Best Service	The Best of Gigapack 1 & 2	CD 2 -> PAD 1 -> Program	PAD:AnalogPad  7	
Best Service	The Best of Gigapack 1 & 2	CD 2 -> PAD 1 -> Program	PAD:BagdadCafe	
Best Service	The Best of Gigapack 1 & 2	CD 2 -> PAD 1 -> Program	PAD:Bells-Pad	
Best Service	The Best of Gigapack 1 & 2	CD 2 -> PAD 1 -> Program	PAD:Bright-Pad	
Best Service	The Best of Gigapack 1 & 2	CD 2 -> PAD 1 -> Program	PAD:Digi Pad  11	
Best Service	The Best of Gigapack 1 & 2	CD 2 -> PAD 1 -> Program	PAD:Digi Pad  12	
Best Service	The Best of Gigapack 1 & 2	CD 2 -> PAD 1 -> Program	PAD:Filter Pad	
Best Service	The Best of Gigapack 1 & 2	CD 2 -> PAD 1 -> Sample	PAD:1.Geige    1	
Best Service	The Best of Gigapack 1 & 2	CD 2 -> PAD 1 -> Sample	PAD:1.Geige    2	
Best Service	The Best of Gigapack 1 & 2	CD 2 -> PAD 1 -> Sample	PAD:1.Geige    3	
Best Service	The Best of Gigapack 1 & 2	CD 2 -> PAD 1 -> Sample	PAD:1.Geige    4	
Best Service	The Best of Gigapack 1 & 2	CD 2 -> PAD 1 -> Sample	PAD:1.Geige    5	
Best Service	The Best of Gigapack 1 & 2	CD 2 -> PAD 1 -> Sample	PAD:1990 1	
Best Service	The Best of Gigapack 1 & 2	CD 2 -> PAD 1 -> Sample	PAD:1990 2	
Best Service	The Best of Gigapack 1 & 2	CD 2 -> PAD 1 -> Sample	PAD:1990 3	
Best Service	The Best of Gigapack 1 & 2	CD 2 -> PAD 1 -> Sample	PAD:Pd67	
Best Service	The Best of Gigapack 1 & 2	CD 2 -> PAD 1 -> Sample	PAD:Pd68	
Best Service	The Best of Gigapack 1 & 2	CD 2 -> PAD 1 -> Sample	PAD:Pd69	
Best Service	The Best of Gigapack 1 & 2	CD 2 -> PAD 1 -> Sample	PAD:Pd70	
Best Service	The Best of Gigapack 1 & 2	CD 2 -> PAD 1 -> Sample	PAD:AP1	
Best Service	The Best of Gigapack 1 & 2	CD 2 -> PAD 1 -> Sample	PAD:AP13	
Best Service	The Best of Gigapack 1 & 2	CD 2 -> PAD 1 -> Sample	PAD:AP5	
Best Service	The Best of Gigapack 1 & 2	CD 2 -> PAD 1 -> Sample	PAD:AP20	
Best Service	The Best of Gigapack 1 & 2	CD 2 -> PAD 1 -> Sample	PAD:AP23	
Best Service	The Best of Gigapack 1 & 2	CD 2 -> PAD 1 -> Sample	PAD:AP25	
Best Service	The Best of Gigapack 1 & 2	CD 2 -> PAD 1 -> Sample	PAD:AP37	
Best Service	The Best of Gigapack 1 & 2	CD 2 -> PAD 1 -> Sample	PAD:BagdadCafe 1	
Best Service	The Best of Gigapack 1 & 2	CD 2 -> PAD 1 -> Sample	PAD:BagdadCafe 2	
Best Service	The Best of Gigapack 1 & 2	CD 2 -> PAD 1 -> Sample	PAD:BagdadCafe 3	
Best Service	The Best of Gigapack 1 & 2	CD 2 -> PAD 1 -> Sample	PAD:BagdadCafe 4	
Best Service	The Best of Gigapack 1 & 2	CD 2 -> PAD 1 -> Sample	PAD:Klng.	
Best Service	The Best of Gigapack 1 & 2	CD 2 -> PAD 1 -> Sample	PAD:HotPad    -L	
Best Service	The Best of Gigapack 1 & 2	CD 2 -> PAD 1 -> Sample	PAD:padel7	
Best Service	The Best of Gigapack 1 & 2	CD 2 -> PAD 1 -> Sample	PAD:padwol48	
Best Service	The Best of Gigapack 1 & 2	CD 2 -> PAD 1 -> Sample	PAD:padwol49	
Best Service	The Best of Gigapack 1 & 2	CD 2 -> PAD 1 -> Sample	PAD:PadWol50	
Best Service	The Best of Gigapack 1 & 2	CD 2 -> PAD 1 -> Sample	PAD:twoo1	
Best Service	The Best of Gigapack 1 & 2	CD 2 -> PAD 1 -> Sample	PAD:AP1-C#4	
Best Service	The Best of Gigapack 1 & 2	CD 2 -> PAD 1 -> Sample	PAD:AP13-C4	
Best Service	The Best of Gigapack 1 & 2	CD 2 -> PAD 1 -> Sample	PAD:AP5-C4	
Best Service	The Best of Gigapack 1 & 2	CD 2 -> PAD 1 -> Sample	PAD:AP23-C4	
Best Service	The Best of Gigapack 1 & 2	CD 2 -> PAD 1 -> Sample	PAD:AP25-C4	
Best Service	The Best of Gigapack 1 & 2	CD 2 -> PAD 1 -> Sample	PAD:AP37-C4	
Best Service	The Best of Gigapack 1 & 2	CD 2 -> PAD 1 -> Sample	PAD:HotPad    -L-C4	
Best Service	The Best of Gigapack 1 & 2	CD 2 -> PAD 1 -> Sample	PAD:padel7-C4	
Best Service	The Best of Gigapack 1 & 2	CD 2 -> PAD 1 -> Sample	PAD:twoo1-A3	
Best Service	The Best of Gigapack 1 & 2	CD 2 -> PAD 2 -> Program	PAD:Justify Pad	
Best Service	The Best of Gigapack 1 & 2	CD 2 -> PAD 2 -> Program	PAD:Layer Pad	
Best Service	The Best of Gigapack 1 & 2	CD 2 -> PAD 2 -> Program	PAD:Lovely Pad	
Best Service	The Best of Gigapack 1 & 2	CD 2 -> PAD 2 -> Program	PAD:Matrix Pad	
Best Service	The Best of Gigapack 1 & 2	CD 2 -> PAD 2 -> Program	PAD:Movie Pad	
Best Service	The Best of Gigapack 1 & 2	CD 2 -> PAD 2 -> Program	PAD:Nice Pad	
Best Service	The Best of Gigapack 1 & 2	CD 2 -> PAD 2 -> Program	PAD:O1-W Strings	
Best Service	The Best of Gigapack 1 & 2	CD 2 -> PAD 2 -> Program	PAD:Oct-Strings	
Best Service	The Best of Gigapack 1 & 2	CD 2 -> PAD 2 -> Program	PAD:Old Ana Pad	
Best Service	The Best of Gigapack 1 & 2	CD 2 -> PAD 2 -> Sample	PAD:Justify 3	
Best Service	The Best of Gigapack 1 & 2	CD 2 -> PAD 2 -> Sample	PAD:Justify 4	
Best Service	The Best of Gigapack 1 & 2	CD 2 -> PAD 2 -> Sample	PAD:Justify 5	
Best Service	The Best of Gigapack 1 & 2	CD 2 -> PAD 2 -> Sample	PAD:nicePad	
Best Service	The Best of Gigapack 1 & 2	CD 2 -> PAD 2 -> Sample	PAD:Low-Pad   -R	
Best Service	The Best of Gigapack 1 & 2	CD 2 -> PAD 2 -> Sample	PAD:Low-Pad   -L	
Best Service	The Best of Gigapack 1 & 2	CD 2 -> PAD 2 -> Sample	PAD:LovelyPad	
Best Service	The Best of Gigapack 1 & 2	CD 2 -> PAD 2 -> Sample	PAD:VKMatrxPadC3	
Best Service	The Best of Gigapack 1 & 2	CD 2 -> PAD 2 -> Sample	PAD:VKMatrxPadC5	
Best Service	The Best of Gigapack 1 & 2	CD 2 -> PAD 2 -> Sample	PAD:Pad 1311	
Best Service	The Best of Gigapack 1 & 2	CD 2 -> PAD 2 -> Sample	PAD:nicePad L-C4	
Best Service	The Best of Gigapack 1 & 2	CD 2 -> PAD 2 -> Sample	PAD:01 String	
Best Service	The Best of Gigapack 1 & 2	CD 2 -> PAD 2 -> Sample	PAD:Oct-Strng3	
Best Service	The Best of Gigapack 1 & 2	CD 2 -> PAD 2 -> Sample	PAD:Oct-Strng4	
Best Service	The Best of Gigapack 1 & 2	CD 2 -> PAD 2 -> Sample	PAD:Oct-Strng5	
Best Service	The Best of Gigapack 1 & 2	CD 2 -> PAD 2 -> Sample	PAD:OldAN1	
Best Service	The Best of Gigapack 1 & 2	CD 2 -> PAD 2 -> Sample	PAD:OldAN2	
Best Service	The Best of Gigapack 1 & 2	CD 2 -> PAD 3 -> Program	PAD:PAD PPG	
Best Service	The Best of Gigapack 1 & 2	CD 2 -> PAD 3 -> Program	PAD:Pad-Pad	
Best Service	The Best of Gigapack 1 & 2	CD 2 -> PAD 3 -> Program	PAD:PasqualinaM1	
Best Service	The Best of Gigapack 1 & 2	CD 2 -> PAD 3 -> Program	PAD:Prophet Pad	
Best Service	The Best of Gigapack 1 & 2	CD 2 -> PAD 3 -> Program	PAD:PulsePad	
Best Service	The Best of Gigapack 1 & 2	CD 2 -> PAD 3 -> Program	PAD:Sleep PAD	
Best Service	The Best of Gigapack 1 & 2	CD 2 -> PAD 3 -> Program	PAD:SYN-PAD 6	
Best Service	The Best of Gigapack 1 & 2	CD 2 -> PAD 3 -> Program	PAD:SYN-PAD 7	
Best Service	The Best of Gigapack 1 & 2	CD 2 -> PAD 3 -> Program	PAD:SYN-PAD 8	
Best Service	The Best of Gigapack 1 & 2	CD 2 -> PAD 3 -> Program	PAD:Synth-Pad  1	
Best Service	The Best of Gigapack 1 & 2	CD 2 -> PAD 3 -> Program	PAD:Synth-Pad  2	
Best Service	The Best of Gigapack 1 & 2	CD 2 -> PAD 3 -> Program	PAD:Synth-Pad  3	
Best Service	The Best of Gigapack 1 & 2	CD 2 -> PAD 3 -> Program	PAD:Synth-Pad  4	
Best Service	The Best of Gigapack 1 & 2	CD 2 -> PAD 3 -> Program	PAD:Synth-Pad  5	
Best Service	The Best of Gigapack 1 & 2	CD 2 -> PAD 3 -> Program	PAD:WS Digi-Pad	
Best Service	The Best of Gigapack 1 & 2	CD 2 -> PAD 3 -> Program	PAD:ZEN Pad	
Best Service	The Best of Gigapack 1 & 2	CD 2 -> PAD 3 -> Sample	PAD:PAD 01     1	
Best Service	The Best of Gigapack 1 & 2	CD 2 -> PAD 3 -> Sample	PAD:PAD 01     2	
Best Service	The Best of Gigapack 1 & 2	CD 2 -> PAD 3 -> Sample	PAD:PAD 01     3	
Best Service	The Best of Gigapack 1 & 2	CD 2 -> PAD 3 -> Sample	PAD:PAD 01     4	
Best Service	The Best of Gigapack 1 & 2	CD 2 -> PAD 3 -> Sample	PAD:Pad Pad   -R	
Best Service	The Best of Gigapack 1 & 2	CD 2 -> PAD 3 -> Sample	PAD:PasqualinaC4	
Best Service	The Best of Gigapack 1 & 2	CD 2 -> PAD 3 -> Sample	PAD:Prophet 5 .1	
Best Service	The Best of Gigapack 1 & 2	CD 2 -> PAD 3 -> Sample	PAD:Prophet 5 .2	
Best Service	The Best of Gigapack 1 & 2	CD 2 -> PAD 3 -> Sample	PAD:Prophet 5 .3	
Best Service	The Best of Gigapack 1 & 2	CD 2 -> PAD 3 -> Sample	PAD:PulsePad 2-L	
Best Service	The Best of Gigapack 1 & 2	CD 2 -> PAD 3 -> Sample	PAD:PulsePad 3-L	
Best Service	The Best of Gigapack 1 & 2	CD 2 -> PAD 3 -> Sample	PAD:PAD 113	
Best Service	The Best of Gigapack 1 & 2	CD 2 -> PAD 3 -> Sample	PAD:     36 C4	
Best Service	The Best of Gigapack 1 & 2	CD 2 -> PAD 3 -> Sample	PAD:DiPa7l	
Best Service	The Best of Gigapack 1 & 2	CD 2 -> PAD 3 -> Sample	PAD:DiPa7r	
Best Service	The Best of Gigapack 1 & 2	CD 2 -> PAD 3 -> Sample	PAD:      8 C4	
Best Service	The Best of Gigapack 1 & 2	CD 2 -> PAD 3 -> Sample	PAD:      1 C4	
Best Service	The Best of Gigapack 1 & 2	CD 2 -> PAD 3 -> Sample	PAD:     88.2	
Best Service	The Best of Gigapack 1 & 2	CD 2 -> PAD 3 -> Sample	PAD:     88.3	
Best Service	The Best of Gigapack 1 & 2	CD 2 -> PAD 3 -> Sample	PAD:      3 C4	
Best Service	The Best of Gigapack 1 & 2	CD 2 -> PAD 3 -> Sample	PAD:     19.1	
Best Service	The Best of Gigapack 1 & 2	CD 2 -> PAD 3 -> Sample	PAD:      9 C4	
Best Service	The Best of Gigapack 1 & 2	CD 2 -> PAD 3 -> Sample	PAD:Dig Pad 2	
Best Service	The Best of Gigapack 1 & 2	CD 2 -> PAD 3 -> Sample	PAD:Dig Pad 3	
Best Service	The Best of Gigapack 1 & 2	CD 2 -> PAD 3 -> Sample	PAD:Dig Pad 4	
Best Service	The Best of Gigapack 1 & 2	CD 2 -> PAD 3 -> Sample	PAD:ZEN Pad	
Best Service	The Best of Gigapack 1 & 2	CD 2 -> PAD 3 -> Sample	PAD:ZEN Pad    2	
Best Service	The Best of Gigapack 1 & 2	CD 2 -> PAD 3 -> Sample	PAD:ZEN Pad    3	
Best Service	The Best of Gigapack 1 & 2	CD 2 -> PAD 3 -> Sample	PAD:ZEN Pad    4	
Best Service	The Best of Gigapack 1 & 2	CD 2 -> PAD 4 -> Program	PAD:Chrd-Pad01	
Best Service	The Best of Gigapack 1 & 2	CD 2 -> PAD 4 -> Program	PAD:Chrd-Pad02	
Best Service	The Best of Gigapack 1 & 2	CD 2 -> PAD 4 -> Program	PAD:Chrd-Pad03	
Best Service	The Best of Gigapack 1 & 2	CD 2 -> PAD 4 -> Program	PAD:Chrd-Pad04	
Best Service	The Best of Gigapack 1 & 2	CD 2 -> PAD 4 -> Program	PAD:Chrd-Pad05	
Best Service	The Best of Gigapack 1 & 2	CD 2 -> PAD 4 -> Program	PAD:Chrd-Pad06	
Best Service	The Best of Gigapack 1 & 2	CD 2 -> PAD 4 -> Program	PAD:Chrd-Pad07	
Best Service	The Best of Gigapack 1 & 2	CD 2 -> PAD 4 -> Program	PAD:Chrd-Pad08	
Best Service	The Best of Gigapack 1 & 2	CD 2 -> PAD 4 -> Program	PAD:Chrd-Pad09	
Best Service	The Best of Gigapack 1 & 2	CD 2 -> PAD 4 -> Program	PAD:Chrd-Pad10	
Best Service	The Best of Gigapack 1 & 2	CD 2 -> PAD 4 -> Program	PAD:Chrd-Pad11	
Best Service	The Best of Gigapack 1 & 2	CD 2 -> PAD 4 -> Program	PAD:Chrd-Pad12	
Best Service	The Best of Gigapack 1 & 2	CD 2 -> PAD 4 -> Program	PAD:Chrd-Pad13	
Best Service	The Best of Gigapack 1 & 2	CD 2 -> PAD 4 -> Sample	PAD:6736    AO	
Best Service	The Best of Gigapack 1 & 2	CD 2 -> PAD 4 -> Sample	PAD:6738    AA	
Best Service	The Best of Gigapack 1 & 2	CD 2 -> PAD 4 -> Sample	PAD:6738    AC	
Best Service	The Best of Gigapack 1 & 2	CD 2 -> PAD 4 -> Sample	PAD:Dnce80	
Best Service	The Best of Gigapack 1 & 2	CD 2 -> PAD 4 -> Sample	PAD: Pad	
Best Service	The Best of Gigapack 1 & 2	CD 2 -> PAD 4 -> Sample	PAD:6738    AI	
Best Service	The Best of Gigapack 1 & 2	CD 2 -> PAD 4 -> Sample	PAD:3893	
Best Service	The Best of Gigapack 1 & 2	CD 2 -> PAD 4 -> Sample	PAD:Dance  236	
Best Service	The Best of Gigapack 1 & 2	CD 2 -> PAD 4 -> Sample	PAD:Dance  258	
Best Service	The Best of Gigapack 1 & 2	CD 2 -> PAD 4 -> Sample	PAD:Dance  211	
Best Service	The Best of Gigapack 1 & 2	CD 2 -> PAD 4 -> Sample	PAD:Dance  218	
Best Service	The Best of Gigapack 1 & 2	CD 2 -> PAD 4 -> Sample	PAD:Dance 061	
Best Service	The Best of Gigapack 1 & 2	CD 2 -> PAD 4 -> Sample	PAD:Atmo 35	
Best Service	The Best of Gigapack 1 & 2	CD 2 -> SYN WS2 -> Program	SYN:WS Melody	
Best Service	The Best of Gigapack 1 & 2	CD 2 -> SYN WS2 -> Program	SYN:WS ResoSynth	
Best Service	The Best of Gigapack 1 & 2	CD 2 -> SYN WS2 -> Program	SYN:WS Modernesq	
Best Service	The Best of Gigapack 1 & 2	CD 2 -> SYN WS2 -> Program	SYN:WS Thieves	
Best Service	The Best of Gigapack 1 & 2	CD 2 -> SYN WS2 -> Program	SYN:WS Wide Syn	
Best Service	The Best of Gigapack 1 & 2	CD 2 -> SYN WS2 -> Program	SYN:WS DigiDream	
Best Service	The Best of Gigapack 1 & 2	CD 2 -> SYN WS2 -> Sample	SYN:Melody Syn	
Best Service	The Best of Gigapack 1 & 2	CD 2 -> SYN WS2 -> Sample	SYN:Reso Synth	
Best Service	The Best of Gigapack 1 & 2	CD 2 -> SYN WS2 -> Sample	SYN:Modernesq2	
Best Service	The Best of Gigapack 1 & 2	CD 2 -> SYN WS2 -> Sample	SYN:Modernesq3	
Best Service	The Best of Gigapack 1 & 2	CD 2 -> SYN WS2 -> Sample	SYN:ThievesTem	
Best Service	The Best of Gigapack 1 & 2	CD 2 -> SYN WS2 -> Sample	SYN:WideopnSYN	
Best Service	The Best of Gigapack 1 & 2	CD 2 -> SYN WS2 -> Sample	NewSample	
Best Service	The Best of Gigapack 1 & 2	CD 2 -> SYN WS2 -> Sample	NewSample-F5	
Best Service	The Best of Gigapack 1 & 2	CD 2 -> SYN WS2 -> Sample	NewSample-G5	
Best Service	The Best of Gigapack 1 & 2	CD 2 -> SYN WS2 -> Sample	NewSample-G5(1)	
Best Service	The Best of Gigapack 1 & 2	CD 2 -> SYN WS2 -> Sample	NewSample-G5(2)	
Best Service	The Best of Gigapack 1 & 2	CD 2 -> SYN WS2 -> Sample	SYN:DigiDream	
Best Service	The Best of Gigapack 1 & 2	CD 2 -> SYN WS2 -> Sample	NewSample-G5(3)	
Best Service	The Best of Gigapack 1 & 2	CD 2 -> STRING 1 -> Program	STR:Strings 1 st	
Best Service	The Best of Gigapack 1 & 2	CD 2 -> STRING 1 -> Program	STR:Strings 2 st	
Best Service	The Best of Gigapack 1 & 2	CD 2 -> STRING 1 -> Program	STR:Orch Strings	
Best Service	The Best of Gigapack 1 & 2	CD 2 -> STRING 1 -> Program	STR:MellotronStr	
Best Service	The Best of Gigapack 1 & 2	CD 2 -> STRING 1 -> Sample	STR:+a	
Best Service	The Best of Gigapack 1 & 2	CD 2 -> STRING 1 -> Sample	STR:+b	
Best Service	The Best of Gigapack 1 & 2	CD 2 -> STRING 1 -> Sample	STR:+c	
Best Service	The Best of Gigapack 1 & 2	CD 2 -> STRING 1 -> Sample	STR:+d	
Best Service	The Best of Gigapack 1 & 2	CD 2 -> STRING 1 -> Sample	STR:+e	
Best Service	The Best of Gigapack 1 & 2	CD 2 -> STRING 1 -> Sample	STR:+f	
Best Service	The Best of Gigapack 1 & 2	CD 2 -> STRING 1 -> Sample	STR:+g	
Best Service	The Best of Gigapack 1 & 2	CD 2 -> STRING 1 -> Sample	STR:+h	
Best Service	The Best of Gigapack 1 & 2	CD 2 -> STRING 1 -> Sample	STR:+i	
Best Service	The Best of Gigapack 1 & 2	CD 2 -> STRING 1 -> Sample	STR:+j	
Best Service	The Best of Gigapack 1 & 2	CD 2 -> STRING 1 -> Sample	STR:+k	
Best Service	The Best of Gigapack 1 & 2	CD 2 -> STRING 1 -> Sample	STR:+l	
Best Service	The Best of Gigapack 1 & 2	CD 2 -> STRING 1 -> Sample	STR:+m	
Best Service	The Best of Gigapack 1 & 2	CD 2 -> STRING 1 -> Sample	STR:+n	
Best Service	The Best of Gigapack 1 & 2	CD 2 -> STRING 1 -> Sample	STR:+o	
Best Service	The Best of Gigapack 1 & 2	CD 2 -> STRING 1 -> Sample	STR:+p	
Best Service	The Best of Gigapack 1 & 2	CD 2 -> STRING 1 -> Sample	STR:+q	
Best Service	The Best of Gigapack 1 & 2	CD 2 -> STRING 1 -> Sample	STR:+r	
Best Service	The Best of Gigapack 1 & 2	CD 2 -> STRING 1 -> Sample	STR:+s	
Best Service	The Best of Gigapack 1 & 2	CD 2 -> STRING 1 -> Sample	STR:+t	
Best Service	The Best of Gigapack 1 & 2	CD 2 -> STRING 1 -> Sample	STR:+u	
Best Service	The Best of Gigapack 1 & 2	CD 2 -> STRING 1 -> Sample	STR:+v	
Best Service	The Best of Gigapack 1 & 2	CD 2 -> STRING 1 -> Sample	STR:+w	
Best Service	The Best of Gigapack 1 & 2	CD 2 -> STRING 1 -> Sample	STR:+x	
Best Service	The Best of Gigapack 1 & 2	CD 2 -> STRING 1 -> Sample	STR:Strings B1	
Best Service	The Best of Gigapack 1 & 2	CD 2 -> STRING 1 -> Sample	STR:Strings E2	
Best Service	The Best of Gigapack 1 & 2	CD 2 -> STRING 1 -> Sample	STR:Strings D3	
Best Service	The Best of Gigapack 1 & 2	CD 2 -> STRING 1 -> Sample	STR:Strings G3	
Best Service	The Best of Gigapack 1 & 2	CD 2 -> STRING 1 -> Sample	STR:Strings C4	
Best Service	The Best of Gigapack 1 & 2	CD 2 -> STRING 1 -> Sample	STR:Strings F4	
Best Service	The Best of Gigapack 1 & 2	CD 2 -> STRING 1 -> Sample	STR:Strings A#	
Best Service	The Best of Gigapack 1 & 2	CD 2 -> STRING 1 -> Sample	STR:Strings D#	
Best Service	The Best of Gigapack 1 & 2	CD 2 -> STRING 1 -> Sample	STR:Strings G#	
Best Service	The Best of Gigapack 1 & 2	CD 2 -> STRING 1 -> Sample	STR:Strings C#	
Best Service	The Best of Gigapack 1 & 2	CD 2 -> STRING 1 -> Sample	STR:Strings F#	
Best Service	The Best of Gigapack 1 & 2	CD 2 -> STRING 1 -> Sample	STR:Strings B6	
Best Service	The Best of Gigapack 1 & 2	CD 2 -> STRING 1 -> Sample	STR:K-2000 1.1	
Best Service	The Best of Gigapack 1 & 2	CD 2 -> STRING 1 -> Sample	STR:K-2000 1.2	
Best Service	The Best of Gigapack 1 & 2	CD 2 -> STRING 1 -> Sample	STR:MellotronA#2	
Best Service	The Best of Gigapack 1 & 2	CD 2 -> STRING 1 -> Sample	STR:MellotronD#3	
Best Service	The Best of Gigapack 1 & 2	CD 2 -> STRING 1 -> Sample	STR:MellotronG#3	
Best Service	The Best of Gigapack 1 & 2	CD 2 -> STRING 1 -> Sample	STR:MellotronC#4	
Best Service	The Best of Gigapack 1 & 2	CD 2 -> STRING 1 -> Sample	STR:MellotronF#4	
Best Service	The Best of Gigapack 1 & 2	CD 2 -> STRING 1 -> Sample	STR:MellotronB4	
Best Service	The Best of Gigapack 1 & 2	CD 2 -> STRING 2 -> Program	STR:Pizzicato	
Best Service	The Best of Gigapack 1 & 2	CD 2 -> STRING 2 -> Sample	STR:Pizz 3 G 2	
Best Service	The Best of Gigapack 1 & 2	CD 2 -> STRING 2 -> Sample	STR:Pizz 3 C#3	
Best Service	The Best of Gigapack 1 & 2	CD 2 -> STRING 2 -> Sample	STR:Pizz 3 E 3	
Best Service	The Best of Gigapack 1 & 2	CD 2 -> STRING 2 -> Sample	STR:Pizz 3 G#3	
Best Service	The Best of Gigapack 1 & 2	CD 2 -> STRING 2 -> Sample	STR:Pizz 3 C 4	
Best Service	The Best of Gigapack 1 & 2	CD 2 -> STRING 2 -> Sample	STR:Pizz 3 E 4	
Best Service	The Best of Gigapack 1 & 2	CD 2 -> STRING 2 -> Sample	STR:Pizz 3 G#4	
Best Service	The Best of Gigapack 1 & 2	CD 2 -> STRING 2 -> Sample	STR:Pizz 3 C 5	
Best Service	The Best of Gigapack 1 & 2	CD 2 -> STRING 2 -> Sample	STR:Pizz 3 F 5	
Best Service	The Best of Gigapack 1 & 2	CD 2 -> VOICE 2 -> Program	VOI:Other Voice	
Best Service	The Best of Gigapack 1 & 2	CD 2 -> VOICE 2 -> Program	VOI:MellotronVOI	
Best Service	The Best of Gigapack 1 & 2	CD 2 -> VOICE 2 -> Program	VOI:Pad-VOXJD800	
Best Service	The Best of Gigapack 1 & 2	CD 2 -> VOICE 2 -> Program	VOI:Perc Voices	
Best Service	The Best of Gigapack 1 & 2	CD 2 -> VOICE 2 -> Program	VOI:SYN Voice	
Best Service	The Best of Gigapack 1 & 2	CD 2 -> VOICE 2 -> Program	VOI:Voice 1	
Best Service	The Best of Gigapack 1 & 2	CD 2 -> VOICE 2 -> Sample	VOI:Other Voic	
Best Service	The Best of Gigapack 1 & 2	CD 2 -> VOICE 2 -> Sample	VOI:MellotrChoA3	
Best Service	The Best of Gigapack 1 & 2	CD 2 -> VOICE 2 -> Sample	VOI:MellotrChoD4	
Best Service	The Best of Gigapack 1 & 2	CD 2 -> VOICE 2 -> Sample	VOI:MellotrChoG4	
Best Service	The Best of Gigapack 1 & 2	CD 2 -> VOICE 2 -> Sample	VOI:MellotrChoC5	
Best Service	The Best of Gigapack 1 & 2	CD 2 -> VOICE 2 -> Sample	VOI:JD800 15.1	
Best Service	The Best of Gigapack 1 & 2	CD 2 -> VOICE 2 -> Sample	VOI:JD800 15.2	
Best Service	The Best of Gigapack 1 & 2	CD 2 -> VOICE 2 -> Sample	VOI:JD800 15.3	
Best Service	The Best of Gigapack 1 & 2	CD 2 -> VOICE 2 -> Sample	VOI: Voi 1	
Best Service	The Best of Gigapack 1 & 2	CD 2 -> VOICE 2 -> Sample	VOI: Voi 2	
Best Service	The Best of Gigapack 1 & 2	CD 2 -> VOICE 2 -> Sample	VOI: Voi 3	
Best Service	The Best of Gigapack 1 & 2	CD 2 -> VOICE 2 -> Sample	VOI: Voi 4	
Best Service	The Best of Gigapack 1 & 2	CD 2 -> VOICE 2 -> Sample	VOI: Voi 5	
Best Service	The Best of Gigapack 1 & 2	CD 2 -> VOICE 2 -> Sample	VOI:Voice 4.3	
Best Service	The Best of Gigapack 1 & 2	CD 2 -> VOICE 2 -> Sample	VOI:SYN Voice	
Best Service	The Best of Gigapack 1 & 2	CD 2 -> VOICE 2 -> Sample	VOI:Voick 28	
Best Service	The Best of Gigapack 1 & 2	CD 2 -> VOICE 3 -> Program	VOI:VP-330 Voice	
Best Service	The Best of Gigapack 1 & 2	CD 2 -> VOICE 3 -> Program	VOI:VP-330 Strng	
Best Service	The Best of Gigapack 1 & 2	CD 2 -> VOICE 3 -> Program	VOI:VP-330 Mix	
Best Service	The Best of Gigapack 1 & 2	CD 2 -> VOICE 3 -> Program	VOI:DVP-1 Voices	
Best Service	The Best of Gigapack 1 & 2	CD 2 -> VOICE 3 -> Program	VOI:KraftNonstop	
Best Service	The Best of Gigapack 1 & 2	CD 2 -> VOICE 3 -> Program	VOI:Vocoder    2	
Best Service	The Best of Gigapack 1 & 2	CD 2 -> VOICE 3 -> Program	VOI:Vocoder    3	
Best Service	The Best of Gigapack 1 & 2	CD 2 -> VOICE 3 -> Program	VOI:Vocoder    4	
Best Service	The Best of Gigapack 1 & 2	CD 2 -> VOICE 3 -> Sample	VOI:Axel 8    -L	
Best Service	The Best of Gigapack 1 & 2	CD 2 -> VOICE 3 -> Sample	VOI:Axel 9    -L	
Best Service	The Best of Gigapack 1 & 2	CD 2 -> VOICE 3 -> Sample	VOI:Axel10    -L	
Best Service	The Best of Gigapack 1 & 2	CD 2 -> VOICE 3 -> Sample	VOI:Axel11    -L	
Best Service	The Best of Gigapack 1 & 2	CD 2 -> VOICE 3 -> Sample	VOI:Axel12    -L	
Best Service	The Best of Gigapack 1 & 2	CD 2 -> VOICE 3 -> Sample	VOI:Axel13    -L	
Best Service	The Best of Gigapack 1 & 2	CD 2 -> VOICE 3 -> Sample	VOI:Axel14    -L	
Best Service	The Best of Gigapack 1 & 2	CD 2 -> VOICE 3 -> Sample	VOI:Axel 2    -L	
Best Service	The Best of Gigapack 1 & 2	CD 2 -> VOICE 3 -> Sample	VOI:Axel 3    -L	
Best Service	The Best of Gigapack 1 & 2	CD 2 -> VOICE 3 -> Sample	VOI:Axel 4    -L	
Best Service	The Best of Gigapack 1 & 2	CD 2 -> VOICE 3 -> Sample	VOI:Axel 5    -L	
Best Service	The Best of Gigapack 1 & 2	CD 2 -> VOICE 3 -> Sample	VOI:Axel 6    -L	
Best Service	The Best of Gigapack 1 & 2	CD 2 -> VOICE 3 -> Sample	VOI:Axel 7    -L	
Best Service	The Best of Gigapack 1 & 2	CD 2 -> VOICE 3 -> Sample	VOI:Fema1 DVP C1	
Best Service	The Best of Gigapack 1 & 2	CD 2 -> VOICE 3 -> Sample	VOI:Fema1 DVP C2	
Best Service	The Best of Gigapack 1 & 2	CD 2 -> VOICE 3 -> Sample	VOI:Fema1 DVP C3	
Best Service	The Best of Gigapack 1 & 2	CD 2 -> VOICE 3 -> Sample	VOI:Fema1 DVP C4	
Best Service	The Best of Gigapack 1 & 2	CD 2 -> VOICE 3 -> Sample	VOI:Fema1 DVP C5	
Best Service	The Best of Gigapack 1 & 2	CD 2 -> VOICE 3 -> Sample	VOI:Kraftnonst	
Best Service	The Best of Gigapack 1 & 2	CD 2 -> VOICE 3 -> Sample	VOI:Voc5	
Best Service	The Best of Gigapack 1 & 2	CD 2 -> VOICE 3 -> Sample	VOI:Voc6	
Best Service	The Best of Gigapack 1 & 2	CD 2 -> VOICE 3 -> Sample	VOI:Voc16	
Best Service	The Best of Gigapack 1 & 2	CD 2 -> VOICE 3 -> Sample	VOI:Voc17	
Best Service	The Best of Gigapack 1 & 2	CD 2 -> VOICE 3 -> Sample	VOI:Voc24	
Best Service	The Best of Gigapack 1 & 2	CD 2 -> VOICE 3 -> Sample	VOI:Voc25	
Best Service	The Best of Gigapack 1 & 2	CD 2 -> VOICE 3 -> Sample	VOI:Voc26	
Best Service	The Best of Gigapack 1 & 2	CD 2 -> CH CLAS8 -> Program	HAL:Cl.Singin` 2	
Best Service	The Best of Gigapack 1 & 2	CD 2 -> CH CLAS8 -> Sample	HAL:Cl.Sing1AA-L	
Best Service	The Best of Gigapack 1 & 2	CD 2 -> CH CLAS8 -> Sample	HAL:Cl.Sing1AB	
Best Service	The Best of Gigapack 1 & 2	CD 2 -> CH CLAS8 -> Sample	HAL:Cl.Sing1AC	
Best Service	The Best of Gigapack 1 & 2	CD 2 -> CH CLAS8 -> Sample	HAL:Cl.Sing1AD	
Best Service	The Best of Gigapack 1 & 2	CD 2 -> CH CLAS8 -> Sample	HAL:Cl.Sing1AE	
Best Service	The Best of Gigapack 1 & 2	CD 2 -> CH CLAS8 -> Sample	HAL:Cl.Sing1AF	
Best Service	The Best of Gigapack 1 & 2	CD 2 -> CH CLAS8 -> Sample	HAL:Cl.Sing1AG	
Best Service	The Best of Gigapack 1 & 2	CD 2 -> CH CLAS8 -> Sample	HAL:Cl.Sing1AH	
Best Service	The Best of Gigapack 1 & 2	CD 2 -> CH CLAS8 -> Sample	HAL:Cl.Sing1AI	
Best Service	The Best of Gigapack 1 & 2	CD 2 -> CH CLAS8 -> Sample	HAL:Cl.Sing1AJ	
Best Service	The Best of Gigapack 1 & 2	CD 2 -> CH CLAS8 -> Sample	HAL:Cl.Sing1AK	
Best Service	The Best of Gigapack 1 & 2	CD 2 -> CH CLAS8 -> Sample	HAL:Cl.Sing1AL	
Best Service	The Best of Gigapack 1 & 2	CD 2 -> CH CLAS8 -> Sample	HAL:Cl.Sing1AM	
Best Service	The Best of Gigapack 1 & 2	CD 2 -> CH CLAS8 -> Sample	HAL:Cl.Sing1AN	
Best Service	The Best of Gigapack 1 & 2	CD 2 -> CH CLAS8 -> Sample	HAL:Cl.Sing1AP	
Best Service	The Best of Gigapack 1 & 2	CD 2 -> CH CLAS8 -> Sample	HAL:Cl.Sing2AB-L	
Best Service	The Best of Gigapack 1 & 2	CD 2 -> CH CLAS8 -> Sample	HAL:Cl.Sing2AC	
Best Service	The Best of Gigapack 1 & 2	CD 2 -> CH CLAS8 -> Sample	HAL:Cl.Sing2AE	
Best Service	The Best of Gigapack 1 & 2	CD 2 -> CH CLAS8 -> Sample	HAL:Cl.Sing2AF	
Best Service	The Best of Gigapack 1 & 2	CD 2 -> CH CLAS8 -> Sample	HAL:Cl.Sing2AA	
Best Service	The Best of Gigapack 1 & 2	CD 2 -> BR SECT1 -> Program	BRA:Section  1	
Best Service	The Best of Gigapack 1 & 2	CD 2 -> BR SECT1 -> Sample	BRA:Sect.3.01	
Best Service	The Best of Gigapack 1 & 2	CD 2 -> BR SECT1 -> Sample	BRA:Sect.3.02	
Best Service	The Best of Gigapack 1 & 2	CD 2 -> BR SECT1 -> Sample	BRA:Sect.3.03	
Best Service	The Best of Gigapack 1 & 2	CD 2 -> BR SECT1 -> Sample	BRA:Sect.3.04	
Best Service	The Best of Gigapack 1 & 2	CD 2 -> BR SECT1 -> Sample	BRA:Sect.3.05	
Best Service	The Best of Gigapack 1 & 2	CD 2 -> BR SECT1 -> Sample	BRA:Sect.3.06	
Best Service	The Best of Gigapack 1 & 2	CD 2 -> BR SECT1 -> Sample	BRA:Sect.3.07	
Best Service	The Best of Gigapack 1 & 2	CD 2 -> BR SECT1 -> Sample	BRA:Sect.3.08	
Best Service	The Best of Gigapack 1 & 2	CD 2 -> BR SECT1 -> Sample	BRA:Sect.3.09	
Best Service	The Best of Gigapack 1 & 2	CD 2 -> BR SECT1 -> Sample	BRA:Sect.3.10	
Best Service	The Best of Gigapack 1 & 2	CD 2 -> BR SECT1 -> Sample	BRA:Sect.3.11	
Best Service	The Best of Gigapack 1 & 2	CD 2 -> BR SECT1 -> Sample	BRA:Sect.3.12	
Best Service	The Best of Gigapack 1 & 2	CD 2 -> BR SECT1 -> Sample	BRA:Sect.3.13	
Best Service	The Best of Gigapack 1 & 2	CD 2 -> BR SECT2 -> Program	BRA:Section  2	
Best Service	The Best of Gigapack 1 & 2	CD 2 -> BR SECT2 -> Program	BRA:Section  3	
Best Service	The Best of Gigapack 1 & 2	CD 2 -> BR SECT2 -> Sample	BRA:Sect.3.13 -R	
Best Service	The Best of Gigapack 1 & 2	CD 2 -> BR SECT2 -> Sample	BRA:Sect.2.01	
Best Service	The Best of Gigapack 1 & 2	CD 2 -> BR SECT2 -> Sample	BRA:Sect.2.02	
Best Service	The Best of Gigapack 1 & 2	CD 2 -> BR SECT2 -> Sample	BRA:Sect.2.03	
Best Service	The Best of Gigapack 1 & 2	CD 2 -> BR SECT2 -> Sample	BRA:Sect.2.04	
Best Service	The Best of Gigapack 1 & 2	CD 2 -> BR SECT2 -> Sample	BRA:Sect.2.05	
Best Service	The Best of Gigapack 1 & 2	CD 2 -> BR SECT2 -> Sample	BRA:Sect.2.06	
Best Service	The Best of Gigapack 1 & 2	CD 2 -> BR SECT2 -> Sample	BRA:Sect.2.07	
Best Service	The Best of Gigapack 1 & 2	CD 2 -> BR SECT2 -> Sample	BRA:Sect.2.08	
Best Service	The Best of Gigapack 1 & 2	CD 2 -> BR SECT2 -> Sample	BRA:Sect.2.09	
Best Service	The Best of Gigapack 1 & 2	CD 2 -> BR SECT2 -> Sample	BRA:Sect.2.10	
Best Service	The Best of Gigapack 1 & 2	CD 2 -> BR SECT2 -> Sample	BRA:Sect.2.11	
Best Service	The Best of Gigapack 1 & 2	CD 2 -> BR SECT2 -> Sample	BRA:Sect.2.12	
Best Service	The Best of Gigapack 1 & 2	CD 2 -> BR SECT2 -> Sample	BRA:Sect.2.13	
Best Service	The Best of Gigapack 1 & 2	CD 2 -> BR SECT2 -> Sample	BRA:Sect.1.1	
Best Service	The Best of Gigapack 1 & 2	CD 2 -> BR SECT2 -> Sample	BRA:Sect.1.2	
Best Service	The Best of Gigapack 1 & 2	CD 2 -> BR SECT2 -> Sample	BRA:Sect.1.3	
Best Service	The Best of Gigapack 1 & 2	CD 2 -> BR SECT2 -> Sample	BRA:Sect.1.4	
Best Service	The Best of Gigapack 1 & 2	CD 2 -> BR SECT2 -> Sample	BRA:Sect.1.5	
Best Service	The Best of Gigapack 1 & 2	CD 2 -> BR SECT2 -> Sample	BRA:Sect.1.6	
Best Service	The Best of Gigapack 1 & 2	CD 2 -> BR SECT2 -> Sample	BRA:Sect.1.7	
Best Service	The Best of Gigapack 1 & 2	CD 2 -> BR SECT2 -> Sample	BRA:Sect.1.8	
Best Service	The Best of Gigapack 1 & 2	CD 2 -> BR SECT2 -> Sample	BRA:Sect.1.10	
Best Service	The Best of Gigapack 1 & 2	CD 2 -> BR SECT2 -> Sample	BRA:Sect.1.11	
Best Service	The Best of Gigapack 1 & 2	CD 2 -> BR SECT2 -> Sample	BRA:Sect.1.12	
Best Service	The Best of Gigapack 1 & 2	CD 2 -> BR SECT2 -> Sample	BRA:Sect.1.13	
Best Service	The Best of Gigapack 1 & 2	CD 2 -> BR SAX 4 -> Program	BRA:Tenor Sax	
Best Service	The Best of Gigapack 1 & 2	CD 2 -> BR SAX 4 -> Program	BRA:Tenor short	
Best Service	The Best of Gigapack 1 & 2	CD 2 -> BR SAX 4 -> Program	BRA:Tenor Veloc.	
Best Service	The Best of Gigapack 1 & 2	CD 2 -> BR SAX 4 -> Sample	BRA:TENOR 1	
Best Service	The Best of Gigapack 1 & 2	CD 2 -> BR SAX 4 -> Sample	BRA:TENOR 4	
Best Service	The Best of Gigapack 1 & 2	CD 2 -> BR SAX 4 -> Sample	BRA:TENOR 8	
Best Service	The Best of Gigapack 1 & 2	CD 2 -> BR SAX 4 -> Sample	BRA:TENOR 9	
Best Service	The Best of Gigapack 1 & 2	CD 2 -> BR SAX 4 -> Sample	BRA:TENOR 10	
Best Service	The Best of Gigapack 1 & 2	CD 2 -> BR SAX 4 -> Sample	BRA:TENOR 11	
Best Service	The Best of Gigapack 1 & 2	CD 2 -> BR SAX 4 -> Sample	BRA:TENOR 12	
Best Service	The Best of Gigapack 1 & 2	CD 2 -> BR SAX 4 -> Sample	BRA:TENOR 13	
Best Service	The Best of Gigapack 1 & 2	CD 2 -> BR SAX 4 -> Sample	BRA:TENOR 15	
Best Service	The Best of Gigapack 1 & 2	CD 2 -> BR SAX 4 -> Sample	BRA:TENOR 16	
Best Service	The Best of Gigapack 1 & 2	CD 2 -> BR SAX 4 -> Sample	BRA:TENOR 17	
Best Service	The Best of Gigapack 1 & 2	CD 2 -> BR SAX 4 -> Sample	BRA:TENOR 18	
Best Service	The Best of Gigapack 1 & 2	CD 2 -> BR SAX 4 -> Sample	BRA:TENOR 19	
Best Service	The Best of Gigapack 1 & 2	CD 2 -> BR SAX 4 -> Sample	BRA:TENOR 20	
Best Service	The Best of Gigapack 1 & 2	CD 2 -> BR SAX 4 -> Sample	BRA:TENOR 21	
Best Service	The Best of Gigapack 1 & 2	CD 2 -> BR SAX 4 -> Sample	BRA:TENOR 22	
Best Service	The Best of Gigapack 1 & 2	CD 2 -> BR SAX 4 -> Sample	BRA:TENOR 24	
Best Service	The Best of Gigapack 1 & 2	CD 2 -> BR SAX 4 -> Sample	BRA:TENOR 25	
Best Service	The Best of Gigapack 1 & 2	CD 2 -> BR SAX 4 -> Sample	BRA:TENOR 26	
Best Service	The Best of Gigapack 1 & 2	CD 2 -> BR SAX 4 -> Sample	BRA:TENOR 27	
Best Service	The Best of Gigapack 1 & 2	CD 2 -> BR SAX 4 -> Sample	BRA:TENOR 28	
Best Service	The Best of Gigapack 1 & 2	CD 2 -> BR SAX 4 -> Sample	BRA:TENOR 29	
Best Service	The Best of Gigapack 1 & 2	CD 2 -> BR SAX 4 -> Sample	BRA:TENOR 30	
Best Service	The Best of Gigapack 1 & 2	CD 2 -> BR SAX 4 -> Sample	BRA:TENOR 31	
Best Service	The Best of Gigapack 1 & 2	CD 2 -> BR SAX 4 -> Sample	BRA:TENOR 32	
Best Service	The Best of Gigapack 1 & 2	CD 2 -> BR SAX 4 -> Sample	BRA:TENOR 33	
Best Service	The Best of Gigapack 1 & 2	CD 2 -> BR SAX 4 -> Sample	BRA:TENOR 34	
Best Service	The Best of Gigapack 1 & 2	CD 2 -> BR SAX 4 -> Sample	BRA:TENOR 35	
Best Service	The Best of Gigapack 1 & 2	CD 2 -> BR SAX 4 -> Sample	BRA:TENOR 36	
Best Service	The Best of Gigapack 1 & 2	CD 2 -> BR SAX 4 -> Sample	BRA:TENOR 37	
Best Service	The Best of Gigapack 1 & 2	CD 2 -> BR SAX 4 -> Sample	BRA:TENOR 38	
Best Service	The Best of Gigapack 1 & 2	CD 2 -> BR SAX 4 -> Sample	BRA:TENOR 39	
Best Service	The Best of Gigapack 1 & 2	CD 2 -> BR SAX 4 -> Sample	BRA:TENOR SN   1	
Best Service	The Best of Gigapack 1 & 2	CD 2 -> BR SAX 4 -> Sample	BRA:TENOR SN   4	
Best Service	The Best of Gigapack 1 & 2	CD 2 -> BR SAX 4 -> Sample	BRA:TENOR SN   8	
Best Service	The Best of Gigapack 1 & 2	CD 2 -> BR SAX 4 -> Sample	BRA:TENOR SN   9	
Best Service	The Best of Gigapack 1 & 2	CD 2 -> BR SAX 4 -> Sample	BRA:TENOR SN  10	
Best Service	The Best of Gigapack 1 & 2	CD 2 -> BR SAX 4 -> Sample	BRA:TENOR SN  11	
Best Service	The Best of Gigapack 1 & 2	CD 2 -> BR SAX 4 -> Sample	BRA:TENOR SN  12	
Best Service	The Best of Gigapack 1 & 2	CD 2 -> BR SAX 4 -> Sample	BRA:TENOR SN  13	
Best Service	The Best of Gigapack 1 & 2	CD 2 -> BR SAX 4 -> Sample	BRA:TENOR SN  15	
Best Service	The Best of Gigapack 1 & 2	CD 2 -> BR SAX 4 -> Sample	BRA:TENOR SN  16	
Best Service	The Best of Gigapack 1 & 2	CD 2 -> BR SAX 4 -> Sample	BRA:TENOR SN  17	
Best Service	The Best of Gigapack 1 & 2	CD 2 -> BR SAX 4 -> Sample	BRA:TENOR SN  18	
Best Service	The Best of Gigapack 1 & 2	CD 2 -> BR SAX 4 -> Sample	BRA:TENOR SN  19	
Best Service	The Best of Gigapack 1 & 2	CD 2 -> BR SAX 4 -> Sample	BRA:TENOR SN  20	
Best Service	The Best of Gigapack 1 & 2	CD 2 -> BR SAX 4 -> Sample	BRA:TENOR SN  21	
Best Service	The Best of Gigapack 1 & 2	CD 2 -> BR SAX 4 -> Sample	BRA:TENOR SN  24	
Best Service	The Best of Gigapack 1 & 2	CD 2 -> BR SAX 4 -> Sample	BRA:TENOR SN  25	
Best Service	The Best of Gigapack 1 & 2	CD 2 -> BR SAX 4 -> Sample	BRA:TENOR SN  26	
Best Service	The Best of Gigapack 1 & 2	CD 2 -> BR SAX 4 -> Sample	BRA:TENOR SN  27	
Best Service	The Best of Gigapack 1 & 2	CD 2 -> BR SAX 4 -> Sample	BRA:TENOR SN  28	
Best Service	The Best of Gigapack 1 & 2	CD 2 -> BR SAX 4 -> Sample	BRA:TENOR SN  29	
Best Service	The Best of Gigapack 1 & 2	CD 2 -> BR SAX 4 -> Sample	BRA:TENOR SN  30	
Best Service	The Best of Gigapack 1 & 2	CD 2 -> BR SAX 4 -> Sample	BRA:TENOR OB   1	
Best Service	The Best of Gigapack 1 & 2	CD 2 -> BR SAX 4 -> Sample	BRA:TENOR OB   2	
Best Service	The Best of Gigapack 1 & 2	CD 2 -> BR SAX 4 -> Sample	BRA:TENOR OB   4	
Best Service	The Best of Gigapack 1 & 2	CD 2 -> BR SAX 4 -> Sample	BRA:TENOR OB   5	
Best Service	The Best of Gigapack 1 & 2	CD 2 -> BR SAX 4 -> Sample	BRA:TENOR OB   6	
Best Service	The Best of Gigapack 1 & 2	CD 2 -> BR SAX 4 -> Sample	BRA:TENOR OB   7	
Best Service	The Best of Gigapack 1 & 2	CD 2 -> BR SAX 4 -> Sample	BRA:TENOR OB   8	
Best Service	The Best of Gigapack 1 & 2	CD 2 -> BR SAX 4 -> Sample	BRA:TENOR OB   9	
Best Service	The Best of Gigapack 1 & 2	CD 2 -> BR SAX 4 -> Sample	BRA:TENOR OB  10	
Best Service	The Best of Gigapack 1 & 2	CD 2 -> BR SAX 4 -> Sample	BRA:TENOR OB  11	
Best Service	The Best of Gigapack 1 & 2	CD 2 -> BR SAX 4 -> Sample	BRA:TENOR OB  12	
Best Service	The Best of Gigapack 1 & 2	CD 2 -> BR SAX 4 -> Sample	BRA:TENOR OB  13	
Best Service	The Best of Gigapack 1 & 2	CD 2 -> BR SAX 4 -> Sample	BRA:TENOR OB  14	
Best Service	The Best of Gigapack 1 & 2	CD 2 -> BR SAX 4 -> Sample	BRA:TENOR OB  15	
Best Service	The Best of Gigapack 1 & 2	CD 2 -> BR SAX 4 -> Sample	BRA:TENOR OB  17	
Best Service	The Best of Gigapack 1 & 2	CD 2 -> BR SAX 4 -> Sample	BRA:TENOR OB  18	
Best Service	The Best of Gigapack 1 & 2	CD 2 -> BR SAX 4 -> Sample	BRA:TENOR OB  19	
Best Service	The Best of Gigapack 1 & 2	CD 2 -> BR SAX 4 -> Sample	BRA:TENOR OB  20	
Best Service	The Best of Gigapack 1 & 2	CD 2 -> BR SAX 4 -> Sample	BRA:TENOR OB  21	
Best Service	The Best of Gigapack 1 & 2	CD 2 -> BR SAX 4 -> Sample	BRA:TENOR OB  22	