E-MU Systems	Classic Series Vol. 15 - Bass Collection	F00 Designed by S&M. -> B00 DD BassCol.Vol.1 -> Preset	P000 REV:C Feb 1995	
E-MU Systems	Classic Series Vol. 15 - Bass Collection	F00 Designed by S&M. -> B00 DD BassCol.Vol.1 -> Preset	P001 All RightsResrvd	
E-MU Systems	Classic Series Vol. 15 - Bass Collection	F00 Designed by S&M. -> B01 Alembic PF     X -> Preset	P000 Alembic Pick-F	
E-MU Systems	Classic Series Vol. 15 - Bass Collection	F00 Designed by S&M. -> B01 Alembic PF     X -> Preset	P001 Alembic Pick-F	
E-MU Systems	Classic Series Vol. 15 - Bass Collection	F00 Designed by S&M. -> B01 Alembic PF     X -> Preset	P002 Pick-F Vel	
E-MU Systems	Classic Series Vol. 15 - Bass Collection	F00 Designed by S&M. -> B01 Alembic PF     X -> Preset	P003 Pick-F Chorus	
E-MU Systems	Classic Series Vol. 15 - Bass Collection	F00 Designed by S&M. -> B01 Alembic PF     X -> Preset	P004 Pick-F Octve	
E-MU Systems	Classic Series Vol. 15 - Bass Collection	F00 Designed by S&M. -> B01 Alembic PF     X -> Preset	P005 Pick-F Octve2	
E-MU Systems	Classic Series Vol. 15 - Bass Collection	F00 Designed by S&M. -> B01 Alembic PF     X -> Preset	P006 Pick-F Soft	
E-MU Systems	Classic Series Vol. 15 - Bass Collection	F00 Designed by S&M. -> B01 Alembic PF     X -> Preset	P007 Pick-F Slow	
E-MU Systems	Classic Series Vol. 15 - Bass Collection	F00 Designed by S&M. -> B01 Alembic PF     X -> Preset	P008 Pick-F SlowChr	
E-MU Systems	Classic Series Vol. 15 - Bass Collection	F00 Designed by S&M. -> B01 Alembic PF     X -> Preset	P009 Pick-F Flange 1	
E-MU Systems	Classic Series Vol. 15 - Bass Collection	F00 Designed by S&M. -> B01 Alembic PF     X -> Preset	P010 Pick-F Flange 2	
E-MU Systems	Classic Series Vol. 15 - Bass Collection	F00 Designed by S&M. -> B01 Alembic PF     X -> Preset	P011 CODE:Pick-Full	
E-MU Systems	Classic Series Vol. 15 - Bass Collection	F00 Designed by S&M. -> B01 Alembic PF     X -> Preset	P012 (206)232-6191	
E-MU Systems	Classic Series Vol. 15 - Bass Collection	F00 Designed by S&M. -> B01 Alembic PF     X -> Preset	P013 10.8M	
E-MU Systems	Classic Series Vol. 15 - Bass Collection	F00 Designed by S&M. -> B01 Alembic PF     X -> Preset	P014 DanDeanProds,Inc	
E-MU Systems	Classic Series Vol. 15 - Bass Collection	F00 Designed by S&M. -> B01 Alembic PF     X -> Sample	S000 Alembic PF E1	
E-MU Systems	Classic Series Vol. 15 - Bass Collection	F00 Designed by S&M. -> B01 Alembic PF     X -> Sample	S001 Alembic PF F1	
E-MU Systems	Classic Series Vol. 15 - Bass Collection	F00 Designed by S&M. -> B01 Alembic PF     X -> Sample	S002 Alembic PF F#1	
E-MU Systems	Classic Series Vol. 15 - Bass Collection	F00 Designed by S&M. -> B01 Alembic PF     X -> Sample	S003 Alembic PF G1	
E-MU Systems	Classic Series Vol. 15 - Bass Collection	F00 Designed by S&M. -> B01 Alembic PF     X -> Sample	S004 Alembic PF G#1	
E-MU Systems	Classic Series Vol. 15 - Bass Collection	F00 Designed by S&M. -> B01 Alembic PF     X -> Sample	S005 Alembic PF A1	
E-MU Systems	Classic Series Vol. 15 - Bass Collection	F00 Designed by S&M. -> B01 Alembic PF     X -> Sample	S006 Alembic PF A#1	
E-MU Systems	Classic Series Vol. 15 - Bass Collection	F00 Designed by S&M. -> B01 Alembic PF     X -> Sample	S007 Alembic PF B1	
E-MU Systems	Classic Series Vol. 15 - Bass Collection	F00 Designed by S&M. -> B01 Alembic PF     X -> Sample	S008 Alembic PF C1	
E-MU Systems	Classic Series Vol. 15 - Bass Collection	F00 Designed by S&M. -> B01 Alembic PF     X -> Sample	S009 Alembic PF C#1	
E-MU Systems	Classic Series Vol. 15 - Bass Collection	F00 Designed by S&M. -> B01 Alembic PF     X -> Sample	S010 Alembic PF D1	
E-MU Systems	Classic Series Vol. 15 - Bass Collection	F00 Designed by S&M. -> B01 Alembic PF     X -> Sample	S011 Alembic PF D#1	
E-MU Systems	Classic Series Vol. 15 - Bass Collection	F00 Designed by S&M. -> B01 Alembic PF     X -> Sample	S012 Alembic PF E2	
E-MU Systems	Classic Series Vol. 15 - Bass Collection	F00 Designed by S&M. -> B01 Alembic PF     X -> Sample	S013 Alembic PF F2	
E-MU Systems	Classic Series Vol. 15 - Bass Collection	F00 Designed by S&M. -> B01 Alembic PF     X -> Sample	S014 Alembic PF F#2	
E-MU Systems	Classic Series Vol. 15 - Bass Collection	F00 Designed by S&M. -> B01 Alembic PF     X -> Sample	S015 Alembic PF G2	
E-MU Systems	Classic Series Vol. 15 - Bass Collection	F00 Designed by S&M. -> B01 Alembic PF     X -> Sample	S016 Alembic PF G#2	
E-MU Systems	Classic Series Vol. 15 - Bass Collection	F00 Designed by S&M. -> B01 Alembic PF     X -> Sample	S017 Alembic PF A2	
E-MU Systems	Classic Series Vol. 15 - Bass Collection	F00 Designed by S&M. -> B01 Alembic PF     X -> Sample	S018 Alembic PF A#2	
E-MU Systems	Classic Series Vol. 15 - Bass Collection	F00 Designed by S&M. -> B01 Alembic PF     X -> Sample	S019 Alembic PF B2	
E-MU Systems	Classic Series Vol. 15 - Bass Collection	F00 Designed by S&M. -> B01 Alembic PF     X -> Sample	S020 Alembic PF C2	
E-MU Systems	Classic Series Vol. 15 - Bass Collection	F00 Designed by S&M. -> B01 Alembic PF     X -> Sample	S021 Alembic PF C#2	
E-MU Systems	Classic Series Vol. 15 - Bass Collection	F00 Designed by S&M. -> B01 Alembic PF     X -> Sample	S022 Alembic PF D2	
E-MU Systems	Classic Series Vol. 15 - Bass Collection	F00 Designed by S&M. -> B01 Alembic PF     X -> Sample	S023 Alembic PF D#2	
E-MU Systems	Classic Series Vol. 15 - Bass Collection	F00 Designed by S&M. -> B01 Alembic PF     X -> Sample	S024 Alembic PF E3	
E-MU Systems	Classic Series Vol. 15 - Bass Collection	F00 Designed by S&M. -> B01 Alembic PF     X -> Sample	S025 Alembic PF F3	
E-MU Systems	Classic Series Vol. 15 - Bass Collection	F00 Designed by S&M. -> B01 Alembic PF     X -> Sample	S026 Alembic PF F#3	
E-MU Systems	Classic Series Vol. 15 - Bass Collection	F00 Designed by S&M. -> B01 Alembic PF     X -> Sample	S027 Alembic PF G3	
E-MU Systems	Classic Series Vol. 15 - Bass Collection	F00 Designed by S&M. -> B01 Alembic PF     X -> Sample	S028 Alembic PF G#3	
E-MU Systems	Classic Series Vol. 15 - Bass Collection	F00 Designed by S&M. -> B01 Alembic PF     X -> Sample	S029 Alembic PF A3	
E-MU Systems	Classic Series Vol. 15 - Bass Collection	F00 Designed by S&M. -> B01 Alembic PF     X -> Sample	S030 Alembic PF A#3	
E-MU Systems	Classic Series Vol. 15 - Bass Collection	F00 Designed by S&M. -> B01 Alembic PF     X -> Sample	S031 Alembic PF B3	
E-MU Systems	Classic Series Vol. 15 - Bass Collection	F00 Designed by S&M. -> B01 Alembic PF     X -> Sample	S032 Alembic PF C3	
E-MU Systems	Classic Series Vol. 15 - Bass Collection	F00 Designed by S&M. -> B01 Alembic PF     X -> Sample	S033 Alembic PF C#3	
E-MU Systems	Classic Series Vol. 15 - Bass Collection	F00 Designed by S&M. -> B01 Alembic PF     X -> Sample	S034 Alembic PF D3	
E-MU Systems	Classic Series Vol. 15 - Bass Collection	F00 Designed by S&M. -> B01 Alembic PF     X -> Sample	S035 Alembic PF D#3	
E-MU Systems	Classic Series Vol. 15 - Bass Collection	F00 Designed by S&M. -> B01 Alembic PF     X -> Sample	S036 Alembic PF E4	
E-MU Systems	Classic Series Vol. 15 - Bass Collection	F00 Designed by S&M. -> B01 Alembic PF     X -> Sample	S037 Alembic PF F4	
E-MU Systems	Classic Series Vol. 15 - Bass Collection	F00 Designed by S&M. -> B01 Alembic PF     X -> Sample	S038 Alembic PF F#4	
E-MU Systems	Classic Series Vol. 15 - Bass Collection	F00 Designed by S&M. -> B01 Alembic PF     X -> Sample	S039 Alembic PF G4	
E-MU Systems	Classic Series Vol. 15 - Bass Collection	F00 Designed by S&M. -> B02 Alembic PH     X -> Preset	P000 Alembic Pick-H	
E-MU Systems	Classic Series Vol. 15 - Bass Collection	F00 Designed by S&M. -> B02 Alembic PH     X -> Preset	P001 Alembic Pick-H	
E-MU Systems	Classic Series Vol. 15 - Bass Collection	F00 Designed by S&M. -> B02 Alembic PH     X -> Preset	P002 Pick-H Vel	
E-MU Systems	Classic Series Vol. 15 - Bass Collection	F00 Designed by S&M. -> B02 Alembic PH     X -> Preset	P003 Pick-H Chorus	
E-MU Systems	Classic Series Vol. 15 - Bass Collection	F00 Designed by S&M. -> B02 Alembic PH     X -> Preset	P004 Pick-H Octve	
E-MU Systems	Classic Series Vol. 15 - Bass Collection	F00 Designed by S&M. -> B02 Alembic PH     X -> Preset	P005 Pick-H Octve2	
E-MU Systems	Classic Series Vol. 15 - Bass Collection	F00 Designed by S&M. -> B02 Alembic PH     X -> Preset	P006 Pick-H Soft	
E-MU Systems	Classic Series Vol. 15 - Bass Collection	F00 Designed by S&M. -> B02 Alembic PH     X -> Preset	P007 Pick-H Slow	
E-MU Systems	Classic Series Vol. 15 - Bass Collection	F00 Designed by S&M. -> B02 Alembic PH     X -> Preset	P008 Pick-H SlowChr	
E-MU Systems	Classic Series Vol. 15 - Bass Collection	F00 Designed by S&M. -> B02 Alembic PH     X -> Preset	P009 Pick-H Flange 1	
E-MU Systems	Classic Series Vol. 15 - Bass Collection	F00 Designed by S&M. -> B02 Alembic PH     X -> Preset	P010 Pick-H Flange 2	
E-MU Systems	Classic Series Vol. 15 - Bass Collection	F00 Designed by S&M. -> B02 Alembic PH     X -> Preset	P011 CODE:PickHollow	
E-MU Systems	Classic Series Vol. 15 - Bass Collection	F00 Designed by S&M. -> B02 Alembic PH     X -> Preset	P012 (206)232-6191	
E-MU Systems	Classic Series Vol. 15 - Bass Collection	F00 Designed by S&M. -> B02 Alembic PH     X -> Preset	P013 10.3M	
E-MU Systems	Classic Series Vol. 15 - Bass Collection	F00 Designed by S&M. -> B02 Alembic PH     X -> Preset	P014 DanDeanProds,Inc	
E-MU Systems	Classic Series Vol. 15 - Bass Collection	F00 Designed by S&M. -> B02 Alembic PH     X -> Sample	S000 Alembic PH E1	
E-MU Systems	Classic Series Vol. 15 - Bass Collection	F00 Designed by S&M. -> B02 Alembic PH     X -> Sample	S001 Alembic PH F1	
E-MU Systems	Classic Series Vol. 15 - Bass Collection	F00 Designed by S&M. -> B02 Alembic PH     X -> Sample	S002 Alembic PH F#1	
E-MU Systems	Classic Series Vol. 15 - Bass Collection	F00 Designed by S&M. -> B02 Alembic PH     X -> Sample	S003 Alembic PH G1	
E-MU Systems	Classic Series Vol. 15 - Bass Collection	F00 Designed by S&M. -> B02 Alembic PH     X -> Sample	S004 Alembic PH G#1	
E-MU Systems	Classic Series Vol. 15 - Bass Collection	F00 Designed by S&M. -> B02 Alembic PH     X -> Sample	S005 Alembic PH A1	
E-MU Systems	Classic Series Vol. 15 - Bass Collection	F00 Designed by S&M. -> B02 Alembic PH     X -> Sample	S006 Alembic PH A#1	
E-MU Systems	Classic Series Vol. 15 - Bass Collection	F00 Designed by S&M. -> B02 Alembic PH     X -> Sample	S007 Alembic PH B1	
E-MU Systems	Classic Series Vol. 15 - Bass Collection	F00 Designed by S&M. -> B02 Alembic PH     X -> Sample	S008 Alembic PH C1	
E-MU Systems	Classic Series Vol. 15 - Bass Collection	F00 Designed by S&M. -> B02 Alembic PH     X -> Sample	S009 Alembic PH C#1	
E-MU Systems	Classic Series Vol. 15 - Bass Collection	F00 Designed by S&M. -> B02 Alembic PH     X -> Sample	S010 Alembic PH D1	
E-MU Systems	Classic Series Vol. 15 - Bass Collection	F00 Designed by S&M. -> B02 Alembic PH     X -> Sample	S011 Alembic PH D#1	
E-MU Systems	Classic Series Vol. 15 - Bass Collection	F00 Designed by S&M. -> B02 Alembic PH     X -> Sample	S012 Alembic PH E2	
E-MU Systems	Classic Series Vol. 15 - Bass Collection	F00 Designed by S&M. -> B02 Alembic PH     X -> Sample	S013 Alembic PH F2	
E-MU Systems	Classic Series Vol. 15 - Bass Collection	F00 Designed by S&M. -> B02 Alembic PH     X -> Sample	S014 Alembic PH F#2	
E-MU Systems	Classic Series Vol. 15 - Bass Collection	F00 Designed by S&M. -> B02 Alembic PH     X -> Sample	S015 Alembic PH G2	
E-MU Systems	Classic Series Vol. 15 - Bass Collection	F00 Designed by S&M. -> B02 Alembic PH     X -> Sample	S016 Alembic PH G#2	
E-MU Systems	Classic Series Vol. 15 - Bass Collection	F00 Designed by S&M. -> B02 Alembic PH     X -> Sample	S017 Alembic PH A2	
E-MU Systems	Classic Series Vol. 15 - Bass Collection	F00 Designed by S&M. -> B02 Alembic PH     X -> Sample	S018 Alembic PH A#2	
E-MU Systems	Classic Series Vol. 15 - Bass Collection	F00 Designed by S&M. -> B02 Alembic PH     X -> Sample	S019 Alembic PH B2	
E-MU Systems	Classic Series Vol. 15 - Bass Collection	F00 Designed by S&M. -> B02 Alembic PH     X -> Sample	S020 Alembic PH C2	
E-MU Systems	Classic Series Vol. 15 - Bass Collection	F00 Designed by S&M. -> B02 Alembic PH     X -> Sample	S021 Alembic PH C#2	
E-MU Systems	Classic Series Vol. 15 - Bass Collection	F00 Designed by S&M. -> B02 Alembic PH     X -> Sample	S022 Alembic PH D2	
E-MU Systems	Classic Series Vol. 15 - Bass Collection	F00 Designed by S&M. -> B02 Alembic PH     X -> Sample	S023 Alembic PH D#2	
E-MU Systems	Classic Series Vol. 15 - Bass Collection	F00 Designed by S&M. -> B02 Alembic PH     X -> Sample	S024 Alembic PH E3	
E-MU Systems	Classic Series Vol. 15 - Bass Collection	F00 Designed by S&M. -> B02 Alembic PH     X -> Sample	S025 Alembic PH F3	
E-MU Systems	Classic Series Vol. 15 - Bass Collection	F00 Designed by S&M. -> B02 Alembic PH     X -> Sample	S026 Alembic PH F#3	
E-MU Systems	Classic Series Vol. 15 - Bass Collection	F00 Designed by S&M. -> B02 Alembic PH     X -> Sample	S027 Alembic PH G3	
E-MU Systems	Classic Series Vol. 15 - Bass Collection	F00 Designed by S&M. -> B02 Alembic PH     X -> Sample	S028 Alembic PH G#3	
E-MU Systems	Classic Series Vol. 15 - Bass Collection	F00 Designed by S&M. -> B02 Alembic PH     X -> Sample	S029 Alembic PH A3	
E-MU Systems	Classic Series Vol. 15 - Bass Collection	F00 Designed by S&M. -> B02 Alembic PH     X -> Sample	S030 Alembic PH A#3	
E-MU Systems	Classic Series Vol. 15 - Bass Collection	F00 Designed by S&M. -> B02 Alembic PH     X -> Sample	S031 Alembic PH B3	
E-MU Systems	Classic Series Vol. 15 - Bass Collection	F00 Designed by S&M. -> B02 Alembic PH     X -> Sample	S032 Alembic PH C3	
E-MU Systems	Classic Series Vol. 15 - Bass Collection	F00 Designed by S&M. -> B02 Alembic PH     X -> Sample	S033 Alembic PH C#3	
E-MU Systems	Classic Series Vol. 15 - Bass Collection	F00 Designed by S&M. -> B02 Alembic PH     X -> Sample	S034 Alembic PH D3	
E-MU Systems	Classic Series Vol. 15 - Bass Collection	F00 Designed by S&M. -> B02 Alembic PH     X -> Sample	S035 Alembic PH D#3	
E-MU Systems	Classic Series Vol. 15 - Bass Collection	F00 Designed by S&M. -> B02 Alembic PH     X -> Sample	S036 Alembic PH E4	
E-MU Systems	Classic Series Vol. 15 - Bass Collection	F00 Designed by S&M. -> B02 Alembic PH     X -> Sample	S037 Alembic PH F4	
E-MU Systems	Classic Series Vol. 15 - Bass Collection	F00 Designed by S&M. -> B02 Alembic PH     X -> Sample	S038 Alembic PH F#4	
E-MU Systems	Classic Series Vol. 15 - Bass Collection	F00 Designed by S&M. -> B02 Alembic PH     X -> Sample	S039 Alembic PH G4	
E-MU Systems	Classic Series Vol. 15 - Bass Collection	F00 Designed by S&M. -> B03 Alembic PM     X -> Preset	P000 Alembic Pick-M	
E-MU Systems	Classic Series Vol. 15 - Bass Collection	F00 Designed by S&M. -> B03 Alembic PM     X -> Preset	P001 Alembic Pick-M	
E-MU Systems	Classic Series Vol. 15 - Bass Collection	F00 Designed by S&M. -> B03 Alembic PM     X -> Preset	P002 Pick-M Vel	
E-MU Systems	Classic Series Vol. 15 - Bass Collection	F00 Designed by S&M. -> B03 Alembic PM     X -> Preset	P003 Pick-M Chorus	
E-MU Systems	Classic Series Vol. 15 - Bass Collection	F00 Designed by S&M. -> B03 Alembic PM     X -> Preset	P004 Pick-M Octve	
E-MU Systems	Classic Series Vol. 15 - Bass Collection	F00 Designed by S&M. -> B03 Alembic PM     X -> Preset	P005 Pick-M Octve2	
E-MU Systems	Classic Series Vol. 15 - Bass Collection	F00 Designed by S&M. -> B03 Alembic PM     X -> Preset	P006 Pick-M Soft	
E-MU Systems	Classic Series Vol. 15 - Bass Collection	F00 Designed by S&M. -> B03 Alembic PM     X -> Preset	P007 Pick-M Slow	
E-MU Systems	Classic Series Vol. 15 - Bass Collection	F00 Designed by S&M. -> B03 Alembic PM     X -> Preset	P008 Pick-M SlowChr	
E-MU Systems	Classic Series Vol. 15 - Bass Collection	F00 Designed by S&M. -> B03 Alembic PM     X -> Preset	P009 Pick-M Flange 1	
E-MU Systems	Classic Series Vol. 15 - Bass Collection	F00 Designed by S&M. -> B03 Alembic PM     X -> Preset	P010 Pick-M Flange 2	
E-MU Systems	Classic Series Vol. 15 - Bass Collection	F00 Designed by S&M. -> B03 Alembic PM     X -> Preset	P011 CODE:Pick Mute	
E-MU Systems	Classic Series Vol. 15 - Bass Collection	F00 Designed by S&M. -> B03 Alembic PM     X -> Preset	P012 (206)232-6191	
E-MU Systems	Classic Series Vol. 15 - Bass Collection	F00 Designed by S&M. -> B03 Alembic PM     X -> Preset	P013 6.6M	
E-MU Systems	Classic Series Vol. 15 - Bass Collection	F00 Designed by S&M. -> B03 Alembic PM     X -> Preset	P014 DanDeanProds,Inc	
E-MU Systems	Classic Series Vol. 15 - Bass Collection	F00 Designed by S&M. -> B03 Alembic PM     X -> Sample	S000 Alembic PM E1	
E-MU Systems	Classic Series Vol. 15 - Bass Collection	F00 Designed by S&M. -> B03 Alembic PM     X -> Sample	S001 Alembic PM F1	
E-MU Systems	Classic Series Vol. 15 - Bass Collection	F00 Designed by S&M. -> B03 Alembic PM     X -> Sample	S002 Alembic PM F#1	
E-MU Systems	Classic Series Vol. 15 - Bass Collection	F00 Designed by S&M. -> B03 Alembic PM     X -> Sample	S003 Alembic PM G1	
E-MU Systems	Classic Series Vol. 15 - Bass Collection	F00 Designed by S&M. -> B03 Alembic PM     X -> Sample	S004 Alembic PM G#1	
E-MU Systems	Classic Series Vol. 15 - Bass Collection	F00 Designed by S&M. -> B03 Alembic PM     X -> Sample	S005 Alembic PM A1	
E-MU Systems	Classic Series Vol. 15 - Bass Collection	F00 Designed by S&M. -> B03 Alembic PM     X -> Sample	S006 Alembic PM A#1	
E-MU Systems	Classic Series Vol. 15 - Bass Collection	F00 Designed by S&M. -> B03 Alembic PM     X -> Sample	S007 Alembic PM B1	
E-MU Systems	Classic Series Vol. 15 - Bass Collection	F00 Designed by S&M. -> B03 Alembic PM     X -> Sample	S008 Alembic PM C1	
E-MU Systems	Classic Series Vol. 15 - Bass Collection	F00 Designed by S&M. -> B03 Alembic PM     X -> Sample	S009 Alembic PM C#1	
E-MU Systems	Classic Series Vol. 15 - Bass Collection	F00 Designed by S&M. -> B03 Alembic PM     X -> Sample	S010 Alembic PM D1	
E-MU Systems	Classic Series Vol. 15 - Bass Collection	F00 Designed by S&M. -> B03 Alembic PM     X -> Sample	S011 Alembic PM D#1	
E-MU Systems	Classic Series Vol. 15 - Bass Collection	F00 Designed by S&M. -> B03 Alembic PM     X -> Sample	S012 Alembic PM E2	
E-MU Systems	Classic Series Vol. 15 - Bass Collection	F00 Designed by S&M. -> B03 Alembic PM     X -> Sample	S013 Alembic PM F2	
E-MU Systems	Classic Series Vol. 15 - Bass Collection	F00 Designed by S&M. -> B03 Alembic PM     X -> Sample	S014 Alembic PM F#2	
E-MU Systems	Classic Series Vol. 15 - Bass Collection	F00 Designed by S&M. -> B03 Alembic PM     X -> Sample	S015 Alembic PM G2	
E-MU Systems	Classic Series Vol. 15 - Bass Collection	F00 Designed by S&M. -> B03 Alembic PM     X -> Sample	S016 Alembic PM G#2	
E-MU Systems	Classic Series Vol. 15 - Bass Collection	F00 Designed by S&M. -> B03 Alembic PM     X -> Sample	S017 Alembic PM A2	
E-MU Systems	Classic Series Vol. 15 - Bass Collection	F00 Designed by S&M. -> B03 Alembic PM     X -> Sample	S018 Alembic PM A#2	
E-MU Systems	Classic Series Vol. 15 - Bass Collection	F00 Designed by S&M. -> B03 Alembic PM     X -> Sample	S019 Alembic PM B2	
E-MU Systems	Classic Series Vol. 15 - Bass Collection	F00 Designed by S&M. -> B03 Alembic PM     X -> Sample	S020 Alembic PM C2	
E-MU Systems	Classic Series Vol. 15 - Bass Collection	F00 Designed by S&M. -> B03 Alembic PM     X -> Sample	S021 Alembic PM C#2	
E-MU Systems	Classic Series Vol. 15 - Bass Collection	F00 Designed by S&M. -> B03 Alembic PM     X -> Sample	S022 Alembic PM D2	
E-MU Systems	Classic Series Vol. 15 - Bass Collection	F00 Designed by S&M. -> B03 Alembic PM     X -> Sample	S023 Alembic PM D#2	
E-MU Systems	Classic Series Vol. 15 - Bass Collection	F00 Designed by S&M. -> B03 Alembic PM     X -> Sample	S024 Alembic PM E3	
E-MU Systems	Classic Series Vol. 15 - Bass Collection	F00 Designed by S&M. -> B03 Alembic PM     X -> Sample	S025 Alembic PM F3	
E-MU Systems	Classic Series Vol. 15 - Bass Collection	F00 Designed by S&M. -> B03 Alembic PM     X -> Sample	S026 Alembic PM F#3	
E-MU Systems	Classic Series Vol. 15 - Bass Collection	F00 Designed by S&M. -> B03 Alembic PM     X -> Sample	S027 Alembic PM G3	
E-MU Systems	Classic Series Vol. 15 - Bass Collection	F00 Designed by S&M. -> B03 Alembic PM     X -> Sample	S028 Alembic PM G#3	
E-MU Systems	Classic Series Vol. 15 - Bass Collection	F00 Designed by S&M. -> B03 Alembic PM     X -> Sample	S029 Alembic PM A3	
E-MU Systems	Classic Series Vol. 15 - Bass Collection	F00 Designed by S&M. -> B03 Alembic PM     X -> Sample	S030 Alembic PM A#3	
E-MU Systems	Classic Series Vol. 15 - Bass Collection	F00 Designed by S&M. -> B03 Alembic PM     X -> Sample	S031 Alembic PM B3	
E-MU Systems	Classic Series Vol. 15 - Bass Collection	F00 Designed by S&M. -> B03 Alembic PM     X -> Sample	S032 Alembic PM C3	
E-MU Systems	Classic Series Vol. 15 - Bass Collection	F00 Designed by S&M. -> B03 Alembic PM     X -> Sample	S033 Alembic PM C#3	
E-MU Systems	Classic Series Vol. 15 - Bass Collection	F00 Designed by S&M. -> B03 Alembic PM     X -> Sample	S034 Alembic PM D3	
E-MU Systems	Classic Series Vol. 15 - Bass Collection	F00 Designed by S&M. -> B03 Alembic PM     X -> Sample	S035 Alembic PM D#3	
E-MU Systems	Classic Series Vol. 15 - Bass Collection	F00 Designed by S&M. -> B03 Alembic PM     X -> Sample	S036 Alembic PM E4	
E-MU Systems	Classic Series Vol. 15 - Bass Collection	F00 Designed by S&M. -> B03 Alembic PM     X -> Sample	S037 Alembic PM F4	
E-MU Systems	Classic Series Vol. 15 - Bass Collection	F00 Designed by S&M. -> B03 Alembic PM     X -> Sample	S038 Alembic PM F#4	
E-MU Systems	Classic Series Vol. 15 - Bass Collection	F00 Designed by S&M. -> B03 Alembic PM     X -> Sample	S039 Alembic PM G4	
E-MU Systems	Classic Series Vol. 15 - Bass Collection	F00 Designed by S&M. -> B04 Alembic FF     X -> Preset	P000 Alembic Finger-F	
E-MU Systems	Classic Series Vol. 15 - Bass Collection	F00 Designed by S&M. -> B04 Alembic FF     X -> Preset	P001 Alembic Finger-F	
E-MU Systems	Classic Series Vol. 15 - Bass Collection	F00 Designed by S&M. -> B04 Alembic FF     X -> Preset	P002 Finger-F Vel	
E-MU Systems	Classic Series Vol. 15 - Bass Collection	F00 Designed by S&M. -> B04 Alembic FF     X -> Preset	P003 Finger-F Chorus	
E-MU Systems	Classic Series Vol. 15 - Bass Collection	F00 Designed by S&M. -> B04 Alembic FF     X -> Preset	P004 Finger-F Octve	
E-MU Systems	Classic Series Vol. 15 - Bass Collection	F00 Designed by S&M. -> B04 Alembic FF     X -> Preset	P005 Finger-F Octve2	
E-MU Systems	Classic Series Vol. 15 - Bass Collection	F00 Designed by S&M. -> B04 Alembic FF     X -> Preset	P006 Finger-F Soft	
E-MU Systems	Classic Series Vol. 15 - Bass Collection	F00 Designed by S&M. -> B04 Alembic FF     X -> Preset	P007 Finger-F Slow	
E-MU Systems	Classic Series Vol. 15 - Bass Collection	F00 Designed by S&M. -> B04 Alembic FF     X -> Preset	P008 Finger-F SlowChr	
E-MU Systems	Classic Series Vol. 15 - Bass Collection	F00 Designed by S&M. -> B04 Alembic FF     X -> Preset	P009 Finger-F Flange1	
E-MU Systems	Classic Series Vol. 15 - Bass Collection	F00 Designed by S&M. -> B04 Alembic FF     X -> Preset	P010 Finger-F Flange2	
E-MU Systems	Classic Series Vol. 15 - Bass Collection	F00 Designed by S&M. -> B04 Alembic FF     X -> Preset	P011 CODE:FingersFull	
E-MU Systems	Classic Series Vol. 15 - Bass Collection	F00 Designed by S&M. -> B04 Alembic FF     X -> Preset	P012 (206)232-6191	
E-MU Systems	Classic Series Vol. 15 - Bass Collection	F00 Designed by S&M. -> B04 Alembic FF     X -> Preset	P013 9.5M	
E-MU Systems	Classic Series Vol. 15 - Bass Collection	F00 Designed by S&M. -> B04 Alembic FF     X -> Preset	P014 DanDeanProds,Inc	
E-MU Systems	Classic Series Vol. 15 - Bass Collection	F00 Designed by S&M. -> B04 Alembic FF     X -> Sample	S000 Alembic FF E1	
E-MU Systems	Classic Series Vol. 15 - Bass Collection	F00 Designed by S&M. -> B04 Alembic FF     X -> Sample	S001 Alembic FF F1	
E-MU Systems	Classic Series Vol. 15 - Bass Collection	F00 Designed by S&M. -> B04 Alembic FF     X -> Sample	S002 Alembic FF F#1	
E-MU Systems	Classic Series Vol. 15 - Bass Collection	F00 Designed by S&M. -> B04 Alembic FF     X -> Sample	S003 Alembic FF G1	
E-MU Systems	Classic Series Vol. 15 - Bass Collection	F00 Designed by S&M. -> B04 Alembic FF     X -> Sample	S004 Alembic FF G#1	
E-MU Systems	Classic Series Vol. 15 - Bass Collection	F00 Designed by S&M. -> B04 Alembic FF     X -> Sample	S005 Alembic FF A1	
E-MU Systems	Classic Series Vol. 15 - Bass Collection	F00 Designed by S&M. -> B04 Alembic FF     X -> Sample	S006 Alembic FF A#1	
E-MU Systems	Classic Series Vol. 15 - Bass Collection	F00 Designed by S&M. -> B04 Alembic FF     X -> Sample	S007 Alembic FF B1	
E-MU Systems	Classic Series Vol. 15 - Bass Collection	F00 Designed by S&M. -> B04 Alembic FF     X -> Sample	S008 Alembic FF C1	
E-MU Systems	Classic Series Vol. 15 - Bass Collection	F00 Designed by S&M. -> B04 Alembic FF     X -> Sample	S009 Alembic FF C#1	
E-MU Systems	Classic Series Vol. 15 - Bass Collection	F00 Designed by S&M. -> B04 Alembic FF     X -> Sample	S010 Alembic FF D1	
E-MU Systems	Classic Series Vol. 15 - Bass Collection	F00 Designed by S&M. -> B04 Alembic FF     X -> Sample	S011 Alembic FF D#1	
E-MU Systems	Classic Series Vol. 15 - Bass Collection	F00 Designed by S&M. -> B04 Alembic FF     X -> Sample	S012 Alembic FF E2	
E-MU Systems	Classic Series Vol. 15 - Bass Collection	F00 Designed by S&M. -> B04 Alembic FF     X -> Sample	S013 Alembic FF F2	
E-MU Systems	Classic Series Vol. 15 - Bass Collection	F00 Designed by S&M. -> B04 Alembic FF     X -> Sample	S014 Alembic FF F#2	
E-MU Systems	Classic Series Vol. 15 - Bass Collection	F00 Designed by S&M. -> B04 Alembic FF     X -> Sample	S015 Alembic FF G2	
E-MU Systems	Classic Series Vol. 15 - Bass Collection	F00 Designed by S&M. -> B04 Alembic FF     X -> Sample	S016 Alembic FF G#2	
E-MU Systems	Classic Series Vol. 15 - Bass Collection	F00 Designed by S&M. -> B04 Alembic FF     X -> Sample	S017 Alembic FF A2	
E-MU Systems	Classic Series Vol. 15 - Bass Collection	F00 Designed by S&M. -> B04 Alembic FF     X -> Sample	S018 Alembic FF A#2	
E-MU Systems	Classic Series Vol. 15 - Bass Collection	F00 Designed by S&M. -> B04 Alembic FF     X -> Sample	S019 Alembic FF B2	
E-MU Systems	Classic Series Vol. 15 - Bass Collection	F00 Designed by S&M. -> B04 Alembic FF     X -> Sample	S020 Alembic FF C2	
E-MU Systems	Classic Series Vol. 15 - Bass Collection	F00 Designed by S&M. -> B04 Alembic FF     X -> Sample	S021 Alembic FF C#2	
E-MU Systems	Classic Series Vol. 15 - Bass Collection	F00 Designed by S&M. -> B04 Alembic FF     X -> Sample	S022 Alembic FF D2	
E-MU Systems	Classic Series Vol. 15 - Bass Collection	F00 Designed by S&M. -> B04 Alembic FF     X -> Sample	S023 Alembic FF D#2	
E-MU Systems	Classic Series Vol. 15 - Bass Collection	F00 Designed by S&M. -> B04 Alembic FF     X -> Sample	S024 Alembic FF E3	
E-MU Systems	Classic Series Vol. 15 - Bass Collection	F00 Designed by S&M. -> B04 Alembic FF     X -> Sample	S025 Alembic FF F3	
E-MU Systems	Classic Series Vol. 15 - Bass Collection	F00 Designed by S&M. -> B04 Alembic FF     X -> Sample	S026 Alembic FF F#3	
E-MU Systems	Classic Series Vol. 15 - Bass Collection	F00 Designed by S&M. -> B04 Alembic FF     X -> Sample	S027 Alembic FF G3	
E-MU Systems	Classic Series Vol. 15 - Bass Collection	F00 Designed by S&M. -> B04 Alembic FF     X -> Sample	S028 Alembic FF G#3	
E-MU Systems	Classic Series Vol. 15 - Bass Collection	F00 Designed by S&M. -> B04 Alembic FF     X -> Sample	S029 Alembic FF A3	
E-MU Systems	Classic Series Vol. 15 - Bass Collection	F00 Designed by S&M. -> B04 Alembic FF     X -> Sample	S030 Alembic FF A#3	
E-MU Systems	Classic Series Vol. 15 - Bass Collection	F00 Designed by S&M. -> B04 Alembic FF     X -> Sample	S031 Alembic FF B3	
E-MU Systems	Classic Series Vol. 15 - Bass Collection	F00 Designed by S&M. -> B04 Alembic FF     X -> Sample	S032 Alembic FF C3	
E-MU Systems	Classic Series Vol. 15 - Bass Collection	F00 Designed by S&M. -> B04 Alembic FF     X -> Sample	S033 Alembic FF C#3	
E-MU Systems	Classic Series Vol. 15 - Bass Collection	F00 Designed by S&M. -> B04 Alembic FF     X -> Sample	S034 Alembic FF D3	
E-MU Systems	Classic Series Vol. 15 - Bass Collection	F00 Designed by S&M. -> B04 Alembic FF     X -> Sample	S035 Alembic FF D#3	
E-MU Systems	Classic Series Vol. 15 - Bass Collection	F00 Designed by S&M. -> B04 Alembic FF     X -> Sample	S036 Alembic FF E4	
E-MU Systems	Classic Series Vol. 15 - Bass Collection	F00 Designed by S&M. -> B04 Alembic FF     X -> Sample	S037 Alembic FF F4	
E-MU Systems	Classic Series Vol. 15 - Bass Collection	F00 Designed by S&M. -> B04 Alembic FF     X -> Sample	S038 Alembic FF F#4	
E-MU Systems	Classic Series Vol. 15 - Bass Collection	F00 Designed by S&M. -> B04 Alembic FF     X -> Sample	S039 Alembic FF G4	
E-MU Systems	Classic Series Vol. 15 - Bass Collection	F00 Designed by S&M. -> B05 Alembic FH     X -> Preset	P000 Alembic Finger-H	
E-MU Systems	Classic Series Vol. 15 - Bass Collection	F00 Designed by S&M. -> B05 Alembic FH     X -> Preset	P001 Alembic Finger-H	
E-MU Systems	Classic Series Vol. 15 - Bass Collection	F00 Designed by S&M. -> B05 Alembic FH     X -> Preset	P002 Finger-H Vel	
E-MU Systems	Classic Series Vol. 15 - Bass Collection	F00 Designed by S&M. -> B05 Alembic FH     X -> Preset	P003 Finger-H Chorus	
E-MU Systems	Classic Series Vol. 15 - Bass Collection	F00 Designed by S&M. -> B05 Alembic FH     X -> Preset	P004 Finger-H Octve	
E-MU Systems	Classic Series Vol. 15 - Bass Collection	F00 Designed by S&M. -> B05 Alembic FH     X -> Preset	P005 Finger-H Octve2	
E-MU Systems	Classic Series Vol. 15 - Bass Collection	F00 Designed by S&M. -> B05 Alembic FH     X -> Preset	P006 Finger-H Soft	
E-MU Systems	Classic Series Vol. 15 - Bass Collection	F00 Designed by S&M. -> B05 Alembic FH     X -> Preset	P007 Finger-H Slow	
E-MU Systems	Classic Series Vol. 15 - Bass Collection	F00 Designed by S&M. -> B05 Alembic FH     X -> Preset	P008 Finger-H SlowChr	
E-MU Systems	Classic Series Vol. 15 - Bass Collection	F00 Designed by S&M. -> B05 Alembic FH     X -> Preset	P009 Finger-H Flange1	
E-MU Systems	Classic Series Vol. 15 - Bass Collection	F00 Designed by S&M. -> B05 Alembic FH     X -> Preset	P010 Finger-H Flange2	
E-MU Systems	Classic Series Vol. 15 - Bass Collection	F00 Designed by S&M. -> B05 Alembic FH     X -> Preset	P011 CODE:FingrHollow	
E-MU Systems	Classic Series Vol. 15 - Bass Collection	F00 Designed by S&M. -> B05 Alembic FH     X -> Preset	P012 (206)232-6191	
E-MU Systems	Classic Series Vol. 15 - Bass Collection	F00 Designed by S&M. -> B05 Alembic FH     X -> Preset	P013 10.6M	
E-MU Systems	Classic Series Vol. 15 - Bass Collection	F00 Designed by S&M. -> B05 Alembic FH     X -> Preset	P014 DanDeanProds,Inc	
E-MU Systems	Classic Series Vol. 15 - Bass Collection	F00 Designed by S&M. -> B05 Alembic FH     X -> Sample	S000 Alembic FH E1	
E-MU Systems	Classic Series Vol. 15 - Bass Collection	F00 Designed by S&M. -> B05 Alembic FH     X -> Sample	S001 Alembic FH F1	
E-MU Systems	Classic Series Vol. 15 - Bass Collection	F00 Designed by S&M. -> B05 Alembic FH     X -> Sample	S002 Alembic FH F#1	
E-MU Systems	Classic Series Vol. 15 - Bass Collection	F00 Designed by S&M. -> B05 Alembic FH     X -> Sample	S003 Alembic FH G1	
E-MU Systems	Classic Series Vol. 15 - Bass Collection	F00 Designed by S&M. -> B05 Alembic FH     X -> Sample	S004 Alembic FH G#1	
E-MU Systems	Classic Series Vol. 15 - Bass Collection	F00 Designed by S&M. -> B05 Alembic FH     X -> Sample	S005 Alembic FH A1	
E-MU Systems	Classic Series Vol. 15 - Bass Collection	F00 Designed by S&M. -> B05 Alembic FH     X -> Sample	S006 Alembic FH A#1	
E-MU Systems	Classic Series Vol. 15 - Bass Collection	F00 Designed by S&M. -> B05 Alembic FH     X -> Sample	S007 Alembic FH B1	
E-MU Systems	Classic Series Vol. 15 - Bass Collection	F00 Designed by S&M. -> B05 Alembic FH     X -> Sample	S008 Alembic FH C1	
E-MU Systems	Classic Series Vol. 15 - Bass Collection	F00 Designed by S&M. -> B05 Alembic FH     X -> Sample	S009 Alembic FH C#1	
E-MU Systems	Classic Series Vol. 15 - Bass Collection	F00 Designed by S&M. -> B05 Alembic FH     X -> Sample	S010 Alembic FH D1	
E-MU Systems	Classic Series Vol. 15 - Bass Collection	F00 Designed by S&M. -> B05 Alembic FH     X -> Sample	S011 Alembic FH D#1	
E-MU Systems	Classic Series Vol. 15 - Bass Collection	F00 Designed by S&M. -> B05 Alembic FH     X -> Sample	S012 Alembic FH E2	
E-MU Systems	Classic Series Vol. 15 - Bass Collection	F00 Designed by S&M. -> B05 Alembic FH     X -> Sample	S013 Alembic FH F2	
E-MU Systems	Classic Series Vol. 15 - Bass Collection	F00 Designed by S&M. -> B05 Alembic FH     X -> Sample	S014 Alembic FH F#2	
E-MU Systems	Classic Series Vol. 15 - Bass Collection	F00 Designed by S&M. -> B05 Alembic FH     X -> Sample	S015 Alembic FH G2	
E-MU Systems	Classic Series Vol. 15 - Bass Collection	F00 Designed by S&M. -> B05 Alembic FH     X -> Sample	S016 Alembic FH G#2	
E-MU Systems	Classic Series Vol. 15 - Bass Collection	F00 Designed by S&M. -> B05 Alembic FH     X -> Sample	S017 Alembic FH A2	
E-MU Systems	Classic Series Vol. 15 - Bass Collection	F00 Designed by S&M. -> B05 Alembic FH     X -> Sample	S018 Alembic FH A#2	
E-MU Systems	Classic Series Vol. 15 - Bass Collection	F00 Designed by S&M. -> B05 Alembic FH     X -> Sample	S019 Alembic FH B2	
E-MU Systems	Classic Series Vol. 15 - Bass Collection	F00 Designed by S&M. -> B05 Alembic FH     X -> Sample	S020 Alembic FH C2	
E-MU Systems	Classic Series Vol. 15 - Bass Collection	F00 Designed by S&M. -> B05 Alembic FH     X -> Sample	S021 Alembic FH C#2	
E-MU Systems	Classic Series Vol. 15 - Bass Collection	F00 Designed by S&M. -> B05 Alembic FH     X -> Sample	S022 Alembic FH D2	
E-MU Systems	Classic Series Vol. 15 - Bass Collection	F00 Designed by S&M. -> B05 Alembic FH     X -> Sample	S023 Alembic FH D#2	
E-MU Systems	Classic Series Vol. 15 - Bass Collection	F00 Designed by S&M. -> B05 Alembic FH     X -> Sample	S024 Alembic FH E3	
E-MU Systems	Classic Series Vol. 15 - Bass Collection	F00 Designed by S&M. -> B05 Alembic FH     X -> Sample	S025 Alembic FH F3	
E-MU Systems	Classic Series Vol. 15 - Bass Collection	F00 Designed by S&M. -> B05 Alembic FH     X -> Sample	S026 Alembic FH F#3	
E-MU Systems	Classic Series Vol. 15 - Bass Collection	F00 Designed by S&M. -> B05 Alembic FH     X -> Sample	S027 Alembic FH G3	
E-MU Systems	Classic Series Vol. 15 - Bass Collection	F00 Designed by S&M. -> B05 Alembic FH     X -> Sample	S028 Alembic FH G#3	
E-MU Systems	Classic Series Vol. 15 - Bass Collection	F00 Designed by S&M. -> B05 Alembic FH     X -> Sample	S029 Alembic FH A3	
E-MU Systems	Classic Series Vol. 15 - Bass Collection	F00 Designed by S&M. -> B05 Alembic FH     X -> Sample	S030 Alembic FH A#3	
E-MU Systems	Classic Series Vol. 15 - Bass Collection	F00 Designed by S&M. -> B05 Alembic FH     X -> Sample	S031 Alembic FH B3	
E-MU Systems	Classic Series Vol. 15 - Bass Collection	F00 Designed by S&M. -> B05 Alembic FH     X -> Sample	S032 Alembic FH C3	
E-MU Systems	Classic Series Vol. 15 - Bass Collection	F00 Designed by S&M. -> B05 Alembic FH     X -> Sample	S033 Alembic FH C#3	
E-MU Systems	Classic Series Vol. 15 - Bass Collection	F00 Designed by S&M. -> B05 Alembic FH     X -> Sample	S034 Alembic FH D3	
E-MU Systems	Classic Series Vol. 15 - Bass Collection	F00 Designed by S&M. -> B05 Alembic FH     X -> Sample	S035 Alembic FH D#3	
E-MU Systems	Classic Series Vol. 15 - Bass Collection	F00 Designed by S&M. -> B05 Alembic FH     X -> Sample	S036 Alembic FH E4	
E-MU Systems	Classic Series Vol. 15 - Bass Collection	F00 Designed by S&M. -> B05 Alembic FH     X -> Sample	S037 Alembic FH F4	
E-MU Systems	Classic Series Vol. 15 - Bass Collection	F00 Designed by S&M. -> B05 Alembic FH     X -> Sample	S038 Alembic FH F#4	
E-MU Systems	Classic Series Vol. 15 - Bass Collection	F00 Designed by S&M. -> B05 Alembic FH     X -> Sample	S039 Alembic FH G4	
E-MU Systems	Classic Series Vol. 15 - Bass Collection	F00 Designed by S&M. -> B06 Alembic Pop    X -> Preset	P000 Alembic Pop	
E-MU Systems	Classic Series Vol. 15 - Bass Collection	F00 Designed by S&M. -> B06 Alembic Pop    X -> Preset	P001 Alembic Pop	
E-MU Systems	Classic Series Vol. 15 - Bass Collection	F00 Designed by S&M. -> B06 Alembic Pop    X -> Preset	P002 Pop Vel	
E-MU Systems	Classic Series Vol. 15 - Bass Collection	F00 Designed by S&M. -> B06 Alembic Pop    X -> Preset	P003 Alemb Pop Chorus	
E-MU Systems	Classic Series Vol. 15 - Bass Collection	F00 Designed by S&M. -> B06 Alembic Pop    X -> Preset	P004 Alemb Pop Octve	
E-MU Systems	Classic Series Vol. 15 - Bass Collection	F00 Designed by S&M. -> B06 Alembic Pop    X -> Preset	P005 Alemb Pop Octve2	
E-MU Systems	Classic Series Vol. 15 - Bass Collection	F00 Designed by S&M. -> B06 Alembic Pop    X -> Preset	P006 Alemb Pop Soft	
E-MU Systems	Classic Series Vol. 15 - Bass Collection	F00 Designed by S&M. -> B06 Alembic Pop    X -> Preset	P007 Alemb Pop Slow	
E-MU Systems	Classic Series Vol. 15 - Bass Collection	F00 Designed by S&M. -> B06 Alembic Pop    X -> Preset	P008 Alem Pop SlowChr	
E-MU Systems	Classic Series Vol. 15 - Bass Collection	F00 Designed by S&M. -> B06 Alembic Pop    X -> Preset	P009 Alem Pop Flange1	
E-MU Systems	Classic Series Vol. 15 - Bass Collection	F00 Designed by S&M. -> B06 Alembic Pop    X -> Preset	P010 Alem Pop Flange2	
E-MU Systems	Classic Series Vol. 15 - Bass Collection	F00 Designed by S&M. -> B06 Alembic Pop    X -> Preset	P011 CODE: Finger Pop	
E-MU Systems	Classic Series Vol. 15 - Bass Collection	F00 Designed by S&M. -> B06 Alembic Pop    X -> Preset	P012 (206)232-6191	
E-MU Systems	Classic Series Vol. 15 - Bass Collection	F00 Designed by S&M. -> B06 Alembic Pop    X -> Preset	P013 10.4M	
E-MU Systems	Classic Series Vol. 15 - Bass Collection	F00 Designed by S&M. -> B06 Alembic Pop    X -> Preset	P014 DanDeanProds,Inc	
E-MU Systems	Classic Series Vol. 15 - Bass Collection	F00 Designed by S&M. -> B06 Alembic Pop    X -> Sample	S000 Alembic Pop E1	
E-MU Systems	Classic Series Vol. 15 - Bass Collection	F00 Designed by S&M. -> B06 Alembic Pop    X -> Sample	S001 Alembic Pop F1	
E-MU Systems	Classic Series Vol. 15 - Bass Collection	F00 Designed by S&M. -> B06 Alembic Pop    X -> Sample	S002 Alembic Pop F#1	
E-MU Systems	Classic Series Vol. 15 - Bass Collection	F00 Designed by S&M. -> B06 Alembic Pop    X -> Sample	S003 Alembic Pop G1	
E-MU Systems	Classic Series Vol. 15 - Bass Collection	F00 Designed by S&M. -> B06 Alembic Pop    X -> Sample	S004 Alembic Pop G#1	
E-MU Systems	Classic Series Vol. 15 - Bass Collection	F00 Designed by S&M. -> B06 Alembic Pop    X -> Sample	S005 Alembic Pop A1	
E-MU Systems	Classic Series Vol. 15 - Bass Collection	F00 Designed by S&M. -> B06 Alembic Pop    X -> Sample	S006 Alembic Pop A#1	
E-MU Systems	Classic Series Vol. 15 - Bass Collection	F00 Designed by S&M. -> B06 Alembic Pop    X -> Sample	S007 Alembic Pop B1	
E-MU Systems	Classic Series Vol. 15 - Bass Collection	F00 Designed by S&M. -> B06 Alembic Pop    X -> Sample	S008 Alembic Pop C1	
E-MU Systems	Classic Series Vol. 15 - Bass Collection	F00 Designed by S&M. -> B06 Alembic Pop    X -> Sample	S009 Alembic Pop C#1	
E-MU Systems	Classic Series Vol. 15 - Bass Collection	F00 Designed by S&M. -> B06 Alembic Pop    X -> Sample	S010 Alembic Pop D1	
E-MU Systems	Classic Series Vol. 15 - Bass Collection	F00 Designed by S&M. -> B06 Alembic Pop    X -> Sample	S011 Alembic Pop D#1	
E-MU Systems	Classic Series Vol. 15 - Bass Collection	F00 Designed by S&M. -> B06 Alembic Pop    X -> Sample	S012 Alembic Pop E2	
E-MU Systems	Classic Series Vol. 15 - Bass Collection	F00 Designed by S&M. -> B06 Alembic Pop    X -> Sample	S013 Alembic Pop F2	
E-MU Systems	Classic Series Vol. 15 - Bass Collection	F00 Designed by S&M. -> B06 Alembic Pop    X -> Sample	S014 Alembic Pop F#2	
E-MU Systems	Classic Series Vol. 15 - Bass Collection	F00 Designed by S&M. -> B06 Alembic Pop    X -> Sample	S015 Alembic Pop G2	
E-MU Systems	Classic Series Vol. 15 - Bass Collection	F00 Designed by S&M. -> B06 Alembic Pop    X -> Sample	S016 Alembic Pop G#2	
E-MU Systems	Classic Series Vol. 15 - Bass Collection	F00 Designed by S&M. -> B06 Alembic Pop    X -> Sample	S017 Alembic Pop A2	
E-MU Systems	Classic Series Vol. 15 - Bass Collection	F00 Designed by S&M. -> B06 Alembic Pop    X -> Sample	S018 Alembic Pop A#2	
E-MU Systems	Classic Series Vol. 15 - Bass Collection	F00 Designed by S&M. -> B06 Alembic Pop    X -> Sample	S019 Alembic Pop B2	
E-MU Systems	Classic Series Vol. 15 - Bass Collection	F00 Designed by S&M. -> B06 Alembic Pop    X -> Sample	S020 Alembic Pop C2	
E-MU Systems	Classic Series Vol. 15 - Bass Collection	F00 Designed by S&M. -> B06 Alembic Pop    X -> Sample	S021 Alembic Pop C#2	
E-MU Systems	Classic Series Vol. 15 - Bass Collection	F00 Designed by S&M. -> B06 Alembic Pop    X -> Sample	S022 Alembic Pop D2	
E-MU Systems	Classic Series Vol. 15 - Bass Collection	F00 Designed by S&M. -> B06 Alembic Pop    X -> Sample	S023 Alembic Pop D#2	
E-MU Systems	Classic Series Vol. 15 - Bass Collection	F00 Designed by S&M. -> B06 Alembic Pop    X -> Sample	S024 Alembic Pop E3	
E-MU Systems	Classic Series Vol. 15 - Bass Collection	F00 Designed by S&M. -> B06 Alembic Pop    X -> Sample	S025 Alembic Pop F3	
E-MU Systems	Classic Series Vol. 15 - Bass Collection	F00 Designed by S&M. -> B06 Alembic Pop    X -> Sample	S026 Alembic Pop F#3	
E-MU Systems	Classic Series Vol. 15 - Bass Collection	F00 Designed by S&M. -> B06 Alembic Pop    X -> Sample	S027 Alembic Pop G3	
E-MU Systems	Classic Series Vol. 15 - Bass Collection	F00 Designed by S&M. -> B06 Alembic Pop    X -> Sample	S028 Alembic Pop G#3	
E-MU Systems	Classic Series Vol. 15 - Bass Collection	F00 Designed by S&M. -> B06 Alembic Pop    X -> Sample	S029 Alembic Pop A3	
E-MU Systems	Classic Series Vol. 15 - Bass Collection	F00 Designed by S&M. -> B06 Alembic Pop    X -> Sample	S030 Alembic Pop A#3	
E-MU Systems	Classic Series Vol. 15 - Bass Collection	F00 Designed by S&M. -> B06 Alembic Pop    X -> Sample	S031 Alembic Pop B3	
E-MU Systems	Classic Series Vol. 15 - Bass Collection	F00 Designed by S&M. -> B06 Alembic Pop    X -> Sample	S032 Alembic Pop C3	
E-MU Systems	Classic Series Vol. 15 - Bass Collection	F00 Designed by S&M. -> B06 Alembic Pop    X -> Sample	S033 Alembic Pop C#3	
E-MU Systems	Classic Series Vol. 15 - Bass Collection	F00 Designed by S&M. -> B06 Alembic Pop    X -> Sample	S034 Alembic Pop D3	
E-MU Systems	Classic Series Vol. 15 - Bass Collection	F00 Designed by S&M. -> B06 Alembic Pop    X -> Sample	S035 Alembic Pop D#3	
E-MU Systems	Classic Series Vol. 15 - Bass Collection	F00 Designed by S&M. -> B06 Alembic Pop    X -> Sample	S036 Alembic Pop E4	
E-MU Systems	Classic Series Vol. 15 - Bass Collection	F00 Designed by S&M. -> B06 Alembic Pop    X -> Sample	S037 Alembic Pop F4	
E-MU Systems	Classic Series Vol. 15 - Bass Collection	F00 Designed by S&M. -> B06 Alembic Pop    X -> Sample	S038 Alembic Pop F#4	
E-MU Systems	Classic Series Vol. 15 - Bass Collection	F00 Designed by S&M. -> B06 Alembic Pop    X -> Sample	S039 Alembic Pop G4	
E-MU Systems	Classic Series Vol. 15 - Bass Collection	F00 Designed by S&M. -> B07 Alembic Slap   X -> Preset	P000 Alembic Slap	
E-MU Systems	Classic Series Vol. 15 - Bass Collection	F00 Designed by S&M. -> B07 Alembic Slap   X -> Preset	P001 Alembic Slap	
E-MU Systems	Classic Series Vol. 15 - Bass Collection	F00 Designed by S&M. -> B07 Alembic Slap   X -> Preset	P002 AlembSlap Vel	
E-MU Systems	Classic Series Vol. 15 - Bass Collection	F00 Designed by S&M. -> B07 Alembic Slap   X -> Preset	P003 AlembSlap Chorus	
E-MU Systems	Classic Series Vol. 15 - Bass Collection	F00 Designed by S&M. -> B07 Alembic Slap   X -> Preset	P004 AlembSlap Octve	
E-MU Systems	Classic Series Vol. 15 - Bass Collection	F00 Designed by S&M. -> B07 Alembic Slap   X -> Preset	P005 AlembSlap Octve2	
E-MU Systems	Classic Series Vol. 15 - Bass Collection	F00 Designed by S&M. -> B07 Alembic Slap   X -> Preset	P006 AlembSlap Soft	
E-MU Systems	Classic Series Vol. 15 - Bass Collection	F00 Designed by S&M. -> B07 Alembic Slap   X -> Preset	P007 AlembSlap Slow	
E-MU Systems	Classic Series Vol. 15 - Bass Collection	F00 Designed by S&M. -> B07 Alembic Slap   X -> Preset	P008 AlembSlap SlowCh	
E-MU Systems	Classic Series Vol. 15 - Bass Collection	F00 Designed by S&M. -> B07 Alembic Slap   X -> Preset	P009 AlembSlap Flang1	
E-MU Systems	Classic Series Vol. 15 - Bass Collection	F00 Designed by S&M. -> B07 Alembic Slap   X -> Preset	P010 AlembSlap Flang2	
E-MU Systems	Classic Series Vol. 15 - Bass Collection	F00 Designed by S&M. -> B07 Alembic Slap   X -> Preset	P011 CODE:Thumb Slap	
E-MU Systems	Classic Series Vol. 15 - Bass Collection	F00 Designed by S&M. -> B07 Alembic Slap   X -> Preset	P012 (206)232-6191	
E-MU Systems	Classic Series Vol. 15 - Bass Collection	F00 Designed by S&M. -> B07 Alembic Slap   X -> Preset	P013 10.1M	
E-MU Systems	Classic Series Vol. 15 - Bass Collection	F00 Designed by S&M. -> B07 Alembic Slap   X -> Preset	P014 DanDeanProds,Inc	
E-MU Systems	Classic Series Vol. 15 - Bass Collection	F00 Designed by S&M. -> B07 Alembic Slap   X -> Sample	S000 Alembic Slap E1	
E-MU Systems	Classic Series Vol. 15 - Bass Collection	F00 Designed by S&M. -> B07 Alembic Slap   X -> Sample	S001 Alembic Slap F1	
E-MU Systems	Classic Series Vol. 15 - Bass Collection	F00 Designed by S&M. -> B07 Alembic Slap   X -> Sample	S002 Alembic Slap F#1	
E-MU Systems	Classic Series Vol. 15 - Bass Collection	F00 Designed by S&M. -> B07 Alembic Slap   X -> Sample	S003 Alembic Slap G1	
E-MU Systems	Classic Series Vol. 15 - Bass Collection	F00 Designed by S&M. -> B07 Alembic Slap   X -> Sample	S004 Alembic Slap G#1	
E-MU Systems	Classic Series Vol. 15 - Bass Collection	F00 Designed by S&M. -> B07 Alembic Slap   X -> Sample	S005 Alembic Slap A1	
E-MU Systems	Classic Series Vol. 15 - Bass Collection	F00 Designed by S&M. -> B07 Alembic Slap   X -> Sample	S006 Alembic Slap A#1	
E-MU Systems	Classic Series Vol. 15 - Bass Collection	F00 Designed by S&M. -> B07 Alembic Slap   X -> Sample	S007 Alembic Slap B1	
E-MU Systems	Classic Series Vol. 15 - Bass Collection	F00 Designed by S&M. -> B07 Alembic Slap   X -> Sample	S008 Alembic Slap C1	
E-MU Systems	Classic Series Vol. 15 - Bass Collection	F00 Designed by S&M. -> B07 Alembic Slap   X -> Sample	S009 Alembic Slap C#1	
E-MU Systems	Classic Series Vol. 15 - Bass Collection	F00 Designed by S&M. -> B07 Alembic Slap   X -> Sample	S010 Alembic Slap D1	
E-MU Systems	Classic Series Vol. 15 - Bass Collection	F00 Designed by S&M. -> B07 Alembic Slap   X -> Sample	S011 Alembic Slap D#1	
E-MU Systems	Classic Series Vol. 15 - Bass Collection	F00 Designed by S&M. -> B07 Alembic Slap   X -> Sample	S012 Alembic Slap E2	
E-MU Systems	Classic Series Vol. 15 - Bass Collection	F00 Designed by S&M. -> B07 Alembic Slap   X -> Sample	S013 Alembic Slap F2	
E-MU Systems	Classic Series Vol. 15 - Bass Collection	F00 Designed by S&M. -> B07 Alembic Slap   X -> Sample	S014 Alembic Slap F#2	
E-MU Systems	Classic Series Vol. 15 - Bass Collection	F00 Designed by S&M. -> B07 Alembic Slap   X -> Sample	S015 Alembic Slap G2	
E-MU Systems	Classic Series Vol. 15 - Bass Collection	F00 Designed by S&M. -> B07 Alembic Slap   X -> Sample	S016 Alembic Slap G#2	
E-MU Systems	Classic Series Vol. 15 - Bass Collection	F00 Designed by S&M. -> B07 Alembic Slap   X -> Sample	S017 Alembic Slap A2	
E-MU Systems	Classic Series Vol. 15 - Bass Collection	F00 Designed by S&M. -> B07 Alembic Slap   X -> Sample	S018 Alembic Slap A#2	
E-MU Systems	Classic Series Vol. 15 - Bass Collection	F00 Designed by S&M. -> B07 Alembic Slap   X -> Sample	S019 Alembic Slap B2	
E-MU Systems	Classic Series Vol. 15 - Bass Collection	F00 Designed by S&M. -> B07 Alembic Slap   X -> Sample	S020 Alembic Slap C2	
E-MU Systems	Classic Series Vol. 15 - Bass Collection	F00 Designed by S&M. -> B07 Alembic Slap   X -> Sample	S021 Alembic Slap C#2	
E-MU Systems	Classic Series Vol. 15 - Bass Collection	F00 Designed by S&M. -> B07 Alembic Slap   X -> Sample	S022 Alembic Slap D2	
E-MU Systems	Classic Series Vol. 15 - Bass Collection	F00 Designed by S&M. -> B07 Alembic Slap   X -> Sample	S023 Alembic Slap D#2	
E-MU Systems	Classic Series Vol. 15 - Bass Collection	F00 Designed by S&M. -> B07 Alembic Slap   X -> Sample	S024 Alembic Slap E3	
E-MU Systems	Classic Series Vol. 15 - Bass Collection	F00 Designed by S&M. -> B07 Alembic Slap   X -> Sample	S025 Alembic Slap F3	
E-MU Systems	Classic Series Vol. 15 - Bass Collection	F00 Designed by S&M. -> B07 Alembic Slap   X -> Sample	S026 Alembic Slap F#3	
E-MU Systems	Classic Series Vol. 15 - Bass Collection	F00 Designed by S&M. -> B07 Alembic Slap   X -> Sample	S027 Alembic Slap G3	
E-MU Systems	Classic Series Vol. 15 - Bass Collection	F00 Designed by S&M. -> B07 Alembic Slap   X -> Sample	S028 Alembic Slap G#3	
E-MU Systems	Classic Series Vol. 15 - Bass Collection	F00 Designed by S&M. -> B07 Alembic Slap   X -> Sample	S029 Alembic Slap A3	
E-MU Systems	Classic Series Vol. 15 - Bass Collection	F00 Designed by S&M. -> B07 Alembic Slap   X -> Sample	S030 Alembic Slap A#3	
E-MU Systems	Classic Series Vol. 15 - Bass Collection	F00 Designed by S&M. -> B07 Alembic Slap   X -> Sample	S031 Alembic Slap B3	
E-MU Systems	Classic Series Vol. 15 - Bass Collection	F00 Designed by S&M. -> B07 Alembic Slap   X -> Sample	S032 Alembic Slap C3	
E-MU Systems	Classic Series Vol. 15 - Bass Collection	F00 Designed by S&M. -> B07 Alembic Slap   X -> Sample	S033 Alembic Slap C#3	
E-MU Systems	Classic Series Vol. 15 - Bass Collection	F00 Designed by S&M. -> B07 Alembic Slap   X -> Sample	S034 Alembic Slap D3	
E-MU Systems	Classic Series Vol. 15 - Bass Collection	F00 Designed by S&M. -> B07 Alembic Slap   X -> Sample	S035 Alembic Slap D#3	
E-MU Systems	Classic Series Vol. 15 - Bass Collection	F00 Designed by S&M. -> B07 Alembic Slap   X -> Sample	S036 Alembic Slap E4	
E-MU Systems	Classic Series Vol. 15 - Bass Collection	F00 Designed by S&M. -> B07 Alembic Slap   X -> Sample	S037 Alembic Slap F4	
E-MU Systems	Classic Series Vol. 15 - Bass Collection	F00 Designed by S&M. -> B07 Alembic Slap   X -> Sample	S038 Alembic Slap F#4	
E-MU Systems	Classic Series Vol. 15 - Bass Collection	F00 Designed by S&M. -> B07 Alembic Slap   X -> Sample	S039 Alembic Slap G4	
E-MU Systems	Classic Series Vol. 15 - Bass Collection	F00 Designed by S&M. -> B08 AlembicPop&SlapX -> Preset	P000 Alembic Pop&Slap	
E-MU Systems	Classic Series Vol. 15 - Bass Collection	F00 Designed by S&M. -> B08 AlembicPop&SlapX -> Preset	P001 Alembic Pop&Slap	
E-MU Systems	Classic Series Vol. 15 - Bass Collection	F00 Designed by S&M. -> B08 AlembicPop&SlapX -> Preset	P002 AlembSlap Vel	
E-MU Systems	Classic Series Vol. 15 - Bass Collection	F00 Designed by S&M. -> B08 AlembicPop&SlapX -> Preset	P003 AlembSlap Chorus	
E-MU Systems	Classic Series Vol. 15 - Bass Collection	F00 Designed by S&M. -> B08 AlembicPop&SlapX -> Preset	P004 AlembSlap Octve	
E-MU Systems	Classic Series Vol. 15 - Bass Collection	F00 Designed by S&M. -> B08 AlembicPop&SlapX -> Preset	P005 AlembSlap Octve2	
E-MU Systems	Classic Series Vol. 15 - Bass Collection	F00 Designed by S&M. -> B08 AlembicPop&SlapX -> Preset	P006 AlembSlap Soft	
E-MU Systems	Classic Series Vol. 15 - Bass Collection	F00 Designed by S&M. -> B08 AlembicPop&SlapX -> Preset	P007 AlembSlap Slow	
E-MU Systems	Classic Series Vol. 15 - Bass Collection	F00 Designed by S&M. -> B08 AlembicPop&SlapX -> Preset	P008 AlembSlap SlowCh	
E-MU Systems	Classic Series Vol. 15 - Bass Collection	F00 Designed by S&M. -> B08 AlembicPop&SlapX -> Preset	P009 AlembSlap Flang1	
E-MU Systems	Classic Series Vol. 15 - Bass Collection	F00 Designed by S&M. -> B08 AlembicPop&SlapX -> Preset	P010 AlembSlap Flang2	
E-MU Systems	Classic Series Vol. 15 - Bass Collection	F00 Designed by S&M. -> B08 AlembicPop&SlapX -> Preset	P011 Alembic Pop	
E-MU Systems	Classic Series Vol. 15 - Bass Collection	F00 Designed by S&M. -> B08 AlembicPop&SlapX -> Preset	P012 Alembic Pop Vel	
E-MU Systems	Classic Series Vol. 15 - Bass Collection	F00 Designed by S&M. -> B08 AlembicPop&SlapX -> Preset	P013 Alemb Pop Chorus	
E-MU Systems	Classic Series Vol. 15 - Bass Collection	F00 Designed by S&M. -> B08 AlembicPop&SlapX -> Preset	P014 Alemb Pop Octve	
E-MU Systems	Classic Series Vol. 15 - Bass Collection	F00 Designed by S&M. -> B08 AlembicPop&SlapX -> Preset	P015 Alemb Pop Octve2	
E-MU Systems	Classic Series Vol. 15 - Bass Collection	F00 Designed by S&M. -> B08 AlembicPop&SlapX -> Preset	P016 Alemb Pop Soft	
E-MU Systems	Classic Series Vol. 15 - Bass Collection	F00 Designed by S&M. -> B08 AlembicPop&SlapX -> Preset	P017 Alemb Pop Slow	
E-MU Systems	Classic Series Vol. 15 - Bass Collection	F00 Designed by S&M. -> B08 AlembicPop&SlapX -> Preset	P018 Alem Pop SlowChr	
E-MU Systems	Classic Series Vol. 15 - Bass Collection	F00 Designed by S&M. -> B08 AlembicPop&SlapX -> Preset	P019 Alem Pop Flange1	
E-MU Systems	Classic Series Vol. 15 - Bass Collection	F00 Designed by S&M. -> B08 AlembicPop&SlapX -> Preset	P020 Alem Pop Flange2	
E-MU Systems	Classic Series Vol. 15 - Bass Collection	F00 Designed by S&M. -> B08 AlembicPop&SlapX -> Preset	P021 Pop&Slap Chrs	
E-MU Systems	Classic Series Vol. 15 - Bass Collection	F00 Designed by S&M. -> B08 AlembicPop&SlapX -> Preset	P022 Pop&Slap Soft	
E-MU Systems	Classic Series Vol. 15 - Bass Collection	F00 Designed by S&M. -> B08 AlembicPop&SlapX -> Preset	P023 (206)232-6191	
E-MU Systems	Classic Series Vol. 15 - Bass Collection	F00 Designed by S&M. -> B08 AlembicPop&SlapX -> Preset	P024 15.8M	
E-MU Systems	Classic Series Vol. 15 - Bass Collection	F00 Designed by S&M. -> B08 AlembicPop&SlapX -> Preset	P025 DanDeanProds,Inc	
E-MU Systems	Classic Series Vol. 15 - Bass Collection	F00 Designed by S&M. -> B08 AlembicPop&SlapX -> Sample	S000 Alembic Slap E1	
E-MU Systems	Classic Series Vol. 15 - Bass Collection	F00 Designed by S&M. -> B08 AlembicPop&SlapX -> Sample	S001 Alembic Slap F1	
E-MU Systems	Classic Series Vol. 15 - Bass Collection	F00 Designed by S&M. -> B08 AlembicPop&SlapX -> Sample	S002 Alembic Slap F#1	
E-MU Systems	Classic Series Vol. 15 - Bass Collection	F00 Designed by S&M. -> B08 AlembicPop&SlapX -> Sample	S003 Alembic Slap G1	
E-MU Systems	Classic Series Vol. 15 - Bass Collection	F00 Designed by S&M. -> B08 AlembicPop&SlapX -> Sample	S004 Alembic Slap G#1	
E-MU Systems	Classic Series Vol. 15 - Bass Collection	F00 Designed by S&M. -> B08 AlembicPop&SlapX -> Sample	S005 Alembic Slap A1	
E-MU Systems	Classic Series Vol. 15 - Bass Collection	F00 Designed by S&M. -> B08 AlembicPop&SlapX -> Sample	S006 Alembic Slap A#1	
E-MU Systems	Classic Series Vol. 15 - Bass Collection	F00 Designed by S&M. -> B08 AlembicPop&SlapX -> Sample	S007 Alembic Slap B1	
E-MU Systems	Classic Series Vol. 15 - Bass Collection	F00 Designed by S&M. -> B08 AlembicPop&SlapX -> Sample	S008 Alembic Slap C1	
E-MU Systems	Classic Series Vol. 15 - Bass Collection	F00 Designed by S&M. -> B08 AlembicPop&SlapX -> Sample	S009 Alembic Slap C#1	
E-MU Systems	Classic Series Vol. 15 - Bass Collection	F00 Designed by S&M. -> B08 AlembicPop&SlapX -> Sample	S010 Alembic Slap D1	
E-MU Systems	Classic Series Vol. 15 - Bass Collection	F00 Designed by S&M. -> B08 AlembicPop&SlapX -> Sample	S011 Alembic Slap D#1	
E-MU Systems	Classic Series Vol. 15 - Bass Collection	F00 Designed by S&M. -> B08 AlembicPop&SlapX -> Sample	S012 Alembic Slap E2	
E-MU Systems	Classic Series Vol. 15 - Bass Collection	F00 Designed by S&M. -> B08 AlembicPop&SlapX -> Sample	S013 Alembic Slap F2	
E-MU Systems	Classic Series Vol. 15 - Bass Collection	F00 Designed by S&M. -> B08 AlembicPop&SlapX -> Sample	S014 Alembic Slap F#2	
E-MU Systems	Classic Series Vol. 15 - Bass Collection	F00 Designed by S&M. -> B08 AlembicPop&SlapX -> Sample	S015 Alembic Slap G2	
E-MU Systems	Classic Series Vol. 15 - Bass Collection	F00 Designed by S&M. -> B08 AlembicPop&SlapX -> Sample	S016 Alembic Slap G#2	
E-MU Systems	Classic Series Vol. 15 - Bass Collection	F00 Designed by S&M. -> B08 AlembicPop&SlapX -> Sample	S017 Alembic Slap A2	
E-MU Systems	Classic Series Vol. 15 - Bass Collection	F00 Designed by S&M. -> B08 AlembicPop&SlapX -> Sample	S018 Alembic Slap A#2	
E-MU Systems	Classic Series Vol. 15 - Bass Collection	F00 Designed by S&M. -> B08 AlembicPop&SlapX -> Sample	S019 Alembic Slap B2	
E-MU Systems	Classic Series Vol. 15 - Bass Collection	F00 Designed by S&M. -> B08 AlembicPop&SlapX -> Sample	S020 Alembic Slap C2	
E-MU Systems	Classic Series Vol. 15 - Bass Collection	F00 Designed by S&M. -> B08 AlembicPop&SlapX -> Sample	S021 Alembic Slap C#2	
E-MU Systems	Classic Series Vol. 15 - Bass Collection	F00 Designed by S&M. -> B08 AlembicPop&SlapX -> Sample	S022 Alembic Slap D2	
E-MU Systems	Classic Series Vol. 15 - Bass Collection	F00 Designed by S&M. -> B08 AlembicPop&SlapX -> Sample	S023 Alembic Slap D#2	
E-MU Systems	Classic Series Vol. 15 - Bass Collection	F00 Designed by S&M. -> B08 AlembicPop&SlapX -> Sample	S024 Alembic Slap E3	
E-MU Systems	Classic Series Vol. 15 - Bass Collection	F00 Designed by S&M. -> B08 AlembicPop&SlapX -> Sample	S025 Alembic Slap F3	
E-MU Systems	Classic Series Vol. 15 - Bass Collection	F00 Designed by S&M. -> B08 AlembicPop&SlapX -> Sample	S026 Alembic Slap F#3	
E-MU Systems	Classic Series Vol. 15 - Bass Collection	F00 Designed by S&M. -> B08 AlembicPop&SlapX -> Sample	S027 Alembic Slap G3	
E-MU Systems	Classic Series Vol. 15 - Bass Collection	F00 Designed by S&M. -> B08 AlembicPop&SlapX -> Sample	S028 Alembic Slap G#3	
E-MU Systems	Classic Series Vol. 15 - Bass Collection	F00 Designed by S&M. -> B08 AlembicPop&SlapX -> Sample	S029 Alembic Slap A3	
E-MU Systems	Classic Series Vol. 15 - Bass Collection	F00 Designed by S&M. -> B08 AlembicPop&SlapX -> Sample	S030 Alembic Slap A#3	
E-MU Systems	Classic Series Vol. 15 - Bass Collection	F00 Designed by S&M. -> B08 AlembicPop&SlapX -> Sample	S031 Alembic Slap B3	
E-MU Systems	Classic Series Vol. 15 - Bass Collection	F00 Designed by S&M. -> B08 AlembicPop&SlapX -> Sample	S032 Alembic Slap C3	
E-MU Systems	Classic Series Vol. 15 - Bass Collection	F00 Designed by S&M. -> B08 AlembicPop&SlapX -> Sample	S033 Alembic Slap C#3	
E-MU Systems	Classic Series Vol. 15 - Bass Collection	F00 Designed by S&M. -> B08 AlembicPop&SlapX -> Sample	S034 Alembic Slap D3	
E-MU Systems	Classic Series Vol. 15 - Bass Collection	F00 Designed by S&M. -> B08 AlembicPop&SlapX -> Sample	S035 Alembic Slap D#3	
E-MU Systems	Classic Series Vol. 15 - Bass Collection	F00 Designed by S&M. -> B08 AlembicPop&SlapX -> Sample	S036 Alembic Slap E4	
E-MU Systems	Classic Series Vol. 15 - Bass Collection	F00 Designed by S&M. -> B08 AlembicPop&SlapX -> Sample	S037 Alembic Slap F4	
E-MU Systems	Classic Series Vol. 15 - Bass Collection	F00 Designed by S&M. -> B08 AlembicPop&SlapX -> Sample	S038 Alembic Slap F#4	
E-MU Systems	Classic Series Vol. 15 - Bass Collection	F00 Designed by S&M. -> B08 AlembicPop&SlapX -> Sample	S039 Alembic Slap G4	
E-MU Systems	Classic Series Vol. 15 - Bass Collection	F00 Designed by S&M. -> B08 AlembicPop&SlapX -> Sample	S040 Alembic Pop E1	
E-MU Systems	Classic Series Vol. 15 - Bass Collection	F00 Designed by S&M. -> B08 AlembicPop&SlapX -> Sample	S041 Alembic Pop F1	
E-MU Systems	Classic Series Vol. 15 - Bass Collection	F00 Designed by S&M. -> B08 AlembicPop&SlapX -> Sample	S042 Alembic Pop F#1	
E-MU Systems	Classic Series Vol. 15 - Bass Collection	F00 Designed by S&M. -> B08 AlembicPop&SlapX -> Sample	S043 Alembic Pop G1	
E-MU Systems	Classic Series Vol. 15 - Bass Collection	F00 Designed by S&M. -> B08 AlembicPop&SlapX -> Sample	S044 Alembic Pop G#1	
E-MU Systems	Classic Series Vol. 15 - Bass Collection	F00 Designed by S&M. -> B08 AlembicPop&SlapX -> Sample	S045 Alembic Pop A1	
E-MU Systems	Classic Series Vol. 15 - Bass Collection	F00 Designed by S&M. -> B08 AlembicPop&SlapX -> Sample	S046 Alembic Pop A#1	
E-MU Systems	Classic Series Vol. 15 - Bass Collection	F00 Designed by S&M. -> B08 AlembicPop&SlapX -> Sample	S047 Alembic Pop B1	
E-MU Systems	Classic Series Vol. 15 - Bass Collection	F00 Designed by S&M. -> B08 AlembicPop&SlapX -> Sample	S048 Alembic Pop C1	
E-MU Systems	Classic Series Vol. 15 - Bass Collection	F00 Designed by S&M. -> B08 AlembicPop&SlapX -> Sample	S049 Alembic Pop C#1	
E-MU Systems	Classic Series Vol. 15 - Bass Collection	F00 Designed by S&M. -> B08 AlembicPop&SlapX -> Sample	S050 Alembic Pop D1	
E-MU Systems	Classic Series Vol. 15 - Bass Collection	F00 Designed by S&M. -> B08 AlembicPop&SlapX -> Sample	S051 Alembic Pop D#1	
E-MU Systems	Classic Series Vol. 15 - Bass Collection	F00 Designed by S&M. -> B08 AlembicPop&SlapX -> Sample	S052 Alembic Pop E2	
E-MU Systems	Classic Series Vol. 15 - Bass Collection	F00 Designed by S&M. -> B08 AlembicPop&SlapX -> Sample	S053 Alembic Pop F2	
E-MU Systems	Classic Series Vol. 15 - Bass Collection	F00 Designed by S&M. -> B08 AlembicPop&SlapX -> Sample	S054 Alembic Pop F#2	
E-MU Systems	Classic Series Vol. 15 - Bass Collection	F00 Designed by S&M. -> B08 AlembicPop&SlapX -> Sample	S055 Alembic Pop G2	
E-MU Systems	Classic Series Vol. 15 - Bass Collection	F00 Designed by S&M. -> B08 AlembicPop&SlapX -> Sample	S056 Alembic Pop G#2	
E-MU Systems	Classic Series Vol. 15 - Bass Collection	F00 Designed by S&M. -> B08 AlembicPop&SlapX -> Sample	S057 Alembic Pop A2	
E-MU Systems	Classic Series Vol. 15 - Bass Collection	F00 Designed by S&M. -> B08 AlembicPop&SlapX -> Sample	S058 Alembic Pop A#2	
E-MU Systems	Classic Series Vol. 15 - Bass Collection	F00 Designed by S&M. -> B08 AlembicPop&SlapX -> Sample	S059 Alembic Pop B2	
E-MU Systems	Classic Series Vol. 15 - Bass Collection	F00 Designed by S&M. -> B08 AlembicPop&SlapX -> Sample	S060 Alembic Pop C2	
E-MU Systems	Classic Series Vol. 15 - Bass Collection	F00 Designed by S&M. -> B08 AlembicPop&SlapX -> Sample	S061 Alembic Pop C#2	
E-MU Systems	Classic Series Vol. 15 - Bass Collection	F00 Designed by S&M. -> B08 AlembicPop&SlapX -> Sample	S062 Alembic Pop D2	
E-MU Systems	Classic Series Vol. 15 - Bass Collection	F00 Designed by S&M. -> B08 AlembicPop&SlapX -> Sample	S063 Alembic Pop D#2	
E-MU Systems	Classic Series Vol. 15 - Bass Collection	F00 Designed by S&M. -> B08 AlembicPop&SlapX -> Sample	S064 Alembic Pop E3	
E-MU Systems	Classic Series Vol. 15 - Bass Collection	F00 Designed by S&M. -> B08 AlembicPop&SlapX -> Sample	S065 Alembic Pop F3	
E-MU Systems	Classic Series Vol. 15 - Bass Collection	F00 Designed by S&M. -> B08 AlembicPop&SlapX -> Sample	S066 Alembic Pop F#3	
E-MU Systems	Classic Series Vol. 15 - Bass Collection	F00 Designed by S&M. -> B08 AlembicPop&SlapX -> Sample	S067 Alembic Pop G3	
E-MU Systems	Classic Series Vol. 15 - Bass Collection	F00 Designed by S&M. -> B08 AlembicPop&SlapX -> Sample	S068 Alembic Pop G#3	
E-MU Systems	Classic Series Vol. 15 - Bass Collection	F00 Designed by S&M. -> B08 AlembicPop&SlapX -> Sample	S069 Alembic Pop A3	
E-MU Systems	Classic Series Vol. 15 - Bass Collection	F00 Designed by S&M. -> B08 AlembicPop&SlapX -> Sample	S070 Alembic Pop A#3	
E-MU Systems	Classic Series Vol. 15 - Bass Collection	F00 Designed by S&M. -> B08 AlembicPop&SlapX -> Sample	S071 Alembic Pop B3	
E-MU Systems	Classic Series Vol. 15 - Bass Collection	F00 Designed by S&M. -> B08 AlembicPop&SlapX -> Sample	S072 Alembic Pop C3	
E-MU Systems	Classic Series Vol. 15 - Bass Collection	F00 Designed by S&M. -> B08 AlembicPop&SlapX -> Sample	S073 Alembic Pop C#3	
E-MU Systems	Classic Series Vol. 15 - Bass Collection	F00 Designed by S&M. -> B08 AlembicPop&SlapX -> Sample	S074 Alembic Pop D3	
E-MU Systems	Classic Series Vol. 15 - Bass Collection	F00 Designed by S&M. -> B08 AlembicPop&SlapX -> Sample	S075 Alembic Pop D#3	
E-MU Systems	Classic Series Vol. 15 - Bass Collection	F00 Designed by S&M. -> B08 AlembicPop&SlapX -> Sample	S076 Alembic Pop E4	
E-MU Systems	Classic Series Vol. 15 - Bass Collection	F00 Designed by S&M. -> B08 AlembicPop&SlapX -> Sample	S077 Alembic Pop F4	
E-MU Systems	Classic Series Vol. 15 - Bass Collection	F00 Designed by S&M. -> B08 AlembicPop&SlapX -> Sample	S078 Alembic Pop F#4	
E-MU Systems	Classic Series Vol. 15 - Bass Collection	F00 Designed by S&M. -> B08 AlembicPop&SlapX -> Sample	S079 Alembic Pop G4	
E-MU Systems	Classic Series Vol. 15 - Bass Collection	F00 Designed by S&M. -> B09 Fretless PF    X -> Preset	P000 Fretless Pick-F	
E-MU Systems	Classic Series Vol. 15 - Bass Collection	F00 Designed by S&M. -> B09 Fretless PF    X -> Preset	P001 Fretless Pick-F	
E-MU Systems	Classic Series Vol. 15 - Bass Collection	F00 Designed by S&M. -> B09 Fretless PF    X -> Preset	P002 Pick-F Vel	
E-MU Systems	Classic Series Vol. 15 - Bass Collection	F00 Designed by S&M. -> B09 Fretless PF    X -> Preset	P003 Pick-F Chorus	
E-MU Systems	Classic Series Vol. 15 - Bass Collection	F00 Designed by S&M. -> B09 Fretless PF    X -> Preset	P004 Pick-F Octve	
E-MU Systems	Classic Series Vol. 15 - Bass Collection	F00 Designed by S&M. -> B09 Fretless PF    X -> Preset	P005 Pick-F Octve2	
E-MU Systems	Classic Series Vol. 15 - Bass Collection	F00 Designed by S&M. -> B09 Fretless PF    X -> Preset	P006 Pick-F Soft	
E-MU Systems	Classic Series Vol. 15 - Bass Collection	F00 Designed by S&M. -> B09 Fretless PF    X -> Preset	P007 Pick-F Slow	
E-MU Systems	Classic Series Vol. 15 - Bass Collection	F00 Designed by S&M. -> B09 Fretless PF    X -> Preset	P008 Pick-F SlowChr	
E-MU Systems	Classic Series Vol. 15 - Bass Collection	F00 Designed by S&M. -> B09 Fretless PF    X -> Preset	P009 Pick-F Flange 1	
E-MU Systems	Classic Series Vol. 15 - Bass Collection	F00 Designed by S&M. -> B09 Fretless PF    X -> Preset	P010 Pick-F Flange 2	
E-MU Systems	Classic Series Vol. 15 - Bass Collection	F00 Designed by S&M. -> B09 Fretless PF    X -> Preset	P011 CODE:Pick Full	
E-MU Systems	Classic Series Vol. 15 - Bass Collection	F00 Designed by S&M. -> B09 Fretless PF    X -> Preset	P012 (206)232-6191	
E-MU Systems	Classic Series Vol. 15 - Bass Collection	F00 Designed by S&M. -> B09 Fretless PF    X -> Preset	P013 10.8M	
E-MU Systems	Classic Series Vol. 15 - Bass Collection	F00 Designed by S&M. -> B09 Fretless PF    X -> Preset	P014 DanDeanProds,Inc	
E-MU Systems	Classic Series Vol. 15 - Bass Collection	F00 Designed by S&M. -> B09 Fretless PF    X -> Sample	S000 Fretless PF E1	
E-MU Systems	Classic Series Vol. 15 - Bass Collection	F00 Designed by S&M. -> B09 Fretless PF    X -> Sample	S001 Fretless PF F1	
E-MU Systems	Classic Series Vol. 15 - Bass Collection	F00 Designed by S&M. -> B09 Fretless PF    X -> Sample	S002 Fretless PF F#1	
E-MU Systems	Classic Series Vol. 15 - Bass Collection	F00 Designed by S&M. -> B09 Fretless PF    X -> Sample	S003 Fretless PF G1	
E-MU Systems	Classic Series Vol. 15 - Bass Collection	F00 Designed by S&M. -> B09 Fretless PF    X -> Sample	S004 Fretless PF G#1	
E-MU Systems	Classic Series Vol. 15 - Bass Collection	F00 Designed by S&M. -> B09 Fretless PF    X -> Sample	S005 Fretless PF A1	
E-MU Systems	Classic Series Vol. 15 - Bass Collection	F00 Designed by S&M. -> B09 Fretless PF    X -> Sample	S006 Fretless PF A#1	
E-MU Systems	Classic Series Vol. 15 - Bass Collection	F00 Designed by S&M. -> B09 Fretless PF    X -> Sample	S007 Fretless PF B1	
E-MU Systems	Classic Series Vol. 15 - Bass Collection	F00 Designed by S&M. -> B09 Fretless PF    X -> Sample	S008 Fretless PF C1	
E-MU Systems	Classic Series Vol. 15 - Bass Collection	F00 Designed by S&M. -> B09 Fretless PF    X -> Sample	S009 Fretless PF C#1	
E-MU Systems	Classic Series Vol. 15 - Bass Collection	F00 Designed by S&M. -> B09 Fretless PF    X -> Sample	S010 Fretless PF D1	
E-MU Systems	Classic Series Vol. 15 - Bass Collection	F00 Designed by S&M. -> B09 Fretless PF    X -> Sample	S011 Fretless PF D#1	
E-MU Systems	Classic Series Vol. 15 - Bass Collection	F00 Designed by S&M. -> B09 Fretless PF    X -> Sample	S012 Fretless PF E2	
E-MU Systems	Classic Series Vol. 15 - Bass Collection	F00 Designed by S&M. -> B09 Fretless PF    X -> Sample	S013 Fretless PF F2	
E-MU Systems	Classic Series Vol. 15 - Bass Collection	F00 Designed by S&M. -> B09 Fretless PF    X -> Sample	S014 Fretless PF F#2	
E-MU Systems	Classic Series Vol. 15 - Bass Collection	F00 Designed by S&M. -> B09 Fretless PF    X -> Sample	S015 Fretless PF G2	
E-MU Systems	Classic Series Vol. 15 - Bass Collection	F00 Designed by S&M. -> B09 Fretless PF    X -> Sample	S016 Fretless PF G#2	
E-MU Systems	Classic Series Vol. 15 - Bass Collection	F00 Designed by S&M. -> B09 Fretless PF    X -> Sample	S017 Fretless PF A2	
E-MU Systems	Classic Series Vol. 15 - Bass Collection	F00 Designed by S&M. -> B09 Fretless PF    X -> Sample	S018 Fretless PF A#2	
E-MU Systems	Classic Series Vol. 15 - Bass Collection	F00 Designed by S&M. -> B09 Fretless PF    X -> Sample	S019 Fretless PF B2	
E-MU Systems	Classic Series Vol. 15 - Bass Collection	F00 Designed by S&M. -> B09 Fretless PF    X -> Sample	S020 Fretless PF C2	
E-MU Systems	Classic Series Vol. 15 - Bass Collection	F00 Designed by S&M. -> B09 Fretless PF    X -> Sample	S021 Fretless PF C#2	
E-MU Systems	Classic Series Vol. 15 - Bass Collection	F00 Designed by S&M. -> B09 Fretless PF    X -> Sample	S022 Fretless PF D2	
E-MU Systems	Classic Series Vol. 15 - Bass Collection	F00 Designed by S&M. -> B09 Fretless PF    X -> Sample	S023 Fretless PF D#2	
E-MU Systems	Classic Series Vol. 15 - Bass Collection	F00 Designed by S&M. -> B09 Fretless PF    X -> Sample	S024 Fretless PF E3	
E-MU Systems	Classic Series Vol. 15 - Bass Collection	F00 Designed by S&M. -> B09 Fretless PF    X -> Sample	S025 Fretless PF F3	
E-MU Systems	Classic Series Vol. 15 - Bass Collection	F00 Designed by S&M. -> B09 Fretless PF    X -> Sample	S026 Fretless PF F#3	
E-MU Systems	Classic Series Vol. 15 - Bass Collection	F00 Designed by S&M. -> B09 Fretless PF    X -> Sample	S027 Fretless PF G3	
E-MU Systems	Classic Series Vol. 15 - Bass Collection	F00 Designed by S&M. -> B09 Fretless PF    X -> Sample	S028 Fretless PF G#3	
E-MU Systems	Classic Series Vol. 15 - Bass Collection	F00 Designed by S&M. -> B09 Fretless PF    X -> Sample	S029 Fretless PF A3	
E-MU Systems	Classic Series Vol. 15 - Bass Collection	F00 Designed by S&M. -> B09 Fretless PF    X -> Sample	S030 Fretless PF A#3	
E-MU Systems	Classic Series Vol. 15 - Bass Collection	F00 Designed by S&M. -> B09 Fretless PF    X -> Sample	S031 Fretless PF B3	
E-MU Systems	Classic Series Vol. 15 - Bass Collection	F00 Designed by S&M. -> B09 Fretless PF    X -> Sample	S032 Fretless PF C3	
E-MU Systems	Classic Series Vol. 15 - Bass Collection	F00 Designed by S&M. -> B09 Fretless PF    X -> Sample	S033 Fretless PF C#3	
E-MU Systems	Classic Series Vol. 15 - Bass Collection	F00 Designed by S&M. -> B09 Fretless PF    X -> Sample	S034 Fretless PF D3	
E-MU Systems	Classic Series Vol. 15 - Bass Collection	F00 Designed by S&M. -> B09 Fretless PF    X -> Sample	S035 Fretless PF D#3	
E-MU Systems	Classic Series Vol. 15 - Bass Collection	F00 Designed by S&M. -> B09 Fretless PF    X -> Sample	S036 Fretless PF E4	
E-MU Systems	Classic Series Vol. 15 - Bass Collection	F00 Designed by S&M. -> B09 Fretless PF    X -> Sample	S037 Fretless PF F4	
E-MU Systems	Classic Series Vol. 15 - Bass Collection	F00 Designed by S&M. -> B09 Fretless PF    X -> Sample	S038 Fretless PF F#4	
E-MU Systems	Classic Series Vol. 15 - Bass Collection	F00 Designed by S&M. -> B09 Fretless PF    X -> Sample	S039 Fretless PF G4	
E-MU Systems	Classic Series Vol. 15 - Bass Collection	F00 Designed by S&M. -> B10 Fretless PH    X -> Preset	P000 Fretless Pick-H	
E-MU Systems	Classic Series Vol. 15 - Bass Collection	F00 Designed by S&M. -> B10 Fretless PH    X -> Preset	P001 Fretless Pick-H	
E-MU Systems	Classic Series Vol. 15 - Bass Collection	F00 Designed by S&M. -> B10 Fretless PH    X -> Preset	P002 Pick-H Vel	
E-MU Systems	Classic Series Vol. 15 - Bass Collection	F00 Designed by S&M. -> B10 Fretless PH    X -> Preset	P003 Pick-H Chorus	
E-MU Systems	Classic Series Vol. 15 - Bass Collection	F00 Designed by S&M. -> B10 Fretless PH    X -> Preset	P004 Pick-H Octve	
E-MU Systems	Classic Series Vol. 15 - Bass Collection	F00 Designed by S&M. -> B10 Fretless PH    X -> Preset	P005 Pick-H Octve2	
E-MU Systems	Classic Series Vol. 15 - Bass Collection	F00 Designed by S&M. -> B10 Fretless PH    X -> Preset	P006 Pick-H Soft	
E-MU Systems	Classic Series Vol. 15 - Bass Collection	F00 Designed by S&M. -> B10 Fretless PH    X -> Preset	P007 Pick-H Slow	
E-MU Systems	Classic Series Vol. 15 - Bass Collection	F00 Designed by S&M. -> B10 Fretless PH    X -> Preset	P008 Pick-H SlowChr	
E-MU Systems	Classic Series Vol. 15 - Bass Collection	F00 Designed by S&M. -> B10 Fretless PH    X -> Preset	P009 Pick-H Flange 1	
E-MU Systems	Classic Series Vol. 15 - Bass Collection	F00 Designed by S&M. -> B10 Fretless PH    X -> Preset	P010 Pick-H Flange 2	
E-MU Systems	Classic Series Vol. 15 - Bass Collection	F00 Designed by S&M. -> B10 Fretless PH    X -> Preset	P011 CODE:Pick Hollow	
E-MU Systems	Classic Series Vol. 15 - Bass Collection	F00 Designed by S&M. -> B10 Fretless PH    X -> Preset	P012 (206)232-6191	
E-MU Systems	Classic Series Vol. 15 - Bass Collection	F00 Designed by S&M. -> B10 Fretless PH    X -> Preset	P013 10.5M	
E-MU Systems	Classic Series Vol. 15 - Bass Collection	F00 Designed by S&M. -> B10 Fretless PH    X -> Preset	P014 DanDeanProds,Inc	
E-MU Systems	Classic Series Vol. 15 - Bass Collection	F00 Designed by S&M. -> B10 Fretless PH    X -> Sample	S000 Fretless PH E1	
E-MU Systems	Classic Series Vol. 15 - Bass Collection	F00 Designed by S&M. -> B10 Fretless PH    X -> Sample	S001 Fretless PH F1	
E-MU Systems	Classic Series Vol. 15 - Bass Collection	F00 Designed by S&M. -> B10 Fretless PH    X -> Sample	S002 Fretless PH F#1	
E-MU Systems	Classic Series Vol. 15 - Bass Collection	F00 Designed by S&M. -> B10 Fretless PH    X -> Sample	S003 Fretless PH G1	
E-MU Systems	Classic Series Vol. 15 - Bass Collection	F00 Designed by S&M. -> B10 Fretless PH    X -> Sample	S004 Fretless PH G#1	
E-MU Systems	Classic Series Vol. 15 - Bass Collection	F00 Designed by S&M. -> B10 Fretless PH    X -> Sample	S005 Fretless PH A1	
E-MU Systems	Classic Series Vol. 15 - Bass Collection	F00 Designed by S&M. -> B10 Fretless PH    X -> Sample	S006 Fretless PH A#1	
E-MU Systems	Classic Series Vol. 15 - Bass Collection	F00 Designed by S&M. -> B10 Fretless PH    X -> Sample	S007 Fretless PH B1	
E-MU Systems	Classic Series Vol. 15 - Bass Collection	F00 Designed by S&M. -> B10 Fretless PH    X -> Sample	S008 Fretless PH C1	
E-MU Systems	Classic Series Vol. 15 - Bass Collection	F00 Designed by S&M. -> B10 Fretless PH    X -> Sample	S009 Fretless PH C#1	
E-MU Systems	Classic Series Vol. 15 - Bass Collection	F00 Designed by S&M. -> B10 Fretless PH    X -> Sample	S010 Fretless PH D1	
E-MU Systems	Classic Series Vol. 15 - Bass Collection	F00 Designed by S&M. -> B10 Fretless PH    X -> Sample	S011 Fretless PH D#1	
E-MU Systems	Classic Series Vol. 15 - Bass Collection	F00 Designed by S&M. -> B10 Fretless PH    X -> Sample	S012 Fretless PH E2	
E-MU Systems	Classic Series Vol. 15 - Bass Collection	F00 Designed by S&M. -> B10 Fretless PH    X -> Sample	S013 Fretless PH F2	
E-MU Systems	Classic Series Vol. 15 - Bass Collection	F00 Designed by S&M. -> B10 Fretless PH    X -> Sample	S014 Fretless PH F#2	
E-MU Systems	Classic Series Vol. 15 - Bass Collection	F00 Designed by S&M. -> B10 Fretless PH    X -> Sample	S015 Fretless PH G2	
E-MU Systems	Classic Series Vol. 15 - Bass Collection	F00 Designed by S&M. -> B10 Fretless PH    X -> Sample	S016 Fretless PH G#2	
E-MU Systems	Classic Series Vol. 15 - Bass Collection	F00 Designed by S&M. -> B10 Fretless PH    X -> Sample	S017 Fretless PH A2	
E-MU Systems	Classic Series Vol. 15 - Bass Collection	F00 Designed by S&M. -> B10 Fretless PH    X -> Sample	S018 Fretless PH A#2	
E-MU Systems	Classic Series Vol. 15 - Bass Collection	F00 Designed by S&M. -> B10 Fretless PH    X -> Sample	S019 Fretless PH B2	
E-MU Systems	Classic Series Vol. 15 - Bass Collection	F00 Designed by S&M. -> B10 Fretless PH    X -> Sample	S020 Fretless PH C2	
E-MU Systems	Classic Series Vol. 15 - Bass Collection	F00 Designed by S&M. -> B10 Fretless PH    X -> Sample	S021 Fretless PH C#2	
E-MU Systems	Classic Series Vol. 15 - Bass Collection	F00 Designed by S&M. -> B10 Fretless PH    X -> Sample	S022 Fretless PH D2	
E-MU Systems	Classic Series Vol. 15 - Bass Collection	F00 Designed by S&M. -> B10 Fretless PH    X -> Sample	S023 Fretless PH D#2	
E-MU Systems	Classic Series Vol. 15 - Bass Collection	F00 Designed by S&M. -> B10 Fretless PH    X -> Sample	S024 Fretless PH E3	
E-MU Systems	Classic Series Vol. 15 - Bass Collection	F00 Designed by S&M. -> B10 Fretless PH    X -> Sample	S025 Fretless PH F3	
E-MU Systems	Classic Series Vol. 15 - Bass Collection	F00 Designed by S&M. -> B10 Fretless PH    X -> Sample	S026 Fretless PH F#3	
E-MU Systems	Classic Series Vol. 15 - Bass Collection	F00 Designed by S&M. -> B10 Fretless PH    X -> Sample	S027 Fretless PH G3	
E-MU Systems	Classic Series Vol. 15 - Bass Collection	F00 Designed by S&M. -> B10 Fretless PH    X -> Sample	S028 Fretless PH G#3	
E-MU Systems	Classic Series Vol. 15 - Bass Collection	F00 Designed by S&M. -> B10 Fretless PH    X -> Sample	S029 Fretless PH A3	
E-MU Systems	Classic Series Vol. 15 - Bass Collection	F00 Designed by S&M. -> B10 Fretless PH    X -> Sample	S030 Fretless PH A#3	
E-MU Systems	Classic Series Vol. 15 - Bass Collection	F00 Designed by S&M. -> B10 Fretless PH    X -> Sample	S031 Fretless PH B3	
E-MU Systems	Classic Series Vol. 15 - Bass Collection	F00 Designed by S&M. -> B10 Fretless PH    X -> Sample	S032 Fretless PH C3	
E-MU Systems	Classic Series Vol. 15 - Bass Collection	F00 Designed by S&M. -> B10 Fretless PH    X -> Sample	S033 Fretless PH C#3	
E-MU Systems	Classic Series Vol. 15 - Bass Collection	F00 Designed by S&M. -> B10 Fretless PH    X -> Sample	S034 Fretless PH D3	
E-MU Systems	Classic Series Vol. 15 - Bass Collection	F00 Designed by S&M. -> B10 Fretless PH    X -> Sample	S035 Fretless PH D#3	
E-MU Systems	Classic Series Vol. 15 - Bass Collection	F00 Designed by S&M. -> B10 Fretless PH    X -> Sample	S036 Fretless PH E4	
E-MU Systems	Classic Series Vol. 15 - Bass Collection	F00 Designed by S&M. -> B10 Fretless PH    X -> Sample	S037 Fretless PH F4	
E-MU Systems	Classic Series Vol. 15 - Bass Collection	F00 Designed by S&M. -> B10 Fretless PH    X -> Sample	S038 Fretless PH F#4	
E-MU Systems	Classic Series Vol. 15 - Bass Collection	F00 Designed by S&M. -> B10 Fretless PH    X -> Sample	S039 Fretless PH G4	
E-MU Systems	Classic Series Vol. 15 - Bass Collection	F00 Designed by S&M. -> B11 Fretless PM    X -> Preset	P000 Fretless Pick-M	
E-MU Systems	Classic Series Vol. 15 - Bass Collection	F00 Designed by S&M. -> B11 Fretless PM    X -> Preset	P001 Fretless Pick-M	
E-MU Systems	Classic Series Vol. 15 - Bass Collection	F00 Designed by S&M. -> B11 Fretless PM    X -> Preset	P002 Pick-M Vel	
E-MU Systems	Classic Series Vol. 15 - Bass Collection	F00 Designed by S&M. -> B11 Fretless PM    X -> Preset	P003 Pick-M Chorus	
E-MU Systems	Classic Series Vol. 15 - Bass Collection	F00 Designed by S&M. -> B11 Fretless PM    X -> Preset	P004 Pick-M Octve	
E-MU Systems	Classic Series Vol. 15 - Bass Collection	F00 Designed by S&M. -> B11 Fretless PM    X -> Preset	P005 Pick-M Octve2	
E-MU Systems	Classic Series Vol. 15 - Bass Collection	F00 Designed by S&M. -> B11 Fretless PM    X -> Preset	P006 Pick-M Soft	
E-MU Systems	Classic Series Vol. 15 - Bass Collection	F00 Designed by S&M. -> B11 Fretless PM    X -> Preset	P007 Pick-M Slow	
E-MU Systems	Classic Series Vol. 15 - Bass Collection	F00 Designed by S&M. -> B11 Fretless PM    X -> Preset	P008 Pick-M SlowChr	
E-MU Systems	Classic Series Vol. 15 - Bass Collection	F00 Designed by S&M. -> B11 Fretless PM    X -> Preset	P009 Pick-M Flange 1	
E-MU Systems	Classic Series Vol. 15 - Bass Collection	F00 Designed by S&M. -> B11 Fretless PM    X -> Preset	P010 Pick-M Flange 2	
E-MU Systems	Classic Series Vol. 15 - Bass Collection	F00 Designed by S&M. -> B11 Fretless PM    X -> Preset	P011 CODE:Pick Mute	
E-MU Systems	Classic Series Vol. 15 - Bass Collection	F00 Designed by S&M. -> B11 Fretless PM    X -> Preset	P012 (206)232-6191	
E-MU Systems	Classic Series Vol. 15 - Bass Collection	F00 Designed by S&M. -> B11 Fretless PM    X -> Preset	P013 10.0M	
E-MU Systems	Classic Series Vol. 15 - Bass Collection	F00 Designed by S&M. -> B11 Fretless PM    X -> Preset	P014 DanDeanProds,Inc	
E-MU Systems	Classic Series Vol. 15 - Bass Collection	F00 Designed by S&M. -> B11 Fretless PM    X -> Sample	S000 Fretless PM E1	
E-MU Systems	Classic Series Vol. 15 - Bass Collection	F00 Designed by S&M. -> B11 Fretless PM    X -> Sample	S001 Fretless PM F1	
E-MU Systems	Classic Series Vol. 15 - Bass Collection	F00 Designed by S&M. -> B11 Fretless PM    X -> Sample	S002 Fretless PM F#1	
E-MU Systems	Classic Series Vol. 15 - Bass Collection	F00 Designed by S&M. -> B11 Fretless PM    X -> Sample	S003 Fretless PM G1	
E-MU Systems	Classic Series Vol. 15 - Bass Collection	F00 Designed by S&M. -> B11 Fretless PM    X -> Sample	S004 Fretless PM G#1	
E-MU Systems	Classic Series Vol. 15 - Bass Collection	F00 Designed by S&M. -> B11 Fretless PM    X -> Sample	S005 Fretless PM A1	
E-MU Systems	Classic Series Vol. 15 - Bass Collection	F00 Designed by S&M. -> B11 Fretless PM    X -> Sample	S006 Fretless PM A#1	
E-MU Systems	Classic Series Vol. 15 - Bass Collection	F00 Designed by S&M. -> B11 Fretless PM    X -> Sample	S007 Fretless PM B1	
E-MU Systems	Classic Series Vol. 15 - Bass Collection	F00 Designed by S&M. -> B11 Fretless PM    X -> Sample	S008 Fretless PM C1	
E-MU Systems	Classic Series Vol. 15 - Bass Collection	F00 Designed by S&M. -> B11 Fretless PM    X -> Sample	S009 Fretless PM C#1	
E-MU Systems	Classic Series Vol. 15 - Bass Collection	F00 Designed by S&M. -> B11 Fretless PM    X -> Sample	S010 Fretless PM D1	
E-MU Systems	Classic Series Vol. 15 - Bass Collection	F00 Designed by S&M. -> B11 Fretless PM    X -> Sample	S011 Fretless PM D#1	
E-MU Systems	Classic Series Vol. 15 - Bass Collection	F00 Designed by S&M. -> B11 Fretless PM    X -> Sample	S012 Fretless PM E2	
E-MU Systems	Classic Series Vol. 15 - Bass Collection	F00 Designed by S&M. -> B11 Fretless PM    X -> Sample	S013 Fretless PM F2	
E-MU Systems	Classic Series Vol. 15 - Bass Collection	F00 Designed by S&M. -> B11 Fretless PM    X -> Sample	S014 Fretless PM F#2	
E-MU Systems	Classic Series Vol. 15 - Bass Collection	F00 Designed by S&M. -> B11 Fretless PM    X -> Sample	S015 Fretless PM G2	
E-MU Systems	Classic Series Vol. 15 - Bass Collection	F00 Designed by S&M. -> B11 Fretless PM    X -> Sample	S016 Fretless PM G#2	
E-MU Systems	Classic Series Vol. 15 - Bass Collection	F00 Designed by S&M. -> B11 Fretless PM    X -> Sample	S017 Fretless PM A2	
E-MU Systems	Classic Series Vol. 15 - Bass Collection	F00 Designed by S&M. -> B11 Fretless PM    X -> Sample	S018 Fretless PM A#2	
E-MU Systems	Classic Series Vol. 15 - Bass Collection	F00 Designed by S&M. -> B11 Fretless PM    X -> Sample	S019 Fretless PM B2	
E-MU Systems	Classic Series Vol. 15 - Bass Collection	F00 Designed by S&M. -> B11 Fretless PM    X -> Sample	S020 Fretless PM C2	
E-MU Systems	Classic Series Vol. 15 - Bass Collection	F00 Designed by S&M. -> B11 Fretless PM    X -> Sample	S021 Fretless PM C#2	
E-MU Systems	Classic Series Vol. 15 - Bass Collection	F00 Designed by S&M. -> B11 Fretless PM    X -> Sample	S022 Fretless PM D2	
E-MU Systems	Classic Series Vol. 15 - Bass Collection	F00 Designed by S&M. -> B11 Fretless PM    X -> Sample	S023 Fretless PM D#2	
E-MU Systems	Classic Series Vol. 15 - Bass Collection	F00 Designed by S&M. -> B11 Fretless PM    X -> Sample	S024 Fretless PM E3	
E-MU Systems	Classic Series Vol. 15 - Bass Collection	F00 Designed by S&M. -> B11 Fretless PM    X -> Sample	S025 Fretless PM F3	
E-MU Systems	Classic Series Vol. 15 - Bass Collection	F00 Designed by S&M. -> B11 Fretless PM    X -> Sample	S026 Fretless PM F#3	
E-MU Systems	Classic Series Vol. 15 - Bass Collection	F00 Designed by S&M. -> B11 Fretless PM    X -> Sample	S027 Fretless PM G3	
E-MU Systems	Classic Series Vol. 15 - Bass Collection	F00 Designed by S&M. -> B11 Fretless PM    X -> Sample	S028 Fretless PM G#3	
E-MU Systems	Classic Series Vol. 15 - Bass Collection	F00 Designed by S&M. -> B11 Fretless PM    X -> Sample	S029 Fretless PM A3	
E-MU Systems	Classic Series Vol. 15 - Bass Collection	F00 Designed by S&M. -> B11 Fretless PM    X -> Sample	S030 Fretless PM A#3	
E-MU Systems	Classic Series Vol. 15 - Bass Collection	F00 Designed by S&M. -> B11 Fretless PM    X -> Sample	S031 Fretless PM B3	
E-MU Systems	Classic Series Vol. 15 - Bass Collection	F00 Designed by S&M. -> B11 Fretless PM    X -> Sample	S032 Fretless PM C3	
E-MU Systems	Classic Series Vol. 15 - Bass Collection	F00 Designed by S&M. -> B11 Fretless PM    X -> Sample	S033 Fretless PM C#3	
E-MU Systems	Classic Series Vol. 15 - Bass Collection	F00 Designed by S&M. -> B11 Fretless PM    X -> Sample	S034 Fretless PM D3	
E-MU Systems	Classic Series Vol. 15 - Bass Collection	F00 Designed by S&M. -> B11 Fretless PM    X -> Sample	S035 Fretless PM D#3	
E-MU Systems	Classic Series Vol. 15 - Bass Collection	F00 Designed by S&M. -> B11 Fretless PM    X -> Sample	S036 Fretless PM E4	
E-MU Systems	Classic Series Vol. 15 - Bass Collection	F00 Designed by S&M. -> B11 Fretless PM    X -> Sample	S037 Fretless PM F4	
E-MU Systems	Classic Series Vol. 15 - Bass Collection	F00 Designed by S&M. -> B11 Fretless PM    X -> Sample	S038 Fretless PM F#4	
E-MU Systems	Classic Series Vol. 15 - Bass Collection	F00 Designed by S&M. -> B11 Fretless PM    X -> Sample	S039 Fretless PM G4	
E-MU Systems	Classic Series Vol. 15 - Bass Collection	F00 Designed by S&M. -> B12 Fretless FF    X -> Preset	P000 FretlessFinger-F	
E-MU Systems	Classic Series Vol. 15 - Bass Collection	F00 Designed by S&M. -> B12 Fretless FF    X -> Preset	P001 FretlessFinger-F	
E-MU Systems	Classic Series Vol. 15 - Bass Collection	F00 Designed by S&M. -> B12 Fretless FF    X -> Preset	P002 Finger-F Vel	
E-MU Systems	Classic Series Vol. 15 - Bass Collection	F00 Designed by S&M. -> B12 Fretless FF    X -> Preset	P003 Finger-F Chorus	
E-MU Systems	Classic Series Vol. 15 - Bass Collection	F00 Designed by S&M. -> B12 Fretless FF    X -> Preset	P004 Finger-F Octve	
E-MU Systems	Classic Series Vol. 15 - Bass Collection	F00 Designed by S&M. -> B12 Fretless FF    X -> Preset	P005 Finger-F Octve2	
E-MU Systems	Classic Series Vol. 15 - Bass Collection	F00 Designed by S&M. -> B12 Fretless FF    X -> Preset	P006 Finger-F Soft	
E-MU Systems	Classic Series Vol. 15 - Bass Collection	F00 Designed by S&M. -> B12 Fretless FF    X -> Preset	P007 Finger-F Slow	
E-MU Systems	Classic Series Vol. 15 - Bass Collection	F00 Designed by S&M. -> B12 Fretless FF    X -> Preset	P008 Finger-F SlowChr	
E-MU Systems	Classic Series Vol. 15 - Bass Collection	F00 Designed by S&M. -> B12 Fretless FF    X -> Preset	P009 Finger-F Flange1	
E-MU Systems	Classic Series Vol. 15 - Bass Collection	F00 Designed by S&M. -> B12 Fretless FF    X -> Preset	P010 Finger-F Flange2	
E-MU Systems	Classic Series Vol. 15 - Bass Collection	F00 Designed by S&M. -> B12 Fretless FF    X -> Preset	P011 CODE:FingersFull	
E-MU Systems	Classic Series Vol. 15 - Bass Collection	F00 Designed by S&M. -> B12 Fretless FF    X -> Preset	P012 (206)232-6191	
E-MU Systems	Classic Series Vol. 15 - Bass Collection	F00 Designed by S&M. -> B12 Fretless FF    X -> Preset	P013 8.1M	
E-MU Systems	Classic Series Vol. 15 - Bass Collection	F00 Designed by S&M. -> B12 Fretless FF    X -> Preset	P014 DanDeanProds,Inc	
E-MU Systems	Classic Series Vol. 15 - Bass Collection	F00 Designed by S&M. -> B12 Fretless FF    X -> Sample	S000 Fretless FF E1	
E-MU Systems	Classic Series Vol. 15 - Bass Collection	F00 Designed by S&M. -> B12 Fretless FF    X -> Sample	S001 Fretless FF F1	
E-MU Systems	Classic Series Vol. 15 - Bass Collection	F00 Designed by S&M. -> B12 Fretless FF    X -> Sample	S002 Fretless FF F#1	
E-MU Systems	Classic Series Vol. 15 - Bass Collection	F00 Designed by S&M. -> B12 Fretless FF    X -> Sample	S003 Fretless FF G1	
E-MU Systems	Classic Series Vol. 15 - Bass Collection	F00 Designed by S&M. -> B12 Fretless FF    X -> Sample	S004 Fretless FF G#1	
E-MU Systems	Classic Series Vol. 15 - Bass Collection	F00 Designed by S&M. -> B12 Fretless FF    X -> Sample	S005 Fretless FF A1	
E-MU Systems	Classic Series Vol. 15 - Bass Collection	F00 Designed by S&M. -> B12 Fretless FF    X -> Sample	S006 Fretless FF A#1	
E-MU Systems	Classic Series Vol. 15 - Bass Collection	F00 Designed by S&M. -> B12 Fretless FF    X -> Sample	S007 Fretless FF B1	
E-MU Systems	Classic Series Vol. 15 - Bass Collection	F00 Designed by S&M. -> B12 Fretless FF    X -> Sample	S008 Fretless FF C1	
E-MU Systems	Classic Series Vol. 15 - Bass Collection	F00 Designed by S&M. -> B12 Fretless FF    X -> Sample	S009 Fretless FF C#1	
E-MU Systems	Classic Series Vol. 15 - Bass Collection	F00 Designed by S&M. -> B12 Fretless FF    X -> Sample	S010 Fretless FF D1	
E-MU Systems	Classic Series Vol. 15 - Bass Collection	F00 Designed by S&M. -> B12 Fretless FF    X -> Sample	S011 Fretless FF D#1	
E-MU Systems	Classic Series Vol. 15 - Bass Collection	F00 Designed by S&M. -> B12 Fretless FF    X -> Sample	S012 Fretless FF E2	
E-MU Systems	Classic Series Vol. 15 - Bass Collection	F00 Designed by S&M. -> B12 Fretless FF    X -> Sample	S013 Fretless FF F2	
E-MU Systems	Classic Series Vol. 15 - Bass Collection	F00 Designed by S&M. -> B12 Fretless FF    X -> Sample	S014 Fretless FF F#2	
E-MU Systems	Classic Series Vol. 15 - Bass Collection	F00 Designed by S&M. -> B12 Fretless FF    X -> Sample	S015 Fretless FF G2	
E-MU Systems	Classic Series Vol. 15 - Bass Collection	F00 Designed by S&M. -> B12 Fretless FF    X -> Sample	S016 Fretless FF G#2	
E-MU Systems	Classic Series Vol. 15 - Bass Collection	F00 Designed by S&M. -> B12 Fretless FF    X -> Sample	S017 Fretless FF A2	
E-MU Systems	Classic Series Vol. 15 - Bass Collection	F00 Designed by S&M. -> B12 Fretless FF    X -> Sample	S018 Fretless FF A#2	
E-MU Systems	Classic Series Vol. 15 - Bass Collection	F00 Designed by S&M. -> B12 Fretless FF    X -> Sample	S019 Fretless FF B2	
E-MU Systems	Classic Series Vol. 15 - Bass Collection	F00 Designed by S&M. -> B12 Fretless FF    X -> Sample	S020 Fretless FF C2	
E-MU Systems	Classic Series Vol. 15 - Bass Collection	F00 Designed by S&M. -> B12 Fretless FF    X -> Sample	S021 Fretless FF C#2	
E-MU Systems	Classic Series Vol. 15 - Bass Collection	F00 Designed by S&M. -> B12 Fretless FF    X -> Sample	S022 Fretless FF D2	
E-MU Systems	Classic Series Vol. 15 - Bass Collection	F00 Designed by S&M. -> B12 Fretless FF    X -> Sample	S023 Fretless FF D#2	
E-MU Systems	Classic Series Vol. 15 - Bass Collection	F00 Designed by S&M. -> B12 Fretless FF    X -> Sample	S024 Fretless FF E3	
E-MU Systems	Classic Series Vol. 15 - Bass Collection	F00 Designed by S&M. -> B12 Fretless FF    X -> Sample	S025 Fretless FF F3	
E-MU Systems	Classic Series Vol. 15 - Bass Collection	F00 Designed by S&M. -> B12 Fretless FF    X -> Sample	S026 Fretless FF F#3	
E-MU Systems	Classic Series Vol. 15 - Bass Collection	F00 Designed by S&M. -> B12 Fretless FF    X -> Sample	S027 Fretless FF G3	
E-MU Systems	Classic Series Vol. 15 - Bass Collection	F00 Designed by S&M. -> B12 Fretless FF    X -> Sample	S028 Fretless FF G#3	
E-MU Systems	Classic Series Vol. 15 - Bass Collection	F00 Designed by S&M. -> B12 Fretless FF    X -> Sample	S029 Fretless FF A3	
E-MU Systems	Classic Series Vol. 15 - Bass Collection	F00 Designed by S&M. -> B12 Fretless FF    X -> Sample	S030 Fretless FF A#3	
E-MU Systems	Classic Series Vol. 15 - Bass Collection	F00 Designed by S&M. -> B12 Fretless FF    X -> Sample	S031 Fretless FF B3	
E-MU Systems	Classic Series Vol. 15 - Bass Collection	F00 Designed by S&M. -> B12 Fretless FF    X -> Sample	S032 Fretless FF C3	
E-MU Systems	Classic Series Vol. 15 - Bass Collection	F00 Designed by S&M. -> B12 Fretless FF    X -> Sample	S033 Fretless FF C#3	
E-MU Systems	Classic Series Vol. 15 - Bass Collection	F00 Designed by S&M. -> B12 Fretless FF    X -> Sample	S034 Fretless FF D3	
E-MU Systems	Classic Series Vol. 15 - Bass Collection	F00 Designed by S&M. -> B12 Fretless FF    X -> Sample	S035 Fretless FF D#3	
E-MU Systems	Classic Series Vol. 15 - Bass Collection	F00 Designed by S&M. -> B12 Fretless FF    X -> Sample	S036 Fretless FF E4	
E-MU Systems	Classic Series Vol. 15 - Bass Collection	F00 Designed by S&M. -> B12 Fretless FF    X -> Sample	S037 Fretless FF F4	
E-MU Systems	Classic Series Vol. 15 - Bass Collection	F00 Designed by S&M. -> B12 Fretless FF    X -> Sample	S038 Fretless FF F#4	
E-MU Systems	Classic Series Vol. 15 - Bass Collection	F00 Designed by S&M. -> B12 Fretless FF    X -> Sample	S039 Fretless FF G4	
E-MU Systems	Classic Series Vol. 15 - Bass Collection	F00 Designed by S&M. -> B13 Fretless FH    X -> Preset	P000 FretlessFinger-H	
E-MU Systems	Classic Series Vol. 15 - Bass Collection	F00 Designed by S&M. -> B13 Fretless FH    X -> Preset	P001 FretlessFinger-H	
E-MU Systems	Classic Series Vol. 15 - Bass Collection	F00 Designed by S&M. -> B13 Fretless FH    X -> Preset	P002 Finger-H Vel	
E-MU Systems	Classic Series Vol. 15 - Bass Collection	F00 Designed by S&M. -> B13 Fretless FH    X -> Preset	P003 Finger-H Chorus	
E-MU Systems	Classic Series Vol. 15 - Bass Collection	F00 Designed by S&M. -> B13 Fretless FH    X -> Preset	P004 Finger-H Octve	
E-MU Systems	Classic Series Vol. 15 - Bass Collection	F00 Designed by S&M. -> B13 Fretless FH    X -> Preset	P005 Finger-H Octve2	
E-MU Systems	Classic Series Vol. 15 - Bass Collection	F00 Designed by S&M. -> B13 Fretless FH    X -> Preset	P006 Finger-H Soft	
E-MU Systems	Classic Series Vol. 15 - Bass Collection	F00 Designed by S&M. -> B13 Fretless FH    X -> Preset	P007 Finger-H Slow	
E-MU Systems	Classic Series Vol. 15 - Bass Collection	F00 Designed by S&M. -> B13 Fretless FH    X -> Preset	P008 Finger-H SlowChr	
E-MU Systems	Classic Series Vol. 15 - Bass Collection	F00 Designed by S&M. -> B13 Fretless FH    X -> Preset	P009 Finger-H Flange1	
E-MU Systems	Classic Series Vol. 15 - Bass Collection	F00 Designed by S&M. -> B13 Fretless FH    X -> Preset	P010 Finger-H Flange2	
E-MU Systems	Classic Series Vol. 15 - Bass Collection	F00 Designed by S&M. -> B13 Fretless FH    X -> Preset	P011 CODE:FingrHollow	
E-MU Systems	Classic Series Vol. 15 - Bass Collection	F00 Designed by S&M. -> B13 Fretless FH    X -> Preset	P012 (206)232-6191	
E-MU Systems	Classic Series Vol. 15 - Bass Collection	F00 Designed by S&M. -> B13 Fretless FH    X -> Preset	P013 8.3M	
E-MU Systems	Classic Series Vol. 15 - Bass Collection	F00 Designed by S&M. -> B13 Fretless FH    X -> Preset	P014 DanDeanProds,Inc	
E-MU Systems	Classic Series Vol. 15 - Bass Collection	F00 Designed by S&M. -> B13 Fretless FH    X -> Sample	S000 Fretless FH E1	
E-MU Systems	Classic Series Vol. 15 - Bass Collection	F00 Designed by S&M. -> B13 Fretless FH    X -> Sample	S001 Fretless FH F1	
E-MU Systems	Classic Series Vol. 15 - Bass Collection	F00 Designed by S&M. -> B13 Fretless FH    X -> Sample	S002 Fretless FH F#1	
E-MU Systems	Classic Series Vol. 15 - Bass Collection	F00 Designed by S&M. -> B13 Fretless FH    X -> Sample	S003 Fretless FH G1	
E-MU Systems	Classic Series Vol. 15 - Bass Collection	F00 Designed by S&M. -> B13 Fretless FH    X -> Sample	S004 Fretless FH G#1	
E-MU Systems	Classic Series Vol. 15 - Bass Collection	F00 Designed by S&M. -> B13 Fretless FH    X -> Sample	S005 Fretless FH A1	
E-MU Systems	Classic Series Vol. 15 - Bass Collection	F00 Designed by S&M. -> B13 Fretless FH    X -> Sample	S006 Fretless FH A#1	
E-MU Systems	Classic Series Vol. 15 - Bass Collection	F00 Designed by S&M. -> B13 Fretless FH    X -> Sample	S007 Fretless FH B1	
E-MU Systems	Classic Series Vol. 15 - Bass Collection	F00 Designed by S&M. -> B13 Fretless FH    X -> Sample	S008 Fretless FH C1	
E-MU Systems	Classic Series Vol. 15 - Bass Collection	F00 Designed by S&M. -> B13 Fretless FH    X -> Sample	S009 Fretless FH C#1	
E-MU Systems	Classic Series Vol. 15 - Bass Collection	F00 Designed by S&M. -> B13 Fretless FH    X -> Sample	S010 Fretless FH D1	
E-MU Systems	Classic Series Vol. 15 - Bass Collection	F00 Designed by S&M. -> B13 Fretless FH    X -> Sample	S011 Fretless FH D#1	
E-MU Systems	Classic Series Vol. 15 - Bass Collection	F00 Designed by S&M. -> B13 Fretless FH    X -> Sample	S012 Fretless FH E2	
E-MU Systems	Classic Series Vol. 15 - Bass Collection	F00 Designed by S&M. -> B13 Fretless FH    X -> Sample	S013 Fretless FH F2	
E-MU Systems	Classic Series Vol. 15 - Bass Collection	F00 Designed by S&M. -> B13 Fretless FH    X -> Sample	S014 Fretless FH F#2	
E-MU Systems	Classic Series Vol. 15 - Bass Collection	F00 Designed by S&M. -> B13 Fretless FH    X -> Sample	S015 Fretless FH G2	
E-MU Systems	Classic Series Vol. 15 - Bass Collection	F00 Designed by S&M. -> B13 Fretless FH    X -> Sample	S016 Fretless FH G#2	
E-MU Systems	Classic Series Vol. 15 - Bass Collection	F00 Designed by S&M. -> B13 Fretless FH    X -> Sample	S017 Fretless FH A2	
E-MU Systems	Classic Series Vol. 15 - Bass Collection	F00 Designed by S&M. -> B13 Fretless FH    X -> Sample	S018 Fretless FH A#2	
E-MU Systems	Classic Series Vol. 15 - Bass Collection	F00 Designed by S&M. -> B13 Fretless FH    X -> Sample	S019 Fretless FH B2	
E-MU Systems	Classic Series Vol. 15 - Bass Collection	F00 Designed by S&M. -> B13 Fretless FH    X -> Sample	S020 Fretless FH C2	
E-MU Systems	Classic Series Vol. 15 - Bass Collection	F00 Designed by S&M. -> B13 Fretless FH    X -> Sample	S021 Fretless FH C#2	
E-MU Systems	Classic Series Vol. 15 - Bass Collection	F00 Designed by S&M. -> B13 Fretless FH    X -> Sample	S022 Fretless FH D2	
E-MU Systems	Classic Series Vol. 15 - Bass Collection	F00 Designed by S&M. -> B13 Fretless FH    X -> Sample	S023 Fretless FH D#2	
E-MU Systems	Classic Series Vol. 15 - Bass Collection	F00 Designed by S&M. -> B13 Fretless FH    X -> Sample	S024 Fretless FH E3	
E-MU Systems	Classic Series Vol. 15 - Bass Collection	F00 Designed by S&M. -> B13 Fretless FH    X -> Sample	S025 Fretless FH F3	
E-MU Systems	Classic Series Vol. 15 - Bass Collection	F00 Designed by S&M. -> B13 Fretless FH    X -> Sample	S026 Fretless FH F#3	
E-MU Systems	Classic Series Vol. 15 - Bass Collection	F00 Designed by S&M. -> B13 Fretless FH    X -> Sample	S027 Fretless FH G3	
E-MU Systems	Classic Series Vol. 15 - Bass Collection	F00 Designed by S&M. -> B13 Fretless FH    X -> Sample	S028 Fretless FH G#3	
E-MU Systems	Classic Series Vol. 15 - Bass Collection	F00 Designed by S&M. -> B13 Fretless FH    X -> Sample	S029 Fretless FH A3	
E-MU Systems	Classic Series Vol. 15 - Bass Collection	F00 Designed by S&M. -> B13 Fretless FH    X -> Sample	S030 Fretless FH A#3	
E-MU Systems	Classic Series Vol. 15 - Bass Collection	F00 Designed by S&M. -> B13 Fretless FH    X -> Sample	S031 Fretless FH B3	
E-MU Systems	Classic Series Vol. 15 - Bass Collection	F00 Designed by S&M. -> B13 Fretless FH    X -> Sample	S032 Fretless FH C3	
E-MU Systems	Classic Series Vol. 15 - Bass Collection	F00 Designed by S&M. -> B13 Fretless FH    X -> Sample	S033 Fretless FH C#3	
E-MU Systems	Classic Series Vol. 15 - Bass Collection	F00 Designed by S&M. -> B13 Fretless FH    X -> Sample	S034 Fretless FH D3	
E-MU Systems	Classic Series Vol. 15 - Bass Collection	F00 Designed by S&M. -> B13 Fretless FH    X -> Sample	S035 Fretless FH D#3	
E-MU Systems	Classic Series Vol. 15 - Bass Collection	F00 Designed by S&M. -> B13 Fretless FH    X -> Sample	S036 Fretless FH E4	
E-MU Systems	Classic Series Vol. 15 - Bass Collection	F00 Designed by S&M. -> B13 Fretless FH    X -> Sample	S037 Fretless FH F4	
E-MU Systems	Classic Series Vol. 15 - Bass Collection	F00 Designed by S&M. -> B13 Fretless FH    X -> Sample	S038 Fretless FH F#4	
E-MU Systems	Classic Series Vol. 15 - Bass Collection	F00 Designed by S&M. -> B14 Fretless Pop   X -> Preset	P000 Fretless Pop	
E-MU Systems	Classic Series Vol. 15 - Bass Collection	F00 Designed by S&M. -> B14 Fretless Pop   X -> Preset	P001 Fretless Pop	
E-MU Systems	Classic Series Vol. 15 - Bass Collection	F00 Designed by S&M. -> B14 Fretless Pop   X -> Preset	P002 Pop Vel	
E-MU Systems	Classic Series Vol. 15 - Bass Collection	F00 Designed by S&M. -> B14 Fretless Pop   X -> Preset	P003 Pop Chorus	
E-MU Systems	Classic Series Vol. 15 - Bass Collection	F00 Designed by S&M. -> B14 Fretless Pop   X -> Preset	P004 Pop Octve	
E-MU Systems	Classic Series Vol. 15 - Bass Collection	F00 Designed by S&M. -> B14 Fretless Pop   X -> Preset	P005 Pop Octve2	
E-MU Systems	Classic Series Vol. 15 - Bass Collection	F00 Designed by S&M. -> B14 Fretless Pop   X -> Preset	P006 Pop Soft	
E-MU Systems	Classic Series Vol. 15 - Bass Collection	F00 Designed by S&M. -> B14 Fretless Pop   X -> Preset	P007 Pop Slow	
E-MU Systems	Classic Series Vol. 15 - Bass Collection	F00 Designed by S&M. -> B14 Fretless Pop   X -> Preset	P008 Pop SlowChr	
E-MU Systems	Classic Series Vol. 15 - Bass Collection	F00 Designed by S&M. -> B14 Fretless Pop   X -> Preset	P009 Pop Flange 1	
E-MU Systems	Classic Series Vol. 15 - Bass Collection	F00 Designed by S&M. -> B14 Fretless Pop   X -> Preset	P010 Pop Flange 2	
E-MU Systems	Classic Series Vol. 15 - Bass Collection	F00 Designed by S&M. -> B14 Fretless Pop   X -> Preset	P011 CODE:Fingers Pop	
E-MU Systems	Classic Series Vol. 15 - Bass Collection	F00 Designed by S&M. -> B14 Fretless Pop   X -> Preset	P012 (206)232-6191	
E-MU Systems	Classic Series Vol. 15 - Bass Collection	F00 Designed by S&M. -> B14 Fretless Pop   X -> Preset	P013 9.8M	
E-MU Systems	Classic Series Vol. 15 - Bass Collection	F00 Designed by S&M. -> B14 Fretless Pop   X -> Preset	P014 DanDeanProds,Inc	
E-MU Systems	Classic Series Vol. 15 - Bass Collection	F00 Designed by S&M. -> B14 Fretless Pop   X -> Sample	S000 Fretless Pop E1	
E-MU Systems	Classic Series Vol. 15 - Bass Collection	F00 Designed by S&M. -> B14 Fretless Pop   X -> Sample	S001 Fretless Pop F1	
E-MU Systems	Classic Series Vol. 15 - Bass Collection	F00 Designed by S&M. -> B14 Fretless Pop   X -> Sample	S002 Fretless Pop F#1	
E-MU Systems	Classic Series Vol. 15 - Bass Collection	F00 Designed by S&M. -> B14 Fretless Pop   X -> Sample	S003 Fretless Pop G1	
E-MU Systems	Classic Series Vol. 15 - Bass Collection	F00 Designed by S&M. -> B14 Fretless Pop   X -> Sample	S004 Fretless Pop G#1	
E-MU Systems	Classic Series Vol. 15 - Bass Collection	F00 Designed by S&M. -> B14 Fretless Pop   X -> Sample	S005 Fretless Pop A1	
E-MU Systems	Classic Series Vol. 15 - Bass Collection	F00 Designed by S&M. -> B14 Fretless Pop   X -> Sample	S006 Fretless Pop A#1	
E-MU Systems	Classic Series Vol. 15 - Bass Collection	F00 Designed by S&M. -> B14 Fretless Pop   X -> Sample	S007 Fretless Pop B1	
E-MU Systems	Classic Series Vol. 15 - Bass Collection	F00 Designed by S&M. -> B14 Fretless Pop   X -> Sample	S008 Fretless Pop C1	
E-MU Systems	Classic Series Vol. 15 - Bass Collection	F00 Designed by S&M. -> B14 Fretless Pop   X -> Sample	S009 Fretless Pop C#1	
E-MU Systems	Classic Series Vol. 15 - Bass Collection	F00 Designed by S&M. -> B14 Fretless Pop   X -> Sample	S010 Fretless Pop D1	
E-MU Systems	Classic Series Vol. 15 - Bass Collection	F00 Designed by S&M. -> B14 Fretless Pop   X -> Sample	S011 Fretless Pop D#1	
E-MU Systems	Classic Series Vol. 15 - Bass Collection	F00 Designed by S&M. -> B14 Fretless Pop   X -> Sample	S012 Fretless Pop E2	
E-MU Systems	Classic Series Vol. 15 - Bass Collection	F00 Designed by S&M. -> B14 Fretless Pop   X -> Sample	S013 Fretless Pop F2	
E-MU Systems	Classic Series Vol. 15 - Bass Collection	F00 Designed by S&M. -> B14 Fretless Pop   X -> Sample	S014 Fretless Pop F#2	
E-MU Systems	Classic Series Vol. 15 - Bass Collection	F00 Designed by S&M. -> B14 Fretless Pop   X -> Sample	S015 Fretless Pop G2	
E-MU Systems	Classic Series Vol. 15 - Bass Collection	F00 Designed by S&M. -> B14 Fretless Pop   X -> Sample	S016 Fretless Pop G#2	
E-MU Systems	Classic Series Vol. 15 - Bass Collection	F00 Designed by S&M. -> B14 Fretless Pop   X -> Sample	S017 Fretless Pop A2	
E-MU Systems	Classic Series Vol. 15 - Bass Collection	F00 Designed by S&M. -> B14 Fretless Pop   X -> Sample	S018 Fretless Pop A#2	
E-MU Systems	Classic Series Vol. 15 - Bass Collection	F00 Designed by S&M. -> B14 Fretless Pop   X -> Sample	S019 Fretless Pop B2	
E-MU Systems	Classic Series Vol. 15 - Bass Collection	F00 Designed by S&M. -> B14 Fretless Pop   X -> Sample	S020 Fretless Pop C2	
E-MU Systems	Classic Series Vol. 15 - Bass Collection	F00 Designed by S&M. -> B14 Fretless Pop   X -> Sample	S021 Fretless Pop C#2	
E-MU Systems	Classic Series Vol. 15 - Bass Collection	F00 Designed by S&M. -> B14 Fretless Pop   X -> Sample	S022 Fretless Pop D2	
E-MU Systems	Classic Series Vol. 15 - Bass Collection	F00 Designed by S&M. -> B14 Fretless Pop   X -> Sample	S023 Fretless Pop D#2	
E-MU Systems	Classic Series Vol. 15 - Bass Collection	F00 Designed by S&M. -> B14 Fretless Pop   X -> Sample	S024 Fretless Pop E3	
E-MU Systems	Classic Series Vol. 15 - Bass Collection	F00 Designed by S&M. -> B14 Fretless Pop   X -> Sample	S025 Fretless Pop F3	
E-MU Systems	Classic Series Vol. 15 - Bass Collection	F00 Designed by S&M. -> B14 Fretless Pop   X -> Sample	S026 Fretless Pop F#3	
E-MU Systems	Classic Series Vol. 15 - Bass Collection	F00 Designed by S&M. -> B14 Fretless Pop   X -> Sample	S027 Fretless Pop G3	
E-MU Systems	Classic Series Vol. 15 - Bass Collection	F00 Designed by S&M. -> B14 Fretless Pop   X -> Sample	S028 Fretless Pop G#3	
E-MU Systems	Classic Series Vol. 15 - Bass Collection	F00 Designed by S&M. -> B14 Fretless Pop   X -> Sample	S029 Fretless Pop A3	
E-MU Systems	Classic Series Vol. 15 - Bass Collection	F00 Designed by S&M. -> B14 Fretless Pop   X -> Sample	S030 Fretless Pop A#3	
E-MU Systems	Classic Series Vol. 15 - Bass Collection	F00 Designed by S&M. -> B14 Fretless Pop   X -> Sample	S031 Fretless Pop B3	
E-MU Systems	Classic Series Vol. 15 - Bass Collection	F00 Designed by S&M. -> B14 Fretless Pop   X -> Sample	S032 Fretless Pop C3	
E-MU Systems	Classic Series Vol. 15 - Bass Collection	F00 Designed by S&M. -> B14 Fretless Pop   X -> Sample	S033 Fretless Pop C#3	
E-MU Systems	Classic Series Vol. 15 - Bass Collection	F00 Designed by S&M. -> B14 Fretless Pop   X -> Sample	S034 Fretless Pop D3	
E-MU Systems	Classic Series Vol. 15 - Bass Collection	F00 Designed by S&M. -> B14 Fretless Pop   X -> Sample	S035 Fretless Pop D#3	
E-MU Systems	Classic Series Vol. 15 - Bass Collection	F00 Designed by S&M. -> B14 Fretless Pop   X -> Sample	S036 Fretless Pop E4	
E-MU Systems	Classic Series Vol. 15 - Bass Collection	F00 Designed by S&M. -> B14 Fretless Pop   X -> Sample	S037 Fretless Pop F4	
E-MU Systems	Classic Series Vol. 15 - Bass Collection	F00 Designed by S&M. -> B14 Fretless Pop   X -> Sample	S038 Fretless Pop F#4	
E-MU Systems	Classic Series Vol. 15 - Bass Collection	F00 Designed by S&M. -> B15 Fretless Slap  X -> Preset	P000 Fretless Slap	
E-MU Systems	Classic Series Vol. 15 - Bass Collection	F00 Designed by S&M. -> B15 Fretless Slap  X -> Preset	P001 Fretless Slap	
E-MU Systems	Classic Series Vol. 15 - Bass Collection	F00 Designed by S&M. -> B15 Fretless Slap  X -> Preset	P002 Slap Vel	
E-MU Systems	Classic Series Vol. 15 - Bass Collection	F00 Designed by S&M. -> B15 Fretless Slap  X -> Preset	P003 Slap Chorus	
E-MU Systems	Classic Series Vol. 15 - Bass Collection	F00 Designed by S&M. -> B15 Fretless Slap  X -> Preset	P004 Slap Octve	
E-MU Systems	Classic Series Vol. 15 - Bass Collection	F00 Designed by S&M. -> B15 Fretless Slap  X -> Preset	P005 Slap Octve2	
E-MU Systems	Classic Series Vol. 15 - Bass Collection	F00 Designed by S&M. -> B15 Fretless Slap  X -> Preset	P006 Slap Soft	
E-MU Systems	Classic Series Vol. 15 - Bass Collection	F00 Designed by S&M. -> B15 Fretless Slap  X -> Preset	P007 Slap Slow	
E-MU Systems	Classic Series Vol. 15 - Bass Collection	F00 Designed by S&M. -> B15 Fretless Slap  X -> Preset	P008 Slap SlowChr	
E-MU Systems	Classic Series Vol. 15 - Bass Collection	F00 Designed by S&M. -> B15 Fretless Slap  X -> Preset	P009 Slap Flange 1	
E-MU Systems	Classic Series Vol. 15 - Bass Collection	F00 Designed by S&M. -> B15 Fretless Slap  X -> Preset	P010 Slap Flange 2	
E-MU Systems	Classic Series Vol. 15 - Bass Collection	F00 Designed by S&M. -> B15 Fretless Slap  X -> Preset	P011 CODE:Thumb Slap	
E-MU Systems	Classic Series Vol. 15 - Bass Collection	F00 Designed by S&M. -> B15 Fretless Slap  X -> Preset	P012 (206)232-6191	
E-MU Systems	Classic Series Vol. 15 - Bass Collection	F00 Designed by S&M. -> B15 Fretless Slap  X -> Preset	P013 9.2M	
E-MU Systems	Classic Series Vol. 15 - Bass Collection	F00 Designed by S&M. -> B15 Fretless Slap  X -> Preset	P014 DanDeanProds,Inc	
E-MU Systems	Classic Series Vol. 15 - Bass Collection	F00 Designed by S&M. -> B15 Fretless Slap  X -> Sample	S000 FretlessSlap E1	
E-MU Systems	Classic Series Vol. 15 - Bass Collection	F00 Designed by S&M. -> B15 Fretless Slap  X -> Sample	S001 FretlessSlap F1	
E-MU Systems	Classic Series Vol. 15 - Bass Collection	F00 Designed by S&M. -> B15 Fretless Slap  X -> Sample	S002 FretlessSlap F#1	
E-MU Systems	Classic Series Vol. 15 - Bass Collection	F00 Designed by S&M. -> B15 Fretless Slap  X -> Sample	S003 FretlessSlap G1	
E-MU Systems	Classic Series Vol. 15 - Bass Collection	F00 Designed by S&M. -> B15 Fretless Slap  X -> Sample	S004 FretlessSlap G#1	
E-MU Systems	Classic Series Vol. 15 - Bass Collection	F00 Designed by S&M. -> B15 Fretless Slap  X -> Sample	S005 FretlessSlap A1	
E-MU Systems	Classic Series Vol. 15 - Bass Collection	F00 Designed by S&M. -> B15 Fretless Slap  X -> Sample	S006 FretlessSlap A#1	
E-MU Systems	Classic Series Vol. 15 - Bass Collection	F00 Designed by S&M. -> B15 Fretless Slap  X -> Sample	S007 FretlessSlap B1	
E-MU Systems	Classic Series Vol. 15 - Bass Collection	F00 Designed by S&M. -> B15 Fretless Slap  X -> Sample	S008 FretlessSlap C1	
E-MU Systems	Classic Series Vol. 15 - Bass Collection	F00 Designed by S&M. -> B15 Fretless Slap  X -> Sample	S009 FretlessSlap C#1	
E-MU Systems	Classic Series Vol. 15 - Bass Collection	F00 Designed by S&M. -> B15 Fretless Slap  X -> Sample	S010 FretlessSlap D1	
E-MU Systems	Classic Series Vol. 15 - Bass Collection	F00 Designed by S&M. -> B15 Fretless Slap  X -> Sample	S011 FretlessSlap D#1	
E-MU Systems	Classic Series Vol. 15 - Bass Collection	F00 Designed by S&M. -> B15 Fretless Slap  X -> Sample	S012 FretlessSlap E2	
E-MU Systems	Classic Series Vol. 15 - Bass Collection	F00 Designed by S&M. -> B15 Fretless Slap  X -> Sample	S013 FretlessSlap F2	
E-MU Systems	Classic Series Vol. 15 - Bass Collection	F00 Designed by S&M. -> B15 Fretless Slap  X -> Sample	S014 FretlessSlap F#2	
E-MU Systems	Classic Series Vol. 15 - Bass Collection	F00 Designed by S&M. -> B15 Fretless Slap  X -> Sample	S015 FretlessSlap G2	
E-MU Systems	Classic Series Vol. 15 - Bass Collection	F00 Designed by S&M. -> B15 Fretless Slap  X -> Sample	S016 FretlessSlap G#2	
E-MU Systems	Classic Series Vol. 15 - Bass Collection	F00 Designed by S&M. -> B15 Fretless Slap  X -> Sample	S017 FretlessSlap A2	
E-MU Systems	Classic Series Vol. 15 - Bass Collection	F00 Designed by S&M. -> B15 Fretless Slap  X -> Sample	S018 FretlessSlap A#2	
E-MU Systems	Classic Series Vol. 15 - Bass Collection	F00 Designed by S&M. -> B15 Fretless Slap  X -> Sample	S019 FretlessSlap B2	
E-MU Systems	Classic Series Vol. 15 - Bass Collection	F00 Designed by S&M. -> B15 Fretless Slap  X -> Sample	S020 FretlessSlap C2	
E-MU Systems	Classic Series Vol. 15 - Bass Collection	F00 Designed by S&M. -> B15 Fretless Slap  X -> Sample	S021 FretlessSlap C#2	
E-MU Systems	Classic Series Vol. 15 - Bass Collection	F00 Designed by S&M. -> B15 Fretless Slap  X -> Sample	S022 FretlessSlap D2	
E-MU Systems	Classic Series Vol. 15 - Bass Collection	F00 Designed by S&M. -> B15 Fretless Slap  X -> Sample	S023 FretlessSlap D#2	
E-MU Systems	Classic Series Vol. 15 - Bass Collection	F00 Designed by S&M. -> B15 Fretless Slap  X -> Sample	S024 FretlessSlap E3	
E-MU Systems	Classic Series Vol. 15 - Bass Collection	F00 Designed by S&M. -> B15 Fretless Slap  X -> Sample	S025 FretlessSlap F3	
E-MU Systems	Classic Series Vol. 15 - Bass Collection	F00 Designed by S&M. -> B15 Fretless Slap  X -> Sample	S026 FretlessSlap F#3	
E-MU Systems	Classic Series Vol. 15 - Bass Collection	F00 Designed by S&M. -> B15 Fretless Slap  X -> Sample	S027 FretlessSlap G3	
E-MU Systems	Classic Series Vol. 15 - Bass Collection	F00 Designed by S&M. -> B15 Fretless Slap  X -> Sample	S028 FretlessSlap G#3	
E-MU Systems	Classic Series Vol. 15 - Bass Collection	F00 Designed by S&M. -> B15 Fretless Slap  X -> Sample	S029 FretlessSlap A3	
E-MU Systems	Classic Series Vol. 15 - Bass Collection	F00 Designed by S&M. -> B15 Fretless Slap  X -> Sample	S030 FretlessSlap A#3	
E-MU Systems	Classic Series Vol. 15 - Bass Collection	F00 Designed by S&M. -> B15 Fretless Slap  X -> Sample	S031 FretlessSlap B3	
E-MU Systems	Classic Series Vol. 15 - Bass Collection	F00 Designed by S&M. -> B15 Fretless Slap  X -> Sample	S032 FretlessSlap C3	
E-MU Systems	Classic Series Vol. 15 - Bass Collection	F00 Designed by S&M. -> B15 Fretless Slap  X -> Sample	S033 FretlessSlap C#3	
E-MU Systems	Classic Series Vol. 15 - Bass Collection	F00 Designed by S&M. -> B15 Fretless Slap  X -> Sample	S034 FretlessSlap D3	
E-MU Systems	Classic Series Vol. 15 - Bass Collection	F00 Designed by S&M. -> B15 Fretless Slap  X -> Sample	S035 FretlessSlap D#3	
E-MU Systems	Classic Series Vol. 15 - Bass Collection	F00 Designed by S&M. -> B15 Fretless Slap  X -> Sample	S036 FretlessSlap E4	
E-MU Systems	Classic Series Vol. 15 - Bass Collection	F00 Designed by S&M. -> B15 Fretless Slap  X -> Sample	S037 FretlessSlap F4	
E-MU Systems	Classic Series Vol. 15 - Bass Collection	F00 Designed by S&M. -> B15 Fretless Slap  X -> Sample	S038 FretlessSlap F#4	
E-MU Systems	Classic Series Vol. 15 - Bass Collection	F00 Designed by S&M. -> B16 FrtlessPop&SlapX -> Preset	P000 Frtless Pop&Slap	
E-MU Systems	Classic Series Vol. 15 - Bass Collection	F00 Designed by S&M. -> B16 FrtlessPop&SlapX -> Preset	P001 Frtless Pop&Slap	
E-MU Systems	Classic Series Vol. 15 - Bass Collection	F00 Designed by S&M. -> B16 FrtlessPop&SlapX -> Preset	P002 Slap Vel	
E-MU Systems	Classic Series Vol. 15 - Bass Collection	F00 Designed by S&M. -> B16 FrtlessPop&SlapX -> Preset	P003 Slap Chorus	
E-MU Systems	Classic Series Vol. 15 - Bass Collection	F00 Designed by S&M. -> B16 FrtlessPop&SlapX -> Preset	P004 Slap Octve	
E-MU Systems	Classic Series Vol. 15 - Bass Collection	F00 Designed by S&M. -> B16 FrtlessPop&SlapX -> Preset	P005 Slap Octve2	
E-MU Systems	Classic Series Vol. 15 - Bass Collection	F00 Designed by S&M. -> B16 FrtlessPop&SlapX -> Preset	P006 Slap Soft	
E-MU Systems	Classic Series Vol. 15 - Bass Collection	F00 Designed by S&M. -> B16 FrtlessPop&SlapX -> Preset	P007 Slap Slow	
E-MU Systems	Classic Series Vol. 15 - Bass Collection	F00 Designed by S&M. -> B16 FrtlessPop&SlapX -> Preset	P008 Slap SlowChr	
E-MU Systems	Classic Series Vol. 15 - Bass Collection	F00 Designed by S&M. -> B16 FrtlessPop&SlapX -> Preset	P009 Slap Flange 1	
E-MU Systems	Classic Series Vol. 15 - Bass Collection	F00 Designed by S&M. -> B16 FrtlessPop&SlapX -> Preset	P010 Slap Flange 2	
E-MU Systems	Classic Series Vol. 15 - Bass Collection	F00 Designed by S&M. -> B16 FrtlessPop&SlapX -> Preset	P011 Fretless Pop	
E-MU Systems	Classic Series Vol. 15 - Bass Collection	F00 Designed by S&M. -> B16 FrtlessPop&SlapX -> Preset	P012 Pop Vel	
E-MU Systems	Classic Series Vol. 15 - Bass Collection	F00 Designed by S&M. -> B16 FrtlessPop&SlapX -> Preset	P013 Pop Chorus	
E-MU Systems	Classic Series Vol. 15 - Bass Collection	F00 Designed by S&M. -> B16 FrtlessPop&SlapX -> Preset	P014 Pop Octve	
E-MU Systems	Classic Series Vol. 15 - Bass Collection	F00 Designed by S&M. -> B16 FrtlessPop&SlapX -> Preset	P015 Pop Octve2	
E-MU Systems	Classic Series Vol. 15 - Bass Collection	F00 Designed by S&M. -> B16 FrtlessPop&SlapX -> Preset	P016 Pop Soft	
E-MU Systems	Classic Series Vol. 15 - Bass Collection	F00 Designed by S&M. -> B16 FrtlessPop&SlapX -> Preset	P017 Pop Slow	
E-MU Systems	Classic Series Vol. 15 - Bass Collection	F00 Designed by S&M. -> B16 FrtlessPop&SlapX -> Preset	P018 Pop SlowChr	
E-MU Systems	Classic Series Vol. 15 - Bass Collection	F00 Designed by S&M. -> B16 FrtlessPop&SlapX -> Preset	P019 Pop Flange 1	
E-MU Systems	Classic Series Vol. 15 - Bass Collection	F00 Designed by S&M. -> B16 FrtlessPop&SlapX -> Preset	P020 Pop Flange 2	
E-MU Systems	Classic Series Vol. 15 - Bass Collection	F00 Designed by S&M. -> B16 FrtlessPop&SlapX -> Preset	P021 Pop&Slap Chrs	
E-MU Systems	Classic Series Vol. 15 - Bass Collection	F00 Designed by S&M. -> B16 FrtlessPop&SlapX -> Preset	P022 Pop&Slap Soft	
E-MU Systems	Classic Series Vol. 15 - Bass Collection	F00 Designed by S&M. -> B16 FrtlessPop&SlapX -> Preset	P023 (206)232-6191	
E-MU Systems	Classic Series Vol. 15 - Bass Collection	F00 Designed by S&M. -> B16 FrtlessPop&SlapX -> Preset	P024 15.8M	
E-MU Systems	Classic Series Vol. 15 - Bass Collection	F00 Designed by S&M. -> B16 FrtlessPop&SlapX -> Preset	P025 DanDeanProds,Inc	
E-MU Systems	Classic Series Vol. 15 - Bass Collection	F00 Designed by S&M. -> B16 FrtlessPop&SlapX -> Sample	S000 FretlessSlap E1	
E-MU Systems	Classic Series Vol. 15 - Bass Collection	F00 Designed by S&M. -> B16 FrtlessPop&SlapX -> Sample	S001 FretlessSlap F1	
E-MU Systems	Classic Series Vol. 15 - Bass Collection	F00 Designed by S&M. -> B16 FrtlessPop&SlapX -> Sample	S002 FretlessSlap F#1	
E-MU Systems	Classic Series Vol. 15 - Bass Collection	F00 Designed by S&M. -> B16 FrtlessPop&SlapX -> Sample	S003 FretlessSlap G1	
E-MU Systems	Classic Series Vol. 15 - Bass Collection	F00 Designed by S&M. -> B16 FrtlessPop&SlapX -> Sample	S004 FretlessSlap G#1	
E-MU Systems	Classic Series Vol. 15 - Bass Collection	F00 Designed by S&M. -> B16 FrtlessPop&SlapX -> Sample	S005 FretlessSlap A1	
E-MU Systems	Classic Series Vol. 15 - Bass Collection	F00 Designed by S&M. -> B16 FrtlessPop&SlapX -> Sample	S006 FretlessSlap A#1	
E-MU Systems	Classic Series Vol. 15 - Bass Collection	F00 Designed by S&M. -> B16 FrtlessPop&SlapX -> Sample	S007 FretlessSlap B1	
E-MU Systems	Classic Series Vol. 15 - Bass Collection	F00 Designed by S&M. -> B16 FrtlessPop&SlapX -> Sample	S008 FretlessSlap C1	
E-MU Systems	Classic Series Vol. 15 - Bass Collection	F00 Designed by S&M. -> B16 FrtlessPop&SlapX -> Sample	S009 FretlessSlap C#1	
E-MU Systems	Classic Series Vol. 15 - Bass Collection	F00 Designed by S&M. -> B16 FrtlessPop&SlapX -> Sample	S010 FretlessSlap D1	
E-MU Systems	Classic Series Vol. 15 - Bass Collection	F00 Designed by S&M. -> B16 FrtlessPop&SlapX -> Sample	S011 FretlessSlap D#1	
E-MU Systems	Classic Series Vol. 15 - Bass Collection	F00 Designed by S&M. -> B16 FrtlessPop&SlapX -> Sample	S012 FretlessSlap E2	
E-MU Systems	Classic Series Vol. 15 - Bass Collection	F00 Designed by S&M. -> B16 FrtlessPop&SlapX -> Sample	S013 FretlessSlap F2	
E-MU Systems	Classic Series Vol. 15 - Bass Collection	F00 Designed by S&M. -> B16 FrtlessPop&SlapX -> Sample	S014 FretlessSlap F#2	
E-MU Systems	Classic Series Vol. 15 - Bass Collection	F00 Designed by S&M. -> B16 FrtlessPop&SlapX -> Sample	S015 FretlessSlap G2	
E-MU Systems	Classic Series Vol. 15 - Bass Collection	F00 Designed by S&M. -> B16 FrtlessPop&SlapX -> Sample	S016 FretlessSlap G#2	
E-MU Systems	Classic Series Vol. 15 - Bass Collection	F00 Designed by S&M. -> B16 FrtlessPop&SlapX -> Sample	S017 FretlessSlap A2	
E-MU Systems	Classic Series Vol. 15 - Bass Collection	F00 Designed by S&M. -> B16 FrtlessPop&SlapX -> Sample	S018 FretlessSlap A#2	
E-MU Systems	Classic Series Vol. 15 - Bass Collection	F00 Designed by S&M. -> B16 FrtlessPop&SlapX -> Sample	S019 FretlessSlap B2	
E-MU Systems	Classic Series Vol. 15 - Bass Collection	F00 Designed by S&M. -> B16 FrtlessPop&SlapX -> Sample	S020 FretlessSlap C2	
E-MU Systems	Classic Series Vol. 15 - Bass Collection	F00 Designed by S&M. -> B16 FrtlessPop&SlapX -> Sample	S021 FretlessSlap C#2	
E-MU Systems	Classic Series Vol. 15 - Bass Collection	F00 Designed by S&M. -> B16 FrtlessPop&SlapX -> Sample	S022 FretlessSlap D2	
E-MU Systems	Classic Series Vol. 15 - Bass Collection	F00 Designed by S&M. -> B16 FrtlessPop&SlapX -> Sample	S023 FretlessSlap D#2	
E-MU Systems	Classic Series Vol. 15 - Bass Collection	F00 Designed by S&M. -> B16 FrtlessPop&SlapX -> Sample	S024 FretlessSlap E3	
E-MU Systems	Classic Series Vol. 15 - Bass Collection	F00 Designed by S&M. -> B16 FrtlessPop&SlapX -> Sample	S025 FretlessSlap F3	
E-MU Systems	Classic Series Vol. 15 - Bass Collection	F00 Designed by S&M. -> B16 FrtlessPop&SlapX -> Sample	S026 FretlessSlap F#3	
E-MU Systems	Classic Series Vol. 15 - Bass Collection	F00 Designed by S&M. -> B16 FrtlessPop&SlapX -> Sample	S027 FretlessSlap G3	
E-MU Systems	Classic Series Vol. 15 - Bass Collection	F00 Designed by S&M. -> B16 FrtlessPop&SlapX -> Sample	S028 FretlessSlap G#3	
E-MU Systems	Classic Series Vol. 15 - Bass Collection	F00 Designed by S&M. -> B16 FrtlessPop&SlapX -> Sample	S029 FretlessSlap A3	
E-MU Systems	Classic Series Vol. 15 - Bass Collection	F00 Designed by S&M. -> B16 FrtlessPop&SlapX -> Sample	S030 FretlessSlap A#3	
E-MU Systems	Classic Series Vol. 15 - Bass Collection	F00 Designed by S&M. -> B16 FrtlessPop&SlapX -> Sample	S031 FretlessSlap B3	
E-MU Systems	Classic Series Vol. 15 - Bass Collection	F00 Designed by S&M. -> B16 FrtlessPop&SlapX -> Sample	S032 FretlessSlap C3	
E-MU Systems	Classic Series Vol. 15 - Bass Collection	F00 Designed by S&M. -> B16 FrtlessPop&SlapX -> Sample	S033 FretlessSlap C#3	
E-MU Systems	Classic Series Vol. 15 - Bass Collection	F00 Designed by S&M. -> B16 FrtlessPop&SlapX -> Sample	S034 FretlessSlap D3	
E-MU Systems	Classic Series Vol. 15 - Bass Collection	F00 Designed by S&M. -> B16 FrtlessPop&SlapX -> Sample	S035 FretlessSlap D#3	
E-MU Systems	Classic Series Vol. 15 - Bass Collection	F00 Designed by S&M. -> B16 FrtlessPop&SlapX -> Sample	S036 FretlessSlap E4	
E-MU Systems	Classic Series Vol. 15 - Bass Collection	F00 Designed by S&M. -> B16 FrtlessPop&SlapX -> Sample	S037 FretlessSlap F4	
E-MU Systems	Classic Series Vol. 15 - Bass Collection	F00 Designed by S&M. -> B16 FrtlessPop&SlapX -> Sample	S038 FretlessSlap F#4	
E-MU Systems	Classic Series Vol. 15 - Bass Collection	F00 Designed by S&M. -> B16 FrtlessPop&SlapX -> Sample	S039 Fretless Pop E1	
E-MU Systems	Classic Series Vol. 15 - Bass Collection	F00 Designed by S&M. -> B16 FrtlessPop&SlapX -> Sample	S040 Fretless Pop F1	
E-MU Systems	Classic Series Vol. 15 - Bass Collection	F00 Designed by S&M. -> B16 FrtlessPop&SlapX -> Sample	S041 Fretless Pop F#1	
E-MU Systems	Classic Series Vol. 15 - Bass Collection	F00 Designed by S&M. -> B16 FrtlessPop&SlapX -> Sample	S042 Fretless Pop G1	
E-MU Systems	Classic Series Vol. 15 - Bass Collection	F00 Designed by S&M. -> B16 FrtlessPop&SlapX -> Sample	S043 Fretless Pop G#1	
E-MU Systems	Classic Series Vol. 15 - Bass Collection	F00 Designed by S&M. -> B16 FrtlessPop&SlapX -> Sample	S044 Fretless Pop A1	
E-MU Systems	Classic Series Vol. 15 - Bass Collection	F00 Designed by S&M. -> B16 FrtlessPop&SlapX -> Sample	S045 Fretless Pop A#1	
E-MU Systems	Classic Series Vol. 15 - Bass Collection	F00 Designed by S&M. -> B16 FrtlessPop&SlapX -> Sample	S046 Fretless Pop B1	
E-MU Systems	Classic Series Vol. 15 - Bass Collection	F00 Designed by S&M. -> B16 FrtlessPop&SlapX -> Sample	S047 Fretless Pop C1	
E-MU Systems	Classic Series Vol. 15 - Bass Collection	F00 Designed by S&M. -> B16 FrtlessPop&SlapX -> Sample	S048 Fretless Pop C#1	
E-MU Systems	Classic Series Vol. 15 - Bass Collection	F00 Designed by S&M. -> B16 FrtlessPop&SlapX -> Sample	S049 Fretless Pop D1	
E-MU Systems	Classic Series Vol. 15 - Bass Collection	F00 Designed by S&M. -> B16 FrtlessPop&SlapX -> Sample	S050 Fretless Pop D#1	
E-MU Systems	Classic Series Vol. 15 - Bass Collection	F00 Designed by S&M. -> B16 FrtlessPop&SlapX -> Sample	S051 Fretless Pop E2	
E-MU Systems	Classic Series Vol. 15 - Bass Collection	F00 Designed by S&M. -> B16 FrtlessPop&SlapX -> Sample	S052 Fretless Pop F2	
E-MU Systems	Classic Series Vol. 15 - Bass Collection	F00 Designed by S&M. -> B16 FrtlessPop&SlapX -> Sample	S053 Fretless Pop F#2	
E-MU Systems	Classic Series Vol. 15 - Bass Collection	F00 Designed by S&M. -> B16 FrtlessPop&SlapX -> Sample	S054 Fretless Pop G2	
E-MU Systems	Classic Series Vol. 15 - Bass Collection	F00 Designed by S&M. -> B16 FrtlessPop&SlapX -> Sample	S055 Fretless Pop G#2	
E-MU Systems	Classic Series Vol. 15 - Bass Collection	F00 Designed by S&M. -> B16 FrtlessPop&SlapX -> Sample	S056 Fretless Pop A2	
E-MU Systems	Classic Series Vol. 15 - Bass Collection	F00 Designed by S&M. -> B16 FrtlessPop&SlapX -> Sample	S057 Fretless Pop A#2	
E-MU Systems	Classic Series Vol. 15 - Bass Collection	F00 Designed by S&M. -> B16 FrtlessPop&SlapX -> Sample	S058 Fretless Pop B2	
E-MU Systems	Classic Series Vol. 15 - Bass Collection	F00 Designed by S&M. -> B16 FrtlessPop&SlapX -> Sample	S059 Fretless Pop C2	
E-MU Systems	Classic Series Vol. 15 - Bass Collection	F00 Designed by S&M. -> B16 FrtlessPop&SlapX -> Sample	S060 Fretless Pop C#2	
E-MU Systems	Classic Series Vol. 15 - Bass Collection	F00 Designed by S&M. -> B16 FrtlessPop&SlapX -> Sample	S061 Fretless Pop D2	
E-MU Systems	Classic Series Vol. 15 - Bass Collection	F00 Designed by S&M. -> B16 FrtlessPop&SlapX -> Sample	S062 Fretless Pop D#2	
E-MU Systems	Classic Series Vol. 15 - Bass Collection	F00 Designed by S&M. -> B16 FrtlessPop&SlapX -> Sample	S063 Fretless Pop E3	
E-MU Systems	Classic Series Vol. 15 - Bass Collection	F00 Designed by S&M. -> B16 FrtlessPop&SlapX -> Sample	S064 Fretless Pop F3	
E-MU Systems	Classic Series Vol. 15 - Bass Collection	F00 Designed by S&M. -> B16 FrtlessPop&SlapX -> Sample	S065 Fretless Pop F#3	
E-MU Systems	Classic Series Vol. 15 - Bass Collection	F00 Designed by S&M. -> B16 FrtlessPop&SlapX -> Sample	S066 Fretless Pop G3	
E-MU Systems	Classic Series Vol. 15 - Bass Collection	F00 Designed by S&M. -> B16 FrtlessPop&SlapX -> Sample	S067 Fretless Pop G#3	
E-MU Systems	Classic Series Vol. 15 - Bass Collection	F00 Designed by S&M. -> B16 FrtlessPop&SlapX -> Sample	S068 Fretless Pop A3	
E-MU Systems	Classic Series Vol. 15 - Bass Collection	F00 Designed by S&M. -> B16 FrtlessPop&SlapX -> Sample	S069 Fretless Pop A#3	
E-MU Systems	Classic Series Vol. 15 - Bass Collection	F00 Designed by S&M. -> B16 FrtlessPop&SlapX -> Sample	S070 Fretless Pop B3	
E-MU Systems	Classic Series Vol. 15 - Bass Collection	F00 Designed by S&M. -> B16 FrtlessPop&SlapX -> Sample	S071 Fretless Pop C3	
E-MU Systems	Classic Series Vol. 15 - Bass Collection	F00 Designed by S&M. -> B16 FrtlessPop&SlapX -> Sample	S072 Fretless Pop C#3	
E-MU Systems	Classic Series Vol. 15 - Bass Collection	F00 Designed by S&M. -> B16 FrtlessPop&SlapX -> Sample	S073 Fretless Pop D3	
E-MU Systems	Classic Series Vol. 15 - Bass Collection	F00 Designed by S&M. -> B16 FrtlessPop&SlapX -> Sample	S074 Fretless Pop D#3	
E-MU Systems	Classic Series Vol. 15 - Bass Collection	F00 Designed by S&M. -> B16 FrtlessPop&SlapX -> Sample	S075 Fretless Pop E4	
E-MU Systems	Classic Series Vol. 15 - Bass Collection	F00 Designed by S&M. -> B16 FrtlessPop&SlapX -> Sample	S076 Fretless Pop F4	
E-MU Systems	Classic Series Vol. 15 - Bass Collection	F00 Designed by S&M. -> B16 FrtlessPop&SlapX -> Sample	S077 Fretless Pop F#4	
E-MU Systems	Classic Series Vol. 15 - Bass Collection	F00 Designed by S&M. -> B17 Pilot/5 PF     X -> Preset	P000 Pilot/5 Pick-F	
E-MU Systems	Classic Series Vol. 15 - Bass Collection	F00 Designed by S&M. -> B17 Pilot/5 PF     X -> Preset	P001 Pilot/5 Pick-F	
E-MU Systems	Classic Series Vol. 15 - Bass Collection	F00 Designed by S&M. -> B17 Pilot/5 PF     X -> Preset	P002 Pick-F Vel	
E-MU Systems	Classic Series Vol. 15 - Bass Collection	F00 Designed by S&M. -> B17 Pilot/5 PF     X -> Preset	P003 Pick-F Chorus	
E-MU Systems	Classic Series Vol. 15 - Bass Collection	F00 Designed by S&M. -> B17 Pilot/5 PF     X -> Preset	P004 Pick-F Octve	
E-MU Systems	Classic Series Vol. 15 - Bass Collection	F00 Designed by S&M. -> B17 Pilot/5 PF     X -> Preset	P005 Pick-F Octve 2	
E-MU Systems	Classic Series Vol. 15 - Bass Collection	F00 Designed by S&M. -> B17 Pilot/5 PF     X -> Preset	P006 Pick-F Soft	
E-MU Systems	Classic Series Vol. 15 - Bass Collection	F00 Designed by S&M. -> B17 Pilot/5 PF     X -> Preset	P007 Pick-F Slow	
E-MU Systems	Classic Series Vol. 15 - Bass Collection	F00 Designed by S&M. -> B17 Pilot/5 PF     X -> Preset	P008 Pick-F SlowChrs	
E-MU Systems	Classic Series Vol. 15 - Bass Collection	F00 Designed by S&M. -> B17 Pilot/5 PF     X -> Preset	P009 Pick-F Flange 1	
E-MU Systems	Classic Series Vol. 15 - Bass Collection	F00 Designed by S&M. -> B17 Pilot/5 PF     X -> Preset	P010 Pick-F Flange 2	
E-MU Systems	Classic Series Vol. 15 - Bass Collection	F00 Designed by S&M. -> B17 Pilot/5 PF     X -> Preset	P011 Pilot/5OctvShift	
E-MU Systems	Classic Series Vol. 15 - Bass Collection	F00 Designed by S&M. -> B17 Pilot/5 PF     X -> Preset	P012 CODE:Pick Full	
E-MU Systems	Classic Series Vol. 15 - Bass Collection	F00 Designed by S&M. -> B17 Pilot/5 PF     X -> Preset	P013 (206)232-6191	
E-MU Systems	Classic Series Vol. 15 - Bass Collection	F00 Designed by S&M. -> B17 Pilot/5 PF     X -> Preset	P014 9.7M	
E-MU Systems	Classic Series Vol. 15 - Bass Collection	F00 Designed by S&M. -> B17 Pilot/5 PF     X -> Preset	P015 DanDeanProds,Inc	
E-MU Systems	Classic Series Vol. 15 - Bass Collection	F00 Designed by S&M. -> B17 Pilot/5 PF     X -> Sample	S000 Pilot/5 PF B0	
E-MU Systems	Classic Series Vol. 15 - Bass Collection	F00 Designed by S&M. -> B17 Pilot/5 PF     X -> Sample	S001 Pilot/5 PF C0	
E-MU Systems	Classic Series Vol. 15 - Bass Collection	F00 Designed by S&M. -> B17 Pilot/5 PF     X -> Sample	S002 Pilot/5 PF C#0	
E-MU Systems	Classic Series Vol. 15 - Bass Collection	F00 Designed by S&M. -> B17 Pilot/5 PF     X -> Sample	S003 Pilot/5 PF D0	
E-MU Systems	Classic Series Vol. 15 - Bass Collection	F00 Designed by S&M. -> B17 Pilot/5 PF     X -> Sample	S004 Pilot/5 PF D#0	
E-MU Systems	Classic Series Vol. 15 - Bass Collection	F00 Designed by S&M. -> B17 Pilot/5 PF     X -> Sample	S005 Pilot/5 PF E1	
E-MU Systems	Classic Series Vol. 15 - Bass Collection	F00 Designed by S&M. -> B17 Pilot/5 PF     X -> Sample	S006 Pilot/5 PF F1	
E-MU Systems	Classic Series Vol. 15 - Bass Collection	F00 Designed by S&M. -> B17 Pilot/5 PF     X -> Sample	S007 Pilot/5 PF F#1	
E-MU Systems	Classic Series Vol. 15 - Bass Collection	F00 Designed by S&M. -> B17 Pilot/5 PF     X -> Sample	S008 Pilot/5 PF G1	
E-MU Systems	Classic Series Vol. 15 - Bass Collection	F00 Designed by S&M. -> B17 Pilot/5 PF     X -> Sample	S009 Pilot/5 PF G#1	
E-MU Systems	Classic Series Vol. 15 - Bass Collection	F00 Designed by S&M. -> B17 Pilot/5 PF     X -> Sample	S010 Pilot/5 PF A1	
E-MU Systems	Classic Series Vol. 15 - Bass Collection	F00 Designed by S&M. -> B17 Pilot/5 PF     X -> Sample	S011 Pilot/5 PF A#1	
E-MU Systems	Classic Series Vol. 15 - Bass Collection	F00 Designed by S&M. -> B17 Pilot/5 PF     X -> Sample	S012 Pilot/5 PF B1	
E-MU Systems	Classic Series Vol. 15 - Bass Collection	F00 Designed by S&M. -> B17 Pilot/5 PF     X -> Sample	S013 Pilot/5 PF C1	
E-MU Systems	Classic Series Vol. 15 - Bass Collection	F00 Designed by S&M. -> B17 Pilot/5 PF     X -> Sample	S014 Pilot/5 PF C#1	
E-MU Systems	Classic Series Vol. 15 - Bass Collection	F00 Designed by S&M. -> B17 Pilot/5 PF     X -> Sample	S015 Pilot/5 PF D1	
E-MU Systems	Classic Series Vol. 15 - Bass Collection	F00 Designed by S&M. -> B17 Pilot/5 PF     X -> Sample	S016 Pilot/5 PF D#1	
E-MU Systems	Classic Series Vol. 15 - Bass Collection	F00 Designed by S&M. -> B17 Pilot/5 PF     X -> Sample	S017 Pilot/5 PF E2	
E-MU Systems	Classic Series Vol. 15 - Bass Collection	F00 Designed by S&M. -> B17 Pilot/5 PF     X -> Sample	S018 Pilot/5 PF F2	
E-MU Systems	Classic Series Vol. 15 - Bass Collection	F00 Designed by S&M. -> B17 Pilot/5 PF     X -> Sample	S019 Pilot/5 PF F#2	
E-MU Systems	Classic Series Vol. 15 - Bass Collection	F00 Designed by S&M. -> B17 Pilot/5 PF     X -> Sample	S020 Pilot/5 PF G2	
E-MU Systems	Classic Series Vol. 15 - Bass Collection	F00 Designed by S&M. -> B17 Pilot/5 PF     X -> Sample	S021 Pilot/5 PF G#2	
E-MU Systems	Classic Series Vol. 15 - Bass Collection	F00 Designed by S&M. -> B17 Pilot/5 PF     X -> Sample	S022 Pilot/5 PF A2	
E-MU Systems	Classic Series Vol. 15 - Bass Collection	F00 Designed by S&M. -> B17 Pilot/5 PF     X -> Sample	S023 Pilot/5 PF A#2	
E-MU Systems	Classic Series Vol. 15 - Bass Collection	F00 Designed by S&M. -> B17 Pilot/5 PF     X -> Sample	S024 Pilot/5 PF B2	
E-MU Systems	Classic Series Vol. 15 - Bass Collection	F00 Designed by S&M. -> B17 Pilot/5 PF     X -> Sample	S025 Pilot/5 PF C2	
E-MU Systems	Classic Series Vol. 15 - Bass Collection	F00 Designed by S&M. -> B17 Pilot/5 PF     X -> Sample	S026 Pilot/5 PF C#2	
E-MU Systems	Classic Series Vol. 15 - Bass Collection	F00 Designed by S&M. -> B17 Pilot/5 PF     X -> Sample	S027 Pilot/5 PF D2	
E-MU Systems	Classic Series Vol. 15 - Bass Collection	F00 Designed by S&M. -> B17 Pilot/5 PF     X -> Sample	S028 Pilot/5 PF D#2	
E-MU Systems	Classic Series Vol. 15 - Bass Collection	F00 Designed by S&M. -> B17 Pilot/5 PF     X -> Sample	S029 Pilot/5 PF E3	
E-MU Systems	Classic Series Vol. 15 - Bass Collection	F00 Designed by S&M. -> B17 Pilot/5 PF     X -> Sample	S030 Pilot/5 PF F3	
E-MU Systems	Classic Series Vol. 15 - Bass Collection	F00 Designed by S&M. -> B17 Pilot/5 PF     X -> Sample	S031 Pilot/5 PF F#3	
E-MU Systems	Classic Series Vol. 15 - Bass Collection	F00 Designed by S&M. -> B17 Pilot/5 PF     X -> Sample	S032 Pilot/5 PF G3	
E-MU Systems	Classic Series Vol. 15 - Bass Collection	F00 Designed by S&M. -> B17 Pilot/5 PF     X -> Sample	S033 Pilot/5 PF G#3	
E-MU Systems	Classic Series Vol. 15 - Bass Collection	F00 Designed by S&M. -> B17 Pilot/5 PF     X -> Sample	S034 Pilot/5 PF A3	
E-MU Systems	Classic Series Vol. 15 - Bass Collection	F00 Designed by S&M. -> B17 Pilot/5 PF     X -> Sample	S035 Pilot/5 PF A#3	
E-MU Systems	Classic Series Vol. 15 - Bass Collection	F00 Designed by S&M. -> B17 Pilot/5 PF     X -> Sample	S036 Pilot/5 PF B3	
E-MU Systems	Classic Series Vol. 15 - Bass Collection	F00 Designed by S&M. -> B17 Pilot/5 PF     X -> Sample	S037 Pilot/5 PF C3	
E-MU Systems	Classic Series Vol. 15 - Bass Collection	F00 Designed by S&M. -> B17 Pilot/5 PF     X -> Sample	S038 Pilot/5 PF C#3	
E-MU Systems	Classic Series Vol. 15 - Bass Collection	F00 Designed by S&M. -> B17 Pilot/5 PF     X -> Sample	S039 Pilot/5 PF D3	
E-MU Systems	Classic Series Vol. 15 - Bass Collection	F00 Designed by S&M. -> B17 Pilot/5 PF     X -> Sample	S040 Pilot/5 PF D#3	
E-MU Systems	Classic Series Vol. 15 - Bass Collection	F00 Designed by S&M. -> B17 Pilot/5 PF     X -> Sample	S041 Pilot/5 PF E4	
E-MU Systems	Classic Series Vol. 15 - Bass Collection	F00 Designed by S&M. -> B17 Pilot/5 PF     X -> Sample	S042 Pilot/5 PF F4	
E-MU Systems	Classic Series Vol. 15 - Bass Collection	F00 Designed by S&M. -> B18 Pilot/5 PH     X -> Preset	P000 Pilot/5 Pick-H	
E-MU Systems	Classic Series Vol. 15 - Bass Collection	F00 Designed by S&M. -> B18 Pilot/5 PH     X -> Preset	P001 Pilot/5 Pick-H	
E-MU Systems	Classic Series Vol. 15 - Bass Collection	F00 Designed by S&M. -> B18 Pilot/5 PH     X -> Preset	P002 Pick-H Vel	
E-MU Systems	Classic Series Vol. 15 - Bass Collection	F00 Designed by S&M. -> B18 Pilot/5 PH     X -> Preset	P003 Pick-H Chorus	
E-MU Systems	Classic Series Vol. 15 - Bass Collection	F00 Designed by S&M. -> B18 Pilot/5 PH     X -> Preset	P004 Pick-H Octve	
E-MU Systems	Classic Series Vol. 15 - Bass Collection	F00 Designed by S&M. -> B18 Pilot/5 PH     X -> Preset	P005 Pick-H Octve 2	
E-MU Systems	Classic Series Vol. 15 - Bass Collection	F00 Designed by S&M. -> B18 Pilot/5 PH     X -> Preset	P006 Pick-H Soft	
E-MU Systems	Classic Series Vol. 15 - Bass Collection	F00 Designed by S&M. -> B18 Pilot/5 PH     X -> Preset	P007 Pick-H Slow	
E-MU Systems	Classic Series Vol. 15 - Bass Collection	F00 Designed by S&M. -> B18 Pilot/5 PH     X -> Preset	P008 Pick-H SlowChrs	
E-MU Systems	Classic Series Vol. 15 - Bass Collection	F00 Designed by S&M. -> B18 Pilot/5 PH     X -> Preset	P009 Pick-H Flange 1	
E-MU Systems	Classic Series Vol. 15 - Bass Collection	F00 Designed by S&M. -> B18 Pilot/5 PH     X -> Preset	P010 Pick-H Flange 2	
E-MU Systems	Classic Series Vol. 15 - Bass Collection	F00 Designed by S&M. -> B18 Pilot/5 PH     X -> Preset	P011 Pilot/5OcvtShift	
E-MU Systems	Classic Series Vol. 15 - Bass Collection	F00 Designed by S&M. -> B18 Pilot/5 PH     X -> Preset	P012 CODE:Pick Hollow	
E-MU Systems	Classic Series Vol. 15 - Bass Collection	F00 Designed by S&M. -> B18 Pilot/5 PH     X -> Preset	P013 (206)232-6191	
E-MU Systems	Classic Series Vol. 15 - Bass Collection	F00 Designed by S&M. -> B18 Pilot/5 PH     X -> Preset	P014 10.9M	
E-MU Systems	Classic Series Vol. 15 - Bass Collection	F00 Designed by S&M. -> B18 Pilot/5 PH     X -> Preset	P015 DanDeanProds,Inc	
E-MU Systems	Classic Series Vol. 15 - Bass Collection	F00 Designed by S&M. -> B18 Pilot/5 PH     X -> Sample	S000 Pilot/5 PH B0	
E-MU Systems	Classic Series Vol. 15 - Bass Collection	F00 Designed by S&M. -> B18 Pilot/5 PH     X -> Sample	S001 Pilot/5 PH C0	
E-MU Systems	Classic Series Vol. 15 - Bass Collection	F00 Designed by S&M. -> B18 Pilot/5 PH     X -> Sample	S002 Pilot/5 PH C#0	
E-MU Systems	Classic Series Vol. 15 - Bass Collection	F00 Designed by S&M. -> B18 Pilot/5 PH     X -> Sample	S003 Pilot/5 PH D0	
E-MU Systems	Classic Series Vol. 15 - Bass Collection	F00 Designed by S&M. -> B18 Pilot/5 PH     X -> Sample	S004 Pilot/5 PH D#0	
E-MU Systems	Classic Series Vol. 15 - Bass Collection	F00 Designed by S&M. -> B18 Pilot/5 PH     X -> Sample	S005 Pilot/5 PH E1	
E-MU Systems	Classic Series Vol. 15 - Bass Collection	F00 Designed by S&M. -> B18 Pilot/5 PH     X -> Sample	S006 Pilot/5 PH F1	
E-MU Systems	Classic Series Vol. 15 - Bass Collection	F00 Designed by S&M. -> B18 Pilot/5 PH     X -> Sample	S007 Pilot/5 PH F#1	
E-MU Systems	Classic Series Vol. 15 - Bass Collection	F00 Designed by S&M. -> B18 Pilot/5 PH     X -> Sample	S008 Pilot/5 PH G1	
E-MU Systems	Classic Series Vol. 15 - Bass Collection	F00 Designed by S&M. -> B18 Pilot/5 PH     X -> Sample	S009 Pilot/5 PH G#1	
E-MU Systems	Classic Series Vol. 15 - Bass Collection	F00 Designed by S&M. -> B18 Pilot/5 PH     X -> Sample	S010 Pilot/5 PH A1	
E-MU Systems	Classic Series Vol. 15 - Bass Collection	F00 Designed by S&M. -> B18 Pilot/5 PH     X -> Sample	S011 Pilot/5 PH A#1	
E-MU Systems	Classic Series Vol. 15 - Bass Collection	F00 Designed by S&M. -> B18 Pilot/5 PH     X -> Sample	S012 Pilot/5 PH B1	
E-MU Systems	Classic Series Vol. 15 - Bass Collection	F00 Designed by S&M. -> B18 Pilot/5 PH     X -> Sample	S013 Pilot/5 PH C1	
E-MU Systems	Classic Series Vol. 15 - Bass Collection	F00 Designed by S&M. -> B18 Pilot/5 PH     X -> Sample	S014 Pilot/5 PH C#1	
E-MU Systems	Classic Series Vol. 15 - Bass Collection	F00 Designed by S&M. -> B18 Pilot/5 PH     X -> Sample	S015 Pilot/5 PH D1	
E-MU Systems	Classic Series Vol. 15 - Bass Collection	F00 Designed by S&M. -> B18 Pilot/5 PH     X -> Sample	S016 Pilot/5 PH D#1	
E-MU Systems	Classic Series Vol. 15 - Bass Collection	F00 Designed by S&M. -> B18 Pilot/5 PH     X -> Sample	S017 Pilot/5 PH E2	
E-MU Systems	Classic Series Vol. 15 - Bass Collection	F00 Designed by S&M. -> B18 Pilot/5 PH     X -> Sample	S018 Pilot/5 PH F2	
E-MU Systems	Classic Series Vol. 15 - Bass Collection	F00 Designed by S&M. -> B18 Pilot/5 PH     X -> Sample	S019 Pilot/5 PH F#2	
E-MU Systems	Classic Series Vol. 15 - Bass Collection	F00 Designed by S&M. -> B18 Pilot/5 PH     X -> Sample	S020 Pilot/5 PH G2	
E-MU Systems	Classic Series Vol. 15 - Bass Collection	F00 Designed by S&M. -> B18 Pilot/5 PH     X -> Sample	S021 Pilot/5 PH G#2	
E-MU Systems	Classic Series Vol. 15 - Bass Collection	F00 Designed by S&M. -> B18 Pilot/5 PH     X -> Sample	S022 Pilot/5 PH A2	
E-MU Systems	Classic Series Vol. 15 - Bass Collection	F00 Designed by S&M. -> B18 Pilot/5 PH     X -> Sample	S023 Pilot/5 PH A#2	
E-MU Systems	Classic Series Vol. 15 - Bass Collection	F00 Designed by S&M. -> B18 Pilot/5 PH     X -> Sample	S024 Pilot/5 PH B2	
E-MU Systems	Classic Series Vol. 15 - Bass Collection	F00 Designed by S&M. -> B18 Pilot/5 PH     X -> Sample	S025 Pilot/5 PH C2	
E-MU Systems	Classic Series Vol. 15 - Bass Collection	F00 Designed by S&M. -> B18 Pilot/5 PH     X -> Sample	S026 Pilot/5 PH C#2	
E-MU Systems	Classic Series Vol. 15 - Bass Collection	F00 Designed by S&M. -> B18 Pilot/5 PH     X -> Sample	S027 Pilot/5 PH D2	
E-MU Systems	Classic Series Vol. 15 - Bass Collection	F00 Designed by S&M. -> B18 Pilot/5 PH     X -> Sample	S028 Pilot/5 PH D#2	
E-MU Systems	Classic Series Vol. 15 - Bass Collection	F00 Designed by S&M. -> B18 Pilot/5 PH     X -> Sample	S029 Pilot/5 PH E3	
E-MU Systems	Classic Series Vol. 15 - Bass Collection	F00 Designed by S&M. -> B18 Pilot/5 PH     X -> Sample	S030 Pilot/5 PH F3	
E-MU Systems	Classic Series Vol. 15 - Bass Collection	F00 Designed by S&M. -> B18 Pilot/5 PH     X -> Sample	S031 Pilot/5 PH F#3	
E-MU Systems	Classic Series Vol. 15 - Bass Collection	F00 Designed by S&M. -> B18 Pilot/5 PH     X -> Sample	S032 Pilot/5 PH G3	
E-MU Systems	Classic Series Vol. 15 - Bass Collection	F00 Designed by S&M. -> B18 Pilot/5 PH     X -> Sample	S033 Pilot/5 PH G#3	
E-MU Systems	Classic Series Vol. 15 - Bass Collection	F00 Designed by S&M. -> B18 Pilot/5 PH     X -> Sample	S034 Pilot/5 PH A3	
E-MU Systems	Classic Series Vol. 15 - Bass Collection	F00 Designed by S&M. -> B18 Pilot/5 PH     X -> Sample	S035 Pilot/5 PH A#3	
E-MU Systems	Classic Series Vol. 15 - Bass Collection	F00 Designed by S&M. -> B18 Pilot/5 PH     X -> Sample	S036 Pilot/5 PH B3	
E-MU Systems	Classic Series Vol. 15 - Bass Collection	F00 Designed by S&M. -> B18 Pilot/5 PH     X -> Sample	S037 Pilot/5 PH C3	
E-MU Systems	Classic Series Vol. 15 - Bass Collection	F00 Designed by S&M. -> B18 Pilot/5 PH     X -> Sample	S038 Pilot/5 PH C#3	
E-MU Systems	Classic Series Vol. 15 - Bass Collection	F00 Designed by S&M. -> B18 Pilot/5 PH     X -> Sample	S039 Pilot/5 PH D3	
E-MU Systems	Classic Series Vol. 15 - Bass Collection	F00 Designed by S&M. -> B18 Pilot/5 PH     X -> Sample	S040 Pilot/5 PH D#3	
E-MU Systems	Classic Series Vol. 15 - Bass Collection	F00 Designed by S&M. -> B18 Pilot/5 PH     X -> Sample	S041 Pilot/5 PH E4	
E-MU Systems	Classic Series Vol. 15 - Bass Collection	F00 Designed by S&M. -> B18 Pilot/5 PH     X -> Sample	S042 Pilot/5 PH F4	
E-MU Systems	Classic Series Vol. 15 - Bass Collection	F00 Designed by S&M. -> B19 Pilot/5 PM     X -> Preset	P000 Pilot/5 Pick-M	
E-MU Systems	Classic Series Vol. 15 - Bass Collection	F00 Designed by S&M. -> B19 Pilot/5 PM     X -> Preset	P001 Pilot/5 Pick-M	
E-MU Systems	Classic Series Vol. 15 - Bass Collection	F00 Designed by S&M. -> B19 Pilot/5 PM     X -> Preset	P002 Pick-M Vel	
E-MU Systems	Classic Series Vol. 15 - Bass Collection	F00 Designed by S&M. -> B19 Pilot/5 PM     X -> Preset	P003 Pick-M Chorus	
E-MU Systems	Classic Series Vol. 15 - Bass Collection	F00 Designed by S&M. -> B19 Pilot/5 PM     X -> Preset	P004 Pick-M Octve	
E-MU Systems	Classic Series Vol. 15 - Bass Collection	F00 Designed by S&M. -> B19 Pilot/5 PM     X -> Preset	P005 Pick-M Octve 2	
E-MU Systems	Classic Series Vol. 15 - Bass Collection	F00 Designed by S&M. -> B19 Pilot/5 PM     X -> Preset	P006 Pick-M Soft	
E-MU Systems	Classic Series Vol. 15 - Bass Collection	F00 Designed by S&M. -> B19 Pilot/5 PM     X -> Preset	P007 Pick-M Slow	
E-MU Systems	Classic Series Vol. 15 - Bass Collection	F00 Designed by S&M. -> B19 Pilot/5 PM     X -> Preset	P008 Pick-M SlowChrs	
E-MU Systems	Classic Series Vol. 15 - Bass Collection	F00 Designed by S&M. -> B19 Pilot/5 PM     X -> Preset	P009 Pick-M Flange 1	
E-MU Systems	Classic Series Vol. 15 - Bass Collection	F00 Designed by S&M. -> B19 Pilot/5 PM     X -> Preset	P010 Pick-M Flange 2	
E-MU Systems	Classic Series Vol. 15 - Bass Collection	F00 Designed by S&M. -> B19 Pilot/5 PM     X -> Preset	P011 Pilot/5OctvShift	
E-MU Systems	Classic Series Vol. 15 - Bass Collection	F00 Designed by S&M. -> B19 Pilot/5 PM     X -> Preset	P012 CODE:Pick-Mute	
E-MU Systems	Classic Series Vol. 15 - Bass Collection	F00 Designed by S&M. -> B19 Pilot/5 PM     X -> Preset	P013 (206)232-6191	
E-MU Systems	Classic Series Vol. 15 - Bass Collection	F00 Designed by S&M. -> B19 Pilot/5 PM     X -> Preset	P014 7.0M	
E-MU Systems	Classic Series Vol. 15 - Bass Collection	F00 Designed by S&M. -> B19 Pilot/5 PM     X -> Preset	P015 DanDeanProds,Inc	
E-MU Systems	Classic Series Vol. 15 - Bass Collection	F00 Designed by S&M. -> B19 Pilot/5 PM     X -> Sample	S000 Pilot/5 PM B0	
E-MU Systems	Classic Series Vol. 15 - Bass Collection	F00 Designed by S&M. -> B19 Pilot/5 PM     X -> Sample	S001 Pilot/5 PM C0	
E-MU Systems	Classic Series Vol. 15 - Bass Collection	F00 Designed by S&M. -> B19 Pilot/5 PM     X -> Sample	S002 Pilot/5 PM C#0	
E-MU Systems	Classic Series Vol. 15 - Bass Collection	F00 Designed by S&M. -> B19 Pilot/5 PM     X -> Sample	S003 Pilot/5 PM D0	
E-MU Systems	Classic Series Vol. 15 - Bass Collection	F00 Designed by S&M. -> B19 Pilot/5 PM     X -> Sample	S004 Pilot/5 PM D#0	
E-MU Systems	Classic Series Vol. 15 - Bass Collection	F00 Designed by S&M. -> B19 Pilot/5 PM     X -> Sample	S005 Pilot/5 PM E1	
E-MU Systems	Classic Series Vol. 15 - Bass Collection	F00 Designed by S&M. -> B19 Pilot/5 PM     X -> Sample	S006 Pilot/5 PM F1	
E-MU Systems	Classic Series Vol. 15 - Bass Collection	F00 Designed by S&M. -> B19 Pilot/5 PM     X -> Sample	S007 Pilot/5 PM F#1	
E-MU Systems	Classic Series Vol. 15 - Bass Collection	F00 Designed by S&M. -> B19 Pilot/5 PM     X -> Sample	S008 Pilot/5 PM G1	
E-MU Systems	Classic Series Vol. 15 - Bass Collection	F00 Designed by S&M. -> B19 Pilot/5 PM     X -> Sample	S009 Pilot/5 PM G#1	
E-MU Systems	Classic Series Vol. 15 - Bass Collection	F00 Designed by S&M. -> B19 Pilot/5 PM     X -> Sample	S010 Pilot/5 PM A1	
E-MU Systems	Classic Series Vol. 15 - Bass Collection	F00 Designed by S&M. -> B19 Pilot/5 PM     X -> Sample	S011 Pilot/5 PM A#1	
E-MU Systems	Classic Series Vol. 15 - Bass Collection	F00 Designed by S&M. -> B19 Pilot/5 PM     X -> Sample	S012 Pilot/5 PM B1	
E-MU Systems	Classic Series Vol. 15 - Bass Collection	F00 Designed by S&M. -> B19 Pilot/5 PM     X -> Sample	S013 Pilot/5 PM C1	
E-MU Systems	Classic Series Vol. 15 - Bass Collection	F00 Designed by S&M. -> B19 Pilot/5 PM     X -> Sample	S014 Pilot/5 PM C#1	
E-MU Systems	Classic Series Vol. 15 - Bass Collection	F00 Designed by S&M. -> B19 Pilot/5 PM     X -> Sample	S015 Pilot/5 PM D1	
E-MU Systems	Classic Series Vol. 15 - Bass Collection	F00 Designed by S&M. -> B19 Pilot/5 PM     X -> Sample	S016 Pilot/5 PM D#1	
E-MU Systems	Classic Series Vol. 15 - Bass Collection	F00 Designed by S&M. -> B19 Pilot/5 PM     X -> Sample	S017 Pilot/5 PM E2	
E-MU Systems	Classic Series Vol. 15 - Bass Collection	F00 Designed by S&M. -> B19 Pilot/5 PM     X -> Sample	S018 Pilot/5 PM F2	
E-MU Systems	Classic Series Vol. 15 - Bass Collection	F00 Designed by S&M. -> B19 Pilot/5 PM     X -> Sample	S019 Pilot/5 PM F#2	
E-MU Systems	Classic Series Vol. 15 - Bass Collection	F00 Designed by S&M. -> B19 Pilot/5 PM     X -> Sample	S020 Pilot/5 PM G2	
E-MU Systems	Classic Series Vol. 15 - Bass Collection	F00 Designed by S&M. -> B19 Pilot/5 PM     X -> Sample	S021 Pilot/5 PM G#2	
E-MU Systems	Classic Series Vol. 15 - Bass Collection	F00 Designed by S&M. -> B19 Pilot/5 PM     X -> Sample	S022 Pilot/5 PM A2	
E-MU Systems	Classic Series Vol. 15 - Bass Collection	F00 Designed by S&M. -> B19 Pilot/5 PM     X -> Sample	S023 Pilot/5 PM A#2	
E-MU Systems	Classic Series Vol. 15 - Bass Collection	F00 Designed by S&M. -> B19 Pilot/5 PM     X -> Sample	S024 Pilot/5 PM B2	
E-MU Systems	Classic Series Vol. 15 - Bass Collection	F00 Designed by S&M. -> B19 Pilot/5 PM     X -> Sample	S025 Pilot/5 PM C2	
E-MU Systems	Classic Series Vol. 15 - Bass Collection	F00 Designed by S&M. -> B19 Pilot/5 PM     X -> Sample	S026 Pilot/5 PM C#2	
E-MU Systems	Classic Series Vol. 15 - Bass Collection	F00 Designed by S&M. -> B19 Pilot/5 PM     X -> Sample	S027 Pilot/5 PM D2	
E-MU Systems	Classic Series Vol. 15 - Bass Collection	F00 Designed by S&M. -> B19 Pilot/5 PM     X -> Sample	S028 Pilot/5 PM D#2	
E-MU Systems	Classic Series Vol. 15 - Bass Collection	F00 Designed by S&M. -> B19 Pilot/5 PM     X -> Sample	S029 Pilot/5 PM E3	
E-MU Systems	Classic Series Vol. 15 - Bass Collection	F00 Designed by S&M. -> B19 Pilot/5 PM     X -> Sample	S030 Pilot/5 PM F3	
E-MU Systems	Classic Series Vol. 15 - Bass Collection	F00 Designed by S&M. -> B19 Pilot/5 PM     X -> Sample	S031 Pilot/5 PM F#3	
E-MU Systems	Classic Series Vol. 15 - Bass Collection	F00 Designed by S&M. -> B19 Pilot/5 PM     X -> Sample	S032 Pilot/5 PM G3	
E-MU Systems	Classic Series Vol. 15 - Bass Collection	F00 Designed by S&M. -> B19 Pilot/5 PM     X -> Sample	S033 Pilot/5 PM G#3	
E-MU Systems	Classic Series Vol. 15 - Bass Collection	F00 Designed by S&M. -> B19 Pilot/5 PM     X -> Sample	S034 Pilot/5 PM A3	
E-MU Systems	Classic Series Vol. 15 - Bass Collection	F00 Designed by S&M. -> B19 Pilot/5 PM     X -> Sample	S035 Pilot/5 PM A#3	
E-MU Systems	Classic Series Vol. 15 - Bass Collection	F00 Designed by S&M. -> B19 Pilot/5 PM     X -> Sample	S036 Pilot/5 PM B3	
E-MU Systems	Classic Series Vol. 15 - Bass Collection	F00 Designed by S&M. -> B19 Pilot/5 PM     X -> Sample	S037 Pilot/5 PM C3	
E-MU Systems	Classic Series Vol. 15 - Bass Collection	F00 Designed by S&M. -> B19 Pilot/5 PM     X -> Sample	S038 Pilot/5 PM C#3	
E-MU Systems	Classic Series Vol. 15 - Bass Collection	F00 Designed by S&M. -> B19 Pilot/5 PM     X -> Sample	S039 Pilot/5 PM D3	
E-MU Systems	Classic Series Vol. 15 - Bass Collection	F00 Designed by S&M. -> B19 Pilot/5 PM     X -> Sample	S040 Pilot/5 PM D#3	
E-MU Systems	Classic Series Vol. 15 - Bass Collection	F00 Designed by S&M. -> B19 Pilot/5 PM     X -> Sample	S041 Pilot/5 PM E4	
E-MU Systems	Classic Series Vol. 15 - Bass Collection	F00 Designed by S&M. -> B19 Pilot/5 PM     X -> Sample	S042 Pilot/5 PM F4	
E-MU Systems	Classic Series Vol. 15 - Bass Collection	F00 Designed by S&M. -> B20 Alembic PF 8M  X -> Preset	P000 Alembic PF	
E-MU Systems	Classic Series Vol. 15 - Bass Collection	F00 Designed by S&M. -> B20 Alembic PF 8M  X -> Preset	P001 Alembic PF Vel	
E-MU Systems	Classic Series Vol. 15 - Bass Collection	F00 Designed by S&M. -> B20 Alembic PF 8M  X -> Preset	P002 Alembic PF Chr	
E-MU Systems	Classic Series Vol. 15 - Bass Collection	F00 Designed by S&M. -> B20 Alembic PF 8M  X -> Preset	P003 Alembic PF ATLFO	
E-MU Systems	Classic Series Vol. 15 - Bass Collection	F00 Designed by S&M. -> B20 Alembic PF 8M  X -> Preset	P004 Alembic PF Octve	
E-MU Systems	Classic Series Vol. 15 - Bass Collection	F00 Designed by S&M. -> B20 Alembic PF 8M  X -> Preset	P005 Alembic PF Soft	
E-MU Systems	Classic Series Vol. 15 - Bass Collection	F00 Designed by S&M. -> B20 Alembic PF 8M  X -> Preset	P006 (206)232-6191	
E-MU Systems	Classic Series Vol. 15 - Bass Collection	F00 Designed by S&M. -> B20 Alembic PF 8M  X -> Preset	P007 DanDeanProds,Inc	
E-MU Systems	Classic Series Vol. 15 - Bass Collection	F00 Designed by S&M. -> B20 Alembic PF 8M  X -> Sample	S000 Alembic PF E1	
E-MU Systems	Classic Series Vol. 15 - Bass Collection	F00 Designed by S&M. -> B20 Alembic PF 8M  X -> Sample	S001 Alembic PF F#1	
E-MU Systems	Classic Series Vol. 15 - Bass Collection	F00 Designed by S&M. -> B20 Alembic PF 8M  X -> Sample	S002 Alembic PF G#1	
E-MU Systems	Classic Series Vol. 15 - Bass Collection	F00 Designed by S&M. -> B20 Alembic PF 8M  X -> Sample	S003 Alembic PF A#1	
E-MU Systems	Classic Series Vol. 15 - Bass Collection	F00 Designed by S&M. -> B20 Alembic PF 8M  X -> Sample	S004 Alembic PF C1	
E-MU Systems	Classic Series Vol. 15 - Bass Collection	F00 Designed by S&M. -> B20 Alembic PF 8M  X -> Sample	S005 Alembic PF D1	
E-MU Systems	Classic Series Vol. 15 - Bass Collection	F00 Designed by S&M. -> B20 Alembic PF 8M  X -> Sample	S006 Alembic PF E2	
E-MU Systems	Classic Series Vol. 15 - Bass Collection	F00 Designed by S&M. -> B20 Alembic PF 8M  X -> Sample	S007 Alembic PF F#2	
E-MU Systems	Classic Series Vol. 15 - Bass Collection	F00 Designed by S&M. -> B20 Alembic PF 8M  X -> Sample	S008 Alembic PF G#2	
E-MU Systems	Classic Series Vol. 15 - Bass Collection	F00 Designed by S&M. -> B20 Alembic PF 8M  X -> Sample	S009 Alembic PF A#2	
E-MU Systems	Classic Series Vol. 15 - Bass Collection	F00 Designed by S&M. -> B20 Alembic PF 8M  X -> Sample	S010 Alembic PF C2	
E-MU Systems	Classic Series Vol. 15 - Bass Collection	F00 Designed by S&M. -> B20 Alembic PF 8M  X -> Sample	S011 Alembic PF D2	
E-MU Systems	Classic Series Vol. 15 - Bass Collection	F00 Designed by S&M. -> B20 Alembic PF 8M  X -> Sample	S012 Alembic PF E3	
E-MU Systems	Classic Series Vol. 15 - Bass Collection	F00 Designed by S&M. -> B20 Alembic PF 8M  X -> Sample	S013 Alembic PF F#3	
E-MU Systems	Classic Series Vol. 15 - Bass Collection	F00 Designed by S&M. -> B20 Alembic PF 8M  X -> Sample	S014 Alembic PF G#3	
E-MU Systems	Classic Series Vol. 15 - Bass Collection	F00 Designed by S&M. -> B20 Alembic PF 8M  X -> Sample	S015 Alembic PF A#3	
E-MU Systems	Classic Series Vol. 15 - Bass Collection	F00 Designed by S&M. -> B20 Alembic PF 8M  X -> Sample	S016 Alembic PF C3	
E-MU Systems	Classic Series Vol. 15 - Bass Collection	F00 Designed by S&M. -> B20 Alembic PF 8M  X -> Sample	S017 Alembic PF D3	
E-MU Systems	Classic Series Vol. 15 - Bass Collection	F00 Designed by S&M. -> B20 Alembic PF 8M  X -> Sample	S018 Alembic PF E4	
E-MU Systems	Classic Series Vol. 15 - Bass Collection	F00 Designed by S&M. -> B20 Alembic PF 8M  X -> Sample	S019 Alembic PF F#4	
E-MU Systems	Classic Series Vol. 15 - Bass Collection	F00 Designed by S&M. -> B21 Pilot/5 FF     X -> Preset	P000 Pilot/5 Finger-F	
E-MU Systems	Classic Series Vol. 15 - Bass Collection	F00 Designed by S&M. -> B21 Pilot/5 FF     X -> Preset	P001 Pilot/5 Finger-F	
E-MU Systems	Classic Series Vol. 15 - Bass Collection	F00 Designed by S&M. -> B21 Pilot/5 FF     X -> Preset	P002 Finger-F Vel	
E-MU Systems	Classic Series Vol. 15 - Bass Collection	F00 Designed by S&M. -> B21 Pilot/5 FF     X -> Preset	P003 Finger-F Chorus	
E-MU Systems	Classic Series Vol. 15 - Bass Collection	F00 Designed by S&M. -> B21 Pilot/5 FF     X -> Preset	P004 Finger-F Octve	
E-MU Systems	Classic Series Vol. 15 - Bass Collection	F00 Designed by S&M. -> B21 Pilot/5 FF     X -> Preset	P005 Finger-F Octve 2	
E-MU Systems	Classic Series Vol. 15 - Bass Collection	F00 Designed by S&M. -> B21 Pilot/5 FF     X -> Preset	P006 Finger-F Soft	
E-MU Systems	Classic Series Vol. 15 - Bass Collection	F00 Designed by S&M. -> B21 Pilot/5 FF     X -> Preset	P007 Finger-F Slow	
E-MU Systems	Classic Series Vol. 15 - Bass Collection	F00 Designed by S&M. -> B21 Pilot/5 FF     X -> Preset	P008 Finger-F SlowChr	
E-MU Systems	Classic Series Vol. 15 - Bass Collection	F00 Designed by S&M. -> B21 Pilot/5 FF     X -> Preset	P009 Finger-F Flange1	
E-MU Systems	Classic Series Vol. 15 - Bass Collection	F00 Designed by S&M. -> B21 Pilot/5 FF     X -> Preset	P010 Finger-F Flange2	
E-MU Systems	Classic Series Vol. 15 - Bass Collection	F00 Designed by S&M. -> B21 Pilot/5 FF     X -> Preset	P011 Pilot/5OctvShift	
E-MU Systems	Classic Series Vol. 15 - Bass Collection	F00 Designed by S&M. -> B21 Pilot/5 FF     X -> Preset	P012 CODE:FingersFull	
E-MU Systems	Classic Series Vol. 15 - Bass Collection	F00 Designed by S&M. -> B21 Pilot/5 FF     X -> Preset	P013 (206)232-6191	
E-MU Systems	Classic Series Vol. 15 - Bass Collection	F00 Designed by S&M. -> B21 Pilot/5 FF     X -> Preset	P014 11.0M	
E-MU Systems	Classic Series Vol. 15 - Bass Collection	F00 Designed by S&M. -> B21 Pilot/5 FF     X -> Preset	P015 DanDeanProds,Inc	
E-MU Systems	Classic Series Vol. 15 - Bass Collection	F00 Designed by S&M. -> B21 Pilot/5 FF     X -> Sample	S000 Pilot/5 FF B0	
E-MU Systems	Classic Series Vol. 15 - Bass Collection	F00 Designed by S&M. -> B21 Pilot/5 FF     X -> Sample	S001 Pilot/5 FF C0	
E-MU Systems	Classic Series Vol. 15 - Bass Collection	F00 Designed by S&M. -> B21 Pilot/5 FF     X -> Sample	S002 Pilot/5 FF C#0	
E-MU Systems	Classic Series Vol. 15 - Bass Collection	F00 Designed by S&M. -> B21 Pilot/5 FF     X -> Sample	S003 Pilot/5 FF D0	
E-MU Systems	Classic Series Vol. 15 - Bass Collection	F00 Designed by S&M. -> B21 Pilot/5 FF     X -> Sample	S004 Pilot/5 FF D#0	
E-MU Systems	Classic Series Vol. 15 - Bass Collection	F00 Designed by S&M. -> B21 Pilot/5 FF     X -> Sample	S005 Pilot/5 FF E1	
E-MU Systems	Classic Series Vol. 15 - Bass Collection	F00 Designed by S&M. -> B21 Pilot/5 FF     X -> Sample	S006 Pilot/5 FF F1	
E-MU Systems	Classic Series Vol. 15 - Bass Collection	F00 Designed by S&M. -> B21 Pilot/5 FF     X -> Sample	S007 Pilot/5 FF F#1	
E-MU Systems	Classic Series Vol. 15 - Bass Collection	F00 Designed by S&M. -> B21 Pilot/5 FF     X -> Sample	S008 Pilot/5 FF G1	
E-MU Systems	Classic Series Vol. 15 - Bass Collection	F00 Designed by S&M. -> B21 Pilot/5 FF     X -> Sample	S009 Pilot/5 FF G#1	
E-MU Systems	Classic Series Vol. 15 - Bass Collection	F00 Designed by S&M. -> B21 Pilot/5 FF     X -> Sample	S010 Pilot/5 FF A1	
E-MU Systems	Classic Series Vol. 15 - Bass Collection	F00 Designed by S&M. -> B21 Pilot/5 FF     X -> Sample	S011 Pilot/5 FF A#1	
E-MU Systems	Classic Series Vol. 15 - Bass Collection	F00 Designed by S&M. -> B21 Pilot/5 FF     X -> Sample	S012 Pilot/5 FF B1	
E-MU Systems	Classic Series Vol. 15 - Bass Collection	F00 Designed by S&M. -> B21 Pilot/5 FF     X -> Sample	S013 Pilot/5 FF C1	
E-MU Systems	Classic Series Vol. 15 - Bass Collection	F00 Designed by S&M. -> B21 Pilot/5 FF     X -> Sample	S014 Pilot/5 FF C#1	
E-MU Systems	Classic Series Vol. 15 - Bass Collection	F00 Designed by S&M. -> B21 Pilot/5 FF     X -> Sample	S015 Pilot/5 FF D1	
E-MU Systems	Classic Series Vol. 15 - Bass Collection	F00 Designed by S&M. -> B21 Pilot/5 FF     X -> Sample	S016 Pilot/5 FF D#1	
E-MU Systems	Classic Series Vol. 15 - Bass Collection	F00 Designed by S&M. -> B21 Pilot/5 FF     X -> Sample	S017 Pilot/5 FF E2	
E-MU Systems	Classic Series Vol. 15 - Bass Collection	F00 Designed by S&M. -> B21 Pilot/5 FF     X -> Sample	S018 Pilot/5 FF F2	
E-MU Systems	Classic Series Vol. 15 - Bass Collection	F00 Designed by S&M. -> B21 Pilot/5 FF     X -> Sample	S019 Pilot/5 FF F#2	
E-MU Systems	Classic Series Vol. 15 - Bass Collection	F00 Designed by S&M. -> B21 Pilot/5 FF     X -> Sample	S020 Pilot/5 FF G2	
E-MU Systems	Classic Series Vol. 15 - Bass Collection	F00 Designed by S&M. -> B21 Pilot/5 FF     X -> Sample	S021 Pilot/5 FF G#2	
E-MU Systems	Classic Series Vol. 15 - Bass Collection	F00 Designed by S&M. -> B21 Pilot/5 FF     X -> Sample	S022 Pilot/5 FF A2	
E-MU Systems	Classic Series Vol. 15 - Bass Collection	F00 Designed by S&M. -> B21 Pilot/5 FF     X -> Sample	S023 Pilot/5 FF A#2	
E-MU Systems	Classic Series Vol. 15 - Bass Collection	F00 Designed by S&M. -> B21 Pilot/5 FF     X -> Sample	S024 Pilot/5 FF B2	
E-MU Systems	Classic Series Vol. 15 - Bass Collection	F00 Designed by S&M. -> B21 Pilot/5 FF     X -> Sample	S025 Pilot/5 FF C2	
E-MU Systems	Classic Series Vol. 15 - Bass Collection	F00 Designed by S&M. -> B21 Pilot/5 FF     X -> Sample	S026 Pilot/5 FF C#2	
E-MU Systems	Classic Series Vol. 15 - Bass Collection	F00 Designed by S&M. -> B21 Pilot/5 FF     X -> Sample	S027 Pilot/5 FF D2	
E-MU Systems	Classic Series Vol. 15 - Bass Collection	F00 Designed by S&M. -> B21 Pilot/5 FF     X -> Sample	S028 Pilot/5 FF D#2	
E-MU Systems	Classic Series Vol. 15 - Bass Collection	F00 Designed by S&M. -> B21 Pilot/5 FF     X -> Sample	S029 Pilot/5 FF E3	
E-MU Systems	Classic Series Vol. 15 - Bass Collection	F00 Designed by S&M. -> B21 Pilot/5 FF     X -> Sample	S030 Pilot/5 FF F3	
E-MU Systems	Classic Series Vol. 15 - Bass Collection	F00 Designed by S&M. -> B21 Pilot/5 FF     X -> Sample	S031 Pilot/5 FF F#3	
E-MU Systems	Classic Series Vol. 15 - Bass Collection	F00 Designed by S&M. -> B21 Pilot/5 FF     X -> Sample	S032 Pilot/5 FF G3	
E-MU Systems	Classic Series Vol. 15 - Bass Collection	F00 Designed by S&M. -> B21 Pilot/5 FF     X -> Sample	S033 Pilot/5 FF G#3	
E-MU Systems	Classic Series Vol. 15 - Bass Collection	F00 Designed by S&M. -> B21 Pilot/5 FF     X -> Sample	S034 Pilot/5 FF A3	
E-MU Systems	Classic Series Vol. 15 - Bass Collection	F00 Designed by S&M. -> B21 Pilot/5 FF     X -> Sample	S035 Pilot/5 FF A#3	
E-MU Systems	Classic Series Vol. 15 - Bass Collection	F00 Designed by S&M. -> B21 Pilot/5 FF     X -> Sample	S036 Pilot/5 FF B3	
E-MU Systems	Classic Series Vol. 15 - Bass Collection	F00 Designed by S&M. -> B21 Pilot/5 FF     X -> Sample	S037 Pilot/5 FF C3	
E-MU Systems	Classic Series Vol. 15 - Bass Collection	F00 Designed by S&M. -> B21 Pilot/5 FF     X -> Sample	S038 Pilot/5 FF C#3	
E-MU Systems	Classic Series Vol. 15 - Bass Collection	F00 Designed by S&M. -> B21 Pilot/5 FF     X -> Sample	S039 Pilot/5 FF D3	
E-MU Systems	Classic Series Vol. 15 - Bass Collection	F00 Designed by S&M. -> B21 Pilot/5 FF     X -> Sample	S040 Pilot/5 FF D#3	
E-MU Systems	Classic Series Vol. 15 - Bass Collection	F00 Designed by S&M. -> B21 Pilot/5 FF     X -> Sample	S041 Pilot/5 FF E4	
E-MU Systems	Classic Series Vol. 15 - Bass Collection	F00 Designed by S&M. -> B21 Pilot/5 FF     X -> Sample	S042 Pilot/5 FF F4	
E-MU Systems	Classic Series Vol. 15 - Bass Collection	F00 Designed by S&M. -> B22 Pilot/5 FH     X -> Preset	P000 Pilot/5 Finger-H	
E-MU Systems	Classic Series Vol. 15 - Bass Collection	F00 Designed by S&M. -> B22 Pilot/5 FH     X -> Preset	P001 Pilot/5 Finger-H	
E-MU Systems	Classic Series Vol. 15 - Bass Collection	F00 Designed by S&M. -> B22 Pilot/5 FH     X -> Preset	P002 Finger-H Vel	
E-MU Systems	Classic Series Vol. 15 - Bass Collection	F00 Designed by S&M. -> B22 Pilot/5 FH     X -> Preset	P003 Finger-H Chorus	
E-MU Systems	Classic Series Vol. 15 - Bass Collection	F00 Designed by S&M. -> B22 Pilot/5 FH     X -> Preset	P004 Finger-H Octve	
E-MU Systems	Classic Series Vol. 15 - Bass Collection	F00 Designed by S&M. -> B22 Pilot/5 FH     X -> Preset	P005 Finger-H Octve 2	
E-MU Systems	Classic Series Vol. 15 - Bass Collection	F00 Designed by S&M. -> B22 Pilot/5 FH     X -> Preset	P006 Finger-H Soft	
E-MU Systems	Classic Series Vol. 15 - Bass Collection	F00 Designed by S&M. -> B22 Pilot/5 FH     X -> Preset	P007 Finger-H Slow	
E-MU Systems	Classic Series Vol. 15 - Bass Collection	F00 Designed by S&M. -> B22 Pilot/5 FH     X -> Preset	P008 Finger-H SlowChr	
E-MU Systems	Classic Series Vol. 15 - Bass Collection	F00 Designed by S&M. -> B22 Pilot/5 FH     X -> Preset	P009 Finger-H Flange1	
E-MU Systems	Classic Series Vol. 15 - Bass Collection	F00 Designed by S&M. -> B22 Pilot/5 FH     X -> Preset	P010 Finger-H Flange2	
E-MU Systems	Classic Series Vol. 15 - Bass Collection	F00 Designed by S&M. -> B22 Pilot/5 FH     X -> Preset	P011 FingrF OctvShift	
E-MU Systems	Classic Series Vol. 15 - Bass Collection	F00 Designed by S&M. -> B22 Pilot/5 FH     X -> Preset	P012 CODE:FingrHollow	
E-MU Systems	Classic Series Vol. 15 - Bass Collection	F00 Designed by S&M. -> B22 Pilot/5 FH     X -> Preset	P013 (206)232-6191	
E-MU Systems	Classic Series Vol. 15 - Bass Collection	F00 Designed by S&M. -> B22 Pilot/5 FH     X -> Preset	P014 11.6M	
E-MU Systems	Classic Series Vol. 15 - Bass Collection	F00 Designed by S&M. -> B22 Pilot/5 FH     X -> Preset	P015 DanDeanProds,Inc	
E-MU Systems	Classic Series Vol. 15 - Bass Collection	F00 Designed by S&M. -> B22 Pilot/5 FH     X -> Sample	S000 Pilot/5 FH B0	
E-MU Systems	Classic Series Vol. 15 - Bass Collection	F00 Designed by S&M. -> B22 Pilot/5 FH     X -> Sample	S001 Pilot/5 FH C0	
E-MU Systems	Classic Series Vol. 15 - Bass Collection	F00 Designed by S&M. -> B22 Pilot/5 FH     X -> Sample	S002 Pilot/5 FH C#0	
E-MU Systems	Classic Series Vol. 15 - Bass Collection	F00 Designed by S&M. -> B22 Pilot/5 FH     X -> Sample	S003 Pilot/5 FH D0	
E-MU Systems	Classic Series Vol. 15 - Bass Collection	F00 Designed by S&M. -> B22 Pilot/5 FH     X -> Sample	S004 Pilot/5 FH D#0	
E-MU Systems	Classic Series Vol. 15 - Bass Collection	F00 Designed by S&M. -> B22 Pilot/5 FH     X -> Sample	S005 Pilot/5 FH E1	
E-MU Systems	Classic Series Vol. 15 - Bass Collection	F00 Designed by S&M. -> B22 Pilot/5 FH     X -> Sample	S006 Pilot/5 FH F1	
E-MU Systems	Classic Series Vol. 15 - Bass Collection	F00 Designed by S&M. -> B22 Pilot/5 FH     X -> Sample	S007 Pilot/5 FH F#1	
E-MU Systems	Classic Series Vol. 15 - Bass Collection	F00 Designed by S&M. -> B22 Pilot/5 FH     X -> Sample	S008 Pilot/5 FH G1	
E-MU Systems	Classic Series Vol. 15 - Bass Collection	F00 Designed by S&M. -> B22 Pilot/5 FH     X -> Sample	S009 Pilot/5 FH G#1	
E-MU Systems	Classic Series Vol. 15 - Bass Collection	F00 Designed by S&M. -> B22 Pilot/5 FH     X -> Sample	S010 Pilot/5 FH A1	
E-MU Systems	Classic Series Vol. 15 - Bass Collection	F00 Designed by S&M. -> B22 Pilot/5 FH     X -> Sample	S011 Pilot/5 FH A#1	
E-MU Systems	Classic Series Vol. 15 - Bass Collection	F00 Designed by S&M. -> B22 Pilot/5 FH     X -> Sample	S012 Pilot/5 FH B1	
E-MU Systems	Classic Series Vol. 15 - Bass Collection	F00 Designed by S&M. -> B22 Pilot/5 FH     X -> Sample	S013 Pilot/5 FH C1	
E-MU Systems	Classic Series Vol. 15 - Bass Collection	F00 Designed by S&M. -> B22 Pilot/5 FH     X -> Sample	S014 Pilot/5 FH C#1	
E-MU Systems	Classic Series Vol. 15 - Bass Collection	F00 Designed by S&M. -> B22 Pilot/5 FH     X -> Sample	S015 Pilot/5 FH D1	
E-MU Systems	Classic Series Vol. 15 - Bass Collection	F00 Designed by S&M. -> B22 Pilot/5 FH     X -> Sample	S016 Pilot/5 FH D#1	
E-MU Systems	Classic Series Vol. 15 - Bass Collection	F00 Designed by S&M. -> B22 Pilot/5 FH     X -> Sample	S017 Pilot/5 FH E2	
E-MU Systems	Classic Series Vol. 15 - Bass Collection	F00 Designed by S&M. -> B22 Pilot/5 FH     X -> Sample	S018 Pilot/5 FH F2	
E-MU Systems	Classic Series Vol. 15 - Bass Collection	F00 Designed by S&M. -> B22 Pilot/5 FH     X -> Sample	S019 Pilot/5 FH F#2	
E-MU Systems	Classic Series Vol. 15 - Bass Collection	F00 Designed by S&M. -> B22 Pilot/5 FH     X -> Sample	S020 Pilot/5 FH G2	
E-MU Systems	Classic Series Vol. 15 - Bass Collection	F00 Designed by S&M. -> B22 Pilot/5 FH     X -> Sample	S021 Pilot/5 FH G#2	
E-MU Systems	Classic Series Vol. 15 - Bass Collection	F00 Designed by S&M. -> B22 Pilot/5 FH     X -> Sample	S022 Pilot/5 FH A2	
E-MU Systems	Classic Series Vol. 15 - Bass Collection	F00 Designed by S&M. -> B22 Pilot/5 FH     X -> Sample	S023 Pilot/5 FH A#2	
E-MU Systems	Classic Series Vol. 15 - Bass Collection	F00 Designed by S&M. -> B22 Pilot/5 FH     X -> Sample	S024 Pilot/5 FH B2	
E-MU Systems	Classic Series Vol. 15 - Bass Collection	F00 Designed by S&M. -> B22 Pilot/5 FH     X -> Sample	S025 Pilot/5 FH C2	
E-MU Systems	Classic Series Vol. 15 - Bass Collection	F00 Designed by S&M. -> B22 Pilot/5 FH     X -> Sample	S026 Pilot/5 FH C#2	
E-MU Systems	Classic Series Vol. 15 - Bass Collection	F00 Designed by S&M. -> B22 Pilot/5 FH     X -> Sample	S027 Pilot/5 FH D2	
E-MU Systems	Classic Series Vol. 15 - Bass Collection	F00 Designed by S&M. -> B22 Pilot/5 FH     X -> Sample	S028 Pilot/5 FH D#2	
E-MU Systems	Classic Series Vol. 15 - Bass Collection	F00 Designed by S&M. -> B22 Pilot/5 FH     X -> Sample	S029 Pilot/5 FH E3	
E-MU Systems	Classic Series Vol. 15 - Bass Collection	F00 Designed by S&M. -> B22 Pilot/5 FH     X -> Sample	S030 Pilot/5 FH F3	
E-MU Systems	Classic Series Vol. 15 - Bass Collection	F00 Designed by S&M. -> B22 Pilot/5 FH     X -> Sample	S031 Pilot/5 FH F#3	
E-MU Systems	Classic Series Vol. 15 - Bass Collection	F00 Designed by S&M. -> B22 Pilot/5 FH     X -> Sample	S032 Pilot/5 FH G3	
E-MU Systems	Classic Series Vol. 15 - Bass Collection	F00 Designed by S&M. -> B22 Pilot/5 FH     X -> Sample	S033 Pilot/5 FH G#3	
E-MU Systems	Classic Series Vol. 15 - Bass Collection	F00 Designed by S&M. -> B22 Pilot/5 FH     X -> Sample	S034 Pilot/5 FH A3	
E-MU Systems	Classic Series Vol. 15 - Bass Collection	F00 Designed by S&M. -> B22 Pilot/5 FH     X -> Sample	S035 Pilot/5 FH A#3	
E-MU Systems	Classic Series Vol. 15 - Bass Collection	F00 Designed by S&M. -> B22 Pilot/5 FH     X -> Sample	S036 Pilot/5 FH B3	
E-MU Systems	Classic Series Vol. 15 - Bass Collection	F00 Designed by S&M. -> B22 Pilot/5 FH     X -> Sample	S037 Pilot/5 FH C3	
E-MU Systems	Classic Series Vol. 15 - Bass Collection	F00 Designed by S&M. -> B22 Pilot/5 FH     X -> Sample	S038 Pilot/5 FH C#3	
E-MU Systems	Classic Series Vol. 15 - Bass Collection	F00 Designed by S&M. -> B22 Pilot/5 FH     X -> Sample	S039 Pilot/5 FH D3	
E-MU Systems	Classic Series Vol. 15 - Bass Collection	F00 Designed by S&M. -> B22 Pilot/5 FH     X -> Sample	S040 Pilot/5 FH D#3	
E-MU Systems	Classic Series Vol. 15 - Bass Collection	F00 Designed by S&M. -> B22 Pilot/5 FH     X -> Sample	S041 Pilot/5 FH E4	
E-MU Systems	Classic Series Vol. 15 - Bass Collection	F00 Designed by S&M. -> B22 Pilot/5 FH     X -> Sample	S042 Pilot/5 FH F4	
E-MU Systems	Classic Series Vol. 15 - Bass Collection	F00 Designed by S&M. -> B23 Pilot/5 Pop    X -> Preset	P000 Pilot/5 Pop	
E-MU Systems	Classic Series Vol. 15 - Bass Collection	F00 Designed by S&M. -> B23 Pilot/5 Pop    X -> Preset	P001 Pilot/5 Pop	
E-MU Systems	Classic Series Vol. 15 - Bass Collection	F00 Designed by S&M. -> B23 Pilot/5 Pop    X -> Preset	P002 Pop Vel	
E-MU Systems	Classic Series Vol. 15 - Bass Collection	F00 Designed by S&M. -> B23 Pilot/5 Pop    X -> Preset	P003 Pop Chorus	
E-MU Systems	Classic Series Vol. 15 - Bass Collection	F00 Designed by S&M. -> B23 Pilot/5 Pop    X -> Preset	P004 Pop Octve	
E-MU Systems	Classic Series Vol. 15 - Bass Collection	F00 Designed by S&M. -> B23 Pilot/5 Pop    X -> Preset	P005 Pop Octve 2	
E-MU Systems	Classic Series Vol. 15 - Bass Collection	F00 Designed by S&M. -> B23 Pilot/5 Pop    X -> Preset	P006 Pop Soft	
E-MU Systems	Classic Series Vol. 15 - Bass Collection	F00 Designed by S&M. -> B23 Pilot/5 Pop    X -> Preset	P007 Pop Slow	
E-MU Systems	Classic Series Vol. 15 - Bass Collection	F00 Designed by S&M. -> B23 Pilot/5 Pop    X -> Preset	P008 Pop SlowChrs	
E-MU Systems	Classic Series Vol. 15 - Bass Collection	F00 Designed by S&M. -> B23 Pilot/5 Pop    X -> Preset	P009 Pop Flange 1	
E-MU Systems	Classic Series Vol. 15 - Bass Collection	F00 Designed by S&M. -> B23 Pilot/5 Pop    X -> Preset	P010 Pop Flange 2	
E-MU Systems	Classic Series Vol. 15 - Bass Collection	F00 Designed by S&M. -> B23 Pilot/5 Pop    X -> Preset	P011 Pilot/5OctvShift	
E-MU Systems	Classic Series Vol. 15 - Bass Collection	F00 Designed by S&M. -> B23 Pilot/5 Pop    X -> Preset	P012 CODE:Finger Pop	
E-MU Systems	Classic Series Vol. 15 - Bass Collection	F00 Designed by S&M. -> B23 Pilot/5 Pop    X -> Preset	P013 (206)232-6191	
E-MU Systems	Classic Series Vol. 15 - Bass Collection	F00 Designed by S&M. -> B23 Pilot/5 Pop    X -> Preset	P014 10.5M	
E-MU Systems	Classic Series Vol. 15 - Bass Collection	F00 Designed by S&M. -> B23 Pilot/5 Pop    X -> Preset	P015 DanDeanProds,Inc	
E-MU Systems	Classic Series Vol. 15 - Bass Collection	F00 Designed by S&M. -> B23 Pilot/5 Pop    X -> Sample	S000 Pilot/5 Pop B0	
E-MU Systems	Classic Series Vol. 15 - Bass Collection	F00 Designed by S&M. -> B23 Pilot/5 Pop    X -> Sample	S001 Pilot/5 Pop C0	
E-MU Systems	Classic Series Vol. 15 - Bass Collection	F00 Designed by S&M. -> B23 Pilot/5 Pop    X -> Sample	S002 Pilot/5 Pop C#0	
E-MU Systems	Classic Series Vol. 15 - Bass Collection	F00 Designed by S&M. -> B23 Pilot/5 Pop    X -> Sample	S003 Pilot/5 Pop D0	
E-MU Systems	Classic Series Vol. 15 - Bass Collection	F00 Designed by S&M. -> B23 Pilot/5 Pop    X -> Sample	S004 Pilot/5 Pop D#0	
E-MU Systems	Classic Series Vol. 15 - Bass Collection	F00 Designed by S&M. -> B23 Pilot/5 Pop    X -> Sample	S005 Pilot/5 Pop E1	
E-MU Systems	Classic Series Vol. 15 - Bass Collection	F00 Designed by S&M. -> B23 Pilot/5 Pop    X -> Sample	S006 Pilot/5 Pop F1	
E-MU Systems	Classic Series Vol. 15 - Bass Collection	F00 Designed by S&M. -> B23 Pilot/5 Pop    X -> Sample	S007 Pilot/5 Pop F#1	
E-MU Systems	Classic Series Vol. 15 - Bass Collection	F00 Designed by S&M. -> B23 Pilot/5 Pop    X -> Sample	S008 Pilot/5 Pop G1	
E-MU Systems	Classic Series Vol. 15 - Bass Collection	F00 Designed by S&M. -> B23 Pilot/5 Pop    X -> Sample	S009 Pilot/5 Pop G#1	
E-MU Systems	Classic Series Vol. 15 - Bass Collection	F00 Designed by S&M. -> B23 Pilot/5 Pop    X -> Sample	S010 Pilot/5 Pop A1	
E-MU Systems	Classic Series Vol. 15 - Bass Collection	F00 Designed by S&M. -> B23 Pilot/5 Pop    X -> Sample	S011 Pilot/5 Pop A#1	
E-MU Systems	Classic Series Vol. 15 - Bass Collection	F00 Designed by S&M. -> B23 Pilot/5 Pop    X -> Sample	S012 Pilot/5 Pop B1	
E-MU Systems	Classic Series Vol. 15 - Bass Collection	F00 Designed by S&M. -> B23 Pilot/5 Pop    X -> Sample	S013 Pilot/5 Pop C1	
E-MU Systems	Classic Series Vol. 15 - Bass Collection	F00 Designed by S&M. -> B23 Pilot/5 Pop    X -> Sample	S014 Pilot/5 Pop C#1	
E-MU Systems	Classic Series Vol. 15 - Bass Collection	F00 Designed by S&M. -> B23 Pilot/5 Pop    X -> Sample	S015 Pilot/5 Pop D1	
E-MU Systems	Classic Series Vol. 15 - Bass Collection	F00 Designed by S&M. -> B23 Pilot/5 Pop    X -> Sample	S016 Pilot/5 Pop D#1	
E-MU Systems	Classic Series Vol. 15 - Bass Collection	F00 Designed by S&M. -> B23 Pilot/5 Pop    X -> Sample	S017 Pilot/5 Pop E2	
E-MU Systems	Classic Series Vol. 15 - Bass Collection	F00 Designed by S&M. -> B23 Pilot/5 Pop    X -> Sample	S018 Pilot/5 Pop F2	
E-MU Systems	Classic Series Vol. 15 - Bass Collection	F00 Designed by S&M. -> B23 Pilot/5 Pop    X -> Sample	S019 Pilot/5 Pop F#2	
E-MU Systems	Classic Series Vol. 15 - Bass Collection	F00 Designed by S&M. -> B23 Pilot/5 Pop    X -> Sample	S020 Pilot/5 Pop G2	
E-MU Systems	Classic Series Vol. 15 - Bass Collection	F00 Designed by S&M. -> B23 Pilot/5 Pop    X -> Sample	S021 Pilot/5 Pop G#2	
E-MU Systems	Classic Series Vol. 15 - Bass Collection	F00 Designed by S&M. -> B23 Pilot/5 Pop    X -> Sample	S022 Pilot/5 Pop A2	
E-MU Systems	Classic Series Vol. 15 - Bass Collection	F00 Designed by S&M. -> B23 Pilot/5 Pop    X -> Sample	S023 Pilot/5 Pop A#2	
E-MU Systems	Classic Series Vol. 15 - Bass Collection	F00 Designed by S&M. -> B23 Pilot/5 Pop    X -> Sample	S024 Pilot/5 Pop B2	
E-MU Systems	Classic Series Vol. 15 - Bass Collection	F00 Designed by S&M. -> B23 Pilot/5 Pop    X -> Sample	S025 Pilot/5 Pop C2	
E-MU Systems	Classic Series Vol. 15 - Bass Collection	F00 Designed by S&M. -> B23 Pilot/5 Pop    X -> Sample	S026 Pilot/5 Pop C#2	
E-MU Systems	Classic Series Vol. 15 - Bass Collection	F00 Designed by S&M. -> B23 Pilot/5 Pop    X -> Sample	S027 Pilot/5 Pop D2	
E-MU Systems	Classic Series Vol. 15 - Bass Collection	F00 Designed by S&M. -> B23 Pilot/5 Pop    X -> Sample	S028 Pilot/5 Pop D#2	
E-MU Systems	Classic Series Vol. 15 - Bass Collection	F00 Designed by S&M. -> B23 Pilot/5 Pop    X -> Sample	S029 Pilot/5 Pop E3	
E-MU Systems	Classic Series Vol. 15 - Bass Collection	F00 Designed by S&M. -> B23 Pilot/5 Pop    X -> Sample	S030 Pilot/5 Pop F3	
E-MU Systems	Classic Series Vol. 15 - Bass Collection	F00 Designed by S&M. -> B23 Pilot/5 Pop    X -> Sample	S031 Pilot/5 Pop F#3	
E-MU Systems	Classic Series Vol. 15 - Bass Collection	F00 Designed by S&M. -> B23 Pilot/5 Pop    X -> Sample	S032 Pilot/5 Pop G3	
E-MU Systems	Classic Series Vol. 15 - Bass Collection	F00 Designed by S&M. -> B23 Pilot/5 Pop    X -> Sample	S033 Pilot/5 Pop G#3	
E-MU Systems	Classic Series Vol. 15 - Bass Collection	F00 Designed by S&M. -> B23 Pilot/5 Pop    X -> Sample	S034 Pilot/5 Pop A3	
E-MU Systems	Classic Series Vol. 15 - Bass Collection	F00 Designed by S&M. -> B23 Pilot/5 Pop    X -> Sample	S035 Pilot/5 Pop A#3	
E-MU Systems	Classic Series Vol. 15 - Bass Collection	F00 Designed by S&M. -> B23 Pilot/5 Pop    X -> Sample	S036 Pilot/5 Pop B3	
E-MU Systems	Classic Series Vol. 15 - Bass Collection	F00 Designed by S&M. -> B23 Pilot/5 Pop    X -> Sample	S037 Pilot/5 Pop C3	
E-MU Systems	Classic Series Vol. 15 - Bass Collection	F00 Designed by S&M. -> B23 Pilot/5 Pop    X -> Sample	S038 Pilot/5 Pop C#3	
E-MU Systems	Classic Series Vol. 15 - Bass Collection	F00 Designed by S&M. -> B23 Pilot/5 Pop    X -> Sample	S039 Pilot/5 Pop D3	
E-MU Systems	Classic Series Vol. 15 - Bass Collection	F00 Designed by S&M. -> B23 Pilot/5 Pop    X -> Sample	S040 Pilot/5 Pop D#3	
E-MU Systems	Classic Series Vol. 15 - Bass Collection	F00 Designed by S&M. -> B23 Pilot/5 Pop    X -> Sample	S041 Pilot/5 Pop E4	
E-MU Systems	Classic Series Vol. 15 - Bass Collection	F00 Designed by S&M. -> B23 Pilot/5 Pop    X -> Sample	S042 Pilot/5 Pop F4	
E-MU Systems	Classic Series Vol. 15 - Bass Collection	F00 Designed by S&M. -> B24 Pilot/5 Slap   X -> Preset	P000 Pilot/5 Slap	
E-MU Systems	Classic Series Vol. 15 - Bass Collection	F00 Designed by S&M. -> B24 Pilot/5 Slap   X -> Preset	P001 Pilot/5 Slap	
E-MU Systems	Classic Series Vol. 15 - Bass Collection	F00 Designed by S&M. -> B24 Pilot/5 Slap   X -> Preset	P002 Slap Vel	
E-MU Systems	Classic Series Vol. 15 - Bass Collection	F00 Designed by S&M. -> B24 Pilot/5 Slap   X -> Preset	P003 Slap Chorus	
E-MU Systems	Classic Series Vol. 15 - Bass Collection	F00 Designed by S&M. -> B24 Pilot/5 Slap   X -> Preset	P004 Slap Octve	
E-MU Systems	Classic Series Vol. 15 - Bass Collection	F00 Designed by S&M. -> B24 Pilot/5 Slap   X -> Preset	P005 Slap Octve 2	
E-MU Systems	Classic Series Vol. 15 - Bass Collection	F00 Designed by S&M. -> B24 Pilot/5 Slap   X -> Preset	P006 Slap Soft	
E-MU Systems	Classic Series Vol. 15 - Bass Collection	F00 Designed by S&M. -> B24 Pilot/5 Slap   X -> Preset	P007 Slap Slow	
E-MU Systems	Classic Series Vol. 15 - Bass Collection	F00 Designed by S&M. -> B24 Pilot/5 Slap   X -> Preset	P008 Slap SlowChr	
E-MU Systems	Classic Series Vol. 15 - Bass Collection	F00 Designed by S&M. -> B24 Pilot/5 Slap   X -> Preset	P009 Slap Flange 1	
E-MU Systems	Classic Series Vol. 15 - Bass Collection	F00 Designed by S&M. -> B24 Pilot/5 Slap   X -> Preset	P010 Slap Flange 2	
E-MU Systems	Classic Series Vol. 15 - Bass Collection	F00 Designed by S&M. -> B24 Pilot/5 Slap   X -> Preset	P011 Pilot/5OctvShift	
E-MU Systems	Classic Series Vol. 15 - Bass Collection	F00 Designed by S&M. -> B24 Pilot/5 Slap   X -> Preset	P012 CODE:Thumb Slap	
E-MU Systems	Classic Series Vol. 15 - Bass Collection	F00 Designed by S&M. -> B24 Pilot/5 Slap   X -> Preset	P013 (206)232-6191	
E-MU Systems	Classic Series Vol. 15 - Bass Collection	F00 Designed by S&M. -> B24 Pilot/5 Slap   X -> Preset	P014 12.4M	
E-MU Systems	Classic Series Vol. 15 - Bass Collection	F00 Designed by S&M. -> B24 Pilot/5 Slap   X -> Preset	P015 DanDeanProds,Inc	
E-MU Systems	Classic Series Vol. 15 - Bass Collection	F00 Designed by S&M. -> B24 Pilot/5 Slap   X -> Sample	S000 Pilot/5 Slap B0	
E-MU Systems	Classic Series Vol. 15 - Bass Collection	F00 Designed by S&M. -> B24 Pilot/5 Slap   X -> Sample	S001 Pilot/5 Slap C0	
E-MU Systems	Classic Series Vol. 15 - Bass Collection	F00 Designed by S&M. -> B24 Pilot/5 Slap   X -> Sample	S002 Pilot/5 Slap C#0	
E-MU Systems	Classic Series Vol. 15 - Bass Collection	F00 Designed by S&M. -> B24 Pilot/5 Slap   X -> Sample	S003 Pilot/5 Slap D0	
E-MU Systems	Classic Series Vol. 15 - Bass Collection	F00 Designed by S&M. -> B24 Pilot/5 Slap   X -> Sample	S004 Pilot/5 Slap D#0	
E-MU Systems	Classic Series Vol. 15 - Bass Collection	F00 Designed by S&M. -> B24 Pilot/5 Slap   X -> Sample	S005 Pilot/5 Slap E1	
E-MU Systems	Classic Series Vol. 15 - Bass Collection	F00 Designed by S&M. -> B24 Pilot/5 Slap   X -> Sample	S006 Pilot/5 Slap F1	
E-MU Systems	Classic Series Vol. 15 - Bass Collection	F00 Designed by S&M. -> B24 Pilot/5 Slap   X -> Sample	S007 Pilot/5 Slap F#1	
E-MU Systems	Classic Series Vol. 15 - Bass Collection	F00 Designed by S&M. -> B24 Pilot/5 Slap   X -> Sample	S008 Pilot/5 Slap G1	
E-MU Systems	Classic Series Vol. 15 - Bass Collection	F00 Designed by S&M. -> B24 Pilot/5 Slap   X -> Sample	S009 Pilot/5 Slap G#1	
E-MU Systems	Classic Series Vol. 15 - Bass Collection	F00 Designed by S&M. -> B24 Pilot/5 Slap   X -> Sample	S010 Pilot/5 Slap A1	
E-MU Systems	Classic Series Vol. 15 - Bass Collection	F00 Designed by S&M. -> B24 Pilot/5 Slap   X -> Sample	S011 Pilot/5 Slap A#1	
E-MU Systems	Classic Series Vol. 15 - Bass Collection	F00 Designed by S&M. -> B24 Pilot/5 Slap   X -> Sample	S012 Pilot/5 Slap B1	
E-MU Systems	Classic Series Vol. 15 - Bass Collection	F00 Designed by S&M. -> B24 Pilot/5 Slap   X -> Sample	S013 Pilot/5 Slap C1	
E-MU Systems	Classic Series Vol. 15 - Bass Collection	F00 Designed by S&M. -> B24 Pilot/5 Slap   X -> Sample	S014 Pilot/5 Slap C#1	
E-MU Systems	Classic Series Vol. 15 - Bass Collection	F00 Designed by S&M. -> B24 Pilot/5 Slap   X -> Sample	S015 Pilot/5 Slap D1	
E-MU Systems	Classic Series Vol. 15 - Bass Collection	F00 Designed by S&M. -> B24 Pilot/5 Slap   X -> Sample	S016 Pilot/5 Slap D#1	
E-MU Systems	Classic Series Vol. 15 - Bass Collection	F00 Designed by S&M. -> B24 Pilot/5 Slap   X -> Sample	S017 Pilot/5 Slap E2	
E-MU Systems	Classic Series Vol. 15 - Bass Collection	F00 Designed by S&M. -> B24 Pilot/5 Slap   X -> Sample	S018 Pilot/5 Slap F2	
E-MU Systems	Classic Series Vol. 15 - Bass Collection	F00 Designed by S&M. -> B24 Pilot/5 Slap   X -> Sample	S019 Pilot/5 Slap F#2	
E-MU Systems	Classic Series Vol. 15 - Bass Collection	F00 Designed by S&M. -> B24 Pilot/5 Slap   X -> Sample	S020 Pilot/5 Slap G2	
E-MU Systems	Classic Series Vol. 15 - Bass Collection	F00 Designed by S&M. -> B24 Pilot/5 Slap   X -> Sample	S021 Pilot/5 Slap G#2	
E-MU Systems	Classic Series Vol. 15 - Bass Collection	F00 Designed by S&M. -> B24 Pilot/5 Slap   X -> Sample	S022 Pilot/5 Slap A2	
E-MU Systems	Classic Series Vol. 15 - Bass Collection	F00 Designed by S&M. -> B24 Pilot/5 Slap   X -> Sample	S023 Pilot/5 Slap A#2	
E-MU Systems	Classic Series Vol. 15 - Bass Collection	F00 Designed by S&M. -> B24 Pilot/5 Slap   X -> Sample	S024 Pilot/5 Slap B2	
E-MU Systems	Classic Series Vol. 15 - Bass Collection	F00 Designed by S&M. -> B24 Pilot/5 Slap   X -> Sample	S025 Pilot/5 Slap C2	
E-MU Systems	Classic Series Vol. 15 - Bass Collection	F00 Designed by S&M. -> B24 Pilot/5 Slap   X -> Sample	S026 Pilot/5 Slap C#2	
E-MU Systems	Classic Series Vol. 15 - Bass Collection	F00 Designed by S&M. -> B24 Pilot/5 Slap   X -> Sample	S027 Pilot/5 Slap D2	
E-MU Systems	Classic Series Vol. 15 - Bass Collection	F00 Designed by S&M. -> B24 Pilot/5 Slap   X -> Sample	S028 Pilot/5 Slap D#2	
E-MU Systems	Classic Series Vol. 15 - Bass Collection	F00 Designed by S&M. -> B24 Pilot/5 Slap   X -> Sample	S029 Pilot/5 Slap E3	
E-MU Systems	Classic Series Vol. 15 - Bass Collection	F00 Designed by S&M. -> B24 Pilot/5 Slap   X -> Sample	S030 Pilot/5 Slap F3	
E-MU Systems	Classic Series Vol. 15 - Bass Collection	F00 Designed by S&M. -> B24 Pilot/5 Slap   X -> Sample	S031 Pilot/5 Slap F#3	
E-MU Systems	Classic Series Vol. 15 - Bass Collection	F00 Designed by S&M. -> B24 Pilot/5 Slap   X -> Sample	S032 Pilot/5 Slap G3	
E-MU Systems	Classic Series Vol. 15 - Bass Collection	F00 Designed by S&M. -> B24 Pilot/5 Slap   X -> Sample	S033 Pilot/5 Slap G#3	
E-MU Systems	Classic Series Vol. 15 - Bass Collection	F00 Designed by S&M. -> B24 Pilot/5 Slap   X -> Sample	S034 Pilot/5 Slap A3	
E-MU Systems	Classic Series Vol. 15 - Bass Collection	F00 Designed by S&M. -> B24 Pilot/5 Slap   X -> Sample	S035 Pilot/5 Slap A#3	
E-MU Systems	Classic Series Vol. 15 - Bass Collection	F00 Designed by S&M. -> B24 Pilot/5 Slap   X -> Sample	S036 Pilot/5 Slap B3	
E-MU Systems	Classic Series Vol. 15 - Bass Collection	F00 Designed by S&M. -> B24 Pilot/5 Slap   X -> Sample	S037 Pilot/5 Slap C3	
E-MU Systems	Classic Series Vol. 15 - Bass Collection	F00 Designed by S&M. -> B24 Pilot/5 Slap   X -> Sample	S038 Pilot/5 Slap C#3	
E-MU Systems	Classic Series Vol. 15 - Bass Collection	F00 Designed by S&M. -> B24 Pilot/5 Slap   X -> Sample	S039 Pilot/5 Slap D3	
E-MU Systems	Classic Series Vol. 15 - Bass Collection	F00 Designed by S&M. -> B24 Pilot/5 Slap   X -> Sample	S040 Pilot/5 Slap D#3	
E-MU Systems	Classic Series Vol. 15 - Bass Collection	F00 Designed by S&M. -> B24 Pilot/5 Slap   X -> Sample	S041 Pilot/5 Slap E4	
E-MU Systems	Classic Series Vol. 15 - Bass Collection	F00 Designed by S&M. -> B24 Pilot/5 Slap   X -> Sample	S042 Pilot/5 Slap F4	
E-MU Systems	Classic Series Vol. 15 - Bass Collection	F00 Designed by S&M. -> B25 Pilot/5Pop&SlapX -> Preset	P000 Pilot/5 Pop&Slap	
E-MU Systems	Classic Series Vol. 15 - Bass Collection	F00 Designed by S&M. -> B25 Pilot/5Pop&SlapX -> Preset	P001 Pilot/5 Pop&Slap	
E-MU Systems	Classic Series Vol. 15 - Bass Collection	F00 Designed by S&M. -> B25 Pilot/5Pop&SlapX -> Preset	P002 Slap Vel	
E-MU Systems	Classic Series Vol. 15 - Bass Collection	F00 Designed by S&M. -> B25 Pilot/5Pop&SlapX -> Preset	P003 Slap Chorus	
E-MU Systems	Classic Series Vol. 15 - Bass Collection	F00 Designed by S&M. -> B25 Pilot/5Pop&SlapX -> Preset	P004 Slap Octve	
E-MU Systems	Classic Series Vol. 15 - Bass Collection	F00 Designed by S&M. -> B25 Pilot/5Pop&SlapX -> Preset	P005 Slap Octve 2	
E-MU Systems	Classic Series Vol. 15 - Bass Collection	F00 Designed by S&M. -> B25 Pilot/5Pop&SlapX -> Preset	P006 Slap Soft	
E-MU Systems	Classic Series Vol. 15 - Bass Collection	F00 Designed by S&M. -> B25 Pilot/5Pop&SlapX -> Preset	P007 Slap Slow	
E-MU Systems	Classic Series Vol. 15 - Bass Collection	F00 Designed by S&M. -> B25 Pilot/5Pop&SlapX -> Preset	P008 Slap SlowChr	
E-MU Systems	Classic Series Vol. 15 - Bass Collection	F00 Designed by S&M. -> B25 Pilot/5Pop&SlapX -> Preset	P009 Slap Flange 1	
E-MU Systems	Classic Series Vol. 15 - Bass Collection	F00 Designed by S&M. -> B25 Pilot/5Pop&SlapX -> Preset	P010 Slap Flange 2	
E-MU Systems	Classic Series Vol. 15 - Bass Collection	F00 Designed by S&M. -> B25 Pilot/5Pop&SlapX -> Preset	P011 Pilot/5OctvShift	
E-MU Systems	Classic Series Vol. 15 - Bass Collection	F00 Designed by S&M. -> B25 Pilot/5Pop&SlapX -> Preset	P012 Pilot/5 Pop	
E-MU Systems	Classic Series Vol. 15 - Bass Collection	F00 Designed by S&M. -> B25 Pilot/5Pop&SlapX -> Preset	P013 Pop Vel	
E-MU Systems	Classic Series Vol. 15 - Bass Collection	F00 Designed by S&M. -> B25 Pilot/5Pop&SlapX -> Preset	P014 Pop Chorus	
E-MU Systems	Classic Series Vol. 15 - Bass Collection	F00 Designed by S&M. -> B25 Pilot/5Pop&SlapX -> Preset	P015 Pop Octve	
E-MU Systems	Classic Series Vol. 15 - Bass Collection	F00 Designed by S&M. -> B25 Pilot/5Pop&SlapX -> Preset	P016 Pop Octve 2	
E-MU Systems	Classic Series Vol. 15 - Bass Collection	F00 Designed by S&M. -> B25 Pilot/5Pop&SlapX -> Preset	P017 Pop Soft	
E-MU Systems	Classic Series Vol. 15 - Bass Collection	F00 Designed by S&M. -> B25 Pilot/5Pop&SlapX -> Preset	P018 Pop Slow	
E-MU Systems	Classic Series Vol. 15 - Bass Collection	F00 Designed by S&M. -> B25 Pilot/5Pop&SlapX -> Preset	P019 Pop SlowChrs	
E-MU Systems	Classic Series Vol. 15 - Bass Collection	F00 Designed by S&M. -> B25 Pilot/5Pop&SlapX -> Preset	P020 Pop Flange 1	
E-MU Systems	Classic Series Vol. 15 - Bass Collection	F00 Designed by S&M. -> B25 Pilot/5Pop&SlapX -> Preset	P021 Pop Flange 2	
E-MU Systems	Classic Series Vol. 15 - Bass Collection	F00 Designed by S&M. -> B25 Pilot/5Pop&SlapX -> Preset	P022 Pilot/5OctvShift	
E-MU Systems	Classic Series Vol. 15 - Bass Collection	F00 Designed by S&M. -> B25 Pilot/5Pop&SlapX -> Preset	P023 (206)232-6191	
E-MU Systems	Classic Series Vol. 15 - Bass Collection	F00 Designed by S&M. -> B25 Pilot/5Pop&SlapX -> Preset	P024 16.0M	
E-MU Systems	Classic Series Vol. 15 - Bass Collection	F00 Designed by S&M. -> B25 Pilot/5Pop&SlapX -> Preset	P025 DanDeanProds,Inc	
E-MU Systems	Classic Series Vol. 15 - Bass Collection	F00 Designed by S&M. -> B25 Pilot/5Pop&SlapX -> Sample	S000 Pilot/5 Slap B0	
E-MU Systems	Classic Series Vol. 15 - Bass Collection	F00 Designed by S&M. -> B25 Pilot/5Pop&SlapX -> Sample	S001 Pilot/5 Slap C0	
E-MU Systems	Classic Series Vol. 15 - Bass Collection	F00 Designed by S&M. -> B25 Pilot/5Pop&SlapX -> Sample	S002 Pilot/5 Slap C#0	
E-MU Systems	Classic Series Vol. 15 - Bass Collection	F00 Designed by S&M. -> B25 Pilot/5Pop&SlapX -> Sample	S003 Pilot/5 Slap D0	
E-MU Systems	Classic Series Vol. 15 - Bass Collection	F00 Designed by S&M. -> B25 Pilot/5Pop&SlapX -> Sample	S004 Pilot/5 Slap D#0	
E-MU Systems	Classic Series Vol. 15 - Bass Collection	F00 Designed by S&M. -> B25 Pilot/5Pop&SlapX -> Sample	S005 Pilot/5 Slap E1	
E-MU Systems	Classic Series Vol. 15 - Bass Collection	F00 Designed by S&M. -> B25 Pilot/5Pop&SlapX -> Sample	S006 Pilot/5 Slap F1	
E-MU Systems	Classic Series Vol. 15 - Bass Collection	F00 Designed by S&M. -> B25 Pilot/5Pop&SlapX -> Sample	S007 Pilot/5 Slap F#1	
E-MU Systems	Classic Series Vol. 15 - Bass Collection	F00 Designed by S&M. -> B25 Pilot/5Pop&SlapX -> Sample	S008 Pilot/5 Slap G1	
E-MU Systems	Classic Series Vol. 15 - Bass Collection	F00 Designed by S&M. -> B25 Pilot/5Pop&SlapX -> Sample	S009 Pilot/5 Slap G#1	
E-MU Systems	Classic Series Vol. 15 - Bass Collection	F00 Designed by S&M. -> B25 Pilot/5Pop&SlapX -> Sample	S010 Pilot/5 Slap A1	
E-MU Systems	Classic Series Vol. 15 - Bass Collection	F00 Designed by S&M. -> B25 Pilot/5Pop&SlapX -> Sample	S011 Pilot/5 Slap A#1	
E-MU Systems	Classic Series Vol. 15 - Bass Collection	F00 Designed by S&M. -> B25 Pilot/5Pop&SlapX -> Sample	S012 Pilot/5 Slap B1	
E-MU Systems	Classic Series Vol. 15 - Bass Collection	F00 Designed by S&M. -> B25 Pilot/5Pop&SlapX -> Sample	S013 Pilot/5 Slap C1	
E-MU Systems	Classic Series Vol. 15 - Bass Collection	F00 Designed by S&M. -> B25 Pilot/5Pop&SlapX -> Sample	S014 Pilot/5 Slap C#1	
E-MU Systems	Classic Series Vol. 15 - Bass Collection	F00 Designed by S&M. -> B25 Pilot/5Pop&SlapX -> Sample	S015 Pilot/5 Slap D1	
E-MU Systems	Classic Series Vol. 15 - Bass Collection	F00 Designed by S&M. -> B25 Pilot/5Pop&SlapX -> Sample	S016 Pilot/5 Slap D#1	
E-MU Systems	Classic Series Vol. 15 - Bass Collection	F00 Designed by S&M. -> B25 Pilot/5Pop&SlapX -> Sample	S017 Pilot/5 Slap E2	
E-MU Systems	Classic Series Vol. 15 - Bass Collection	F00 Designed by S&M. -> B25 Pilot/5Pop&SlapX -> Sample	S018 Pilot/5 Slap F2	
E-MU Systems	Classic Series Vol. 15 - Bass Collection	F00 Designed by S&M. -> B25 Pilot/5Pop&SlapX -> Sample	S019 Pilot/5 Slap F#2	
E-MU Systems	Classic Series Vol. 15 - Bass Collection	F00 Designed by S&M. -> B25 Pilot/5Pop&SlapX -> Sample	S020 Pilot/5 Slap G2	
E-MU Systems	Classic Series Vol. 15 - Bass Collection	F00 Designed by S&M. -> B25 Pilot/5Pop&SlapX -> Sample	S021 Pilot/5 Slap G#2	
E-MU Systems	Classic Series Vol. 15 - Bass Collection	F00 Designed by S&M. -> B25 Pilot/5Pop&SlapX -> Sample	S022 Pilot/5 Slap A2	
E-MU Systems	Classic Series Vol. 15 - Bass Collection	F00 Designed by S&M. -> B25 Pilot/5Pop&SlapX -> Sample	S023 Pilot/5 Slap A#2	
E-MU Systems	Classic Series Vol. 15 - Bass Collection	F00 Designed by S&M. -> B25 Pilot/5Pop&SlapX -> Sample	S024 Pilot/5 Slap B2	
E-MU Systems	Classic Series Vol. 15 - Bass Collection	F00 Designed by S&M. -> B25 Pilot/5Pop&SlapX -> Sample	S025 Pilot/5 Slap C2	
E-MU Systems	Classic Series Vol. 15 - Bass Collection	F00 Designed by S&M. -> B25 Pilot/5Pop&SlapX -> Sample	S026 Pilot/5 Slap C#2	
E-MU Systems	Classic Series Vol. 15 - Bass Collection	F00 Designed by S&M. -> B25 Pilot/5Pop&SlapX -> Sample	S027 Pilot/5 Slap D2	
E-MU Systems	Classic Series Vol. 15 - Bass Collection	F00 Designed by S&M. -> B25 Pilot/5Pop&SlapX -> Sample	S028 Pilot/5 Slap D#2	
E-MU Systems	Classic Series Vol. 15 - Bass Collection	F00 Designed by S&M. -> B25 Pilot/5Pop&SlapX -> Sample	S029 Pilot/5 Slap E3	
E-MU Systems	Classic Series Vol. 15 - Bass Collection	F00 Designed by S&M. -> B25 Pilot/5Pop&SlapX -> Sample	S030 Pilot/5 Slap F3	
E-MU Systems	Classic Series Vol. 15 - Bass Collection	F00 Designed by S&M. -> B25 Pilot/5Pop&SlapX -> Sample	S031 Pilot/5 Slap F#3	
E-MU Systems	Classic Series Vol. 15 - Bass Collection	F00 Designed by S&M. -> B25 Pilot/5Pop&SlapX -> Sample	S032 Pilot/5 Slap G3	
E-MU Systems	Classic Series Vol. 15 - Bass Collection	F00 Designed by S&M. -> B25 Pilot/5Pop&SlapX -> Sample	S033 Pilot/5 Slap G#3	
E-MU Systems	Classic Series Vol. 15 - Bass Collection	F00 Designed by S&M. -> B25 Pilot/5Pop&SlapX -> Sample	S034 Pilot/5 Slap A3	
E-MU Systems	Classic Series Vol. 15 - Bass Collection	F00 Designed by S&M. -> B25 Pilot/5Pop&SlapX -> Sample	S035 Pilot/5 Slap A#3	
E-MU Systems	Classic Series Vol. 15 - Bass Collection	F00 Designed by S&M. -> B25 Pilot/5Pop&SlapX -> Sample	S036 Pilot/5 Slap B3	
E-MU Systems	Classic Series Vol. 15 - Bass Collection	F00 Designed by S&M. -> B25 Pilot/5Pop&SlapX -> Sample	S037 Pilot/5 Slap C3	
E-MU Systems	Classic Series Vol. 15 - Bass Collection	F00 Designed by S&M. -> B25 Pilot/5Pop&SlapX -> Sample	S038 Pilot/5 Slap C#3	
E-MU Systems	Classic Series Vol. 15 - Bass Collection	F00 Designed by S&M. -> B25 Pilot/5Pop&SlapX -> Sample	S039 Pilot/5 Slap D3	
E-MU Systems	Classic Series Vol. 15 - Bass Collection	F00 Designed by S&M. -> B25 Pilot/5Pop&SlapX -> Sample	S040 Pilot/5 Slap D#3	
E-MU Systems	Classic Series Vol. 15 - Bass Collection	F00 Designed by S&M. -> B25 Pilot/5Pop&SlapX -> Sample	S041 Pilot/5 Slap E4	
E-MU Systems	Classic Series Vol. 15 - Bass Collection	F00 Designed by S&M. -> B25 Pilot/5Pop&SlapX -> Sample	S042 Pilot/5 Slap F4	
E-MU Systems	Classic Series Vol. 15 - Bass Collection	F00 Designed by S&M. -> B25 Pilot/5Pop&SlapX -> Sample	S043 Pilot/5 Pop B0	
E-MU Systems	Classic Series Vol. 15 - Bass Collection	F00 Designed by S&M. -> B25 Pilot/5Pop&SlapX -> Sample	S044 Pilot/5 Pop C0	
E-MU Systems	Classic Series Vol. 15 - Bass Collection	F00 Designed by S&M. -> B25 Pilot/5Pop&SlapX -> Sample	S045 Pilot/5 Pop C#0	
E-MU Systems	Classic Series Vol. 15 - Bass Collection	F00 Designed by S&M. -> B25 Pilot/5Pop&SlapX -> Sample	S046 Pilot/5 Pop D0	
E-MU Systems	Classic Series Vol. 15 - Bass Collection	F00 Designed by S&M. -> B25 Pilot/5Pop&SlapX -> Sample	S047 Pilot/5 Pop D#0	
E-MU Systems	Classic Series Vol. 15 - Bass Collection	F00 Designed by S&M. -> B25 Pilot/5Pop&SlapX -> Sample	S048 Pilot/5 Pop E1	
E-MU Systems	Classic Series Vol. 15 - Bass Collection	F00 Designed by S&M. -> B25 Pilot/5Pop&SlapX -> Sample	S049 Pilot/5 Pop F1	
E-MU Systems	Classic Series Vol. 15 - Bass Collection	F00 Designed by S&M. -> B25 Pilot/5Pop&SlapX -> Sample	S050 Pilot/5 Pop F#1	
E-MU Systems	Classic Series Vol. 15 - Bass Collection	F00 Designed by S&M. -> B25 Pilot/5Pop&SlapX -> Sample	S051 Pilot/5 Pop G1	
E-MU Systems	Classic Series Vol. 15 - Bass Collection	F00 Designed by S&M. -> B25 Pilot/5Pop&SlapX -> Sample	S052 Pilot/5 Pop G#1	
E-MU Systems	Classic Series Vol. 15 - Bass Collection	F00 Designed by S&M. -> B25 Pilot/5Pop&SlapX -> Sample	S053 Pilot/5 Pop A1	
E-MU Systems	Classic Series Vol. 15 - Bass Collection	F00 Designed by S&M. -> B25 Pilot/5Pop&SlapX -> Sample	S054 Pilot/5 Pop A#1	
E-MU Systems	Classic Series Vol. 15 - Bass Collection	F00 Designed by S&M. -> B25 Pilot/5Pop&SlapX -> Sample	S055 Pilot/5 Pop B1	
E-MU Systems	Classic Series Vol. 15 - Bass Collection	F00 Designed by S&M. -> B25 Pilot/5Pop&SlapX -> Sample	S056 Pilot/5 Pop C1	
E-MU Systems	Classic Series Vol. 15 - Bass Collection	F00 Designed by S&M. -> B25 Pilot/5Pop&SlapX -> Sample	S057 Pilot/5 Pop C#1	
E-MU Systems	Classic Series Vol. 15 - Bass Collection	F00 Designed by S&M. -> B25 Pilot/5Pop&SlapX -> Sample	S058 Pilot/5 Pop D1	
E-MU Systems	Classic Series Vol. 15 - Bass Collection	F00 Designed by S&M. -> B25 Pilot/5Pop&SlapX -> Sample	S059 Pilot/5 Pop D#1	
E-MU Systems	Classic Series Vol. 15 - Bass Collection	F00 Designed by S&M. -> B25 Pilot/5Pop&SlapX -> Sample	S060 Pilot/5 Pop E2	
E-MU Systems	Classic Series Vol. 15 - Bass Collection	F00 Designed by S&M. -> B25 Pilot/5Pop&SlapX -> Sample	S061 Pilot/5 Pop F2	
E-MU Systems	Classic Series Vol. 15 - Bass Collection	F00 Designed by S&M. -> B25 Pilot/5Pop&SlapX -> Sample	S062 Pilot/5 Pop F#2	
E-MU Systems	Classic Series Vol. 15 - Bass Collection	F00 Designed by S&M. -> B25 Pilot/5Pop&SlapX -> Sample	S063 Pilot/5 Pop G2	
E-MU Systems	Classic Series Vol. 15 - Bass Collection	F00 Designed by S&M. -> B25 Pilot/5Pop&SlapX -> Sample	S064 Pilot/5 Pop G#2	
E-MU Systems	Classic Series Vol. 15 - Bass Collection	F00 Designed by S&M. -> B25 Pilot/5Pop&SlapX -> Sample	S065 Pilot/5 Pop A2	
E-MU Systems	Classic Series Vol. 15 - Bass Collection	F00 Designed by S&M. -> B25 Pilot/5Pop&SlapX -> Sample	S066 Pilot/5 Pop A#2	
E-MU Systems	Classic Series Vol. 15 - Bass Collection	F00 Designed by S&M. -> B25 Pilot/5Pop&SlapX -> Sample	S067 Pilot/5 Pop B2	
E-MU Systems	Classic Series Vol. 15 - Bass Collection	F00 Designed by S&M. -> B25 Pilot/5Pop&SlapX -> Sample	S068 Pilot/5 Pop C2	
E-MU Systems	Classic Series Vol. 15 - Bass Collection	F00 Designed by S&M. -> B25 Pilot/5Pop&SlapX -> Sample	S069 Pilot/5 Pop C#2	
E-MU Systems	Classic Series Vol. 15 - Bass Collection	F00 Designed by S&M. -> B25 Pilot/5Pop&SlapX -> Sample	S070 Pilot/5 Pop D2	
E-MU Systems	Classic Series Vol. 15 - Bass Collection	F00 Designed by S&M. -> B25 Pilot/5Pop&SlapX -> Sample	S071 Pilot/5 Pop D#2	
E-MU Systems	Classic Series Vol. 15 - Bass Collection	F00 Designed by S&M. -> B25 Pilot/5Pop&SlapX -> Sample	S072 Pilot/5 Pop E3	
E-MU Systems	Classic Series Vol. 15 - Bass Collection	F00 Designed by S&M. -> B25 Pilot/5Pop&SlapX -> Sample	S073 Pilot/5 Pop F3	
E-MU Systems	Classic Series Vol. 15 - Bass Collection	F00 Designed by S&M. -> B25 Pilot/5Pop&SlapX -> Sample	S074 Pilot/5 Pop F#3	
E-MU Systems	Classic Series Vol. 15 - Bass Collection	F00 Designed by S&M. -> B25 Pilot/5Pop&SlapX -> Sample	S075 Pilot/5 Pop G3	
E-MU Systems	Classic Series Vol. 15 - Bass Collection	F00 Designed by S&M. -> B25 Pilot/5Pop&SlapX -> Sample	S076 Pilot/5 Pop G#3	
E-MU Systems	Classic Series Vol. 15 - Bass Collection	F00 Designed by S&M. -> B25 Pilot/5Pop&SlapX -> Sample	S077 Pilot/5 Pop A3	
E-MU Systems	Classic Series Vol. 15 - Bass Collection	F00 Designed by S&M. -> B25 Pilot/5Pop&SlapX -> Sample	S078 Pilot/5 Pop A#3	
E-MU Systems	Classic Series Vol. 15 - Bass Collection	F00 Designed by S&M. -> B25 Pilot/5Pop&SlapX -> Sample	S079 Pilot/5 Pop B3	
E-MU Systems	Classic Series Vol. 15 - Bass Collection	F00 Designed by S&M. -> B25 Pilot/5Pop&SlapX -> Sample	S080 Pilot/5 Pop C3	
E-MU Systems	Classic Series Vol. 15 - Bass Collection	F00 Designed by S&M. -> B25 Pilot/5Pop&SlapX -> Sample	S081 Pilot/5 Pop C#3	
E-MU Systems	Classic Series Vol. 15 - Bass Collection	F00 Designed by S&M. -> B25 Pilot/5Pop&SlapX -> Sample	S082 Pilot/5 Pop D3	
E-MU Systems	Classic Series Vol. 15 - Bass Collection	F00 Designed by S&M. -> B25 Pilot/5Pop&SlapX -> Sample	S083 Pilot/5 Pop D#3	
E-MU Systems	Classic Series Vol. 15 - Bass Collection	F00 Designed by S&M. -> B25 Pilot/5Pop&SlapX -> Sample	S084 Pilot/5 Pop E4	
E-MU Systems	Classic Series Vol. 15 - Bass Collection	F00 Designed by S&M. -> B25 Pilot/5Pop&SlapX -> Sample	S085 Pilot/5 Pop F4	
E-MU Systems	Classic Series Vol. 15 - Bass Collection	F00 Designed by S&M. -> B26 Alembic PH 8M  X -> Preset	P000 Alembic PH	
E-MU Systems	Classic Series Vol. 15 - Bass Collection	F00 Designed by S&M. -> B26 Alembic PH 8M  X -> Preset	P001 Alembic PH Vel	
E-MU Systems	Classic Series Vol. 15 - Bass Collection	F00 Designed by S&M. -> B26 Alembic PH 8M  X -> Preset	P002 Alembic PH Chr	
E-MU Systems	Classic Series Vol. 15 - Bass Collection	F00 Designed by S&M. -> B26 Alembic PH 8M  X -> Preset	P003 Alembic PH ATLFO	
E-MU Systems	Classic Series Vol. 15 - Bass Collection	F00 Designed by S&M. -> B26 Alembic PH 8M  X -> Preset	P004 Alembic PH Octve	
E-MU Systems	Classic Series Vol. 15 - Bass Collection	F00 Designed by S&M. -> B26 Alembic PH 8M  X -> Preset	P005 Alembic PH Soft	
E-MU Systems	Classic Series Vol. 15 - Bass Collection	F00 Designed by S&M. -> B26 Alembic PH 8M  X -> Preset	P006 (206)232-6191	
E-MU Systems	Classic Series Vol. 15 - Bass Collection	F00 Designed by S&M. -> B26 Alembic PH 8M  X -> Preset	P007 DanDeanProds,Inc	
E-MU Systems	Classic Series Vol. 15 - Bass Collection	F00 Designed by S&M. -> B26 Alembic PH 8M  X -> Sample	S000 Alembic PH E1	
E-MU Systems	Classic Series Vol. 15 - Bass Collection	F00 Designed by S&M. -> B26 Alembic PH 8M  X -> Sample	S001 Alembic PH F#1	
E-MU Systems	Classic Series Vol. 15 - Bass Collection	F00 Designed by S&M. -> B26 Alembic PH 8M  X -> Sample	S002 Alembic PH G#1	
E-MU Systems	Classic Series Vol. 15 - Bass Collection	F00 Designed by S&M. -> B26 Alembic PH 8M  X -> Sample	S003 Alembic PH A#1	
E-MU Systems	Classic Series Vol. 15 - Bass Collection	F00 Designed by S&M. -> B26 Alembic PH 8M  X -> Sample	S004 Alembic PH C1	
E-MU Systems	Classic Series Vol. 15 - Bass Collection	F00 Designed by S&M. -> B26 Alembic PH 8M  X -> Sample	S005 Alembic PH D1	
E-MU Systems	Classic Series Vol. 15 - Bass Collection	F00 Designed by S&M. -> B26 Alembic PH 8M  X -> Sample	S006 Alembic PH E2	
E-MU Systems	Classic Series Vol. 15 - Bass Collection	F00 Designed by S&M. -> B26 Alembic PH 8M  X -> Sample	S007 Alembic PH F#2	
E-MU Systems	Classic Series Vol. 15 - Bass Collection	F00 Designed by S&M. -> B26 Alembic PH 8M  X -> Sample	S008 Alembic PH G#2	
E-MU Systems	Classic Series Vol. 15 - Bass Collection	F00 Designed by S&M. -> B26 Alembic PH 8M  X -> Sample	S009 Alembic PH A#2	
E-MU Systems	Classic Series Vol. 15 - Bass Collection	F00 Designed by S&M. -> B26 Alembic PH 8M  X -> Sample	S010 Alembic PH C2	
E-MU Systems	Classic Series Vol. 15 - Bass Collection	F00 Designed by S&M. -> B26 Alembic PH 8M  X -> Sample	S011 Alembic PH D2	
E-MU Systems	Classic Series Vol. 15 - Bass Collection	F00 Designed by S&M. -> B26 Alembic PH 8M  X -> Sample	S012 Alembic PH E3	
E-MU Systems	Classic Series Vol. 15 - Bass Collection	F00 Designed by S&M. -> B26 Alembic PH 8M  X -> Sample	S013 Alembic PH F#3	
E-MU Systems	Classic Series Vol. 15 - Bass Collection	F00 Designed by S&M. -> B26 Alembic PH 8M  X -> Sample	S014 Alembic PH G#3	
E-MU Systems	Classic Series Vol. 15 - Bass Collection	F00 Designed by S&M. -> B26 Alembic PH 8M  X -> Sample	S015 Alembic PH A#3	
E-MU Systems	Classic Series Vol. 15 - Bass Collection	F00 Designed by S&M. -> B26 Alembic PH 8M  X -> Sample	S016 Alembic PH C3	
E-MU Systems	Classic Series Vol. 15 - Bass Collection	F00 Designed by S&M. -> B26 Alembic PH 8M  X -> Sample	S017 Alembic PH D3	
E-MU Systems	Classic Series Vol. 15 - Bass Collection	F00 Designed by S&M. -> B26 Alembic PH 8M  X -> Sample	S018 Alembic PH E4	
E-MU Systems	Classic Series Vol. 15 - Bass Collection	F00 Designed by S&M. -> B26 Alembic PH 8M  X -> Sample	S019 Alembic PH F#4	
E-MU Systems	Classic Series Vol. 15 - Bass Collection	F00 Designed by S&M. -> B27 Alembic PM 8M  X -> Preset	P000 Alembic PM	
E-MU Systems	Classic Series Vol. 15 - Bass Collection	F00 Designed by S&M. -> B27 Alembic PM 8M  X -> Preset	P001 Alembic PM Vel	
E-MU Systems	Classic Series Vol. 15 - Bass Collection	F00 Designed by S&M. -> B27 Alembic PM 8M  X -> Preset	P002 Alembic PM Chr	
E-MU Systems	Classic Series Vol. 15 - Bass Collection	F00 Designed by S&M. -> B27 Alembic PM 8M  X -> Preset	P003 Alembic PM ATLFO	
E-MU Systems	Classic Series Vol. 15 - Bass Collection	F00 Designed by S&M. -> B27 Alembic PM 8M  X -> Preset	P004 Alembic PM Octve	
E-MU Systems	Classic Series Vol. 15 - Bass Collection	F00 Designed by S&M. -> B27 Alembic PM 8M  X -> Preset	P005 Alembic PM Soft	
E-MU Systems	Classic Series Vol. 15 - Bass Collection	F00 Designed by S&M. -> B27 Alembic PM 8M  X -> Preset	P006 (206)232-6191	
E-MU Systems	Classic Series Vol. 15 - Bass Collection	F00 Designed by S&M. -> B27 Alembic PM 8M  X -> Preset	P007 DanDeanProds,Inc	
E-MU Systems	Classic Series Vol. 15 - Bass Collection	F00 Designed by S&M. -> B27 Alembic PM 8M  X -> Sample	S000 Alembic PM E1	
E-MU Systems	Classic Series Vol. 15 - Bass Collection	F00 Designed by S&M. -> B27 Alembic PM 8M  X -> Sample	S001 Alembic PM F#1	
E-MU Systems	Classic Series Vol. 15 - Bass Collection	F00 Designed by S&M. -> B27 Alembic PM 8M  X -> Sample	S002 Alembic PM G#1	
E-MU Systems	Classic Series Vol. 15 - Bass Collection	F00 Designed by S&M. -> B27 Alembic PM 8M  X -> Sample	S003 Alembic PM A#1	
E-MU Systems	Classic Series Vol. 15 - Bass Collection	F00 Designed by S&M. -> B27 Alembic PM 8M  X -> Sample	S004 Alembic PM C1	
E-MU Systems	Classic Series Vol. 15 - Bass Collection	F00 Designed by S&M. -> B27 Alembic PM 8M  X -> Sample	S005 Alembic PM D1	
E-MU Systems	Classic Series Vol. 15 - Bass Collection	F00 Designed by S&M. -> B27 Alembic PM 8M  X -> Sample	S006 Alembic PM E2	
E-MU Systems	Classic Series Vol. 15 - Bass Collection	F00 Designed by S&M. -> B27 Alembic PM 8M  X -> Sample	S007 Alembic PM F#2	
E-MU Systems	Classic Series Vol. 15 - Bass Collection	F00 Designed by S&M. -> B27 Alembic PM 8M  X -> Sample	S008 Alembic PM G#2	
E-MU Systems	Classic Series Vol. 15 - Bass Collection	F00 Designed by S&M. -> B27 Alembic PM 8M  X -> Sample	S009 Alembic PM A#2	
E-MU Systems	Classic Series Vol. 15 - Bass Collection	F00 Designed by S&M. -> B27 Alembic PM 8M  X -> Sample	S010 Alembic PM C2	
E-MU Systems	Classic Series Vol. 15 - Bass Collection	F00 Designed by S&M. -> B27 Alembic PM 8M  X -> Sample	S011 Alembic PM D2	
E-MU Systems	Classic Series Vol. 15 - Bass Collection	F00 Designed by S&M. -> B27 Alembic PM 8M  X -> Sample	S012 Alembic PM E3	
E-MU Systems	Classic Series Vol. 15 - Bass Collection	F00 Designed by S&M. -> B27 Alembic PM 8M  X -> Sample	S013 Alembic PM F#3	
E-MU Systems	Classic Series Vol. 15 - Bass Collection	F00 Designed by S&M. -> B27 Alembic PM 8M  X -> Sample	S014 Alembic PM G#3	
E-MU Systems	Classic Series Vol. 15 - Bass Collection	F00 Designed by S&M. -> B27 Alembic PM 8M  X -> Sample	S015 Alembic PM A#3	
E-MU Systems	Classic Series Vol. 15 - Bass Collection	F00 Designed by S&M. -> B27 Alembic PM 8M  X -> Sample	S016 Alembic PM C3	
E-MU Systems	Classic Series Vol. 15 - Bass Collection	F00 Designed by S&M. -> B27 Alembic PM 8M  X -> Sample	S017 Alembic PM D3	
E-MU Systems	Classic Series Vol. 15 - Bass Collection	F00 Designed by S&M. -> B27 Alembic PM 8M  X -> Sample	S018 Alembic PM E4	
E-MU Systems	Classic Series Vol. 15 - Bass Collection	F00 Designed by S&M. -> B27 Alembic PM 8M  X -> Sample	S019 Alembic PM F#4	
E-MU Systems	Classic Series Vol. 15 - Bass Collection	F00 Designed by S&M. -> B28 Alembic FF 8M  X -> Preset	P000 Alembic FF	
E-MU Systems	Classic Series Vol. 15 - Bass Collection	F00 Designed by S&M. -> B28 Alembic FF 8M  X -> Preset	P001 Alembic FF Vel	
E-MU Systems	Classic Series Vol. 15 - Bass Collection	F00 Designed by S&M. -> B28 Alembic FF 8M  X -> Preset	P002 Alembic FF Chr	
E-MU Systems	Classic Series Vol. 15 - Bass Collection	F00 Designed by S&M. -> B28 Alembic FF 8M  X -> Preset	P003 Alembic FF ATLFO	
E-MU Systems	Classic Series Vol. 15 - Bass Collection	F00 Designed by S&M. -> B28 Alembic FF 8M  X -> Preset	P004 Alembic FF Octve	
E-MU Systems	Classic Series Vol. 15 - Bass Collection	F00 Designed by S&M. -> B28 Alembic FF 8M  X -> Preset	P005 Alembic FF Soft	
E-MU Systems	Classic Series Vol. 15 - Bass Collection	F00 Designed by S&M. -> B28 Alembic FF 8M  X -> Preset	P006 (206)232-6191	
E-MU Systems	Classic Series Vol. 15 - Bass Collection	F00 Designed by S&M. -> B28 Alembic FF 8M  X -> Preset	P007 DanDeanProds,Inc	
E-MU Systems	Classic Series Vol. 15 - Bass Collection	F00 Designed by S&M. -> B28 Alembic FF 8M  X -> Sample	S000 Alembic FF E1	
E-MU Systems	Classic Series Vol. 15 - Bass Collection	F00 Designed by S&M. -> B28 Alembic FF 8M  X -> Sample	S001 Alembic FF F#1	
E-MU Systems	Classic Series Vol. 15 - Bass Collection	F00 Designed by S&M. -> B28 Alembic FF 8M  X -> Sample	S002 Alembic FF G#1	
E-MU Systems	Classic Series Vol. 15 - Bass Collection	F00 Designed by S&M. -> B28 Alembic FF 8M  X -> Sample	S003 Alembic FF A#1	
E-MU Systems	Classic Series Vol. 15 - Bass Collection	F00 Designed by S&M. -> B28 Alembic FF 8M  X -> Sample	S004 Alembic FF C1	
E-MU Systems	Classic Series Vol. 15 - Bass Collection	F00 Designed by S&M. -> B28 Alembic FF 8M  X -> Sample	S005 Alembic FF D1	
E-MU Systems	Classic Series Vol. 15 - Bass Collection	F00 Designed by S&M. -> B28 Alembic FF 8M  X -> Sample	S006 Alembic FF E2	
E-MU Systems	Classic Series Vol. 15 - Bass Collection	F00 Designed by S&M. -> B28 Alembic FF 8M  X -> Sample	S007 Alembic FF F#2	
E-MU Systems	Classic Series Vol. 15 - Bass Collection	F00 Designed by S&M. -> B28 Alembic FF 8M  X -> Sample	S008 Alembic FF G#2	
E-MU Systems	Classic Series Vol. 15 - Bass Collection	F00 Designed by S&M. -> B28 Alembic FF 8M  X -> Sample	S009 Alembic FF A#2	
E-MU Systems	Classic Series Vol. 15 - Bass Collection	F00 Designed by S&M. -> B28 Alembic FF 8M  X -> Sample	S010 Alembic FF C2	
E-MU Systems	Classic Series Vol. 15 - Bass Collection	F00 Designed by S&M. -> B28 Alembic FF 8M  X -> Sample	S011 Alembic FF D2	
E-MU Systems	Classic Series Vol. 15 - Bass Collection	F00 Designed by S&M. -> B28 Alembic FF 8M  X -> Sample	S012 Alembic FF E3	
E-MU Systems	Classic Series Vol. 15 - Bass Collection	F00 Designed by S&M. -> B28 Alembic FF 8M  X -> Sample	S013 Alembic FF F#3	
E-MU Systems	Classic Series Vol. 15 - Bass Collection	F00 Designed by S&M. -> B28 Alembic FF 8M  X -> Sample	S014 Alembic FF G#3	
E-MU Systems	Classic Series Vol. 15 - Bass Collection	F00 Designed by S&M. -> B28 Alembic FF 8M  X -> Sample	S015 Alembic FF A#3	
E-MU Systems	Classic Series Vol. 15 - Bass Collection	F00 Designed by S&M. -> B28 Alembic FF 8M  X -> Sample	S016 Alembic FF C3	
E-MU Systems	Classic Series Vol. 15 - Bass Collection	F00 Designed by S&M. -> B28 Alembic FF 8M  X -> Sample	S017 Alembic FF D3	
E-MU Systems	Classic Series Vol. 15 - Bass Collection	F00 Designed by S&M. -> B28 Alembic FF 8M  X -> Sample	S018 Alembic FF E4	
E-MU Systems	Classic Series Vol. 15 - Bass Collection	F00 Designed by S&M. -> B28 Alembic FF 8M  X -> Sample	S019 Alembic FF F#4	
E-MU Systems	Classic Series Vol. 15 - Bass Collection	F00 Designed by S&M. -> B29 Alembic FH 2M  X -> Preset	P000 Alembic FH	
E-MU Systems	Classic Series Vol. 15 - Bass Collection	F00 Designed by S&M. -> B29 Alembic FH 2M  X -> Preset	P001 Alembic FH Vel	
E-MU Systems	Classic Series Vol. 15 - Bass Collection	F00 Designed by S&M. -> B29 Alembic FH 2M  X -> Preset	P002 Alembic FH Chrs	
E-MU Systems	Classic Series Vol. 15 - Bass Collection	F00 Designed by S&M. -> B29 Alembic FH 2M  X -> Preset	P003 Alembic FH ATLFO	
E-MU Systems	Classic Series Vol. 15 - Bass Collection	F00 Designed by S&M. -> B29 Alembic FH 2M  X -> Preset	P004 Alembic FH Octve	
E-MU Systems	Classic Series Vol. 15 - Bass Collection	F00 Designed by S&M. -> B29 Alembic FH 2M  X -> Preset	P005 Alembic FH Soft	
E-MU Systems	Classic Series Vol. 15 - Bass Collection	F00 Designed by S&M. -> B29 Alembic FH 2M  X -> Preset	P006 (206)232-6191	
E-MU Systems	Classic Series Vol. 15 - Bass Collection	F00 Designed by S&M. -> B29 Alembic FH 2M  X -> Preset	P007 DanDeanProds,Inc	
E-MU Systems	Classic Series Vol. 15 - Bass Collection	F00 Designed by S&M. -> B29 Alembic FH 2M  X -> Sample	S000 Alembic FH E1	
E-MU Systems	Classic Series Vol. 15 - Bass Collection	F00 Designed by S&M. -> B29 Alembic FH 2M  X -> Sample	S001 Alembic FH G#1	
E-MU Systems	Classic Series Vol. 15 - Bass Collection	F00 Designed by S&M. -> B29 Alembic FH 2M  X -> Sample	S002 Alembic FH C1	
E-MU Systems	Classic Series Vol. 15 - Bass Collection	F00 Designed by S&M. -> B29 Alembic FH 2M  X -> Sample	S003 Alembic FH E2	
E-MU Systems	Classic Series Vol. 15 - Bass Collection	F00 Designed by S&M. -> B29 Alembic FH 2M  X -> Sample	S004 Alembic FH G#2	
E-MU Systems	Classic Series Vol. 15 - Bass Collection	F00 Designed by S&M. -> B29 Alembic FH 2M  X -> Sample	S005 Alembic FH C2	
E-MU Systems	Classic Series Vol. 15 - Bass Collection	F00 Designed by S&M. -> B29 Alembic FH 2M  X -> Sample	S006 Alembic FH E3	
E-MU Systems	Classic Series Vol. 15 - Bass Collection	F00 Designed by S&M. -> B29 Alembic FH 2M  X -> Sample	S007 Alembic FH G#3	
E-MU Systems	Classic Series Vol. 15 - Bass Collection	F00 Designed by S&M. -> B29 Alembic FH 2M  X -> Sample	S008 Alembic FH C3	
E-MU Systems	Classic Series Vol. 15 - Bass Collection	F00 Designed by S&M. -> B29 Alembic FH 2M  X -> Sample	S009 Alembic FH E4	
E-MU Systems	Classic Series Vol. 15 - Bass Collection	F00 Designed by S&M. -> B30 Alembic FF 2M  X -> Preset	P000 Alembic FF	
E-MU Systems	Classic Series Vol. 15 - Bass Collection	F00 Designed by S&M. -> B30 Alembic FF 2M  X -> Preset	P001 Alembic FF Vel	
E-MU Systems	Classic Series Vol. 15 - Bass Collection	F00 Designed by S&M. -> B30 Alembic FF 2M  X -> Preset	P002 Alembic FF Chrs	
E-MU Systems	Classic Series Vol. 15 - Bass Collection	F00 Designed by S&M. -> B30 Alembic FF 2M  X -> Preset	P003 Alembic FF ATLFO	
E-MU Systems	Classic Series Vol. 15 - Bass Collection	F00 Designed by S&M. -> B30 Alembic FF 2M  X -> Preset	P004 Alembic FF Octve	
E-MU Systems	Classic Series Vol. 15 - Bass Collection	F00 Designed by S&M. -> B30 Alembic FF 2M  X -> Preset	P005 Alembic FF Soft	
E-MU Systems	Classic Series Vol. 15 - Bass Collection	F00 Designed by S&M. -> B30 Alembic FF 2M  X -> Preset	P006 (206)232-6191	
E-MU Systems	Classic Series Vol. 15 - Bass Collection	F00 Designed by S&M. -> B30 Alembic FF 2M  X -> Preset	P007 DanDeanProds,Inc	
E-MU Systems	Classic Series Vol. 15 - Bass Collection	F00 Designed by S&M. -> B30 Alembic FF 2M  X -> Sample	S000 Alembic FF E1	
E-MU Systems	Classic Series Vol. 15 - Bass Collection	F00 Designed by S&M. -> B30 Alembic FF 2M  X -> Sample	S001 Alembic FF G#1	
E-MU Systems	Classic Series Vol. 15 - Bass Collection	F00 Designed by S&M. -> B30 Alembic FF 2M  X -> Sample	S002 Alembic FF C1	
E-MU Systems	Classic Series Vol. 15 - Bass Collection	F00 Designed by S&M. -> B30 Alembic FF 2M  X -> Sample	S003 Alembic FF E2	
E-MU Systems	Classic Series Vol. 15 - Bass Collection	F00 Designed by S&M. -> B30 Alembic FF 2M  X -> Sample	S004 Alembic FF G#2	
E-MU Systems	Classic Series Vol. 15 - Bass Collection	F00 Designed by S&M. -> B30 Alembic FF 2M  X -> Sample	S005 Alembic FF C2	
E-MU Systems	Classic Series Vol. 15 - Bass Collection	F00 Designed by S&M. -> B30 Alembic FF 2M  X -> Sample	S006 Alembic FF E3	
E-MU Systems	Classic Series Vol. 15 - Bass Collection	F00 Designed by S&M. -> B30 Alembic FF 2M  X -> Sample	S007 Alembic FF G#3	
E-MU Systems	Classic Series Vol. 15 - Bass Collection	F00 Designed by S&M. -> B30 Alembic FF 2M  X -> Sample	S008 Alembic FF C3	
E-MU Systems	Classic Series Vol. 15 - Bass Collection	F00 Designed by S&M. -> B30 Alembic FF 2M  X -> Sample	S009 Alembic FF E4	
E-MU Systems	Classic Series Vol. 15 - Bass Collection	F00 Designed by S&M. -> B31 Alembic PM 2M  X -> Preset	P000 Alembic PM	
E-MU Systems	Classic Series Vol. 15 - Bass Collection	F00 Designed by S&M. -> B31 Alembic PM 2M  X -> Preset	P001 Alembic PM Vel	
E-MU Systems	Classic Series Vol. 15 - Bass Collection	F00 Designed by S&M. -> B31 Alembic PM 2M  X -> Preset	P002 Alembic PM Chrs	
E-MU Systems	Classic Series Vol. 15 - Bass Collection	F00 Designed by S&M. -> B31 Alembic PM 2M  X -> Preset	P003 Alembic PM ATLFO	
E-MU Systems	Classic Series Vol. 15 - Bass Collection	F00 Designed by S&M. -> B31 Alembic PM 2M  X -> Preset	P004 Alembic PM Octve	
E-MU Systems	Classic Series Vol. 15 - Bass Collection	F00 Designed by S&M. -> B31 Alembic PM 2M  X -> Preset	P005 Alembic PM Soft	
E-MU Systems	Classic Series Vol. 15 - Bass Collection	F00 Designed by S&M. -> B31 Alembic PM 2M  X -> Preset	P006 (206)232-6191	
E-MU Systems	Classic Series Vol. 15 - Bass Collection	F00 Designed by S&M. -> B31 Alembic PM 2M  X -> Preset	P007 DanDeanProds,Inc	
E-MU Systems	Classic Series Vol. 15 - Bass Collection	F00 Designed by S&M. -> B31 Alembic PM 2M  X -> Sample	S000 Alembic PM E1	
E-MU Systems	Classic Series Vol. 15 - Bass Collection	F00 Designed by S&M. -> B31 Alembic PM 2M  X -> Sample	S001 Alembic PM G#1	
E-MU Systems	Classic Series Vol. 15 - Bass Collection	F00 Designed by S&M. -> B31 Alembic PM 2M  X -> Sample	S002 Alembic PM C1	
E-MU Systems	Classic Series Vol. 15 - Bass Collection	F00 Designed by S&M. -> B31 Alembic PM 2M  X -> Sample	S003 Alembic PM E2	
E-MU Systems	Classic Series Vol. 15 - Bass Collection	F00 Designed by S&M. -> B31 Alembic PM 2M  X -> Sample	S004 Alembic PM G#2	
E-MU Systems	Classic Series Vol. 15 - Bass Collection	F00 Designed by S&M. -> B31 Alembic PM 2M  X -> Sample	S005 Alembic PM C2	
E-MU Systems	Classic Series Vol. 15 - Bass Collection	F00 Designed by S&M. -> B31 Alembic PM 2M  X -> Sample	S006 Alembic PM E3	
E-MU Systems	Classic Series Vol. 15 - Bass Collection	F00 Designed by S&M. -> B31 Alembic PM 2M  X -> Sample	S007 Alembic PM G#3	
E-MU Systems	Classic Series Vol. 15 - Bass Collection	F00 Designed by S&M. -> B31 Alembic PM 2M  X -> Sample	S008 Alembic PM C3	
E-MU Systems	Classic Series Vol. 15 - Bass Collection	F00 Designed by S&M. -> B31 Alembic PM 2M  X -> Sample	S009 Alembic PM E4	
E-MU Systems	Classic Series Vol. 15 - Bass Collection	F00 Designed by S&M. -> B32 Alembic PH 2M  X -> Preset	P000 Alembic PH	
E-MU Systems	Classic Series Vol. 15 - Bass Collection	F00 Designed by S&M. -> B32 Alembic PH 2M  X -> Preset	P001 Alembic PH Vel	
E-MU Systems	Classic Series Vol. 15 - Bass Collection	F00 Designed by S&M. -> B32 Alembic PH 2M  X -> Preset	P002 Alembic PH Chrs	
E-MU Systems	Classic Series Vol. 15 - Bass Collection	F00 Designed by S&M. -> B32 Alembic PH 2M  X -> Preset	P003 Alembic PH ATLFO	
E-MU Systems	Classic Series Vol. 15 - Bass Collection	F00 Designed by S&M. -> B32 Alembic PH 2M  X -> Preset	P004 Alembic PH Octve	
E-MU Systems	Classic Series Vol. 15 - Bass Collection	F00 Designed by S&M. -> B32 Alembic PH 2M  X -> Preset	P005 Alembic PH Soft	
E-MU Systems	Classic Series Vol. 15 - Bass Collection	F00 Designed by S&M. -> B32 Alembic PH 2M  X -> Preset	P006 (206)232-6191	
E-MU Systems	Classic Series Vol. 15 - Bass Collection	F00 Designed by S&M. -> B32 Alembic PH 2M  X -> Preset	P007 DanDeanProds,Inc	
E-MU Systems	Classic Series Vol. 15 - Bass Collection	F00 Designed by S&M. -> B32 Alembic PH 2M  X -> Sample	S000 Alembic PH E1	
E-MU Systems	Classic Series Vol. 15 - Bass Collection	F00 Designed by S&M. -> B32 Alembic PH 2M  X -> Sample	S001 Alembic PH G#1	
E-MU Systems	Classic Series Vol. 15 - Bass Collection	F00 Designed by S&M. -> B32 Alembic PH 2M  X -> Sample	S002 Alembic PH C1	
E-MU Systems	Classic Series Vol. 15 - Bass Collection	F00 Designed by S&M. -> B32 Alembic PH 2M  X -> Sample	S003 Alembic PH E2	
E-MU Systems	Classic Series Vol. 15 - Bass Collection	F00 Designed by S&M. -> B32 Alembic PH 2M  X -> Sample	S004 Alembic PH G#2	
E-MU Systems	Classic Series Vol. 15 - Bass Collection	F00 Designed by S&M. -> B32 Alembic PH 2M  X -> Sample	S005 Alembic PH C2	
E-MU Systems	Classic Series Vol. 15 - Bass Collection	F00 Designed by S&M. -> B32 Alembic PH 2M  X -> Sample	S006 Alembic PH E3	
E-MU Systems	Classic Series Vol. 15 - Bass Collection	F00 Designed by S&M. -> B32 Alembic PH 2M  X -> Sample	S007 Alembic PH G#3	
E-MU Systems	Classic Series Vol. 15 - Bass Collection	F00 Designed by S&M. -> B32 Alembic PH 2M  X -> Sample	S008 Alembic PH C3	
E-MU Systems	Classic Series Vol. 15 - Bass Collection	F00 Designed by S&M. -> B32 Alembic PH 2M  X -> Sample	S009 Alembic PH E4	
E-MU Systems	Classic Series Vol. 15 - Bass Collection	F00 Designed by S&M. -> B33 Alembic PF 2M  X -> Preset	P000 Alembic PF	
E-MU Systems	Classic Series Vol. 15 - Bass Collection	F00 Designed by S&M. -> B33 Alembic PF 2M  X -> Preset	P001 Alembic PF Vel	
E-MU Systems	Classic Series Vol. 15 - Bass Collection	F00 Designed by S&M. -> B33 Alembic PF 2M  X -> Preset	P002 Alembic PF Chrs	
E-MU Systems	Classic Series Vol. 15 - Bass Collection	F00 Designed by S&M. -> B33 Alembic PF 2M  X -> Preset	P003 Alembic PF ATLFO	
E-MU Systems	Classic Series Vol. 15 - Bass Collection	F00 Designed by S&M. -> B33 Alembic PF 2M  X -> Preset	P004 Alembic PF Octve	
E-MU Systems	Classic Series Vol. 15 - Bass Collection	F00 Designed by S&M. -> B33 Alembic PF 2M  X -> Preset	P005 Alembic PF Soft	
E-MU Systems	Classic Series Vol. 15 - Bass Collection	F00 Designed by S&M. -> B33 Alembic PF 2M  X -> Preset	P006 (206)232-6191	
E-MU Systems	Classic Series Vol. 15 - Bass Collection	F00 Designed by S&M. -> B33 Alembic PF 2M  X -> Preset	P007 DanDeanProds,Inc	
E-MU Systems	Classic Series Vol. 15 - Bass Collection	F00 Designed by S&M. -> B33 Alembic PF 2M  X -> Sample	S000 Alembic PF E1	
E-MU Systems	Classic Series Vol. 15 - Bass Collection	F00 Designed by S&M. -> B33 Alembic PF 2M  X -> Sample	S001 Alembic PF G#1	
E-MU Systems	Classic Series Vol. 15 - Bass Collection	F00 Designed by S&M. -> B33 Alembic PF 2M  X -> Sample	S002 Alembic PF C1	
E-MU Systems	Classic Series Vol. 15 - Bass Collection	F00 Designed by S&M. -> B33 Alembic PF 2M  X -> Sample	S003 Alembic PF E2	
E-MU Systems	Classic Series Vol. 15 - Bass Collection	F00 Designed by S&M. -> B33 Alembic PF 2M  X -> Sample	S004 Alembic PF G#2	
E-MU Systems	Classic Series Vol. 15 - Bass Collection	F00 Designed by S&M. -> B33 Alembic PF 2M  X -> Sample	S005 Alembic PF C2	
E-MU Systems	Classic Series Vol. 15 - Bass Collection	F00 Designed by S&M. -> B33 Alembic PF 2M  X -> Sample	S006 Alembic PF E3	
E-MU Systems	Classic Series Vol. 15 - Bass Collection	F00 Designed by S&M. -> B33 Alembic PF 2M  X -> Sample	S007 Alembic PF G#3	
E-MU Systems	Classic Series Vol. 15 - Bass Collection	F00 Designed by S&M. -> B33 Alembic PF 2M  X -> Sample	S008 Alembic PF C3	
E-MU Systems	Classic Series Vol. 15 - Bass Collection	F00 Designed by S&M. -> B33 Alembic PF 2M  X -> Sample	S009 Alembic PF E4	
E-MU Systems	Classic Series Vol. 15 - Bass Collection	F00 Designed by S&M. -> B34 Alembic Pop 2M X -> Preset	P000 Alembic Pop	
E-MU Systems	Classic Series Vol. 15 - Bass Collection	F00 Designed by S&M. -> B34 Alembic Pop 2M X -> Preset	P001 Alembic Pop Vel	
E-MU Systems	Classic Series Vol. 15 - Bass Collection	F00 Designed by S&M. -> B34 Alembic Pop 2M X -> Preset	P002 Alembic Pop Chrs	
E-MU Systems	Classic Series Vol. 15 - Bass Collection	F00 Designed by S&M. -> B34 Alembic Pop 2M X -> Preset	P003 AlembicPop ATLFO	
E-MU Systems	Classic Series Vol. 15 - Bass Collection	F00 Designed by S&M. -> B34 Alembic Pop 2M X -> Preset	P004 AlembicPop Octve	
E-MU Systems	Classic Series Vol. 15 - Bass Collection	F00 Designed by S&M. -> B34 Alembic Pop 2M X -> Preset	P005 Alembic Pop Soft	
E-MU Systems	Classic Series Vol. 15 - Bass Collection	F00 Designed by S&M. -> B34 Alembic Pop 2M X -> Preset	P006 (206)232-6191	
E-MU Systems	Classic Series Vol. 15 - Bass Collection	F00 Designed by S&M. -> B34 Alembic Pop 2M X -> Preset	P007 DanDeanProds,Inc	
E-MU Systems	Classic Series Vol. 15 - Bass Collection	F00 Designed by S&M. -> B34 Alembic Pop 2M X -> Sample	S000 Alembic Pop E1	
E-MU Systems	Classic Series Vol. 15 - Bass Collection	F00 Designed by S&M. -> B34 Alembic Pop 2M X -> Sample	S001 Alembic Pop G#1	
E-MU Systems	Classic Series Vol. 15 - Bass Collection	F00 Designed by S&M. -> B34 Alembic Pop 2M X -> Sample	S002 Alembic Pop C1	
E-MU Systems	Classic Series Vol. 15 - Bass Collection	F00 Designed by S&M. -> B34 Alembic Pop 2M X -> Sample	S003 Alembic Pop E2	
E-MU Systems	Classic Series Vol. 15 - Bass Collection	F00 Designed by S&M. -> B34 Alembic Pop 2M X -> Sample	S004 Alembic Pop G#2	
E-MU Systems	Classic Series Vol. 15 - Bass Collection	F00 Designed by S&M. -> B34 Alembic Pop 2M X -> Sample	S005 Alembic Pop C2	
E-MU Systems	Classic Series Vol. 15 - Bass Collection	F00 Designed by S&M. -> B34 Alembic Pop 2M X -> Sample	S006 Alembic Pop E3	
E-MU Systems	Classic Series Vol. 15 - Bass Collection	F00 Designed by S&M. -> B34 Alembic Pop 2M X -> Sample	S007 Alembic Pop G#3	
E-MU Systems	Classic Series Vol. 15 - Bass Collection	F00 Designed by S&M. -> B34 Alembic Pop 2M X -> Sample	S008 Alembic Pop C3	
E-MU Systems	Classic Series Vol. 15 - Bass Collection	F00 Designed by S&M. -> B34 Alembic Pop 2M X -> Sample	S009 Alembic Pop E4	
E-MU Systems	Classic Series Vol. 15 - Bass Collection	F00 Designed by S&M. -> B35 Alembic Slap 2MX -> Preset	P000 Alembic Slap	
E-MU Systems	Classic Series Vol. 15 - Bass Collection	F00 Designed by S&M. -> B35 Alembic Slap 2MX -> Preset	P001 Alembic Slap Vel	
E-MU Systems	Classic Series Vol. 15 - Bass Collection	F00 Designed by S&M. -> B35 Alembic Slap 2MX -> Preset	P002 AlembicSlap Chrs	
E-MU Systems	Classic Series Vol. 15 - Bass Collection	F00 Designed by S&M. -> B35 Alembic Slap 2MX -> Preset	P003 AlembicSlapATLFO	
E-MU Systems	Classic Series Vol. 15 - Bass Collection	F00 Designed by S&M. -> B35 Alembic Slap 2MX -> Preset	P004 AlembicSlapOctve	
E-MU Systems	Classic Series Vol. 15 - Bass Collection	F00 Designed by S&M. -> B35 Alembic Slap 2MX -> Preset	P005 AlembicSlap Soft	
E-MU Systems	Classic Series Vol. 15 - Bass Collection	F00 Designed by S&M. -> B35 Alembic Slap 2MX -> Preset	P006 (206)232-6191	
E-MU Systems	Classic Series Vol. 15 - Bass Collection	F00 Designed by S&M. -> B35 Alembic Slap 2MX -> Preset	P007 DanDeanProds,Inc	
E-MU Systems	Classic Series Vol. 15 - Bass Collection	F00 Designed by S&M. -> B35 Alembic Slap 2MX -> Sample	S000 Alembic Slap E1	
E-MU Systems	Classic Series Vol. 15 - Bass Collection	F00 Designed by S&M. -> B35 Alembic Slap 2MX -> Sample	S001 Alembic Slap G#1	
E-MU Systems	Classic Series Vol. 15 - Bass Collection	F00 Designed by S&M. -> B35 Alembic Slap 2MX -> Sample	S002 Alembic Slap C1	
E-MU Systems	Classic Series Vol. 15 - Bass Collection	F00 Designed by S&M. -> B35 Alembic Slap 2MX -> Sample	S003 Alembic Slap E2	
E-MU Systems	Classic Series Vol. 15 - Bass Collection	F00 Designed by S&M. -> B35 Alembic Slap 2MX -> Sample	S004 Alembic Slap G#2	
E-MU Systems	Classic Series Vol. 15 - Bass Collection	F00 Designed by S&M. -> B35 Alembic Slap 2MX -> Sample	S005 Alembic Slap C2	
E-MU Systems	Classic Series Vol. 15 - Bass Collection	F00 Designed by S&M. -> B35 Alembic Slap 2MX -> Sample	S006 Alembic Slap E3	
E-MU Systems	Classic Series Vol. 15 - Bass Collection	F00 Designed by S&M. -> B35 Alembic Slap 2MX -> Sample	S007 Alembic Slap G#3	
E-MU Systems	Classic Series Vol. 15 - Bass Collection	F00 Designed by S&M. -> B35 Alembic Slap 2MX -> Sample	S008 Alembic Slap C3	
E-MU Systems	Classic Series Vol. 15 - Bass Collection	F00 Designed by S&M. -> B35 Alembic Slap 2MX -> Sample	S009 Alembic Slap E4	
E-MU Systems	Classic Series Vol. 15 - Bass Collection	F00 Designed by S&M. -> B36 Fretless PF 2M X -> Preset	P000 Fretless PF	
E-MU Systems	Classic Series Vol. 15 - Bass Collection	F00 Designed by S&M. -> B36 Fretless PF 2M X -> Preset	P001 Fretless PF Vel	
E-MU Systems	Classic Series Vol. 15 - Bass Collection	F00 Designed by S&M. -> B36 Fretless PF 2M X -> Preset	P002 Fretless PF Chrs	
E-MU Systems	Classic Series Vol. 15 - Bass Collection	F00 Designed by S&M. -> B36 Fretless PF 2M X -> Preset	P003 FretlessPF ATLFO	
E-MU Systems	Classic Series Vol. 15 - Bass Collection	F00 Designed by S&M. -> B36 Fretless PF 2M X -> Preset	P004 FretlessPF Octve	
E-MU Systems	Classic Series Vol. 15 - Bass Collection	F00 Designed by S&M. -> B36 Fretless PF 2M X -> Preset	P005 Fretless PF Soft	
E-MU Systems	Classic Series Vol. 15 - Bass Collection	F00 Designed by S&M. -> B36 Fretless PF 2M X -> Preset	P006 (206)232-6191	
E-MU Systems	Classic Series Vol. 15 - Bass Collection	F00 Designed by S&M. -> B36 Fretless PF 2M X -> Preset	P007 DanDeanProds,Inc	
E-MU Systems	Classic Series Vol. 15 - Bass Collection	F00 Designed by S&M. -> B36 Fretless PF 2M X -> Sample	S000 Fretless PF E1	
E-MU Systems	Classic Series Vol. 15 - Bass Collection	F00 Designed by S&M. -> B36 Fretless PF 2M X -> Sample	S001 Fretless PF G#1	
E-MU Systems	Classic Series Vol. 15 - Bass Collection	F00 Designed by S&M. -> B36 Fretless PF 2M X -> Sample	S002 Fretless PF C1	
E-MU Systems	Classic Series Vol. 15 - Bass Collection	F00 Designed by S&M. -> B36 Fretless PF 2M X -> Sample	S003 Fretless PF E2	
E-MU Systems	Classic Series Vol. 15 - Bass Collection	F00 Designed by S&M. -> B36 Fretless PF 2M X -> Sample	S004 Fretless PF G#2	
E-MU Systems	Classic Series Vol. 15 - Bass Collection	F00 Designed by S&M. -> B36 Fretless PF 2M X -> Sample	S005 Fretless PF C2	
E-MU Systems	Classic Series Vol. 15 - Bass Collection	F00 Designed by S&M. -> B36 Fretless PF 2M X -> Sample	S006 Fretless PF E3	
E-MU Systems	Classic Series Vol. 15 - Bass Collection	F00 Designed by S&M. -> B36 Fretless PF 2M X -> Sample	S007 Fretless PF G#3	
E-MU Systems	Classic Series Vol. 15 - Bass Collection	F00 Designed by S&M. -> B36 Fretless PF 2M X -> Sample	S008 Fretless PF C3	
E-MU Systems	Classic Series Vol. 15 - Bass Collection	F00 Designed by S&M. -> B36 Fretless PF 2M X -> Sample	S009 Fretless PF E4	
E-MU Systems	Classic Series Vol. 15 - Bass Collection	F00 Designed by S&M. -> B37 Fretless PH 2M X -> Preset	P000 Fretless PH	
E-MU Systems	Classic Series Vol. 15 - Bass Collection	F00 Designed by S&M. -> B37 Fretless PH 2M X -> Preset	P001 Fretless PH Vel	
E-MU Systems	Classic Series Vol. 15 - Bass Collection	F00 Designed by S&M. -> B37 Fretless PH 2M X -> Preset	P002 Fretless PH Chrs	
E-MU Systems	Classic Series Vol. 15 - Bass Collection	F00 Designed by S&M. -> B37 Fretless PH 2M X -> Preset	P003 FretlessPH ATLFO	
E-MU Systems	Classic Series Vol. 15 - Bass Collection	F00 Designed by S&M. -> B37 Fretless PH 2M X -> Preset	P004 FretlessPH Octve	
E-MU Systems	Classic Series Vol. 15 - Bass Collection	F00 Designed by S&M. -> B37 Fretless PH 2M X -> Preset	P005 Fretless PH Soft	
E-MU Systems	Classic Series Vol. 15 - Bass Collection	F00 Designed by S&M. -> B37 Fretless PH 2M X -> Preset	P006 (206)232-6191	
E-MU Systems	Classic Series Vol. 15 - Bass Collection	F00 Designed by S&M. -> B37 Fretless PH 2M X -> Preset	P007 DanDeanProds,Inc	
E-MU Systems	Classic Series Vol. 15 - Bass Collection	F00 Designed by S&M. -> B37 Fretless PH 2M X -> Sample	S000 Fretless PH E1	
E-MU Systems	Classic Series Vol. 15 - Bass Collection	F00 Designed by S&M. -> B37 Fretless PH 2M X -> Sample	S001 Fretless PH G#1	
E-MU Systems	Classic Series Vol. 15 - Bass Collection	F00 Designed by S&M. -> B37 Fretless PH 2M X -> Sample	S002 Fretless PH C1	
E-MU Systems	Classic Series Vol. 15 - Bass Collection	F00 Designed by S&M. -> B37 Fretless PH 2M X -> Sample	S003 Fretless PH E2	
E-MU Systems	Classic Series Vol. 15 - Bass Collection	F00 Designed by S&M. -> B37 Fretless PH 2M X -> Sample	S004 Fretless PH G#2	
E-MU Systems	Classic Series Vol. 15 - Bass Collection	F00 Designed by S&M. -> B37 Fretless PH 2M X -> Sample	S005 Fretless PH C2	
E-MU Systems	Classic Series Vol. 15 - Bass Collection	F00 Designed by S&M. -> B37 Fretless PH 2M X -> Sample	S006 Fretless PH E3	
E-MU Systems	Classic Series Vol. 15 - Bass Collection	F00 Designed by S&M. -> B37 Fretless PH 2M X -> Sample	S007 Fretless PH G#3	
E-MU Systems	Classic Series Vol. 15 - Bass Collection	F00 Designed by S&M. -> B37 Fretless PH 2M X -> Sample	S008 Fretless PH C3	
E-MU Systems	Classic Series Vol. 15 - Bass Collection	F00 Designed by S&M. -> B37 Fretless PH 2M X -> Sample	S009 Fretless PH E4	
E-MU Systems	Classic Series Vol. 15 - Bass Collection	F00 Designed by S&M. -> B38 Fretless PM 2M X -> Preset	P000 Fretless PM	
E-MU Systems	Classic Series Vol. 15 - Bass Collection	F00 Designed by S&M. -> B38 Fretless PM 2M X -> Preset	P001 Fretless PM Vel	
E-MU Systems	Classic Series Vol. 15 - Bass Collection	F00 Designed by S&M. -> B38 Fretless PM 2M X -> Preset	P002 Fretless PM Chrs	
E-MU Systems	Classic Series Vol. 15 - Bass Collection	F00 Designed by S&M. -> B38 Fretless PM 2M X -> Preset	P003 FretlessPM ATLFO	
E-MU Systems	Classic Series Vol. 15 - Bass Collection	F00 Designed by S&M. -> B38 Fretless PM 2M X -> Preset	P004 FretlessPM Octve	
E-MU Systems	Classic Series Vol. 15 - Bass Collection	F00 Designed by S&M. -> B38 Fretless PM 2M X -> Preset	P005 Fretless PM Soft	
E-MU Systems	Classic Series Vol. 15 - Bass Collection	F00 Designed by S&M. -> B38 Fretless PM 2M X -> Preset	P006 (206)232-6191	
E-MU Systems	Classic Series Vol. 15 - Bass Collection	F00 Designed by S&M. -> B38 Fretless PM 2M X -> Preset	P007 DanDeanProds,Inc	
E-MU Systems	Classic Series Vol. 15 - Bass Collection	F00 Designed by S&M. -> B38 Fretless PM 2M X -> Sample	S000 Fretless PM E1	
E-MU Systems	Classic Series Vol. 15 - Bass Collection	F00 Designed by S&M. -> B38 Fretless PM 2M X -> Sample	S001 Fretless PM G#1	
E-MU Systems	Classic Series Vol. 15 - Bass Collection	F00 Designed by S&M. -> B38 Fretless PM 2M X -> Sample	S002 Fretless PM C1	
E-MU Systems	Classic Series Vol. 15 - Bass Collection	F00 Designed by S&M. -> B38 Fretless PM 2M X -> Sample	S003 Fretless PM E2	
E-MU Systems	Classic Series Vol. 15 - Bass Collection	F00 Designed by S&M. -> B38 Fretless PM 2M X -> Sample	S004 Fretless PM G#2	
E-MU Systems	Classic Series Vol. 15 - Bass Collection	F00 Designed by S&M. -> B38 Fretless PM 2M X -> Sample	S005 Fretless PM C2	
E-MU Systems	Classic Series Vol. 15 - Bass Collection	F00 Designed by S&M. -> B38 Fretless PM 2M X -> Sample	S006 Fretless PM E3	
E-MU Systems	Classic Series Vol. 15 - Bass Collection	F00 Designed by S&M. -> B38 Fretless PM 2M X -> Sample	S007 Fretless PM G#3	
E-MU Systems	Classic Series Vol. 15 - Bass Collection	F00 Designed by S&M. -> B38 Fretless PM 2M X -> Sample	S008 Fretless PM C3	
E-MU Systems	Classic Series Vol. 15 - Bass Collection	F00 Designed by S&M. -> B38 Fretless PM 2M X -> Sample	S009 Fretless PM E4	
E-MU Systems	Classic Series Vol. 15 - Bass Collection	F00 Designed by S&M. -> B39 Alembic FH 8M  X -> Preset	P000 Alembic FH	
E-MU Systems	Classic Series Vol. 15 - Bass Collection	F00 Designed by S&M. -> B39 Alembic FH 8M  X -> Preset	P001 Alembic FH Vel	
E-MU Systems	Classic Series Vol. 15 - Bass Collection	F00 Designed by S&M. -> B39 Alembic FH 8M  X -> Preset	P002 Alembic FH Chr	
E-MU Systems	Classic Series Vol. 15 - Bass Collection	F00 Designed by S&M. -> B39 Alembic FH 8M  X -> Preset	P003 Alembic FH ATLFO	
E-MU Systems	Classic Series Vol. 15 - Bass Collection	F00 Designed by S&M. -> B39 Alembic FH 8M  X -> Preset	P004 Alembic FH Octve	
E-MU Systems	Classic Series Vol. 15 - Bass Collection	F00 Designed by S&M. -> B39 Alembic FH 8M  X -> Preset	P005 Alembic FH Soft	
E-MU Systems	Classic Series Vol. 15 - Bass Collection	F00 Designed by S&M. -> B39 Alembic FH 8M  X -> Preset	P006 (206)232-6191	
E-MU Systems	Classic Series Vol. 15 - Bass Collection	F00 Designed by S&M. -> B39 Alembic FH 8M  X -> Preset	P007 DanDeanProds,Inc	
E-MU Systems	Classic Series Vol. 15 - Bass Collection	F00 Designed by S&M. -> B39 Alembic FH 8M  X -> Sample	S000 Alembic FH E1	
E-MU Systems	Classic Series Vol. 15 - Bass Collection	F00 Designed by S&M. -> B39 Alembic FH 8M  X -> Sample	S001 Alembic FH F#1	
E-MU Systems	Classic Series Vol. 15 - Bass Collection	F00 Designed by S&M. -> B39 Alembic FH 8M  X -> Sample	S002 Alembic FH G#1	
E-MU Systems	Classic Series Vol. 15 - Bass Collection	F00 Designed by S&M. -> B39 Alembic FH 8M  X -> Sample	S003 Alembic FH A#1	
E-MU Systems	Classic Series Vol. 15 - Bass Collection	F00 Designed by S&M. -> B39 Alembic FH 8M  X -> Sample	S004 Alembic FH C1	
E-MU Systems	Classic Series Vol. 15 - Bass Collection	F00 Designed by S&M. -> B39 Alembic FH 8M  X -> Sample	S005 Alembic FH D1	
E-MU Systems	Classic Series Vol. 15 - Bass Collection	F00 Designed by S&M. -> B39 Alembic FH 8M  X -> Sample	S006 Alembic FH E2	
E-MU Systems	Classic Series Vol. 15 - Bass Collection	F00 Designed by S&M. -> B39 Alembic FH 8M  X -> Sample	S007 Alembic FH F#2	
E-MU Systems	Classic Series Vol. 15 - Bass Collection	F00 Designed by S&M. -> B39 Alembic FH 8M  X -> Sample	S008 Alembic FH G#2	
E-MU Systems	Classic Series Vol. 15 - Bass Collection	F00 Designed by S&M. -> B39 Alembic FH 8M  X -> Sample	S009 Alembic FH A#2	
E-MU Systems	Classic Series Vol. 15 - Bass Collection	F00 Designed by S&M. -> B39 Alembic FH 8M  X -> Sample	S010 Alembic FH C2	
E-MU Systems	Classic Series Vol. 15 - Bass Collection	F00 Designed by S&M. -> B39 Alembic FH 8M  X -> Sample	S011 Alembic FH D2	
E-MU Systems	Classic Series Vol. 15 - Bass Collection	F00 Designed by S&M. -> B39 Alembic FH 8M  X -> Sample	S012 Alembic FH D3	
E-MU Systems	Classic Series Vol. 15 - Bass Collection	F00 Designed by S&M. -> B39 Alembic FH 8M  X -> Sample	S013 Alembic FH F#3	
E-MU Systems	Classic Series Vol. 15 - Bass Collection	F00 Designed by S&M. -> B39 Alembic FH 8M  X -> Sample	S014 Alembic FH G#3	
E-MU Systems	Classic Series Vol. 15 - Bass Collection	F00 Designed by S&M. -> B39 Alembic FH 8M  X -> Sample	S015 Alembic FH A#3	
E-MU Systems	Classic Series Vol. 15 - Bass Collection	F00 Designed by S&M. -> B39 Alembic FH 8M  X -> Sample	S016 Alembic FH C3	
E-MU Systems	Classic Series Vol. 15 - Bass Collection	F00 Designed by S&M. -> B39 Alembic FH 8M  X -> Sample	S017 Alembic FH D3(1)	
E-MU Systems	Classic Series Vol. 15 - Bass Collection	F00 Designed by S&M. -> B39 Alembic FH 8M  X -> Sample	S018 Alembic FH E4	
E-MU Systems	Classic Series Vol. 15 - Bass Collection	F00 Designed by S&M. -> B39 Alembic FH 8M  X -> Sample	S019 Alembic FH F#4	
E-MU Systems	Classic Series Vol. 15 - Bass Collection	F00 Designed by S&M. -> B40 AlembicPopSlp8MX -> Preset	P000 Alembic Pop/Slap	
E-MU Systems	Classic Series Vol. 15 - Bass Collection	F00 Designed by S&M. -> B40 AlembicPopSlp8MX -> Preset	P001 Alembic P/S Vel	
E-MU Systems	Classic Series Vol. 15 - Bass Collection	F00 Designed by S&M. -> B40 AlembicPopSlp8MX -> Preset	P002 Alembic P/S Chrs	
E-MU Systems	Classic Series Vol. 15 - Bass Collection	F00 Designed by S&M. -> B40 AlembicPopSlp8MX -> Preset	P003 AlembicP/S ATLFO	
E-MU Systems	Classic Series Vol. 15 - Bass Collection	F00 Designed by S&M. -> B40 AlembicPopSlp8MX -> Preset	P004 Alembic P/S VFLT	
E-MU Systems	Classic Series Vol. 15 - Bass Collection	F00 Designed by S&M. -> B40 AlembicPopSlp8MX -> Preset	P005 Alembic P/S Soft	
E-MU Systems	Classic Series Vol. 15 - Bass Collection	F00 Designed by S&M. -> B40 AlembicPopSlp8MX -> Preset	P006 Alembic Slap Vel	
E-MU Systems	Classic Series Vol. 15 - Bass Collection	F00 Designed by S&M. -> B40 AlembicPopSlp8MX -> Preset	P007 Alembic Slap Chr	
E-MU Systems	Classic Series Vol. 15 - Bass Collection	F00 Designed by S&M. -> B40 AlembicPopSlp8MX -> Preset	P008 AlembicSlapATLFO	
E-MU Systems	Classic Series Vol. 15 - Bass Collection	F00 Designed by S&M. -> B40 AlembicPopSlp8MX -> Preset	P009 AlembicSlapOctve	
E-MU Systems	Classic Series Vol. 15 - Bass Collection	F00 Designed by S&M. -> B40 AlembicPopSlp8MX -> Preset	P010 AlembicSlap Soft	
E-MU Systems	Classic Series Vol. 15 - Bass Collection	F00 Designed by S&M. -> B40 AlembicPopSlp8MX -> Preset	P011 Alembic Pop	
E-MU Systems	Classic Series Vol. 15 - Bass Collection	F00 Designed by S&M. -> B40 AlembicPopSlp8MX -> Preset	P012 Alembic Pop Vel	
E-MU Systems	Classic Series Vol. 15 - Bass Collection	F00 Designed by S&M. -> B40 AlembicPopSlp8MX -> Preset	P013 Alembic Pop Chr	
E-MU Systems	Classic Series Vol. 15 - Bass Collection	F00 Designed by S&M. -> B40 AlembicPopSlp8MX -> Preset	P014 AlembicPop ATLFO	
E-MU Systems	Classic Series Vol. 15 - Bass Collection	F00 Designed by S&M. -> B40 AlembicPopSlp8MX -> Preset	P015 AlembicPop Octve	
E-MU Systems	Classic Series Vol. 15 - Bass Collection	F00 Designed by S&M. -> B40 AlembicPopSlp8MX -> Preset	P016 Alembic Pop Soft	
E-MU Systems	Classic Series Vol. 15 - Bass Collection	F00 Designed by S&M. -> B40 AlembicPopSlp8MX -> Preset	P017 (206)232-6191	
E-MU Systems	Classic Series Vol. 15 - Bass Collection	F00 Designed by S&M. -> B40 AlembicPopSlp8MX -> Preset	P018 DanDeanProds,Inc	
E-MU Systems	Classic Series Vol. 15 - Bass Collection	F00 Designed by S&M. -> B40 AlembicPopSlp8MX -> Sample	S000 Alembic Slap E1	
E-MU Systems	Classic Series Vol. 15 - Bass Collection	F00 Designed by S&M. -> B40 AlembicPopSlp8MX -> Sample	S001 Alembic Slap F#1	
E-MU Systems	Classic Series Vol. 15 - Bass Collection	F00 Designed by S&M. -> B40 AlembicPopSlp8MX -> Sample	S002 Alembic Slap G#1	
E-MU Systems	Classic Series Vol. 15 - Bass Collection	F00 Designed by S&M. -> B40 AlembicPopSlp8MX -> Sample	S003 Alembic Slap A#1	
E-MU Systems	Classic Series Vol. 15 - Bass Collection	F00 Designed by S&M. -> B40 AlembicPopSlp8MX -> Sample	S004 Alembic Slap C1	
E-MU Systems	Classic Series Vol. 15 - Bass Collection	F00 Designed by S&M. -> B40 AlembicPopSlp8MX -> Sample	S005 Alembic Slap D1	
E-MU Systems	Classic Series Vol. 15 - Bass Collection	F00 Designed by S&M. -> B40 AlembicPopSlp8MX -> Sample	S006 Alembic Slap E2	
E-MU Systems	Classic Series Vol. 15 - Bass Collection	F00 Designed by S&M. -> B40 AlembicPopSlp8MX -> Sample	S007 Alembic Slap F#2	
E-MU Systems	Classic Series Vol. 15 - Bass Collection	F00 Designed by S&M. -> B40 AlembicPopSlp8MX -> Sample	S008 Alembic Slap G#2	
E-MU Systems	Classic Series Vol. 15 - Bass Collection	F00 Designed by S&M. -> B40 AlembicPopSlp8MX -> Sample	S009 Alembic Slap A#2	
E-MU Systems	Classic Series Vol. 15 - Bass Collection	F00 Designed by S&M. -> B40 AlembicPopSlp8MX -> Sample	S010 Alembic Slap C2	
E-MU Systems	Classic Series Vol. 15 - Bass Collection	F00 Designed by S&M. -> B40 AlembicPopSlp8MX -> Sample	S011 Alembic Slap D2	
E-MU Systems	Classic Series Vol. 15 - Bass Collection	F00 Designed by S&M. -> B40 AlembicPopSlp8MX -> Sample	S012 Alembic Slap E3	
E-MU Systems	Classic Series Vol. 15 - Bass Collection	F00 Designed by S&M. -> B40 AlembicPopSlp8MX -> Sample	S013 Alembic Slap F#3	
E-MU Systems	Classic Series Vol. 15 - Bass Collection	F00 Designed by S&M. -> B40 AlembicPopSlp8MX -> Sample	S014 Alembic Slap G#3	
E-MU Systems	Classic Series Vol. 15 - Bass Collection	F00 Designed by S&M. -> B40 AlembicPopSlp8MX -> Sample	S015 Alembic Slap A#3	
E-MU Systems	Classic Series Vol. 15 - Bass Collection	F00 Designed by S&M. -> B40 AlembicPopSlp8MX -> Sample	S016 Alembic Slap C3	
E-MU Systems	Classic Series Vol. 15 - Bass Collection	F00 Designed by S&M. -> B40 AlembicPopSlp8MX -> Sample	S017 Alembic Slap D3	
E-MU Systems	Classic Series Vol. 15 - Bass Collection	F00 Designed by S&M. -> B40 AlembicPopSlp8MX -> Sample	S018 Alembic Slap E4	
E-MU Systems	Classic Series Vol. 15 - Bass Collection	F00 Designed by S&M. -> B40 AlembicPopSlp8MX -> Sample	S019 Alembic Slap F#4	
E-MU Systems	Classic Series Vol. 15 - Bass Collection	F00 Designed by S&M. -> B40 AlembicPopSlp8MX -> Sample	S020 Alembic Pop E1	
E-MU Systems	Classic Series Vol. 15 - Bass Collection	F00 Designed by S&M. -> B40 AlembicPopSlp8MX -> Sample	S021 Alembic Pop F#1	
E-MU Systems	Classic Series Vol. 15 - Bass Collection	F00 Designed by S&M. -> B40 AlembicPopSlp8MX -> Sample	S022 Alembic Pop G#1	
E-MU Systems	Classic Series Vol. 15 - Bass Collection	F00 Designed by S&M. -> B40 AlembicPopSlp8MX -> Sample	S023 Alembic Pop A#1	
E-MU Systems	Classic Series Vol. 15 - Bass Collection	F00 Designed by S&M. -> B40 AlembicPopSlp8MX -> Sample	S024 Alembic Pop C1	
E-MU Systems	Classic Series Vol. 15 - Bass Collection	F00 Designed by S&M. -> B40 AlembicPopSlp8MX -> Sample	S025 Alembic Pop D1	
E-MU Systems	Classic Series Vol. 15 - Bass Collection	F00 Designed by S&M. -> B40 AlembicPopSlp8MX -> Sample	S026 Alembic Pop E2	
E-MU Systems	Classic Series Vol. 15 - Bass Collection	F00 Designed by S&M. -> B40 AlembicPopSlp8MX -> Sample	S027 Alembic Pop F#2	
E-MU Systems	Classic Series Vol. 15 - Bass Collection	F00 Designed by S&M. -> B40 AlembicPopSlp8MX -> Sample	S028 Alembic Pop G#2	
E-MU Systems	Classic Series Vol. 15 - Bass Collection	F00 Designed by S&M. -> B40 AlembicPopSlp8MX -> Sample	S029 Alembic Pop A#2	
E-MU Systems	Classic Series Vol. 15 - Bass Collection	F00 Designed by S&M. -> B40 AlembicPopSlp8MX -> Sample	S030 Alembic Pop C2	
E-MU Systems	Classic Series Vol. 15 - Bass Collection	F00 Designed by S&M. -> B40 AlembicPopSlp8MX -> Sample	S031 Alembic Pop D2	
E-MU Systems	Classic Series Vol. 15 - Bass Collection	F00 Designed by S&M. -> B40 AlembicPopSlp8MX -> Sample	S032 Alembic Pop E3	
E-MU Systems	Classic Series Vol. 15 - Bass Collection	F00 Designed by S&M. -> B40 AlembicPopSlp8MX -> Sample	S033 Alembic Pop F#3	
E-MU Systems	Classic Series Vol. 15 - Bass Collection	F00 Designed by S&M. -> B40 AlembicPopSlp8MX -> Sample	S034 Alembic Pop G#3	
E-MU Systems	Classic Series Vol. 15 - Bass Collection	F00 Designed by S&M. -> B40 AlembicPopSlp8MX -> Sample	S035 Alembic Pop A#3	
E-MU Systems	Classic Series Vol. 15 - Bass Collection	F00 Designed by S&M. -> B40 AlembicPopSlp8MX -> Sample	S036 Alembic Pop C3	
E-MU Systems	Classic Series Vol. 15 - Bass Collection	F00 Designed by S&M. -> B40 AlembicPopSlp8MX -> Sample	S037 Alembic Pop D3	
E-MU Systems	Classic Series Vol. 15 - Bass Collection	F00 Designed by S&M. -> B40 AlembicPopSlp8MX -> Sample	S038 Alembic Pop E4	
E-MU Systems	Classic Series Vol. 15 - Bass Collection	F00 Designed by S&M. -> B40 AlembicPopSlp8MX -> Sample	S039 Alembic Pop F#4	
E-MU Systems	Classic Series Vol. 15 - Bass Collection	F00 Designed by S&M. -> B41 FretlesPopSlp8MX -> Preset	P000 FretlessPop/Slap	
E-MU Systems	Classic Series Vol. 15 - Bass Collection	F00 Designed by S&M. -> B41 FretlesPopSlp8MX -> Preset	P001 Fretless P/S Vel	
E-MU Systems	Classic Series Vol. 15 - Bass Collection	F00 Designed by S&M. -> B41 FretlesPopSlp8MX -> Preset	P002 Fretless P/S Chr	
E-MU Systems	Classic Series Vol. 15 - Bass Collection	F00 Designed by S&M. -> B41 FretlesPopSlp8MX -> Preset	P003 FretlessP/SATLFO	
E-MU Systems	Classic Series Vol. 15 - Bass Collection	F00 Designed by S&M. -> B41 FretlesPopSlp8MX -> Preset	P004 FretlessP/S VFLT	
E-MU Systems	Classic Series Vol. 15 - Bass Collection	F00 Designed by S&M. -> B41 FretlesPopSlp8MX -> Preset	P005 FretlessP/S Soft	
E-MU Systems	Classic Series Vol. 15 - Bass Collection	F00 Designed by S&M. -> B41 FretlesPopSlp8MX -> Preset	P006 Fretless Pop Vel	
E-MU Systems	Classic Series Vol. 15 - Bass Collection	F00 Designed by S&M. -> B41 FretlesPopSlp8MX -> Preset	P007 Fretless Pop Chr	
E-MU Systems	Classic Series Vol. 15 - Bass Collection	F00 Designed by S&M. -> B41 FretlesPopSlp8MX -> Preset	P008 FretlessPopATLFO	
E-MU Systems	Classic Series Vol. 15 - Bass Collection	F00 Designed by S&M. -> B41 FretlesPopSlp8MX -> Preset	P009 FretlessPop Octv	
E-MU Systems	Classic Series Vol. 15 - Bass Collection	F00 Designed by S&M. -> B41 FretlesPopSlp8MX -> Preset	P010 FretlessPop Soft	
E-MU Systems	Classic Series Vol. 15 - Bass Collection	F00 Designed by S&M. -> B41 FretlesPopSlp8MX -> Preset	P011 Fretless Slap	
E-MU Systems	Classic Series Vol. 15 - Bass Collection	F00 Designed by S&M. -> B41 FretlesPopSlp8MX -> Preset	P012 FretlessSlap Vel	
E-MU Systems	Classic Series Vol. 15 - Bass Collection	F00 Designed by S&M. -> B41 FretlesPopSlp8MX -> Preset	P013 FretlessSlap Chr	
E-MU Systems	Classic Series Vol. 15 - Bass Collection	F00 Designed by S&M. -> B41 FretlesPopSlp8MX -> Preset	P014 FretlessSlpATLFO	
E-MU Systems	Classic Series Vol. 15 - Bass Collection	F00 Designed by S&M. -> B41 FretlesPopSlp8MX -> Preset	P015 FretlssSlap Octv	
E-MU Systems	Classic Series Vol. 15 - Bass Collection	F00 Designed by S&M. -> B41 FretlesPopSlp8MX -> Preset	P016 FretlessSlapSoft	
E-MU Systems	Classic Series Vol. 15 - Bass Collection	F00 Designed by S&M. -> B41 FretlesPopSlp8MX -> Preset	P017 (206)232-6191	
E-MU Systems	Classic Series Vol. 15 - Bass Collection	F00 Designed by S&M. -> B41 FretlesPopSlp8MX -> Preset	P018 DanDeanProds,Inc	
E-MU Systems	Classic Series Vol. 15 - Bass Collection	F00 Designed by S&M. -> B41 FretlesPopSlp8MX -> Sample	S000 Fretless Pop E1	
E-MU Systems	Classic Series Vol. 15 - Bass Collection	F00 Designed by S&M. -> B41 FretlesPopSlp8MX -> Sample	S001 Fretless Pop F#1	
E-MU Systems	Classic Series Vol. 15 - Bass Collection	F00 Designed by S&M. -> B41 FretlesPopSlp8MX -> Sample	S002 Fretless Pop G#1	
E-MU Systems	Classic Series Vol. 15 - Bass Collection	F00 Designed by S&M. -> B41 FretlesPopSlp8MX -> Sample	S003 Fretless Pop A#1	
E-MU Systems	Classic Series Vol. 15 - Bass Collection	F00 Designed by S&M. -> B41 FretlesPopSlp8MX -> Sample	S004 Fretless Pop C1	
E-MU Systems	Classic Series Vol. 15 - Bass Collection	F00 Designed by S&M. -> B41 FretlesPopSlp8MX -> Sample	S005 Fretless Pop D1	
E-MU Systems	Classic Series Vol. 15 - Bass Collection	F00 Designed by S&M. -> B41 FretlesPopSlp8MX -> Sample	S006 Fretless Pop E2	
E-MU Systems	Classic Series Vol. 15 - Bass Collection	F00 Designed by S&M. -> B41 FretlesPopSlp8MX -> Sample	S007 Fretless Pop F#2	
E-MU Systems	Classic Series Vol. 15 - Bass Collection	F00 Designed by S&M. -> B41 FretlesPopSlp8MX -> Sample	S008 Fretless Pop G#2	
E-MU Systems	Classic Series Vol. 15 - Bass Collection	F00 Designed by S&M. -> B41 FretlesPopSlp8MX -> Sample	S009 Fretless Pop A#2	
E-MU Systems	Classic Series Vol. 15 - Bass Collection	F00 Designed by S&M. -> B41 FretlesPopSlp8MX -> Sample	S010 Fretless Pop C2	
E-MU Systems	Classic Series Vol. 15 - Bass Collection	F00 Designed by S&M. -> B41 FretlesPopSlp8MX -> Sample	S011 Fretless Pop D2	
E-MU Systems	Classic Series Vol. 15 - Bass Collection	F00 Designed by S&M. -> B41 FretlesPopSlp8MX -> Sample	S012 Fretless Pop E3	
E-MU Systems	Classic Series Vol. 15 - Bass Collection	F00 Designed by S&M. -> B41 FretlesPopSlp8MX -> Sample	S013 Fretless Pop F#3	
E-MU Systems	Classic Series Vol. 15 - Bass Collection	F00 Designed by S&M. -> B41 FretlesPopSlp8MX -> Sample	S014 Fretless Pop G#3	
E-MU Systems	Classic Series Vol. 15 - Bass Collection	F00 Designed by S&M. -> B41 FretlesPopSlp8MX -> Sample	S015 Fretless Pop A#3	
E-MU Systems	Classic Series Vol. 15 - Bass Collection	F00 Designed by S&M. -> B41 FretlesPopSlp8MX -> Sample	S016 Fretless Pop C3	
E-MU Systems	Classic Series Vol. 15 - Bass Collection	F00 Designed by S&M. -> B41 FretlesPopSlp8MX -> Sample	S017 Fretless Pop D3	
E-MU Systems	Classic Series Vol. 15 - Bass Collection	F00 Designed by S&M. -> B41 FretlesPopSlp8MX -> Sample	S018 Fretless Pop E4	
E-MU Systems	Classic Series Vol. 15 - Bass Collection	F00 Designed by S&M. -> B41 FretlesPopSlp8MX -> Sample	S019 Fretless Pop F#4	
E-MU Systems	Classic Series Vol. 15 - Bass Collection	F00 Designed by S&M. -> B41 FretlesPopSlp8MX -> Sample	S020 FretlessSlap E1	
E-MU Systems	Classic Series Vol. 15 - Bass Collection	F00 Designed by S&M. -> B41 FretlesPopSlp8MX -> Sample	S021 FretlessSlap F#1	
E-MU Systems	Classic Series Vol. 15 - Bass Collection	F00 Designed by S&M. -> B41 FretlesPopSlp8MX -> Sample	S022 FretlessSlap G#1	
E-MU Systems	Classic Series Vol. 15 - Bass Collection	F00 Designed by S&M. -> B41 FretlesPopSlp8MX -> Sample	S023 FretlessSlap A#1	
E-MU Systems	Classic Series Vol. 15 - Bass Collection	F00 Designed by S&M. -> B41 FretlesPopSlp8MX -> Sample	S024 FretlessSlap C1	
E-MU Systems	Classic Series Vol. 15 - Bass Collection	F00 Designed by S&M. -> B41 FretlesPopSlp8MX -> Sample	S025 FretlessSlap D1	
E-MU Systems	Classic Series Vol. 15 - Bass Collection	F00 Designed by S&M. -> B41 FretlesPopSlp8MX -> Sample	S026 FretlessSlap E2	
E-MU Systems	Classic Series Vol. 15 - Bass Collection	F00 Designed by S&M. -> B41 FretlesPopSlp8MX -> Sample	S027 FretlessSlap F#2	
E-MU Systems	Classic Series Vol. 15 - Bass Collection	F00 Designed by S&M. -> B41 FretlesPopSlp8MX -> Sample	S028 FretlessSlap G#2	
E-MU Systems	Classic Series Vol. 15 - Bass Collection	F00 Designed by S&M. -> B41 FretlesPopSlp8MX -> Sample	S029 FretlessSlap A#2	
E-MU Systems	Classic Series Vol. 15 - Bass Collection	F00 Designed by S&M. -> B41 FretlesPopSlp8MX -> Sample	S030 FretlessSlap C2	
E-MU Systems	Classic Series Vol. 15 - Bass Collection	F00 Designed by S&M. -> B41 FretlesPopSlp8MX -> Sample	S031 FretlessSlap D2	
E-MU Systems	Classic Series Vol. 15 - Bass Collection	F00 Designed by S&M. -> B41 FretlesPopSlp8MX -> Sample	S032 FretlessSlap E3	
E-MU Systems	Classic Series Vol. 15 - Bass Collection	F00 Designed by S&M. -> B41 FretlesPopSlp8MX -> Sample	S033 FretlessSlap F#3	
E-MU Systems	Classic Series Vol. 15 - Bass Collection	F00 Designed by S&M. -> B41 FretlesPopSlp8MX -> Sample	S034 FretlessSlap G#3	
E-MU Systems	Classic Series Vol. 15 - Bass Collection	F00 Designed by S&M. -> B41 FretlesPopSlp8MX -> Sample	S035 FretlessSlap A#3	
E-MU Systems	Classic Series Vol. 15 - Bass Collection	F00 Designed by S&M. -> B41 FretlesPopSlp8MX -> Sample	S036 FretlessSlap C3	
E-MU Systems	Classic Series Vol. 15 - Bass Collection	F00 Designed by S&M. -> B41 FretlesPopSlp8MX -> Sample	S037 FretlessSlap D3	
E-MU Systems	Classic Series Vol. 15 - Bass Collection	F00 Designed by S&M. -> B41 FretlesPopSlp8MX -> Sample	S038 FretlessSlap E4	
E-MU Systems	Classic Series Vol. 15 - Bass Collection	F00 Designed by S&M. -> B41 FretlesPopSlp8MX -> Sample	S039 FretlessSlap F#4	
E-MU Systems	Classic Series Vol. 15 - Bass Collection	F00 Designed by S&M. -> B42 Fretless PF 8M X -> Preset	P000 Fretless PF	
E-MU Systems	Classic Series Vol. 15 - Bass Collection	F00 Designed by S&M. -> B42 Fretless PF 8M X -> Preset	P001 Fretless PF Vel	
E-MU Systems	Classic Series Vol. 15 - Bass Collection	F00 Designed by S&M. -> B42 Fretless PF 8M X -> Preset	P002 Fretless PF Chr	
E-MU Systems	Classic Series Vol. 15 - Bass Collection	F00 Designed by S&M. -> B42 Fretless PF 8M X -> Preset	P003 FretlessPF ATLFO	
E-MU Systems	Classic Series Vol. 15 - Bass Collection	F00 Designed by S&M. -> B42 Fretless PF 8M X -> Preset	P004 FretlessPF Octve	
E-MU Systems	Classic Series Vol. 15 - Bass Collection	F00 Designed by S&M. -> B42 Fretless PF 8M X -> Preset	P005 Fretless PF Soft	
E-MU Systems	Classic Series Vol. 15 - Bass Collection	F00 Designed by S&M. -> B42 Fretless PF 8M X -> Preset	P006 (206)232-6191	
E-MU Systems	Classic Series Vol. 15 - Bass Collection	F00 Designed by S&M. -> B42 Fretless PF 8M X -> Preset	P007 DanDeanProds,Inc	
E-MU Systems	Classic Series Vol. 15 - Bass Collection	F00 Designed by S&M. -> B42 Fretless PF 8M X -> Sample	S000 Fretless PF E1	
E-MU Systems	Classic Series Vol. 15 - Bass Collection	F00 Designed by S&M. -> B42 Fretless PF 8M X -> Sample	S001 Fretless PF F#1	
E-MU Systems	Classic Series Vol. 15 - Bass Collection	F00 Designed by S&M. -> B42 Fretless PF 8M X -> Sample	S002 Fretless PF G#1	
E-MU Systems	Classic Series Vol. 15 - Bass Collection	F00 Designed by S&M. -> B42 Fretless PF 8M X -> Sample	S003 Fretless PF A#1	
E-MU Systems	Classic Series Vol. 15 - Bass Collection	F00 Designed by S&M. -> B42 Fretless PF 8M X -> Sample	S004 Fretless PF C1	
E-MU Systems	Classic Series Vol. 15 - Bass Collection	F00 Designed by S&M. -> B42 Fretless PF 8M X -> Sample	S005 Fretless PF D1	
E-MU Systems	Classic Series Vol. 15 - Bass Collection	F00 Designed by S&M. -> B42 Fretless PF 8M X -> Sample	S006 Fretless PF E2	
E-MU Systems	Classic Series Vol. 15 - Bass Collection	F00 Designed by S&M. -> B42 Fretless PF 8M X -> Sample	S007 Fretless PF F#2	
E-MU Systems	Classic Series Vol. 15 - Bass Collection	F00 Designed by S&M. -> B42 Fretless PF 8M X -> Sample	S008 Fretless PF G#2	
E-MU Systems	Classic Series Vol. 15 - Bass Collection	F00 Designed by S&M. -> B42 Fretless PF 8M X -> Sample	S009 Fretless PF A#2	
E-MU Systems	Classic Series Vol. 15 - Bass Collection	F00 Designed by S&M. -> B42 Fretless PF 8M X -> Sample	S010 Fretless PF C2	
E-MU Systems	Classic Series Vol. 15 - Bass Collection	F00 Designed by S&M. -> B42 Fretless PF 8M X -> Sample	S011 Fretless PF D2	
E-MU Systems	Classic Series Vol. 15 - Bass Collection	F00 Designed by S&M. -> B42 Fretless PF 8M X -> Sample	S012 Fretless PF E3	
E-MU Systems	Classic Series Vol. 15 - Bass Collection	F00 Designed by S&M. -> B42 Fretless PF 8M X -> Sample	S013 Fretless PF F#3	
E-MU Systems	Classic Series Vol. 15 - Bass Collection	F00 Designed by S&M. -> B42 Fretless PF 8M X -> Sample	S014 Fretless PF G#3	
E-MU Systems	Classic Series Vol. 15 - Bass Collection	F00 Designed by S&M. -> B42 Fretless PF 8M X -> Sample	S015 Fretless PF A#3	
E-MU Systems	Classic Series Vol. 15 - Bass Collection	F00 Designed by S&M. -> B42 Fretless PF 8M X -> Sample	S016 Fretless PF C3	
E-MU Systems	Classic Series Vol. 15 - Bass Collection	F00 Designed by S&M. -> B42 Fretless PF 8M X -> Sample	S017 Fretless PF D3	
E-MU Systems	Classic Series Vol. 15 - Bass Collection	F00 Designed by S&M. -> B42 Fretless PF 8M X -> Sample	S018 Fretless PF E4	
E-MU Systems	Classic Series Vol. 15 - Bass Collection	F00 Designed by S&M. -> B42 Fretless PF 8M X -> Sample	S019 Fretless PF F#4	
E-MU Systems	Classic Series Vol. 15 - Bass Collection	F00 Designed by S&M. -> B43 Fretless PH 8M X -> Preset	P000 Fretless PH	
E-MU Systems	Classic Series Vol. 15 - Bass Collection	F00 Designed by S&M. -> B43 Fretless PH 8M X -> Preset	P001 Fretless PH Vel	
E-MU Systems	Classic Series Vol. 15 - Bass Collection	F00 Designed by S&M. -> B43 Fretless PH 8M X -> Preset	P002 Fretless PH Chr	
E-MU Systems	Classic Series Vol. 15 - Bass Collection	F00 Designed by S&M. -> B43 Fretless PH 8M X -> Preset	P003 FretlessPH ATLFO	
E-MU Systems	Classic Series Vol. 15 - Bass Collection	F00 Designed by S&M. -> B43 Fretless PH 8M X -> Preset	P004 FretlessPH Octve	
E-MU Systems	Classic Series Vol. 15 - Bass Collection	F00 Designed by S&M. -> B43 Fretless PH 8M X -> Preset	P005 Fretless PH Soft	
E-MU Systems	Classic Series Vol. 15 - Bass Collection	F00 Designed by S&M. -> B43 Fretless PH 8M X -> Preset	P006 (206)232-6191	
E-MU Systems	Classic Series Vol. 15 - Bass Collection	F00 Designed by S&M. -> B43 Fretless PH 8M X -> Preset	P007 DanDeanProds,Inc	
E-MU Systems	Classic Series Vol. 15 - Bass Collection	F00 Designed by S&M. -> B43 Fretless PH 8M X -> Sample	S000 Fretless PH E1	
E-MU Systems	Classic Series Vol. 15 - Bass Collection	F00 Designed by S&M. -> B43 Fretless PH 8M X -> Sample	S001 Fretless PH F#1	
E-MU Systems	Classic Series Vol. 15 - Bass Collection	F00 Designed by S&M. -> B43 Fretless PH 8M X -> Sample	S002 Fretless PH G#1	
E-MU Systems	Classic Series Vol. 15 - Bass Collection	F00 Designed by S&M. -> B43 Fretless PH 8M X -> Sample	S003 Fretless PH A#1	
E-MU Systems	Classic Series Vol. 15 - Bass Collection	F00 Designed by S&M. -> B43 Fretless PH 8M X -> Sample	S004 Fretless PH C1	
E-MU Systems	Classic Series Vol. 15 - Bass Collection	F00 Designed by S&M. -> B43 Fretless PH 8M X -> Sample	S005 Fretless PH D1	
E-MU Systems	Classic Series Vol. 15 - Bass Collection	F00 Designed by S&M. -> B43 Fretless PH 8M X -> Sample	S006 Fretless PH E2	
E-MU Systems	Classic Series Vol. 15 - Bass Collection	F00 Designed by S&M. -> B43 Fretless PH 8M X -> Sample	S007 Fretless PH F#2	
E-MU Systems	Classic Series Vol. 15 - Bass Collection	F00 Designed by S&M. -> B43 Fretless PH 8M X -> Sample	S008 Fretless PH G#2	
E-MU Systems	Classic Series Vol. 15 - Bass Collection	F00 Designed by S&M. -> B43 Fretless PH 8M X -> Sample	S009 Fretless PH A#2	
E-MU Systems	Classic Series Vol. 15 - Bass Collection	F00 Designed by S&M. -> B43 Fretless PH 8M X -> Sample	S010 Fretless PH C2	
E-MU Systems	Classic Series Vol. 15 - Bass Collection	F00 Designed by S&M. -> B43 Fretless PH 8M X -> Sample	S011 Fretless PH D2	
E-MU Systems	Classic Series Vol. 15 - Bass Collection	F00 Designed by S&M. -> B43 Fretless PH 8M X -> Sample	S012 Fretless PH E3	
E-MU Systems	Classic Series Vol. 15 - Bass Collection	F00 Designed by S&M. -> B43 Fretless PH 8M X -> Sample	S013 Fretless PH F#3	
E-MU Systems	Classic Series Vol. 15 - Bass Collection	F00 Designed by S&M. -> B43 Fretless PH 8M X -> Sample	S014 Fretless PH G#3	
E-MU Systems	Classic Series Vol. 15 - Bass Collection	F00 Designed by S&M. -> B43 Fretless PH 8M X -> Sample	S015 Fretless PH A#3	
E-MU Systems	Classic Series Vol. 15 - Bass Collection	F00 Designed by S&M. -> B43 Fretless PH 8M X -> Sample	S016 Fretless PH C3	
E-MU Systems	Classic Series Vol. 15 - Bass Collection	F00 Designed by S&M. -> B43 Fretless PH 8M X -> Sample	S017 Fretless PH D3	
E-MU Systems	Classic Series Vol. 15 - Bass Collection	F00 Designed by S&M. -> B43 Fretless PH 8M X -> Sample	S018 Fretless PH E4	
E-MU Systems	Classic Series Vol. 15 - Bass Collection	F00 Designed by S&M. -> B43 Fretless PH 8M X -> Sample	S019 Fretless PH F#4	
E-MU Systems	Classic Series Vol. 15 - Bass Collection	F00 Designed by S&M. -> B44 Fretless PM 8M X -> Preset	P000 Fretless PM	
E-MU Systems	Classic Series Vol. 15 - Bass Collection	F00 Designed by S&M. -> B44 Fretless PM 8M X -> Preset	P001 Fretless PM Vel	
E-MU Systems	Classic Series Vol. 15 - Bass Collection	F00 Designed by S&M. -> B44 Fretless PM 8M X -> Preset	P002 Fretless PM Chr	
E-MU Systems	Classic Series Vol. 15 - Bass Collection	F00 Designed by S&M. -> B44 Fretless PM 8M X -> Preset	P003 FretlessPM ATLFO	
E-MU Systems	Classic Series Vol. 15 - Bass Collection	F00 Designed by S&M. -> B44 Fretless PM 8M X -> Preset	P004 FretlessPM Octve	
E-MU Systems	Classic Series Vol. 15 - Bass Collection	F00 Designed by S&M. -> B44 Fretless PM 8M X -> Preset	P005 Fretless PM Soft	
E-MU Systems	Classic Series Vol. 15 - Bass Collection	F00 Designed by S&M. -> B44 Fretless PM 8M X -> Preset	P006 (206)232-6191	
E-MU Systems	Classic Series Vol. 15 - Bass Collection	F00 Designed by S&M. -> B44 Fretless PM 8M X -> Preset	P007 DanDeanProds,Inc	
E-MU Systems	Classic Series Vol. 15 - Bass Collection	F00 Designed by S&M. -> B44 Fretless PM 8M X -> Sample	S000 Fretless PM E1	
E-MU Systems	Classic Series Vol. 15 - Bass Collection	F00 Designed by S&M. -> B44 Fretless PM 8M X -> Sample	S001 Fretless PM F#1	
E-MU Systems	Classic Series Vol. 15 - Bass Collection	F00 Designed by S&M. -> B44 Fretless PM 8M X -> Sample	S002 Fretless PM G#1	
E-MU Systems	Classic Series Vol. 15 - Bass Collection	F00 Designed by S&M. -> B44 Fretless PM 8M X -> Sample	S003 Fretless PM A#1	
E-MU Systems	Classic Series Vol. 15 - Bass Collection	F00 Designed by S&M. -> B44 Fretless PM 8M X -> Sample	S004 Fretless PM C1	
E-MU Systems	Classic Series Vol. 15 - Bass Collection	F00 Designed by S&M. -> B44 Fretless PM 8M X -> Sample	S005 Fretless PM D1	
E-MU Systems	Classic Series Vol. 15 - Bass Collection	F00 Designed by S&M. -> B44 Fretless PM 8M X -> Sample	S006 Fretless PM E2	
E-MU Systems	Classic Series Vol. 15 - Bass Collection	F00 Designed by S&M. -> B44 Fretless PM 8M X -> Sample	S007 Fretless PM F#2	
E-MU Systems	Classic Series Vol. 15 - Bass Collection	F00 Designed by S&M. -> B44 Fretless PM 8M X -> Sample	S008 Fretless PM G#2	
E-MU Systems	Classic Series Vol. 15 - Bass Collection	F00 Designed by S&M. -> B44 Fretless PM 8M X -> Sample	S009 Fretless PM A#2	
E-MU Systems	Classic Series Vol. 15 - Bass Collection	F00 Designed by S&M. -> B44 Fretless PM 8M X -> Sample	S010 Fretless PM C2	
E-MU Systems	Classic Series Vol. 15 - Bass Collection	F00 Designed by S&M. -> B44 Fretless PM 8M X -> Sample	S011 Fretless PM D2	
E-MU Systems	Classic Series Vol. 15 - Bass Collection	F00 Designed by S&M. -> B44 Fretless PM 8M X -> Sample	S012 Fretless PM E3	
E-MU Systems	Classic Series Vol. 15 - Bass Collection	F00 Designed by S&M. -> B44 Fretless PM 8M X -> Sample	S013 Fretless PM F#3	
E-MU Systems	Classic Series Vol. 15 - Bass Collection	F00 Designed by S&M. -> B44 Fretless PM 8M X -> Sample	S014 Fretless PM G#3	
E-MU Systems	Classic Series Vol. 15 - Bass Collection	F00 Designed by S&M. -> B44 Fretless PM 8M X -> Sample	S015 Fretless PM A#3	
E-MU Systems	Classic Series Vol. 15 - Bass Collection	F00 Designed by S&M. -> B44 Fretless PM 8M X -> Sample	S016 Fretless PM C3	
E-MU Systems	Classic Series Vol. 15 - Bass Collection	F00 Designed by S&M. -> B44 Fretless PM 8M X -> Sample	S017 Fretless PM D3	
E-MU Systems	Classic Series Vol. 15 - Bass Collection	F00 Designed by S&M. -> B44 Fretless PM 8M X -> Sample	S018 Fretless PM E4	
E-MU Systems	Classic Series Vol. 15 - Bass Collection	F00 Designed by S&M. -> B44 Fretless PM 8M X -> Sample	S019 Fretless PM F#4	
E-MU Systems	Classic Series Vol. 15 - Bass Collection	F00 Designed by S&M. -> B45 Fretless FF 8M X -> Preset	P000 Fretless FF	
E-MU Systems	Classic Series Vol. 15 - Bass Collection	F00 Designed by S&M. -> B45 Fretless FF 8M X -> Preset	P001 Fretless FF Vel	
E-MU Systems	Classic Series Vol. 15 - Bass Collection	F00 Designed by S&M. -> B45 Fretless FF 8M X -> Preset	P002 Fretless FF Chr	
E-MU Systems	Classic Series Vol. 15 - Bass Collection	F00 Designed by S&M. -> B45 Fretless FF 8M X -> Preset	P003 FretlessFF ATLFO	
E-MU Systems	Classic Series Vol. 15 - Bass Collection	F00 Designed by S&M. -> B45 Fretless FF 8M X -> Preset	P004 FretlessFF Octve	
E-MU Systems	Classic Series Vol. 15 - Bass Collection	F00 Designed by S&M. -> B45 Fretless FF 8M X -> Preset	P005 Fretless FF Soft	
E-MU Systems	Classic Series Vol. 15 - Bass Collection	F00 Designed by S&M. -> B45 Fretless FF 8M X -> Preset	P006 (206)232-6191	
E-MU Systems	Classic Series Vol. 15 - Bass Collection	F00 Designed by S&M. -> B45 Fretless FF 8M X -> Preset	P007 DanDeanProds,Inc	
E-MU Systems	Classic Series Vol. 15 - Bass Collection	F00 Designed by S&M. -> B45 Fretless FF 8M X -> Sample	S000 Fretless FF E1	
E-MU Systems	Classic Series Vol. 15 - Bass Collection	F00 Designed by S&M. -> B45 Fretless FF 8M X -> Sample	S001 Fretless FF F#1	
E-MU Systems	Classic Series Vol. 15 - Bass Collection	F00 Designed by S&M. -> B45 Fretless FF 8M X -> Sample	S002 Fretless FF G#1	
E-MU Systems	Classic Series Vol. 15 - Bass Collection	F00 Designed by S&M. -> B45 Fretless FF 8M X -> Sample	S003 Fretless FF A#1	
E-MU Systems	Classic Series Vol. 15 - Bass Collection	F00 Designed by S&M. -> B45 Fretless FF 8M X -> Sample	S004 Fretless FF C1	
E-MU Systems	Classic Series Vol. 15 - Bass Collection	F00 Designed by S&M. -> B45 Fretless FF 8M X -> Sample	S005 Fretless FF D1	
E-MU Systems	Classic Series Vol. 15 - Bass Collection	F00 Designed by S&M. -> B45 Fretless FF 8M X -> Sample	S006 Fretless FF E2	
E-MU Systems	Classic Series Vol. 15 - Bass Collection	F00 Designed by S&M. -> B45 Fretless FF 8M X -> Sample	S007 Fretless FF F#2	
E-MU Systems	Classic Series Vol. 15 - Bass Collection	F00 Designed by S&M. -> B45 Fretless FF 8M X -> Sample	S008 Fretless FF G#2	
E-MU Systems	Classic Series Vol. 15 - Bass Collection	F00 Designed by S&M. -> B45 Fretless FF 8M X -> Sample	S009 Fretless FF A#2	
E-MU Systems	Classic Series Vol. 15 - Bass Collection	F00 Designed by S&M. -> B45 Fretless FF 8M X -> Sample	S010 Fretless FF C2	
E-MU Systems	Classic Series Vol. 15 - Bass Collection	F00 Designed by S&M. -> B45 Fretless FF 8M X -> Sample	S011 Fretless FF D2	
E-MU Systems	Classic Series Vol. 15 - Bass Collection	F00 Designed by S&M. -> B45 Fretless FF 8M X -> Sample	S012 Fretless FF E3	
E-MU Systems	Classic Series Vol. 15 - Bass Collection	F00 Designed by S&M. -> B45 Fretless FF 8M X -> Sample	S013 Fretless FF F#3	
E-MU Systems	Classic Series Vol. 15 - Bass Collection	F00 Designed by S&M. -> B45 Fretless FF 8M X -> Sample	S014 Fretless FF G#3	
E-MU Systems	Classic Series Vol. 15 - Bass Collection	F00 Designed by S&M. -> B45 Fretless FF 8M X -> Sample	S015 Fretless FF A#3	
E-MU Systems	Classic Series Vol. 15 - Bass Collection	F00 Designed by S&M. -> B45 Fretless FF 8M X -> Sample	S016 Fretless FF C3	
E-MU Systems	Classic Series Vol. 15 - Bass Collection	F00 Designed by S&M. -> B45 Fretless FF 8M X -> Sample	S017 Fretless FF D3	
E-MU Systems	Classic Series Vol. 15 - Bass Collection	F00 Designed by S&M. -> B45 Fretless FF 8M X -> Sample	S018 Fretless FF E4	
E-MU Systems	Classic Series Vol. 15 - Bass Collection	F00 Designed by S&M. -> B45 Fretless FF 8M X -> Sample	S019 Fretless FF F#4	
E-MU Systems	Classic Series Vol. 15 - Bass Collection	F00 Designed by S&M. -> B46 Fretless FF 2M X -> Preset	P000 Fretless FF	
E-MU Systems	Classic Series Vol. 15 - Bass Collection	F00 Designed by S&M. -> B46 Fretless FF 2M X -> Preset	P001 Fretless FF Vel	
E-MU Systems	Classic Series Vol. 15 - Bass Collection	F00 Designed by S&M. -> B46 Fretless FF 2M X -> Preset	P002 Fretless FF Chrs	
E-MU Systems	Classic Series Vol. 15 - Bass Collection	F00 Designed by S&M. -> B46 Fretless FF 2M X -> Preset	P003 FretlessFF ATLFO	
E-MU Systems	Classic Series Vol. 15 - Bass Collection	F00 Designed by S&M. -> B46 Fretless FF 2M X -> Preset	P004 FretlessFF Octve	
E-MU Systems	Classic Series Vol. 15 - Bass Collection	F00 Designed by S&M. -> B46 Fretless FF 2M X -> Preset	P005 Fretless FF Soft	
E-MU Systems	Classic Series Vol. 15 - Bass Collection	F00 Designed by S&M. -> B46 Fretless FF 2M X -> Preset	P006 (206)232-6191	
E-MU Systems	Classic Series Vol. 15 - Bass Collection	F00 Designed by S&M. -> B46 Fretless FF 2M X -> Preset	P007 DanDeanProds,Inc	
E-MU Systems	Classic Series Vol. 15 - Bass Collection	F00 Designed by S&M. -> B46 Fretless FF 2M X -> Sample	S000 Fretless FF E1	
E-MU Systems	Classic Series Vol. 15 - Bass Collection	F00 Designed by S&M. -> B46 Fretless FF 2M X -> Sample	S001 Fretless FF G#1	
E-MU Systems	Classic Series Vol. 15 - Bass Collection	F00 Designed by S&M. -> B46 Fretless FF 2M X -> Sample	S002 Fretless FF C1	
E-MU Systems	Classic Series Vol. 15 - Bass Collection	F00 Designed by S&M. -> B46 Fretless FF 2M X -> Sample	S003 Fretless FF E2	
E-MU Systems	Classic Series Vol. 15 - Bass Collection	F00 Designed by S&M. -> B46 Fretless FF 2M X -> Sample	S004 Fretless FF G#2	
E-MU Systems	Classic Series Vol. 15 - Bass Collection	F00 Designed by S&M. -> B46 Fretless FF 2M X -> Sample	S005 Fretless FF C2	
E-MU Systems	Classic Series Vol. 15 - Bass Collection	F00 Designed by S&M. -> B46 Fretless FF 2M X -> Sample	S006 Fretless FF E3	
E-MU Systems	Classic Series Vol. 15 - Bass Collection	F00 Designed by S&M. -> B46 Fretless FF 2M X -> Sample	S007 Fretless FF G#3	
E-MU Systems	Classic Series Vol. 15 - Bass Collection	F00 Designed by S&M. -> B46 Fretless FF 2M X -> Sample	S008 Fretless FF C3	
E-MU Systems	Classic Series Vol. 15 - Bass Collection	F00 Designed by S&M. -> B46 Fretless FF 2M X -> Sample	S009 Fretless FF E4	
E-MU Systems	Classic Series Vol. 15 - Bass Collection	F00 Designed by S&M. -> B47 Fretless FH 8M X -> Preset	P000 Fretless FH	
E-MU Systems	Classic Series Vol. 15 - Bass Collection	F00 Designed by S&M. -> B47 Fretless FH 8M X -> Preset	P001 Fretless FH Vel	
E-MU Systems	Classic Series Vol. 15 - Bass Collection	F00 Designed by S&M. -> B47 Fretless FH 8M X -> Preset	P002 Fretless FH Chr	
E-MU Systems	Classic Series Vol. 15 - Bass Collection	F00 Designed by S&M. -> B47 Fretless FH 8M X -> Preset	P003 FretlessFH ATLFO	
E-MU Systems	Classic Series Vol. 15 - Bass Collection	F00 Designed by S&M. -> B47 Fretless FH 8M X -> Preset	P004 FretlessFH Octve	
E-MU Systems	Classic Series Vol. 15 - Bass Collection	F00 Designed by S&M. -> B47 Fretless FH 8M X -> Preset	P005 Fretless FH Soft	
E-MU Systems	Classic Series Vol. 15 - Bass Collection	F00 Designed by S&M. -> B47 Fretless FH 8M X -> Preset	P006 (206)232-6191	
E-MU Systems	Classic Series Vol. 15 - Bass Collection	F00 Designed by S&M. -> B47 Fretless FH 8M X -> Preset	P007 DanDeanProds,Inc	
E-MU Systems	Classic Series Vol. 15 - Bass Collection	F00 Designed by S&M. -> B47 Fretless FH 8M X -> Sample	S000 Fretless FH E1	
E-MU Systems	Classic Series Vol. 15 - Bass Collection	F00 Designed by S&M. -> B47 Fretless FH 8M X -> Sample	S001 Fretless FH F#1	
E-MU Systems	Classic Series Vol. 15 - Bass Collection	F00 Designed by S&M. -> B47 Fretless FH 8M X -> Sample	S002 Fretless FH G#1	
E-MU Systems	Classic Series Vol. 15 - Bass Collection	F00 Designed by S&M. -> B47 Fretless FH 8M X -> Sample	S003 Fretless FH A#1	
E-MU Systems	Classic Series Vol. 15 - Bass Collection	F00 Designed by S&M. -> B47 Fretless FH 8M X -> Sample	S004 Fretless FH C1	
E-MU Systems	Classic Series Vol. 15 - Bass Collection	F00 Designed by S&M. -> B47 Fretless FH 8M X -> Sample	S005 Fretless FH D1	
E-MU Systems	Classic Series Vol. 15 - Bass Collection	F00 Designed by S&M. -> B47 Fretless FH 8M X -> Sample	S006 Fretless FH E2	
E-MU Systems	Classic Series Vol. 15 - Bass Collection	F00 Designed by S&M. -> B47 Fretless FH 8M X -> Sample	S007 Fretless FH F#2	
E-MU Systems	Classic Series Vol. 15 - Bass Collection	F00 Designed by S&M. -> B47 Fretless FH 8M X -> Sample	S008 Fretless FH G#2	
E-MU Systems	Classic Series Vol. 15 - Bass Collection	F00 Designed by S&M. -> B47 Fretless FH 8M X -> Sample	S009 Fretless FH A#2	
E-MU Systems	Classic Series Vol. 15 - Bass Collection	F00 Designed by S&M. -> B47 Fretless FH 8M X -> Sample	S010 Fretless FH C2	
E-MU Systems	Classic Series Vol. 15 - Bass Collection	F00 Designed by S&M. -> B47 Fretless FH 8M X -> Sample	S011 Fretless FH D2	
E-MU Systems	Classic Series Vol. 15 - Bass Collection	F00 Designed by S&M. -> B47 Fretless FH 8M X -> Sample	S012 Fretless FH E3	
E-MU Systems	Classic Series Vol. 15 - Bass Collection	F00 Designed by S&M. -> B47 Fretless FH 8M X -> Sample	S013 Fretless FH F#3	
E-MU Systems	Classic Series Vol. 15 - Bass Collection	F00 Designed by S&M. -> B47 Fretless FH 8M X -> Sample	S014 Fretless FH G#3	
E-MU Systems	Classic Series Vol. 15 - Bass Collection	F00 Designed by S&M. -> B47 Fretless FH 8M X -> Sample	S015 Fretless FH A#3	
E-MU Systems	Classic Series Vol. 15 - Bass Collection	F00 Designed by S&M. -> B47 Fretless FH 8M X -> Sample	S016 Fretless FH C3	
E-MU Systems	Classic Series Vol. 15 - Bass Collection	F00 Designed by S&M. -> B47 Fretless FH 8M X -> Sample	S017 Fretless FH D3	
E-MU Systems	Classic Series Vol. 15 - Bass Collection	F00 Designed by S&M. -> B47 Fretless FH 8M X -> Sample	S018 Fretless FH E4	
E-MU Systems	Classic Series Vol. 15 - Bass Collection	F00 Designed by S&M. -> B47 Fretless FH 8M X -> Sample	S019 Fretless FH F#4	
E-MU Systems	Classic Series Vol. 15 - Bass Collection	F00 Designed by S&M. -> B48 Fretless FH 2M X -> Preset	P000 Fretless FH	
E-MU Systems	Classic Series Vol. 15 - Bass Collection	F00 Designed by S&M. -> B48 Fretless FH 2M X -> Preset	P001 Fretless FH Vel	
E-MU Systems	Classic Series Vol. 15 - Bass Collection	F00 Designed by S&M. -> B48 Fretless FH 2M X -> Preset	P002 Fretless FH Chrs	
E-MU Systems	Classic Series Vol. 15 - Bass Collection	F00 Designed by S&M. -> B48 Fretless FH 2M X -> Preset	P003 FretlessFH ATLFO	
E-MU Systems	Classic Series Vol. 15 - Bass Collection	F00 Designed by S&M. -> B48 Fretless FH 2M X -> Preset	P004 FretlessFH Octve	
E-MU Systems	Classic Series Vol. 15 - Bass Collection	F00 Designed by S&M. -> B48 Fretless FH 2M X -> Preset	P005 Fretless FH Soft	
E-MU Systems	Classic Series Vol. 15 - Bass Collection	F00 Designed by S&M. -> B48 Fretless FH 2M X -> Preset	P006 (206)232-6191	
E-MU Systems	Classic Series Vol. 15 - Bass Collection	F00 Designed by S&M. -> B48 Fretless FH 2M X -> Preset	P007 DanDeanProds,Inc	
E-MU Systems	Classic Series Vol. 15 - Bass Collection	F00 Designed by S&M. -> B48 Fretless FH 2M X -> Sample	S000 Fretless FH E1	
E-MU Systems	Classic Series Vol. 15 - Bass Collection	F00 Designed by S&M. -> B48 Fretless FH 2M X -> Sample	S001 Fretless FH G#1	
E-MU Systems	Classic Series Vol. 15 - Bass Collection	F00 Designed by S&M. -> B48 Fretless FH 2M X -> Sample	S002 Fretless FH C1	
E-MU Systems	Classic Series Vol. 15 - Bass Collection	F00 Designed by S&M. -> B48 Fretless FH 2M X -> Sample	S003 Fretless FH E2	
E-MU Systems	Classic Series Vol. 15 - Bass Collection	F00 Designed by S&M. -> B48 Fretless FH 2M X -> Sample	S004 Fretless FH G#2	
E-MU Systems	Classic Series Vol. 15 - Bass Collection	F00 Designed by S&M. -> B48 Fretless FH 2M X -> Sample	S005 Fretless FH C2	
E-MU Systems	Classic Series Vol. 15 - Bass Collection	F00 Designed by S&M. -> B48 Fretless FH 2M X -> Sample	S006 Fretless FH E3	
E-MU Systems	Classic Series Vol. 15 - Bass Collection	F00 Designed by S&M. -> B48 Fretless FH 2M X -> Sample	S007 Fretless FH G#3	
E-MU Systems	Classic Series Vol. 15 - Bass Collection	F00 Designed by S&M. -> B48 Fretless FH 2M X -> Sample	S008 Fretless FH C3	
E-MU Systems	Classic Series Vol. 15 - Bass Collection	F00 Designed by S&M. -> B48 Fretless FH 2M X -> Sample	S009 Fretless FH E4	
E-MU Systems	Classic Series Vol. 15 - Bass Collection	F00 Designed by S&M. -> B49 FretlessPop 2M X -> Preset	P000 Fretless Pop	
E-MU Systems	Classic Series Vol. 15 - Bass Collection	F00 Designed by S&M. -> B49 FretlessPop 2M X -> Preset	P001 Fretless Pop Vel	
E-MU Systems	Classic Series Vol. 15 - Bass Collection	F00 Designed by S&M. -> B49 FretlessPop 2M X -> Preset	P002 FretlessPop Chrs	
E-MU Systems	Classic Series Vol. 15 - Bass Collection	F00 Designed by S&M. -> B49 FretlessPop 2M X -> Preset	P003 FretlessPopATLFO	
E-MU Systems	Classic Series Vol. 15 - Bass Collection	F00 Designed by S&M. -> B49 FretlessPop 2M X -> Preset	P004 FretlessPop Octv	
E-MU Systems	Classic Series Vol. 15 - Bass Collection	F00 Designed by S&M. -> B49 FretlessPop 2M X -> Preset	P005 FretlessPop Soft	
E-MU Systems	Classic Series Vol. 15 - Bass Collection	F00 Designed by S&M. -> B49 FretlessPop 2M X -> Preset	P006 (206)232-6191	
E-MU Systems	Classic Series Vol. 15 - Bass Collection	F00 Designed by S&M. -> B49 FretlessPop 2M X -> Preset	P007 DanDeanProds,Inc	
E-MU Systems	Classic Series Vol. 15 - Bass Collection	F00 Designed by S&M. -> B49 FretlessPop 2M X -> Sample	S000 Fretless Pop E1	
E-MU Systems	Classic Series Vol. 15 - Bass Collection	F00 Designed by S&M. -> B49 FretlessPop 2M X -> Sample	S001 Fretless Pop G#1	
E-MU Systems	Classic Series Vol. 15 - Bass Collection	F00 Designed by S&M. -> B49 FretlessPop 2M X -> Sample	S002 Fretless Pop C1	
E-MU Systems	Classic Series Vol. 15 - Bass Collection	F00 Designed by S&M. -> B49 FretlessPop 2M X -> Sample	S003 Fretless Pop E2	
E-MU Systems	Classic Series Vol. 15 - Bass Collection	F00 Designed by S&M. -> B49 FretlessPop 2M X -> Sample	S004 Fretless Pop G#2	
E-MU Systems	Classic Series Vol. 15 - Bass Collection	F00 Designed by S&M. -> B49 FretlessPop 2M X -> Sample	S005 Fretless Pop C2	
E-MU Systems	Classic Series Vol. 15 - Bass Collection	F00 Designed by S&M. -> B49 FretlessPop 2M X -> Sample	S006 Fretless Pop E3	
E-MU Systems	Classic Series Vol. 15 - Bass Collection	F00 Designed by S&M. -> B49 FretlessPop 2M X -> Sample	S007 Fretless Pop G#3	
E-MU Systems	Classic Series Vol. 15 - Bass Collection	F00 Designed by S&M. -> B49 FretlessPop 2M X -> Sample	S008 Fretless Pop C3	
E-MU Systems	Classic Series Vol. 15 - Bass Collection	F00 Designed by S&M. -> B49 FretlessPop 2M X -> Sample	S009 Fretless Pop E4	
E-MU Systems	Classic Series Vol. 15 - Bass Collection	F00 Designed by S&M. -> B50 FretlessSlap2M X -> Preset	P000 Fretless Slap	
E-MU Systems	Classic Series Vol. 15 - Bass Collection	F00 Designed by S&M. -> B50 FretlessSlap2M X -> Preset	P001 FretlessSlap Vel	
E-MU Systems	Classic Series Vol. 15 - Bass Collection	F00 Designed by S&M. -> B50 FretlessSlap2M X -> Preset	P002 FretlessSlapChrs	
E-MU Systems	Classic Series Vol. 15 - Bass Collection	F00 Designed by S&M. -> B50 FretlessSlap2M X -> Preset	P003 FretlesSlapATLFO	
E-MU Systems	Classic Series Vol. 15 - Bass Collection	F00 Designed by S&M. -> B50 FretlessSlap2M X -> Preset	P004 FretlessSlapOctv	
E-MU Systems	Classic Series Vol. 15 - Bass Collection	F00 Designed by S&M. -> B50 FretlessSlap2M X -> Preset	P005 FretlessSlapSoft	
E-MU Systems	Classic Series Vol. 15 - Bass Collection	F00 Designed by S&M. -> B50 FretlessSlap2M X -> Preset	P006 (206)232-6191	
E-MU Systems	Classic Series Vol. 15 - Bass Collection	F00 Designed by S&M. -> B50 FretlessSlap2M X -> Preset	P007 DanDeanProds,Inc	
E-MU Systems	Classic Series Vol. 15 - Bass Collection	F00 Designed by S&M. -> B50 FretlessSlap2M X -> Sample	S000 FretlessSlap E1	
E-MU Systems	Classic Series Vol. 15 - Bass Collection	F00 Designed by S&M. -> B50 FretlessSlap2M X -> Sample	S001 FretlessSlap G#1	
E-MU Systems	Classic Series Vol. 15 - Bass Collection	F00 Designed by S&M. -> B50 FretlessSlap2M X -> Sample	S002 FretlessSlap C1	
E-MU Systems	Classic Series Vol. 15 - Bass Collection	F00 Designed by S&M. -> B50 FretlessSlap2M X -> Sample	S003 FretlessSlap E2	
E-MU Systems	Classic Series Vol. 15 - Bass Collection	F00 Designed by S&M. -> B50 FretlessSlap2M X -> Sample	S004 FretlessSlap G#2	
E-MU Systems	Classic Series Vol. 15 - Bass Collection	F00 Designed by S&M. -> B50 FretlessSlap2M X -> Sample	S005 FretlessSlap C2	
E-MU Systems	Classic Series Vol. 15 - Bass Collection	F00 Designed by S&M. -> B50 FretlessSlap2M X -> Sample	S006 FretlessSlap E3	
E-MU Systems	Classic Series Vol. 15 - Bass Collection	F00 Designed by S&M. -> B50 FretlessSlap2M X -> Sample	S007 FretlessSlap G#3	
E-MU Systems	Classic Series Vol. 15 - Bass Collection	F00 Designed by S&M. -> B50 FretlessSlap2M X -> Sample	S008 FretlessSlap C3	
E-MU Systems	Classic Series Vol. 15 - Bass Collection	F00 Designed by S&M. -> B50 FretlessSlap2M X -> Sample	S009 FretlessSlap E4	
E-MU Systems	Classic Series Vol. 15 - Bass Collection	F00 Designed by S&M. -> B51 Pilot/5 PF 2M  X -> Preset	P000 Pilot PF	
E-MU Systems	Classic Series Vol. 15 - Bass Collection	F00 Designed by S&M. -> B51 Pilot/5 PF 2M  X -> Preset	P001 Pilot PF Vel	
E-MU Systems	Classic Series Vol. 15 - Bass Collection	F00 Designed by S&M. -> B51 Pilot/5 PF 2M  X -> Preset	P002 Pilot PF Chrs	
E-MU Systems	Classic Series Vol. 15 - Bass Collection	F00 Designed by S&M. -> B51 Pilot/5 PF 2M  X -> Preset	P003 Pilot PF ATLFO	
E-MU Systems	Classic Series Vol. 15 - Bass Collection	F00 Designed by S&M. -> B51 Pilot/5 PF 2M  X -> Preset	P004 Pilot PF Octve	
E-MU Systems	Classic Series Vol. 15 - Bass Collection	F00 Designed by S&M. -> B51 Pilot/5 PF 2M  X -> Preset	P005 Pilot PF Soft	
E-MU Systems	Classic Series Vol. 15 - Bass Collection	F00 Designed by S&M. -> B51 Pilot/5 PF 2M  X -> Preset	P006 (206)232-6191	
E-MU Systems	Classic Series Vol. 15 - Bass Collection	F00 Designed by S&M. -> B51 Pilot/5 PF 2M  X -> Preset	P007 DanDeanProds,Inc	
E-MU Systems	Classic Series Vol. 15 - Bass Collection	F00 Designed by S&M. -> B51 Pilot/5 PF 2M  X -> Sample	S000 Pilot/5 PF E1	
E-MU Systems	Classic Series Vol. 15 - Bass Collection	F00 Designed by S&M. -> B51 Pilot/5 PF 2M  X -> Sample	S001 Pilot/5 PF G#1	
E-MU Systems	Classic Series Vol. 15 - Bass Collection	F00 Designed by S&M. -> B51 Pilot/5 PF 2M  X -> Sample	S002 Pilot/5 PF C1	
E-MU Systems	Classic Series Vol. 15 - Bass Collection	F00 Designed by S&M. -> B51 Pilot/5 PF 2M  X -> Sample	S003 Pilot/5 PF E2	
E-MU Systems	Classic Series Vol. 15 - Bass Collection	F00 Designed by S&M. -> B51 Pilot/5 PF 2M  X -> Sample	S004 Pilot/5 PF G#2	
E-MU Systems	Classic Series Vol. 15 - Bass Collection	F00 Designed by S&M. -> B51 Pilot/5 PF 2M  X -> Sample	S005 Pilot/5 PF C2	
E-MU Systems	Classic Series Vol. 15 - Bass Collection	F00 Designed by S&M. -> B51 Pilot/5 PF 2M  X -> Sample	S006 Pilot/5 PF E3	
E-MU Systems	Classic Series Vol. 15 - Bass Collection	F00 Designed by S&M. -> B51 Pilot/5 PF 2M  X -> Sample	S007 Pilot/5 PF G#3	
E-MU Systems	Classic Series Vol. 15 - Bass Collection	F00 Designed by S&M. -> B51 Pilot/5 PF 2M  X -> Sample	S008 Pilot/5 PF C3	
E-MU Systems	Classic Series Vol. 15 - Bass Collection	F00 Designed by S&M. -> B51 Pilot/5 PF 2M  X -> Sample	S009 Pilot/5 PF E4	
E-MU Systems	Classic Series Vol. 15 - Bass Collection	F00 Designed by S&M. -> B52 Pilot/5 PF 8M  X -> Preset	P000 Pilot PF	
E-MU Systems	Classic Series Vol. 15 - Bass Collection	F00 Designed by S&M. -> B52 Pilot/5 PF 8M  X -> Preset	P001 Pilot PF Vel	
E-MU Systems	Classic Series Vol. 15 - Bass Collection	F00 Designed by S&M. -> B52 Pilot/5 PF 8M  X -> Preset	P002 Pilot PF Chrs	
E-MU Systems	Classic Series Vol. 15 - Bass Collection	F00 Designed by S&M. -> B52 Pilot/5 PF 8M  X -> Preset	P003 Pilot PF ATLFO	
E-MU Systems	Classic Series Vol. 15 - Bass Collection	F00 Designed by S&M. -> B52 Pilot/5 PF 8M  X -> Preset	P004 Pilot PF Octve	
E-MU Systems	Classic Series Vol. 15 - Bass Collection	F00 Designed by S&M. -> B52 Pilot/5 PF 8M  X -> Preset	P005 Pilot PF Soft	
E-MU Systems	Classic Series Vol. 15 - Bass Collection	F00 Designed by S&M. -> B52 Pilot/5 PF 8M  X -> Preset	P006 (206)232-6191	
E-MU Systems	Classic Series Vol. 15 - Bass Collection	F00 Designed by S&M. -> B52 Pilot/5 PF 8M  X -> Preset	P007 DanDeanProds,Inc	
E-MU Systems	Classic Series Vol. 15 - Bass Collection	F00 Designed by S&M. -> B52 Pilot/5 PF 8M  X -> Sample	S000 Pilot/5 PF C0	
E-MU Systems	Classic Series Vol. 15 - Bass Collection	F00 Designed by S&M. -> B52 Pilot/5 PF 8M  X -> Sample	S001 Pilot/5 PF D0	
E-MU Systems	Classic Series Vol. 15 - Bass Collection	F00 Designed by S&M. -> B52 Pilot/5 PF 8M  X -> Sample	S002 Pilot/5 PF E1	
E-MU Systems	Classic Series Vol. 15 - Bass Collection	F00 Designed by S&M. -> B52 Pilot/5 PF 8M  X -> Sample	S003 Pilot/5 PF F#1	
E-MU Systems	Classic Series Vol. 15 - Bass Collection	F00 Designed by S&M. -> B52 Pilot/5 PF 8M  X -> Sample	S004 Pilot/5 PF G#1	
E-MU Systems	Classic Series Vol. 15 - Bass Collection	F00 Designed by S&M. -> B52 Pilot/5 PF 8M  X -> Sample	S005 Pilot/5 PF A#1	
E-MU Systems	Classic Series Vol. 15 - Bass Collection	F00 Designed by S&M. -> B52 Pilot/5 PF 8M  X -> Sample	S006 Pilot/5 PF C1	
E-MU Systems	Classic Series Vol. 15 - Bass Collection	F00 Designed by S&M. -> B52 Pilot/5 PF 8M  X -> Sample	S007 Pilot/5 PF D1	
E-MU Systems	Classic Series Vol. 15 - Bass Collection	F00 Designed by S&M. -> B52 Pilot/5 PF 8M  X -> Sample	S008 Pilot/5 PF E2	
E-MU Systems	Classic Series Vol. 15 - Bass Collection	F00 Designed by S&M. -> B52 Pilot/5 PF 8M  X -> Sample	S009 Pilot/5 PF F#2	
E-MU Systems	Classic Series Vol. 15 - Bass Collection	F00 Designed by S&M. -> B52 Pilot/5 PF 8M  X -> Sample	S010 Pilot/5 PF G#2	
E-MU Systems	Classic Series Vol. 15 - Bass Collection	F00 Designed by S&M. -> B52 Pilot/5 PF 8M  X -> Sample	S011 Pilot/5 PF A#2	
E-MU Systems	Classic Series Vol. 15 - Bass Collection	F00 Designed by S&M. -> B52 Pilot/5 PF 8M  X -> Sample	S012 Pilot/5 PF C2	
E-MU Systems	Classic Series Vol. 15 - Bass Collection	F00 Designed by S&M. -> B52 Pilot/5 PF 8M  X -> Sample	S013 Pilot/5 PF D2	
E-MU Systems	Classic Series Vol. 15 - Bass Collection	F00 Designed by S&M. -> B52 Pilot/5 PF 8M  X -> Sample	S014 Pilot/5 PF E3	
E-MU Systems	Classic Series Vol. 15 - Bass Collection	F00 Designed by S&M. -> B52 Pilot/5 PF 8M  X -> Sample	S015 Pilot/5 PF F#3	
E-MU Systems	Classic Series Vol. 15 - Bass Collection	F00 Designed by S&M. -> B52 Pilot/5 PF 8M  X -> Sample	S016 Pilot/5 PF G#3	
E-MU Systems	Classic Series Vol. 15 - Bass Collection	F00 Designed by S&M. -> B52 Pilot/5 PF 8M  X -> Sample	S017 Pilot/5 PF A#3	
E-MU Systems	Classic Series Vol. 15 - Bass Collection	F00 Designed by S&M. -> B52 Pilot/5 PF 8M  X -> Sample	S018 Pilot/5 PF C3	
E-MU Systems	Classic Series Vol. 15 - Bass Collection	F00 Designed by S&M. -> B52 Pilot/5 PF 8M  X -> Sample	S019 Pilot/5 PF D3	
E-MU Systems	Classic Series Vol. 15 - Bass Collection	F00 Designed by S&M. -> B52 Pilot/5 PF 8M  X -> Sample	S020 Pilot/5 PF E4	
E-MU Systems	Classic Series Vol. 15 - Bass Collection	F00 Designed by S&M. -> B53 Pilot/5 PH 8M  X -> Preset	P000 Pilot PH	
E-MU Systems	Classic Series Vol. 15 - Bass Collection	F00 Designed by S&M. -> B53 Pilot/5 PH 8M  X -> Preset	P001 Pilot PH Vel	
E-MU Systems	Classic Series Vol. 15 - Bass Collection	F00 Designed by S&M. -> B53 Pilot/5 PH 8M  X -> Preset	P002 Pilot PH Chrs	
E-MU Systems	Classic Series Vol. 15 - Bass Collection	F00 Designed by S&M. -> B53 Pilot/5 PH 8M  X -> Preset	P003 Pilot PH ATLFO	
E-MU Systems	Classic Series Vol. 15 - Bass Collection	F00 Designed by S&M. -> B53 Pilot/5 PH 8M  X -> Preset	P004 Pilot PH Octve	
E-MU Systems	Classic Series Vol. 15 - Bass Collection	F00 Designed by S&M. -> B53 Pilot/5 PH 8M  X -> Preset	P005 Pilot PH Soft	
E-MU Systems	Classic Series Vol. 15 - Bass Collection	F00 Designed by S&M. -> B53 Pilot/5 PH 8M  X -> Preset	P006 (206)232-6191	
E-MU Systems	Classic Series Vol. 15 - Bass Collection	F00 Designed by S&M. -> B53 Pilot/5 PH 8M  X -> Preset	P007 DanDeanProds,Inc	
E-MU Systems	Classic Series Vol. 15 - Bass Collection	F00 Designed by S&M. -> B53 Pilot/5 PH 8M  X -> Sample	S000 Pilot/5 PH C0	
E-MU Systems	Classic Series Vol. 15 - Bass Collection	F00 Designed by S&M. -> B53 Pilot/5 PH 8M  X -> Sample	S001 Pilot/5 PH D0	
E-MU Systems	Classic Series Vol. 15 - Bass Collection	F00 Designed by S&M. -> B53 Pilot/5 PH 8M  X -> Sample	S002 Pilot/5 PH E1	
E-MU Systems	Classic Series Vol. 15 - Bass Collection	F00 Designed by S&M. -> B53 Pilot/5 PH 8M  X -> Sample	S003 Pilot/5 PH F#1	
E-MU Systems	Classic Series Vol. 15 - Bass Collection	F00 Designed by S&M. -> B53 Pilot/5 PH 8M  X -> Sample	S004 Pilot/5 PH G#1	
E-MU Systems	Classic Series Vol. 15 - Bass Collection	F00 Designed by S&M. -> B53 Pilot/5 PH 8M  X -> Sample	S005 Pilot/5 PH A#1	
E-MU Systems	Classic Series Vol. 15 - Bass Collection	F00 Designed by S&M. -> B53 Pilot/5 PH 8M  X -> Sample	S006 Pilot/5 PH C1	
E-MU Systems	Classic Series Vol. 15 - Bass Collection	F00 Designed by S&M. -> B53 Pilot/5 PH 8M  X -> Sample	S007 Pilot/5 PH D1	
E-MU Systems	Classic Series Vol. 15 - Bass Collection	F00 Designed by S&M. -> B53 Pilot/5 PH 8M  X -> Sample	S008 Pilot/5 PH E2	
E-MU Systems	Classic Series Vol. 15 - Bass Collection	F00 Designed by S&M. -> B53 Pilot/5 PH 8M  X -> Sample	S009 Pilot/5 PH F#2	
E-MU Systems	Classic Series Vol. 15 - Bass Collection	F00 Designed by S&M. -> B53 Pilot/5 PH 8M  X -> Sample	S010 Pilot/5 PH G#2	
E-MU Systems	Classic Series Vol. 15 - Bass Collection	F00 Designed by S&M. -> B53 Pilot/5 PH 8M  X -> Sample	S011 Pilot/5 PH A#2	
E-MU Systems	Classic Series Vol. 15 - Bass Collection	F00 Designed by S&M. -> B53 Pilot/5 PH 8M  X -> Sample	S012 Pilot/5 PH C2	
E-MU Systems	Classic Series Vol. 15 - Bass Collection	F00 Designed by S&M. -> B53 Pilot/5 PH 8M  X -> Sample	S013 Pilot/5 PH D2	
E-MU Systems	Classic Series Vol. 15 - Bass Collection	F00 Designed by S&M. -> B53 Pilot/5 PH 8M  X -> Sample	S014 Pilot/5 PH E3	
E-MU Systems	Classic Series Vol. 15 - Bass Collection	F00 Designed by S&M. -> B53 Pilot/5 PH 8M  X -> Sample	S015 Pilot/5 PH F#3	
E-MU Systems	Classic Series Vol. 15 - Bass Collection	F00 Designed by S&M. -> B53 Pilot/5 PH 8M  X -> Sample	S016 Pilot/5 PH G#3	
E-MU Systems	Classic Series Vol. 15 - Bass Collection	F00 Designed by S&M. -> B53 Pilot/5 PH 8M  X -> Sample	S017 Pilot/5 PH A#3	
E-MU Systems	Classic Series Vol. 15 - Bass Collection	F00 Designed by S&M. -> B53 Pilot/5 PH 8M  X -> Sample	S018 Pilot/5 PH C3	
E-MU Systems	Classic Series Vol. 15 - Bass Collection	F00 Designed by S&M. -> B53 Pilot/5 PH 8M  X -> Sample	S019 Pilot/5 PH D3	
E-MU Systems	Classic Series Vol. 15 - Bass Collection	F00 Designed by S&M. -> B53 Pilot/5 PH 8M  X -> Sample	S020 Pilot/5 PH E4	
E-MU Systems	Classic Series Vol. 15 - Bass Collection	F00 Designed by S&M. -> B54 Pilot/5 PH 2M  X -> Preset	P000 Pilot PH	
E-MU Systems	Classic Series Vol. 15 - Bass Collection	F00 Designed by S&M. -> B54 Pilot/5 PH 2M  X -> Preset	P001 Pilot PH Vel	
E-MU Systems	Classic Series Vol. 15 - Bass Collection	F00 Designed by S&M. -> B54 Pilot/5 PH 2M  X -> Preset	P002 Pilot PH Chrs	
E-MU Systems	Classic Series Vol. 15 - Bass Collection	F00 Designed by S&M. -> B54 Pilot/5 PH 2M  X -> Preset	P003 Pilot PH ATLFO	
E-MU Systems	Classic Series Vol. 15 - Bass Collection	F00 Designed by S&M. -> B54 Pilot/5 PH 2M  X -> Preset	P004 Pilot PH Octve	
E-MU Systems	Classic Series Vol. 15 - Bass Collection	F00 Designed by S&M. -> B54 Pilot/5 PH 2M  X -> Preset	P005 Pilot PH Soft	
E-MU Systems	Classic Series Vol. 15 - Bass Collection	F00 Designed by S&M. -> B54 Pilot/5 PH 2M  X -> Preset	P006 (206)232-6191	
E-MU Systems	Classic Series Vol. 15 - Bass Collection	F00 Designed by S&M. -> B54 Pilot/5 PH 2M  X -> Preset	P007 DanDeanProds,Inc	
E-MU Systems	Classic Series Vol. 15 - Bass Collection	F00 Designed by S&M. -> B54 Pilot/5 PH 2M  X -> Sample	S000 Pilot/5 PH E1	
E-MU Systems	Classic Series Vol. 15 - Bass Collection	F00 Designed by S&M. -> B54 Pilot/5 PH 2M  X -> Sample	S001 Pilot/5 PH G#1	
E-MU Systems	Classic Series Vol. 15 - Bass Collection	F00 Designed by S&M. -> B54 Pilot/5 PH 2M  X -> Sample	S002 Pilot/5 PH C1	
E-MU Systems	Classic Series Vol. 15 - Bass Collection	F00 Designed by S&M. -> B54 Pilot/5 PH 2M  X -> Sample	S003 Pilot/5 PH E2	
E-MU Systems	Classic Series Vol. 15 - Bass Collection	F00 Designed by S&M. -> B54 Pilot/5 PH 2M  X -> Sample	S004 Pilot/5 PH G#2	
E-MU Systems	Classic Series Vol. 15 - Bass Collection	F00 Designed by S&M. -> B54 Pilot/5 PH 2M  X -> Sample	S005 Pilot/5 PH C2	
E-MU Systems	Classic Series Vol. 15 - Bass Collection	F00 Designed by S&M. -> B54 Pilot/5 PH 2M  X -> Sample	S006 Pilot/5 PH E3	
E-MU Systems	Classic Series Vol. 15 - Bass Collection	F00 Designed by S&M. -> B54 Pilot/5 PH 2M  X -> Sample	S007 Pilot/5 PH G#3	
E-MU Systems	Classic Series Vol. 15 - Bass Collection	F00 Designed by S&M. -> B54 Pilot/5 PH 2M  X -> Sample	S008 Pilot/5 PH C3	
E-MU Systems	Classic Series Vol. 15 - Bass Collection	F00 Designed by S&M. -> B54 Pilot/5 PH 2M  X -> Sample	S009 Pilot/5 PH E4	
E-MU Systems	Classic Series Vol. 15 - Bass Collection	F00 Designed by S&M. -> B55 Pilot/5 PM 8M  X -> Preset	P000 Pilot PM	
E-MU Systems	Classic Series Vol. 15 - Bass Collection	F00 Designed by S&M. -> B55 Pilot/5 PM 8M  X -> Preset	P001 Pilot PM Vel	
E-MU Systems	Classic Series Vol. 15 - Bass Collection	F00 Designed by S&M. -> B55 Pilot/5 PM 8M  X -> Preset	P002 Pilot PM Chrs	
E-MU Systems	Classic Series Vol. 15 - Bass Collection	F00 Designed by S&M. -> B55 Pilot/5 PM 8M  X -> Preset	P003 Pilot PM ATLFO	
E-MU Systems	Classic Series Vol. 15 - Bass Collection	F00 Designed by S&M. -> B55 Pilot/5 PM 8M  X -> Preset	P004 Pilot PM Octve	
E-MU Systems	Classic Series Vol. 15 - Bass Collection	F00 Designed by S&M. -> B55 Pilot/5 PM 8M  X -> Preset	P005 Pilot PM Soft	
E-MU Systems	Classic Series Vol. 15 - Bass Collection	F00 Designed by S&M. -> B55 Pilot/5 PM 8M  X -> Preset	P006 (206)232-6191	
E-MU Systems	Classic Series Vol. 15 - Bass Collection	F00 Designed by S&M. -> B55 Pilot/5 PM 8M  X -> Preset	P007 DanDeanProds,Inc	
E-MU Systems	Classic Series Vol. 15 - Bass Collection	F00 Designed by S&M. -> B55 Pilot/5 PM 8M  X -> Sample	S000 Pilot/5 PM C0	
E-MU Systems	Classic Series Vol. 15 - Bass Collection	F00 Designed by S&M. -> B55 Pilot/5 PM 8M  X -> Sample	S001 Pilot/5 PM D0	
E-MU Systems	Classic Series Vol. 15 - Bass Collection	F00 Designed by S&M. -> B55 Pilot/5 PM 8M  X -> Sample	S002 Pilot/5 PM E1	
E-MU Systems	Classic Series Vol. 15 - Bass Collection	F00 Designed by S&M. -> B55 Pilot/5 PM 8M  X -> Sample	S003 Pilot/5 PM F#1	
E-MU Systems	Classic Series Vol. 15 - Bass Collection	F00 Designed by S&M. -> B55 Pilot/5 PM 8M  X -> Sample	S004 Pilot/5 PM G#1	
E-MU Systems	Classic Series Vol. 15 - Bass Collection	F00 Designed by S&M. -> B55 Pilot/5 PM 8M  X -> Sample	S005 Pilot/5 PM A#1	
E-MU Systems	Classic Series Vol. 15 - Bass Collection	F00 Designed by S&M. -> B55 Pilot/5 PM 8M  X -> Sample	S006 Pilot/5 PM C1	
E-MU Systems	Classic Series Vol. 15 - Bass Collection	F00 Designed by S&M. -> B55 Pilot/5 PM 8M  X -> Sample	S007 Pilot/5 PM D1	
E-MU Systems	Classic Series Vol. 15 - Bass Collection	F00 Designed by S&M. -> B55 Pilot/5 PM 8M  X -> Sample	S008 Pilot/5 PM E2	
E-MU Systems	Classic Series Vol. 15 - Bass Collection	F00 Designed by S&M. -> B55 Pilot/5 PM 8M  X -> Sample	S009 Pilot/5 PM F#2	
E-MU Systems	Classic Series Vol. 15 - Bass Collection	F00 Designed by S&M. -> B55 Pilot/5 PM 8M  X -> Sample	S010 Pilot/5 PM G#2	
E-MU Systems	Classic Series Vol. 15 - Bass Collection	F00 Designed by S&M. -> B55 Pilot/5 PM 8M  X -> Sample	S011 Pilot/5 PM A#2	
E-MU Systems	Classic Series Vol. 15 - Bass Collection	F00 Designed by S&M. -> B55 Pilot/5 PM 8M  X -> Sample	S012 Pilot/5 PM C2	
E-MU Systems	Classic Series Vol. 15 - Bass Collection	F00 Designed by S&M. -> B55 Pilot/5 PM 8M  X -> Sample	S013 Pilot/5 PM D2	
E-MU Systems	Classic Series Vol. 15 - Bass Collection	F00 Designed by S&M. -> B55 Pilot/5 PM 8M  X -> Sample	S014 Pilot/5 PM E3	
E-MU Systems	Classic Series Vol. 15 - Bass Collection	F00 Designed by S&M. -> B55 Pilot/5 PM 8M  X -> Sample	S015 Pilot/5 PM F#3	
E-MU Systems	Classic Series Vol. 15 - Bass Collection	F00 Designed by S&M. -> B55 Pilot/5 PM 8M  X -> Sample	S016 Pilot/5 PM G#3	
E-MU Systems	Classic Series Vol. 15 - Bass Collection	F00 Designed by S&M. -> B55 Pilot/5 PM 8M  X -> Sample	S017 Pilot/5 PM A#3	
E-MU Systems	Classic Series Vol. 15 - Bass Collection	F00 Designed by S&M. -> B55 Pilot/5 PM 8M  X -> Sample	S018 Pilot/5 PM C3	
E-MU Systems	Classic Series Vol. 15 - Bass Collection	F00 Designed by S&M. -> B55 Pilot/5 PM 8M  X -> Sample	S019 Pilot/5 PM D3	
E-MU Systems	Classic Series Vol. 15 - Bass Collection	F00 Designed by S&M. -> B55 Pilot/5 PM 8M  X -> Sample	S020 Pilot/5 PM E4	
E-MU Systems	Classic Series Vol. 15 - Bass Collection	F00 Designed by S&M. -> B56 Pilot/5 FF 8M  X -> Preset	P000 Pilot FF	
E-MU Systems	Classic Series Vol. 15 - Bass Collection	F00 Designed by S&M. -> B56 Pilot/5 FF 8M  X -> Preset	P001 Pilot FF Vel	
E-MU Systems	Classic Series Vol. 15 - Bass Collection	F00 Designed by S&M. -> B56 Pilot/5 FF 8M  X -> Preset	P002 Pilot FF Chrs	
E-MU Systems	Classic Series Vol. 15 - Bass Collection	F00 Designed by S&M. -> B56 Pilot/5 FF 8M  X -> Preset	P003 Pilot FF ATLFO	
E-MU Systems	Classic Series Vol. 15 - Bass Collection	F00 Designed by S&M. -> B56 Pilot/5 FF 8M  X -> Preset	P004 Pilot FF Octve	
E-MU Systems	Classic Series Vol. 15 - Bass Collection	F00 Designed by S&M. -> B56 Pilot/5 FF 8M  X -> Preset	P005 Pilot FF Soft	
E-MU Systems	Classic Series Vol. 15 - Bass Collection	F00 Designed by S&M. -> B56 Pilot/5 FF 8M  X -> Preset	P006 (206)232-6191	
E-MU Systems	Classic Series Vol. 15 - Bass Collection	F00 Designed by S&M. -> B56 Pilot/5 FF 8M  X -> Preset	P007 DanDeanProds,Inc	
E-MU Systems	Classic Series Vol. 15 - Bass Collection	F00 Designed by S&M. -> B56 Pilot/5 FF 8M  X -> Sample	S000 Pilot/5 FF C0	
E-MU Systems	Classic Series Vol. 15 - Bass Collection	F00 Designed by S&M. -> B56 Pilot/5 FF 8M  X -> Sample	S001 Pilot/5 FF D0	
E-MU Systems	Classic Series Vol. 15 - Bass Collection	F00 Designed by S&M. -> B56 Pilot/5 FF 8M  X -> Sample	S002 Pilot/5 FF E1	
E-MU Systems	Classic Series Vol. 15 - Bass Collection	F00 Designed by S&M. -> B56 Pilot/5 FF 8M  X -> Sample	S003 Pilot/5 FF F#1	
E-MU Systems	Classic Series Vol. 15 - Bass Collection	F00 Designed by S&M. -> B56 Pilot/5 FF 8M  X -> Sample	S004 Pilot/5 FF G#1	
E-MU Systems	Classic Series Vol. 15 - Bass Collection	F00 Designed by S&M. -> B56 Pilot/5 FF 8M  X -> Sample	S005 Pilot/5 FF A#1	
E-MU Systems	Classic Series Vol. 15 - Bass Collection	F00 Designed by S&M. -> B56 Pilot/5 FF 8M  X -> Sample	S006 Pilot/5 FF C1	
E-MU Systems	Classic Series Vol. 15 - Bass Collection	F00 Designed by S&M. -> B56 Pilot/5 FF 8M  X -> Sample	S007 Pilot/5 FF D1	
E-MU Systems	Classic Series Vol. 15 - Bass Collection	F00 Designed by S&M. -> B56 Pilot/5 FF 8M  X -> Sample	S008 Pilot/5 FF E2	
E-MU Systems	Classic Series Vol. 15 - Bass Collection	F00 Designed by S&M. -> B56 Pilot/5 FF 8M  X -> Sample	S009 Pilot/5 FF F#2	
E-MU Systems	Classic Series Vol. 15 - Bass Collection	F00 Designed by S&M. -> B56 Pilot/5 FF 8M  X -> Sample	S010 Pilot/5 FF G#2	
E-MU Systems	Classic Series Vol. 15 - Bass Collection	F00 Designed by S&M. -> B56 Pilot/5 FF 8M  X -> Sample	S011 Pilot/5 FF A#2	
E-MU Systems	Classic Series Vol. 15 - Bass Collection	F00 Designed by S&M. -> B56 Pilot/5 FF 8M  X -> Sample	S012 Pilot/5 FF C2	
E-MU Systems	Classic Series Vol. 15 - Bass Collection	F00 Designed by S&M. -> B56 Pilot/5 FF 8M  X -> Sample	S013 Pilot/5 FF D2	
E-MU Systems	Classic Series Vol. 15 - Bass Collection	F00 Designed by S&M. -> B56 Pilot/5 FF 8M  X -> Sample	S014 Pilot/5 FF E3	
E-MU Systems	Classic Series Vol. 15 - Bass Collection	F00 Designed by S&M. -> B56 Pilot/5 FF 8M  X -> Sample	S015 Pilot/5 FF F#3	
E-MU Systems	Classic Series Vol. 15 - Bass Collection	F00 Designed by S&M. -> B56 Pilot/5 FF 8M  X -> Sample	S016 Pilot/5 FF G#3	
E-MU Systems	Classic Series Vol. 15 - Bass Collection	F00 Designed by S&M. -> B56 Pilot/5 FF 8M  X -> Sample	S017 Pilot/5 FF A#3	
E-MU Systems	Classic Series Vol. 15 - Bass Collection	F00 Designed by S&M. -> B56 Pilot/5 FF 8M  X -> Sample	S018 Pilot/5 FF C3	
E-MU Systems	Classic Series Vol. 15 - Bass Collection	F00 Designed by S&M. -> B56 Pilot/5 FF 8M  X -> Sample	S019 Pilot/5 FF D3	
E-MU Systems	Classic Series Vol. 15 - Bass Collection	F00 Designed by S&M. -> B56 Pilot/5 FF 8M  X -> Sample	S020 Pilot/5 FF E4	
E-MU Systems	Classic Series Vol. 15 - Bass Collection	F00 Designed by S&M. -> B57 Pilot/5 FH 8M  X -> Preset	P000 Pilot FH	
E-MU Systems	Classic Series Vol. 15 - Bass Collection	F00 Designed by S&M. -> B57 Pilot/5 FH 8M  X -> Preset	P001 Pilot FH Vel	
E-MU Systems	Classic Series Vol. 15 - Bass Collection	F00 Designed by S&M. -> B57 Pilot/5 FH 8M  X -> Preset	P002 Pilot FH Chrs	
E-MU Systems	Classic Series Vol. 15 - Bass Collection	F00 Designed by S&M. -> B57 Pilot/5 FH 8M  X -> Preset	P003 Pilot FH ATLFO	
E-MU Systems	Classic Series Vol. 15 - Bass Collection	F00 Designed by S&M. -> B57 Pilot/5 FH 8M  X -> Preset	P004 Pilot FH Octve	
E-MU Systems	Classic Series Vol. 15 - Bass Collection	F00 Designed by S&M. -> B57 Pilot/5 FH 8M  X -> Preset	P005 Pilot FH Soft	
E-MU Systems	Classic Series Vol. 15 - Bass Collection	F00 Designed by S&M. -> B57 Pilot/5 FH 8M  X -> Preset	P006 (206)232-6191	
E-MU Systems	Classic Series Vol. 15 - Bass Collection	F00 Designed by S&M. -> B57 Pilot/5 FH 8M  X -> Preset	P007 DanDeanProds,Inc	
E-MU Systems	Classic Series Vol. 15 - Bass Collection	F00 Designed by S&M. -> B57 Pilot/5 FH 8M  X -> Sample	S000 Pilot/5 FH C0	
E-MU Systems	Classic Series Vol. 15 - Bass Collection	F00 Designed by S&M. -> B57 Pilot/5 FH 8M  X -> Sample	S001 Pilot/5 FH D0	
E-MU Systems	Classic Series Vol. 15 - Bass Collection	F00 Designed by S&M. -> B57 Pilot/5 FH 8M  X -> Sample	S002 Pilot/5 FH E1	
E-MU Systems	Classic Series Vol. 15 - Bass Collection	F00 Designed by S&M. -> B57 Pilot/5 FH 8M  X -> Sample	S003 Pilot/5 FH F#1	
E-MU Systems	Classic Series Vol. 15 - Bass Collection	F00 Designed by S&M. -> B57 Pilot/5 FH 8M  X -> Sample	S004 Pilot/5 FH G#1	
E-MU Systems	Classic Series Vol. 15 - Bass Collection	F00 Designed by S&M. -> B57 Pilot/5 FH 8M  X -> Sample	S005 Pilot/5 FH A#1	
E-MU Systems	Classic Series Vol. 15 - Bass Collection	F00 Designed by S&M. -> B57 Pilot/5 FH 8M  X -> Sample	S006 Pilot/5 FH C1	
E-MU Systems	Classic Series Vol. 15 - Bass Collection	F00 Designed by S&M. -> B57 Pilot/5 FH 8M  X -> Sample	S007 Pilot/5 FH D1	
E-MU Systems	Classic Series Vol. 15 - Bass Collection	F00 Designed by S&M. -> B57 Pilot/5 FH 8M  X -> Sample	S008 Pilot/5 FH E2	
E-MU Systems	Classic Series Vol. 15 - Bass Collection	F00 Designed by S&M. -> B57 Pilot/5 FH 8M  X -> Sample	S009 Pilot/5 FH F#2	
E-MU Systems	Classic Series Vol. 15 - Bass Collection	F00 Designed by S&M. -> B57 Pilot/5 FH 8M  X -> Sample	S010 Pilot/5 FH G#2	
E-MU Systems	Classic Series Vol. 15 - Bass Collection	F00 Designed by S&M. -> B57 Pilot/5 FH 8M  X -> Sample	S011 Pilot/5 FH A#2	
E-MU Systems	Classic Series Vol. 15 - Bass Collection	F00 Designed by S&M. -> B57 Pilot/5 FH 8M  X -> Sample	S012 Pilot/5 FH C2	
E-MU Systems	Classic Series Vol. 15 - Bass Collection	F00 Designed by S&M. -> B57 Pilot/5 FH 8M  X -> Sample	S013 Pilot/5 FH D2	
E-MU Systems	Classic Series Vol. 15 - Bass Collection	F00 Designed by S&M. -> B57 Pilot/5 FH 8M  X -> Sample	S014 Pilot/5 FH E3	
E-MU Systems	Classic Series Vol. 15 - Bass Collection	F00 Designed by S&M. -> B57 Pilot/5 FH 8M  X -> Sample	S015 Pilot/5 FH F#3	
E-MU Systems	Classic Series Vol. 15 - Bass Collection	F00 Designed by S&M. -> B57 Pilot/5 FH 8M  X -> Sample	S016 Pilot/5 FH G#3	
E-MU Systems	Classic Series Vol. 15 - Bass Collection	F00 Designed by S&M. -> B57 Pilot/5 FH 8M  X -> Sample	S017 Pilot/5 FH A#3	
E-MU Systems	Classic Series Vol. 15 - Bass Collection	F00 Designed by S&M. -> B57 Pilot/5 FH 8M  X -> Sample	S018 Pilot/5 FH C3	
E-MU Systems	Classic Series Vol. 15 - Bass Collection	F00 Designed by S&M. -> B57 Pilot/5 FH 8M  X -> Sample	S019 Pilot/5 FH D3	
E-MU Systems	Classic Series Vol. 15 - Bass Collection	F00 Designed by S&M. -> B57 Pilot/5 FH 8M  X -> Sample	S020 Pilot/5 FH E4	
E-MU Systems	Classic Series Vol. 15 - Bass Collection	F00 Designed by S&M. -> B58 Pilot/5PopSlp8MX -> Preset	P000 Pilot Pop/Slap	
E-MU Systems	Classic Series Vol. 15 - Bass Collection	F00 Designed by S&M. -> B58 Pilot/5PopSlp8MX -> Preset	P001 PilotPop/Slp Vel	
E-MU Systems	Classic Series Vol. 15 - Bass Collection	F00 Designed by S&M. -> B58 Pilot/5PopSlp8MX -> Preset	P002 PilotPop/Slp Chr	
E-MU Systems	Classic Series Vol. 15 - Bass Collection	F00 Designed by S&M. -> B58 Pilot/5PopSlp8MX -> Preset	P003 PilotPopSlpATLFO	
E-MU Systems	Classic Series Vol. 15 - Bass Collection	F00 Designed by S&M. -> B58 Pilot/5PopSlp8MX -> Preset	P004 PilotPop/SlpVFLT	
E-MU Systems	Classic Series Vol. 15 - Bass Collection	F00 Designed by S&M. -> B58 Pilot/5PopSlp8MX -> Preset	P005 PilotPop/SlpSoft	
E-MU Systems	Classic Series Vol. 15 - Bass Collection	F00 Designed by S&M. -> B58 Pilot/5PopSlp8MX -> Preset	P006 Pilot Slap Vel	
E-MU Systems	Classic Series Vol. 15 - Bass Collection	F00 Designed by S&M. -> B58 Pilot/5PopSlp8MX -> Preset	P007 Pilot Slap Chrs	
E-MU Systems	Classic Series Vol. 15 - Bass Collection	F00 Designed by S&M. -> B58 Pilot/5PopSlp8MX -> Preset	P008 Pilot Slap ATLFO	
E-MU Systems	Classic Series Vol. 15 - Bass Collection	F00 Designed by S&M. -> B58 Pilot/5PopSlp8MX -> Preset	P009 Pilot Slap Octve	
E-MU Systems	Classic Series Vol. 15 - Bass Collection	F00 Designed by S&M. -> B58 Pilot/5PopSlp8MX -> Preset	P010 Pilot Slap Soft	
E-MU Systems	Classic Series Vol. 15 - Bass Collection	F00 Designed by S&M. -> B58 Pilot/5PopSlp8MX -> Preset	P011 Pilot Pop Vel	
E-MU Systems	Classic Series Vol. 15 - Bass Collection	F00 Designed by S&M. -> B58 Pilot/5PopSlp8MX -> Preset	P012 Pilot Pop Chrs	
E-MU Systems	Classic Series Vol. 15 - Bass Collection	F00 Designed by S&M. -> B58 Pilot/5PopSlp8MX -> Preset	P013 Pilot Pop ATLFO	
E-MU Systems	Classic Series Vol. 15 - Bass Collection	F00 Designed by S&M. -> B58 Pilot/5PopSlp8MX -> Preset	P014 Pilot Pop Octve	
E-MU Systems	Classic Series Vol. 15 - Bass Collection	F00 Designed by S&M. -> B58 Pilot/5PopSlp8MX -> Preset	P015 Pilot Pop Soft	
E-MU Systems	Classic Series Vol. 15 - Bass Collection	F00 Designed by S&M. -> B58 Pilot/5PopSlp8MX -> Preset	P016 (206)232-6191	
E-MU Systems	Classic Series Vol. 15 - Bass Collection	F00 Designed by S&M. -> B58 Pilot/5PopSlp8MX -> Preset	P017 DanDeanProds,Inc	
E-MU Systems	Classic Series Vol. 15 - Bass Collection	F00 Designed by S&M. -> B58 Pilot/5PopSlp8MX -> Sample	S000 Pilot/5 Slap C0	
E-MU Systems	Classic Series Vol. 15 - Bass Collection	F00 Designed by S&M. -> B58 Pilot/5PopSlp8MX -> Sample	S001 Pilot/5 Slap D0	
E-MU Systems	Classic Series Vol. 15 - Bass Collection	F00 Designed by S&M. -> B58 Pilot/5PopSlp8MX -> Sample	S002 Pilot/5 Slap E1	
E-MU Systems	Classic Series Vol. 15 - Bass Collection	F00 Designed by S&M. -> B58 Pilot/5PopSlp8MX -> Sample	S003 Pilot/5 Slap F#1	
E-MU Systems	Classic Series Vol. 15 - Bass Collection	F00 Designed by S&M. -> B58 Pilot/5PopSlp8MX -> Sample	S004 Pilot/5 Slap G#1	
E-MU Systems	Classic Series Vol. 15 - Bass Collection	F00 Designed by S&M. -> B58 Pilot/5PopSlp8MX -> Sample	S005 Pilot/5 Slap A#1	
E-MU Systems	Classic Series Vol. 15 - Bass Collection	F00 Designed by S&M. -> B58 Pilot/5PopSlp8MX -> Sample	S006 Pilot/5 Slap C1	
E-MU Systems	Classic Series Vol. 15 - Bass Collection	F00 Designed by S&M. -> B58 Pilot/5PopSlp8MX -> Sample	S007 Pilot/5 Slap D1	
E-MU Systems	Classic Series Vol. 15 - Bass Collection	F00 Designed by S&M. -> B58 Pilot/5PopSlp8MX -> Sample	S008 Pilot/5 Slap E2	
E-MU Systems	Classic Series Vol. 15 - Bass Collection	F00 Designed by S&M. -> B58 Pilot/5PopSlp8MX -> Sample	S009 Pilot/5 Slap F#2	
E-MU Systems	Classic Series Vol. 15 - Bass Collection	F00 Designed by S&M. -> B58 Pilot/5PopSlp8MX -> Sample	S010 Pilot/5 Slap G#2	
E-MU Systems	Classic Series Vol. 15 - Bass Collection	F00 Designed by S&M. -> B58 Pilot/5PopSlp8MX -> Sample	S011 Pilot/5 Slap A#2	
E-MU Systems	Classic Series Vol. 15 - Bass Collection	F00 Designed by S&M. -> B58 Pilot/5PopSlp8MX -> Sample	S012 Pilot/5 Slap C2	
E-MU Systems	Classic Series Vol. 15 - Bass Collection	F00 Designed by S&M. -> B58 Pilot/5PopSlp8MX -> Sample	S013 Pilot/5 Slap D2	
E-MU Systems	Classic Series Vol. 15 - Bass Collection	F00 Designed by S&M. -> B58 Pilot/5PopSlp8MX -> Sample	S014 Pilot/5 Slap E3	
E-MU Systems	Classic Series Vol. 15 - Bass Collection	F00 Designed by S&M. -> B58 Pilot/5PopSlp8MX -> Sample	S015 Pilot/5 Slap F#3	
E-MU Systems	Classic Series Vol. 15 - Bass Collection	F00 Designed by S&M. -> B58 Pilot/5PopSlp8MX -> Sample	S016 Pilot/5 Slap G#3	
E-MU Systems	Classic Series Vol. 15 - Bass Collection	F00 Designed by S&M. -> B58 Pilot/5PopSlp8MX -> Sample	S017 Pilot/5 Slap A#3	
E-MU Systems	Classic Series Vol. 15 - Bass Collection	F00 Designed by S&M. -> B58 Pilot/5PopSlp8MX -> Sample	S018 Pilot/5 Slap C3	
E-MU Systems	Classic Series Vol. 15 - Bass Collection	F00 Designed by S&M. -> B58 Pilot/5PopSlp8MX -> Sample	S019 Pilot/5 Slap D3	
E-MU Systems	Classic Series Vol. 15 - Bass Collection	F00 Designed by S&M. -> B58 Pilot/5PopSlp8MX -> Sample	S020 Pilot/5 Slap E4	
E-MU Systems	Classic Series Vol. 15 - Bass Collection	F00 Designed by S&M. -> B58 Pilot/5PopSlp8MX -> Sample	S021 Pilot/5 Pop C0	
E-MU Systems	Classic Series Vol. 15 - Bass Collection	F00 Designed by S&M. -> B58 Pilot/5PopSlp8MX -> Sample	S022 Pilot/5 Pop D0	
E-MU Systems	Classic Series Vol. 15 - Bass Collection	F00 Designed by S&M. -> B58 Pilot/5PopSlp8MX -> Sample	S023 Pilot/5 Pop E1	
E-MU Systems	Classic Series Vol. 15 - Bass Collection	F00 Designed by S&M. -> B58 Pilot/5PopSlp8MX -> Sample	S024 Pilot/5 Pop F#1	
E-MU Systems	Classic Series Vol. 15 - Bass Collection	F00 Designed by S&M. -> B58 Pilot/5PopSlp8MX -> Sample	S025 Pilot/5 Pop G#1	
E-MU Systems	Classic Series Vol. 15 - Bass Collection	F00 Designed by S&M. -> B58 Pilot/5PopSlp8MX -> Sample	S026 Pilot/5 Pop A#1	
E-MU Systems	Classic Series Vol. 15 - Bass Collection	F00 Designed by S&M. -> B58 Pilot/5PopSlp8MX -> Sample	S027 Pilot/5 Pop C1	
E-MU Systems	Classic Series Vol. 15 - Bass Collection	F00 Designed by S&M. -> B58 Pilot/5PopSlp8MX -> Sample	S028 Pilot/5 Pop D1	
E-MU Systems	Classic Series Vol. 15 - Bass Collection	F00 Designed by S&M. -> B58 Pilot/5PopSlp8MX -> Sample	S029 Pilot/5 Pop E2	
E-MU Systems	Classic Series Vol. 15 - Bass Collection	F00 Designed by S&M. -> B58 Pilot/5PopSlp8MX -> Sample	S030 Pilot/5 Pop F#2	
E-MU Systems	Classic Series Vol. 15 - Bass Collection	F00 Designed by S&M. -> B58 Pilot/5PopSlp8MX -> Sample	S031 Pilot/5 Pop G#2	
E-MU Systems	Classic Series Vol. 15 - Bass Collection	F00 Designed by S&M. -> B58 Pilot/5PopSlp8MX -> Sample	S032 Pilot/5 Pop A#2	
E-MU Systems	Classic Series Vol. 15 - Bass Collection	F00 Designed by S&M. -> B58 Pilot/5PopSlp8MX -> Sample	S033 Pilot/5 Pop C2	
E-MU Systems	Classic Series Vol. 15 - Bass Collection	F00 Designed by S&M. -> B58 Pilot/5PopSlp8MX -> Sample	S034 Pilot/5 Pop D2	
E-MU Systems	Classic Series Vol. 15 - Bass Collection	F00 Designed by S&M. -> B58 Pilot/5PopSlp8MX -> Sample	S035 Pilot/5 Pop E3	
E-MU Systems	Classic Series Vol. 15 - Bass Collection	F00 Designed by S&M. -> B58 Pilot/5PopSlp8MX -> Sample	S036 Pilot/5 Pop F#3	
E-MU Systems	Classic Series Vol. 15 - Bass Collection	F00 Designed by S&M. -> B58 Pilot/5PopSlp8MX -> Sample	S037 Pilot/5 Pop G#3	
E-MU Systems	Classic Series Vol. 15 - Bass Collection	F00 Designed by S&M. -> B58 Pilot/5PopSlp8MX -> Sample	S038 Pilot/5 Pop A#3	
E-MU Systems	Classic Series Vol. 15 - Bass Collection	F00 Designed by S&M. -> B58 Pilot/5PopSlp8MX -> Sample	S039 Pilot/5 Pop C3	
E-MU Systems	Classic Series Vol. 15 - Bass Collection	F00 Designed by S&M. -> B58 Pilot/5PopSlp8MX -> Sample	S040 Pilot/5 Pop D3	
E-MU Systems	Classic Series Vol. 15 - Bass Collection	F00 Designed by S&M. -> B58 Pilot/5PopSlp8MX -> Sample	S041 Pilot/5 Pop E4	
E-MU Systems	Classic Series Vol. 15 - Bass Collection	F00 Designed by S&M. -> B59 Pilot/5 Pop 2M X -> Preset	P000 Pilot Pop	
E-MU Systems	Classic Series Vol. 15 - Bass Collection	F00 Designed by S&M. -> B59 Pilot/5 Pop 2M X -> Preset	P001 Pilot Pop Vel	
E-MU Systems	Classic Series Vol. 15 - Bass Collection	F00 Designed by S&M. -> B59 Pilot/5 Pop 2M X -> Preset	P002 Pilot Pop Chrs	
E-MU Systems	Classic Series Vol. 15 - Bass Collection	F00 Designed by S&M. -> B59 Pilot/5 Pop 2M X -> Preset	P003 Pilot Pop ATLFO	
E-MU Systems	Classic Series Vol. 15 - Bass Collection	F00 Designed by S&M. -> B59 Pilot/5 Pop 2M X -> Preset	P004 Pilot Pop Octve	
E-MU Systems	Classic Series Vol. 15 - Bass Collection	F00 Designed by S&M. -> B59 Pilot/5 Pop 2M X -> Preset	P005 Pilot Pop Soft	
E-MU Systems	Classic Series Vol. 15 - Bass Collection	F00 Designed by S&M. -> B59 Pilot/5 Pop 2M X -> Preset	P006 (206)232-6191	
E-MU Systems	Classic Series Vol. 15 - Bass Collection	F00 Designed by S&M. -> B59 Pilot/5 Pop 2M X -> Preset	P007 DanDeanProds,Inc	
E-MU Systems	Classic Series Vol. 15 - Bass Collection	F00 Designed by S&M. -> B59 Pilot/5 Pop 2M X -> Sample	S000 Pilot/5 Pop E1	
E-MU Systems	Classic Series Vol. 15 - Bass Collection	F00 Designed by S&M. -> B59 Pilot/5 Pop 2M X -> Sample	S001 Pilot/5 Pop G#1	
E-MU Systems	Classic Series Vol. 15 - Bass Collection	F00 Designed by S&M. -> B59 Pilot/5 Pop 2M X -> Sample	S002 Pilot/5 Pop C1	
E-MU Systems	Classic Series Vol. 15 - Bass Collection	F00 Designed by S&M. -> B59 Pilot/5 Pop 2M X -> Sample	S003 Pilot/5 Pop E2	
E-MU Systems	Classic Series Vol. 15 - Bass Collection	F00 Designed by S&M. -> B59 Pilot/5 Pop 2M X -> Sample	S004 Pilot/5 Pop G#2	
E-MU Systems	Classic Series Vol. 15 - Bass Collection	F00 Designed by S&M. -> B59 Pilot/5 Pop 2M X -> Sample	S005 Pilot/5 Pop C2	
E-MU Systems	Classic Series Vol. 15 - Bass Collection	F00 Designed by S&M. -> B59 Pilot/5 Pop 2M X -> Sample	S006 Pilot/5 Pop E3	
E-MU Systems	Classic Series Vol. 15 - Bass Collection	F00 Designed by S&M. -> B59 Pilot/5 Pop 2M X -> Sample	S007 Pilot/5 Pop G#3	
E-MU Systems	Classic Series Vol. 15 - Bass Collection	F00 Designed by S&M. -> B59 Pilot/5 Pop 2M X -> Sample	S008 Pilot/5 Pop C3	
E-MU Systems	Classic Series Vol. 15 - Bass Collection	F00 Designed by S&M. -> B59 Pilot/5 Pop 2M X -> Sample	S009 Pilot/5 Pop E4	
E-MU Systems	Classic Series Vol. 15 - Bass Collection	F00 Designed by S&M. -> B60 Pilot/5 Slap2M X -> Preset	P000 Pilot Slap	
E-MU Systems	Classic Series Vol. 15 - Bass Collection	F00 Designed by S&M. -> B60 Pilot/5 Slap2M X -> Preset	P001 Pilot Slap Vel	
E-MU Systems	Classic Series Vol. 15 - Bass Collection	F00 Designed by S&M. -> B60 Pilot/5 Slap2M X -> Preset	P002 Pilot Slap Chrs	
E-MU Systems	Classic Series Vol. 15 - Bass Collection	F00 Designed by S&M. -> B60 Pilot/5 Slap2M X -> Preset	P003 Pilot Slap ATLFO	
E-MU Systems	Classic Series Vol. 15 - Bass Collection	F00 Designed by S&M. -> B60 Pilot/5 Slap2M X -> Preset	P004 Pilot Slap Octve	
E-MU Systems	Classic Series Vol. 15 - Bass Collection	F00 Designed by S&M. -> B60 Pilot/5 Slap2M X -> Preset	P005 Pilot Slap Soft	
E-MU Systems	Classic Series Vol. 15 - Bass Collection	F00 Designed by S&M. -> B60 Pilot/5 Slap2M X -> Preset	P006 (206)232-6191	
E-MU Systems	Classic Series Vol. 15 - Bass Collection	F00 Designed by S&M. -> B60 Pilot/5 Slap2M X -> Preset	P007 DanDeanProds,Inc	
E-MU Systems	Classic Series Vol. 15 - Bass Collection	F00 Designed by S&M. -> B60 Pilot/5 Slap2M X -> Sample	S000 Pilot/5 Slap E1	
E-MU Systems	Classic Series Vol. 15 - Bass Collection	F00 Designed by S&M. -> B60 Pilot/5 Slap2M X -> Sample	S001 Pilot/5 Slap G#1	
E-MU Systems	Classic Series Vol. 15 - Bass Collection	F00 Designed by S&M. -> B60 Pilot/5 Slap2M X -> Sample	S002 Pilot/5 Slap C1	
E-MU Systems	Classic Series Vol. 15 - Bass Collection	F00 Designed by S&M. -> B60 Pilot/5 Slap2M X -> Sample	S003 Pilot/5 Slap E2	
E-MU Systems	Classic Series Vol. 15 - Bass Collection	F00 Designed by S&M. -> B60 Pilot/5 Slap2M X -> Sample	S004 Pilot/5 Slap G#2	
E-MU Systems	Classic Series Vol. 15 - Bass Collection	F00 Designed by S&M. -> B60 Pilot/5 Slap2M X -> Sample	S005 Pilot/5 Slap C2	
E-MU Systems	Classic Series Vol. 15 - Bass Collection	F00 Designed by S&M. -> B60 Pilot/5 Slap2M X -> Sample	S006 Pilot/5 Slap E3	
E-MU Systems	Classic Series Vol. 15 - Bass Collection	F00 Designed by S&M. -> B60 Pilot/5 Slap2M X -> Sample	S007 Pilot/5 Slap G#3	
E-MU Systems	Classic Series Vol. 15 - Bass Collection	F00 Designed by S&M. -> B60 Pilot/5 Slap2M X -> Sample	S008 Pilot/5 Slap C3	
E-MU Systems	Classic Series Vol. 15 - Bass Collection	F00 Designed by S&M. -> B60 Pilot/5 Slap2M X -> Sample	S009 Pilot/5 Slap E4	
E-MU Systems	Classic Series Vol. 15 - Bass Collection	F00 Designed by S&M. -> B61 Pilot/5 PM 2M  X -> Preset	P000 Pilot PM	
E-MU Systems	Classic Series Vol. 15 - Bass Collection	F00 Designed by S&M. -> B61 Pilot/5 PM 2M  X -> Preset	P001 Pilot PM Vel	
E-MU Systems	Classic Series Vol. 15 - Bass Collection	F00 Designed by S&M. -> B61 Pilot/5 PM 2M  X -> Preset	P002 Pilot PM Chrs	
E-MU Systems	Classic Series Vol. 15 - Bass Collection	F00 Designed by S&M. -> B61 Pilot/5 PM 2M  X -> Preset	P003 Pilot PM ATLFO	
E-MU Systems	Classic Series Vol. 15 - Bass Collection	F00 Designed by S&M. -> B61 Pilot/5 PM 2M  X -> Preset	P004 Pilot PM Octve	
E-MU Systems	Classic Series Vol. 15 - Bass Collection	F00 Designed by S&M. -> B61 Pilot/5 PM 2M  X -> Preset	P005 Pilot PM Soft	
E-MU Systems	Classic Series Vol. 15 - Bass Collection	F00 Designed by S&M. -> B61 Pilot/5 PM 2M  X -> Preset	P006 (206)232-6191	
E-MU Systems	Classic Series Vol. 15 - Bass Collection	F00 Designed by S&M. -> B61 Pilot/5 PM 2M  X -> Preset	P007 DanDeanProds,Inc	
E-MU Systems	Classic Series Vol. 15 - Bass Collection	F00 Designed by S&M. -> B61 Pilot/5 PM 2M  X -> Sample	S000 Pilot/5 PM E1	
E-MU Systems	Classic Series Vol. 15 - Bass Collection	F00 Designed by S&M. -> B61 Pilot/5 PM 2M  X -> Sample	S001 Pilot/5 PM G#1	
E-MU Systems	Classic Series Vol. 15 - Bass Collection	F00 Designed by S&M. -> B61 Pilot/5 PM 2M  X -> Sample	S002 Pilot/5 PM C1	
E-MU Systems	Classic Series Vol. 15 - Bass Collection	F00 Designed by S&M. -> B61 Pilot/5 PM 2M  X -> Sample	S003 Pilot/5 PM E2	
E-MU Systems	Classic Series Vol. 15 - Bass Collection	F00 Designed by S&M. -> B61 Pilot/5 PM 2M  X -> Sample	S004 Pilot/5 PM G#2	
E-MU Systems	Classic Series Vol. 15 - Bass Collection	F00 Designed by S&M. -> B61 Pilot/5 PM 2M  X -> Sample	S005 Pilot/5 PM C2	
E-MU Systems	Classic Series Vol. 15 - Bass Collection	F00 Designed by S&M. -> B61 Pilot/5 PM 2M  X -> Sample	S006 Pilot/5 PM E3	
E-MU Systems	Classic Series Vol. 15 - Bass Collection	F00 Designed by S&M. -> B61 Pilot/5 PM 2M  X -> Sample	S007 Pilot/5 PM G#3	
E-MU Systems	Classic Series Vol. 15 - Bass Collection	F00 Designed by S&M. -> B61 Pilot/5 PM 2M  X -> Sample	S008 Pilot/5 PM C3	
E-MU Systems	Classic Series Vol. 15 - Bass Collection	F00 Designed by S&M. -> B61 Pilot/5 PM 2M  X -> Sample	S009 Pilot/5 PM E4	
E-MU Systems	Classic Series Vol. 15 - Bass Collection	F00 Designed by S&M. -> B62 Pilot/5 FF 2M  X -> Preset	P000 Pilot FF	
E-MU Systems	Classic Series Vol. 15 - Bass Collection	F00 Designed by S&M. -> B62 Pilot/5 FF 2M  X -> Preset	P001 Pilot FF Vel	
E-MU Systems	Classic Series Vol. 15 - Bass Collection	F00 Designed by S&M. -> B62 Pilot/5 FF 2M  X -> Preset	P002 Pilot FF Chrs	
E-MU Systems	Classic Series Vol. 15 - Bass Collection	F00 Designed by S&M. -> B62 Pilot/5 FF 2M  X -> Preset	P003 Pilot FF ATLFO	
E-MU Systems	Classic Series Vol. 15 - Bass Collection	F00 Designed by S&M. -> B62 Pilot/5 FF 2M  X -> Preset	P004 Pilot FF Octve	
E-MU Systems	Classic Series Vol. 15 - Bass Collection	F00 Designed by S&M. -> B62 Pilot/5 FF 2M  X -> Preset	P005 Pilot FF Soft	
E-MU Systems	Classic Series Vol. 15 - Bass Collection	F00 Designed by S&M. -> B62 Pilot/5 FF 2M  X -> Preset	P006 (206)232-6191	
E-MU Systems	Classic Series Vol. 15 - Bass Collection	F00 Designed by S&M. -> B62 Pilot/5 FF 2M  X -> Preset	P007 DanDeanProds,Inc	
E-MU Systems	Classic Series Vol. 15 - Bass Collection	F00 Designed by S&M. -> B62 Pilot/5 FF 2M  X -> Sample	S000 Pilot/5 FF E1	
E-MU Systems	Classic Series Vol. 15 - Bass Collection	F00 Designed by S&M. -> B62 Pilot/5 FF 2M  X -> Sample	S001 Pilot/5 FF G#1	
E-MU Systems	Classic Series Vol. 15 - Bass Collection	F00 Designed by S&M. -> B62 Pilot/5 FF 2M  X -> Sample	S002 Pilot/5 FF C1	
E-MU Systems	Classic Series Vol. 15 - Bass Collection	F00 Designed by S&M. -> B62 Pilot/5 FF 2M  X -> Sample	S003 Pilot/5 FF E2	
E-MU Systems	Classic Series Vol. 15 - Bass Collection	F00 Designed by S&M. -> B62 Pilot/5 FF 2M  X -> Sample	S004 Pilot/5 FF G#2	
E-MU Systems	Classic Series Vol. 15 - Bass Collection	F00 Designed by S&M. -> B62 Pilot/5 FF 2M  X -> Sample	S005 Pilot/5 FF C2	
E-MU Systems	Classic Series Vol. 15 - Bass Collection	F00 Designed by S&M. -> B62 Pilot/5 FF 2M  X -> Sample	S006 Pilot/5 FF E3	
E-MU Systems	Classic Series Vol. 15 - Bass Collection	F00 Designed by S&M. -> B62 Pilot/5 FF 2M  X -> Sample	S007 Pilot/5 FF G#3	
E-MU Systems	Classic Series Vol. 15 - Bass Collection	F00 Designed by S&M. -> B62 Pilot/5 FF 2M  X -> Sample	S008 Pilot/5 FF C3	
E-MU Systems	Classic Series Vol. 15 - Bass Collection	F00 Designed by S&M. -> B62 Pilot/5 FF 2M  X -> Sample	S009 Pilot/5 FF E4	
E-MU Systems	Classic Series Vol. 15 - Bass Collection	F00 Designed by S&M. -> B63 Pilot/5 FH 2M  X -> Preset	P000 Pilot FH	
E-MU Systems	Classic Series Vol. 15 - Bass Collection	F00 Designed by S&M. -> B63 Pilot/5 FH 2M  X -> Preset	P001 Pilot FH Vel	
E-MU Systems	Classic Series Vol. 15 - Bass Collection	F00 Designed by S&M. -> B63 Pilot/5 FH 2M  X -> Preset	P002 Pilot FH Chrs	
E-MU Systems	Classic Series Vol. 15 - Bass Collection	F00 Designed by S&M. -> B63 Pilot/5 FH 2M  X -> Preset	P003 Pilot FH ATLFO	
E-MU Systems	Classic Series Vol. 15 - Bass Collection	F00 Designed by S&M. -> B63 Pilot/5 FH 2M  X -> Preset	P004 Pilot FH Octve	
E-MU Systems	Classic Series Vol. 15 - Bass Collection	F00 Designed by S&M. -> B63 Pilot/5 FH 2M  X -> Preset	P005 Pilot FH Soft	
E-MU Systems	Classic Series Vol. 15 - Bass Collection	F00 Designed by S&M. -> B63 Pilot/5 FH 2M  X -> Preset	P006 (206)232-6191	
E-MU Systems	Classic Series Vol. 15 - Bass Collection	F00 Designed by S&M. -> B63 Pilot/5 FH 2M  X -> Preset	P007 DanDeanProds,Inc	
E-MU Systems	Classic Series Vol. 15 - Bass Collection	F00 Designed by S&M. -> B63 Pilot/5 FH 2M  X -> Sample	S000 Pilot/5 FH E1	
E-MU Systems	Classic Series Vol. 15 - Bass Collection	F00 Designed by S&M. -> B63 Pilot/5 FH 2M  X -> Sample	S001 Pilot/5 FH G#1	
E-MU Systems	Classic Series Vol. 15 - Bass Collection	F00 Designed by S&M. -> B63 Pilot/5 FH 2M  X -> Sample	S002 Pilot/5 FH C1	
E-MU Systems	Classic Series Vol. 15 - Bass Collection	F00 Designed by S&M. -> B63 Pilot/5 FH 2M  X -> Sample	S003 Pilot/5 FH E2	
E-MU Systems	Classic Series Vol. 15 - Bass Collection	F00 Designed by S&M. -> B63 Pilot/5 FH 2M  X -> Sample	S004 Pilot/5 FH G#2	
E-MU Systems	Classic Series Vol. 15 - Bass Collection	F00 Designed by S&M. -> B63 Pilot/5 FH 2M  X -> Sample	S005 Pilot/5 FH C2	
E-MU Systems	Classic Series Vol. 15 - Bass Collection	F00 Designed by S&M. -> B63 Pilot/5 FH 2M  X -> Sample	S006 Pilot/5 FH E3	
E-MU Systems	Classic Series Vol. 15 - Bass Collection	F00 Designed by S&M. -> B63 Pilot/5 FH 2M  X -> Sample	S007 Pilot/5 FH G#3	
E-MU Systems	Classic Series Vol. 15 - Bass Collection	F00 Designed by S&M. -> B63 Pilot/5 FH 2M  X -> Sample	S008 Pilot/5 FH C3	
E-MU Systems	Classic Series Vol. 15 - Bass Collection	F00 Designed by S&M. -> B63 Pilot/5 FH 2M  X -> Sample	S009 Pilot/5 FH E4	