Spectrasonics	Burning Grooves S.A.G.E. Xpander	Parts -> EXP Libraries -> Burning Grooves -> 56-True Blue	56-True Blue 1	
Spectrasonics	Burning Grooves S.A.G.E. Xpander	Parts -> EXP Libraries -> Burning Grooves -> 56-True Blue	56-True Blue 2	
Spectrasonics	Burning Grooves S.A.G.E. Xpander	Parts -> EXP Libraries -> Burning Grooves -> 58-Higher Slam	58-Higher Slam	
Spectrasonics	Burning Grooves S.A.G.E. Xpander	Parts -> EXP Libraries -> Burning Grooves -> 58-Higher Slam	58-Higher Slam No Snare	
Spectrasonics	Burning Grooves S.A.G.E. Xpander	Parts -> EXP Libraries -> Burning Grooves -> 58-Tom Tom Slam	58-Tom Tom Slam 1	
Spectrasonics	Burning Grooves S.A.G.E. Xpander	Parts -> EXP Libraries -> Burning Grooves -> 58-Tom Tom Slam	58-Tom Tom Slam 2	
Spectrasonics	Burning Grooves S.A.G.E. Xpander	Parts -> EXP Libraries -> Burning Grooves -> 58-Tom Tom Slam	58-Tom Tom Slam No Kick	
Spectrasonics	Burning Grooves S.A.G.E. Xpander	Parts -> EXP Libraries -> Burning Grooves -> 58-Tom Tom Slam	58-Tom Tom Slam No Snare	
Spectrasonics	Burning Grooves S.A.G.E. Xpander	Parts -> EXP Libraries -> Burning Grooves -> 58-Wide Open Slam	58-Wide Open Slam	
Spectrasonics	Burning Grooves S.A.G.E. Xpander	Parts -> EXP Libraries -> Burning Grooves -> 58-Wide Open Slam	58-Wide Open Slam Fill a	
Spectrasonics	Burning Grooves S.A.G.E. Xpander	Parts -> EXP Libraries -> Burning Grooves -> 58-Wide Open Slam	58-Wide Open Slam Fill b	
Spectrasonics	Burning Grooves S.A.G.E. Xpander	Parts -> EXP Libraries -> Burning Grooves -> 58-Wide Open Slam	58-Wide Open Slam Fill c	
Spectrasonics	Burning Grooves S.A.G.E. Xpander	Parts -> EXP Libraries -> Burning Grooves -> 58-Wide Open Slam	58-Wide Open Slam No Kick	
Spectrasonics	Burning Grooves S.A.G.E. Xpander	Parts -> EXP Libraries -> Burning Grooves -> 58-Wide Open Slam	58-Wide Open Slam No Snare	
Spectrasonics	Burning Grooves S.A.G.E. Xpander	Parts -> EXP Libraries -> Burning Grooves -> 59-Devastated	59-Devastated 1	
Spectrasonics	Burning Grooves S.A.G.E. Xpander	Parts -> EXP Libraries -> Burning Grooves -> 59-Devastated	59-Devastated 2	
Spectrasonics	Burning Grooves S.A.G.E. Xpander	Parts -> EXP Libraries -> Burning Grooves -> 59-Devastated	59-Devastated 3	
Spectrasonics	Burning Grooves S.A.G.E. Xpander	Parts -> EXP Libraries -> Burning Grooves -> 59-Devastated	59-Devastated No Kick	
Spectrasonics	Burning Grooves S.A.G.E. Xpander	Parts -> EXP Libraries -> Burning Grooves -> 59-Devastated	59-Devastated No Snare	
Spectrasonics	Burning Grooves S.A.G.E. Xpander	Parts -> EXP Libraries -> Burning Grooves -> 61-Deliberate	61-Deliberate	
Spectrasonics	Burning Grooves S.A.G.E. Xpander	Parts -> EXP Libraries -> Burning Grooves -> 61-Deliberate	61-Deliberate No Kick	
Spectrasonics	Burning Grooves S.A.G.E. Xpander	Parts -> EXP Libraries -> Burning Grooves -> 61-Deliberate	61-Deliberate No Snare	
Spectrasonics	Burning Grooves S.A.G.E. Xpander	Parts -> EXP Libraries -> Burning Grooves -> 61-Nail Gun	61-Nail Gun 1	
Spectrasonics	Burning Grooves S.A.G.E. Xpander	Parts -> EXP Libraries -> Burning Grooves -> 61-Nail Gun	61-Nail Gun 2	
Spectrasonics	Burning Grooves S.A.G.E. Xpander	Parts -> EXP Libraries -> Burning Grooves -> 61-Nail Gun	61-Nail Gun Fill	
Spectrasonics	Burning Grooves S.A.G.E. Xpander	Parts -> EXP Libraries -> Burning Grooves -> 61-Nail Gun	61-Nail Gun No Kick	
Spectrasonics	Burning Grooves S.A.G.E. Xpander	Parts -> EXP Libraries -> Burning Grooves -> 61-Nail Gun	61-Nail Gun No Snare	
Spectrasonics	Burning Grooves S.A.G.E. Xpander	Parts -> EXP Libraries -> Burning Grooves -> 62-Wasteland	62-Wasteland	
Spectrasonics	Burning Grooves S.A.G.E. Xpander	Parts -> EXP Libraries -> Burning Grooves -> 62-Wasteland	62-Wasteland No Kick	
Spectrasonics	Burning Grooves S.A.G.E. Xpander	Parts -> EXP Libraries -> Burning Grooves -> 62-Wasteland	62-Wasteland No Snare	
Spectrasonics	Burning Grooves S.A.G.E. Xpander	Parts -> EXP Libraries -> Burning Grooves -> 65-Rockin' Reggae	65-Rockin' Reggae Dry 1	
Spectrasonics	Burning Grooves S.A.G.E. Xpander	Parts -> EXP Libraries -> Burning Grooves -> 65-Rockin' Reggae	65-Rockin' Reggae Dry 2	
Spectrasonics	Burning Grooves S.A.G.E. Xpander	Parts -> EXP Libraries -> Burning Grooves -> 65-Rockin' Reggae	65-Rockin' Reggae Dry 3	
Spectrasonics	Burning Grooves S.A.G.E. Xpander	Parts -> EXP Libraries -> Burning Grooves -> 65-Rockin' Reggae	65-Rockin' Reggae Dry Fill	
Spectrasonics	Burning Grooves S.A.G.E. Xpander	Parts -> EXP Libraries -> Burning Grooves -> 65-Rockin' Reggae	65-Rockin' Reggae Dry No Kick	
Spectrasonics	Burning Grooves S.A.G.E. Xpander	Parts -> EXP Libraries -> Burning Grooves -> 65-Rockin' Reggae	65-Rockin' Reggae Wet 1	
Spectrasonics	Burning Grooves S.A.G.E. Xpander	Parts -> EXP Libraries -> Burning Grooves -> 65-Rockin' Reggae	65-Rockin' Reggae Wet 2	
Spectrasonics	Burning Grooves S.A.G.E. Xpander	Parts -> EXP Libraries -> Burning Grooves -> 65-Rockin' Reggae	65-Rockin' Reggae Wet Fill	
Spectrasonics	Burning Grooves S.A.G.E. Xpander	Parts -> EXP Libraries -> Burning Grooves -> 65-Rockin' Reggae	65-Rockin' Reggae Wet No Kick	
Spectrasonics	Burning Grooves S.A.G.E. Xpander	Parts -> EXP Libraries -> Burning Grooves -> 65-Soul Slam Edge	65-Soul Slam Edge 1	
Spectrasonics	Burning Grooves S.A.G.E. Xpander	Parts -> EXP Libraries -> Burning Grooves -> 65-Soul Slam Edge	65-Soul Slam Edge 2	
Spectrasonics	Burning Grooves S.A.G.E. Xpander	Parts -> EXP Libraries -> Burning Grooves -> 65-Soul Slam Edge	65-Soul Slam Edge 3	
Spectrasonics	Burning Grooves S.A.G.E. Xpander	Parts -> EXP Libraries -> Burning Grooves -> 65-Soul Slam Edge	65-Soul Slam Edge 4	
Spectrasonics	Burning Grooves S.A.G.E. Xpander	Parts -> EXP Libraries -> Burning Grooves -> 65-Soul Slam Edge	65-Soul Slam Edge Fill	
Spectrasonics	Burning Grooves S.A.G.E. Xpander	Parts -> EXP Libraries -> Burning Grooves -> 65-Soul Slam Edge	65-Soul Slam Edge No Kick	
Spectrasonics	Burning Grooves S.A.G.E. Xpander	Parts -> EXP Libraries -> Burning Grooves -> 65-Soul Slam Edge	65-Soul Slam Edge No Snare	
Spectrasonics	Burning Grooves S.A.G.E. Xpander	Parts -> EXP Libraries -> Burning Grooves -> 65-Soul Slam Edge	65-Soul Slam Verb 1	
Spectrasonics	Burning Grooves S.A.G.E. Xpander	Parts -> EXP Libraries -> Burning Grooves -> 65-Soul Slam Edge	65-Soul Slam Verb 2	
Spectrasonics	Burning Grooves S.A.G.E. Xpander	Parts -> EXP Libraries -> Burning Grooves -> 65-Soul Slam Edge	65-Soul Slam Verb 3	
Spectrasonics	Burning Grooves S.A.G.E. Xpander	Parts -> EXP Libraries -> Burning Grooves -> 65-Soul Slam Edge	65-Soul Slam Verb 4	
Spectrasonics	Burning Grooves S.A.G.E. Xpander	Parts -> EXP Libraries -> Burning Grooves -> 65-Soul Slam Edge	65-Soul Slam Verb Fill	
Spectrasonics	Burning Grooves S.A.G.E. Xpander	Parts -> EXP Libraries -> Burning Grooves -> 65-Soul Slam Edge	65-Soul Slam Verb No Kick	
Spectrasonics	Burning Grooves S.A.G.E. Xpander	Parts -> EXP Libraries -> Burning Grooves -> 65-Soul Slam Edge	65-Soul Slam Verb No Snare	
Spectrasonics	Burning Grooves S.A.G.E. Xpander	Parts -> EXP Libraries -> Burning Grooves -> 66-All Out War	66-All Out War 1	
Spectrasonics	Burning Grooves S.A.G.E. Xpander	Parts -> EXP Libraries -> Burning Grooves -> 66-All Out War	66-All Out War 2	
Spectrasonics	Burning Grooves S.A.G.E. Xpander	Parts -> EXP Libraries -> Burning Grooves -> 66-All Out War	66-All Out War Fill a	
Spectrasonics	Burning Grooves S.A.G.E. Xpander	Parts -> EXP Libraries -> Burning Grooves -> 66-All Out War	66-All Out War Fill b	
Spectrasonics	Burning Grooves S.A.G.E. Xpander	Parts -> EXP Libraries -> Burning Grooves -> 66-All Out War	66-All Out War Fill c	
Spectrasonics	Burning Grooves S.A.G.E. Xpander	Parts -> EXP Libraries -> Burning Grooves -> 66-All Out War	66-All Out War Fill d	
Spectrasonics	Burning Grooves S.A.G.E. Xpander	Parts -> EXP Libraries -> Burning Grooves -> 66-All Out War	66-All Out War No Kick	
Spectrasonics	Burning Grooves S.A.G.E. Xpander	Parts -> EXP Libraries -> Burning Grooves -> 66-All Out War	66-All Out War No Snare	
Spectrasonics	Burning Grooves S.A.G.E. Xpander	Parts -> EXP Libraries -> Burning Grooves -> 66-Whacked Echo	66-Whacked Echo	
Spectrasonics	Burning Grooves S.A.G.E. Xpander	Parts -> EXP Libraries -> Burning Grooves -> 66-Whacked Echo	66-Whacked Echo No Kick	
Spectrasonics	Burning Grooves S.A.G.E. Xpander	Parts -> EXP Libraries -> Burning Grooves -> 66-Whacked Echo	66-Whacked Echo No Snare	
Spectrasonics	Burning Grooves S.A.G.E. Xpander	Parts -> EXP Libraries -> Burning Grooves -> 69-Half & Half	69-Half & Half	
Spectrasonics	Burning Grooves S.A.G.E. Xpander	Parts -> EXP Libraries -> Burning Grooves -> 71-Thick Socks	71-Thick Socks 1	
Spectrasonics	Burning Grooves S.A.G.E. Xpander	Parts -> EXP Libraries -> Burning Grooves -> 71-Thick Socks	71-Thick Socks 2	
Spectrasonics	Burning Grooves S.A.G.E. Xpander	Parts -> EXP Libraries -> Burning Grooves -> 71-Thick Socks	71-Thick Socks 3	
Spectrasonics	Burning Grooves S.A.G.E. Xpander	Parts -> EXP Libraries -> Burning Grooves -> 71-Thick Socks	71-Thick Socks Fill	
Spectrasonics	Burning Grooves S.A.G.E. Xpander	Parts -> EXP Libraries -> Burning Grooves -> 71-Thick Socks	71-Thick Socks No Kick	
Spectrasonics	Burning Grooves S.A.G.E. Xpander	Parts -> EXP Libraries -> Burning Grooves -> 71-Thick Socks	71-Thick Socks No Snare	
Spectrasonics	Burning Grooves S.A.G.E. Xpander	Parts -> EXP Libraries -> Burning Grooves -> 72-Iced Shuffle	72-Iced Shuffle 1	
Spectrasonics	Burning Grooves S.A.G.E. Xpander	Parts -> EXP Libraries -> Burning Grooves -> 72-Iced Shuffle	72-Iced Shuffle 2	
Spectrasonics	Burning Grooves S.A.G.E. Xpander	Parts -> EXP Libraries -> Burning Grooves -> 72-Iced Shuffle	72-Iced Shuffle 3	
Spectrasonics	Burning Grooves S.A.G.E. Xpander	Parts -> EXP Libraries -> Burning Grooves -> 72-Iced Shuffle	72-Iced Shuffle No Kick	
Spectrasonics	Burning Grooves S.A.G.E. Xpander	Parts -> EXP Libraries -> Burning Grooves -> 72-Iced Shuffle	72-Iced Shuffle No Snare	
Spectrasonics	Burning Grooves S.A.G.E. Xpander	Parts -> EXP Libraries -> Burning Grooves -> 72-Push & Shove	72-Push & Shove	
Spectrasonics	Burning Grooves S.A.G.E. Xpander	Parts -> EXP Libraries -> Burning Grooves -> 72-Push & Shove	72-Push & Shove No Kick	
Spectrasonics	Burning Grooves S.A.G.E. Xpander	Parts -> EXP Libraries -> Burning Grooves -> 72-Push & Shove	72-Push & Shove No Snare	
Spectrasonics	Burning Grooves S.A.G.E. Xpander	Parts -> EXP Libraries -> Burning Grooves -> 73-Funk Bolero	73-Funk Bolero 1	
Spectrasonics	Burning Grooves S.A.G.E. Xpander	Parts -> EXP Libraries -> Burning Grooves -> 73-Funk Bolero	73-Funk Bolero 2	
Spectrasonics	Burning Grooves S.A.G.E. Xpander	Parts -> EXP Libraries -> Burning Grooves -> 73-Funk Bolero	73-Funk Bolero 3	
Spectrasonics	Burning Grooves S.A.G.E. Xpander	Parts -> EXP Libraries -> Burning Grooves -> 73-Funk Bolero	73-Funk Bolero Fill a	
Spectrasonics	Burning Grooves S.A.G.E. Xpander	Parts -> EXP Libraries -> Burning Grooves -> 73-Funk Bolero	73-Funk Bolero Fill b	
Spectrasonics	Burning Grooves S.A.G.E. Xpander	Parts -> EXP Libraries -> Burning Grooves -> 73-Funk Bolero	73-Funk Bolero Fill c	
Spectrasonics	Burning Grooves S.A.G.E. Xpander	Parts -> EXP Libraries -> Burning Grooves -> 73-Funk Bolero	73-Funk Bolero Fill d	
Spectrasonics	Burning Grooves S.A.G.E. Xpander	Parts -> EXP Libraries -> Burning Grooves -> 73-Funk Bolero	73-Funk Bolero Fill e	
Spectrasonics	Burning Grooves S.A.G.E. Xpander	Parts -> EXP Libraries -> Burning Grooves -> 73-Funk Bolero	73-Funk Bolero Fill f	
Spectrasonics	Burning Grooves S.A.G.E. Xpander	Parts -> EXP Libraries -> Burning Grooves -> 73-Funk Bolero	73-Funk Bolero No Kick	
Spectrasonics	Burning Grooves S.A.G.E. Xpander	Parts -> EXP Libraries -> Burning Grooves -> 73-Funk Bolero	73-Funk Bolero No Snare	
Spectrasonics	Burning Grooves S.A.G.E. Xpander	Parts -> EXP Libraries -> Burning Grooves -> 74-Old John	74-Old John Comp	
Spectrasonics	Burning Grooves S.A.G.E. Xpander	Parts -> EXP Libraries -> Burning Grooves -> 74-Old John	74-Old John Comp No Kick	
Spectrasonics	Burning Grooves S.A.G.E. Xpander	Parts -> EXP Libraries -> Burning Grooves -> 74-Old John	74-Old John Comp No Snare	
Spectrasonics	Burning Grooves S.A.G.E. Xpander	Parts -> EXP Libraries -> Burning Grooves -> 74-Old John	74-Old John Room	
Spectrasonics	Burning Grooves S.A.G.E. Xpander	Parts -> EXP Libraries -> Burning Grooves -> 74-Old John	74-Old John Room No Kick	
Spectrasonics	Burning Grooves S.A.G.E. Xpander	Parts -> EXP Libraries -> Burning Grooves -> 74-Old John	74-Old John Room No Snare	
Spectrasonics	Burning Grooves S.A.G.E. Xpander	Parts -> EXP Libraries -> Burning Grooves -> 75-Indo Crunch	75-Indo Crunch	
Spectrasonics	Burning Grooves S.A.G.E. Xpander	Parts -> EXP Libraries -> Burning Grooves -> 75-Indo Crunch	75-Indo Crunch HiHat	
Spectrasonics	Burning Grooves S.A.G.E. Xpander	Parts -> EXP Libraries -> Burning Grooves -> 75-Indo Crunch	75-Indo Crunch No Kick	
Spectrasonics	Burning Grooves S.A.G.E. Xpander	Parts -> EXP Libraries -> Burning Grooves -> 75-Indo Crunch	75-Indo Crunch No Snare	
Spectrasonics	Burning Grooves S.A.G.E. Xpander	Parts -> EXP Libraries -> Burning Grooves -> 75-Space Rocks	75-Space Rocks	
Spectrasonics	Burning Grooves S.A.G.E. Xpander	Parts -> EXP Libraries -> Burning Grooves -> 75-Space Rocks	75-Space Rocks No Kick	
Spectrasonics	Burning Grooves S.A.G.E. Xpander	Parts -> EXP Libraries -> Burning Grooves -> 75-Space Rocks	75-Space Rocks No Snare	
Spectrasonics	Burning Grooves S.A.G.E. Xpander	Parts -> EXP Libraries -> Burning Grooves -> 75-Whack Factory	75-Whack Factory	
Spectrasonics	Burning Grooves S.A.G.E. Xpander	Parts -> EXP Libraries -> Burning Grooves -> 75-Whack Factory	75-Whack Factory No Kick	
Spectrasonics	Burning Grooves S.A.G.E. Xpander	Parts -> EXP Libraries -> Burning Grooves -> 75-Whack Factory	75-Whack Factory No Snare	
Spectrasonics	Burning Grooves S.A.G.E. Xpander	Parts -> EXP Libraries -> Burning Grooves -> 76-Head Pop	76-Head Pop Comp 1	
Spectrasonics	Burning Grooves S.A.G.E. Xpander	Parts -> EXP Libraries -> Burning Grooves -> 76-Head Pop	76-Head Pop Comp 2	
Spectrasonics	Burning Grooves S.A.G.E. Xpander	Parts -> EXP Libraries -> Burning Grooves -> 76-Head Pop	76-Head Pop Comp No Kick	
Spectrasonics	Burning Grooves S.A.G.E. Xpander	Parts -> EXP Libraries -> Burning Grooves -> 76-Head Pop	76-Head Pop Lo-Fi 1	
Spectrasonics	Burning Grooves S.A.G.E. Xpander	Parts -> EXP Libraries -> Burning Grooves -> 76-Head Pop	76-Head Pop Lo-Fi 2	
Spectrasonics	Burning Grooves S.A.G.E. Xpander	Parts -> EXP Libraries -> Burning Grooves -> 76-Head Pop	76-Head Pop Lo-Fi No Kick	
Spectrasonics	Burning Grooves S.A.G.E. Xpander	Parts -> EXP Libraries -> Burning Grooves -> 76-Slow Roller	76-Slow Roller	
Spectrasonics	Burning Grooves S.A.G.E. Xpander	Parts -> EXP Libraries -> Burning Grooves -> 76-Slow Roller	76-Slow Roller Fill a	
Spectrasonics	Burning Grooves S.A.G.E. Xpander	Parts -> EXP Libraries -> Burning Grooves -> 76-Slow Roller	76-Slow Roller Fill b	
Spectrasonics	Burning Grooves S.A.G.E. Xpander	Parts -> EXP Libraries -> Burning Grooves -> 76-Slow Roller	76-Slow Roller No Kick	
Spectrasonics	Burning Grooves S.A.G.E. Xpander	Parts -> EXP Libraries -> Burning Grooves -> 76-Slow Roller	76-Slow Roller No Snare	
Spectrasonics	Burning Grooves S.A.G.E. Xpander	Parts -> EXP Libraries -> Burning Grooves -> 76-Trashman	76-Trashman 1	
Spectrasonics	Burning Grooves S.A.G.E. Xpander	Parts -> EXP Libraries -> Burning Grooves -> 76-Trashman	76-Trashman 2	
Spectrasonics	Burning Grooves S.A.G.E. Xpander	Parts -> EXP Libraries -> Burning Grooves -> 76-Trashman	76-Trashman No Kick	
Spectrasonics	Burning Grooves S.A.G.E. Xpander	Parts -> EXP Libraries -> Burning Grooves -> 76-Trashman	76-Trashman No Snare	
Spectrasonics	Burning Grooves S.A.G.E. Xpander	Parts -> EXP Libraries -> Burning Grooves -> 77-Funkster	77-Funkster 1	
Spectrasonics	Burning Grooves S.A.G.E. Xpander	Parts -> EXP Libraries -> Burning Grooves -> 77-Funkster	77-Funkster 2	
Spectrasonics	Burning Grooves S.A.G.E. Xpander	Parts -> EXP Libraries -> Burning Grooves -> 77-Funkster	77-Funkster Fill	
Spectrasonics	Burning Grooves S.A.G.E. Xpander	Parts -> EXP Libraries -> Burning Grooves -> 77-Funkster	77-Funkster No Kick	
Spectrasonics	Burning Grooves S.A.G.E. Xpander	Parts -> EXP Libraries -> Burning Grooves -> 77-Funkster	77-Funkster No Snare	
Spectrasonics	Burning Grooves S.A.G.E. Xpander	Parts -> EXP Libraries -> Burning Grooves -> 78-Splattitude	78-Splattitude	
Spectrasonics	Burning Grooves S.A.G.E. Xpander	Parts -> EXP Libraries -> Burning Grooves -> 78-Splattitude	78-Splattitude No Kick	
Spectrasonics	Burning Grooves S.A.G.E. Xpander	Parts -> EXP Libraries -> Burning Grooves -> 78-Splattitude	78-Splattitude No Snare	
Spectrasonics	Burning Grooves S.A.G.E. Xpander	Parts -> EXP Libraries -> Burning Grooves -> 78-Stick Jams	78-Stick Jams Hi-Fi	
Spectrasonics	Burning Grooves S.A.G.E. Xpander	Parts -> EXP Libraries -> Burning Grooves -> 78-Stick Jams	78-Stick Jams Lo-Fi	
Spectrasonics	Burning Grooves S.A.G.E. Xpander	Parts -> EXP Libraries -> Burning Grooves -> 79-Factory	79-Factory	
Spectrasonics	Burning Grooves S.A.G.E. Xpander	Parts -> EXP Libraries -> Burning Grooves -> 79-Factory	79-Factory No Kick	
Spectrasonics	Burning Grooves S.A.G.E. Xpander	Parts -> EXP Libraries -> Burning Grooves -> 80-Attack Head	80-Attack Head Comp 1	
Spectrasonics	Burning Grooves S.A.G.E. Xpander	Parts -> EXP Libraries -> Burning Grooves -> 80-Attack Head	80-Attack Head Comp 2	
Spectrasonics	Burning Grooves S.A.G.E. Xpander	Parts -> EXP Libraries -> Burning Grooves -> 80-Attack Head	80-Attack Head Comp Fill	
Spectrasonics	Burning Grooves S.A.G.E. Xpander	Parts -> EXP Libraries -> Burning Grooves -> 80-Attack Head	80-Attack Head Lo-Fi 1	
Spectrasonics	Burning Grooves S.A.G.E. Xpander	Parts -> EXP Libraries -> Burning Grooves -> 80-Attack Head	80-Attack Head Lo-Fi 2	
Spectrasonics	Burning Grooves S.A.G.E. Xpander	Parts -> EXP Libraries -> Burning Grooves -> 80-Attack Head	80-Attack Head Lo-Fi Fill	
Spectrasonics	Burning Grooves S.A.G.E. Xpander	Parts -> EXP Libraries -> Burning Grooves -> 80-Click Dirge	80-Click Dirge 1	
Spectrasonics	Burning Grooves S.A.G.E. Xpander	Parts -> EXP Libraries -> Burning Grooves -> 80-Click Dirge	80-Click Dirge 2	
Spectrasonics	Burning Grooves S.A.G.E. Xpander	Parts -> EXP Libraries -> Burning Grooves -> 80-Click Dirge	80-Click Dirge No HiHat	
Spectrasonics	Burning Grooves S.A.G.E. Xpander	Parts -> EXP Libraries -> Burning Grooves -> 80-Click Dirge	80-Click Dirge No Kick	
Spectrasonics	Burning Grooves S.A.G.E. Xpander	Parts -> EXP Libraries -> Burning Grooves -> 80-Click Dirge	80-Click Dirge No Sn No K	
Spectrasonics	Burning Grooves S.A.G.E. Xpander	Parts -> EXP Libraries -> Burning Grooves -> 80-Click Dirge	80-Click Dirge No Snare 1	
Spectrasonics	Burning Grooves S.A.G.E. Xpander	Parts -> EXP Libraries -> Burning Grooves -> 80-Click Dirge	80-Click Dirge No Snare 2	
Spectrasonics	Burning Grooves S.A.G.E. Xpander	Parts -> EXP Libraries -> Burning Grooves -> 80-Fat Back	80-Fat Back	
Spectrasonics	Burning Grooves S.A.G.E. Xpander	Parts -> EXP Libraries -> Burning Grooves -> 80-Fat Back	80-Fat Back No Kick	
Spectrasonics	Burning Grooves S.A.G.E. Xpander	Parts -> EXP Libraries -> Burning Grooves -> 80-Fat Back	80-Fat Back No Snare	
Spectrasonics	Burning Grooves S.A.G.E. Xpander	Parts -> EXP Libraries -> Burning Grooves -> 81-Deep Pockets	81-Deep Pockets 1	
Spectrasonics	Burning Grooves S.A.G.E. Xpander	Parts -> EXP Libraries -> Burning Grooves -> 81-Deep Pockets	81-Deep Pockets 2	
Spectrasonics	Burning Grooves S.A.G.E. Xpander	Parts -> EXP Libraries -> Burning Grooves -> 81-Deep Pockets	81-Deep Pockets Fill a	
Spectrasonics	Burning Grooves S.A.G.E. Xpander	Parts -> EXP Libraries -> Burning Grooves -> 81-Deep Pockets	81-Deep Pockets Fill b	
Spectrasonics	Burning Grooves S.A.G.E. Xpander	Parts -> EXP Libraries -> Burning Grooves -> 81-Deep Pockets	81-Deep Pockets Fill c	
Spectrasonics	Burning Grooves S.A.G.E. Xpander	Parts -> EXP Libraries -> Burning Grooves -> 81-Deep Pockets	81-Deep Pockets Fill d	
Spectrasonics	Burning Grooves S.A.G.E. Xpander	Parts -> EXP Libraries -> Burning Grooves -> 81-Deep Pockets	81-Deep Pockets Fill e	
Spectrasonics	Burning Grooves S.A.G.E. Xpander	Parts -> EXP Libraries -> Burning Grooves -> 81-Deep Pockets	81-Deep Pockets Fill f	
Spectrasonics	Burning Grooves S.A.G.E. Xpander	Parts -> EXP Libraries -> Burning Grooves -> 81-Deep Pockets	81-Deep Pockets No Kick	
Spectrasonics	Burning Grooves S.A.G.E. Xpander	Parts -> EXP Libraries -> Burning Grooves -> 81-Deep Pockets	81-Deep Pockets No Snare	
Spectrasonics	Burning Grooves S.A.G.E. Xpander	Parts -> EXP Libraries -> Burning Grooves -> 81-Greasy	81-Greasy	
Spectrasonics	Burning Grooves S.A.G.E. Xpander	Parts -> EXP Libraries -> Burning Grooves -> 81-Greasy	81-Greasy Fill	
Spectrasonics	Burning Grooves S.A.G.E. Xpander	Parts -> EXP Libraries -> Burning Grooves -> 81-Greasy	81-Greasy Fill Bar	
Spectrasonics	Burning Grooves S.A.G.E. Xpander	Parts -> EXP Libraries -> Burning Grooves -> 81-Greasy	81-Greasy No Kick	
Spectrasonics	Burning Grooves S.A.G.E. Xpander	Parts -> EXP Libraries -> Burning Grooves -> 81-Greasy	81-Greasy No Snare	
Spectrasonics	Burning Grooves S.A.G.E. Xpander	Parts -> EXP Libraries -> Burning Grooves -> 82-Glider	82-Glider	
Spectrasonics	Burning Grooves S.A.G.E. Xpander	Parts -> EXP Libraries -> Burning Grooves -> 82-Glider	82-Glider No Kick	
Spectrasonics	Burning Grooves S.A.G.E. Xpander	Parts -> EXP Libraries -> Burning Grooves -> 82-Glider	82-Glider No Snare	
Spectrasonics	Burning Grooves S.A.G.E. Xpander	Parts -> EXP Libraries -> Burning Grooves -> 85-Bell Cruise	85-Bell Cruise	
Spectrasonics	Burning Grooves S.A.G.E. Xpander	Parts -> EXP Libraries -> Burning Grooves -> 85-Bell Cruise	85-Bell Cruise HiHat	
Spectrasonics	Burning Grooves S.A.G.E. Xpander	Parts -> EXP Libraries -> Burning Grooves -> 85-Bell Cruise	85-Bell Cruise No Kick	
Spectrasonics	Burning Grooves S.A.G.E. Xpander	Parts -> EXP Libraries -> Burning Grooves -> 85-Bell Cruise	85-Bell Cruise No Snare	
Spectrasonics	Burning Grooves S.A.G.E. Xpander	Parts -> EXP Libraries -> Burning Grooves -> 85-Hyper Fuzoid	85-Hyper Fuzoid 1	
Spectrasonics	Burning Grooves S.A.G.E. Xpander	Parts -> EXP Libraries -> Burning Grooves -> 85-Hyper Fuzoid	85-Hyper Fuzoid 2	
Spectrasonics	Burning Grooves S.A.G.E. Xpander	Parts -> EXP Libraries -> Burning Grooves -> 85-Hyper Fuzoid	85-Hyper Fuzoid 3	
Spectrasonics	Burning Grooves S.A.G.E. Xpander	Parts -> EXP Libraries -> Burning Grooves -> 85-Hyper Fuzoid	85-Hyper Fuzoid No Kick	
Spectrasonics	Burning Grooves S.A.G.E. Xpander	Parts -> EXP Libraries -> Burning Grooves -> 85-Hyper Fuzoid	85-Hyper Fuzoid No Snare	
Spectrasonics	Burning Grooves S.A.G.E. Xpander	Parts -> EXP Libraries -> Burning Grooves -> 85-Ping Pong	85-Ping Pong Comp 1	
Spectrasonics	Burning Grooves S.A.G.E. Xpander	Parts -> EXP Libraries -> Burning Grooves -> 85-Ping Pong	85-Ping Pong Comp 2	
Spectrasonics	Burning Grooves S.A.G.E. Xpander	Parts -> EXP Libraries -> Burning Grooves -> 85-Ping Pong	85-Ping Pong Comp Fill	
Spectrasonics	Burning Grooves S.A.G.E. Xpander	Parts -> EXP Libraries -> Burning Grooves -> 85-Ping Pong	85-Ping Pong Comp No Kick	
Spectrasonics	Burning Grooves S.A.G.E. Xpander	Parts -> EXP Libraries -> Burning Grooves -> 85-Ping Pong	85-Ping Pong Comp No Snare	
Spectrasonics	Burning Grooves S.A.G.E. Xpander	Parts -> EXP Libraries -> Burning Grooves -> 85-Ping Pong	85-Ping Pong Edge 1	
Spectrasonics	Burning Grooves S.A.G.E. Xpander	Parts -> EXP Libraries -> Burning Grooves -> 85-Ping Pong	85-Ping Pong Edge 2	
Spectrasonics	Burning Grooves S.A.G.E. Xpander	Parts -> EXP Libraries -> Burning Grooves -> 85-Ping Pong	85-Ping Pong Edge Fill	
Spectrasonics	Burning Grooves S.A.G.E. Xpander	Parts -> EXP Libraries -> Burning Grooves -> 85-Ping Pong	85-Ping Pong Edge No Kick	
Spectrasonics	Burning Grooves S.A.G.E. Xpander	Parts -> EXP Libraries -> Burning Grooves -> 85-Ping Pong	85-Ping Pong Edge No Snare	
Spectrasonics	Burning Grooves S.A.G.E. Xpander	Parts -> EXP Libraries -> Burning Grooves -> 85-Pot Sticker	85-Pot Sticker 1	
Spectrasonics	Burning Grooves S.A.G.E. Xpander	Parts -> EXP Libraries -> Burning Grooves -> 85-Pot Sticker	85-Pot Sticker 2	
Spectrasonics	Burning Grooves S.A.G.E. Xpander	Parts -> EXP Libraries -> Burning Grooves -> 85-Pot Sticker	85-Pot Sticker 3	
Spectrasonics	Burning Grooves S.A.G.E. Xpander	Parts -> EXP Libraries -> Burning Grooves -> 85-Pot Sticker	85-Pot Sticker No Kick	
Spectrasonics	Burning Grooves S.A.G.E. Xpander	Parts -> EXP Libraries -> Burning Grooves -> 85-Slow Slam	85-Slow Slam 1	
Spectrasonics	Burning Grooves S.A.G.E. Xpander	Parts -> EXP Libraries -> Burning Grooves -> 85-Slow Slam	85-Slow Slam 2	
Spectrasonics	Burning Grooves S.A.G.E. Xpander	Parts -> EXP Libraries -> Burning Grooves -> 85-Slow Slam	85-Slow Slam No Kick	
Spectrasonics	Burning Grooves S.A.G.E. Xpander	Parts -> EXP Libraries -> Burning Grooves -> 85-Slow Slam	85-Slow Slam No Snare	
Spectrasonics	Burning Grooves S.A.G.E. Xpander	Parts -> EXP Libraries -> Burning Grooves -> 86-Accentuate	86-Accentuate 1	
Spectrasonics	Burning Grooves S.A.G.E. Xpander	Parts -> EXP Libraries -> Burning Grooves -> 86-Accentuate	86-Accentuate 2	
Spectrasonics	Burning Grooves S.A.G.E. Xpander	Parts -> EXP Libraries -> Burning Grooves -> 86-Accentuate	86-Accentuate Fill	
Spectrasonics	Burning Grooves S.A.G.E. Xpander	Parts -> EXP Libraries -> Burning Grooves -> 86-Accentuate	86-Accentuate No Kick	
Spectrasonics	Burning Grooves S.A.G.E. Xpander	Parts -> EXP Libraries -> Burning Grooves -> 86-Accentuate	86-Accentuate No Snare	
Spectrasonics	Burning Grooves S.A.G.E. Xpander	Parts -> EXP Libraries -> Burning Grooves -> 86-Long Hair	86-Long Hair	
Spectrasonics	Burning Grooves S.A.G.E. Xpander	Parts -> EXP Libraries -> Burning Grooves -> 86-Long Hair	86-Long Hair  No Kick	
Spectrasonics	Burning Grooves S.A.G.E. Xpander	Parts -> EXP Libraries -> Burning Grooves -> 86-Long Hair	86-Long Hair  No Snare	
Spectrasonics	Burning Grooves S.A.G.E. Xpander	Parts -> EXP Libraries -> Burning Grooves -> 86-Long Hair	86-Long Hair Grunge	
Spectrasonics	Burning Grooves S.A.G.E. Xpander	Parts -> EXP Libraries -> Burning Grooves -> 86-Long Hair	86-Long Hair Grunge No Kick	
Spectrasonics	Burning Grooves S.A.G.E. Xpander	Parts -> EXP Libraries -> Burning Grooves -> 86-Long Hair	86-Long Hair Grunge No Snare	
Spectrasonics	Burning Grooves S.A.G.E. Xpander	Parts -> EXP Libraries -> Burning Grooves -> 87-Double Bubble	87-Double Bubble	
Spectrasonics	Burning Grooves S.A.G.E. Xpander	Parts -> EXP Libraries -> Burning Grooves -> 87-Double Bubble	87-Double Bubble  No Kick	
Spectrasonics	Burning Grooves S.A.G.E. Xpander	Parts -> EXP Libraries -> Burning Grooves -> 87-Double Bubble	87-Double Bubble  No Snare	
Spectrasonics	Burning Grooves S.A.G.E. Xpander	Parts -> EXP Libraries -> Burning Grooves -> 87-Double Bubble	87-Double Bubble Grunge	
Spectrasonics	Burning Grooves S.A.G.E. Xpander	Parts -> EXP Libraries -> Burning Grooves -> 87-Double Bubble	87-Double Bubble Grunge Fill	
Spectrasonics	Burning Grooves S.A.G.E. Xpander	Parts -> EXP Libraries -> Burning Grooves -> 87-Double Bubble	87-Double Bubble Grunge No K	
Spectrasonics	Burning Grooves S.A.G.E. Xpander	Parts -> EXP Libraries -> Burning Grooves -> 87-Double Bubble	87-Double Bubble Grunge No S	
Spectrasonics	Burning Grooves S.A.G.E. Xpander	Parts -> EXP Libraries -> Burning Grooves -> 87-Pockets	87-Pockets Lo-Fi 1	
Spectrasonics	Burning Grooves S.A.G.E. Xpander	Parts -> EXP Libraries -> Burning Grooves -> 87-Pockets	87-Pockets Lo-Fi 1 No Snare	
Spectrasonics	Burning Grooves S.A.G.E. Xpander	Parts -> EXP Libraries -> Burning Grooves -> 87-Pockets	87-Pockets Lo-Fi 2 No Snare	
Spectrasonics	Burning Grooves S.A.G.E. Xpander	Parts -> EXP Libraries -> Burning Grooves -> 87-Pockets	87-Pockets Lo-Fi 2a	
Spectrasonics	Burning Grooves S.A.G.E. Xpander	Parts -> EXP Libraries -> Burning Grooves -> 87-Pockets	87-Pockets Lo-Fi 2b	
Spectrasonics	Burning Grooves S.A.G.E. Xpander	Parts -> EXP Libraries -> Burning Grooves -> 88-Big Funk	88-Big Funk 1	
Spectrasonics	Burning Grooves S.A.G.E. Xpander	Parts -> EXP Libraries -> Burning Grooves -> 88-Big Funk	88-Big Funk 2	
Spectrasonics	Burning Grooves S.A.G.E. Xpander	Parts -> EXP Libraries -> Burning Grooves -> 88-Big Funk	88-Big Funk Fill	
Spectrasonics	Burning Grooves S.A.G.E. Xpander	Parts -> EXP Libraries -> Burning Grooves -> 88-Big Funk	88-Big Funk No Kick	
Spectrasonics	Burning Grooves S.A.G.E. Xpander	Parts -> EXP Libraries -> Burning Grooves -> 88-Big Funk	88-Big Funk No Snare	
Spectrasonics	Burning Grooves S.A.G.E. Xpander	Parts -> EXP Libraries -> Burning Grooves -> 89-Crackhead	89-Crackhead	
Spectrasonics	Burning Grooves S.A.G.E. Xpander	Parts -> EXP Libraries -> Burning Grooves -> 89-Crackhead	89-Crackhead No Kick	
Spectrasonics	Burning Grooves S.A.G.E. Xpander	Parts -> EXP Libraries -> Burning Grooves -> 89-Crackhead	89-Crackhead No Snare	
Spectrasonics	Burning Grooves S.A.G.E. Xpander	Parts -> EXP Libraries -> Burning Grooves -> 89-Funk Frills	89-Funk Frills	
Spectrasonics	Burning Grooves S.A.G.E. Xpander	Parts -> EXP Libraries -> Burning Grooves -> 90-Break Down	90-Break Down	
Spectrasonics	Burning Grooves S.A.G.E. Xpander	Parts -> EXP Libraries -> Burning Grooves -> 90-Break Down	90-Break Down No Snare	
Spectrasonics	Burning Grooves S.A.G.E. Xpander	Parts -> EXP Libraries -> Burning Grooves -> 90-Busy Hip Swing	90-Busy Hip Swing 1	
Spectrasonics	Burning Grooves S.A.G.E. Xpander	Parts -> EXP Libraries -> Burning Grooves -> 90-Busy Hip Swing	90-Busy Hip Swing 2	
Spectrasonics	Burning Grooves S.A.G.E. Xpander	Parts -> EXP Libraries -> Burning Grooves -> 90-Busy Hip Swing	90-Busy Hip Swing Fill	
Spectrasonics	Burning Grooves S.A.G.E. Xpander	Parts -> EXP Libraries -> Burning Grooves -> 90-Busy Hip Swing	90-Busy Hip Swing No Kick	
Spectrasonics	Burning Grooves S.A.G.E. Xpander	Parts -> EXP Libraries -> Burning Grooves -> 90-Busy Hip Swing	90-Busy Hip Swing No Snare	
Spectrasonics	Burning Grooves S.A.G.E. Xpander	Parts -> EXP Libraries -> Burning Grooves -> 90-Haymaker	90-Haymaker 1	
Spectrasonics	Burning Grooves S.A.G.E. Xpander	Parts -> EXP Libraries -> Burning Grooves -> 90-Haymaker	90-Haymaker 2	
Spectrasonics	Burning Grooves S.A.G.E. Xpander	Parts -> EXP Libraries -> Burning Grooves -> 90-Haymaker	90-Haymaker Fill	
Spectrasonics	Burning Grooves S.A.G.E. Xpander	Parts -> EXP Libraries -> Burning Grooves -> 90-Haymaker	90-Haymaker No Kick	
Spectrasonics	Burning Grooves S.A.G.E. Xpander	Parts -> EXP Libraries -> Burning Grooves -> 90-Haymaker	90-Haymaker No Snare	
Spectrasonics	Burning Grooves S.A.G.E. Xpander	Parts -> EXP Libraries -> Burning Grooves -> 90-Haymaker	90-Haymaker Offbeat	
Spectrasonics	Burning Grooves S.A.G.E. Xpander	Parts -> EXP Libraries -> Burning Grooves -> 90-Haymaker	90-Haymaker Offbeat No Kick	
Spectrasonics	Burning Grooves S.A.G.E. Xpander	Parts -> EXP Libraries -> Burning Grooves -> 91-Riding Hat	91-Riding Hat	
Spectrasonics	Burning Grooves S.A.G.E. Xpander	Parts -> EXP Libraries -> Burning Grooves -> 91-Riding Hat	91-Riding Hat No Kick	
Spectrasonics	Burning Grooves S.A.G.E. Xpander	Parts -> EXP Libraries -> Burning Grooves -> 91-Riding Hat	91-Riding Hat No Snare	
Spectrasonics	Burning Grooves S.A.G.E. Xpander	Parts -> EXP Libraries -> Burning Grooves -> 91-Rock Solid	91-Rock Solid	
Spectrasonics	Burning Grooves S.A.G.E. Xpander	Parts -> EXP Libraries -> Burning Grooves -> 91-Slow Gumbo	91-Slow Gumbo	
Spectrasonics	Burning Grooves S.A.G.E. Xpander	Parts -> EXP Libraries -> Burning Grooves -> 91-Slow Gumbo	91-Slow Gumbo  No Kick	
Spectrasonics	Burning Grooves S.A.G.E. Xpander	Parts -> EXP Libraries -> Burning Grooves -> 91-Slow Gumbo	91-Slow Gumbo Click	
Spectrasonics	Burning Grooves S.A.G.E. Xpander	Parts -> EXP Libraries -> Burning Grooves -> 91-Slow Gumbo	91-Slow Gumbo Click No Kick	
Spectrasonics	Burning Grooves S.A.G.E. Xpander	Parts -> EXP Libraries -> Burning Grooves -> 91-Weed Whacker	91-Weed Whacker	
Spectrasonics	Burning Grooves S.A.G.E. Xpander	Parts -> EXP Libraries -> Burning Grooves -> 91-Weed Whacker	91-Weed Whacker No Kick	
Spectrasonics	Burning Grooves S.A.G.E. Xpander	Parts -> EXP Libraries -> Burning Grooves -> 91-Weed Whacker	91-Weed Whacker No Snare	
Spectrasonics	Burning Grooves S.A.G.E. Xpander	Parts -> EXP Libraries -> Burning Grooves -> 92-Cool Out Jr	92-Cool Out Jr 1	
Spectrasonics	Burning Grooves S.A.G.E. Xpander	Parts -> EXP Libraries -> Burning Grooves -> 92-Cool Out Jr	92-Cool Out Jr 1 No Kick	
Spectrasonics	Burning Grooves S.A.G.E. Xpander	Parts -> EXP Libraries -> Burning Grooves -> 92-Cool Out Jr	92-Cool Out Jr 1 No Snare	
Spectrasonics	Burning Grooves S.A.G.E. Xpander	Parts -> EXP Libraries -> Burning Grooves -> 92-Cool Out Jr	92-Cool Out Jr 2 a	
Spectrasonics	Burning Grooves S.A.G.E. Xpander	Parts -> EXP Libraries -> Burning Grooves -> 92-Cool Out Jr	92-Cool Out Jr 2 b	
Spectrasonics	Burning Grooves S.A.G.E. Xpander	Parts -> EXP Libraries -> Burning Grooves -> 92-Cool Out Jr	92-Cool Out Jr 2 No Kick	
Spectrasonics	Burning Grooves S.A.G.E. Xpander	Parts -> EXP Libraries -> Burning Grooves -> 92-Cool Out Jr	92-Cool Out Jr 2 No Snare	
Spectrasonics	Burning Grooves S.A.G.E. Xpander	Parts -> EXP Libraries -> Burning Grooves -> 92-Groovy	92-Groovy Hi-Fi 1	
Spectrasonics	Burning Grooves S.A.G.E. Xpander	Parts -> EXP Libraries -> Burning Grooves -> 92-Groovy	92-Groovy Hi-Fi 2	
Spectrasonics	Burning Grooves S.A.G.E. Xpander	Parts -> EXP Libraries -> Burning Grooves -> 92-Groovy	92-Groovy Hi-Fi No Kick	
Spectrasonics	Burning Grooves S.A.G.E. Xpander	Parts -> EXP Libraries -> Burning Grooves -> 92-Groovy	92-Groovy Hi-Fi No Snare	
Spectrasonics	Burning Grooves S.A.G.E. Xpander	Parts -> EXP Libraries -> Burning Grooves -> 92-Groovy	92-Groovy Lo-Fi  1	
Spectrasonics	Burning Grooves S.A.G.E. Xpander	Parts -> EXP Libraries -> Burning Grooves -> 92-Groovy	92-Groovy Lo-Fi  2	
Spectrasonics	Burning Grooves S.A.G.E. Xpander	Parts -> EXP Libraries -> Burning Grooves -> 92-Groovy	92-Groovy Lo-Fi No Kick	
Spectrasonics	Burning Grooves S.A.G.E. Xpander	Parts -> EXP Libraries -> Burning Grooves -> 92-Groovy	92-Groovy Lo-Fi No Snare	
Spectrasonics	Burning Grooves S.A.G.E. Xpander	Parts -> EXP Libraries -> Burning Grooves -> 93-Down On Two	93-Down On Two 1	
Spectrasonics	Burning Grooves S.A.G.E. Xpander	Parts -> EXP Libraries -> Burning Grooves -> 93-Down On Two	93-Down On Two 2	
Spectrasonics	Burning Grooves S.A.G.E. Xpander	Parts -> EXP Libraries -> Burning Grooves -> 93-Down On Two	93-Down On Two Fill	
Spectrasonics	Burning Grooves S.A.G.E. Xpander	Parts -> EXP Libraries -> Burning Grooves -> 93-Down On Two	93-Down On Two No Kick	
Spectrasonics	Burning Grooves S.A.G.E. Xpander	Parts -> EXP Libraries -> Burning Grooves -> 93-Down On Two	93-Down On Two No Snare	
Spectrasonics	Burning Grooves S.A.G.E. Xpander	Parts -> EXP Libraries -> Burning Grooves -> 93-Offset Hip Hop	93-Offset Hip Hop Hi-Fi	
Spectrasonics	Burning Grooves S.A.G.E. Xpander	Parts -> EXP Libraries -> Burning Grooves -> 93-Offset Hip Hop	93-Offset Hip Hop Hi-Fi No K	
Spectrasonics	Burning Grooves S.A.G.E. Xpander	Parts -> EXP Libraries -> Burning Grooves -> 93-Offset Hip Hop	93-Offset Hip Hop Hi-Fi No S	
Spectrasonics	Burning Grooves S.A.G.E. Xpander	Parts -> EXP Libraries -> Burning Grooves -> 93-Offset Hip Hop	93-Offset Hip Hop Lo-Fi	
Spectrasonics	Burning Grooves S.A.G.E. Xpander	Parts -> EXP Libraries -> Burning Grooves -> 93-Offset Hip Hop	93-Offset Hip Hop Lo-Fi No K	
Spectrasonics	Burning Grooves S.A.G.E. Xpander	Parts -> EXP Libraries -> Burning Grooves -> 93-Offset Hip Hop	93-Offset Hip Hop Lo-Fi No S	
Spectrasonics	Burning Grooves S.A.G.E. Xpander	Parts -> EXP Libraries -> Burning Grooves -> 94-Machinehead	94-Machinehead	
Spectrasonics	Burning Grooves S.A.G.E. Xpander	Parts -> EXP Libraries -> Burning Grooves -> 94-Machinehead	94-Machinehead No Kick	
Spectrasonics	Burning Grooves S.A.G.E. Xpander	Parts -> EXP Libraries -> Burning Grooves -> 94-Machinehead	94-Machinehead No Snare	
Spectrasonics	Burning Grooves S.A.G.E. Xpander	Parts -> EXP Libraries -> Burning Grooves -> 95-Layin It Down	95-Layin It Down 1	
Spectrasonics	Burning Grooves S.A.G.E. Xpander	Parts -> EXP Libraries -> Burning Grooves -> 95-Layin It Down	95-Layin It Down 2	
Spectrasonics	Burning Grooves S.A.G.E. Xpander	Parts -> EXP Libraries -> Burning Grooves -> 95-Layin It Down	95-Layin It Down No Kick	
Spectrasonics	Burning Grooves S.A.G.E. Xpander	Parts -> EXP Libraries -> Burning Grooves -> 97-Rapidity	97-Rapidity	
Spectrasonics	Burning Grooves S.A.G.E. Xpander	Parts -> EXP Libraries -> Burning Grooves -> 98-Rock On	98-Rock On Hi-Fi	
Spectrasonics	Burning Grooves S.A.G.E. Xpander	Parts -> EXP Libraries -> Burning Grooves -> 98-Rock On	98-Rock On Hi-Fi Fill a	
Spectrasonics	Burning Grooves S.A.G.E. Xpander	Parts -> EXP Libraries -> Burning Grooves -> 98-Rock On	98-Rock On Hi-Fi Fill b	
Spectrasonics	Burning Grooves S.A.G.E. Xpander	Parts -> EXP Libraries -> Burning Grooves -> 98-Rock On	98-Rock On Hi-Fi Fill c	
Spectrasonics	Burning Grooves S.A.G.E. Xpander	Parts -> EXP Libraries -> Burning Grooves -> 98-Rock On	98-Rock On Hi-Fi Fill d	
Spectrasonics	Burning Grooves S.A.G.E. Xpander	Parts -> EXP Libraries -> Burning Grooves -> 98-Rock On	98-Rock On Hi-Fi Fill e	
Spectrasonics	Burning Grooves S.A.G.E. Xpander	Parts -> EXP Libraries -> Burning Grooves -> 98-Rock On	98-Rock On Hi-Fi Fill f	
Spectrasonics	Burning Grooves S.A.G.E. Xpander	Parts -> EXP Libraries -> Burning Grooves -> 98-Rock On	98-Rock On Hi-Fi No Kick	
Spectrasonics	Burning Grooves S.A.G.E. Xpander	Parts -> EXP Libraries -> Burning Grooves -> 98-Rock On	98-Rock On Hi-Fi No Snare	
Spectrasonics	Burning Grooves S.A.G.E. Xpander	Parts -> EXP Libraries -> Burning Grooves -> 98-Rock On	98-Rock On Lo-Fi	
Spectrasonics	Burning Grooves S.A.G.E. Xpander	Parts -> EXP Libraries -> Burning Grooves -> 98-Rock On	98-Rock On Lo-Fi Fill a	
Spectrasonics	Burning Grooves S.A.G.E. Xpander	Parts -> EXP Libraries -> Burning Grooves -> 98-Rock On	98-Rock On Lo-Fi Fill b	
Spectrasonics	Burning Grooves S.A.G.E. Xpander	Parts -> EXP Libraries -> Burning Grooves -> 98-Rock On	98-Rock On Lo-Fi Fill c	
Spectrasonics	Burning Grooves S.A.G.E. Xpander	Parts -> EXP Libraries -> Burning Grooves -> 98-Rock On	98-Rock On Lo-Fi Fill d	
Spectrasonics	Burning Grooves S.A.G.E. Xpander	Parts -> EXP Libraries -> Burning Grooves -> 98-Rock On	98-Rock On Lo-Fi Fill e	
Spectrasonics	Burning Grooves S.A.G.E. Xpander	Parts -> EXP Libraries -> Burning Grooves -> 98-Rock On	98-Rock On Lo-Fi Fill f	
Spectrasonics	Burning Grooves S.A.G.E. Xpander	Parts -> EXP Libraries -> Burning Grooves -> 98-Rock On	98-Rock On Lo-Fi No Kick 1	
Spectrasonics	Burning Grooves S.A.G.E. Xpander	Parts -> EXP Libraries -> Burning Grooves -> 98-Rock On	98-Rock On Lo-Fi No Kick 2	
Spectrasonics	Burning Grooves S.A.G.E. Xpander	Parts -> EXP Libraries -> Burning Grooves -> 98-Rock On	98-Rock On Lo-Fi No Snare	
Spectrasonics	Burning Grooves S.A.G.E. Xpander	Parts -> EXP Libraries -> Burning Grooves -> 98-Waste Bin	98-Waste Bin 1	
Spectrasonics	Burning Grooves S.A.G.E. Xpander	Parts -> EXP Libraries -> Burning Grooves -> 98-Waste Bin	98-Waste Bin 2	
Spectrasonics	Burning Grooves S.A.G.E. Xpander	Parts -> EXP Libraries -> Burning Grooves -> 98-Waste Bin	98-Waste Bin HiHat	
Spectrasonics	Burning Grooves S.A.G.E. Xpander	Parts -> EXP Libraries -> Burning Grooves -> 98-Waste Bin	98-Waste Bin No Kick	
Spectrasonics	Burning Grooves S.A.G.E. Xpander	Parts -> EXP Libraries -> Burning Grooves -> 98-Waste Bin	98-Waste Bin No Snare	
Spectrasonics	Burning Grooves S.A.G.E. Xpander	Parts -> EXP Libraries -> Burning Grooves -> 99-Gangsta Funk	99-Gangsta Funk 1 a	
Spectrasonics	Burning Grooves S.A.G.E. Xpander	Parts -> EXP Libraries -> Burning Grooves -> 99-Gangsta Funk	99-Gangsta Funk 1 b	
Spectrasonics	Burning Grooves S.A.G.E. Xpander	Parts -> EXP Libraries -> Burning Grooves -> 99-Gangsta Funk	99-Gangsta Funk 1 No Kick	
Spectrasonics	Burning Grooves S.A.G.E. Xpander	Parts -> EXP Libraries -> Burning Grooves -> 99-Gangsta Funk	99-Gangsta Funk 1 No Snare	
Spectrasonics	Burning Grooves S.A.G.E. Xpander	Parts -> EXP Libraries -> Burning Grooves -> 99-Gangsta Funk	99-Gangsta Funk 2 a	
Spectrasonics	Burning Grooves S.A.G.E. Xpander	Parts -> EXP Libraries -> Burning Grooves -> 99-Gangsta Funk	99-Gangsta Funk 2 b	
Spectrasonics	Burning Grooves S.A.G.E. Xpander	Parts -> EXP Libraries -> Burning Grooves -> 99-Gangsta Funk	99-Gangsta Funk 2 No Kick	
Spectrasonics	Burning Grooves S.A.G.E. Xpander	Parts -> EXP Libraries -> Burning Grooves -> 99-Gangsta Funk	99-Gangsta Funk 2 No Snare	
Spectrasonics	Burning Grooves S.A.G.E. Xpander	Parts -> EXP Libraries -> Burning Grooves -> 99-Slick Stick	99-Slick Stick 1	
Spectrasonics	Burning Grooves S.A.G.E. Xpander	Parts -> EXP Libraries -> Burning Grooves -> 99-Slick Stick	99-Slick Stick 2	
Spectrasonics	Burning Grooves S.A.G.E. Xpander	Parts -> EXP Libraries -> Burning Grooves -> 99-Slick Stick	99-Slick Stick No Kick	
Spectrasonics	Burning Grooves S.A.G.E. Xpander	Parts -> EXP Libraries -> Burning Grooves -> 99-Slick Stick	99-Slick Stick No Snare	
Spectrasonics	Burning Grooves S.A.G.E. Xpander	Parts -> EXP Libraries -> Burning Grooves -> 99-Stick Man	99-Stick Man 1	
Spectrasonics	Burning Grooves S.A.G.E. Xpander	Parts -> EXP Libraries -> Burning Grooves -> 99-Stick Man	99-Stick Man 2	
Spectrasonics	Burning Grooves S.A.G.E. Xpander	Parts -> EXP Libraries -> Burning Grooves -> 99-Stick Man	99-Stick Man No Kick	
Spectrasonics	Burning Grooves S.A.G.E. Xpander	Parts -> EXP Libraries -> Burning Grooves -> 99-Stick Man	99-Stick Man No Snare	
Spectrasonics	Burning Grooves S.A.G.E. Xpander	Parts -> EXP Libraries -> Burning Grooves -> 100-Big Swinger	100-Big Swinger 1	
Spectrasonics	Burning Grooves S.A.G.E. Xpander	Parts -> EXP Libraries -> Burning Grooves -> 100-Big Swinger	100-Big Swinger 2	
Spectrasonics	Burning Grooves S.A.G.E. Xpander	Parts -> EXP Libraries -> Burning Grooves -> 100-Big Swinger	100-Big Swinger No Kick	
Spectrasonics	Burning Grooves S.A.G.E. Xpander	Parts -> EXP Libraries -> Burning Grooves -> 100-Big Swinger	100-Big Swinger No Snare	
Spectrasonics	Burning Grooves S.A.G.E. Xpander	Parts -> EXP Libraries -> Burning Grooves -> 100-Deja Funk	100-Deja Funk 1	
Spectrasonics	Burning Grooves S.A.G.E. Xpander	Parts -> EXP Libraries -> Burning Grooves -> 100-Deja Funk	100-Deja Funk 2	
Spectrasonics	Burning Grooves S.A.G.E. Xpander	Parts -> EXP Libraries -> Burning Grooves -> 100-Deja Funk	100-Deja Funk Fill	
Spectrasonics	Burning Grooves S.A.G.E. Xpander	Parts -> EXP Libraries -> Burning Grooves -> 100-Happy Hat	100-Happy Hat Hi-Fi	
Spectrasonics	Burning Grooves S.A.G.E. Xpander	Parts -> EXP Libraries -> Burning Grooves -> 100-Happy Hat	100-Happy Hat Hi-Fi No Kick	
Spectrasonics	Burning Grooves S.A.G.E. Xpander	Parts -> EXP Libraries -> Burning Grooves -> 100-Happy Hat	100-Happy Hat Hi-Fi No Snare	
Spectrasonics	Burning Grooves S.A.G.E. Xpander	Parts -> EXP Libraries -> Burning Grooves -> 100-Happy Hat	100-Happy Hat Lo-Fi	
Spectrasonics	Burning Grooves S.A.G.E. Xpander	Parts -> EXP Libraries -> Burning Grooves -> 100-Happy Hat	100-Happy Hat Lo-Fi No Kick	
Spectrasonics	Burning Grooves S.A.G.E. Xpander	Parts -> EXP Libraries -> Burning Grooves -> 100-Happy Hat	100-Happy Hat Lo-Fi No Snare	
Spectrasonics	Burning Grooves S.A.G.E. Xpander	Parts -> EXP Libraries -> Burning Grooves -> 100-Party	100-Party 1	
Spectrasonics	Burning Grooves S.A.G.E. Xpander	Parts -> EXP Libraries -> Burning Grooves -> 100-Party	100-Party 2	
Spectrasonics	Burning Grooves S.A.G.E. Xpander	Parts -> EXP Libraries -> Burning Grooves -> 100-Party	100-Party No Kick	
Spectrasonics	Burning Grooves S.A.G.E. Xpander	Parts -> EXP Libraries -> Burning Grooves -> 100-Party	100-Party No Snare	
Spectrasonics	Burning Grooves S.A.G.E. Xpander	Parts -> EXP Libraries -> Burning Grooves -> 100-Slam Hop	100-Slam Hop 1	
Spectrasonics	Burning Grooves S.A.G.E. Xpander	Parts -> EXP Libraries -> Burning Grooves -> 100-Slam Hop	100-Slam Hop 2	
Spectrasonics	Burning Grooves S.A.G.E. Xpander	Parts -> EXP Libraries -> Burning Grooves -> 100-Slam Hop	100-Slam Hop No Kick	
Spectrasonics	Burning Grooves S.A.G.E. Xpander	Parts -> EXP Libraries -> Burning Grooves -> 100-Slam Hop	100-Slam Hop No Snare	
Spectrasonics	Burning Grooves S.A.G.E. Xpander	Parts -> EXP Libraries -> Burning Grooves -> 101-Phancy Phunk	101-Phancy Phunk	
Spectrasonics	Burning Grooves S.A.G.E. Xpander	Parts -> EXP Libraries -> Burning Grooves -> 101-Phancy Phunk	101-Phancy Phunk No Kick	
Spectrasonics	Burning Grooves S.A.G.E. Xpander	Parts -> EXP Libraries -> Burning Grooves -> 101-Phancy Phunk	101-Phancy Phunk No Snare	
Spectrasonics	Burning Grooves S.A.G.E. Xpander	Parts -> EXP Libraries -> Burning Grooves -> 101-Ride Em	101-Ride Em 1	
Spectrasonics	Burning Grooves S.A.G.E. Xpander	Parts -> EXP Libraries -> Burning Grooves -> 101-Ride Em	101-Ride Em 2	
Spectrasonics	Burning Grooves S.A.G.E. Xpander	Parts -> EXP Libraries -> Burning Grooves -> 101-Ride Em	101-Ride Em Fill	
Spectrasonics	Burning Grooves S.A.G.E. Xpander	Parts -> EXP Libraries -> Burning Grooves -> 101-Ride Em	101-Ride Em No Kick	
Spectrasonics	Burning Grooves S.A.G.E. Xpander	Parts -> EXP Libraries -> Burning Grooves -> 101-Ride Em	101-Ride Em No Snare	
Spectrasonics	Burning Grooves S.A.G.E. Xpander	Parts -> EXP Libraries -> Burning Grooves -> 102-Purple Funk	102-Purple Funk 1	
Spectrasonics	Burning Grooves S.A.G.E. Xpander	Parts -> EXP Libraries -> Burning Grooves -> 102-Purple Funk	102-Purple Funk 2	
Spectrasonics	Burning Grooves S.A.G.E. Xpander	Parts -> EXP Libraries -> Burning Grooves -> 102-Purple Funk	102-Purple Funk 3	
Spectrasonics	Burning Grooves S.A.G.E. Xpander	Parts -> EXP Libraries -> Burning Grooves -> 102-Purple Funk	102-Purple Funk No Kick	
Spectrasonics	Burning Grooves S.A.G.E. Xpander	Parts -> EXP Libraries -> Burning Grooves -> 103-Medium Cruiser	103-Medium Cruiser	
Spectrasonics	Burning Grooves S.A.G.E. Xpander	Parts -> EXP Libraries -> Burning Grooves -> 103-Medium Cruiser	103-Medium Cruiser Fill a	
Spectrasonics	Burning Grooves S.A.G.E. Xpander	Parts -> EXP Libraries -> Burning Grooves -> 103-Medium Cruiser	103-Medium Cruiser Fill b	
Spectrasonics	Burning Grooves S.A.G.E. Xpander	Parts -> EXP Libraries -> Burning Grooves -> 103-Medium Cruiser	103-Medium Cruiser Fill c	
Spectrasonics	Burning Grooves S.A.G.E. Xpander	Parts -> EXP Libraries -> Burning Grooves -> 103-Medium Cruiser	103-Medium Cruiser No Snare	
Spectrasonics	Burning Grooves S.A.G.E. Xpander	Parts -> EXP Libraries -> Burning Grooves -> 103-Whammo	103-Whammo	
Spectrasonics	Burning Grooves S.A.G.E. Xpander	Parts -> EXP Libraries -> Burning Grooves -> 103-Whammo	103-Whammo No Kick	
Spectrasonics	Burning Grooves S.A.G.E. Xpander	Parts -> EXP Libraries -> Burning Grooves -> 103-Whammo	103-Whammo No Snare	
Spectrasonics	Burning Grooves S.A.G.E. Xpander	Parts -> EXP Libraries -> Burning Grooves -> 104-Chunky Monkey	104-Chunky Monkey	
Spectrasonics	Burning Grooves S.A.G.E. Xpander	Parts -> EXP Libraries -> Burning Grooves -> 104-Chunky Monkey	104-Chunky Monkey Count	
Spectrasonics	Burning Grooves S.A.G.E. Xpander	Parts -> EXP Libraries -> Burning Grooves -> 104-Chunky Monkey	104-Chunky Monkey No Kick	
Spectrasonics	Burning Grooves S.A.G.E. Xpander	Parts -> EXP Libraries -> Burning Grooves -> 104-Chunky Monkey	104-Chunky Monkey No Snare	
Spectrasonics	Burning Grooves S.A.G.E. Xpander	Parts -> EXP Libraries -> Burning Grooves -> 104-Fist	104-Fist 1	
Spectrasonics	Burning Grooves S.A.G.E. Xpander	Parts -> EXP Libraries -> Burning Grooves -> 104-Fist	104-Fist 2	
Spectrasonics	Burning Grooves S.A.G.E. Xpander	Parts -> EXP Libraries -> Burning Grooves -> 104-Fist	104-Fist 3	
Spectrasonics	Burning Grooves S.A.G.E. Xpander	Parts -> EXP Libraries -> Burning Grooves -> 104-Fist	104-Fist Fill	
Spectrasonics	Burning Grooves S.A.G.E. Xpander	Parts -> EXP Libraries -> Burning Grooves -> 104-Fist	104-Fist No Kick	
Spectrasonics	Burning Grooves S.A.G.E. Xpander	Parts -> EXP Libraries -> Burning Grooves -> 104-Fist	104-Fist No Snare	
Spectrasonics	Burning Grooves S.A.G.E. Xpander	Parts -> EXP Libraries -> Burning Grooves -> 105-Hip Hop	105-Hip Hop Edge 1	
Spectrasonics	Burning Grooves S.A.G.E. Xpander	Parts -> EXP Libraries -> Burning Grooves -> 105-Hip Hop	105-Hip Hop Edge 2	
Spectrasonics	Burning Grooves S.A.G.E. Xpander	Parts -> EXP Libraries -> Burning Grooves -> 105-Hip Hop	105-Hip Hop Edge 3	
Spectrasonics	Burning Grooves S.A.G.E. Xpander	Parts -> EXP Libraries -> Burning Grooves -> 105-Hip Hop	105-Hip Hop Edge 4	
Spectrasonics	Burning Grooves S.A.G.E. Xpander	Parts -> EXP Libraries -> Burning Grooves -> 105-Hip Hop	105-Hip Hop Edge 5	
Spectrasonics	Burning Grooves S.A.G.E. Xpander	Parts -> EXP Libraries -> Burning Grooves -> 105-Hip Hop	105-Hip Hop Edge 6	
Spectrasonics	Burning Grooves S.A.G.E. Xpander	Parts -> EXP Libraries -> Burning Grooves -> 105-Hip Hop	105-Hip Hop Edge Fill	
Spectrasonics	Burning Grooves S.A.G.E. Xpander	Parts -> EXP Libraries -> Burning Grooves -> 105-Hip Hop	105-Hip Hop Edge No Kick 1	
Spectrasonics	Burning Grooves S.A.G.E. Xpander	Parts -> EXP Libraries -> Burning Grooves -> 105-Hip Hop	105-Hip Hop Edge No Kick 2	
Spectrasonics	Burning Grooves S.A.G.E. Xpander	Parts -> EXP Libraries -> Burning Grooves -> 105-Hip Hop	105-Hip Hop Edge No Snare	
Spectrasonics	Burning Grooves S.A.G.E. Xpander	Parts -> EXP Libraries -> Burning Grooves -> 105-Hip Hop	105-Hip Hop Lo-Fi 1	
Spectrasonics	Burning Grooves S.A.G.E. Xpander	Parts -> EXP Libraries -> Burning Grooves -> 105-Hip Hop	105-Hip Hop Lo-Fi 2	
Spectrasonics	Burning Grooves S.A.G.E. Xpander	Parts -> EXP Libraries -> Burning Grooves -> 105-Hip Hop	105-Hip Hop Lo-Fi 3	
Spectrasonics	Burning Grooves S.A.G.E. Xpander	Parts -> EXP Libraries -> Burning Grooves -> 105-Hip Hop	105-Hip Hop Lo-Fi 4	
Spectrasonics	Burning Grooves S.A.G.E. Xpander	Parts -> EXP Libraries -> Burning Grooves -> 105-Hip Hop	105-Hip Hop Lo-Fi 5	
Spectrasonics	Burning Grooves S.A.G.E. Xpander	Parts -> EXP Libraries -> Burning Grooves -> 105-Hip Hop	105-Hip Hop Lo-Fi Fill	
Spectrasonics	Burning Grooves S.A.G.E. Xpander	Parts -> EXP Libraries -> Burning Grooves -> 105-Hip Hop	105-Hip Hop Lo-Fi No Kick	
Spectrasonics	Burning Grooves S.A.G.E. Xpander	Parts -> EXP Libraries -> Burning Grooves -> 105-Hip Hop	105-Hip Hop Lo-Fi No Snare	
Spectrasonics	Burning Grooves S.A.G.E. Xpander	Parts -> EXP Libraries -> Burning Grooves -> 106-Dancin Shoes	106-Dancin Shoes	
Spectrasonics	Burning Grooves S.A.G.E. Xpander	Parts -> EXP Libraries -> Burning Grooves -> 106-Dancin Shoes	106-Dancin Shoes Fill	
Spectrasonics	Burning Grooves S.A.G.E. Xpander	Parts -> EXP Libraries -> Burning Grooves -> 106-Dancin Shoes	106-Dancin Shoes No Kick	
Spectrasonics	Burning Grooves S.A.G.E. Xpander	Parts -> EXP Libraries -> Burning Grooves -> 106-Dancin Shoes	106-Dancin Shoes No Snare	
Spectrasonics	Burning Grooves S.A.G.E. Xpander	Parts -> EXP Libraries -> Burning Grooves -> 108-Batallion	108-Batallion 1	
Spectrasonics	Burning Grooves S.A.G.E. Xpander	Parts -> EXP Libraries -> Burning Grooves -> 108-Batallion	108-Batallion 2	
Spectrasonics	Burning Grooves S.A.G.E. Xpander	Parts -> EXP Libraries -> Burning Grooves -> 108-Batallion	108-Batallion No Kick	
Spectrasonics	Burning Grooves S.A.G.E. Xpander	Parts -> EXP Libraries -> Burning Grooves -> 109-Shuffalo	109-Shuffalo 1	
Spectrasonics	Burning Grooves S.A.G.E. Xpander	Parts -> EXP Libraries -> Burning Grooves -> 109-Shuffalo	109-Shuffalo 2	
Spectrasonics	Burning Grooves S.A.G.E. Xpander	Parts -> EXP Libraries -> Burning Grooves -> 109-Shuffalo	109-Shuffalo HiHat	
Spectrasonics	Burning Grooves S.A.G.E. Xpander	Parts -> EXP Libraries -> Burning Grooves -> 109-Shuffalo	109-Shuffalo No Kick	
Spectrasonics	Burning Grooves S.A.G.E. Xpander	Parts -> EXP Libraries -> Burning Grooves -> 109-Shuffalo	109-Shuffalo No Snare	
Spectrasonics	Burning Grooves S.A.G.E. Xpander	Parts -> EXP Libraries -> Burning Grooves -> 110-Two Snare Funk	110-Two Snare Funk 1	
Spectrasonics	Burning Grooves S.A.G.E. Xpander	Parts -> EXP Libraries -> Burning Grooves -> 110-Two Snare Funk	110-Two Snare Funk 2	
Spectrasonics	Burning Grooves S.A.G.E. Xpander	Parts -> EXP Libraries -> Burning Grooves -> 110-Two Snare Funk	110-Two Snare Funk 3	
Spectrasonics	Burning Grooves S.A.G.E. Xpander	Parts -> EXP Libraries -> Burning Grooves -> 110-Two Snare Funk	110-Two Snare Funk Fill	
Spectrasonics	Burning Grooves S.A.G.E. Xpander	Parts -> EXP Libraries -> Burning Grooves -> 110-Two Snare Funk	110-Two Snare Funk Hi Snare	
Spectrasonics	Burning Grooves S.A.G.E. Xpander	Parts -> EXP Libraries -> Burning Grooves -> 110-Two Snare Funk	110-Two Snare Funk Lo Snare	
Spectrasonics	Burning Grooves S.A.G.E. Xpander	Parts -> EXP Libraries -> Burning Grooves -> 110-Two Snare Funk	110-Two Snare Funk No Kick	
Spectrasonics	Burning Grooves S.A.G.E. Xpander	Parts -> EXP Libraries -> Burning Grooves -> 110-Two Snare Funk	110-Two Snare Funk No Snare	
Spectrasonics	Burning Grooves S.A.G.E. Xpander	Parts -> EXP Libraries -> Burning Grooves -> 110-Two Snare Funk	110-Two Snare Funk Single No K	
Spectrasonics	Burning Grooves S.A.G.E. Xpander	Parts -> EXP Libraries -> Burning Grooves -> 112-Chugg Whack	112-Chugg Whack 1	
Spectrasonics	Burning Grooves S.A.G.E. Xpander	Parts -> EXP Libraries -> Burning Grooves -> 112-Chugg Whack	112-Chugg Whack 2	
Spectrasonics	Burning Grooves S.A.G.E. Xpander	Parts -> EXP Libraries -> Burning Grooves -> 112-Chugg Whack	112-Chugg Whack Fill Bar	
Spectrasonics	Burning Grooves S.A.G.E. Xpander	Parts -> EXP Libraries -> Burning Grooves -> 112-Chugg Whack	112-Chugg Whack HiHat	
Spectrasonics	Burning Grooves S.A.G.E. Xpander	Parts -> EXP Libraries -> Burning Grooves -> 112-Chugg Whack	112-Chugg Whack No Kick	
Spectrasonics	Burning Grooves S.A.G.E. Xpander	Parts -> EXP Libraries -> Burning Grooves -> 112-Chugg Whack	112-Chugg Whack No Snare	
Spectrasonics	Burning Grooves S.A.G.E. Xpander	Parts -> EXP Libraries -> Burning Grooves -> 112-Chugg Whack	112-Chuggin 1	
Spectrasonics	Burning Grooves S.A.G.E. Xpander	Parts -> EXP Libraries -> Burning Grooves -> 112-Chugg Whack	112-Chuggin 2	
Spectrasonics	Burning Grooves S.A.G.E. Xpander	Parts -> EXP Libraries -> Burning Grooves -> 112-Chugg Whack	112-Chuggin 3	
Spectrasonics	Burning Grooves S.A.G.E. Xpander	Parts -> EXP Libraries -> Burning Grooves -> 112-Chugg Whack	112-Chuggin 4	
Spectrasonics	Burning Grooves S.A.G.E. Xpander	Parts -> EXP Libraries -> Burning Grooves -> 112-Chugg Whack	112-Chuggin HiHat	
Spectrasonics	Burning Grooves S.A.G.E. Xpander	Parts -> EXP Libraries -> Burning Grooves -> 112-Chugg Whack	112-Chuggin No Kick	
Spectrasonics	Burning Grooves S.A.G.E. Xpander	Parts -> EXP Libraries -> Burning Grooves -> 112-Chugg Whack	112-Chuggin No Snare	
Spectrasonics	Burning Grooves S.A.G.E. Xpander	Parts -> EXP Libraries -> Burning Grooves -> 112-Hattitude	112-Hattitude	
Spectrasonics	Burning Grooves S.A.G.E. Xpander	Parts -> EXP Libraries -> Burning Grooves -> 112-Shufflit	112-Shufflit Hi-Fi	
Spectrasonics	Burning Grooves S.A.G.E. Xpander	Parts -> EXP Libraries -> Burning Grooves -> 112-Shufflit	112-Shufflit Hi-Fi Fill a	
Spectrasonics	Burning Grooves S.A.G.E. Xpander	Parts -> EXP Libraries -> Burning Grooves -> 112-Shufflit	112-Shufflit Hi-Fi Fill b	
Spectrasonics	Burning Grooves S.A.G.E. Xpander	Parts -> EXP Libraries -> Burning Grooves -> 112-Shufflit	112-Shufflit Hi-Fi Fill c	
Spectrasonics	Burning Grooves S.A.G.E. Xpander	Parts -> EXP Libraries -> Burning Grooves -> 112-Shufflit	112-Shufflit Hi-Fi No Kick	
Spectrasonics	Burning Grooves S.A.G.E. Xpander	Parts -> EXP Libraries -> Burning Grooves -> 112-Shufflit	112-Shufflit Hi-Fi No Snare	
Spectrasonics	Burning Grooves S.A.G.E. Xpander	Parts -> EXP Libraries -> Burning Grooves -> 112-Shufflit	112-Shufflit Lo-Fi	
Spectrasonics	Burning Grooves S.A.G.E. Xpander	Parts -> EXP Libraries -> Burning Grooves -> 112-Shufflit	112-Shufflit Lo-Fi Fill a	
Spectrasonics	Burning Grooves S.A.G.E. Xpander	Parts -> EXP Libraries -> Burning Grooves -> 112-Shufflit	112-Shufflit Lo-Fi Fill b	
Spectrasonics	Burning Grooves S.A.G.E. Xpander	Parts -> EXP Libraries -> Burning Grooves -> 112-Shufflit	112-Shufflit Lo-Fi Fill c	
Spectrasonics	Burning Grooves S.A.G.E. Xpander	Parts -> EXP Libraries -> Burning Grooves -> 112-Shufflit	112-Shufflit Lo-Fi Fill d	
Spectrasonics	Burning Grooves S.A.G.E. Xpander	Parts -> EXP Libraries -> Burning Grooves -> 112-Shufflit	112-Shufflit Lo-Fi Fill e	
Spectrasonics	Burning Grooves S.A.G.E. Xpander	Parts -> EXP Libraries -> Burning Grooves -> 112-Shufflit	112-Shufflit Lo-Fi Fill f	
Spectrasonics	Burning Grooves S.A.G.E. Xpander	Parts -> EXP Libraries -> Burning Grooves -> 112-Shufflit	112-Shufflit Lo-Fi No Kick	
Spectrasonics	Burning Grooves S.A.G.E. Xpander	Parts -> EXP Libraries -> Burning Grooves -> 112-Shufflit	112-Shufflit Lo-Fi No Snare	
Spectrasonics	Burning Grooves S.A.G.E. Xpander	Parts -> EXP Libraries -> Burning Grooves -> 112-Tin Can	112-Tin Can Hi-Fi 1	
Spectrasonics	Burning Grooves S.A.G.E. Xpander	Parts -> EXP Libraries -> Burning Grooves -> 112-Tin Can	112-Tin Can Hi-Fi 2	
Spectrasonics	Burning Grooves S.A.G.E. Xpander	Parts -> EXP Libraries -> Burning Grooves -> 112-Tin Can	112-Tin Can Hi-Fi No Kick	
Spectrasonics	Burning Grooves S.A.G.E. Xpander	Parts -> EXP Libraries -> Burning Grooves -> 112-Tin Can	112-Tin Can Hi-Fi No Snare	
Spectrasonics	Burning Grooves S.A.G.E. Xpander	Parts -> EXP Libraries -> Burning Grooves -> 112-Tin Can	112-Tin Can Lo-Fi 1	
Spectrasonics	Burning Grooves S.A.G.E. Xpander	Parts -> EXP Libraries -> Burning Grooves -> 112-Tin Can	112-Tin Can Lo-Fi 2	
Spectrasonics	Burning Grooves S.A.G.E. Xpander	Parts -> EXP Libraries -> Burning Grooves -> 112-Tin Can	112-Tin Can Lo-Fi No Kick	
Spectrasonics	Burning Grooves S.A.G.E. Xpander	Parts -> EXP Libraries -> Burning Grooves -> 112-Tin Can	112-Tin Can Lo-Fi No Snare	
Spectrasonics	Burning Grooves S.A.G.E. Xpander	Parts -> EXP Libraries -> Burning Grooves -> 114-Marotta	114-Marotta 1	
Spectrasonics	Burning Grooves S.A.G.E. Xpander	Parts -> EXP Libraries -> Burning Grooves -> 114-Marotta	114-Marotta 2	
Spectrasonics	Burning Grooves S.A.G.E. Xpander	Parts -> EXP Libraries -> Burning Grooves -> 114-Marotta	114-Marotta 3	
Spectrasonics	Burning Grooves S.A.G.E. Xpander	Parts -> EXP Libraries -> Burning Grooves -> 114-Marotta	114-Marotta Fill	
Spectrasonics	Burning Grooves S.A.G.E. Xpander	Parts -> EXP Libraries -> Burning Grooves -> 114-Ramrod	114-Ramrod 1	
Spectrasonics	Burning Grooves S.A.G.E. Xpander	Parts -> EXP Libraries -> Burning Grooves -> 114-Ramrod	114-Ramrod 2	
Spectrasonics	Burning Grooves S.A.G.E. Xpander	Parts -> EXP Libraries -> Burning Grooves -> 114-Ramrod	114-Ramrod Fill Bar	
Spectrasonics	Burning Grooves S.A.G.E. Xpander	Parts -> EXP Libraries -> Burning Grooves -> 114-Tomania	114-Tomania 1a	
Spectrasonics	Burning Grooves S.A.G.E. Xpander	Parts -> EXP Libraries -> Burning Grooves -> 114-Tomania	114-Tomania 1b	
Spectrasonics	Burning Grooves S.A.G.E. Xpander	Parts -> EXP Libraries -> Burning Grooves -> 114-Tomania	114-Tomania 1c	
Spectrasonics	Burning Grooves S.A.G.E. Xpander	Parts -> EXP Libraries -> Burning Grooves -> 114-Tomania	114-Tomania 2a	
Spectrasonics	Burning Grooves S.A.G.E. Xpander	Parts -> EXP Libraries -> Burning Grooves -> 114-Tomania	114-Tomania 2b	
Spectrasonics	Burning Grooves S.A.G.E. Xpander	Parts -> EXP Libraries -> Burning Grooves -> 114-Tomania	114-Tomania 2c	
Spectrasonics	Burning Grooves S.A.G.E. Xpander	Parts -> EXP Libraries -> Burning Grooves -> 114-Tomania	114-Tomania Fill	
Spectrasonics	Burning Grooves S.A.G.E. Xpander	Parts -> EXP Libraries -> Burning Grooves -> 116-Hat Rider	116-Hat Rider	
Spectrasonics	Burning Grooves S.A.G.E. Xpander	Parts -> EXP Libraries -> Burning Grooves -> 116-Hat Rider	116-Hat Rider HiHat	
Spectrasonics	Burning Grooves S.A.G.E. Xpander	Parts -> EXP Libraries -> Burning Grooves -> 116-Hat Rider	116-Hat Rider No Kick	
Spectrasonics	Burning Grooves S.A.G.E. Xpander	Parts -> EXP Libraries -> Burning Grooves -> 116-Hat Rider	116-Hat Rider No Snare	
Spectrasonics	Burning Grooves S.A.G.E. Xpander	Parts -> EXP Libraries -> Burning Grooves -> 116-Minneapolis	116-Minneapolis 1	
Spectrasonics	Burning Grooves S.A.G.E. Xpander	Parts -> EXP Libraries -> Burning Grooves -> 116-Minneapolis	116-Minneapolis 2	
Spectrasonics	Burning Grooves S.A.G.E. Xpander	Parts -> EXP Libraries -> Burning Grooves -> 116-Minneapolis	116-Minneapolis 3	
Spectrasonics	Burning Grooves S.A.G.E. Xpander	Parts -> EXP Libraries -> Burning Grooves -> 116-Minneapolis	116-Minneapolis No Kick	
Spectrasonics	Burning Grooves S.A.G.E. Xpander	Parts -> EXP Libraries -> Burning Grooves -> 116-Minneapolis	116-Minneapolis No Snare	
Spectrasonics	Burning Grooves S.A.G.E. Xpander	Parts -> EXP Libraries -> Burning Grooves -> 117-Straight Up	117-Straight Up	
Spectrasonics	Burning Grooves S.A.G.E. Xpander	Parts -> EXP Libraries -> Burning Grooves -> 117-Straight Up	117-Straight Up No Kick	
Spectrasonics	Burning Grooves S.A.G.E. Xpander	Parts -> EXP Libraries -> Burning Grooves -> 118-Bouncer Shuffle	118-Bouncer Shuffle Comp 1	
Spectrasonics	Burning Grooves S.A.G.E. Xpander	Parts -> EXP Libraries -> Burning Grooves -> 118-Bouncer Shuffle	118-Bouncer Shuffle Comp 2	
Spectrasonics	Burning Grooves S.A.G.E. Xpander	Parts -> EXP Libraries -> Burning Grooves -> 118-Bouncer Shuffle	118-Bouncer Shuffle Room 1	
Spectrasonics	Burning Grooves S.A.G.E. Xpander	Parts -> EXP Libraries -> Burning Grooves -> 118-Bouncer Shuffle	118-Bouncer Shuffle Room 2	
Spectrasonics	Burning Grooves S.A.G.E. Xpander	Parts -> EXP Libraries -> Burning Grooves -> 118-Charlie W	118-Charlie W 1	
Spectrasonics	Burning Grooves S.A.G.E. Xpander	Parts -> EXP Libraries -> Burning Grooves -> 118-Charlie W	118-Charlie W 2	
Spectrasonics	Burning Grooves S.A.G.E. Xpander	Parts -> EXP Libraries -> Burning Grooves -> 118-Charlie W	118-Charlie W No Kick	
Spectrasonics	Burning Grooves S.A.G.E. Xpander	Parts -> EXP Libraries -> Burning Grooves -> 118-Charlie W	118-Charlie W No Snare	
Spectrasonics	Burning Grooves S.A.G.E. Xpander	Parts -> EXP Libraries -> Burning Grooves -> 118-Eighties Rock	118-Eighties Rock Hi-Fi 1	
Spectrasonics	Burning Grooves S.A.G.E. Xpander	Parts -> EXP Libraries -> Burning Grooves -> 118-Eighties Rock	118-Eighties Rock Hi-Fi 2	
Spectrasonics	Burning Grooves S.A.G.E. Xpander	Parts -> EXP Libraries -> Burning Grooves -> 118-Eighties Rock	118-Eighties Rock Lo-Fi 1	
Spectrasonics	Burning Grooves S.A.G.E. Xpander	Parts -> EXP Libraries -> Burning Grooves -> 118-Eighties Rock	118-Eighties Rock Lo-Fi 2	
Spectrasonics	Burning Grooves S.A.G.E. Xpander	Parts -> EXP Libraries -> Burning Grooves -> 118-Fast Cruiser	118-Fast Cruiser	
Spectrasonics	Burning Grooves S.A.G.E. Xpander	Parts -> EXP Libraries -> Burning Grooves -> 118-Fast Cruiser	118-Fast Cruiser Fill a	
Spectrasonics	Burning Grooves S.A.G.E. Xpander	Parts -> EXP Libraries -> Burning Grooves -> 118-Fast Cruiser	118-Fast Cruiser Fill b	
Spectrasonics	Burning Grooves S.A.G.E. Xpander	Parts -> EXP Libraries -> Burning Grooves -> 118-Fast Cruiser	118-Fast Cruiser Fill c	
Spectrasonics	Burning Grooves S.A.G.E. Xpander	Parts -> EXP Libraries -> Burning Grooves -> 118-Fast Cruiser	118-Fast Cruiser No Kick	
Spectrasonics	Burning Grooves S.A.G.E. Xpander	Parts -> EXP Libraries -> Burning Grooves -> 118-Fast Cruiser	118-Fast Cruiser No Snare	
Spectrasonics	Burning Grooves S.A.G.E. Xpander	Parts -> EXP Libraries -> Burning Grooves -> 118-Hefty	118-Hefty	
Spectrasonics	Burning Grooves S.A.G.E. Xpander	Parts -> EXP Libraries -> Burning Grooves -> 118-Hefty	118-Hefty No Kick	
Spectrasonics	Burning Grooves S.A.G.E. Xpander	Parts -> EXP Libraries -> Burning Grooves -> 118-Hefty	118-Hefty No Snare	
Spectrasonics	Burning Grooves S.A.G.E. Xpander	Parts -> EXP Libraries -> Burning Grooves -> 119-Metal March	119-Metal March	
Spectrasonics	Burning Grooves S.A.G.E. Xpander	Parts -> EXP Libraries -> Burning Grooves -> 119-No Ginger?	119-No Ginger?	
Spectrasonics	Burning Grooves S.A.G.E. Xpander	Parts -> EXP Libraries -> Burning Grooves -> 121-Jig	121-Jig	
Spectrasonics	Burning Grooves S.A.G.E. Xpander	Parts -> EXP Libraries -> Burning Grooves -> 121-Jig	121-Jig No Kick	
Spectrasonics	Burning Grooves S.A.G.E. Xpander	Parts -> EXP Libraries -> Burning Grooves -> 121-Jig	121-Jig No Snare	
Spectrasonics	Burning Grooves S.A.G.E. Xpander	Parts -> EXP Libraries -> Burning Grooves -> 122-Flunky	122-Flunky	
Spectrasonics	Burning Grooves S.A.G.E. Xpander	Parts -> EXP Libraries -> Burning Grooves -> 122-Flunky	122-Flunky Fill a	
Spectrasonics	Burning Grooves S.A.G.E. Xpander	Parts -> EXP Libraries -> Burning Grooves -> 122-Flunky	122-Flunky Fill b	
Spectrasonics	Burning Grooves S.A.G.E. Xpander	Parts -> EXP Libraries -> Burning Grooves -> 122-Flunky	122-Flunky Fill c	
Spectrasonics	Burning Grooves S.A.G.E. Xpander	Parts -> EXP Libraries -> Burning Grooves -> 122-Flunky	122-Flunky Fill d	
Spectrasonics	Burning Grooves S.A.G.E. Xpander	Parts -> EXP Libraries -> Burning Grooves -> 122-Flunky	122-Flunky Fill e	
Spectrasonics	Burning Grooves S.A.G.E. Xpander	Parts -> EXP Libraries -> Burning Grooves -> 122-Flunky	122-Flunky No Kick	
Spectrasonics	Burning Grooves S.A.G.E. Xpander	Parts -> EXP Libraries -> Burning Grooves -> 122-Flunky	122-Flunky No Snare	
Spectrasonics	Burning Grooves S.A.G.E. Xpander	Parts -> EXP Libraries -> Burning Grooves -> 123-Texas Shuffle	123-Texas Shuffle 1	
Spectrasonics	Burning Grooves S.A.G.E. Xpander	Parts -> EXP Libraries -> Burning Grooves -> 123-Texas Shuffle	123-Texas Shuffle 2	
Spectrasonics	Burning Grooves S.A.G.E. Xpander	Parts -> EXP Libraries -> Burning Grooves -> 123-Texas Shuffle	123-Texas Shuffle No Kick	
Spectrasonics	Burning Grooves S.A.G.E. Xpander	Parts -> EXP Libraries -> Burning Grooves -> 125-Master Jeff Shuffle	125-Master Jeff Shuffle 1	
Spectrasonics	Burning Grooves S.A.G.E. Xpander	Parts -> EXP Libraries -> Burning Grooves -> 125-Master Jeff Shuffle	125-Master Jeff Shuffle 2	
Spectrasonics	Burning Grooves S.A.G.E. Xpander	Parts -> EXP Libraries -> Burning Grooves -> 125-Master Jeff Shuffle	125-Master Jeff Shuffle 3	
Spectrasonics	Burning Grooves S.A.G.E. Xpander	Parts -> EXP Libraries -> Burning Grooves -> 125-Master Jeff Shuffle	125-Master Jeff Shuffle No Kick	
Spectrasonics	Burning Grooves S.A.G.E. Xpander	Parts -> EXP Libraries -> Burning Grooves -> 126-Beefhart	126-Beefhart 1	
Spectrasonics	Burning Grooves S.A.G.E. Xpander	Parts -> EXP Libraries -> Burning Grooves -> 126-Beefhart	126-Beefhart 2	
Spectrasonics	Burning Grooves S.A.G.E. Xpander	Parts -> EXP Libraries -> Burning Grooves -> 126-Beefhart	126-Beefhart 3	
Spectrasonics	Burning Grooves S.A.G.E. Xpander	Parts -> EXP Libraries -> Burning Grooves -> 126-Beefhart	126-Beefhart 4	
Spectrasonics	Burning Grooves S.A.G.E. Xpander	Parts -> EXP Libraries -> Burning Grooves -> 127-Sticky Wicket	127-Sticky Wicket 1	
Spectrasonics	Burning Grooves S.A.G.E. Xpander	Parts -> EXP Libraries -> Burning Grooves -> 127-Sticky Wicket	127-Sticky Wicket 2	
Spectrasonics	Burning Grooves S.A.G.E. Xpander	Parts -> EXP Libraries -> Burning Grooves -> 127-Sticky Wicket	127-Sticky Wicket No Kick	
Spectrasonics	Burning Grooves S.A.G.E. Xpander	Parts -> EXP Libraries -> Burning Grooves -> 127-Sticky Wicket	127-Sticky Wicket No Snare	
Spectrasonics	Burning Grooves S.A.G.E. Xpander	Parts -> EXP Libraries -> Burning Grooves -> 128-Fat Rasta	128-Fat Rasta 1	
Spectrasonics	Burning Grooves S.A.G.E. Xpander	Parts -> EXP Libraries -> Burning Grooves -> 128-Fat Rasta	128-Fat Rasta 2	
Spectrasonics	Burning Grooves S.A.G.E. Xpander	Parts -> EXP Libraries -> Burning Grooves -> 128-Fat Rasta	128-Fat Rasta No Kick	
Spectrasonics	Burning Grooves S.A.G.E. Xpander	Parts -> EXP Libraries -> Burning Grooves -> 128-Fat Rasta	128-Fat Rasta No Snare	
Spectrasonics	Burning Grooves S.A.G.E. Xpander	Parts -> EXP Libraries -> Burning Grooves -> 129-Hit Me	129-Hit Me 1	
Spectrasonics	Burning Grooves S.A.G.E. Xpander	Parts -> EXP Libraries -> Burning Grooves -> 129-Hit Me	129-Hit Me 2	
Spectrasonics	Burning Grooves S.A.G.E. Xpander	Parts -> EXP Libraries -> Burning Grooves -> 129-Hit Me	129-Hit Me 3	
Spectrasonics	Burning Grooves S.A.G.E. Xpander	Parts -> EXP Libraries -> Burning Grooves -> 129-Hit Me	129-Hit Me Fill Bar	
Spectrasonics	Burning Grooves S.A.G.E. Xpander	Parts -> EXP Libraries -> Burning Grooves -> 129-Hit Me	129-Hit Me No Kick	
Spectrasonics	Burning Grooves S.A.G.E. Xpander	Parts -> EXP Libraries -> Burning Grooves -> 129-Hit Me	129-Hit Me No Snare	
Spectrasonics	Burning Grooves S.A.G.E. Xpander	Parts -> EXP Libraries -> Burning Grooves -> 129-Shuffle Slam	129-Shuffle Slam 1	
Spectrasonics	Burning Grooves S.A.G.E. Xpander	Parts -> EXP Libraries -> Burning Grooves -> 129-Shuffle Slam	129-Shuffle Slam 2	
Spectrasonics	Burning Grooves S.A.G.E. Xpander	Parts -> EXP Libraries -> Burning Grooves -> 129-Shuffle Slam	129-Shuffle Slam No Kick	
Spectrasonics	Burning Grooves S.A.G.E. Xpander	Parts -> EXP Libraries -> Burning Grooves -> 129-Shuffle Slam	129-Shuffle Slam No Snare	
Spectrasonics	Burning Grooves S.A.G.E. Xpander	Parts -> EXP Libraries -> Burning Grooves -> 129-Smokin	129-Smokin	
Spectrasonics	Burning Grooves S.A.G.E. Xpander	Parts -> EXP Libraries -> Burning Grooves -> 129-Smokin	129-Smokin Hi Hat	
Spectrasonics	Burning Grooves S.A.G.E. Xpander	Parts -> EXP Libraries -> Burning Grooves -> 129-Smokin	129-Smokin No Kick	
Spectrasonics	Burning Grooves S.A.G.E. Xpander	Parts -> EXP Libraries -> Burning Grooves -> 129-Smokin	129-Smokin No Snare	
Spectrasonics	Burning Grooves S.A.G.E. Xpander	Parts -> EXP Libraries -> Burning Grooves -> 130-Altercation	130-Altercation	
Spectrasonics	Burning Grooves S.A.G.E. Xpander	Parts -> EXP Libraries -> Burning Grooves -> 130-Altercation	130-Altercation HiHat	
Spectrasonics	Burning Grooves S.A.G.E. Xpander	Parts -> EXP Libraries -> Burning Grooves -> 130-Altercation	130-Altercation No Kick	
Spectrasonics	Burning Grooves S.A.G.E. Xpander	Parts -> EXP Libraries -> Burning Grooves -> 130-Altercation	130-Altercation No Snare	
Spectrasonics	Burning Grooves S.A.G.E. Xpander	Parts -> EXP Libraries -> Burning Grooves -> 130-Half Time Fancy	130-Half Time Fancy	
Spectrasonics	Burning Grooves S.A.G.E. Xpander	Parts -> EXP Libraries -> Burning Grooves -> 130-Half Time Fancy	130-Half Time Fancy No Kick	
Spectrasonics	Burning Grooves S.A.G.E. Xpander	Parts -> EXP Libraries -> Burning Grooves -> 130-Half Time Fancy	130-Half Time Fancy No Snare	
Spectrasonics	Burning Grooves S.A.G.E. Xpander	Parts -> EXP Libraries -> Burning Grooves -> 130-R&R Snare	130-R&R Snare 1	
Spectrasonics	Burning Grooves S.A.G.E. Xpander	Parts -> EXP Libraries -> Burning Grooves -> 130-R&R Snare	130-R&R Snare 2	
Spectrasonics	Burning Grooves S.A.G.E. Xpander	Parts -> EXP Libraries -> Burning Grooves -> 130-R&R Snare	130-R&R Snare No Kick	
Spectrasonics	Burning Grooves S.A.G.E. Xpander	Parts -> EXP Libraries -> Burning Grooves -> 130-R&R Snare	130-R&R Snare No Snare	
Spectrasonics	Burning Grooves S.A.G.E. Xpander	Parts -> EXP Libraries -> Burning Grooves -> 131-Barn Stormer	131-Barn Stormer 1	
Spectrasonics	Burning Grooves S.A.G.E. Xpander	Parts -> EXP Libraries -> Burning Grooves -> 131-Barn Stormer	131-Barn Stormer 2	
Spectrasonics	Burning Grooves S.A.G.E. Xpander	Parts -> EXP Libraries -> Burning Grooves -> 131-Barn Stormer	131-Barn Stormer No Kick	
Spectrasonics	Burning Grooves S.A.G.E. Xpander	Parts -> EXP Libraries -> Burning Grooves -> 131-Barn Stormer	131-Barn Stormer No Snare	
Spectrasonics	Burning Grooves S.A.G.E. Xpander	Parts -> EXP Libraries -> Burning Grooves -> 131-Half Time Smoker	131-Half Time Smoker 1	
Spectrasonics	Burning Grooves S.A.G.E. Xpander	Parts -> EXP Libraries -> Burning Grooves -> 131-Half Time Smoker	131-Half Time Smoker 2	
Spectrasonics	Burning Grooves S.A.G.E. Xpander	Parts -> EXP Libraries -> Burning Grooves -> 131-Half Time Smoker	131-Half Time Smoker No Kick	
Spectrasonics	Burning Grooves S.A.G.E. Xpander	Parts -> EXP Libraries -> Burning Grooves -> 131-Half Time Smoker	131-Half Time Smoker No Snare	
Spectrasonics	Burning Grooves S.A.G.E. Xpander	Parts -> EXP Libraries -> Burning Grooves -> 135-James Burn	135-James Burn	
Spectrasonics	Burning Grooves S.A.G.E. Xpander	Parts -> EXP Libraries -> Burning Grooves -> 135-Owww	135-Owww	
Spectrasonics	Burning Grooves S.A.G.E. Xpander	Parts -> EXP Libraries -> Burning Grooves -> 135-Owww	135-Owww No Kick	
Spectrasonics	Burning Grooves S.A.G.E. Xpander	Parts -> EXP Libraries -> Burning Grooves -> 135-Owww	135-Owww No Snare	
Spectrasonics	Burning Grooves S.A.G.E. Xpander	Parts -> EXP Libraries -> Burning Grooves -> 136-Hyper	136-Hyper Edge	
Spectrasonics	Burning Grooves S.A.G.E. Xpander	Parts -> EXP Libraries -> Burning Grooves -> 136-Hyper	136-Hyper Edge Fills a	
Spectrasonics	Burning Grooves S.A.G.E. Xpander	Parts -> EXP Libraries -> Burning Grooves -> 136-Hyper	136-Hyper Edge Fills b	
Spectrasonics	Burning Grooves S.A.G.E. Xpander	Parts -> EXP Libraries -> Burning Grooves -> 136-Hyper	136-Hyper Edge Fills c	
Spectrasonics	Burning Grooves S.A.G.E. Xpander	Parts -> EXP Libraries -> Burning Grooves -> 136-Hyper	136-Hyper Edge Fills d	
Spectrasonics	Burning Grooves S.A.G.E. Xpander	Parts -> EXP Libraries -> Burning Grooves -> 136-Hyper	136-Hyper Edge No Kick	
Spectrasonics	Burning Grooves S.A.G.E. Xpander	Parts -> EXP Libraries -> Burning Grooves -> 136-Hyper	136-Hyper Edge No Snare	
Spectrasonics	Burning Grooves S.A.G.E. Xpander	Parts -> EXP Libraries -> Burning Grooves -> 136-Hyper	136-Hyper Hi-Fi  Count	
Spectrasonics	Burning Grooves S.A.G.E. Xpander	Parts -> EXP Libraries -> Burning Grooves -> 136-Hyper	136-Hyper Hi-Fi 1	
Spectrasonics	Burning Grooves S.A.G.E. Xpander	Parts -> EXP Libraries -> Burning Grooves -> 136-Hyper	136-Hyper Hi-Fi 2	
Spectrasonics	Burning Grooves S.A.G.E. Xpander	Parts -> EXP Libraries -> Burning Grooves -> 136-Hyper	136-Hyper Hi-Fi Fills a	
Spectrasonics	Burning Grooves S.A.G.E. Xpander	Parts -> EXP Libraries -> Burning Grooves -> 136-Hyper	136-Hyper Hi-Fi Fills b	
Spectrasonics	Burning Grooves S.A.G.E. Xpander	Parts -> EXP Libraries -> Burning Grooves -> 136-Hyper	136-Hyper Hi-Fi Fills c	
Spectrasonics	Burning Grooves S.A.G.E. Xpander	Parts -> EXP Libraries -> Burning Grooves -> 136-Hyper	136-Hyper Hi-Fi Fills d	
Spectrasonics	Burning Grooves S.A.G.E. Xpander	Parts -> EXP Libraries -> Burning Grooves -> 136-Hyper	136-Hyper Hi-Fi No Kick	
Spectrasonics	Burning Grooves S.A.G.E. Xpander	Parts -> EXP Libraries -> Burning Grooves -> 136-Hyper	136-Hyper Hi-Fi No Snare	
Spectrasonics	Burning Grooves S.A.G.E. Xpander	Parts -> EXP Libraries -> Burning Grooves -> 145-Expressway	145-Expressway	
Spectrasonics	Burning Grooves S.A.G.E. Xpander	Parts -> EXP Libraries -> Burning Grooves -> 145-Expressway	145-Expressway No Kick	
Spectrasonics	Burning Grooves S.A.G.E. Xpander	Parts -> EXP Libraries -> Burning Grooves -> 145-Expressway	145-Expressway No Snare	
Spectrasonics	Burning Grooves S.A.G.E. Xpander	Parts -> EXP Libraries -> Burning Grooves -> 147-Hot Links	147-Hot Links 1	
Spectrasonics	Burning Grooves S.A.G.E. Xpander	Parts -> EXP Libraries -> Burning Grooves -> 147-Hot Links	147-Hot Links 2	
Spectrasonics	Burning Grooves S.A.G.E. Xpander	Parts -> EXP Libraries -> Burning Grooves -> 147-Hot Links	147-Hot Links 3	
Spectrasonics	Burning Grooves S.A.G.E. Xpander	Parts -> EXP Libraries -> Burning Grooves -> 147-Hot Links	147-Hot Links 4	
Spectrasonics	Burning Grooves S.A.G.E. Xpander	Parts -> EXP Libraries -> Burning Grooves -> 147-Hot Links	147-Hot Links 5	
Spectrasonics	Burning Grooves S.A.G.E. Xpander	Parts -> EXP Libraries -> Burning Grooves -> 151-Street Dance	151-Street Dance 1	
Spectrasonics	Burning Grooves S.A.G.E. Xpander	Parts -> EXP Libraries -> Burning Grooves -> 151-Street Dance	151-Street Dance 2	
Spectrasonics	Burning Grooves S.A.G.E. Xpander	Parts -> EXP Libraries -> Burning Grooves -> 151-Street Dance	151-Street Dance 3	
Spectrasonics	Burning Grooves S.A.G.E. Xpander	Parts -> EXP Libraries -> Burning Grooves -> 151-Street Dance	151-Street Dance Fill	
Spectrasonics	Burning Grooves S.A.G.E. Xpander	Parts -> EXP Libraries -> Burning Grooves -> 151-Street Dance	151-Street Dance No Kick	
Spectrasonics	Burning Grooves S.A.G.E. Xpander	Parts -> EXP Libraries -> Burning Grooves -> 151-Street Dance	151-Street Dance No Snare	
Spectrasonics	Burning Grooves S.A.G.E. Xpander	Parts -> EXP Libraries -> Burning Grooves -> 157-Maserati	157-Maserati	
Spectrasonics	Burning Grooves S.A.G.E. Xpander	Parts -> EXP Libraries -> Burning Grooves -> 157-Maserati	157-Maserati No Kick	
Spectrasonics	Burning Grooves S.A.G.E. Xpander	Parts -> EXP Libraries -> Burning Grooves -> 157-Maserati	157-Maserati No Snare	
Spectrasonics	Burning Grooves S.A.G.E. Xpander	Parts -> EXP Libraries -> Burning Grooves -> 158-Testarossa	158-Testarossa 1	
Spectrasonics	Burning Grooves S.A.G.E. Xpander	Parts -> EXP Libraries -> Burning Grooves -> 158-Testarossa	158-Testarossa 2	
Spectrasonics	Burning Grooves S.A.G.E. Xpander	Parts -> EXP Libraries -> Burning Grooves -> 158-Testarossa	158-Testarossa 3	
Spectrasonics	Burning Grooves S.A.G.E. Xpander	Parts -> EXP Libraries -> Burning Grooves -> 158-Testarossa	158-Testarossa 4	
Spectrasonics	Burning Grooves S.A.G.E. Xpander	Parts -> EXP Libraries -> Burning Grooves -> 158-Testarossa	158-Testarossa No Kick	
Spectrasonics	Burning Grooves S.A.G.E. Xpander	Parts -> EXP Libraries -> Burning Grooves -> 158-Testarossa	158-Testarossa No Snare	
Spectrasonics	Burning Grooves S.A.G.E. Xpander	Parts -> EXP Libraries -> Burning Grooves -> 161-Intense Toms	161-Intense Toms Edge	
Spectrasonics	Burning Grooves S.A.G.E. Xpander	Parts -> EXP Libraries -> Burning Grooves -> 161-Intense Toms	161-Intense Toms Fuzz	
Spectrasonics	Burning Grooves S.A.G.E. Xpander	Parts -> EXP Libraries -> Burning Grooves -> 161-Intense Toms	161-Intense Toms Verb	
Spectrasonics	Burning Grooves S.A.G.E. Xpander	Parts -> EXP Libraries -> Burning Grooves -> 170-Intensity	170-Intensity 1	
Spectrasonics	Burning Grooves S.A.G.E. Xpander	Parts -> EXP Libraries -> Burning Grooves -> 170-Intensity	170-Intensity 2	
Spectrasonics	Burning Grooves S.A.G.E. Xpander	Parts -> EXP Libraries -> Burning Grooves -> 170-Intensity	170-Intensity 3	
Spectrasonics	Burning Grooves S.A.G.E. Xpander	Parts -> EXP Libraries -> Burning Grooves -> 170-Intensity	170-Intensity Fill Bar	
Spectrasonics	Burning Grooves S.A.G.E. Xpander	Parts -> EXP Libraries -> Burning Grooves -> 170-Intensity	170-Intensity No Kick	
Spectrasonics	Burning Grooves S.A.G.E. Xpander	Parts -> EXP Libraries -> Burning Grooves -> 170-Intensity	170-Intensity No Snare	
Spectrasonics	Burning Grooves S.A.G.E. Xpander	Parts -> EXP Libraries -> Burning Grooves -> 178-Slam Pit	178-Slam Pit 1	
Spectrasonics	Burning Grooves S.A.G.E. Xpander	Parts -> EXP Libraries -> Burning Grooves -> 178-Slam Pit	178-Slam Pit 2	
Spectrasonics	Burning Grooves S.A.G.E. Xpander	Parts -> EXP Libraries -> Burning Grooves -> 178-Slam Pit	178-Slam Pit No Kick	
Spectrasonics	Burning Grooves S.A.G.E. Xpander	Parts -> EXP Libraries -> Burning Grooves -> 178-Slam Pit	178-Slam Pit No Snare	
Spectrasonics	Burning Grooves S.A.G.E. Xpander	Parts -> EXP Libraries -> Burning Grooves -> Burning Grooves Fills Hi-Fi	58-Wide Open Slam Fill a	
Spectrasonics	Burning Grooves S.A.G.E. Xpander	Parts -> EXP Libraries -> Burning Grooves -> Burning Grooves Fills Hi-Fi	58-Wide Open Slam Fill b	
Spectrasonics	Burning Grooves S.A.G.E. Xpander	Parts -> EXP Libraries -> Burning Grooves -> Burning Grooves Fills Hi-Fi	58-Wide Open Slam Fill c	
Spectrasonics	Burning Grooves S.A.G.E. Xpander	Parts -> EXP Libraries -> Burning Grooves -> Burning Grooves Fills Hi-Fi	65-Rockin' Reggae Dry Fill	
Spectrasonics	Burning Grooves S.A.G.E. Xpander	Parts -> EXP Libraries -> Burning Grooves -> Burning Grooves Fills Hi-Fi	65-Rockin' Reggae Wet Fill	
Spectrasonics	Burning Grooves S.A.G.E. Xpander	Parts -> EXP Libraries -> Burning Grooves -> Burning Grooves Fills Hi-Fi	66-All Out War Fill a	
Spectrasonics	Burning Grooves S.A.G.E. Xpander	Parts -> EXP Libraries -> Burning Grooves -> Burning Grooves Fills Hi-Fi	66-All Out War Fill b	
Spectrasonics	Burning Grooves S.A.G.E. Xpander	Parts -> EXP Libraries -> Burning Grooves -> Burning Grooves Fills Hi-Fi	66-All Out War Fill c	
Spectrasonics	Burning Grooves S.A.G.E. Xpander	Parts -> EXP Libraries -> Burning Grooves -> Burning Grooves Fills Hi-Fi	66-All Out War Fill d	
Spectrasonics	Burning Grooves S.A.G.E. Xpander	Parts -> EXP Libraries -> Burning Grooves -> Burning Grooves Fills Hi-Fi	73-Funk Bolero Fill e	
Spectrasonics	Burning Grooves S.A.G.E. Xpander	Parts -> EXP Libraries -> Burning Grooves -> Burning Grooves Fills Hi-Fi	73-Funk Bolero Fill f	
Spectrasonics	Burning Grooves S.A.G.E. Xpander	Parts -> EXP Libraries -> Burning Grooves -> Burning Grooves Fills Hi-Fi	76-Slow Roller Fill a	
Spectrasonics	Burning Grooves S.A.G.E. Xpander	Parts -> EXP Libraries -> Burning Grooves -> Burning Grooves Fills Hi-Fi	76-Slow Roller Fill b	
Spectrasonics	Burning Grooves S.A.G.E. Xpander	Parts -> EXP Libraries -> Burning Grooves -> Burning Grooves Fills Hi-Fi	77-Funkster Fill	
Spectrasonics	Burning Grooves S.A.G.E. Xpander	Parts -> EXP Libraries -> Burning Grooves -> Burning Grooves Fills Hi-Fi	80-Attack Head Comp Fill	
Spectrasonics	Burning Grooves S.A.G.E. Xpander	Parts -> EXP Libraries -> Burning Grooves -> Burning Grooves Fills Hi-Fi	81-Deep Pockets Fill a	
Spectrasonics	Burning Grooves S.A.G.E. Xpander	Parts -> EXP Libraries -> Burning Grooves -> Burning Grooves Fills Hi-Fi	81-Deep Pockets Fill b	
Spectrasonics	Burning Grooves S.A.G.E. Xpander	Parts -> EXP Libraries -> Burning Grooves -> Burning Grooves Fills Hi-Fi	81-Deep Pockets Fill c	
Spectrasonics	Burning Grooves S.A.G.E. Xpander	Parts -> EXP Libraries -> Burning Grooves -> Burning Grooves Fills Hi-Fi	81-Deep Pockets Fill d	
Spectrasonics	Burning Grooves S.A.G.E. Xpander	Parts -> EXP Libraries -> Burning Grooves -> Burning Grooves Fills Hi-Fi	81-Deep Pockets Fill e	
Spectrasonics	Burning Grooves S.A.G.E. Xpander	Parts -> EXP Libraries -> Burning Grooves -> Burning Grooves Fills Hi-Fi	81-Deep Pockets Fill f	
Spectrasonics	Burning Grooves S.A.G.E. Xpander	Parts -> EXP Libraries -> Burning Grooves -> Burning Grooves Fills Hi-Fi	81-Greasy Fill	
Spectrasonics	Burning Grooves S.A.G.E. Xpander	Parts -> EXP Libraries -> Burning Grooves -> Burning Grooves Fills Hi-Fi	86-Accentuate Fill	
Spectrasonics	Burning Grooves S.A.G.E. Xpander	Parts -> EXP Libraries -> Burning Grooves -> Burning Grooves Fills Hi-Fi	88-Big Funk Fill	
Spectrasonics	Burning Grooves S.A.G.E. Xpander	Parts -> EXP Libraries -> Burning Grooves -> Burning Grooves Fills Hi-Fi	90-Busy Hip Swing Fill	
Spectrasonics	Burning Grooves S.A.G.E. Xpander	Parts -> EXP Libraries -> Burning Grooves -> Burning Grooves Fills Hi-Fi	90-Haymaker Fill	
Spectrasonics	Burning Grooves S.A.G.E. Xpander	Parts -> EXP Libraries -> Burning Grooves -> Burning Grooves Fills Hi-Fi	93-Down On Two Fill	
Spectrasonics	Burning Grooves S.A.G.E. Xpander	Parts -> EXP Libraries -> Burning Grooves -> Burning Grooves Fills Hi-Fi	98-Rock On Hi-Fi Fill a	
Spectrasonics	Burning Grooves S.A.G.E. Xpander	Parts -> EXP Libraries -> Burning Grooves -> Burning Grooves Fills Hi-Fi	98-Rock On Hi-Fi Fill b	
Spectrasonics	Burning Grooves S.A.G.E. Xpander	Parts -> EXP Libraries -> Burning Grooves -> Burning Grooves Fills Hi-Fi	98-Rock On Hi-Fi Fill c	
Spectrasonics	Burning Grooves S.A.G.E. Xpander	Parts -> EXP Libraries -> Burning Grooves -> Burning Grooves Fills Hi-Fi	98-Rock On Hi-Fi Fill d	
Spectrasonics	Burning Grooves S.A.G.E. Xpander	Parts -> EXP Libraries -> Burning Grooves -> Burning Grooves Fills Hi-Fi	98-Rock On Hi-Fi Fill e	
Spectrasonics	Burning Grooves S.A.G.E. Xpander	Parts -> EXP Libraries -> Burning Grooves -> Burning Grooves Fills Hi-Fi	98-Rock On Hi-Fi Fill f	
Spectrasonics	Burning Grooves S.A.G.E. Xpander	Parts -> EXP Libraries -> Burning Grooves -> Burning Grooves Fills Hi-Fi	100-Deja Funk Fill	
Spectrasonics	Burning Grooves S.A.G.E. Xpander	Parts -> EXP Libraries -> Burning Grooves -> Burning Grooves Fills Hi-Fi	101-Ride Em Fill	
Spectrasonics	Burning Grooves S.A.G.E. Xpander	Parts -> EXP Libraries -> Burning Grooves -> Burning Grooves Fills Hi-Fi	103-Medium Cruiser Fill a	
Spectrasonics	Burning Grooves S.A.G.E. Xpander	Parts -> EXP Libraries -> Burning Grooves -> Burning Grooves Fills Hi-Fi	103-Medium Cruiser Fill b	
Spectrasonics	Burning Grooves S.A.G.E. Xpander	Parts -> EXP Libraries -> Burning Grooves -> Burning Grooves Fills Hi-Fi	103-Medium Cruiser Fill c	
Spectrasonics	Burning Grooves S.A.G.E. Xpander	Parts -> EXP Libraries -> Burning Grooves -> Burning Grooves Fills Hi-Fi	104-Fist Fill	
Spectrasonics	Burning Grooves S.A.G.E. Xpander	Parts -> EXP Libraries -> Burning Grooves -> Burning Grooves Fills Hi-Fi	106-Dancin Shoes Fill	
Spectrasonics	Burning Grooves S.A.G.E. Xpander	Parts -> EXP Libraries -> Burning Grooves -> Burning Grooves Fills Hi-Fi	110-Two Snare Funk Fill	
Spectrasonics	Burning Grooves S.A.G.E. Xpander	Parts -> EXP Libraries -> Burning Grooves -> Burning Grooves Fills Hi-Fi	112-Shufflit Hi-Fi Fill a	
Spectrasonics	Burning Grooves S.A.G.E. Xpander	Parts -> EXP Libraries -> Burning Grooves -> Burning Grooves Fills Hi-Fi	112-Shufflit Hi-Fi Fill b	
Spectrasonics	Burning Grooves S.A.G.E. Xpander	Parts -> EXP Libraries -> Burning Grooves -> Burning Grooves Fills Hi-Fi	112-Shufflit Hi-Fi Fill c	
Spectrasonics	Burning Grooves S.A.G.E. Xpander	Parts -> EXP Libraries -> Burning Grooves -> Burning Grooves Fills Hi-Fi	114-Marotta Fill	
Spectrasonics	Burning Grooves S.A.G.E. Xpander	Parts -> EXP Libraries -> Burning Grooves -> Burning Grooves Fills Hi-Fi	114-Tomania Fill	
Spectrasonics	Burning Grooves S.A.G.E. Xpander	Parts -> EXP Libraries -> Burning Grooves -> Burning Grooves Fills Hi-Fi	118-Fast Cruiser Fill a	
Spectrasonics	Burning Grooves S.A.G.E. Xpander	Parts -> EXP Libraries -> Burning Grooves -> Burning Grooves Fills Hi-Fi	118-Fast Cruiser Fill b	
Spectrasonics	Burning Grooves S.A.G.E. Xpander	Parts -> EXP Libraries -> Burning Grooves -> Burning Grooves Fills Hi-Fi	118-Fast Cruiser Fill c	
Spectrasonics	Burning Grooves S.A.G.E. Xpander	Parts -> EXP Libraries -> Burning Grooves -> Burning Grooves Fills Hi-Fi	122-Flunky Fill a	
Spectrasonics	Burning Grooves S.A.G.E. Xpander	Parts -> EXP Libraries -> Burning Grooves -> Burning Grooves Fills Hi-Fi	122-Flunky Fill b	
Spectrasonics	Burning Grooves S.A.G.E. Xpander	Parts -> EXP Libraries -> Burning Grooves -> Burning Grooves Fills Hi-Fi	122-Flunky Fill c	
Spectrasonics	Burning Grooves S.A.G.E. Xpander	Parts -> EXP Libraries -> Burning Grooves -> Burning Grooves Fills Hi-Fi	122-Flunky Fill d	
Spectrasonics	Burning Grooves S.A.G.E. Xpander	Parts -> EXP Libraries -> Burning Grooves -> Burning Grooves Fills Hi-Fi	122-Flunky Fill e	
Spectrasonics	Burning Grooves S.A.G.E. Xpander	Parts -> EXP Libraries -> Burning Grooves -> Burning Grooves Fills Hi-Fi	136-Hyper Hi-Fi Fills a	
Spectrasonics	Burning Grooves S.A.G.E. Xpander	Parts -> EXP Libraries -> Burning Grooves -> Burning Grooves Fills Hi-Fi	136-Hyper Hi-Fi Fills b	
Spectrasonics	Burning Grooves S.A.G.E. Xpander	Parts -> EXP Libraries -> Burning Grooves -> Burning Grooves Fills Hi-Fi	136-Hyper Hi-Fi Fills c	
Spectrasonics	Burning Grooves S.A.G.E. Xpander	Parts -> EXP Libraries -> Burning Grooves -> Burning Grooves Fills Hi-Fi	136-Hyper Hi-Fi Fills d	
Spectrasonics	Burning Grooves S.A.G.E. Xpander	Parts -> EXP Libraries -> Burning Grooves -> Burning Grooves Fills Hi-Fi	151-Street Dance Fill	
Spectrasonics	Burning Grooves S.A.G.E. Xpander	Parts -> EXP Libraries -> Burning Grooves -> Burning Grooves Fills Lo-Fi	65-Soul Slam Edge Fill	
Spectrasonics	Burning Grooves S.A.G.E. Xpander	Parts -> EXP Libraries -> Burning Grooves -> Burning Grooves Fills Lo-Fi	65-Soul Slam Verb Fill	
Spectrasonics	Burning Grooves S.A.G.E. Xpander	Parts -> EXP Libraries -> Burning Grooves -> Burning Grooves Fills Lo-Fi	71-Thick Socks Fill	
Spectrasonics	Burning Grooves S.A.G.E. Xpander	Parts -> EXP Libraries -> Burning Grooves -> Burning Grooves Fills Lo-Fi	73-Funk Bolero Fill a	
Spectrasonics	Burning Grooves S.A.G.E. Xpander	Parts -> EXP Libraries -> Burning Grooves -> Burning Grooves Fills Lo-Fi	73-Funk Bolero Fill b	
Spectrasonics	Burning Grooves S.A.G.E. Xpander	Parts -> EXP Libraries -> Burning Grooves -> Burning Grooves Fills Lo-Fi	73-Funk Bolero Fill c	
Spectrasonics	Burning Grooves S.A.G.E. Xpander	Parts -> EXP Libraries -> Burning Grooves -> Burning Grooves Fills Lo-Fi	73-Funk Bolero Fill d	
Spectrasonics	Burning Grooves S.A.G.E. Xpander	Parts -> EXP Libraries -> Burning Grooves -> Burning Grooves Fills Lo-Fi	80-Attack Head Lo-Fi Fill	
Spectrasonics	Burning Grooves S.A.G.E. Xpander	Parts -> EXP Libraries -> Burning Grooves -> Burning Grooves Fills Lo-Fi	85-Ping Pong Comp Fill	
Spectrasonics	Burning Grooves S.A.G.E. Xpander	Parts -> EXP Libraries -> Burning Grooves -> Burning Grooves Fills Lo-Fi	85-Ping Pong Edge Fill	
Spectrasonics	Burning Grooves S.A.G.E. Xpander	Parts -> EXP Libraries -> Burning Grooves -> Burning Grooves Fills Lo-Fi	98-Rock On Lo-Fi Fill a	
Spectrasonics	Burning Grooves S.A.G.E. Xpander	Parts -> EXP Libraries -> Burning Grooves -> Burning Grooves Fills Lo-Fi	98-Rock On Lo-Fi Fill b	
Spectrasonics	Burning Grooves S.A.G.E. Xpander	Parts -> EXP Libraries -> Burning Grooves -> Burning Grooves Fills Lo-Fi	98-Rock On Lo-Fi Fill c	
Spectrasonics	Burning Grooves S.A.G.E. Xpander	Parts -> EXP Libraries -> Burning Grooves -> Burning Grooves Fills Lo-Fi	98-Rock On Lo-Fi Fill d	
Spectrasonics	Burning Grooves S.A.G.E. Xpander	Parts -> EXP Libraries -> Burning Grooves -> Burning Grooves Fills Lo-Fi	98-Rock On Lo-Fi Fill e	
Spectrasonics	Burning Grooves S.A.G.E. Xpander	Parts -> EXP Libraries -> Burning Grooves -> Burning Grooves Fills Lo-Fi	98-Rock On Lo-Fi Fill f	
Spectrasonics	Burning Grooves S.A.G.E. Xpander	Parts -> EXP Libraries -> Burning Grooves -> Burning Grooves Fills Lo-Fi	105-Hip Hop Edge Fill	
Spectrasonics	Burning Grooves S.A.G.E. Xpander	Parts -> EXP Libraries -> Burning Grooves -> Burning Grooves Fills Lo-Fi	105-Hip Hop Lo-Fi Fill	
Spectrasonics	Burning Grooves S.A.G.E. Xpander	Parts -> EXP Libraries -> Burning Grooves -> Burning Grooves Fills Lo-Fi	112-Shufflit Lo-Fi Fill a	
Spectrasonics	Burning Grooves S.A.G.E. Xpander	Parts -> EXP Libraries -> Burning Grooves -> Burning Grooves Fills Lo-Fi	112-Shufflit Lo-Fi Fill b	
Spectrasonics	Burning Grooves S.A.G.E. Xpander	Parts -> EXP Libraries -> Burning Grooves -> Burning Grooves Fills Lo-Fi	112-Shufflit Lo-Fi Fill c	
Spectrasonics	Burning Grooves S.A.G.E. Xpander	Parts -> EXP Libraries -> Burning Grooves -> Burning Grooves Fills Lo-Fi	112-Shufflit Lo-Fi Fill d	
Spectrasonics	Burning Grooves S.A.G.E. Xpander	Parts -> EXP Libraries -> Burning Grooves -> Burning Grooves Fills Lo-Fi	112-Shufflit Lo-Fi Fill e	
Spectrasonics	Burning Grooves S.A.G.E. Xpander	Parts -> EXP Libraries -> Burning Grooves -> Burning Grooves Fills Lo-Fi	112-Shufflit Lo-Fi Fill f	
Spectrasonics	Burning Grooves S.A.G.E. Xpander	Parts -> EXP Libraries -> Burning Grooves -> Burning Grooves Fills Lo-Fi	136-Hyper Edge Fills a	
Spectrasonics	Burning Grooves S.A.G.E. Xpander	Parts -> EXP Libraries -> Burning Grooves -> Burning Grooves Fills Lo-Fi	136-Hyper Edge Fills b	
Spectrasonics	Burning Grooves S.A.G.E. Xpander	Parts -> EXP Libraries -> Burning Grooves -> Burning Grooves Fills Lo-Fi	136-Hyper Edge Fills c	
Spectrasonics	Burning Grooves S.A.G.E. Xpander	Parts -> EXP Libraries -> Burning Grooves -> Burning Grooves Fills Lo-Fi	136-Hyper Edge Fills d	
Spectrasonics	Burning Grooves S.A.G.E. Xpander	Parts -> EXP Libraries -> Burning Grooves -> GRV Elements - HiHats Brite Pop	100-HH Pop  8th a	
Spectrasonics	Burning Grooves S.A.G.E. Xpander	Parts -> EXP Libraries -> Burning Grooves -> GRV Elements - HiHats Brite Pop	100-HH Pop  8th b	
Spectrasonics	Burning Grooves S.A.G.E. Xpander	Parts -> EXP Libraries -> Burning Grooves -> GRV Elements - HiHats Brite Pop	100-HH Pop  8th c	
Spectrasonics	Burning Grooves S.A.G.E. Xpander	Parts -> EXP Libraries -> Burning Grooves -> GRV Elements - HiHats Brite Pop	100-HH Pop  8th d	
Spectrasonics	Burning Grooves S.A.G.E. Xpander	Parts -> EXP Libraries -> Burning Grooves -> GRV Elements - HiHats Brite Pop	100-HH Pop  8th e	
Spectrasonics	Burning Grooves S.A.G.E. Xpander	Parts -> EXP Libraries -> Burning Grooves -> GRV Elements - HiHats Brite Pop	100-HH Pop  8th f	
Spectrasonics	Burning Grooves S.A.G.E. Xpander	Parts -> EXP Libraries -> Burning Grooves -> GRV Elements - HiHats Brite Pop	100-HH Pop  8th g	
Spectrasonics	Burning Grooves S.A.G.E. Xpander	Parts -> EXP Libraries -> Burning Grooves -> GRV Elements - HiHats Brite Pop	100-HH Pop  8th h	
Spectrasonics	Burning Grooves S.A.G.E. Xpander	Parts -> EXP Libraries -> Burning Grooves -> GRV Elements - HiHats Brite Pop	100-HH Pop  8th i	
Spectrasonics	Burning Grooves S.A.G.E. Xpander	Parts -> EXP Libraries -> Burning Grooves -> GRV Elements - HiHats Brite Pop	100-HH Pop  8th j	
Spectrasonics	Burning Grooves S.A.G.E. Xpander	Parts -> EXP Libraries -> Burning Grooves -> GRV Elements - HiHats Brite Pop	100-HH Pop  8th k	
Spectrasonics	Burning Grooves S.A.G.E. Xpander	Parts -> EXP Libraries -> Burning Grooves -> GRV Elements - HiHats Brite Pop	100-HH Pop  8th l	
Spectrasonics	Burning Grooves S.A.G.E. Xpander	Parts -> EXP Libraries -> Burning Grooves -> GRV Elements - HiHats Brite Pop	100-HH Pop  8th m	
Spectrasonics	Burning Grooves S.A.G.E. Xpander	Parts -> EXP Libraries -> Burning Grooves -> GRV Elements - HiHats Brite Pop	100-HH Pop  8th n	
Spectrasonics	Burning Grooves S.A.G.E. Xpander	Parts -> EXP Libraries -> Burning Grooves -> GRV Elements - HiHats Brite Pop	100-HH Pop  8th o	
Spectrasonics	Burning Grooves S.A.G.E. Xpander	Parts -> EXP Libraries -> Burning Grooves -> GRV Elements - HiHats Brite Pop	100-HH Pop  8th p	
Spectrasonics	Burning Grooves S.A.G.E. Xpander	Parts -> EXP Libraries -> Burning Grooves -> GRV Elements - HiHats Brite Pop	100-HH Pop  8th q	
Spectrasonics	Burning Grooves S.A.G.E. Xpander	Parts -> EXP Libraries -> Burning Grooves -> GRV Elements - HiHats Brite Pop	100-HH Pop  8th r	
Spectrasonics	Burning Grooves S.A.G.E. Xpander	Parts -> EXP Libraries -> Burning Grooves -> GRV Elements - HiHats Brite Pop	100-HH Pop  8th s	
Spectrasonics	Burning Grooves S.A.G.E. Xpander	Parts -> EXP Libraries -> Burning Grooves -> GRV Elements - HiHats Brite Pop	100-HH Pop  8th t	
Spectrasonics	Burning Grooves S.A.G.E. Xpander	Parts -> EXP Libraries -> Burning Grooves -> GRV Elements - HiHats Brite Pop	100-HH Pop  8th u	
Spectrasonics	Burning Grooves S.A.G.E. Xpander	Parts -> EXP Libraries -> Burning Grooves -> GRV Elements - HiHats Brite Pop	100-HH Pop 16th a	
Spectrasonics	Burning Grooves S.A.G.E. Xpander	Parts -> EXP Libraries -> Burning Grooves -> GRV Elements - HiHats Brite Pop	100-HH Pop 16th b	
Spectrasonics	Burning Grooves S.A.G.E. Xpander	Parts -> EXP Libraries -> Burning Grooves -> GRV Elements - HiHats Brite Pop	100-HH Pop 16th c	
Spectrasonics	Burning Grooves S.A.G.E. Xpander	Parts -> EXP Libraries -> Burning Grooves -> GRV Elements - HiHats Brite Pop	100-HH Pop 16th d	
Spectrasonics	Burning Grooves S.A.G.E. Xpander	Parts -> EXP Libraries -> Burning Grooves -> GRV Elements - HiHats Brite Pop	100-HH Pop 16th e	
Spectrasonics	Burning Grooves S.A.G.E. Xpander	Parts -> EXP Libraries -> Burning Grooves -> GRV Elements - HiHats Brite Pop	100-HH Pop 16th f	
Spectrasonics	Burning Grooves S.A.G.E. Xpander	Parts -> EXP Libraries -> Burning Grooves -> GRV Elements - HiHats Brite Pop	100-HH Pop 16th g	
Spectrasonics	Burning Grooves S.A.G.E. Xpander	Parts -> EXP Libraries -> Burning Grooves -> GRV Elements - HiHats Brite Pop	100-HH Pop 16th h	
Spectrasonics	Burning Grooves S.A.G.E. Xpander	Parts -> EXP Libraries -> Burning Grooves -> GRV Elements - HiHats Brite Pop	100-HH Pop 16th i	
Spectrasonics	Burning Grooves S.A.G.E. Xpander	Parts -> EXP Libraries -> Burning Grooves -> GRV Elements - HiHats Brite Pop	100-HH Pop 16th j	
Spectrasonics	Burning Grooves S.A.G.E. Xpander	Parts -> EXP Libraries -> Burning Grooves -> GRV Elements - HiHats Brite Pop	100-HH Pop Mixed a	
Spectrasonics	Burning Grooves S.A.G.E. Xpander	Parts -> EXP Libraries -> Burning Grooves -> GRV Elements - HiHats Brite Pop	100-HH Pop Mixed b	
Spectrasonics	Burning Grooves S.A.G.E. Xpander	Parts -> EXP Libraries -> Burning Grooves -> GRV Elements - HiHats Brite Pop	100-HH Pop Mixed c	
Spectrasonics	Burning Grooves S.A.G.E. Xpander	Parts -> EXP Libraries -> Burning Grooves -> GRV Elements - HiHats Brite Pop	100-HH Pop Mixed d	
Spectrasonics	Burning Grooves S.A.G.E. Xpander	Parts -> EXP Libraries -> Burning Grooves -> GRV Elements - HiHats Brite Pop	100-HH Pop Mixed e	
Spectrasonics	Burning Grooves S.A.G.E. Xpander	Parts -> EXP Libraries -> Burning Grooves -> GRV Elements - HiHats Brite Pop	100-HH Pop Mixed f	
Spectrasonics	Burning Grooves S.A.G.E. Xpander	Parts -> EXP Libraries -> Burning Grooves -> GRV Elements - HiHats Brite Pop	100-HH Pop Mixed g	
Spectrasonics	Burning Grooves S.A.G.E. Xpander	Parts -> EXP Libraries -> Burning Grooves -> GRV Elements - HiHats Brite Pop	100-HH Pop Mixed h	
Spectrasonics	Burning Grooves S.A.G.E. Xpander	Parts -> EXP Libraries -> Burning Grooves -> GRV Elements - HiHats Brite Pop	100-HH Pop Mixed i	
Spectrasonics	Burning Grooves S.A.G.E. Xpander	Parts -> EXP Libraries -> Burning Grooves -> GRV Elements - HiHats Brite Pop	100-HH Pop Mixed j	
Spectrasonics	Burning Grooves S.A.G.E. Xpander	Parts -> EXP Libraries -> Burning Grooves -> GRV Elements - HiHats Brite Pop	100-HH Pop Mixed k	
Spectrasonics	Burning Grooves S.A.G.E. Xpander	Parts -> EXP Libraries -> Burning Grooves -> GRV Elements - HiHats Brite Pop	100-HH Pop Mixed l	
Spectrasonics	Burning Grooves S.A.G.E. Xpander	Parts -> EXP Libraries -> Burning Grooves -> GRV Elements - HiHats Brite Pop	100-HH Pop Mixed m	
Spectrasonics	Burning Grooves S.A.G.E. Xpander	Parts -> EXP Libraries -> Burning Grooves -> GRV Elements - HiHats Brite Pop	100-HH Pop Pea Soup	
Spectrasonics	Burning Grooves S.A.G.E. Xpander	Parts -> EXP Libraries -> Burning Grooves -> GRV Elements - HiHats China	100-HH China Medium	
Spectrasonics	Burning Grooves S.A.G.E. Xpander	Parts -> EXP Libraries -> Burning Grooves -> GRV Elements - HiHats China	100-HH China Mixed	
Spectrasonics	Burning Grooves S.A.G.E. Xpander	Parts -> EXP Libraries -> Burning Grooves -> GRV Elements - HiHats China	100-HH China Open	
Spectrasonics	Burning Grooves S.A.G.E. Xpander	Parts -> EXP Libraries -> Burning Grooves -> GRV Elements - HiHats China	100-HH China Push a	
Spectrasonics	Burning Grooves S.A.G.E. Xpander	Parts -> EXP Libraries -> Burning Grooves -> GRV Elements - HiHats China	100-HH China Push b	
Spectrasonics	Burning Grooves S.A.G.E. Xpander	Parts -> EXP Libraries -> Burning Grooves -> GRV Elements - HiHats Chunky	100-HH Chunky 1  8th a	
Spectrasonics	Burning Grooves S.A.G.E. Xpander	Parts -> EXP Libraries -> Burning Grooves -> GRV Elements - HiHats Chunky	100-HH Chunky 1  8th b	
Spectrasonics	Burning Grooves S.A.G.E. Xpander	Parts -> EXP Libraries -> Burning Grooves -> GRV Elements - HiHats Chunky	100-HH Chunky 1  8th c	
Spectrasonics	Burning Grooves S.A.G.E. Xpander	Parts -> EXP Libraries -> Burning Grooves -> GRV Elements - HiHats Chunky	100-HH Chunky 1 Loose a	
Spectrasonics	Burning Grooves S.A.G.E. Xpander	Parts -> EXP Libraries -> Burning Grooves -> GRV Elements - HiHats Chunky	100-HH Chunky 1 Loose b	
Spectrasonics	Burning Grooves S.A.G.E. Xpander	Parts -> EXP Libraries -> Burning Grooves -> GRV Elements - HiHats Chunky	100-HH Chunky 1 Syncopated	
Spectrasonics	Burning Grooves S.A.G.E. Xpander	Parts -> EXP Libraries -> Burning Grooves -> GRV Elements - HiHats Chunky	100-HH Chunky 1 Upbeat Mix	
Spectrasonics	Burning Grooves S.A.G.E. Xpander	Parts -> EXP Libraries -> Burning Grooves -> GRV Elements - HiHats Chunky	100-HH Chunky 2  4th a	
Spectrasonics	Burning Grooves S.A.G.E. Xpander	Parts -> EXP Libraries -> Burning Grooves -> GRV Elements - HiHats Chunky	100-HH Chunky 2  4th b	
Spectrasonics	Burning Grooves S.A.G.E. Xpander	Parts -> EXP Libraries -> Burning Grooves -> GRV Elements - HiHats Chunky	100-HH Chunky 2  4th c	
Spectrasonics	Burning Grooves S.A.G.E. Xpander	Parts -> EXP Libraries -> Burning Grooves -> GRV Elements - HiHats Chunky	100-HH Chunky 2  8th a	
Spectrasonics	Burning Grooves S.A.G.E. Xpander	Parts -> EXP Libraries -> Burning Grooves -> GRV Elements - HiHats Chunky	100-HH Chunky 2  8th b	
Spectrasonics	Burning Grooves S.A.G.E. Xpander	Parts -> EXP Libraries -> Burning Grooves -> GRV Elements - HiHats Chunky	100-HH Chunky 2  8th c	
Spectrasonics	Burning Grooves S.A.G.E. Xpander	Parts -> EXP Libraries -> Burning Grooves -> GRV Elements - HiHats Chunky	100-HH Chunky 2  8th d	
Spectrasonics	Burning Grooves S.A.G.E. Xpander	Parts -> EXP Libraries -> Burning Grooves -> GRV Elements - HiHats Chunky	100-HH Chunky 2 16th	
Spectrasonics	Burning Grooves S.A.G.E. Xpander	Parts -> EXP Libraries -> Burning Grooves -> GRV Elements - HiHats Chunky	100-HH Chunky 2 Mixed a	
Spectrasonics	Burning Grooves S.A.G.E. Xpander	Parts -> EXP Libraries -> Burning Grooves -> GRV Elements - HiHats Chunky	100-HH Chunky 2 Mixed b	
Spectrasonics	Burning Grooves S.A.G.E. Xpander	Parts -> EXP Libraries -> Burning Grooves -> GRV Elements - HiHats Chunky	100-HH Chunky 2 Mixed c	
Spectrasonics	Burning Grooves S.A.G.E. Xpander	Parts -> EXP Libraries -> Burning Grooves -> GRV Elements - HiHats Chunky	100-HH Chunky 2 Syncopated	
Spectrasonics	Burning Grooves S.A.G.E. Xpander	Parts -> EXP Libraries -> Burning Grooves -> GRV Elements - HiHats Chunky	100-HH Chunky 2 Upbeat a	
Spectrasonics	Burning Grooves S.A.G.E. Xpander	Parts -> EXP Libraries -> Burning Grooves -> GRV Elements - HiHats Chunky	100-HH Chunky 2 Upbeat b	
Spectrasonics	Burning Grooves S.A.G.E. Xpander	Parts -> EXP Libraries -> Burning Grooves -> GRV Elements - HiHats Chunky	100-HH Chunky 2 Upbeat c	
Spectrasonics	Burning Grooves S.A.G.E. Xpander	Parts -> EXP Libraries -> Burning Grooves -> GRV Elements - HiHats Chunky	100-HH Chunky 2 Upbeat d	
Spectrasonics	Burning Grooves S.A.G.E. Xpander	Parts -> EXP Libraries -> Burning Grooves -> GRV Elements - HiHats Chunky	100-HH Chunky 2 Upbeat e	
Spectrasonics	Burning Grooves S.A.G.E. Xpander	Parts -> EXP Libraries -> Burning Grooves -> GRV Elements - HiHats Small	100-HH Small  8th a	
Spectrasonics	Burning Grooves S.A.G.E. Xpander	Parts -> EXP Libraries -> Burning Grooves -> GRV Elements - HiHats Small	100-HH Small  8th b	
Spectrasonics	Burning Grooves S.A.G.E. Xpander	Parts -> EXP Libraries -> Burning Grooves -> GRV Elements - HiHats Small	100-HH Small  8th c	
Spectrasonics	Burning Grooves S.A.G.E. Xpander	Parts -> EXP Libraries -> Burning Grooves -> GRV Elements - HiHats Small	100-HH Small  8th d	
Spectrasonics	Burning Grooves S.A.G.E. Xpander	Parts -> EXP Libraries -> Burning Grooves -> GRV Elements - HiHats Small	100-HH Small  8th e	
Spectrasonics	Burning Grooves S.A.G.E. Xpander	Parts -> EXP Libraries -> Burning Grooves -> GRV Elements - HiHats Small	100-HH Small  8th f	
Spectrasonics	Burning Grooves S.A.G.E. Xpander	Parts -> EXP Libraries -> Burning Grooves -> GRV Elements - HiHats Small	100-HH Small  8th g	
Spectrasonics	Burning Grooves S.A.G.E. Xpander	Parts -> EXP Libraries -> Burning Grooves -> GRV Elements - HiHats Small	100-HH Small 16th a	
Spectrasonics	Burning Grooves S.A.G.E. Xpander	Parts -> EXP Libraries -> Burning Grooves -> GRV Elements - HiHats Small	100-HH Small 16th b	
Spectrasonics	Burning Grooves S.A.G.E. Xpander	Parts -> EXP Libraries -> Burning Grooves -> GRV Elements - HiHats Small	100-HH Small 16th c	
Spectrasonics	Burning Grooves S.A.G.E. Xpander	Parts -> EXP Libraries -> Burning Grooves -> GRV Elements - HiHats Small	100-HH Small 16th d	
Spectrasonics	Burning Grooves S.A.G.E. Xpander	Parts -> EXP Libraries -> Burning Grooves -> GRV Elements - HiHats Small	100-HH Small 16th e	
Spectrasonics	Burning Grooves S.A.G.E. Xpander	Parts -> EXP Libraries -> Burning Grooves -> GRV Elements - HiHats Small	100-HH Small 16th f	
Spectrasonics	Burning Grooves S.A.G.E. Xpander	Parts -> EXP Libraries -> Burning Grooves -> GRV Elements - HiHats Small	100-HH Small 16th g	
Spectrasonics	Burning Grooves S.A.G.E. Xpander	Parts -> EXP Libraries -> Burning Grooves -> GRV Elements - HiHats Small	100-HH Small Mixed a	
Spectrasonics	Burning Grooves S.A.G.E. Xpander	Parts -> EXP Libraries -> Burning Grooves -> GRV Elements - HiHats Small	100-HH Small Mixed b	
Spectrasonics	Burning Grooves S.A.G.E. Xpander	Parts -> EXP Libraries -> Burning Grooves -> GRV Elements - HiHats Small	100-HH Small Mixed c	
Spectrasonics	Burning Grooves S.A.G.E. Xpander	Parts -> EXP Libraries -> Burning Grooves -> GRV Elements - HiHats Small	100-HH Small Mixed d	
Spectrasonics	Burning Grooves S.A.G.E. Xpander	Parts -> EXP Libraries -> Burning Grooves -> GRV Elements - HiHats Small	100-HH Small Mixed e	
Spectrasonics	Burning Grooves S.A.G.E. Xpander	Parts -> EXP Libraries -> Burning Grooves -> GRV Elements - HiHats Toy	100-HH Toy  8th a	
Spectrasonics	Burning Grooves S.A.G.E. Xpander	Parts -> EXP Libraries -> Burning Grooves -> GRV Elements - HiHats Toy	100-HH Toy  8th b	
Spectrasonics	Burning Grooves S.A.G.E. Xpander	Parts -> EXP Libraries -> Burning Grooves -> GRV Elements - HiHats Toy	100-HH Toy 16th a	
Spectrasonics	Burning Grooves S.A.G.E. Xpander	Parts -> EXP Libraries -> Burning Grooves -> GRV Elements - HiHats Toy	100-HH Toy 16th b	
Spectrasonics	Burning Grooves S.A.G.E. Xpander	Parts -> EXP Libraries -> Burning Grooves -> GRV Elements - HiHats Toy	100-HH Toy Mixed	
Spectrasonics	Burning Grooves S.A.G.E. Xpander	Parts -> EXP Libraries -> Burning Grooves -> GRV Elements - HiHats Toy	100-HH Toy Peasoup	
Spectrasonics	Burning Grooves S.A.G.E. Xpander	Parts -> EXP Libraries -> Burning Grooves -> GRV Elements - HiHats Toy	100-HH Toy Syncopated	
Spectrasonics	Burning Grooves S.A.G.E. Xpander	Parts -> EXP Libraries -> Burning Grooves -> GRV Elements - HiHats Toy	100-HH Toy Upbeat	
Spectrasonics	Burning Grooves S.A.G.E. Xpander	Parts -> EXP Libraries -> Burning Grooves -> GRV Elements - HiHats Wet	100-HH Wet 4th	
Spectrasonics	Burning Grooves S.A.G.E. Xpander	Parts -> EXP Libraries -> Burning Grooves -> GRV Elements - HiHats Wet	100-HH Wet Upbeat a	
Spectrasonics	Burning Grooves S.A.G.E. Xpander	Parts -> EXP Libraries -> Burning Grooves -> GRV Elements - HiHats Wet	100-HH Wet Upbeat b	
Spectrasonics	Burning Grooves S.A.G.E. Xpander	Parts -> EXP Libraries -> Burning Grooves -> GRV Elements - Kicks Deep	100-Kick Deep a	
Spectrasonics	Burning Grooves S.A.G.E. Xpander	Parts -> EXP Libraries -> Burning Grooves -> GRV Elements - Kicks Deep	100-Kick Deep b	
Spectrasonics	Burning Grooves S.A.G.E. Xpander	Parts -> EXP Libraries -> Burning Grooves -> GRV Elements - Kicks Deep	100-Kick Deep c	
Spectrasonics	Burning Grooves S.A.G.E. Xpander	Parts -> EXP Libraries -> Burning Grooves -> GRV Elements - Kicks Deep	100-Kick Deep d	
Spectrasonics	Burning Grooves S.A.G.E. Xpander	Parts -> EXP Libraries -> Burning Grooves -> GRV Elements - Kicks Deep	100-Kick Deep e	
Spectrasonics	Burning Grooves S.A.G.E. Xpander	Parts -> EXP Libraries -> Burning Grooves -> GRV Elements - Kicks Deep	100-Kick Deep f	
Spectrasonics	Burning Grooves S.A.G.E. Xpander	Parts -> EXP Libraries -> Burning Grooves -> GRV Elements - Kicks Deep	100-Kick Deep g	
Spectrasonics	Burning Grooves S.A.G.E. Xpander	Parts -> EXP Libraries -> Burning Grooves -> GRV Elements - Kicks Deep	100-Kick Deep h	
Spectrasonics	Burning Grooves S.A.G.E. Xpander	Parts -> EXP Libraries -> Burning Grooves -> GRV Elements - Kicks Deep	100-Kick Deep i	
Spectrasonics	Burning Grooves S.A.G.E. Xpander	Parts -> EXP Libraries -> Burning Grooves -> GRV Elements - Kicks Deep	100-Kick Deep j	
Spectrasonics	Burning Grooves S.A.G.E. Xpander	Parts -> EXP Libraries -> Burning Grooves -> GRV Elements - Kicks Deep	100-Kick Deep k	
Spectrasonics	Burning Grooves S.A.G.E. Xpander	Parts -> EXP Libraries -> Burning Grooves -> GRV Elements - Kicks Deep	100-Kick Deep l	
Spectrasonics	Burning Grooves S.A.G.E. Xpander	Parts -> EXP Libraries -> Burning Grooves -> GRV Elements - Kicks Deep	100-Kick Deep m	
Spectrasonics	Burning Grooves S.A.G.E. Xpander	Parts -> EXP Libraries -> Burning Grooves -> GRV Elements - Kicks Deep	100-Kick Deep n	
Spectrasonics	Burning Grooves S.A.G.E. Xpander	Parts -> EXP Libraries -> Burning Grooves -> GRV Elements - Kicks Deep	100-Kick Deep o	
Spectrasonics	Burning Grooves S.A.G.E. Xpander	Parts -> EXP Libraries -> Burning Grooves -> GRV Elements - Kicks Deep	100-Kick Deep p	
Spectrasonics	Burning Grooves S.A.G.E. Xpander	Parts -> EXP Libraries -> Burning Grooves -> GRV Elements - Kicks Deep	100-Kick Deep q	
Spectrasonics	Burning Grooves S.A.G.E. Xpander	Parts -> EXP Libraries -> Burning Grooves -> GRV Elements - Kicks Deep	100-Kick Deep r	
Spectrasonics	Burning Grooves S.A.G.E. Xpander	Parts -> EXP Libraries -> Burning Grooves -> GRV Elements - Kicks Deep	100-Kick Deep s	
Spectrasonics	Burning Grooves S.A.G.E. Xpander	Parts -> EXP Libraries -> Burning Grooves -> GRV Elements - Kicks Deep	100-Kick Deep t	
Spectrasonics	Burning Grooves S.A.G.E. Xpander	Parts -> EXP Libraries -> Burning Grooves -> GRV Elements - Kicks Deep	100-Kick Deep u	
Spectrasonics	Burning Grooves S.A.G.E. Xpander	Parts -> EXP Libraries -> Burning Grooves -> GRV Elements - Kicks Deep	100-Kick Deep v	
Spectrasonics	Burning Grooves S.A.G.E. Xpander	Parts -> EXP Libraries -> Burning Grooves -> GRV Elements - Kicks Deep	100-Kick Deep w	
Spectrasonics	Burning Grooves S.A.G.E. Xpander	Parts -> EXP Libraries -> Burning Grooves -> GRV Elements - Kicks Deep	100-Kick Deep x	
Spectrasonics	Burning Grooves S.A.G.E. Xpander	Parts -> EXP Libraries -> Burning Grooves -> GRV Elements - Kicks Deep	100-Kick Deep y	
Spectrasonics	Burning Grooves S.A.G.E. Xpander	Parts -> EXP Libraries -> Burning Grooves -> GRV Elements - Kicks Deep	100-Kick Deep z	
Spectrasonics	Burning Grooves S.A.G.E. Xpander	Parts -> EXP Libraries -> Burning Grooves -> GRV Elements - Kicks Dry	100-Kick Dry 1a	
Spectrasonics	Burning Grooves S.A.G.E. Xpander	Parts -> EXP Libraries -> Burning Grooves -> GRV Elements - Kicks Dry	100-Kick Dry 1b	
Spectrasonics	Burning Grooves S.A.G.E. Xpander	Parts -> EXP Libraries -> Burning Grooves -> GRV Elements - Kicks Dry	100-Kick Dry 1c	
Spectrasonics	Burning Grooves S.A.G.E. Xpander	Parts -> EXP Libraries -> Burning Grooves -> GRV Elements - Kicks Dry	100-Kick Dry 1d	
Spectrasonics	Burning Grooves S.A.G.E. Xpander	Parts -> EXP Libraries -> Burning Grooves -> GRV Elements - Kicks Dry	100-Kick Dry 2a	
Spectrasonics	Burning Grooves S.A.G.E. Xpander	Parts -> EXP Libraries -> Burning Grooves -> GRV Elements - Kicks Dry	100-Kick Dry 2b	
Spectrasonics	Burning Grooves S.A.G.E. Xpander	Parts -> EXP Libraries -> Burning Grooves -> GRV Elements - Kicks Dry	100-Kick Dry 2c	
Spectrasonics	Burning Grooves S.A.G.E. Xpander	Parts -> EXP Libraries -> Burning Grooves -> GRV Elements - Kicks Dry	100-Kick Dry 2d	
Spectrasonics	Burning Grooves S.A.G.E. Xpander	Parts -> EXP Libraries -> Burning Grooves -> GRV Elements - Kicks Dry	100-Kick Dry 2e	
Spectrasonics	Burning Grooves S.A.G.E. Xpander	Parts -> EXP Libraries -> Burning Grooves -> GRV Elements - Kicks Dry	100-Kick Dry 3a	
Spectrasonics	Burning Grooves S.A.G.E. Xpander	Parts -> EXP Libraries -> Burning Grooves -> GRV Elements - Kicks Dry	100-Kick Dry 3b	
Spectrasonics	Burning Grooves S.A.G.E. Xpander	Parts -> EXP Libraries -> Burning Grooves -> GRV Elements - Kicks Dry	100-Kick Dry 4a	
Spectrasonics	Burning Grooves S.A.G.E. Xpander	Parts -> EXP Libraries -> Burning Grooves -> GRV Elements - Kicks Dry	100-Kick Dry 4b	
Spectrasonics	Burning Grooves S.A.G.E. Xpander	Parts -> EXP Libraries -> Burning Grooves -> GRV Elements - Kicks Dry	100-Kick Dry 5	
Spectrasonics	Burning Grooves S.A.G.E. Xpander	Parts -> EXP Libraries -> Burning Grooves -> GRV Elements - Kicks Giant	100-Kick Mondo a	
Spectrasonics	Burning Grooves S.A.G.E. Xpander	Parts -> EXP Libraries -> Burning Grooves -> GRV Elements - Kicks Giant	100-Kick Mondo b	
Spectrasonics	Burning Grooves S.A.G.E. Xpander	Parts -> EXP Libraries -> Burning Grooves -> GRV Elements - Kicks Giant	100-Kick Mondo c	
Spectrasonics	Burning Grooves S.A.G.E. Xpander	Parts -> EXP Libraries -> Burning Grooves -> GRV Elements - Kicks Giant	100-Kick Mondo d	
Spectrasonics	Burning Grooves S.A.G.E. Xpander	Parts -> EXP Libraries -> Burning Grooves -> GRV Elements - Kicks Giant	100-Kick Mondo e	
Spectrasonics	Burning Grooves S.A.G.E. Xpander	Parts -> EXP Libraries -> Burning Grooves -> GRV Elements - Kicks Giant	100-Kick Mondo f	
Spectrasonics	Burning Grooves S.A.G.E. Xpander	Parts -> EXP Libraries -> Burning Grooves -> GRV Elements - Kicks Giant	100-Kick Mondo g	
Spectrasonics	Burning Grooves S.A.G.E. Xpander	Parts -> EXP Libraries -> Burning Grooves -> GRV Elements - Kicks Giant	100-Kick Mondo h	
Spectrasonics	Burning Grooves S.A.G.E. Xpander	Parts -> EXP Libraries -> Burning Grooves -> GRV Elements - Kicks Giant	100-Kick Mondo i	
Spectrasonics	Burning Grooves S.A.G.E. Xpander	Parts -> EXP Libraries -> Burning Grooves -> GRV Elements - Kicks Giant	100-Kick Mondo j	
Spectrasonics	Burning Grooves S.A.G.E. Xpander	Parts -> EXP Libraries -> Burning Grooves -> GRV Elements - Kicks Giant	100-Kick Mondo k	
Spectrasonics	Burning Grooves S.A.G.E. Xpander	Parts -> EXP Libraries -> Burning Grooves -> GRV Elements - Kicks Giant	100-Kick Mondo l	
Spectrasonics	Burning Grooves S.A.G.E. Xpander	Parts -> EXP Libraries -> Burning Grooves -> GRV Elements - Kicks Giant	100-Kick Mondo m	
Spectrasonics	Burning Grooves S.A.G.E. Xpander	Parts -> EXP Libraries -> Burning Grooves -> GRV Elements - Kicks Giant	100-Kick Wham a	
Spectrasonics	Burning Grooves S.A.G.E. Xpander	Parts -> EXP Libraries -> Burning Grooves -> GRV Elements - Kicks Giant	100-Kick Wham b	
Spectrasonics	Burning Grooves S.A.G.E. Xpander	Parts -> EXP Libraries -> Burning Grooves -> GRV Elements - Kicks Giant	100-Kick Wham c	
Spectrasonics	Burning Grooves S.A.G.E. Xpander	Parts -> EXP Libraries -> Burning Grooves -> GRV Elements - Kicks Giant	100-Kick Wham d	
Spectrasonics	Burning Grooves S.A.G.E. Xpander	Parts -> EXP Libraries -> Burning Grooves -> GRV Elements - Kicks Giant	100-Kick Wham e	
Spectrasonics	Burning Grooves S.A.G.E. Xpander	Parts -> EXP Libraries -> Burning Grooves -> GRV Elements - Kicks Giant	100-Kick Wham f	
Spectrasonics	Burning Grooves S.A.G.E. Xpander	Parts -> EXP Libraries -> Burning Grooves -> GRV Elements - Kicks Roomy	100-Kick Roomy 1a	
Spectrasonics	Burning Grooves S.A.G.E. Xpander	Parts -> EXP Libraries -> Burning Grooves -> GRV Elements - Kicks Roomy	100-Kick Roomy 1b	
Spectrasonics	Burning Grooves S.A.G.E. Xpander	Parts -> EXP Libraries -> Burning Grooves -> GRV Elements - Kicks Roomy	100-Kick Roomy 1c	
Spectrasonics	Burning Grooves S.A.G.E. Xpander	Parts -> EXP Libraries -> Burning Grooves -> GRV Elements - Kicks Roomy	100-Kick Roomy 1d	
Spectrasonics	Burning Grooves S.A.G.E. Xpander	Parts -> EXP Libraries -> Burning Grooves -> GRV Elements - Kicks Roomy	100-Kick Roomy 1e	
Spectrasonics	Burning Grooves S.A.G.E. Xpander	Parts -> EXP Libraries -> Burning Grooves -> GRV Elements - Kicks Roomy	100-Kick Roomy 1f	
Spectrasonics	Burning Grooves S.A.G.E. Xpander	Parts -> EXP Libraries -> Burning Grooves -> GRV Elements - Kicks Roomy	100-Kick Roomy 1g	
Spectrasonics	Burning Grooves S.A.G.E. Xpander	Parts -> EXP Libraries -> Burning Grooves -> GRV Elements - Kicks Roomy	100-Kick Roomy 1h	
Spectrasonics	Burning Grooves S.A.G.E. Xpander	Parts -> EXP Libraries -> Burning Grooves -> GRV Elements - Kicks Roomy	100-Kick Roomy 1i	
Spectrasonics	Burning Grooves S.A.G.E. Xpander	Parts -> EXP Libraries -> Burning Grooves -> GRV Elements - Kicks Roomy	100-Kick Roomy 1j	
Spectrasonics	Burning Grooves S.A.G.E. Xpander	Parts -> EXP Libraries -> Burning Grooves -> GRV Elements - Kicks Roomy	100-Kick Roomy 1k	
Spectrasonics	Burning Grooves S.A.G.E. Xpander	Parts -> EXP Libraries -> Burning Grooves -> GRV Elements - Kicks Roomy	100-Kick Roomy 1l	
Spectrasonics	Burning Grooves S.A.G.E. Xpander	Parts -> EXP Libraries -> Burning Grooves -> GRV Elements - Kicks Roomy	100-Kick Roomy 1m	
Spectrasonics	Burning Grooves S.A.G.E. Xpander	Parts -> EXP Libraries -> Burning Grooves -> GRV Elements - Kicks Roomy	100-Kick Roomy 1n	
Spectrasonics	Burning Grooves S.A.G.E. Xpander	Parts -> EXP Libraries -> Burning Grooves -> GRV Elements - Kicks Roomy	100-Kick Roomy 1o	
Spectrasonics	Burning Grooves S.A.G.E. Xpander	Parts -> EXP Libraries -> Burning Grooves -> GRV Elements - Kicks Roomy	100-Kick Roomy 1p	
Spectrasonics	Burning Grooves S.A.G.E. Xpander	Parts -> EXP Libraries -> Burning Grooves -> GRV Elements - Kicks Roomy	100-Kick Roomy 2a	
Spectrasonics	Burning Grooves S.A.G.E. Xpander	Parts -> EXP Libraries -> Burning Grooves -> GRV Elements - Kicks Roomy	100-Kick Roomy 2b	
Spectrasonics	Burning Grooves S.A.G.E. Xpander	Parts -> EXP Libraries -> Burning Grooves -> GRV Elements - Kicks Roomy	100-Kick Roomy 2c	
Spectrasonics	Burning Grooves S.A.G.E. Xpander	Parts -> EXP Libraries -> Burning Grooves -> GRV Elements - Kicks Roomy	100-Kick Roomy 2d	
Spectrasonics	Burning Grooves S.A.G.E. Xpander	Parts -> EXP Libraries -> Burning Grooves -> GRV Elements - Kicks Roomy	100-Kick Roomy 2e	
Spectrasonics	Burning Grooves S.A.G.E. Xpander	Parts -> EXP Libraries -> Burning Grooves -> GRV Elements - Kicks Roomy	100-Kick Roomy 2f	
Spectrasonics	Burning Grooves S.A.G.E. Xpander	Parts -> EXP Libraries -> Burning Grooves -> GRV Elements - Kicks Roomy	100-Kick Roomy 2g	
Spectrasonics	Burning Grooves S.A.G.E. Xpander	Parts -> EXP Libraries -> Burning Grooves -> GRV Elements - Kicks Roomy	100-Kick Roomy 2h	
Spectrasonics	Burning Grooves S.A.G.E. Xpander	Parts -> EXP Libraries -> Burning Grooves -> GRV Elements - Kicks Roomy	100-Kick Roomy 2i	
Spectrasonics	Burning Grooves S.A.G.E. Xpander	Parts -> EXP Libraries -> Burning Grooves -> GRV Elements - Kicks Roomy	100-Kick Roomy 3a	
Spectrasonics	Burning Grooves S.A.G.E. Xpander	Parts -> EXP Libraries -> Burning Grooves -> GRV Elements - Kicks Roomy	100-Kick Roomy 3b	
Spectrasonics	Burning Grooves S.A.G.E. Xpander	Parts -> EXP Libraries -> Burning Grooves -> GRV Elements - Kicks Roomy	100-Kick Roomy 3c	
Spectrasonics	Burning Grooves S.A.G.E. Xpander	Parts -> EXP Libraries -> Burning Grooves -> GRV Elements - Kicks Roomy	100-Kick Roomy 3d	
Spectrasonics	Burning Grooves S.A.G.E. Xpander	Parts -> EXP Libraries -> Burning Grooves -> GRV Elements - Kicks Roomy	100-Kick Roomy 3e	
Spectrasonics	Burning Grooves S.A.G.E. Xpander	Parts -> EXP Libraries -> Burning Grooves -> GRV Elements - Kicks Roomy	100-Kick Roomy 3f	
Spectrasonics	Burning Grooves S.A.G.E. Xpander	Parts -> EXP Libraries -> Burning Grooves -> GRV Elements - Kicks Roomy	100-Kick Roomy 3g	
Spectrasonics	Burning Grooves S.A.G.E. Xpander	Parts -> EXP Libraries -> Burning Grooves -> GRV Elements - Kicks Vintage	100-Kick Vintage 1a	
Spectrasonics	Burning Grooves S.A.G.E. Xpander	Parts -> EXP Libraries -> Burning Grooves -> GRV Elements - Kicks Vintage	100-Kick Vintage 1b	
Spectrasonics	Burning Grooves S.A.G.E. Xpander	Parts -> EXP Libraries -> Burning Grooves -> GRV Elements - Kicks Vintage	100-Kick Vintage 2a	
Spectrasonics	Burning Grooves S.A.G.E. Xpander	Parts -> EXP Libraries -> Burning Grooves -> GRV Elements - Kicks Vintage	100-Kick Vintage 2b	
Spectrasonics	Burning Grooves S.A.G.E. Xpander	Parts -> EXP Libraries -> Burning Grooves -> GRV Elements - Kicks Vintage	100-Kick Vintage 2c	
Spectrasonics	Burning Grooves S.A.G.E. Xpander	Parts -> EXP Libraries -> Burning Grooves -> GRV Elements - Kicks Vintage	100-Kick Vintage 2d	
Spectrasonics	Burning Grooves S.A.G.E. Xpander	Parts -> EXP Libraries -> Burning Grooves -> GRV Elements - Kicks Vintage	100-Kick Vintage 2e	
Spectrasonics	Burning Grooves S.A.G.E. Xpander	Parts -> EXP Libraries -> Burning Grooves -> GRV Elements - Kicks Vintage	100-Kick Vintage 3a	
Spectrasonics	Burning Grooves S.A.G.E. Xpander	Parts -> EXP Libraries -> Burning Grooves -> GRV Elements - Kicks Vintage	100-Kick Vintage 3b	
Spectrasonics	Burning Grooves S.A.G.E. Xpander	Parts -> EXP Libraries -> Burning Grooves -> GRV Elements - Kicks Vintage	100-Kick Vintage 3c	
Spectrasonics	Burning Grooves S.A.G.E. Xpander	Parts -> EXP Libraries -> Burning Grooves -> GRV Elements - Kicks Vintage	100-Kick Vintage 3d	
Spectrasonics	Burning Grooves S.A.G.E. Xpander	Parts -> EXP Libraries -> Burning Grooves -> GRV Elements - Kicks Vintage	100-Kick Vintage 4a	
Spectrasonics	Burning Grooves S.A.G.E. Xpander	Parts -> EXP Libraries -> Burning Grooves -> GRV Elements - Kicks Vintage	100-Kick Vintage 4b	
Spectrasonics	Burning Grooves S.A.G.E. Xpander	Parts -> EXP Libraries -> Burning Grooves -> GRV Elements - Kicks Vintage	100-Kick Vintage 5a	
Spectrasonics	Burning Grooves S.A.G.E. Xpander	Parts -> EXP Libraries -> Burning Grooves -> GRV Elements - Kicks Vintage	100-Kick Vintage 5b	
Spectrasonics	Burning Grooves S.A.G.E. Xpander	Parts -> EXP Libraries -> Burning Grooves -> GRV Elements - Kicks Vintage	100-Kick Vintage 5c	
Spectrasonics	Burning Grooves S.A.G.E. Xpander	Parts -> EXP Libraries -> Burning Grooves -> GRV Elements - Kicks Vintage	100-Kick Vintage 6	
Spectrasonics	Burning Grooves S.A.G.E. Xpander	Parts -> EXP Libraries -> Burning Grooves -> GRV Elements - Rides	100-Medium Ride	
Spectrasonics	Burning Grooves S.A.G.E. Xpander	Parts -> EXP Libraries -> Burning Grooves -> GRV Elements - Rides	100-Medium Ride Bell a	
Spectrasonics	Burning Grooves S.A.G.E. Xpander	Parts -> EXP Libraries -> Burning Grooves -> GRV Elements - Rides	100-Medium Ride Bell b	
Spectrasonics	Burning Grooves S.A.G.E. Xpander	Parts -> EXP Libraries -> Burning Grooves -> GRV Elements - Rides	100-Medium Ride Bell c	
Spectrasonics	Burning Grooves S.A.G.E. Xpander	Parts -> EXP Libraries -> Burning Grooves -> GRV Elements - Rides	100-Medium Ride Bell d	
Spectrasonics	Burning Grooves S.A.G.E. Xpander	Parts -> EXP Libraries -> Burning Grooves -> GRV Elements - Rides	100-Medium Ride Bell e	
Spectrasonics	Burning Grooves S.A.G.E. Xpander	Parts -> EXP Libraries -> Burning Grooves -> GRV Elements - Rides	100-Medium Ride Bell f	
Spectrasonics	Burning Grooves S.A.G.E. Xpander	Parts -> EXP Libraries -> Burning Grooves -> GRV Elements - Rides	100-Medium Ride Bell g	
Spectrasonics	Burning Grooves S.A.G.E. Xpander	Parts -> EXP Libraries -> Burning Grooves -> GRV Elements - Rides	100-Sizzle Ride	
Spectrasonics	Burning Grooves S.A.G.E. Xpander	Parts -> EXP Libraries -> Burning Grooves -> GRV Elements - Rides	100-Small Ride a	
Spectrasonics	Burning Grooves S.A.G.E. Xpander	Parts -> EXP Libraries -> Burning Grooves -> GRV Elements - Rides	100-Small Ride b	
Spectrasonics	Burning Grooves S.A.G.E. Xpander	Parts -> EXP Libraries -> Burning Grooves -> GRV Elements - Rides	100-Thin Ride a	
Spectrasonics	Burning Grooves S.A.G.E. Xpander	Parts -> EXP Libraries -> Burning Grooves -> GRV Elements - Rides	100-Thin Ride b	
Spectrasonics	Burning Grooves S.A.G.E. Xpander	Parts -> EXP Libraries -> Burning Grooves -> GRV Elements - Sidesticks	100-Sidestick  1	
Spectrasonics	Burning Grooves S.A.G.E. Xpander	Parts -> EXP Libraries -> Burning Grooves -> GRV Elements - Sidesticks	100-Sidestick  2	
Spectrasonics	Burning Grooves S.A.G.E. Xpander	Parts -> EXP Libraries -> Burning Grooves -> GRV Elements - Sidesticks	100-Sidestick  3	
Spectrasonics	Burning Grooves S.A.G.E. Xpander	Parts -> EXP Libraries -> Burning Grooves -> GRV Elements - Sidesticks	100-Sidestick  4	
Spectrasonics	Burning Grooves S.A.G.E. Xpander	Parts -> EXP Libraries -> Burning Grooves -> GRV Elements - Sidesticks	100-Sidestick  5	
Spectrasonics	Burning Grooves S.A.G.E. Xpander	Parts -> EXP Libraries -> Burning Grooves -> GRV Elements - Sidesticks	100-Sidestick  6	
Spectrasonics	Burning Grooves S.A.G.E. Xpander	Parts -> EXP Libraries -> Burning Grooves -> GRV Elements - Sidesticks	100-Sidestick  7	
Spectrasonics	Burning Grooves S.A.G.E. Xpander	Parts -> EXP Libraries -> Burning Grooves -> GRV Elements - Sidesticks	100-Sidestick  8	
Spectrasonics	Burning Grooves S.A.G.E. Xpander	Parts -> EXP Libraries -> Burning Grooves -> GRV Elements - Sidesticks	100-Sidestick  9	
Spectrasonics	Burning Grooves S.A.G.E. Xpander	Parts -> EXP Libraries -> Burning Grooves -> GRV Elements - Sidesticks	100-Sidestick 10	
Spectrasonics	Burning Grooves S.A.G.E. Xpander	Parts -> EXP Libraries -> Burning Grooves -> GRV Elements - Sidesticks	100-Sidestick 11	
Spectrasonics	Burning Grooves S.A.G.E. Xpander	Parts -> EXP Libraries -> Burning Grooves -> GRV Elements - Sidesticks	100-Sidestick 12	
Spectrasonics	Burning Grooves S.A.G.E. Xpander	Parts -> EXP Libraries -> Burning Grooves -> GRV Elements - Sidesticks	100-Sidestick 13	
Spectrasonics	Burning Grooves S.A.G.E. Xpander	Parts -> EXP Libraries -> Burning Grooves -> GRV Elements - Sidesticks	100-Sidestick 14	
Spectrasonics	Burning Grooves S.A.G.E. Xpander	Parts -> EXP Libraries -> Burning Grooves -> GRV Elements - Sidesticks	100-Sidestick 15	
Spectrasonics	Burning Grooves S.A.G.E. Xpander	Parts -> EXP Libraries -> Burning Grooves -> GRV Elements - Sidesticks	100-Sidestick 16	
Spectrasonics	Burning Grooves S.A.G.E. Xpander	Parts -> EXP Libraries -> Burning Grooves -> GRV Elements - Sidesticks	100-Sidestick 17	
Spectrasonics	Burning Grooves S.A.G.E. Xpander	Parts -> EXP Libraries -> Burning Grooves -> GRV Elements - Sidesticks	100-Sidestick 18	
Spectrasonics	Burning Grooves S.A.G.E. Xpander	Parts -> EXP Libraries -> Burning Grooves -> GRV Elements - Sidesticks	100-Sidestick 19	
Spectrasonics	Burning Grooves S.A.G.E. Xpander	Parts -> EXP Libraries -> Burning Grooves -> GRV Elements - Sidesticks	100-Sidestick 20	
Spectrasonics	Burning Grooves S.A.G.E. Xpander	Parts -> EXP Libraries -> Burning Grooves -> GRV Elements - Sidesticks	100-Sidestick 21	
Spectrasonics	Burning Grooves S.A.G.E. Xpander	Parts -> EXP Libraries -> Burning Grooves -> GRV Elements - Sidesticks	100-Sidestick 22	
Spectrasonics	Burning Grooves S.A.G.E. Xpander	Parts -> EXP Libraries -> Burning Grooves -> GRV Elements - Sidesticks	100-Sidestick 23	
Spectrasonics	Burning Grooves S.A.G.E. Xpander	Parts -> EXP Libraries -> Burning Grooves -> GRV Elements - Sidesticks	100-Sidestick 24	
Spectrasonics	Burning Grooves S.A.G.E. Xpander	Parts -> EXP Libraries -> Burning Grooves -> GRV Elements - Sidesticks	100-Sidestick 25	
Spectrasonics	Burning Grooves S.A.G.E. Xpander	Parts -> EXP Libraries -> Burning Grooves -> GRV Elements - Sidesticks	100-Sidestick 26	
Spectrasonics	Burning Grooves S.A.G.E. Xpander	Parts -> EXP Libraries -> Burning Grooves -> GRV Elements - Sidesticks	100-Sidestick 27	
Spectrasonics	Burning Grooves S.A.G.E. Xpander	Parts -> EXP Libraries -> Burning Grooves -> GRV Elements - Sidesticks	100-Sidestick 28	
Spectrasonics	Burning Grooves S.A.G.E. Xpander	Parts -> EXP Libraries -> Burning Grooves -> GRV Elements - Sidesticks	100-Sidestick 29	
Spectrasonics	Burning Grooves S.A.G.E. Xpander	Parts -> EXP Libraries -> Burning Grooves -> GRV Elements - Sidesticks	100-Sidestick 30	
Spectrasonics	Burning Grooves S.A.G.E. Xpander	Parts -> EXP Libraries -> Burning Grooves -> GRV Elements - Sidesticks	100-Sidestick 31	
Spectrasonics	Burning Grooves S.A.G.E. Xpander	Parts -> EXP Libraries -> Burning Grooves -> GRV Elements - Snares Ambient	100-Snare Ambient a	
Spectrasonics	Burning Grooves S.A.G.E. Xpander	Parts -> EXP Libraries -> Burning Grooves -> GRV Elements - Snares Ambient	100-Snare Ambient b	
Spectrasonics	Burning Grooves S.A.G.E. Xpander	Parts -> EXP Libraries -> Burning Grooves -> GRV Elements - Snares Ambient	100-Snare Ambient c	
Spectrasonics	Burning Grooves S.A.G.E. Xpander	Parts -> EXP Libraries -> Burning Grooves -> GRV Elements - Snares Ambient	100-Snare Ambient d	
Spectrasonics	Burning Grooves S.A.G.E. Xpander	Parts -> EXP Libraries -> Burning Grooves -> GRV Elements - Snares Big Rock	100-Snare Big Rock 1a	
Spectrasonics	Burning Grooves S.A.G.E. Xpander	Parts -> EXP Libraries -> Burning Grooves -> GRV Elements - Snares Big Rock	100-Snare Big Rock 1b	
Spectrasonics	Burning Grooves S.A.G.E. Xpander	Parts -> EXP Libraries -> Burning Grooves -> GRV Elements - Snares Big Rock	100-Snare Big Rock 1c	
Spectrasonics	Burning Grooves S.A.G.E. Xpander	Parts -> EXP Libraries -> Burning Grooves -> GRV Elements - Snares Big Rock	100-Snare Big Rock 1d Halftime	
Spectrasonics	Burning Grooves S.A.G.E. Xpander	Parts -> EXP Libraries -> Burning Grooves -> GRV Elements - Snares Big Rock	100-Snare Big Rock 2	
Spectrasonics	Burning Grooves S.A.G.E. Xpander	Parts -> EXP Libraries -> Burning Grooves -> GRV Elements - Snares Burning	100-Snare Burning Edge a	
Spectrasonics	Burning Grooves S.A.G.E. Xpander	Parts -> EXP Libraries -> Burning Grooves -> GRV Elements - Snares Burning	100-Snare Burning Edge b	
Spectrasonics	Burning Grooves S.A.G.E. Xpander	Parts -> EXP Libraries -> Burning Grooves -> GRV Elements - Snares Burning	100-Snare Burning Impact 1a	
Spectrasonics	Burning Grooves S.A.G.E. Xpander	Parts -> EXP Libraries -> Burning Grooves -> GRV Elements - Snares Burning	100-Snare Burning Impact 1b	
Spectrasonics	Burning Grooves S.A.G.E. Xpander	Parts -> EXP Libraries -> Burning Grooves -> GRV Elements - Snares Burning	100-Snare Burning Impact 1c	
Spectrasonics	Burning Grooves S.A.G.E. Xpander	Parts -> EXP Libraries -> Burning Grooves -> GRV Elements - Snares Burning	100-Snare Burning Impact 1d	
Spectrasonics	Burning Grooves S.A.G.E. Xpander	Parts -> EXP Libraries -> Burning Grooves -> GRV Elements - Snares Burning	100-Snare Burning Impact 1e	
Spectrasonics	Burning Grooves S.A.G.E. Xpander	Parts -> EXP Libraries -> Burning Grooves -> GRV Elements - Snares Burning	100-Snare Burning Impact 1f	
Spectrasonics	Burning Grooves S.A.G.E. Xpander	Parts -> EXP Libraries -> Burning Grooves -> GRV Elements - Snares Burning	100-Snare Burning Impact 1g	
Spectrasonics	Burning Grooves S.A.G.E. Xpander	Parts -> EXP Libraries -> Burning Grooves -> GRV Elements - Snares Burning	100-Snare Burning Impact 2a	
Spectrasonics	Burning Grooves S.A.G.E. Xpander	Parts -> EXP Libraries -> Burning Grooves -> GRV Elements - Snares Burning	100-Snare Burning Impact 2b	
Spectrasonics	Burning Grooves S.A.G.E. Xpander	Parts -> EXP Libraries -> Burning Grooves -> GRV Elements - Snares Burning	100-Snare Burning Impact 2c	
Spectrasonics	Burning Grooves S.A.G.E. Xpander	Parts -> EXP Libraries -> Burning Grooves -> GRV Elements - Snares Burning	100-Snare Burning Impact 2d	
Spectrasonics	Burning Grooves S.A.G.E. Xpander	Parts -> EXP Libraries -> Burning Grooves -> GRV Elements - Snares Burning	100-Snare Burning Impact 3a	
Spectrasonics	Burning Grooves S.A.G.E. Xpander	Parts -> EXP Libraries -> Burning Grooves -> GRV Elements - Snares Burning	100-Snare Burning Impact 3b	
Spectrasonics	Burning Grooves S.A.G.E. Xpander	Parts -> EXP Libraries -> Burning Grooves -> GRV Elements - Snares Burning	100-Snare Burning Impact 3c	
Spectrasonics	Burning Grooves S.A.G.E. Xpander	Parts -> EXP Libraries -> Burning Grooves -> GRV Elements - Snares Burning	100-Snare Burning Metal a	
Spectrasonics	Burning Grooves S.A.G.E. Xpander	Parts -> EXP Libraries -> Burning Grooves -> GRV Elements - Snares Burning	100-Snare Burning Metal b	
Spectrasonics	Burning Grooves S.A.G.E. Xpander	Parts -> EXP Libraries -> Burning Grooves -> GRV Elements - Snares Burning	100-Snare Burning Metal c	
Spectrasonics	Burning Grooves S.A.G.E. Xpander	Parts -> EXP Libraries -> Burning Grooves -> GRV Elements - Snares Burning	100-Snare Burning Owww a	
Spectrasonics	Burning Grooves S.A.G.E. Xpander	Parts -> EXP Libraries -> Burning Grooves -> GRV Elements - Snares Burning	100-Snare Burning Owww b	
Spectrasonics	Burning Grooves S.A.G.E. Xpander	Parts -> EXP Libraries -> Burning Grooves -> GRV Elements - Snares Burning	100-Snare Burning Owww c	
Spectrasonics	Burning Grooves S.A.G.E. Xpander	Parts -> EXP Libraries -> Burning Grooves -> GRV Elements - Snares Burning	100-Snare Burning Owww d	
Spectrasonics	Burning Grooves S.A.G.E. Xpander	Parts -> EXP Libraries -> Burning Grooves -> GRV Elements - Snares Burning	100-Snare Burning Ping a	
Spectrasonics	Burning Grooves S.A.G.E. Xpander	Parts -> EXP Libraries -> Burning Grooves -> GRV Elements - Snares Burning	100-Snare Burning Ping b	
Spectrasonics	Burning Grooves S.A.G.E. Xpander	Parts -> EXP Libraries -> Burning Grooves -> GRV Elements - Snares Burning	100-Snare Burning Ring a	
Spectrasonics	Burning Grooves S.A.G.E. Xpander	Parts -> EXP Libraries -> Burning Grooves -> GRV Elements - Snares Burning	100-Snare Burning Ring b	
Spectrasonics	Burning Grooves S.A.G.E. Xpander	Parts -> EXP Libraries -> Burning Grooves -> GRV Elements - Snares Burning	100-Snare Burning Ring c	
Spectrasonics	Burning Grooves S.A.G.E. Xpander	Parts -> EXP Libraries -> Burning Grooves -> GRV Elements - Snares Burning	100-Snare Burning Ring d	
Spectrasonics	Burning Grooves S.A.G.E. Xpander	Parts -> EXP Libraries -> Burning Grooves -> GRV Elements - Snares Burning	100-Snare Burning Ring e	
Spectrasonics	Burning Grooves S.A.G.E. Xpander	Parts -> EXP Libraries -> Burning Grooves -> GRV Elements - Snares Burning	100-Snare Burning Sing a	
Spectrasonics	Burning Grooves S.A.G.E. Xpander	Parts -> EXP Libraries -> Burning Grooves -> GRV Elements - Snares Burning	100-Snare Burning Sing b	
Spectrasonics	Burning Grooves S.A.G.E. Xpander	Parts -> EXP Libraries -> Burning Grooves -> GRV Elements - Snares Burning	100-Snare Burning Sing c	
Spectrasonics	Burning Grooves S.A.G.E. Xpander	Parts -> EXP Libraries -> Burning Grooves -> GRV Elements - Snares Burning	100-Snare Burning Sing d	
Spectrasonics	Burning Grooves S.A.G.E. Xpander	Parts -> EXP Libraries -> Burning Grooves -> GRV Elements - Snares Burning	100-Snare Burning Trash	
Spectrasonics	Burning Grooves S.A.G.E. Xpander	Parts -> EXP Libraries -> Burning Grooves -> GRV Elements - Snares Fat	100-Snare Fat Dry 1a	
Spectrasonics	Burning Grooves S.A.G.E. Xpander	Parts -> EXP Libraries -> Burning Grooves -> GRV Elements - Snares Fat	100-Snare Fat Dry 1b	
Spectrasonics	Burning Grooves S.A.G.E. Xpander	Parts -> EXP Libraries -> Burning Grooves -> GRV Elements - Snares Fat	100-Snare Fat Dry 1c	
Spectrasonics	Burning Grooves S.A.G.E. Xpander	Parts -> EXP Libraries -> Burning Grooves -> GRV Elements - Snares Fat	100-Snare Fat Dry 1d	
Spectrasonics	Burning Grooves S.A.G.E. Xpander	Parts -> EXP Libraries -> Burning Grooves -> GRV Elements - Snares Fat	100-Snare Fat Dry 1e	
Spectrasonics	Burning Grooves S.A.G.E. Xpander	Parts -> EXP Libraries -> Burning Grooves -> GRV Elements - Snares Fat	100-Snare Fat Dry 2a	
Spectrasonics	Burning Grooves S.A.G.E. Xpander	Parts -> EXP Libraries -> Burning Grooves -> GRV Elements - Snares Fat	100-Snare Fat Dry 2b	
Spectrasonics	Burning Grooves S.A.G.E. Xpander	Parts -> EXP Libraries -> Burning Grooves -> GRV Elements - Snares Fat	100-Snare Fat Dry 2c	
Spectrasonics	Burning Grooves S.A.G.E. Xpander	Parts -> EXP Libraries -> Burning Grooves -> GRV Elements - Snares Fat	100-Snare Fat Dry 2d	
Spectrasonics	Burning Grooves S.A.G.E. Xpander	Parts -> EXP Libraries -> Burning Grooves -> GRV Elements - Snares Fat	100-Snare Fat Hi Room a	
Spectrasonics	Burning Grooves S.A.G.E. Xpander	Parts -> EXP Libraries -> Burning Grooves -> GRV Elements - Snares Fat	100-Snare Fat Hi Room b	
Spectrasonics	Burning Grooves S.A.G.E. Xpander	Parts -> EXP Libraries -> Burning Grooves -> GRV Elements - Snares Fat	100-Snare Fat Hi Room c	
Spectrasonics	Burning Grooves S.A.G.E. Xpander	Parts -> EXP Libraries -> Burning Grooves -> GRV Elements - Snares Fat	100-Snare Fat Hi Room d	
Spectrasonics	Burning Grooves S.A.G.E. Xpander	Parts -> EXP Libraries -> Burning Grooves -> GRV Elements - Snares Fat	100-Snare Fat Hi Room e	
Spectrasonics	Burning Grooves S.A.G.E. Xpander	Parts -> EXP Libraries -> Burning Grooves -> GRV Elements - Snares Fat	100-Snare Fat Hi Room f	
Spectrasonics	Burning Grooves S.A.G.E. Xpander	Parts -> EXP Libraries -> Burning Grooves -> GRV Elements - Snares Fat	100-Snare Fat Ring a	
Spectrasonics	Burning Grooves S.A.G.E. Xpander	Parts -> EXP Libraries -> Burning Grooves -> GRV Elements - Snares Fat	100-Snare Fat Ring b	
Spectrasonics	Burning Grooves S.A.G.E. Xpander	Parts -> EXP Libraries -> Burning Grooves -> GRV Elements - Snares Fat	100-Snare Fat Ring c	
Spectrasonics	Burning Grooves S.A.G.E. Xpander	Parts -> EXP Libraries -> Burning Grooves -> GRV Elements - Snares Fat	100-Snare Fat Ring Halftime	
Spectrasonics	Burning Grooves S.A.G.E. Xpander	Parts -> EXP Libraries -> Burning Grooves -> GRV Elements - Snares Fat	100-Snare Fat Wet a	
Spectrasonics	Burning Grooves S.A.G.E. Xpander	Parts -> EXP Libraries -> Burning Grooves -> GRV Elements - Snares Fat	100-Snare Fat Wet b	
Spectrasonics	Burning Grooves S.A.G.E. Xpander	Parts -> EXP Libraries -> Burning Grooves -> GRV Elements - Snares Piccolo	100-Snare Piccolo a	
Spectrasonics	Burning Grooves S.A.G.E. Xpander	Parts -> EXP Libraries -> Burning Grooves -> GRV Elements - Snares Piccolo	100-Snare Piccolo b	
Spectrasonics	Burning Grooves S.A.G.E. Xpander	Parts -> EXP Libraries -> Burning Grooves -> GRV Elements - Snares Piccolo	100-Snare Piccolo c	
Spectrasonics	Burning Grooves S.A.G.E. Xpander	Parts -> EXP Libraries -> Burning Grooves -> GRV Elements - Snares Piccolo	100-Snare Piccolo d	
Spectrasonics	Burning Grooves S.A.G.E. Xpander	Parts -> EXP Libraries -> Burning Grooves -> GRV Elements - Snares Piccolo	100-Snare Piccolo e	
Spectrasonics	Burning Grooves S.A.G.E. Xpander	Parts -> EXP Libraries -> Burning Grooves -> GRV Elements - Snares Piccolo	100-Snare Piccolo f	
Spectrasonics	Burning Grooves S.A.G.E. Xpander	Parts -> EXP Libraries -> Burning Grooves -> GRV Elements - Snares Piccolo	100-Snare Piccolo g	
Spectrasonics	Burning Grooves S.A.G.E. Xpander	Parts -> EXP Libraries -> Burning Grooves -> GRV Elements - Snares Piccolo	100-Snare Piccolo h	
Spectrasonics	Burning Grooves S.A.G.E. Xpander	Parts -> EXP Libraries -> Burning Grooves -> GRV Elements - Snares Piccolo	100-Snare Tite a	
Spectrasonics	Burning Grooves S.A.G.E. Xpander	Parts -> EXP Libraries -> Burning Grooves -> GRV Elements - Snares Piccolo	100-Snare Tite b	
Spectrasonics	Burning Grooves S.A.G.E. Xpander	Parts -> EXP Libraries -> Burning Grooves -> GRV Elements - Snares Piccolo	100-Snare Tite c	
Spectrasonics	Burning Grooves S.A.G.E. Xpander	Parts -> EXP Libraries -> Burning Grooves -> GRV Elements - Snares Piccolo	100-Snare Tite d	
Spectrasonics	Burning Grooves S.A.G.E. Xpander	Parts -> EXP Libraries -> Burning Grooves -> GRV Elements - Snares Piccolo	100-Snare Tite e	
Spectrasonics	Burning Grooves S.A.G.E. Xpander	Parts -> EXP Libraries -> Burning Grooves -> GRV Elements - Snares Piccolo	100-Snare Tite f	
Spectrasonics	Burning Grooves S.A.G.E. Xpander	Parts -> EXP Libraries -> Burning Grooves -> GRV Elements - Snares Piccolo	100-Snare Tite g	
Spectrasonics	Burning Grooves S.A.G.E. Xpander	Parts -> EXP Libraries -> Burning Grooves -> GRV Elements - Snares Piccolo	100-Snare Tite h	
Spectrasonics	Burning Grooves S.A.G.E. Xpander	Parts -> EXP Libraries -> Burning Grooves -> GRV Elements - Snares Pop	100-Snare Pop 1a	
Spectrasonics	Burning Grooves S.A.G.E. Xpander	Parts -> EXP Libraries -> Burning Grooves -> GRV Elements - Snares Pop	100-Snare Pop 1b	
Spectrasonics	Burning Grooves S.A.G.E. Xpander	Parts -> EXP Libraries -> Burning Grooves -> GRV Elements - Snares Pop	100-Snare Pop 1c	
Spectrasonics	Burning Grooves S.A.G.E. Xpander	Parts -> EXP Libraries -> Burning Grooves -> GRV Elements - Snares Pop	100-Snare Pop 1d	
Spectrasonics	Burning Grooves S.A.G.E. Xpander	Parts -> EXP Libraries -> Burning Grooves -> GRV Elements - Snares Pop	100-Snare Pop 1e	
Spectrasonics	Burning Grooves S.A.G.E. Xpander	Parts -> EXP Libraries -> Burning Grooves -> GRV Elements - Snares Pop	100-Snare Pop 1f	
Spectrasonics	Burning Grooves S.A.G.E. Xpander	Parts -> EXP Libraries -> Burning Grooves -> GRV Elements - Snares Pop	100-Snare Pop 1g	
Spectrasonics	Burning Grooves S.A.G.E. Xpander	Parts -> EXP Libraries -> Burning Grooves -> GRV Elements - Snares Pop	100-Snare Pop 1h	
Spectrasonics	Burning Grooves S.A.G.E. Xpander	Parts -> EXP Libraries -> Burning Grooves -> GRV Elements - Snares Pop	100-Snare Pop 1i	
Spectrasonics	Burning Grooves S.A.G.E. Xpander	Parts -> EXP Libraries -> Burning Grooves -> GRV Elements - Snares Pop	100-Snare Pop 2	
Spectrasonics	Burning Grooves S.A.G.E. Xpander	Parts -> EXP Libraries -> Burning Grooves -> GRV Elements - Snares Studio	100-Snare Studio a	
Spectrasonics	Burning Grooves S.A.G.E. Xpander	Parts -> EXP Libraries -> Burning Grooves -> GRV Elements - Snares Studio	100-Snare Studio b	
Spectrasonics	Burning Grooves S.A.G.E. Xpander	Parts -> EXP Libraries -> Burning Grooves -> GRV Elements - Snares Studio	100-Snare Studio c	
Spectrasonics	Burning Grooves S.A.G.E. Xpander	Parts -> EXP Libraries -> Burning Grooves -> GRV Elements - Snares Studio	100-Snare Studio d	
Spectrasonics	Burning Grooves S.A.G.E. Xpander	Parts -> EXP Libraries -> Burning Grooves -> GRV Elements - Snares Studio	100-Snare Studio e	
Spectrasonics	Burning Grooves S.A.G.E. Xpander	Parts -> EXP Libraries -> Burning Grooves -> GRV Elements - Snares Studio	100-Snare Studio f	
Spectrasonics	Burning Grooves S.A.G.E. Xpander	Parts -> EXP Libraries -> Burning Grooves -> GRV Elements - Snares Wood	100-Snare Wood a	
Spectrasonics	Burning Grooves S.A.G.E. Xpander	Parts -> EXP Libraries -> Burning Grooves -> GRV Elements - Snares Wood	100-Snare Wood b	
Spectrasonics	Burning Grooves S.A.G.E. Xpander	Parts -> EXP Libraries -> Burning Grooves -> GRV Elements - Snares Wood	100-Snare Wood c	
Spectrasonics	Burning Grooves S.A.G.E. Xpander	Parts -> EXP Libraries -> Burning Grooves -> GRV Elements - Snares Wood	100-Snare Wood d	
Spectrasonics	Burning Grooves S.A.G.E. Xpander	Parts -> EXP Libraries -> Burning Grooves -> GRV Elements - Snares Wood	100-Snare Wood e	
Spectrasonics	Burning Grooves S.A.G.E. Xpander	Parts -> EXP Libraries -> Burning Grooves -> GRV Elements - Snares Wood	100-Snare Wood Soul a	
Spectrasonics	Burning Grooves S.A.G.E. Xpander	Parts -> EXP Libraries -> Burning Grooves -> GRV Elements - Snares Wood	100-Snare Wood Soul b	
Spectrasonics	Burning Grooves S.A.G.E. Xpander	Parts -> EXP Libraries -> Burning Grooves -> Odd Time 12\8 Grooves	64-12\8 Cadence 1	
Spectrasonics	Burning Grooves S.A.G.E. Xpander	Parts -> EXP Libraries -> Burning Grooves -> Odd Time 12\8 Grooves	64-12\8 Cadence 2	
Spectrasonics	Burning Grooves S.A.G.E. Xpander	Parts -> EXP Libraries -> Burning Grooves -> Odd Time 12\8 Grooves	64-12\8 Cadence 3	
Spectrasonics	Burning Grooves S.A.G.E. Xpander	Parts -> EXP Libraries -> Burning Grooves -> Odd Time 3\4 Grooves	186-3\4 Rocker	
Spectrasonics	Burning Grooves S.A.G.E. Xpander	Parts -> EXP Libraries -> Burning Grooves -> Odd Time 3\4 Grooves	186-3\4 Rocker No Kick	
Spectrasonics	Burning Grooves S.A.G.E. Xpander	Parts -> EXP Libraries -> Burning Grooves -> Odd Time 3\4 Grooves	186-3\4 Rocker No Snare	
Spectrasonics	Burning Grooves S.A.G.E. Xpander	Parts -> EXP Libraries -> Burning Grooves -> Odd Time 3\4 Grooves	188-3\4 Madness	
Spectrasonics	Burning Grooves S.A.G.E. Xpander	Parts -> EXP Libraries -> Burning Grooves -> Odd Time 3\4 Grooves	188-3\4 Madness No Kick	
Spectrasonics	Burning Grooves S.A.G.E. Xpander	Parts -> EXP Libraries -> Burning Grooves -> Odd Time 3\4 Grooves	188-3\4 Madness No Snare	
Spectrasonics	Burning Grooves S.A.G.E. Xpander	Parts -> EXP Libraries -> Burning Grooves -> Odd Time 5\4 Grooves	175-5\4 Slam 1	
Spectrasonics	Burning Grooves S.A.G.E. Xpander	Parts -> EXP Libraries -> Burning Grooves -> Odd Time 5\4 Grooves	175-5\4 Slam 2	
Spectrasonics	Burning Grooves S.A.G.E. Xpander	Parts -> EXP Libraries -> Burning Grooves -> Odd Time 5\4 Grooves	175-5\4 Slam Fill	
Spectrasonics	Burning Grooves S.A.G.E. Xpander	Parts -> EXP Libraries -> Burning Grooves -> Odd Time 5\4 Grooves	175-5\4 Slam No Kick	
Spectrasonics	Burning Grooves S.A.G.E. Xpander	Parts -> EXP Libraries -> Burning Grooves -> Odd Time 5\4 Grooves	175-5\4 Slam No Snare	
Spectrasonics	Burning Grooves S.A.G.E. Xpander	Parts -> EXP Libraries -> Burning Grooves -> Odd Time 6\4 Grooves	155-6\4 Blaze	
Spectrasonics	Burning Grooves S.A.G.E. Xpander	Parts -> EXP Libraries -> Burning Grooves -> Odd Time 6\4 Grooves	155-6\4 Blaze No Kick	
Spectrasonics	Burning Grooves S.A.G.E. Xpander	Parts -> EXP Libraries -> Burning Grooves -> Odd Time 6\4 Grooves	155-6\4 Blaze No Snare	
Spectrasonics	Burning Grooves S.A.G.E. Xpander	Parts -> EXP Libraries -> Burning Grooves -> Odd Time 6\4 Grooves	156-6\4 Crack	
Spectrasonics	Burning Grooves S.A.G.E. Xpander	Parts -> EXP Libraries -> Burning Grooves -> Odd Time 6\4 Grooves	156-6\4 Crack No Kick	
Spectrasonics	Burning Grooves S.A.G.E. Xpander	Parts -> EXP Libraries -> Burning Grooves -> Odd Time 6\4 Grooves	156-6\4 Crack No Snare	
Spectrasonics	Burning Grooves S.A.G.E. Xpander	Parts -> EXP Libraries -> Burning Grooves -> Odd Time 6\8 Grooves	61-6\8 Ballad	
Spectrasonics	Burning Grooves S.A.G.E. Xpander	Parts -> EXP Libraries -> Burning Grooves -> Odd Time 6\8 Grooves	61-6\8 Ballad Fill Bar	
Spectrasonics	Burning Grooves S.A.G.E. Xpander	Parts -> EXP Libraries -> Burning Grooves -> Odd Time 6\8 Grooves	61-6\8 Ballad No Kick	
Spectrasonics	Burning Grooves S.A.G.E. Xpander	Parts -> EXP Libraries -> Burning Grooves -> Odd Time 6\8 Grooves	61-6\8 Ballad No Snare	
Spectrasonics	Burning Grooves S.A.G.E. Xpander	Parts -> EXP Libraries -> Burning Grooves -> Odd Time 6\8 Grooves	93-6\8 Rocker 1	
Spectrasonics	Burning Grooves S.A.G.E. Xpander	Parts -> EXP Libraries -> Burning Grooves -> Odd Time 6\8 Grooves	93-6\8 Rocker 1 No Kick	
Spectrasonics	Burning Grooves S.A.G.E. Xpander	Parts -> EXP Libraries -> Burning Grooves -> Odd Time 6\8 Grooves	93-6\8 Rocker 1 No Snare	
Spectrasonics	Burning Grooves S.A.G.E. Xpander	Parts -> EXP Libraries -> Burning Grooves -> Odd Time 6\8 Grooves	93-6\8 Rocker 2	
Spectrasonics	Burning Grooves S.A.G.E. Xpander	Parts -> EXP Libraries -> Burning Grooves -> Odd Time 6\8 Grooves	93-6\8 Rocker 2 No Kick	
Spectrasonics	Burning Grooves S.A.G.E. Xpander	Parts -> EXP Libraries -> Burning Grooves -> Odd Time 6\8 Grooves	93-6\8 Rocker 2 No Snare	
Spectrasonics	Burning Grooves S.A.G.E. Xpander	Parts -> EXP Libraries -> Burning Grooves -> Odd Time 6\8 Grooves	94-6\8 Madness	
Spectrasonics	Burning Grooves S.A.G.E. Xpander	Parts -> EXP Libraries -> Burning Grooves -> Odd Time 6\8 Grooves	94-6\8 Madness No Kick	
Spectrasonics	Burning Grooves S.A.G.E. Xpander	Parts -> EXP Libraries -> Burning Grooves -> Odd Time 6\8 Grooves	94-6\8 Madness No Snare	
Spectrasonics	Burning Grooves S.A.G.E. Xpander	Parts -> EXP Libraries -> Burning Grooves -> Odd Time 6\8 Grooves	102-6\8 Procession 1	
Spectrasonics	Burning Grooves S.A.G.E. Xpander	Parts -> EXP Libraries -> Burning Grooves -> Odd Time 6\8 Grooves	102-6\8 Procession 2	
Spectrasonics	Burning Grooves S.A.G.E. Xpander	Parts -> EXP Libraries -> Burning Grooves -> Odd Time 6\8 Grooves	102-6\8 Procession 3	
Spectrasonics	Burning Grooves S.A.G.E. Xpander	Parts -> EXP Libraries -> Burning Grooves -> Odd Time 6\8 Grooves	102-6\8 Procession No Kick	
Spectrasonics	Burning Grooves S.A.G.E. Xpander	Parts -> EXP Libraries -> Burning Grooves -> Odd Time 6\8 Grooves	114-6\8 Energize 1	
Spectrasonics	Burning Grooves S.A.G.E. Xpander	Parts -> EXP Libraries -> Burning Grooves -> Odd Time 6\8 Grooves	114-6\8 Energize 2	
Spectrasonics	Burning Grooves S.A.G.E. Xpander	Parts -> EXP Libraries -> Burning Grooves -> Odd Time 6\8 Grooves	114-6\8 Energize Fill	
Spectrasonics	Burning Grooves S.A.G.E. Xpander	Parts -> EXP Libraries -> Burning Grooves -> Odd Time 6\8 Grooves	114-6\8 Energize No Kick	
Spectrasonics	Burning Grooves S.A.G.E. Xpander	Parts -> EXP Libraries -> Burning Grooves -> Odd Time 6\8 Grooves	114-6\8 Energize No Snare	
Spectrasonics	Burning Grooves S.A.G.E. Xpander	Parts -> EXP Libraries -> Burning Grooves -> Odd Time 7\4 Grooves	126-7\4 Beef 1	
Spectrasonics	Burning Grooves S.A.G.E. Xpander	Parts -> EXP Libraries -> Burning Grooves -> Odd Time 7\4 Grooves	126-7\4 Beef 2	
Spectrasonics	Burning Grooves S.A.G.E. Xpander	Parts -> EXP Libraries -> Burning Grooves -> Odd Time 7\4 Grooves	126-7\4 Beef 3	
Spectrasonics	Burning Grooves S.A.G.E. Xpander	Parts -> EXP Libraries -> Burning Grooves -> Odd Time 7\4 Grooves	126-7\4 Beef 4	
Spectrasonics	Burning Grooves S.A.G.E. Xpander	Parts -> EXP Libraries -> Burning Grooves -> Odd Time 7\4 Grooves	126-7\4 Beef 5	
Spectrasonics	Burning Grooves S.A.G.E. Xpander	Parts -> EXP Libraries -> Burning Grooves -> SOUND MENU - Cymbals	MENU - All Cymbals	
Spectrasonics	Burning Grooves S.A.G.E. Xpander	Multi -> Burning Grooves Multis -> 050-079 BPM	058-Chunky Barking	
Spectrasonics	Burning Grooves S.A.G.E. Xpander	Multi -> Burning Grooves Multis -> 050-079 BPM	060-Slurp-n-Slam	
Spectrasonics	Burning Grooves S.A.G.E. Xpander	Multi -> Burning Grooves Multis -> 050-079 BPM	062-Cork Regiment	
Spectrasonics	Burning Grooves S.A.G.E. Xpander	Multi -> Burning Grooves Multis -> 050-079 BPM	069-Lows on the Go	
Spectrasonics	Burning Grooves S.A.G.E. Xpander	Multi -> Burning Grooves Multis -> 050-079 BPM	069-Soft War	
Spectrasonics	Burning Grooves S.A.G.E. Xpander	Multi -> Burning Grooves Multis -> 050-079 BPM	070-BackSide	
Spectrasonics	Burning Grooves S.A.G.E. Xpander	Multi -> Burning Grooves Multis -> 050-079 BPM	070-Sham Friends	
Spectrasonics	Burning Grooves S.A.G.E. Xpander	Multi -> Burning Grooves Multis -> 050-079 BPM	070-Unlikely in Reality	
Spectrasonics	Burning Grooves S.A.G.E. Xpander	Multi -> Burning Grooves Multis -> 050-079 BPM	072-Torched Island	
Spectrasonics	Burning Grooves S.A.G.E. Xpander	Multi -> Burning Grooves Multis -> 050-079 BPM	074-Alternative	
Spectrasonics	Burning Grooves S.A.G.E. Xpander	Multi -> Burning Grooves Multis -> 050-079 BPM	074-Ferrari	
Spectrasonics	Burning Grooves S.A.G.E. Xpander	Multi -> Burning Grooves Multis -> 050-079 BPM	074-Sing for Me	
Spectrasonics	Burning Grooves S.A.G.E. Xpander	Multi -> Burning Grooves Multis -> 050-079 BPM	078-Snake In The Grass	
Spectrasonics	Burning Grooves S.A.G.E. Xpander	Multi -> Burning Grooves Multis -> 080-089 BPM	080-Gonna Getch Ya	
Spectrasonics	Burning Grooves S.A.G.E. Xpander	Multi -> Burning Grooves Multis -> 080-089 BPM	080-Spike	
Spectrasonics	Burning Grooves S.A.G.E. Xpander	Multi -> Burning Grooves Multis -> 080-089 BPM	080-With a Twist	
Spectrasonics	Burning Grooves S.A.G.E. Xpander	Multi -> Burning Grooves Multis -> 080-089 BPM	083-Basement Tape	
Spectrasonics	Burning Grooves S.A.G.E. Xpander	Multi -> Burning Grooves Multis -> 080-089 BPM	084-Carried Stick	
Spectrasonics	Burning Grooves S.A.G.E. Xpander	Multi -> Burning Grooves Multis -> 080-089 BPM	086-Bud	
Spectrasonics	Burning Grooves S.A.G.E. Xpander	Multi -> Burning Grooves Multis -> 080-089 BPM	086-Burning Voice	
Spectrasonics	Burning Grooves S.A.G.E. Xpander	Multi -> Burning Grooves Multis -> 080-089 BPM	086-HippoBottomus	
Spectrasonics	Burning Grooves S.A.G.E. Xpander	Multi -> Burning Grooves Multis -> 080-089 BPM	087-Simmering Hump	
Spectrasonics	Burning Grooves S.A.G.E. Xpander	Multi -> Burning Grooves Multis -> 080-089 BPM	088-Headshake	
Spectrasonics	Burning Grooves S.A.G.E. Xpander	Multi -> Burning Grooves Multis -> 080-089 BPM	088-Oscar the Grouch	
Spectrasonics	Burning Grooves S.A.G.E. Xpander	Multi -> Burning Grooves Multis -> 080-089 BPM	088-Play Along	
Spectrasonics	Burning Grooves S.A.G.E. Xpander	Multi -> Burning Grooves Multis -> 080-089 BPM	088-Radio Straight	
Spectrasonics	Burning Grooves S.A.G.E. Xpander	Multi -> Burning Grooves Multis -> 080-089 BPM	089-Good Grunge	
Spectrasonics	Burning Grooves S.A.G.E. Xpander	Multi -> Burning Grooves Multis -> 090-099 BPM	090-Charge It Up	
Spectrasonics	Burning Grooves S.A.G.E. Xpander	Multi -> Burning Grooves Multis -> 090-099 BPM	090-Firm Fire	
Spectrasonics	Burning Grooves S.A.G.E. Xpander	Multi -> Burning Grooves Multis -> 090-099 BPM	090-Hybrid Streets	
Spectrasonics	Burning Grooves S.A.G.E. Xpander	Multi -> Burning Grooves Multis -> 090-099 BPM	090-Iron Giant	
Spectrasonics	Burning Grooves S.A.G.E. Xpander	Multi -> Burning Grooves Multis -> 090-099 BPM	090-Let Him BURN	
Spectrasonics	Burning Grooves S.A.G.E. Xpander	Multi -> Burning Grooves Multis -> 090-099 BPM	090-March Madness 6-8	
Spectrasonics	Burning Grooves S.A.G.E. Xpander	Multi -> Burning Grooves Multis -> 090-099 BPM	090-Not in Kansas	
Spectrasonics	Burning Grooves S.A.G.E. Xpander	Multi -> Burning Grooves Multis -> 090-099 BPM	090-Swamp Thang	
Spectrasonics	Burning Grooves S.A.G.E. Xpander	Multi -> Burning Grooves Multis -> 090-099 BPM	090-Swing In It	
Spectrasonics	Burning Grooves S.A.G.E. Xpander	Multi -> Burning Grooves Multis -> 090-099 BPM	092-Ballad Boy	
Spectrasonics	Burning Grooves S.A.G.E. Xpander	Multi -> Burning Grooves Multis -> 090-099 BPM	094-Addendum	
Spectrasonics	Burning Grooves S.A.G.E. Xpander	Multi -> Burning Grooves Multis -> 090-099 BPM	094-Almost Pure	
Spectrasonics	Burning Grooves S.A.G.E. Xpander	Multi -> Burning Grooves Multis -> 090-099 BPM	094-Mixtures	
Spectrasonics	Burning Grooves S.A.G.E. Xpander	Multi -> Burning Grooves Multis -> 090-099 BPM	095-Tunnel Vision	
Spectrasonics	Burning Grooves S.A.G.E. Xpander	Multi -> Burning Grooves Multis -> 090-099 BPM	096-Busted	
Spectrasonics	Burning Grooves S.A.G.E. Xpander	Multi -> Burning Grooves Multis -> 090-099 BPM	096-Heavyweight	
Spectrasonics	Burning Grooves S.A.G.E. Xpander	Multi -> Burning Grooves Multis -> 090-099 BPM	096-Undercurrents	
Spectrasonics	Burning Grooves S.A.G.E. Xpander	Multi -> Burning Grooves Multis -> 090-099 BPM	098-Cooper on Tamb	
Spectrasonics	Burning Grooves S.A.G.E. Xpander	Multi -> Burning Grooves Multis -> 090-099 BPM	098-Natural	
Spectrasonics	Burning Grooves S.A.G.E. Xpander	Multi -> Burning Grooves Multis -> 090-099 BPM	098-Sweet Simplicity 1	
Spectrasonics	Burning Grooves S.A.G.E. Xpander	Multi -> Burning Grooves Multis -> 090-099 BPM	098-Sweet Simplicity 2	
Spectrasonics	Burning Grooves S.A.G.E. Xpander	Multi -> Burning Grooves Multis -> 100-109 BPM	100-Beat Factory	
Spectrasonics	Burning Grooves S.A.G.E. Xpander	Multi -> Burning Grooves Multis -> 100-109 BPM	100-Big Dawg	
Spectrasonics	Burning Grooves S.A.G.E. Xpander	Multi -> Burning Grooves Multis -> 100-109 BPM	100-Creakin Door	
Spectrasonics	Burning Grooves S.A.G.E. Xpander	Multi -> Burning Grooves Multis -> 100-109 BPM	100-Kickin Swingers	
Spectrasonics	Burning Grooves S.A.G.E. Xpander	Multi -> Burning Grooves Multis -> 100-109 BPM	100-Leave Motor Runnin	
Spectrasonics	Burning Grooves S.A.G.E. Xpander	Multi -> Burning Grooves Multis -> 100-109 BPM	100-Straight On	
Spectrasonics	Burning Grooves S.A.G.E. Xpander	Multi -> Burning Grooves Multis -> 100-109 BPM	100-Strong Hip	
Spectrasonics	Burning Grooves S.A.G.E. Xpander	Multi -> Burning Grooves Multis -> 100-109 BPM	100-Sweet Sticker	
Spectrasonics	Burning Grooves S.A.G.E. Xpander	Multi -> Burning Grooves Multis -> 100-109 BPM	100-Tarde	
Spectrasonics	Burning Grooves S.A.G.E. Xpander	Multi -> Burning Grooves Multis -> 100-109 BPM	102-Classico	
Spectrasonics	Burning Grooves S.A.G.E. Xpander	Multi -> Burning Grooves Multis -> 100-109 BPM	102-Flaunt Ride	
Spectrasonics	Burning Grooves S.A.G.E. Xpander	Multi -> Burning Grooves Multis -> 100-109 BPM	102-Rockin the Moon	
Spectrasonics	Burning Grooves S.A.G.E. Xpander	Multi -> Burning Grooves Multis -> 100-109 BPM	103-Interlope	
Spectrasonics	Burning Grooves S.A.G.E. Xpander	Multi -> Burning Grooves Multis -> 100-109 BPM	104-Four Hands	
Spectrasonics	Burning Grooves S.A.G.E. Xpander	Multi -> Burning Grooves Multis -> 100-109 BPM	104-Polys Cracker	
Spectrasonics	Burning Grooves S.A.G.E. Xpander	Multi -> Burning Grooves Multis -> 100-109 BPM	104-Rush Hour	
Spectrasonics	Burning Grooves S.A.G.E. Xpander	Multi -> Burning Grooves Multis -> 100-109 BPM	104-Tom a Lot	
Spectrasonics	Burning Grooves S.A.G.E. Xpander	Multi -> Burning Grooves Multis -> 100-109 BPM	106-Go Ahead	
Spectrasonics	Burning Grooves S.A.G.E. Xpander	Multi -> Burning Grooves Multis -> 100-109 BPM	106-Tom Rocker	
Spectrasonics	Burning Grooves S.A.G.E. Xpander	Multi -> Burning Grooves Multis -> 100-109 BPM	106-Two Kicks Kickin	
Spectrasonics	Burning Grooves S.A.G.E. Xpander	Multi -> Burning Grooves Multis -> 100-109 BPM	107-Puertos	
Spectrasonics	Burning Grooves S.A.G.E. Xpander	Multi -> Burning Grooves Multis -> 100-109 BPM	108-Bully	
Spectrasonics	Burning Grooves S.A.G.E. Xpander	Multi -> Burning Grooves Multis -> 100-109 BPM	108-Going Over It	
Spectrasonics	Burning Grooves S.A.G.E. Xpander	Multi -> Burning Grooves Multis -> 100-109 BPM	108-Hard Steel	
Spectrasonics	Burning Grooves S.A.G.E. Xpander	Multi -> Burning Grooves Multis -> 100-109 BPM	109-Burning Funk	
Spectrasonics	Burning Grooves S.A.G.E. Xpander	Multi -> Burning Grooves Multis -> 110-119 BPM	110-Bending It	
Spectrasonics	Burning Grooves S.A.G.E. Xpander	Multi -> Burning Grooves Multis -> 110-119 BPM	110-Burnt Out	
Spectrasonics	Burning Grooves S.A.G.E. Xpander	Multi -> Burning Grooves Multis -> 110-119 BPM	110-Buzzed	
Spectrasonics	Burning Grooves S.A.G.E. Xpander	Multi -> Burning Grooves Multis -> 110-119 BPM	110-Smoove	
Spectrasonics	Burning Grooves S.A.G.E. Xpander	Multi -> Burning Grooves Multis -> 110-119 BPM	110-Trash Talk	
Spectrasonics	Burning Grooves S.A.G.E. Xpander	Multi -> Burning Grooves Multis -> 110-119 BPM	114-Climax	
Spectrasonics	Burning Grooves S.A.G.E. Xpander	Multi -> Burning Grooves Multis -> 110-119 BPM	114-Comp Meat	
Spectrasonics	Burning Grooves S.A.G.E. Xpander	Multi -> Burning Grooves Multis -> 110-119 BPM	115-Strutovarious	
Spectrasonics	Burning Grooves S.A.G.E. Xpander	Multi -> Burning Grooves Multis -> 110-119 BPM	116-Burnt Buffalo	
Spectrasonics	Burning Grooves S.A.G.E. Xpander	Multi -> Burning Grooves Multis -> 110-119 BPM	116-Chopper Top	
Spectrasonics	Burning Grooves S.A.G.E. Xpander	Multi -> Burning Grooves Multis -> 110-119 BPM	116-High and Low	
Spectrasonics	Burning Grooves S.A.G.E. Xpander	Multi -> Burning Grooves Multis -> 110-119 BPM	116-I Be Jammed	
Spectrasonics	Burning Grooves S.A.G.E. Xpander	Multi -> Burning Grooves Multis -> 110-119 BPM	116-Tommy Boy	
Spectrasonics	Burning Grooves S.A.G.E. Xpander	Multi -> Burning Grooves Multis -> 110-119 BPM	118-Throw Down	
Spectrasonics	Burning Grooves S.A.G.E. Xpander	Multi -> Burning Grooves Multis -> 120-129 BPM	120-Angry I Am	
Spectrasonics	Burning Grooves S.A.G.E. Xpander	Multi -> Burning Grooves Multis -> 120-129 BPM	120-Burnt Thought	
Spectrasonics	Burning Grooves S.A.G.E. Xpander	Multi -> Burning Grooves Multis -> 120-129 BPM	120-Crosswired	
Spectrasonics	Burning Grooves S.A.G.E. Xpander	Multi -> Burning Grooves Multis -> 120-129 BPM	120-Cut In Half	
Spectrasonics	Burning Grooves S.A.G.E. Xpander	Multi -> Burning Grooves Multis -> 120-129 BPM	120-Drive Thru	
Spectrasonics	Burning Grooves S.A.G.E. Xpander	Multi -> Burning Grooves Multis -> 120-129 BPM	120-For Four	
Spectrasonics	Burning Grooves S.A.G.E. Xpander	Multi -> Burning Grooves Multis -> 120-129 BPM	120-Force	
Spectrasonics	Burning Grooves S.A.G.E. Xpander	Multi -> Burning Grooves Multis -> 120-129 BPM	120-Hats Off	
Spectrasonics	Burning Grooves S.A.G.E. Xpander	Multi -> Burning Grooves Multis -> 120-129 BPM	120-Its Goot Mein	
Spectrasonics	Burning Grooves S.A.G.E. Xpander	Multi -> Burning Grooves Multis -> 120-129 BPM	120-Jeff Tribe	
Spectrasonics	Burning Grooves S.A.G.E. Xpander	Multi -> Burning Grooves Multis -> 120-129 BPM	120-LoFi Funk	
Spectrasonics	Burning Grooves S.A.G.E. Xpander	Multi -> Burning Grooves Multis -> 120-129 BPM	120-On Time	
Spectrasonics	Burning Grooves S.A.G.E. Xpander	Multi -> Burning Grooves Multis -> 120-129 BPM	120-Poppings	
Spectrasonics	Burning Grooves S.A.G.E. Xpander	Multi -> Burning Grooves Multis -> 120-129 BPM	120-Scratcher	
Spectrasonics	Burning Grooves S.A.G.E. Xpander	Multi -> Burning Grooves Multis -> 120-129 BPM	120-Skull Radiation	
Spectrasonics	Burning Grooves S.A.G.E. Xpander	Multi -> Burning Grooves Multis -> 120-129 BPM	120-Splamm	
Spectrasonics	Burning Grooves S.A.G.E. Xpander	Multi -> Burning Grooves Multis -> 120-129 BPM	120-Subway	
Spectrasonics	Burning Grooves S.A.G.E. Xpander	Multi -> Burning Grooves Multis -> 120-129 BPM	120-What Hump	
Spectrasonics	Burning Grooves S.A.G.E. Xpander	Multi -> Burning Grooves Multis -> 120-129 BPM	122-Level 42ish	
Spectrasonics	Burning Grooves S.A.G.E. Xpander	Multi -> Burning Grooves Multis -> 120-129 BPM	123-Cool Groovy	
Spectrasonics	Burning Grooves S.A.G.E. Xpander	Multi -> Burning Grooves Multis -> 120-129 BPM	124-Anxiety Waves	
Spectrasonics	Burning Grooves S.A.G.E. Xpander	Multi -> Burning Grooves Multis -> 120-129 BPM	124-Around It	
Spectrasonics	Burning Grooves S.A.G.E. Xpander	Multi -> Burning Grooves Multis -> 120-129 BPM	124-Mixed Up Crazy	
Spectrasonics	Burning Grooves S.A.G.E. Xpander	Multi -> Burning Grooves Multis -> 120-129 BPM	124-Welcome	
Spectrasonics	Burning Grooves S.A.G.E. Xpander	Multi -> Burning Grooves Multis -> 120-129 BPM	125-Fatback in Bombay	
Spectrasonics	Burning Grooves S.A.G.E. Xpander	Multi -> Burning Grooves Multis -> 120-129 BPM	125-Funky Plod Clod	
Spectrasonics	Burning Grooves S.A.G.E. Xpander	Multi -> Burning Grooves Multis -> 120-129 BPM	125-The Farside	
Spectrasonics	Burning Grooves S.A.G.E. Xpander	Multi -> Burning Grooves Multis -> 120-129 BPM	128-Disco Breakdown	
Spectrasonics	Burning Grooves S.A.G.E. Xpander	Multi -> Burning Grooves Multis -> 130-160 BPM	130-Close to the End	
Spectrasonics	Burning Grooves S.A.G.E. Xpander	Multi -> Burning Grooves Multis -> 130-160 BPM	130-Edgy Agogo	
Spectrasonics	Burning Grooves S.A.G.E. Xpander	Multi -> Burning Grooves Multis -> 130-160 BPM	130-Imaging	
Spectrasonics	Burning Grooves S.A.G.E. Xpander	Multi -> Burning Grooves Multis -> 130-160 BPM	130-Insects Around	
Spectrasonics	Burning Grooves S.A.G.E. Xpander	Multi -> Burning Grooves Multis -> 130-160 BPM	130-Step Aside	
Spectrasonics	Burning Grooves S.A.G.E. Xpander	Multi -> Burning Grooves Multis -> 130-160 BPM	133-Mahi Half Grain	
Spectrasonics	Burning Grooves S.A.G.E. Xpander	Multi -> Burning Grooves Multis -> 130-160 BPM	133-Overland Xpress	
Spectrasonics	Burning Grooves S.A.G.E. Xpander	Multi -> Burning Grooves Multis -> 130-160 BPM	135-Persecution	
Spectrasonics	Burning Grooves S.A.G.E. Xpander	Multi -> Burning Grooves Multis -> 130-160 BPM	136-I Luv Dis	
Spectrasonics	Burning Grooves S.A.G.E. Xpander	Multi -> Burning Grooves Multis -> 130-160 BPM	138-To The Dance Floor	
Spectrasonics	Burning Grooves S.A.G.E. Xpander	Multi -> Burning Grooves Multis -> 130-160 BPM	140-Chaco	
Spectrasonics	Burning Grooves S.A.G.E. Xpander	Multi -> Burning Grooves Multis -> 130-160 BPM	140-Double Double	
Spectrasonics	Burning Grooves S.A.G.E. Xpander	Multi -> Burning Grooves Multis -> 130-160 BPM	141-Pulp Grinder	
Spectrasonics	Burning Grooves S.A.G.E. Xpander	Multi -> Burning Grooves Multis -> 130-160 BPM	160-Blast Off	
Spectrasonics	Burning Grooves S.A.G.E. Xpander	Multi -> Burning Grooves Multis -> 130-160 BPM	160-Burning DnB	
Spectrasonics	Burning Grooves S.A.G.E. Xpander	Multi -> Burning Grooves Multis -> 130-160 BPM	160-DB Lady StrikesBack	