Company/Manufacturer	Product	Path/Bank	Program	Notes
Note: Tab is WIP				
				
Table of Contents				
				
JUMP TO:	Platinum 24 - Acoustic Drums: AKAI			
(Click the cell, and click the	Platinum 24 - Electronic Drums: AKAI			
hyperlink that comes up.)	Powered DX			
	Platinum 24 - Latin Percussion: AKAI			
				
				
to-do: add other formats like EXS24, HALion for Latin Percussion and determine if the other Platinum24 drum libraries were released in this formats and add those as well, add more products				
Platinum24 - Acoustic Drums		(Released: May 2000)		Jump to top
AKAI				
Wizoo	Platinum24 - Acoustic Drums	CD 1 -> Partition A -> 01 PLATINUM -> PROGRAM	CRASH	
Wizoo	Platinum24 - Acoustic Drums	CD 1 -> Partition A -> 01 PLATINUM -> PROGRAM	HHTS	
Wizoo	Platinum24 - Acoustic Drums	CD 1 -> Partition A -> 01 PLATINUM -> PROGRAM	KICK	
Wizoo	Platinum24 - Acoustic Drums	CD 1 -> Partition A -> 01 PLATINUM -> PROGRAM	RIDE	
Wizoo	Platinum24 - Acoustic Drums	CD 1 -> Partition A -> 01 PLATINUM -> PROGRAM	SNARES	
Wizoo	Platinum24 - Acoustic Drums	CD 1 -> Partition A -> 01 PLATINUM -> PROGRAM	TOMS	
Wizoo	Platinum24 - Acoustic Drums	CD 1 -> Partition A -> 01 PLATINUM -> SAMPLE	34ORM0101.	
Wizoo	Platinum24 - Acoustic Drums	CD 1 -> Partition A -> 01 PLATINUM -> SAMPLE	34ORM0102.	
Wizoo	Platinum24 - Acoustic Drums	CD 1 -> Partition A -> 01 PLATINUM -> SAMPLE	34ORM0103.	
Wizoo	Platinum24 - Acoustic Drums	CD 1 -> Partition A -> 01 PLATINUM -> SAMPLE	34ORM0104.	
Wizoo	Platinum24 - Acoustic Drums	CD 1 -> Partition A -> 01 PLATINUM -> SAMPLE	36BD10101.	
Wizoo	Platinum24 - Acoustic Drums	CD 1 -> Partition A -> 01 PLATINUM -> SAMPLE	36BD10102.	
Wizoo	Platinum24 - Acoustic Drums	CD 1 -> Partition A -> 01 PLATINUM -> SAMPLE	36BD10103.	
Wizoo	Platinum24 - Acoustic Drums	CD 1 -> Partition A -> 01 PLATINUM -> SAMPLE	36BD10104.	
Wizoo	Platinum24 - Acoustic Drums	CD 1 -> Partition A -> 01 PLATINUM -> SAMPLE	37CRM0101.	
Wizoo	Platinum24 - Acoustic Drums	CD 1 -> Partition A -> 01 PLATINUM -> SAMPLE	37CRM0102.	
Wizoo	Platinum24 - Acoustic Drums	CD 1 -> Partition A -> 01 PLATINUM -> SAMPLE	37CRM0103.	
Wizoo	Platinum24 - Acoustic Drums	CD 1 -> Partition A -> 01 PLATINUM -> SAMPLE	37CRM0104.	
Wizoo	Platinum24 - Acoustic Drums	CD 1 -> Partition A -> 01 PLATINUM -> SAMPLE	38SD10101.	
Wizoo	Platinum24 - Acoustic Drums	CD 1 -> Partition A -> 01 PLATINUM -> SAMPLE	38SD10102.	
Wizoo	Platinum24 - Acoustic Drums	CD 1 -> Partition A -> 01 PLATINUM -> SAMPLE	38SD10103.	
Wizoo	Platinum24 - Acoustic Drums	CD 1 -> Partition A -> 01 PLATINUM -> SAMPLE	38SD10104.	
Wizoo	Platinum24 - Acoustic Drums	CD 1 -> Partition A -> 01 PLATINUM -> SAMPLE	41FTM0101.	
Wizoo	Platinum24 - Acoustic Drums	CD 1 -> Partition A -> 01 PLATINUM -> SAMPLE	41FTM0102.	
Wizoo	Platinum24 - Acoustic Drums	CD 1 -> Partition A -> 01 PLATINUM -> SAMPLE	41FTM0103.	
Wizoo	Platinum24 - Acoustic Drums	CD 1 -> Partition A -> 01 PLATINUM -> SAMPLE	41FTM0104.	
Wizoo	Platinum24 - Acoustic Drums	CD 1 -> Partition A -> 01 PLATINUM -> SAMPLE	42HHC0101.	
Wizoo	Platinum24 - Acoustic Drums	CD 1 -> Partition A -> 01 PLATINUM -> SAMPLE	42HHC0102.	
Wizoo	Platinum24 - Acoustic Drums	CD 1 -> Partition A -> 01 PLATINUM -> SAMPLE	42HHC0103.	
Wizoo	Platinum24 - Acoustic Drums	CD 1 -> Partition A -> 01 PLATINUM -> SAMPLE	42HHC0104.	
Wizoo	Platinum24 - Acoustic Drums	CD 1 -> Partition A -> 01 PLATINUM -> SAMPLE	44HHP0101.	
Wizoo	Platinum24 - Acoustic Drums	CD 1 -> Partition A -> 01 PLATINUM -> SAMPLE	44HHP0102.	
Wizoo	Platinum24 - Acoustic Drums	CD 1 -> Partition A -> 01 PLATINUM -> SAMPLE	44HHP0103.	
Wizoo	Platinum24 - Acoustic Drums	CD 1 -> Partition A -> 01 PLATINUM -> SAMPLE	44HHP0104.	
Wizoo	Platinum24 - Acoustic Drums	CD 1 -> Partition A -> 01 PLATINUM -> SAMPLE	45LTM0101.	
Wizoo	Platinum24 - Acoustic Drums	CD 1 -> Partition A -> 01 PLATINUM -> SAMPLE	45LTM0102.	
Wizoo	Platinum24 - Acoustic Drums	CD 1 -> Partition A -> 01 PLATINUM -> SAMPLE	45LTM0103.	
Wizoo	Platinum24 - Acoustic Drums	CD 1 -> Partition A -> 01 PLATINUM -> SAMPLE	45LTM0104.	
Wizoo	Platinum24 - Acoustic Drums	CD 1 -> Partition A -> 01 PLATINUM -> SAMPLE	46HHO0101.	
Wizoo	Platinum24 - Acoustic Drums	CD 1 -> Partition A -> 01 PLATINUM -> SAMPLE	46HHO0102.	
Wizoo	Platinum24 - Acoustic Drums	CD 1 -> Partition A -> 01 PLATINUM -> SAMPLE	46HHO0103.	
Wizoo	Platinum24 - Acoustic Drums	CD 1 -> Partition A -> 01 PLATINUM -> SAMPLE	46HHO0104.	
Wizoo	Platinum24 - Acoustic Drums	CD 1 -> Partition A -> 01 PLATINUM -> SAMPLE	48MTH0101.	
Wizoo	Platinum24 - Acoustic Drums	CD 1 -> Partition A -> 01 PLATINUM -> SAMPLE	48MTH0102.	
Wizoo	Platinum24 - Acoustic Drums	CD 1 -> Partition A -> 01 PLATINUM -> SAMPLE	48MTH0103.	
Wizoo	Platinum24 - Acoustic Drums	CD 1 -> Partition A -> 01 PLATINUM -> SAMPLE	48MTH0104.	
Wizoo	Platinum24 - Acoustic Drums	CD 1 -> Partition A -> 01 PLATINUM -> SAMPLE	49CR10101.	
Wizoo	Platinum24 - Acoustic Drums	CD 1 -> Partition A -> 01 PLATINUM -> SAMPLE	49CR10102.	
Wizoo	Platinum24 - Acoustic Drums	CD 1 -> Partition A -> 01 PLATINUM -> SAMPLE	49CR10103.	
Wizoo	Platinum24 - Acoustic Drums	CD 1 -> Partition A -> 01 PLATINUM -> SAMPLE	49CR10104.	
Wizoo	Platinum24 - Acoustic Drums	CD 1 -> Partition A -> 01 PLATINUM -> SAMPLE	50HTH0101.	
Wizoo	Platinum24 - Acoustic Drums	CD 1 -> Partition A -> 01 PLATINUM -> SAMPLE	50HTH0102.	
Wizoo	Platinum24 - Acoustic Drums	CD 1 -> Partition A -> 01 PLATINUM -> SAMPLE	50HTH0103.	
Wizoo	Platinum24 - Acoustic Drums	CD 1 -> Partition A -> 01 PLATINUM -> SAMPLE	50HTH0104.	
Wizoo	Platinum24 - Acoustic Drums	CD 1 -> Partition A -> 01 PLATINUM -> SAMPLE	51RD10101.	
Wizoo	Platinum24 - Acoustic Drums	CD 1 -> Partition A -> 01 PLATINUM -> SAMPLE	51RD10102.	
Wizoo	Platinum24 - Acoustic Drums	CD 1 -> Partition A -> 01 PLATINUM -> SAMPLE	51RD10103.	
Wizoo	Platinum24 - Acoustic Drums	CD 1 -> Partition A -> 01 PLATINUM -> SAMPLE	51RD10104.	
Wizoo	Platinum24 - Acoustic Drums	CD 1 -> Partition A -> 01 PLATINUM -> SAMPLE	53RDC0101.	
Wizoo	Platinum24 - Acoustic Drums	CD 1 -> Partition A -> 01 PLATINUM -> SAMPLE	53RDC0102.	
Wizoo	Platinum24 - Acoustic Drums	CD 1 -> Partition A -> 01 PLATINUM -> SAMPLE	53RDC0103.	
Wizoo	Platinum24 - Acoustic Drums	CD 1 -> Partition A -> 01 PLATINUM -> SAMPLE	53RDC0104.	
Wizoo	Platinum24 - Acoustic Drums	CD 1 -> Partition A -> DEMO KIT -> PROGRAM	DEMO KIT	
Wizoo	Platinum24 - Acoustic Drums	CD 1 -> Partition A -> DEMO KIT -> SAMPLE	36PLATI.AI	
Wizoo	Platinum24 - Acoustic Drums	CD 1 -> Partition A -> DEMO KIT -> SAMPLE	37BASIC.AI	
Wizoo	Platinum24 - Acoustic Drums	CD 1 -> Partition A -> DEMO KIT -> SAMPLE	38AMBI.AIF	
Wizoo	Platinum24 - Acoustic Drums	CD 1 -> Partition A -> DEMO KIT -> SAMPLE	39BALLA.AI	
Wizoo	Platinum24 - Acoustic Drums	CD 1 -> Partition A -> DEMO KIT -> SAMPLE	40DRY.AIF	
Wizoo	Platinum24 - Acoustic Drums	CD 1 -> Partition A -> DEMO KIT -> SAMPLE	41PERC.AIF	
Wizoo	Platinum24 - Acoustic Drums	CD 1 -> Partition A -> DEMO KIT -> SAMPLE	42LATIN.AI	
Wizoo	Platinum24 - Acoustic Drums	CD 1 -> Partition A -> DEMO KIT -> SAMPLE	43JAZZ.AIF	
Wizoo	Platinum24 - Acoustic Drums	CD 1 -> Partition A -> DEMO KIT -> SAMPLE	44HIP.AIF	
Wizoo	Platinum24 - Acoustic Drums	CD 1 -> Partition A -> DEMO KIT -> SAMPLE	45RNB.AIF	
Wizoo	Platinum24 - Acoustic Drums	CD 1 -> Partition A -> DEMO KIT -> SAMPLE	46SOUL.AIF	
Wizoo	Platinum24 - Acoustic Drums	CD 1 -> Partition A -> DEMO KIT -> SAMPLE	47ROCK.AIF	
Wizoo	Platinum24 - Acoustic Drums	CD 1 -> Partition A -> DEMO KIT -> SAMPLE	48FUNK.AIF	
Wizoo	Platinum24 - Acoustic Drums	CD 1 -> Partition A -> DEMO KIT -> SAMPLE	49KICK.AIF	
Wizoo	Platinum24 - Acoustic Drums	CD 1 -> Partition A -> DEMO KIT -> SAMPLE	50LUDW.AIF	
Wizoo	Platinum24 - Acoustic Drums	CD 1 -> Partition A -> DEMO KIT -> SAMPLE	51PREM.AIF	
Wizoo	Platinum24 - Acoustic Drums	CD 1 -> Partition A -> DEMO KIT -> SAMPLE	52SONOR.AI	
Wizoo	Platinum24 - Acoustic Drums	CD 1 -> Partition A -> DEMO KIT -> SAMPLE	53AYO.AIF	
Wizoo	Platinum24 - Acoustic Drums	CD 1 -> Partition A -> DEMO KIT -> SAMPLE	54HHZIL.AI	
Wizoo	Platinum24 - Acoustic Drums	CD 1 -> Partition A -> DEMO KIT -> SAMPLE	55HHSAB.AI	
Wizoo	Platinum24 - Acoustic Drums	CD 1 -> Partition A -> DEMO KIT -> SAMPLE	56HHPAI.AI	
Wizoo	Platinum24 - Acoustic Drums	CD 1 -> Partition A -> DEMO KIT -> SAMPLE	57TOMY.AIF	
Wizoo	Platinum24 - Acoustic Drums	CD 1 -> Partition A -> DEMO KIT -> SAMPLE	58TOMS.AIF	
Wizoo	Platinum24 - Acoustic Drums	CD 1 -> Partition A -> DEMO KIT -> SAMPLE	59TOMP.AIF	
Wizoo	Platinum24 - Acoustic Drums	CD 1 -> Partition A -> DEMO KIT -> SAMPLE	60CR1.AIF	
Wizoo	Platinum24 - Acoustic Drums	CD 1 -> Partition A -> DEMO KIT -> SAMPLE	61CR2.AIF	
Wizoo	Platinum24 - Acoustic Drums	CD 1 -> Partition A -> DEMO KIT -> SAMPLE	62RIDE.AIF	
Wizoo	Platinum24 - Acoustic Drums	CD 1 -> Partition A -> DEMO KIT -> SAMPLE	63SMALL.AI	
Wizoo	Platinum24 - Acoustic Drums	CD 1 -> Partition A -> DEMO KIT -> SAMPLE	64MED.AIF	
Wizoo	Platinum24 - Acoustic Drums	CD 1 -> Partition A -> DEMO KIT -> SAMPLE	65LONG.AIF	
Wizoo	Platinum24 - Acoustic Drums	CD 1 -> Partition A -> DEMO KIT -> SAMPLE	66BRICK.AI	
Wizoo	Platinum24 - Acoustic Drums	CD 1 -> Partition A -> DEMO KIT -> SAMPLE	67GATE.AIF	
Wizoo	Platinum24 - Acoustic Drums	CD 1 -> Partition B -> 02 BASIC KIT -> PROGRAM	CRASH	
Wizoo	Platinum24 - Acoustic Drums	CD 1 -> Partition B -> 02 BASIC KIT -> PROGRAM	HHTS	
Wizoo	Platinum24 - Acoustic Drums	CD 1 -> Partition B -> 02 BASIC KIT -> PROGRAM	KICK	
Wizoo	Platinum24 - Acoustic Drums	CD 1 -> Partition B -> 02 BASIC KIT -> PROGRAM	RIDE	
Wizoo	Platinum24 - Acoustic Drums	CD 1 -> Partition B -> 02 BASIC KIT -> PROGRAM	SNARES	
Wizoo	Platinum24 - Acoustic Drums	CD 1 -> Partition B -> 02 BASIC KIT -> PROGRAM	TOMS	
Wizoo	Platinum24 - Acoustic Drums	CD 1 -> Partition B -> 02 BASIC KIT -> SAMPLE	34SNARE1.A	
Wizoo	Platinum24 - Acoustic Drums	CD 1 -> Partition B -> 02 BASIC KIT -> SAMPLE	34SNARE2.A	
Wizoo	Platinum24 - Acoustic Drums	CD 1 -> Partition B -> 02 BASIC KIT -> SAMPLE	34SNARE3.A	
Wizoo	Platinum24 - Acoustic Drums	CD 1 -> Partition B -> 02 BASIC KIT -> SAMPLE	34SNARE4.A	
Wizoo	Platinum24 - Acoustic Drums	CD 1 -> Partition B -> 02 BASIC KIT -> SAMPLE	36KICK1.AI	
Wizoo	Platinum24 - Acoustic Drums	CD 1 -> Partition B -> 02 BASIC KIT -> SAMPLE	36KICK2.AI	
Wizoo	Platinum24 - Acoustic Drums	CD 1 -> Partition B -> 02 BASIC KIT -> SAMPLE	36KICK3.AI	
Wizoo	Platinum24 - Acoustic Drums	CD 1 -> Partition B -> 02 BASIC KIT -> SAMPLE	36KICK4.AI	
Wizoo	Platinum24 - Acoustic Drums	CD 1 -> Partition B -> 02 BASIC KIT -> SAMPLE	37SNARE1.A	
Wizoo	Platinum24 - Acoustic Drums	CD 1 -> Partition B -> 02 BASIC KIT -> SAMPLE	37SNARE2.A	
Wizoo	Platinum24 - Acoustic Drums	CD 1 -> Partition B -> 02 BASIC KIT -> SAMPLE	37SNARE3.A	
Wizoo	Platinum24 - Acoustic Drums	CD 1 -> Partition B -> 02 BASIC KIT -> SAMPLE	37SNARE4.A	
Wizoo	Platinum24 - Acoustic Drums	CD 1 -> Partition B -> 02 BASIC KIT -> SAMPLE	38SNARE1.A	
Wizoo	Platinum24 - Acoustic Drums	CD 1 -> Partition B -> 02 BASIC KIT -> SAMPLE	38SNARE2.A	
Wizoo	Platinum24 - Acoustic Drums	CD 1 -> Partition B -> 02 BASIC KIT -> SAMPLE	38SNARE3.A	
Wizoo	Platinum24 - Acoustic Drums	CD 1 -> Partition B -> 02 BASIC KIT -> SAMPLE	38SNARE4.A	
Wizoo	Platinum24 - Acoustic Drums	CD 1 -> Partition B -> 02 BASIC KIT -> SAMPLE	41TOML1.AI	
Wizoo	Platinum24 - Acoustic Drums	CD 1 -> Partition B -> 02 BASIC KIT -> SAMPLE	41TOML2.AI	
Wizoo	Platinum24 - Acoustic Drums	CD 1 -> Partition B -> 02 BASIC KIT -> SAMPLE	41TOML3.AI	
Wizoo	Platinum24 - Acoustic Drums	CD 1 -> Partition B -> 02 BASIC KIT -> SAMPLE	41TOML4.AI	
Wizoo	Platinum24 - Acoustic Drums	CD 1 -> Partition B -> 02 BASIC KIT -> SAMPLE	42CLHH1.AI	
Wizoo	Platinum24 - Acoustic Drums	CD 1 -> Partition B -> 02 BASIC KIT -> SAMPLE	42CLHH2.AI	
Wizoo	Platinum24 - Acoustic Drums	CD 1 -> Partition B -> 02 BASIC KIT -> SAMPLE	42CLHH3.AI	
Wizoo	Platinum24 - Acoustic Drums	CD 1 -> Partition B -> 02 BASIC KIT -> SAMPLE	42CLHH4.AI	
Wizoo	Platinum24 - Acoustic Drums	CD 1 -> Partition B -> 02 BASIC KIT -> SAMPLE	44PEDHH1.A	
Wizoo	Platinum24 - Acoustic Drums	CD 1 -> Partition B -> 02 BASIC KIT -> SAMPLE	44PEDHH2.A	
Wizoo	Platinum24 - Acoustic Drums	CD 1 -> Partition B -> 02 BASIC KIT -> SAMPLE	44PEDHH3.A	
Wizoo	Platinum24 - Acoustic Drums	CD 1 -> Partition B -> 02 BASIC KIT -> SAMPLE	44PEDHH4.A	
Wizoo	Platinum24 - Acoustic Drums	CD 1 -> Partition B -> 02 BASIC KIT -> SAMPLE	45TOML1.AI	
Wizoo	Platinum24 - Acoustic Drums	CD 1 -> Partition B -> 02 BASIC KIT -> SAMPLE	45TOML2.AI	
Wizoo	Platinum24 - Acoustic Drums	CD 1 -> Partition B -> 02 BASIC KIT -> SAMPLE	45TOML3.AI	
Wizoo	Platinum24 - Acoustic Drums	CD 1 -> Partition B -> 02 BASIC KIT -> SAMPLE	45TOML4.AI	
Wizoo	Platinum24 - Acoustic Drums	CD 1 -> Partition B -> 02 BASIC KIT -> SAMPLE	46OPHH1.AI	
Wizoo	Platinum24 - Acoustic Drums	CD 1 -> Partition B -> 02 BASIC KIT -> SAMPLE	46OPHH2.AI	
Wizoo	Platinum24 - Acoustic Drums	CD 1 -> Partition B -> 02 BASIC KIT -> SAMPLE	46OPHH3.AI	
Wizoo	Platinum24 - Acoustic Drums	CD 1 -> Partition B -> 02 BASIC KIT -> SAMPLE	46OPHH4.AI	
Wizoo	Platinum24 - Acoustic Drums	CD 1 -> Partition B -> 02 BASIC KIT -> SAMPLE	48TOMM1.AI	
Wizoo	Platinum24 - Acoustic Drums	CD 1 -> Partition B -> 02 BASIC KIT -> SAMPLE	48TOMM2.AI	
Wizoo	Platinum24 - Acoustic Drums	CD 1 -> Partition B -> 02 BASIC KIT -> SAMPLE	48TOMM3.AI	
Wizoo	Platinum24 - Acoustic Drums	CD 1 -> Partition B -> 02 BASIC KIT -> SAMPLE	48TOMM4.AI	
Wizoo	Platinum24 - Acoustic Drums	CD 1 -> Partition B -> 02 BASIC KIT -> SAMPLE	49CRASH1.A	
Wizoo	Platinum24 - Acoustic Drums	CD 1 -> Partition B -> 02 BASIC KIT -> SAMPLE	49CRASH2.A	
Wizoo	Platinum24 - Acoustic Drums	CD 1 -> Partition B -> 02 BASIC KIT -> SAMPLE	49CRASH3.A	
Wizoo	Platinum24 - Acoustic Drums	CD 1 -> Partition B -> 02 BASIC KIT -> SAMPLE	49CRASH4.A	
Wizoo	Platinum24 - Acoustic Drums	CD 1 -> Partition B -> 02 BASIC KIT -> SAMPLE	50TOMH1.AI	
Wizoo	Platinum24 - Acoustic Drums	CD 1 -> Partition B -> 02 BASIC KIT -> SAMPLE	50TOMH2.AI	
Wizoo	Platinum24 - Acoustic Drums	CD 1 -> Partition B -> 02 BASIC KIT -> SAMPLE	50TOMH3.AI	
Wizoo	Platinum24 - Acoustic Drums	CD 1 -> Partition B -> 02 BASIC KIT -> SAMPLE	50TOMH4.AI	
Wizoo	Platinum24 - Acoustic Drums	CD 1 -> Partition B -> 02 BASIC KIT -> SAMPLE	51RIDE1.AI	
Wizoo	Platinum24 - Acoustic Drums	CD 1 -> Partition B -> 02 BASIC KIT -> SAMPLE	51RIDE2.AI	
Wizoo	Platinum24 - Acoustic Drums	CD 1 -> Partition B -> 02 BASIC KIT -> SAMPLE	51RIDE3.AI	
Wizoo	Platinum24 - Acoustic Drums	CD 1 -> Partition B -> 02 BASIC KIT -> SAMPLE	51RIDE4.AI	
Wizoo	Platinum24 - Acoustic Drums	CD 1 -> Partition B -> 02 BASIC KIT -> SAMPLE	53CUP1.AIF	
Wizoo	Platinum24 - Acoustic Drums	CD 1 -> Partition B -> 02 BASIC KIT -> SAMPLE	53CUP2.AIF	
Wizoo	Platinum24 - Acoustic Drums	CD 1 -> Partition B -> 02 BASIC KIT -> SAMPLE	53CUP3.AIF	
Wizoo	Platinum24 - Acoustic Drums	CD 1 -> Partition B -> 02 BASIC KIT -> SAMPLE	53CUP4.AIF	
Wizoo	Platinum24 - Acoustic Drums	CD 1 -> Partition B -> 03 AMBIENCE -> PROGRAM	CRASH	
Wizoo	Platinum24 - Acoustic Drums	CD 1 -> Partition B -> 03 AMBIENCE -> PROGRAM	HHTS	
Wizoo	Platinum24 - Acoustic Drums	CD 1 -> Partition B -> 03 AMBIENCE -> PROGRAM	KICK	
Wizoo	Platinum24 - Acoustic Drums	CD 1 -> Partition B -> 03 AMBIENCE -> PROGRAM	RIDE	
Wizoo	Platinum24 - Acoustic Drums	CD 1 -> Partition B -> 03 AMBIENCE -> PROGRAM	SNARES	
Wizoo	Platinum24 - Acoustic Drums	CD 1 -> Partition B -> 03 AMBIENCE -> PROGRAM	TOMS	
Wizoo	Platinum24 - Acoustic Drums	CD 1 -> Partition B -> 03 AMBIENCE -> SAMPLE	A34ORM065	
Wizoo	Platinum24 - Acoustic Drums	CD 1 -> Partition B -> 03 AMBIENCE -> SAMPLE	A34ORM095	
Wizoo	Platinum24 - Acoustic Drums	CD 1 -> Partition B -> 03 AMBIENCE -> SAMPLE	A34ORM120	
Wizoo	Platinum24 - Acoustic Drums	CD 1 -> Partition B -> 03 AMBIENCE -> SAMPLE	A34ORM127	
Wizoo	Platinum24 - Acoustic Drums	CD 1 -> Partition B -> 03 AMBIENCE -> SAMPLE	A35BD1065	
Wizoo	Platinum24 - Acoustic Drums	CD 1 -> Partition B -> 03 AMBIENCE -> SAMPLE	A35BD1095	
Wizoo	Platinum24 - Acoustic Drums	CD 1 -> Partition B -> 03 AMBIENCE -> SAMPLE	A35BD1120	
Wizoo	Platinum24 - Acoustic Drums	CD 1 -> Partition B -> 03 AMBIENCE -> SAMPLE	A35BD1127	
Wizoo	Platinum24 - Acoustic Drums	CD 1 -> Partition B -> 03 AMBIENCE -> SAMPLE	A37CRM095	
Wizoo	Platinum24 - Acoustic Drums	CD 1 -> Partition B -> 03 AMBIENCE -> SAMPLE	A37CRM120	
Wizoo	Platinum24 - Acoustic Drums	CD 1 -> Partition B -> 03 AMBIENCE -> SAMPLE	A37CRM127	
Wizoo	Platinum24 - Acoustic Drums	CD 1 -> Partition B -> 03 AMBIENCE -> SAMPLE	A38SD1065	
Wizoo	Platinum24 - Acoustic Drums	CD 1 -> Partition B -> 03 AMBIENCE -> SAMPLE	A38SD1095	
Wizoo	Platinum24 - Acoustic Drums	CD 1 -> Partition B -> 03 AMBIENCE -> SAMPLE	A38SD1120	
Wizoo	Platinum24 - Acoustic Drums	CD 1 -> Partition B -> 03 AMBIENCE -> SAMPLE	A38SD1127	
Wizoo	Platinum24 - Acoustic Drums	CD 1 -> Partition B -> 03 AMBIENCE -> SAMPLE	A41FTM065	
Wizoo	Platinum24 - Acoustic Drums	CD 1 -> Partition B -> 03 AMBIENCE -> SAMPLE	A41FTM095	
Wizoo	Platinum24 - Acoustic Drums	CD 1 -> Partition B -> 03 AMBIENCE -> SAMPLE	A41FTM120	
Wizoo	Platinum24 - Acoustic Drums	CD 1 -> Partition B -> 03 AMBIENCE -> SAMPLE	A41FTM127	
Wizoo	Platinum24 - Acoustic Drums	CD 1 -> Partition B -> 03 AMBIENCE -> SAMPLE	A42HHC065	
Wizoo	Platinum24 - Acoustic Drums	CD 1 -> Partition B -> 03 AMBIENCE -> SAMPLE	A42HHC095	
Wizoo	Platinum24 - Acoustic Drums	CD 1 -> Partition B -> 03 AMBIENCE -> SAMPLE	A42HHC120	
Wizoo	Platinum24 - Acoustic Drums	CD 1 -> Partition B -> 03 AMBIENCE -> SAMPLE	A42HHC127	
Wizoo	Platinum24 - Acoustic Drums	CD 1 -> Partition B -> 03 AMBIENCE -> SAMPLE	A44HHP065	
Wizoo	Platinum24 - Acoustic Drums	CD 1 -> Partition B -> 03 AMBIENCE -> SAMPLE	A44HHP095	
Wizoo	Platinum24 - Acoustic Drums	CD 1 -> Partition B -> 03 AMBIENCE -> SAMPLE	A44HHP120	
Wizoo	Platinum24 - Acoustic Drums	CD 1 -> Partition B -> 03 AMBIENCE -> SAMPLE	A44HHP127	
Wizoo	Platinum24 - Acoustic Drums	CD 1 -> Partition B -> 03 AMBIENCE -> SAMPLE	A45LTM065	
Wizoo	Platinum24 - Acoustic Drums	CD 1 -> Partition B -> 03 AMBIENCE -> SAMPLE	A45LTM095	
Wizoo	Platinum24 - Acoustic Drums	CD 1 -> Partition B -> 03 AMBIENCE -> SAMPLE	A45LTM120	
Wizoo	Platinum24 - Acoustic Drums	CD 1 -> Partition B -> 03 AMBIENCE -> SAMPLE	A45LTM127	
Wizoo	Platinum24 - Acoustic Drums	CD 1 -> Partition B -> 03 AMBIENCE -> SAMPLE	A46HHO065	
Wizoo	Platinum24 - Acoustic Drums	CD 1 -> Partition B -> 03 AMBIENCE -> SAMPLE	A46HHO095	
Wizoo	Platinum24 - Acoustic Drums	CD 1 -> Partition B -> 03 AMBIENCE -> SAMPLE	A46HHO120	
Wizoo	Platinum24 - Acoustic Drums	CD 1 -> Partition B -> 03 AMBIENCE -> SAMPLE	A46HHO127	
Wizoo	Platinum24 - Acoustic Drums	CD 1 -> Partition B -> 03 AMBIENCE -> SAMPLE	A48MTH065	
Wizoo	Platinum24 - Acoustic Drums	CD 1 -> Partition B -> 03 AMBIENCE -> SAMPLE	A48MTH095	
Wizoo	Platinum24 - Acoustic Drums	CD 1 -> Partition B -> 03 AMBIENCE -> SAMPLE	A48MTH120	
Wizoo	Platinum24 - Acoustic Drums	CD 1 -> Partition B -> 03 AMBIENCE -> SAMPLE	A48MTH127	
Wizoo	Platinum24 - Acoustic Drums	CD 1 -> Partition B -> 03 AMBIENCE -> SAMPLE	A49CR1065	
Wizoo	Platinum24 - Acoustic Drums	CD 1 -> Partition B -> 03 AMBIENCE -> SAMPLE	A49CR1095	
Wizoo	Platinum24 - Acoustic Drums	CD 1 -> Partition B -> 03 AMBIENCE -> SAMPLE	A49CR1120	
Wizoo	Platinum24 - Acoustic Drums	CD 1 -> Partition B -> 03 AMBIENCE -> SAMPLE	A49CR1127	
Wizoo	Platinum24 - Acoustic Drums	CD 1 -> Partition B -> 03 AMBIENCE -> SAMPLE	A50HTH065	
Wizoo	Platinum24 - Acoustic Drums	CD 1 -> Partition B -> 03 AMBIENCE -> SAMPLE	A50HTH095	
Wizoo	Platinum24 - Acoustic Drums	CD 1 -> Partition B -> 03 AMBIENCE -> SAMPLE	A50HTH120	
Wizoo	Platinum24 - Acoustic Drums	CD 1 -> Partition B -> 03 AMBIENCE -> SAMPLE	A50HTH127	
Wizoo	Platinum24 - Acoustic Drums	CD 1 -> Partition B -> 03 AMBIENCE -> SAMPLE	A51RD1065	
Wizoo	Platinum24 - Acoustic Drums	CD 1 -> Partition B -> 03 AMBIENCE -> SAMPLE	A51RD1095	
Wizoo	Platinum24 - Acoustic Drums	CD 1 -> Partition B -> 03 AMBIENCE -> SAMPLE	A51RD1120	
Wizoo	Platinum24 - Acoustic Drums	CD 1 -> Partition B -> 03 AMBIENCE -> SAMPLE	A51RD1127	
Wizoo	Platinum24 - Acoustic Drums	CD 1 -> Partition B -> 03 AMBIENCE -> SAMPLE	A53RDC065	
Wizoo	Platinum24 - Acoustic Drums	CD 1 -> Partition B -> 03 AMBIENCE -> SAMPLE	A53RDC095	
Wizoo	Platinum24 - Acoustic Drums	CD 1 -> Partition B -> 03 AMBIENCE -> SAMPLE	A53RDC120	
Wizoo	Platinum24 - Acoustic Drums	CD 1 -> Partition B -> 03 AMBIENCE -> SAMPLE	A53RDC127	
Wizoo	Platinum24 - Acoustic Drums	CD 1 -> Partition C -> 04 BALLAD -> PROGRAM	CLAPS	
Wizoo	Platinum24 - Acoustic Drums	CD 1 -> Partition C -> 04 BALLAD -> PROGRAM	CRASH	
Wizoo	Platinum24 - Acoustic Drums	CD 1 -> Partition C -> 04 BALLAD -> PROGRAM	HHTS	
Wizoo	Platinum24 - Acoustic Drums	CD 1 -> Partition C -> 04 BALLAD -> PROGRAM	KICK	
Wizoo	Platinum24 - Acoustic Drums	CD 1 -> Partition C -> 04 BALLAD -> PROGRAM	RIDE	
Wizoo	Platinum24 - Acoustic Drums	CD 1 -> Partition C -> 04 BALLAD -> PROGRAM	SNARES	
Wizoo	Platinum24 - Acoustic Drums	CD 1 -> Partition C -> 04 BALLAD -> PROGRAM	TOMS	
Wizoo	Platinum24 - Acoustic Drums	CD 1 -> Partition C -> 04 BALLAD -> SAMPLE	39CLAP1	
Wizoo	Platinum24 - Acoustic Drums	CD 1 -> Partition C -> 04 BALLAD -> SAMPLE	39CLAP2   -L	
Wizoo	Platinum24 - Acoustic Drums	CD 1 -> Partition C -> 04 BALLAD -> SAMPLE	39CLAP2   -R	
Wizoo	Platinum24 - Acoustic Drums	CD 1 -> Partition C -> 04 BALLAD -> SAMPLE	B34ORM065	
Wizoo	Platinum24 - Acoustic Drums	CD 1 -> Partition C -> 04 BALLAD -> SAMPLE	B34ORM095	
Wizoo	Platinum24 - Acoustic Drums	CD 1 -> Partition C -> 04 BALLAD -> SAMPLE	B34ORM120	
Wizoo	Platinum24 - Acoustic Drums	CD 1 -> Partition C -> 04 BALLAD -> SAMPLE	B34ORM127	
Wizoo	Platinum24 - Acoustic Drums	CD 1 -> Partition C -> 04 BALLAD -> SAMPLE	B36BD1065	
Wizoo	Platinum24 - Acoustic Drums	CD 1 -> Partition C -> 04 BALLAD -> SAMPLE	B36BD1095	
Wizoo	Platinum24 - Acoustic Drums	CD 1 -> Partition C -> 04 BALLAD -> SAMPLE	B36BD1120	
Wizoo	Platinum24 - Acoustic Drums	CD 1 -> Partition C -> 04 BALLAD -> SAMPLE	B36BD1127	
Wizoo	Platinum24 - Acoustic Drums	CD 1 -> Partition C -> 04 BALLAD -> SAMPLE	B37CRM095	
Wizoo	Platinum24 - Acoustic Drums	CD 1 -> Partition C -> 04 BALLAD -> SAMPLE	B37CRM120	
Wizoo	Platinum24 - Acoustic Drums	CD 1 -> Partition C -> 04 BALLAD -> SAMPLE	B37CRM127	
Wizoo	Platinum24 - Acoustic Drums	CD 1 -> Partition C -> 04 BALLAD -> SAMPLE	B38SD1065	
Wizoo	Platinum24 - Acoustic Drums	CD 1 -> Partition C -> 04 BALLAD -> SAMPLE	B38SD1095	
Wizoo	Platinum24 - Acoustic Drums	CD 1 -> Partition C -> 04 BALLAD -> SAMPLE	B38SD1120	
Wizoo	Platinum24 - Acoustic Drums	CD 1 -> Partition C -> 04 BALLAD -> SAMPLE	B38SD1127	
Wizoo	Platinum24 - Acoustic Drums	CD 1 -> Partition C -> 04 BALLAD -> SAMPLE	B42HHC065	
Wizoo	Platinum24 - Acoustic Drums	CD 1 -> Partition C -> 04 BALLAD -> SAMPLE	B42HHC095	
Wizoo	Platinum24 - Acoustic Drums	CD 1 -> Partition C -> 04 BALLAD -> SAMPLE	B42HHC120	
Wizoo	Platinum24 - Acoustic Drums	CD 1 -> Partition C -> 04 BALLAD -> SAMPLE	B42HHC127	
Wizoo	Platinum24 - Acoustic Drums	CD 1 -> Partition C -> 04 BALLAD -> SAMPLE	B49CR1065	
Wizoo	Platinum24 - Acoustic Drums	CD 1 -> Partition C -> 04 BALLAD -> SAMPLE	B49CR1095	
Wizoo	Platinum24 - Acoustic Drums	CD 1 -> Partition C -> 04 BALLAD -> SAMPLE	B49CR1120	
Wizoo	Platinum24 - Acoustic Drums	CD 1 -> Partition C -> 04 BALLAD -> SAMPLE	B49CR1127	
Wizoo	Platinum24 - Acoustic Drums	CD 1 -> Partition C -> 04 BALLAD -> SAMPLE	B51RD1065	
Wizoo	Platinum24 - Acoustic Drums	CD 1 -> Partition C -> 04 BALLAD -> SAMPLE	B51RD1095	
Wizoo	Platinum24 - Acoustic Drums	CD 1 -> Partition C -> 04 BALLAD -> SAMPLE	B51RD1120	
Wizoo	Platinum24 - Acoustic Drums	CD 1 -> Partition C -> 04 BALLAD -> SAMPLE	B51RD1127	
Wizoo	Platinum24 - Acoustic Drums	CD 1 -> Partition C -> 04 BALLAD -> SAMPLE	B53RDC095	
Wizoo	Platinum24 - Acoustic Drums	CD 1 -> Partition C -> 04 BALLAD -> SAMPLE	B53RDC120	
Wizoo	Platinum24 - Acoustic Drums	CD 1 -> Partition C -> 04 BALLAD -> SAMPLE	B53RDC127	
Wizoo	Platinum24 - Acoustic Drums	CD 1 -> Partition C -> 04 BALLAD -> SAMPLE	R41FTM065	
Wizoo	Platinum24 - Acoustic Drums	CD 1 -> Partition C -> 04 BALLAD -> SAMPLE	R41FTM095	
Wizoo	Platinum24 - Acoustic Drums	CD 1 -> Partition C -> 04 BALLAD -> SAMPLE	R41FTM120	
Wizoo	Platinum24 - Acoustic Drums	CD 1 -> Partition C -> 04 BALLAD -> SAMPLE	R41FTM127	
Wizoo	Platinum24 - Acoustic Drums	CD 1 -> Partition C -> 04 BALLAD -> SAMPLE	R45LTM065	
Wizoo	Platinum24 - Acoustic Drums	CD 1 -> Partition C -> 04 BALLAD -> SAMPLE	R45LTM095	
Wizoo	Platinum24 - Acoustic Drums	CD 1 -> Partition C -> 04 BALLAD -> SAMPLE	R45LTM120	
Wizoo	Platinum24 - Acoustic Drums	CD 1 -> Partition C -> 04 BALLAD -> SAMPLE	R45LTM127	
Wizoo	Platinum24 - Acoustic Drums	CD 1 -> Partition C -> 04 BALLAD -> SAMPLE	R47MTL065	
Wizoo	Platinum24 - Acoustic Drums	CD 1 -> Partition C -> 04 BALLAD -> SAMPLE	R47MTL095	
Wizoo	Platinum24 - Acoustic Drums	CD 1 -> Partition C -> 04 BALLAD -> SAMPLE	R47MTL120	
Wizoo	Platinum24 - Acoustic Drums	CD 1 -> Partition C -> 04 BALLAD -> SAMPLE	R47MTL127	
Wizoo	Platinum24 - Acoustic Drums	CD 1 -> Partition C -> 04 BALLAD -> SAMPLE	R48MTH065	
Wizoo	Platinum24 - Acoustic Drums	CD 1 -> Partition C -> 04 BALLAD -> SAMPLE	R48MTH095	
Wizoo	Platinum24 - Acoustic Drums	CD 1 -> Partition C -> 04 BALLAD -> SAMPLE	R48MTH120	
Wizoo	Platinum24 - Acoustic Drums	CD 1 -> Partition C -> 04 BALLAD -> SAMPLE	R48MTH127 -L	
Wizoo	Platinum24 - Acoustic Drums	CD 1 -> Partition C -> 04 BALLAD -> SAMPLE	R48MTH127 -R	
Wizoo	Platinum24 - Acoustic Drums	CD 1 -> Partition C -> 04 BALLAD -> SAMPLE	R50HTH065	
Wizoo	Platinum24 - Acoustic Drums	CD 1 -> Partition C -> 04 BALLAD -> SAMPLE	R50HTH095	
Wizoo	Platinum24 - Acoustic Drums	CD 1 -> Partition C -> 04 BALLAD -> SAMPLE	R50HTH120	
Wizoo	Platinum24 - Acoustic Drums	CD 1 -> Partition C -> 04 BALLAD -> SAMPLE	R50HTH127	
Wizoo	Platinum24 - Acoustic Drums	CD 1 -> Partition C -> 04 BALLAD -> SAMPLE	S46HHO095	
Wizoo	Platinum24 - Acoustic Drums	CD 1 -> Partition C -> 04 BALLAD -> SAMPLE	S46HHO127	
Wizoo	Platinum24 - Acoustic Drums	CD 1 -> Partition C -> 05 DRY KIT -> PROGRAM	CRASH	
Wizoo	Platinum24 - Acoustic Drums	CD 1 -> Partition C -> 05 DRY KIT -> PROGRAM	HHTS	
Wizoo	Platinum24 - Acoustic Drums	CD 1 -> Partition C -> 05 DRY KIT -> PROGRAM	KICK	
Wizoo	Platinum24 - Acoustic Drums	CD 1 -> Partition C -> 05 DRY KIT -> PROGRAM	RIDE	
Wizoo	Platinum24 - Acoustic Drums	CD 1 -> Partition C -> 05 DRY KIT -> PROGRAM	SNARES	
Wizoo	Platinum24 - Acoustic Drums	CD 1 -> Partition C -> 05 DRY KIT -> PROGRAM	TOMS	
Wizoo	Platinum24 - Acoustic Drums	CD 1 -> Partition C -> 05 DRY KIT -> SAMPLE	34ORM0401	
Wizoo	Platinum24 - Acoustic Drums	CD 1 -> Partition C -> 05 DRY KIT -> SAMPLE	34ORM0402	
Wizoo	Platinum24 - Acoustic Drums	CD 1 -> Partition C -> 05 DRY KIT -> SAMPLE	34ORM0403	
Wizoo	Platinum24 - Acoustic Drums	CD 1 -> Partition C -> 05 DRY KIT -> SAMPLE	34ORM0404	
Wizoo	Platinum24 - Acoustic Drums	CD 1 -> Partition C -> 05 DRY KIT -> SAMPLE	36BD10401	
Wizoo	Platinum24 - Acoustic Drums	CD 1 -> Partition C -> 05 DRY KIT -> SAMPLE	36BD10402	
Wizoo	Platinum24 - Acoustic Drums	CD 1 -> Partition C -> 05 DRY KIT -> SAMPLE	36BD10403	
Wizoo	Platinum24 - Acoustic Drums	CD 1 -> Partition C -> 05 DRY KIT -> SAMPLE	36BD10404	
Wizoo	Platinum24 - Acoustic Drums	CD 1 -> Partition C -> 05 DRY KIT -> SAMPLE	37CRM0401	
Wizoo	Platinum24 - Acoustic Drums	CD 1 -> Partition C -> 05 DRY KIT -> SAMPLE	37CRM0402	
Wizoo	Platinum24 - Acoustic Drums	CD 1 -> Partition C -> 05 DRY KIT -> SAMPLE	37CRM0403	
Wizoo	Platinum24 - Acoustic Drums	CD 1 -> Partition C -> 05 DRY KIT -> SAMPLE	37CRM0404	
Wizoo	Platinum24 - Acoustic Drums	CD 1 -> Partition C -> 05 DRY KIT -> SAMPLE	38SD10401	
Wizoo	Platinum24 - Acoustic Drums	CD 1 -> Partition C -> 05 DRY KIT -> SAMPLE	38SD10402	
Wizoo	Platinum24 - Acoustic Drums	CD 1 -> Partition C -> 05 DRY KIT -> SAMPLE	38SD10403	
Wizoo	Platinum24 - Acoustic Drums	CD 1 -> Partition C -> 05 DRY KIT -> SAMPLE	38SD10404	
Wizoo	Platinum24 - Acoustic Drums	CD 1 -> Partition C -> 05 DRY KIT -> SAMPLE	41FTM0401	
Wizoo	Platinum24 - Acoustic Drums	CD 1 -> Partition C -> 05 DRY KIT -> SAMPLE	41FTM0402	
Wizoo	Platinum24 - Acoustic Drums	CD 1 -> Partition C -> 05 DRY KIT -> SAMPLE	41FTM0403	
Wizoo	Platinum24 - Acoustic Drums	CD 1 -> Partition C -> 05 DRY KIT -> SAMPLE	41FTM0404	
Wizoo	Platinum24 - Acoustic Drums	CD 1 -> Partition C -> 05 DRY KIT -> SAMPLE	42HHC0401	
Wizoo	Platinum24 - Acoustic Drums	CD 1 -> Partition C -> 05 DRY KIT -> SAMPLE	42HHC0402	
Wizoo	Platinum24 - Acoustic Drums	CD 1 -> Partition C -> 05 DRY KIT -> SAMPLE	42HHC0403	
Wizoo	Platinum24 - Acoustic Drums	CD 1 -> Partition C -> 05 DRY KIT -> SAMPLE	42HHC0404	
Wizoo	Platinum24 - Acoustic Drums	CD 1 -> Partition C -> 05 DRY KIT -> SAMPLE	44HHP0401	
Wizoo	Platinum24 - Acoustic Drums	CD 1 -> Partition C -> 05 DRY KIT -> SAMPLE	44HHP0402	
Wizoo	Platinum24 - Acoustic Drums	CD 1 -> Partition C -> 05 DRY KIT -> SAMPLE	44HHP0403	
Wizoo	Platinum24 - Acoustic Drums	CD 1 -> Partition C -> 05 DRY KIT -> SAMPLE	44HHP0404	
Wizoo	Platinum24 - Acoustic Drums	CD 1 -> Partition C -> 05 DRY KIT -> SAMPLE	45LTM0401	
Wizoo	Platinum24 - Acoustic Drums	CD 1 -> Partition C -> 05 DRY KIT -> SAMPLE	45LTM0402	
Wizoo	Platinum24 - Acoustic Drums	CD 1 -> Partition C -> 05 DRY KIT -> SAMPLE	45LTM0403	
Wizoo	Platinum24 - Acoustic Drums	CD 1 -> Partition C -> 05 DRY KIT -> SAMPLE	45LTM0404	
Wizoo	Platinum24 - Acoustic Drums	CD 1 -> Partition C -> 05 DRY KIT -> SAMPLE	46HHO0401	
Wizoo	Platinum24 - Acoustic Drums	CD 1 -> Partition C -> 05 DRY KIT -> SAMPLE	46HHO0402	
Wizoo	Platinum24 - Acoustic Drums	CD 1 -> Partition C -> 05 DRY KIT -> SAMPLE	46HHO0403	
Wizoo	Platinum24 - Acoustic Drums	CD 1 -> Partition C -> 05 DRY KIT -> SAMPLE	46HHO0404	
Wizoo	Platinum24 - Acoustic Drums	CD 1 -> Partition C -> 05 DRY KIT -> SAMPLE	48MTH0401	
Wizoo	Platinum24 - Acoustic Drums	CD 1 -> Partition C -> 05 DRY KIT -> SAMPLE	48MTH0402	
Wizoo	Platinum24 - Acoustic Drums	CD 1 -> Partition C -> 05 DRY KIT -> SAMPLE	48MTH0403	
Wizoo	Platinum24 - Acoustic Drums	CD 1 -> Partition C -> 05 DRY KIT -> SAMPLE	48MTH0404	
Wizoo	Platinum24 - Acoustic Drums	CD 1 -> Partition C -> 05 DRY KIT -> SAMPLE	49CR10401	
Wizoo	Platinum24 - Acoustic Drums	CD 1 -> Partition C -> 05 DRY KIT -> SAMPLE	49CR10402	
Wizoo	Platinum24 - Acoustic Drums	CD 1 -> Partition C -> 05 DRY KIT -> SAMPLE	49CR10403	
Wizoo	Platinum24 - Acoustic Drums	CD 1 -> Partition C -> 05 DRY KIT -> SAMPLE	49CR10404	
Wizoo	Platinum24 - Acoustic Drums	CD 1 -> Partition C -> 05 DRY KIT -> SAMPLE	50HTH0401	
Wizoo	Platinum24 - Acoustic Drums	CD 1 -> Partition C -> 05 DRY KIT -> SAMPLE	50HTH0402	
Wizoo	Platinum24 - Acoustic Drums	CD 1 -> Partition C -> 05 DRY KIT -> SAMPLE	50HTH0403	
Wizoo	Platinum24 - Acoustic Drums	CD 1 -> Partition C -> 05 DRY KIT -> SAMPLE	50HTH0404	
Wizoo	Platinum24 - Acoustic Drums	CD 1 -> Partition C -> 05 DRY KIT -> SAMPLE	51RD10401	
Wizoo	Platinum24 - Acoustic Drums	CD 1 -> Partition C -> 05 DRY KIT -> SAMPLE	51RD10402	
Wizoo	Platinum24 - Acoustic Drums	CD 1 -> Partition C -> 05 DRY KIT -> SAMPLE	51RD10403	
Wizoo	Platinum24 - Acoustic Drums	CD 1 -> Partition C -> 05 DRY KIT -> SAMPLE	51RD10404	
Wizoo	Platinum24 - Acoustic Drums	CD 1 -> Partition C -> 05 DRY KIT -> SAMPLE	53RDC0401	
Wizoo	Platinum24 - Acoustic Drums	CD 1 -> Partition C -> 05 DRY KIT -> SAMPLE	53RDC0402	
Wizoo	Platinum24 - Acoustic Drums	CD 1 -> Partition C -> 05 DRY KIT -> SAMPLE	53RDC0403	
Wizoo	Platinum24 - Acoustic Drums	CD 1 -> Partition C -> 05 DRY KIT -> SAMPLE	53RDC0404	
Wizoo	Platinum24 - Acoustic Drums	CD 1 -> Partition C -> 06 PERCUSSIO -> PROGRAM	PERCUSSION	
Wizoo	Platinum24 - Acoustic Drums	CD 1 -> Partition D -> 06 PERCUSSIO -> SAMPLE	54TAMB1.AI	
Wizoo	Platinum24 - Acoustic Drums	CD 1 -> Partition D -> 06 PERCUSSIO -> SAMPLE	54TAMB2.AI	
Wizoo	Platinum24 - Acoustic Drums	CD 1 -> Partition D -> 06 PERCUSSIO -> SAMPLE	54TAMB3.AI	
Wizoo	Platinum24 - Acoustic Drums	CD 1 -> Partition D -> 06 PERCUSSIO -> SAMPLE	54TAMB4.AI	
Wizoo	Platinum24 - Acoustic Drums	CD 1 -> Partition D -> 06 PERCUSSIO -> SAMPLE	56COW0101.	
Wizoo	Platinum24 - Acoustic Drums	CD 1 -> Partition D -> 06 PERCUSSIO -> SAMPLE	56COW0102.	
Wizoo	Platinum24 - Acoustic Drums	CD 1 -> Partition D -> 06 PERCUSSIO -> SAMPLE	56COW0103.	
Wizoo	Platinum24 - Acoustic Drums	CD 1 -> Partition D -> 06 PERCUSSIO -> SAMPLE	56COW0104.	
Wizoo	Platinum24 - Acoustic Drums	CD 1 -> Partition D -> 06 PERCUSSIO -> SAMPLE	58A2VS1	
Wizoo	Platinum24 - Acoustic Drums	CD 1 -> Partition D -> 06 PERCUSSIO -> SAMPLE	60C3BH1	
Wizoo	Platinum24 - Acoustic Drums	CD 1 -> Partition D -> 06 PERCUSSIO -> SAMPLE	60C3BH2	
Wizoo	Platinum24 - Acoustic Drums	CD 1 -> Partition D -> 06 PERCUSSIO -> SAMPLE	61C3BL01	
Wizoo	Platinum24 - Acoustic Drums	CD 1 -> Partition D -> 06 PERCUSSIO -> SAMPLE	61C3BL02	
Wizoo	Platinum24 - Acoustic Drums	CD 1 -> Partition D -> 06 PERCUSSIO -> SAMPLE	62MUTE01	
Wizoo	Platinum24 - Acoustic Drums	CD 1 -> Partition D -> 06 PERCUSSIO -> SAMPLE	62MUTE02	
Wizoo	Platinum24 - Acoustic Drums	CD 1 -> Partition D -> 06 PERCUSSIO -> SAMPLE	62MUTE03	
Wizoo	Platinum24 - Acoustic Drums	CD 1 -> Partition D -> 06 PERCUSSIO -> SAMPLE	62MUTE04	
Wizoo	Platinum24 - Acoustic Drums	CD 1 -> Partition D -> 06 PERCUSSIO -> SAMPLE	63OPEN01	
Wizoo	Platinum24 - Acoustic Drums	CD 1 -> Partition D -> 06 PERCUSSIO -> SAMPLE	63OPEN02	
Wizoo	Platinum24 - Acoustic Drums	CD 1 -> Partition D -> 06 PERCUSSIO -> SAMPLE	63OPEN03	
Wizoo	Platinum24 - Acoustic Drums	CD 1 -> Partition D -> 06 PERCUSSIO -> SAMPLE	63OPEN04	
Wizoo	Platinum24 - Acoustic Drums	CD 1 -> Partition D -> 06 PERCUSSIO -> SAMPLE	64OPE01	
Wizoo	Platinum24 - Acoustic Drums	CD 1 -> Partition D -> 06 PERCUSSIO -> SAMPLE	64OPE02	
Wizoo	Platinum24 - Acoustic Drums	CD 1 -> Partition D -> 06 PERCUSSIO -> SAMPLE	64OPE03	
Wizoo	Platinum24 - Acoustic Drums	CD 1 -> Partition D -> 06 PERCUSSIO -> SAMPLE	64OPE04	
Wizoo	Platinum24 - Acoustic Drums	CD 1 -> Partition D -> 06 PERCUSSIO -> SAMPLE	67G3AH2	
Wizoo	Platinum24 - Acoustic Drums	CD 1 -> Partition D -> 06 PERCUSSIO -> SAMPLE	68G3AL1	
Wizoo	Platinum24 - Acoustic Drums	CD 1 -> Partition D -> 06 PERCUSSIO -> SAMPLE	69CABA01	
Wizoo	Platinum24 - Acoustic Drums	CD 1 -> Partition D -> 06 PERCUSSIO -> SAMPLE	69CABA02	
Wizoo	Platinum24 - Acoustic Drums	CD 1 -> Partition D -> 06 PERCUSSIO -> SAMPLE	69CABA03	
Wizoo	Platinum24 - Acoustic Drums	CD 1 -> Partition D -> 06 PERCUSSIO -> SAMPLE	69CABA04	
Wizoo	Platinum24 - Acoustic Drums	CD 1 -> Partition D -> 06 PERCUSSIO -> SAMPLE	70MAR0401	
Wizoo	Platinum24 - Acoustic Drums	CD 1 -> Partition D -> 06 PERCUSSIO -> SAMPLE	70MAR0402	
Wizoo	Platinum24 - Acoustic Drums	CD 1 -> Partition D -> 06 PERCUSSIO -> SAMPLE	70MAR0403	
Wizoo	Platinum24 - Acoustic Drums	CD 1 -> Partition D -> 06 PERCUSSIO -> SAMPLE	70MAR0404	
Wizoo	Platinum24 - Acoustic Drums	CD 1 -> Partition D -> 06 PERCUSSIO -> SAMPLE	71B3SH1	
Wizoo	Platinum24 - Acoustic Drums	CD 1 -> Partition D -> 06 PERCUSSIO -> SAMPLE	72C4SL1	
Wizoo	Platinum24 - Acoustic Drums	CD 1 -> Partition D -> 06 PERCUSSIO -> SAMPLE	73C4GS1	
Wizoo	Platinum24 - Acoustic Drums	CD 1 -> Partition D -> 06 PERCUSSIO -> SAMPLE	74D4GL1	
Wizoo	Platinum24 - Acoustic Drums	CD 1 -> Partition D -> 06 PERCUSSIO -> SAMPLE	75D4CV6	
Wizoo	Platinum24 - Acoustic Drums	CD 1 -> Partition D -> 06 PERCUSSIO -> SAMPLE	76E4WH3	
Wizoo	Platinum24 - Acoustic Drums	CD 1 -> Partition D -> 06 PERCUSSIO -> SAMPLE	77F4WL1	
Wizoo	Platinum24 - Acoustic Drums	CD 1 -> Partition D -> 06 PERCUSSIO -> SAMPLE	78F4CH1	
Wizoo	Platinum24 - Acoustic Drums	CD 1 -> Partition D -> 06 PERCUSSIO -> SAMPLE	79G4CL1	
Wizoo	Platinum24 - Acoustic Drums	CD 1 -> Partition D -> 06 PERCUSSIO -> SAMPLE	80G4TM1	
Wizoo	Platinum24 - Acoustic Drums	CD 1 -> Partition D -> 06 PERCUSSIO -> SAMPLE	81A4TO3	
Wizoo	Platinum24 - Acoustic Drums	CD 1 -> Partition D -> 06 PERCUSSIO -> SAMPLE	82SHAK01	
Wizoo	Platinum24 - Acoustic Drums	CD 1 -> Partition D -> 06 PERCUSSIO -> SAMPLE	82SHAK02	
Wizoo	Platinum24 - Acoustic Drums	CD 1 -> Partition D -> 06 PERCUSSIO -> SAMPLE	82SHAK03	
Wizoo	Platinum24 - Acoustic Drums	CD 1 -> Partition D -> 06 PERCUSSIO -> SAMPLE	82SHAK04	
Wizoo	Platinum24 - Acoustic Drums	CD 1 -> Partition D -> 07 LATIN KIT -> PROGRAM	CRASH	
Wizoo	Platinum24 - Acoustic Drums	CD 1 -> Partition D -> 07 LATIN KIT -> PROGRAM	HHTS	
Wizoo	Platinum24 - Acoustic Drums	CD 1 -> Partition D -> 07 LATIN KIT -> PROGRAM	NNCK	
Wizoo	Platinum24 - Acoustic Drums	CD 1 -> Partition D -> 07 LATIN KIT -> PROGRAM	PERCUSSION	
Wizoo	Platinum24 - Acoustic Drums	CD 1 -> Partition D -> 07 LATIN KIT -> PROGRAM	RIDE	
Wizoo	Platinum24 - Acoustic Drums	CD 1 -> Partition D -> 07 LATIN KIT -> PROGRAM	SNARES	
Wizoo	Platinum24 - Acoustic Drums	CD 1 -> Partition D -> 07 LATIN KIT -> SAMPLE	36KICK1	
Wizoo	Platinum24 - Acoustic Drums	CD 1 -> Partition D -> 07 LATIN KIT -> SAMPLE	36KICK2	
Wizoo	Platinum24 - Acoustic Drums	CD 1 -> Partition D -> 07 LATIN KIT -> SAMPLE	36KICK3	
Wizoo	Platinum24 - Acoustic Drums	CD 1 -> Partition D -> 07 LATIN KIT -> SAMPLE	36KICK4	
Wizoo	Platinum24 - Acoustic Drums	CD 1 -> Partition D -> 07 LATIN KIT -> SAMPLE	54TAMB3	
Wizoo	Platinum24 - Acoustic Drums	CD 1 -> Partition D -> 07 LATIN KIT -> SAMPLE	56COW1	
Wizoo	Platinum24 - Acoustic Drums	CD 1 -> Partition D -> 07 LATIN KIT -> SAMPLE	56COW2	
Wizoo	Platinum24 - Acoustic Drums	CD 1 -> Partition D -> 07 LATIN KIT -> SAMPLE	56COW3	
Wizoo	Platinum24 - Acoustic Drums	CD 1 -> Partition D -> 07 LATIN KIT -> SAMPLE	56COW4	
Wizoo	Platinum24 - Acoustic Drums	CD 1 -> Partition D -> 07 LATIN KIT -> SAMPLE	62CONGAH1	
Wizoo	Platinum24 - Acoustic Drums	CD 1 -> Partition D -> 07 LATIN KIT -> SAMPLE	62CONGAH2	
Wizoo	Platinum24 - Acoustic Drums	CD 1 -> Partition D -> 07 LATIN KIT -> SAMPLE	62CONGAH3	
Wizoo	Platinum24 - Acoustic Drums	CD 1 -> Partition D -> 07 LATIN KIT -> SAMPLE	62CONGAH4	
Wizoo	Platinum24 - Acoustic Drums	CD 1 -> Partition D -> 07 LATIN KIT -> SAMPLE	63CONGAH1	
Wizoo	Platinum24 - Acoustic Drums	CD 1 -> Partition D -> 07 LATIN KIT -> SAMPLE	63CONGAH2	
Wizoo	Platinum24 - Acoustic Drums	CD 1 -> Partition D -> 07 LATIN KIT -> SAMPLE	63CONGAH3	
Wizoo	Platinum24 - Acoustic Drums	CD 1 -> Partition D -> 07 LATIN KIT -> SAMPLE	63CONGAH4	
Wizoo	Platinum24 - Acoustic Drums	CD 1 -> Partition D -> 07 LATIN KIT -> SAMPLE	64CONGAL1	
Wizoo	Platinum24 - Acoustic Drums	CD 1 -> Partition D -> 07 LATIN KIT -> SAMPLE	64CONGAL2	
Wizoo	Platinum24 - Acoustic Drums	CD 1 -> Partition D -> 07 LATIN KIT -> SAMPLE	64CONGAL3	
Wizoo	Platinum24 - Acoustic Drums	CD 1 -> Partition D -> 07 LATIN KIT -> SAMPLE	64CONGAL4	
Wizoo	Platinum24 - Acoustic Drums	CD 1 -> Partition D -> 07 LATIN KIT -> SAMPLE	69CABA1	
Wizoo	Platinum24 - Acoustic Drums	CD 1 -> Partition D -> 07 LATIN KIT -> SAMPLE	69CABA2	
Wizoo	Platinum24 - Acoustic Drums	CD 1 -> Partition D -> 07 LATIN KIT -> SAMPLE	69CABA3	
Wizoo	Platinum24 - Acoustic Drums	CD 1 -> Partition D -> 07 LATIN KIT -> SAMPLE	69CABA4	
Wizoo	Platinum24 - Acoustic Drums	CD 1 -> Partition D -> 07 LATIN KIT -> SAMPLE	70MARA1	
Wizoo	Platinum24 - Acoustic Drums	CD 1 -> Partition D -> 07 LATIN KIT -> SAMPLE	70MARA2	
Wizoo	Platinum24 - Acoustic Drums	CD 1 -> Partition D -> 07 LATIN KIT -> SAMPLE	70MARA3	
Wizoo	Platinum24 - Acoustic Drums	CD 1 -> Partition D -> 07 LATIN KIT -> SAMPLE	70MARA4	
Wizoo	Platinum24 - Acoustic Drums	CD 1 -> Partition D -> 07 LATIN KIT -> SAMPLE	76WOOD1	
Wizoo	Platinum24 - Acoustic Drums	CD 1 -> Partition D -> 07 LATIN KIT -> SAMPLE	76WOOD2	
Wizoo	Platinum24 - Acoustic Drums	CD 1 -> Partition D -> 07 LATIN KIT -> SAMPLE	76WOOD3	
Wizoo	Platinum24 - Acoustic Drums	CD 1 -> Partition D -> 07 LATIN KIT -> SAMPLE	76WOOD4	
Wizoo	Platinum24 - Acoustic Drums	CD 1 -> Partition D -> 07 LATIN KIT -> SAMPLE	82SHAK01	
Wizoo	Platinum24 - Acoustic Drums	CD 1 -> Partition D -> 07 LATIN KIT -> SAMPLE	82SHAK02	
Wizoo	Platinum24 - Acoustic Drums	CD 1 -> Partition D -> 07 LATIN KIT -> SAMPLE	82SHAK03	
Wizoo	Platinum24 - Acoustic Drums	CD 1 -> Partition D -> 07 LATIN KIT -> SAMPLE	82SHAK04	
Wizoo	Platinum24 - Acoustic Drums	CD 1 -> Partition D -> 07 LATIN KIT -> SAMPLE	L38SD1065	
Wizoo	Platinum24 - Acoustic Drums	CD 1 -> Partition D -> 07 LATIN KIT -> SAMPLE	L38SD1095	
Wizoo	Platinum24 - Acoustic Drums	CD 1 -> Partition D -> 07 LATIN KIT -> SAMPLE	L38SD1120	
Wizoo	Platinum24 - Acoustic Drums	CD 1 -> Partition D -> 07 LATIN KIT -> SAMPLE	L38SD1127	
Wizoo	Platinum24 - Acoustic Drums	CD 1 -> Partition D -> 07 LATIN KIT -> SAMPLE	L42HHC065	
Wizoo	Platinum24 - Acoustic Drums	CD 1 -> Partition D -> 07 LATIN KIT -> SAMPLE	L42HHC095	
Wizoo	Platinum24 - Acoustic Drums	CD 1 -> Partition D -> 07 LATIN KIT -> SAMPLE	L42HHC120	
Wizoo	Platinum24 - Acoustic Drums	CD 1 -> Partition D -> 07 LATIN KIT -> SAMPLE	L42HHC127	
Wizoo	Platinum24 - Acoustic Drums	CD 1 -> Partition D -> 07 LATIN KIT -> SAMPLE	L55SPL095	
Wizoo	Platinum24 - Acoustic Drums	CD 1 -> Partition D -> 07 LATIN KIT -> SAMPLE	L55SPL120	
Wizoo	Platinum24 - Acoustic Drums	CD 1 -> Partition D -> 07 LATIN KIT -> SAMPLE	L55SPL127	
Wizoo	Platinum24 - Acoustic Drums	CD 1 -> Partition D -> 07 LATIN KIT -> SAMPLE	S46HHO095	
Wizoo	Platinum24 - Acoustic Drums	CD 1 -> Partition D -> 07 LATIN KIT -> SAMPLE	S46HHO127	
Wizoo	Platinum24 - Acoustic Drums	CD 1 -> Partition D -> 07 LATIN KIT -> SAMPLE	S51RD1065	
Wizoo	Platinum24 - Acoustic Drums	CD 1 -> Partition D -> 07 LATIN KIT -> SAMPLE	S51RD1095 -L	
Wizoo	Platinum24 - Acoustic Drums	CD 1 -> Partition D -> 07 LATIN KIT -> SAMPLE	S51RD1120	
Wizoo	Platinum24 - Acoustic Drums	CD 1 -> Partition D -> 07 LATIN KIT -> SAMPLE	S51RD1127	
Wizoo	Platinum24 - Acoustic Drums	CD 1 -> Partition D -> 07 LATIN KIT -> SAMPLE	S53RDC065	
Wizoo	Platinum24 - Acoustic Drums	CD 1 -> Partition D -> 07 LATIN KIT -> SAMPLE	S53RDC095	
Wizoo	Platinum24 - Acoustic Drums	CD 1 -> Partition D -> 07 LATIN KIT -> SAMPLE	S53RDC120	
Wizoo	Platinum24 - Acoustic Drums	CD 1 -> Partition D -> 07 LATIN KIT -> SAMPLE	S53RDC127 -L	
Wizoo	Platinum24 - Acoustic Drums	CD 1 -> Partition D -> 07 LATIN KIT -> SAMPLE	S53RDC127 -R	
Wizoo	Platinum24 - Acoustic Drums	CD 1 -> Partition E -> 08 JAZZ KIT -> PROGRAM	BRUSHES	
Wizoo	Platinum24 - Acoustic Drums	CD 1 -> Partition E -> 08 JAZZ KIT -> PROGRAM	CRASH	
Wizoo	Platinum24 - Acoustic Drums	CD 1 -> Partition E -> 08 JAZZ KIT -> PROGRAM	HHTS	
Wizoo	Platinum24 - Acoustic Drums	CD 1 -> Partition E -> 08 JAZZ KIT -> PROGRAM	KICK	
Wizoo	Platinum24 - Acoustic Drums	CD 1 -> Partition E -> 08 JAZZ KIT -> PROGRAM	RIDE	
Wizoo	Platinum24 - Acoustic Drums	CD 1 -> Partition E -> 08 JAZZ KIT -> PROGRAM	SNAPS	
Wizoo	Platinum24 - Acoustic Drums	CD 1 -> Partition E -> 08 JAZZ KIT -> PROGRAM	TOMS	
Wizoo	Platinum24 - Acoustic Drums	CD 1 -> Partition E -> 08 JAZZ KIT -> SAMPLE	J25TAP065	
Wizoo	Platinum24 - Acoustic Drums	CD 1 -> Partition E -> 08 JAZZ KIT -> SAMPLE	J25TAP095	
Wizoo	Platinum24 - Acoustic Drums	CD 1 -> Partition E -> 08 JAZZ KIT -> SAMPLE	J25TAP120	
Wizoo	Platinum24 - Acoustic Drums	CD 1 -> Partition E -> 08 JAZZ KIT -> SAMPLE	J25TAP127	
Wizoo	Platinum24 - Acoustic Drums	CD 1 -> Partition E -> 08 JAZZ KIT -> SAMPLE	J26SWR095	
Wizoo	Platinum24 - Acoustic Drums	CD 1 -> Partition E -> 08 JAZZ KIT -> SAMPLE	J26SWR120	
Wizoo	Platinum24 - Acoustic Drums	CD 1 -> Partition E -> 08 JAZZ KIT -> SAMPLE	J27SLP065	
Wizoo	Platinum24 - Acoustic Drums	CD 1 -> Partition E -> 08 JAZZ KIT -> SAMPLE	J27SLP095	
Wizoo	Platinum24 - Acoustic Drums	CD 1 -> Partition E -> 08 JAZZ KIT -> SAMPLE	J27SLP120	
Wizoo	Platinum24 - Acoustic Drums	CD 1 -> Partition E -> 08 JAZZ KIT -> SAMPLE	J27SLP127	
Wizoo	Platinum24 - Acoustic Drums	CD 1 -> Partition E -> 08 JAZZ KIT -> SAMPLE	J35BD1065	
Wizoo	Platinum24 - Acoustic Drums	CD 1 -> Partition E -> 08 JAZZ KIT -> SAMPLE	J35BD1095	
Wizoo	Platinum24 - Acoustic Drums	CD 1 -> Partition E -> 08 JAZZ KIT -> SAMPLE	J35BD1120	
Wizoo	Platinum24 - Acoustic Drums	CD 1 -> Partition E -> 08 JAZZ KIT -> SAMPLE	J35BD1127	
Wizoo	Platinum24 - Acoustic Drums	CD 1 -> Partition E -> 08 JAZZ KIT -> SAMPLE	J39SNP065	
Wizoo	Platinum24 - Acoustic Drums	CD 1 -> Partition E -> 08 JAZZ KIT -> SAMPLE	J39SNP095	
Wizoo	Platinum24 - Acoustic Drums	CD 1 -> Partition E -> 08 JAZZ KIT -> SAMPLE	J39SNP120	
Wizoo	Platinum24 - Acoustic Drums	CD 1 -> Partition E -> 08 JAZZ KIT -> SAMPLE	J41FTM065	
Wizoo	Platinum24 - Acoustic Drums	CD 1 -> Partition E -> 08 JAZZ KIT -> SAMPLE	J41FTM095	
Wizoo	Platinum24 - Acoustic Drums	CD 1 -> Partition E -> 08 JAZZ KIT -> SAMPLE	J41FTM120	
Wizoo	Platinum24 - Acoustic Drums	CD 1 -> Partition E -> 08 JAZZ KIT -> SAMPLE	J41FTM127	
Wizoo	Platinum24 - Acoustic Drums	CD 1 -> Partition E -> 08 JAZZ KIT -> SAMPLE	J42HHC065	
Wizoo	Platinum24 - Acoustic Drums	CD 1 -> Partition E -> 08 JAZZ KIT -> SAMPLE	J42HHC095	
Wizoo	Platinum24 - Acoustic Drums	CD 1 -> Partition E -> 08 JAZZ KIT -> SAMPLE	J42HHC120	
Wizoo	Platinum24 - Acoustic Drums	CD 1 -> Partition E -> 08 JAZZ KIT -> SAMPLE	J42HHC127	
Wizoo	Platinum24 - Acoustic Drums	CD 1 -> Partition E -> 08 JAZZ KIT -> SAMPLE	J44HHP065	
Wizoo	Platinum24 - Acoustic Drums	CD 1 -> Partition E -> 08 JAZZ KIT -> SAMPLE	J44HHP095	
Wizoo	Platinum24 - Acoustic Drums	CD 1 -> Partition E -> 08 JAZZ KIT -> SAMPLE	J44HHP120	
Wizoo	Platinum24 - Acoustic Drums	CD 1 -> Partition E -> 08 JAZZ KIT -> SAMPLE	J44HHP127	
Wizoo	Platinum24 - Acoustic Drums	CD 1 -> Partition E -> 08 JAZZ KIT -> SAMPLE	J45LTM065	
Wizoo	Platinum24 - Acoustic Drums	CD 1 -> Partition E -> 08 JAZZ KIT -> SAMPLE	J45LTM095	
Wizoo	Platinum24 - Acoustic Drums	CD 1 -> Partition E -> 08 JAZZ KIT -> SAMPLE	J45LTM120	
Wizoo	Platinum24 - Acoustic Drums	CD 1 -> Partition E -> 08 JAZZ KIT -> SAMPLE	J45LTM127	
Wizoo	Platinum24 - Acoustic Drums	CD 1 -> Partition E -> 08 JAZZ KIT -> SAMPLE	J46HHO065	
Wizoo	Platinum24 - Acoustic Drums	CD 1 -> Partition E -> 08 JAZZ KIT -> SAMPLE	J46HHO095	
Wizoo	Platinum24 - Acoustic Drums	CD 1 -> Partition E -> 08 JAZZ KIT -> SAMPLE	J46HHO120	
Wizoo	Platinum24 - Acoustic Drums	CD 1 -> Partition E -> 08 JAZZ KIT -> SAMPLE	J46HHO127	
Wizoo	Platinum24 - Acoustic Drums	CD 1 -> Partition E -> 08 JAZZ KIT -> SAMPLE	J47MTL065	
Wizoo	Platinum24 - Acoustic Drums	CD 1 -> Partition E -> 08 JAZZ KIT -> SAMPLE	J47MTL095	
Wizoo	Platinum24 - Acoustic Drums	CD 1 -> Partition E -> 08 JAZZ KIT -> SAMPLE	J47MTL120	
Wizoo	Platinum24 - Acoustic Drums	CD 1 -> Partition E -> 08 JAZZ KIT -> SAMPLE	J47MTL127	
Wizoo	Platinum24 - Acoustic Drums	CD 1 -> Partition E -> 08 JAZZ KIT -> SAMPLE	J49CR1065	
Wizoo	Platinum24 - Acoustic Drums	CD 1 -> Partition E -> 08 JAZZ KIT -> SAMPLE	J49CR1095	
Wizoo	Platinum24 - Acoustic Drums	CD 1 -> Partition E -> 08 JAZZ KIT -> SAMPLE	J49CR1120	
Wizoo	Platinum24 - Acoustic Drums	CD 1 -> Partition E -> 08 JAZZ KIT -> SAMPLE	J49CR1127	
Wizoo	Platinum24 - Acoustic Drums	CD 1 -> Partition E -> 08 JAZZ KIT -> SAMPLE	J50HTH065	
Wizoo	Platinum24 - Acoustic Drums	CD 1 -> Partition E -> 08 JAZZ KIT -> SAMPLE	J50HTH095	
Wizoo	Platinum24 - Acoustic Drums	CD 1 -> Partition E -> 08 JAZZ KIT -> SAMPLE	J50HTH120	
Wizoo	Platinum24 - Acoustic Drums	CD 1 -> Partition E -> 08 JAZZ KIT -> SAMPLE	J50HTH127	
Wizoo	Platinum24 - Acoustic Drums	CD 1 -> Partition E -> 08 JAZZ KIT -> SAMPLE	J51RD1065	
Wizoo	Platinum24 - Acoustic Drums	CD 1 -> Partition E -> 08 JAZZ KIT -> SAMPLE	J51RD1095	
Wizoo	Platinum24 - Acoustic Drums	CD 1 -> Partition E -> 08 JAZZ KIT -> SAMPLE	J51RD1120	
Wizoo	Platinum24 - Acoustic Drums	CD 1 -> Partition E -> 08 JAZZ KIT -> SAMPLE	J51RD1127 -R	
Wizoo	Platinum24 - Acoustic Drums	CD 1 -> Partition E -> 08 JAZZ KIT -> SAMPLE	J53RDC065	
Wizoo	Platinum24 - Acoustic Drums	CD 1 -> Partition E -> 08 JAZZ KIT -> SAMPLE	J53RDC095	
Wizoo	Platinum24 - Acoustic Drums	CD 1 -> Partition E -> 08 JAZZ KIT -> SAMPLE	J53RDC120	
Wizoo	Platinum24 - Acoustic Drums	CD 1 -> Partition E -> 08 JAZZ KIT -> SAMPLE	J53RDC127	
Wizoo	Platinum24 - Acoustic Drums	CD 1 -> Partition E -> 09 HIP HOP -> PROGRAM	CLAPS	
Wizoo	Platinum24 - Acoustic Drums	CD 1 -> Partition E -> 09 HIP HOP -> PROGRAM	CRASH	
Wizoo	Platinum24 - Acoustic Drums	CD 1 -> Partition E -> 09 HIP HOP -> PROGRAM	HHTS	
Wizoo	Platinum24 - Acoustic Drums	CD 1 -> Partition E -> 09 HIP HOP -> PROGRAM	KICK	
Wizoo	Platinum24 - Acoustic Drums	CD 1 -> Partition E -> 09 HIP HOP -> PROGRAM	PERCUSSION	
Wizoo	Platinum24 - Acoustic Drums	CD 1 -> Partition E -> 09 HIP HOP -> PROGRAM	RIDE	
Wizoo	Platinum24 - Acoustic Drums	CD 1 -> Partition E -> 09 HIP HOP -> PROGRAM	SNARES	
Wizoo	Platinum24 - Acoustic Drums	CD 1 -> Partition E -> 09 HIP HOP -> PROGRAM	TOMS	
Wizoo	Platinum24 - Acoustic Drums	CD 1 -> Partition E -> 09 HIP HOP -> SAMPLE	39CLAP1	
Wizoo	Platinum24 - Acoustic Drums	CD 1 -> Partition E -> 09 HIP HOP -> SAMPLE	39CLAP2	
Wizoo	Platinum24 - Acoustic Drums	CD 1 -> Partition E -> 09 HIP HOP -> SAMPLE	54TAMB1	
Wizoo	Platinum24 - Acoustic Drums	CD 1 -> Partition E -> 09 HIP HOP -> SAMPLE	54TAMB2	
Wizoo	Platinum24 - Acoustic Drums	CD 1 -> Partition E -> 09 HIP HOP -> SAMPLE	54TAMB3	
Wizoo	Platinum24 - Acoustic Drums	CD 1 -> Partition E -> 09 HIP HOP -> SAMPLE	54TAMB4	
Wizoo	Platinum24 - Acoustic Drums	CD 1 -> Partition E -> 09 HIP HOP -> SAMPLE	56COW1	
Wizoo	Platinum24 - Acoustic Drums	CD 1 -> Partition E -> 09 HIP HOP -> SAMPLE	56COW2	
Wizoo	Platinum24 - Acoustic Drums	CD 1 -> Partition E -> 09 HIP HOP -> SAMPLE	56COW3	
Wizoo	Platinum24 - Acoustic Drums	CD 1 -> Partition E -> 09 HIP HOP -> SAMPLE	56COW4	
Wizoo	Platinum24 - Acoustic Drums	CD 1 -> Partition E -> 09 HIP HOP -> SAMPLE	H34ORM065	
Wizoo	Platinum24 - Acoustic Drums	CD 1 -> Partition E -> 09 HIP HOP -> SAMPLE	H34ORM065 -R	
Wizoo	Platinum24 - Acoustic Drums	CD 1 -> Partition E -> 09 HIP HOP -> SAMPLE	H34ORM095	
Wizoo	Platinum24 - Acoustic Drums	CD 1 -> Partition E -> 09 HIP HOP -> SAMPLE	H34ORM120	
Wizoo	Platinum24 - Acoustic Drums	CD 1 -> Partition E -> 09 HIP HOP -> SAMPLE	H34ORM127	
Wizoo	Platinum24 - Acoustic Drums	CD 1 -> Partition E -> 09 HIP HOP -> SAMPLE	H35BD1065	
Wizoo	Platinum24 - Acoustic Drums	CD 1 -> Partition E -> 09 HIP HOP -> SAMPLE	H35BD1095	
Wizoo	Platinum24 - Acoustic Drums	CD 1 -> Partition E -> 09 HIP HOP -> SAMPLE	H35BD1120	
Wizoo	Platinum24 - Acoustic Drums	CD 1 -> Partition E -> 09 HIP HOP -> SAMPLE	H35BD1127	
Wizoo	Platinum24 - Acoustic Drums	CD 1 -> Partition E -> 09 HIP HOP -> SAMPLE	H37CRM095	
Wizoo	Platinum24 - Acoustic Drums	CD 1 -> Partition E -> 09 HIP HOP -> SAMPLE	H37CRM127	
Wizoo	Platinum24 - Acoustic Drums	CD 1 -> Partition E -> 09 HIP HOP -> SAMPLE	H38SD1065	
Wizoo	Platinum24 - Acoustic Drums	CD 1 -> Partition E -> 09 HIP HOP -> SAMPLE	H38SD1095	
Wizoo	Platinum24 - Acoustic Drums	CD 1 -> Partition E -> 09 HIP HOP -> SAMPLE	H38SD1120	
Wizoo	Platinum24 - Acoustic Drums	CD 1 -> Partition E -> 09 HIP HOP -> SAMPLE	H38SD1127	
Wizoo	Platinum24 - Acoustic Drums	CD 1 -> Partition E -> 09 HIP HOP -> SAMPLE	H41FTM127	
Wizoo	Platinum24 - Acoustic Drums	CD 1 -> Partition E -> 09 HIP HOP -> SAMPLE	H42HHC065	
Wizoo	Platinum24 - Acoustic Drums	CD 1 -> Partition E -> 09 HIP HOP -> SAMPLE	H42HHC095	
Wizoo	Platinum24 - Acoustic Drums	CD 1 -> Partition E -> 09 HIP HOP -> SAMPLE	H42HHC120	
Wizoo	Platinum24 - Acoustic Drums	CD 1 -> Partition E -> 09 HIP HOP -> SAMPLE	H42HHC127	
Wizoo	Platinum24 - Acoustic Drums	CD 1 -> Partition E -> 09 HIP HOP -> SAMPLE	H44HHP095	
Wizoo	Platinum24 - Acoustic Drums	CD 1 -> Partition E -> 09 HIP HOP -> SAMPLE	H44HHP127	
Wizoo	Platinum24 - Acoustic Drums	CD 1 -> Partition E -> 09 HIP HOP -> SAMPLE	H45LTM127	
Wizoo	Platinum24 - Acoustic Drums	CD 1 -> Partition E -> 09 HIP HOP -> SAMPLE	H46HHO065	
Wizoo	Platinum24 - Acoustic Drums	CD 1 -> Partition E -> 09 HIP HOP -> SAMPLE	H46HHO095	
Wizoo	Platinum24 - Acoustic Drums	CD 1 -> Partition E -> 09 HIP HOP -> SAMPLE	H46HHO120	
Wizoo	Platinum24 - Acoustic Drums	CD 1 -> Partition E -> 09 HIP HOP -> SAMPLE	H46HHO127	
Wizoo	Platinum24 - Acoustic Drums	CD 1 -> Partition E -> 09 HIP HOP -> SAMPLE	H48MTH127	
Wizoo	Platinum24 - Acoustic Drums	CD 1 -> Partition E -> 09 HIP HOP -> SAMPLE	H49CR1095	
Wizoo	Platinum24 - Acoustic Drums	CD 1 -> Partition E -> 09 HIP HOP -> SAMPLE	H49CR1120	
Wizoo	Platinum24 - Acoustic Drums	CD 1 -> Partition E -> 09 HIP HOP -> SAMPLE	H49CR1127	
Wizoo	Platinum24 - Acoustic Drums	CD 1 -> Partition E -> 09 HIP HOP -> SAMPLE	H50HTH127	
Wizoo	Platinum24 - Acoustic Drums	CD 1 -> Partition E -> 09 HIP HOP -> SAMPLE	H51RD1065	
Wizoo	Platinum24 - Acoustic Drums	CD 1 -> Partition E -> 09 HIP HOP -> SAMPLE	H51RD1095	
Wizoo	Platinum24 - Acoustic Drums	CD 1 -> Partition E -> 09 HIP HOP -> SAMPLE	H51RD1120	
Wizoo	Platinum24 - Acoustic Drums	CD 1 -> Partition E -> 09 HIP HOP -> SAMPLE	H51RD1127	
Wizoo	Platinum24 - Acoustic Drums	CD 1 -> Partition E -> 09 HIP HOP -> SAMPLE	H53RDC065	
Wizoo	Platinum24 - Acoustic Drums	CD 1 -> Partition E -> 09 HIP HOP -> SAMPLE	H53RDC095	
Wizoo	Platinum24 - Acoustic Drums	CD 1 -> Partition E -> 09 HIP HOP -> SAMPLE	H53RDC120	
Wizoo	Platinum24 - Acoustic Drums	CD 1 -> Partition E -> 09 HIP HOP -> SAMPLE	H53RDC127 -L	
Wizoo	Platinum24 - Acoustic Drums	CD 1 -> Partition E -> 09 HIP HOP -> SAMPLE	H53RDC127 -R	
Wizoo	Platinum24 - Acoustic Drums	CD 1 -> Partition F -> 10 R N B KIT -> PROGRAM	CLAPS	
Wizoo	Platinum24 - Acoustic Drums	CD 1 -> Partition F -> 10 R N B KIT -> PROGRAM	CRASH	
Wizoo	Platinum24 - Acoustic Drums	CD 1 -> Partition F -> 10 R N B KIT -> PROGRAM	HHTS	
Wizoo	Platinum24 - Acoustic Drums	CD 1 -> Partition F -> 10 R N B KIT -> PROGRAM	KICK	
Wizoo	Platinum24 - Acoustic Drums	CD 1 -> Partition F -> 10 R N B KIT -> PROGRAM	RIDE	
Wizoo	Platinum24 - Acoustic Drums	CD 1 -> Partition F -> 10 R N B KIT -> PROGRAM	SNARES	
Wizoo	Platinum24 - Acoustic Drums	CD 1 -> Partition F -> 10 R N B KIT -> PROGRAM	TOMS	
Wizoo	Platinum24 - Acoustic Drums	CD 1 -> Partition F -> 10 R N B KIT -> SAMPLE	39CLAP1	
Wizoo	Platinum24 - Acoustic Drums	CD 1 -> Partition F -> 10 R N B KIT -> SAMPLE	39CLAP2	
Wizoo	Platinum24 - Acoustic Drums	CD 1 -> Partition F -> 10 R N B KIT -> SAMPLE	RB34ORM065	
Wizoo	Platinum24 - Acoustic Drums	CD 1 -> Partition F -> 10 R N B KIT -> SAMPLE	RB34ORM095	
Wizoo	Platinum24 - Acoustic Drums	CD 1 -> Partition F -> 10 R N B KIT -> SAMPLE	RB34ORM120	
Wizoo	Platinum24 - Acoustic Drums	CD 1 -> Partition F -> 10 R N B KIT -> SAMPLE	RB34ORM127	
Wizoo	Platinum24 - Acoustic Drums	CD 1 -> Partition F -> 10 R N B KIT -> SAMPLE	RB36BD1065	
Wizoo	Platinum24 - Acoustic Drums	CD 1 -> Partition F -> 10 R N B KIT -> SAMPLE	RB36BD1095	
Wizoo	Platinum24 - Acoustic Drums	CD 1 -> Partition F -> 10 R N B KIT -> SAMPLE	RB36BD1120	
Wizoo	Platinum24 - Acoustic Drums	CD 1 -> Partition F -> 10 R N B KIT -> SAMPLE	RB36BD1126	
Wizoo	Platinum24 - Acoustic Drums	CD 1 -> Partition F -> 10 R N B KIT -> SAMPLE	RB37CRM065	
Wizoo	Platinum24 - Acoustic Drums	CD 1 -> Partition F -> 10 R N B KIT -> SAMPLE	RB37CRM095	
Wizoo	Platinum24 - Acoustic Drums	CD 1 -> Partition F -> 10 R N B KIT -> SAMPLE	RB37CRM120	
Wizoo	Platinum24 - Acoustic Drums	CD 1 -> Partition F -> 10 R N B KIT -> SAMPLE	RB37CRM127	
Wizoo	Platinum24 - Acoustic Drums	CD 1 -> Partition F -> 10 R N B KIT -> SAMPLE	RB38SD1065	
Wizoo	Platinum24 - Acoustic Drums	CD 1 -> Partition F -> 10 R N B KIT -> SAMPLE	RB38SD1095	
Wizoo	Platinum24 - Acoustic Drums	CD 1 -> Partition F -> 10 R N B KIT -> SAMPLE	RB38SD1120	
Wizoo	Platinum24 - Acoustic Drums	CD 1 -> Partition F -> 10 R N B KIT -> SAMPLE	RB38SD1127	
Wizoo	Platinum24 - Acoustic Drums	CD 1 -> Partition F -> 10 R N B KIT -> SAMPLE	RB41FTM065	
Wizoo	Platinum24 - Acoustic Drums	CD 1 -> Partition F -> 10 R N B KIT -> SAMPLE	RB41FTM095-L	
Wizoo	Platinum24 - Acoustic Drums	CD 1 -> Partition F -> 10 R N B KIT -> SAMPLE	RB41FTM120	
Wizoo	Platinum24 - Acoustic Drums	CD 1 -> Partition F -> 10 R N B KIT -> SAMPLE	RB41FTM127	
Wizoo	Platinum24 - Acoustic Drums	CD 1 -> Partition F -> 10 R N B KIT -> SAMPLE	RB42HHC065	
Wizoo	Platinum24 - Acoustic Drums	CD 1 -> Partition F -> 10 R N B KIT -> SAMPLE	RB42HHC095	
Wizoo	Platinum24 - Acoustic Drums	CD 1 -> Partition F -> 10 R N B KIT -> SAMPLE	RB42HHC120	
Wizoo	Platinum24 - Acoustic Drums	CD 1 -> Partition F -> 10 R N B KIT -> SAMPLE	RB42HHC127	
Wizoo	Platinum24 - Acoustic Drums	CD 1 -> Partition F -> 10 R N B KIT -> SAMPLE	RB44HHP065	
Wizoo	Platinum24 - Acoustic Drums	CD 1 -> Partition F -> 10 R N B KIT -> SAMPLE	RB44HHP095	
Wizoo	Platinum24 - Acoustic Drums	CD 1 -> Partition F -> 10 R N B KIT -> SAMPLE	RB44HHP120	
Wizoo	Platinum24 - Acoustic Drums	CD 1 -> Partition F -> 10 R N B KIT -> SAMPLE	RB44HHP127	
Wizoo	Platinum24 - Acoustic Drums	CD 1 -> Partition F -> 10 R N B KIT -> SAMPLE	RB45LTM065	
Wizoo	Platinum24 - Acoustic Drums	CD 1 -> Partition F -> 10 R N B KIT -> SAMPLE	RB45LTM095	
Wizoo	Platinum24 - Acoustic Drums	CD 1 -> Partition F -> 10 R N B KIT -> SAMPLE	RB45LTM120	
Wizoo	Platinum24 - Acoustic Drums	CD 1 -> Partition F -> 10 R N B KIT -> SAMPLE	RB45LTM127	
Wizoo	Platinum24 - Acoustic Drums	CD 1 -> Partition F -> 10 R N B KIT -> SAMPLE	RB46HHO065	
Wizoo	Platinum24 - Acoustic Drums	CD 1 -> Partition F -> 10 R N B KIT -> SAMPLE	RB46HHO095	
Wizoo	Platinum24 - Acoustic Drums	CD 1 -> Partition F -> 10 R N B KIT -> SAMPLE	RB46HHO120	
Wizoo	Platinum24 - Acoustic Drums	CD 1 -> Partition F -> 10 R N B KIT -> SAMPLE	RB46HHO127	
Wizoo	Platinum24 - Acoustic Drums	CD 1 -> Partition F -> 10 R N B KIT -> SAMPLE	RB48MTH065	
Wizoo	Platinum24 - Acoustic Drums	CD 1 -> Partition F -> 10 R N B KIT -> SAMPLE	RB48MTH095	
Wizoo	Platinum24 - Acoustic Drums	CD 1 -> Partition F -> 10 R N B KIT -> SAMPLE	RB48MTH120	
Wizoo	Platinum24 - Acoustic Drums	CD 1 -> Partition F -> 10 R N B KIT -> SAMPLE	RB48MTH127	
Wizoo	Platinum24 - Acoustic Drums	CD 1 -> Partition F -> 10 R N B KIT -> SAMPLE	RB49CR1065	
Wizoo	Platinum24 - Acoustic Drums	CD 1 -> Partition F -> 10 R N B KIT -> SAMPLE	RB49CR1095	
Wizoo	Platinum24 - Acoustic Drums	CD 1 -> Partition F -> 10 R N B KIT -> SAMPLE	RB49CR1120	
Wizoo	Platinum24 - Acoustic Drums	CD 1 -> Partition F -> 10 R N B KIT -> SAMPLE	RB49CR1127	
Wizoo	Platinum24 - Acoustic Drums	CD 1 -> Partition F -> 10 R N B KIT -> SAMPLE	RB50HTH065	
Wizoo	Platinum24 - Acoustic Drums	CD 1 -> Partition F -> 10 R N B KIT -> SAMPLE	RB50HTH095	
Wizoo	Platinum24 - Acoustic Drums	CD 1 -> Partition F -> 10 R N B KIT -> SAMPLE	RB50HTH120	
Wizoo	Platinum24 - Acoustic Drums	CD 1 -> Partition F -> 10 R N B KIT -> SAMPLE	RB50HTH127	
Wizoo	Platinum24 - Acoustic Drums	CD 1 -> Partition F -> 10 R N B KIT -> SAMPLE	RB51RD1095-R	
Wizoo	Platinum24 - Acoustic Drums	CD 1 -> Partition F -> 10 R N B KIT -> SAMPLE	RB51RD1120	
Wizoo	Platinum24 - Acoustic Drums	CD 1 -> Partition F -> 10 R N B KIT -> SAMPLE	RB51RD1127	
Wizoo	Platinum24 - Acoustic Drums	CD 1 -> Partition F -> 10 R N B KIT -> SAMPLE	RB53RDC065	
Wizoo	Platinum24 - Acoustic Drums	CD 1 -> Partition F -> 10 R N B KIT -> SAMPLE	RB53RDC095	
Wizoo	Platinum24 - Acoustic Drums	CD 1 -> Partition F -> 10 R N B KIT -> SAMPLE	RB53RDC120	
Wizoo	Platinum24 - Acoustic Drums	CD 1 -> Partition F -> 10 R N B KIT -> SAMPLE	RB53RDC127-L	
Wizoo	Platinum24 - Acoustic Drums	CD 1 -> Partition F -> 11 SOUL KIT -> PROGRAM	CRASH	
Wizoo	Platinum24 - Acoustic Drums	CD 1 -> Partition F -> 11 SOUL KIT -> PROGRAM	HHTS	
Wizoo	Platinum24 - Acoustic Drums	CD 1 -> Partition F -> 11 SOUL KIT -> PROGRAM	KICK	
Wizoo	Platinum24 - Acoustic Drums	CD 1 -> Partition F -> 11 SOUL KIT -> PROGRAM	RIDE	
Wizoo	Platinum24 - Acoustic Drums	CD 1 -> Partition F -> 11 SOUL KIT -> PROGRAM	SNARES	
Wizoo	Platinum24 - Acoustic Drums	CD 1 -> Partition F -> 11 SOUL KIT -> PROGRAM	TOMS	
Wizoo	Platinum24 - Acoustic Drums	CD 1 -> Partition F -> 11 SOUL KIT -> SAMPLE	S34ORM065	
Wizoo	Platinum24 - Acoustic Drums	CD 1 -> Partition F -> 11 SOUL KIT -> SAMPLE	S34ORM095	
Wizoo	Platinum24 - Acoustic Drums	CD 1 -> Partition F -> 11 SOUL KIT -> SAMPLE	S34ORM120	
Wizoo	Platinum24 - Acoustic Drums	CD 1 -> Partition F -> 11 SOUL KIT -> SAMPLE	S34ORM127	
Wizoo	Platinum24 - Acoustic Drums	CD 1 -> Partition F -> 11 SOUL KIT -> SAMPLE	S36BD2065	
Wizoo	Platinum24 - Acoustic Drums	CD 1 -> Partition F -> 11 SOUL KIT -> SAMPLE	S36BD2095	
Wizoo	Platinum24 - Acoustic Drums	CD 1 -> Partition F -> 11 SOUL KIT -> SAMPLE	S36BD2120	
Wizoo	Platinum24 - Acoustic Drums	CD 1 -> Partition F -> 11 SOUL KIT -> SAMPLE	S36BD2127	
Wizoo	Platinum24 - Acoustic Drums	CD 1 -> Partition F -> 11 SOUL KIT -> SAMPLE	S37CRM095	
Wizoo	Platinum24 - Acoustic Drums	CD 1 -> Partition F -> 11 SOUL KIT -> SAMPLE	S37CRM127	
Wizoo	Platinum24 - Acoustic Drums	CD 1 -> Partition F -> 11 SOUL KIT -> SAMPLE	S38SD1065	
Wizoo	Platinum24 - Acoustic Drums	CD 1 -> Partition F -> 11 SOUL KIT -> SAMPLE	S38SD1095	
Wizoo	Platinum24 - Acoustic Drums	CD 1 -> Partition F -> 11 SOUL KIT -> SAMPLE	S38SD1120	
Wizoo	Platinum24 - Acoustic Drums	CD 1 -> Partition F -> 11 SOUL KIT -> SAMPLE	S38SD1127	
Wizoo	Platinum24 - Acoustic Drums	CD 1 -> Partition F -> 11 SOUL KIT -> SAMPLE	S40SD2065	
Wizoo	Platinum24 - Acoustic Drums	CD 1 -> Partition F -> 11 SOUL KIT -> SAMPLE	S40SD2095	
Wizoo	Platinum24 - Acoustic Drums	CD 1 -> Partition F -> 11 SOUL KIT -> SAMPLE	S40SD2120	
Wizoo	Platinum24 - Acoustic Drums	CD 1 -> Partition F -> 11 SOUL KIT -> SAMPLE	S40SD2127	
Wizoo	Platinum24 - Acoustic Drums	CD 1 -> Partition F -> 11 SOUL KIT -> SAMPLE	S41FTM065	
Wizoo	Platinum24 - Acoustic Drums	CD 1 -> Partition F -> 11 SOUL KIT -> SAMPLE	S41FTM095	
Wizoo	Platinum24 - Acoustic Drums	CD 1 -> Partition F -> 11 SOUL KIT -> SAMPLE	S41FTM120	
Wizoo	Platinum24 - Acoustic Drums	CD 1 -> Partition F -> 11 SOUL KIT -> SAMPLE	S41FTM127	
Wizoo	Platinum24 - Acoustic Drums	CD 1 -> Partition F -> 11 SOUL KIT -> SAMPLE	S42HHC065	
Wizoo	Platinum24 - Acoustic Drums	CD 1 -> Partition F -> 11 SOUL KIT -> SAMPLE	S42HHC095	
Wizoo	Platinum24 - Acoustic Drums	CD 1 -> Partition F -> 11 SOUL KIT -> SAMPLE	S42HHC120	
Wizoo	Platinum24 - Acoustic Drums	CD 1 -> Partition F -> 11 SOUL KIT -> SAMPLE	S42HHC127	
Wizoo	Platinum24 - Acoustic Drums	CD 1 -> Partition F -> 11 SOUL KIT -> SAMPLE	S44HHP065	
Wizoo	Platinum24 - Acoustic Drums	CD 1 -> Partition F -> 11 SOUL KIT -> SAMPLE	S44HHP095	
Wizoo	Platinum24 - Acoustic Drums	CD 1 -> Partition F -> 11 SOUL KIT -> SAMPLE	S44HHP120	
Wizoo	Platinum24 - Acoustic Drums	CD 1 -> Partition F -> 11 SOUL KIT -> SAMPLE	S44HHP127	
Wizoo	Platinum24 - Acoustic Drums	CD 1 -> Partition F -> 11 SOUL KIT -> SAMPLE	S45LTM065	
Wizoo	Platinum24 - Acoustic Drums	CD 1 -> Partition F -> 11 SOUL KIT -> SAMPLE	S45LTM095	
Wizoo	Platinum24 - Acoustic Drums	CD 1 -> Partition F -> 11 SOUL KIT -> SAMPLE	S45LTM120	
Wizoo	Platinum24 - Acoustic Drums	CD 1 -> Partition F -> 11 SOUL KIT -> SAMPLE	S45LTM127	
Wizoo	Platinum24 - Acoustic Drums	CD 1 -> Partition F -> 11 SOUL KIT -> SAMPLE	S46HHO065	
Wizoo	Platinum24 - Acoustic Drums	CD 1 -> Partition F -> 11 SOUL KIT -> SAMPLE	S46HHO095	
Wizoo	Platinum24 - Acoustic Drums	CD 1 -> Partition F -> 11 SOUL KIT -> SAMPLE	S46HHO120	
Wizoo	Platinum24 - Acoustic Drums	CD 1 -> Partition F -> 11 SOUL KIT -> SAMPLE	S46HHO127	
Wizoo	Platinum24 - Acoustic Drums	CD 1 -> Partition F -> 11 SOUL KIT -> SAMPLE	S48MTH065	
Wizoo	Platinum24 - Acoustic Drums	CD 1 -> Partition F -> 11 SOUL KIT -> SAMPLE	S48MTH095	
Wizoo	Platinum24 - Acoustic Drums	CD 1 -> Partition F -> 11 SOUL KIT -> SAMPLE	S48MTH120	
Wizoo	Platinum24 - Acoustic Drums	CD 1 -> Partition F -> 11 SOUL KIT -> SAMPLE	S48MTH127	
Wizoo	Platinum24 - Acoustic Drums	CD 1 -> Partition F -> 11 SOUL KIT -> SAMPLE	S49CR1065	
Wizoo	Platinum24 - Acoustic Drums	CD 1 -> Partition F -> 11 SOUL KIT -> SAMPLE	S49CR1095	
Wizoo	Platinum24 - Acoustic Drums	CD 1 -> Partition F -> 11 SOUL KIT -> SAMPLE	S49CR1120	
Wizoo	Platinum24 - Acoustic Drums	CD 1 -> Partition F -> 11 SOUL KIT -> SAMPLE	S49CR1127	
Wizoo	Platinum24 - Acoustic Drums	CD 1 -> Partition F -> 11 SOUL KIT -> SAMPLE	S50HTM065	
Wizoo	Platinum24 - Acoustic Drums	CD 1 -> Partition F -> 11 SOUL KIT -> SAMPLE	S50HTM095	
Wizoo	Platinum24 - Acoustic Drums	CD 1 -> Partition F -> 11 SOUL KIT -> SAMPLE	S50HTM120	
Wizoo	Platinum24 - Acoustic Drums	CD 1 -> Partition F -> 11 SOUL KIT -> SAMPLE	S50HTM127	
Wizoo	Platinum24 - Acoustic Drums	CD 1 -> Partition F -> 11 SOUL KIT -> SAMPLE	S51RD1065	
Wizoo	Platinum24 - Acoustic Drums	CD 1 -> Partition F -> 11 SOUL KIT -> SAMPLE	S51RD1095	
Wizoo	Platinum24 - Acoustic Drums	CD 1 -> Partition F -> 11 SOUL KIT -> SAMPLE	S51RD1095 -R	
Wizoo	Platinum24 - Acoustic Drums	CD 1 -> Partition F -> 11 SOUL KIT -> SAMPLE	S51RD1120	
Wizoo	Platinum24 - Acoustic Drums	CD 1 -> Partition F -> 11 SOUL KIT -> SAMPLE	S51RD1127	
Wizoo	Platinum24 - Acoustic Drums	CD 1 -> Partition F -> 11 SOUL KIT -> SAMPLE	S53RDC065	
Wizoo	Platinum24 - Acoustic Drums	CD 1 -> Partition F -> 11 SOUL KIT -> SAMPLE	S53RDC095	
Wizoo	Platinum24 - Acoustic Drums	CD 1 -> Partition F -> 11 SOUL KIT -> SAMPLE	S53RDC120	
Wizoo	Platinum24 - Acoustic Drums	CD 1 -> Partition F -> 11 SOUL KIT -> SAMPLE	S53RDC127	
Wizoo	Platinum24 - Acoustic Drums	CD 1 -> Partition G -> 12 FUNK KIT -> PROGRAM	CRASH	
Wizoo	Platinum24 - Acoustic Drums	CD 1 -> Partition G -> 12 FUNK KIT -> PROGRAM	HHTS	
Wizoo	Platinum24 - Acoustic Drums	CD 1 -> Partition G -> 12 FUNK KIT -> PROGRAM	KICK	
Wizoo	Platinum24 - Acoustic Drums	CD 1 -> Partition G -> 12 FUNK KIT -> PROGRAM	RIDE	
Wizoo	Platinum24 - Acoustic Drums	CD 1 -> Partition G -> 12 FUNK KIT -> PROGRAM	SNARES	
Wizoo	Platinum24 - Acoustic Drums	CD 1 -> Partition G -> 12 FUNK KIT -> PROGRAM	TOMS	
Wizoo	Platinum24 - Acoustic Drums	CD 1 -> Partition G -> 12 ROCK KIT -> PROGRAM	CRASH	
Wizoo	Platinum24 - Acoustic Drums	CD 1 -> Partition G -> 12 ROCK KIT -> PROGRAM	HHTS	
Wizoo	Platinum24 - Acoustic Drums	CD 1 -> Partition G -> 12 ROCK KIT -> PROGRAM	KICK	
Wizoo	Platinum24 - Acoustic Drums	CD 1 -> Partition G -> 12 ROCK KIT -> PROGRAM	PERCUSSION	
Wizoo	Platinum24 - Acoustic Drums	CD 1 -> Partition G -> 12 ROCK KIT -> PROGRAM	RIDE	
Wizoo	Platinum24 - Acoustic Drums	CD 1 -> Partition G -> 12 ROCK KIT -> PROGRAM	SNARES	
Wizoo	Platinum24 - Acoustic Drums	CD 1 -> Partition G -> 12 ROCK KIT -> PROGRAM	TEST PROGRAM	
Wizoo	Platinum24 - Acoustic Drums	CD 1 -> Partition G -> 12 ROCK KIT -> PROGRAM	TOMS	
Wizoo	Platinum24 - Acoustic Drums	CD 1 -> Partition G -> 12 ROCK KIT -> SAMPLE	51RIDE1	
Wizoo	Platinum24 - Acoustic Drums	CD 1 -> Partition G -> 12 ROCK KIT -> SAMPLE	51RIDE2	
Wizoo	Platinum24 - Acoustic Drums	CD 1 -> Partition G -> 12 ROCK KIT -> SAMPLE	51RIDE3	
Wizoo	Platinum24 - Acoustic Drums	CD 1 -> Partition G -> 12 ROCK KIT -> SAMPLE	51RIDE4	
Wizoo	Platinum24 - Acoustic Drums	CD 1 -> Partition G -> 12 ROCK KIT -> SAMPLE	53CUP1	
Wizoo	Platinum24 - Acoustic Drums	CD 1 -> Partition G -> 12 ROCK KIT -> SAMPLE	53CUP2	
Wizoo	Platinum24 - Acoustic Drums	CD 1 -> Partition G -> 12 ROCK KIT -> SAMPLE	53CUP3	
Wizoo	Platinum24 - Acoustic Drums	CD 1 -> Partition G -> 12 ROCK KIT -> SAMPLE	53CUP3    -R	
Wizoo	Platinum24 - Acoustic Drums	CD 1 -> Partition G -> 12 ROCK KIT -> SAMPLE	R34ORM065	
Wizoo	Platinum24 - Acoustic Drums	CD 1 -> Partition G -> 12 ROCK KIT -> SAMPLE	R34ORM095	
Wizoo	Platinum24 - Acoustic Drums	CD 1 -> Partition G -> 12 ROCK KIT -> SAMPLE	R34ORM120	
Wizoo	Platinum24 - Acoustic Drums	CD 1 -> Partition G -> 12 ROCK KIT -> SAMPLE	R34ORM127	
Wizoo	Platinum24 - Acoustic Drums	CD 1 -> Partition G -> 12 ROCK KIT -> SAMPLE	R36BD1065	
Wizoo	Platinum24 - Acoustic Drums	CD 1 -> Partition G -> 12 ROCK KIT -> SAMPLE	R36BD1095	
Wizoo	Platinum24 - Acoustic Drums	CD 1 -> Partition G -> 12 ROCK KIT -> SAMPLE	R36BD1120	
Wizoo	Platinum24 - Acoustic Drums	CD 1 -> Partition G -> 12 ROCK KIT -> SAMPLE	R36BD1127	
Wizoo	Platinum24 - Acoustic Drums	CD 1 -> Partition G -> 12 ROCK KIT -> SAMPLE	R37CRM095	
Wizoo	Platinum24 - Acoustic Drums	CD 1 -> Partition G -> 12 ROCK KIT -> SAMPLE	R37CRM127	
Wizoo	Platinum24 - Acoustic Drums	CD 1 -> Partition G -> 12 ROCK KIT -> SAMPLE	R38SD1065	
Wizoo	Platinum24 - Acoustic Drums	CD 1 -> Partition G -> 12 ROCK KIT -> SAMPLE	R38SD1095	
Wizoo	Platinum24 - Acoustic Drums	CD 1 -> Partition G -> 12 ROCK KIT -> SAMPLE	R38SD1120	
Wizoo	Platinum24 - Acoustic Drums	CD 1 -> Partition G -> 12 ROCK KIT -> SAMPLE	R38SD1126	
Wizoo	Platinum24 - Acoustic Drums	CD 1 -> Partition G -> 12 ROCK KIT -> SAMPLE	R38SD1127	
Wizoo	Platinum24 - Acoustic Drums	CD 1 -> Partition G -> 12 ROCK KIT -> SAMPLE	R41FTM065	
Wizoo	Platinum24 - Acoustic Drums	CD 1 -> Partition G -> 12 ROCK KIT -> SAMPLE	R41FTM095	
Wizoo	Platinum24 - Acoustic Drums	CD 1 -> Partition G -> 12 ROCK KIT -> SAMPLE	R41FTM120	
Wizoo	Platinum24 - Acoustic Drums	CD 1 -> Partition G -> 12 ROCK KIT -> SAMPLE	R41FTM127	
Wizoo	Platinum24 - Acoustic Drums	CD 1 -> Partition G -> 12 ROCK KIT -> SAMPLE	R42HHC065	
Wizoo	Platinum24 - Acoustic Drums	CD 1 -> Partition G -> 12 ROCK KIT -> SAMPLE	R42HHC095	
Wizoo	Platinum24 - Acoustic Drums	CD 1 -> Partition G -> 12 ROCK KIT -> SAMPLE	R42HHC120	
Wizoo	Platinum24 - Acoustic Drums	CD 1 -> Partition G -> 12 ROCK KIT -> SAMPLE	R42HHC127	
Wizoo	Platinum24 - Acoustic Drums	CD 1 -> Partition G -> 12 ROCK KIT -> SAMPLE	R44HHP065	
Wizoo	Platinum24 - Acoustic Drums	CD 1 -> Partition G -> 12 ROCK KIT -> SAMPLE	R44HHP095	
Wizoo	Platinum24 - Acoustic Drums	CD 1 -> Partition G -> 12 ROCK KIT -> SAMPLE	R44HHP120	
Wizoo	Platinum24 - Acoustic Drums	CD 1 -> Partition G -> 12 ROCK KIT -> SAMPLE	R44HHP127	
Wizoo	Platinum24 - Acoustic Drums	CD 1 -> Partition G -> 12 ROCK KIT -> SAMPLE	R45LTM065	
Wizoo	Platinum24 - Acoustic Drums	CD 1 -> Partition G -> 12 ROCK KIT -> SAMPLE	R45LTM095	
Wizoo	Platinum24 - Acoustic Drums	CD 1 -> Partition G -> 12 ROCK KIT -> SAMPLE	R45LTM120	
Wizoo	Platinum24 - Acoustic Drums	CD 1 -> Partition G -> 12 ROCK KIT -> SAMPLE	R45LTM127	
Wizoo	Platinum24 - Acoustic Drums	CD 1 -> Partition G -> 12 ROCK KIT -> SAMPLE	R46HHO065	
Wizoo	Platinum24 - Acoustic Drums	CD 1 -> Partition G -> 12 ROCK KIT -> SAMPLE	R46HHO095	
Wizoo	Platinum24 - Acoustic Drums	CD 1 -> Partition G -> 12 ROCK KIT -> SAMPLE	R46HHO120	
Wizoo	Platinum24 - Acoustic Drums	CD 1 -> Partition G -> 12 ROCK KIT -> SAMPLE	R46HHO127	
Wizoo	Platinum24 - Acoustic Drums	CD 1 -> Partition G -> 12 ROCK KIT -> SAMPLE	R48MTH065	
Wizoo	Platinum24 - Acoustic Drums	CD 1 -> Partition G -> 12 ROCK KIT -> SAMPLE	R48MTH095	
Wizoo	Platinum24 - Acoustic Drums	CD 1 -> Partition G -> 12 ROCK KIT -> SAMPLE	R48MTH120	
Wizoo	Platinum24 - Acoustic Drums	CD 1 -> Partition G -> 12 ROCK KIT -> SAMPLE	R48MTH127	
Wizoo	Platinum24 - Acoustic Drums	CD 1 -> Partition G -> 12 ROCK KIT -> SAMPLE	R49CR1065	
Wizoo	Platinum24 - Acoustic Drums	CD 1 -> Partition G -> 12 ROCK KIT -> SAMPLE	R49CR1095	
Wizoo	Platinum24 - Acoustic Drums	CD 1 -> Partition G -> 12 ROCK KIT -> SAMPLE	R49CR1120	
Wizoo	Platinum24 - Acoustic Drums	CD 1 -> Partition G -> 12 ROCK KIT -> SAMPLE	R49CR1127	
Wizoo	Platinum24 - Acoustic Drums	CD 1 -> Partition G -> 12 ROCK KIT -> SAMPLE	R50HTH065	
Wizoo	Platinum24 - Acoustic Drums	CD 1 -> Partition G -> 12 ROCK KIT -> SAMPLE	R50HTH095	
Wizoo	Platinum24 - Acoustic Drums	CD 1 -> Partition G -> 12 ROCK KIT -> SAMPLE	R50HTH120	
Wizoo	Platinum24 - Acoustic Drums	CD 1 -> Partition G -> 12 ROCK KIT -> SAMPLE	R50HTH127	
Wizoo	Platinum24 - Acoustic Drums	CD 1 -> Partition G -> 13 FUNK KIT -> SAMPLE	34ORM0201	
Wizoo	Platinum24 - Acoustic Drums	CD 1 -> Partition G -> 13 FUNK KIT -> SAMPLE	34ORM0202	
Wizoo	Platinum24 - Acoustic Drums	CD 1 -> Partition G -> 13 FUNK KIT -> SAMPLE	34ORM0203	
Wizoo	Platinum24 - Acoustic Drums	CD 1 -> Partition G -> 13 FUNK KIT -> SAMPLE	34ORM0204	
Wizoo	Platinum24 - Acoustic Drums	CD 1 -> Partition G -> 13 FUNK KIT -> SAMPLE	36BD10201	
Wizoo	Platinum24 - Acoustic Drums	CD 1 -> Partition G -> 13 FUNK KIT -> SAMPLE	36BD10202	
Wizoo	Platinum24 - Acoustic Drums	CD 1 -> Partition G -> 13 FUNK KIT -> SAMPLE	36BD10203	
Wizoo	Platinum24 - Acoustic Drums	CD 1 -> Partition G -> 13 FUNK KIT -> SAMPLE	36BD10204	
Wizoo	Platinum24 - Acoustic Drums	CD 1 -> Partition G -> 13 FUNK KIT -> SAMPLE	37CRM0201	
Wizoo	Platinum24 - Acoustic Drums	CD 1 -> Partition G -> 13 FUNK KIT -> SAMPLE	37CRM0202	
Wizoo	Platinum24 - Acoustic Drums	CD 1 -> Partition G -> 13 FUNK KIT -> SAMPLE	37CRM0203	
Wizoo	Platinum24 - Acoustic Drums	CD 1 -> Partition G -> 13 FUNK KIT -> SAMPLE	37CRM0204	
Wizoo	Platinum24 - Acoustic Drums	CD 1 -> Partition G -> 13 FUNK KIT -> SAMPLE	38SD10201	
Wizoo	Platinum24 - Acoustic Drums	CD 1 -> Partition G -> 13 FUNK KIT -> SAMPLE	38SD10202	
Wizoo	Platinum24 - Acoustic Drums	CD 1 -> Partition G -> 13 FUNK KIT -> SAMPLE	38SD10203	
Wizoo	Platinum24 - Acoustic Drums	CD 1 -> Partition G -> 13 FUNK KIT -> SAMPLE	38SD10204	
Wizoo	Platinum24 - Acoustic Drums	CD 1 -> Partition G -> 13 FUNK KIT -> SAMPLE	40SD20201	
Wizoo	Platinum24 - Acoustic Drums	CD 1 -> Partition G -> 13 FUNK KIT -> SAMPLE	40SD20202	
Wizoo	Platinum24 - Acoustic Drums	CD 1 -> Partition G -> 13 FUNK KIT -> SAMPLE	40SD20203	
Wizoo	Platinum24 - Acoustic Drums	CD 1 -> Partition G -> 13 FUNK KIT -> SAMPLE	40SD20204	
Wizoo	Platinum24 - Acoustic Drums	CD 1 -> Partition G -> 13 FUNK KIT -> SAMPLE	41FTM0202	
Wizoo	Platinum24 - Acoustic Drums	CD 1 -> Partition G -> 13 FUNK KIT -> SAMPLE	41FTM0203	
Wizoo	Platinum24 - Acoustic Drums	CD 1 -> Partition G -> 13 FUNK KIT -> SAMPLE	41FTM0204	
Wizoo	Platinum24 - Acoustic Drums	CD 1 -> Partition G -> 13 FUNK KIT -> SAMPLE	42HHC0201	
Wizoo	Platinum24 - Acoustic Drums	CD 1 -> Partition G -> 13 FUNK KIT -> SAMPLE	42HHC0202	
Wizoo	Platinum24 - Acoustic Drums	CD 1 -> Partition G -> 13 FUNK KIT -> SAMPLE	42HHC0203	
Wizoo	Platinum24 - Acoustic Drums	CD 1 -> Partition G -> 13 FUNK KIT -> SAMPLE	42HHC0204	
Wizoo	Platinum24 - Acoustic Drums	CD 1 -> Partition G -> 13 FUNK KIT -> SAMPLE	44HHP0201	
Wizoo	Platinum24 - Acoustic Drums	CD 1 -> Partition G -> 13 FUNK KIT -> SAMPLE	44HHP0202	
Wizoo	Platinum24 - Acoustic Drums	CD 1 -> Partition G -> 13 FUNK KIT -> SAMPLE	44HHP0203	
Wizoo	Platinum24 - Acoustic Drums	CD 1 -> Partition G -> 13 FUNK KIT -> SAMPLE	44HHP0204	
Wizoo	Platinum24 - Acoustic Drums	CD 1 -> Partition G -> 13 FUNK KIT -> SAMPLE	45LTM0202	
Wizoo	Platinum24 - Acoustic Drums	CD 1 -> Partition G -> 13 FUNK KIT -> SAMPLE	45LTM0203	
Wizoo	Platinum24 - Acoustic Drums	CD 1 -> Partition G -> 13 FUNK KIT -> SAMPLE	45LTM0204	
Wizoo	Platinum24 - Acoustic Drums	CD 1 -> Partition G -> 13 FUNK KIT -> SAMPLE	46HHO0201	
Wizoo	Platinum24 - Acoustic Drums	CD 1 -> Partition G -> 13 FUNK KIT -> SAMPLE	46HHO0202	
Wizoo	Platinum24 - Acoustic Drums	CD 1 -> Partition G -> 13 FUNK KIT -> SAMPLE	46HHO0203	
Wizoo	Platinum24 - Acoustic Drums	CD 1 -> Partition G -> 13 FUNK KIT -> SAMPLE	46HHO0204	
Wizoo	Platinum24 - Acoustic Drums	CD 1 -> Partition G -> 13 FUNK KIT -> SAMPLE	48MTH0201	
Wizoo	Platinum24 - Acoustic Drums	CD 1 -> Partition G -> 13 FUNK KIT -> SAMPLE	48MTH0202	
Wizoo	Platinum24 - Acoustic Drums	CD 1 -> Partition G -> 13 FUNK KIT -> SAMPLE	48MTH0203	
Wizoo	Platinum24 - Acoustic Drums	CD 1 -> Partition G -> 13 FUNK KIT -> SAMPLE	48MTH0204	
Wizoo	Platinum24 - Acoustic Drums	CD 1 -> Partition G -> 13 FUNK KIT -> SAMPLE	49CR10201	
Wizoo	Platinum24 - Acoustic Drums	CD 1 -> Partition G -> 13 FUNK KIT -> SAMPLE	49CR10202	
Wizoo	Platinum24 - Acoustic Drums	CD 1 -> Partition G -> 13 FUNK KIT -> SAMPLE	49CR10203	
Wizoo	Platinum24 - Acoustic Drums	CD 1 -> Partition G -> 13 FUNK KIT -> SAMPLE	49CR10204	
Wizoo	Platinum24 - Acoustic Drums	CD 1 -> Partition G -> 13 FUNK KIT -> SAMPLE	50HTH0201	
Wizoo	Platinum24 - Acoustic Drums	CD 1 -> Partition G -> 13 FUNK KIT -> SAMPLE	50HTH0202	
Wizoo	Platinum24 - Acoustic Drums	CD 1 -> Partition G -> 13 FUNK KIT -> SAMPLE	50HTH0203	
Wizoo	Platinum24 - Acoustic Drums	CD 1 -> Partition G -> 13 FUNK KIT -> SAMPLE	50HTH0204	
Wizoo	Platinum24 - Acoustic Drums	CD 1 -> Partition G -> 13 FUNK KIT -> SAMPLE	51RD10201	
Wizoo	Platinum24 - Acoustic Drums	CD 1 -> Partition G -> 13 FUNK KIT -> SAMPLE	51RD10202	
Wizoo	Platinum24 - Acoustic Drums	CD 1 -> Partition G -> 13 FUNK KIT -> SAMPLE	51RD10203	
Wizoo	Platinum24 - Acoustic Drums	CD 1 -> Partition G -> 13 FUNK KIT -> SAMPLE	51RD10204	
Wizoo	Platinum24 - Acoustic Drums	CD 1 -> Partition G -> 13 FUNK KIT -> SAMPLE	53RDC0202	
Wizoo	Platinum24 - Acoustic Drums	CD 1 -> Partition G -> 13 FUNK KIT -> SAMPLE	53RDC0203	
Wizoo	Platinum24 - Acoustic Drums	CD 1 -> Partition G -> 13 FUNK KIT -> SAMPLE	53RDC0204	
Wizoo	Platinum24 - Acoustic Drums	CD 2 -> Partition A -> 01 KICKS -> PROGRAM	KICKS	
Wizoo	Platinum24 - Acoustic Drums	CD 2 -> Partition A -> 01 KICKS -> SAMPLE	35BDR1201	
Wizoo	Platinum24 - Acoustic Drums	CD 2 -> Partition A -> 01 KICKS -> SAMPLE	35BDR1202	
Wizoo	Platinum24 - Acoustic Drums	CD 2 -> Partition A -> 01 KICKS -> SAMPLE	35BDR1203	
Wizoo	Platinum24 - Acoustic Drums	CD 2 -> Partition A -> 01 KICKS -> SAMPLE	35BDR1204	
Wizoo	Platinum24 - Acoustic Drums	CD 2 -> Partition A -> 01 KICKS -> SAMPLE	35BDR1205	
Wizoo	Platinum24 - Acoustic Drums	CD 2 -> Partition A -> 01 KICKS -> SAMPLE	35BDR1206	
Wizoo	Platinum24 - Acoustic Drums	CD 2 -> Partition A -> 01 KICKS -> SAMPLE	35BDR1207	
Wizoo	Platinum24 - Acoustic Drums	CD 2 -> Partition A -> 01 KICKS -> SAMPLE	35BDR1208	
Wizoo	Platinum24 - Acoustic Drums	CD 2 -> Partition A -> 01 KICKS -> SAMPLE	35BDR1209	
Wizoo	Platinum24 - Acoustic Drums	CD 2 -> Partition A -> 01 KICKS -> SAMPLE	35BDR1210	
Wizoo	Platinum24 - Acoustic Drums	CD 2 -> Partition A -> 01 KICKS -> SAMPLE	35BDR1211	
Wizoo	Platinum24 - Acoustic Drums	CD 2 -> Partition A -> 01 KICKS -> SAMPLE	36BDR1201	
Wizoo	Platinum24 - Acoustic Drums	CD 2 -> Partition A -> 01 KICKS -> SAMPLE	36BDR1202	
Wizoo	Platinum24 - Acoustic Drums	CD 2 -> Partition A -> 01 KICKS -> SAMPLE	36BDR1203	
Wizoo	Platinum24 - Acoustic Drums	CD 2 -> Partition A -> 01 KICKS -> SAMPLE	36BDR1204	
Wizoo	Platinum24 - Acoustic Drums	CD 2 -> Partition A -> 01 KICKS -> SAMPLE	36BDR1205	
Wizoo	Platinum24 - Acoustic Drums	CD 2 -> Partition A -> 01 KICKS -> SAMPLE	36BDR1206	
Wizoo	Platinum24 - Acoustic Drums	CD 2 -> Partition A -> 01 KICKS -> SAMPLE	36BDR1207	
Wizoo	Platinum24 - Acoustic Drums	CD 2 -> Partition A -> 01 KICKS -> SAMPLE	36BDR1208	
Wizoo	Platinum24 - Acoustic Drums	CD 2 -> Partition A -> 01 KICKS -> SAMPLE	36BDR1209	
Wizoo	Platinum24 - Acoustic Drums	CD 2 -> Partition A -> 01 KICKS -> SAMPLE	36BDR1210	
Wizoo	Platinum24 - Acoustic Drums	CD 2 -> Partition A -> 01 KICKS -> SAMPLE	36BDR1211	
Wizoo	Platinum24 - Acoustic Drums	CD 2 -> Partition A -> 01 KICKS -> SAMPLE	36BDR1212	
Wizoo	Platinum24 - Acoustic Drums	CD 2 -> Partition A -> 01 KICKS -> SAMPLE	36BDR1213	
Wizoo	Platinum24 - Acoustic Drums	CD 2 -> Partition A -> 01 KICKS -> SAMPLE	36BDR1214	
Wizoo	Platinum24 - Acoustic Drums	CD 2 -> Partition A -> 02 SD LUDWIG -> PROGRAM	SD LUDWIG	
Wizoo	Platinum24 - Acoustic Drums	CD 2 -> Partition A -> 02 SD LUDWIG -> PROGRAM	SD LW ROLLS	
Wizoo	Platinum24 - Acoustic Drums	CD 2 -> Partition A -> 02 SD LUDWIG -> SAMPLE	29ROL1301	
Wizoo	Platinum24 - Acoustic Drums	CD 2 -> Partition A -> 02 SD LUDWIG -> SAMPLE	29ROL1302	
Wizoo	Platinum24 - Acoustic Drums	CD 2 -> Partition A -> 02 SD LUDWIG -> SAMPLE	29ROL1303	
Wizoo	Platinum24 - Acoustic Drums	CD 2 -> Partition A -> 02 SD LUDWIG -> SAMPLE	34FLA1301	
Wizoo	Platinum24 - Acoustic Drums	CD 2 -> Partition A -> 02 SD LUDWIG -> SAMPLE	34FLA1302	
Wizoo	Platinum24 - Acoustic Drums	CD 2 -> Partition A -> 02 SD LUDWIG -> SAMPLE	34FLA1303	
Wizoo	Platinum24 - Acoustic Drums	CD 2 -> Partition A -> 02 SD LUDWIG -> SAMPLE	34FLA1304	
Wizoo	Platinum24 - Acoustic Drums	CD 2 -> Partition A -> 02 SD LUDWIG -> SAMPLE	34LUD1301	
Wizoo	Platinum24 - Acoustic Drums	CD 2 -> Partition A -> 02 SD LUDWIG -> SAMPLE	34LUD1302	
Wizoo	Platinum24 - Acoustic Drums	CD 2 -> Partition A -> 02 SD LUDWIG -> SAMPLE	34LUD1303	
Wizoo	Platinum24 - Acoustic Drums	CD 2 -> Partition A -> 02 SD LUDWIG -> SAMPLE	34LUD1304	
Wizoo	Platinum24 - Acoustic Drums	CD 2 -> Partition A -> 02 SD LUDWIG -> SAMPLE	37LUD1301	
Wizoo	Platinum24 - Acoustic Drums	CD 2 -> Partition A -> 02 SD LUDWIG -> SAMPLE	37LUD1302	
Wizoo	Platinum24 - Acoustic Drums	CD 2 -> Partition A -> 02 SD LUDWIG -> SAMPLE	37LUD1303	
Wizoo	Platinum24 - Acoustic Drums	CD 2 -> Partition A -> 02 SD LUDWIG -> SAMPLE	37LUD1304	
Wizoo	Platinum24 - Acoustic Drums	CD 2 -> Partition A -> 02 SD LUDWIG -> SAMPLE	38FLA1301	
Wizoo	Platinum24 - Acoustic Drums	CD 2 -> Partition A -> 02 SD LUDWIG -> SAMPLE	38FLA1302	
Wizoo	Platinum24 - Acoustic Drums	CD 2 -> Partition A -> 02 SD LUDWIG -> SAMPLE	38FLA1303	
Wizoo	Platinum24 - Acoustic Drums	CD 2 -> Partition A -> 02 SD LUDWIG -> SAMPLE	38FLA1304	
Wizoo	Platinum24 - Acoustic Drums	CD 2 -> Partition A -> 02 SD LUDWIG -> SAMPLE	38LUD1301	
Wizoo	Platinum24 - Acoustic Drums	CD 2 -> Partition A -> 02 SD LUDWIG -> SAMPLE	38LUD1302	
Wizoo	Platinum24 - Acoustic Drums	CD 2 -> Partition A -> 02 SD LUDWIG -> SAMPLE	38LUD1303	
Wizoo	Platinum24 - Acoustic Drums	CD 2 -> Partition A -> 02 SD LUDWIG -> SAMPLE	38LUD1304	
Wizoo	Platinum24 - Acoustic Drums	CD 2 -> Partition A -> 02 SD LUDWIG -> SAMPLE	38LUD1305	
Wizoo	Platinum24 - Acoustic Drums	CD 2 -> Partition A -> 02 SD LUDWIG -> SAMPLE	38LUD1306	
Wizoo	Platinum24 - Acoustic Drums	CD 2 -> Partition A -> 02 SD LUDWIG -> SAMPLE	38LUD1307	
Wizoo	Platinum24 - Acoustic Drums	CD 2 -> Partition A -> 02 SD LUDWIG -> SAMPLE	38LUD1308	
Wizoo	Platinum24 - Acoustic Drums	CD 2 -> Partition A -> 02 SD LUDWIG -> SAMPLE	38LUD1309	
Wizoo	Platinum24 - Acoustic Drums	CD 2 -> Partition A -> 02 SD LUDWIG -> SAMPLE	38LUD1310	
Wizoo	Platinum24 - Acoustic Drums	CD 2 -> Partition A -> 02 SD LUDWIG -> SAMPLE	38LUD1311	
Wizoo	Platinum24 - Acoustic Drums	CD 2 -> Partition A -> 02 SD LUDWIG -> SAMPLE	38LUD1312	
Wizoo	Platinum24 - Acoustic Drums	CD 2 -> Partition A -> 02 SD LUDWIG -> SAMPLE	38LUD1313	
Wizoo	Platinum24 - Acoustic Drums	CD 2 -> Partition A -> 02 SD LUDWIG -> SAMPLE	38LUD1314	
Wizoo	Platinum24 - Acoustic Drums	CD 2 -> Partition A -> 02 SD LUDWIG -> SAMPLE	38LUD1316	
Wizoo	Platinum24 - Acoustic Drums	CD 2 -> Partition A -> 03 SD PREMIE -> PROGRAM	ROLLS	
Wizoo	Platinum24 - Acoustic Drums	CD 2 -> Partition A -> 03 SD PREMIE -> PROGRAM	SD PREMIER	
Wizoo	Platinum24 - Acoustic Drums	CD 2 -> Partition A -> 03 SD PREMIE -> SAMPLE	29ROL1401	
Wizoo	Platinum24 - Acoustic Drums	CD 2 -> Partition A -> 03 SD PREMIE -> SAMPLE	29ROL1402	
Wizoo	Platinum24 - Acoustic Drums	CD 2 -> Partition A -> 03 SD PREMIE -> SAMPLE	29ROL1403	
Wizoo	Platinum24 - Acoustic Drums	CD 2 -> Partition A -> 03 SD PREMIE -> SAMPLE	34FLA1401	
Wizoo	Platinum24 - Acoustic Drums	CD 2 -> Partition A -> 03 SD PREMIE -> SAMPLE	34FLA1402	
Wizoo	Platinum24 - Acoustic Drums	CD 2 -> Partition A -> 03 SD PREMIE -> SAMPLE	34FLA1403	
Wizoo	Platinum24 - Acoustic Drums	CD 2 -> Partition A -> 03 SD PREMIE -> SAMPLE	34FLA1404	
Wizoo	Platinum24 - Acoustic Drums	CD 2 -> Partition A -> 03 SD PREMIE -> SAMPLE	34PRE1401	
Wizoo	Platinum24 - Acoustic Drums	CD 2 -> Partition A -> 03 SD PREMIE -> SAMPLE	34PRE1402	
Wizoo	Platinum24 - Acoustic Drums	CD 2 -> Partition A -> 03 SD PREMIE -> SAMPLE	34PRE1403	
Wizoo	Platinum24 - Acoustic Drums	CD 2 -> Partition A -> 03 SD PREMIE -> SAMPLE	34PRE1404	
Wizoo	Platinum24 - Acoustic Drums	CD 2 -> Partition A -> 03 SD PREMIE -> SAMPLE	37PRE1401	
Wizoo	Platinum24 - Acoustic Drums	CD 2 -> Partition A -> 03 SD PREMIE -> SAMPLE	37PRE1402	
Wizoo	Platinum24 - Acoustic Drums	CD 2 -> Partition A -> 03 SD PREMIE -> SAMPLE	37PRE1403	
Wizoo	Platinum24 - Acoustic Drums	CD 2 -> Partition A -> 03 SD PREMIE -> SAMPLE	37PRE1404	
Wizoo	Platinum24 - Acoustic Drums	CD 2 -> Partition A -> 03 SD PREMIE -> SAMPLE	38FLA1401	
Wizoo	Platinum24 - Acoustic Drums	CD 2 -> Partition A -> 03 SD PREMIE -> SAMPLE	38FLA1402	
Wizoo	Platinum24 - Acoustic Drums	CD 2 -> Partition A -> 03 SD PREMIE -> SAMPLE	38FLA1403	
Wizoo	Platinum24 - Acoustic Drums	CD 2 -> Partition A -> 03 SD PREMIE -> SAMPLE	38FLA1404	
Wizoo	Platinum24 - Acoustic Drums	CD 2 -> Partition A -> 03 SD PREMIE -> SAMPLE	38PRE1401	
Wizoo	Platinum24 - Acoustic Drums	CD 2 -> Partition A -> 03 SD PREMIE -> SAMPLE	38PRE1402	
Wizoo	Platinum24 - Acoustic Drums	CD 2 -> Partition A -> 03 SD PREMIE -> SAMPLE	38PRE1403	
Wizoo	Platinum24 - Acoustic Drums	CD 2 -> Partition A -> 03 SD PREMIE -> SAMPLE	38PRE1404	
Wizoo	Platinum24 - Acoustic Drums	CD 2 -> Partition A -> 03 SD PREMIE -> SAMPLE	38PRE1405	
Wizoo	Platinum24 - Acoustic Drums	CD 2 -> Partition A -> 03 SD PREMIE -> SAMPLE	38PRE1406	
Wizoo	Platinum24 - Acoustic Drums	CD 2 -> Partition A -> 03 SD PREMIE -> SAMPLE	38PRE1407	
Wizoo	Platinum24 - Acoustic Drums	CD 2 -> Partition A -> 03 SD PREMIE -> SAMPLE	38PRE1408	
Wizoo	Platinum24 - Acoustic Drums	CD 2 -> Partition A -> 03 SD PREMIE -> SAMPLE	38PRE1409	
Wizoo	Platinum24 - Acoustic Drums	CD 2 -> Partition A -> 03 SD PREMIE -> SAMPLE	38PRE1410	
Wizoo	Platinum24 - Acoustic Drums	CD 2 -> Partition A -> 03 SD PREMIE -> SAMPLE	38PRE1411	
Wizoo	Platinum24 - Acoustic Drums	CD 2 -> Partition A -> 03 SD PREMIE -> SAMPLE	38PRE1412 -L	
Wizoo	Platinum24 - Acoustic Drums	CD 2 -> Partition A -> 03 SD PREMIE -> SAMPLE	38PRE1412 -R	
Wizoo	Platinum24 - Acoustic Drums	CD 2 -> Partition A -> 04 SD SONOR -> PROGRAM	ROLLS	
Wizoo	Platinum24 - Acoustic Drums	CD 2 -> Partition A -> 04 SD SONOR -> PROGRAM	SD SONOR	
Wizoo	Platinum24 - Acoustic Drums	CD 2 -> Partition A -> 04 SD SONOR -> SAMPLE	34FLASO01	
Wizoo	Platinum24 - Acoustic Drums	CD 2 -> Partition A -> 04 SD SONOR -> SAMPLE	34FLASO02	
Wizoo	Platinum24 - Acoustic Drums	CD 2 -> Partition A -> 04 SD SONOR -> SAMPLE	34FLASO03	
Wizoo	Platinum24 - Acoustic Drums	CD 2 -> Partition A -> 04 SD SONOR -> SAMPLE	34FLASO04	
Wizoo	Platinum24 - Acoustic Drums	CD 2 -> Partition A -> 04 SD SONOR -> SAMPLE	34SON1501	
Wizoo	Platinum24 - Acoustic Drums	CD 2 -> Partition A -> 04 SD SONOR -> SAMPLE	34SON1502	
Wizoo	Platinum24 - Acoustic Drums	CD 2 -> Partition A -> 04 SD SONOR -> SAMPLE	34SON1503	
Wizoo	Platinum24 - Acoustic Drums	CD 2 -> Partition A -> 04 SD SONOR -> SAMPLE	34SON1504	
Wizoo	Platinum24 - Acoustic Drums	CD 2 -> Partition A -> 04 SD SONOR -> SAMPLE	37SON11501	
Wizoo	Platinum24 - Acoustic Drums	CD 2 -> Partition A -> 04 SD SONOR -> SAMPLE	37SON11502	
Wizoo	Platinum24 - Acoustic Drums	CD 2 -> Partition A -> 04 SD SONOR -> SAMPLE	37SON11503	
Wizoo	Platinum24 - Acoustic Drums	CD 2 -> Partition A -> 04 SD SONOR -> SAMPLE	37SON11504	
Wizoo	Platinum24 - Acoustic Drums	CD 2 -> Partition A -> 04 SD SONOR -> SAMPLE	38FLA1501	
Wizoo	Platinum24 - Acoustic Drums	CD 2 -> Partition A -> 04 SD SONOR -> SAMPLE	38FLA1502	
Wizoo	Platinum24 - Acoustic Drums	CD 2 -> Partition A -> 04 SD SONOR -> SAMPLE	38FLA1503	
Wizoo	Platinum24 - Acoustic Drums	CD 2 -> Partition A -> 04 SD SONOR -> SAMPLE	38FLA1504	
Wizoo	Platinum24 - Acoustic Drums	CD 2 -> Partition A -> 04 SD SONOR -> SAMPLE	38ROL1501	
Wizoo	Platinum24 - Acoustic Drums	CD 2 -> Partition A -> 04 SD SONOR -> SAMPLE	38ROL1502	
Wizoo	Platinum24 - Acoustic Drums	CD 2 -> Partition A -> 04 SD SONOR -> SAMPLE	38ROL1503	
Wizoo	Platinum24 - Acoustic Drums	CD 2 -> Partition A -> 04 SD SONOR -> SAMPLE	38SON1501	
Wizoo	Platinum24 - Acoustic Drums	CD 2 -> Partition A -> 04 SD SONOR -> SAMPLE	38SON1502	
Wizoo	Platinum24 - Acoustic Drums	CD 2 -> Partition A -> 04 SD SONOR -> SAMPLE	38SON1503	
Wizoo	Platinum24 - Acoustic Drums	CD 2 -> Partition A -> 04 SD SONOR -> SAMPLE	38SON1504	
Wizoo	Platinum24 - Acoustic Drums	CD 2 -> Partition A -> 04 SD SONOR -> SAMPLE	38SON1505	
Wizoo	Platinum24 - Acoustic Drums	CD 2 -> Partition A -> 04 SD SONOR -> SAMPLE	38SON1506	
Wizoo	Platinum24 - Acoustic Drums	CD 2 -> Partition A -> 04 SD SONOR -> SAMPLE	38SON1507	
Wizoo	Platinum24 - Acoustic Drums	CD 2 -> Partition A -> 04 SD SONOR -> SAMPLE	38SON1508	
Wizoo	Platinum24 - Acoustic Drums	CD 2 -> Partition A -> 04 SD SONOR -> SAMPLE	38SON1509	
Wizoo	Platinum24 - Acoustic Drums	CD 2 -> Partition A -> 04 SD SONOR -> SAMPLE	38SON1510	
Wizoo	Platinum24 - Acoustic Drums	CD 2 -> Partition A -> 04 SD SONOR -> SAMPLE	38SON1511	
Wizoo	Platinum24 - Acoustic Drums	CD 2 -> Partition A -> 04 SD SONOR -> SAMPLE	38SON1512 -L	
Wizoo	Platinum24 - Acoustic Drums	CD 2 -> Partition A -> 04 SD SONOR -> SAMPLE	38SON1512 -R	
Wizoo	Platinum24 - Acoustic Drums	CD 2 -> Partition A -> 05 SD AYOTTE -> PROGRAM	ROLLS	
Wizoo	Platinum24 - Acoustic Drums	CD 2 -> Partition A -> 05 SD AYOTTE -> PROGRAM	SD AYOTTE	
Wizoo	Platinum24 - Acoustic Drums	CD 2 -> Partition A -> 05 SD AYOTTE -> SAMPLE	29ROL1601	
Wizoo	Platinum24 - Acoustic Drums	CD 2 -> Partition A -> 05 SD AYOTTE -> SAMPLE	29ROL1602	
Wizoo	Platinum24 - Acoustic Drums	CD 2 -> Partition A -> 05 SD AYOTTE -> SAMPLE	29ROL1603	
Wizoo	Platinum24 - Acoustic Drums	CD 2 -> Partition A -> 05 SD AYOTTE -> SAMPLE	34AYO1601	
Wizoo	Platinum24 - Acoustic Drums	CD 2 -> Partition A -> 05 SD AYOTTE -> SAMPLE	34AYO1602	
Wizoo	Platinum24 - Acoustic Drums	CD 2 -> Partition A -> 05 SD AYOTTE -> SAMPLE	34AYO1603	
Wizoo	Platinum24 - Acoustic Drums	CD 2 -> Partition A -> 05 SD AYOTTE -> SAMPLE	34AYO1604	
Wizoo	Platinum24 - Acoustic Drums	CD 2 -> Partition A -> 05 SD AYOTTE -> SAMPLE	34FLA1601	
Wizoo	Platinum24 - Acoustic Drums	CD 2 -> Partition A -> 05 SD AYOTTE -> SAMPLE	34FLA1602	
Wizoo	Platinum24 - Acoustic Drums	CD 2 -> Partition A -> 05 SD AYOTTE -> SAMPLE	34FLA1603	
Wizoo	Platinum24 - Acoustic Drums	CD 2 -> Partition A -> 05 SD AYOTTE -> SAMPLE	34FLA1604	
Wizoo	Platinum24 - Acoustic Drums	CD 2 -> Partition A -> 05 SD AYOTTE -> SAMPLE	37AYO1601	
Wizoo	Platinum24 - Acoustic Drums	CD 2 -> Partition A -> 05 SD AYOTTE -> SAMPLE	37AYO1602	
Wizoo	Platinum24 - Acoustic Drums	CD 2 -> Partition A -> 05 SD AYOTTE -> SAMPLE	37AYO1603	
Wizoo	Platinum24 - Acoustic Drums	CD 2 -> Partition A -> 05 SD AYOTTE -> SAMPLE	37AYO1604	
Wizoo	Platinum24 - Acoustic Drums	CD 2 -> Partition A -> 05 SD AYOTTE -> SAMPLE	38AYO1601	
Wizoo	Platinum24 - Acoustic Drums	CD 2 -> Partition A -> 05 SD AYOTTE -> SAMPLE	38AYO1602	
Wizoo	Platinum24 - Acoustic Drums	CD 2 -> Partition A -> 05 SD AYOTTE -> SAMPLE	38AYO1603	
Wizoo	Platinum24 - Acoustic Drums	CD 2 -> Partition A -> 05 SD AYOTTE -> SAMPLE	38AYO1604	
Wizoo	Platinum24 - Acoustic Drums	CD 2 -> Partition A -> 05 SD AYOTTE -> SAMPLE	38AYO1605	
Wizoo	Platinum24 - Acoustic Drums	CD 2 -> Partition A -> 05 SD AYOTTE -> SAMPLE	38AYO1606	
Wizoo	Platinum24 - Acoustic Drums	CD 2 -> Partition A -> 05 SD AYOTTE -> SAMPLE	38AYO1607	
Wizoo	Platinum24 - Acoustic Drums	CD 2 -> Partition A -> 05 SD AYOTTE -> SAMPLE	38AYO1608	
Wizoo	Platinum24 - Acoustic Drums	CD 2 -> Partition A -> 05 SD AYOTTE -> SAMPLE	38AYO1609	
Wizoo	Platinum24 - Acoustic Drums	CD 2 -> Partition A -> 05 SD AYOTTE -> SAMPLE	38AYO1610	
Wizoo	Platinum24 - Acoustic Drums	CD 2 -> Partition A -> 05 SD AYOTTE -> SAMPLE	38AYO1611	
Wizoo	Platinum24 - Acoustic Drums	CD 2 -> Partition A -> 05 SD AYOTTE -> SAMPLE	38AYO1612	
Wizoo	Platinum24 - Acoustic Drums	CD 2 -> Partition A -> 05 SD AYOTTE -> SAMPLE	38FLA1601	
Wizoo	Platinum24 - Acoustic Drums	CD 2 -> Partition A -> 05 SD AYOTTE -> SAMPLE	38FLA1602	
Wizoo	Platinum24 - Acoustic Drums	CD 2 -> Partition A -> 05 SD AYOTTE -> SAMPLE	38FLA1603	
Wizoo	Platinum24 - Acoustic Drums	CD 2 -> Partition A -> 05 SD AYOTTE -> SAMPLE	38FLA1604 -L	
Wizoo	Platinum24 - Acoustic Drums	CD 2 -> Partition A -> 05 SD AYOTTE -> SAMPLE	38FLA1604 -R	
Wizoo	Platinum24 - Acoustic Drums	CD 2 -> Partition B -> 06 HH ZILDJI -> PROGRAM	HH ZILDJI	
Wizoo	Platinum24 - Acoustic Drums	CD 2 -> Partition B -> 06 HH ZILDJI -> SAMPLE	42ZIL2201	
Wizoo	Platinum24 - Acoustic Drums	CD 2 -> Partition B -> 06 HH ZILDJI -> SAMPLE	42ZIL2202	
Wizoo	Platinum24 - Acoustic Drums	CD 2 -> Partition B -> 06 HH ZILDJI -> SAMPLE	42ZIL2203	
Wizoo	Platinum24 - Acoustic Drums	CD 2 -> Partition B -> 06 HH ZILDJI -> SAMPLE	42ZIL2204	
Wizoo	Platinum24 - Acoustic Drums	CD 2 -> Partition B -> 06 HH ZILDJI -> SAMPLE	42ZIL2205	
Wizoo	Platinum24 - Acoustic Drums	CD 2 -> Partition B -> 06 HH ZILDJI -> SAMPLE	42ZIL2206	
Wizoo	Platinum24 - Acoustic Drums	CD 2 -> Partition B -> 06 HH ZILDJI -> SAMPLE	42ZIL2207	
Wizoo	Platinum24 - Acoustic Drums	CD 2 -> Partition B -> 06 HH ZILDJI -> SAMPLE	42ZIL2208	
Wizoo	Platinum24 - Acoustic Drums	CD 2 -> Partition B -> 06 HH ZILDJI -> SAMPLE	42ZIL2209	
Wizoo	Platinum24 - Acoustic Drums	CD 2 -> Partition B -> 06 HH ZILDJI -> SAMPLE	42ZIL2210	
Wizoo	Platinum24 - Acoustic Drums	CD 2 -> Partition B -> 06 HH ZILDJI -> SAMPLE	42ZIL2211	
Wizoo	Platinum24 - Acoustic Drums	CD 2 -> Partition B -> 06 HH ZILDJI -> SAMPLE	42ZIL2212	
Wizoo	Platinum24 - Acoustic Drums	CD 2 -> Partition B -> 06 HH ZILDJI -> SAMPLE	42ZIL2213	
Wizoo	Platinum24 - Acoustic Drums	CD 2 -> Partition B -> 06 HH ZILDJI -> SAMPLE	44ZIL2201	
Wizoo	Platinum24 - Acoustic Drums	CD 2 -> Partition B -> 06 HH ZILDJI -> SAMPLE	44ZIL2202	
Wizoo	Platinum24 - Acoustic Drums	CD 2 -> Partition B -> 06 HH ZILDJI -> SAMPLE	44ZIL2203	
Wizoo	Platinum24 - Acoustic Drums	CD 2 -> Partition B -> 06 HH ZILDJI -> SAMPLE	44ZIL2204	
Wizoo	Platinum24 - Acoustic Drums	CD 2 -> Partition B -> 06 HH ZILDJI -> SAMPLE	44ZIL2205	
Wizoo	Platinum24 - Acoustic Drums	CD 2 -> Partition B -> 06 HH ZILDJI -> SAMPLE	44ZIL2206	
Wizoo	Platinum24 - Acoustic Drums	CD 2 -> Partition B -> 06 HH ZILDJI -> SAMPLE	44ZIL2207	
Wizoo	Platinum24 - Acoustic Drums	CD 2 -> Partition B -> 06 HH ZILDJI -> SAMPLE	44ZIL2208	
Wizoo	Platinum24 - Acoustic Drums	CD 2 -> Partition B -> 06 HH ZILDJI -> SAMPLE	46ZIL2201	
Wizoo	Platinum24 - Acoustic Drums	CD 2 -> Partition B -> 06 HH ZILDJI -> SAMPLE	46ZIL2202	
Wizoo	Platinum24 - Acoustic Drums	CD 2 -> Partition B -> 06 HH ZILDJI -> SAMPLE	46ZIL2203	
Wizoo	Platinum24 - Acoustic Drums	CD 2 -> Partition B -> 06 HH ZILDJI -> SAMPLE	46ZIL2204	
Wizoo	Platinum24 - Acoustic Drums	CD 2 -> Partition B -> 06 HH ZILDJI -> SAMPLE	46ZIL2205	
Wizoo	Platinum24 - Acoustic Drums	CD 2 -> Partition B -> 06 HH ZILDJI -> SAMPLE	46ZIL2206	
Wizoo	Platinum24 - Acoustic Drums	CD 2 -> Partition B -> 06 HH ZILDJI -> SAMPLE	46ZIL2207	
Wizoo	Platinum24 - Acoustic Drums	CD 2 -> Partition B -> 06 HH ZILDJI -> SAMPLE	46ZIL2208 -L	
Wizoo	Platinum24 - Acoustic Drums	CD 2 -> Partition B -> 06 HH ZILDJI -> SAMPLE	46ZIL2208 -R	
Wizoo	Platinum24 - Acoustic Drums	CD 2 -> Partition B -> 07 HH SABIAN -> PROGRAM	HH SABIAN	
Wizoo	Platinum24 - Acoustic Drums	CD 2 -> Partition B -> 07 HH SABIAN -> SAMPLE	42SAB2301	
Wizoo	Platinum24 - Acoustic Drums	CD 2 -> Partition B -> 07 HH SABIAN -> SAMPLE	42SAB2302	
Wizoo	Platinum24 - Acoustic Drums	CD 2 -> Partition B -> 07 HH SABIAN -> SAMPLE	42SAB2303	
Wizoo	Platinum24 - Acoustic Drums	CD 2 -> Partition B -> 07 HH SABIAN -> SAMPLE	42SAB2304	
Wizoo	Platinum24 - Acoustic Drums	CD 2 -> Partition B -> 07 HH SABIAN -> SAMPLE	42SAB2305	
Wizoo	Platinum24 - Acoustic Drums	CD 2 -> Partition B -> 07 HH SABIAN -> SAMPLE	42SAB2306	
Wizoo	Platinum24 - Acoustic Drums	CD 2 -> Partition B -> 07 HH SABIAN -> SAMPLE	42SAB2307	
Wizoo	Platinum24 - Acoustic Drums	CD 2 -> Partition B -> 07 HH SABIAN -> SAMPLE	42SAB2308	
Wizoo	Platinum24 - Acoustic Drums	CD 2 -> Partition B -> 07 HH SABIAN -> SAMPLE	42SAB2309	
Wizoo	Platinum24 - Acoustic Drums	CD 2 -> Partition B -> 07 HH SABIAN -> SAMPLE	42SAB2310	
Wizoo	Platinum24 - Acoustic Drums	CD 2 -> Partition B -> 07 HH SABIAN -> SAMPLE	42SAB2311	
Wizoo	Platinum24 - Acoustic Drums	CD 2 -> Partition B -> 07 HH SABIAN -> SAMPLE	42SAB2312	
Wizoo	Platinum24 - Acoustic Drums	CD 2 -> Partition B -> 07 HH SABIAN -> SAMPLE	42SAB2313	
Wizoo	Platinum24 - Acoustic Drums	CD 2 -> Partition B -> 07 HH SABIAN -> SAMPLE	44SA2301	
Wizoo	Platinum24 - Acoustic Drums	CD 2 -> Partition B -> 07 HH SABIAN -> SAMPLE	44SA2302	
Wizoo	Platinum24 - Acoustic Drums	CD 2 -> Partition B -> 07 HH SABIAN -> SAMPLE	44SA2303	
Wizoo	Platinum24 - Acoustic Drums	CD 2 -> Partition B -> 07 HH SABIAN -> SAMPLE	44SA2304	
Wizoo	Platinum24 - Acoustic Drums	CD 2 -> Partition B -> 07 HH SABIAN -> SAMPLE	46SAB2301	
Wizoo	Platinum24 - Acoustic Drums	CD 2 -> Partition B -> 07 HH SABIAN -> SAMPLE	46SAB2302	
Wizoo	Platinum24 - Acoustic Drums	CD 2 -> Partition B -> 07 HH SABIAN -> SAMPLE	46SAB2303	
Wizoo	Platinum24 - Acoustic Drums	CD 2 -> Partition B -> 07 HH SABIAN -> SAMPLE	46SAB2304	
Wizoo	Platinum24 - Acoustic Drums	CD 2 -> Partition B -> 07 HH SABIAN -> SAMPLE	46SAB2305	
Wizoo	Platinum24 - Acoustic Drums	CD 2 -> Partition B -> 07 HH SABIAN -> SAMPLE	46SAB2306	
Wizoo	Platinum24 - Acoustic Drums	CD 2 -> Partition B -> 07 HH SABIAN -> SAMPLE	46SAB2307	
Wizoo	Platinum24 - Acoustic Drums	CD 2 -> Partition B -> 07 HH SABIAN -> SAMPLE	46SAB2308	
Wizoo	Platinum24 - Acoustic Drums	CD 2 -> Partition B -> 08 HH PAISTE -> PROGRAM	HH PAISTE	
Wizoo	Platinum24 - Acoustic Drums	CD 2 -> Partition B -> 08 HH PAISTE -> SAMPLE	42PAI2401	
Wizoo	Platinum24 - Acoustic Drums	CD 2 -> Partition B -> 08 HH PAISTE -> SAMPLE	42PAI2402	
Wizoo	Platinum24 - Acoustic Drums	CD 2 -> Partition B -> 08 HH PAISTE -> SAMPLE	42PAI2403	
Wizoo	Platinum24 - Acoustic Drums	CD 2 -> Partition B -> 08 HH PAISTE -> SAMPLE	42PAI2404	
Wizoo	Platinum24 - Acoustic Drums	CD 2 -> Partition B -> 08 HH PAISTE -> SAMPLE	42PAI2405	
Wizoo	Platinum24 - Acoustic Drums	CD 2 -> Partition B -> 08 HH PAISTE -> SAMPLE	42PAI2406	
Wizoo	Platinum24 - Acoustic Drums	CD 2 -> Partition B -> 08 HH PAISTE -> SAMPLE	42PAI2407	
Wizoo	Platinum24 - Acoustic Drums	CD 2 -> Partition B -> 08 HH PAISTE -> SAMPLE	42PAI2408	
Wizoo	Platinum24 - Acoustic Drums	CD 2 -> Partition B -> 08 HH PAISTE -> SAMPLE	42PAI2409	
Wizoo	Platinum24 - Acoustic Drums	CD 2 -> Partition B -> 08 HH PAISTE -> SAMPLE	42PAI2410	
Wizoo	Platinum24 - Acoustic Drums	CD 2 -> Partition B -> 08 HH PAISTE -> SAMPLE	42PAI2411	
Wizoo	Platinum24 - Acoustic Drums	CD 2 -> Partition B -> 08 HH PAISTE -> SAMPLE	42PAI2412	
Wizoo	Platinum24 - Acoustic Drums	CD 2 -> Partition B -> 08 HH PAISTE -> SAMPLE	42PAI2413	
Wizoo	Platinum24 - Acoustic Drums	CD 2 -> Partition B -> 08 HH PAISTE -> SAMPLE	44PAI2401	
Wizoo	Platinum24 - Acoustic Drums	CD 2 -> Partition B -> 08 HH PAISTE -> SAMPLE	44PAI2402	
Wizoo	Platinum24 - Acoustic Drums	CD 2 -> Partition B -> 08 HH PAISTE -> SAMPLE	44PAI2403	
Wizoo	Platinum24 - Acoustic Drums	CD 2 -> Partition B -> 08 HH PAISTE -> SAMPLE	44PAI2404	
Wizoo	Platinum24 - Acoustic Drums	CD 2 -> Partition B -> 08 HH PAISTE -> SAMPLE	44PAI2405	
Wizoo	Platinum24 - Acoustic Drums	CD 2 -> Partition B -> 08 HH PAISTE -> SAMPLE	44PAI2406	
Wizoo	Platinum24 - Acoustic Drums	CD 2 -> Partition B -> 08 HH PAISTE -> SAMPLE	44PAI2407	
Wizoo	Platinum24 - Acoustic Drums	CD 2 -> Partition B -> 08 HH PAISTE -> SAMPLE	44PAI2408	
Wizoo	Platinum24 - Acoustic Drums	CD 2 -> Partition B -> 08 HH PAISTE -> SAMPLE	46PAI2402	
Wizoo	Platinum24 - Acoustic Drums	CD 2 -> Partition B -> 08 HH PAISTE -> SAMPLE	46PAI2403	
Wizoo	Platinum24 - Acoustic Drums	CD 2 -> Partition B -> 08 HH PAISTE -> SAMPLE	46PAI2404	
Wizoo	Platinum24 - Acoustic Drums	CD 2 -> Partition B -> 08 HH PAISTE -> SAMPLE	46PAI2405	
Wizoo	Platinum24 - Acoustic Drums	CD 2 -> Partition B -> 08 HH PAISTE -> SAMPLE	46PAI2406	
Wizoo	Platinum24 - Acoustic Drums	CD 2 -> Partition B -> 08 HH PAISTE -> SAMPLE	46PAI2407	
Wizoo	Platinum24 - Acoustic Drums	CD 2 -> Partition B -> 08 HH PAISTE -> SAMPLE	46PAI2408	
Wizoo	Platinum24 - Acoustic Drums	CD 2 -> Partition B -> 08 HH PAISTE -> SAMPLE	46PAI2409 -L	
Wizoo	Platinum24 - Acoustic Drums	CD 2 -> Partition B -> 08 HH PAISTE -> SAMPLE	46PAI2409 -R	
Wizoo	Platinum24 - Acoustic Drums	CD 2 -> Partition C -> 09 TOM YAMAH -> PROGRAM	TOMS YAMAH	
Wizoo	Platinum24 - Acoustic Drums	CD 2 -> Partition C -> 09 TOM YAMAH -> SAMPLE	41TOM1801	
Wizoo	Platinum24 - Acoustic Drums	CD 2 -> Partition C -> 09 TOM YAMAH -> SAMPLE	41TOM1802	
Wizoo	Platinum24 - Acoustic Drums	CD 2 -> Partition C -> 09 TOM YAMAH -> SAMPLE	41TOM1803	
Wizoo	Platinum24 - Acoustic Drums	CD 2 -> Partition C -> 09 TOM YAMAH -> SAMPLE	41TOM1804	
Wizoo	Platinum24 - Acoustic Drums	CD 2 -> Partition C -> 09 TOM YAMAH -> SAMPLE	41TOM1805	
Wizoo	Platinum24 - Acoustic Drums	CD 2 -> Partition C -> 09 TOM YAMAH -> SAMPLE	41TOM1806	
Wizoo	Platinum24 - Acoustic Drums	CD 2 -> Partition C -> 09 TOM YAMAH -> SAMPLE	41TOM1807	
Wizoo	Platinum24 - Acoustic Drums	CD 2 -> Partition C -> 09 TOM YAMAH -> SAMPLE	41TOM1808	
Wizoo	Platinum24 - Acoustic Drums	CD 2 -> Partition C -> 09 TOM YAMAH -> SAMPLE	45TOM1801	
Wizoo	Platinum24 - Acoustic Drums	CD 2 -> Partition C -> 09 TOM YAMAH -> SAMPLE	45TOM1802	
Wizoo	Platinum24 - Acoustic Drums	CD 2 -> Partition C -> 09 TOM YAMAH -> SAMPLE	45TOM1803	
Wizoo	Platinum24 - Acoustic Drums	CD 2 -> Partition C -> 09 TOM YAMAH -> SAMPLE	45TOM1804	
Wizoo	Platinum24 - Acoustic Drums	CD 2 -> Partition C -> 09 TOM YAMAH -> SAMPLE	45TOM1805	
Wizoo	Platinum24 - Acoustic Drums	CD 2 -> Partition C -> 09 TOM YAMAH -> SAMPLE	45TOM1806	
Wizoo	Platinum24 - Acoustic Drums	CD 2 -> Partition C -> 09 TOM YAMAH -> SAMPLE	45TOM1807	
Wizoo	Platinum24 - Acoustic Drums	CD 2 -> Partition C -> 09 TOM YAMAH -> SAMPLE	45TOM1808	
Wizoo	Platinum24 - Acoustic Drums	CD 2 -> Partition C -> 09 TOM YAMAH -> SAMPLE	48TOM1801	
Wizoo	Platinum24 - Acoustic Drums	CD 2 -> Partition C -> 09 TOM YAMAH -> SAMPLE	48TOM1802	
Wizoo	Platinum24 - Acoustic Drums	CD 2 -> Partition C -> 09 TOM YAMAH -> SAMPLE	48TOM1803	
Wizoo	Platinum24 - Acoustic Drums	CD 2 -> Partition C -> 09 TOM YAMAH -> SAMPLE	48TOM1804	
Wizoo	Platinum24 - Acoustic Drums	CD 2 -> Partition C -> 09 TOM YAMAH -> SAMPLE	48TOM1805	
Wizoo	Platinum24 - Acoustic Drums	CD 2 -> Partition C -> 09 TOM YAMAH -> SAMPLE	48TOM1806	
Wizoo	Platinum24 - Acoustic Drums	CD 2 -> Partition C -> 09 TOM YAMAH -> SAMPLE	48TOM1807	
Wizoo	Platinum24 - Acoustic Drums	CD 2 -> Partition C -> 09 TOM YAMAH -> SAMPLE	48TOM1808	
Wizoo	Platinum24 - Acoustic Drums	CD 2 -> Partition C -> 09 TOM YAMAH -> SAMPLE	50TOM1801	
Wizoo	Platinum24 - Acoustic Drums	CD 2 -> Partition C -> 09 TOM YAMAH -> SAMPLE	50TOM1802	
Wizoo	Platinum24 - Acoustic Drums	CD 2 -> Partition C -> 09 TOM YAMAH -> SAMPLE	50TOM1803	
Wizoo	Platinum24 - Acoustic Drums	CD 2 -> Partition C -> 09 TOM YAMAH -> SAMPLE	50TOM1804	
Wizoo	Platinum24 - Acoustic Drums	CD 2 -> Partition C -> 09 TOM YAMAH -> SAMPLE	50TOM1805	
Wizoo	Platinum24 - Acoustic Drums	CD 2 -> Partition C -> 09 TOM YAMAH -> SAMPLE	50TOM1806	
Wizoo	Platinum24 - Acoustic Drums	CD 2 -> Partition C -> 09 TOM YAMAH -> SAMPLE	50TOM1807	
Wizoo	Platinum24 - Acoustic Drums	CD 2 -> Partition C -> 09 TOM YAMAH -> SAMPLE	50TOM1808 -L	
Wizoo	Platinum24 - Acoustic Drums	CD 2 -> Partition C -> 09 TOM YAMAH -> SAMPLE	50TOM1808 -R	
Wizoo	Platinum24 - Acoustic Drums	CD 2 -> Partition C -> 10 TOM SONOR -> PROGRAM	TOMS SONOR	
Wizoo	Platinum24 - Acoustic Drums	CD 2 -> Partition C -> 10 TOM SONOR -> SAMPLE	41SON1901	
Wizoo	Platinum24 - Acoustic Drums	CD 2 -> Partition C -> 10 TOM SONOR -> SAMPLE	41SON1902	
Wizoo	Platinum24 - Acoustic Drums	CD 2 -> Partition C -> 10 TOM SONOR -> SAMPLE	41SON1903	
Wizoo	Platinum24 - Acoustic Drums	CD 2 -> Partition C -> 10 TOM SONOR -> SAMPLE	41SON1904	
Wizoo	Platinum24 - Acoustic Drums	CD 2 -> Partition C -> 10 TOM SONOR -> SAMPLE	41SON1905	
Wizoo	Platinum24 - Acoustic Drums	CD 2 -> Partition C -> 10 TOM SONOR -> SAMPLE	41SON1906	
Wizoo	Platinum24 - Acoustic Drums	CD 2 -> Partition C -> 10 TOM SONOR -> SAMPLE	41SON1907	
Wizoo	Platinum24 - Acoustic Drums	CD 2 -> Partition C -> 10 TOM SONOR -> SAMPLE	41SON1908	
Wizoo	Platinum24 - Acoustic Drums	CD 2 -> Partition C -> 10 TOM SONOR -> SAMPLE	45SON1901	
Wizoo	Platinum24 - Acoustic Drums	CD 2 -> Partition C -> 10 TOM SONOR -> SAMPLE	45SON1902	
Wizoo	Platinum24 - Acoustic Drums	CD 2 -> Partition C -> 10 TOM SONOR -> SAMPLE	45SON1903	
Wizoo	Platinum24 - Acoustic Drums	CD 2 -> Partition C -> 10 TOM SONOR -> SAMPLE	45SON1904	
Wizoo	Platinum24 - Acoustic Drums	CD 2 -> Partition C -> 10 TOM SONOR -> SAMPLE	45SON1905	
Wizoo	Platinum24 - Acoustic Drums	CD 2 -> Partition C -> 10 TOM SONOR -> SAMPLE	45SON1906	
Wizoo	Platinum24 - Acoustic Drums	CD 2 -> Partition C -> 10 TOM SONOR -> SAMPLE	45SON1907	
Wizoo	Platinum24 - Acoustic Drums	CD 2 -> Partition C -> 10 TOM SONOR -> SAMPLE	45SON1908	
Wizoo	Platinum24 - Acoustic Drums	CD 2 -> Partition C -> 10 TOM SONOR -> SAMPLE	48SON1901	
Wizoo	Platinum24 - Acoustic Drums	CD 2 -> Partition C -> 10 TOM SONOR -> SAMPLE	48SON1902	
Wizoo	Platinum24 - Acoustic Drums	CD 2 -> Partition C -> 10 TOM SONOR -> SAMPLE	48SON1903	
Wizoo	Platinum24 - Acoustic Drums	CD 2 -> Partition C -> 10 TOM SONOR -> SAMPLE	48SON1904	
Wizoo	Platinum24 - Acoustic Drums	CD 2 -> Partition C -> 10 TOM SONOR -> SAMPLE	48SON1905	
Wizoo	Platinum24 - Acoustic Drums	CD 2 -> Partition C -> 10 TOM SONOR -> SAMPLE	48SON1906	
Wizoo	Platinum24 - Acoustic Drums	CD 2 -> Partition C -> 10 TOM SONOR -> SAMPLE	48SON1907	
Wizoo	Platinum24 - Acoustic Drums	CD 2 -> Partition C -> 10 TOM SONOR -> SAMPLE	48SON1908	
Wizoo	Platinum24 - Acoustic Drums	CD 2 -> Partition C -> 10 TOM SONOR -> SAMPLE	52SON1901	
Wizoo	Platinum24 - Acoustic Drums	CD 2 -> Partition C -> 10 TOM SONOR -> SAMPLE	52SON1902	
Wizoo	Platinum24 - Acoustic Drums	CD 2 -> Partition C -> 10 TOM SONOR -> SAMPLE	52SON1903	
Wizoo	Platinum24 - Acoustic Drums	CD 2 -> Partition C -> 10 TOM SONOR -> SAMPLE	52SON1904	
Wizoo	Platinum24 - Acoustic Drums	CD 2 -> Partition C -> 10 TOM SONOR -> SAMPLE	52SON1905	
Wizoo	Platinum24 - Acoustic Drums	CD 2 -> Partition C -> 10 TOM SONOR -> SAMPLE	52SON1906	
Wizoo	Platinum24 - Acoustic Drums	CD 2 -> Partition C -> 10 TOM SONOR -> SAMPLE	52SON1907	
Wizoo	Platinum24 - Acoustic Drums	CD 2 -> Partition C -> 10 TOM SONOR -> SAMPLE	52SON1908 -L	
Wizoo	Platinum24 - Acoustic Drums	CD 2 -> Partition C -> 10 TOM SONOR -> SAMPLE	52SON1908 -R	
Wizoo	Platinum24 - Acoustic Drums	CD 2 -> Partition C -> 11 TOM PEARL -> PROGRAM	TOMS PEARL	
Wizoo	Platinum24 - Acoustic Drums	CD 2 -> Partition C -> 11 TOM PEARL -> SAMPLE	41PRL2001	
Wizoo	Platinum24 - Acoustic Drums	CD 2 -> Partition C -> 11 TOM PEARL -> SAMPLE	41PRL2002	
Wizoo	Platinum24 - Acoustic Drums	CD 2 -> Partition C -> 11 TOM PEARL -> SAMPLE	41PRL2003	
Wizoo	Platinum24 - Acoustic Drums	CD 2 -> Partition C -> 11 TOM PEARL -> SAMPLE	41PRL2004	
Wizoo	Platinum24 - Acoustic Drums	CD 2 -> Partition C -> 11 TOM PEARL -> SAMPLE	41PRL2005	
Wizoo	Platinum24 - Acoustic Drums	CD 2 -> Partition C -> 11 TOM PEARL -> SAMPLE	41PRL2006	
Wizoo	Platinum24 - Acoustic Drums	CD 2 -> Partition C -> 11 TOM PEARL -> SAMPLE	41PRL2007	
Wizoo	Platinum24 - Acoustic Drums	CD 2 -> Partition C -> 11 TOM PEARL -> SAMPLE	41PRL2008	
Wizoo	Platinum24 - Acoustic Drums	CD 2 -> Partition C -> 11 TOM PEARL -> SAMPLE	45PRL2001	
Wizoo	Platinum24 - Acoustic Drums	CD 2 -> Partition C -> 11 TOM PEARL -> SAMPLE	45PRL2002	
Wizoo	Platinum24 - Acoustic Drums	CD 2 -> Partition C -> 11 TOM PEARL -> SAMPLE	45PRL2003	
Wizoo	Platinum24 - Acoustic Drums	CD 2 -> Partition C -> 11 TOM PEARL -> SAMPLE	45PRL2004	
Wizoo	Platinum24 - Acoustic Drums	CD 2 -> Partition C -> 11 TOM PEARL -> SAMPLE	45PRL2005	
Wizoo	Platinum24 - Acoustic Drums	CD 2 -> Partition C -> 11 TOM PEARL -> SAMPLE	45PRL2006	
Wizoo	Platinum24 - Acoustic Drums	CD 2 -> Partition C -> 11 TOM PEARL -> SAMPLE	45PRL2007	
Wizoo	Platinum24 - Acoustic Drums	CD 2 -> Partition C -> 11 TOM PEARL -> SAMPLE	45PRL2008	
Wizoo	Platinum24 - Acoustic Drums	CD 2 -> Partition C -> 11 TOM PEARL -> SAMPLE	47PRL2001	
Wizoo	Platinum24 - Acoustic Drums	CD 2 -> Partition C -> 11 TOM PEARL -> SAMPLE	47PRL2002	
Wizoo	Platinum24 - Acoustic Drums	CD 2 -> Partition C -> 11 TOM PEARL -> SAMPLE	47PRL2003	
Wizoo	Platinum24 - Acoustic Drums	CD 2 -> Partition C -> 11 TOM PEARL -> SAMPLE	47PRL2004	
Wizoo	Platinum24 - Acoustic Drums	CD 2 -> Partition C -> 11 TOM PEARL -> SAMPLE	47PRL2005	
Wizoo	Platinum24 - Acoustic Drums	CD 2 -> Partition C -> 11 TOM PEARL -> SAMPLE	47PRL2006	
Wizoo	Platinum24 - Acoustic Drums	CD 2 -> Partition C -> 11 TOM PEARL -> SAMPLE	47PRL2007	
Wizoo	Platinum24 - Acoustic Drums	CD 2 -> Partition C -> 11 TOM PEARL -> SAMPLE	47PRL2008	
Wizoo	Platinum24 - Acoustic Drums	CD 2 -> Partition C -> 11 TOM PEARL -> SAMPLE	48PRL2001	
Wizoo	Platinum24 - Acoustic Drums	CD 2 -> Partition C -> 11 TOM PEARL -> SAMPLE	48PRL2002	
Wizoo	Platinum24 - Acoustic Drums	CD 2 -> Partition C -> 11 TOM PEARL -> SAMPLE	48PRL2003	
Wizoo	Platinum24 - Acoustic Drums	CD 2 -> Partition C -> 11 TOM PEARL -> SAMPLE	48PRL2004	
Wizoo	Platinum24 - Acoustic Drums	CD 2 -> Partition C -> 11 TOM PEARL -> SAMPLE	48PRL2005	
Wizoo	Platinum24 - Acoustic Drums	CD 2 -> Partition C -> 11 TOM PEARL -> SAMPLE	48PRL2006	
Wizoo	Platinum24 - Acoustic Drums	CD 2 -> Partition C -> 11 TOM PEARL -> SAMPLE	48PRL2007	
Wizoo	Platinum24 - Acoustic Drums	CD 2 -> Partition C -> 11 TOM PEARL -> SAMPLE	48PRL2008	
Wizoo	Platinum24 - Acoustic Drums	CD 2 -> Partition C -> 11 TOM PEARL -> SAMPLE	50PRL2001	
Wizoo	Platinum24 - Acoustic Drums	CD 2 -> Partition C -> 11 TOM PEARL -> SAMPLE	50PRL2002	
Wizoo	Platinum24 - Acoustic Drums	CD 2 -> Partition C -> 11 TOM PEARL -> SAMPLE	50PRL2003	
Wizoo	Platinum24 - Acoustic Drums	CD 2 -> Partition C -> 11 TOM PEARL -> SAMPLE	50PRL2004	
Wizoo	Platinum24 - Acoustic Drums	CD 2 -> Partition C -> 11 TOM PEARL -> SAMPLE	50PRL2005	
Wizoo	Platinum24 - Acoustic Drums	CD 2 -> Partition C -> 11 TOM PEARL -> SAMPLE	50PRL2006	
Wizoo	Platinum24 - Acoustic Drums	CD 2 -> Partition C -> 11 TOM PEARL -> SAMPLE	50PRL2007	
Wizoo	Platinum24 - Acoustic Drums	CD 2 -> Partition C -> 11 TOM PEARL -> SAMPLE	50PRL2008 -L	
Wizoo	Platinum24 - Acoustic Drums	CD 2 -> Partition C -> 11 TOM PEARL -> SAMPLE	50PRL2008 -R	
Wizoo	Platinum24 - Acoustic Drums	CD 2 -> Partition D -> 12 CRASH 1 -> PROGRAM	CRASH 1	
Wizoo	Platinum24 - Acoustic Drums	CD 2 -> Partition D -> 12 CRASH 1 -> SAMPLE	57STO2901	
Wizoo	Platinum24 - Acoustic Drums	CD 2 -> Partition D -> 12 CRASH 1 -> SAMPLE	57STO2902	
Wizoo	Platinum24 - Acoustic Drums	CD 2 -> Partition D -> 12 CRASH 1 -> SAMPLE	57STO2903	
Wizoo	Platinum24 - Acoustic Drums	CD 2 -> Partition D -> 12 CRASH 1 -> SAMPLE	57ZIL2901	
Wizoo	Platinum24 - Acoustic Drums	CD 2 -> Partition D -> 12 CRASH 1 -> SAMPLE	57ZIL2902	
Wizoo	Platinum24 - Acoustic Drums	CD 2 -> Partition D -> 12 CRASH 1 -> SAMPLE	57ZIL2903	
Wizoo	Platinum24 - Acoustic Drums	CD 2 -> Partition D -> 12 CRASH 1 -> SAMPLE	57ZIL2904	
Wizoo	Platinum24 - Acoustic Drums	CD 2 -> Partition D -> 12 CRASH 1 -> SAMPLE	57ZIL2905	
Wizoo	Platinum24 - Acoustic Drums	CD 2 -> Partition D -> 12 CRASH 1 -> SAMPLE	57ZIL2906 -L	
Wizoo	Platinum24 - Acoustic Drums	CD 2 -> Partition D -> 12 CRASH 1 -> SAMPLE	57ZIL2906 -R	
Wizoo	Platinum24 - Acoustic Drums	CD 2 -> Partition D -> 13 CRASH 2 -> PROGRAM	CRASH 2	
Wizoo	Platinum24 - Acoustic Drums	CD 2 -> Partition D -> 13 CRASH 2 -> SAMPLE	57ROL2901	
Wizoo	Platinum24 - Acoustic Drums	CD 2 -> Partition D -> 13 CRASH 2 -> SAMPLE	57ROL2902	
Wizoo	Platinum24 - Acoustic Drums	CD 2 -> Partition D -> 13 CRASH 2 -> SAMPLE	57S172901	
Wizoo	Platinum24 - Acoustic Drums	CD 2 -> Partition D -> 13 CRASH 2 -> SAMPLE	57S172902	
Wizoo	Platinum24 - Acoustic Drums	CD 2 -> Partition D -> 13 CRASH 2 -> SAMPLE	57Z172901	
Wizoo	Platinum24 - Acoustic Drums	CD 2 -> Partition D -> 13 CRASH 2 -> SAMPLE	57Z172902	
Wizoo	Platinum24 - Acoustic Drums	CD 2 -> Partition D -> 13 CRASH 2 -> SAMPLE	57Z172903	
Wizoo	Platinum24 - Acoustic Drums	CD 2 -> Partition D -> 13 CRASH 2 -> SAMPLE	57Z172904	
Wizoo	Platinum24 - Acoustic Drums	CD 2 -> Partition D -> 13 CRASH 2 -> SAMPLE	57Z172905 -L	
Wizoo	Platinum24 - Acoustic Drums	CD 2 -> Partition D -> 13 CRASH 2 -> SAMPLE	57Z172905 -R	
Wizoo	Platinum24 - Acoustic Drums	CD 2 -> Partition D -> 14 RIDE -> PROGRAM	RIDE	
Wizoo	Platinum24 - Acoustic Drums	CD 2 -> Partition D -> 14 RIDE -> SAMPLE	51ZIL2701	
Wizoo	Platinum24 - Acoustic Drums	CD 2 -> Partition D -> 14 RIDE -> SAMPLE	51ZIL2702	
Wizoo	Platinum24 - Acoustic Drums	CD 2 -> Partition D -> 14 RIDE -> SAMPLE	51ZIL2703	
Wizoo	Platinum24 - Acoustic Drums	CD 2 -> Partition D -> 14 RIDE -> SAMPLE	51ZIL2704	
Wizoo	Platinum24 - Acoustic Drums	CD 2 -> Partition D -> 14 RIDE -> SAMPLE	51ZIL2705	
Wizoo	Platinum24 - Acoustic Drums	CD 2 -> Partition D -> 14 RIDE -> SAMPLE	51ZIL2706	
Wizoo	Platinum24 - Acoustic Drums	CD 2 -> Partition D -> 14 RIDE -> SAMPLE	51ZIL2707	
Wizoo	Platinum24 - Acoustic Drums	CD 2 -> Partition D -> 14 RIDE -> SAMPLE	51ZIL2708	
Wizoo	Platinum24 - Acoustic Drums	CD 2 -> Partition D -> 14 RIDE -> SAMPLE	53ZIL2701	
Wizoo	Platinum24 - Acoustic Drums	CD 2 -> Partition D -> 14 RIDE -> SAMPLE	53ZIL2702	
Wizoo	Platinum24 - Acoustic Drums	CD 2 -> Partition D -> 14 RIDE -> SAMPLE	53ZIL2703	
Wizoo	Platinum24 - Acoustic Drums	CD 2 -> Partition D -> 14 RIDE -> SAMPLE	53ZIL2704	
Wizoo	Platinum24 - Acoustic Drums	CD 2 -> Partition D -> 14 RIDE -> SAMPLE	53ZIL2705	
Wizoo	Platinum24 - Acoustic Drums	CD 2 -> Partition D -> 14 RIDE -> SAMPLE	53ZIL2706	
Wizoo	Platinum24 - Acoustic Drums	CD 2 -> Partition D -> 14 RIDE -> SAMPLE	53ZIL2707	
Wizoo	Platinum24 - Acoustic Drums	CD 2 -> Partition D -> 14 RIDE -> SAMPLE	53ZIL2710 -L	
Wizoo	Platinum24 - Acoustic Drums	CD 2 -> Partition D -> 14 RIDE -> SAMPLE	53ZIL2710 -R	
Wizoo	Platinum24 - Acoustic Drums	CD 2 -> Partition E -> 15 SMALL PLA -> PROGRAM	CLAPS	
Wizoo	Platinum24 - Acoustic Drums	CD 2 -> Partition E -> 15 SMALL PLA -> PROGRAM	CRASH	
Wizoo	Platinum24 - Acoustic Drums	CD 2 -> Partition E -> 15 SMALL PLA -> PROGRAM	HHTS	
Wizoo	Platinum24 - Acoustic Drums	CD 2 -> Partition E -> 15 SMALL PLA -> PROGRAM	KICK	
Wizoo	Platinum24 - Acoustic Drums	CD 2 -> Partition E -> 15 SMALL PLA -> PROGRAM	PERCUSSION	
Wizoo	Platinum24 - Acoustic Drums	CD 2 -> Partition E -> 15 SMALL PLA -> PROGRAM	RIDE	
Wizoo	Platinum24 - Acoustic Drums	CD 2 -> Partition E -> 15 SMALL PLA -> PROGRAM	SNARES	
Wizoo	Platinum24 - Acoustic Drums	CD 2 -> Partition E -> 15 SMALL PLA -> PROGRAM	TOMS	
Wizoo	Platinum24 - Acoustic Drums	CD 2 -> Partition E -> 15 SMALL PLA -> SAMPLE	SMALLP34	
Wizoo	Platinum24 - Acoustic Drums	CD 2 -> Partition E -> 15 SMALL PLA -> SAMPLE	SMALLP36	
Wizoo	Platinum24 - Acoustic Drums	CD 2 -> Partition E -> 15 SMALL PLA -> SAMPLE	SMALLP37	
Wizoo	Platinum24 - Acoustic Drums	CD 2 -> Partition E -> 15 SMALL PLA -> SAMPLE	SMALLP38	
Wizoo	Platinum24 - Acoustic Drums	CD 2 -> Partition E -> 15 SMALL PLA -> SAMPLE	SMALLP39	
Wizoo	Platinum24 - Acoustic Drums	CD 2 -> Partition E -> 15 SMALL PLA -> SAMPLE	SMALLP41	
Wizoo	Platinum24 - Acoustic Drums	CD 2 -> Partition E -> 15 SMALL PLA -> SAMPLE	SMALLP42	
Wizoo	Platinum24 - Acoustic Drums	CD 2 -> Partition E -> 15 SMALL PLA -> SAMPLE	SMALLP44	
Wizoo	Platinum24 - Acoustic Drums	CD 2 -> Partition E -> 15 SMALL PLA -> SAMPLE	SMALLP45	
Wizoo	Platinum24 - Acoustic Drums	CD 2 -> Partition E -> 15 SMALL PLA -> SAMPLE	SMALLP46	
Wizoo	Platinum24 - Acoustic Drums	CD 2 -> Partition E -> 15 SMALL PLA -> SAMPLE	SMALLP48	
Wizoo	Platinum24 - Acoustic Drums	CD 2 -> Partition E -> 15 SMALL PLA -> SAMPLE	SMALLP49	
Wizoo	Platinum24 - Acoustic Drums	CD 2 -> Partition E -> 15 SMALL PLA -> SAMPLE	SMALLP50	
Wizoo	Platinum24 - Acoustic Drums	CD 2 -> Partition E -> 15 SMALL PLA -> SAMPLE	SMALLP51	
Wizoo	Platinum24 - Acoustic Drums	CD 2 -> Partition E -> 15 SMALL PLA -> SAMPLE	SMALLP53	
Wizoo	Platinum24 - Acoustic Drums	CD 2 -> Partition E -> 15 SMALL PLA -> SAMPLE	SMALLP54	
Wizoo	Platinum24 - Acoustic Drums	CD 2 -> Partition E -> 15 SMALL PLA -> SAMPLE	SMALLP56	
Wizoo	Platinum24 - Acoustic Drums	CD 2 -> Partition E -> 15 SMALL PLA -> SAMPLE	SMALLP76  -L	
Wizoo	Platinum24 - Acoustic Drums	CD 2 -> Partition E -> 16 MDEIUM PL -> PROGRAM	CLAPS	
Wizoo	Platinum24 - Acoustic Drums	CD 2 -> Partition E -> 16 MDEIUM PL -> PROGRAM	CRASH	
Wizoo	Platinum24 - Acoustic Drums	CD 2 -> Partition E -> 16 MDEIUM PL -> PROGRAM	HHTS	
Wizoo	Platinum24 - Acoustic Drums	CD 2 -> Partition E -> 16 MDEIUM PL -> PROGRAM	KICK	
Wizoo	Platinum24 - Acoustic Drums	CD 2 -> Partition E -> 16 MDEIUM PL -> PROGRAM	PERCUSSION	
Wizoo	Platinum24 - Acoustic Drums	CD 2 -> Partition E -> 16 MDEIUM PL -> PROGRAM	RIDE	
Wizoo	Platinum24 - Acoustic Drums	CD 2 -> Partition E -> 16 MDEIUM PL -> PROGRAM	SNARES	
Wizoo	Platinum24 - Acoustic Drums	CD 2 -> Partition E -> 16 MDEIUM PL -> PROGRAM	TOMS	
Wizoo	Platinum24 - Acoustic Drums	CD 2 -> Partition E -> 16 MEDIUM PL -> SAMPLE	MEDIUMP34	
Wizoo	Platinum24 - Acoustic Drums	CD 2 -> Partition E -> 16 MEDIUM PL -> SAMPLE	MEDIUMP36	
Wizoo	Platinum24 - Acoustic Drums	CD 2 -> Partition E -> 16 MEDIUM PL -> SAMPLE	MEDIUMP37	
Wizoo	Platinum24 - Acoustic Drums	CD 2 -> Partition E -> 16 MEDIUM PL -> SAMPLE	MEDIUMP38	
Wizoo	Platinum24 - Acoustic Drums	CD 2 -> Partition E -> 16 MEDIUM PL -> SAMPLE	MEDIUMP39	
Wizoo	Platinum24 - Acoustic Drums	CD 2 -> Partition E -> 16 MEDIUM PL -> SAMPLE	MEDIUMP41	
Wizoo	Platinum24 - Acoustic Drums	CD 2 -> Partition E -> 16 MEDIUM PL -> SAMPLE	MEDIUMP42	
Wizoo	Platinum24 - Acoustic Drums	CD 2 -> Partition E -> 16 MEDIUM PL -> SAMPLE	MEDIUMP44	
Wizoo	Platinum24 - Acoustic Drums	CD 2 -> Partition E -> 16 MEDIUM PL -> SAMPLE	MEDIUMP45	
Wizoo	Platinum24 - Acoustic Drums	CD 2 -> Partition E -> 16 MEDIUM PL -> SAMPLE	MEDIUMP46	
Wizoo	Platinum24 - Acoustic Drums	CD 2 -> Partition E -> 16 MEDIUM PL -> SAMPLE	MEDIUMP48	
Wizoo	Platinum24 - Acoustic Drums	CD 2 -> Partition E -> 16 MEDIUM PL -> SAMPLE	MEDIUMP49	
Wizoo	Platinum24 - Acoustic Drums	CD 2 -> Partition E -> 16 MEDIUM PL -> SAMPLE	MEDIUMP50	
Wizoo	Platinum24 - Acoustic Drums	CD 2 -> Partition E -> 16 MEDIUM PL -> SAMPLE	MEDIUMP51	
Wizoo	Platinum24 - Acoustic Drums	CD 2 -> Partition E -> 16 MEDIUM PL -> SAMPLE	MEDIUMP53	
Wizoo	Platinum24 - Acoustic Drums	CD 2 -> Partition E -> 16 MEDIUM PL -> SAMPLE	MEDIUMP54	
Wizoo	Platinum24 - Acoustic Drums	CD 2 -> Partition E -> 16 MEDIUM PL -> SAMPLE	MEDIUMP56	
Wizoo	Platinum24 - Acoustic Drums	CD 2 -> Partition E -> 16 MEDIUM PL -> SAMPLE	MEDIUMP76 -L	
Wizoo	Platinum24 - Acoustic Drums	CD 2 -> Partition E -> 17 LONG PLAT -> PROGRAM	CLAPS	
Wizoo	Platinum24 - Acoustic Drums	CD 2 -> Partition E -> 17 LONG PLAT -> PROGRAM	CRASH	
Wizoo	Platinum24 - Acoustic Drums	CD 2 -> Partition E -> 17 LONG PLAT -> PROGRAM	HHTS	
Wizoo	Platinum24 - Acoustic Drums	CD 2 -> Partition E -> 17 LONG PLAT -> PROGRAM	KICK	
Wizoo	Platinum24 - Acoustic Drums	CD 2 -> Partition E -> 17 LONG PLAT -> PROGRAM	PERCUSSION	
Wizoo	Platinum24 - Acoustic Drums	CD 2 -> Partition E -> 17 LONG PLAT -> PROGRAM	RIDE	
Wizoo	Platinum24 - Acoustic Drums	CD 2 -> Partition E -> 17 LONG PLAT -> PROGRAM	SNARES	
Wizoo	Platinum24 - Acoustic Drums	CD 2 -> Partition E -> 17 LONG PLAT -> PROGRAM	TOMS	
Wizoo	Platinum24 - Acoustic Drums	CD 2 -> Partition E -> 17 LONG PLAT -> SAMPLE	LONGP34	
Wizoo	Platinum24 - Acoustic Drums	CD 2 -> Partition E -> 17 LONG PLAT -> SAMPLE	LONGP36	
Wizoo	Platinum24 - Acoustic Drums	CD 2 -> Partition E -> 17 LONG PLAT -> SAMPLE	LONGP37	
Wizoo	Platinum24 - Acoustic Drums	CD 2 -> Partition E -> 17 LONG PLAT -> SAMPLE	LONGP38	
Wizoo	Platinum24 - Acoustic Drums	CD 2 -> Partition E -> 17 LONG PLAT -> SAMPLE	LONGP39	
Wizoo	Platinum24 - Acoustic Drums	CD 2 -> Partition E -> 17 LONG PLAT -> SAMPLE	LONGP41	
Wizoo	Platinum24 - Acoustic Drums	CD 2 -> Partition E -> 17 LONG PLAT -> SAMPLE	LONGP42	
Wizoo	Platinum24 - Acoustic Drums	CD 2 -> Partition E -> 17 LONG PLAT -> SAMPLE	LONGP44	
Wizoo	Platinum24 - Acoustic Drums	CD 2 -> Partition E -> 17 LONG PLAT -> SAMPLE	LONGP45	
Wizoo	Platinum24 - Acoustic Drums	CD 2 -> Partition E -> 17 LONG PLAT -> SAMPLE	LONGP46	
Wizoo	Platinum24 - Acoustic Drums	CD 2 -> Partition E -> 17 LONG PLAT -> SAMPLE	LONGP48	
Wizoo	Platinum24 - Acoustic Drums	CD 2 -> Partition E -> 17 LONG PLAT -> SAMPLE	LONGP49	
Wizoo	Platinum24 - Acoustic Drums	CD 2 -> Partition E -> 17 LONG PLAT -> SAMPLE	LONGP50	
Wizoo	Platinum24 - Acoustic Drums	CD 2 -> Partition E -> 17 LONG PLAT -> SAMPLE	LONGP51	
Wizoo	Platinum24 - Acoustic Drums	CD 2 -> Partition E -> 17 LONG PLAT -> SAMPLE	LONGP53	
Wizoo	Platinum24 - Acoustic Drums	CD 2 -> Partition E -> 17 LONG PLAT -> SAMPLE	LONGP54	
Wizoo	Platinum24 - Acoustic Drums	CD 2 -> Partition E -> 17 LONG PLAT -> SAMPLE	LONGP56	
Wizoo	Platinum24 - Acoustic Drums	CD 2 -> Partition E -> 17 LONG PLAT -> SAMPLE	LONGP76   -L	
Wizoo	Platinum24 - Acoustic Drums	CD 2 -> Partition E -> 18 BRICK WAL -> PROGRAM	CLAPS	
Wizoo	Platinum24 - Acoustic Drums	CD 2 -> Partition E -> 18 BRICK WAL -> PROGRAM	CRASH	
Wizoo	Platinum24 - Acoustic Drums	CD 2 -> Partition E -> 18 BRICK WAL -> PROGRAM	HHTS	
Wizoo	Platinum24 - Acoustic Drums	CD 2 -> Partition E -> 18 BRICK WAL -> PROGRAM	KICK	
Wizoo	Platinum24 - Acoustic Drums	CD 2 -> Partition E -> 18 BRICK WAL -> PROGRAM	PERCUSSION	
Wizoo	Platinum24 - Acoustic Drums	CD 2 -> Partition E -> 18 BRICK WAL -> PROGRAM	RIDE	
Wizoo	Platinum24 - Acoustic Drums	CD 2 -> Partition E -> 18 BRICK WAL -> PROGRAM	SNARES	
Wizoo	Platinum24 - Acoustic Drums	CD 2 -> Partition E -> 18 BRICK WAL -> PROGRAM	TOMS	
Wizoo	Platinum24 - Acoustic Drums	CD 2 -> Partition E -> 18 BRICK WAL -> SAMPLE	BRICKW34	
Wizoo	Platinum24 - Acoustic Drums	CD 2 -> Partition E -> 18 BRICK WAL -> SAMPLE	BRICKW36	
Wizoo	Platinum24 - Acoustic Drums	CD 2 -> Partition E -> 18 BRICK WAL -> SAMPLE	BRICKW37  -L	
Wizoo	Platinum24 - Acoustic Drums	CD 2 -> Partition E -> 18 BRICK WAL -> SAMPLE	BRICKW38	
Wizoo	Platinum24 - Acoustic Drums	CD 2 -> Partition E -> 18 BRICK WAL -> SAMPLE	BRICKW39	
Wizoo	Platinum24 - Acoustic Drums	CD 2 -> Partition E -> 18 BRICK WAL -> SAMPLE	BRICKW41	
Wizoo	Platinum24 - Acoustic Drums	CD 2 -> Partition E -> 18 BRICK WAL -> SAMPLE	BRICKW42	
Wizoo	Platinum24 - Acoustic Drums	CD 2 -> Partition E -> 18 BRICK WAL -> SAMPLE	BRICKW44	
Wizoo	Platinum24 - Acoustic Drums	CD 2 -> Partition E -> 18 BRICK WAL -> SAMPLE	BRICKW45	
Wizoo	Platinum24 - Acoustic Drums	CD 2 -> Partition E -> 18 BRICK WAL -> SAMPLE	BRICKW46	
Wizoo	Platinum24 - Acoustic Drums	CD 2 -> Partition E -> 18 BRICK WAL -> SAMPLE	BRICKW48	
Wizoo	Platinum24 - Acoustic Drums	CD 2 -> Partition E -> 18 BRICK WAL -> SAMPLE	BRICKW49	
Wizoo	Platinum24 - Acoustic Drums	CD 2 -> Partition E -> 18 BRICK WAL -> SAMPLE	BRICKW50	
Wizoo	Platinum24 - Acoustic Drums	CD 2 -> Partition E -> 18 BRICK WAL -> SAMPLE	BRICKW51	
Wizoo	Platinum24 - Acoustic Drums	CD 2 -> Partition E -> 18 BRICK WAL -> SAMPLE	BRICKW53	
Wizoo	Platinum24 - Acoustic Drums	CD 2 -> Partition E -> 18 BRICK WAL -> SAMPLE	BRICKW54	
Wizoo	Platinum24 - Acoustic Drums	CD 2 -> Partition E -> 18 BRICK WAL -> SAMPLE	BRICKW56	
Wizoo	Platinum24 - Acoustic Drums	CD 2 -> Partition E -> 18 BRICK WAL -> SAMPLE	BRICKW76	
Wizoo	Platinum24 - Acoustic Drums	CD 2 -> Partition E -> 19 GATED AMB -> PROGRAM	CLAPS	
Wizoo	Platinum24 - Acoustic Drums	CD 2 -> Partition E -> 19 GATED AMB -> PROGRAM	CRASH	
Wizoo	Platinum24 - Acoustic Drums	CD 2 -> Partition E -> 19 GATED AMB -> PROGRAM	HHTS	
Wizoo	Platinum24 - Acoustic Drums	CD 2 -> Partition E -> 19 GATED AMB -> PROGRAM	KICK	
Wizoo	Platinum24 - Acoustic Drums	CD 2 -> Partition E -> 19 GATED AMB -> PROGRAM	PERCUSSION	
Wizoo	Platinum24 - Acoustic Drums	CD 2 -> Partition E -> 19 GATED AMB -> PROGRAM	RIDE	
Wizoo	Platinum24 - Acoustic Drums	CD 2 -> Partition E -> 19 GATED AMB -> PROGRAM	SNARES	
Wizoo	Platinum24 - Acoustic Drums	CD 2 -> Partition E -> 19 GATED AMB -> PROGRAM	TOMS	
Wizoo	Platinum24 - Acoustic Drums	CD 2 -> Partition E -> 19 GATED AMB -> SAMPLE	GATEDAM34	
Wizoo	Platinum24 - Acoustic Drums	CD 2 -> Partition E -> 19 GATED AMB -> SAMPLE	GATEDAM36	
Wizoo	Platinum24 - Acoustic Drums	CD 2 -> Partition E -> 19 GATED AMB -> SAMPLE	GATEDAM37	
Wizoo	Platinum24 - Acoustic Drums	CD 2 -> Partition E -> 19 GATED AMB -> SAMPLE	GATEDAM38	
Wizoo	Platinum24 - Acoustic Drums	CD 2 -> Partition E -> 19 GATED AMB -> SAMPLE	GATEDAM39	
Wizoo	Platinum24 - Acoustic Drums	CD 2 -> Partition E -> 19 GATED AMB -> SAMPLE	GATEDAM41	
Wizoo	Platinum24 - Acoustic Drums	CD 2 -> Partition E -> 19 GATED AMB -> SAMPLE	GATEDAM42	
Wizoo	Platinum24 - Acoustic Drums	CD 2 -> Partition E -> 19 GATED AMB -> SAMPLE	GATEDAM44 -L	
Wizoo	Platinum24 - Acoustic Drums	CD 2 -> Partition E -> 19 GATED AMB -> SAMPLE	GATEDAM45	
Wizoo	Platinum24 - Acoustic Drums	CD 2 -> Partition E -> 19 GATED AMB -> SAMPLE	GATEDAM46	
Wizoo	Platinum24 - Acoustic Drums	CD 2 -> Partition E -> 19 GATED AMB -> SAMPLE	GATEDAM48	
Wizoo	Platinum24 - Acoustic Drums	CD 2 -> Partition E -> 19 GATED AMB -> SAMPLE	GATEDAM49	
Wizoo	Platinum24 - Acoustic Drums	CD 2 -> Partition E -> 19 GATED AMB -> SAMPLE	GATEDAM50	
Wizoo	Platinum24 - Acoustic Drums	CD 2 -> Partition E -> 19 GATED AMB -> SAMPLE	GATEDAM51	
Wizoo	Platinum24 - Acoustic Drums	CD 2 -> Partition E -> 19 GATED AMB -> SAMPLE	GATEDAM53	
Wizoo	Platinum24 - Acoustic Drums	CD 2 -> Partition E -> 19 GATED AMB -> SAMPLE	GATEDAM54	
Wizoo	Platinum24 - Acoustic Drums	CD 2 -> Partition E -> 19 GATED AMB -> SAMPLE	GATEDAM56	
Wizoo	Platinum24 - Acoustic Drums	CD 2 -> Partition E -> 19 GATED AMB -> SAMPLE	GATEDAM76	
Platinum24 - Electronic Drums		(Released: June 2000)		Jump to top
AKAI				
Wizoo	Platinum24 - Electronic Drums	Partition A -> DEMO KIT -> PROGRAM	DEMO KIT	
Wizoo	Platinum24 - Electronic Drums	Partition A -> DEMO KIT -> SAMPLE	480LBW808	
Wizoo	Platinum24 - Electronic Drums	Partition A -> DEMO KIT -> SAMPLE	480LBW909	
Wizoo	Platinum24 - Electronic Drums	Partition A -> DEMO KIT -> SAMPLE	480LGA808	
Wizoo	Platinum24 - Electronic Drums	Partition A -> DEMO KIT -> SAMPLE	480LGA909	
Wizoo	Platinum24 - Electronic Drums	Partition A -> DEMO KIT -> SAMPLE	480LLP808	
Wizoo	Platinum24 - Electronic Drums	Partition A -> DEMO KIT -> SAMPLE	480LLP909	
Wizoo	Platinum24 - Electronic Drums	Partition A -> DEMO KIT -> SAMPLE	480LMP808	
Wizoo	Platinum24 - Electronic Drums	Partition A -> DEMO KIT -> SAMPLE	480LMP909	
Wizoo	Platinum24 - Electronic Drums	Partition A -> DEMO KIT -> SAMPLE	480LSP808	
Wizoo	Platinum24 - Electronic Drums	Partition A -> DEMO KIT -> SAMPLE	480LSP909	
Wizoo	Platinum24 - Electronic Drums	Partition A -> DEMO KIT -> SAMPLE	808CLEAN	
Wizoo	Platinum24 - Electronic Drums	Partition A -> DEMO KIT -> SAMPLE	808OVERDRIVE	
Wizoo	Platinum24 - Electronic Drums	Partition A -> DEMO KIT -> SAMPLE	808SOFT	
Wizoo	Platinum24 - Electronic Drums	Partition A -> DEMO KIT -> SAMPLE	909CLEAN	
Wizoo	Platinum24 - Electronic Drums	Partition A -> DEMO KIT -> SAMPLE	909DIST	
Wizoo	Platinum24 - Electronic Drums	Partition A -> DEMO KIT -> SAMPLE	909NOISY	
Wizoo	Platinum24 - Electronic Drums	Partition A -> DEMO KIT -> SAMPLE	909OVERDRV	
Wizoo	Platinum24 - Electronic Drums	Partition A -> DEMO KIT -> SAMPLE	909TINY	
Wizoo	Platinum24 - Electronic Drums	Partition A -> DEMO KIT -> SAMPLE	CLUB	
Wizoo	Platinum24 - Electronic Drums	Partition A -> DEMO KIT -> SAMPLE	FUSION	
Wizoo	Platinum24 - Electronic Drums	Partition A -> DEMO KIT -> SAMPLE	GOA	
Wizoo	Platinum24 - Electronic Drums	Partition A -> DEMO KIT -> SAMPLE	HIPHOP	
Wizoo	Platinum24 - Electronic Drums	Partition A -> DEMO KIT -> SAMPLE	SYNTHKIT	
Wizoo	Platinum24 - Electronic Drums	Partition A -> DEMO KIT -> SAMPLE	TECHNO	
Wizoo	Platinum24 - Electronic Drums	Partition B -> 909 CLEAN P1 -> PROGRAM	909 CLEAN P1	
Wizoo	Platinum24 - Electronic Drums	Partition B -> 909 CLEAN P1 -> SAMPLE	909C31SN31	
Wizoo	Platinum24 - Electronic Drums	Partition B -> 909 CLEAN P1 -> SAMPLE	909C31SN32	
Wizoo	Platinum24 - Electronic Drums	Partition B -> 909 CLEAN P1 -> SAMPLE	909C31SN33	
Wizoo	Platinum24 - Electronic Drums	Partition B -> 909 CLEAN P1 -> SAMPLE	909C31SN34	
Wizoo	Platinum24 - Electronic Drums	Partition B -> 909 CLEAN P1 -> SAMPLE	909C31SN35	
Wizoo	Platinum24 - Electronic Drums	Partition B -> 909 CLEAN P1 -> SAMPLE	909C31SN36	
Wizoo	Platinum24 - Electronic Drums	Partition B -> 909 CLEAN P1 -> SAMPLE	909C33BD31	
Wizoo	Platinum24 - Electronic Drums	Partition B -> 909 CLEAN P1 -> SAMPLE	909C33BD32	
Wizoo	Platinum24 - Electronic Drums	Partition B -> 909 CLEAN P1 -> SAMPLE	909C33BD33	
Wizoo	Platinum24 - Electronic Drums	Partition B -> 909 CLEAN P1 -> SAMPLE	909C33BD34	
Wizoo	Platinum24 - Electronic Drums	Partition B -> 909 CLEAN P1 -> SAMPLE	909C33BD35	
Wizoo	Platinum24 - Electronic Drums	Partition B -> 909 CLEAN P1 -> SAMPLE	909C35BD11	
Wizoo	Platinum24 - Electronic Drums	Partition B -> 909 CLEAN P1 -> SAMPLE	909C35BD12	
Wizoo	Platinum24 - Electronic Drums	Partition B -> 909 CLEAN P1 -> SAMPLE	909C35BD13	
Wizoo	Platinum24 - Electronic Drums	Partition B -> 909 CLEAN P1 -> SAMPLE	909C35BD14	
Wizoo	Platinum24 - Electronic Drums	Partition B -> 909 CLEAN P1 -> SAMPLE	909C35BD16	
Wizoo	Platinum24 - Electronic Drums	Partition B -> 909 CLEAN P1 -> SAMPLE	909C36BD21	
Wizoo	Platinum24 - Electronic Drums	Partition B -> 909 CLEAN P1 -> SAMPLE	909C36BD22	
Wizoo	Platinum24 - Electronic Drums	Partition B -> 909 CLEAN P1 -> SAMPLE	909C36BD23	
Wizoo	Platinum24 - Electronic Drums	Partition B -> 909 CLEAN P1 -> SAMPLE	909C36BD24	
Wizoo	Platinum24 - Electronic Drums	Partition B -> 909 CLEAN P1 -> SAMPLE	909C36BD25	
Wizoo	Platinum24 - Electronic Drums	Partition B -> 909 CLEAN P1 -> SAMPLE	909C36BD26	
Wizoo	Platinum24 - Electronic Drums	Partition B -> 909 CLEAN P1 -> SAMPLE	909C38SN11	
Wizoo	Platinum24 - Electronic Drums	Partition B -> 909 CLEAN P1 -> SAMPLE	909C38SN12	
Wizoo	Platinum24 - Electronic Drums	Partition B -> 909 CLEAN P1 -> SAMPLE	909C38SN13	
Wizoo	Platinum24 - Electronic Drums	Partition B -> 909 CLEAN P1 -> SAMPLE	909C38SN14	
Wizoo	Platinum24 - Electronic Drums	Partition B -> 909 CLEAN P1 -> SAMPLE	909C38SN15	
Wizoo	Platinum24 - Electronic Drums	Partition B -> 909 CLEAN P1 -> SAMPLE	909C38SN16	
Wizoo	Platinum24 - Electronic Drums	Partition B -> 909 CLEAN P1 -> SAMPLE	909C40SN21	
Wizoo	Platinum24 - Electronic Drums	Partition B -> 909 CLEAN P1 -> SAMPLE	909C40SN22	
Wizoo	Platinum24 - Electronic Drums	Partition B -> 909 CLEAN P1 -> SAMPLE	909C40SN23	
Wizoo	Platinum24 - Electronic Drums	Partition B -> 909 CLEAN P1 -> SAMPLE	909C40SN24	
Wizoo	Platinum24 - Electronic Drums	Partition B -> 909 CLEAN P1 -> SAMPLE	909C40SN25	
Wizoo	Platinum24 - Electronic Drums	Partition B -> 909 CLEAN P1 -> SAMPLE	909C40SN26	
Wizoo	Platinum24 - Electronic Drums	Partition B -> 909 CLEAN P1 -> SAMPLE	909C41FTL1	
Wizoo	Platinum24 - Electronic Drums	Partition B -> 909 CLEAN P1 -> SAMPLE	909C41FTL2	
Wizoo	Platinum24 - Electronic Drums	Partition B -> 909 CLEAN P1 -> SAMPLE	909C41FTL3	
Wizoo	Platinum24 - Electronic Drums	Partition B -> 909 CLEAN P1 -> SAMPLE	909C41FTL4	
Wizoo	Platinum24 - Electronic Drums	Partition B -> 909 CLEAN P1 -> SAMPLE	909C42CHH1	
Wizoo	Platinum24 - Electronic Drums	Partition B -> 909 CLEAN P1 -> SAMPLE	909C42CHH2	
Wizoo	Platinum24 - Electronic Drums	Partition B -> 909 CLEAN P1 -> SAMPLE	909C42CHH3	
Wizoo	Platinum24 - Electronic Drums	Partition B -> 909 CLEAN P1 -> SAMPLE	909C42CHH4	
Wizoo	Platinum24 - Electronic Drums	Partition B -> 909 CLEAN P1 -> SAMPLE	909C42CHH5	
Wizoo	Platinum24 - Electronic Drums	Partition B -> 909 CLEAN P1 -> SAMPLE	909C42CHH6	
Wizoo	Platinum24 - Electronic Drums	Partition B -> 909 CLEAN P1 -> SAMPLE	909C42CHH7	
Wizoo	Platinum24 - Electronic Drums	Partition B -> 909 CLEAN P1 -> SAMPLE	909C42CHH8	
Wizoo	Platinum24 - Electronic Drums	Partition B -> 909 CLEAN P1 -> SAMPLE	909C43FTH1	
Wizoo	Platinum24 - Electronic Drums	Partition B -> 909 CLEAN P1 -> SAMPLE	909C43FTH2	
Wizoo	Platinum24 - Electronic Drums	Partition B -> 909 CLEAN P1 -> SAMPLE	909C43FTH3	
Wizoo	Platinum24 - Electronic Drums	Partition B -> 909 CLEAN P1 -> SAMPLE	909C43FTH4	
Wizoo	Platinum24 - Electronic Drums	Partition B -> 909 CLEAN P1 -> SAMPLE	909C43FTH5	
Wizoo	Platinum24 - Electronic Drums	Partition B -> 909 CLEAN P1 -> SAMPLE	909C44PHH1	
Wizoo	Platinum24 - Electronic Drums	Partition B -> 909 CLEAN P1 -> SAMPLE	909C44PHH2	
Wizoo	Platinum24 - Electronic Drums	Partition B -> 909 CLEAN P1 -> SAMPLE	909C44PHH3	
Wizoo	Platinum24 - Electronic Drums	Partition B -> 909 CLEAN P1 -> SAMPLE	909C44PHH4	
Wizoo	Platinum24 - Electronic Drums	Partition B -> 909 CLEAN P1 -> SAMPLE	909C44PHH5	
Wizoo	Platinum24 - Electronic Drums	Partition B -> 909 CLEAN P1 -> SAMPLE	909C45MTL1	
Wizoo	Platinum24 - Electronic Drums	Partition B -> 909 CLEAN P1 -> SAMPLE	909C45MTL2	
Wizoo	Platinum24 - Electronic Drums	Partition B -> 909 CLEAN P1 -> SAMPLE	909C45MTL3	
Wizoo	Platinum24 - Electronic Drums	Partition B -> 909 CLEAN P1 -> SAMPLE	909C45MTL4	
Wizoo	Platinum24 - Electronic Drums	Partition B -> 909 CLEAN P1 -> SAMPLE	909C45MTL5	
Wizoo	Platinum24 - Electronic Drums	Partition B -> 909 CLEAN P1 -> SAMPLE	909C46OHH1	
Wizoo	Platinum24 - Electronic Drums	Partition B -> 909 CLEAN P1 -> SAMPLE	909C46OHH2	
Wizoo	Platinum24 - Electronic Drums	Partition B -> 909 CLEAN P1 -> SAMPLE	909C46OHH3	
Wizoo	Platinum24 - Electronic Drums	Partition B -> 909 CLEAN P1 -> SAMPLE	909C46OHH4	
Wizoo	Platinum24 - Electronic Drums	Partition B -> 909 CLEAN P1 -> SAMPLE	909C46OHH5	
Wizoo	Platinum24 - Electronic Drums	Partition B -> 909 CLEAN P1 -> SAMPLE	909C46OHH6	
Wizoo	Platinum24 - Electronic Drums	Partition B -> 909 CLEAN P1 -> SAMPLE	909C46OHH7	
Wizoo	Platinum24 - Electronic Drums	Partition B -> 909 CLEAN P1 -> SAMPLE	909C47MTH1	
Wizoo	Platinum24 - Electronic Drums	Partition B -> 909 CLEAN P1 -> SAMPLE	909C47MTH2	
Wizoo	Platinum24 - Electronic Drums	Partition B -> 909 CLEAN P1 -> SAMPLE	909C47MTH3	
Wizoo	Platinum24 - Electronic Drums	Partition B -> 909 CLEAN P1 -> SAMPLE	909C47MTH4	
Wizoo	Platinum24 - Electronic Drums	Partition B -> 909 CLEAN P1 -> SAMPLE	909C47MTH5	
Wizoo	Platinum24 - Electronic Drums	Partition B -> 909 CLEAN P1 -> SAMPLE	909C48HTL1	
Wizoo	Platinum24 - Electronic Drums	Partition B -> 909 CLEAN P1 -> SAMPLE	909C48HTL2	
Wizoo	Platinum24 - Electronic Drums	Partition B -> 909 CLEAN P1 -> SAMPLE	909C48HTL3	
Wizoo	Platinum24 - Electronic Drums	Partition B -> 909 CLEAN P1 -> SAMPLE	909C48HTL4	
Wizoo	Platinum24 - Electronic Drums	Partition B -> 909 CLEAN P1 -> SAMPLE	909C48HTL5	
Wizoo	Platinum24 - Electronic Drums	Partition B -> 909 CLEAN P1 -> SAMPLE	909C48HTL6	
Wizoo	Platinum24 - Electronic Drums	Partition B -> 909 CLEAN P1 -> SAMPLE	909C50HTH1	
Wizoo	Platinum24 - Electronic Drums	Partition B -> 909 CLEAN P1 -> SAMPLE	909C50HTH2	
Wizoo	Platinum24 - Electronic Drums	Partition B -> 909 CLEAN P1 -> SAMPLE	909C50HTH3	
Wizoo	Platinum24 - Electronic Drums	Partition B -> 909 CLEAN P1 -> SAMPLE	909C50HTH4	
Wizoo	Platinum24 - Electronic Drums	Partition B -> 909 CLEAN P1 -> SAMPLE	909C50HTH5	
Wizoo	Platinum24 - Electronic Drums	Partition B -> 909 CLEAN P1 -> SAMPLE	909C50HTH6	
Wizoo	Platinum24 - Electronic Drums	Partition B -> 909 CLEAN P1 -> SAMPLE	909C51RD11	
Wizoo	Platinum24 - Electronic Drums	Partition B -> 909 CLEAN P1 -> SAMPLE	909C51RD12	
Wizoo	Platinum24 - Electronic Drums	Partition B -> 909 CLEAN P1 -> SAMPLE	909C51RD13	
Wizoo	Platinum24 - Electronic Drums	Partition B -> 909 CLEAN P1 -> SAMPLE	909C51RD14	
Wizoo	Platinum24 - Electronic Drums	Partition B -> 909 CLEAN P1 -> SAMPLE	909C51RD15	
Wizoo	Platinum24 - Electronic Drums	Partition B -> 909 CLEAN P1 -> SAMPLE	909C59RD21	
Wizoo	Platinum24 - Electronic Drums	Partition B -> 909 CLEAN P1 -> SAMPLE	909C59RD22	
Wizoo	Platinum24 - Electronic Drums	Partition B -> 909 CLEAN P1 -> SAMPLE	909C59RD23	
Wizoo	Platinum24 - Electronic Drums	Partition B -> 909 CLEAN P1 -> SAMPLE	909C59RD24	
Wizoo	Platinum24 - Electronic Drums	Partition B -> 909 CLEAN P1 -> SAMPLE	909C59RD25	
Wizoo	Platinum24 - Electronic Drums	Partition B -> 909 CLEAN P2 -> PROGRAM	909 CLEAN P2	
Wizoo	Platinum24 - Electronic Drums	Partition B -> 909 CLEAN P2 -> SAMPLE	909C37RIM1	
Wizoo	Platinum24 - Electronic Drums	Partition B -> 909 CLEAN P2 -> SAMPLE	909C37RIM2	
Wizoo	Platinum24 - Electronic Drums	Partition B -> 909 CLEAN P2 -> SAMPLE	909C37RIM3	
Wizoo	Platinum24 - Electronic Drums	Partition B -> 909 CLEAN P2 -> SAMPLE	909C37RIM4	
Wizoo	Platinum24 - Electronic Drums	Partition B -> 909 CLEAN P2 -> SAMPLE	909C37RIM5	
Wizoo	Platinum24 - Electronic Drums	Partition B -> 909 CLEAN P2 -> SAMPLE	909C37RIM6	
Wizoo	Platinum24 - Electronic Drums	Partition B -> 909 CLEAN P2 -> SAMPLE	909C37RIM7	
Wizoo	Platinum24 - Electronic Drums	Partition B -> 909 CLEAN P2 -> SAMPLE	909C38SN11	
Wizoo	Platinum24 - Electronic Drums	Partition B -> 909 CLEAN P2 -> SAMPLE	909C38SN12	
Wizoo	Platinum24 - Electronic Drums	Partition B -> 909 CLEAN P2 -> SAMPLE	909C38SN13	
Wizoo	Platinum24 - Electronic Drums	Partition B -> 909 CLEAN P2 -> SAMPLE	909C38SN14	
Wizoo	Platinum24 - Electronic Drums	Partition B -> 909 CLEAN P2 -> SAMPLE	909C39CLP1	
Wizoo	Platinum24 - Electronic Drums	Partition B -> 909 CLEAN P2 -> SAMPLE	909C39CLP2	
Wizoo	Platinum24 - Electronic Drums	Partition B -> 909 CLEAN P2 -> SAMPLE	909C39CLP3	
Wizoo	Platinum24 - Electronic Drums	Partition B -> 909 CLEAN P2 -> SAMPLE	909C39CLP4	
Wizoo	Platinum24 - Electronic Drums	Partition B -> 909 CLEAN P2 -> SAMPLE	909C39CLP5	
Wizoo	Platinum24 - Electronic Drums	Partition B -> 909 CLEAN P2 -> SAMPLE	909C39CLP6	
Wizoo	Platinum24 - Electronic Drums	Partition B -> 909 CLEAN P2 -> SAMPLE	909C49CS11	
Wizoo	Platinum24 - Electronic Drums	Partition B -> 909 CLEAN P2 -> SAMPLE	909C49CS12	
Wizoo	Platinum24 - Electronic Drums	Partition B -> 909 CLEAN P2 -> SAMPLE	909C49CS13	
Wizoo	Platinum24 - Electronic Drums	Partition B -> 909 CLEAN P2 -> SAMPLE	909C49CS14	
Wizoo	Platinum24 - Electronic Drums	Partition B -> 909 CLEAN P2 -> SAMPLE	909C49CS15	
Wizoo	Platinum24 - Electronic Drums	Partition B -> 909 CLEAN P2 -> SAMPLE	909C57CS21	
Wizoo	Platinum24 - Electronic Drums	Partition B -> 909 CLEAN P2 -> SAMPLE	909C57CS22	
Wizoo	Platinum24 - Electronic Drums	Partition B -> 909 CLEAN P2 -> SAMPLE	909C57CS23	
Wizoo	Platinum24 - Electronic Drums	Partition B -> 909 CLEAN P2 -> SAMPLE	909C57CS24	
Wizoo	Platinum24 - Electronic Drums	Partition B -> 909 CLEAN P2 -> SAMPLE	909C57CS25	
Wizoo	Platinum24 - Electronic Drums	Partition B -> 909 DIST P1 -> PROGRAM	909 DIST P1	
Wizoo	Platinum24 - Electronic Drums	Partition B -> 909 DIST P1 -> SAMPLE	909D31SN31	
Wizoo	Platinum24 - Electronic Drums	Partition B -> 909 DIST P1 -> SAMPLE	909D31SN32	
Wizoo	Platinum24 - Electronic Drums	Partition B -> 909 DIST P1 -> SAMPLE	909D31SN33	
Wizoo	Platinum24 - Electronic Drums	Partition B -> 909 DIST P1 -> SAMPLE	909D31SN34	
Wizoo	Platinum24 - Electronic Drums	Partition B -> 909 DIST P1 -> SAMPLE	909D31SN35	
Wizoo	Platinum24 - Electronic Drums	Partition B -> 909 DIST P1 -> SAMPLE	909D33BD31	
Wizoo	Platinum24 - Electronic Drums	Partition B -> 909 DIST P1 -> SAMPLE	909D33BD32	
Wizoo	Platinum24 - Electronic Drums	Partition B -> 909 DIST P1 -> SAMPLE	909D33BD33	
Wizoo	Platinum24 - Electronic Drums	Partition B -> 909 DIST P1 -> SAMPLE	909D33BD34	
Wizoo	Platinum24 - Electronic Drums	Partition B -> 909 DIST P1 -> SAMPLE	909D33BD35	
Wizoo	Platinum24 - Electronic Drums	Partition B -> 909 DIST P1 -> SAMPLE	909D33BD36	
Wizoo	Platinum24 - Electronic Drums	Partition B -> 909 DIST P1 -> SAMPLE	909D35BD11	
Wizoo	Platinum24 - Electronic Drums	Partition B -> 909 DIST P1 -> SAMPLE	909D35BD12	
Wizoo	Platinum24 - Electronic Drums	Partition B -> 909 DIST P1 -> SAMPLE	909D35BD13	
Wizoo	Platinum24 - Electronic Drums	Partition B -> 909 DIST P1 -> SAMPLE	909D35BD14	
Wizoo	Platinum24 - Electronic Drums	Partition B -> 909 DIST P1 -> SAMPLE	909D35BD15	
Wizoo	Platinum24 - Electronic Drums	Partition B -> 909 DIST P1 -> SAMPLE	909D35BD16	
Wizoo	Platinum24 - Electronic Drums	Partition B -> 909 DIST P1 -> SAMPLE	909D36BD21	
Wizoo	Platinum24 - Electronic Drums	Partition B -> 909 DIST P1 -> SAMPLE	909D36BD22	
Wizoo	Platinum24 - Electronic Drums	Partition B -> 909 DIST P1 -> SAMPLE	909D36BD23	
Wizoo	Platinum24 - Electronic Drums	Partition B -> 909 DIST P1 -> SAMPLE	909D36BD24	
Wizoo	Platinum24 - Electronic Drums	Partition B -> 909 DIST P1 -> SAMPLE	909D36BD25	
Wizoo	Platinum24 - Electronic Drums	Partition B -> 909 DIST P1 -> SAMPLE	909D36BD26	
Wizoo	Platinum24 - Electronic Drums	Partition B -> 909 DIST P1 -> SAMPLE	909D38SN11	
Wizoo	Platinum24 - Electronic Drums	Partition B -> 909 DIST P1 -> SAMPLE	909D38SN12	
Wizoo	Platinum24 - Electronic Drums	Partition B -> 909 DIST P1 -> SAMPLE	909D38SN13	
Wizoo	Platinum24 - Electronic Drums	Partition B -> 909 DIST P1 -> SAMPLE	909D38SN14	
Wizoo	Platinum24 - Electronic Drums	Partition B -> 909 DIST P1 -> SAMPLE	909D38SN15	
Wizoo	Platinum24 - Electronic Drums	Partition B -> 909 DIST P1 -> SAMPLE	909D38SN16	
Wizoo	Platinum24 - Electronic Drums	Partition B -> 909 DIST P1 -> SAMPLE	909D40SN21	
Wizoo	Platinum24 - Electronic Drums	Partition B -> 909 DIST P1 -> SAMPLE	909D40SN22	
Wizoo	Platinum24 - Electronic Drums	Partition B -> 909 DIST P1 -> SAMPLE	909D40SN23	
Wizoo	Platinum24 - Electronic Drums	Partition B -> 909 DIST P1 -> SAMPLE	909D40SN24	
Wizoo	Platinum24 - Electronic Drums	Partition B -> 909 DIST P1 -> SAMPLE	909D40SN25	
Wizoo	Platinum24 - Electronic Drums	Partition B -> 909 DIST P1 -> SAMPLE	909D41FTL1	
Wizoo	Platinum24 - Electronic Drums	Partition B -> 909 DIST P1 -> SAMPLE	909D41FTL2	
Wizoo	Platinum24 - Electronic Drums	Partition B -> 909 DIST P1 -> SAMPLE	909D41FTL3	
Wizoo	Platinum24 - Electronic Drums	Partition B -> 909 DIST P1 -> SAMPLE	909D41FTL4	
Wizoo	Platinum24 - Electronic Drums	Partition B -> 909 DIST P1 -> SAMPLE	909D41FTL5	
Wizoo	Platinum24 - Electronic Drums	Partition B -> 909 DIST P1 -> SAMPLE	909D41FTL6	
Wizoo	Platinum24 - Electronic Drums	Partition B -> 909 DIST P1 -> SAMPLE	909D42CHH1	
Wizoo	Platinum24 - Electronic Drums	Partition B -> 909 DIST P1 -> SAMPLE	909D42CHH2	
Wizoo	Platinum24 - Electronic Drums	Partition B -> 909 DIST P1 -> SAMPLE	909D42CHH3	
Wizoo	Platinum24 - Electronic Drums	Partition B -> 909 DIST P1 -> SAMPLE	909D42CHH4	
Wizoo	Platinum24 - Electronic Drums	Partition B -> 909 DIST P1 -> SAMPLE	909D42CHH5	
Wizoo	Platinum24 - Electronic Drums	Partition B -> 909 DIST P1 -> SAMPLE	909D42CHH6	
Wizoo	Platinum24 - Electronic Drums	Partition B -> 909 DIST P1 -> SAMPLE	909D43FTH1	
Wizoo	Platinum24 - Electronic Drums	Partition B -> 909 DIST P1 -> SAMPLE	909D43FTH2	
Wizoo	Platinum24 - Electronic Drums	Partition B -> 909 DIST P1 -> SAMPLE	909D43FTH3	
Wizoo	Platinum24 - Electronic Drums	Partition B -> 909 DIST P1 -> SAMPLE	909D43FTH4	
Wizoo	Platinum24 - Electronic Drums	Partition B -> 909 DIST P1 -> SAMPLE	909D43FTH5	
Wizoo	Platinum24 - Electronic Drums	Partition B -> 909 DIST P1 -> SAMPLE	909D43FTH6	
Wizoo	Platinum24 - Electronic Drums	Partition B -> 909 DIST P1 -> SAMPLE	909D44PHH1	
Wizoo	Platinum24 - Electronic Drums	Partition B -> 909 DIST P1 -> SAMPLE	909D44PHH2	
Wizoo	Platinum24 - Electronic Drums	Partition B -> 909 DIST P1 -> SAMPLE	909D44PHH3	
Wizoo	Platinum24 - Electronic Drums	Partition B -> 909 DIST P1 -> SAMPLE	909D44PHH4	
Wizoo	Platinum24 - Electronic Drums	Partition B -> 909 DIST P1 -> SAMPLE	909D44PHH5	
Wizoo	Platinum24 - Electronic Drums	Partition B -> 909 DIST P1 -> SAMPLE	909D44PHH6	
Wizoo	Platinum24 - Electronic Drums	Partition B -> 909 DIST P1 -> SAMPLE	909D45MTL1	
Wizoo	Platinum24 - Electronic Drums	Partition B -> 909 DIST P1 -> SAMPLE	909D45MTL2	
Wizoo	Platinum24 - Electronic Drums	Partition B -> 909 DIST P1 -> SAMPLE	909D45MTL3	
Wizoo	Platinum24 - Electronic Drums	Partition B -> 909 DIST P1 -> SAMPLE	909D45MTL4	
Wizoo	Platinum24 - Electronic Drums	Partition B -> 909 DIST P1 -> SAMPLE	909D45MTL5	
Wizoo	Platinum24 - Electronic Drums	Partition B -> 909 DIST P1 -> SAMPLE	909D45MTL6	
Wizoo	Platinum24 - Electronic Drums	Partition B -> 909 DIST P1 -> SAMPLE	909D46OHH1	
Wizoo	Platinum24 - Electronic Drums	Partition B -> 909 DIST P1 -> SAMPLE	909D46OHH2	
Wizoo	Platinum24 - Electronic Drums	Partition B -> 909 DIST P1 -> SAMPLE	909D46OHH3	
Wizoo	Platinum24 - Electronic Drums	Partition B -> 909 DIST P1 -> SAMPLE	909D46OHH4	
Wizoo	Platinum24 - Electronic Drums	Partition B -> 909 DIST P1 -> SAMPLE	909D46OHH5	
Wizoo	Platinum24 - Electronic Drums	Partition B -> 909 DIST P1 -> SAMPLE	909D46OHH6	
Wizoo	Platinum24 - Electronic Drums	Partition B -> 909 DIST P1 -> SAMPLE	909D47MTH1	
Wizoo	Platinum24 - Electronic Drums	Partition B -> 909 DIST P1 -> SAMPLE	909D47MTH2	
Wizoo	Platinum24 - Electronic Drums	Partition B -> 909 DIST P1 -> SAMPLE	909D47MTH3	
Wizoo	Platinum24 - Electronic Drums	Partition B -> 909 DIST P1 -> SAMPLE	909D47MTH4	
Wizoo	Platinum24 - Electronic Drums	Partition B -> 909 DIST P1 -> SAMPLE	909D47MTH5	
Wizoo	Platinum24 - Electronic Drums	Partition B -> 909 DIST P1 -> SAMPLE	909D47MTH6	
Wizoo	Platinum24 - Electronic Drums	Partition B -> 909 DIST P1 -> SAMPLE	909D48HTL1	
Wizoo	Platinum24 - Electronic Drums	Partition B -> 909 DIST P1 -> SAMPLE	909D48HTL2	
Wizoo	Platinum24 - Electronic Drums	Partition B -> 909 DIST P1 -> SAMPLE	909D48HTL3	
Wizoo	Platinum24 - Electronic Drums	Partition B -> 909 DIST P1 -> SAMPLE	909D48HTL4	
Wizoo	Platinum24 - Electronic Drums	Partition B -> 909 DIST P1 -> SAMPLE	909D48HTL5	
Wizoo	Platinum24 - Electronic Drums	Partition B -> 909 DIST P1 -> SAMPLE	909D48HTL6	
Wizoo	Platinum24 - Electronic Drums	Partition B -> 909 DIST P1 -> SAMPLE	909D50HTH1	
Wizoo	Platinum24 - Electronic Drums	Partition B -> 909 DIST P1 -> SAMPLE	909D50HTH2	
Wizoo	Platinum24 - Electronic Drums	Partition B -> 909 DIST P1 -> SAMPLE	909D50HTH3	
Wizoo	Platinum24 - Electronic Drums	Partition B -> 909 DIST P1 -> SAMPLE	909D50HTH4	
Wizoo	Platinum24 - Electronic Drums	Partition B -> 909 DIST P1 -> SAMPLE	909D50HTH5	
Wizoo	Platinum24 - Electronic Drums	Partition B -> 909 DIST P1 -> SAMPLE	909D50HTH6	
Wizoo	Platinum24 - Electronic Drums	Partition B -> 909 DIST P1 -> SAMPLE	909D51RD11	
Wizoo	Platinum24 - Electronic Drums	Partition B -> 909 DIST P1 -> SAMPLE	909D51RD12	
Wizoo	Platinum24 - Electronic Drums	Partition B -> 909 DIST P1 -> SAMPLE	909D51RD13	
Wizoo	Platinum24 - Electronic Drums	Partition B -> 909 DIST P1 -> SAMPLE	909D51RD14	
Wizoo	Platinum24 - Electronic Drums	Partition B -> 909 DIST P1 -> SAMPLE	909D51RD15	
Wizoo	Platinum24 - Electronic Drums	Partition B -> 909 DIST P1 -> SAMPLE	909D59RD21	
Wizoo	Platinum24 - Electronic Drums	Partition B -> 909 DIST P1 -> SAMPLE	909D59RD22	
Wizoo	Platinum24 - Electronic Drums	Partition B -> 909 DIST P1 -> SAMPLE	909D59RD23	
Wizoo	Platinum24 - Electronic Drums	Partition B -> 909 DIST P1 -> SAMPLE	909D59RD24	
Wizoo	Platinum24 - Electronic Drums	Partition B -> 909 DIST P1 -> SAMPLE	909D59RD25	
Wizoo	Platinum24 - Electronic Drums	Partition B -> 909 DIST P2 -> PROGRAM	909 DIST P2	
Wizoo	Platinum24 - Electronic Drums	Partition B -> 909 DIST P2 -> SAMPLE	909D37RIM1	
Wizoo	Platinum24 - Electronic Drums	Partition B -> 909 DIST P2 -> SAMPLE	909D37RIM2	
Wizoo	Platinum24 - Electronic Drums	Partition B -> 909 DIST P2 -> SAMPLE	909D37RIM3	
Wizoo	Platinum24 - Electronic Drums	Partition B -> 909 DIST P2 -> SAMPLE	909D37RIM4	
Wizoo	Platinum24 - Electronic Drums	Partition B -> 909 DIST P2 -> SAMPLE	909D37RIM5	
Wizoo	Platinum24 - Electronic Drums	Partition B -> 909 DIST P2 -> SAMPLE	909D37RIM6	
Wizoo	Platinum24 - Electronic Drums	Partition B -> 909 DIST P2 -> SAMPLE	909D38SN11	
Wizoo	Platinum24 - Electronic Drums	Partition B -> 909 DIST P2 -> SAMPLE	909D38SN12	
Wizoo	Platinum24 - Electronic Drums	Partition B -> 909 DIST P2 -> SAMPLE	909D39CLP1	
Wizoo	Platinum24 - Electronic Drums	Partition B -> 909 DIST P2 -> SAMPLE	909D39CLP2	
Wizoo	Platinum24 - Electronic Drums	Partition B -> 909 DIST P2 -> SAMPLE	909D39CLP3	
Wizoo	Platinum24 - Electronic Drums	Partition B -> 909 DIST P2 -> SAMPLE	909D39CLP4	
Wizoo	Platinum24 - Electronic Drums	Partition B -> 909 DIST P2 -> SAMPLE	909D39CLP5	
Wizoo	Platinum24 - Electronic Drums	Partition B -> 909 DIST P2 -> SAMPLE	909D39CLP6	
Wizoo	Platinum24 - Electronic Drums	Partition B -> 909 DIST P2 -> SAMPLE	909D49CS11	
Wizoo	Platinum24 - Electronic Drums	Partition B -> 909 DIST P2 -> SAMPLE	909D49CS12	
Wizoo	Platinum24 - Electronic Drums	Partition B -> 909 DIST P2 -> SAMPLE	909D49CS13	
Wizoo	Platinum24 - Electronic Drums	Partition B -> 909 DIST P2 -> SAMPLE	909D49CS14	
Wizoo	Platinum24 - Electronic Drums	Partition B -> 909 DIST P2 -> SAMPLE	909D49CS15	
Wizoo	Platinum24 - Electronic Drums	Partition B -> 909 DIST P2 -> SAMPLE	909D57CS21	
Wizoo	Platinum24 - Electronic Drums	Partition B -> 909 DIST P2 -> SAMPLE	909D57CS22	
Wizoo	Platinum24 - Electronic Drums	Partition B -> 909 DIST P2 -> SAMPLE	909D57CS23	
Wizoo	Platinum24 - Electronic Drums	Partition B -> 909 DIST P2 -> SAMPLE	909D57CS24	
Wizoo	Platinum24 - Electronic Drums	Partition B -> 909 DIST P2 -> SAMPLE	909D57CS25	
Wizoo	Platinum24 - Electronic Drums	Partition B -> 909 DIST P2 -> SAMPLE	909D57CS26	
Wizoo	Platinum24 - Electronic Drums	Partition B -> 909 DRIVE P1 -> PROGRAM	909 DRIVE P1	
Wizoo	Platinum24 - Electronic Drums	Partition B -> 909 DRIVE P1 -> SAMPLE	909O31SN31	
Wizoo	Platinum24 - Electronic Drums	Partition B -> 909 DRIVE P1 -> SAMPLE	909O31SN32	
Wizoo	Platinum24 - Electronic Drums	Partition B -> 909 DRIVE P1 -> SAMPLE	909O31SN33	
Wizoo	Platinum24 - Electronic Drums	Partition B -> 909 DRIVE P1 -> SAMPLE	909O31SN34	
Wizoo	Platinum24 - Electronic Drums	Partition B -> 909 DRIVE P1 -> SAMPLE	909O31SN35	
Wizoo	Platinum24 - Electronic Drums	Partition B -> 909 DRIVE P1 -> SAMPLE	909O33BD31	
Wizoo	Platinum24 - Electronic Drums	Partition B -> 909 DRIVE P1 -> SAMPLE	909O33BD32	
Wizoo	Platinum24 - Electronic Drums	Partition B -> 909 DRIVE P1 -> SAMPLE	909O33BD33	
Wizoo	Platinum24 - Electronic Drums	Partition B -> 909 DRIVE P1 -> SAMPLE	909O33BD34	
Wizoo	Platinum24 - Electronic Drums	Partition B -> 909 DRIVE P1 -> SAMPLE	909O33BD35	
Wizoo	Platinum24 - Electronic Drums	Partition B -> 909 DRIVE P1 -> SAMPLE	909O35BD11	
Wizoo	Platinum24 - Electronic Drums	Partition B -> 909 DRIVE P1 -> SAMPLE	909O35BD12	
Wizoo	Platinum24 - Electronic Drums	Partition B -> 909 DRIVE P1 -> SAMPLE	909O35BD13	
Wizoo	Platinum24 - Electronic Drums	Partition B -> 909 DRIVE P1 -> SAMPLE	909O35BD14	
Wizoo	Platinum24 - Electronic Drums	Partition B -> 909 DRIVE P1 -> SAMPLE	909O35BD15	
Wizoo	Platinum24 - Electronic Drums	Partition B -> 909 DRIVE P1 -> SAMPLE	909O35BD16	
Wizoo	Platinum24 - Electronic Drums	Partition B -> 909 DRIVE P1 -> SAMPLE	909O36BD21	
Wizoo	Platinum24 - Electronic Drums	Partition B -> 909 DRIVE P1 -> SAMPLE	909O36BD22	
Wizoo	Platinum24 - Electronic Drums	Partition B -> 909 DRIVE P1 -> SAMPLE	909O36BD23	
Wizoo	Platinum24 - Electronic Drums	Partition B -> 909 DRIVE P1 -> SAMPLE	909O36BD24	
Wizoo	Platinum24 - Electronic Drums	Partition B -> 909 DRIVE P1 -> SAMPLE	909O36BD25	
Wizoo	Platinum24 - Electronic Drums	Partition B -> 909 DRIVE P1 -> SAMPLE	909O38SN11	
Wizoo	Platinum24 - Electronic Drums	Partition B -> 909 DRIVE P1 -> SAMPLE	909O38SN12	
Wizoo	Platinum24 - Electronic Drums	Partition B -> 909 DRIVE P1 -> SAMPLE	909O38SN13	
Wizoo	Platinum24 - Electronic Drums	Partition B -> 909 DRIVE P1 -> SAMPLE	909O38SN14	
Wizoo	Platinum24 - Electronic Drums	Partition B -> 909 DRIVE P1 -> SAMPLE	909O38SN15	
Wizoo	Platinum24 - Electronic Drums	Partition B -> 909 DRIVE P1 -> SAMPLE	909O38SN16	
Wizoo	Platinum24 - Electronic Drums	Partition B -> 909 DRIVE P1 -> SAMPLE	909O40SN21	
Wizoo	Platinum24 - Electronic Drums	Partition B -> 909 DRIVE P1 -> SAMPLE	909O40SN22	
Wizoo	Platinum24 - Electronic Drums	Partition B -> 909 DRIVE P1 -> SAMPLE	909O40SN23	
Wizoo	Platinum24 - Electronic Drums	Partition B -> 909 DRIVE P1 -> SAMPLE	909O40SN24	
Wizoo	Platinum24 - Electronic Drums	Partition B -> 909 DRIVE P1 -> SAMPLE	909O40SN25	
Wizoo	Platinum24 - Electronic Drums	Partition B -> 909 DRIVE P1 -> SAMPLE	909O41FTL1	
Wizoo	Platinum24 - Electronic Drums	Partition B -> 909 DRIVE P1 -> SAMPLE	909O41FTL2	
Wizoo	Platinum24 - Electronic Drums	Partition B -> 909 DRIVE P1 -> SAMPLE	909O41FTL3	
Wizoo	Platinum24 - Electronic Drums	Partition B -> 909 DRIVE P1 -> SAMPLE	909O41FTL4	
Wizoo	Platinum24 - Electronic Drums	Partition B -> 909 DRIVE P1 -> SAMPLE	909O41FTL5	
Wizoo	Platinum24 - Electronic Drums	Partition B -> 909 DRIVE P1 -> SAMPLE	909O41FTL6	
Wizoo	Platinum24 - Electronic Drums	Partition B -> 909 DRIVE P1 -> SAMPLE	909O42CHH1	
Wizoo	Platinum24 - Electronic Drums	Partition B -> 909 DRIVE P1 -> SAMPLE	909O42CHH2	
Wizoo	Platinum24 - Electronic Drums	Partition B -> 909 DRIVE P1 -> SAMPLE	909O42CHH3	
Wizoo	Platinum24 - Electronic Drums	Partition B -> 909 DRIVE P1 -> SAMPLE	909O42CHH4	
Wizoo	Platinum24 - Electronic Drums	Partition B -> 909 DRIVE P1 -> SAMPLE	909O42CHH5	
Wizoo	Platinum24 - Electronic Drums	Partition B -> 909 DRIVE P1 -> SAMPLE	909O42CHH6	
Wizoo	Platinum24 - Electronic Drums	Partition B -> 909 DRIVE P1 -> SAMPLE	909O43FTH1	
Wizoo	Platinum24 - Electronic Drums	Partition B -> 909 DRIVE P1 -> SAMPLE	909O43FTH2	
Wizoo	Platinum24 - Electronic Drums	Partition B -> 909 DRIVE P1 -> SAMPLE	909O43FTH3	
Wizoo	Platinum24 - Electronic Drums	Partition B -> 909 DRIVE P1 -> SAMPLE	909O43FTH4	
Wizoo	Platinum24 - Electronic Drums	Partition B -> 909 DRIVE P1 -> SAMPLE	909O43FTH5	
Wizoo	Platinum24 - Electronic Drums	Partition B -> 909 DRIVE P1 -> SAMPLE	909O43FTH6	
Wizoo	Platinum24 - Electronic Drums	Partition B -> 909 DRIVE P1 -> SAMPLE	909O44PHH1	
Wizoo	Platinum24 - Electronic Drums	Partition B -> 909 DRIVE P1 -> SAMPLE	909O44PHH2	
Wizoo	Platinum24 - Electronic Drums	Partition B -> 909 DRIVE P1 -> SAMPLE	909O44PHH3	
Wizoo	Platinum24 - Electronic Drums	Partition B -> 909 DRIVE P1 -> SAMPLE	909O44PHH4	
Wizoo	Platinum24 - Electronic Drums	Partition B -> 909 DRIVE P1 -> SAMPLE	909O44PHH5	
Wizoo	Platinum24 - Electronic Drums	Partition B -> 909 DRIVE P1 -> SAMPLE	909O44PHH6	
Wizoo	Platinum24 - Electronic Drums	Partition B -> 909 DRIVE P1 -> SAMPLE	909O45MTL1	
Wizoo	Platinum24 - Electronic Drums	Partition B -> 909 DRIVE P1 -> SAMPLE	909O45MTL2	
Wizoo	Platinum24 - Electronic Drums	Partition B -> 909 DRIVE P1 -> SAMPLE	909O45MTL3	
Wizoo	Platinum24 - Electronic Drums	Partition B -> 909 DRIVE P1 -> SAMPLE	909O45MTL4	
Wizoo	Platinum24 - Electronic Drums	Partition B -> 909 DRIVE P1 -> SAMPLE	909O45MTL5	
Wizoo	Platinum24 - Electronic Drums	Partition B -> 909 DRIVE P1 -> SAMPLE	909O45MTL6	
Wizoo	Platinum24 - Electronic Drums	Partition B -> 909 DRIVE P1 -> SAMPLE	909O46OHH1	
Wizoo	Platinum24 - Electronic Drums	Partition B -> 909 DRIVE P1 -> SAMPLE	909O46OHH2	
Wizoo	Platinum24 - Electronic Drums	Partition B -> 909 DRIVE P1 -> SAMPLE	909O46OHH3	
Wizoo	Platinum24 - Electronic Drums	Partition B -> 909 DRIVE P1 -> SAMPLE	909O46OHH4	
Wizoo	Platinum24 - Electronic Drums	Partition B -> 909 DRIVE P1 -> SAMPLE	909O46OHH5	
Wizoo	Platinum24 - Electronic Drums	Partition B -> 909 DRIVE P1 -> SAMPLE	909O46OHH6	
Wizoo	Platinum24 - Electronic Drums	Partition B -> 909 DRIVE P1 -> SAMPLE	909O47MTH1	
Wizoo	Platinum24 - Electronic Drums	Partition B -> 909 DRIVE P1 -> SAMPLE	909O47MTH2	
Wizoo	Platinum24 - Electronic Drums	Partition B -> 909 DRIVE P1 -> SAMPLE	909O47MTH3	
Wizoo	Platinum24 - Electronic Drums	Partition B -> 909 DRIVE P1 -> SAMPLE	909O47MTH4	
Wizoo	Platinum24 - Electronic Drums	Partition B -> 909 DRIVE P1 -> SAMPLE	909O47MTH5	
Wizoo	Platinum24 - Electronic Drums	Partition B -> 909 DRIVE P1 -> SAMPLE	909O47MTH6	
Wizoo	Platinum24 - Electronic Drums	Partition B -> 909 DRIVE P1 -> SAMPLE	909O48HTL1	
Wizoo	Platinum24 - Electronic Drums	Partition B -> 909 DRIVE P1 -> SAMPLE	909O48HTL2	
Wizoo	Platinum24 - Electronic Drums	Partition B -> 909 DRIVE P1 -> SAMPLE	909O48HTL3	
Wizoo	Platinum24 - Electronic Drums	Partition B -> 909 DRIVE P1 -> SAMPLE	909O48HTL4	
Wizoo	Platinum24 - Electronic Drums	Partition B -> 909 DRIVE P1 -> SAMPLE	909O48HTL5	
Wizoo	Platinum24 - Electronic Drums	Partition B -> 909 DRIVE P1 -> SAMPLE	909O48HTL6	
Wizoo	Platinum24 - Electronic Drums	Partition B -> 909 DRIVE P1 -> SAMPLE	909O50HTH1	
Wizoo	Platinum24 - Electronic Drums	Partition B -> 909 DRIVE P1 -> SAMPLE	909O50HTH2	
Wizoo	Platinum24 - Electronic Drums	Partition B -> 909 DRIVE P1 -> SAMPLE	909O50HTH3	
Wizoo	Platinum24 - Electronic Drums	Partition B -> 909 DRIVE P1 -> SAMPLE	909O50HTH4	
Wizoo	Platinum24 - Electronic Drums	Partition B -> 909 DRIVE P1 -> SAMPLE	909O50HTH5	
Wizoo	Platinum24 - Electronic Drums	Partition B -> 909 DRIVE P1 -> SAMPLE	909O50HTH6	
Wizoo	Platinum24 - Electronic Drums	Partition B -> 909 DRIVE P1 -> SAMPLE	909O51RD11	
Wizoo	Platinum24 - Electronic Drums	Partition B -> 909 DRIVE P1 -> SAMPLE	909O51RD12	
Wizoo	Platinum24 - Electronic Drums	Partition B -> 909 DRIVE P1 -> SAMPLE	909O51RD13	
Wizoo	Platinum24 - Electronic Drums	Partition B -> 909 DRIVE P1 -> SAMPLE	909O51RD14	
Wizoo	Platinum24 - Electronic Drums	Partition B -> 909 DRIVE P1 -> SAMPLE	909O51RD15	
Wizoo	Platinum24 - Electronic Drums	Partition B -> 909 DRIVE P1 -> SAMPLE	909O51RD16	
Wizoo	Platinum24 - Electronic Drums	Partition B -> 909 DRIVE P1 -> SAMPLE	909O59RD21	
Wizoo	Platinum24 - Electronic Drums	Partition B -> 909 DRIVE P1 -> SAMPLE	909O59RD22	
Wizoo	Platinum24 - Electronic Drums	Partition B -> 909 DRIVE P1 -> SAMPLE	909O59RD23	
Wizoo	Platinum24 - Electronic Drums	Partition B -> 909 DRIVE P1 -> SAMPLE	909O59RD24	
Wizoo	Platinum24 - Electronic Drums	Partition B -> 909 DRIVE P1 -> SAMPLE	909O59RD25	
Wizoo	Platinum24 - Electronic Drums	Partition B -> 909 DRIVE P2 -> PROGRAM	909 DRIVE P2	
Wizoo	Platinum24 - Electronic Drums	Partition B -> 909 DRIVE P2 -> SAMPLE	909O37RIM1	
Wizoo	Platinum24 - Electronic Drums	Partition B -> 909 DRIVE P2 -> SAMPLE	909O37RIM2	
Wizoo	Platinum24 - Electronic Drums	Partition B -> 909 DRIVE P2 -> SAMPLE	909O37RIM3	
Wizoo	Platinum24 - Electronic Drums	Partition B -> 909 DRIVE P2 -> SAMPLE	909O37RIM4	
Wizoo	Platinum24 - Electronic Drums	Partition B -> 909 DRIVE P2 -> SAMPLE	909O37RIM5	
Wizoo	Platinum24 - Electronic Drums	Partition B -> 909 DRIVE P2 -> SAMPLE	909O38SN11	
Wizoo	Platinum24 - Electronic Drums	Partition B -> 909 DRIVE P2 -> SAMPLE	909O38SN12	
Wizoo	Platinum24 - Electronic Drums	Partition B -> 909 DRIVE P2 -> SAMPLE	909O38SN14	
Wizoo	Platinum24 - Electronic Drums	Partition B -> 909 DRIVE P2 -> SAMPLE	909O39CLP1	
Wizoo	Platinum24 - Electronic Drums	Partition B -> 909 DRIVE P2 -> SAMPLE	909O39CLP2	
Wizoo	Platinum24 - Electronic Drums	Partition B -> 909 DRIVE P2 -> SAMPLE	909O39CLP3	
Wizoo	Platinum24 - Electronic Drums	Partition B -> 909 DRIVE P2 -> SAMPLE	909O39CLP4	
Wizoo	Platinum24 - Electronic Drums	Partition B -> 909 DRIVE P2 -> SAMPLE	909O49CS11	
Wizoo	Platinum24 - Electronic Drums	Partition B -> 909 DRIVE P2 -> SAMPLE	909O49CS12	
Wizoo	Platinum24 - Electronic Drums	Partition B -> 909 DRIVE P2 -> SAMPLE	909O49CS13	
Wizoo	Platinum24 - Electronic Drums	Partition B -> 909 DRIVE P2 -> SAMPLE	909O49CS14	
Wizoo	Platinum24 - Electronic Drums	Partition B -> 909 DRIVE P2 -> SAMPLE	909O49CS15	
Wizoo	Platinum24 - Electronic Drums	Partition B -> 909 DRIVE P2 -> SAMPLE	909O57CS21	
Wizoo	Platinum24 - Electronic Drums	Partition B -> 909 DRIVE P2 -> SAMPLE	909O57CS22	
Wizoo	Platinum24 - Electronic Drums	Partition B -> 909 DRIVE P2 -> SAMPLE	909O57CS23	
Wizoo	Platinum24 - Electronic Drums	Partition B -> 909 DRIVE P2 -> SAMPLE	909O57CS24	
Wizoo	Platinum24 - Electronic Drums	Partition B -> 909 DRIVE P2 -> SAMPLE	909O57CS25	
Wizoo	Platinum24 - Electronic Drums	Partition B -> 909 NOISY P1 -> PROGRAM	909 NOISY P1	
Wizoo	Platinum24 - Electronic Drums	Partition B -> 909 NOISY P1 -> SAMPLE	909N33BD31	
Wizoo	Platinum24 - Electronic Drums	Partition B -> 909 NOISY P1 -> SAMPLE	909N33BD32	
Wizoo	Platinum24 - Electronic Drums	Partition B -> 909 NOISY P1 -> SAMPLE	909N33BD33	
Wizoo	Platinum24 - Electronic Drums	Partition B -> 909 NOISY P1 -> SAMPLE	909N33BD34	
Wizoo	Platinum24 - Electronic Drums	Partition B -> 909 NOISY P1 -> SAMPLE	909N33BD35	
Wizoo	Platinum24 - Electronic Drums	Partition B -> 909 NOISY P1 -> SAMPLE	909N35BD11	
Wizoo	Platinum24 - Electronic Drums	Partition B -> 909 NOISY P1 -> SAMPLE	909N35BD12	
Wizoo	Platinum24 - Electronic Drums	Partition B -> 909 NOISY P1 -> SAMPLE	909N35BD13	
Wizoo	Platinum24 - Electronic Drums	Partition B -> 909 NOISY P1 -> SAMPLE	909N35BD14	
Wizoo	Platinum24 - Electronic Drums	Partition B -> 909 NOISY P1 -> SAMPLE	909N35BD15	
Wizoo	Platinum24 - Electronic Drums	Partition B -> 909 NOISY P1 -> SAMPLE	909N35BD16	
Wizoo	Platinum24 - Electronic Drums	Partition B -> 909 NOISY P1 -> SAMPLE	909N36BD21	
Wizoo	Platinum24 - Electronic Drums	Partition B -> 909 NOISY P1 -> SAMPLE	909N36BD22	
Wizoo	Platinum24 - Electronic Drums	Partition B -> 909 NOISY P1 -> SAMPLE	909N36BD23	
Wizoo	Platinum24 - Electronic Drums	Partition B -> 909 NOISY P1 -> SAMPLE	909N36BD24	
Wizoo	Platinum24 - Electronic Drums	Partition B -> 909 NOISY P1 -> SAMPLE	909N36BD25	
Wizoo	Platinum24 - Electronic Drums	Partition B -> 909 NOISY P1 -> SAMPLE	909N38SN11	
Wizoo	Platinum24 - Electronic Drums	Partition B -> 909 NOISY P1 -> SAMPLE	909N38SN12	
Wizoo	Platinum24 - Electronic Drums	Partition B -> 909 NOISY P1 -> SAMPLE	909N38SN13	
Wizoo	Platinum24 - Electronic Drums	Partition B -> 909 NOISY P1 -> SAMPLE	909N38SN14	
Wizoo	Platinum24 - Electronic Drums	Partition B -> 909 NOISY P1 -> SAMPLE	909N38SN15	
Wizoo	Platinum24 - Electronic Drums	Partition B -> 909 NOISY P1 -> SAMPLE	909N38SN16	
Wizoo	Platinum24 - Electronic Drums	Partition B -> 909 NOISY P1 -> SAMPLE	909N40SN21	
Wizoo	Platinum24 - Electronic Drums	Partition B -> 909 NOISY P1 -> SAMPLE	909N40SN22	
Wizoo	Platinum24 - Electronic Drums	Partition B -> 909 NOISY P1 -> SAMPLE	909N40SN23	
Wizoo	Platinum24 - Electronic Drums	Partition B -> 909 NOISY P1 -> SAMPLE	909N40SN24	
Wizoo	Platinum24 - Electronic Drums	Partition B -> 909 NOISY P1 -> SAMPLE	909N40SN26	
Wizoo	Platinum24 - Electronic Drums	Partition B -> 909 NOISY P1 -> SAMPLE	909N41FTL1	
Wizoo	Platinum24 - Electronic Drums	Partition B -> 909 NOISY P1 -> SAMPLE	909N41FTL2	
Wizoo	Platinum24 - Electronic Drums	Partition B -> 909 NOISY P1 -> SAMPLE	909N41FTL3	
Wizoo	Platinum24 - Electronic Drums	Partition B -> 909 NOISY P1 -> SAMPLE	909N41FTL4	
Wizoo	Platinum24 - Electronic Drums	Partition B -> 909 NOISY P1 -> SAMPLE	909N41FTL5	
Wizoo	Platinum24 - Electronic Drums	Partition B -> 909 NOISY P1 -> SAMPLE	909N41FTL6	
Wizoo	Platinum24 - Electronic Drums	Partition B -> 909 NOISY P1 -> SAMPLE	909N42CHH1	
Wizoo	Platinum24 - Electronic Drums	Partition B -> 909 NOISY P1 -> SAMPLE	909N42CHH2	
Wizoo	Platinum24 - Electronic Drums	Partition B -> 909 NOISY P1 -> SAMPLE	909N42CHH3	
Wizoo	Platinum24 - Electronic Drums	Partition B -> 909 NOISY P1 -> SAMPLE	909N42CHH4	
Wizoo	Platinum24 - Electronic Drums	Partition B -> 909 NOISY P1 -> SAMPLE	909N42CHH5	
Wizoo	Platinum24 - Electronic Drums	Partition B -> 909 NOISY P1 -> SAMPLE	909N42CHH6	
Wizoo	Platinum24 - Electronic Drums	Partition B -> 909 NOISY P1 -> SAMPLE	909N43FTH1	
Wizoo	Platinum24 - Electronic Drums	Partition B -> 909 NOISY P1 -> SAMPLE	909N43FTH2	
Wizoo	Platinum24 - Electronic Drums	Partition B -> 909 NOISY P1 -> SAMPLE	909N43FTH3	
Wizoo	Platinum24 - Electronic Drums	Partition B -> 909 NOISY P1 -> SAMPLE	909N43FTH4	
Wizoo	Platinum24 - Electronic Drums	Partition B -> 909 NOISY P1 -> SAMPLE	909N43FTH5	
Wizoo	Platinum24 - Electronic Drums	Partition B -> 909 NOISY P1 -> SAMPLE	909N43FTH6	
Wizoo	Platinum24 - Electronic Drums	Partition B -> 909 NOISY P1 -> SAMPLE	909N44PHH1	
Wizoo	Platinum24 - Electronic Drums	Partition B -> 909 NOISY P1 -> SAMPLE	909N44PHH2	
Wizoo	Platinum24 - Electronic Drums	Partition B -> 909 NOISY P1 -> SAMPLE	909N44PHH3	
Wizoo	Platinum24 - Electronic Drums	Partition B -> 909 NOISY P1 -> SAMPLE	909N44PHH4	
Wizoo	Platinum24 - Electronic Drums	Partition B -> 909 NOISY P1 -> SAMPLE	909N44PHH5	
Wizoo	Platinum24 - Electronic Drums	Partition B -> 909 NOISY P1 -> SAMPLE	909N44PHH6	
Wizoo	Platinum24 - Electronic Drums	Partition B -> 909 NOISY P1 -> SAMPLE	909N45MTL1	
Wizoo	Platinum24 - Electronic Drums	Partition B -> 909 NOISY P1 -> SAMPLE	909N45MTL2	
Wizoo	Platinum24 - Electronic Drums	Partition B -> 909 NOISY P1 -> SAMPLE	909N45MTL3	
Wizoo	Platinum24 - Electronic Drums	Partition B -> 909 NOISY P1 -> SAMPLE	909N45MTL4	
Wizoo	Platinum24 - Electronic Drums	Partition B -> 909 NOISY P1 -> SAMPLE	909N45MTL5	
Wizoo	Platinum24 - Electronic Drums	Partition B -> 909 NOISY P1 -> SAMPLE	909N45MTL6	
Wizoo	Platinum24 - Electronic Drums	Partition B -> 909 NOISY P1 -> SAMPLE	909N46OHH1	
Wizoo	Platinum24 - Electronic Drums	Partition B -> 909 NOISY P1 -> SAMPLE	909N46OHH2	
Wizoo	Platinum24 - Electronic Drums	Partition B -> 909 NOISY P1 -> SAMPLE	909N46OHH3	
Wizoo	Platinum24 - Electronic Drums	Partition B -> 909 NOISY P1 -> SAMPLE	909N46OHH4	
Wizoo	Platinum24 - Electronic Drums	Partition B -> 909 NOISY P1 -> SAMPLE	909N46OHH5	
Wizoo	Platinum24 - Electronic Drums	Partition B -> 909 NOISY P1 -> SAMPLE	909N46OHH6	
Wizoo	Platinum24 - Electronic Drums	Partition B -> 909 NOISY P1 -> SAMPLE	909N47MTH1	
Wizoo	Platinum24 - Electronic Drums	Partition B -> 909 NOISY P1 -> SAMPLE	909N47MTH2	
Wizoo	Platinum24 - Electronic Drums	Partition B -> 909 NOISY P1 -> SAMPLE	909N47MTH3	
Wizoo	Platinum24 - Electronic Drums	Partition B -> 909 NOISY P1 -> SAMPLE	909N47MTH4	
Wizoo	Platinum24 - Electronic Drums	Partition B -> 909 NOISY P1 -> SAMPLE	909N47MTH5	
Wizoo	Platinum24 - Electronic Drums	Partition B -> 909 NOISY P1 -> SAMPLE	909N47MTH6	
Wizoo	Platinum24 - Electronic Drums	Partition B -> 909 NOISY P1 -> SAMPLE	909N48HTL1	
Wizoo	Platinum24 - Electronic Drums	Partition B -> 909 NOISY P1 -> SAMPLE	909N48HTL2	
Wizoo	Platinum24 - Electronic Drums	Partition B -> 909 NOISY P1 -> SAMPLE	909N48HTL3	
Wizoo	Platinum24 - Electronic Drums	Partition B -> 909 NOISY P1 -> SAMPLE	909N48HTL4	
Wizoo	Platinum24 - Electronic Drums	Partition B -> 909 NOISY P1 -> SAMPLE	909N48HTL5	
Wizoo	Platinum24 - Electronic Drums	Partition B -> 909 NOISY P1 -> SAMPLE	909N48HTL6	
Wizoo	Platinum24 - Electronic Drums	Partition B -> 909 NOISY P1 -> SAMPLE	909N50HTH1	
Wizoo	Platinum24 - Electronic Drums	Partition B -> 909 NOISY P1 -> SAMPLE	909N50HTH2	
Wizoo	Platinum24 - Electronic Drums	Partition B -> 909 NOISY P1 -> SAMPLE	909N50HTH3	
Wizoo	Platinum24 - Electronic Drums	Partition B -> 909 NOISY P1 -> SAMPLE	909N50HTH4	
Wizoo	Platinum24 - Electronic Drums	Partition B -> 909 NOISY P1 -> SAMPLE	909N50HTH5	
Wizoo	Platinum24 - Electronic Drums	Partition B -> 909 NOISY P1 -> SAMPLE	909N50HTH6	
Wizoo	Platinum24 - Electronic Drums	Partition B -> 909 NOISY P1 -> SAMPLE	909N51RD11	
Wizoo	Platinum24 - Electronic Drums	Partition B -> 909 NOISY P1 -> SAMPLE	909N51RD12	
Wizoo	Platinum24 - Electronic Drums	Partition B -> 909 NOISY P1 -> SAMPLE	909N51RD13	
Wizoo	Platinum24 - Electronic Drums	Partition B -> 909 NOISY P1 -> SAMPLE	909N51RD14	
Wizoo	Platinum24 - Electronic Drums	Partition B -> 909 NOISY P1 -> SAMPLE	909N51RD15	
Wizoo	Platinum24 - Electronic Drums	Partition B -> 909 NOISY P1 -> SAMPLE	909N51RD16	
Wizoo	Platinum24 - Electronic Drums	Partition B -> 909 NOISY P1 -> SAMPLE	909N59RD21	
Wizoo	Platinum24 - Electronic Drums	Partition B -> 909 NOISY P1 -> SAMPLE	909N59RD22	
Wizoo	Platinum24 - Electronic Drums	Partition B -> 909 NOISY P1 -> SAMPLE	909N59RD23	
Wizoo	Platinum24 - Electronic Drums	Partition B -> 909 NOISY P1 -> SAMPLE	909N59RD24	
Wizoo	Platinum24 - Electronic Drums	Partition B -> 909 NOISY P1 -> SAMPLE	909N59RD25	
Wizoo	Platinum24 - Electronic Drums	Partition B -> 909 NOISY P1 -> SAMPLE	909N59RD26	
Wizoo	Platinum24 - Electronic Drums	Partition B -> 909 NOISY P2 -> PROGRAM	909 NOISY P2	
Wizoo	Platinum24 - Electronic Drums	Partition B -> 909 NOISY P2 -> SAMPLE	909N37RIM1	
Wizoo	Platinum24 - Electronic Drums	Partition B -> 909 NOISY P2 -> SAMPLE	909N37RIM2	
Wizoo	Platinum24 - Electronic Drums	Partition B -> 909 NOISY P2 -> SAMPLE	909N37RIM3	
Wizoo	Platinum24 - Electronic Drums	Partition B -> 909 NOISY P2 -> SAMPLE	909N37RIM4	
Wizoo	Platinum24 - Electronic Drums	Partition B -> 909 NOISY P2 -> SAMPLE	909N37RIM5	
Wizoo	Platinum24 - Electronic Drums	Partition B -> 909 NOISY P2 -> SAMPLE	909N37RIM6	
Wizoo	Platinum24 - Electronic Drums	Partition B -> 909 NOISY P2 -> SAMPLE	909N38SN11	
Wizoo	Platinum24 - Electronic Drums	Partition B -> 909 NOISY P2 -> SAMPLE	909N38SN12	
Wizoo	Platinum24 - Electronic Drums	Partition B -> 909 NOISY P2 -> SAMPLE	909N38SN13	
Wizoo	Platinum24 - Electronic Drums	Partition B -> 909 NOISY P2 -> SAMPLE	909N38SN14	
Wizoo	Platinum24 - Electronic Drums	Partition B -> 909 NOISY P2 -> SAMPLE	909N39CLP1	
Wizoo	Platinum24 - Electronic Drums	Partition B -> 909 NOISY P2 -> SAMPLE	909N39CLP2	
Wizoo	Platinum24 - Electronic Drums	Partition B -> 909 NOISY P2 -> SAMPLE	909N39CLP3	
Wizoo	Platinum24 - Electronic Drums	Partition B -> 909 NOISY P2 -> SAMPLE	909N39CLP4	
Wizoo	Platinum24 - Electronic Drums	Partition B -> 909 NOISY P2 -> SAMPLE	909N39CLP5	
Wizoo	Platinum24 - Electronic Drums	Partition B -> 909 NOISY P2 -> SAMPLE	909N39CLP6	
Wizoo	Platinum24 - Electronic Drums	Partition B -> 909 NOISY P2 -> SAMPLE	909N49CS11	
Wizoo	Platinum24 - Electronic Drums	Partition B -> 909 NOISY P2 -> SAMPLE	909N49CS12	
Wizoo	Platinum24 - Electronic Drums	Partition B -> 909 NOISY P2 -> SAMPLE	909N49CS13	
Wizoo	Platinum24 - Electronic Drums	Partition B -> 909 NOISY P2 -> SAMPLE	909N49CS14	
Wizoo	Platinum24 - Electronic Drums	Partition B -> 909 NOISY P2 -> SAMPLE	909N49CS15	
Wizoo	Platinum24 - Electronic Drums	Partition B -> 909 NOISY P2 -> SAMPLE	909N49CS16	
Wizoo	Platinum24 - Electronic Drums	Partition B -> 909 NOISY P2 -> SAMPLE	909N57CS21	
Wizoo	Platinum24 - Electronic Drums	Partition B -> 909 NOISY P2 -> SAMPLE	909N57CS22	
Wizoo	Platinum24 - Electronic Drums	Partition B -> 909 NOISY P2 -> SAMPLE	909N57CS23	
Wizoo	Platinum24 - Electronic Drums	Partition B -> 909 NOISY P2 -> SAMPLE	909N57CS24	
Wizoo	Platinum24 - Electronic Drums	Partition B -> 909 NOISY P2 -> SAMPLE	909N57CS25	
Wizoo	Platinum24 - Electronic Drums	Partition B -> 909 NOISY P2 -> SAMPLE	909N57CS26	
Wizoo	Platinum24 - Electronic Drums	Partition B -> 909 TINY P1 -> PROGRAM	909 TINY P1	
Wizoo	Platinum24 - Electronic Drums	Partition B -> 909 TINY P1 -> SAMPLE	909Y33BD31	
Wizoo	Platinum24 - Electronic Drums	Partition B -> 909 TINY P1 -> SAMPLE	909Y33BD32	
Wizoo	Platinum24 - Electronic Drums	Partition B -> 909 TINY P1 -> SAMPLE	909Y33BD33	
Wizoo	Platinum24 - Electronic Drums	Partition B -> 909 TINY P1 -> SAMPLE	909Y33BD34	
Wizoo	Platinum24 - Electronic Drums	Partition B -> 909 TINY P1 -> SAMPLE	909Y33BD35	
Wizoo	Platinum24 - Electronic Drums	Partition B -> 909 TINY P1 -> SAMPLE	909Y33BD36	
Wizoo	Platinum24 - Electronic Drums	Partition B -> 909 TINY P1 -> SAMPLE	909Y33BD37	
Wizoo	Platinum24 - Electronic Drums	Partition B -> 909 TINY P1 -> SAMPLE	909Y35BD21	
Wizoo	Platinum24 - Electronic Drums	Partition B -> 909 TINY P1 -> SAMPLE	909Y35BD22	
Wizoo	Platinum24 - Electronic Drums	Partition B -> 909 TINY P1 -> SAMPLE	909Y35BD23	
Wizoo	Platinum24 - Electronic Drums	Partition B -> 909 TINY P1 -> SAMPLE	909Y35BD24	
Wizoo	Platinum24 - Electronic Drums	Partition B -> 909 TINY P1 -> SAMPLE	909Y35BD25	
Wizoo	Platinum24 - Electronic Drums	Partition B -> 909 TINY P1 -> SAMPLE	909Y35BD26	
Wizoo	Platinum24 - Electronic Drums	Partition B -> 909 TINY P1 -> SAMPLE	909Y35BD27	
Wizoo	Platinum24 - Electronic Drums	Partition B -> 909 TINY P1 -> SAMPLE	909Y36BD11	
Wizoo	Platinum24 - Electronic Drums	Partition B -> 909 TINY P1 -> SAMPLE	909Y36BD12	
Wizoo	Platinum24 - Electronic Drums	Partition B -> 909 TINY P1 -> SAMPLE	909Y36BD13	
Wizoo	Platinum24 - Electronic Drums	Partition B -> 909 TINY P1 -> SAMPLE	909Y36BD14	
Wizoo	Platinum24 - Electronic Drums	Partition B -> 909 TINY P1 -> SAMPLE	909Y36BD15	
Wizoo	Platinum24 - Electronic Drums	Partition B -> 909 TINY P1 -> SAMPLE	909Y36BD16	
Wizoo	Platinum24 - Electronic Drums	Partition B -> 909 TINY P1 -> SAMPLE	909Y36BD17	
Wizoo	Platinum24 - Electronic Drums	Partition B -> 909 TINY P1 -> SAMPLE	909Y36BD18	
Wizoo	Platinum24 - Electronic Drums	Partition B -> 909 TINY P1 -> SAMPLE	909Y36BD19	
Wizoo	Platinum24 - Electronic Drums	Partition B -> 909 TINY P1 -> SAMPLE	909Y38SN11	
Wizoo	Platinum24 - Electronic Drums	Partition B -> 909 TINY P1 -> SAMPLE	909Y38SN12	
Wizoo	Platinum24 - Electronic Drums	Partition B -> 909 TINY P1 -> SAMPLE	909Y38SN13	
Wizoo	Platinum24 - Electronic Drums	Partition B -> 909 TINY P1 -> SAMPLE	909Y38SN14	
Wizoo	Platinum24 - Electronic Drums	Partition B -> 909 TINY P1 -> SAMPLE	909Y38SN15	
Wizoo	Platinum24 - Electronic Drums	Partition B -> 909 TINY P1 -> SAMPLE	909Y38SN16	
Wizoo	Platinum24 - Electronic Drums	Partition B -> 909 TINY P1 -> SAMPLE	909Y38SN17	
Wizoo	Platinum24 - Electronic Drums	Partition B -> 909 TINY P1 -> SAMPLE	909Y40SN1A	
Wizoo	Platinum24 - Electronic Drums	Partition B -> 909 TINY P1 -> SAMPLE	909Y40SN11	
Wizoo	Platinum24 - Electronic Drums	Partition B -> 909 TINY P1 -> SAMPLE	909Y40SN12	
Wizoo	Platinum24 - Electronic Drums	Partition B -> 909 TINY P1 -> SAMPLE	909Y40SN13	
Wizoo	Platinum24 - Electronic Drums	Partition B -> 909 TINY P1 -> SAMPLE	909Y40SN14	
Wizoo	Platinum24 - Electronic Drums	Partition B -> 909 TINY P1 -> SAMPLE	909Y40SN15	
Wizoo	Platinum24 - Electronic Drums	Partition B -> 909 TINY P1 -> SAMPLE	909Y40SN16	
Wizoo	Platinum24 - Electronic Drums	Partition B -> 909 TINY P1 -> SAMPLE	909Y40SN17	
Wizoo	Platinum24 - Electronic Drums	Partition B -> 909 TINY P1 -> SAMPLE	909Y40SN18	
Wizoo	Platinum24 - Electronic Drums	Partition B -> 909 TINY P1 -> SAMPLE	909Y40SN19	
Wizoo	Platinum24 - Electronic Drums	Partition B -> 909 TINY P1 -> SAMPLE	909Y41FTL1	
Wizoo	Platinum24 - Electronic Drums	Partition B -> 909 TINY P1 -> SAMPLE	909Y41FTL2	
Wizoo	Platinum24 - Electronic Drums	Partition B -> 909 TINY P1 -> SAMPLE	909Y41FTL3	
Wizoo	Platinum24 - Electronic Drums	Partition B -> 909 TINY P1 -> SAMPLE	909Y41FTL4	
Wizoo	Platinum24 - Electronic Drums	Partition B -> 909 TINY P1 -> SAMPLE	909Y41FTL5	
Wizoo	Platinum24 - Electronic Drums	Partition B -> 909 TINY P1 -> SAMPLE	909Y41FTL6	
Wizoo	Platinum24 - Electronic Drums	Partition B -> 909 TINY P1 -> SAMPLE	909Y42CHH1	
Wizoo	Platinum24 - Electronic Drums	Partition B -> 909 TINY P1 -> SAMPLE	909Y42CHH2	
Wizoo	Platinum24 - Electronic Drums	Partition B -> 909 TINY P1 -> SAMPLE	909Y42CHH3	
Wizoo	Platinum24 - Electronic Drums	Partition B -> 909 TINY P1 -> SAMPLE	909Y42CHH4	
Wizoo	Platinum24 - Electronic Drums	Partition B -> 909 TINY P1 -> SAMPLE	909Y42CHH5	
Wizoo	Platinum24 - Electronic Drums	Partition B -> 909 TINY P1 -> SAMPLE	909Y42CHH6	
Wizoo	Platinum24 - Electronic Drums	Partition B -> 909 TINY P1 -> SAMPLE	909Y42CHH7	
Wizoo	Platinum24 - Electronic Drums	Partition B -> 909 TINY P1 -> SAMPLE	909Y42CHH8	
Wizoo	Platinum24 - Electronic Drums	Partition B -> 909 TINY P1 -> SAMPLE	909Y43FTH1	
Wizoo	Platinum24 - Electronic Drums	Partition B -> 909 TINY P1 -> SAMPLE	909Y43FTH2	
Wizoo	Platinum24 - Electronic Drums	Partition B -> 909 TINY P1 -> SAMPLE	909Y43FTH3	
Wizoo	Platinum24 - Electronic Drums	Partition B -> 909 TINY P1 -> SAMPLE	909Y43FTH4	
Wizoo	Platinum24 - Electronic Drums	Partition B -> 909 TINY P1 -> SAMPLE	909Y43FTH6	
Wizoo	Platinum24 - Electronic Drums	Partition B -> 909 TINY P1 -> SAMPLE	909Y44PHH1	
Wizoo	Platinum24 - Electronic Drums	Partition B -> 909 TINY P1 -> SAMPLE	909Y44PHH2	
Wizoo	Platinum24 - Electronic Drums	Partition B -> 909 TINY P1 -> SAMPLE	909Y44PHH3	
Wizoo	Platinum24 - Electronic Drums	Partition B -> 909 TINY P1 -> SAMPLE	909Y44PHH4	
Wizoo	Platinum24 - Electronic Drums	Partition B -> 909 TINY P1 -> SAMPLE	909Y44PHH5	
Wizoo	Platinum24 - Electronic Drums	Partition B -> 909 TINY P1 -> SAMPLE	909Y44PHH6	
Wizoo	Platinum24 - Electronic Drums	Partition B -> 909 TINY P1 -> SAMPLE	909Y45MTL1	
Wizoo	Platinum24 - Electronic Drums	Partition B -> 909 TINY P1 -> SAMPLE	909Y45MTL2	
Wizoo	Platinum24 - Electronic Drums	Partition B -> 909 TINY P1 -> SAMPLE	909Y45MTL3	
Wizoo	Platinum24 - Electronic Drums	Partition B -> 909 TINY P1 -> SAMPLE	909Y45MTL4	
Wizoo	Platinum24 - Electronic Drums	Partition B -> 909 TINY P1 -> SAMPLE	909Y45MTL5	
Wizoo	Platinum24 - Electronic Drums	Partition B -> 909 TINY P1 -> SAMPLE	909Y45MTL6	
Wizoo	Platinum24 - Electronic Drums	Partition B -> 909 TINY P1 -> SAMPLE	909Y46OHH1	
Wizoo	Platinum24 - Electronic Drums	Partition B -> 909 TINY P1 -> SAMPLE	909Y46OHH2	
Wizoo	Platinum24 - Electronic Drums	Partition B -> 909 TINY P1 -> SAMPLE	909Y46OHH3	
Wizoo	Platinum24 - Electronic Drums	Partition B -> 909 TINY P1 -> SAMPLE	909Y46OHH4	
Wizoo	Platinum24 - Electronic Drums	Partition B -> 909 TINY P1 -> SAMPLE	909Y46OHH5	
Wizoo	Platinum24 - Electronic Drums	Partition B -> 909 TINY P1 -> SAMPLE	909Y46OHH6	
Wizoo	Platinum24 - Electronic Drums	Partition B -> 909 TINY P1 -> SAMPLE	909Y47MTH1	
Wizoo	Platinum24 - Electronic Drums	Partition B -> 909 TINY P1 -> SAMPLE	909Y47MTH2	
Wizoo	Platinum24 - Electronic Drums	Partition B -> 909 TINY P1 -> SAMPLE	909Y47MTH3	
Wizoo	Platinum24 - Electronic Drums	Partition B -> 909 TINY P1 -> SAMPLE	909Y47MTH4	
Wizoo	Platinum24 - Electronic Drums	Partition B -> 909 TINY P1 -> SAMPLE	909Y47MTH5	
Wizoo	Platinum24 - Electronic Drums	Partition B -> 909 TINY P1 -> SAMPLE	909Y47MTH6	
Wizoo	Platinum24 - Electronic Drums	Partition B -> 909 TINY P1 -> SAMPLE	909Y48HTL1	
Wizoo	Platinum24 - Electronic Drums	Partition B -> 909 TINY P1 -> SAMPLE	909Y48HTL2	
Wizoo	Platinum24 - Electronic Drums	Partition B -> 909 TINY P1 -> SAMPLE	909Y48HTL3	
Wizoo	Platinum24 - Electronic Drums	Partition B -> 909 TINY P1 -> SAMPLE	909Y48HTL4	
Wizoo	Platinum24 - Electronic Drums	Partition B -> 909 TINY P1 -> SAMPLE	909Y48HTL5	
Wizoo	Platinum24 - Electronic Drums	Partition B -> 909 TINY P1 -> SAMPLE	909Y48HTL6	
Wizoo	Platinum24 - Electronic Drums	Partition B -> 909 TINY P1 -> SAMPLE	909Y50HTH1	
Wizoo	Platinum24 - Electronic Drums	Partition B -> 909 TINY P1 -> SAMPLE	909Y50HTH2	
Wizoo	Platinum24 - Electronic Drums	Partition B -> 909 TINY P1 -> SAMPLE	909Y50HTH3	
Wizoo	Platinum24 - Electronic Drums	Partition B -> 909 TINY P1 -> SAMPLE	909Y50HTH4	
Wizoo	Platinum24 - Electronic Drums	Partition B -> 909 TINY P1 -> SAMPLE	909Y50HTH5	
Wizoo	Platinum24 - Electronic Drums	Partition B -> 909 TINY P1 -> SAMPLE	909Y50HTH6	
Wizoo	Platinum24 - Electronic Drums	Partition B -> 909 TINY P1 -> SAMPLE	909Y51RD11	
Wizoo	Platinum24 - Electronic Drums	Partition B -> 909 TINY P1 -> SAMPLE	909Y51RD12	
Wizoo	Platinum24 - Electronic Drums	Partition B -> 909 TINY P1 -> SAMPLE	909Y51RD13	
Wizoo	Platinum24 - Electronic Drums	Partition B -> 909 TINY P1 -> SAMPLE	909Y51RD14	
Wizoo	Platinum24 - Electronic Drums	Partition B -> 909 TINY P1 -> SAMPLE	909Y59RD21	
Wizoo	Platinum24 - Electronic Drums	Partition B -> 909 TINY P1 -> SAMPLE	909Y59RD22	
Wizoo	Platinum24 - Electronic Drums	Partition B -> 909 TINY P1 -> SAMPLE	909Y59RD23	
Wizoo	Platinum24 - Electronic Drums	Partition B -> 909 TINY P1 -> SAMPLE	909Y59RD24	
Wizoo	Platinum24 - Electronic Drums	Partition B -> 909 TINY P2 -> PROGRAM	909 TINY P2	
Wizoo	Platinum24 - Electronic Drums	Partition B -> 909 TINY P2 -> SAMPLE	909Y37RIM1	
Wizoo	Platinum24 - Electronic Drums	Partition B -> 909 TINY P2 -> SAMPLE	909Y37RIM2	
Wizoo	Platinum24 - Electronic Drums	Partition B -> 909 TINY P2 -> SAMPLE	909Y37RIM3	
Wizoo	Platinum24 - Electronic Drums	Partition B -> 909 TINY P2 -> SAMPLE	909Y37RIM4	
Wizoo	Platinum24 - Electronic Drums	Partition B -> 909 TINY P2 -> SAMPLE	909Y37RIM5	
Wizoo	Platinum24 - Electronic Drums	Partition B -> 909 TINY P2 -> SAMPLE	909Y37RIM6	
Wizoo	Platinum24 - Electronic Drums	Partition B -> 909 TINY P2 -> SAMPLE	909Y37RIM7	
Wizoo	Platinum24 - Electronic Drums	Partition B -> 909 TINY P2 -> SAMPLE	909Y37RIM8	
Wizoo	Platinum24 - Electronic Drums	Partition B -> 909 TINY P2 -> SAMPLE	909Y38SN11	
Wizoo	Platinum24 - Electronic Drums	Partition B -> 909 TINY P2 -> SAMPLE	909Y38SN12	
Wizoo	Platinum24 - Electronic Drums	Partition B -> 909 TINY P2 -> SAMPLE	909Y38SN13	
Wizoo	Platinum24 - Electronic Drums	Partition B -> 909 TINY P2 -> SAMPLE	909Y38SN14	
Wizoo	Platinum24 - Electronic Drums	Partition B -> 909 TINY P2 -> SAMPLE	909Y39CLP1	
Wizoo	Platinum24 - Electronic Drums	Partition B -> 909 TINY P2 -> SAMPLE	909Y39CLP2	
Wizoo	Platinum24 - Electronic Drums	Partition B -> 909 TINY P2 -> SAMPLE	909Y39CLP3	
Wizoo	Platinum24 - Electronic Drums	Partition B -> 909 TINY P2 -> SAMPLE	909Y39CLP4	
Wizoo	Platinum24 - Electronic Drums	Partition B -> 909 TINY P2 -> SAMPLE	909Y49CS11	
Wizoo	Platinum24 - Electronic Drums	Partition B -> 909 TINY P2 -> SAMPLE	909Y49CS12	
Wizoo	Platinum24 - Electronic Drums	Partition B -> 909 TINY P2 -> SAMPLE	909Y49CS13	
Wizoo	Platinum24 - Electronic Drums	Partition B -> 909 TINY P2 -> SAMPLE	909Y49CS14	
Wizoo	Platinum24 - Electronic Drums	Partition B -> 909 TINY P2 -> SAMPLE	909Y57CS21	
Wizoo	Platinum24 - Electronic Drums	Partition B -> 909 TINY P2 -> SAMPLE	909Y57CS22	
Wizoo	Platinum24 - Electronic Drums	Partition B -> 909 TINY P2 -> SAMPLE	909Y57CS23	
Wizoo	Platinum24 - Electronic Drums	Partition B -> 909 TINY P2 -> SAMPLE	909Y57CS24	
Wizoo	Platinum24 - Electronic Drums	Partition C -> 808 CLEAN P1 -> PROGRAM	808 CLEAN P1	
Wizoo	Platinum24 - Electronic Drums	Partition C -> 808 CLEAN P1 -> SAMPLE	808C33BD31	
Wizoo	Platinum24 - Electronic Drums	Partition C -> 808 CLEAN P1 -> SAMPLE	808C33BD32	
Wizoo	Platinum24 - Electronic Drums	Partition C -> 808 CLEAN P1 -> SAMPLE	808C33BD33	
Wizoo	Platinum24 - Electronic Drums	Partition C -> 808 CLEAN P1 -> SAMPLE	808C33BD34	
Wizoo	Platinum24 - Electronic Drums	Partition C -> 808 CLEAN P1 -> SAMPLE	808C33BD35	
Wizoo	Platinum24 - Electronic Drums	Partition C -> 808 CLEAN P1 -> SAMPLE	808C33BD36	
Wizoo	Platinum24 - Electronic Drums	Partition C -> 808 CLEAN P1 -> SAMPLE	808C33BD37	
Wizoo	Platinum24 - Electronic Drums	Partition C -> 808 CLEAN P1 -> SAMPLE	808C35BD11	
Wizoo	Platinum24 - Electronic Drums	Partition C -> 808 CLEAN P1 -> SAMPLE	808C35BD12	
Wizoo	Platinum24 - Electronic Drums	Partition C -> 808 CLEAN P1 -> SAMPLE	808C35BD13	
Wizoo	Platinum24 - Electronic Drums	Partition C -> 808 CLEAN P1 -> SAMPLE	808C35BD14	
Wizoo	Platinum24 - Electronic Drums	Partition C -> 808 CLEAN P1 -> SAMPLE	808C35BD15	
Wizoo	Platinum24 - Electronic Drums	Partition C -> 808 CLEAN P1 -> SAMPLE	808C35BD16	
Wizoo	Platinum24 - Electronic Drums	Partition C -> 808 CLEAN P1 -> SAMPLE	808C35BD17	
Wizoo	Platinum24 - Electronic Drums	Partition C -> 808 CLEAN P1 -> SAMPLE	808C35BD18	
Wizoo	Platinum24 - Electronic Drums	Partition C -> 808 CLEAN P1 -> SAMPLE	808C35BD19	
Wizoo	Platinum24 - Electronic Drums	Partition C -> 808 CLEAN P1 -> SAMPLE	808C36BD2A	
Wizoo	Platinum24 - Electronic Drums	Partition C -> 808 CLEAN P1 -> SAMPLE	808C36BD21	
Wizoo	Platinum24 - Electronic Drums	Partition C -> 808 CLEAN P1 -> SAMPLE	808C36BD22	
Wizoo	Platinum24 - Electronic Drums	Partition C -> 808 CLEAN P1 -> SAMPLE	808C36BD23	
Wizoo	Platinum24 - Electronic Drums	Partition C -> 808 CLEAN P1 -> SAMPLE	808C36BD24	
Wizoo	Platinum24 - Electronic Drums	Partition C -> 808 CLEAN P1 -> SAMPLE	808C36BD25	
Wizoo	Platinum24 - Electronic Drums	Partition C -> 808 CLEAN P1 -> SAMPLE	808C36BD26	
Wizoo	Platinum24 - Electronic Drums	Partition C -> 808 CLEAN P1 -> SAMPLE	808C36BD27	
Wizoo	Platinum24 - Electronic Drums	Partition C -> 808 CLEAN P1 -> SAMPLE	808C36BD28	
Wizoo	Platinum24 - Electronic Drums	Partition C -> 808 CLEAN P1 -> SAMPLE	808C36BD29	
Wizoo	Platinum24 - Electronic Drums	Partition C -> 808 CLEAN P1 -> SAMPLE	808C38SN11	
Wizoo	Platinum24 - Electronic Drums	Partition C -> 808 CLEAN P1 -> SAMPLE	808C38SN12	
Wizoo	Platinum24 - Electronic Drums	Partition C -> 808 CLEAN P1 -> SAMPLE	808C38SN13	
Wizoo	Platinum24 - Electronic Drums	Partition C -> 808 CLEAN P1 -> SAMPLE	808C38SN14	
Wizoo	Platinum24 - Electronic Drums	Partition C -> 808 CLEAN P1 -> SAMPLE	808C38SN15	
Wizoo	Platinum24 - Electronic Drums	Partition C -> 808 CLEAN P1 -> SAMPLE	808C38SN16	
Wizoo	Platinum24 - Electronic Drums	Partition C -> 808 CLEAN P1 -> SAMPLE	808C38SN17	
Wizoo	Platinum24 - Electronic Drums	Partition C -> 808 CLEAN P1 -> SAMPLE	808C38SN18	
Wizoo	Platinum24 - Electronic Drums	Partition C -> 808 CLEAN P1 -> SAMPLE	808C38SN19	
Wizoo	Platinum24 - Electronic Drums	Partition C -> 808 CLEAN P1 -> SAMPLE	808C40SN21	
Wizoo	Platinum24 - Electronic Drums	Partition C -> 808 CLEAN P1 -> SAMPLE	808C40SN22	
Wizoo	Platinum24 - Electronic Drums	Partition C -> 808 CLEAN P1 -> SAMPLE	808C40SN23	
Wizoo	Platinum24 - Electronic Drums	Partition C -> 808 CLEAN P1 -> SAMPLE	808C40SN24	
Wizoo	Platinum24 - Electronic Drums	Partition C -> 808 CLEAN P1 -> SAMPLE	808C40SN25	
Wizoo	Platinum24 - Electronic Drums	Partition C -> 808 CLEAN P1 -> SAMPLE	808C40SN26	
Wizoo	Platinum24 - Electronic Drums	Partition C -> 808 CLEAN P1 -> SAMPLE	808C40SN27	
Wizoo	Platinum24 - Electronic Drums	Partition C -> 808 CLEAN P1 -> SAMPLE	808C40SN28	
Wizoo	Platinum24 - Electronic Drums	Partition C -> 808 CLEAN P1 -> SAMPLE	808C40SN29	
Wizoo	Platinum24 - Electronic Drums	Partition C -> 808 CLEAN P1 -> SAMPLE	808C41FTL1	
Wizoo	Platinum24 - Electronic Drums	Partition C -> 808 CLEAN P1 -> SAMPLE	808C41FTL2	
Wizoo	Platinum24 - Electronic Drums	Partition C -> 808 CLEAN P1 -> SAMPLE	808C41FTL3	
Wizoo	Platinum24 - Electronic Drums	Partition C -> 808 CLEAN P1 -> SAMPLE	808C41FTL4	
Wizoo	Platinum24 - Electronic Drums	Partition C -> 808 CLEAN P1 -> SAMPLE	808C41FTL5	
Wizoo	Platinum24 - Electronic Drums	Partition C -> 808 CLEAN P1 -> SAMPLE	808C41FTL6	
Wizoo	Platinum24 - Electronic Drums	Partition C -> 808 CLEAN P1 -> SAMPLE	808C42CHH1	
Wizoo	Platinum24 - Electronic Drums	Partition C -> 808 CLEAN P1 -> SAMPLE	808C42CHH2	
Wizoo	Platinum24 - Electronic Drums	Partition C -> 808 CLEAN P1 -> SAMPLE	808C42CHH3	
Wizoo	Platinum24 - Electronic Drums	Partition C -> 808 CLEAN P1 -> SAMPLE	808C42CHH4	
Wizoo	Platinum24 - Electronic Drums	Partition C -> 808 CLEAN P1 -> SAMPLE	808C42CHH5	
Wizoo	Platinum24 - Electronic Drums	Partition C -> 808 CLEAN P1 -> SAMPLE	808C42CHH6	
Wizoo	Platinum24 - Electronic Drums	Partition C -> 808 CLEAN P1 -> SAMPLE	808C42CHH7	
Wizoo	Platinum24 - Electronic Drums	Partition C -> 808 CLEAN P1 -> SAMPLE	808C42CHH8	
Wizoo	Platinum24 - Electronic Drums	Partition C -> 808 CLEAN P1 -> SAMPLE	808C43FTH1	
Wizoo	Platinum24 - Electronic Drums	Partition C -> 808 CLEAN P1 -> SAMPLE	808C43FTH2	
Wizoo	Platinum24 - Electronic Drums	Partition C -> 808 CLEAN P1 -> SAMPLE	808C43FTH3	
Wizoo	Platinum24 - Electronic Drums	Partition C -> 808 CLEAN P1 -> SAMPLE	808C43FTH4	
Wizoo	Platinum24 - Electronic Drums	Partition C -> 808 CLEAN P1 -> SAMPLE	808C43FTH5	
Wizoo	Platinum24 - Electronic Drums	Partition C -> 808 CLEAN P1 -> SAMPLE	808C43FTH6	
Wizoo	Platinum24 - Electronic Drums	Partition C -> 808 CLEAN P1 -> SAMPLE	808C44PHH1	
Wizoo	Platinum24 - Electronic Drums	Partition C -> 808 CLEAN P1 -> SAMPLE	808C44PHH2	
Wizoo	Platinum24 - Electronic Drums	Partition C -> 808 CLEAN P1 -> SAMPLE	808C44PHH3	
Wizoo	Platinum24 - Electronic Drums	Partition C -> 808 CLEAN P1 -> SAMPLE	808C44PHH4	
Wizoo	Platinum24 - Electronic Drums	Partition C -> 808 CLEAN P1 -> SAMPLE	808C44PHH5	
Wizoo	Platinum24 - Electronic Drums	Partition C -> 808 CLEAN P1 -> SAMPLE	808C44PHH6	
Wizoo	Platinum24 - Electronic Drums	Partition C -> 808 CLEAN P1 -> SAMPLE	808C44PHH7	
Wizoo	Platinum24 - Electronic Drums	Partition C -> 808 CLEAN P1 -> SAMPLE	808C44PHH8	
Wizoo	Platinum24 - Electronic Drums	Partition C -> 808 CLEAN P1 -> SAMPLE	808C44PHH9	
Wizoo	Platinum24 - Electronic Drums	Partition C -> 808 CLEAN P1 -> SAMPLE	808C45MTL1	
Wizoo	Platinum24 - Electronic Drums	Partition C -> 808 CLEAN P1 -> SAMPLE	808C45MTL2	
Wizoo	Platinum24 - Electronic Drums	Partition C -> 808 CLEAN P1 -> SAMPLE	808C45MTL3	
Wizoo	Platinum24 - Electronic Drums	Partition C -> 808 CLEAN P1 -> SAMPLE	808C45MTL4	
Wizoo	Platinum24 - Electronic Drums	Partition C -> 808 CLEAN P1 -> SAMPLE	808C45MTL5	
Wizoo	Platinum24 - Electronic Drums	Partition C -> 808 CLEAN P1 -> SAMPLE	808C45MTL6	
Wizoo	Platinum24 - Electronic Drums	Partition C -> 808 CLEAN P1 -> SAMPLE	808C45MTL7	
Wizoo	Platinum24 - Electronic Drums	Partition C -> 808 CLEAN P1 -> SAMPLE	808C46OHH1	
Wizoo	Platinum24 - Electronic Drums	Partition C -> 808 CLEAN P1 -> SAMPLE	808C46OHH2	
Wizoo	Platinum24 - Electronic Drums	Partition C -> 808 CLEAN P1 -> SAMPLE	808C46OHH3	
Wizoo	Platinum24 - Electronic Drums	Partition C -> 808 CLEAN P1 -> SAMPLE	808C46OHH4	
Wizoo	Platinum24 - Electronic Drums	Partition C -> 808 CLEAN P1 -> SAMPLE	808C46OHH5	
Wizoo	Platinum24 - Electronic Drums	Partition C -> 808 CLEAN P1 -> SAMPLE	808C46OHH6	
Wizoo	Platinum24 - Electronic Drums	Partition C -> 808 CLEAN P1 -> SAMPLE	808C47MTH1	
Wizoo	Platinum24 - Electronic Drums	Partition C -> 808 CLEAN P1 -> SAMPLE	808C47MTH2	
Wizoo	Platinum24 - Electronic Drums	Partition C -> 808 CLEAN P1 -> SAMPLE	808C47MTH3	
Wizoo	Platinum24 - Electronic Drums	Partition C -> 808 CLEAN P1 -> SAMPLE	808C47MTH4	
Wizoo	Platinum24 - Electronic Drums	Partition C -> 808 CLEAN P1 -> SAMPLE	808C47MTH5	
Wizoo	Platinum24 - Electronic Drums	Partition C -> 808 CLEAN P1 -> SAMPLE	808C47MTH6	
Wizoo	Platinum24 - Electronic Drums	Partition C -> 808 CLEAN P1 -> SAMPLE	808C48HTL1	
Wizoo	Platinum24 - Electronic Drums	Partition C -> 808 CLEAN P1 -> SAMPLE	808C48HTL2	
Wizoo	Platinum24 - Electronic Drums	Partition C -> 808 CLEAN P1 -> SAMPLE	808C48HTL3	
Wizoo	Platinum24 - Electronic Drums	Partition C -> 808 CLEAN P1 -> SAMPLE	808C48HTL4	
Wizoo	Platinum24 - Electronic Drums	Partition C -> 808 CLEAN P1 -> SAMPLE	808C48HTL5	
Wizoo	Platinum24 - Electronic Drums	Partition C -> 808 CLEAN P1 -> SAMPLE	808C48HTL6	
Wizoo	Platinum24 - Electronic Drums	Partition C -> 808 CLEAN P1 -> SAMPLE	808C50HTH1	
Wizoo	Platinum24 - Electronic Drums	Partition C -> 808 CLEAN P1 -> SAMPLE	808C50HTH2	
Wizoo	Platinum24 - Electronic Drums	Partition C -> 808 CLEAN P1 -> SAMPLE	808C50HTH3	
Wizoo	Platinum24 - Electronic Drums	Partition C -> 808 CLEAN P1 -> SAMPLE	808C50HTH4	
Wizoo	Platinum24 - Electronic Drums	Partition C -> 808 CLEAN P1 -> SAMPLE	808C50HTH5	
Wizoo	Platinum24 - Electronic Drums	Partition C -> 808 CLEAN P1 -> SAMPLE	808C50HTH6	
Wizoo	Platinum24 - Electronic Drums	Partition C -> 808 CLEAN P1 -> SAMPLE	808C50HTH7	
Wizoo	Platinum24 - Electronic Drums	Partition C -> 808 CLEAN P2 -> PROGRAM	808 CLEAN P2	
Wizoo	Platinum24 - Electronic Drums	Partition C -> 808 CLEAN P2 -> SAMPLE	808C37RIM1	
Wizoo	Platinum24 - Electronic Drums	Partition C -> 808 CLEAN P2 -> SAMPLE	808C37RIM2	
Wizoo	Platinum24 - Electronic Drums	Partition C -> 808 CLEAN P2 -> SAMPLE	808C37RIM3	
Wizoo	Platinum24 - Electronic Drums	Partition C -> 808 CLEAN P2 -> SAMPLE	808C37RIM4	
Wizoo	Platinum24 - Electronic Drums	Partition C -> 808 CLEAN P2 -> SAMPLE	808C37RIM5	
Wizoo	Platinum24 - Electronic Drums	Partition C -> 808 CLEAN P2 -> SAMPLE	808C37RIM6	
Wizoo	Platinum24 - Electronic Drums	Partition C -> 808 CLEAN P2 -> SAMPLE	808C37RIM7	
Wizoo	Platinum24 - Electronic Drums	Partition C -> 808 CLEAN P2 -> SAMPLE	808C38SN11	
Wizoo	Platinum24 - Electronic Drums	Partition C -> 808 CLEAN P2 -> SAMPLE	808C38SN12	
Wizoo	Platinum24 - Electronic Drums	Partition C -> 808 CLEAN P2 -> SAMPLE	808C38SN13	
Wizoo	Platinum24 - Electronic Drums	Partition C -> 808 CLEAN P2 -> SAMPLE	808C38SN14	
Wizoo	Platinum24 - Electronic Drums	Partition C -> 808 CLEAN P2 -> SAMPLE	808C39CLP1	
Wizoo	Platinum24 - Electronic Drums	Partition C -> 808 CLEAN P2 -> SAMPLE	808C39CLP2	
Wizoo	Platinum24 - Electronic Drums	Partition C -> 808 CLEAN P2 -> SAMPLE	808C39CLP3	
Wizoo	Platinum24 - Electronic Drums	Partition C -> 808 CLEAN P2 -> SAMPLE	808C39CLP4	
Wizoo	Platinum24 - Electronic Drums	Partition C -> 808 CLEAN P2 -> SAMPLE	808C39CLP5	
Wizoo	Platinum24 - Electronic Drums	Partition C -> 808 CLEAN P2 -> SAMPLE	808C39CLP6	
Wizoo	Platinum24 - Electronic Drums	Partition C -> 808 CLEAN P2 -> SAMPLE	808C39CLP7	
Wizoo	Platinum24 - Electronic Drums	Partition C -> 808 CLEAN P2 -> SAMPLE	808C39CLP8	
Wizoo	Platinum24 - Electronic Drums	Partition C -> 808 CLEAN P2 -> SAMPLE	808C44PHH1	
Wizoo	Platinum24 - Electronic Drums	Partition C -> 808 CLEAN P2 -> SAMPLE	808C44PHH2	
Wizoo	Platinum24 - Electronic Drums	Partition C -> 808 CLEAN P2 -> SAMPLE	808C44PHH3	
Wizoo	Platinum24 - Electronic Drums	Partition C -> 808 CLEAN P2 -> SAMPLE	808C44PHH4	
Wizoo	Platinum24 - Electronic Drums	Partition C -> 808 CLEAN P2 -> SAMPLE	808C49CYL1	
Wizoo	Platinum24 - Electronic Drums	Partition C -> 808 CLEAN P2 -> SAMPLE	808C49CYL2	
Wizoo	Platinum24 - Electronic Drums	Partition C -> 808 CLEAN P2 -> SAMPLE	808C49CYL3	
Wizoo	Platinum24 - Electronic Drums	Partition C -> 808 CLEAN P2 -> SAMPLE	808C49CYL4	
Wizoo	Platinum24 - Electronic Drums	Partition C -> 808 CLEAN P2 -> SAMPLE	808C49CYL5	
Wizoo	Platinum24 - Electronic Drums	Partition C -> 808 CLEAN P2 -> SAMPLE	808C49CYL6	
Wizoo	Platinum24 - Electronic Drums	Partition C -> 808 CLEAN P2 -> SAMPLE	808C49CYL7	
Wizoo	Platinum24 - Electronic Drums	Partition C -> 808 CLEAN P2 -> SAMPLE	808C51CYM1	
Wizoo	Platinum24 - Electronic Drums	Partition C -> 808 CLEAN P2 -> SAMPLE	808C51CYM2	
Wizoo	Platinum24 - Electronic Drums	Partition C -> 808 CLEAN P2 -> SAMPLE	808C51CYM3	
Wizoo	Platinum24 - Electronic Drums	Partition C -> 808 CLEAN P2 -> SAMPLE	808C51CYM4	
Wizoo	Platinum24 - Electronic Drums	Partition C -> 808 CLEAN P2 -> SAMPLE	808C51CYM5	
Wizoo	Platinum24 - Electronic Drums	Partition C -> 808 CLEAN P2 -> SAMPLE	808C51CYM6	
Wizoo	Platinum24 - Electronic Drums	Partition C -> 808 CLEAN P2 -> SAMPLE	808C52CYH1	
Wizoo	Platinum24 - Electronic Drums	Partition C -> 808 CLEAN P2 -> SAMPLE	808C52CYH2	
Wizoo	Platinum24 - Electronic Drums	Partition C -> 808 CLEAN P2 -> SAMPLE	808C52CYH3	
Wizoo	Platinum24 - Electronic Drums	Partition C -> 808 CLEAN P2 -> SAMPLE	808C52CYH4	
Wizoo	Platinum24 - Electronic Drums	Partition C -> 808 CLEAN P2 -> SAMPLE	808C52CYH5	
Wizoo	Platinum24 - Electronic Drums	Partition C -> 808 CLEAN P2 -> SAMPLE	808C52CYH6	
Wizoo	Platinum24 - Electronic Drums	Partition C -> 808 CLEAN P2 -> SAMPLE	808C56CB11	
Wizoo	Platinum24 - Electronic Drums	Partition C -> 808 CLEAN P2 -> SAMPLE	808C56CB12	
Wizoo	Platinum24 - Electronic Drums	Partition C -> 808 CLEAN P2 -> SAMPLE	808C56CB13	
Wizoo	Platinum24 - Electronic Drums	Partition C -> 808 CLEAN P2 -> SAMPLE	808C56CB14	
Wizoo	Platinum24 - Electronic Drums	Partition C -> 808 CLEAN P2 -> SAMPLE	808C56CB15	
Wizoo	Platinum24 - Electronic Drums	Partition C -> 808 CLEAN P2 -> SAMPLE	808C56CB16	
Wizoo	Platinum24 - Electronic Drums	Partition C -> 808 CLEAN P2 -> SAMPLE	808C56CB17	
Wizoo	Platinum24 - Electronic Drums	Partition C -> 808 CLEAN P2 -> SAMPLE	808C62LCL1	
Wizoo	Platinum24 - Electronic Drums	Partition C -> 808 CLEAN P2 -> SAMPLE	808C62LCL2	
Wizoo	Platinum24 - Electronic Drums	Partition C -> 808 CLEAN P2 -> SAMPLE	808C62LCL3	
Wizoo	Platinum24 - Electronic Drums	Partition C -> 808 CLEAN P2 -> SAMPLE	808C62LCL4	
Wizoo	Platinum24 - Electronic Drums	Partition C -> 808 CLEAN P2 -> SAMPLE	808C62LCL5	
Wizoo	Platinum24 - Electronic Drums	Partition C -> 808 CLEAN P2 -> SAMPLE	808C63LCH1	
Wizoo	Platinum24 - Electronic Drums	Partition C -> 808 CLEAN P2 -> SAMPLE	808C63LCH2	
Wizoo	Platinum24 - Electronic Drums	Partition C -> 808 CLEAN P2 -> SAMPLE	808C63LCH3	
Wizoo	Platinum24 - Electronic Drums	Partition C -> 808 CLEAN P2 -> SAMPLE	808C63LCH4	
Wizoo	Platinum24 - Electronic Drums	Partition C -> 808 CLEAN P2 -> SAMPLE	808C63LCH5	
Wizoo	Platinum24 - Electronic Drums	Partition C -> 808 CLEAN P2 -> SAMPLE	808C64MCL1	
Wizoo	Platinum24 - Electronic Drums	Partition C -> 808 CLEAN P2 -> SAMPLE	808C64MCL2	
Wizoo	Platinum24 - Electronic Drums	Partition C -> 808 CLEAN P2 -> SAMPLE	808C64MCL3	
Wizoo	Platinum24 - Electronic Drums	Partition C -> 808 CLEAN P2 -> SAMPLE	808C64MCL4	
Wizoo	Platinum24 - Electronic Drums	Partition C -> 808 CLEAN P2 -> SAMPLE	808C64MCL5	
Wizoo	Platinum24 - Electronic Drums	Partition C -> 808 CLEAN P2 -> SAMPLE	808C64MCL6	
Wizoo	Platinum24 - Electronic Drums	Partition C -> 808 CLEAN P2 -> SAMPLE	808C65MCH1	
Wizoo	Platinum24 - Electronic Drums	Partition C -> 808 CLEAN P2 -> SAMPLE	808C65MCH2	
Wizoo	Platinum24 - Electronic Drums	Partition C -> 808 CLEAN P2 -> SAMPLE	808C65MCH3	
Wizoo	Platinum24 - Electronic Drums	Partition C -> 808 CLEAN P2 -> SAMPLE	808C65MCH4	
Wizoo	Platinum24 - Electronic Drums	Partition C -> 808 CLEAN P2 -> SAMPLE	808C65MCH5	
Wizoo	Platinum24 - Electronic Drums	Partition C -> 808 CLEAN P2 -> SAMPLE	808C65MCH6	
Wizoo	Platinum24 - Electronic Drums	Partition C -> 808 CLEAN P2 -> SAMPLE	808C65MCH7	
Wizoo	Platinum24 - Electronic Drums	Partition C -> 808 CLEAN P2 -> SAMPLE	808C66HCL1	
Wizoo	Platinum24 - Electronic Drums	Partition C -> 808 CLEAN P2 -> SAMPLE	808C66HCL2	
Wizoo	Platinum24 - Electronic Drums	Partition C -> 808 CLEAN P2 -> SAMPLE	808C66HCL3	
Wizoo	Platinum24 - Electronic Drums	Partition C -> 808 CLEAN P2 -> SAMPLE	808C66HCL4	
Wizoo	Platinum24 - Electronic Drums	Partition C -> 808 CLEAN P2 -> SAMPLE	808C66HCL5	
Wizoo	Platinum24 - Electronic Drums	Partition C -> 808 CLEAN P2 -> SAMPLE	808C67HCH1	
Wizoo	Platinum24 - Electronic Drums	Partition C -> 808 CLEAN P2 -> SAMPLE	808C67HCH2	
Wizoo	Platinum24 - Electronic Drums	Partition C -> 808 CLEAN P2 -> SAMPLE	808C67HCH3	
Wizoo	Platinum24 - Electronic Drums	Partition C -> 808 CLEAN P2 -> SAMPLE	808C67HCH4	
Wizoo	Platinum24 - Electronic Drums	Partition C -> 808 CLEAN P2 -> SAMPLE	808C67HCH5	
Wizoo	Platinum24 - Electronic Drums	Partition C -> 808 CLEAN P2 -> SAMPLE	808C70MA11	
Wizoo	Platinum24 - Electronic Drums	Partition C -> 808 CLEAN P2 -> SAMPLE	808C70MA12	
Wizoo	Platinum24 - Electronic Drums	Partition C -> 808 CLEAN P2 -> SAMPLE	808C70MA13	
Wizoo	Platinum24 - Electronic Drums	Partition C -> 808 CLEAN P2 -> SAMPLE	808C70MA14	
Wizoo	Platinum24 - Electronic Drums	Partition C -> 808 CLEAN P2 -> SAMPLE	808C70MA15	
Wizoo	Platinum24 - Electronic Drums	Partition C -> 808 CLEAN P2 -> SAMPLE	808C70MA16	
Wizoo	Platinum24 - Electronic Drums	Partition C -> 808 CLEAN P2 -> SAMPLE	808C70MA18	
Wizoo	Platinum24 - Electronic Drums	Partition C -> 808 CLEAN P2 -> SAMPLE	808C75CLV1	
Wizoo	Platinum24 - Electronic Drums	Partition C -> 808 CLEAN P2 -> SAMPLE	808C75CLV2	
Wizoo	Platinum24 - Electronic Drums	Partition C -> 808 CLEAN P2 -> SAMPLE	808C75CLV3	
Wizoo	Platinum24 - Electronic Drums	Partition C -> 808 CLEAN P2 -> SAMPLE	808C75CLV4	
Wizoo	Platinum24 - Electronic Drums	Partition C -> 808 CLEAN P2 -> SAMPLE	808C75CLV5	
Wizoo	Platinum24 - Electronic Drums	Partition C -> 808 CLEAN P2 -> SAMPLE	808C75CLV6	
Wizoo	Platinum24 - Electronic Drums	Partition C -> 808 DRIVE P1 -> PROGRAM	808 DRIVE P1	
Wizoo	Platinum24 - Electronic Drums	Partition C -> 808 DRIVE P1 -> SAMPLE	808O33BD3A	
Wizoo	Platinum24 - Electronic Drums	Partition C -> 808 DRIVE P1 -> SAMPLE	808O33BD31	
Wizoo	Platinum24 - Electronic Drums	Partition C -> 808 DRIVE P1 -> SAMPLE	808O33BD32	
Wizoo	Platinum24 - Electronic Drums	Partition C -> 808 DRIVE P1 -> SAMPLE	808O33BD33	
Wizoo	Platinum24 - Electronic Drums	Partition C -> 808 DRIVE P1 -> SAMPLE	808O33BD34	
Wizoo	Platinum24 - Electronic Drums	Partition C -> 808 DRIVE P1 -> SAMPLE	808O33BD35	
Wizoo	Platinum24 - Electronic Drums	Partition C -> 808 DRIVE P1 -> SAMPLE	808O33BD36	
Wizoo	Platinum24 - Electronic Drums	Partition C -> 808 DRIVE P1 -> SAMPLE	808O33BD37	
Wizoo	Platinum24 - Electronic Drums	Partition C -> 808 DRIVE P1 -> SAMPLE	808O33BD38	
Wizoo	Platinum24 - Electronic Drums	Partition C -> 808 DRIVE P1 -> SAMPLE	808O33BD39	
Wizoo	Platinum24 - Electronic Drums	Partition C -> 808 DRIVE P1 -> SAMPLE	808O35BD11	
Wizoo	Platinum24 - Electronic Drums	Partition C -> 808 DRIVE P1 -> SAMPLE	808O35BD12	
Wizoo	Platinum24 - Electronic Drums	Partition C -> 808 DRIVE P1 -> SAMPLE	808O35BD13	
Wizoo	Platinum24 - Electronic Drums	Partition C -> 808 DRIVE P1 -> SAMPLE	808O35BD14	
Wizoo	Platinum24 - Electronic Drums	Partition C -> 808 DRIVE P1 -> SAMPLE	808O35BD15	
Wizoo	Platinum24 - Electronic Drums	Partition C -> 808 DRIVE P1 -> SAMPLE	808O35BD16	
Wizoo	Platinum24 - Electronic Drums	Partition C -> 808 DRIVE P1 -> SAMPLE	808O35BD17	
Wizoo	Platinum24 - Electronic Drums	Partition C -> 808 DRIVE P1 -> SAMPLE	808O35BD18	
Wizoo	Platinum24 - Electronic Drums	Partition C -> 808 DRIVE P1 -> SAMPLE	808O35BD19	
Wizoo	Platinum24 - Electronic Drums	Partition C -> 808 DRIVE P1 -> SAMPLE	808O36BD21	
Wizoo	Platinum24 - Electronic Drums	Partition C -> 808 DRIVE P1 -> SAMPLE	808O36BD22	
Wizoo	Platinum24 - Electronic Drums	Partition C -> 808 DRIVE P1 -> SAMPLE	808O36BD23	
Wizoo	Platinum24 - Electronic Drums	Partition C -> 808 DRIVE P1 -> SAMPLE	808O36BD24	
Wizoo	Platinum24 - Electronic Drums	Partition C -> 808 DRIVE P1 -> SAMPLE	808O36BD25	
Wizoo	Platinum24 - Electronic Drums	Partition C -> 808 DRIVE P1 -> SAMPLE	808O36BD26	
Wizoo	Platinum24 - Electronic Drums	Partition C -> 808 DRIVE P1 -> SAMPLE	808O36BD27	
Wizoo	Platinum24 - Electronic Drums	Partition C -> 808 DRIVE P1 -> SAMPLE	808O36BD28	
Wizoo	Platinum24 - Electronic Drums	Partition C -> 808 DRIVE P1 -> SAMPLE	808O36BD29	
Wizoo	Platinum24 - Electronic Drums	Partition C -> 808 DRIVE P1 -> SAMPLE	808O38SN11	
Wizoo	Platinum24 - Electronic Drums	Partition C -> 808 DRIVE P1 -> SAMPLE	808O38SN12	
Wizoo	Platinum24 - Electronic Drums	Partition C -> 808 DRIVE P1 -> SAMPLE	808O38SN13	
Wizoo	Platinum24 - Electronic Drums	Partition C -> 808 DRIVE P1 -> SAMPLE	808O38SN14	
Wizoo	Platinum24 - Electronic Drums	Partition C -> 808 DRIVE P1 -> SAMPLE	808O38SN15	
Wizoo	Platinum24 - Electronic Drums	Partition C -> 808 DRIVE P1 -> SAMPLE	808O38SN16	
Wizoo	Platinum24 - Electronic Drums	Partition C -> 808 DRIVE P1 -> SAMPLE	808O38SN17	
Wizoo	Platinum24 - Electronic Drums	Partition C -> 808 DRIVE P1 -> SAMPLE	808O38SN18	
Wizoo	Platinum24 - Electronic Drums	Partition C -> 808 DRIVE P1 -> SAMPLE	808O38SN19	
Wizoo	Platinum24 - Electronic Drums	Partition C -> 808 DRIVE P1 -> SAMPLE	808O40SN21	
Wizoo	Platinum24 - Electronic Drums	Partition C -> 808 DRIVE P1 -> SAMPLE	808O40SN22	
Wizoo	Platinum24 - Electronic Drums	Partition C -> 808 DRIVE P1 -> SAMPLE	808O40SN23	
Wizoo	Platinum24 - Electronic Drums	Partition C -> 808 DRIVE P1 -> SAMPLE	808O40SN24	
Wizoo	Platinum24 - Electronic Drums	Partition C -> 808 DRIVE P1 -> SAMPLE	808O40SN25	
Wizoo	Platinum24 - Electronic Drums	Partition C -> 808 DRIVE P1 -> SAMPLE	808O40SN26	
Wizoo	Platinum24 - Electronic Drums	Partition C -> 808 DRIVE P1 -> SAMPLE	808O40SN27	
Wizoo	Platinum24 - Electronic Drums	Partition C -> 808 DRIVE P1 -> SAMPLE	808O40SN28	
Wizoo	Platinum24 - Electronic Drums	Partition C -> 808 DRIVE P1 -> SAMPLE	808O40SN29	
Wizoo	Platinum24 - Electronic Drums	Partition C -> 808 DRIVE P1 -> SAMPLE	808O41FTL1	
Wizoo	Platinum24 - Electronic Drums	Partition C -> 808 DRIVE P1 -> SAMPLE	808O41FTL2	
Wizoo	Platinum24 - Electronic Drums	Partition C -> 808 DRIVE P1 -> SAMPLE	808O41FTL3	
Wizoo	Platinum24 - Electronic Drums	Partition C -> 808 DRIVE P1 -> SAMPLE	808O41FTL4	
Wizoo	Platinum24 - Electronic Drums	Partition C -> 808 DRIVE P1 -> SAMPLE	808O42CHH1	
Wizoo	Platinum24 - Electronic Drums	Partition C -> 808 DRIVE P1 -> SAMPLE	808O42CHH2	
Wizoo	Platinum24 - Electronic Drums	Partition C -> 808 DRIVE P1 -> SAMPLE	808O42CHH3	
Wizoo	Platinum24 - Electronic Drums	Partition C -> 808 DRIVE P1 -> SAMPLE	808O42CHH4	
Wizoo	Platinum24 - Electronic Drums	Partition C -> 808 DRIVE P1 -> SAMPLE	808O42CHH5	
Wizoo	Platinum24 - Electronic Drums	Partition C -> 808 DRIVE P1 -> SAMPLE	808O42CHH6	
Wizoo	Platinum24 - Electronic Drums	Partition C -> 808 DRIVE P1 -> SAMPLE	808O42CHH7	
Wizoo	Platinum24 - Electronic Drums	Partition C -> 808 DRIVE P1 -> SAMPLE	808O42CHH8	
Wizoo	Platinum24 - Electronic Drums	Partition C -> 808 DRIVE P1 -> SAMPLE	808O42CHH9	
Wizoo	Platinum24 - Electronic Drums	Partition C -> 808 DRIVE P1 -> SAMPLE	808O42CHHA	
Wizoo	Platinum24 - Electronic Drums	Partition C -> 808 DRIVE P1 -> SAMPLE	808O43FTH1	
Wizoo	Platinum24 - Electronic Drums	Partition C -> 808 DRIVE P1 -> SAMPLE	808O43FTH2	
Wizoo	Platinum24 - Electronic Drums	Partition C -> 808 DRIVE P1 -> SAMPLE	808O43FTH3	
Wizoo	Platinum24 - Electronic Drums	Partition C -> 808 DRIVE P1 -> SAMPLE	808O43FTH4	
Wizoo	Platinum24 - Electronic Drums	Partition C -> 808 DRIVE P1 -> SAMPLE	808O44PHH1	
Wizoo	Platinum24 - Electronic Drums	Partition C -> 808 DRIVE P1 -> SAMPLE	808O44PHH2	
Wizoo	Platinum24 - Electronic Drums	Partition C -> 808 DRIVE P1 -> SAMPLE	808O44PHH3	
Wizoo	Platinum24 - Electronic Drums	Partition C -> 808 DRIVE P1 -> SAMPLE	808O44PHH4	
Wizoo	Platinum24 - Electronic Drums	Partition C -> 808 DRIVE P1 -> SAMPLE	808O44PHH5	
Wizoo	Platinum24 - Electronic Drums	Partition C -> 808 DRIVE P1 -> SAMPLE	808O44PHH6	
Wizoo	Platinum24 - Electronic Drums	Partition C -> 808 DRIVE P1 -> SAMPLE	808O44PHH7	
Wizoo	Platinum24 - Electronic Drums	Partition C -> 808 DRIVE P1 -> SAMPLE	808O44PHH8	
Wizoo	Platinum24 - Electronic Drums	Partition C -> 808 DRIVE P1 -> SAMPLE	808O44PHH9	
Wizoo	Platinum24 - Electronic Drums	Partition C -> 808 DRIVE P1 -> SAMPLE	808O45MTL1	
Wizoo	Platinum24 - Electronic Drums	Partition C -> 808 DRIVE P1 -> SAMPLE	808O45MTL2	
Wizoo	Platinum24 - Electronic Drums	Partition C -> 808 DRIVE P1 -> SAMPLE	808O45MTL3	
Wizoo	Platinum24 - Electronic Drums	Partition C -> 808 DRIVE P1 -> SAMPLE	808O45MTL4	
Wizoo	Platinum24 - Electronic Drums	Partition C -> 808 DRIVE P1 -> SAMPLE	808O46OHH1	
Wizoo	Platinum24 - Electronic Drums	Partition C -> 808 DRIVE P1 -> SAMPLE	808O46OHH2	
Wizoo	Platinum24 - Electronic Drums	Partition C -> 808 DRIVE P1 -> SAMPLE	808O46OHH3	
Wizoo	Platinum24 - Electronic Drums	Partition C -> 808 DRIVE P1 -> SAMPLE	808O46OHH4	
Wizoo	Platinum24 - Electronic Drums	Partition C -> 808 DRIVE P1 -> SAMPLE	808O46OHH5	
Wizoo	Platinum24 - Electronic Drums	Partition C -> 808 DRIVE P1 -> SAMPLE	808O46OHH6	
Wizoo	Platinum24 - Electronic Drums	Partition C -> 808 DRIVE P1 -> SAMPLE	808O46OHH7	
Wizoo	Platinum24 - Electronic Drums	Partition C -> 808 DRIVE P1 -> SAMPLE	808O46OHH8	
Wizoo	Platinum24 - Electronic Drums	Partition C -> 808 DRIVE P1 -> SAMPLE	808O46OHH9	
Wizoo	Platinum24 - Electronic Drums	Partition C -> 808 DRIVE P1 -> SAMPLE	808O46OHHA	
Wizoo	Platinum24 - Electronic Drums	Partition C -> 808 DRIVE P1 -> SAMPLE	808O47MTH1	
Wizoo	Platinum24 - Electronic Drums	Partition C -> 808 DRIVE P1 -> SAMPLE	808O47MTH2	
Wizoo	Platinum24 - Electronic Drums	Partition C -> 808 DRIVE P1 -> SAMPLE	808O47MTH3	
Wizoo	Platinum24 - Electronic Drums	Partition C -> 808 DRIVE P1 -> SAMPLE	808O47MTH4	
Wizoo	Platinum24 - Electronic Drums	Partition C -> 808 DRIVE P1 -> SAMPLE	808O48HTL1	
Wizoo	Platinum24 - Electronic Drums	Partition C -> 808 DRIVE P1 -> SAMPLE	808O48HTL2	
Wizoo	Platinum24 - Electronic Drums	Partition C -> 808 DRIVE P1 -> SAMPLE	808O48HTL3	
Wizoo	Platinum24 - Electronic Drums	Partition C -> 808 DRIVE P1 -> SAMPLE	808O48HTL4	
Wizoo	Platinum24 - Electronic Drums	Partition C -> 808 DRIVE P1 -> SAMPLE	808O50HTH1	
Wizoo	Platinum24 - Electronic Drums	Partition C -> 808 DRIVE P1 -> SAMPLE	808O50HTH2	
Wizoo	Platinum24 - Electronic Drums	Partition C -> 808 DRIVE P1 -> SAMPLE	808O50HTH3	
Wizoo	Platinum24 - Electronic Drums	Partition C -> 808 DRIVE P1 -> SAMPLE	808O50HTH4	
Wizoo	Platinum24 - Electronic Drums	Partition C -> 808 DRIVE P2 -> PROGRAM	808 DRIVE P2	
Wizoo	Platinum24 - Electronic Drums	Partition C -> 808 DRIVE P2 -> SAMPLE	808O37RIM1	
Wizoo	Platinum24 - Electronic Drums	Partition C -> 808 DRIVE P2 -> SAMPLE	808O37RIM2	
Wizoo	Platinum24 - Electronic Drums	Partition C -> 808 DRIVE P2 -> SAMPLE	808O37RIM3	
Wizoo	Platinum24 - Electronic Drums	Partition C -> 808 DRIVE P2 -> SAMPLE	808O37RIM4	
Wizoo	Platinum24 - Electronic Drums	Partition C -> 808 DRIVE P2 -> SAMPLE	808O37RIM5	
Wizoo	Platinum24 - Electronic Drums	Partition C -> 808 DRIVE P2 -> SAMPLE	808O37RIM6	
Wizoo	Platinum24 - Electronic Drums	Partition C -> 808 DRIVE P2 -> SAMPLE	808O38SN11	
Wizoo	Platinum24 - Electronic Drums	Partition C -> 808 DRIVE P2 -> SAMPLE	808O38SN12	
Wizoo	Platinum24 - Electronic Drums	Partition C -> 808 DRIVE P2 -> SAMPLE	808O38SN13	
Wizoo	Platinum24 - Electronic Drums	Partition C -> 808 DRIVE P2 -> SAMPLE	808O39CLP1	
Wizoo	Platinum24 - Electronic Drums	Partition C -> 808 DRIVE P2 -> SAMPLE	808O39CLP2	
Wizoo	Platinum24 - Electronic Drums	Partition C -> 808 DRIVE P2 -> SAMPLE	808O39CLP3	
Wizoo	Platinum24 - Electronic Drums	Partition C -> 808 DRIVE P2 -> SAMPLE	808O39CLP4	
Wizoo	Platinum24 - Electronic Drums	Partition C -> 808 DRIVE P2 -> SAMPLE	808O39CLP5	
Wizoo	Platinum24 - Electronic Drums	Partition C -> 808 DRIVE P2 -> SAMPLE	808O39CLP6	
Wizoo	Platinum24 - Electronic Drums	Partition C -> 808 DRIVE P2 -> SAMPLE	808O39CLP7	
Wizoo	Platinum24 - Electronic Drums	Partition C -> 808 DRIVE P2 -> SAMPLE	808O39CLP8	
Wizoo	Platinum24 - Electronic Drums	Partition C -> 808 DRIVE P2 -> SAMPLE	808O39CLP9	
Wizoo	Platinum24 - Electronic Drums	Partition C -> 808 DRIVE P2 -> SAMPLE	808O44PHH1	
Wizoo	Platinum24 - Electronic Drums	Partition C -> 808 DRIVE P2 -> SAMPLE	808O44PHH2	
Wizoo	Platinum24 - Electronic Drums	Partition C -> 808 DRIVE P2 -> SAMPLE	808O44PHH3	
Wizoo	Platinum24 - Electronic Drums	Partition C -> 808 DRIVE P2 -> SAMPLE	808O44PHH4	
Wizoo	Platinum24 - Electronic Drums	Partition C -> 808 DRIVE P2 -> SAMPLE	808O49CY11	
Wizoo	Platinum24 - Electronic Drums	Partition C -> 808 DRIVE P2 -> SAMPLE	808O49CY12	
Wizoo	Platinum24 - Electronic Drums	Partition C -> 808 DRIVE P2 -> SAMPLE	808O49CY13	
Wizoo	Platinum24 - Electronic Drums	Partition C -> 808 DRIVE P2 -> SAMPLE	808O49CY14	
Wizoo	Platinum24 - Electronic Drums	Partition C -> 808 DRIVE P2 -> SAMPLE	808O49CY15	
Wizoo	Platinum24 - Electronic Drums	Partition C -> 808 DRIVE P2 -> SAMPLE	808O51CY21	
Wizoo	Platinum24 - Electronic Drums	Partition C -> 808 DRIVE P2 -> SAMPLE	808O51CY22	
Wizoo	Platinum24 - Electronic Drums	Partition C -> 808 DRIVE P2 -> SAMPLE	808O51CY23	
Wizoo	Platinum24 - Electronic Drums	Partition C -> 808 DRIVE P2 -> SAMPLE	808O51CY24	
Wizoo	Platinum24 - Electronic Drums	Partition C -> 808 DRIVE P2 -> SAMPLE	808O51CY25	
Wizoo	Platinum24 - Electronic Drums	Partition C -> 808 DRIVE P2 -> SAMPLE	808O51CY26	
Wizoo	Platinum24 - Electronic Drums	Partition C -> 808 DRIVE P2 -> SAMPLE	808O56CB11	
Wizoo	Platinum24 - Electronic Drums	Partition C -> 808 DRIVE P2 -> SAMPLE	808O56CB12	
Wizoo	Platinum24 - Electronic Drums	Partition C -> 808 DRIVE P2 -> SAMPLE	808O56CB13	
Wizoo	Platinum24 - Electronic Drums	Partition C -> 808 DRIVE P2 -> SAMPLE	808O56CB14	
Wizoo	Platinum24 - Electronic Drums	Partition C -> 808 DRIVE P2 -> SAMPLE	808O56CB15	
Wizoo	Platinum24 - Electronic Drums	Partition C -> 808 DRIVE P2 -> SAMPLE	808O56CB16	
Wizoo	Platinum24 - Electronic Drums	Partition C -> 808 DRIVE P2 -> SAMPLE	808O56CB17	
Wizoo	Platinum24 - Electronic Drums	Partition C -> 808 DRIVE P2 -> SAMPLE	808O56CB19	
Wizoo	Platinum24 - Electronic Drums	Partition C -> 808 DRIVE P2 -> SAMPLE	808O62LCL1	
Wizoo	Platinum24 - Electronic Drums	Partition C -> 808 DRIVE P2 -> SAMPLE	808O62LCL2	
Wizoo	Platinum24 - Electronic Drums	Partition C -> 808 DRIVE P2 -> SAMPLE	808O62LCL3	
Wizoo	Platinum24 - Electronic Drums	Partition C -> 808 DRIVE P2 -> SAMPLE	808O62LCL4	
Wizoo	Platinum24 - Electronic Drums	Partition C -> 808 DRIVE P2 -> SAMPLE	808O63LCH1	
Wizoo	Platinum24 - Electronic Drums	Partition C -> 808 DRIVE P2 -> SAMPLE	808O63LCH2	
Wizoo	Platinum24 - Electronic Drums	Partition C -> 808 DRIVE P2 -> SAMPLE	808O63LCH3	
Wizoo	Platinum24 - Electronic Drums	Partition C -> 808 DRIVE P2 -> SAMPLE	808O63LCH4	
Wizoo	Platinum24 - Electronic Drums	Partition C -> 808 DRIVE P2 -> SAMPLE	808O64MCL1	
Wizoo	Platinum24 - Electronic Drums	Partition C -> 808 DRIVE P2 -> SAMPLE	808O64MCL2	
Wizoo	Platinum24 - Electronic Drums	Partition C -> 808 DRIVE P2 -> SAMPLE	808O64MCL3	
Wizoo	Platinum24 - Electronic Drums	Partition C -> 808 DRIVE P2 -> SAMPLE	808O64MCL4	
Wizoo	Platinum24 - Electronic Drums	Partition C -> 808 DRIVE P2 -> SAMPLE	808O65MCH1	
Wizoo	Platinum24 - Electronic Drums	Partition C -> 808 DRIVE P2 -> SAMPLE	808O65MCH2	
Wizoo	Platinum24 - Electronic Drums	Partition C -> 808 DRIVE P2 -> SAMPLE	808O65MCH3	
Wizoo	Platinum24 - Electronic Drums	Partition C -> 808 DRIVE P2 -> SAMPLE	808O65MCH4	
Wizoo	Platinum24 - Electronic Drums	Partition C -> 808 DRIVE P2 -> SAMPLE	808O66HCL1	
Wizoo	Platinum24 - Electronic Drums	Partition C -> 808 DRIVE P2 -> SAMPLE	808O66HCL2	
Wizoo	Platinum24 - Electronic Drums	Partition C -> 808 DRIVE P2 -> SAMPLE	808O66HCL3	
Wizoo	Platinum24 - Electronic Drums	Partition C -> 808 DRIVE P2 -> SAMPLE	808O66HCL4	
Wizoo	Platinum24 - Electronic Drums	Partition C -> 808 DRIVE P2 -> SAMPLE	808O67HCH1	
Wizoo	Platinum24 - Electronic Drums	Partition C -> 808 DRIVE P2 -> SAMPLE	808O67HCH2	
Wizoo	Platinum24 - Electronic Drums	Partition C -> 808 DRIVE P2 -> SAMPLE	808O67HCH3	
Wizoo	Platinum24 - Electronic Drums	Partition C -> 808 DRIVE P2 -> SAMPLE	808O67HCH4	
Wizoo	Platinum24 - Electronic Drums	Partition C -> 808 DRIVE P2 -> SAMPLE	808O70MA11	
Wizoo	Platinum24 - Electronic Drums	Partition C -> 808 DRIVE P2 -> SAMPLE	808O70MA12	
Wizoo	Platinum24 - Electronic Drums	Partition C -> 808 DRIVE P2 -> SAMPLE	808O70MA13	
Wizoo	Platinum24 - Electronic Drums	Partition C -> 808 DRIVE P2 -> SAMPLE	808O70MA14	
Wizoo	Platinum24 - Electronic Drums	Partition C -> 808 DRIVE P2 -> SAMPLE	808O70MA15	
Wizoo	Platinum24 - Electronic Drums	Partition C -> 808 DRIVE P2 -> SAMPLE	808O70MA16	
Wizoo	Platinum24 - Electronic Drums	Partition C -> 808 DRIVE P2 -> SAMPLE	808O70MA17	
Wizoo	Platinum24 - Electronic Drums	Partition C -> 808 DRIVE P2 -> SAMPLE	808O70MA18	
Wizoo	Platinum24 - Electronic Drums	Partition C -> 808 DRIVE P2 -> SAMPLE	808O75CLV1	
Wizoo	Platinum24 - Electronic Drums	Partition C -> 808 DRIVE P2 -> SAMPLE	808O75CLV2	
Wizoo	Platinum24 - Electronic Drums	Partition C -> 808 DRIVE P2 -> SAMPLE	808O75CLV3	
Wizoo	Platinum24 - Electronic Drums	Partition C -> 808 DRIVE P2 -> SAMPLE	808O75CLV4	
Wizoo	Platinum24 - Electronic Drums	Partition C -> 808 DRIVE P2 -> SAMPLE	808O75CLV5	
Wizoo	Platinum24 - Electronic Drums	Partition C -> 808 DRIVE P2 -> SAMPLE	808O75CLV6	
Wizoo	Platinum24 - Electronic Drums	Partition C -> 808 DRIVE P2 -> SAMPLE	808O75CLV7	
Wizoo	Platinum24 - Electronic Drums	Partition C -> 808 SOFT P1 -> PROGRAM	808 SOFT P1	
Wizoo	Platinum24 - Electronic Drums	Partition C -> 808 SOFT P1 -> SAMPLE	808S35BD11	
Wizoo	Platinum24 - Electronic Drums	Partition C -> 808 SOFT P1 -> SAMPLE	808S35BD12	
Wizoo	Platinum24 - Electronic Drums	Partition C -> 808 SOFT P1 -> SAMPLE	808S35BD13	
Wizoo	Platinum24 - Electronic Drums	Partition C -> 808 SOFT P1 -> SAMPLE	808S35BD14	
Wizoo	Platinum24 - Electronic Drums	Partition C -> 808 SOFT P1 -> SAMPLE	808S35BD15	
Wizoo	Platinum24 - Electronic Drums	Partition C -> 808 SOFT P1 -> SAMPLE	808S35BD16	
Wizoo	Platinum24 - Electronic Drums	Partition C -> 808 SOFT P1 -> SAMPLE	808S35BD17	
Wizoo	Platinum24 - Electronic Drums	Partition C -> 808 SOFT P1 -> SAMPLE	808S35BD18	
Wizoo	Platinum24 - Electronic Drums	Partition C -> 808 SOFT P1 -> SAMPLE	808S35BD19	
Wizoo	Platinum24 - Electronic Drums	Partition C -> 808 SOFT P1 -> SAMPLE	808S36BD21	
Wizoo	Platinum24 - Electronic Drums	Partition C -> 808 SOFT P1 -> SAMPLE	808S36BD22	
Wizoo	Platinum24 - Electronic Drums	Partition C -> 808 SOFT P1 -> SAMPLE	808S36BD23	
Wizoo	Platinum24 - Electronic Drums	Partition C -> 808 SOFT P1 -> SAMPLE	808S36BD24	
Wizoo	Platinum24 - Electronic Drums	Partition C -> 808 SOFT P1 -> SAMPLE	808S36BD25	
Wizoo	Platinum24 - Electronic Drums	Partition C -> 808 SOFT P1 -> SAMPLE	808S38SN11	
Wizoo	Platinum24 - Electronic Drums	Partition C -> 808 SOFT P1 -> SAMPLE	808S38SN12	
Wizoo	Platinum24 - Electronic Drums	Partition C -> 808 SOFT P1 -> SAMPLE	808S38SN13	
Wizoo	Platinum24 - Electronic Drums	Partition C -> 808 SOFT P1 -> SAMPLE	808S38SN14	
Wizoo	Platinum24 - Electronic Drums	Partition C -> 808 SOFT P1 -> SAMPLE	808S38SN15	
Wizoo	Platinum24 - Electronic Drums	Partition C -> 808 SOFT P1 -> SAMPLE	808S38SN16	
Wizoo	Platinum24 - Electronic Drums	Partition C -> 808 SOFT P1 -> SAMPLE	808S38SN17	
Wizoo	Platinum24 - Electronic Drums	Partition C -> 808 SOFT P1 -> SAMPLE	808S38SN18	
Wizoo	Platinum24 - Electronic Drums	Partition C -> 808 SOFT P1 -> SAMPLE	808S38SN19	
Wizoo	Platinum24 - Electronic Drums	Partition C -> 808 SOFT P1 -> SAMPLE	808S40SN21	
Wizoo	Platinum24 - Electronic Drums	Partition C -> 808 SOFT P1 -> SAMPLE	808S40SN22	
Wizoo	Platinum24 - Electronic Drums	Partition C -> 808 SOFT P1 -> SAMPLE	808S40SN23	
Wizoo	Platinum24 - Electronic Drums	Partition C -> 808 SOFT P1 -> SAMPLE	808S40SN24	
Wizoo	Platinum24 - Electronic Drums	Partition C -> 808 SOFT P1 -> SAMPLE	808S40SN25	
Wizoo	Platinum24 - Electronic Drums	Partition C -> 808 SOFT P1 -> SAMPLE	808S40SN26	
Wizoo	Platinum24 - Electronic Drums	Partition C -> 808 SOFT P1 -> SAMPLE	808S40SN27	
Wizoo	Platinum24 - Electronic Drums	Partition C -> 808 SOFT P1 -> SAMPLE	808S40SN28	
Wizoo	Platinum24 - Electronic Drums	Partition C -> 808 SOFT P1 -> SAMPLE	808S40SN29	
Wizoo	Platinum24 - Electronic Drums	Partition C -> 808 SOFT P1 -> SAMPLE	808S41FTL1	
Wizoo	Platinum24 - Electronic Drums	Partition C -> 808 SOFT P1 -> SAMPLE	808S41FTL2	
Wizoo	Platinum24 - Electronic Drums	Partition C -> 808 SOFT P1 -> SAMPLE	808S41FTL3	
Wizoo	Platinum24 - Electronic Drums	Partition C -> 808 SOFT P1 -> SAMPLE	808S41FTL4	
Wizoo	Platinum24 - Electronic Drums	Partition C -> 808 SOFT P1 -> SAMPLE	808S41FTL5	
Wizoo	Platinum24 - Electronic Drums	Partition C -> 808 SOFT P1 -> SAMPLE	808S42CHH1	
Wizoo	Platinum24 - Electronic Drums	Partition C -> 808 SOFT P1 -> SAMPLE	808S42CHH2	
Wizoo	Platinum24 - Electronic Drums	Partition C -> 808 SOFT P1 -> SAMPLE	808S42CHH3	
Wizoo	Platinum24 - Electronic Drums	Partition C -> 808 SOFT P1 -> SAMPLE	808S42CHH4	
Wizoo	Platinum24 - Electronic Drums	Partition C -> 808 SOFT P1 -> SAMPLE	808S42CHH5	
Wizoo	Platinum24 - Electronic Drums	Partition C -> 808 SOFT P1 -> SAMPLE	808S42CHH6	
Wizoo	Platinum24 - Electronic Drums	Partition C -> 808 SOFT P1 -> SAMPLE	808S42CHH7	
Wizoo	Platinum24 - Electronic Drums	Partition C -> 808 SOFT P1 -> SAMPLE	808S42CHH8	
Wizoo	Platinum24 - Electronic Drums	Partition C -> 808 SOFT P1 -> SAMPLE	808S42CHH9	
Wizoo	Platinum24 - Electronic Drums	Partition C -> 808 SOFT P1 -> SAMPLE	808S43FTH1	
Wizoo	Platinum24 - Electronic Drums	Partition C -> 808 SOFT P1 -> SAMPLE	808S43FTH2	
Wizoo	Platinum24 - Electronic Drums	Partition C -> 808 SOFT P1 -> SAMPLE	808S43FTH3	
Wizoo	Platinum24 - Electronic Drums	Partition C -> 808 SOFT P1 -> SAMPLE	808S43FTH4	
Wizoo	Platinum24 - Electronic Drums	Partition C -> 808 SOFT P1 -> SAMPLE	808S43FTH5	
Wizoo	Platinum24 - Electronic Drums	Partition C -> 808 SOFT P1 -> SAMPLE	808S44PHH1	
Wizoo	Platinum24 - Electronic Drums	Partition C -> 808 SOFT P1 -> SAMPLE	808S44PHH2	
Wizoo	Platinum24 - Electronic Drums	Partition C -> 808 SOFT P1 -> SAMPLE	808S44PHH3	
Wizoo	Platinum24 - Electronic Drums	Partition C -> 808 SOFT P1 -> SAMPLE	808S44PHH4	
Wizoo	Platinum24 - Electronic Drums	Partition C -> 808 SOFT P1 -> SAMPLE	808S44PHH5	
Wizoo	Platinum24 - Electronic Drums	Partition C -> 808 SOFT P1 -> SAMPLE	808S44PHH6	
Wizoo	Platinum24 - Electronic Drums	Partition C -> 808 SOFT P1 -> SAMPLE	808S44PHH7	
Wizoo	Platinum24 - Electronic Drums	Partition C -> 808 SOFT P1 -> SAMPLE	808S44PHH8	
Wizoo	Platinum24 - Electronic Drums	Partition C -> 808 SOFT P1 -> SAMPLE	808S44PHH9	
Wizoo	Platinum24 - Electronic Drums	Partition C -> 808 SOFT P1 -> SAMPLE	808S45MTL1	
Wizoo	Platinum24 - Electronic Drums	Partition C -> 808 SOFT P1 -> SAMPLE	808S45MTL2	
Wizoo	Platinum24 - Electronic Drums	Partition C -> 808 SOFT P1 -> SAMPLE	808S45MTL3	
Wizoo	Platinum24 - Electronic Drums	Partition C -> 808 SOFT P1 -> SAMPLE	808S45MTL4	
Wizoo	Platinum24 - Electronic Drums	Partition C -> 808 SOFT P1 -> SAMPLE	808S45MTL5	
Wizoo	Platinum24 - Electronic Drums	Partition C -> 808 SOFT P1 -> SAMPLE	808S45MTL6	
Wizoo	Platinum24 - Electronic Drums	Partition C -> 808 SOFT P1 -> SAMPLE	808S46OHH1	
Wizoo	Platinum24 - Electronic Drums	Partition C -> 808 SOFT P1 -> SAMPLE	808S46OHH2	
Wizoo	Platinum24 - Electronic Drums	Partition C -> 808 SOFT P1 -> SAMPLE	808S46OHH3	
Wizoo	Platinum24 - Electronic Drums	Partition C -> 808 SOFT P1 -> SAMPLE	808S46OHH4	
Wizoo	Platinum24 - Electronic Drums	Partition C -> 808 SOFT P1 -> SAMPLE	808S46OHH5	
Wizoo	Platinum24 - Electronic Drums	Partition C -> 808 SOFT P1 -> SAMPLE	808S46OHH6	
Wizoo	Platinum24 - Electronic Drums	Partition C -> 808 SOFT P1 -> SAMPLE	808S47MTH1	
Wizoo	Platinum24 - Electronic Drums	Partition C -> 808 SOFT P1 -> SAMPLE	808S47MTH2	
Wizoo	Platinum24 - Electronic Drums	Partition C -> 808 SOFT P1 -> SAMPLE	808S47MTH3	
Wizoo	Platinum24 - Electronic Drums	Partition C -> 808 SOFT P1 -> SAMPLE	808S47MTH4	
Wizoo	Platinum24 - Electronic Drums	Partition C -> 808 SOFT P1 -> SAMPLE	808S47MTH5	
Wizoo	Platinum24 - Electronic Drums	Partition C -> 808 SOFT P1 -> SAMPLE	808S47MTH6	
Wizoo	Platinum24 - Electronic Drums	Partition C -> 808 SOFT P1 -> SAMPLE	808S48HTL1	
Wizoo	Platinum24 - Electronic Drums	Partition C -> 808 SOFT P1 -> SAMPLE	808S48HTL2	
Wizoo	Platinum24 - Electronic Drums	Partition C -> 808 SOFT P1 -> SAMPLE	808S48HTL3	
Wizoo	Platinum24 - Electronic Drums	Partition C -> 808 SOFT P1 -> SAMPLE	808S48HTL4	
Wizoo	Platinum24 - Electronic Drums	Partition C -> 808 SOFT P1 -> SAMPLE	808S48HTL5	
Wizoo	Platinum24 - Electronic Drums	Partition C -> 808 SOFT P1 -> SAMPLE	808S48HTL6	
Wizoo	Platinum24 - Electronic Drums	Partition C -> 808 SOFT P1 -> SAMPLE	808S50HTH1	
Wizoo	Platinum24 - Electronic Drums	Partition C -> 808 SOFT P1 -> SAMPLE	808S50HTH2	
Wizoo	Platinum24 - Electronic Drums	Partition C -> 808 SOFT P1 -> SAMPLE	808S50HTH3	
Wizoo	Platinum24 - Electronic Drums	Partition C -> 808 SOFT P1 -> SAMPLE	808S50HTH4	
Wizoo	Platinum24 - Electronic Drums	Partition C -> 808 SOFT P1 -> SAMPLE	808S50HTH5	
Wizoo	Platinum24 - Electronic Drums	Partition C -> 808 SOFT P1 -> SAMPLE	808S62LCL1	
Wizoo	Platinum24 - Electronic Drums	Partition C -> 808 SOFT P1 -> SAMPLE	808S62LCL2	
Wizoo	Platinum24 - Electronic Drums	Partition C -> 808 SOFT P1 -> SAMPLE	808S62LCL3	
Wizoo	Platinum24 - Electronic Drums	Partition C -> 808 SOFT P1 -> SAMPLE	808S62LCL4	
Wizoo	Platinum24 - Electronic Drums	Partition C -> 808 SOFT P1 -> SAMPLE	808S62LCL5	
Wizoo	Platinum24 - Electronic Drums	Partition C -> 808 SOFT P1 -> SAMPLE	808S63LCH1	
Wizoo	Platinum24 - Electronic Drums	Partition C -> 808 SOFT P1 -> SAMPLE	808S63LCH2	
Wizoo	Platinum24 - Electronic Drums	Partition C -> 808 SOFT P1 -> SAMPLE	808S63LCH3	
Wizoo	Platinum24 - Electronic Drums	Partition C -> 808 SOFT P1 -> SAMPLE	808S63LCH4	
Wizoo	Platinum24 - Electronic Drums	Partition C -> 808 SOFT P1 -> SAMPLE	808S64MCL1	
Wizoo	Platinum24 - Electronic Drums	Partition C -> 808 SOFT P1 -> SAMPLE	808S64MCL2	
Wizoo	Platinum24 - Electronic Drums	Partition C -> 808 SOFT P1 -> SAMPLE	808S64MCL3	
Wizoo	Platinum24 - Electronic Drums	Partition C -> 808 SOFT P1 -> SAMPLE	808S64MCL4	
Wizoo	Platinum24 - Electronic Drums	Partition C -> 808 SOFT P1 -> SAMPLE	808S64MCL5	
Wizoo	Platinum24 - Electronic Drums	Partition C -> 808 SOFT P1 -> SAMPLE	808S65MCH1	
Wizoo	Platinum24 - Electronic Drums	Partition C -> 808 SOFT P1 -> SAMPLE	808S65MCH2	
Wizoo	Platinum24 - Electronic Drums	Partition C -> 808 SOFT P1 -> SAMPLE	808S65MCH3	
Wizoo	Platinum24 - Electronic Drums	Partition C -> 808 SOFT P1 -> SAMPLE	808S65MCH4	
Wizoo	Platinum24 - Electronic Drums	Partition C -> 808 SOFT P1 -> SAMPLE	808S65MCH5	
Wizoo	Platinum24 - Electronic Drums	Partition C -> 808 SOFT P1 -> SAMPLE	808S65MCH6	
Wizoo	Platinum24 - Electronic Drums	Partition C -> 808 SOFT P1 -> SAMPLE	808S66HCL1	
Wizoo	Platinum24 - Electronic Drums	Partition C -> 808 SOFT P1 -> SAMPLE	808S66HCL2	
Wizoo	Platinum24 - Electronic Drums	Partition C -> 808 SOFT P1 -> SAMPLE	808S66HCL3	
Wizoo	Platinum24 - Electronic Drums	Partition C -> 808 SOFT P1 -> SAMPLE	808S66HCL4	
Wizoo	Platinum24 - Electronic Drums	Partition C -> 808 SOFT P1 -> SAMPLE	808S66HCL5	
Wizoo	Platinum24 - Electronic Drums	Partition C -> 808 SOFT P1 -> SAMPLE	808S67HCH1	
Wizoo	Platinum24 - Electronic Drums	Partition C -> 808 SOFT P1 -> SAMPLE	808S67HCH2	
Wizoo	Platinum24 - Electronic Drums	Partition C -> 808 SOFT P1 -> SAMPLE	808S67HCH3	
Wizoo	Platinum24 - Electronic Drums	Partition C -> 808 SOFT P1 -> SAMPLE	808S67HCH4	
Wizoo	Platinum24 - Electronic Drums	Partition C -> 808 SOFT P1 -> SAMPLE	808S67HCH5	
Wizoo	Platinum24 - Electronic Drums	Partition C -> 808 SOFT P2 -> PROGRAM	808 SOFT P2	
Wizoo	Platinum24 - Electronic Drums	Partition C -> 808 SOFT P2 -> SAMPLE	808S37RIM1	
Wizoo	Platinum24 - Electronic Drums	Partition C -> 808 SOFT P2 -> SAMPLE	808S37RIM2	
Wizoo	Platinum24 - Electronic Drums	Partition C -> 808 SOFT P2 -> SAMPLE	808S37RIM3	
Wizoo	Platinum24 - Electronic Drums	Partition C -> 808 SOFT P2 -> SAMPLE	808S37RIM4	
Wizoo	Platinum24 - Electronic Drums	Partition C -> 808 SOFT P2 -> SAMPLE	808S37RIM5	
Wizoo	Platinum24 - Electronic Drums	Partition C -> 808 SOFT P2 -> SAMPLE	808S37RIM6	
Wizoo	Platinum24 - Electronic Drums	Partition C -> 808 SOFT P2 -> SAMPLE	808S37RIM7	
Wizoo	Platinum24 - Electronic Drums	Partition C -> 808 SOFT P2 -> SAMPLE	808S38SN11	
Wizoo	Platinum24 - Electronic Drums	Partition C -> 808 SOFT P2 -> SAMPLE	808S38SN12	
Wizoo	Platinum24 - Electronic Drums	Partition C -> 808 SOFT P2 -> SAMPLE	808S38SN13	
Wizoo	Platinum24 - Electronic Drums	Partition C -> 808 SOFT P2 -> SAMPLE	808S38SN14	
Wizoo	Platinum24 - Electronic Drums	Partition C -> 808 SOFT P2 -> SAMPLE	808S39CLP1	
Wizoo	Platinum24 - Electronic Drums	Partition C -> 808 SOFT P2 -> SAMPLE	808S39CLP2	
Wizoo	Platinum24 - Electronic Drums	Partition C -> 808 SOFT P2 -> SAMPLE	808S39CLP3	
Wizoo	Platinum24 - Electronic Drums	Partition C -> 808 SOFT P2 -> SAMPLE	808S39CLP4	
Wizoo	Platinum24 - Electronic Drums	Partition C -> 808 SOFT P2 -> SAMPLE	808S39CLP5	
Wizoo	Platinum24 - Electronic Drums	Partition C -> 808 SOFT P2 -> SAMPLE	808S39CLP6	
Wizoo	Platinum24 - Electronic Drums	Partition C -> 808 SOFT P2 -> SAMPLE	808S39CLP7	
Wizoo	Platinum24 - Electronic Drums	Partition C -> 808 SOFT P2 -> SAMPLE	808S44PHH1	
Wizoo	Platinum24 - Electronic Drums	Partition C -> 808 SOFT P2 -> SAMPLE	808S44PHH2	
Wizoo	Platinum24 - Electronic Drums	Partition C -> 808 SOFT P2 -> SAMPLE	808S44PHH3	
Wizoo	Platinum24 - Electronic Drums	Partition C -> 808 SOFT P2 -> SAMPLE	808S44PHH4	
Wizoo	Platinum24 - Electronic Drums	Partition C -> 808 SOFT P2 -> SAMPLE	808S49CYL1	
Wizoo	Platinum24 - Electronic Drums	Partition C -> 808 SOFT P2 -> SAMPLE	808S49CYL2	
Wizoo	Platinum24 - Electronic Drums	Partition C -> 808 SOFT P2 -> SAMPLE	808S49CYL3	
Wizoo	Platinum24 - Electronic Drums	Partition C -> 808 SOFT P2 -> SAMPLE	808S49CYL4	
Wizoo	Platinum24 - Electronic Drums	Partition C -> 808 SOFT P2 -> SAMPLE	808S49CYL5	
Wizoo	Platinum24 - Electronic Drums	Partition C -> 808 SOFT P2 -> SAMPLE	808S49CYL6	
Wizoo	Platinum24 - Electronic Drums	Partition C -> 808 SOFT P2 -> SAMPLE	808S49CYL7	
Wizoo	Platinum24 - Electronic Drums	Partition C -> 808 SOFT P2 -> SAMPLE	808S49CYL8	
Wizoo	Platinum24 - Electronic Drums	Partition C -> 808 SOFT P2 -> SAMPLE	808S51CYM1	
Wizoo	Platinum24 - Electronic Drums	Partition C -> 808 SOFT P2 -> SAMPLE	808S51CYM2	
Wizoo	Platinum24 - Electronic Drums	Partition C -> 808 SOFT P2 -> SAMPLE	808S51CYM3	
Wizoo	Platinum24 - Electronic Drums	Partition C -> 808 SOFT P2 -> SAMPLE	808S51CYM4	
Wizoo	Platinum24 - Electronic Drums	Partition C -> 808 SOFT P2 -> SAMPLE	808S51CYM6	
Wizoo	Platinum24 - Electronic Drums	Partition C -> 808 SOFT P2 -> SAMPLE	808S52CYH1	
Wizoo	Platinum24 - Electronic Drums	Partition C -> 808 SOFT P2 -> SAMPLE	808S52CYH2	
Wizoo	Platinum24 - Electronic Drums	Partition C -> 808 SOFT P2 -> SAMPLE	808S52CYH3	
Wizoo	Platinum24 - Electronic Drums	Partition C -> 808 SOFT P2 -> SAMPLE	808S52CYH4	
Wizoo	Platinum24 - Electronic Drums	Partition C -> 808 SOFT P2 -> SAMPLE	808S52CYH5	
Wizoo	Platinum24 - Electronic Drums	Partition C -> 808 SOFT P2 -> SAMPLE	808S52CYH6	
Wizoo	Platinum24 - Electronic Drums	Partition C -> 808 SOFT P2 -> SAMPLE	808S56CB11	
Wizoo	Platinum24 - Electronic Drums	Partition C -> 808 SOFT P2 -> SAMPLE	808S56CB12	
Wizoo	Platinum24 - Electronic Drums	Partition C -> 808 SOFT P2 -> SAMPLE	808S56CB13	
Wizoo	Platinum24 - Electronic Drums	Partition C -> 808 SOFT P2 -> SAMPLE	808S56CB14	
Wizoo	Platinum24 - Electronic Drums	Partition C -> 808 SOFT P2 -> SAMPLE	808S56CB15	
Wizoo	Platinum24 - Electronic Drums	Partition C -> 808 SOFT P2 -> SAMPLE	808S56CB16	
Wizoo	Platinum24 - Electronic Drums	Partition C -> 808 SOFT P2 -> SAMPLE	808S56CB17	
Wizoo	Platinum24 - Electronic Drums	Partition C -> 808 SOFT P2 -> SAMPLE	808S56CB18	
Wizoo	Platinum24 - Electronic Drums	Partition C -> 808 SOFT P2 -> SAMPLE	808S56CB19	
Wizoo	Platinum24 - Electronic Drums	Partition C -> 808 SOFT P2 -> SAMPLE	808S70MA11	
Wizoo	Platinum24 - Electronic Drums	Partition C -> 808 SOFT P2 -> SAMPLE	808S70MA12	
Wizoo	Platinum24 - Electronic Drums	Partition C -> 808 SOFT P2 -> SAMPLE	808S70MA13	
Wizoo	Platinum24 - Electronic Drums	Partition C -> 808 SOFT P2 -> SAMPLE	808S70MA14	
Wizoo	Platinum24 - Electronic Drums	Partition C -> 808 SOFT P2 -> SAMPLE	808S70MA15	
Wizoo	Platinum24 - Electronic Drums	Partition C -> 808 SOFT P2 -> SAMPLE	808S70MA16	
Wizoo	Platinum24 - Electronic Drums	Partition C -> 808 SOFT P2 -> SAMPLE	808S70MA17	
Wizoo	Platinum24 - Electronic Drums	Partition C -> 808 SOFT P2 -> SAMPLE	808S75CLV1	
Wizoo	Platinum24 - Electronic Drums	Partition C -> 808 SOFT P2 -> SAMPLE	808S75CLV2	
Wizoo	Platinum24 - Electronic Drums	Partition C -> 808 SOFT P2 -> SAMPLE	808S75CLV3	
Wizoo	Platinum24 - Electronic Drums	Partition C -> 808 SOFT P2 -> SAMPLE	808S75CLV4	
Wizoo	Platinum24 - Electronic Drums	Partition C -> 808 SOFT P2 -> SAMPLE	808S75CLV5	
Wizoo	Platinum24 - Electronic Drums	Partition C -> 808 SOFT P2 -> SAMPLE	808S75CLV6	
Wizoo	Platinum24 - Electronic Drums	Partition C -> 808 SOFT P2 -> SAMPLE	808S75CLV7	
Wizoo	Platinum24 - Electronic Drums	Partition D -> CLUB KIT -> PROGRAM	CLUB KIT	
Wizoo	Platinum24 - Electronic Drums	Partition D -> CLUB KIT -> SAMPLE	CLUB32CP21	
Wizoo	Platinum24 - Electronic Drums	Partition D -> CLUB KIT -> SAMPLE	CLUB32CP22	
Wizoo	Platinum24 - Electronic Drums	Partition D -> CLUB KIT -> SAMPLE	CLUB32CP23	
Wizoo	Platinum24 - Electronic Drums	Partition D -> CLUB KIT -> SAMPLE	CLUB33BD31	
Wizoo	Platinum24 - Electronic Drums	Partition D -> CLUB KIT -> SAMPLE	CLUB33BD32	
Wizoo	Platinum24 - Electronic Drums	Partition D -> CLUB KIT -> SAMPLE	CLUB35BD11	
Wizoo	Platinum24 - Electronic Drums	Partition D -> CLUB KIT -> SAMPLE	CLUB35BD12	
Wizoo	Platinum24 - Electronic Drums	Partition D -> CLUB KIT -> SAMPLE	CLUB35BD13	
Wizoo	Platinum24 - Electronic Drums	Partition D -> CLUB KIT -> SAMPLE	CLUB35BD14	
Wizoo	Platinum24 - Electronic Drums	Partition D -> CLUB KIT -> SAMPLE	CLUB35BD15	
Wizoo	Platinum24 - Electronic Drums	Partition D -> CLUB KIT -> SAMPLE	CLUB36BD21	
Wizoo	Platinum24 - Electronic Drums	Partition D -> CLUB KIT -> SAMPLE	CLUB36BD22	
Wizoo	Platinum24 - Electronic Drums	Partition D -> CLUB KIT -> SAMPLE	CLUB36BD23	
Wizoo	Platinum24 - Electronic Drums	Partition D -> CLUB KIT -> SAMPLE	CLUB36BD24	
Wizoo	Platinum24 - Electronic Drums	Partition D -> CLUB KIT -> SAMPLE	CLUB36BD25	
Wizoo	Platinum24 - Electronic Drums	Partition D -> CLUB KIT -> SAMPLE	CLUB37RS11	
Wizoo	Platinum24 - Electronic Drums	Partition D -> CLUB KIT -> SAMPLE	CLUB37RS12	
Wizoo	Platinum24 - Electronic Drums	Partition D -> CLUB KIT -> SAMPLE	CLUB37RS13	
Wizoo	Platinum24 - Electronic Drums	Partition D -> CLUB KIT -> SAMPLE	CLUB38SN21	
Wizoo	Platinum24 - Electronic Drums	Partition D -> CLUB KIT -> SAMPLE	CLUB38SN22	
Wizoo	Platinum24 - Electronic Drums	Partition D -> CLUB KIT -> SAMPLE	CLUB38SN23	
Wizoo	Platinum24 - Electronic Drums	Partition D -> CLUB KIT -> SAMPLE	CLUB38SN24	
Wizoo	Platinum24 - Electronic Drums	Partition D -> CLUB KIT -> SAMPLE	CLUB39CLP1	
Wizoo	Platinum24 - Electronic Drums	Partition D -> CLUB KIT -> SAMPLE	CLUB39CLP2	
Wizoo	Platinum24 - Electronic Drums	Partition D -> CLUB KIT -> SAMPLE	CLUB39CLP3	
Wizoo	Platinum24 - Electronic Drums	Partition D -> CLUB KIT -> SAMPLE	CLUB39CLP4	
Wizoo	Platinum24 - Electronic Drums	Partition D -> CLUB KIT -> SAMPLE	CLUB39CLP5	
Wizoo	Platinum24 - Electronic Drums	Partition D -> CLUB KIT -> SAMPLE	CLUB40SN11	
Wizoo	Platinum24 - Electronic Drums	Partition D -> CLUB KIT -> SAMPLE	CLUB40SN12	
Wizoo	Platinum24 - Electronic Drums	Partition D -> CLUB KIT -> SAMPLE	CLUB40SN13	
Wizoo	Platinum24 - Electronic Drums	Partition D -> CLUB KIT -> SAMPLE	CLUB40SN14	
Wizoo	Platinum24 - Electronic Drums	Partition D -> CLUB KIT -> SAMPLE	CLUB40SN15	
Wizoo	Platinum24 - Electronic Drums	Partition D -> CLUB KIT -> SAMPLE	CLUB42CHH1	
Wizoo	Platinum24 - Electronic Drums	Partition D -> CLUB KIT -> SAMPLE	CLUB42CHH2	
Wizoo	Platinum24 - Electronic Drums	Partition D -> CLUB KIT -> SAMPLE	CLUB42CHH3	
Wizoo	Platinum24 - Electronic Drums	Partition D -> CLUB KIT -> SAMPLE	CLUB42CHH4	
Wizoo	Platinum24 - Electronic Drums	Partition D -> CLUB KIT -> SAMPLE	CLUB44PHH1	
Wizoo	Platinum24 - Electronic Drums	Partition D -> CLUB KIT -> SAMPLE	CLUB44PHH2	
Wizoo	Platinum24 - Electronic Drums	Partition D -> CLUB KIT -> SAMPLE	CLUB44PHH3	
Wizoo	Platinum24 - Electronic Drums	Partition D -> CLUB KIT -> SAMPLE	CLUB44PHH4	
Wizoo	Platinum24 - Electronic Drums	Partition D -> CLUB KIT -> SAMPLE	CLUB45LT11	
Wizoo	Platinum24 - Electronic Drums	Partition D -> CLUB KIT -> SAMPLE	CLUB45LT12	
Wizoo	Platinum24 - Electronic Drums	Partition D -> CLUB KIT -> SAMPLE	CLUB45LT13	
Wizoo	Platinum24 - Electronic Drums	Partition D -> CLUB KIT -> SAMPLE	CLUB46OHH1	
Wizoo	Platinum24 - Electronic Drums	Partition D -> CLUB KIT -> SAMPLE	CLUB46OHH2	
Wizoo	Platinum24 - Electronic Drums	Partition D -> CLUB KIT -> SAMPLE	CLUB46OHH3	
Wizoo	Platinum24 - Electronic Drums	Partition D -> CLUB KIT -> SAMPLE	CLUB46OHH4	
Wizoo	Platinum24 - Electronic Drums	Partition D -> CLUB KIT -> SAMPLE	CLUB46OHH5	
Wizoo	Platinum24 - Electronic Drums	Partition D -> CLUB KIT -> SAMPLE	CLUB47MT11	
Wizoo	Platinum24 - Electronic Drums	Partition D -> CLUB KIT -> SAMPLE	CLUB47MT12	
Wizoo	Platinum24 - Electronic Drums	Partition D -> CLUB KIT -> SAMPLE	CLUB47MT13	
Wizoo	Platinum24 - Electronic Drums	Partition D -> CLUB KIT -> SAMPLE	CLUB49CS11	
Wizoo	Platinum24 - Electronic Drums	Partition D -> CLUB KIT -> SAMPLE	CLUB49CS12	
Wizoo	Platinum24 - Electronic Drums	Partition D -> CLUB KIT -> SAMPLE	CLUB49CS13	
Wizoo	Platinum24 - Electronic Drums	Partition D -> CLUB KIT -> SAMPLE	CLUB49CS14	
Wizoo	Platinum24 - Electronic Drums	Partition D -> CLUB KIT -> SAMPLE	CLUB50HT11	
Wizoo	Platinum24 - Electronic Drums	Partition D -> CLUB KIT -> SAMPLE	CLUB50HT12	
Wizoo	Platinum24 - Electronic Drums	Partition D -> CLUB KIT -> SAMPLE	CLUB50HT13	
Wizoo	Platinum24 - Electronic Drums	Partition D -> CLUB KIT -> SAMPLE	CLUB51RD11	
Wizoo	Platinum24 - Electronic Drums	Partition D -> CLUB KIT -> SAMPLE	CLUB51RD12	
Wizoo	Platinum24 - Electronic Drums	Partition D -> CLUB KIT -> SAMPLE	CLUB51RD13	
Wizoo	Platinum24 - Electronic Drums	Partition D -> CLUB KIT -> SAMPLE	CLUB52RD21	
Wizoo	Platinum24 - Electronic Drums	Partition D -> CLUB KIT -> SAMPLE	CLUB52RD22	
Wizoo	Platinum24 - Electronic Drums	Partition D -> CLUB KIT -> SAMPLE	CLUB52RD23	
Wizoo	Platinum24 - Electronic Drums	Partition D -> CLUB KIT -> SAMPLE	CLUB54TMB1	
Wizoo	Platinum24 - Electronic Drums	Partition D -> CLUB KIT -> SAMPLE	CLUB54TMB2	
Wizoo	Platinum24 - Electronic Drums	Partition D -> CLUB KIT -> SAMPLE	CLUB55SPC1	
Wizoo	Platinum24 - Electronic Drums	Partition D -> CLUB KIT -> SAMPLE	CLUB55SPC2	
Wizoo	Platinum24 - Electronic Drums	Partition D -> CLUB KIT -> SAMPLE	CLUB70MA11	
Wizoo	Platinum24 - Electronic Drums	Partition D -> CLUB KIT -> SAMPLE	CLUB70MA12	
Wizoo	Platinum24 - Electronic Drums	Partition D -> FUSION KIT -> PROGRAM	FUSION KIT	
Wizoo	Platinum24 - Electronic Drums	Partition D -> FUSION KIT -> SAMPLE	MESH33BD31	
Wizoo	Platinum24 - Electronic Drums	Partition D -> FUSION KIT -> SAMPLE	MESH33BD32	
Wizoo	Platinum24 - Electronic Drums	Partition D -> FUSION KIT -> SAMPLE	MESH33BD33	
Wizoo	Platinum24 - Electronic Drums	Partition D -> FUSION KIT -> SAMPLE	MESH33BD34	
Wizoo	Platinum24 - Electronic Drums	Partition D -> FUSION KIT -> SAMPLE	MESH35BD11	
Wizoo	Platinum24 - Electronic Drums	Partition D -> FUSION KIT -> SAMPLE	MESH35BD12	
Wizoo	Platinum24 - Electronic Drums	Partition D -> FUSION KIT -> SAMPLE	MESH35BD13	
Wizoo	Platinum24 - Electronic Drums	Partition D -> FUSION KIT -> SAMPLE	MESH35BD14	
Wizoo	Platinum24 - Electronic Drums	Partition D -> FUSION KIT -> SAMPLE	MESH36BD21	
Wizoo	Platinum24 - Electronic Drums	Partition D -> FUSION KIT -> SAMPLE	MESH36BD22	
Wizoo	Platinum24 - Electronic Drums	Partition D -> FUSION KIT -> SAMPLE	MESH36BD23	
Wizoo	Platinum24 - Electronic Drums	Partition D -> FUSION KIT -> SAMPLE	MESH36BD24	
Wizoo	Platinum24 - Electronic Drums	Partition D -> FUSION KIT -> SAMPLE	MESH37RIM1	
Wizoo	Platinum24 - Electronic Drums	Partition D -> FUSION KIT -> SAMPLE	MESH37RIM2	
Wizoo	Platinum24 - Electronic Drums	Partition D -> FUSION KIT -> SAMPLE	MESH37RIM3	
Wizoo	Platinum24 - Electronic Drums	Partition D -> FUSION KIT -> SAMPLE	MESH37RIM4	
Wizoo	Platinum24 - Electronic Drums	Partition D -> FUSION KIT -> SAMPLE	MESH38SN11	
Wizoo	Platinum24 - Electronic Drums	Partition D -> FUSION KIT -> SAMPLE	MESH38SN12	
Wizoo	Platinum24 - Electronic Drums	Partition D -> FUSION KIT -> SAMPLE	MESH38SN13	
Wizoo	Platinum24 - Electronic Drums	Partition D -> FUSION KIT -> SAMPLE	MESH38SN14	
Wizoo	Platinum24 - Electronic Drums	Partition D -> FUSION KIT -> SAMPLE	MESH39CLP1	
Wizoo	Platinum24 - Electronic Drums	Partition D -> FUSION KIT -> SAMPLE	MESH39CLP2	
Wizoo	Platinum24 - Electronic Drums	Partition D -> FUSION KIT -> SAMPLE	MESH39CLP3	
Wizoo	Platinum24 - Electronic Drums	Partition D -> FUSION KIT -> SAMPLE	MESH39CLP4	
Wizoo	Platinum24 - Electronic Drums	Partition D -> FUSION KIT -> SAMPLE	MESH40SN21	
Wizoo	Platinum24 - Electronic Drums	Partition D -> FUSION KIT -> SAMPLE	MESH40SN22	
Wizoo	Platinum24 - Electronic Drums	Partition D -> FUSION KIT -> SAMPLE	MESH40SN23	
Wizoo	Platinum24 - Electronic Drums	Partition D -> FUSION KIT -> SAMPLE	MESH40SN24	
Wizoo	Platinum24 - Electronic Drums	Partition D -> FUSION KIT -> SAMPLE	MESH41FTL1	
Wizoo	Platinum24 - Electronic Drums	Partition D -> FUSION KIT -> SAMPLE	MESH41FTL2	
Wizoo	Platinum24 - Electronic Drums	Partition D -> FUSION KIT -> SAMPLE	MESH41FTL3	
Wizoo	Platinum24 - Electronic Drums	Partition D -> FUSION KIT -> SAMPLE	MESH41FTL4	
Wizoo	Platinum24 - Electronic Drums	Partition D -> FUSION KIT -> SAMPLE	MESH42CHH1	
Wizoo	Platinum24 - Electronic Drums	Partition D -> FUSION KIT -> SAMPLE	MESH42CHH2	
Wizoo	Platinum24 - Electronic Drums	Partition D -> FUSION KIT -> SAMPLE	MESH42CHH3	
Wizoo	Platinum24 - Electronic Drums	Partition D -> FUSION KIT -> SAMPLE	MESH42CHH4	
Wizoo	Platinum24 - Electronic Drums	Partition D -> FUSION KIT -> SAMPLE	MESH43FTH1	
Wizoo	Platinum24 - Electronic Drums	Partition D -> FUSION KIT -> SAMPLE	MESH43FTH2	
Wizoo	Platinum24 - Electronic Drums	Partition D -> FUSION KIT -> SAMPLE	MESH43FTH3	
Wizoo	Platinum24 - Electronic Drums	Partition D -> FUSION KIT -> SAMPLE	MESH43FTH4	
Wizoo	Platinum24 - Electronic Drums	Partition D -> FUSION KIT -> SAMPLE	MESH44PHH1	
Wizoo	Platinum24 - Electronic Drums	Partition D -> FUSION KIT -> SAMPLE	MESH44PHH2	
Wizoo	Platinum24 - Electronic Drums	Partition D -> FUSION KIT -> SAMPLE	MESH44PHH3	
Wizoo	Platinum24 - Electronic Drums	Partition D -> FUSION KIT -> SAMPLE	MESH44PHH4	
Wizoo	Platinum24 - Electronic Drums	Partition D -> FUSION KIT -> SAMPLE	MESH45MTL1	
Wizoo	Platinum24 - Electronic Drums	Partition D -> FUSION KIT -> SAMPLE	MESH45MTL2	
Wizoo	Platinum24 - Electronic Drums	Partition D -> FUSION KIT -> SAMPLE	MESH45MTL3	
Wizoo	Platinum24 - Electronic Drums	Partition D -> FUSION KIT -> SAMPLE	MESH45MTL4	
Wizoo	Platinum24 - Electronic Drums	Partition D -> FUSION KIT -> SAMPLE	MESH46OHH1	
Wizoo	Platinum24 - Electronic Drums	Partition D -> FUSION KIT -> SAMPLE	MESH46OHH2	
Wizoo	Platinum24 - Electronic Drums	Partition D -> FUSION KIT -> SAMPLE	MESH46OHH3	
Wizoo	Platinum24 - Electronic Drums	Partition D -> FUSION KIT -> SAMPLE	MESH46OHH4	
Wizoo	Platinum24 - Electronic Drums	Partition D -> FUSION KIT -> SAMPLE	MESH47MTH1	
Wizoo	Platinum24 - Electronic Drums	Partition D -> FUSION KIT -> SAMPLE	MESH47MTH2	
Wizoo	Platinum24 - Electronic Drums	Partition D -> FUSION KIT -> SAMPLE	MESH47MTH3	
Wizoo	Platinum24 - Electronic Drums	Partition D -> FUSION KIT -> SAMPLE	MESH47MTH4	
Wizoo	Platinum24 - Electronic Drums	Partition D -> FUSION KIT -> SAMPLE	MESH48HTL1	
Wizoo	Platinum24 - Electronic Drums	Partition D -> FUSION KIT -> SAMPLE	MESH48HTL2	
Wizoo	Platinum24 - Electronic Drums	Partition D -> FUSION KIT -> SAMPLE	MESH48HTL3	
Wizoo	Platinum24 - Electronic Drums	Partition D -> FUSION KIT -> SAMPLE	MESH48HTL4	
Wizoo	Platinum24 - Electronic Drums	Partition D -> FUSION KIT -> SAMPLE	MESH49CS11	
Wizoo	Platinum24 - Electronic Drums	Partition D -> FUSION KIT -> SAMPLE	MESH49CS12	
Wizoo	Platinum24 - Electronic Drums	Partition D -> FUSION KIT -> SAMPLE	MESH49CS13	
Wizoo	Platinum24 - Electronic Drums	Partition D -> FUSION KIT -> SAMPLE	MESH49CS14	
Wizoo	Platinum24 - Electronic Drums	Partition D -> FUSION KIT -> SAMPLE	MESH50HTH1	
Wizoo	Platinum24 - Electronic Drums	Partition D -> FUSION KIT -> SAMPLE	MESH50HTH2	
Wizoo	Platinum24 - Electronic Drums	Partition D -> FUSION KIT -> SAMPLE	MESH50HTH3	
Wizoo	Platinum24 - Electronic Drums	Partition D -> FUSION KIT -> SAMPLE	MESH50HTH4	
Wizoo	Platinum24 - Electronic Drums	Partition D -> FUSION KIT -> SAMPLE	MESH51RD11	
Wizoo	Platinum24 - Electronic Drums	Partition D -> FUSION KIT -> SAMPLE	MESH51RD12	
Wizoo	Platinum24 - Electronic Drums	Partition D -> FUSION KIT -> SAMPLE	MESH51RD13	
Wizoo	Platinum24 - Electronic Drums	Partition D -> FUSION KIT -> SAMPLE	MESH51RD14	
Wizoo	Platinum24 - Electronic Drums	Partition D -> FUSION KIT -> SAMPLE	MESH57CS21	
Wizoo	Platinum24 - Electronic Drums	Partition D -> FUSION KIT -> SAMPLE	MESH57CS22	
Wizoo	Platinum24 - Electronic Drums	Partition D -> FUSION KIT -> SAMPLE	MESH57CS23	
Wizoo	Platinum24 - Electronic Drums	Partition D -> FUSION KIT -> SAMPLE	MESH57CS24	
Wizoo	Platinum24 - Electronic Drums	Partition D -> FUSION KIT -> SAMPLE	MESH59RD21	
Wizoo	Platinum24 - Electronic Drums	Partition D -> FUSION KIT -> SAMPLE	MESH59RD22	
Wizoo	Platinum24 - Electronic Drums	Partition D -> FUSION KIT -> SAMPLE	MESH59RD23	
Wizoo	Platinum24 - Electronic Drums	Partition D -> FUSION KIT -> SAMPLE	MESH59RD24	
Wizoo	Platinum24 - Electronic Drums	Partition D -> GOA KIT -> PROGRAM	GOA KIT	
Wizoo	Platinum24 - Electronic Drums	Partition D -> GOA KIT -> SAMPLE	GOA133BD31	
Wizoo	Platinum24 - Electronic Drums	Partition D -> GOA KIT -> SAMPLE	GOA133BD32	
Wizoo	Platinum24 - Electronic Drums	Partition D -> GOA KIT -> SAMPLE	GOA133BD33	
Wizoo	Platinum24 - Electronic Drums	Partition D -> GOA KIT -> SAMPLE	GOA135BD11	
Wizoo	Platinum24 - Electronic Drums	Partition D -> GOA KIT -> SAMPLE	GOA135BD12	
Wizoo	Platinum24 - Electronic Drums	Partition D -> GOA KIT -> SAMPLE	GOA135BD13	
Wizoo	Platinum24 - Electronic Drums	Partition D -> GOA KIT -> SAMPLE	GOA135BD14	
Wizoo	Platinum24 - Electronic Drums	Partition D -> GOA KIT -> SAMPLE	GOA136BD21	
Wizoo	Platinum24 - Electronic Drums	Partition D -> GOA KIT -> SAMPLE	GOA136BD22	
Wizoo	Platinum24 - Electronic Drums	Partition D -> GOA KIT -> SAMPLE	GOA136BD23	
Wizoo	Platinum24 - Electronic Drums	Partition D -> GOA KIT -> SAMPLE	GOA137RS11	
Wizoo	Platinum24 - Electronic Drums	Partition D -> GOA KIT -> SAMPLE	GOA137RS12	
Wizoo	Platinum24 - Electronic Drums	Partition D -> GOA KIT -> SAMPLE	GOA137RS13	
Wizoo	Platinum24 - Electronic Drums	Partition D -> GOA KIT -> SAMPLE	GOA138SN21	
Wizoo	Platinum24 - Electronic Drums	Partition D -> GOA KIT -> SAMPLE	GOA138SN22	
Wizoo	Platinum24 - Electronic Drums	Partition D -> GOA KIT -> SAMPLE	GOA138SN23	
Wizoo	Platinum24 - Electronic Drums	Partition D -> GOA KIT -> SAMPLE	GOA139CP11	
Wizoo	Platinum24 - Electronic Drums	Partition D -> GOA KIT -> SAMPLE	GOA139CP12	
Wizoo	Platinum24 - Electronic Drums	Partition D -> GOA KIT -> SAMPLE	GOA139CP13	
Wizoo	Platinum24 - Electronic Drums	Partition D -> GOA KIT -> SAMPLE	GOA140SN11	
Wizoo	Platinum24 - Electronic Drums	Partition D -> GOA KIT -> SAMPLE	GOA140SN12	
Wizoo	Platinum24 - Electronic Drums	Partition D -> GOA KIT -> SAMPLE	GOA140SN13	
Wizoo	Platinum24 - Electronic Drums	Partition D -> GOA KIT -> SAMPLE	GOA140SN14	
Wizoo	Platinum24 - Electronic Drums	Partition D -> GOA KIT -> SAMPLE	GOA142CHH1	
Wizoo	Platinum24 - Electronic Drums	Partition D -> GOA KIT -> SAMPLE	GOA142CHH2	
Wizoo	Platinum24 - Electronic Drums	Partition D -> GOA KIT -> SAMPLE	GOA142CHH3	
Wizoo	Platinum24 - Electronic Drums	Partition D -> GOA KIT -> SAMPLE	GOA144PHH1	
Wizoo	Platinum24 - Electronic Drums	Partition D -> GOA KIT -> SAMPLE	GOA144PHH2	
Wizoo	Platinum24 - Electronic Drums	Partition D -> GOA KIT -> SAMPLE	GOA144PHH3	
Wizoo	Platinum24 - Electronic Drums	Partition D -> GOA KIT -> SAMPLE	GOA144PHH4	
Wizoo	Platinum24 - Electronic Drums	Partition D -> GOA KIT -> SAMPLE	GOA145LT11	
Wizoo	Platinum24 - Electronic Drums	Partition D -> GOA KIT -> SAMPLE	GOA145LT12	
Wizoo	Platinum24 - Electronic Drums	Partition D -> GOA KIT -> SAMPLE	GOA146OHH1	
Wizoo	Platinum24 - Electronic Drums	Partition D -> GOA KIT -> SAMPLE	GOA146OHH2	
Wizoo	Platinum24 - Electronic Drums	Partition D -> GOA KIT -> SAMPLE	GOA146OHH3	
Wizoo	Platinum24 - Electronic Drums	Partition D -> GOA KIT -> SAMPLE	GOA148MT11	
Wizoo	Platinum24 - Electronic Drums	Partition D -> GOA KIT -> SAMPLE	GOA148MT12	
Wizoo	Platinum24 - Electronic Drums	Partition D -> GOA KIT -> SAMPLE	GOA149CS11	
Wizoo	Platinum24 - Electronic Drums	Partition D -> GOA KIT -> SAMPLE	GOA149CS12	
Wizoo	Platinum24 - Electronic Drums	Partition D -> GOA KIT -> SAMPLE	GOA149CS13	
Wizoo	Platinum24 - Electronic Drums	Partition D -> GOA KIT -> SAMPLE	GOA150HT11	
Wizoo	Platinum24 - Electronic Drums	Partition D -> GOA KIT -> SAMPLE	GOA150HT12	
Wizoo	Platinum24 - Electronic Drums	Partition D -> GOA KIT -> SAMPLE	GOA151RD11	
Wizoo	Platinum24 - Electronic Drums	Partition D -> GOA KIT -> SAMPLE	GOA151RD12	
Wizoo	Platinum24 - Electronic Drums	Partition D -> GOA KIT -> SAMPLE	GOA151RD13	
Wizoo	Platinum24 - Electronic Drums	Partition D -> GOA KIT -> SAMPLE	GOA157CS21	
Wizoo	Platinum24 - Electronic Drums	Partition D -> GOA KIT -> SAMPLE	GOA157CS22	
Wizoo	Platinum24 - Electronic Drums	Partition D -> GOA KIT -> SAMPLE	GOA157CS23	
Wizoo	Platinum24 - Electronic Drums	Partition D -> HIPHOP KIT -> PROGRAM	HIPHOP KIT	
Wizoo	Platinum24 - Electronic Drums	Partition D -> HIPHOP KIT -> SAMPLE	GHOP32STK1	
Wizoo	Platinum24 - Electronic Drums	Partition D -> HIPHOP KIT -> SAMPLE	GHOP32STK2	
Wizoo	Platinum24 - Electronic Drums	Partition D -> HIPHOP KIT -> SAMPLE	GHOP32STK3	
Wizoo	Platinum24 - Electronic Drums	Partition D -> HIPHOP KIT -> SAMPLE	GHOP32STK4	
Wizoo	Platinum24 - Electronic Drums	Partition D -> HIPHOP KIT -> SAMPLE	GHOP32STK5	
Wizoo	Platinum24 - Electronic Drums	Partition D -> HIPHOP KIT -> SAMPLE	GHOP34ORM1	
Wizoo	Platinum24 - Electronic Drums	Partition D -> HIPHOP KIT -> SAMPLE	GHOP34ORM2	
Wizoo	Platinum24 - Electronic Drums	Partition D -> HIPHOP KIT -> SAMPLE	GHOP34ORM3	
Wizoo	Platinum24 - Electronic Drums	Partition D -> HIPHOP KIT -> SAMPLE	GHOP34ORM4	
Wizoo	Platinum24 - Electronic Drums	Partition D -> HIPHOP KIT -> SAMPLE	GHOP35BD21	
Wizoo	Platinum24 - Electronic Drums	Partition D -> HIPHOP KIT -> SAMPLE	GHOP35BD22	
Wizoo	Platinum24 - Electronic Drums	Partition D -> HIPHOP KIT -> SAMPLE	GHOP35BD23	
Wizoo	Platinum24 - Electronic Drums	Partition D -> HIPHOP KIT -> SAMPLE	GHOP35BD24	
Wizoo	Platinum24 - Electronic Drums	Partition D -> HIPHOP KIT -> SAMPLE	GHOP36BD11	
Wizoo	Platinum24 - Electronic Drums	Partition D -> HIPHOP KIT -> SAMPLE	GHOP36BD12	
Wizoo	Platinum24 - Electronic Drums	Partition D -> HIPHOP KIT -> SAMPLE	GHOP36BD13	
Wizoo	Platinum24 - Electronic Drums	Partition D -> HIPHOP KIT -> SAMPLE	GHOP36BD14	
Wizoo	Platinum24 - Electronic Drums	Partition D -> HIPHOP KIT -> SAMPLE	GHOP37CRM1	
Wizoo	Platinum24 - Electronic Drums	Partition D -> HIPHOP KIT -> SAMPLE	GHOP37CRM2	
Wizoo	Platinum24 - Electronic Drums	Partition D -> HIPHOP KIT -> SAMPLE	GHOP38SD11	
Wizoo	Platinum24 - Electronic Drums	Partition D -> HIPHOP KIT -> SAMPLE	GHOP38SD12	
Wizoo	Platinum24 - Electronic Drums	Partition D -> HIPHOP KIT -> SAMPLE	GHOP38SD13	
Wizoo	Platinum24 - Electronic Drums	Partition D -> HIPHOP KIT -> SAMPLE	GHOP38SD14	
Wizoo	Platinum24 - Electronic Drums	Partition D -> HIPHOP KIT -> SAMPLE	GHOP39CLP1	
Wizoo	Platinum24 - Electronic Drums	Partition D -> HIPHOP KIT -> SAMPLE	GHOP39CLP2	
Wizoo	Platinum24 - Electronic Drums	Partition D -> HIPHOP KIT -> SAMPLE	GHOP39CLP3	
Wizoo	Platinum24 - Electronic Drums	Partition D -> HIPHOP KIT -> SAMPLE	GHOP39CLP4	
Wizoo	Platinum24 - Electronic Drums	Partition D -> HIPHOP KIT -> SAMPLE	GHOP40SD21	
Wizoo	Platinum24 - Electronic Drums	Partition D -> HIPHOP KIT -> SAMPLE	GHOP40SD22	
Wizoo	Platinum24 - Electronic Drums	Partition D -> HIPHOP KIT -> SAMPLE	GHOP40SD23	
Wizoo	Platinum24 - Electronic Drums	Partition D -> HIPHOP KIT -> SAMPLE	GHOP40SD24	
Wizoo	Platinum24 - Electronic Drums	Partition D -> HIPHOP KIT -> SAMPLE	GHOP41FTL1	
Wizoo	Platinum24 - Electronic Drums	Partition D -> HIPHOP KIT -> SAMPLE	GHOP41FTL2	
Wizoo	Platinum24 - Electronic Drums	Partition D -> HIPHOP KIT -> SAMPLE	GHOP41FTL3	
Wizoo	Platinum24 - Electronic Drums	Partition D -> HIPHOP KIT -> SAMPLE	GHOP41FTL4	
Wizoo	Platinum24 - Electronic Drums	Partition D -> HIPHOP KIT -> SAMPLE	GHOP42CHH1	
Wizoo	Platinum24 - Electronic Drums	Partition D -> HIPHOP KIT -> SAMPLE	GHOP42CHH2	
Wizoo	Platinum24 - Electronic Drums	Partition D -> HIPHOP KIT -> SAMPLE	GHOP42CHH3	
Wizoo	Platinum24 - Electronic Drums	Partition D -> HIPHOP KIT -> SAMPLE	GHOP42CHH4	
Wizoo	Platinum24 - Electronic Drums	Partition D -> HIPHOP KIT -> SAMPLE	GHOP43FTH1	
Wizoo	Platinum24 - Electronic Drums	Partition D -> HIPHOP KIT -> SAMPLE	GHOP43FTH2	
Wizoo	Platinum24 - Electronic Drums	Partition D -> HIPHOP KIT -> SAMPLE	GHOP43FTH3	
Wizoo	Platinum24 - Electronic Drums	Partition D -> HIPHOP KIT -> SAMPLE	GHOP43FTH4	
Wizoo	Platinum24 - Electronic Drums	Partition D -> HIPHOP KIT -> SAMPLE	GHOP44PHH1	
Wizoo	Platinum24 - Electronic Drums	Partition D -> HIPHOP KIT -> SAMPLE	GHOP44PHH2	
Wizoo	Platinum24 - Electronic Drums	Partition D -> HIPHOP KIT -> SAMPLE	GHOP44PHH3	
Wizoo	Platinum24 - Electronic Drums	Partition D -> HIPHOP KIT -> SAMPLE	GHOP44PHH4	
Wizoo	Platinum24 - Electronic Drums	Partition D -> HIPHOP KIT -> SAMPLE	GHOP45MTL1	
Wizoo	Platinum24 - Electronic Drums	Partition D -> HIPHOP KIT -> SAMPLE	GHOP45MTL2	
Wizoo	Platinum24 - Electronic Drums	Partition D -> HIPHOP KIT -> SAMPLE	GHOP45MTL3	
Wizoo	Platinum24 - Electronic Drums	Partition D -> HIPHOP KIT -> SAMPLE	GHOP45MTL4	
Wizoo	Platinum24 - Electronic Drums	Partition D -> HIPHOP KIT -> SAMPLE	GHOP46OHH1	
Wizoo	Platinum24 - Electronic Drums	Partition D -> HIPHOP KIT -> SAMPLE	GHOP46OHH2	
Wizoo	Platinum24 - Electronic Drums	Partition D -> HIPHOP KIT -> SAMPLE	GHOP46OHH3	
Wizoo	Platinum24 - Electronic Drums	Partition D -> HIPHOP KIT -> SAMPLE	GHOP46OHH4	
Wizoo	Platinum24 - Electronic Drums	Partition D -> HIPHOP KIT -> SAMPLE	GHOP47MTH1	
Wizoo	Platinum24 - Electronic Drums	Partition D -> HIPHOP KIT -> SAMPLE	GHOP47MTH2	
Wizoo	Platinum24 - Electronic Drums	Partition D -> HIPHOP KIT -> SAMPLE	GHOP47MTH3	
Wizoo	Platinum24 - Electronic Drums	Partition D -> HIPHOP KIT -> SAMPLE	GHOP47MTH4	
Wizoo	Platinum24 - Electronic Drums	Partition D -> HIPHOP KIT -> SAMPLE	GHOP48HTL1	
Wizoo	Platinum24 - Electronic Drums	Partition D -> HIPHOP KIT -> SAMPLE	GHOP48HTL2	
Wizoo	Platinum24 - Electronic Drums	Partition D -> HIPHOP KIT -> SAMPLE	GHOP48HTL3	
Wizoo	Platinum24 - Electronic Drums	Partition D -> HIPHOP KIT -> SAMPLE	GHOP48HTL4	
Wizoo	Platinum24 - Electronic Drums	Partition D -> HIPHOP KIT -> SAMPLE	GHOP49CYM1	
Wizoo	Platinum24 - Electronic Drums	Partition D -> HIPHOP KIT -> SAMPLE	GHOP49CYM2	
Wizoo	Platinum24 - Electronic Drums	Partition D -> HIPHOP KIT -> SAMPLE	GHOP49CYM3	
Wizoo	Platinum24 - Electronic Drums	Partition D -> HIPHOP KIT -> SAMPLE	GHOP49CYM4	
Wizoo	Platinum24 - Electronic Drums	Partition D -> HIPHOP KIT -> SAMPLE	GHOP50HTH1	
Wizoo	Platinum24 - Electronic Drums	Partition D -> HIPHOP KIT -> SAMPLE	GHOP50HTH2	
Wizoo	Platinum24 - Electronic Drums	Partition D -> HIPHOP KIT -> SAMPLE	GHOP50HTH3	
Wizoo	Platinum24 - Electronic Drums	Partition D -> HIPHOP KIT -> SAMPLE	GHOP50HTH4	
Wizoo	Platinum24 - Electronic Drums	Partition D -> HIPHOP KIT -> SAMPLE	GHOP51CYH1	
Wizoo	Platinum24 - Electronic Drums	Partition D -> HIPHOP KIT -> SAMPLE	GHOP51CYH2	
Wizoo	Platinum24 - Electronic Drums	Partition D -> HIPHOP KIT -> SAMPLE	GHOP51CYH3	
Wizoo	Platinum24 - Electronic Drums	Partition D -> HIPHOP KIT -> SAMPLE	GHOP51CYH4	
Wizoo	Platinum24 - Electronic Drums	Partition D -> HIPHOP KIT -> SAMPLE	GHOP56COW1	
Wizoo	Platinum24 - Electronic Drums	Partition D -> HIPHOP KIT -> SAMPLE	GHOP56COW2	
Wizoo	Platinum24 - Electronic Drums	Partition D -> HIPHOP KIT -> SAMPLE	GHOP56COW3	
Wizoo	Platinum24 - Electronic Drums	Partition D -> HIPHOP KIT -> SAMPLE	GHOP70MAR1	
Wizoo	Platinum24 - Electronic Drums	Partition D -> HIPHOP KIT -> SAMPLE	GHOP70MAR2	
Wizoo	Platinum24 - Electronic Drums	Partition D -> HIPHOP KIT -> SAMPLE	GHOP75CLV1	
Wizoo	Platinum24 - Electronic Drums	Partition D -> HIPHOP KIT -> SAMPLE	GHOP75CLV2	
Wizoo	Platinum24 - Electronic Drums	Partition D -> SYNTH KIT -> PROGRAM	SYNTH KIT	
Wizoo	Platinum24 - Electronic Drums	Partition D -> SYNTH KIT -> SAMPLE	MWII31SN31	
Wizoo	Platinum24 - Electronic Drums	Partition D -> SYNTH KIT -> SAMPLE	MWII31SN32	
Wizoo	Platinum24 - Electronic Drums	Partition D -> SYNTH KIT -> SAMPLE	MWII31SN33	
Wizoo	Platinum24 - Electronic Drums	Partition D -> SYNTH KIT -> SAMPLE	MWII31SN34	
Wizoo	Platinum24 - Electronic Drums	Partition D -> SYNTH KIT -> SAMPLE	MWII33BD11	
Wizoo	Platinum24 - Electronic Drums	Partition D -> SYNTH KIT -> SAMPLE	MWII33BD12	
Wizoo	Platinum24 - Electronic Drums	Partition D -> SYNTH KIT -> SAMPLE	MWII33BD13	
Wizoo	Platinum24 - Electronic Drums	Partition D -> SYNTH KIT -> SAMPLE	MWII33BD14	
Wizoo	Platinum24 - Electronic Drums	Partition D -> SYNTH KIT -> SAMPLE	MWII34RM21	
Wizoo	Platinum24 - Electronic Drums	Partition D -> SYNTH KIT -> SAMPLE	MWII34RM22	
Wizoo	Platinum24 - Electronic Drums	Partition D -> SYNTH KIT -> SAMPLE	MWII34RM23	
Wizoo	Platinum24 - Electronic Drums	Partition D -> SYNTH KIT -> SAMPLE	MWII34RM24	
Wizoo	Platinum24 - Electronic Drums	Partition D -> SYNTH KIT -> SAMPLE	MWII35BD31	
Wizoo	Platinum24 - Electronic Drums	Partition D -> SYNTH KIT -> SAMPLE	MWII35BD32	
Wizoo	Platinum24 - Electronic Drums	Partition D -> SYNTH KIT -> SAMPLE	MWII35BD33	
Wizoo	Platinum24 - Electronic Drums	Partition D -> SYNTH KIT -> SAMPLE	MWII35BD34	
Wizoo	Platinum24 - Electronic Drums	Partition D -> SYNTH KIT -> SAMPLE	MWII36BD21	
Wizoo	Platinum24 - Electronic Drums	Partition D -> SYNTH KIT -> SAMPLE	MWII36BD22	
Wizoo	Platinum24 - Electronic Drums	Partition D -> SYNTH KIT -> SAMPLE	MWII36BD23	
Wizoo	Platinum24 - Electronic Drums	Partition D -> SYNTH KIT -> SAMPLE	MWII36BD24	
Wizoo	Platinum24 - Electronic Drums	Partition D -> SYNTH KIT -> SAMPLE	MWII37RM11	
Wizoo	Platinum24 - Electronic Drums	Partition D -> SYNTH KIT -> SAMPLE	MWII38SN21	
Wizoo	Platinum24 - Electronic Drums	Partition D -> SYNTH KIT -> SAMPLE	MWII38SN22	
Wizoo	Platinum24 - Electronic Drums	Partition D -> SYNTH KIT -> SAMPLE	MWII38SN23	
Wizoo	Platinum24 - Electronic Drums	Partition D -> SYNTH KIT -> SAMPLE	MWII39CP11	
Wizoo	Platinum24 - Electronic Drums	Partition D -> SYNTH KIT -> SAMPLE	MWII39CP12	
Wizoo	Platinum24 - Electronic Drums	Partition D -> SYNTH KIT -> SAMPLE	MWII39CP13	
Wizoo	Platinum24 - Electronic Drums	Partition D -> SYNTH KIT -> SAMPLE	MWII40SN11	
Wizoo	Platinum24 - Electronic Drums	Partition D -> SYNTH KIT -> SAMPLE	MWII40SN12	
Wizoo	Platinum24 - Electronic Drums	Partition D -> SYNTH KIT -> SAMPLE	MWII40SN13	
Wizoo	Platinum24 - Electronic Drums	Partition D -> SYNTH KIT -> SAMPLE	MWII40SN14	
Wizoo	Platinum24 - Electronic Drums	Partition D -> SYNTH KIT -> SAMPLE	MWII41FTL1	
Wizoo	Platinum24 - Electronic Drums	Partition D -> SYNTH KIT -> SAMPLE	MWII41FTL2	
Wizoo	Platinum24 - Electronic Drums	Partition D -> SYNTH KIT -> SAMPLE	MWII41FTL3	
Wizoo	Platinum24 - Electronic Drums	Partition D -> SYNTH KIT -> SAMPLE	MWII41FTL4	
Wizoo	Platinum24 - Electronic Drums	Partition D -> SYNTH KIT -> SAMPLE	MWII42CHH1	
Wizoo	Platinum24 - Electronic Drums	Partition D -> SYNTH KIT -> SAMPLE	MWII42CHH2	
Wizoo	Platinum24 - Electronic Drums	Partition D -> SYNTH KIT -> SAMPLE	MWII42CHH3	
Wizoo	Platinum24 - Electronic Drums	Partition D -> SYNTH KIT -> SAMPLE	MWII43FTH1	
Wizoo	Platinum24 - Electronic Drums	Partition D -> SYNTH KIT -> SAMPLE	MWII43FTH2	
Wizoo	Platinum24 - Electronic Drums	Partition D -> SYNTH KIT -> SAMPLE	MWII43FTH3	
Wizoo	Platinum24 - Electronic Drums	Partition D -> SYNTH KIT -> SAMPLE	MWII43FTH4	
Wizoo	Platinum24 - Electronic Drums	Partition D -> SYNTH KIT -> SAMPLE	MWII44PHH1	
Wizoo	Platinum24 - Electronic Drums	Partition D -> SYNTH KIT -> SAMPLE	MWII44PHH2	
Wizoo	Platinum24 - Electronic Drums	Partition D -> SYNTH KIT -> SAMPLE	MWII44PHH3	
Wizoo	Platinum24 - Electronic Drums	Partition D -> SYNTH KIT -> SAMPLE	MWII45MTL1	
Wizoo	Platinum24 - Electronic Drums	Partition D -> SYNTH KIT -> SAMPLE	MWII45MTL2	
Wizoo	Platinum24 - Electronic Drums	Partition D -> SYNTH KIT -> SAMPLE	MWII45MTL3	
Wizoo	Platinum24 - Electronic Drums	Partition D -> SYNTH KIT -> SAMPLE	MWII45MTL4	
Wizoo	Platinum24 - Electronic Drums	Partition D -> SYNTH KIT -> SAMPLE	MWII46OHH1	
Wizoo	Platinum24 - Electronic Drums	Partition D -> SYNTH KIT -> SAMPLE	MWII46OHH2	
Wizoo	Platinum24 - Electronic Drums	Partition D -> SYNTH KIT -> SAMPLE	MWII46OHH3	
Wizoo	Platinum24 - Electronic Drums	Partition D -> SYNTH KIT -> SAMPLE	MWII47MTH1	
Wizoo	Platinum24 - Electronic Drums	Partition D -> SYNTH KIT -> SAMPLE	MWII47MTH2	
Wizoo	Platinum24 - Electronic Drums	Partition D -> SYNTH KIT -> SAMPLE	MWII47MTH3	
Wizoo	Platinum24 - Electronic Drums	Partition D -> SYNTH KIT -> SAMPLE	MWII47MTH4	
Wizoo	Platinum24 - Electronic Drums	Partition D -> SYNTH KIT -> SAMPLE	MWII48HTL1	
Wizoo	Platinum24 - Electronic Drums	Partition D -> SYNTH KIT -> SAMPLE	MWII48HTL2	
Wizoo	Platinum24 - Electronic Drums	Partition D -> SYNTH KIT -> SAMPLE	MWII48HTL3	
Wizoo	Platinum24 - Electronic Drums	Partition D -> SYNTH KIT -> SAMPLE	MWII48HTL4	
Wizoo	Platinum24 - Electronic Drums	Partition D -> SYNTH KIT -> SAMPLE	MWII49CS11	
Wizoo	Platinum24 - Electronic Drums	Partition D -> SYNTH KIT -> SAMPLE	MWII49CS12	
Wizoo	Platinum24 - Electronic Drums	Partition D -> SYNTH KIT -> SAMPLE	MWII49CS13	
Wizoo	Platinum24 - Electronic Drums	Partition D -> SYNTH KIT -> SAMPLE	MWII50HTH1	
Wizoo	Platinum24 - Electronic Drums	Partition D -> SYNTH KIT -> SAMPLE	MWII50HTH2	
Wizoo	Platinum24 - Electronic Drums	Partition D -> SYNTH KIT -> SAMPLE	MWII50HTH3	
Wizoo	Platinum24 - Electronic Drums	Partition D -> SYNTH KIT -> SAMPLE	MWII50HTH4	
Wizoo	Platinum24 - Electronic Drums	Partition D -> SYNTH KIT -> SAMPLE	MWII51RD11	
Wizoo	Platinum24 - Electronic Drums	Partition D -> SYNTH KIT -> SAMPLE	MWII51RD12	
Wizoo	Platinum24 - Electronic Drums	Partition D -> SYNTH KIT -> SAMPLE	MWII51RD13	
Wizoo	Platinum24 - Electronic Drums	Partition D -> SYNTH KIT -> SAMPLE	MWII53CUP1	
Wizoo	Platinum24 - Electronic Drums	Partition D -> SYNTH KIT -> SAMPLE	MWII54TB11	
Wizoo	Platinum24 - Electronic Drums	Partition D -> SYNTH KIT -> SAMPLE	MWII54TB12	
Wizoo	Platinum24 - Electronic Drums	Partition D -> SYNTH KIT -> SAMPLE	MWII54TB13	
Wizoo	Platinum24 - Electronic Drums	Partition D -> SYNTH KIT -> SAMPLE	MWII57CS21	
Wizoo	Platinum24 - Electronic Drums	Partition D -> SYNTH KIT -> SAMPLE	MWII57CS22	
Wizoo	Platinum24 - Electronic Drums	Partition D -> SYNTH KIT -> SAMPLE	MWII57CS23	
Wizoo	Platinum24 - Electronic Drums	Partition D -> SYNTH KIT -> SAMPLE	MWII60BG2	
Wizoo	Platinum24 - Electronic Drums	Partition D -> SYNTH KIT -> SAMPLE	MWII61BG11	
Wizoo	Platinum24 - Electronic Drums	Partition D -> SYNTH KIT -> SAMPLE	MWII80TRC1	
Wizoo	Platinum24 - Electronic Drums	Partition D -> SYNTH KIT -> SAMPLE	MWII81TRO1	
Wizoo	Platinum24 - Electronic Drums	Partition D -> SYNTH KIT -> SAMPLE	MWII82SHK1	
Wizoo	Platinum24 - Electronic Drums	Partition D -> SYNTH KIT -> SAMPLE	MWII82SHK2	
Wizoo	Platinum24 - Electronic Drums	Partition D -> TECHNO KIT -> PROGRAM	TECHNO KIT	
Wizoo	Platinum24 - Electronic Drums	Partition D -> TECHNO KIT -> SAMPLE	909S33BD31	
Wizoo	Platinum24 - Electronic Drums	Partition D -> TECHNO KIT -> SAMPLE	909S33BD32	
Wizoo	Platinum24 - Electronic Drums	Partition D -> TECHNO KIT -> SAMPLE	909S33BD33	
Wizoo	Platinum24 - Electronic Drums	Partition D -> TECHNO KIT -> SAMPLE	909S33BD34	
Wizoo	Platinum24 - Electronic Drums	Partition D -> TECHNO KIT -> SAMPLE	909S33BD35	
Wizoo	Platinum24 - Electronic Drums	Partition D -> TECHNO KIT -> SAMPLE	909S33BD36	
Wizoo	Platinum24 - Electronic Drums	Partition D -> TECHNO KIT -> SAMPLE	909S35BD11	
Wizoo	Platinum24 - Electronic Drums	Partition D -> TECHNO KIT -> SAMPLE	909S35BD12	
Wizoo	Platinum24 - Electronic Drums	Partition D -> TECHNO KIT -> SAMPLE	909S35BD13	
Wizoo	Platinum24 - Electronic Drums	Partition D -> TECHNO KIT -> SAMPLE	909S35BD14	
Wizoo	Platinum24 - Electronic Drums	Partition D -> TECHNO KIT -> SAMPLE	909S35BD15	
Wizoo	Platinum24 - Electronic Drums	Partition D -> TECHNO KIT -> SAMPLE	909S36BD21	
Wizoo	Platinum24 - Electronic Drums	Partition D -> TECHNO KIT -> SAMPLE	909S36BD22	
Wizoo	Platinum24 - Electronic Drums	Partition D -> TECHNO KIT -> SAMPLE	909S36BD23	
Wizoo	Platinum24 - Electronic Drums	Partition D -> TECHNO KIT -> SAMPLE	909S36BD24	
Wizoo	Platinum24 - Electronic Drums	Partition D -> TECHNO KIT -> SAMPLE	909S36BD25	
Wizoo	Platinum24 - Electronic Drums	Partition D -> TECHNO KIT -> SAMPLE	909S37RIM1	
Wizoo	Platinum24 - Electronic Drums	Partition D -> TECHNO KIT -> SAMPLE	909S37RIM2	
Wizoo	Platinum24 - Electronic Drums	Partition D -> TECHNO KIT -> SAMPLE	909S37RIM3	
Wizoo	Platinum24 - Electronic Drums	Partition D -> TECHNO KIT -> SAMPLE	909S37RIM4	
Wizoo	Platinum24 - Electronic Drums	Partition D -> TECHNO KIT -> SAMPLE	909S37RIM5	
Wizoo	Platinum24 - Electronic Drums	Partition D -> TECHNO KIT -> SAMPLE	909S38SN11	
Wizoo	Platinum24 - Electronic Drums	Partition D -> TECHNO KIT -> SAMPLE	909S38SN12	
Wizoo	Platinum24 - Electronic Drums	Partition D -> TECHNO KIT -> SAMPLE	909S38SN13	
Wizoo	Platinum24 - Electronic Drums	Partition D -> TECHNO KIT -> SAMPLE	909S38SN14	
Wizoo	Platinum24 - Electronic Drums	Partition D -> TECHNO KIT -> SAMPLE	909S38SN15	
Wizoo	Platinum24 - Electronic Drums	Partition D -> TECHNO KIT -> SAMPLE	909S38SN16	
Wizoo	Platinum24 - Electronic Drums	Partition D -> TECHNO KIT -> SAMPLE	909S38SN17	
Wizoo	Platinum24 - Electronic Drums	Partition D -> TECHNO KIT -> SAMPLE	909S39CLP1	
Wizoo	Platinum24 - Electronic Drums	Partition D -> TECHNO KIT -> SAMPLE	909S39CLP2	
Wizoo	Platinum24 - Electronic Drums	Partition D -> TECHNO KIT -> SAMPLE	909S39CLP3	
Wizoo	Platinum24 - Electronic Drums	Partition D -> TECHNO KIT -> SAMPLE	909S39CLP4	
Wizoo	Platinum24 - Electronic Drums	Partition D -> TECHNO KIT -> SAMPLE	909S40SN21	
Wizoo	Platinum24 - Electronic Drums	Partition D -> TECHNO KIT -> SAMPLE	909S40SN22	
Wizoo	Platinum24 - Electronic Drums	Partition D -> TECHNO KIT -> SAMPLE	909S40SN23	
Wizoo	Platinum24 - Electronic Drums	Partition D -> TECHNO KIT -> SAMPLE	909S40SN24	
Wizoo	Platinum24 - Electronic Drums	Partition D -> TECHNO KIT -> SAMPLE	909S40SN25	
Wizoo	Platinum24 - Electronic Drums	Partition D -> TECHNO KIT -> SAMPLE	909S40SN26	
Wizoo	Platinum24 - Electronic Drums	Partition D -> TECHNO KIT -> SAMPLE	909S40SN27	
Wizoo	Platinum24 - Electronic Drums	Partition D -> TECHNO KIT -> SAMPLE	909S41FTL1	
Wizoo	Platinum24 - Electronic Drums	Partition D -> TECHNO KIT -> SAMPLE	909S41FTL2	
Wizoo	Platinum24 - Electronic Drums	Partition D -> TECHNO KIT -> SAMPLE	909S41FTL3	
Wizoo	Platinum24 - Electronic Drums	Partition D -> TECHNO KIT -> SAMPLE	909S41FTL4	
Wizoo	Platinum24 - Electronic Drums	Partition D -> TECHNO KIT -> SAMPLE	909S42CHH1	
Wizoo	Platinum24 - Electronic Drums	Partition D -> TECHNO KIT -> SAMPLE	909S42CHH2	
Wizoo	Platinum24 - Electronic Drums	Partition D -> TECHNO KIT -> SAMPLE	909S42CHH3	
Wizoo	Platinum24 - Electronic Drums	Partition D -> TECHNO KIT -> SAMPLE	909S42CHH4	
Wizoo	Platinum24 - Electronic Drums	Partition D -> TECHNO KIT -> SAMPLE	909S42CHH5	
Wizoo	Platinum24 - Electronic Drums	Partition D -> TECHNO KIT -> SAMPLE	909S42CHH6	
Wizoo	Platinum24 - Electronic Drums	Partition D -> TECHNO KIT -> SAMPLE	909S43FTH1	
Wizoo	Platinum24 - Electronic Drums	Partition D -> TECHNO KIT -> SAMPLE	909S43FTH2	
Wizoo	Platinum24 - Electronic Drums	Partition D -> TECHNO KIT -> SAMPLE	909S43FTH3	
Wizoo	Platinum24 - Electronic Drums	Partition D -> TECHNO KIT -> SAMPLE	909S43FTH4	
Wizoo	Platinum24 - Electronic Drums	Partition D -> TECHNO KIT -> SAMPLE	909S44PHH1	
Wizoo	Platinum24 - Electronic Drums	Partition D -> TECHNO KIT -> SAMPLE	909S44PHH2	
Wizoo	Platinum24 - Electronic Drums	Partition D -> TECHNO KIT -> SAMPLE	909S44PHH3	
Wizoo	Platinum24 - Electronic Drums	Partition D -> TECHNO KIT -> SAMPLE	909S44PHH4	
Wizoo	Platinum24 - Electronic Drums	Partition D -> TECHNO KIT -> SAMPLE	909S44PHH5	
Wizoo	Platinum24 - Electronic Drums	Partition D -> TECHNO KIT -> SAMPLE	909S44PHH6	
Wizoo	Platinum24 - Electronic Drums	Partition D -> TECHNO KIT -> SAMPLE	909S45MTL1	
Wizoo	Platinum24 - Electronic Drums	Partition D -> TECHNO KIT -> SAMPLE	909S45MTL2	
Wizoo	Platinum24 - Electronic Drums	Partition D -> TECHNO KIT -> SAMPLE	909S45MTL3	
Wizoo	Platinum24 - Electronic Drums	Partition D -> TECHNO KIT -> SAMPLE	909S45MTL4	
Wizoo	Platinum24 - Electronic Drums	Partition D -> TECHNO KIT -> SAMPLE	909S46OHH1	
Wizoo	Platinum24 - Electronic Drums	Partition D -> TECHNO KIT -> SAMPLE	909S46OHH2	
Wizoo	Platinum24 - Electronic Drums	Partition D -> TECHNO KIT -> SAMPLE	909S46OHH3	
Wizoo	Platinum24 - Electronic Drums	Partition D -> TECHNO KIT -> SAMPLE	909S46OHH4	
Wizoo	Platinum24 - Electronic Drums	Partition D -> TECHNO KIT -> SAMPLE	909S47MTH1	
Wizoo	Platinum24 - Electronic Drums	Partition D -> TECHNO KIT -> SAMPLE	909S47MTH2	
Wizoo	Platinum24 - Electronic Drums	Partition D -> TECHNO KIT -> SAMPLE	909S47MTH3	
Wizoo	Platinum24 - Electronic Drums	Partition D -> TECHNO KIT -> SAMPLE	909S47MTH4	
Wizoo	Platinum24 - Electronic Drums	Partition D -> TECHNO KIT -> SAMPLE	909S48HTL1	
Wizoo	Platinum24 - Electronic Drums	Partition D -> TECHNO KIT -> SAMPLE	909S48HTL2	
Wizoo	Platinum24 - Electronic Drums	Partition D -> TECHNO KIT -> SAMPLE	909S48HTL3	
Wizoo	Platinum24 - Electronic Drums	Partition D -> TECHNO KIT -> SAMPLE	909S48HTL4	
Wizoo	Platinum24 - Electronic Drums	Partition D -> TECHNO KIT -> SAMPLE	909S49CS11	
Wizoo	Platinum24 - Electronic Drums	Partition D -> TECHNO KIT -> SAMPLE	909S49CS12	
Wizoo	Platinum24 - Electronic Drums	Partition D -> TECHNO KIT -> SAMPLE	909S49CS13	
Wizoo	Platinum24 - Electronic Drums	Partition D -> TECHNO KIT -> SAMPLE	909S49CS14	
Wizoo	Platinum24 - Electronic Drums	Partition D -> TECHNO KIT -> SAMPLE	909S49CS15	
Wizoo	Platinum24 - Electronic Drums	Partition D -> TECHNO KIT -> SAMPLE	909S50HTH1	
Wizoo	Platinum24 - Electronic Drums	Partition D -> TECHNO KIT -> SAMPLE	909S50HTH2	
Wizoo	Platinum24 - Electronic Drums	Partition D -> TECHNO KIT -> SAMPLE	909S50HTH3	
Wizoo	Platinum24 - Electronic Drums	Partition D -> TECHNO KIT -> SAMPLE	909S50HTH4	
Wizoo	Platinum24 - Electronic Drums	Partition D -> TECHNO KIT -> SAMPLE	909S51RD11	
Wizoo	Platinum24 - Electronic Drums	Partition D -> TECHNO KIT -> SAMPLE	909S51RD12	
Wizoo	Platinum24 - Electronic Drums	Partition D -> TECHNO KIT -> SAMPLE	909S51RD13	
Wizoo	Platinum24 - Electronic Drums	Partition D -> TECHNO KIT -> SAMPLE	909S57CS21	
Wizoo	Platinum24 - Electronic Drums	Partition D -> TECHNO KIT -> SAMPLE	909S57CS22	
Wizoo	Platinum24 - Electronic Drums	Partition D -> TECHNO KIT -> SAMPLE	909S57CS23	
Wizoo	Platinum24 - Electronic Drums	Partition D -> TECHNO KIT -> SAMPLE	909S57CS24	
Wizoo	Platinum24 - Electronic Drums	Partition E -> CONGA MENU -> PROGRAM	CONGA MENU	
Wizoo	Platinum24 - Electronic Drums	Partition E -> CONGA MENU -> SAMPLE	808C62LCL1	
Wizoo	Platinum24 - Electronic Drums	Partition E -> CONGA MENU -> SAMPLE	808C62LCL3	
Wizoo	Platinum24 - Electronic Drums	Partition E -> CONGA MENU -> SAMPLE	808C62LCL4	
Wizoo	Platinum24 - Electronic Drums	Partition E -> CONGA MENU -> SAMPLE	808C62LCL5	
Wizoo	Platinum24 - Electronic Drums	Partition E -> CONGA MENU -> SAMPLE	808C63LCH1	
Wizoo	Platinum24 - Electronic Drums	Partition E -> CONGA MENU -> SAMPLE	808C63LCH2	
Wizoo	Platinum24 - Electronic Drums	Partition E -> CONGA MENU -> SAMPLE	808C63LCH3	
Wizoo	Platinum24 - Electronic Drums	Partition E -> CONGA MENU -> SAMPLE	808C63LCH4	
Wizoo	Platinum24 - Electronic Drums	Partition E -> CONGA MENU -> SAMPLE	808C63LCH5	
Wizoo	Platinum24 - Electronic Drums	Partition E -> CONGA MENU -> SAMPLE	808C64MCL1	
Wizoo	Platinum24 - Electronic Drums	Partition E -> CONGA MENU -> SAMPLE	808C64MCL2	
Wizoo	Platinum24 - Electronic Drums	Partition E -> CONGA MENU -> SAMPLE	808C64MCL3	
Wizoo	Platinum24 - Electronic Drums	Partition E -> CONGA MENU -> SAMPLE	808C64MCL4	
Wizoo	Platinum24 - Electronic Drums	Partition E -> CONGA MENU -> SAMPLE	808C64MCL5	
Wizoo	Platinum24 - Electronic Drums	Partition E -> CONGA MENU -> SAMPLE	808C64MCL6	
Wizoo	Platinum24 - Electronic Drums	Partition E -> CONGA MENU -> SAMPLE	808C65MCH1	
Wizoo	Platinum24 - Electronic Drums	Partition E -> CONGA MENU -> SAMPLE	808C65MCH2	
Wizoo	Platinum24 - Electronic Drums	Partition E -> CONGA MENU -> SAMPLE	808C65MCH3	
Wizoo	Platinum24 - Electronic Drums	Partition E -> CONGA MENU -> SAMPLE	808C65MCH4	
Wizoo	Platinum24 - Electronic Drums	Partition E -> CONGA MENU -> SAMPLE	808C65MCH5	
Wizoo	Platinum24 - Electronic Drums	Partition E -> CONGA MENU -> SAMPLE	808C65MCH6	
Wizoo	Platinum24 - Electronic Drums	Partition E -> CONGA MENU -> SAMPLE	808C65MCH7	
Wizoo	Platinum24 - Electronic Drums	Partition E -> CONGA MENU -> SAMPLE	808C66HCL1	
Wizoo	Platinum24 - Electronic Drums	Partition E -> CONGA MENU -> SAMPLE	808C66HCL2	
Wizoo	Platinum24 - Electronic Drums	Partition E -> CONGA MENU -> SAMPLE	808C66HCL3	
Wizoo	Platinum24 - Electronic Drums	Partition E -> CONGA MENU -> SAMPLE	808C66HCL4	
Wizoo	Platinum24 - Electronic Drums	Partition E -> CONGA MENU -> SAMPLE	808C66HCL5	
Wizoo	Platinum24 - Electronic Drums	Partition E -> CONGA MENU -> SAMPLE	808C67HCH1	
Wizoo	Platinum24 - Electronic Drums	Partition E -> CONGA MENU -> SAMPLE	808C67HCH2	
Wizoo	Platinum24 - Electronic Drums	Partition E -> CONGA MENU -> SAMPLE	808C67HCH3	
Wizoo	Platinum24 - Electronic Drums	Partition E -> CONGA MENU -> SAMPLE	808C67HCH4	
Wizoo	Platinum24 - Electronic Drums	Partition E -> CONGA MENU -> SAMPLE	808C67HCH5	
Wizoo	Platinum24 - Electronic Drums	Partition E -> CONGA MENU -> SAMPLE	808O62LCL1	
Wizoo	Platinum24 - Electronic Drums	Partition E -> CONGA MENU -> SAMPLE	808O62LCL2	
Wizoo	Platinum24 - Electronic Drums	Partition E -> CONGA MENU -> SAMPLE	808O62LCL3	
Wizoo	Platinum24 - Electronic Drums	Partition E -> CONGA MENU -> SAMPLE	808O62LCL4	
Wizoo	Platinum24 - Electronic Drums	Partition E -> CONGA MENU -> SAMPLE	808O63LCH1	
Wizoo	Platinum24 - Electronic Drums	Partition E -> CONGA MENU -> SAMPLE	808O63LCH2	
Wizoo	Platinum24 - Electronic Drums	Partition E -> CONGA MENU -> SAMPLE	808O63LCH3	
Wizoo	Platinum24 - Electronic Drums	Partition E -> CONGA MENU -> SAMPLE	808O63LCH4	
Wizoo	Platinum24 - Electronic Drums	Partition E -> CONGA MENU -> SAMPLE	808O64MCL1	
Wizoo	Platinum24 - Electronic Drums	Partition E -> CONGA MENU -> SAMPLE	808O64MCL2	
Wizoo	Platinum24 - Electronic Drums	Partition E -> CONGA MENU -> SAMPLE	808O64MCL3	
Wizoo	Platinum24 - Electronic Drums	Partition E -> CONGA MENU -> SAMPLE	808O64MCL4	
Wizoo	Platinum24 - Electronic Drums	Partition E -> CONGA MENU -> SAMPLE	808O65MCH1	
Wizoo	Platinum24 - Electronic Drums	Partition E -> CONGA MENU -> SAMPLE	808O65MCH2	
Wizoo	Platinum24 - Electronic Drums	Partition E -> CONGA MENU -> SAMPLE	808O65MCH3	
Wizoo	Platinum24 - Electronic Drums	Partition E -> CONGA MENU -> SAMPLE	808O65MCH4	
Wizoo	Platinum24 - Electronic Drums	Partition E -> CONGA MENU -> SAMPLE	808O66HCL1	
Wizoo	Platinum24 - Electronic Drums	Partition E -> CONGA MENU -> SAMPLE	808O66HCL2	
Wizoo	Platinum24 - Electronic Drums	Partition E -> CONGA MENU -> SAMPLE	808O66HCL3	
Wizoo	Platinum24 - Electronic Drums	Partition E -> CONGA MENU -> SAMPLE	808O66HCL4	
Wizoo	Platinum24 - Electronic Drums	Partition E -> CONGA MENU -> SAMPLE	808O67HCH1	
Wizoo	Platinum24 - Electronic Drums	Partition E -> CONGA MENU -> SAMPLE	808O67HCH2	
Wizoo	Platinum24 - Electronic Drums	Partition E -> CONGA MENU -> SAMPLE	808O67HCH3	
Wizoo	Platinum24 - Electronic Drums	Partition E -> CONGA MENU -> SAMPLE	808O67HCH4	
Wizoo	Platinum24 - Electronic Drums	Partition E -> HHAT MENU P1 -> PROGRAM	HHAT MENU P1	
Wizoo	Platinum24 - Electronic Drums	Partition E -> HHAT MENU P1 -> SAMPLE	909C42CHH1	
Wizoo	Platinum24 - Electronic Drums	Partition E -> HHAT MENU P1 -> SAMPLE	909C42CHH2	
Wizoo	Platinum24 - Electronic Drums	Partition E -> HHAT MENU P1 -> SAMPLE	909C42CHH3	
Wizoo	Platinum24 - Electronic Drums	Partition E -> HHAT MENU P1 -> SAMPLE	909C42CHH4	
Wizoo	Platinum24 - Electronic Drums	Partition E -> HHAT MENU P1 -> SAMPLE	909C42CHH5	
Wizoo	Platinum24 - Electronic Drums	Partition E -> HHAT MENU P1 -> SAMPLE	909C42CHH6	
Wizoo	Platinum24 - Electronic Drums	Partition E -> HHAT MENU P1 -> SAMPLE	909C42CHH7	
Wizoo	Platinum24 - Electronic Drums	Partition E -> HHAT MENU P1 -> SAMPLE	909C42CHH8	
Wizoo	Platinum24 - Electronic Drums	Partition E -> HHAT MENU P1 -> SAMPLE	909C44PHH1	
Wizoo	Platinum24 - Electronic Drums	Partition E -> HHAT MENU P1 -> SAMPLE	909C44PHH2	
Wizoo	Platinum24 - Electronic Drums	Partition E -> HHAT MENU P1 -> SAMPLE	909C44PHH3	
Wizoo	Platinum24 - Electronic Drums	Partition E -> HHAT MENU P1 -> SAMPLE	909C44PHH4	
Wizoo	Platinum24 - Electronic Drums	Partition E -> HHAT MENU P1 -> SAMPLE	909C44PHH5	
Wizoo	Platinum24 - Electronic Drums	Partition E -> HHAT MENU P1 -> SAMPLE	909C46OHH1	
Wizoo	Platinum24 - Electronic Drums	Partition E -> HHAT MENU P1 -> SAMPLE	909C46OHH2	
Wizoo	Platinum24 - Electronic Drums	Partition E -> HHAT MENU P1 -> SAMPLE	909C46OHH3	
Wizoo	Platinum24 - Electronic Drums	Partition E -> HHAT MENU P1 -> SAMPLE	909C46OHH4	
Wizoo	Platinum24 - Electronic Drums	Partition E -> HHAT MENU P1 -> SAMPLE	909C46OHH5	
Wizoo	Platinum24 - Electronic Drums	Partition E -> HHAT MENU P1 -> SAMPLE	909C46OHH6	
Wizoo	Platinum24 - Electronic Drums	Partition E -> HHAT MENU P1 -> SAMPLE	909C46OHH7	
Wizoo	Platinum24 - Electronic Drums	Partition E -> HHAT MENU P1 -> SAMPLE	909D42CHH1	
Wizoo	Platinum24 - Electronic Drums	Partition E -> HHAT MENU P1 -> SAMPLE	909D42CHH2	
Wizoo	Platinum24 - Electronic Drums	Partition E -> HHAT MENU P1 -> SAMPLE	909D42CHH3	
Wizoo	Platinum24 - Electronic Drums	Partition E -> HHAT MENU P1 -> SAMPLE	909D42CHH4	
Wizoo	Platinum24 - Electronic Drums	Partition E -> HHAT MENU P1 -> SAMPLE	909D42CHH5	
Wizoo	Platinum24 - Electronic Drums	Partition E -> HHAT MENU P1 -> SAMPLE	909D42CHH6	
Wizoo	Platinum24 - Electronic Drums	Partition E -> HHAT MENU P1 -> SAMPLE	909D44PHH1	
Wizoo	Platinum24 - Electronic Drums	Partition E -> HHAT MENU P1 -> SAMPLE	909D44PHH2	
Wizoo	Platinum24 - Electronic Drums	Partition E -> HHAT MENU P1 -> SAMPLE	909D44PHH3	
Wizoo	Platinum24 - Electronic Drums	Partition E -> HHAT MENU P1 -> SAMPLE	909D44PHH4	
Wizoo	Platinum24 - Electronic Drums	Partition E -> HHAT MENU P1 -> SAMPLE	909D44PHH5	
Wizoo	Platinum24 - Electronic Drums	Partition E -> HHAT MENU P1 -> SAMPLE	909D44PHH6	
Wizoo	Platinum24 - Electronic Drums	Partition E -> HHAT MENU P1 -> SAMPLE	909D46OHH1	
Wizoo	Platinum24 - Electronic Drums	Partition E -> HHAT MENU P1 -> SAMPLE	909D46OHH2	
Wizoo	Platinum24 - Electronic Drums	Partition E -> HHAT MENU P1 -> SAMPLE	909D46OHH3	
Wizoo	Platinum24 - Electronic Drums	Partition E -> HHAT MENU P1 -> SAMPLE	909D46OHH4	
Wizoo	Platinum24 - Electronic Drums	Partition E -> HHAT MENU P1 -> SAMPLE	909D46OHH5	
Wizoo	Platinum24 - Electronic Drums	Partition E -> HHAT MENU P1 -> SAMPLE	909D46OHH6	
Wizoo	Platinum24 - Electronic Drums	Partition E -> HHAT MENU P1 -> SAMPLE	909N42CHH1	
Wizoo	Platinum24 - Electronic Drums	Partition E -> HHAT MENU P1 -> SAMPLE	909N42CHH2	
Wizoo	Platinum24 - Electronic Drums	Partition E -> HHAT MENU P1 -> SAMPLE	909N42CHH3	
Wizoo	Platinum24 - Electronic Drums	Partition E -> HHAT MENU P1 -> SAMPLE	909N42CHH4	
Wizoo	Platinum24 - Electronic Drums	Partition E -> HHAT MENU P1 -> SAMPLE	909N42CHH5	
Wizoo	Platinum24 - Electronic Drums	Partition E -> HHAT MENU P1 -> SAMPLE	909N42CHH6	
Wizoo	Platinum24 - Electronic Drums	Partition E -> HHAT MENU P1 -> SAMPLE	909N44PHH1	
Wizoo	Platinum24 - Electronic Drums	Partition E -> HHAT MENU P1 -> SAMPLE	909N44PHH2	
Wizoo	Platinum24 - Electronic Drums	Partition E -> HHAT MENU P1 -> SAMPLE	909N44PHH3	
Wizoo	Platinum24 - Electronic Drums	Partition E -> HHAT MENU P1 -> SAMPLE	909N44PHH4	
Wizoo	Platinum24 - Electronic Drums	Partition E -> HHAT MENU P1 -> SAMPLE	909N44PHH5	
Wizoo	Platinum24 - Electronic Drums	Partition E -> HHAT MENU P1 -> SAMPLE	909N44PHH6	
Wizoo	Platinum24 - Electronic Drums	Partition E -> HHAT MENU P1 -> SAMPLE	909N46OHH1	
Wizoo	Platinum24 - Electronic Drums	Partition E -> HHAT MENU P1 -> SAMPLE	909N46OHH2	
Wizoo	Platinum24 - Electronic Drums	Partition E -> HHAT MENU P1 -> SAMPLE	909N46OHH3	
Wizoo	Platinum24 - Electronic Drums	Partition E -> HHAT MENU P1 -> SAMPLE	909N46OHH4	
Wizoo	Platinum24 - Electronic Drums	Partition E -> HHAT MENU P1 -> SAMPLE	909N46OHH5	
Wizoo	Platinum24 - Electronic Drums	Partition E -> HHAT MENU P1 -> SAMPLE	909N46OHH6	
Wizoo	Platinum24 - Electronic Drums	Partition E -> HHAT MENU P1 -> SAMPLE	909O42CHH1	
Wizoo	Platinum24 - Electronic Drums	Partition E -> HHAT MENU P1 -> SAMPLE	909O42CHH2	
Wizoo	Platinum24 - Electronic Drums	Partition E -> HHAT MENU P1 -> SAMPLE	909O42CHH3	
Wizoo	Platinum24 - Electronic Drums	Partition E -> HHAT MENU P1 -> SAMPLE	909O42CHH4	
Wizoo	Platinum24 - Electronic Drums	Partition E -> HHAT MENU P1 -> SAMPLE	909O42CHH5	
Wizoo	Platinum24 - Electronic Drums	Partition E -> HHAT MENU P1 -> SAMPLE	909O42CHH6	
Wizoo	Platinum24 - Electronic Drums	Partition E -> HHAT MENU P1 -> SAMPLE	909O44PHH1	
Wizoo	Platinum24 - Electronic Drums	Partition E -> HHAT MENU P1 -> SAMPLE	909O44PHH2	
Wizoo	Platinum24 - Electronic Drums	Partition E -> HHAT MENU P1 -> SAMPLE	909O44PHH3	
Wizoo	Platinum24 - Electronic Drums	Partition E -> HHAT MENU P1 -> SAMPLE	909O44PHH4	
Wizoo	Platinum24 - Electronic Drums	Partition E -> HHAT MENU P1 -> SAMPLE	909O44PHH5	
Wizoo	Platinum24 - Electronic Drums	Partition E -> HHAT MENU P1 -> SAMPLE	909O44PHH6	
Wizoo	Platinum24 - Electronic Drums	Partition E -> HHAT MENU P1 -> SAMPLE	909O46OHH1	
Wizoo	Platinum24 - Electronic Drums	Partition E -> HHAT MENU P1 -> SAMPLE	909O46OHH2	
Wizoo	Platinum24 - Electronic Drums	Partition E -> HHAT MENU P1 -> SAMPLE	909O46OHH3	
Wizoo	Platinum24 - Electronic Drums	Partition E -> HHAT MENU P1 -> SAMPLE	909O46OHH4	
Wizoo	Platinum24 - Electronic Drums	Partition E -> HHAT MENU P1 -> SAMPLE	909O46OHH5	
Wizoo	Platinum24 - Electronic Drums	Partition E -> HHAT MENU P1 -> SAMPLE	909O46OHH6	
Wizoo	Platinum24 - Electronic Drums	Partition E -> HHAT MENU P1 -> SAMPLE	909Y42CHH1	
Wizoo	Platinum24 - Electronic Drums	Partition E -> HHAT MENU P1 -> SAMPLE	909Y42CHH2	
Wizoo	Platinum24 - Electronic Drums	Partition E -> HHAT MENU P1 -> SAMPLE	909Y42CHH3	
Wizoo	Platinum24 - Electronic Drums	Partition E -> HHAT MENU P1 -> SAMPLE	909Y42CHH4	
Wizoo	Platinum24 - Electronic Drums	Partition E -> HHAT MENU P1 -> SAMPLE	909Y42CHH5	
Wizoo	Platinum24 - Electronic Drums	Partition E -> HHAT MENU P1 -> SAMPLE	909Y42CHH6	
Wizoo	Platinum24 - Electronic Drums	Partition E -> HHAT MENU P1 -> SAMPLE	909Y42CHH7	
Wizoo	Platinum24 - Electronic Drums	Partition E -> HHAT MENU P1 -> SAMPLE	909Y42CHH8	
Wizoo	Platinum24 - Electronic Drums	Partition E -> HHAT MENU P1 -> SAMPLE	909Y44PHH1	
Wizoo	Platinum24 - Electronic Drums	Partition E -> HHAT MENU P1 -> SAMPLE	909Y44PHH2	
Wizoo	Platinum24 - Electronic Drums	Partition E -> HHAT MENU P1 -> SAMPLE	909Y44PHH3	
Wizoo	Platinum24 - Electronic Drums	Partition E -> HHAT MENU P1 -> SAMPLE	909Y44PHH4	
Wizoo	Platinum24 - Electronic Drums	Partition E -> HHAT MENU P1 -> SAMPLE	909Y44PHH5	
Wizoo	Platinum24 - Electronic Drums	Partition E -> HHAT MENU P1 -> SAMPLE	909Y44PHH6	
Wizoo	Platinum24 - Electronic Drums	Partition E -> HHAT MENU P1 -> SAMPLE	909Y46OHH1	
Wizoo	Platinum24 - Electronic Drums	Partition E -> HHAT MENU P1 -> SAMPLE	909Y46OHH2	
Wizoo	Platinum24 - Electronic Drums	Partition E -> HHAT MENU P1 -> SAMPLE	909Y46OHH3	
Wizoo	Platinum24 - Electronic Drums	Partition E -> HHAT MENU P1 -> SAMPLE	909Y46OHH4	
Wizoo	Platinum24 - Electronic Drums	Partition E -> HHAT MENU P1 -> SAMPLE	909Y46OHH5	
Wizoo	Platinum24 - Electronic Drums	Partition E -> HHAT MENU P1 -> SAMPLE	909Y46OHH6	
Wizoo	Platinum24 - Electronic Drums	Partition E -> HHAT MENU P2 -> PROGRAM	HHAT MENU P2	
Wizoo	Platinum24 - Electronic Drums	Partition E -> HHAT MENU P2 -> SAMPLE	808C42CHH1	
Wizoo	Platinum24 - Electronic Drums	Partition E -> HHAT MENU P2 -> SAMPLE	808C42CHH2	
Wizoo	Platinum24 - Electronic Drums	Partition E -> HHAT MENU P2 -> SAMPLE	808C42CHH3	
Wizoo	Platinum24 - Electronic Drums	Partition E -> HHAT MENU P2 -> SAMPLE	808C42CHH4	
Wizoo	Platinum24 - Electronic Drums	Partition E -> HHAT MENU P2 -> SAMPLE	808C42CHH5	
Wizoo	Platinum24 - Electronic Drums	Partition E -> HHAT MENU P2 -> SAMPLE	808C42CHH6	
Wizoo	Platinum24 - Electronic Drums	Partition E -> HHAT MENU P2 -> SAMPLE	808C42CHH7	
Wizoo	Platinum24 - Electronic Drums	Partition E -> HHAT MENU P2 -> SAMPLE	808C42CHH8	
Wizoo	Platinum24 - Electronic Drums	Partition E -> HHAT MENU P2 -> SAMPLE	808C44PHH1	
Wizoo	Platinum24 - Electronic Drums	Partition E -> HHAT MENU P2 -> SAMPLE	808C44PHH2	
Wizoo	Platinum24 - Electronic Drums	Partition E -> HHAT MENU P2 -> SAMPLE	808C44PHH3	
Wizoo	Platinum24 - Electronic Drums	Partition E -> HHAT MENU P2 -> SAMPLE	808C44PHH4	
Wizoo	Platinum24 - Electronic Drums	Partition E -> HHAT MENU P2 -> SAMPLE	808C44PHH5	
Wizoo	Platinum24 - Electronic Drums	Partition E -> HHAT MENU P2 -> SAMPLE	808C44PHH6	
Wizoo	Platinum24 - Electronic Drums	Partition E -> HHAT MENU P2 -> SAMPLE	808C44PHH7	
Wizoo	Platinum24 - Electronic Drums	Partition E -> HHAT MENU P2 -> SAMPLE	808C44PHH8	
Wizoo	Platinum24 - Electronic Drums	Partition E -> HHAT MENU P2 -> SAMPLE	808C44PHH9	
Wizoo	Platinum24 - Electronic Drums	Partition E -> HHAT MENU P2 -> SAMPLE	808C46OHH1	
Wizoo	Platinum24 - Electronic Drums	Partition E -> HHAT MENU P2 -> SAMPLE	808C46OHH2	
Wizoo	Platinum24 - Electronic Drums	Partition E -> HHAT MENU P2 -> SAMPLE	808C46OHH3	
Wizoo	Platinum24 - Electronic Drums	Partition E -> HHAT MENU P2 -> SAMPLE	808C46OHH4	
Wizoo	Platinum24 - Electronic Drums	Partition E -> HHAT MENU P2 -> SAMPLE	808C46OHH5	
Wizoo	Platinum24 - Electronic Drums	Partition E -> HHAT MENU P2 -> SAMPLE	808C46OHH6	
Wizoo	Platinum24 - Electronic Drums	Partition E -> HHAT MENU P2 -> SAMPLE	808O42CHH1	
Wizoo	Platinum24 - Electronic Drums	Partition E -> HHAT MENU P2 -> SAMPLE	808O42CHH2	
Wizoo	Platinum24 - Electronic Drums	Partition E -> HHAT MENU P2 -> SAMPLE	808O42CHH3	
Wizoo	Platinum24 - Electronic Drums	Partition E -> HHAT MENU P2 -> SAMPLE	808O42CHH4	
Wizoo	Platinum24 - Electronic Drums	Partition E -> HHAT MENU P2 -> SAMPLE	808O42CHH5	
Wizoo	Platinum24 - Electronic Drums	Partition E -> HHAT MENU P2 -> SAMPLE	808O42CHH6	
Wizoo	Platinum24 - Electronic Drums	Partition E -> HHAT MENU P2 -> SAMPLE	808O42CHH7	
Wizoo	Platinum24 - Electronic Drums	Partition E -> HHAT MENU P2 -> SAMPLE	808O42CHH8	
Wizoo	Platinum24 - Electronic Drums	Partition E -> HHAT MENU P2 -> SAMPLE	808O42CHH9	
Wizoo	Platinum24 - Electronic Drums	Partition E -> HHAT MENU P2 -> SAMPLE	808O42CHHA	
Wizoo	Platinum24 - Electronic Drums	Partition E -> HHAT MENU P2 -> SAMPLE	808O44PHH1	
Wizoo	Platinum24 - Electronic Drums	Partition E -> HHAT MENU P2 -> SAMPLE	808O44PHH2	
Wizoo	Platinum24 - Electronic Drums	Partition E -> HHAT MENU P2 -> SAMPLE	808O44PHH3	
Wizoo	Platinum24 - Electronic Drums	Partition E -> HHAT MENU P2 -> SAMPLE	808O44PHH4	
Wizoo	Platinum24 - Electronic Drums	Partition E -> HHAT MENU P2 -> SAMPLE	808O44PHH5	
Wizoo	Platinum24 - Electronic Drums	Partition E -> HHAT MENU P2 -> SAMPLE	808O44PHH6	
Wizoo	Platinum24 - Electronic Drums	Partition E -> HHAT MENU P2 -> SAMPLE	808O44PHH7	
Wizoo	Platinum24 - Electronic Drums	Partition E -> HHAT MENU P2 -> SAMPLE	808O44PHH8	
Wizoo	Platinum24 - Electronic Drums	Partition E -> HHAT MENU P2 -> SAMPLE	808O44PHH9	
Wizoo	Platinum24 - Electronic Drums	Partition E -> HHAT MENU P2 -> SAMPLE	808O46OHH1	
Wizoo	Platinum24 - Electronic Drums	Partition E -> HHAT MENU P2 -> SAMPLE	808O46OHH2	
Wizoo	Platinum24 - Electronic Drums	Partition E -> HHAT MENU P2 -> SAMPLE	808O46OHH3	
Wizoo	Platinum24 - Electronic Drums	Partition E -> HHAT MENU P2 -> SAMPLE	808O46OHH4	
Wizoo	Platinum24 - Electronic Drums	Partition E -> HHAT MENU P2 -> SAMPLE	808O46OHH5	
Wizoo	Platinum24 - Electronic Drums	Partition E -> HHAT MENU P2 -> SAMPLE	808O46OHH6	
Wizoo	Platinum24 - Electronic Drums	Partition E -> HHAT MENU P2 -> SAMPLE	808O46OHH7	
Wizoo	Platinum24 - Electronic Drums	Partition E -> HHAT MENU P2 -> SAMPLE	808O46OHH8	
Wizoo	Platinum24 - Electronic Drums	Partition E -> HHAT MENU P2 -> SAMPLE	808O46OHH9	
Wizoo	Platinum24 - Electronic Drums	Partition E -> HHAT MENU P2 -> SAMPLE	808O46OHHA	
Wizoo	Platinum24 - Electronic Drums	Partition E -> HHAT MENU P2 -> SAMPLE	808S42CHH1	
Wizoo	Platinum24 - Electronic Drums	Partition E -> HHAT MENU P2 -> SAMPLE	808S42CHH2	
Wizoo	Platinum24 - Electronic Drums	Partition E -> HHAT MENU P2 -> SAMPLE	808S42CHH3	
Wizoo	Platinum24 - Electronic Drums	Partition E -> HHAT MENU P2 -> SAMPLE	808S42CHH4	
Wizoo	Platinum24 - Electronic Drums	Partition E -> HHAT MENU P2 -> SAMPLE	808S42CHH5	
Wizoo	Platinum24 - Electronic Drums	Partition E -> HHAT MENU P2 -> SAMPLE	808S42CHH6	
Wizoo	Platinum24 - Electronic Drums	Partition E -> HHAT MENU P2 -> SAMPLE	808S42CHH7	
Wizoo	Platinum24 - Electronic Drums	Partition E -> HHAT MENU P2 -> SAMPLE	808S42CHH8	
Wizoo	Platinum24 - Electronic Drums	Partition E -> HHAT MENU P2 -> SAMPLE	808S42CHH9	
Wizoo	Platinum24 - Electronic Drums	Partition E -> HHAT MENU P2 -> SAMPLE	808S44PHH1	
Wizoo	Platinum24 - Electronic Drums	Partition E -> HHAT MENU P2 -> SAMPLE	808S44PHH2	
Wizoo	Platinum24 - Electronic Drums	Partition E -> HHAT MENU P2 -> SAMPLE	808S44PHH3	
Wizoo	Platinum24 - Electronic Drums	Partition E -> HHAT MENU P2 -> SAMPLE	808S44PHH4	
Wizoo	Platinum24 - Electronic Drums	Partition E -> HHAT MENU P2 -> SAMPLE	808S44PHH5	
Wizoo	Platinum24 - Electronic Drums	Partition E -> HHAT MENU P2 -> SAMPLE	808S44PHH6	
Wizoo	Platinum24 - Electronic Drums	Partition E -> HHAT MENU P2 -> SAMPLE	808S44PHH7	
Wizoo	Platinum24 - Electronic Drums	Partition E -> HHAT MENU P2 -> SAMPLE	808S44PHH8	
Wizoo	Platinum24 - Electronic Drums	Partition E -> HHAT MENU P2 -> SAMPLE	808S44PHH9	
Wizoo	Platinum24 - Electronic Drums	Partition E -> HHAT MENU P2 -> SAMPLE	808S46OHH1	
Wizoo	Platinum24 - Electronic Drums	Partition E -> HHAT MENU P2 -> SAMPLE	808S46OHH2	
Wizoo	Platinum24 - Electronic Drums	Partition E -> HHAT MENU P2 -> SAMPLE	808S46OHH3	
Wizoo	Platinum24 - Electronic Drums	Partition E -> HHAT MENU P2 -> SAMPLE	808S46OHH4	
Wizoo	Platinum24 - Electronic Drums	Partition E -> HHAT MENU P2 -> SAMPLE	808S46OHH5	
Wizoo	Platinum24 - Electronic Drums	Partition E -> HHAT MENU P2 -> SAMPLE	808S46OHH6	
Wizoo	Platinum24 - Electronic Drums	Partition E -> HHAT MENU P2 -> SAMPLE	CLUB42CHH1	
Wizoo	Platinum24 - Electronic Drums	Partition E -> HHAT MENU P2 -> SAMPLE	CLUB42CHH2	
Wizoo	Platinum24 - Electronic Drums	Partition E -> HHAT MENU P2 -> SAMPLE	CLUB42CHH3	
Wizoo	Platinum24 - Electronic Drums	Partition E -> HHAT MENU P2 -> SAMPLE	CLUB42CHH4	
Wizoo	Platinum24 - Electronic Drums	Partition E -> HHAT MENU P2 -> SAMPLE	CLUB44PHH1	
Wizoo	Platinum24 - Electronic Drums	Partition E -> HHAT MENU P2 -> SAMPLE	CLUB44PHH2	
Wizoo	Platinum24 - Electronic Drums	Partition E -> HHAT MENU P2 -> SAMPLE	CLUB44PHH3	
Wizoo	Platinum24 - Electronic Drums	Partition E -> HHAT MENU P2 -> SAMPLE	CLUB44PHH4	
Wizoo	Platinum24 - Electronic Drums	Partition E -> HHAT MENU P2 -> SAMPLE	CLUB46OHH1	
Wizoo	Platinum24 - Electronic Drums	Partition E -> HHAT MENU P2 -> SAMPLE	CLUB46OHH2	
Wizoo	Platinum24 - Electronic Drums	Partition E -> HHAT MENU P2 -> SAMPLE	CLUB46OHH3	
Wizoo	Platinum24 - Electronic Drums	Partition E -> HHAT MENU P2 -> SAMPLE	CLUB46OHH4	
Wizoo	Platinum24 - Electronic Drums	Partition E -> HHAT MENU P2 -> SAMPLE	CLUB46OHH5	
Wizoo	Platinum24 - Electronic Drums	Partition E -> KICK MENU P1 -> PROGRAM	KICK MENU P1	
Wizoo	Platinum24 - Electronic Drums	Partition E -> KICK MENU P1 -> SAMPLE	909C33BD31	
Wizoo	Platinum24 - Electronic Drums	Partition E -> KICK MENU P1 -> SAMPLE	909C33BD32	
Wizoo	Platinum24 - Electronic Drums	Partition E -> KICK MENU P1 -> SAMPLE	909C33BD33	
Wizoo	Platinum24 - Electronic Drums	Partition E -> KICK MENU P1 -> SAMPLE	909C33BD34	
Wizoo	Platinum24 - Electronic Drums	Partition E -> KICK MENU P1 -> SAMPLE	909C33BD35	
Wizoo	Platinum24 - Electronic Drums	Partition E -> KICK MENU P1 -> SAMPLE	909C35BD11	
Wizoo	Platinum24 - Electronic Drums	Partition E -> KICK MENU P1 -> SAMPLE	909C35BD12	
Wizoo	Platinum24 - Electronic Drums	Partition E -> KICK MENU P1 -> SAMPLE	909C35BD13	
Wizoo	Platinum24 - Electronic Drums	Partition E -> KICK MENU P1 -> SAMPLE	909C35BD14	
Wizoo	Platinum24 - Electronic Drums	Partition E -> KICK MENU P1 -> SAMPLE	909C35BD15	
Wizoo	Platinum24 - Electronic Drums	Partition E -> KICK MENU P1 -> SAMPLE	909C35BD16	
Wizoo	Platinum24 - Electronic Drums	Partition E -> KICK MENU P1 -> SAMPLE	909C36BD21	
Wizoo	Platinum24 - Electronic Drums	Partition E -> KICK MENU P1 -> SAMPLE	909C36BD22	
Wizoo	Platinum24 - Electronic Drums	Partition E -> KICK MENU P1 -> SAMPLE	909C36BD23	
Wizoo	Platinum24 - Electronic Drums	Partition E -> KICK MENU P1 -> SAMPLE	909C36BD24	
Wizoo	Platinum24 - Electronic Drums	Partition E -> KICK MENU P1 -> SAMPLE	909C36BD25	
Wizoo	Platinum24 - Electronic Drums	Partition E -> KICK MENU P1 -> SAMPLE	909C36BD26	
Wizoo	Platinum24 - Electronic Drums	Partition E -> KICK MENU P1 -> SAMPLE	909D33BD31	
Wizoo	Platinum24 - Electronic Drums	Partition E -> KICK MENU P1 -> SAMPLE	909D33BD32	
Wizoo	Platinum24 - Electronic Drums	Partition E -> KICK MENU P1 -> SAMPLE	909D33BD33	
Wizoo	Platinum24 - Electronic Drums	Partition E -> KICK MENU P1 -> SAMPLE	909D33BD34	
Wizoo	Platinum24 - Electronic Drums	Partition E -> KICK MENU P1 -> SAMPLE	909D33BD35	
Wizoo	Platinum24 - Electronic Drums	Partition E -> KICK MENU P1 -> SAMPLE	909D33BD36	
Wizoo	Platinum24 - Electronic Drums	Partition E -> KICK MENU P1 -> SAMPLE	909D35BD11	
Wizoo	Platinum24 - Electronic Drums	Partition E -> KICK MENU P1 -> SAMPLE	909D35BD12	
Wizoo	Platinum24 - Electronic Drums	Partition E -> KICK MENU P1 -> SAMPLE	909D35BD13	
Wizoo	Platinum24 - Electronic Drums	Partition E -> KICK MENU P1 -> SAMPLE	909D35BD14	
Wizoo	Platinum24 - Electronic Drums	Partition E -> KICK MENU P1 -> SAMPLE	909D35BD15	
Wizoo	Platinum24 - Electronic Drums	Partition E -> KICK MENU P1 -> SAMPLE	909D35BD16	
Wizoo	Platinum24 - Electronic Drums	Partition E -> KICK MENU P1 -> SAMPLE	909D36BD21	
Wizoo	Platinum24 - Electronic Drums	Partition E -> KICK MENU P1 -> SAMPLE	909D36BD22	
Wizoo	Platinum24 - Electronic Drums	Partition E -> KICK MENU P1 -> SAMPLE	909D36BD23	
Wizoo	Platinum24 - Electronic Drums	Partition E -> KICK MENU P1 -> SAMPLE	909D36BD24	
Wizoo	Platinum24 - Electronic Drums	Partition E -> KICK MENU P1 -> SAMPLE	909D36BD25	
Wizoo	Platinum24 - Electronic Drums	Partition E -> KICK MENU P1 -> SAMPLE	909D36BD26	
Wizoo	Platinum24 - Electronic Drums	Partition E -> KICK MENU P1 -> SAMPLE	909N33BD31	
Wizoo	Platinum24 - Electronic Drums	Partition E -> KICK MENU P1 -> SAMPLE	909N33BD32	
Wizoo	Platinum24 - Electronic Drums	Partition E -> KICK MENU P1 -> SAMPLE	909N33BD33	
Wizoo	Platinum24 - Electronic Drums	Partition E -> KICK MENU P1 -> SAMPLE	909N33BD34	
Wizoo	Platinum24 - Electronic Drums	Partition E -> KICK MENU P1 -> SAMPLE	909N33BD35	
Wizoo	Platinum24 - Electronic Drums	Partition E -> KICK MENU P1 -> SAMPLE	909N35BD11	
Wizoo	Platinum24 - Electronic Drums	Partition E -> KICK MENU P1 -> SAMPLE	909N35BD12	
Wizoo	Platinum24 - Electronic Drums	Partition E -> KICK MENU P1 -> SAMPLE	909N35BD13	
Wizoo	Platinum24 - Electronic Drums	Partition E -> KICK MENU P1 -> SAMPLE	909N35BD14	
Wizoo	Platinum24 - Electronic Drums	Partition E -> KICK MENU P1 -> SAMPLE	909N35BD15	
Wizoo	Platinum24 - Electronic Drums	Partition E -> KICK MENU P1 -> SAMPLE	909N35BD16	
Wizoo	Platinum24 - Electronic Drums	Partition E -> KICK MENU P1 -> SAMPLE	909N36BD21	
Wizoo	Platinum24 - Electronic Drums	Partition E -> KICK MENU P1 -> SAMPLE	909N36BD22	
Wizoo	Platinum24 - Electronic Drums	Partition E -> KICK MENU P1 -> SAMPLE	909N36BD23	
Wizoo	Platinum24 - Electronic Drums	Partition E -> KICK MENU P1 -> SAMPLE	909N36BD24	
Wizoo	Platinum24 - Electronic Drums	Partition E -> KICK MENU P1 -> SAMPLE	909N36BD25	
Wizoo	Platinum24 - Electronic Drums	Partition E -> KICK MENU P1 -> SAMPLE	909O33BD31	
Wizoo	Platinum24 - Electronic Drums	Partition E -> KICK MENU P1 -> SAMPLE	909O33BD32	
Wizoo	Platinum24 - Electronic Drums	Partition E -> KICK MENU P1 -> SAMPLE	909O33BD33	
Wizoo	Platinum24 - Electronic Drums	Partition E -> KICK MENU P1 -> SAMPLE	909O33BD34	
Wizoo	Platinum24 - Electronic Drums	Partition E -> KICK MENU P1 -> SAMPLE	909O33BD35	
Wizoo	Platinum24 - Electronic Drums	Partition E -> KICK MENU P1 -> SAMPLE	909O35BD11	
Wizoo	Platinum24 - Electronic Drums	Partition E -> KICK MENU P1 -> SAMPLE	909O35BD12	
Wizoo	Platinum24 - Electronic Drums	Partition E -> KICK MENU P1 -> SAMPLE	909O35BD13	
Wizoo	Platinum24 - Electronic Drums	Partition E -> KICK MENU P1 -> SAMPLE	909O35BD14	
Wizoo	Platinum24 - Electronic Drums	Partition E -> KICK MENU P1 -> SAMPLE	909O35BD15	
Wizoo	Platinum24 - Electronic Drums	Partition E -> KICK MENU P1 -> SAMPLE	909O35BD16	
Wizoo	Platinum24 - Electronic Drums	Partition E -> KICK MENU P1 -> SAMPLE	909O36BD21	
Wizoo	Platinum24 - Electronic Drums	Partition E -> KICK MENU P1 -> SAMPLE	909O36BD22	
Wizoo	Platinum24 - Electronic Drums	Partition E -> KICK MENU P1 -> SAMPLE	909O36BD23	
Wizoo	Platinum24 - Electronic Drums	Partition E -> KICK MENU P1 -> SAMPLE	909O36BD24	
Wizoo	Platinum24 - Electronic Drums	Partition E -> KICK MENU P1 -> SAMPLE	909O36BD25	
Wizoo	Platinum24 - Electronic Drums	Partition E -> KICK MENU P1 -> SAMPLE	909Y33BD31	
Wizoo	Platinum24 - Electronic Drums	Partition E -> KICK MENU P1 -> SAMPLE	909Y33BD32	
Wizoo	Platinum24 - Electronic Drums	Partition E -> KICK MENU P1 -> SAMPLE	909Y33BD33	
Wizoo	Platinum24 - Electronic Drums	Partition E -> KICK MENU P1 -> SAMPLE	909Y33BD34	
Wizoo	Platinum24 - Electronic Drums	Partition E -> KICK MENU P1 -> SAMPLE	909Y33BD35	
Wizoo	Platinum24 - Electronic Drums	Partition E -> KICK MENU P1 -> SAMPLE	909Y33BD36	
Wizoo	Platinum24 - Electronic Drums	Partition E -> KICK MENU P1 -> SAMPLE	909Y33BD37	
Wizoo	Platinum24 - Electronic Drums	Partition E -> KICK MENU P1 -> SAMPLE	909Y35BD21	
Wizoo	Platinum24 - Electronic Drums	Partition E -> KICK MENU P1 -> SAMPLE	909Y35BD22	
Wizoo	Platinum24 - Electronic Drums	Partition E -> KICK MENU P1 -> SAMPLE	909Y35BD23	
Wizoo	Platinum24 - Electronic Drums	Partition E -> KICK MENU P1 -> SAMPLE	909Y35BD24	
Wizoo	Platinum24 - Electronic Drums	Partition E -> KICK MENU P1 -> SAMPLE	909Y35BD25	
Wizoo	Platinum24 - Electronic Drums	Partition E -> KICK MENU P1 -> SAMPLE	909Y35BD26	
Wizoo	Platinum24 - Electronic Drums	Partition E -> KICK MENU P1 -> SAMPLE	909Y35BD27	
Wizoo	Platinum24 - Electronic Drums	Partition E -> KICK MENU P1 -> SAMPLE	909Y36BD11	
Wizoo	Platinum24 - Electronic Drums	Partition E -> KICK MENU P1 -> SAMPLE	909Y36BD12	
Wizoo	Platinum24 - Electronic Drums	Partition E -> KICK MENU P1 -> SAMPLE	909Y36BD13	
Wizoo	Platinum24 - Electronic Drums	Partition E -> KICK MENU P1 -> SAMPLE	909Y36BD14	
Wizoo	Platinum24 - Electronic Drums	Partition E -> KICK MENU P1 -> SAMPLE	909Y36BD15	
Wizoo	Platinum24 - Electronic Drums	Partition E -> KICK MENU P1 -> SAMPLE	909Y36BD16	
Wizoo	Platinum24 - Electronic Drums	Partition E -> KICK MENU P1 -> SAMPLE	909Y36BD17	
Wizoo	Platinum24 - Electronic Drums	Partition E -> KICK MENU P1 -> SAMPLE	909Y36BD18	
Wizoo	Platinum24 - Electronic Drums	Partition E -> KICK MENU P1 -> SAMPLE	909Y36BD19	
Wizoo	Platinum24 - Electronic Drums	Partition E -> KICK MENU P1 -> SAMPLE	CLUB33BD31	
Wizoo	Platinum24 - Electronic Drums	Partition E -> KICK MENU P1 -> SAMPLE	CLUB33BD32	
Wizoo	Platinum24 - Electronic Drums	Partition E -> KICK MENU P1 -> SAMPLE	CLUB35BD11	
Wizoo	Platinum24 - Electronic Drums	Partition E -> KICK MENU P1 -> SAMPLE	CLUB35BD12	
Wizoo	Platinum24 - Electronic Drums	Partition E -> KICK MENU P1 -> SAMPLE	CLUB35BD13	
Wizoo	Platinum24 - Electronic Drums	Partition E -> KICK MENU P1 -> SAMPLE	CLUB35BD14	
Wizoo	Platinum24 - Electronic Drums	Partition E -> KICK MENU P1 -> SAMPLE	CLUB35BD15	
Wizoo	Platinum24 - Electronic Drums	Partition E -> KICK MENU P1 -> SAMPLE	CLUB36BD21	
Wizoo	Platinum24 - Electronic Drums	Partition E -> KICK MENU P1 -> SAMPLE	CLUB36BD22	
Wizoo	Platinum24 - Electronic Drums	Partition E -> KICK MENU P1 -> SAMPLE	CLUB36BD23	
Wizoo	Platinum24 - Electronic Drums	Partition E -> KICK MENU P1 -> SAMPLE	CLUB36BD24	
Wizoo	Platinum24 - Electronic Drums	Partition E -> KICK MENU P1 -> SAMPLE	CLUB36BD25	
Wizoo	Platinum24 - Electronic Drums	Partition E -> KICK MENU P1 -> SAMPLE	GOA133BD31	
Wizoo	Platinum24 - Electronic Drums	Partition E -> KICK MENU P1 -> SAMPLE	GOA133BD32	
Wizoo	Platinum24 - Electronic Drums	Partition E -> KICK MENU P1 -> SAMPLE	GOA133BD33	
Wizoo	Platinum24 - Electronic Drums	Partition E -> KICK MENU P1 -> SAMPLE	GOA135BD11	
Wizoo	Platinum24 - Electronic Drums	Partition E -> KICK MENU P1 -> SAMPLE	GOA135BD12	
Wizoo	Platinum24 - Electronic Drums	Partition E -> KICK MENU P1 -> SAMPLE	GOA135BD13	
Wizoo	Platinum24 - Electronic Drums	Partition E -> KICK MENU P1 -> SAMPLE	GOA135BD14	
Wizoo	Platinum24 - Electronic Drums	Partition E -> KICK MENU P1 -> SAMPLE	GOA136BD21	
Wizoo	Platinum24 - Electronic Drums	Partition E -> KICK MENU P1 -> SAMPLE	GOA136BD22	
Wizoo	Platinum24 - Electronic Drums	Partition E -> KICK MENU P1 -> SAMPLE	GOA136BD23	
Wizoo	Platinum24 - Electronic Drums	Partition E -> KICK MENU P2 -> PROGRAM	KICK MENU P2	
Wizoo	Platinum24 - Electronic Drums	Partition E -> KICK MENU P2 -> SAMPLE	808C33BD31	
Wizoo	Platinum24 - Electronic Drums	Partition E -> KICK MENU P2 -> SAMPLE	808C33BD32	
Wizoo	Platinum24 - Electronic Drums	Partition E -> KICK MENU P2 -> SAMPLE	808C33BD33	
Wizoo	Platinum24 - Electronic Drums	Partition E -> KICK MENU P2 -> SAMPLE	808C33BD34	
Wizoo	Platinum24 - Electronic Drums	Partition E -> KICK MENU P2 -> SAMPLE	808C33BD35	
Wizoo	Platinum24 - Electronic Drums	Partition E -> KICK MENU P2 -> SAMPLE	808C33BD36	
Wizoo	Platinum24 - Electronic Drums	Partition E -> KICK MENU P2 -> SAMPLE	808C33BD37	
Wizoo	Platinum24 - Electronic Drums	Partition E -> KICK MENU P2 -> SAMPLE	808C35BD11	
Wizoo	Platinum24 - Electronic Drums	Partition E -> KICK MENU P2 -> SAMPLE	808C35BD12	
Wizoo	Platinum24 - Electronic Drums	Partition E -> KICK MENU P2 -> SAMPLE	808C35BD13	
Wizoo	Platinum24 - Electronic Drums	Partition E -> KICK MENU P2 -> SAMPLE	808C35BD14	
Wizoo	Platinum24 - Electronic Drums	Partition E -> KICK MENU P2 -> SAMPLE	808C35BD15	
Wizoo	Platinum24 - Electronic Drums	Partition E -> KICK MENU P2 -> SAMPLE	808C35BD16	
Wizoo	Platinum24 - Electronic Drums	Partition E -> KICK MENU P2 -> SAMPLE	808C35BD17	
Wizoo	Platinum24 - Electronic Drums	Partition E -> KICK MENU P2 -> SAMPLE	808C35BD18	
Wizoo	Platinum24 - Electronic Drums	Partition E -> KICK MENU P2 -> SAMPLE	808C35BD19	
Wizoo	Platinum24 - Electronic Drums	Partition E -> KICK MENU P2 -> SAMPLE	808C36BD2A	
Wizoo	Platinum24 - Electronic Drums	Partition E -> KICK MENU P2 -> SAMPLE	808C36BD21	
Wizoo	Platinum24 - Electronic Drums	Partition E -> KICK MENU P2 -> SAMPLE	808C36BD22	
Wizoo	Platinum24 - Electronic Drums	Partition E -> KICK MENU P2 -> SAMPLE	808C36BD23	
Wizoo	Platinum24 - Electronic Drums	Partition E -> KICK MENU P2 -> SAMPLE	808C36BD24	
Wizoo	Platinum24 - Electronic Drums	Partition E -> KICK MENU P2 -> SAMPLE	808C36BD25	
Wizoo	Platinum24 - Electronic Drums	Partition E -> KICK MENU P2 -> SAMPLE	808C36BD26	
Wizoo	Platinum24 - Electronic Drums	Partition E -> KICK MENU P2 -> SAMPLE	808C36BD27	
Wizoo	Platinum24 - Electronic Drums	Partition E -> KICK MENU P2 -> SAMPLE	808C36BD28	
Wizoo	Platinum24 - Electronic Drums	Partition E -> KICK MENU P2 -> SAMPLE	808C36BD29	
Wizoo	Platinum24 - Electronic Drums	Partition E -> KICK MENU P2 -> SAMPLE	808O33BD3A	
Wizoo	Platinum24 - Electronic Drums	Partition E -> KICK MENU P2 -> SAMPLE	808O33BD31	
Wizoo	Platinum24 - Electronic Drums	Partition E -> KICK MENU P2 -> SAMPLE	808O33BD32	
Wizoo	Platinum24 - Electronic Drums	Partition E -> KICK MENU P2 -> SAMPLE	808O33BD33	
Wizoo	Platinum24 - Electronic Drums	Partition E -> KICK MENU P2 -> SAMPLE	808O33BD34	
Wizoo	Platinum24 - Electronic Drums	Partition E -> KICK MENU P2 -> SAMPLE	808O33BD35	
Wizoo	Platinum24 - Electronic Drums	Partition E -> KICK MENU P2 -> SAMPLE	808O33BD36	
Wizoo	Platinum24 - Electronic Drums	Partition E -> KICK MENU P2 -> SAMPLE	808O33BD37	
Wizoo	Platinum24 - Electronic Drums	Partition E -> KICK MENU P2 -> SAMPLE	808O33BD38	
Wizoo	Platinum24 - Electronic Drums	Partition E -> KICK MENU P2 -> SAMPLE	808O33BD39	
Wizoo	Platinum24 - Electronic Drums	Partition E -> KICK MENU P2 -> SAMPLE	808O35BD11	
Wizoo	Platinum24 - Electronic Drums	Partition E -> KICK MENU P2 -> SAMPLE	808O35BD12	
Wizoo	Platinum24 - Electronic Drums	Partition E -> KICK MENU P2 -> SAMPLE	808O35BD13	
Wizoo	Platinum24 - Electronic Drums	Partition E -> KICK MENU P2 -> SAMPLE	808O35BD14	
Wizoo	Platinum24 - Electronic Drums	Partition E -> KICK MENU P2 -> SAMPLE	808O35BD15	
Wizoo	Platinum24 - Electronic Drums	Partition E -> KICK MENU P2 -> SAMPLE	808O35BD16	
Wizoo	Platinum24 - Electronic Drums	Partition E -> KICK MENU P2 -> SAMPLE	808O35BD17	
Wizoo	Platinum24 - Electronic Drums	Partition E -> KICK MENU P2 -> SAMPLE	808O35BD18	
Wizoo	Platinum24 - Electronic Drums	Partition E -> KICK MENU P2 -> SAMPLE	808O35BD19	
Wizoo	Platinum24 - Electronic Drums	Partition E -> KICK MENU P2 -> SAMPLE	808O36BD21	
Wizoo	Platinum24 - Electronic Drums	Partition E -> KICK MENU P2 -> SAMPLE	808O36BD22	
Wizoo	Platinum24 - Electronic Drums	Partition E -> KICK MENU P2 -> SAMPLE	808O36BD23	
Wizoo	Platinum24 - Electronic Drums	Partition E -> KICK MENU P2 -> SAMPLE	808O36BD24	
Wizoo	Platinum24 - Electronic Drums	Partition E -> KICK MENU P2 -> SAMPLE	808O36BD25	
Wizoo	Platinum24 - Electronic Drums	Partition E -> KICK MENU P2 -> SAMPLE	808O36BD26	
Wizoo	Platinum24 - Electronic Drums	Partition E -> KICK MENU P2 -> SAMPLE	808O36BD27	
Wizoo	Platinum24 - Electronic Drums	Partition E -> KICK MENU P2 -> SAMPLE	808O36BD28	
Wizoo	Platinum24 - Electronic Drums	Partition E -> KICK MENU P2 -> SAMPLE	808O36BD29	
Wizoo	Platinum24 - Electronic Drums	Partition E -> KICK MENU P2 -> SAMPLE	808S35BD11	
Wizoo	Platinum24 - Electronic Drums	Partition E -> KICK MENU P2 -> SAMPLE	808S35BD12	
Wizoo	Platinum24 - Electronic Drums	Partition E -> KICK MENU P2 -> SAMPLE	808S35BD13	
Wizoo	Platinum24 - Electronic Drums	Partition E -> KICK MENU P2 -> SAMPLE	808S35BD14	
Wizoo	Platinum24 - Electronic Drums	Partition E -> KICK MENU P2 -> SAMPLE	808S35BD15	
Wizoo	Platinum24 - Electronic Drums	Partition E -> KICK MENU P2 -> SAMPLE	808S35BD16	
Wizoo	Platinum24 - Electronic Drums	Partition E -> KICK MENU P2 -> SAMPLE	808S35BD17	
Wizoo	Platinum24 - Electronic Drums	Partition E -> KICK MENU P2 -> SAMPLE	808S35BD18	
Wizoo	Platinum24 - Electronic Drums	Partition E -> KICK MENU P2 -> SAMPLE	808S35BD19	
Wizoo	Platinum24 - Electronic Drums	Partition E -> KICK MENU P2 -> SAMPLE	808S36BD21	
Wizoo	Platinum24 - Electronic Drums	Partition E -> KICK MENU P2 -> SAMPLE	808S36BD22	
Wizoo	Platinum24 - Electronic Drums	Partition E -> KICK MENU P2 -> SAMPLE	808S36BD23	
Wizoo	Platinum24 - Electronic Drums	Partition E -> KICK MENU P2 -> SAMPLE	808S36BD24	
Wizoo	Platinum24 - Electronic Drums	Partition E -> KICK MENU P2 -> SAMPLE	808S36BD25	
Wizoo	Platinum24 - Electronic Drums	Partition E -> KICK MENU P2 -> SAMPLE	909S33BD31	
Wizoo	Platinum24 - Electronic Drums	Partition E -> KICK MENU P2 -> SAMPLE	909S33BD32	
Wizoo	Platinum24 - Electronic Drums	Partition E -> KICK MENU P2 -> SAMPLE	909S33BD33	
Wizoo	Platinum24 - Electronic Drums	Partition E -> KICK MENU P2 -> SAMPLE	909S33BD34	
Wizoo	Platinum24 - Electronic Drums	Partition E -> KICK MENU P2 -> SAMPLE	909S33BD35	
Wizoo	Platinum24 - Electronic Drums	Partition E -> KICK MENU P2 -> SAMPLE	909S33BD36	
Wizoo	Platinum24 - Electronic Drums	Partition E -> KICK MENU P2 -> SAMPLE	909S35BD11	
Wizoo	Platinum24 - Electronic Drums	Partition E -> KICK MENU P2 -> SAMPLE	909S35BD12	
Wizoo	Platinum24 - Electronic Drums	Partition E -> KICK MENU P2 -> SAMPLE	909S35BD13	
Wizoo	Platinum24 - Electronic Drums	Partition E -> KICK MENU P2 -> SAMPLE	909S35BD14	
Wizoo	Platinum24 - Electronic Drums	Partition E -> KICK MENU P2 -> SAMPLE	909S35BD15	
Wizoo	Platinum24 - Electronic Drums	Partition E -> KICK MENU P2 -> SAMPLE	909S36BD21	
Wizoo	Platinum24 - Electronic Drums	Partition E -> KICK MENU P2 -> SAMPLE	909S36BD22	
Wizoo	Platinum24 - Electronic Drums	Partition E -> KICK MENU P2 -> SAMPLE	909S36BD23	
Wizoo	Platinum24 - Electronic Drums	Partition E -> KICK MENU P2 -> SAMPLE	909S36BD24	
Wizoo	Platinum24 - Electronic Drums	Partition E -> KICK MENU P2 -> SAMPLE	909S36BD25	
Wizoo	Platinum24 - Electronic Drums	Partition E -> PERC SY MENU -> PROGRAM	PERC SY MENU	
Wizoo	Platinum24 - Electronic Drums	Partition E -> PERC SY MENU -> SAMPLE	909S37RIM1	
Wizoo	Platinum24 - Electronic Drums	Partition E -> PERC SY MENU -> SAMPLE	909S37RIM2	
Wizoo	Platinum24 - Electronic Drums	Partition E -> PERC SY MENU -> SAMPLE	909S37RIM3	
Wizoo	Platinum24 - Electronic Drums	Partition E -> PERC SY MENU -> SAMPLE	909S37RIM4	
Wizoo	Platinum24 - Electronic Drums	Partition E -> PERC SY MENU -> SAMPLE	909S37RIM5	
Wizoo	Platinum24 - Electronic Drums	Partition E -> PERC SY MENU -> SAMPLE	909S38SN11	
Wizoo	Platinum24 - Electronic Drums	Partition E -> PERC SY MENU -> SAMPLE	909S38SN12	
Wizoo	Platinum24 - Electronic Drums	Partition E -> PERC SY MENU -> SAMPLE	909S39CLP1	
Wizoo	Platinum24 - Electronic Drums	Partition E -> PERC SY MENU -> SAMPLE	909S39CLP2	
Wizoo	Platinum24 - Electronic Drums	Partition E -> PERC SY MENU -> SAMPLE	909S39CLP3	
Wizoo	Platinum24 - Electronic Drums	Partition E -> PERC SY MENU -> SAMPLE	909S39CLP4	
Wizoo	Platinum24 - Electronic Drums	Partition E -> PERC SY MENU -> SAMPLE	CLUB32CP21	
Wizoo	Platinum24 - Electronic Drums	Partition E -> PERC SY MENU -> SAMPLE	CLUB32CP22	
Wizoo	Platinum24 - Electronic Drums	Partition E -> PERC SY MENU -> SAMPLE	CLUB32CP23	
Wizoo	Platinum24 - Electronic Drums	Partition E -> PERC SY MENU -> SAMPLE	CLUB37RS11	
Wizoo	Platinum24 - Electronic Drums	Partition E -> PERC SY MENU -> SAMPLE	CLUB37RS12	
Wizoo	Platinum24 - Electronic Drums	Partition E -> PERC SY MENU -> SAMPLE	CLUB37RS13	
Wizoo	Platinum24 - Electronic Drums	Partition E -> PERC SY MENU -> SAMPLE	CLUB38SN21	
Wizoo	Platinum24 - Electronic Drums	Partition E -> PERC SY MENU -> SAMPLE	CLUB38SN22	
Wizoo	Platinum24 - Electronic Drums	Partition E -> PERC SY MENU -> SAMPLE	CLUB39CLP1	
Wizoo	Platinum24 - Electronic Drums	Partition E -> PERC SY MENU -> SAMPLE	CLUB39CLP2	
Wizoo	Platinum24 - Electronic Drums	Partition E -> PERC SY MENU -> SAMPLE	CLUB39CLP3	
Wizoo	Platinum24 - Electronic Drums	Partition E -> PERC SY MENU -> SAMPLE	CLUB39CLP4	
Wizoo	Platinum24 - Electronic Drums	Partition E -> PERC SY MENU -> SAMPLE	CLUB39CLP5	
Wizoo	Platinum24 - Electronic Drums	Partition E -> PERC SY MENU -> SAMPLE	CLUB54TMB1	
Wizoo	Platinum24 - Electronic Drums	Partition E -> PERC SY MENU -> SAMPLE	CLUB54TMB2	
Wizoo	Platinum24 - Electronic Drums	Partition E -> PERC SY MENU -> SAMPLE	CLUB55SPC1	
Wizoo	Platinum24 - Electronic Drums	Partition E -> PERC SY MENU -> SAMPLE	CLUB55SPC2	
Wizoo	Platinum24 - Electronic Drums	Partition E -> PERC SY MENU -> SAMPLE	CLUB70MA11	
Wizoo	Platinum24 - Electronic Drums	Partition E -> PERC SY MENU -> SAMPLE	CLUB70MA12	
Wizoo	Platinum24 - Electronic Drums	Partition E -> PERC SY MENU -> SAMPLE	GHOP32STK1	
Wizoo	Platinum24 - Electronic Drums	Partition E -> PERC SY MENU -> SAMPLE	GHOP32STK2	
Wizoo	Platinum24 - Electronic Drums	Partition E -> PERC SY MENU -> SAMPLE	GHOP32STK3	
Wizoo	Platinum24 - Electronic Drums	Partition E -> PERC SY MENU -> SAMPLE	GHOP32STK4	
Wizoo	Platinum24 - Electronic Drums	Partition E -> PERC SY MENU -> SAMPLE	GHOP32STK5	
Wizoo	Platinum24 - Electronic Drums	Partition E -> PERC SY MENU -> SAMPLE	GHOP34ORM1	
Wizoo	Platinum24 - Electronic Drums	Partition E -> PERC SY MENU -> SAMPLE	GHOP34ORM2	
Wizoo	Platinum24 - Electronic Drums	Partition E -> PERC SY MENU -> SAMPLE	GHOP34ORM3	
Wizoo	Platinum24 - Electronic Drums	Partition E -> PERC SY MENU -> SAMPLE	GHOP34ORM4	
Wizoo	Platinum24 - Electronic Drums	Partition E -> PERC SY MENU -> SAMPLE	GHOP37CRM1	
Wizoo	Platinum24 - Electronic Drums	Partition E -> PERC SY MENU -> SAMPLE	GHOP37CRM2	
Wizoo	Platinum24 - Electronic Drums	Partition E -> PERC SY MENU -> SAMPLE	GHOP39CLP1	
Wizoo	Platinum24 - Electronic Drums	Partition E -> PERC SY MENU -> SAMPLE	GHOP39CLP2	
Wizoo	Platinum24 - Electronic Drums	Partition E -> PERC SY MENU -> SAMPLE	GHOP39CLP3	
Wizoo	Platinum24 - Electronic Drums	Partition E -> PERC SY MENU -> SAMPLE	GHOP39CLP4	
Wizoo	Platinum24 - Electronic Drums	Partition E -> PERC SY MENU -> SAMPLE	GOA137RS11	
Wizoo	Platinum24 - Electronic Drums	Partition E -> PERC SY MENU -> SAMPLE	GOA137RS12	
Wizoo	Platinum24 - Electronic Drums	Partition E -> PERC SY MENU -> SAMPLE	GOA137RS13	
Wizoo	Platinum24 - Electronic Drums	Partition E -> PERC SY MENU -> SAMPLE	GOA138SN21	
Wizoo	Platinum24 - Electronic Drums	Partition E -> PERC SY MENU -> SAMPLE	GOA138SN22	
Wizoo	Platinum24 - Electronic Drums	Partition E -> PERC SY MENU -> SAMPLE	GOA139CP11	
Wizoo	Platinum24 - Electronic Drums	Partition E -> PERC SY MENU -> SAMPLE	GOA139CP12	
Wizoo	Platinum24 - Electronic Drums	Partition E -> PERC SY MENU -> SAMPLE	GOA139CP13	
Wizoo	Platinum24 - Electronic Drums	Partition E -> PERC SY MENU -> SAMPLE	MESH37RIM1	
Wizoo	Platinum24 - Electronic Drums	Partition E -> PERC SY MENU -> SAMPLE	MESH37RIM2	
Wizoo	Platinum24 - Electronic Drums	Partition E -> PERC SY MENU -> SAMPLE	MESH37RIM3	
Wizoo	Platinum24 - Electronic Drums	Partition E -> PERC SY MENU -> SAMPLE	MESH37RIM4	
Wizoo	Platinum24 - Electronic Drums	Partition E -> PERC SY MENU -> SAMPLE	MESH38SN11	
Wizoo	Platinum24 - Electronic Drums	Partition E -> PERC SY MENU -> SAMPLE	MESH38SN12	
Wizoo	Platinum24 - Electronic Drums	Partition E -> PERC SY MENU -> SAMPLE	MESH39CLP1	
Wizoo	Platinum24 - Electronic Drums	Partition E -> PERC SY MENU -> SAMPLE	MESH39CLP2	
Wizoo	Platinum24 - Electronic Drums	Partition E -> PERC SY MENU -> SAMPLE	MESH39CLP3	
Wizoo	Platinum24 - Electronic Drums	Partition E -> PERC SY MENU -> SAMPLE	MESH39CLP4	
Wizoo	Platinum24 - Electronic Drums	Partition E -> PERC SY MENU -> SAMPLE	MWII34RM21	
Wizoo	Platinum24 - Electronic Drums	Partition E -> PERC SY MENU -> SAMPLE	MWII34RM22	
Wizoo	Platinum24 - Electronic Drums	Partition E -> PERC SY MENU -> SAMPLE	MWII34RM23	
Wizoo	Platinum24 - Electronic Drums	Partition E -> PERC SY MENU -> SAMPLE	MWII34RM24	
Wizoo	Platinum24 - Electronic Drums	Partition E -> PERC SY MENU -> SAMPLE	MWII37RM11	
Wizoo	Platinum24 - Electronic Drums	Partition E -> PERC SY MENU -> SAMPLE	MWII38SN21	
Wizoo	Platinum24 - Electronic Drums	Partition E -> PERC SY MENU -> SAMPLE	MWII39CP11	
Wizoo	Platinum24 - Electronic Drums	Partition E -> PERC SY MENU -> SAMPLE	MWII39CP12	
Wizoo	Platinum24 - Electronic Drums	Partition E -> PERC SY MENU -> SAMPLE	MWII39CP13	
Wizoo	Platinum24 - Electronic Drums	Partition E -> PERC SY MENU -> SAMPLE	MWII54TB11	
Wizoo	Platinum24 - Electronic Drums	Partition E -> PERC SY MENU -> SAMPLE	MWII54TB12	
Wizoo	Platinum24 - Electronic Drums	Partition E -> PERC SY MENU -> SAMPLE	MWII54TB13	
Wizoo	Platinum24 - Electronic Drums	Partition E -> PERC SY MENU -> SAMPLE	MWII60BG2	
Wizoo	Platinum24 - Electronic Drums	Partition E -> PERC SY MENU -> SAMPLE	MWII61BG11	
Wizoo	Platinum24 - Electronic Drums	Partition E -> PERC SY MENU -> SAMPLE	MWII80TRC1	
Wizoo	Platinum24 - Electronic Drums	Partition E -> PERC SY MENU -> SAMPLE	MWII81TRO1	
Wizoo	Platinum24 - Electronic Drums	Partition E -> PERC SY MENU -> SAMPLE	MWII82SHK1	
Wizoo	Platinum24 - Electronic Drums	Partition E -> PERC SY MENU -> SAMPLE	MWII82SHK2	
Wizoo	Platinum24 - Electronic Drums	Partition E -> PERC TR P1 -> PROGRAM	PERC TR P1	
Wizoo	Platinum24 - Electronic Drums	Partition E -> PERC TR P1 -> SAMPLE	909C37RIM1	
Wizoo	Platinum24 - Electronic Drums	Partition E -> PERC TR P1 -> SAMPLE	909C37RIM2	
Wizoo	Platinum24 - Electronic Drums	Partition E -> PERC TR P1 -> SAMPLE	909C37RIM3	
Wizoo	Platinum24 - Electronic Drums	Partition E -> PERC TR P1 -> SAMPLE	909C37RIM4	
Wizoo	Platinum24 - Electronic Drums	Partition E -> PERC TR P1 -> SAMPLE	909C37RIM5	
Wizoo	Platinum24 - Electronic Drums	Partition E -> PERC TR P1 -> SAMPLE	909C37RIM6	
Wizoo	Platinum24 - Electronic Drums	Partition E -> PERC TR P1 -> SAMPLE	909C37RIM7	
Wizoo	Platinum24 - Electronic Drums	Partition E -> PERC TR P1 -> SAMPLE	909C38SN11	
Wizoo	Platinum24 - Electronic Drums	Partition E -> PERC TR P1 -> SAMPLE	909C38SN12	
Wizoo	Platinum24 - Electronic Drums	Partition E -> PERC TR P1 -> SAMPLE	909C38SN13	
Wizoo	Platinum24 - Electronic Drums	Partition E -> PERC TR P1 -> SAMPLE	909C38SN14	
Wizoo	Platinum24 - Electronic Drums	Partition E -> PERC TR P1 -> SAMPLE	909C39CLP1	
Wizoo	Platinum24 - Electronic Drums	Partition E -> PERC TR P1 -> SAMPLE	909C39CLP2	
Wizoo	Platinum24 - Electronic Drums	Partition E -> PERC TR P1 -> SAMPLE	909C39CLP3	
Wizoo	Platinum24 - Electronic Drums	Partition E -> PERC TR P1 -> SAMPLE	909C39CLP4	
Wizoo	Platinum24 - Electronic Drums	Partition E -> PERC TR P1 -> SAMPLE	909C39CLP5	
Wizoo	Platinum24 - Electronic Drums	Partition E -> PERC TR P1 -> SAMPLE	909C39CLP6	
Wizoo	Platinum24 - Electronic Drums	Partition E -> PERC TR P1 -> SAMPLE	909D37RIM1	
Wizoo	Platinum24 - Electronic Drums	Partition E -> PERC TR P1 -> SAMPLE	909D37RIM2	
Wizoo	Platinum24 - Electronic Drums	Partition E -> PERC TR P1 -> SAMPLE	909D37RIM3	
Wizoo	Platinum24 - Electronic Drums	Partition E -> PERC TR P1 -> SAMPLE	909D37RIM4	
Wizoo	Platinum24 - Electronic Drums	Partition E -> PERC TR P1 -> SAMPLE	909D37RIM5	
Wizoo	Platinum24 - Electronic Drums	Partition E -> PERC TR P1 -> SAMPLE	909D37RIM6	
Wizoo	Platinum24 - Electronic Drums	Partition E -> PERC TR P1 -> SAMPLE	909D38SN11	
Wizoo	Platinum24 - Electronic Drums	Partition E -> PERC TR P1 -> SAMPLE	909D38SN12	
Wizoo	Platinum24 - Electronic Drums	Partition E -> PERC TR P1 -> SAMPLE	909D39CLP1	
Wizoo	Platinum24 - Electronic Drums	Partition E -> PERC TR P1 -> SAMPLE	909D39CLP2	
Wizoo	Platinum24 - Electronic Drums	Partition E -> PERC TR P1 -> SAMPLE	909D39CLP3	
Wizoo	Platinum24 - Electronic Drums	Partition E -> PERC TR P1 -> SAMPLE	909D39CLP4	
Wizoo	Platinum24 - Electronic Drums	Partition E -> PERC TR P1 -> SAMPLE	909D39CLP5	
Wizoo	Platinum24 - Electronic Drums	Partition E -> PERC TR P1 -> SAMPLE	909D39CLP6	
Wizoo	Platinum24 - Electronic Drums	Partition E -> PERC TR P1 -> SAMPLE	909N37RIM1	
Wizoo	Platinum24 - Electronic Drums	Partition E -> PERC TR P1 -> SAMPLE	909N37RIM2	
Wizoo	Platinum24 - Electronic Drums	Partition E -> PERC TR P1 -> SAMPLE	909N37RIM3	
Wizoo	Platinum24 - Electronic Drums	Partition E -> PERC TR P1 -> SAMPLE	909N37RIM4	
Wizoo	Platinum24 - Electronic Drums	Partition E -> PERC TR P1 -> SAMPLE	909N37RIM5	
Wizoo	Platinum24 - Electronic Drums	Partition E -> PERC TR P1 -> SAMPLE	909N37RIM6	
Wizoo	Platinum24 - Electronic Drums	Partition E -> PERC TR P1 -> SAMPLE	909N38SN11	
Wizoo	Platinum24 - Electronic Drums	Partition E -> PERC TR P1 -> SAMPLE	909N38SN12	
Wizoo	Platinum24 - Electronic Drums	Partition E -> PERC TR P1 -> SAMPLE	909N38SN13	
Wizoo	Platinum24 - Electronic Drums	Partition E -> PERC TR P1 -> SAMPLE	909N38SN14	
Wizoo	Platinum24 - Electronic Drums	Partition E -> PERC TR P1 -> SAMPLE	909N39CLP1	
Wizoo	Platinum24 - Electronic Drums	Partition E -> PERC TR P1 -> SAMPLE	909N39CLP2	
Wizoo	Platinum24 - Electronic Drums	Partition E -> PERC TR P1 -> SAMPLE	909N39CLP3	
Wizoo	Platinum24 - Electronic Drums	Partition E -> PERC TR P1 -> SAMPLE	909N39CLP4	
Wizoo	Platinum24 - Electronic Drums	Partition E -> PERC TR P1 -> SAMPLE	909N39CLP5	
Wizoo	Platinum24 - Electronic Drums	Partition E -> PERC TR P1 -> SAMPLE	909N39CLP6	
Wizoo	Platinum24 - Electronic Drums	Partition E -> PERC TR P1 -> SAMPLE	909O37RIM1	
Wizoo	Platinum24 - Electronic Drums	Partition E -> PERC TR P1 -> SAMPLE	909O37RIM2	
Wizoo	Platinum24 - Electronic Drums	Partition E -> PERC TR P1 -> SAMPLE	909O37RIM3	
Wizoo	Platinum24 - Electronic Drums	Partition E -> PERC TR P1 -> SAMPLE	909O37RIM4	
Wizoo	Platinum24 - Electronic Drums	Partition E -> PERC TR P1 -> SAMPLE	909O37RIM5	
Wizoo	Platinum24 - Electronic Drums	Partition E -> PERC TR P1 -> SAMPLE	909O38SN11	
Wizoo	Platinum24 - Electronic Drums	Partition E -> PERC TR P1 -> SAMPLE	909O38SN12	
Wizoo	Platinum24 - Electronic Drums	Partition E -> PERC TR P1 -> SAMPLE	909O38SN13	
Wizoo	Platinum24 - Electronic Drums	Partition E -> PERC TR P1 -> SAMPLE	909O38SN14	
Wizoo	Platinum24 - Electronic Drums	Partition E -> PERC TR P1 -> SAMPLE	909O39CLP1	
Wizoo	Platinum24 - Electronic Drums	Partition E -> PERC TR P1 -> SAMPLE	909O39CLP2	
Wizoo	Platinum24 - Electronic Drums	Partition E -> PERC TR P1 -> SAMPLE	909O39CLP3	
Wizoo	Platinum24 - Electronic Drums	Partition E -> PERC TR P1 -> SAMPLE	909O39CLP4	
Wizoo	Platinum24 - Electronic Drums	Partition E -> PERC TR P1 -> SAMPLE	909Y37RIM1	
Wizoo	Platinum24 - Electronic Drums	Partition E -> PERC TR P1 -> SAMPLE	909Y37RIM2	
Wizoo	Platinum24 - Electronic Drums	Partition E -> PERC TR P1 -> SAMPLE	909Y37RIM3	
Wizoo	Platinum24 - Electronic Drums	Partition E -> PERC TR P1 -> SAMPLE	909Y37RIM4	
Wizoo	Platinum24 - Electronic Drums	Partition E -> PERC TR P1 -> SAMPLE	909Y37RIM5	
Wizoo	Platinum24 - Electronic Drums	Partition E -> PERC TR P1 -> SAMPLE	909Y37RIM6	
Wizoo	Platinum24 - Electronic Drums	Partition E -> PERC TR P1 -> SAMPLE	909Y37RIM7	
Wizoo	Platinum24 - Electronic Drums	Partition E -> PERC TR P1 -> SAMPLE	909Y37RIM8	
Wizoo	Platinum24 - Electronic Drums	Partition E -> PERC TR P1 -> SAMPLE	909Y38SN11	
Wizoo	Platinum24 - Electronic Drums	Partition E -> PERC TR P1 -> SAMPLE	909Y38SN12	
Wizoo	Platinum24 - Electronic Drums	Partition E -> PERC TR P1 -> SAMPLE	909Y38SN13	
Wizoo	Platinum24 - Electronic Drums	Partition E -> PERC TR P1 -> SAMPLE	909Y38SN14	
Wizoo	Platinum24 - Electronic Drums	Partition E -> PERC TR P1 -> SAMPLE	909Y39CLP1	
Wizoo	Platinum24 - Electronic Drums	Partition E -> PERC TR P1 -> SAMPLE	909Y39CLP2	
Wizoo	Platinum24 - Electronic Drums	Partition E -> PERC TR P1 -> SAMPLE	909Y39CLP3	
Wizoo	Platinum24 - Electronic Drums	Partition E -> PERC TR P1 -> SAMPLE	909Y39CLP4	
Wizoo	Platinum24 - Electronic Drums	Partition E -> PERC TR P2 -> PROGRAM	PERC TR P2	
Wizoo	Platinum24 - Electronic Drums	Partition E -> PERC TR P2 -> SAMPLE	808C37RIM1	
Wizoo	Platinum24 - Electronic Drums	Partition E -> PERC TR P2 -> SAMPLE	808C37RIM2	
Wizoo	Platinum24 - Electronic Drums	Partition E -> PERC TR P2 -> SAMPLE	808C37RIM3	
Wizoo	Platinum24 - Electronic Drums	Partition E -> PERC TR P2 -> SAMPLE	808C37RIM4	
Wizoo	Platinum24 - Electronic Drums	Partition E -> PERC TR P2 -> SAMPLE	808C37RIM5	
Wizoo	Platinum24 - Electronic Drums	Partition E -> PERC TR P2 -> SAMPLE	808C37RIM6	
Wizoo	Platinum24 - Electronic Drums	Partition E -> PERC TR P2 -> SAMPLE	808C37RIM7	
Wizoo	Platinum24 - Electronic Drums	Partition E -> PERC TR P2 -> SAMPLE	808C38SN11	
Wizoo	Platinum24 - Electronic Drums	Partition E -> PERC TR P2 -> SAMPLE	808C38SN12	
Wizoo	Platinum24 - Electronic Drums	Partition E -> PERC TR P2 -> SAMPLE	808C38SN13	
Wizoo	Platinum24 - Electronic Drums	Partition E -> PERC TR P2 -> SAMPLE	808C38SN14	
Wizoo	Platinum24 - Electronic Drums	Partition E -> PERC TR P2 -> SAMPLE	808C39CLP1	
Wizoo	Platinum24 - Electronic Drums	Partition E -> PERC TR P2 -> SAMPLE	808C39CLP2	
Wizoo	Platinum24 - Electronic Drums	Partition E -> PERC TR P2 -> SAMPLE	808C39CLP3	
Wizoo	Platinum24 - Electronic Drums	Partition E -> PERC TR P2 -> SAMPLE	808C39CLP4	
Wizoo	Platinum24 - Electronic Drums	Partition E -> PERC TR P2 -> SAMPLE	808C39CLP5	
Wizoo	Platinum24 - Electronic Drums	Partition E -> PERC TR P2 -> SAMPLE	808C39CLP6	
Wizoo	Platinum24 - Electronic Drums	Partition E -> PERC TR P2 -> SAMPLE	808C39CLP7	
Wizoo	Platinum24 - Electronic Drums	Partition E -> PERC TR P2 -> SAMPLE	808C39CLP8	
Wizoo	Platinum24 - Electronic Drums	Partition E -> PERC TR P2 -> SAMPLE	808C44PHH1	
Wizoo	Platinum24 - Electronic Drums	Partition E -> PERC TR P2 -> SAMPLE	808C44PHH2	
Wizoo	Platinum24 - Electronic Drums	Partition E -> PERC TR P2 -> SAMPLE	808C44PHH3	
Wizoo	Platinum24 - Electronic Drums	Partition E -> PERC TR P2 -> SAMPLE	808C44PHH4	
Wizoo	Platinum24 - Electronic Drums	Partition E -> PERC TR P2 -> SAMPLE	808C70MA11	
Wizoo	Platinum24 - Electronic Drums	Partition E -> PERC TR P2 -> SAMPLE	808C70MA12	
Wizoo	Platinum24 - Electronic Drums	Partition E -> PERC TR P2 -> SAMPLE	808C70MA13	
Wizoo	Platinum24 - Electronic Drums	Partition E -> PERC TR P2 -> SAMPLE	808C70MA14	
Wizoo	Platinum24 - Electronic Drums	Partition E -> PERC TR P2 -> SAMPLE	808C70MA15	
Wizoo	Platinum24 - Electronic Drums	Partition E -> PERC TR P2 -> SAMPLE	808C70MA16	
Wizoo	Platinum24 - Electronic Drums	Partition E -> PERC TR P2 -> SAMPLE	808C70MA18	
Wizoo	Platinum24 - Electronic Drums	Partition E -> PERC TR P2 -> SAMPLE	808C75CLV1	
Wizoo	Platinum24 - Electronic Drums	Partition E -> PERC TR P2 -> SAMPLE	808C75CLV2	
Wizoo	Platinum24 - Electronic Drums	Partition E -> PERC TR P2 -> SAMPLE	808C75CLV3	
Wizoo	Platinum24 - Electronic Drums	Partition E -> PERC TR P2 -> SAMPLE	808C75CLV4	
Wizoo	Platinum24 - Electronic Drums	Partition E -> PERC TR P2 -> SAMPLE	808C75CLV5	
Wizoo	Platinum24 - Electronic Drums	Partition E -> PERC TR P2 -> SAMPLE	808C75CLV6	
Wizoo	Platinum24 - Electronic Drums	Partition E -> PERC TR P2 -> SAMPLE	808O37RIM1	
Wizoo	Platinum24 - Electronic Drums	Partition E -> PERC TR P2 -> SAMPLE	808O37RIM2	
Wizoo	Platinum24 - Electronic Drums	Partition E -> PERC TR P2 -> SAMPLE	808O37RIM3	
Wizoo	Platinum24 - Electronic Drums	Partition E -> PERC TR P2 -> SAMPLE	808O37RIM4	
Wizoo	Platinum24 - Electronic Drums	Partition E -> PERC TR P2 -> SAMPLE	808O37RIM5	
Wizoo	Platinum24 - Electronic Drums	Partition E -> PERC TR P2 -> SAMPLE	808O37RIM6	
Wizoo	Platinum24 - Electronic Drums	Partition E -> PERC TR P2 -> SAMPLE	808O38SN11	
Wizoo	Platinum24 - Electronic Drums	Partition E -> PERC TR P2 -> SAMPLE	808O38SN12	
Wizoo	Platinum24 - Electronic Drums	Partition E -> PERC TR P2 -> SAMPLE	808O38SN13	
Wizoo	Platinum24 - Electronic Drums	Partition E -> PERC TR P2 -> SAMPLE	808O39CLP1	
Wizoo	Platinum24 - Electronic Drums	Partition E -> PERC TR P2 -> SAMPLE	808O39CLP2	
Wizoo	Platinum24 - Electronic Drums	Partition E -> PERC TR P2 -> SAMPLE	808O39CLP3	
Wizoo	Platinum24 - Electronic Drums	Partition E -> PERC TR P2 -> SAMPLE	808O39CLP4	
Wizoo	Platinum24 - Electronic Drums	Partition E -> PERC TR P2 -> SAMPLE	808O39CLP5	
Wizoo	Platinum24 - Electronic Drums	Partition E -> PERC TR P2 -> SAMPLE	808O39CLP6	
Wizoo	Platinum24 - Electronic Drums	Partition E -> PERC TR P2 -> SAMPLE	808O39CLP7	
Wizoo	Platinum24 - Electronic Drums	Partition E -> PERC TR P2 -> SAMPLE	808O39CLP8	
Wizoo	Platinum24 - Electronic Drums	Partition E -> PERC TR P2 -> SAMPLE	808O39CLP9	
Wizoo	Platinum24 - Electronic Drums	Partition E -> PERC TR P2 -> SAMPLE	808O44PHH1	
Wizoo	Platinum24 - Electronic Drums	Partition E -> PERC TR P2 -> SAMPLE	808O44PHH2	
Wizoo	Platinum24 - Electronic Drums	Partition E -> PERC TR P2 -> SAMPLE	808O44PHH3	
Wizoo	Platinum24 - Electronic Drums	Partition E -> PERC TR P2 -> SAMPLE	808O44PHH4	
Wizoo	Platinum24 - Electronic Drums	Partition E -> PERC TR P2 -> SAMPLE	808O70MA11	
Wizoo	Platinum24 - Electronic Drums	Partition E -> PERC TR P2 -> SAMPLE	808O70MA12	
Wizoo	Platinum24 - Electronic Drums	Partition E -> PERC TR P2 -> SAMPLE	808O70MA13	
Wizoo	Platinum24 - Electronic Drums	Partition E -> PERC TR P2 -> SAMPLE	808O70MA14	
Wizoo	Platinum24 - Electronic Drums	Partition E -> PERC TR P2 -> SAMPLE	808O70MA15	
Wizoo	Platinum24 - Electronic Drums	Partition E -> PERC TR P2 -> SAMPLE	808O70MA16	
Wizoo	Platinum24 - Electronic Drums	Partition E -> PERC TR P2 -> SAMPLE	808O70MA17	
Wizoo	Platinum24 - Electronic Drums	Partition E -> PERC TR P2 -> SAMPLE	808O70MA18	
Wizoo	Platinum24 - Electronic Drums	Partition E -> PERC TR P2 -> SAMPLE	808O75CLV1	
Wizoo	Platinum24 - Electronic Drums	Partition E -> PERC TR P2 -> SAMPLE	808O75CLV2	
Wizoo	Platinum24 - Electronic Drums	Partition E -> PERC TR P2 -> SAMPLE	808O75CLV3	
Wizoo	Platinum24 - Electronic Drums	Partition E -> PERC TR P2 -> SAMPLE	808O75CLV4	
Wizoo	Platinum24 - Electronic Drums	Partition E -> PERC TR P2 -> SAMPLE	808O75CLV5	
Wizoo	Platinum24 - Electronic Drums	Partition E -> PERC TR P2 -> SAMPLE	808O75CLV6	
Wizoo	Platinum24 - Electronic Drums	Partition E -> PERC TR P2 -> SAMPLE	808O75CLV7	
Wizoo	Platinum24 - Electronic Drums	Partition E -> PERC TR P2 -> SAMPLE	808S37RIM1	
Wizoo	Platinum24 - Electronic Drums	Partition E -> PERC TR P2 -> SAMPLE	808S37RIM2	
Wizoo	Platinum24 - Electronic Drums	Partition E -> PERC TR P2 -> SAMPLE	808S37RIM3	
Wizoo	Platinum24 - Electronic Drums	Partition E -> PERC TR P2 -> SAMPLE	808S37RIM4	
Wizoo	Platinum24 - Electronic Drums	Partition E -> PERC TR P2 -> SAMPLE	808S37RIM5	
Wizoo	Platinum24 - Electronic Drums	Partition E -> PERC TR P2 -> SAMPLE	808S37RIM6	
Wizoo	Platinum24 - Electronic Drums	Partition E -> PERC TR P2 -> SAMPLE	808S37RIM7	
Wizoo	Platinum24 - Electronic Drums	Partition E -> PERC TR P2 -> SAMPLE	808S38SN11	
Wizoo	Platinum24 - Electronic Drums	Partition E -> PERC TR P2 -> SAMPLE	808S38SN12	
Wizoo	Platinum24 - Electronic Drums	Partition E -> PERC TR P2 -> SAMPLE	808S38SN13	
Wizoo	Platinum24 - Electronic Drums	Partition E -> PERC TR P2 -> SAMPLE	808S38SN14	
Wizoo	Platinum24 - Electronic Drums	Partition E -> PERC TR P2 -> SAMPLE	808S39CLP1	
Wizoo	Platinum24 - Electronic Drums	Partition E -> PERC TR P2 -> SAMPLE	808S39CLP2	
Wizoo	Platinum24 - Electronic Drums	Partition E -> PERC TR P2 -> SAMPLE	808S39CLP3	
Wizoo	Platinum24 - Electronic Drums	Partition E -> PERC TR P2 -> SAMPLE	808S39CLP4	
Wizoo	Platinum24 - Electronic Drums	Partition E -> PERC TR P2 -> SAMPLE	808S39CLP5	
Wizoo	Platinum24 - Electronic Drums	Partition E -> PERC TR P2 -> SAMPLE	808S39CLP6	
Wizoo	Platinum24 - Electronic Drums	Partition E -> PERC TR P2 -> SAMPLE	808S39CLP7	
Wizoo	Platinum24 - Electronic Drums	Partition E -> PERC TR P2 -> SAMPLE	808S44PHH1	
Wizoo	Platinum24 - Electronic Drums	Partition E -> PERC TR P2 -> SAMPLE	808S44PHH2	
Wizoo	Platinum24 - Electronic Drums	Partition E -> PERC TR P2 -> SAMPLE	808S44PHH3	
Wizoo	Platinum24 - Electronic Drums	Partition E -> PERC TR P2 -> SAMPLE	808S44PHH4	
Wizoo	Platinum24 - Electronic Drums	Partition E -> PERC TR P2 -> SAMPLE	808S70MA11	
Wizoo	Platinum24 - Electronic Drums	Partition E -> PERC TR P2 -> SAMPLE	808S70MA12	
Wizoo	Platinum24 - Electronic Drums	Partition E -> PERC TR P2 -> SAMPLE	808S70MA13	
Wizoo	Platinum24 - Electronic Drums	Partition E -> PERC TR P2 -> SAMPLE	808S70MA14	
Wizoo	Platinum24 - Electronic Drums	Partition E -> PERC TR P2 -> SAMPLE	808S70MA15	
Wizoo	Platinum24 - Electronic Drums	Partition E -> PERC TR P2 -> SAMPLE	808S70MA16	
Wizoo	Platinum24 - Electronic Drums	Partition E -> PERC TR P2 -> SAMPLE	808S70MA17	
Wizoo	Platinum24 - Electronic Drums	Partition E -> PERC TR P2 -> SAMPLE	808S75CLV1	
Wizoo	Platinum24 - Electronic Drums	Partition E -> PERC TR P2 -> SAMPLE	808S75CLV2	
Wizoo	Platinum24 - Electronic Drums	Partition E -> PERC TR P2 -> SAMPLE	808S75CLV3	
Wizoo	Platinum24 - Electronic Drums	Partition E -> PERC TR P2 -> SAMPLE	808S75CLV4	
Wizoo	Platinum24 - Electronic Drums	Partition E -> PERC TR P2 -> SAMPLE	808S75CLV5	
Wizoo	Platinum24 - Electronic Drums	Partition E -> PERC TR P2 -> SAMPLE	808S75CLV6	
Wizoo	Platinum24 - Electronic Drums	Partition E -> PERC TR P2 -> SAMPLE	808S75CLV7	
Wizoo	Platinum24 - Electronic Drums	Partition E -> SNARES P1 -> PROGRAM	SNARES P1	
Wizoo	Platinum24 - Electronic Drums	Partition E -> SNARES P1 -> SAMPLE	808C38SN11	
Wizoo	Platinum24 - Electronic Drums	Partition E -> SNARES P1 -> SAMPLE	808C38SN12	
Wizoo	Platinum24 - Electronic Drums	Partition E -> SNARES P1 -> SAMPLE	808C38SN13	
Wizoo	Platinum24 - Electronic Drums	Partition E -> SNARES P1 -> SAMPLE	808C38SN14	
Wizoo	Platinum24 - Electronic Drums	Partition E -> SNARES P1 -> SAMPLE	808C38SN15	
Wizoo	Platinum24 - Electronic Drums	Partition E -> SNARES P1 -> SAMPLE	808C38SN16	
Wizoo	Platinum24 - Electronic Drums	Partition E -> SNARES P1 -> SAMPLE	808C38SN17	
Wizoo	Platinum24 - Electronic Drums	Partition E -> SNARES P1 -> SAMPLE	808C38SN18	
Wizoo	Platinum24 - Electronic Drums	Partition E -> SNARES P1 -> SAMPLE	808C38SN19	
Wizoo	Platinum24 - Electronic Drums	Partition E -> SNARES P1 -> SAMPLE	808C40SN21	
Wizoo	Platinum24 - Electronic Drums	Partition E -> SNARES P1 -> SAMPLE	808C40SN22	
Wizoo	Platinum24 - Electronic Drums	Partition E -> SNARES P1 -> SAMPLE	808C40SN23	
Wizoo	Platinum24 - Electronic Drums	Partition E -> SNARES P1 -> SAMPLE	808C40SN24	
Wizoo	Platinum24 - Electronic Drums	Partition E -> SNARES P1 -> SAMPLE	808C40SN25	
Wizoo	Platinum24 - Electronic Drums	Partition E -> SNARES P1 -> SAMPLE	808C40SN26	
Wizoo	Platinum24 - Electronic Drums	Partition E -> SNARES P1 -> SAMPLE	808C40SN27	
Wizoo	Platinum24 - Electronic Drums	Partition E -> SNARES P1 -> SAMPLE	808C40SN28	
Wizoo	Platinum24 - Electronic Drums	Partition E -> SNARES P1 -> SAMPLE	808C40SN29	
Wizoo	Platinum24 - Electronic Drums	Partition E -> SNARES P1 -> SAMPLE	909C31SN31	
Wizoo	Platinum24 - Electronic Drums	Partition E -> SNARES P1 -> SAMPLE	909C31SN32	
Wizoo	Platinum24 - Electronic Drums	Partition E -> SNARES P1 -> SAMPLE	909C31SN33	
Wizoo	Platinum24 - Electronic Drums	Partition E -> SNARES P1 -> SAMPLE	909C31SN34	
Wizoo	Platinum24 - Electronic Drums	Partition E -> SNARES P1 -> SAMPLE	909C31SN35	
Wizoo	Platinum24 - Electronic Drums	Partition E -> SNARES P1 -> SAMPLE	909C31SN36	
Wizoo	Platinum24 - Electronic Drums	Partition E -> SNARES P1 -> SAMPLE	909C38SN11	
Wizoo	Platinum24 - Electronic Drums	Partition E -> SNARES P1 -> SAMPLE	909C38SN12	
Wizoo	Platinum24 - Electronic Drums	Partition E -> SNARES P1 -> SAMPLE	909C38SN13	
Wizoo	Platinum24 - Electronic Drums	Partition E -> SNARES P1 -> SAMPLE	909C38SN14	
Wizoo	Platinum24 - Electronic Drums	Partition E -> SNARES P1 -> SAMPLE	909C38SN15	
Wizoo	Platinum24 - Electronic Drums	Partition E -> SNARES P1 -> SAMPLE	909C38SN16	
Wizoo	Platinum24 - Electronic Drums	Partition E -> SNARES P1 -> SAMPLE	909C40SN21	
Wizoo	Platinum24 - Electronic Drums	Partition E -> SNARES P1 -> SAMPLE	909C40SN22	
Wizoo	Platinum24 - Electronic Drums	Partition E -> SNARES P1 -> SAMPLE	909C40SN23	
Wizoo	Platinum24 - Electronic Drums	Partition E -> SNARES P1 -> SAMPLE	909C40SN24	
Wizoo	Platinum24 - Electronic Drums	Partition E -> SNARES P1 -> SAMPLE	909C40SN25	
Wizoo	Platinum24 - Electronic Drums	Partition E -> SNARES P1 -> SAMPLE	909C40SN26	
Wizoo	Platinum24 - Electronic Drums	Partition E -> SNARES P1 -> SAMPLE	909D31SN31	
Wizoo	Platinum24 - Electronic Drums	Partition E -> SNARES P1 -> SAMPLE	909D31SN32	
Wizoo	Platinum24 - Electronic Drums	Partition E -> SNARES P1 -> SAMPLE	909D31SN33	
Wizoo	Platinum24 - Electronic Drums	Partition E -> SNARES P1 -> SAMPLE	909D31SN34	
Wizoo	Platinum24 - Electronic Drums	Partition E -> SNARES P1 -> SAMPLE	909D31SN35	
Wizoo	Platinum24 - Electronic Drums	Partition E -> SNARES P1 -> SAMPLE	909D38SN11	
Wizoo	Platinum24 - Electronic Drums	Partition E -> SNARES P1 -> SAMPLE	909D38SN12	
Wizoo	Platinum24 - Electronic Drums	Partition E -> SNARES P1 -> SAMPLE	909D38SN13	
Wizoo	Platinum24 - Electronic Drums	Partition E -> SNARES P1 -> SAMPLE	909D38SN14	
Wizoo	Platinum24 - Electronic Drums	Partition E -> SNARES P1 -> SAMPLE	909D38SN15	
Wizoo	Platinum24 - Electronic Drums	Partition E -> SNARES P1 -> SAMPLE	909D38SN16	
Wizoo	Platinum24 - Electronic Drums	Partition E -> SNARES P1 -> SAMPLE	909D40SN21	
Wizoo	Platinum24 - Electronic Drums	Partition E -> SNARES P1 -> SAMPLE	909D40SN22	
Wizoo	Platinum24 - Electronic Drums	Partition E -> SNARES P1 -> SAMPLE	909D40SN23	
Wizoo	Platinum24 - Electronic Drums	Partition E -> SNARES P1 -> SAMPLE	909D40SN24	
Wizoo	Platinum24 - Electronic Drums	Partition E -> SNARES P1 -> SAMPLE	909D40SN25	
Wizoo	Platinum24 - Electronic Drums	Partition E -> SNARES P1 -> SAMPLE	909N38SN11	
Wizoo	Platinum24 - Electronic Drums	Partition E -> SNARES P1 -> SAMPLE	909N38SN12	
Wizoo	Platinum24 - Electronic Drums	Partition E -> SNARES P1 -> SAMPLE	909N38SN13	
Wizoo	Platinum24 - Electronic Drums	Partition E -> SNARES P1 -> SAMPLE	909N38SN14	
Wizoo	Platinum24 - Electronic Drums	Partition E -> SNARES P1 -> SAMPLE	909N38SN15	
Wizoo	Platinum24 - Electronic Drums	Partition E -> SNARES P1 -> SAMPLE	909N38SN16	
Wizoo	Platinum24 - Electronic Drums	Partition E -> SNARES P1 -> SAMPLE	909N40SN21	
Wizoo	Platinum24 - Electronic Drums	Partition E -> SNARES P1 -> SAMPLE	909N40SN22	
Wizoo	Platinum24 - Electronic Drums	Partition E -> SNARES P1 -> SAMPLE	909N40SN23	
Wizoo	Platinum24 - Electronic Drums	Partition E -> SNARES P1 -> SAMPLE	909N40SN24	
Wizoo	Platinum24 - Electronic Drums	Partition E -> SNARES P1 -> SAMPLE	909N40SN25	
Wizoo	Platinum24 - Electronic Drums	Partition E -> SNARES P1 -> SAMPLE	909N40SN26	
Wizoo	Platinum24 - Electronic Drums	Partition E -> SNARES P1 -> SAMPLE	909O31SN31	
Wizoo	Platinum24 - Electronic Drums	Partition E -> SNARES P1 -> SAMPLE	909O31SN32	
Wizoo	Platinum24 - Electronic Drums	Partition E -> SNARES P1 -> SAMPLE	909O31SN33	
Wizoo	Platinum24 - Electronic Drums	Partition E -> SNARES P1 -> SAMPLE	909O31SN34	
Wizoo	Platinum24 - Electronic Drums	Partition E -> SNARES P1 -> SAMPLE	909O31SN35	
Wizoo	Platinum24 - Electronic Drums	Partition E -> SNARES P1 -> SAMPLE	909O38SN11	
Wizoo	Platinum24 - Electronic Drums	Partition E -> SNARES P1 -> SAMPLE	909O38SN12	
Wizoo	Platinum24 - Electronic Drums	Partition E -> SNARES P1 -> SAMPLE	909O38SN13	
Wizoo	Platinum24 - Electronic Drums	Partition E -> SNARES P1 -> SAMPLE	909O38SN14	
Wizoo	Platinum24 - Electronic Drums	Partition E -> SNARES P1 -> SAMPLE	909O38SN15	
Wizoo	Platinum24 - Electronic Drums	Partition E -> SNARES P1 -> SAMPLE	909O38SN16	
Wizoo	Platinum24 - Electronic Drums	Partition E -> SNARES P1 -> SAMPLE	909O40SN21	
Wizoo	Platinum24 - Electronic Drums	Partition E -> SNARES P1 -> SAMPLE	909O40SN22	
Wizoo	Platinum24 - Electronic Drums	Partition E -> SNARES P1 -> SAMPLE	909O40SN23	
Wizoo	Platinum24 - Electronic Drums	Partition E -> SNARES P1 -> SAMPLE	909O40SN24	
Wizoo	Platinum24 - Electronic Drums	Partition E -> SNARES P1 -> SAMPLE	909O40SN25	
Wizoo	Platinum24 - Electronic Drums	Partition E -> SNARES P1 -> SAMPLE	909Y38SN11	
Wizoo	Platinum24 - Electronic Drums	Partition E -> SNARES P1 -> SAMPLE	909Y38SN12	
Wizoo	Platinum24 - Electronic Drums	Partition E -> SNARES P1 -> SAMPLE	909Y38SN13	
Wizoo	Platinum24 - Electronic Drums	Partition E -> SNARES P1 -> SAMPLE	909Y38SN14	
Wizoo	Platinum24 - Electronic Drums	Partition E -> SNARES P1 -> SAMPLE	909Y38SN15	
Wizoo	Platinum24 - Electronic Drums	Partition E -> SNARES P1 -> SAMPLE	909Y38SN16	
Wizoo	Platinum24 - Electronic Drums	Partition E -> SNARES P1 -> SAMPLE	909Y38SN17	
Wizoo	Platinum24 - Electronic Drums	Partition E -> SNARES P1 -> SAMPLE	909Y40SN1A	
Wizoo	Platinum24 - Electronic Drums	Partition E -> SNARES P1 -> SAMPLE	909Y40SN11	
Wizoo	Platinum24 - Electronic Drums	Partition E -> SNARES P1 -> SAMPLE	909Y40SN12	
Wizoo	Platinum24 - Electronic Drums	Partition E -> SNARES P1 -> SAMPLE	909Y40SN13	
Wizoo	Platinum24 - Electronic Drums	Partition E -> SNARES P1 -> SAMPLE	909Y40SN14	
Wizoo	Platinum24 - Electronic Drums	Partition E -> SNARES P1 -> SAMPLE	909Y40SN15	
Wizoo	Platinum24 - Electronic Drums	Partition E -> SNARES P1 -> SAMPLE	909Y40SN16	
Wizoo	Platinum24 - Electronic Drums	Partition E -> SNARES P1 -> SAMPLE	909Y40SN17	
Wizoo	Platinum24 - Electronic Drums	Partition E -> SNARES P1 -> SAMPLE	909Y40SN18	
Wizoo	Platinum24 - Electronic Drums	Partition E -> SNARES P1 -> SAMPLE	909Y40SN19	
Wizoo	Platinum24 - Electronic Drums	Partition E -> SNARES P2 -> PROGRAM	SNARES P2	
Wizoo	Platinum24 - Electronic Drums	Partition E -> SNARES P2 -> SAMPLE	808O38SN11	
Wizoo	Platinum24 - Electronic Drums	Partition E -> SNARES P2 -> SAMPLE	808O38SN12	
Wizoo	Platinum24 - Electronic Drums	Partition E -> SNARES P2 -> SAMPLE	808O38SN13	
Wizoo	Platinum24 - Electronic Drums	Partition E -> SNARES P2 -> SAMPLE	808O38SN14	
Wizoo	Platinum24 - Electronic Drums	Partition E -> SNARES P2 -> SAMPLE	808O38SN15	
Wizoo	Platinum24 - Electronic Drums	Partition E -> SNARES P2 -> SAMPLE	808O38SN16	
Wizoo	Platinum24 - Electronic Drums	Partition E -> SNARES P2 -> SAMPLE	808O38SN17	
Wizoo	Platinum24 - Electronic Drums	Partition E -> SNARES P2 -> SAMPLE	808O38SN18	
Wizoo	Platinum24 - Electronic Drums	Partition E -> SNARES P2 -> SAMPLE	808O38SN19	
Wizoo	Platinum24 - Electronic Drums	Partition E -> SNARES P2 -> SAMPLE	808O40SN21	
Wizoo	Platinum24 - Electronic Drums	Partition E -> SNARES P2 -> SAMPLE	808O40SN22	
Wizoo	Platinum24 - Electronic Drums	Partition E -> SNARES P2 -> SAMPLE	808O40SN23	
Wizoo	Platinum24 - Electronic Drums	Partition E -> SNARES P2 -> SAMPLE	808O40SN24	
Wizoo	Platinum24 - Electronic Drums	Partition E -> SNARES P2 -> SAMPLE	808O40SN25	
Wizoo	Platinum24 - Electronic Drums	Partition E -> SNARES P2 -> SAMPLE	808O40SN26	
Wizoo	Platinum24 - Electronic Drums	Partition E -> SNARES P2 -> SAMPLE	808O40SN27	
Wizoo	Platinum24 - Electronic Drums	Partition E -> SNARES P2 -> SAMPLE	808O40SN28	
Wizoo	Platinum24 - Electronic Drums	Partition E -> SNARES P2 -> SAMPLE	808O40SN29	
Wizoo	Platinum24 - Electronic Drums	Partition E -> SNARES P2 -> SAMPLE	808S38SN11	
Wizoo	Platinum24 - Electronic Drums	Partition E -> SNARES P2 -> SAMPLE	808S38SN12	
Wizoo	Platinum24 - Electronic Drums	Partition E -> SNARES P2 -> SAMPLE	808S38SN13	
Wizoo	Platinum24 - Electronic Drums	Partition E -> SNARES P2 -> SAMPLE	808S38SN14	
Wizoo	Platinum24 - Electronic Drums	Partition E -> SNARES P2 -> SAMPLE	808S38SN15	
Wizoo	Platinum24 - Electronic Drums	Partition E -> SNARES P2 -> SAMPLE	808S38SN16	
Wizoo	Platinum24 - Electronic Drums	Partition E -> SNARES P2 -> SAMPLE	808S38SN17	
Wizoo	Platinum24 - Electronic Drums	Partition E -> SNARES P2 -> SAMPLE	808S38SN18	
Wizoo	Platinum24 - Electronic Drums	Partition E -> SNARES P2 -> SAMPLE	808S38SN19	
Wizoo	Platinum24 - Electronic Drums	Partition E -> SNARES P2 -> SAMPLE	808S40SN21	
Wizoo	Platinum24 - Electronic Drums	Partition E -> SNARES P2 -> SAMPLE	808S40SN22	
Wizoo	Platinum24 - Electronic Drums	Partition E -> SNARES P2 -> SAMPLE	808S40SN23	
Wizoo	Platinum24 - Electronic Drums	Partition E -> SNARES P2 -> SAMPLE	808S40SN24	
Wizoo	Platinum24 - Electronic Drums	Partition E -> SNARES P2 -> SAMPLE	808S40SN25	
Wizoo	Platinum24 - Electronic Drums	Partition E -> SNARES P2 -> SAMPLE	808S40SN26	
Wizoo	Platinum24 - Electronic Drums	Partition E -> SNARES P2 -> SAMPLE	808S40SN27	
Wizoo	Platinum24 - Electronic Drums	Partition E -> SNARES P2 -> SAMPLE	808S40SN28	
Wizoo	Platinum24 - Electronic Drums	Partition E -> SNARES P2 -> SAMPLE	808S40SN29	
Wizoo	Platinum24 - Electronic Drums	Partition E -> SNARES P2 -> SAMPLE	909S38SN11	
Wizoo	Platinum24 - Electronic Drums	Partition E -> SNARES P2 -> SAMPLE	909S38SN12	
Wizoo	Platinum24 - Electronic Drums	Partition E -> SNARES P2 -> SAMPLE	909S38SN13	
Wizoo	Platinum24 - Electronic Drums	Partition E -> SNARES P2 -> SAMPLE	909S38SN14	
Wizoo	Platinum24 - Electronic Drums	Partition E -> SNARES P2 -> SAMPLE	909S38SN15	
Wizoo	Platinum24 - Electronic Drums	Partition E -> SNARES P2 -> SAMPLE	909S38SN16	
Wizoo	Platinum24 - Electronic Drums	Partition E -> SNARES P2 -> SAMPLE	909S38SN17	
Wizoo	Platinum24 - Electronic Drums	Partition E -> SNARES P2 -> SAMPLE	909S40SN21	
Wizoo	Platinum24 - Electronic Drums	Partition E -> SNARES P2 -> SAMPLE	909S40SN22	
Wizoo	Platinum24 - Electronic Drums	Partition E -> SNARES P2 -> SAMPLE	909S40SN23	
Wizoo	Platinum24 - Electronic Drums	Partition E -> SNARES P2 -> SAMPLE	909S40SN24	
Wizoo	Platinum24 - Electronic Drums	Partition E -> SNARES P2 -> SAMPLE	909S40SN25	
Wizoo	Platinum24 - Electronic Drums	Partition E -> SNARES P2 -> SAMPLE	909S40SN26	
Wizoo	Platinum24 - Electronic Drums	Partition E -> SNARES P2 -> SAMPLE	909S40SN27	
Wizoo	Platinum24 - Electronic Drums	Partition E -> SNARES P2 -> SAMPLE	CLUB38SN21	
Wizoo	Platinum24 - Electronic Drums	Partition E -> SNARES P2 -> SAMPLE	CLUB38SN22	
Wizoo	Platinum24 - Electronic Drums	Partition E -> SNARES P2 -> SAMPLE	CLUB38SN23	
Wizoo	Platinum24 - Electronic Drums	Partition E -> SNARES P2 -> SAMPLE	CLUB38SN24	
Wizoo	Platinum24 - Electronic Drums	Partition E -> SNARES P2 -> SAMPLE	CLUB40SN11	
Wizoo	Platinum24 - Electronic Drums	Partition E -> SNARES P2 -> SAMPLE	CLUB40SN12	
Wizoo	Platinum24 - Electronic Drums	Partition E -> SNARES P2 -> SAMPLE	CLUB40SN13	
Wizoo	Platinum24 - Electronic Drums	Partition E -> SNARES P2 -> SAMPLE	CLUB40SN14	
Wizoo	Platinum24 - Electronic Drums	Partition E -> SNARES P2 -> SAMPLE	CLUB40SN15	
Wizoo	Platinum24 - Electronic Drums	Partition E -> SNARES P2 -> SAMPLE	GHOP38SD11	
Wizoo	Platinum24 - Electronic Drums	Partition E -> SNARES P2 -> SAMPLE	GHOP38SD12	
Wizoo	Platinum24 - Electronic Drums	Partition E -> SNARES P2 -> SAMPLE	GHOP38SD13	
Wizoo	Platinum24 - Electronic Drums	Partition E -> SNARES P2 -> SAMPLE	GHOP38SD14	
Wizoo	Platinum24 - Electronic Drums	Partition E -> SNARES P2 -> SAMPLE	GHOP40SD21	
Wizoo	Platinum24 - Electronic Drums	Partition E -> SNARES P2 -> SAMPLE	GHOP40SD22	
Wizoo	Platinum24 - Electronic Drums	Partition E -> SNARES P2 -> SAMPLE	GHOP40SD23	
Wizoo	Platinum24 - Electronic Drums	Partition E -> SNARES P2 -> SAMPLE	GHOP40SD24	
Wizoo	Platinum24 - Electronic Drums	Partition E -> SNARES P2 -> SAMPLE	GOA138SN21	
Wizoo	Platinum24 - Electronic Drums	Partition E -> SNARES P2 -> SAMPLE	GOA138SN22	
Wizoo	Platinum24 - Electronic Drums	Partition E -> SNARES P2 -> SAMPLE	GOA138SN23	
Wizoo	Platinum24 - Electronic Drums	Partition E -> SNARES P2 -> SAMPLE	GOA140SN11	
Wizoo	Platinum24 - Electronic Drums	Partition E -> SNARES P2 -> SAMPLE	GOA140SN12	
Wizoo	Platinum24 - Electronic Drums	Partition E -> SNARES P2 -> SAMPLE	GOA140SN13	
Wizoo	Platinum24 - Electronic Drums	Partition E -> SNARES P2 -> SAMPLE	GOA140SN14	
Wizoo	Platinum24 - Electronic Drums	Partition E -> SNARES P2 -> SAMPLE	MESH38SN11	
Wizoo	Platinum24 - Electronic Drums	Partition E -> SNARES P2 -> SAMPLE	MESH38SN12	
Wizoo	Platinum24 - Electronic Drums	Partition E -> SNARES P2 -> SAMPLE	MESH38SN13	
Wizoo	Platinum24 - Electronic Drums	Partition E -> SNARES P2 -> SAMPLE	MESH38SN14	
Wizoo	Platinum24 - Electronic Drums	Partition E -> SNARES P2 -> SAMPLE	MESH40SN21	
Wizoo	Platinum24 - Electronic Drums	Partition E -> SNARES P2 -> SAMPLE	MESH40SN22	
Wizoo	Platinum24 - Electronic Drums	Partition E -> SNARES P2 -> SAMPLE	MESH40SN23	
Wizoo	Platinum24 - Electronic Drums	Partition E -> SNARES P2 -> SAMPLE	MESH40SN24	
Wizoo	Platinum24 - Electronic Drums	Partition E -> SNARES P2 -> SAMPLE	MWII31SN31	
Wizoo	Platinum24 - Electronic Drums	Partition E -> SNARES P2 -> SAMPLE	MWII31SN32	
Wizoo	Platinum24 - Electronic Drums	Partition E -> SNARES P2 -> SAMPLE	MWII31SN33	
Wizoo	Platinum24 - Electronic Drums	Partition E -> SNARES P2 -> SAMPLE	MWII31SN34	
Wizoo	Platinum24 - Electronic Drums	Partition E -> SNARES P2 -> SAMPLE	MWII38SN21	
Wizoo	Platinum24 - Electronic Drums	Partition E -> SNARES P2 -> SAMPLE	MWII38SN22	
Wizoo	Platinum24 - Electronic Drums	Partition E -> SNARES P2 -> SAMPLE	MWII38SN23	
Wizoo	Platinum24 - Electronic Drums	Partition E -> SNARES P2 -> SAMPLE	MWII40SN11	
Wizoo	Platinum24 - Electronic Drums	Partition E -> SNARES P2 -> SAMPLE	MWII40SN12	
Wizoo	Platinum24 - Electronic Drums	Partition E -> SNARES P2 -> SAMPLE	MWII40SN13	
Wizoo	Platinum24 - Electronic Drums	Partition E -> SNARES P2 -> SAMPLE	MWII40SN14	
Wizoo	Platinum24 - Electronic Drums	Partition F -> 808 TOMS -> PROGRAM	808 TOMS	
Wizoo	Platinum24 - Electronic Drums	Partition F -> 808 TOMS -> SAMPLE	808C41FTL1	
Wizoo	Platinum24 - Electronic Drums	Partition F -> 808 TOMS -> SAMPLE	808C41FTL2	
Wizoo	Platinum24 - Electronic Drums	Partition F -> 808 TOMS -> SAMPLE	808C41FTL3	
Wizoo	Platinum24 - Electronic Drums	Partition F -> 808 TOMS -> SAMPLE	808C41FTL4	
Wizoo	Platinum24 - Electronic Drums	Partition F -> 808 TOMS -> SAMPLE	808C41FTL5	
Wizoo	Platinum24 - Electronic Drums	Partition F -> 808 TOMS -> SAMPLE	808C41FTL6	
Wizoo	Platinum24 - Electronic Drums	Partition F -> 808 TOMS -> SAMPLE	808C43FTH1	
Wizoo	Platinum24 - Electronic Drums	Partition F -> 808 TOMS -> SAMPLE	808C43FTH2	
Wizoo	Platinum24 - Electronic Drums	Partition F -> 808 TOMS -> SAMPLE	808C43FTH3	
Wizoo	Platinum24 - Electronic Drums	Partition F -> 808 TOMS -> SAMPLE	808C43FTH4	
Wizoo	Platinum24 - Electronic Drums	Partition F -> 808 TOMS -> SAMPLE	808C43FTH5	
Wizoo	Platinum24 - Electronic Drums	Partition F -> 808 TOMS -> SAMPLE	808C43FTH6	
Wizoo	Platinum24 - Electronic Drums	Partition F -> 808 TOMS -> SAMPLE	808C45MTL1	
Wizoo	Platinum24 - Electronic Drums	Partition F -> 808 TOMS -> SAMPLE	808C45MTL2	
Wizoo	Platinum24 - Electronic Drums	Partition F -> 808 TOMS -> SAMPLE	808C45MTL3	
Wizoo	Platinum24 - Electronic Drums	Partition F -> 808 TOMS -> SAMPLE	808C45MTL4	
Wizoo	Platinum24 - Electronic Drums	Partition F -> 808 TOMS -> SAMPLE	808C45MTL5	
Wizoo	Platinum24 - Electronic Drums	Partition F -> 808 TOMS -> SAMPLE	808C45MTL6	
Wizoo	Platinum24 - Electronic Drums	Partition F -> 808 TOMS -> SAMPLE	808C45MTL7	
Wizoo	Platinum24 - Electronic Drums	Partition F -> 808 TOMS -> SAMPLE	808C47MTH1	
Wizoo	Platinum24 - Electronic Drums	Partition F -> 808 TOMS -> SAMPLE	808C47MTH2	
Wizoo	Platinum24 - Electronic Drums	Partition F -> 808 TOMS -> SAMPLE	808C47MTH3	
Wizoo	Platinum24 - Electronic Drums	Partition F -> 808 TOMS -> SAMPLE	808C47MTH4	
Wizoo	Platinum24 - Electronic Drums	Partition F -> 808 TOMS -> SAMPLE	808C47MTH5	
Wizoo	Platinum24 - Electronic Drums	Partition F -> 808 TOMS -> SAMPLE	808C47MTH6	
Wizoo	Platinum24 - Electronic Drums	Partition F -> 808 TOMS -> SAMPLE	808C48HTL1	
Wizoo	Platinum24 - Electronic Drums	Partition F -> 808 TOMS -> SAMPLE	808C48HTL2	
Wizoo	Platinum24 - Electronic Drums	Partition F -> 808 TOMS -> SAMPLE	808C48HTL3	
Wizoo	Platinum24 - Electronic Drums	Partition F -> 808 TOMS -> SAMPLE	808C48HTL4	
Wizoo	Platinum24 - Electronic Drums	Partition F -> 808 TOMS -> SAMPLE	808C48HTL5	
Wizoo	Platinum24 - Electronic Drums	Partition F -> 808 TOMS -> SAMPLE	808C48HTL6	
Wizoo	Platinum24 - Electronic Drums	Partition F -> 808 TOMS -> SAMPLE	808C50HTH1	
Wizoo	Platinum24 - Electronic Drums	Partition F -> 808 TOMS -> SAMPLE	808C50HTH2	
Wizoo	Platinum24 - Electronic Drums	Partition F -> 808 TOMS -> SAMPLE	808C50HTH3	
Wizoo	Platinum24 - Electronic Drums	Partition F -> 808 TOMS -> SAMPLE	808C50HTH4	
Wizoo	Platinum24 - Electronic Drums	Partition F -> 808 TOMS -> SAMPLE	808C50HTH5	
Wizoo	Platinum24 - Electronic Drums	Partition F -> 808 TOMS -> SAMPLE	808C50HTH6	
Wizoo	Platinum24 - Electronic Drums	Partition F -> 808 TOMS -> SAMPLE	808C50HTH7	
Wizoo	Platinum24 - Electronic Drums	Partition F -> 808 TOMS -> SAMPLE	808O41FTL1	
Wizoo	Platinum24 - Electronic Drums	Partition F -> 808 TOMS -> SAMPLE	808O41FTL2	
Wizoo	Platinum24 - Electronic Drums	Partition F -> 808 TOMS -> SAMPLE	808O41FTL3	
Wizoo	Platinum24 - Electronic Drums	Partition F -> 808 TOMS -> SAMPLE	808O41FTL4	
Wizoo	Platinum24 - Electronic Drums	Partition F -> 808 TOMS -> SAMPLE	808O43FTH1	
Wizoo	Platinum24 - Electronic Drums	Partition F -> 808 TOMS -> SAMPLE	808O43FTH2	
Wizoo	Platinum24 - Electronic Drums	Partition F -> 808 TOMS -> SAMPLE	808O43FTH3	
Wizoo	Platinum24 - Electronic Drums	Partition F -> 808 TOMS -> SAMPLE	808O43FTH4	
Wizoo	Platinum24 - Electronic Drums	Partition F -> 808 TOMS -> SAMPLE	808O45MTL1	
Wizoo	Platinum24 - Electronic Drums	Partition F -> 808 TOMS -> SAMPLE	808O45MTL2	
Wizoo	Platinum24 - Electronic Drums	Partition F -> 808 TOMS -> SAMPLE	808O45MTL3	
Wizoo	Platinum24 - Electronic Drums	Partition F -> 808 TOMS -> SAMPLE	808O45MTL4	
Wizoo	Platinum24 - Electronic Drums	Partition F -> 808 TOMS -> SAMPLE	808O47MTH1	
Wizoo	Platinum24 - Electronic Drums	Partition F -> 808 TOMS -> SAMPLE	808O47MTH2	
Wizoo	Platinum24 - Electronic Drums	Partition F -> 808 TOMS -> SAMPLE	808O47MTH3	
Wizoo	Platinum24 - Electronic Drums	Partition F -> 808 TOMS -> SAMPLE	808O47MTH4	
Wizoo	Platinum24 - Electronic Drums	Partition F -> 808 TOMS -> SAMPLE	808O48HTL1	
Wizoo	Platinum24 - Electronic Drums	Partition F -> 808 TOMS -> SAMPLE	808O48HTL2	
Wizoo	Platinum24 - Electronic Drums	Partition F -> 808 TOMS -> SAMPLE	808O48HTL3	
Wizoo	Platinum24 - Electronic Drums	Partition F -> 808 TOMS -> SAMPLE	808O48HTL4	
Wizoo	Platinum24 - Electronic Drums	Partition F -> 808 TOMS -> SAMPLE	808O50HTH1	
Wizoo	Platinum24 - Electronic Drums	Partition F -> 808 TOMS -> SAMPLE	808O50HTH2	
Wizoo	Platinum24 - Electronic Drums	Partition F -> 808 TOMS -> SAMPLE	808O50HTH3	
Wizoo	Platinum24 - Electronic Drums	Partition F -> 808 TOMS -> SAMPLE	808O50HTH4	
Wizoo	Platinum24 - Electronic Drums	Partition F -> 909 TOMS P1 -> PROGRAM	909 TOMS P1	
Wizoo	Platinum24 - Electronic Drums	Partition F -> 909 TOMS P1 -> SAMPLE	909C41FTL1	
Wizoo	Platinum24 - Electronic Drums	Partition F -> 909 TOMS P1 -> SAMPLE	909C41FTL2	
Wizoo	Platinum24 - Electronic Drums	Partition F -> 909 TOMS P1 -> SAMPLE	909C41FTL3	
Wizoo	Platinum24 - Electronic Drums	Partition F -> 909 TOMS P1 -> SAMPLE	909C41FTL4	
Wizoo	Platinum24 - Electronic Drums	Partition F -> 909 TOMS P1 -> SAMPLE	909C43FTH1	
Wizoo	Platinum24 - Electronic Drums	Partition F -> 909 TOMS P1 -> SAMPLE	909C43FTH2	
Wizoo	Platinum24 - Electronic Drums	Partition F -> 909 TOMS P1 -> SAMPLE	909C43FTH3	
Wizoo	Platinum24 - Electronic Drums	Partition F -> 909 TOMS P1 -> SAMPLE	909C43FTH4	
Wizoo	Platinum24 - Electronic Drums	Partition F -> 909 TOMS P1 -> SAMPLE	909C43FTH5	
Wizoo	Platinum24 - Electronic Drums	Partition F -> 909 TOMS P1 -> SAMPLE	909C45MTL1	
Wizoo	Platinum24 - Electronic Drums	Partition F -> 909 TOMS P1 -> SAMPLE	909C45MTL2	
Wizoo	Platinum24 - Electronic Drums	Partition F -> 909 TOMS P1 -> SAMPLE	909C45MTL3	
Wizoo	Platinum24 - Electronic Drums	Partition F -> 909 TOMS P1 -> SAMPLE	909C45MTL4	
Wizoo	Platinum24 - Electronic Drums	Partition F -> 909 TOMS P1 -> SAMPLE	909C45MTL5	
Wizoo	Platinum24 - Electronic Drums	Partition F -> 909 TOMS P1 -> SAMPLE	909C47MTH1	
Wizoo	Platinum24 - Electronic Drums	Partition F -> 909 TOMS P1 -> SAMPLE	909C47MTH2	
Wizoo	Platinum24 - Electronic Drums	Partition F -> 909 TOMS P1 -> SAMPLE	909C47MTH3	
Wizoo	Platinum24 - Electronic Drums	Partition F -> 909 TOMS P1 -> SAMPLE	909C47MTH4	
Wizoo	Platinum24 - Electronic Drums	Partition F -> 909 TOMS P1 -> SAMPLE	909C47MTH5	
Wizoo	Platinum24 - Electronic Drums	Partition F -> 909 TOMS P1 -> SAMPLE	909C48HTL1	
Wizoo	Platinum24 - Electronic Drums	Partition F -> 909 TOMS P1 -> SAMPLE	909C48HTL2	
Wizoo	Platinum24 - Electronic Drums	Partition F -> 909 TOMS P1 -> SAMPLE	909C48HTL3	
Wizoo	Platinum24 - Electronic Drums	Partition F -> 909 TOMS P1 -> SAMPLE	909C48HTL4	
Wizoo	Platinum24 - Electronic Drums	Partition F -> 909 TOMS P1 -> SAMPLE	909C48HTL5	
Wizoo	Platinum24 - Electronic Drums	Partition F -> 909 TOMS P1 -> SAMPLE	909C48HTL6	
Wizoo	Platinum24 - Electronic Drums	Partition F -> 909 TOMS P1 -> SAMPLE	909C50HTH1	
Wizoo	Platinum24 - Electronic Drums	Partition F -> 909 TOMS P1 -> SAMPLE	909C50HTH2	
Wizoo	Platinum24 - Electronic Drums	Partition F -> 909 TOMS P1 -> SAMPLE	909C50HTH3	
Wizoo	Platinum24 - Electronic Drums	Partition F -> 909 TOMS P1 -> SAMPLE	909C50HTH4	
Wizoo	Platinum24 - Electronic Drums	Partition F -> 909 TOMS P1 -> SAMPLE	909C50HTH5	
Wizoo	Platinum24 - Electronic Drums	Partition F -> 909 TOMS P1 -> SAMPLE	909C50HTH6	
Wizoo	Platinum24 - Electronic Drums	Partition F -> 909 TOMS P1 -> SAMPLE	909D41FTL1	
Wizoo	Platinum24 - Electronic Drums	Partition F -> 909 TOMS P1 -> SAMPLE	909D41FTL2	
Wizoo	Platinum24 - Electronic Drums	Partition F -> 909 TOMS P1 -> SAMPLE	909D41FTL3	
Wizoo	Platinum24 - Electronic Drums	Partition F -> 909 TOMS P1 -> SAMPLE	909D41FTL4	
Wizoo	Platinum24 - Electronic Drums	Partition F -> 909 TOMS P1 -> SAMPLE	909D41FTL5	
Wizoo	Platinum24 - Electronic Drums	Partition F -> 909 TOMS P1 -> SAMPLE	909D41FTL6	
Wizoo	Platinum24 - Electronic Drums	Partition F -> 909 TOMS P1 -> SAMPLE	909D43FTH1	
Wizoo	Platinum24 - Electronic Drums	Partition F -> 909 TOMS P1 -> SAMPLE	909D43FTH2	
Wizoo	Platinum24 - Electronic Drums	Partition F -> 909 TOMS P1 -> SAMPLE	909D43FTH3	
Wizoo	Platinum24 - Electronic Drums	Partition F -> 909 TOMS P1 -> SAMPLE	909D43FTH4	
Wizoo	Platinum24 - Electronic Drums	Partition F -> 909 TOMS P1 -> SAMPLE	909D43FTH5	
Wizoo	Platinum24 - Electronic Drums	Partition F -> 909 TOMS P1 -> SAMPLE	909D43FTH6	
Wizoo	Platinum24 - Electronic Drums	Partition F -> 909 TOMS P1 -> SAMPLE	909D45MTL1	
Wizoo	Platinum24 - Electronic Drums	Partition F -> 909 TOMS P1 -> SAMPLE	909D45MTL2	
Wizoo	Platinum24 - Electronic Drums	Partition F -> 909 TOMS P1 -> SAMPLE	909D45MTL3	
Wizoo	Platinum24 - Electronic Drums	Partition F -> 909 TOMS P1 -> SAMPLE	909D45MTL4	
Wizoo	Platinum24 - Electronic Drums	Partition F -> 909 TOMS P1 -> SAMPLE	909D45MTL5	
Wizoo	Platinum24 - Electronic Drums	Partition F -> 909 TOMS P1 -> SAMPLE	909D45MTL6	
Wizoo	Platinum24 - Electronic Drums	Partition F -> 909 TOMS P1 -> SAMPLE	909D47MTH1	
Wizoo	Platinum24 - Electronic Drums	Partition F -> 909 TOMS P1 -> SAMPLE	909D47MTH2	
Wizoo	Platinum24 - Electronic Drums	Partition F -> 909 TOMS P1 -> SAMPLE	909D47MTH3	
Wizoo	Platinum24 - Electronic Drums	Partition F -> 909 TOMS P1 -> SAMPLE	909D47MTH4	
Wizoo	Platinum24 - Electronic Drums	Partition F -> 909 TOMS P1 -> SAMPLE	909D47MTH5	
Wizoo	Platinum24 - Electronic Drums	Partition F -> 909 TOMS P1 -> SAMPLE	909D47MTH6	
Wizoo	Platinum24 - Electronic Drums	Partition F -> 909 TOMS P1 -> SAMPLE	909D48HTL1	
Wizoo	Platinum24 - Electronic Drums	Partition F -> 909 TOMS P1 -> SAMPLE	909D48HTL2	
Wizoo	Platinum24 - Electronic Drums	Partition F -> 909 TOMS P1 -> SAMPLE	909D48HTL3	
Wizoo	Platinum24 - Electronic Drums	Partition F -> 909 TOMS P1 -> SAMPLE	909D48HTL4	
Wizoo	Platinum24 - Electronic Drums	Partition F -> 909 TOMS P1 -> SAMPLE	909D48HTL5	
Wizoo	Platinum24 - Electronic Drums	Partition F -> 909 TOMS P1 -> SAMPLE	909D48HTL6	
Wizoo	Platinum24 - Electronic Drums	Partition F -> 909 TOMS P1 -> SAMPLE	909D50HTH1	
Wizoo	Platinum24 - Electronic Drums	Partition F -> 909 TOMS P1 -> SAMPLE	909D50HTH2	
Wizoo	Platinum24 - Electronic Drums	Partition F -> 909 TOMS P1 -> SAMPLE	909D50HTH3	
Wizoo	Platinum24 - Electronic Drums	Partition F -> 909 TOMS P1 -> SAMPLE	909D50HTH4	
Wizoo	Platinum24 - Electronic Drums	Partition F -> 909 TOMS P1 -> SAMPLE	909D50HTH5	
Wizoo	Platinum24 - Electronic Drums	Partition F -> 909 TOMS P1 -> SAMPLE	909D50HTH6	
Wizoo	Platinum24 - Electronic Drums	Partition F -> 909 TOMS P1 -> SAMPLE	909O41FTL1	
Wizoo	Platinum24 - Electronic Drums	Partition F -> 909 TOMS P1 -> SAMPLE	909O41FTL2	
Wizoo	Platinum24 - Electronic Drums	Partition F -> 909 TOMS P1 -> SAMPLE	909O41FTL3	
Wizoo	Platinum24 - Electronic Drums	Partition F -> 909 TOMS P1 -> SAMPLE	909O41FTL4	
Wizoo	Platinum24 - Electronic Drums	Partition F -> 909 TOMS P1 -> SAMPLE	909O41FTL5	
Wizoo	Platinum24 - Electronic Drums	Partition F -> 909 TOMS P1 -> SAMPLE	909O41FTL6	
Wizoo	Platinum24 - Electronic Drums	Partition F -> 909 TOMS P1 -> SAMPLE	909O43FTH1	
Wizoo	Platinum24 - Electronic Drums	Partition F -> 909 TOMS P1 -> SAMPLE	909O43FTH2	
Wizoo	Platinum24 - Electronic Drums	Partition F -> 909 TOMS P1 -> SAMPLE	909O43FTH3	
Wizoo	Platinum24 - Electronic Drums	Partition F -> 909 TOMS P1 -> SAMPLE	909O43FTH4	
Wizoo	Platinum24 - Electronic Drums	Partition F -> 909 TOMS P1 -> SAMPLE	909O43FTH5	
Wizoo	Platinum24 - Electronic Drums	Partition F -> 909 TOMS P1 -> SAMPLE	909O43FTH6	
Wizoo	Platinum24 - Electronic Drums	Partition F -> 909 TOMS P1 -> SAMPLE	909O45MTL1	
Wizoo	Platinum24 - Electronic Drums	Partition F -> 909 TOMS P1 -> SAMPLE	909O45MTL2	
Wizoo	Platinum24 - Electronic Drums	Partition F -> 909 TOMS P1 -> SAMPLE	909O45MTL3	
Wizoo	Platinum24 - Electronic Drums	Partition F -> 909 TOMS P1 -> SAMPLE	909O45MTL4	
Wizoo	Platinum24 - Electronic Drums	Partition F -> 909 TOMS P1 -> SAMPLE	909O45MTL5	
Wizoo	Platinum24 - Electronic Drums	Partition F -> 909 TOMS P1 -> SAMPLE	909O45MTL6	
Wizoo	Platinum24 - Electronic Drums	Partition F -> 909 TOMS P1 -> SAMPLE	909O47MTH1	
Wizoo	Platinum24 - Electronic Drums	Partition F -> 909 TOMS P1 -> SAMPLE	909O47MTH2	
Wizoo	Platinum24 - Electronic Drums	Partition F -> 909 TOMS P1 -> SAMPLE	909O47MTH3	
Wizoo	Platinum24 - Electronic Drums	Partition F -> 909 TOMS P1 -> SAMPLE	909O47MTH4	
Wizoo	Platinum24 - Electronic Drums	Partition F -> 909 TOMS P1 -> SAMPLE	909O47MTH5	
Wizoo	Platinum24 - Electronic Drums	Partition F -> 909 TOMS P1 -> SAMPLE	909O47MTH6	
Wizoo	Platinum24 - Electronic Drums	Partition F -> 909 TOMS P1 -> SAMPLE	909O48HTL1	
Wizoo	Platinum24 - Electronic Drums	Partition F -> 909 TOMS P1 -> SAMPLE	909O48HTL2	
Wizoo	Platinum24 - Electronic Drums	Partition F -> 909 TOMS P1 -> SAMPLE	909O48HTL3	
Wizoo	Platinum24 - Electronic Drums	Partition F -> 909 TOMS P1 -> SAMPLE	909O48HTL4	
Wizoo	Platinum24 - Electronic Drums	Partition F -> 909 TOMS P1 -> SAMPLE	909O48HTL5	
Wizoo	Platinum24 - Electronic Drums	Partition F -> 909 TOMS P1 -> SAMPLE	909O48HTL6	
Wizoo	Platinum24 - Electronic Drums	Partition F -> 909 TOMS P1 -> SAMPLE	909O50HTH1	
Wizoo	Platinum24 - Electronic Drums	Partition F -> 909 TOMS P1 -> SAMPLE	909O50HTH2	
Wizoo	Platinum24 - Electronic Drums	Partition F -> 909 TOMS P1 -> SAMPLE	909O50HTH3	
Wizoo	Platinum24 - Electronic Drums	Partition F -> 909 TOMS P1 -> SAMPLE	909O50HTH4	
Wizoo	Platinum24 - Electronic Drums	Partition F -> 909 TOMS P1 -> SAMPLE	909O50HTH5	
Wizoo	Platinum24 - Electronic Drums	Partition F -> 909 TOMS P1 -> SAMPLE	909O50HTH6	
Wizoo	Platinum24 - Electronic Drums	Partition F -> 909 TOMS P2 -> PROGRAM	909 TOMS P2	
Wizoo	Platinum24 - Electronic Drums	Partition F -> 909 TOMS P2 -> SAMPLE	909N41FTL1	
Wizoo	Platinum24 - Electronic Drums	Partition F -> 909 TOMS P2 -> SAMPLE	909N41FTL2	
Wizoo	Platinum24 - Electronic Drums	Partition F -> 909 TOMS P2 -> SAMPLE	909N41FTL3	
Wizoo	Platinum24 - Electronic Drums	Partition F -> 909 TOMS P2 -> SAMPLE	909N41FTL4	
Wizoo	Platinum24 - Electronic Drums	Partition F -> 909 TOMS P2 -> SAMPLE	909N41FTL5	
Wizoo	Platinum24 - Electronic Drums	Partition F -> 909 TOMS P2 -> SAMPLE	909N41FTL6	
Wizoo	Platinum24 - Electronic Drums	Partition F -> 909 TOMS P2 -> SAMPLE	909N43FTH1	
Wizoo	Platinum24 - Electronic Drums	Partition F -> 909 TOMS P2 -> SAMPLE	909N43FTH2	
Wizoo	Platinum24 - Electronic Drums	Partition F -> 909 TOMS P2 -> SAMPLE	909N43FTH3	
Wizoo	Platinum24 - Electronic Drums	Partition F -> 909 TOMS P2 -> SAMPLE	909N43FTH4	
Wizoo	Platinum24 - Electronic Drums	Partition F -> 909 TOMS P2 -> SAMPLE	909N43FTH5	
Wizoo	Platinum24 - Electronic Drums	Partition F -> 909 TOMS P2 -> SAMPLE	909N43FTH6	
Wizoo	Platinum24 - Electronic Drums	Partition F -> 909 TOMS P2 -> SAMPLE	909N45MTL1	
Wizoo	Platinum24 - Electronic Drums	Partition F -> 909 TOMS P2 -> SAMPLE	909N45MTL2	
Wizoo	Platinum24 - Electronic Drums	Partition F -> 909 TOMS P2 -> SAMPLE	909N45MTL3	
Wizoo	Platinum24 - Electronic Drums	Partition F -> 909 TOMS P2 -> SAMPLE	909N45MTL4	
Wizoo	Platinum24 - Electronic Drums	Partition F -> 909 TOMS P2 -> SAMPLE	909N45MTL5	
Wizoo	Platinum24 - Electronic Drums	Partition F -> 909 TOMS P2 -> SAMPLE	909N45MTL6	
Wizoo	Platinum24 - Electronic Drums	Partition F -> 909 TOMS P2 -> SAMPLE	909N47MTH1	
Wizoo	Platinum24 - Electronic Drums	Partition F -> 909 TOMS P2 -> SAMPLE	909N47MTH2	
Wizoo	Platinum24 - Electronic Drums	Partition F -> 909 TOMS P2 -> SAMPLE	909N47MTH3	
Wizoo	Platinum24 - Electronic Drums	Partition F -> 909 TOMS P2 -> SAMPLE	909N47MTH4	
Wizoo	Platinum24 - Electronic Drums	Partition F -> 909 TOMS P2 -> SAMPLE	909N47MTH5	
Wizoo	Platinum24 - Electronic Drums	Partition F -> 909 TOMS P2 -> SAMPLE	909N47MTH6	
Wizoo	Platinum24 - Electronic Drums	Partition F -> 909 TOMS P2 -> SAMPLE	909N48HTL1	
Wizoo	Platinum24 - Electronic Drums	Partition F -> 909 TOMS P2 -> SAMPLE	909N48HTL2	
Wizoo	Platinum24 - Electronic Drums	Partition F -> 909 TOMS P2 -> SAMPLE	909N48HTL3	
Wizoo	Platinum24 - Electronic Drums	Partition F -> 909 TOMS P2 -> SAMPLE	909N48HTL4	
Wizoo	Platinum24 - Electronic Drums	Partition F -> 909 TOMS P2 -> SAMPLE	909N48HTL5	
Wizoo	Platinum24 - Electronic Drums	Partition F -> 909 TOMS P2 -> SAMPLE	909N48HTL6	
Wizoo	Platinum24 - Electronic Drums	Partition F -> 909 TOMS P2 -> SAMPLE	909N50HTH1	
Wizoo	Platinum24 - Electronic Drums	Partition F -> 909 TOMS P2 -> SAMPLE	909N50HTH2	
Wizoo	Platinum24 - Electronic Drums	Partition F -> 909 TOMS P2 -> SAMPLE	909N50HTH3	
Wizoo	Platinum24 - Electronic Drums	Partition F -> 909 TOMS P2 -> SAMPLE	909N50HTH4	
Wizoo	Platinum24 - Electronic Drums	Partition F -> 909 TOMS P2 -> SAMPLE	909N50HTH5	
Wizoo	Platinum24 - Electronic Drums	Partition F -> 909 TOMS P2 -> SAMPLE	909N50HTH6	
Wizoo	Platinum24 - Electronic Drums	Partition F -> 909 TOMS P2 -> SAMPLE	909Y41FTL1	
Wizoo	Platinum24 - Electronic Drums	Partition F -> 909 TOMS P2 -> SAMPLE	909Y41FTL2	
Wizoo	Platinum24 - Electronic Drums	Partition F -> 909 TOMS P2 -> SAMPLE	909Y41FTL3	
Wizoo	Platinum24 - Electronic Drums	Partition F -> 909 TOMS P2 -> SAMPLE	909Y41FTL4	
Wizoo	Platinum24 - Electronic Drums	Partition F -> 909 TOMS P2 -> SAMPLE	909Y41FTL5	
Wizoo	Platinum24 - Electronic Drums	Partition F -> 909 TOMS P2 -> SAMPLE	909Y41FTL6	
Wizoo	Platinum24 - Electronic Drums	Partition F -> 909 TOMS P2 -> SAMPLE	909Y43FTH1	
Wizoo	Platinum24 - Electronic Drums	Partition F -> 909 TOMS P2 -> SAMPLE	909Y43FTH2	
Wizoo	Platinum24 - Electronic Drums	Partition F -> 909 TOMS P2 -> SAMPLE	909Y43FTH3	
Wizoo	Platinum24 - Electronic Drums	Partition F -> 909 TOMS P2 -> SAMPLE	909Y43FTH4	
Wizoo	Platinum24 - Electronic Drums	Partition F -> 909 TOMS P2 -> SAMPLE	909Y43FTH5	
Wizoo	Platinum24 - Electronic Drums	Partition F -> 909 TOMS P2 -> SAMPLE	909Y43FTH6	
Wizoo	Platinum24 - Electronic Drums	Partition F -> 909 TOMS P2 -> SAMPLE	909Y45MTL1	
Wizoo	Platinum24 - Electronic Drums	Partition F -> 909 TOMS P2 -> SAMPLE	909Y45MTL2	
Wizoo	Platinum24 - Electronic Drums	Partition F -> 909 TOMS P2 -> SAMPLE	909Y45MTL3	
Wizoo	Platinum24 - Electronic Drums	Partition F -> 909 TOMS P2 -> SAMPLE	909Y45MTL4	
Wizoo	Platinum24 - Electronic Drums	Partition F -> 909 TOMS P2 -> SAMPLE	909Y45MTL5	
Wizoo	Platinum24 - Electronic Drums	Partition F -> 909 TOMS P2 -> SAMPLE	909Y45MTL6	
Wizoo	Platinum24 - Electronic Drums	Partition F -> 909 TOMS P2 -> SAMPLE	909Y47MTH1	
Wizoo	Platinum24 - Electronic Drums	Partition F -> 909 TOMS P2 -> SAMPLE	909Y47MTH2	
Wizoo	Platinum24 - Electronic Drums	Partition F -> 909 TOMS P2 -> SAMPLE	909Y47MTH3	
Wizoo	Platinum24 - Electronic Drums	Partition F -> 909 TOMS P2 -> SAMPLE	909Y47MTH4	
Wizoo	Platinum24 - Electronic Drums	Partition F -> 909 TOMS P2 -> SAMPLE	909Y47MTH5	
Wizoo	Platinum24 - Electronic Drums	Partition F -> 909 TOMS P2 -> SAMPLE	909Y47MTH6	
Wizoo	Platinum24 - Electronic Drums	Partition F -> 909 TOMS P2 -> SAMPLE	909Y48HTL1	
Wizoo	Platinum24 - Electronic Drums	Partition F -> 909 TOMS P2 -> SAMPLE	909Y48HTL2	
Wizoo	Platinum24 - Electronic Drums	Partition F -> 909 TOMS P2 -> SAMPLE	909Y48HTL3	
Wizoo	Platinum24 - Electronic Drums	Partition F -> 909 TOMS P2 -> SAMPLE	909Y48HTL4	
Wizoo	Platinum24 - Electronic Drums	Partition F -> 909 TOMS P2 -> SAMPLE	909Y48HTL5	
Wizoo	Platinum24 - Electronic Drums	Partition F -> 909 TOMS P2 -> SAMPLE	909Y48HTL6	
Wizoo	Platinum24 - Electronic Drums	Partition F -> 909 TOMS P2 -> SAMPLE	909Y50HTH1	
Wizoo	Platinum24 - Electronic Drums	Partition F -> 909 TOMS P2 -> SAMPLE	909Y50HTH2	
Wizoo	Platinum24 - Electronic Drums	Partition F -> 909 TOMS P2 -> SAMPLE	909Y50HTH3	
Wizoo	Platinum24 - Electronic Drums	Partition F -> 909 TOMS P2 -> SAMPLE	909Y50HTH4	
Wizoo	Platinum24 - Electronic Drums	Partition F -> 909 TOMS P2 -> SAMPLE	909Y50HTH5	
Wizoo	Platinum24 - Electronic Drums	Partition F -> 909 TOMS P2 -> SAMPLE	909Y50HTH6	
Wizoo	Platinum24 - Electronic Drums	Partition F -> CYMBAL P1 -> PROGRAM	CYMBAL P1	
Wizoo	Platinum24 - Electronic Drums	Partition F -> CYMBAL P1 -> SAMPLE	909C49CS11	
Wizoo	Platinum24 - Electronic Drums	Partition F -> CYMBAL P1 -> SAMPLE	909C49CS12	
Wizoo	Platinum24 - Electronic Drums	Partition F -> CYMBAL P1 -> SAMPLE	909C49CS13	
Wizoo	Platinum24 - Electronic Drums	Partition F -> CYMBAL P1 -> SAMPLE	909C49CS14	
Wizoo	Platinum24 - Electronic Drums	Partition F -> CYMBAL P1 -> SAMPLE	909C49CS15	
Wizoo	Platinum24 - Electronic Drums	Partition F -> CYMBAL P1 -> SAMPLE	909C51RD11	
Wizoo	Platinum24 - Electronic Drums	Partition F -> CYMBAL P1 -> SAMPLE	909C51RD12	
Wizoo	Platinum24 - Electronic Drums	Partition F -> CYMBAL P1 -> SAMPLE	909C51RD13	
Wizoo	Platinum24 - Electronic Drums	Partition F -> CYMBAL P1 -> SAMPLE	909C51RD14	
Wizoo	Platinum24 - Electronic Drums	Partition F -> CYMBAL P1 -> SAMPLE	909C51RD15	
Wizoo	Platinum24 - Electronic Drums	Partition F -> CYMBAL P1 -> SAMPLE	909C57CS21	
Wizoo	Platinum24 - Electronic Drums	Partition F -> CYMBAL P1 -> SAMPLE	909C57CS22	
Wizoo	Platinum24 - Electronic Drums	Partition F -> CYMBAL P1 -> SAMPLE	909C57CS23	
Wizoo	Platinum24 - Electronic Drums	Partition F -> CYMBAL P1 -> SAMPLE	909C57CS24	
Wizoo	Platinum24 - Electronic Drums	Partition F -> CYMBAL P1 -> SAMPLE	909C57CS25	
Wizoo	Platinum24 - Electronic Drums	Partition F -> CYMBAL P1 -> SAMPLE	909C59RD21	
Wizoo	Platinum24 - Electronic Drums	Partition F -> CYMBAL P1 -> SAMPLE	909C59RD22	
Wizoo	Platinum24 - Electronic Drums	Partition F -> CYMBAL P1 -> SAMPLE	909C59RD23	
Wizoo	Platinum24 - Electronic Drums	Partition F -> CYMBAL P1 -> SAMPLE	909C59RD24	
Wizoo	Platinum24 - Electronic Drums	Partition F -> CYMBAL P1 -> SAMPLE	909C59RD25	
Wizoo	Platinum24 - Electronic Drums	Partition F -> CYMBAL P1 -> SAMPLE	909D49CS11	
Wizoo	Platinum24 - Electronic Drums	Partition F -> CYMBAL P1 -> SAMPLE	909D49CS12	
Wizoo	Platinum24 - Electronic Drums	Partition F -> CYMBAL P1 -> SAMPLE	909D49CS13	
Wizoo	Platinum24 - Electronic Drums	Partition F -> CYMBAL P1 -> SAMPLE	909D49CS14	
Wizoo	Platinum24 - Electronic Drums	Partition F -> CYMBAL P1 -> SAMPLE	909D49CS15	
Wizoo	Platinum24 - Electronic Drums	Partition F -> CYMBAL P1 -> SAMPLE	909D51RD11	
Wizoo	Platinum24 - Electronic Drums	Partition F -> CYMBAL P1 -> SAMPLE	909D51RD12	
Wizoo	Platinum24 - Electronic Drums	Partition F -> CYMBAL P1 -> SAMPLE	909D51RD13	
Wizoo	Platinum24 - Electronic Drums	Partition F -> CYMBAL P1 -> SAMPLE	909D51RD14	
Wizoo	Platinum24 - Electronic Drums	Partition F -> CYMBAL P1 -> SAMPLE	909D51RD15	
Wizoo	Platinum24 - Electronic Drums	Partition F -> CYMBAL P1 -> SAMPLE	909D57CS21	
Wizoo	Platinum24 - Electronic Drums	Partition F -> CYMBAL P1 -> SAMPLE	909D57CS22	
Wizoo	Platinum24 - Electronic Drums	Partition F -> CYMBAL P1 -> SAMPLE	909D57CS23	
Wizoo	Platinum24 - Electronic Drums	Partition F -> CYMBAL P1 -> SAMPLE	909D57CS24	
Wizoo	Platinum24 - Electronic Drums	Partition F -> CYMBAL P1 -> SAMPLE	909D57CS25	
Wizoo	Platinum24 - Electronic Drums	Partition F -> CYMBAL P1 -> SAMPLE	909D57CS26	
Wizoo	Platinum24 - Electronic Drums	Partition F -> CYMBAL P1 -> SAMPLE	909D59RD21	
Wizoo	Platinum24 - Electronic Drums	Partition F -> CYMBAL P1 -> SAMPLE	909D59RD22	
Wizoo	Platinum24 - Electronic Drums	Partition F -> CYMBAL P1 -> SAMPLE	909D59RD23	
Wizoo	Platinum24 - Electronic Drums	Partition F -> CYMBAL P1 -> SAMPLE	909D59RD24	
Wizoo	Platinum24 - Electronic Drums	Partition F -> CYMBAL P1 -> SAMPLE	909D59RD25	
Wizoo	Platinum24 - Electronic Drums	Partition F -> CYMBAL P1 -> SAMPLE	909N49CS11	
Wizoo	Platinum24 - Electronic Drums	Partition F -> CYMBAL P1 -> SAMPLE	909N49CS12	
Wizoo	Platinum24 - Electronic Drums	Partition F -> CYMBAL P1 -> SAMPLE	909N49CS13	
Wizoo	Platinum24 - Electronic Drums	Partition F -> CYMBAL P1 -> SAMPLE	909N49CS14	
Wizoo	Platinum24 - Electronic Drums	Partition F -> CYMBAL P1 -> SAMPLE	909N49CS15	
Wizoo	Platinum24 - Electronic Drums	Partition F -> CYMBAL P1 -> SAMPLE	909N49CS16	
Wizoo	Platinum24 - Electronic Drums	Partition F -> CYMBAL P1 -> SAMPLE	909N51RD11	
Wizoo	Platinum24 - Electronic Drums	Partition F -> CYMBAL P1 -> SAMPLE	909N51RD12	
Wizoo	Platinum24 - Electronic Drums	Partition F -> CYMBAL P1 -> SAMPLE	909N51RD13	
Wizoo	Platinum24 - Electronic Drums	Partition F -> CYMBAL P1 -> SAMPLE	909N51RD14	
Wizoo	Platinum24 - Electronic Drums	Partition F -> CYMBAL P1 -> SAMPLE	909N51RD15	
Wizoo	Platinum24 - Electronic Drums	Partition F -> CYMBAL P1 -> SAMPLE	909N51RD16	
Wizoo	Platinum24 - Electronic Drums	Partition F -> CYMBAL P1 -> SAMPLE	909N57CS21	
Wizoo	Platinum24 - Electronic Drums	Partition F -> CYMBAL P1 -> SAMPLE	909N57CS22	
Wizoo	Platinum24 - Electronic Drums	Partition F -> CYMBAL P1 -> SAMPLE	909N57CS23	
Wizoo	Platinum24 - Electronic Drums	Partition F -> CYMBAL P1 -> SAMPLE	909N57CS24	
Wizoo	Platinum24 - Electronic Drums	Partition F -> CYMBAL P1 -> SAMPLE	909N57CS25	
Wizoo	Platinum24 - Electronic Drums	Partition F -> CYMBAL P1 -> SAMPLE	909N57CS26	
Wizoo	Platinum24 - Electronic Drums	Partition F -> CYMBAL P1 -> SAMPLE	909N59RD21	
Wizoo	Platinum24 - Electronic Drums	Partition F -> CYMBAL P1 -> SAMPLE	909N59RD22	
Wizoo	Platinum24 - Electronic Drums	Partition F -> CYMBAL P1 -> SAMPLE	909N59RD23	
Wizoo	Platinum24 - Electronic Drums	Partition F -> CYMBAL P1 -> SAMPLE	909N59RD24	
Wizoo	Platinum24 - Electronic Drums	Partition F -> CYMBAL P1 -> SAMPLE	909N59RD25	
Wizoo	Platinum24 - Electronic Drums	Partition F -> CYMBAL P1 -> SAMPLE	909N59RD26	
Wizoo	Platinum24 - Electronic Drums	Partition F -> CYMBAL P1 -> SAMPLE	909O49CS11	
Wizoo	Platinum24 - Electronic Drums	Partition F -> CYMBAL P1 -> SAMPLE	909O49CS12	
Wizoo	Platinum24 - Electronic Drums	Partition F -> CYMBAL P1 -> SAMPLE	909O49CS13	
Wizoo	Platinum24 - Electronic Drums	Partition F -> CYMBAL P1 -> SAMPLE	909O49CS14	
Wizoo	Platinum24 - Electronic Drums	Partition F -> CYMBAL P1 -> SAMPLE	909O49CS15	
Wizoo	Platinum24 - Electronic Drums	Partition F -> CYMBAL P1 -> SAMPLE	909O51RD11	
Wizoo	Platinum24 - Electronic Drums	Partition F -> CYMBAL P1 -> SAMPLE	909O51RD12	
Wizoo	Platinum24 - Electronic Drums	Partition F -> CYMBAL P1 -> SAMPLE	909O51RD13	
Wizoo	Platinum24 - Electronic Drums	Partition F -> CYMBAL P1 -> SAMPLE	909O51RD14	
Wizoo	Platinum24 - Electronic Drums	Partition F -> CYMBAL P1 -> SAMPLE	909O51RD15	
Wizoo	Platinum24 - Electronic Drums	Partition F -> CYMBAL P1 -> SAMPLE	909O51RD16	
Wizoo	Platinum24 - Electronic Drums	Partition F -> CYMBAL P1 -> SAMPLE	909O57CS21	
Wizoo	Platinum24 - Electronic Drums	Partition F -> CYMBAL P1 -> SAMPLE	909O57CS22	
Wizoo	Platinum24 - Electronic Drums	Partition F -> CYMBAL P1 -> SAMPLE	909O57CS23	
Wizoo	Platinum24 - Electronic Drums	Partition F -> CYMBAL P1 -> SAMPLE	909O57CS24	
Wizoo	Platinum24 - Electronic Drums	Partition F -> CYMBAL P1 -> SAMPLE	909O57CS25	
Wizoo	Platinum24 - Electronic Drums	Partition F -> CYMBAL P1 -> SAMPLE	909O59RD21	
Wizoo	Platinum24 - Electronic Drums	Partition F -> CYMBAL P1 -> SAMPLE	909O59RD22	
Wizoo	Platinum24 - Electronic Drums	Partition F -> CYMBAL P1 -> SAMPLE	909O59RD23	
Wizoo	Platinum24 - Electronic Drums	Partition F -> CYMBAL P1 -> SAMPLE	909O59RD24	
Wizoo	Platinum24 - Electronic Drums	Partition F -> CYMBAL P1 -> SAMPLE	909O59RD25	
Wizoo	Platinum24 - Electronic Drums	Partition F -> CYMBAL P1 -> SAMPLE	909Y49CS11	
Wizoo	Platinum24 - Electronic Drums	Partition F -> CYMBAL P1 -> SAMPLE	909Y49CS12	
Wizoo	Platinum24 - Electronic Drums	Partition F -> CYMBAL P1 -> SAMPLE	909Y49CS13	
Wizoo	Platinum24 - Electronic Drums	Partition F -> CYMBAL P1 -> SAMPLE	909Y49CS14	
Wizoo	Platinum24 - Electronic Drums	Partition F -> CYMBAL P1 -> SAMPLE	909Y51RD11	
Wizoo	Platinum24 - Electronic Drums	Partition F -> CYMBAL P1 -> SAMPLE	909Y51RD12	
Wizoo	Platinum24 - Electronic Drums	Partition F -> CYMBAL P1 -> SAMPLE	909Y51RD13	
Wizoo	Platinum24 - Electronic Drums	Partition F -> CYMBAL P1 -> SAMPLE	909Y51RD14	
Wizoo	Platinum24 - Electronic Drums	Partition F -> CYMBAL P1 -> SAMPLE	909Y57CS21	
Wizoo	Platinum24 - Electronic Drums	Partition F -> CYMBAL P1 -> SAMPLE	909Y57CS22	
Wizoo	Platinum24 - Electronic Drums	Partition F -> CYMBAL P1 -> SAMPLE	909Y57CS23	
Wizoo	Platinum24 - Electronic Drums	Partition F -> CYMBAL P1 -> SAMPLE	909Y57CS24	
Wizoo	Platinum24 - Electronic Drums	Partition F -> CYMBAL P1 -> SAMPLE	909Y59RD21	
Wizoo	Platinum24 - Electronic Drums	Partition F -> CYMBAL P1 -> SAMPLE	909Y59RD22	
Wizoo	Platinum24 - Electronic Drums	Partition F -> CYMBAL P1 -> SAMPLE	909Y59RD23	
Wizoo	Platinum24 - Electronic Drums	Partition F -> CYMBAL P1 -> SAMPLE	909Y59RD24	
Wizoo	Platinum24 - Electronic Drums	Partition F -> CYMBAL P2 -> PROGRAM	CYMBAL P2	
Wizoo	Platinum24 - Electronic Drums	Partition F -> CYMBAL P2 -> SAMPLE	808C49CYL1	
Wizoo	Platinum24 - Electronic Drums	Partition F -> CYMBAL P2 -> SAMPLE	808C49CYL2	
Wizoo	Platinum24 - Electronic Drums	Partition F -> CYMBAL P2 -> SAMPLE	808C49CYL3	
Wizoo	Platinum24 - Electronic Drums	Partition F -> CYMBAL P2 -> SAMPLE	808C49CYL4	
Wizoo	Platinum24 - Electronic Drums	Partition F -> CYMBAL P2 -> SAMPLE	808C49CYL5	
Wizoo	Platinum24 - Electronic Drums	Partition F -> CYMBAL P2 -> SAMPLE	808C49CYL6	
Wizoo	Platinum24 - Electronic Drums	Partition F -> CYMBAL P2 -> SAMPLE	808C49CYL7	
Wizoo	Platinum24 - Electronic Drums	Partition F -> CYMBAL P2 -> SAMPLE	808C51CYM1	
Wizoo	Platinum24 - Electronic Drums	Partition F -> CYMBAL P2 -> SAMPLE	808C51CYM2	
Wizoo	Platinum24 - Electronic Drums	Partition F -> CYMBAL P2 -> SAMPLE	808C51CYM3	
Wizoo	Platinum24 - Electronic Drums	Partition F -> CYMBAL P2 -> SAMPLE	808C51CYM4	
Wizoo	Platinum24 - Electronic Drums	Partition F -> CYMBAL P2 -> SAMPLE	808C51CYM5	
Wizoo	Platinum24 - Electronic Drums	Partition F -> CYMBAL P2 -> SAMPLE	808C51CYM6	
Wizoo	Platinum24 - Electronic Drums	Partition F -> CYMBAL P2 -> SAMPLE	808C52CYH1	
Wizoo	Platinum24 - Electronic Drums	Partition F -> CYMBAL P2 -> SAMPLE	808C52CYH2	
Wizoo	Platinum24 - Electronic Drums	Partition F -> CYMBAL P2 -> SAMPLE	808C52CYH3	
Wizoo	Platinum24 - Electronic Drums	Partition F -> CYMBAL P2 -> SAMPLE	808C52CYH4	
Wizoo	Platinum24 - Electronic Drums	Partition F -> CYMBAL P2 -> SAMPLE	808C52CYH5	
Wizoo	Platinum24 - Electronic Drums	Partition F -> CYMBAL P2 -> SAMPLE	808C52CYH6	
Wizoo	Platinum24 - Electronic Drums	Partition F -> CYMBAL P2 -> SAMPLE	808O49CY11	
Wizoo	Platinum24 - Electronic Drums	Partition F -> CYMBAL P2 -> SAMPLE	808O49CY12	
Wizoo	Platinum24 - Electronic Drums	Partition F -> CYMBAL P2 -> SAMPLE	808O49CY13	
Wizoo	Platinum24 - Electronic Drums	Partition F -> CYMBAL P2 -> SAMPLE	808O49CY14	
Wizoo	Platinum24 - Electronic Drums	Partition F -> CYMBAL P2 -> SAMPLE	808O49CY15	
Wizoo	Platinum24 - Electronic Drums	Partition F -> CYMBAL P2 -> SAMPLE	808O51CY21	
Wizoo	Platinum24 - Electronic Drums	Partition F -> CYMBAL P2 -> SAMPLE	808O51CY22	
Wizoo	Platinum24 - Electronic Drums	Partition F -> CYMBAL P2 -> SAMPLE	808O51CY23	
Wizoo	Platinum24 - Electronic Drums	Partition F -> CYMBAL P2 -> SAMPLE	808O51CY24	
Wizoo	Platinum24 - Electronic Drums	Partition F -> CYMBAL P2 -> SAMPLE	808O51CY25	
Wizoo	Platinum24 - Electronic Drums	Partition F -> CYMBAL P2 -> SAMPLE	808O51CY26	
Wizoo	Platinum24 - Electronic Drums	Partition F -> CYMBAL P2 -> SAMPLE	808S49CYL1	
Wizoo	Platinum24 - Electronic Drums	Partition F -> CYMBAL P2 -> SAMPLE	808S49CYL2	
Wizoo	Platinum24 - Electronic Drums	Partition F -> CYMBAL P2 -> SAMPLE	808S49CYL3	
Wizoo	Platinum24 - Electronic Drums	Partition F -> CYMBAL P2 -> SAMPLE	808S49CYL4	
Wizoo	Platinum24 - Electronic Drums	Partition F -> CYMBAL P2 -> SAMPLE	808S49CYL5	
Wizoo	Platinum24 - Electronic Drums	Partition F -> CYMBAL P2 -> SAMPLE	808S49CYL6	
Wizoo	Platinum24 - Electronic Drums	Partition F -> CYMBAL P2 -> SAMPLE	808S49CYL7	
Wizoo	Platinum24 - Electronic Drums	Partition F -> CYMBAL P2 -> SAMPLE	808S49CYL8	
Wizoo	Platinum24 - Electronic Drums	Partition F -> CYMBAL P2 -> SAMPLE	808S51CYM1	
Wizoo	Platinum24 - Electronic Drums	Partition F -> CYMBAL P2 -> SAMPLE	808S51CYM2	
Wizoo	Platinum24 - Electronic Drums	Partition F -> CYMBAL P2 -> SAMPLE	808S51CYM3	
Wizoo	Platinum24 - Electronic Drums	Partition F -> CYMBAL P2 -> SAMPLE	808S51CYM4	
Wizoo	Platinum24 - Electronic Drums	Partition F -> CYMBAL P2 -> SAMPLE	808S51CYM5	
Wizoo	Platinum24 - Electronic Drums	Partition F -> CYMBAL P2 -> SAMPLE	808S51CYM6	
Wizoo	Platinum24 - Electronic Drums	Partition F -> CYMBAL P2 -> SAMPLE	808S52CYH1	
Wizoo	Platinum24 - Electronic Drums	Partition F -> CYMBAL P2 -> SAMPLE	808S52CYH2	
Wizoo	Platinum24 - Electronic Drums	Partition F -> CYMBAL P2 -> SAMPLE	808S52CYH3	
Wizoo	Platinum24 - Electronic Drums	Partition F -> CYMBAL P2 -> SAMPLE	808S52CYH4	
Wizoo	Platinum24 - Electronic Drums	Partition F -> CYMBAL P2 -> SAMPLE	808S52CYH5	
Wizoo	Platinum24 - Electronic Drums	Partition F -> CYMBAL P2 -> SAMPLE	808S52CYH6	
Wizoo	Platinum24 - Electronic Drums	Partition F -> CYMBAL P2 -> SAMPLE	909S49CS11	
Wizoo	Platinum24 - Electronic Drums	Partition F -> CYMBAL P2 -> SAMPLE	909S49CS12	
Wizoo	Platinum24 - Electronic Drums	Partition F -> CYMBAL P2 -> SAMPLE	909S49CS13	
Wizoo	Platinum24 - Electronic Drums	Partition F -> CYMBAL P2 -> SAMPLE	909S49CS14	
Wizoo	Platinum24 - Electronic Drums	Partition F -> CYMBAL P2 -> SAMPLE	909S49CS15	
Wizoo	Platinum24 - Electronic Drums	Partition F -> CYMBAL P2 -> SAMPLE	909S51RD11	
Wizoo	Platinum24 - Electronic Drums	Partition F -> CYMBAL P2 -> SAMPLE	909S51RD12	
Wizoo	Platinum24 - Electronic Drums	Partition F -> CYMBAL P2 -> SAMPLE	909S51RD13	
Wizoo	Platinum24 - Electronic Drums	Partition F -> CYMBAL P2 -> SAMPLE	909S57CS21	
Wizoo	Platinum24 - Electronic Drums	Partition F -> CYMBAL P2 -> SAMPLE	909S57CS22	
Wizoo	Platinum24 - Electronic Drums	Partition F -> CYMBAL P2 -> SAMPLE	909S57CS23	
Wizoo	Platinum24 - Electronic Drums	Partition F -> CYMBAL P2 -> SAMPLE	909S57CS24	
Wizoo	Platinum24 - Electronic Drums	Partition F -> CYMBAL P2 -> SAMPLE	CLUB49CS11	
Wizoo	Platinum24 - Electronic Drums	Partition F -> CYMBAL P2 -> SAMPLE	CLUB49CS12	
Wizoo	Platinum24 - Electronic Drums	Partition F -> CYMBAL P2 -> SAMPLE	CLUB49CS13	
Wizoo	Platinum24 - Electronic Drums	Partition F -> CYMBAL P2 -> SAMPLE	CLUB49CS14	
Wizoo	Platinum24 - Electronic Drums	Partition F -> CYMBAL P2 -> SAMPLE	CLUB51RD11	
Wizoo	Platinum24 - Electronic Drums	Partition F -> CYMBAL P2 -> SAMPLE	CLUB51RD12	
Wizoo	Platinum24 - Electronic Drums	Partition F -> CYMBAL P2 -> SAMPLE	CLUB51RD13	
Wizoo	Platinum24 - Electronic Drums	Partition F -> CYMBAL P2 -> SAMPLE	CLUB52RD21	
Wizoo	Platinum24 - Electronic Drums	Partition F -> CYMBAL P2 -> SAMPLE	CLUB52RD22	
Wizoo	Platinum24 - Electronic Drums	Partition F -> CYMBAL P2 -> SAMPLE	CLUB52RD23	
Wizoo	Platinum24 - Electronic Drums	Partition F -> CYMBAL P2 -> SAMPLE	GOA149CS11	
Wizoo	Platinum24 - Electronic Drums	Partition F -> CYMBAL P2 -> SAMPLE	GOA149CS12	
Wizoo	Platinum24 - Electronic Drums	Partition F -> CYMBAL P2 -> SAMPLE	GOA149CS13	
Wizoo	Platinum24 - Electronic Drums	Partition F -> CYMBAL P2 -> SAMPLE	GOA151RD11	
Wizoo	Platinum24 - Electronic Drums	Partition F -> CYMBAL P2 -> SAMPLE	GOA151RD12	
Wizoo	Platinum24 - Electronic Drums	Partition F -> CYMBAL P2 -> SAMPLE	GOA151RD13	
Wizoo	Platinum24 - Electronic Drums	Partition F -> CYMBAL P2 -> SAMPLE	GOA157CS21	
Wizoo	Platinum24 - Electronic Drums	Partition F -> CYMBAL P2 -> SAMPLE	GOA157CS22	
Wizoo	Platinum24 - Electronic Drums	Partition F -> CYMBAL P2 -> SAMPLE	GOA157CS23	
Wizoo	Platinum24 - Electronic Drums	Partition F -> CYMBAL P2 -> SAMPLE	MWII49CS11	
Wizoo	Platinum24 - Electronic Drums	Partition F -> CYMBAL P2 -> SAMPLE	MWII49CS12	
Wizoo	Platinum24 - Electronic Drums	Partition F -> CYMBAL P2 -> SAMPLE	MWII49CS13	
Wizoo	Platinum24 - Electronic Drums	Partition F -> CYMBAL P2 -> SAMPLE	MWII57CS21	
Wizoo	Platinum24 - Electronic Drums	Partition F -> CYMBAL P2 -> SAMPLE	MWII57CS22	
Wizoo	Platinum24 - Electronic Drums	Partition F -> CYMBAL P2 -> SAMPLE	MWII57CS23	
Wizoo	Platinum24 - Electronic Drums	Partition F -> STY TOMS -> PROGRAM	STY TOMS	
Wizoo	Platinum24 - Electronic Drums	Partition F -> STY TOMS -> SAMPLE	909S41FTL1	
Wizoo	Platinum24 - Electronic Drums	Partition F -> STY TOMS -> SAMPLE	909S41FTL2	
Wizoo	Platinum24 - Electronic Drums	Partition F -> STY TOMS -> SAMPLE	909S41FTL3	
Wizoo	Platinum24 - Electronic Drums	Partition F -> STY TOMS -> SAMPLE	909S41FTL4	
Wizoo	Platinum24 - Electronic Drums	Partition F -> STY TOMS -> SAMPLE	909S43FTH1	
Wizoo	Platinum24 - Electronic Drums	Partition F -> STY TOMS -> SAMPLE	909S43FTH2	
Wizoo	Platinum24 - Electronic Drums	Partition F -> STY TOMS -> SAMPLE	909S43FTH3	
Wizoo	Platinum24 - Electronic Drums	Partition F -> STY TOMS -> SAMPLE	909S43FTH4	
Wizoo	Platinum24 - Electronic Drums	Partition F -> STY TOMS -> SAMPLE	909S45MTL1	
Wizoo	Platinum24 - Electronic Drums	Partition F -> STY TOMS -> SAMPLE	909S45MTL2	
Wizoo	Platinum24 - Electronic Drums	Partition F -> STY TOMS -> SAMPLE	909S45MTL3	
Wizoo	Platinum24 - Electronic Drums	Partition F -> STY TOMS -> SAMPLE	909S45MTL4	
Wizoo	Platinum24 - Electronic Drums	Partition F -> STY TOMS -> SAMPLE	909S47MTH1	
Wizoo	Platinum24 - Electronic Drums	Partition F -> STY TOMS -> SAMPLE	909S47MTH2	
Wizoo	Platinum24 - Electronic Drums	Partition F -> STY TOMS -> SAMPLE	909S47MTH3	
Wizoo	Platinum24 - Electronic Drums	Partition F -> STY TOMS -> SAMPLE	909S47MTH4	
Wizoo	Platinum24 - Electronic Drums	Partition F -> STY TOMS -> SAMPLE	909S48HTL1	
Wizoo	Platinum24 - Electronic Drums	Partition F -> STY TOMS -> SAMPLE	909S48HTL2	
Wizoo	Platinum24 - Electronic Drums	Partition F -> STY TOMS -> SAMPLE	909S48HTL3	
Wizoo	Platinum24 - Electronic Drums	Partition F -> STY TOMS -> SAMPLE	909S48HTL4	
Wizoo	Platinum24 - Electronic Drums	Partition F -> STY TOMS -> SAMPLE	909S50HTH1	
Wizoo	Platinum24 - Electronic Drums	Partition F -> STY TOMS -> SAMPLE	909S50HTH2	
Wizoo	Platinum24 - Electronic Drums	Partition F -> STY TOMS -> SAMPLE	909S50HTH3	
Wizoo	Platinum24 - Electronic Drums	Partition F -> STY TOMS -> SAMPLE	909S50HTH4	
Wizoo	Platinum24 - Electronic Drums	Partition F -> STY TOMS -> SAMPLE	CLUB45LT11	
Wizoo	Platinum24 - Electronic Drums	Partition F -> STY TOMS -> SAMPLE	CLUB45LT12	
Wizoo	Platinum24 - Electronic Drums	Partition F -> STY TOMS -> SAMPLE	CLUB45LT13	
Wizoo	Platinum24 - Electronic Drums	Partition F -> STY TOMS -> SAMPLE	CLUB47MT11	
Wizoo	Platinum24 - Electronic Drums	Partition F -> STY TOMS -> SAMPLE	CLUB47MT12	
Wizoo	Platinum24 - Electronic Drums	Partition F -> STY TOMS -> SAMPLE	CLUB47MT13	
Wizoo	Platinum24 - Electronic Drums	Partition F -> STY TOMS -> SAMPLE	CLUB50HT11	
Wizoo	Platinum24 - Electronic Drums	Partition F -> STY TOMS -> SAMPLE	CLUB50HT12	
Wizoo	Platinum24 - Electronic Drums	Partition F -> STY TOMS -> SAMPLE	CLUB50HT13	
Wizoo	Platinum24 - Electronic Drums	Partition F -> STY TOMS -> SAMPLE	GHOP41FTL1	
Wizoo	Platinum24 - Electronic Drums	Partition F -> STY TOMS -> SAMPLE	GHOP41FTL2	
Wizoo	Platinum24 - Electronic Drums	Partition F -> STY TOMS -> SAMPLE	GHOP41FTL3	
Wizoo	Platinum24 - Electronic Drums	Partition F -> STY TOMS -> SAMPLE	GHOP41FTL4	
Wizoo	Platinum24 - Electronic Drums	Partition F -> STY TOMS -> SAMPLE	GHOP43FTH1	
Wizoo	Platinum24 - Electronic Drums	Partition F -> STY TOMS -> SAMPLE	GHOP43FTH2	
Wizoo	Platinum24 - Electronic Drums	Partition F -> STY TOMS -> SAMPLE	GHOP43FTH3	
Wizoo	Platinum24 - Electronic Drums	Partition F -> STY TOMS -> SAMPLE	GHOP43FTH4	
Wizoo	Platinum24 - Electronic Drums	Partition F -> STY TOMS -> SAMPLE	GHOP45MTL1	
Wizoo	Platinum24 - Electronic Drums	Partition F -> STY TOMS -> SAMPLE	GHOP45MTL2	
Wizoo	Platinum24 - Electronic Drums	Partition F -> STY TOMS -> SAMPLE	GHOP45MTL3	
Wizoo	Platinum24 - Electronic Drums	Partition F -> STY TOMS -> SAMPLE	GHOP45MTL4	
Wizoo	Platinum24 - Electronic Drums	Partition F -> STY TOMS -> SAMPLE	GHOP47MTH1	
Wizoo	Platinum24 - Electronic Drums	Partition F -> STY TOMS -> SAMPLE	GHOP47MTH2	
Wizoo	Platinum24 - Electronic Drums	Partition F -> STY TOMS -> SAMPLE	GHOP47MTH3	
Wizoo	Platinum24 - Electronic Drums	Partition F -> STY TOMS -> SAMPLE	GHOP47MTH4	
Wizoo	Platinum24 - Electronic Drums	Partition F -> STY TOMS -> SAMPLE	GHOP48HTL1	
Wizoo	Platinum24 - Electronic Drums	Partition F -> STY TOMS -> SAMPLE	GHOP48HTL2	
Wizoo	Platinum24 - Electronic Drums	Partition F -> STY TOMS -> SAMPLE	GHOP48HTL3	
Wizoo	Platinum24 - Electronic Drums	Partition F -> STY TOMS -> SAMPLE	GHOP48HTL4	
Wizoo	Platinum24 - Electronic Drums	Partition F -> STY TOMS -> SAMPLE	GHOP50HTH1	
Wizoo	Platinum24 - Electronic Drums	Partition F -> STY TOMS -> SAMPLE	GHOP50HTH2	
Wizoo	Platinum24 - Electronic Drums	Partition F -> STY TOMS -> SAMPLE	GHOP50HTH3	
Wizoo	Platinum24 - Electronic Drums	Partition F -> STY TOMS -> SAMPLE	GHOP50HTH4	
Wizoo	Platinum24 - Electronic Drums	Partition F -> STY TOMS -> SAMPLE	GOA145LT11	
Wizoo	Platinum24 - Electronic Drums	Partition F -> STY TOMS -> SAMPLE	GOA145LT12	
Wizoo	Platinum24 - Electronic Drums	Partition F -> STY TOMS -> SAMPLE	GOA148MT11	
Wizoo	Platinum24 - Electronic Drums	Partition F -> STY TOMS -> SAMPLE	GOA148MT12	
Wizoo	Platinum24 - Electronic Drums	Partition F -> STY TOMS -> SAMPLE	GOA150HT11	
Wizoo	Platinum24 - Electronic Drums	Partition F -> STY TOMS -> SAMPLE	GOA150HT12	
Wizoo	Platinum24 - Electronic Drums	Partition F -> STY TOMS -> SAMPLE	MESH41FTL1	
Wizoo	Platinum24 - Electronic Drums	Partition F -> STY TOMS -> SAMPLE	MESH41FTL2	
Wizoo	Platinum24 - Electronic Drums	Partition F -> STY TOMS -> SAMPLE	MESH41FTL3	
Wizoo	Platinum24 - Electronic Drums	Partition F -> STY TOMS -> SAMPLE	MESH41FTL4	
Wizoo	Platinum24 - Electronic Drums	Partition F -> STY TOMS -> SAMPLE	MESH43FTH1	
Wizoo	Platinum24 - Electronic Drums	Partition F -> STY TOMS -> SAMPLE	MESH43FTH2	
Wizoo	Platinum24 - Electronic Drums	Partition F -> STY TOMS -> SAMPLE	MESH43FTH3	
Wizoo	Platinum24 - Electronic Drums	Partition F -> STY TOMS -> SAMPLE	MESH43FTH4	
Wizoo	Platinum24 - Electronic Drums	Partition F -> STY TOMS -> SAMPLE	MESH45MTL1	
Wizoo	Platinum24 - Electronic Drums	Partition F -> STY TOMS -> SAMPLE	MESH45MTL2	
Wizoo	Platinum24 - Electronic Drums	Partition F -> STY TOMS -> SAMPLE	MESH45MTL3	
Wizoo	Platinum24 - Electronic Drums	Partition F -> STY TOMS -> SAMPLE	MESH45MTL4	
Wizoo	Platinum24 - Electronic Drums	Partition F -> STY TOMS -> SAMPLE	MESH47MTH1	
Wizoo	Platinum24 - Electronic Drums	Partition F -> STY TOMS -> SAMPLE	MESH47MTH2	
Wizoo	Platinum24 - Electronic Drums	Partition F -> STY TOMS -> SAMPLE	MESH47MTH3	
Wizoo	Platinum24 - Electronic Drums	Partition F -> STY TOMS -> SAMPLE	MESH47MTH4	
Wizoo	Platinum24 - Electronic Drums	Partition F -> STY TOMS -> SAMPLE	MESH48HTL1	
Wizoo	Platinum24 - Electronic Drums	Partition F -> STY TOMS -> SAMPLE	MESH48HTL2	
Wizoo	Platinum24 - Electronic Drums	Partition F -> STY TOMS -> SAMPLE	MESH48HTL3	
Wizoo	Platinum24 - Electronic Drums	Partition F -> STY TOMS -> SAMPLE	MESH48HTL4	
Wizoo	Platinum24 - Electronic Drums	Partition F -> STY TOMS -> SAMPLE	MESH50HTH1	
Wizoo	Platinum24 - Electronic Drums	Partition F -> STY TOMS -> SAMPLE	MESH50HTH2	
Wizoo	Platinum24 - Electronic Drums	Partition F -> STY TOMS -> SAMPLE	MESH50HTH3	
Wizoo	Platinum24 - Electronic Drums	Partition F -> STY TOMS -> SAMPLE	MESH50HTH4	
Wizoo	Platinum24 - Electronic Drums	Partition F -> STY TOMS -> SAMPLE	MWII41FTL1	
Wizoo	Platinum24 - Electronic Drums	Partition F -> STY TOMS -> SAMPLE	MWII41FTL2	
Wizoo	Platinum24 - Electronic Drums	Partition F -> STY TOMS -> SAMPLE	MWII41FTL3	
Wizoo	Platinum24 - Electronic Drums	Partition F -> STY TOMS -> SAMPLE	MWII41FTL4	
Wizoo	Platinum24 - Electronic Drums	Partition F -> STY TOMS -> SAMPLE	MWII43FTH1	
Wizoo	Platinum24 - Electronic Drums	Partition F -> STY TOMS -> SAMPLE	MWII43FTH2	
Wizoo	Platinum24 - Electronic Drums	Partition F -> STY TOMS -> SAMPLE	MWII43FTH3	
Wizoo	Platinum24 - Electronic Drums	Partition F -> STY TOMS -> SAMPLE	MWII43FTH4	
Wizoo	Platinum24 - Electronic Drums	Partition F -> STY TOMS -> SAMPLE	MWII45MTL1	
Wizoo	Platinum24 - Electronic Drums	Partition F -> STY TOMS -> SAMPLE	MWII45MTL2	
Wizoo	Platinum24 - Electronic Drums	Partition F -> STY TOMS -> SAMPLE	MWII45MTL3	
Wizoo	Platinum24 - Electronic Drums	Partition F -> STY TOMS -> SAMPLE	MWII45MTL4	
Wizoo	Platinum24 - Electronic Drums	Partition F -> STY TOMS -> SAMPLE	MWII47MTH1	
Wizoo	Platinum24 - Electronic Drums	Partition F -> STY TOMS -> SAMPLE	MWII47MTH2	
Wizoo	Platinum24 - Electronic Drums	Partition F -> STY TOMS -> SAMPLE	MWII47MTH3	
Wizoo	Platinum24 - Electronic Drums	Partition F -> STY TOMS -> SAMPLE	MWII47MTH4	
Wizoo	Platinum24 - Electronic Drums	Partition F -> STY TOMS -> SAMPLE	MWII48HTL1	
Wizoo	Platinum24 - Electronic Drums	Partition F -> STY TOMS -> SAMPLE	MWII48HTL2	
Wizoo	Platinum24 - Electronic Drums	Partition F -> STY TOMS -> SAMPLE	MWII48HTL3	
Wizoo	Platinum24 - Electronic Drums	Partition F -> STY TOMS -> SAMPLE	MWII48HTL4	
Wizoo	Platinum24 - Electronic Drums	Partition F -> STY TOMS -> SAMPLE	MWII50HTH1	
Wizoo	Platinum24 - Electronic Drums	Partition F -> STY TOMS -> SAMPLE	MWII50HTH2	
Wizoo	Platinum24 - Electronic Drums	Partition F -> STY TOMS -> SAMPLE	MWII50HTH3	
Wizoo	Platinum24 - Electronic Drums	Partition F -> STY TOMS -> SAMPLE	MWII50HTH4	
Wizoo	Platinum24 - Electronic Drums	Partition G -> CHR BD 909 -> PROGRAM	CHR BD 909	
Wizoo	Platinum24 - Electronic Drums	Partition G -> CHR BD 909 -> SAMPLE	9BD11A11	
Wizoo	Platinum24 - Electronic Drums	Partition G -> CHR BD 909 -> SAMPLE	9BD11A12	
Wizoo	Platinum24 - Electronic Drums	Partition G -> CHR BD 909 -> SAMPLE	9BD11A13	
Wizoo	Platinum24 - Electronic Drums	Partition G -> CHR BD 909 -> SAMPLE	9BD11A14	
Wizoo	Platinum24 - Electronic Drums	Partition G -> CHR BD 909 -> SAMPLE	9BD11A15	
Wizoo	Platinum24 - Electronic Drums	Partition G -> CHR BD 909 -> SAMPLE	9BD11A16	
Wizoo	Platinum24 - Electronic Drums	Partition G -> CHR BD 909 -> SAMPLE	9BD11A17	
Wizoo	Platinum24 - Electronic Drums	Partition G -> CHR BD 909 -> SAMPLE	9BD11A18	
Wizoo	Platinum24 - Electronic Drums	Partition G -> CHR BD 909 -> SAMPLE	9BD11A19	
Wizoo	Platinum24 - Electronic Drums	Partition G -> CHR BD 909 -> SAMPLE	9BD11A110	
Wizoo	Platinum24 - Electronic Drums	Partition G -> CHR BD 909 -> SAMPLE	9BD11A111	
Wizoo	Platinum24 - Electronic Drums	Partition G -> CHR BD 909 -> SAMPLE	9BD12A11	
Wizoo	Platinum24 - Electronic Drums	Partition G -> CHR BD 909 -> SAMPLE	9BD12A12	
Wizoo	Platinum24 - Electronic Drums	Partition G -> CHR BD 909 -> SAMPLE	9BD12A13	
Wizoo	Platinum24 - Electronic Drums	Partition G -> CHR BD 909 -> SAMPLE	9BD12A14	
Wizoo	Platinum24 - Electronic Drums	Partition G -> CHR BD 909 -> SAMPLE	9BD12A15	
Wizoo	Platinum24 - Electronic Drums	Partition G -> CHR BD 909 -> SAMPLE	9BD12A16	
Wizoo	Platinum24 - Electronic Drums	Partition G -> CHR BD 909 -> SAMPLE	9BD12A17	
Wizoo	Platinum24 - Electronic Drums	Partition G -> CHR BD 909 -> SAMPLE	9BD12A18	
Wizoo	Platinum24 - Electronic Drums	Partition G -> CHR BD 909 -> SAMPLE	9BD12A19	
Wizoo	Platinum24 - Electronic Drums	Partition G -> CHR BD 909 -> SAMPLE	9BD12A110	
Wizoo	Platinum24 - Electronic Drums	Partition G -> CHR BD 909 -> SAMPLE	9BD12A111	
Wizoo	Platinum24 - Electronic Drums	Partition G -> CHR BD 909 -> SAMPLE	9BD13A11	
Wizoo	Platinum24 - Electronic Drums	Partition G -> CHR BD 909 -> SAMPLE	9BD13A12	
Wizoo	Platinum24 - Electronic Drums	Partition G -> CHR BD 909 -> SAMPLE	9BD13A13	
Wizoo	Platinum24 - Electronic Drums	Partition G -> CHR BD 909 -> SAMPLE	9BD13A14	
Wizoo	Platinum24 - Electronic Drums	Partition G -> CHR BD 909 -> SAMPLE	9BD13A15	
Wizoo	Platinum24 - Electronic Drums	Partition G -> CHR BD 909 -> SAMPLE	9BD13A16	
Wizoo	Platinum24 - Electronic Drums	Partition G -> CHR BD 909 -> SAMPLE	9BD13A17	
Wizoo	Platinum24 - Electronic Drums	Partition G -> CHR BD 909 -> SAMPLE	9BD13A18	
Wizoo	Platinum24 - Electronic Drums	Partition G -> CHR BD 909 -> SAMPLE	9BD13A19	
Wizoo	Platinum24 - Electronic Drums	Partition G -> CHR BD 909 -> SAMPLE	9BD13A110	
Wizoo	Platinum24 - Electronic Drums	Partition G -> CHR BD 909 -> SAMPLE	9BD13A111	
Wizoo	Platinum24 - Electronic Drums	Partition G -> CHR BD 909 -> SAMPLE	9BD21A21	
Wizoo	Platinum24 - Electronic Drums	Partition G -> CHR BD 909 -> SAMPLE	9BD21A22	
Wizoo	Platinum24 - Electronic Drums	Partition G -> CHR BD 909 -> SAMPLE	9BD21A23	
Wizoo	Platinum24 - Electronic Drums	Partition G -> CHR BD 909 -> SAMPLE	9BD21A24	
Wizoo	Platinum24 - Electronic Drums	Partition G -> CHR BD 909 -> SAMPLE	9BD21A25	
Wizoo	Platinum24 - Electronic Drums	Partition G -> CHR BD 909 -> SAMPLE	9BD21A26	
Wizoo	Platinum24 - Electronic Drums	Partition G -> CHR BD 909 -> SAMPLE	9BD21A27	
Wizoo	Platinum24 - Electronic Drums	Partition G -> CHR BD 909 -> SAMPLE	9BD21A28	
Wizoo	Platinum24 - Electronic Drums	Partition G -> CHR BD 909 -> SAMPLE	9BD21A29	
Wizoo	Platinum24 - Electronic Drums	Partition G -> CHR BD 909 -> SAMPLE	9BD21A210	
Wizoo	Platinum24 - Electronic Drums	Partition G -> CHR BD 909 -> SAMPLE	9BD21A211	
Wizoo	Platinum24 - Electronic Drums	Partition G -> CHR BD 909 -> SAMPLE	9BD22A11	
Wizoo	Platinum24 - Electronic Drums	Partition G -> CHR BD 909 -> SAMPLE	9BD22A12	
Wizoo	Platinum24 - Electronic Drums	Partition G -> CHR BD 909 -> SAMPLE	9BD22A13	
Wizoo	Platinum24 - Electronic Drums	Partition G -> CHR BD 909 -> SAMPLE	9BD22A14	
Wizoo	Platinum24 - Electronic Drums	Partition G -> CHR BD 909 -> SAMPLE	9BD22A15	
Wizoo	Platinum24 - Electronic Drums	Partition G -> CHR BD 909 -> SAMPLE	9BD22A16	
Wizoo	Platinum24 - Electronic Drums	Partition G -> CHR BD 909 -> SAMPLE	9BD22A17	
Wizoo	Platinum24 - Electronic Drums	Partition G -> CHR BD 909 -> SAMPLE	9BD22A18	
Wizoo	Platinum24 - Electronic Drums	Partition G -> CHR BD 909 -> SAMPLE	9BD22A19	
Wizoo	Platinum24 - Electronic Drums	Partition G -> CHR BD 909 -> SAMPLE	9BD22A110	
Wizoo	Platinum24 - Electronic Drums	Partition G -> CHR BD 909 -> SAMPLE	9BD22A111	
Wizoo	Platinum24 - Electronic Drums	Partition G -> CHR BD 909 -> SAMPLE	9BD23A21	
Wizoo	Platinum24 - Electronic Drums	Partition G -> CHR BD 909 -> SAMPLE	9BD23A22	
Wizoo	Platinum24 - Electronic Drums	Partition G -> CHR BD 909 -> SAMPLE	9BD23A23	
Wizoo	Platinum24 - Electronic Drums	Partition G -> CHR BD 909 -> SAMPLE	9BD23A24	
Wizoo	Platinum24 - Electronic Drums	Partition G -> CHR BD 909 -> SAMPLE	9BD23A25	
Wizoo	Platinum24 - Electronic Drums	Partition G -> CHR BD 909 -> SAMPLE	9BD23A26	
Wizoo	Platinum24 - Electronic Drums	Partition G -> CHR BD 909 -> SAMPLE	9BD23A27	
Wizoo	Platinum24 - Electronic Drums	Partition G -> CHR BD 909 -> SAMPLE	9BD23A28	
Wizoo	Platinum24 - Electronic Drums	Partition G -> CHR BD 909 -> SAMPLE	9BD23A29	
Wizoo	Platinum24 - Electronic Drums	Partition G -> CHR BD 909 -> SAMPLE	9BD23A210	
Wizoo	Platinum24 - Electronic Drums	Partition G -> CHR BD 909 -> SAMPLE	9BD23A211	
Wizoo	Platinum24 - Electronic Drums	Partition G -> CHR HH 909 -> PROGRAM	CHR HH 909	
Wizoo	Platinum24 - Electronic Drums	Partition G -> CHR HH 909 -> SAMPLE	9CHRCH11	
Wizoo	Platinum24 - Electronic Drums	Partition G -> CHR HH 909 -> SAMPLE	9CHRCH12	
Wizoo	Platinum24 - Electronic Drums	Partition G -> CHR HH 909 -> SAMPLE	9CHRCH13	
Wizoo	Platinum24 - Electronic Drums	Partition G -> CHR HH 909 -> SAMPLE	9CHRCH14	
Wizoo	Platinum24 - Electronic Drums	Partition G -> CHR HH 909 -> SAMPLE	9CHRCH15	
Wizoo	Platinum24 - Electronic Drums	Partition G -> CHR HH 909 -> SAMPLE	9CHRCH16	
Wizoo	Platinum24 - Electronic Drums	Partition G -> CHR HH 909 -> SAMPLE	9CHRCH17	
Wizoo	Platinum24 - Electronic Drums	Partition G -> CHR HH 909 -> SAMPLE	9CHRCH18	
Wizoo	Platinum24 - Electronic Drums	Partition G -> CHR HH 909 -> SAMPLE	9CHRCH19	
Wizoo	Platinum24 - Electronic Drums	Partition G -> CHR HH 909 -> SAMPLE	9CHRCH21	
Wizoo	Platinum24 - Electronic Drums	Partition G -> CHR HH 909 -> SAMPLE	9CHRCH22	
Wizoo	Platinum24 - Electronic Drums	Partition G -> CHR HH 909 -> SAMPLE	9CHRCH23	
Wizoo	Platinum24 - Electronic Drums	Partition G -> CHR HH 909 -> SAMPLE	9CHRCH24	
Wizoo	Platinum24 - Electronic Drums	Partition G -> CHR HH 909 -> SAMPLE	9CHRCH25	
Wizoo	Platinum24 - Electronic Drums	Partition G -> CHR HH 909 -> SAMPLE	9CHRCH26	
Wizoo	Platinum24 - Electronic Drums	Partition G -> CHR HH 909 -> SAMPLE	9CHRCH27	
Wizoo	Platinum24 - Electronic Drums	Partition G -> CHR HH 909 -> SAMPLE	9CHRCH28	
Wizoo	Platinum24 - Electronic Drums	Partition G -> CHR HH 909 -> SAMPLE	9CHRCH29	
Wizoo	Platinum24 - Electronic Drums	Partition G -> CHR HH 909 -> SAMPLE	9CHRCH110	
Wizoo	Platinum24 - Electronic Drums	Partition G -> CHR HH 909 -> SAMPLE	9CHRCH111	
Wizoo	Platinum24 - Electronic Drums	Partition G -> CHR HH 909 -> SAMPLE	9CHRCH210	
Wizoo	Platinum24 - Electronic Drums	Partition G -> CHR HH 909 -> SAMPLE	9CHRCH211	
Wizoo	Platinum24 - Electronic Drums	Partition G -> CHR HH 909 -> SAMPLE	9CHROH1	
Wizoo	Platinum24 - Electronic Drums	Partition G -> CHR HH 909 -> SAMPLE	9CHROH2	
Wizoo	Platinum24 - Electronic Drums	Partition G -> CHR HH 909 -> SAMPLE	9CHROH3	
Wizoo	Platinum24 - Electronic Drums	Partition G -> CHR HH 909 -> SAMPLE	9CHROH4	
Wizoo	Platinum24 - Electronic Drums	Partition G -> CHR HH 909 -> SAMPLE	9CHROH5	
Wizoo	Platinum24 - Electronic Drums	Partition G -> CHR HH 909 -> SAMPLE	9CHROH6	
Wizoo	Platinum24 - Electronic Drums	Partition G -> CHR HH 909 -> SAMPLE	9CHROH7	
Wizoo	Platinum24 - Electronic Drums	Partition G -> CHR HH 909 -> SAMPLE	9CHROH8	
Wizoo	Platinum24 - Electronic Drums	Partition G -> CHR HH 909 -> SAMPLE	9CHROH9	
Wizoo	Platinum24 - Electronic Drums	Partition G -> CHR HH 909 -> SAMPLE	9CHROH10	
Wizoo	Platinum24 - Electronic Drums	Partition G -> CHR HH 909 -> SAMPLE	9CHROH11	
Wizoo	Platinum24 - Electronic Drums	Partition G -> CHR PERC 909 -> PROGRAM	CHR PERC 909	
Wizoo	Platinum24 - Electronic Drums	Partition G -> CHR PERC 909 -> SAMPLE	9CHRCP1	
Wizoo	Platinum24 - Electronic Drums	Partition G -> CHR PERC 909 -> SAMPLE	9CHRCP2	
Wizoo	Platinum24 - Electronic Drums	Partition G -> CHR PERC 909 -> SAMPLE	9CHRCP3	
Wizoo	Platinum24 - Electronic Drums	Partition G -> CHR PERC 909 -> SAMPLE	9CHRCP4	
Wizoo	Platinum24 - Electronic Drums	Partition G -> CHR PERC 909 -> SAMPLE	9CHRCP5	
Wizoo	Platinum24 - Electronic Drums	Partition G -> CHR PERC 909 -> SAMPLE	9CHRCP6	
Wizoo	Platinum24 - Electronic Drums	Partition G -> CHR PERC 909 -> SAMPLE	9CHRCP7	
Wizoo	Platinum24 - Electronic Drums	Partition G -> CHR PERC 909 -> SAMPLE	9CHRCP8	
Wizoo	Platinum24 - Electronic Drums	Partition G -> CHR PERC 909 -> SAMPLE	9CHRCP9	
Wizoo	Platinum24 - Electronic Drums	Partition G -> CHR PERC 909 -> SAMPLE	9CHRCP10	
Wizoo	Platinum24 - Electronic Drums	Partition G -> CHR PERC 909 -> SAMPLE	9CHRCP11	
Wizoo	Platinum24 - Electronic Drums	Partition G -> CHR PERC 909 -> SAMPLE	9CHRCP12	
Wizoo	Platinum24 - Electronic Drums	Partition G -> CHR PERC 909 -> SAMPLE	9CHRCS1	
Wizoo	Platinum24 - Electronic Drums	Partition G -> CHR PERC 909 -> SAMPLE	9CHRCS2	
Wizoo	Platinum24 - Electronic Drums	Partition G -> CHR PERC 909 -> SAMPLE	9CHRCS3	
Wizoo	Platinum24 - Electronic Drums	Partition G -> CHR PERC 909 -> SAMPLE	9CHRCS4	
Wizoo	Platinum24 - Electronic Drums	Partition G -> CHR PERC 909 -> SAMPLE	9CHRCS5	
Wizoo	Platinum24 - Electronic Drums	Partition G -> CHR PERC 909 -> SAMPLE	9CHRCS6	
Wizoo	Platinum24 - Electronic Drums	Partition G -> CHR PERC 909 -> SAMPLE	9CHRCS7	
Wizoo	Platinum24 - Electronic Drums	Partition G -> CHR PERC 909 -> SAMPLE	9CHRCS8	
Wizoo	Platinum24 - Electronic Drums	Partition G -> CHR PERC 909 -> SAMPLE	9CHRCS9	
Wizoo	Platinum24 - Electronic Drums	Partition G -> CHR PERC 909 -> SAMPLE	9CHRCS10	
Wizoo	Platinum24 - Electronic Drums	Partition G -> CHR PERC 909 -> SAMPLE	9CHRCS11	
Wizoo	Platinum24 - Electronic Drums	Partition G -> CHR PERC 909 -> SAMPLE	9CHRRD1	
Wizoo	Platinum24 - Electronic Drums	Partition G -> CHR PERC 909 -> SAMPLE	9CHRRD2	
Wizoo	Platinum24 - Electronic Drums	Partition G -> CHR PERC 909 -> SAMPLE	9CHRRD3	
Wizoo	Platinum24 - Electronic Drums	Partition G -> CHR PERC 909 -> SAMPLE	9CHRRD4	
Wizoo	Platinum24 - Electronic Drums	Partition G -> CHR PERC 909 -> SAMPLE	9CHRRD5	
Wizoo	Platinum24 - Electronic Drums	Partition G -> CHR PERC 909 -> SAMPLE	9CHRRD6	
Wizoo	Platinum24 - Electronic Drums	Partition G -> CHR PERC 909 -> SAMPLE	9CHRRD7	
Wizoo	Platinum24 - Electronic Drums	Partition G -> CHR PERC 909 -> SAMPLE	9CHRRD8	
Wizoo	Platinum24 - Electronic Drums	Partition G -> CHR PERC 909 -> SAMPLE	9CHRRD9	
Wizoo	Platinum24 - Electronic Drums	Partition G -> CHR PERC 909 -> SAMPLE	9CHRRD10	
Wizoo	Platinum24 - Electronic Drums	Partition G -> CHR PERC 909 -> SAMPLE	9CHRRD11	
Wizoo	Platinum24 - Electronic Drums	Partition G -> CHR PERC 909 -> SAMPLE	9CHRRS1	
Wizoo	Platinum24 - Electronic Drums	Partition G -> CHR PERC 909 -> SAMPLE	9CHRRS2	
Wizoo	Platinum24 - Electronic Drums	Partition G -> CHR PERC 909 -> SAMPLE	9CHRRS3	
Wizoo	Platinum24 - Electronic Drums	Partition G -> CHR PERC 909 -> SAMPLE	9CHRRS4	
Wizoo	Platinum24 - Electronic Drums	Partition G -> CHR PERC 909 -> SAMPLE	9CHRRS5	
Wizoo	Platinum24 - Electronic Drums	Partition G -> CHR PERC 909 -> SAMPLE	9CHRRS6	
Wizoo	Platinum24 - Electronic Drums	Partition G -> CHR PERC 909 -> SAMPLE	9CHRRS7	
Wizoo	Platinum24 - Electronic Drums	Partition G -> CHR PERC 909 -> SAMPLE	9CHRRS8	
Wizoo	Platinum24 - Electronic Drums	Partition G -> CHR PERC 909 -> SAMPLE	9CHRRS9	
Wizoo	Platinum24 - Electronic Drums	Partition G -> CHR PERC 909 -> SAMPLE	9CHRRS10	
Wizoo	Platinum24 - Electronic Drums	Partition G -> CHR PERC 909 -> SAMPLE	9CHRRS11	
Wizoo	Platinum24 - Electronic Drums	Partition G -> CHR PERC 909 -> SAMPLE	9CHRRS12	
Wizoo	Platinum24 - Electronic Drums	Partition G -> CHR SD1 909 -> PROGRAM	CHR SD1 909	
Wizoo	Platinum24 - Electronic Drums	Partition G -> CHR SD1 909 -> SAMPLE	9CHRSD1T11	
Wizoo	Platinum24 - Electronic Drums	Partition G -> CHR SD1 909 -> SAMPLE	9CHRSD1T12	
Wizoo	Platinum24 - Electronic Drums	Partition G -> CHR SD1 909 -> SAMPLE	9CHRSD1T13	
Wizoo	Platinum24 - Electronic Drums	Partition G -> CHR SD1 909 -> SAMPLE	9CHRSD1T14	
Wizoo	Platinum24 - Electronic Drums	Partition G -> CHR SD1 909 -> SAMPLE	9CHRSD1T15	
Wizoo	Platinum24 - Electronic Drums	Partition G -> CHR SD1 909 -> SAMPLE	9CHRSD1T16	
Wizoo	Platinum24 - Electronic Drums	Partition G -> CHR SD1 909 -> SAMPLE	9CHRSD1T17	
Wizoo	Platinum24 - Electronic Drums	Partition G -> CHR SD1 909 -> SAMPLE	9CHRSD1T18	
Wizoo	Platinum24 - Electronic Drums	Partition G -> CHR SD1 909 -> SAMPLE	9CHRSD1T19	
Wizoo	Platinum24 - Electronic Drums	Partition G -> CHR SD1 909 -> SAMPLE	9CHRSD1T21	
Wizoo	Platinum24 - Electronic Drums	Partition G -> CHR SD1 909 -> SAMPLE	9CHRSD1T22	
Wizoo	Platinum24 - Electronic Drums	Partition G -> CHR SD1 909 -> SAMPLE	9CHRSD1T23	
Wizoo	Platinum24 - Electronic Drums	Partition G -> CHR SD1 909 -> SAMPLE	9CHRSD1T24	
Wizoo	Platinum24 - Electronic Drums	Partition G -> CHR SD1 909 -> SAMPLE	9CHRSD1T25	
Wizoo	Platinum24 - Electronic Drums	Partition G -> CHR SD1 909 -> SAMPLE	9CHRSD1T26	
Wizoo	Platinum24 - Electronic Drums	Partition G -> CHR SD1 909 -> SAMPLE	9CHRSD1T27	
Wizoo	Platinum24 - Electronic Drums	Partition G -> CHR SD1 909 -> SAMPLE	9CHRSD1T28	
Wizoo	Platinum24 - Electronic Drums	Partition G -> CHR SD1 909 -> SAMPLE	9CHRSD1T29	
Wizoo	Platinum24 - Electronic Drums	Partition G -> CHR SD1 909 -> SAMPLE	9CHRSD1T31	
Wizoo	Platinum24 - Electronic Drums	Partition G -> CHR SD1 909 -> SAMPLE	9CHRSD1T32	
Wizoo	Platinum24 - Electronic Drums	Partition G -> CHR SD1 909 -> SAMPLE	9CHRSD1T33	
Wizoo	Platinum24 - Electronic Drums	Partition G -> CHR SD1 909 -> SAMPLE	9CHRSD1T34	
Wizoo	Platinum24 - Electronic Drums	Partition G -> CHR SD1 909 -> SAMPLE	9CHRSD1T35	
Wizoo	Platinum24 - Electronic Drums	Partition G -> CHR SD1 909 -> SAMPLE	9CHRSD1T36	
Wizoo	Platinum24 - Electronic Drums	Partition G -> CHR SD1 909 -> SAMPLE	9CHRSD1T37	
Wizoo	Platinum24 - Electronic Drums	Partition G -> CHR SD1 909 -> SAMPLE	9CHRSD1T38	
Wizoo	Platinum24 - Electronic Drums	Partition G -> CHR SD1 909 -> SAMPLE	9CHRSD1T39	
Wizoo	Platinum24 - Electronic Drums	Partition G -> CHR SD1 909 -> SAMPLE	9CHRSD1T110	
Wizoo	Platinum24 - Electronic Drums	Partition G -> CHR SD1 909 -> SAMPLE	9CHRSD1T111	
Wizoo	Platinum24 - Electronic Drums	Partition G -> CHR SD1 909 -> SAMPLE	9CHRSD1T112	
Wizoo	Platinum24 - Electronic Drums	Partition G -> CHR SD1 909 -> SAMPLE	9CHRSD1T113	
Wizoo	Platinum24 - Electronic Drums	Partition G -> CHR SD1 909 -> SAMPLE	9CHRSD1T114	
Wizoo	Platinum24 - Electronic Drums	Partition G -> CHR SD1 909 -> SAMPLE	9CHRSD1T115	
Wizoo	Platinum24 - Electronic Drums	Partition G -> CHR SD1 909 -> SAMPLE	9CHRSD1T116	
Wizoo	Platinum24 - Electronic Drums	Partition G -> CHR SD1 909 -> SAMPLE	9CHRSD1T117	
Wizoo	Platinum24 - Electronic Drums	Partition G -> CHR SD1 909 -> SAMPLE	9CHRSD1T118	
Wizoo	Platinum24 - Electronic Drums	Partition G -> CHR SD1 909 -> SAMPLE	9CHRSD1T119	
Wizoo	Platinum24 - Electronic Drums	Partition G -> CHR SD1 909 -> SAMPLE	9CHRSD1T120	
Wizoo	Platinum24 - Electronic Drums	Partition G -> CHR SD1 909 -> SAMPLE	9CHRSD1T121	
Wizoo	Platinum24 - Electronic Drums	Partition G -> CHR SD1 909 -> SAMPLE	9CHRSD1T122	
Wizoo	Platinum24 - Electronic Drums	Partition G -> CHR SD1 909 -> SAMPLE	9CHRSD1T123	
Wizoo	Platinum24 - Electronic Drums	Partition G -> CHR SD1 909 -> SAMPLE	9CHRSD1T124	
Wizoo	Platinum24 - Electronic Drums	Partition G -> CHR SD1 909 -> SAMPLE	9CHRSD1T125	
Wizoo	Platinum24 - Electronic Drums	Partition G -> CHR SD1 909 -> SAMPLE	9CHRSD1T126	
Wizoo	Platinum24 - Electronic Drums	Partition G -> CHR SD1 909 -> SAMPLE	9CHRSD1T127	
Wizoo	Platinum24 - Electronic Drums	Partition G -> CHR SD1 909 -> SAMPLE	9CHRSD1T128	
Wizoo	Platinum24 - Electronic Drums	Partition G -> CHR SD1 909 -> SAMPLE	9CHRSD1T129	
Wizoo	Platinum24 - Electronic Drums	Partition G -> CHR SD1 909 -> SAMPLE	9CHRSD1T130	
Wizoo	Platinum24 - Electronic Drums	Partition G -> CHR SD1 909 -> SAMPLE	9CHRSD1T131	
Wizoo	Platinum24 - Electronic Drums	Partition G -> CHR SD1 909 -> SAMPLE	9CHRSD1T132	
Wizoo	Platinum24 - Electronic Drums	Partition G -> CHR SD1 909 -> SAMPLE	9CHRSD1T133	
Wizoo	Platinum24 - Electronic Drums	Partition G -> CHR SD1 909 -> SAMPLE	9CHRSD1T210	
Wizoo	Platinum24 - Electronic Drums	Partition G -> CHR SD1 909 -> SAMPLE	9CHRSD1T211	
Wizoo	Platinum24 - Electronic Drums	Partition G -> CHR SD1 909 -> SAMPLE	9CHRSD1T212	
Wizoo	Platinum24 - Electronic Drums	Partition G -> CHR SD1 909 -> SAMPLE	9CHRSD1T213	
Wizoo	Platinum24 - Electronic Drums	Partition G -> CHR SD1 909 -> SAMPLE	9CHRSD1T214	
Wizoo	Platinum24 - Electronic Drums	Partition G -> CHR SD1 909 -> SAMPLE	9CHRSD1T215	
Wizoo	Platinum24 - Electronic Drums	Partition G -> CHR SD1 909 -> SAMPLE	9CHRSD1T216	
Wizoo	Platinum24 - Electronic Drums	Partition G -> CHR SD1 909 -> SAMPLE	9CHRSD1T217	
Wizoo	Platinum24 - Electronic Drums	Partition G -> CHR SD1 909 -> SAMPLE	9CHRSD1T218	
Wizoo	Platinum24 - Electronic Drums	Partition G -> CHR SD1 909 -> SAMPLE	9CHRSD1T219	
Wizoo	Platinum24 - Electronic Drums	Partition G -> CHR SD1 909 -> SAMPLE	9CHRSD1T220	
Wizoo	Platinum24 - Electronic Drums	Partition G -> CHR SD1 909 -> SAMPLE	9CHRSD1T221	
Wizoo	Platinum24 - Electronic Drums	Partition G -> CHR SD1 909 -> SAMPLE	9CHRSD1T222	
Wizoo	Platinum24 - Electronic Drums	Partition G -> CHR SD1 909 -> SAMPLE	9CHRSD1T310	
Wizoo	Platinum24 - Electronic Drums	Partition G -> CHR SD2 909 -> PROGRAM	CHR SD2 909	
Wizoo	Platinum24 - Electronic Drums	Partition G -> CHR SD2 909 -> SAMPLE	9CHRSD2T11	
Wizoo	Platinum24 - Electronic Drums	Partition G -> CHR SD2 909 -> SAMPLE	9CHRSD2T12	
Wizoo	Platinum24 - Electronic Drums	Partition G -> CHR SD2 909 -> SAMPLE	9CHRSD2T13	
Wizoo	Platinum24 - Electronic Drums	Partition G -> CHR SD2 909 -> SAMPLE	9CHRSD2T14	
Wizoo	Platinum24 - Electronic Drums	Partition G -> CHR SD2 909 -> SAMPLE	9CHRSD2T15	
Wizoo	Platinum24 - Electronic Drums	Partition G -> CHR SD2 909 -> SAMPLE	9CHRSD2T16	
Wizoo	Platinum24 - Electronic Drums	Partition G -> CHR SD2 909 -> SAMPLE	9CHRSD2T17	
Wizoo	Platinum24 - Electronic Drums	Partition G -> CHR SD2 909 -> SAMPLE	9CHRSD2T18	
Wizoo	Platinum24 - Electronic Drums	Partition G -> CHR SD2 909 -> SAMPLE	9CHRSD2T19	
Wizoo	Platinum24 - Electronic Drums	Partition G -> CHR SD2 909 -> SAMPLE	9CHRSD2T21	
Wizoo	Platinum24 - Electronic Drums	Partition G -> CHR SD2 909 -> SAMPLE	9CHRSD2T22	
Wizoo	Platinum24 - Electronic Drums	Partition G -> CHR SD2 909 -> SAMPLE	9CHRSD2T23	
Wizoo	Platinum24 - Electronic Drums	Partition G -> CHR SD2 909 -> SAMPLE	9CHRSD2T24	
Wizoo	Platinum24 - Electronic Drums	Partition G -> CHR SD2 909 -> SAMPLE	9CHRSD2T25	
Wizoo	Platinum24 - Electronic Drums	Partition G -> CHR SD2 909 -> SAMPLE	9CHRSD2T26	
Wizoo	Platinum24 - Electronic Drums	Partition G -> CHR SD2 909 -> SAMPLE	9CHRSD2T27	
Wizoo	Platinum24 - Electronic Drums	Partition G -> CHR SD2 909 -> SAMPLE	9CHRSD2T28	
Wizoo	Platinum24 - Electronic Drums	Partition G -> CHR SD2 909 -> SAMPLE	9CHRSD2T29	
Wizoo	Platinum24 - Electronic Drums	Partition G -> CHR SD2 909 -> SAMPLE	9CHRSD2T31	
Wizoo	Platinum24 - Electronic Drums	Partition G -> CHR SD2 909 -> SAMPLE	9CHRSD2T32	
Wizoo	Platinum24 - Electronic Drums	Partition G -> CHR SD2 909 -> SAMPLE	9CHRSD2T33	
Wizoo	Platinum24 - Electronic Drums	Partition G -> CHR SD2 909 -> SAMPLE	9CHRSD2T34	
Wizoo	Platinum24 - Electronic Drums	Partition G -> CHR SD2 909 -> SAMPLE	9CHRSD2T35	
Wizoo	Platinum24 - Electronic Drums	Partition G -> CHR SD2 909 -> SAMPLE	9CHRSD2T36	
Wizoo	Platinum24 - Electronic Drums	Partition G -> CHR SD2 909 -> SAMPLE	9CHRSD2T37	
Wizoo	Platinum24 - Electronic Drums	Partition G -> CHR SD2 909 -> SAMPLE	9CHRSD2T38	
Wizoo	Platinum24 - Electronic Drums	Partition G -> CHR SD2 909 -> SAMPLE	9CHRSD2T39	
Wizoo	Platinum24 - Electronic Drums	Partition G -> CHR SD2 909 -> SAMPLE	9CHRSD2T110	
Wizoo	Platinum24 - Electronic Drums	Partition G -> CHR SD2 909 -> SAMPLE	9CHRSD2T111	
Wizoo	Platinum24 - Electronic Drums	Partition G -> CHR SD2 909 -> SAMPLE	9CHRSD2T112	
Wizoo	Platinum24 - Electronic Drums	Partition G -> CHR SD2 909 -> SAMPLE	9CHRSD2T113	
Wizoo	Platinum24 - Electronic Drums	Partition G -> CHR SD2 909 -> SAMPLE	9CHRSD2T114	
Wizoo	Platinum24 - Electronic Drums	Partition G -> CHR SD2 909 -> SAMPLE	9CHRSD2T115	
Wizoo	Platinum24 - Electronic Drums	Partition G -> CHR SD2 909 -> SAMPLE	9CHRSD2T116	
Wizoo	Platinum24 - Electronic Drums	Partition G -> CHR SD2 909 -> SAMPLE	9CHRSD2T117	
Wizoo	Platinum24 - Electronic Drums	Partition G -> CHR SD2 909 -> SAMPLE	9CHRSD2T118	
Wizoo	Platinum24 - Electronic Drums	Partition G -> CHR SD2 909 -> SAMPLE	9CHRSD2T119	
Wizoo	Platinum24 - Electronic Drums	Partition G -> CHR SD2 909 -> SAMPLE	9CHRSD2T120	
Wizoo	Platinum24 - Electronic Drums	Partition G -> CHR SD2 909 -> SAMPLE	9CHRSD2T121	
Wizoo	Platinum24 - Electronic Drums	Partition G -> CHR SD2 909 -> SAMPLE	9CHRSD2T122	
Wizoo	Platinum24 - Electronic Drums	Partition G -> CHR SD2 909 -> SAMPLE	9CHRSD2T133	
Wizoo	Platinum24 - Electronic Drums	Partition G -> CHR SD2 909 -> SAMPLE	9CHRSD2T210	
Wizoo	Platinum24 - Electronic Drums	Partition G -> CHR SD2 909 -> SAMPLE	9CHRSD2T211	
Wizoo	Platinum24 - Electronic Drums	Partition G -> CHR SD2 909 -> SAMPLE	9CHRSD2T212	
Wizoo	Platinum24 - Electronic Drums	Partition G -> CHR SD2 909 -> SAMPLE	9CHRSD2T213	
Wizoo	Platinum24 - Electronic Drums	Partition G -> CHR SD2 909 -> SAMPLE	9CHRSD2T214	
Wizoo	Platinum24 - Electronic Drums	Partition G -> CHR SD2 909 -> SAMPLE	9CHRSD2T215	
Wizoo	Platinum24 - Electronic Drums	Partition G -> CHR SD2 909 -> SAMPLE	9CHRSD2T216	
Wizoo	Platinum24 - Electronic Drums	Partition G -> CHR SD2 909 -> SAMPLE	9CHRSD2T217	
Wizoo	Platinum24 - Electronic Drums	Partition G -> CHR SD2 909 -> SAMPLE	9CHRSD2T218	
Wizoo	Platinum24 - Electronic Drums	Partition G -> CHR SD2 909 -> SAMPLE	9CHRSD2T219	
Wizoo	Platinum24 - Electronic Drums	Partition G -> CHR SD2 909 -> SAMPLE	9CHRSD2T220	
Wizoo	Platinum24 - Electronic Drums	Partition G -> CHR SD2 909 -> SAMPLE	9CHRSD2T221	
Wizoo	Platinum24 - Electronic Drums	Partition G -> CHR SD2 909 -> SAMPLE	9CHRSD2T222	
Wizoo	Platinum24 - Electronic Drums	Partition G -> CHR SD2 909 -> SAMPLE	9CHRSD2T310	
Wizoo	Platinum24 - Electronic Drums	Partition G -> CHR SD2 909 -> SAMPLE	9CHRSD2T311	
Wizoo	Platinum24 - Electronic Drums	Partition G -> CHR SD2 909 -> SAMPLE	9CHRSD2T312	
Wizoo	Platinum24 - Electronic Drums	Partition G -> CHR SD2 909 -> SAMPLE	9CHRSD2T313	
Wizoo	Platinum24 - Electronic Drums	Partition G -> CHR SD2 909 -> SAMPLE	9CHRSD2T314	
Wizoo	Platinum24 - Electronic Drums	Partition G -> CHR SD2 909 -> SAMPLE	9CHRSD2T315	
Wizoo	Platinum24 - Electronic Drums	Partition G -> CHR SD2 909 -> SAMPLE	9CHRSD2T316	
Wizoo	Platinum24 - Electronic Drums	Partition G -> CHR SD2 909 -> SAMPLE	9CHRSD2T317	
Wizoo	Platinum24 - Electronic Drums	Partition G -> CHR SD2 909 -> SAMPLE	9CHRSD2T318	
Wizoo	Platinum24 - Electronic Drums	Partition G -> CHR SD2 909 -> SAMPLE	9CHRSD2T319	
Wizoo	Platinum24 - Electronic Drums	Partition G -> CHR SD2 909 -> SAMPLE	9CHRSD2T320	
Wizoo	Platinum24 - Electronic Drums	Partition G -> CHR SD2 909 -> SAMPLE	9CHRSD2T321	
Wizoo	Platinum24 - Electronic Drums	Partition G -> CHR SD2 909 -> SAMPLE	9CHRSD2T322	
Wizoo	Platinum24 - Electronic Drums	Partition G -> CHR TOMS 909 -> PROGRAM	CHR TOMS 909	
Wizoo	Platinum24 - Electronic Drums	Partition G -> CHR TOMS 909 -> SAMPLE	9CHRHT2T11	
Wizoo	Platinum24 - Electronic Drums	Partition G -> CHR TOMS 909 -> SAMPLE	9CHRHT2T12	
Wizoo	Platinum24 - Electronic Drums	Partition G -> CHR TOMS 909 -> SAMPLE	9CHRHT2T13	
Wizoo	Platinum24 - Electronic Drums	Partition G -> CHR TOMS 909 -> SAMPLE	9CHRHT2T14	
Wizoo	Platinum24 - Electronic Drums	Partition G -> CHR TOMS 909 -> SAMPLE	9CHRHT2T15	
Wizoo	Platinum24 - Electronic Drums	Partition G -> CHR TOMS 909 -> SAMPLE	9CHRHT2T16	
Wizoo	Platinum24 - Electronic Drums	Partition G -> CHR TOMS 909 -> SAMPLE	9CHRHT2T17	
Wizoo	Platinum24 - Electronic Drums	Partition G -> CHR TOMS 909 -> SAMPLE	9CHRHT2T18	
Wizoo	Platinum24 - Electronic Drums	Partition G -> CHR TOMS 909 -> SAMPLE	9CHRHT2T19	
Wizoo	Platinum24 - Electronic Drums	Partition G -> CHR TOMS 909 -> SAMPLE	9CHRHT2T31	
Wizoo	Platinum24 - Electronic Drums	Partition G -> CHR TOMS 909 -> SAMPLE	9CHRHT2T32	
Wizoo	Platinum24 - Electronic Drums	Partition G -> CHR TOMS 909 -> SAMPLE	9CHRHT2T33	
Wizoo	Platinum24 - Electronic Drums	Partition G -> CHR TOMS 909 -> SAMPLE	9CHRHT2T34	
Wizoo	Platinum24 - Electronic Drums	Partition G -> CHR TOMS 909 -> SAMPLE	9CHRHT2T35	
Wizoo	Platinum24 - Electronic Drums	Partition G -> CHR TOMS 909 -> SAMPLE	9CHRHT2T36	
Wizoo	Platinum24 - Electronic Drums	Partition G -> CHR TOMS 909 -> SAMPLE	9CHRHT2T37	
Wizoo	Platinum24 - Electronic Drums	Partition G -> CHR TOMS 909 -> SAMPLE	9CHRHT2T38	
Wizoo	Platinum24 - Electronic Drums	Partition G -> CHR TOMS 909 -> SAMPLE	9CHRHT2T39	
Wizoo	Platinum24 - Electronic Drums	Partition G -> CHR TOMS 909 -> SAMPLE	9CHRHT2T110	
Wizoo	Platinum24 - Electronic Drums	Partition G -> CHR TOMS 909 -> SAMPLE	9CHRHT2T111	
Wizoo	Platinum24 - Electronic Drums	Partition G -> CHR TOMS 909 -> SAMPLE	9CHRHT2T310	
Wizoo	Platinum24 - Electronic Drums	Partition G -> CHR TOMS 909 -> SAMPLE	9CHRHT2T311	
Wizoo	Platinum24 - Electronic Drums	Partition G -> CHR TOMS 909 -> SAMPLE	9CHRLT2T11	
Wizoo	Platinum24 - Electronic Drums	Partition G -> CHR TOMS 909 -> SAMPLE	9CHRLT2T12	
Wizoo	Platinum24 - Electronic Drums	Partition G -> CHR TOMS 909 -> SAMPLE	9CHRLT2T13	
Wizoo	Platinum24 - Electronic Drums	Partition G -> CHR TOMS 909 -> SAMPLE	9CHRLT2T14	
Wizoo	Platinum24 - Electronic Drums	Partition G -> CHR TOMS 909 -> SAMPLE	9CHRLT2T15	
Wizoo	Platinum24 - Electronic Drums	Partition G -> CHR TOMS 909 -> SAMPLE	9CHRLT2T16	
Wizoo	Platinum24 - Electronic Drums	Partition G -> CHR TOMS 909 -> SAMPLE	9CHRLT2T17	
Wizoo	Platinum24 - Electronic Drums	Partition G -> CHR TOMS 909 -> SAMPLE	9CHRLT2T18	
Wizoo	Platinum24 - Electronic Drums	Partition G -> CHR TOMS 909 -> SAMPLE	9CHRLT2T19	
Wizoo	Platinum24 - Electronic Drums	Partition G -> CHR TOMS 909 -> SAMPLE	9CHRLT2T31	
Wizoo	Platinum24 - Electronic Drums	Partition G -> CHR TOMS 909 -> SAMPLE	9CHRLT2T32	
Wizoo	Platinum24 - Electronic Drums	Partition G -> CHR TOMS 909 -> SAMPLE	9CHRLT2T33	
Wizoo	Platinum24 - Electronic Drums	Partition G -> CHR TOMS 909 -> SAMPLE	9CHRLT2T34	
Wizoo	Platinum24 - Electronic Drums	Partition G -> CHR TOMS 909 -> SAMPLE	9CHRLT2T35	
Wizoo	Platinum24 - Electronic Drums	Partition G -> CHR TOMS 909 -> SAMPLE	9CHRLT2T36	
Wizoo	Platinum24 - Electronic Drums	Partition G -> CHR TOMS 909 -> SAMPLE	9CHRLT2T37	
Wizoo	Platinum24 - Electronic Drums	Partition G -> CHR TOMS 909 -> SAMPLE	9CHRLT2T38	
Wizoo	Platinum24 - Electronic Drums	Partition G -> CHR TOMS 909 -> SAMPLE	9CHRLT2T39	
Wizoo	Platinum24 - Electronic Drums	Partition G -> CHR TOMS 909 -> SAMPLE	9CHRLT2T110	
Wizoo	Platinum24 - Electronic Drums	Partition G -> CHR TOMS 909 -> SAMPLE	9CHRLT2T111	
Wizoo	Platinum24 - Electronic Drums	Partition G -> CHR TOMS 909 -> SAMPLE	9CHRLT2T310	
Wizoo	Platinum24 - Electronic Drums	Partition G -> CHR TOMS 909 -> SAMPLE	9CHRLT2T311	
Wizoo	Platinum24 - Electronic Drums	Partition G -> CHR TOMS 909 -> SAMPLE	9CHRMT2T11	
Wizoo	Platinum24 - Electronic Drums	Partition G -> CHR TOMS 909 -> SAMPLE	9CHRMT2T12	
Wizoo	Platinum24 - Electronic Drums	Partition G -> CHR TOMS 909 -> SAMPLE	9CHRMT2T13	
Wizoo	Platinum24 - Electronic Drums	Partition G -> CHR TOMS 909 -> SAMPLE	9CHRMT2T14	
Wizoo	Platinum24 - Electronic Drums	Partition G -> CHR TOMS 909 -> SAMPLE	9CHRMT2T15	
Wizoo	Platinum24 - Electronic Drums	Partition G -> CHR TOMS 909 -> SAMPLE	9CHRMT2T16	
Wizoo	Platinum24 - Electronic Drums	Partition G -> CHR TOMS 909 -> SAMPLE	9CHRMT2T17	
Wizoo	Platinum24 - Electronic Drums	Partition G -> CHR TOMS 909 -> SAMPLE	9CHRMT2T18	
Wizoo	Platinum24 - Electronic Drums	Partition G -> CHR TOMS 909 -> SAMPLE	9CHRMT2T19	
Wizoo	Platinum24 - Electronic Drums	Partition G -> CHR TOMS 909 -> SAMPLE	9CHRMT2T31	
Wizoo	Platinum24 - Electronic Drums	Partition G -> CHR TOMS 909 -> SAMPLE	9CHRMT2T32	
Wizoo	Platinum24 - Electronic Drums	Partition G -> CHR TOMS 909 -> SAMPLE	9CHRMT2T33	
Wizoo	Platinum24 - Electronic Drums	Partition G -> CHR TOMS 909 -> SAMPLE	9CHRMT2T34	
Wizoo	Platinum24 - Electronic Drums	Partition G -> CHR TOMS 909 -> SAMPLE	9CHRMT2T35	
Wizoo	Platinum24 - Electronic Drums	Partition G -> CHR TOMS 909 -> SAMPLE	9CHRMT2T37	
Wizoo	Platinum24 - Electronic Drums	Partition G -> CHR TOMS 909 -> SAMPLE	9CHRMT2T38	
Wizoo	Platinum24 - Electronic Drums	Partition G -> CHR TOMS 909 -> SAMPLE	9CHRMT2T39	
Wizoo	Platinum24 - Electronic Drums	Partition G -> CHR TOMS 909 -> SAMPLE	9CHRMT2T110	
Wizoo	Platinum24 - Electronic Drums	Partition G -> CHR TOMS 909 -> SAMPLE	9CHRMT2T111	
Wizoo	Platinum24 - Electronic Drums	Partition G -> CHR TOMS 909 -> SAMPLE	9CHRMT2T310	
Wizoo	Platinum24 - Electronic Drums	Partition G -> CHR TOMS 909 -> SAMPLE	9CHRMT2T311	
Wizoo	Platinum24 - Electronic Drums	Partition H -> CHR BD 808 -> PROGRAM	CHR BD 808	
Wizoo	Platinum24 - Electronic Drums	Partition H -> CHR BD 808 -> SAMPLE	8CHRBD11	
Wizoo	Platinum24 - Electronic Drums	Partition H -> CHR BD 808 -> SAMPLE	8CHRBD12	
Wizoo	Platinum24 - Electronic Drums	Partition H -> CHR BD 808 -> SAMPLE	8CHRBD13	
Wizoo	Platinum24 - Electronic Drums	Partition H -> CHR BD 808 -> SAMPLE	8CHRBD14	
Wizoo	Platinum24 - Electronic Drums	Partition H -> CHR BD 808 -> SAMPLE	8CHRBD15	
Wizoo	Platinum24 - Electronic Drums	Partition H -> CHR BD 808 -> SAMPLE	8CHRBD16	
Wizoo	Platinum24 - Electronic Drums	Partition H -> CHR BD 808 -> SAMPLE	8CHRBD17	
Wizoo	Platinum24 - Electronic Drums	Partition H -> CHR BD 808 -> SAMPLE	8CHRBD18	
Wizoo	Platinum24 - Electronic Drums	Partition H -> CHR BD 808 -> SAMPLE	8CHRBD19	
Wizoo	Platinum24 - Electronic Drums	Partition H -> CHR BD 808 -> SAMPLE	8CHRBD21	
Wizoo	Platinum24 - Electronic Drums	Partition H -> CHR BD 808 -> SAMPLE	8CHRBD21 1	
Wizoo	Platinum24 - Electronic Drums	Partition H -> CHR BD 808 -> SAMPLE	8CHRBD22	
Wizoo	Platinum24 - Electronic Drums	Partition H -> CHR BD 808 -> SAMPLE	8CHRBD23	
Wizoo	Platinum24 - Electronic Drums	Partition H -> CHR BD 808 -> SAMPLE	8CHRBD24	
Wizoo	Platinum24 - Electronic Drums	Partition H -> CHR BD 808 -> SAMPLE	8CHRBD25	
Wizoo	Platinum24 - Electronic Drums	Partition H -> CHR BD 808 -> SAMPLE	8CHRBD26	
Wizoo	Platinum24 - Electronic Drums	Partition H -> CHR BD 808 -> SAMPLE	8CHRBD27	
Wizoo	Platinum24 - Electronic Drums	Partition H -> CHR BD 808 -> SAMPLE	8CHRBD28	
Wizoo	Platinum24 - Electronic Drums	Partition H -> CHR BD 808 -> SAMPLE	8CHRBD29	
Wizoo	Platinum24 - Electronic Drums	Partition H -> CHR BD 808 -> SAMPLE	8CHRBD31	
Wizoo	Platinum24 - Electronic Drums	Partition H -> CHR BD 808 -> SAMPLE	8CHRBD32	
Wizoo	Platinum24 - Electronic Drums	Partition H -> CHR BD 808 -> SAMPLE	8CHRBD33	
Wizoo	Platinum24 - Electronic Drums	Partition H -> CHR BD 808 -> SAMPLE	8CHRBD34	
Wizoo	Platinum24 - Electronic Drums	Partition H -> CHR BD 808 -> SAMPLE	8CHRBD35	
Wizoo	Platinum24 - Electronic Drums	Partition H -> CHR BD 808 -> SAMPLE	8CHRBD36	
Wizoo	Platinum24 - Electronic Drums	Partition H -> CHR BD 808 -> SAMPLE	8CHRBD37	
Wizoo	Platinum24 - Electronic Drums	Partition H -> CHR BD 808 -> SAMPLE	8CHRBD38	
Wizoo	Platinum24 - Electronic Drums	Partition H -> CHR BD 808 -> SAMPLE	8CHRBD39	
Wizoo	Platinum24 - Electronic Drums	Partition H -> CHR BD 808 -> SAMPLE	8CHRBD110	
Wizoo	Platinum24 - Electronic Drums	Partition H -> CHR BD 808 -> SAMPLE	8CHRBD111	
Wizoo	Platinum24 - Electronic Drums	Partition H -> CHR BD 808 -> SAMPLE	8CHRBD210	
Wizoo	Platinum24 - Electronic Drums	Partition H -> CHR BD 808 -> SAMPLE	8CHRBD211	
Wizoo	Platinum24 - Electronic Drums	Partition H -> CHR BD 808 -> SAMPLE	8CHRBD212	
Wizoo	Platinum24 - Electronic Drums	Partition H -> CHR BD 808 -> SAMPLE	8CHRBD213	
Wizoo	Platinum24 - Electronic Drums	Partition H -> CHR BD 808 -> SAMPLE	8CHRBD214	
Wizoo	Platinum24 - Electronic Drums	Partition H -> CHR BD 808 -> SAMPLE	8CHRBD215	
Wizoo	Platinum24 - Electronic Drums	Partition H -> CHR BD 808 -> SAMPLE	8CHRBD216	
Wizoo	Platinum24 - Electronic Drums	Partition H -> CHR BD 808 -> SAMPLE	8CHRBD217	
Wizoo	Platinum24 - Electronic Drums	Partition H -> CHR BD 808 -> SAMPLE	8CHRBD218	
Wizoo	Platinum24 - Electronic Drums	Partition H -> CHR BD 808 -> SAMPLE	8CHRBD219	
Wizoo	Platinum24 - Electronic Drums	Partition H -> CHR BD 808 -> SAMPLE	8CHRBD221	
Wizoo	Platinum24 - Electronic Drums	Partition H -> CHR BD 808 -> SAMPLE	8CHRBD222	
Wizoo	Platinum24 - Electronic Drums	Partition H -> CHR BD 808 -> SAMPLE	8CHRBD223	
Wizoo	Platinum24 - Electronic Drums	Partition H -> CHR BD 808 -> SAMPLE	8CHRBD224	
Wizoo	Platinum24 - Electronic Drums	Partition H -> CHR BD 808 -> SAMPLE	8CHRBD225	
Wizoo	Platinum24 - Electronic Drums	Partition H -> CHR BD 808 -> SAMPLE	8CHRBD226	
Wizoo	Platinum24 - Electronic Drums	Partition H -> CHR BD 808 -> SAMPLE	8CHRBD227	
Wizoo	Platinum24 - Electronic Drums	Partition H -> CHR BD 808 -> SAMPLE	8CHRBD228	
Wizoo	Platinum24 - Electronic Drums	Partition H -> CHR BD 808 -> SAMPLE	8CHRBD229	
Wizoo	Platinum24 - Electronic Drums	Partition H -> CHR BD 808 -> SAMPLE	8CHRBD231	
Wizoo	Platinum24 - Electronic Drums	Partition H -> CHR BD 808 -> SAMPLE	8CHRBD232	
Wizoo	Platinum24 - Electronic Drums	Partition H -> CHR BD 808 -> SAMPLE	8CHRBD233	
Wizoo	Platinum24 - Electronic Drums	Partition H -> CHR BD 808 -> SAMPLE	8CHRBD234	
Wizoo	Platinum24 - Electronic Drums	Partition H -> CHR BD 808 -> SAMPLE	8CHRBD235	
Wizoo	Platinum24 - Electronic Drums	Partition H -> CHR BD 808 -> SAMPLE	8CHRBD236	
Wizoo	Platinum24 - Electronic Drums	Partition H -> CHR BD 808 -> SAMPLE	8CHRBD237	
Wizoo	Platinum24 - Electronic Drums	Partition H -> CHR BD 808 -> SAMPLE	8CHRBD238	
Wizoo	Platinum24 - Electronic Drums	Partition H -> CHR BD 808 -> SAMPLE	8CHRBD239	
Wizoo	Platinum24 - Electronic Drums	Partition H -> CHR BD 808 -> SAMPLE	8CHRBD310	
Wizoo	Platinum24 - Electronic Drums	Partition H -> CHR BD 808 -> SAMPLE	8CHRBD311	
Wizoo	Platinum24 - Electronic Drums	Partition H -> CHR BD 808 -> SAMPLE	8CHRBD2110	
Wizoo	Platinum24 - Electronic Drums	Partition H -> CHR BD 808 -> SAMPLE	8CHRBD2111	
Wizoo	Platinum24 - Electronic Drums	Partition H -> CHR BD 808 -> SAMPLE	8CHRBD2210	
Wizoo	Platinum24 - Electronic Drums	Partition H -> CHR BD 808 -> SAMPLE	8CHRBD2211	
Wizoo	Platinum24 - Electronic Drums	Partition H -> CHR BD 808 -> SAMPLE	8CHRBD2310	
Wizoo	Platinum24 - Electronic Drums	Partition H -> CHR BD 808 -> SAMPLE	8CHRBD2311	
Wizoo	Platinum24 - Electronic Drums	Partition H -> CHR HH 808 -> PROGRAM	CHR HH 808	
Wizoo	Platinum24 - Electronic Drums	Partition H -> CHR HH 808 -> SAMPLE	8CHROH1	
Wizoo	Platinum24 - Electronic Drums	Partition H -> CHR HH 808 -> SAMPLE	8CHROH2	
Wizoo	Platinum24 - Electronic Drums	Partition H -> CHR HH 808 -> SAMPLE	8CHROH3	
Wizoo	Platinum24 - Electronic Drums	Partition H -> CHR HH 808 -> SAMPLE	8CHROH4	
Wizoo	Platinum24 - Electronic Drums	Partition H -> CHR HH 808 -> SAMPLE	8CHROH5	
Wizoo	Platinum24 - Electronic Drums	Partition H -> CHR HH 808 -> SAMPLE	8CHROH6	
Wizoo	Platinum24 - Electronic Drums	Partition H -> CHR HH 808 -> SAMPLE	8CHROH7	
Wizoo	Platinum24 - Electronic Drums	Partition H -> CHR HH 808 -> SAMPLE	8CHROH8	
Wizoo	Platinum24 - Electronic Drums	Partition H -> CHR HH 808 -> SAMPLE	8CHROH9	
Wizoo	Platinum24 - Electronic Drums	Partition H -> CHR HH 808 -> SAMPLE	8CHROH10	
Wizoo	Platinum24 - Electronic Drums	Partition H -> CHR HH 808 -> SAMPLE	8CHROH11	
Wizoo	Platinum24 - Electronic Drums	Partition H -> CHR PERC 808 -> PROGRAM	CHR PERC 808	
Wizoo	Platinum24 - Electronic Drums	Partition H -> CHR PERC 808 -> SAMPLE	8CHRCB1	
Wizoo	Platinum24 - Electronic Drums	Partition H -> CHR PERC 808 -> SAMPLE	8CHRCB2	
Wizoo	Platinum24 - Electronic Drums	Partition H -> CHR PERC 808 -> SAMPLE	8CHRCB3	
Wizoo	Platinum24 - Electronic Drums	Partition H -> CHR PERC 808 -> SAMPLE	8CHRCB4	
Wizoo	Platinum24 - Electronic Drums	Partition H -> CHR PERC 808 -> SAMPLE	8CHRCP1	
Wizoo	Platinum24 - Electronic Drums	Partition H -> CHR PERC 808 -> SAMPLE	8CHRCP2	
Wizoo	Platinum24 - Electronic Drums	Partition H -> CHR PERC 808 -> SAMPLE	8CHRCP3	
Wizoo	Platinum24 - Electronic Drums	Partition H -> CHR PERC 808 -> SAMPLE	8CHRCP4	
Wizoo	Platinum24 - Electronic Drums	Partition H -> CHR PERC 808 -> SAMPLE	8CHRCV1	
Wizoo	Platinum24 - Electronic Drums	Partition H -> CHR PERC 808 -> SAMPLE	8CHRCV2	
Wizoo	Platinum24 - Electronic Drums	Partition H -> CHR PERC 808 -> SAMPLE	8CHRCV3	
Wizoo	Platinum24 - Electronic Drums	Partition H -> CHR PERC 808 -> SAMPLE	8CHRCV4	
Wizoo	Platinum24 - Electronic Drums	Partition H -> CHR PERC 808 -> SAMPLE	8CHRCY11	
Wizoo	Platinum24 - Electronic Drums	Partition H -> CHR PERC 808 -> SAMPLE	8CHRCY12	
Wizoo	Platinum24 - Electronic Drums	Partition H -> CHR PERC 808 -> SAMPLE	8CHRCY13	
Wizoo	Platinum24 - Electronic Drums	Partition H -> CHR PERC 808 -> SAMPLE	8CHRCY14	
Wizoo	Platinum24 - Electronic Drums	Partition H -> CHR PERC 808 -> SAMPLE	8CHRCY15	
Wizoo	Platinum24 - Electronic Drums	Partition H -> CHR PERC 808 -> SAMPLE	8CHRCY16	
Wizoo	Platinum24 - Electronic Drums	Partition H -> CHR PERC 808 -> SAMPLE	8CHRCY17	
Wizoo	Platinum24 - Electronic Drums	Partition H -> CHR PERC 808 -> SAMPLE	8CHRCY18	
Wizoo	Platinum24 - Electronic Drums	Partition H -> CHR PERC 808 -> SAMPLE	8CHRCY19	
Wizoo	Platinum24 - Electronic Drums	Partition H -> CHR PERC 808 -> SAMPLE	8CHRCY21	
Wizoo	Platinum24 - Electronic Drums	Partition H -> CHR PERC 808 -> SAMPLE	8CHRCY22	
Wizoo	Platinum24 - Electronic Drums	Partition H -> CHR PERC 808 -> SAMPLE	8CHRCY23	
Wizoo	Platinum24 - Electronic Drums	Partition H -> CHR PERC 808 -> SAMPLE	8CHRCY24	
Wizoo	Platinum24 - Electronic Drums	Partition H -> CHR PERC 808 -> SAMPLE	8CHRCY25	
Wizoo	Platinum24 - Electronic Drums	Partition H -> CHR PERC 808 -> SAMPLE	8CHRCY26	
Wizoo	Platinum24 - Electronic Drums	Partition H -> CHR PERC 808 -> SAMPLE	8CHRCY27	
Wizoo	Platinum24 - Electronic Drums	Partition H -> CHR PERC 808 -> SAMPLE	8CHRCY28	
Wizoo	Platinum24 - Electronic Drums	Partition H -> CHR PERC 808 -> SAMPLE	8CHRCY29	
Wizoo	Platinum24 - Electronic Drums	Partition H -> CHR PERC 808 -> SAMPLE	8CHRCY31	
Wizoo	Platinum24 - Electronic Drums	Partition H -> CHR PERC 808 -> SAMPLE	8CHRCY32	
Wizoo	Platinum24 - Electronic Drums	Partition H -> CHR PERC 808 -> SAMPLE	8CHRCY33	
Wizoo	Platinum24 - Electronic Drums	Partition H -> CHR PERC 808 -> SAMPLE	8CHRCY34	
Wizoo	Platinum24 - Electronic Drums	Partition H -> CHR PERC 808 -> SAMPLE	8CHRCY35	
Wizoo	Platinum24 - Electronic Drums	Partition H -> CHR PERC 808 -> SAMPLE	8CHRCY36	
Wizoo	Platinum24 - Electronic Drums	Partition H -> CHR PERC 808 -> SAMPLE	8CHRCY37	
Wizoo	Platinum24 - Electronic Drums	Partition H -> CHR PERC 808 -> SAMPLE	8CHRCY38	
Wizoo	Platinum24 - Electronic Drums	Partition H -> CHR PERC 808 -> SAMPLE	8CHRCY39	
Wizoo	Platinum24 - Electronic Drums	Partition H -> CHR PERC 808 -> SAMPLE	8CHRCY110	
Wizoo	Platinum24 - Electronic Drums	Partition H -> CHR PERC 808 -> SAMPLE	8CHRCY111	
Wizoo	Platinum24 - Electronic Drums	Partition H -> CHR PERC 808 -> SAMPLE	8CHRCY210	
Wizoo	Platinum24 - Electronic Drums	Partition H -> CHR PERC 808 -> SAMPLE	8CHRCY211	
Wizoo	Platinum24 - Electronic Drums	Partition H -> CHR PERC 808 -> SAMPLE	8CHRCY310	
Wizoo	Platinum24 - Electronic Drums	Partition H -> CHR PERC 808 -> SAMPLE	8CHRCY311	
Wizoo	Platinum24 - Electronic Drums	Partition H -> CHR PERC 808 -> SAMPLE	8CHRMA1	
Wizoo	Platinum24 - Electronic Drums	Partition H -> CHR PERC 808 -> SAMPLE	8CHRMA2	
Wizoo	Platinum24 - Electronic Drums	Partition H -> CHR PERC 808 -> SAMPLE	8CHRMA3	
Wizoo	Platinum24 - Electronic Drums	Partition H -> CHR PERC 808 -> SAMPLE	8CHRMA4	
Wizoo	Platinum24 - Electronic Drums	Partition H -> CHR PERC 808 -> SAMPLE	8CHRRS1	
Wizoo	Platinum24 - Electronic Drums	Partition H -> CHR PERC 808 -> SAMPLE	8CHRRS2	
Wizoo	Platinum24 - Electronic Drums	Partition H -> CHR PERC 808 -> SAMPLE	8CHRRS3	
Wizoo	Platinum24 - Electronic Drums	Partition H -> CHR PERC 808 -> SAMPLE	8CHRRS4	
Wizoo	Platinum24 - Electronic Drums	Partition H -> CHR SD 808 -> PROGRAM	CHR SD 808	
Wizoo	Platinum24 - Electronic Drums	Partition H -> CHR SD 808 -> SAMPLE	8CHRSD11	
Wizoo	Platinum24 - Electronic Drums	Partition H -> CHR SD 808 -> SAMPLE	8CHRSD12	
Wizoo	Platinum24 - Electronic Drums	Partition H -> CHR SD 808 -> SAMPLE	8CHRSD13	
Wizoo	Platinum24 - Electronic Drums	Partition H -> CHR SD 808 -> SAMPLE	8CHRSD14	
Wizoo	Platinum24 - Electronic Drums	Partition H -> CHR SD 808 -> SAMPLE	8CHRSD15	
Wizoo	Platinum24 - Electronic Drums	Partition H -> CHR SD 808 -> SAMPLE	8CHRSD16	
Wizoo	Platinum24 - Electronic Drums	Partition H -> CHR SD 808 -> SAMPLE	8CHRSD17	
Wizoo	Platinum24 - Electronic Drums	Partition H -> CHR SD 808 -> SAMPLE	8CHRSD18	
Wizoo	Platinum24 - Electronic Drums	Partition H -> CHR SD 808 -> SAMPLE	8CHRSD19	
Wizoo	Platinum24 - Electronic Drums	Partition H -> CHR SD 808 -> SAMPLE	8CHRSD21	
Wizoo	Platinum24 - Electronic Drums	Partition H -> CHR SD 808 -> SAMPLE	8CHRSD22	
Wizoo	Platinum24 - Electronic Drums	Partition H -> CHR SD 808 -> SAMPLE	8CHRSD23	
Wizoo	Platinum24 - Electronic Drums	Partition H -> CHR SD 808 -> SAMPLE	8CHRSD24	
Wizoo	Platinum24 - Electronic Drums	Partition H -> CHR SD 808 -> SAMPLE	8CHRSD25	
Wizoo	Platinum24 - Electronic Drums	Partition H -> CHR SD 808 -> SAMPLE	8CHRSD26	
Wizoo	Platinum24 - Electronic Drums	Partition H -> CHR SD 808 -> SAMPLE	8CHRSD27	
Wizoo	Platinum24 - Electronic Drums	Partition H -> CHR SD 808 -> SAMPLE	8CHRSD28	
Wizoo	Platinum24 - Electronic Drums	Partition H -> CHR SD 808 -> SAMPLE	8CHRSD29	
Wizoo	Platinum24 - Electronic Drums	Partition H -> CHR SD 808 -> SAMPLE	8CHRSD31	
Wizoo	Platinum24 - Electronic Drums	Partition H -> CHR SD 808 -> SAMPLE	8CHRSD32	
Wizoo	Platinum24 - Electronic Drums	Partition H -> CHR SD 808 -> SAMPLE	8CHRSD33	
Wizoo	Platinum24 - Electronic Drums	Partition H -> CHR SD 808 -> SAMPLE	8CHRSD34	
Wizoo	Platinum24 - Electronic Drums	Partition H -> CHR SD 808 -> SAMPLE	8CHRSD35	
Wizoo	Platinum24 - Electronic Drums	Partition H -> CHR SD 808 -> SAMPLE	8CHRSD36	
Wizoo	Platinum24 - Electronic Drums	Partition H -> CHR SD 808 -> SAMPLE	8CHRSD37	
Wizoo	Platinum24 - Electronic Drums	Partition H -> CHR SD 808 -> SAMPLE	8CHRSD38	
Wizoo	Platinum24 - Electronic Drums	Partition H -> CHR SD 808 -> SAMPLE	8CHRSD39	
Wizoo	Platinum24 - Electronic Drums	Partition H -> CHR SD 808 -> SAMPLE	8CHRSD110	
Wizoo	Platinum24 - Electronic Drums	Partition H -> CHR SD 808 -> SAMPLE	8CHRSD111	
Wizoo	Platinum24 - Electronic Drums	Partition H -> CHR SD 808 -> SAMPLE	8CHRSD210	
Wizoo	Platinum24 - Electronic Drums	Partition H -> CHR SD 808 -> SAMPLE	8CHRSD211	
Wizoo	Platinum24 - Electronic Drums	Partition H -> CHR SD 808 -> SAMPLE	8CHRSD310	
Wizoo	Platinum24 - Electronic Drums	Partition H -> CHR SD 808 -> SAMPLE	8CHRSD311	
Wizoo	Platinum24 - Electronic Drums	Partition H -> CHR TOMS 808 -> PROGRAM	CHR TOMS 808	
Wizoo	Platinum24 - Electronic Drums	Partition H -> CHR TOMS 808 -> SAMPLE	8CHRHC1	
Wizoo	Platinum24 - Electronic Drums	Partition H -> CHR TOMS 808 -> SAMPLE	8CHRHC2	
Wizoo	Platinum24 - Electronic Drums	Partition H -> CHR TOMS 808 -> SAMPLE	8CHRHC3	
Wizoo	Platinum24 - Electronic Drums	Partition H -> CHR TOMS 808 -> SAMPLE	8CHRHC4	
Wizoo	Platinum24 - Electronic Drums	Partition H -> CHR TOMS 808 -> SAMPLE	8CHRHC5	
Wizoo	Platinum24 - Electronic Drums	Partition H -> CHR TOMS 808 -> SAMPLE	8CHRHC6	
Wizoo	Platinum24 - Electronic Drums	Partition H -> CHR TOMS 808 -> SAMPLE	8CHRHC7	
Wizoo	Platinum24 - Electronic Drums	Partition H -> CHR TOMS 808 -> SAMPLE	8CHRHC8	
Wizoo	Platinum24 - Electronic Drums	Partition H -> CHR TOMS 808 -> SAMPLE	8CHRHC9	
Wizoo	Platinum24 - Electronic Drums	Partition H -> CHR TOMS 808 -> SAMPLE	8CHRHC10	
Wizoo	Platinum24 - Electronic Drums	Partition H -> CHR TOMS 808 -> SAMPLE	8CHRHC11	
Wizoo	Platinum24 - Electronic Drums	Partition H -> CHR TOMS 808 -> SAMPLE	8CHRHT1	
Wizoo	Platinum24 - Electronic Drums	Partition H -> CHR TOMS 808 -> SAMPLE	8CHRHT2	
Wizoo	Platinum24 - Electronic Drums	Partition H -> CHR TOMS 808 -> SAMPLE	8CHRHT3	
Wizoo	Platinum24 - Electronic Drums	Partition H -> CHR TOMS 808 -> SAMPLE	8CHRHT4	
Wizoo	Platinum24 - Electronic Drums	Partition H -> CHR TOMS 808 -> SAMPLE	8CHRHT5	
Wizoo	Platinum24 - Electronic Drums	Partition H -> CHR TOMS 808 -> SAMPLE	8CHRHT6	
Wizoo	Platinum24 - Electronic Drums	Partition H -> CHR TOMS 808 -> SAMPLE	8CHRHT7	
Wizoo	Platinum24 - Electronic Drums	Partition H -> CHR TOMS 808 -> SAMPLE	8CHRHT8	
Wizoo	Platinum24 - Electronic Drums	Partition H -> CHR TOMS 808 -> SAMPLE	8CHRHT9	
Wizoo	Platinum24 - Electronic Drums	Partition H -> CHR TOMS 808 -> SAMPLE	8CHRHT10	
Wizoo	Platinum24 - Electronic Drums	Partition H -> CHR TOMS 808 -> SAMPLE	8CHRHT11	
Wizoo	Platinum24 - Electronic Drums	Partition H -> CHR TOMS 808 -> SAMPLE	8CHRLC1	
Wizoo	Platinum24 - Electronic Drums	Partition H -> CHR TOMS 808 -> SAMPLE	8CHRLC2	
Wizoo	Platinum24 - Electronic Drums	Partition H -> CHR TOMS 808 -> SAMPLE	8CHRLC3	
Wizoo	Platinum24 - Electronic Drums	Partition H -> CHR TOMS 808 -> SAMPLE	8CHRLC4	
Wizoo	Platinum24 - Electronic Drums	Partition H -> CHR TOMS 808 -> SAMPLE	8CHRLC5	
Wizoo	Platinum24 - Electronic Drums	Partition H -> CHR TOMS 808 -> SAMPLE	8CHRLC6	
Wizoo	Platinum24 - Electronic Drums	Partition H -> CHR TOMS 808 -> SAMPLE	8CHRLC7	
Wizoo	Platinum24 - Electronic Drums	Partition H -> CHR TOMS 808 -> SAMPLE	8CHRLC8	
Wizoo	Platinum24 - Electronic Drums	Partition H -> CHR TOMS 808 -> SAMPLE	8CHRLC9	
Wizoo	Platinum24 - Electronic Drums	Partition H -> CHR TOMS 808 -> SAMPLE	8CHRLC10	
Wizoo	Platinum24 - Electronic Drums	Partition H -> CHR TOMS 808 -> SAMPLE	8CHRLC11	
Wizoo	Platinum24 - Electronic Drums	Partition H -> CHR TOMS 808 -> SAMPLE	8CHRLT1	
Wizoo	Platinum24 - Electronic Drums	Partition H -> CHR TOMS 808 -> SAMPLE	8CHRLT2	
Wizoo	Platinum24 - Electronic Drums	Partition H -> CHR TOMS 808 -> SAMPLE	8CHRLT3	
Wizoo	Platinum24 - Electronic Drums	Partition H -> CHR TOMS 808 -> SAMPLE	8CHRLT4	
Wizoo	Platinum24 - Electronic Drums	Partition H -> CHR TOMS 808 -> SAMPLE	8CHRLT5	
Wizoo	Platinum24 - Electronic Drums	Partition H -> CHR TOMS 808 -> SAMPLE	8CHRLT6	
Wizoo	Platinum24 - Electronic Drums	Partition H -> CHR TOMS 808 -> SAMPLE	8CHRLT7	
Wizoo	Platinum24 - Electronic Drums	Partition H -> CHR TOMS 808 -> SAMPLE	8CHRLT8	
Wizoo	Platinum24 - Electronic Drums	Partition H -> CHR TOMS 808 -> SAMPLE	8CHRLT9	
Wizoo	Platinum24 - Electronic Drums	Partition H -> CHR TOMS 808 -> SAMPLE	8CHRLT10	
Wizoo	Platinum24 - Electronic Drums	Partition H -> CHR TOMS 808 -> SAMPLE	8CHRLT11	
Wizoo	Platinum24 - Electronic Drums	Partition H -> CHR TOMS 808 -> SAMPLE	8CHRMC1	
Wizoo	Platinum24 - Electronic Drums	Partition H -> CHR TOMS 808 -> SAMPLE	8CHRMC2	
Wizoo	Platinum24 - Electronic Drums	Partition H -> CHR TOMS 808 -> SAMPLE	8CHRMC3	
Wizoo	Platinum24 - Electronic Drums	Partition H -> CHR TOMS 808 -> SAMPLE	8CHRMC4	
Wizoo	Platinum24 - Electronic Drums	Partition H -> CHR TOMS 808 -> SAMPLE	8CHRMC5	
Wizoo	Platinum24 - Electronic Drums	Partition H -> CHR TOMS 808 -> SAMPLE	8CHRMC6	
Wizoo	Platinum24 - Electronic Drums	Partition H -> CHR TOMS 808 -> SAMPLE	8CHRMC7	
Wizoo	Platinum24 - Electronic Drums	Partition H -> CHR TOMS 808 -> SAMPLE	8CHRMC8	
Wizoo	Platinum24 - Electronic Drums	Partition H -> CHR TOMS 808 -> SAMPLE	8CHRMC9	
Wizoo	Platinum24 - Electronic Drums	Partition H -> CHR TOMS 808 -> SAMPLE	8CHRMC10	
Wizoo	Platinum24 - Electronic Drums	Partition H -> CHR TOMS 808 -> SAMPLE	8CHRMC11	
Wizoo	Platinum24 - Electronic Drums	Partition H -> CHR TOMS 808 -> SAMPLE	8CHRMT1	
Wizoo	Platinum24 - Electronic Drums	Partition H -> CHR TOMS 808 -> SAMPLE	8CHRMT2	
Wizoo	Platinum24 - Electronic Drums	Partition H -> CHR TOMS 808 -> SAMPLE	8CHRMT3	
Wizoo	Platinum24 - Electronic Drums	Partition H -> CHR TOMS 808 -> SAMPLE	8CHRMT4	
Wizoo	Platinum24 - Electronic Drums	Partition H -> CHR TOMS 808 -> SAMPLE	8CHRMT5	
Wizoo	Platinum24 - Electronic Drums	Partition H -> CHR TOMS 808 -> SAMPLE	8CHRMT6	
Wizoo	Platinum24 - Electronic Drums	Partition H -> CHR TOMS 808 -> SAMPLE	8CHRMT7	
Wizoo	Platinum24 - Electronic Drums	Partition H -> CHR TOMS 808 -> SAMPLE	8CHRMT8	
Wizoo	Platinum24 - Electronic Drums	Partition H -> CHR TOMS 808 -> SAMPLE	8CHRMT9	
Wizoo	Platinum24 - Electronic Drums	Partition H -> CHR TOMS 808 -> SAMPLE	8CHRMT10	
Wizoo	Platinum24 - Electronic Drums	Partition H -> CHR TOMS 808 -> SAMPLE	8CHRMT11	
Wizoo	Platinum24 - Electronic Drums	Partition I -> REVERSED -> PROGRAM	REVERSED	
Wizoo	Platinum24 - Electronic Drums	Partition I -> REVERSED -> SAMPLE	808C49CYL1	
Wizoo	Platinum24 - Electronic Drums	Partition I -> REVERSED -> SAMPLE	808C49CYL2	
Wizoo	Platinum24 - Electronic Drums	Partition I -> REVERSED -> SAMPLE	808C49CYL3	
Wizoo	Platinum24 - Electronic Drums	Partition I -> REVERSED -> SAMPLE	808C49CYL4	
Wizoo	Platinum24 - Electronic Drums	Partition I -> REVERSED -> SAMPLE	808C49CYL5	
Wizoo	Platinum24 - Electronic Drums	Partition I -> REVERSED -> SAMPLE	808C49CYL6	
Wizoo	Platinum24 - Electronic Drums	Partition I -> REVERSED -> SAMPLE	808C49CYL7	
Wizoo	Platinum24 - Electronic Drums	Partition I -> REVERSED -> SAMPLE	808C51CYM1	
Wizoo	Platinum24 - Electronic Drums	Partition I -> REVERSED -> SAMPLE	808C51CYM2	
Wizoo	Platinum24 - Electronic Drums	Partition I -> REVERSED -> SAMPLE	808C51CYM3	
Wizoo	Platinum24 - Electronic Drums	Partition I -> REVERSED -> SAMPLE	808C51CYM4	
Wizoo	Platinum24 - Electronic Drums	Partition I -> REVERSED -> SAMPLE	808C51CYM5	
Wizoo	Platinum24 - Electronic Drums	Partition I -> REVERSED -> SAMPLE	808C51CYM6	
Wizoo	Platinum24 - Electronic Drums	Partition I -> REVERSED -> SAMPLE	808C52CYH1	
Wizoo	Platinum24 - Electronic Drums	Partition I -> REVERSED -> SAMPLE	808C52CYH2	
Wizoo	Platinum24 - Electronic Drums	Partition I -> REVERSED -> SAMPLE	808C52CYH3	
Wizoo	Platinum24 - Electronic Drums	Partition I -> REVERSED -> SAMPLE	808C52CYH4	
Wizoo	Platinum24 - Electronic Drums	Partition I -> REVERSED -> SAMPLE	808C52CYH5	
Wizoo	Platinum24 - Electronic Drums	Partition I -> REVERSED -> SAMPLE	808C52CYH6	
Wizoo	Platinum24 - Electronic Drums	Partition I -> REVERSED -> SAMPLE	909C49CS11	
Wizoo	Platinum24 - Electronic Drums	Partition I -> REVERSED -> SAMPLE	909C49CS12	
Wizoo	Platinum24 - Electronic Drums	Partition I -> REVERSED -> SAMPLE	909C49CS13	
Wizoo	Platinum24 - Electronic Drums	Partition I -> REVERSED -> SAMPLE	909C49CS14	
Wizoo	Platinum24 - Electronic Drums	Partition I -> REVERSED -> SAMPLE	909C49CS15	
Wizoo	Platinum24 - Electronic Drums	Partition I -> REVERSED -> SAMPLE	909C51RD11	
Wizoo	Platinum24 - Electronic Drums	Partition I -> REVERSED -> SAMPLE	909C51RD12	
Wizoo	Platinum24 - Electronic Drums	Partition I -> REVERSED -> SAMPLE	909C51RD13	
Wizoo	Platinum24 - Electronic Drums	Partition I -> REVERSED -> SAMPLE	909C51RD14	
Wizoo	Platinum24 - Electronic Drums	Partition I -> REVERSED -> SAMPLE	909C51RD15	
Wizoo	Platinum24 - Electronic Drums	Partition I -> REVERSED -> SAMPLE	909C57CS21	
Wizoo	Platinum24 - Electronic Drums	Partition I -> REVERSED -> SAMPLE	909C57CS22	
Wizoo	Platinum24 - Electronic Drums	Partition I -> REVERSED -> SAMPLE	909C57CS23	
Wizoo	Platinum24 - Electronic Drums	Partition I -> REVERSED -> SAMPLE	909C57CS24	
Wizoo	Platinum24 - Electronic Drums	Partition I -> REVERSED -> SAMPLE	909C57CS25	
Wizoo	Platinum24 - Electronic Drums	Partition I -> REVERSED -> SAMPLE	909S39CLP1	
Wizoo	Platinum24 - Electronic Drums	Partition I -> REVERSED -> SAMPLE	909S39CLP2	
Wizoo	Platinum24 - Electronic Drums	Partition I -> REVERSED -> SAMPLE	909S39CLP3	
Wizoo	Platinum24 - Electronic Drums	Partition I -> REVERSED -> SAMPLE	909S39CLP4	
Wizoo	Platinum24 - Electronic Drums	Partition I -> REVERSED -> SAMPLE	CLUB32CP21	
Wizoo	Platinum24 - Electronic Drums	Partition I -> REVERSED -> SAMPLE	CLUB32CP22	
Wizoo	Platinum24 - Electronic Drums	Partition I -> REVERSED -> SAMPLE	CLUB32CP23	
Wizoo	Platinum24 - Electronic Drums	Partition I -> REVERSED -> SAMPLE	CLUB39CLP1	
Wizoo	Platinum24 - Electronic Drums	Partition I -> REVERSED -> SAMPLE	CLUB39CLP2	
Wizoo	Platinum24 - Electronic Drums	Partition I -> REVERSED -> SAMPLE	CLUB39CLP3	
Wizoo	Platinum24 - Electronic Drums	Partition I -> REVERSED -> SAMPLE	CLUB39CLP4	
Wizoo	Platinum24 - Electronic Drums	Partition I -> REVERSED -> SAMPLE	CLUB39CLP5	
Wizoo	Platinum24 - Electronic Drums	Partition I -> REVERSED -> SAMPLE	CLUB54TMB1	
Wizoo	Platinum24 - Electronic Drums	Partition I -> REVERSED -> SAMPLE	CLUB54TMB2	
Wizoo	Platinum24 - Electronic Drums	Partition I -> REVERSED -> SAMPLE	CLUB55SPC1	
Wizoo	Platinum24 - Electronic Drums	Partition I -> REVERSED -> SAMPLE	CLUB55SPC2	
Wizoo	Platinum24 - Electronic Drums	Partition I -> REVERSED -> SAMPLE	CLUB70MA11	
Wizoo	Platinum24 - Electronic Drums	Partition I -> REVERSED -> SAMPLE	CLUB70MA12	
Wizoo	Platinum24 - Electronic Drums	Partition I -> REVERSED -> SAMPLE	GOA139CP11	
Wizoo	Platinum24 - Electronic Drums	Partition I -> REVERSED -> SAMPLE	GOA139CP12	
Wizoo	Platinum24 - Electronic Drums	Partition I -> REVERSED -> SAMPLE	GOA139CP13	
Wizoo	Platinum24 - Electronic Drums	Partition I -> REVERSED -> SAMPLE	MWII39CP11	
Wizoo	Platinum24 - Electronic Drums	Partition I -> REVERSED -> SAMPLE	MWII39CP12	
Wizoo	Platinum24 - Electronic Drums	Partition I -> REVERSED -> SAMPLE	MWII39CP13	
Wizoo	Platinum24 - Electronic Drums	Partition I -> REVERSED -> SAMPLE	MWII54TB11	
Wizoo	Platinum24 - Electronic Drums	Partition I -> REVERSED -> SAMPLE	MWII54TB12	
Wizoo	Platinum24 - Electronic Drums	Partition I -> REVERSED -> SAMPLE	MWII54TB13	
Wizoo	Platinum24 - Electronic Drums	Partition I -> REVERSED -> SAMPLE	MWII60BG2	
Wizoo	Platinum24 - Electronic Drums	Partition I -> REVERSED -> SAMPLE	MWII61BG11	
Wizoo	Platinum24 - Electronic Drums	Partition I -> REVERSED -> SAMPLE	MWII80TRC1	
Wizoo	Platinum24 - Electronic Drums	Partition I -> REVERSED -> SAMPLE	MWII81TRO1	
Wizoo	Platinum24 - Electronic Drums	Partition I -> REVERSED -> SAMPLE	MWII82SHK1	
Wizoo	Platinum24 - Electronic Drums	Partition I -> REVERSED -> SAMPLE	MWII82SHK2	
Wizoo	Platinum24 - Electronic Drums	Partition I -> SFX KIT -> PROGRAM	SFX KIT	
Wizoo	Platinum24 - Electronic Drums	Partition I -> SFX KIT -> SAMPLE	EFX136FX1	
Wizoo	Platinum24 - Electronic Drums	Partition I -> SFX KIT -> SAMPLE	EFX137FX1	
Wizoo	Platinum24 - Electronic Drums	Partition I -> SFX KIT -> SAMPLE	EFX138FX1	
Wizoo	Platinum24 - Electronic Drums	Partition I -> SFX KIT -> SAMPLE	EFX139FX1	
Wizoo	Platinum24 - Electronic Drums	Partition I -> SFX KIT -> SAMPLE	EFX140FX1	
Wizoo	Platinum24 - Electronic Drums	Partition I -> SFX KIT -> SAMPLE	EFX142FX1	
Wizoo	Platinum24 - Electronic Drums	Partition I -> SFX KIT -> SAMPLE	EFX143FX1	
Wizoo	Platinum24 - Electronic Drums	Partition I -> SFX KIT -> SAMPLE	EFX144FX1	
Wizoo	Platinum24 - Electronic Drums	Partition I -> SFX KIT -> SAMPLE	EFX145FX1	
Wizoo	Platinum24 - Electronic Drums	Partition I -> SFX KIT -> SAMPLE	EFX146FX1	
Wizoo	Platinum24 - Electronic Drums	Partition I -> SFX KIT -> SAMPLE	EFX147FX1	
Wizoo	Platinum24 - Electronic Drums	Partition I -> SFX KIT -> SAMPLE	EFX238FX2	
Wizoo	Platinum24 - Electronic Drums	Partition I -> SFX KIT -> SAMPLE	EFX239FX2	
Wizoo	Platinum24 - Electronic Drums	Partition I -> SFX KIT -> SAMPLE	EFX243FX2	
Wizoo	Platinum24 - Electronic Drums	Partition I -> SFX KIT -> SAMPLE	EFX244FX2	
Wizoo	Platinum24 - Electronic Drums	Partition I -> SFX KIT -> SAMPLE	EFX245FX2	
Wizoo	Platinum24 - Electronic Drums	Partition I -> SFX KIT -> SAMPLE	EFX248FX2	
Wizoo	Platinum24 - Electronic Drums	Partition I -> SFX KIT -> SAMPLE	EFX253FX2	
Wizoo	Platinum24 - Electronic Drums	Partition J -> 480L BW 909 -> PROGRAM	480L BW 909	
Wizoo	Platinum24 - Electronic Drums	Partition J -> 480L BW 909 -> SAMPLE	909BW35BD2	
Wizoo	Platinum24 - Electronic Drums	Partition J -> 480L BW 909 -> SAMPLE	909BW36BD1	
Wizoo	Platinum24 - Electronic Drums	Partition J -> 480L BW 909 -> SAMPLE	909BW37CRM	
Wizoo	Platinum24 - Electronic Drums	Partition J -> 480L BW 909 -> SAMPLE	909BW38SD1	
Wizoo	Platinum24 - Electronic Drums	Partition J -> 480L BW 909 -> SAMPLE	909BW39CP1	
Wizoo	Platinum24 - Electronic Drums	Partition J -> 480L BW 909 -> SAMPLE	909BW41FT1	
Wizoo	Platinum24 - Electronic Drums	Partition J -> 480L BW 909 -> SAMPLE	909BW42CHH	
Wizoo	Platinum24 - Electronic Drums	Partition J -> 480L BW 909 -> SAMPLE	909BW43FT2	
Wizoo	Platinum24 - Electronic Drums	Partition J -> 480L BW 909 -> SAMPLE	909BW44PHH	
Wizoo	Platinum24 - Electronic Drums	Partition J -> 480L BW 909 -> SAMPLE	909BW45MT1	
Wizoo	Platinum24 - Electronic Drums	Partition J -> 480L BW 909 -> SAMPLE	909BW46OHH	
Wizoo	Platinum24 - Electronic Drums	Partition J -> 480L BW 909 -> SAMPLE	909BW47MT2	
Wizoo	Platinum24 - Electronic Drums	Partition J -> 480L BW 909 -> SAMPLE	909BW48HT1	
Wizoo	Platinum24 - Electronic Drums	Partition J -> 480L BW 909 -> SAMPLE	909BW49CS1	
Wizoo	Platinum24 - Electronic Drums	Partition J -> 480L BW 909 -> SAMPLE	909BW50HT2	
Wizoo	Platinum24 - Electronic Drums	Partition J -> 480L BW 909 -> SAMPLE	909BW51RD1	
Wizoo	Platinum24 - Electronic Drums	Partition J -> 480L GA 909 -> PROGRAM	480L GA 909	
Wizoo	Platinum24 - Electronic Drums	Partition J -> 480L GA 909 -> SAMPLE	909GA35BD2	
Wizoo	Platinum24 - Electronic Drums	Partition J -> 480L GA 909 -> SAMPLE	909GA36BD1	
Wizoo	Platinum24 - Electronic Drums	Partition J -> 480L GA 909 -> SAMPLE	909GA37CRM	
Wizoo	Platinum24 - Electronic Drums	Partition J -> 480L GA 909 -> SAMPLE	909GA38SD1	
Wizoo	Platinum24 - Electronic Drums	Partition J -> 480L GA 909 -> SAMPLE	909GA39CP1	
Wizoo	Platinum24 - Electronic Drums	Partition J -> 480L GA 909 -> SAMPLE	909GA41FT1	
Wizoo	Platinum24 - Electronic Drums	Partition J -> 480L GA 909 -> SAMPLE	909GA42CHH	
Wizoo	Platinum24 - Electronic Drums	Partition J -> 480L GA 909 -> SAMPLE	909GA43FT2	
Wizoo	Platinum24 - Electronic Drums	Partition J -> 480L GA 909 -> SAMPLE	909GA44PHH	
Wizoo	Platinum24 - Electronic Drums	Partition J -> 480L GA 909 -> SAMPLE	909GA45MT1	
Wizoo	Platinum24 - Electronic Drums	Partition J -> 480L GA 909 -> SAMPLE	909GA46OHH	
Wizoo	Platinum24 - Electronic Drums	Partition J -> 480L GA 909 -> SAMPLE	909GA47MT2	
Wizoo	Platinum24 - Electronic Drums	Partition J -> 480L GA 909 -> SAMPLE	909GA48HT1	
Wizoo	Platinum24 - Electronic Drums	Partition J -> 480L GA 909 -> SAMPLE	909GA49CS1	
Wizoo	Platinum24 - Electronic Drums	Partition J -> 480L GA 909 -> SAMPLE	909GA50HT2	
Wizoo	Platinum24 - Electronic Drums	Partition J -> 480L GA 909 -> SAMPLE	909GA51RD1	
Wizoo	Platinum24 - Electronic Drums	Partition J -> 480L LP 909 -> PROGRAM	480L LP 909	
Wizoo	Platinum24 - Electronic Drums	Partition J -> 480L LP 909 -> SAMPLE	909LP35BD2	
Wizoo	Platinum24 - Electronic Drums	Partition J -> 480L LP 909 -> SAMPLE	909LP36BD1	
Wizoo	Platinum24 - Electronic Drums	Partition J -> 480L LP 909 -> SAMPLE	909LP37CRM	
Wizoo	Platinum24 - Electronic Drums	Partition J -> 480L LP 909 -> SAMPLE	909LP38SD1	
Wizoo	Platinum24 - Electronic Drums	Partition J -> 480L LP 909 -> SAMPLE	909LP39CP1	
Wizoo	Platinum24 - Electronic Drums	Partition J -> 480L LP 909 -> SAMPLE	909LP41FT1	
Wizoo	Platinum24 - Electronic Drums	Partition J -> 480L LP 909 -> SAMPLE	909LP42CHH	
Wizoo	Platinum24 - Electronic Drums	Partition J -> 480L LP 909 -> SAMPLE	909LP43FT2	
Wizoo	Platinum24 - Electronic Drums	Partition J -> 480L LP 909 -> SAMPLE	909LP44PHH	
Wizoo	Platinum24 - Electronic Drums	Partition J -> 480L LP 909 -> SAMPLE	909LP45MT1	
Wizoo	Platinum24 - Electronic Drums	Partition J -> 480L LP 909 -> SAMPLE	909LP46OHH	
Wizoo	Platinum24 - Electronic Drums	Partition J -> 480L LP 909 -> SAMPLE	909LP47MT2	
Wizoo	Platinum24 - Electronic Drums	Partition J -> 480L LP 909 -> SAMPLE	909LP48HT1	
Wizoo	Platinum24 - Electronic Drums	Partition J -> 480L LP 909 -> SAMPLE	909LP49CS1	
Wizoo	Platinum24 - Electronic Drums	Partition J -> 480L LP 909 -> SAMPLE	909LP50HT2	
Wizoo	Platinum24 - Electronic Drums	Partition J -> 480L LP 909 -> SAMPLE	909LP51RD1	
Wizoo	Platinum24 - Electronic Drums	Partition J -> 480L MP 909 -> PROGRAM	480L MP 909	
Wizoo	Platinum24 - Electronic Drums	Partition J -> 480L MP 909 -> SAMPLE	909MP35BD2	
Wizoo	Platinum24 - Electronic Drums	Partition J -> 480L MP 909 -> SAMPLE	909MP36BD1	
Wizoo	Platinum24 - Electronic Drums	Partition J -> 480L MP 909 -> SAMPLE	909MP37CRM	
Wizoo	Platinum24 - Electronic Drums	Partition J -> 480L MP 909 -> SAMPLE	909MP38SD1	
Wizoo	Platinum24 - Electronic Drums	Partition J -> 480L MP 909 -> SAMPLE	909MP39CP1	
Wizoo	Platinum24 - Electronic Drums	Partition J -> 480L MP 909 -> SAMPLE	909MP41FT1	
Wizoo	Platinum24 - Electronic Drums	Partition J -> 480L MP 909 -> SAMPLE	909MP42CHH	
Wizoo	Platinum24 - Electronic Drums	Partition J -> 480L MP 909 -> SAMPLE	909MP43FT2	
Wizoo	Platinum24 - Electronic Drums	Partition J -> 480L MP 909 -> SAMPLE	909MP44PHH	
Wizoo	Platinum24 - Electronic Drums	Partition J -> 480L MP 909 -> SAMPLE	909MP45MT1	
Wizoo	Platinum24 - Electronic Drums	Partition J -> 480L MP 909 -> SAMPLE	909MP46OHH	
Wizoo	Platinum24 - Electronic Drums	Partition J -> 480L MP 909 -> SAMPLE	909MP47MT2	
Wizoo	Platinum24 - Electronic Drums	Partition J -> 480L MP 909 -> SAMPLE	909MP48HT1	
Wizoo	Platinum24 - Electronic Drums	Partition J -> 480L MP 909 -> SAMPLE	909MP49CS1	
Wizoo	Platinum24 - Electronic Drums	Partition J -> 480L MP 909 -> SAMPLE	909MP50HT2	
Wizoo	Platinum24 - Electronic Drums	Partition J -> 480L MP 909 -> SAMPLE	909MP51RD1	
Wizoo	Platinum24 - Electronic Drums	Partition J -> 480L SP 909 -> PROGRAM	480L SP 909	
Wizoo	Platinum24 - Electronic Drums	Partition J -> 480L SP 909 -> SAMPLE	909SP35BD2	
Wizoo	Platinum24 - Electronic Drums	Partition J -> 480L SP 909 -> SAMPLE	909SP36BD1	
Wizoo	Platinum24 - Electronic Drums	Partition J -> 480L SP 909 -> SAMPLE	909SP37CRM	
Wizoo	Platinum24 - Electronic Drums	Partition J -> 480L SP 909 -> SAMPLE	909SP38SD1	
Wizoo	Platinum24 - Electronic Drums	Partition J -> 480L SP 909 -> SAMPLE	909SP39CP1	
Wizoo	Platinum24 - Electronic Drums	Partition J -> 480L SP 909 -> SAMPLE	909SP41FT1	
Wizoo	Platinum24 - Electronic Drums	Partition J -> 480L SP 909 -> SAMPLE	909SP42CHH	
Wizoo	Platinum24 - Electronic Drums	Partition J -> 480L SP 909 -> SAMPLE	909SP43FT2	
Wizoo	Platinum24 - Electronic Drums	Partition J -> 480L SP 909 -> SAMPLE	909SP44PHH	
Wizoo	Platinum24 - Electronic Drums	Partition J -> 480L SP 909 -> SAMPLE	909SP45MT1	
Wizoo	Platinum24 - Electronic Drums	Partition J -> 480L SP 909 -> SAMPLE	909SP46OHH	
Wizoo	Platinum24 - Electronic Drums	Partition J -> 480L SP 909 -> SAMPLE	909SP47MT2	
Wizoo	Platinum24 - Electronic Drums	Partition J -> 480L SP 909 -> SAMPLE	909SP48HT1	
Wizoo	Platinum24 - Electronic Drums	Partition J -> 480L SP 909 -> SAMPLE	909SP49CS1	
Wizoo	Platinum24 - Electronic Drums	Partition J -> 480L SP 909 -> SAMPLE	909SP50HT2	
Wizoo	Platinum24 - Electronic Drums	Partition J -> 480L SP 909 -> SAMPLE	909SP51RD1	
Wizoo	Platinum24 - Electronic Drums	Partition K -> 480L BW 808 -> PROGRAM	480L BW 808	
Wizoo	Platinum24 - Electronic Drums	Partition K -> 480L BW 808 -> SAMPLE	808BW35BD2	
Wizoo	Platinum24 - Electronic Drums	Partition K -> 480L BW 808 -> SAMPLE	808BW36BD1	
Wizoo	Platinum24 - Electronic Drums	Partition K -> 480L BW 808 -> SAMPLE	808BW37CRM	
Wizoo	Platinum24 - Electronic Drums	Partition K -> 480L BW 808 -> SAMPLE	808BW38SD1	
Wizoo	Platinum24 - Electronic Drums	Partition K -> 480L BW 808 -> SAMPLE	808BW39CLP	
Wizoo	Platinum24 - Electronic Drums	Partition K -> 480L BW 808 -> SAMPLE	808BW40SD2	
Wizoo	Platinum24 - Electronic Drums	Partition K -> 480L BW 808 -> SAMPLE	808BW41FT1	
Wizoo	Platinum24 - Electronic Drums	Partition K -> 480L BW 808 -> SAMPLE	808BW42CHH	
Wizoo	Platinum24 - Electronic Drums	Partition K -> 480L BW 808 -> SAMPLE	808BW43FT2	
Wizoo	Platinum24 - Electronic Drums	Partition K -> 480L BW 808 -> SAMPLE	808BW45MT1	
Wizoo	Platinum24 - Electronic Drums	Partition K -> 480L BW 808 -> SAMPLE	808BW46OHH	
Wizoo	Platinum24 - Electronic Drums	Partition K -> 480L BW 808 -> SAMPLE	808BW47MT2	
Wizoo	Platinum24 - Electronic Drums	Partition K -> 480L BW 808 -> SAMPLE	808BW48HT1	
Wizoo	Platinum24 - Electronic Drums	Partition K -> 480L BW 808 -> SAMPLE	808BW49CYM	
Wizoo	Platinum24 - Electronic Drums	Partition K -> 480L BW 808 -> SAMPLE	808BW50HT2	
Wizoo	Platinum24 - Electronic Drums	Partition K -> 480L BW 808 -> SAMPLE	808BW56COW	
Wizoo	Platinum24 - Electronic Drums	Partition K -> 480L BW 808 -> SAMPLE	808BW70MAR	
Wizoo	Platinum24 - Electronic Drums	Partition K -> 480L BW 808 -> SAMPLE	808BW75CLV	
Wizoo	Platinum24 - Electronic Drums	Partition K -> 480L GA 808 -> PROGRAM	480L GA 808	
Wizoo	Platinum24 - Electronic Drums	Partition K -> 480L GA 808 -> SAMPLE	808GA35BD2	
Wizoo	Platinum24 - Electronic Drums	Partition K -> 480L GA 808 -> SAMPLE	808GA36BD1	
Wizoo	Platinum24 - Electronic Drums	Partition K -> 480L GA 808 -> SAMPLE	808GA37CRM	
Wizoo	Platinum24 - Electronic Drums	Partition K -> 480L GA 808 -> SAMPLE	808GA38SD1	
Wizoo	Platinum24 - Electronic Drums	Partition K -> 480L GA 808 -> SAMPLE	808GA39CLP	
Wizoo	Platinum24 - Electronic Drums	Partition K -> 480L GA 808 -> SAMPLE	808GA40SD2	
Wizoo	Platinum24 - Electronic Drums	Partition K -> 480L GA 808 -> SAMPLE	808GA41FT1	
Wizoo	Platinum24 - Electronic Drums	Partition K -> 480L GA 808 -> SAMPLE	808GA42CHH	
Wizoo	Platinum24 - Electronic Drums	Partition K -> 480L GA 808 -> SAMPLE	808GA43FT2	
Wizoo	Platinum24 - Electronic Drums	Partition K -> 480L GA 808 -> SAMPLE	808GA44OHH	
Wizoo	Platinum24 - Electronic Drums	Partition K -> 480L GA 808 -> SAMPLE	808GA45MT1	
Wizoo	Platinum24 - Electronic Drums	Partition K -> 480L GA 808 -> SAMPLE	808GA47MT2	
Wizoo	Platinum24 - Electronic Drums	Partition K -> 480L GA 808 -> SAMPLE	808GA48HT1	
Wizoo	Platinum24 - Electronic Drums	Partition K -> 480L GA 808 -> SAMPLE	808GA49CYM	
Wizoo	Platinum24 - Electronic Drums	Partition K -> 480L GA 808 -> SAMPLE	808GA50HT2	
Wizoo	Platinum24 - Electronic Drums	Partition K -> 480L GA 808 -> SAMPLE	808GA56COW	
Wizoo	Platinum24 - Electronic Drums	Partition K -> 480L GA 808 -> SAMPLE	808GA70MAR	
Wizoo	Platinum24 - Electronic Drums	Partition K -> 480L GA 808 -> SAMPLE	808GA75CLV	
Wizoo	Platinum24 - Electronic Drums	Partition K -> 480L LP 808 -> PROGRAM	480L LP 808	
Wizoo	Platinum24 - Electronic Drums	Partition K -> 480L LP 808 -> SAMPLE	808LP35BD2	
Wizoo	Platinum24 - Electronic Drums	Partition K -> 480L LP 808 -> SAMPLE	808LP36BD1	
Wizoo	Platinum24 - Electronic Drums	Partition K -> 480L LP 808 -> SAMPLE	808LP37CRM	
Wizoo	Platinum24 - Electronic Drums	Partition K -> 480L LP 808 -> SAMPLE	808LP38SD1	
Wizoo	Platinum24 - Electronic Drums	Partition K -> 480L LP 808 -> SAMPLE	808LP39CLP	
Wizoo	Platinum24 - Electronic Drums	Partition K -> 480L LP 808 -> SAMPLE	808LP40SD2	
Wizoo	Platinum24 - Electronic Drums	Partition K -> 480L LP 808 -> SAMPLE	808LP41FT1	
Wizoo	Platinum24 - Electronic Drums	Partition K -> 480L LP 808 -> SAMPLE	808LP42CHH	
Wizoo	Platinum24 - Electronic Drums	Partition K -> 480L LP 808 -> SAMPLE	808LP43FT2	
Wizoo	Platinum24 - Electronic Drums	Partition K -> 480L LP 808 -> SAMPLE	808LP45MT1	
Wizoo	Platinum24 - Electronic Drums	Partition K -> 480L LP 808 -> SAMPLE	808LP46OHH	
Wizoo	Platinum24 - Electronic Drums	Partition K -> 480L LP 808 -> SAMPLE	808LP47MT2	
Wizoo	Platinum24 - Electronic Drums	Partition K -> 480L LP 808 -> SAMPLE	808LP48HT1	
Wizoo	Platinum24 - Electronic Drums	Partition K -> 480L LP 808 -> SAMPLE	808LP49CYM	
Wizoo	Platinum24 - Electronic Drums	Partition K -> 480L LP 808 -> SAMPLE	808LP50HT2	
Wizoo	Platinum24 - Electronic Drums	Partition K -> 480L LP 808 -> SAMPLE	808LP56COW	
Wizoo	Platinum24 - Electronic Drums	Partition K -> 480L LP 808 -> SAMPLE	808LP70MAR	
Wizoo	Platinum24 - Electronic Drums	Partition K -> 480L LP 808 -> SAMPLE	808LP75CLV	
Wizoo	Platinum24 - Electronic Drums	Partition K -> 480L MP 808 -> PROGRAM	480L MP 808	
Wizoo	Platinum24 - Electronic Drums	Partition K -> 480L MP 808 -> SAMPLE	808MP35BD2	
Wizoo	Platinum24 - Electronic Drums	Partition K -> 480L MP 808 -> SAMPLE	808MP36BD1	
Wizoo	Platinum24 - Electronic Drums	Partition K -> 480L MP 808 -> SAMPLE	808MP37CRM	
Wizoo	Platinum24 - Electronic Drums	Partition K -> 480L MP 808 -> SAMPLE	808MP38SD1	
Wizoo	Platinum24 - Electronic Drums	Partition K -> 480L MP 808 -> SAMPLE	808MP39CLP	
Wizoo	Platinum24 - Electronic Drums	Partition K -> 480L MP 808 -> SAMPLE	808MP40SD2	
Wizoo	Platinum24 - Electronic Drums	Partition K -> 480L MP 808 -> SAMPLE	808MP41FT1	
Wizoo	Platinum24 - Electronic Drums	Partition K -> 480L MP 808 -> SAMPLE	808MP42CHH	
Wizoo	Platinum24 - Electronic Drums	Partition K -> 480L MP 808 -> SAMPLE	808MP43FT2	
Wizoo	Platinum24 - Electronic Drums	Partition K -> 480L MP 808 -> SAMPLE	808MP45MT1	
Wizoo	Platinum24 - Electronic Drums	Partition K -> 480L MP 808 -> SAMPLE	808MP46OHH	
Wizoo	Platinum24 - Electronic Drums	Partition K -> 480L MP 808 -> SAMPLE	808MP47MT2	
Wizoo	Platinum24 - Electronic Drums	Partition K -> 480L MP 808 -> SAMPLE	808MP48HT1	
Wizoo	Platinum24 - Electronic Drums	Partition K -> 480L MP 808 -> SAMPLE	808MP49CYM	
Wizoo	Platinum24 - Electronic Drums	Partition K -> 480L MP 808 -> SAMPLE	808MP50HT2	
Wizoo	Platinum24 - Electronic Drums	Partition K -> 480L MP 808 -> SAMPLE	808MP56COW	
Wizoo	Platinum24 - Electronic Drums	Partition K -> 480L MP 808 -> SAMPLE	808MP70MAR	
Wizoo	Platinum24 - Electronic Drums	Partition K -> 480L MP 808 -> SAMPLE	808MP75CLV	
Wizoo	Platinum24 - Electronic Drums	Partition K -> 480L SP 808 -> PROGRAM	480L SP 808	
Wizoo	Platinum24 - Electronic Drums	Partition K -> 480L SP 808 -> SAMPLE	808SP35BD2	
Wizoo	Platinum24 - Electronic Drums	Partition K -> 480L SP 808 -> SAMPLE	808SP36BD1	
Wizoo	Platinum24 - Electronic Drums	Partition K -> 480L SP 808 -> SAMPLE	808SP37CRM	
Wizoo	Platinum24 - Electronic Drums	Partition K -> 480L SP 808 -> SAMPLE	808SP38SD1	
Wizoo	Platinum24 - Electronic Drums	Partition K -> 480L SP 808 -> SAMPLE	808SP39CLP	
Wizoo	Platinum24 - Electronic Drums	Partition K -> 480L SP 808 -> SAMPLE	808SP40SD2	
Wizoo	Platinum24 - Electronic Drums	Partition K -> 480L SP 808 -> SAMPLE	808SP41FT1	
Wizoo	Platinum24 - Electronic Drums	Partition K -> 480L SP 808 -> SAMPLE	808SP42CHH	
Wizoo	Platinum24 - Electronic Drums	Partition K -> 480L SP 808 -> SAMPLE	808SP43FT2	
Wizoo	Platinum24 - Electronic Drums	Partition K -> 480L SP 808 -> SAMPLE	808SP45MT1	
Wizoo	Platinum24 - Electronic Drums	Partition K -> 480L SP 808 -> SAMPLE	808SP46OHH	
Wizoo	Platinum24 - Electronic Drums	Partition K -> 480L SP 808 -> SAMPLE	808SP47MT2	
Wizoo	Platinum24 - Electronic Drums	Partition K -> 480L SP 808 -> SAMPLE	808SP48HT1	
Wizoo	Platinum24 - Electronic Drums	Partition K -> 480L SP 808 -> SAMPLE	808SP49CYM	
Wizoo	Platinum24 - Electronic Drums	Partition K -> 480L SP 808 -> SAMPLE	808SP50HT2	
Wizoo	Platinum24 - Electronic Drums	Partition K -> 480L SP 808 -> SAMPLE	808SP56COW	
Wizoo	Platinum24 - Electronic Drums	Partition K -> 480L SP 808 -> SAMPLE	808SP70MAR	
Wizoo	Platinum24 - Electronic Drums	Partition K -> 480L SP 808 -> SAMPLE	808SP75CLV	
Powered DX		(Released: October 2000)		Jump to top
Wizoo	Powered DX	Partition A -> CLOUDZ -> PROGRAM	CLOUDZ	
Wizoo	Powered DX	Partition A -> CLOUDZ -> PROGRAM	CLOUDZ ST	
Wizoo	Powered DX	Partition A -> CLOUDZ -> SAMPLE	PGSP36	
Wizoo	Powered DX	Partition A -> CLOUDZ -> SAMPLE	PGSP39	
Wizoo	Powered DX	Partition A -> CLOUDZ -> SAMPLE	PGSP42	
Wizoo	Powered DX	Partition A -> CLOUDZ -> SAMPLE	PGSP45	
Wizoo	Powered DX	Partition A -> CLOUDZ -> SAMPLE	PGSP48	
Wizoo	Powered DX	Partition A -> CLOUDZ -> SAMPLE	PGSP51	
Wizoo	Powered DX	Partition A -> CLOUDZ -> SAMPLE	PGSP54	
Wizoo	Powered DX	Partition A -> CLOUDZ -> SAMPLE	PGSP57	
Wizoo	Powered DX	Partition A -> CLOUDZ -> SAMPLE	PGSP60	
Wizoo	Powered DX	Partition A -> CLOUDZ -> SAMPLE	PGSP63	
Wizoo	Powered DX	Partition A -> CLOUDZ -> SAMPLE	PGSP66	
Wizoo	Powered DX	Partition A -> CLOUDZ -> SAMPLE	PGSP69	
Wizoo	Powered DX	Partition A -> CLOUDZ -> SAMPLE	PGSP72	
Wizoo	Powered DX	Partition A -> CLOUDZ -> SAMPLE	PGSP75	
Wizoo	Powered DX	Partition A -> CLOUDZ -> SAMPLE	PGSP78	
Wizoo	Powered DX	Partition A -> CLOUDZ -> SAMPLE	PGSP81	
Wizoo	Powered DX	Partition A -> CLOUDZ -> SAMPLE	PGSP84	
Wizoo	Powered DX	Partition A -> CLOUDZ -> SAMPLE	PGSP87	
Wizoo	Powered DX	Partition A -> CLOUDZ -> SAMPLE	PGSP90	
Wizoo	Powered DX	Partition A -> CLOUDZ -> SAMPLE	PGSP93	
Wizoo	Powered DX	Partition A -> CLOUDZ -> SAMPLE	PGSP96	
Wizoo	Powered DX	Partition A -> DANCA -> PROGRAM	DANCA A	
Wizoo	Powered DX	Partition A -> DANCA -> PROGRAM	DANCA B	
Wizoo	Powered DX	Partition A -> DANCA -> PROGRAM	DANCVERB	
Wizoo	Powered DX	Partition A -> DANCA -> SAMPLE	DANCA24	
Wizoo	Powered DX	Partition A -> DANCA -> SAMPLE	DANCA27	
Wizoo	Powered DX	Partition A -> DANCA -> SAMPLE	DANCA30	
Wizoo	Powered DX	Partition A -> DANCA -> SAMPLE	DANCA33	
Wizoo	Powered DX	Partition A -> DANCA -> SAMPLE	DANCA36	
Wizoo	Powered DX	Partition A -> DANCA -> SAMPLE	DANCA39	
Wizoo	Powered DX	Partition A -> DANCA -> SAMPLE	DANCA42	
Wizoo	Powered DX	Partition A -> DANCA -> SAMPLE	DANCA45	
Wizoo	Powered DX	Partition A -> DANCA -> SAMPLE	DANCA48	
Wizoo	Powered DX	Partition A -> DANCA -> SAMPLE	DANCA51	
Wizoo	Powered DX	Partition A -> DANCA -> SAMPLE	DANCA54	
Wizoo	Powered DX	Partition A -> DANCA -> SAMPLE	DANCA57	
Wizoo	Powered DX	Partition A -> DANCA -> SAMPLE	DANCA60	
Wizoo	Powered DX	Partition A -> DANCA -> SAMPLE	DANCA63	
Wizoo	Powered DX	Partition A -> DANCA -> SAMPLE	DANCA66	
Wizoo	Powered DX	Partition A -> DANCA -> SAMPLE	DANCA69	
Wizoo	Powered DX	Partition A -> DANCA -> SAMPLE	DANCA72	
Wizoo	Powered DX	Partition A -> DANCA -> SAMPLE	DANCA75	
Wizoo	Powered DX	Partition A -> DANCA -> SAMPLE	DANCA78	
Wizoo	Powered DX	Partition A -> DANCA -> SAMPLE	DANCA81	
Wizoo	Powered DX	Partition A -> DANCA -> SAMPLE	DANCA84	
Wizoo	Powered DX	Partition A -> DANCA -> SAMPLE	DANCA87	
Wizoo	Powered DX	Partition A -> DANCA -> SAMPLE	DANCA90	
Wizoo	Powered DX	Partition A -> DANCA -> SAMPLE	DANCA93	
Wizoo	Powered DX	Partition A -> DANCA -> SAMPLE	DANCA96	
Wizoo	Powered DX	Partition A -> DANCA -> SAMPLE	DANCB24	
Wizoo	Powered DX	Partition A -> DANCA -> SAMPLE	DANCB27	
Wizoo	Powered DX	Partition A -> DANCA -> SAMPLE	DANCB30	
Wizoo	Powered DX	Partition A -> DANCA -> SAMPLE	DANCB33	
Wizoo	Powered DX	Partition A -> DANCA -> SAMPLE	DANCB36	
Wizoo	Powered DX	Partition A -> DANCA -> SAMPLE	DANCB39	
Wizoo	Powered DX	Partition A -> DANCA -> SAMPLE	DANCB42	
Wizoo	Powered DX	Partition A -> DANCA -> SAMPLE	DANCB45	
Wizoo	Powered DX	Partition A -> DANCA -> SAMPLE	DANCB48	
Wizoo	Powered DX	Partition A -> DANCA -> SAMPLE	DANCB51	
Wizoo	Powered DX	Partition A -> DANCA -> SAMPLE	DANCB54	
Wizoo	Powered DX	Partition A -> DANCA -> SAMPLE	DANCB57	
Wizoo	Powered DX	Partition A -> DANCA -> SAMPLE	DANCB60	
Wizoo	Powered DX	Partition A -> DANCA -> SAMPLE	DANCB63	
Wizoo	Powered DX	Partition A -> DANCA -> SAMPLE	DANCB66	
Wizoo	Powered DX	Partition A -> DANCA -> SAMPLE	DANCB69	
Wizoo	Powered DX	Partition A -> DANCA -> SAMPLE	DANCB72	
Wizoo	Powered DX	Partition A -> DANCA -> SAMPLE	DANCB75	
Wizoo	Powered DX	Partition A -> DANCA -> SAMPLE	DANCB78	
Wizoo	Powered DX	Partition A -> DANCA -> SAMPLE	DANCB81	
Wizoo	Powered DX	Partition A -> DANCA -> SAMPLE	DANCB84	
Wizoo	Powered DX	Partition A -> DANCA -> SAMPLE	DANCB87	
Wizoo	Powered DX	Partition A -> DANCA -> SAMPLE	DANCB90	
Wizoo	Powered DX	Partition A -> DANCA -> SAMPLE	DANCB93	
Wizoo	Powered DX	Partition A -> DANCA -> SAMPLE	DANCB96	
Wizoo	Powered DX	Partition A -> DEMO -> PROGRAM	DEMO PART A	
Wizoo	Powered DX	Partition A -> DEMO -> PROGRAM	DEMO PART B	
Wizoo	Powered DX	Partition A -> DEMO -> PROGRAM	DEMO PART C	
Wizoo	Powered DX	Partition A -> DEMO -> PROGRAM	DEMO PART D	
Wizoo	Powered DX	Partition A -> DEMO -> PROGRAM	DEMO PART E	
Wizoo	Powered DX	Partition A -> DEMO -> PROGRAM	DEMO PART F	
Wizoo	Powered DX	Partition A -> DEMO -> PROGRAM	DEMO PART G	
Wizoo	Powered DX	Partition A -> DEMO -> PROGRAM	DEMO PRT H+I	
Wizoo	Powered DX	Partition A -> DEMO -> SAMPLE	AFTER8	
Wizoo	Powered DX	Partition A -> DEMO -> SAMPLE	BALLAD EP	
Wizoo	Powered DX	Partition A -> DEMO -> SAMPLE	BALLERINA	
Wizoo	Powered DX	Partition A -> DEMO -> SAMPLE	BOTTLEEDGE	
Wizoo	Powered DX	Partition A -> DEMO -> SAMPLE	BRONX	
Wizoo	Powered DX	Partition A -> DEMO -> SAMPLE	CLOUDZ	
Wizoo	Powered DX	Partition A -> DEMO -> SAMPLE	CMI ORGAN	
Wizoo	Powered DX	Partition A -> DEMO -> SAMPLE	CMI PIANO	
Wizoo	Powered DX	Partition A -> DEMO -> SAMPLE	DANCA	
Wizoo	Powered DX	Partition A -> DEMO -> SAMPLE	DIGIJAZZ	
Wizoo	Powered DX	Partition A -> DEMO -> SAMPLE	DIGITXL	
Wizoo	Powered DX	Partition A -> DEMO -> SAMPLE	DX HARP	
Wizoo	Powered DX	Partition A -> DEMO -> SAMPLE	DX PIANO	
Wizoo	Powered DX	Partition A -> DEMO -> SAMPLE	EXOTIQUES	
Wizoo	Powered DX	Partition A -> DEMO -> SAMPLE	FALSEWIRE	
Wizoo	Powered DX	Partition A -> DEMO -> SAMPLE	FATLEAD	
Wizoo	Powered DX	Partition A -> DEMO -> SAMPLE	FLANGEBAZ	
Wizoo	Powered DX	Partition A -> DEMO -> SAMPLE	FUNKFMCLAV	
Wizoo	Powered DX	Partition A -> DEMO -> SAMPLE	GATEGOODUP	
Wizoo	Powered DX	Partition A -> DEMO -> SAMPLE	GLAZZ	
Wizoo	Powered DX	Partition A -> DEMO -> SAMPLE	GLOSS EP	
Wizoo	Powered DX	Partition A -> DEMO -> SAMPLE	HIPHOPBASS	
Wizoo	Powered DX	Partition A -> DEMO -> SAMPLE	HIZZPIANO	
Wizoo	Powered DX	Partition A -> DEMO -> SAMPLE	HYPA	
Wizoo	Powered DX	Partition A -> DEMO -> SAMPLE	JACKARNOLD	
Wizoo	Powered DX	Partition A -> DEMO -> SAMPLE	JAZZNSPACE	
Wizoo	Powered DX	Partition A -> DEMO -> SAMPLE	MAXX	
Wizoo	Powered DX	Partition A -> DEMO -> SAMPLE	METALBAZZ	
Wizoo	Powered DX	Partition A -> DEMO -> SAMPLE	MINIBELLES	
Wizoo	Powered DX	Partition A -> DEMO -> SAMPLE	MONSTRUM	
Wizoo	Powered DX	Partition A -> DEMO -> SAMPLE	OLDFAITHFL	
Wizoo	Powered DX	Partition A -> DEMO -> SAMPLE	PICKIT	
Wizoo	Powered DX	Partition A -> DEMO -> SAMPLE	POLYMER	
Wizoo	Powered DX	Partition A -> DEMO -> SAMPLE	PROPAGANDA	
Wizoo	Powered DX	Partition A -> DEMO -> SAMPLE	PUNCHREEDS	
Wizoo	Powered DX	Partition A -> DEMO -> SAMPLE	RAINDROPS	
Wizoo	Powered DX	Partition A -> DEMO -> SAMPLE	SNAFU	
Wizoo	Powered DX	Partition A -> DEMO -> SAMPLE	SOULO	
Wizoo	Powered DX	Partition A -> DEMO -> SAMPLE	SPARKLES	
Wizoo	Powered DX	Partition A -> DEMO -> SAMPLE	STAGE EP	
Wizoo	Powered DX	Partition A -> DEMO -> SAMPLE	STEVIE WONDE	
Wizoo	Powered DX	Partition A -> DEMO -> SAMPLE	STRATOSPHERE	
Wizoo	Powered DX	Partition A -> DEMO -> SAMPLE	STRATOTRON	
Wizoo	Powered DX	Partition A -> DEMO -> SAMPLE	STRINGENT	
Wizoo	Powered DX	Partition A -> DEMO -> SAMPLE	STRYNGI	
Wizoo	Powered DX	Partition A -> DEMO -> SAMPLE	SUPRAVOIZZ	
Wizoo	Powered DX	Partition A -> DEMO -> SAMPLE	SYNBONE	
Wizoo	Powered DX	Partition A -> DEMO -> SAMPLE	TINESNPAD	
Wizoo	Powered DX	Partition A -> DEMO -> SAMPLE	TIPPI	
Wizoo	Powered DX	Partition A -> DEMO -> SAMPLE	ULTIMOOG	
Wizoo	Powered DX	Partition A -> DEMO -> SAMPLE	VECTORY	
Wizoo	Powered DX	Partition A -> DEMO -> SAMPLE	VIBAZ	
Wizoo	Powered DX	Partition A -> DEMO -> SAMPLE	VIRGINAL	
Wizoo	Powered DX	Partition A -> DEMO -> SAMPLE	WESTERN STYL	
Wizoo	Powered DX	Partition A -> DEMO -> SAMPLE	WET BASS	
Wizoo	Powered DX	Partition A -> DEMO -> SAMPLE	WETBARS	
Wizoo	Powered DX	Partition A -> DEMO -> SAMPLE	WISHUHERE	
Wizoo	Powered DX	Partition A -> DIGIJAZZ -> PROGRAM	DIGIJAZZ A	
Wizoo	Powered DX	Partition A -> DIGIJAZZ -> PROGRAM	DIGIJAZZ B	
Wizoo	Powered DX	Partition A -> DIGIJAZZ -> PROGRAM	DIGIPAD ST	
Wizoo	Powered DX	Partition A -> DIGIJAZZ -> SAMPLE	TINEA24	
Wizoo	Powered DX	Partition A -> DIGIJAZZ -> SAMPLE	TINEA27	
Wizoo	Powered DX	Partition A -> DIGIJAZZ -> SAMPLE	TINEA30	
Wizoo	Powered DX	Partition A -> DIGIJAZZ -> SAMPLE	TINEA33	
Wizoo	Powered DX	Partition A -> DIGIJAZZ -> SAMPLE	TINEA36	
Wizoo	Powered DX	Partition A -> DIGIJAZZ -> SAMPLE	TINEA39	
Wizoo	Powered DX	Partition A -> DIGIJAZZ -> SAMPLE	TINEA42	
Wizoo	Powered DX	Partition A -> DIGIJAZZ -> SAMPLE	TINEA45	
Wizoo	Powered DX	Partition A -> DIGIJAZZ -> SAMPLE	TINEA48	
Wizoo	Powered DX	Partition A -> DIGIJAZZ -> SAMPLE	TINEA51	
Wizoo	Powered DX	Partition A -> DIGIJAZZ -> SAMPLE	TINEA54	
Wizoo	Powered DX	Partition A -> DIGIJAZZ -> SAMPLE	TINEA57	
Wizoo	Powered DX	Partition A -> DIGIJAZZ -> SAMPLE	TINEA60	
Wizoo	Powered DX	Partition A -> DIGIJAZZ -> SAMPLE	TINEA63	
Wizoo	Powered DX	Partition A -> DIGIJAZZ -> SAMPLE	TINEA66	
Wizoo	Powered DX	Partition A -> DIGIJAZZ -> SAMPLE	TINEA69	
Wizoo	Powered DX	Partition A -> DIGIJAZZ -> SAMPLE	TINEA72	
Wizoo	Powered DX	Partition A -> DIGIJAZZ -> SAMPLE	TINEA75	
Wizoo	Powered DX	Partition A -> DIGIJAZZ -> SAMPLE	TINEA78	
Wizoo	Powered DX	Partition A -> DIGIJAZZ -> SAMPLE	TINEA81	
Wizoo	Powered DX	Partition A -> DIGIJAZZ -> SAMPLE	TINEA84	
Wizoo	Powered DX	Partition A -> DIGIJAZZ -> SAMPLE	TINEA87	
Wizoo	Powered DX	Partition A -> DIGIJAZZ -> SAMPLE	TINEA90	
Wizoo	Powered DX	Partition A -> DIGIJAZZ -> SAMPLE	TINEA93	
Wizoo	Powered DX	Partition A -> DIGIJAZZ -> SAMPLE	TINEA96	
Wizoo	Powered DX	Partition A -> DIGIJAZZ -> SAMPLE	TINEB24	
Wizoo	Powered DX	Partition A -> DIGIJAZZ -> SAMPLE	TINEB27	
Wizoo	Powered DX	Partition A -> DIGIJAZZ -> SAMPLE	TINEB30	
Wizoo	Powered DX	Partition A -> DIGIJAZZ -> SAMPLE	TINEB33	
Wizoo	Powered DX	Partition A -> DIGIJAZZ -> SAMPLE	TINEB36	
Wizoo	Powered DX	Partition A -> DIGIJAZZ -> SAMPLE	TINEB39	
Wizoo	Powered DX	Partition A -> DIGIJAZZ -> SAMPLE	TINEB42	
Wizoo	Powered DX	Partition A -> DIGIJAZZ -> SAMPLE	TINEB45	
Wizoo	Powered DX	Partition A -> DIGIJAZZ -> SAMPLE	TINEB48	
Wizoo	Powered DX	Partition A -> DIGIJAZZ -> SAMPLE	TINEB51	
Wizoo	Powered DX	Partition A -> DIGIJAZZ -> SAMPLE	TINEB54	
Wizoo	Powered DX	Partition A -> DIGIJAZZ -> SAMPLE	TINEB57	
Wizoo	Powered DX	Partition A -> DIGIJAZZ -> SAMPLE	TINEB60	
Wizoo	Powered DX	Partition A -> DIGIJAZZ -> SAMPLE	TINEB63	
Wizoo	Powered DX	Partition A -> DIGIJAZZ -> SAMPLE	TINEB66	
Wizoo	Powered DX	Partition A -> DIGIJAZZ -> SAMPLE	TINEB69	
Wizoo	Powered DX	Partition A -> DIGIJAZZ -> SAMPLE	TINEB72	
Wizoo	Powered DX	Partition A -> DIGIJAZZ -> SAMPLE	TINEB75	
Wizoo	Powered DX	Partition A -> DIGIJAZZ -> SAMPLE	TINEB78	
Wizoo	Powered DX	Partition A -> DIGIJAZZ -> SAMPLE	TINEB81	
Wizoo	Powered DX	Partition A -> DIGIJAZZ -> SAMPLE	TINEB84	
Wizoo	Powered DX	Partition A -> DIGIJAZZ -> SAMPLE	TINEB87	
Wizoo	Powered DX	Partition A -> DIGIJAZZ -> SAMPLE	TINEB90	
Wizoo	Powered DX	Partition A -> DIGIJAZZ -> SAMPLE	TINEB93	
Wizoo	Powered DX	Partition A -> DIGIJAZZ -> SAMPLE	TINEB96	
Wizoo	Powered DX	Partition A -> SPARKLES -> PROGRAM	SPARKLES 12	
Wizoo	Powered DX	Partition A -> SPARKLES -> PROGRAM	SPARKLES A	
Wizoo	Powered DX	Partition A -> SPARKLES -> PROGRAM	SPARKLES B	
Wizoo	Powered DX	Partition A -> SPARKLES -> SAMPLE	SPARA36	
Wizoo	Powered DX	Partition A -> SPARKLES -> SAMPLE	SPARA39	
Wizoo	Powered DX	Partition A -> SPARKLES -> SAMPLE	SPARA42	
Wizoo	Powered DX	Partition A -> SPARKLES -> SAMPLE	SPARA45	
Wizoo	Powered DX	Partition A -> SPARKLES -> SAMPLE	SPARA48	
Wizoo	Powered DX	Partition A -> SPARKLES -> SAMPLE	SPARA51	
Wizoo	Powered DX	Partition A -> SPARKLES -> SAMPLE	SPARA54	
Wizoo	Powered DX	Partition A -> SPARKLES -> SAMPLE	SPARA57	
Wizoo	Powered DX	Partition A -> SPARKLES -> SAMPLE	SPARA60	
Wizoo	Powered DX	Partition A -> SPARKLES -> SAMPLE	SPARA63	
Wizoo	Powered DX	Partition A -> SPARKLES -> SAMPLE	SPARA66	
Wizoo	Powered DX	Partition A -> SPARKLES -> SAMPLE	SPARA69	
Wizoo	Powered DX	Partition A -> SPARKLES -> SAMPLE	SPARA72	
Wizoo	Powered DX	Partition A -> SPARKLES -> SAMPLE	SPARA75	
Wizoo	Powered DX	Partition A -> SPARKLES -> SAMPLE	SPARA78	
Wizoo	Powered DX	Partition A -> SPARKLES -> SAMPLE	SPARA81	
Wizoo	Powered DX	Partition A -> SPARKLES -> SAMPLE	SPARA84	
Wizoo	Powered DX	Partition A -> SPARKLES -> SAMPLE	SPARA87	
Wizoo	Powered DX	Partition A -> SPARKLES -> SAMPLE	SPARA90	
Wizoo	Powered DX	Partition A -> SPARKLES -> SAMPLE	SPARA93	
Wizoo	Powered DX	Partition A -> SPARKLES -> SAMPLE	SPARA96	
Wizoo	Powered DX	Partition A -> SPARKLES -> SAMPLE	SPARB36	
Wizoo	Powered DX	Partition A -> SPARKLES -> SAMPLE	SPARB39	
Wizoo	Powered DX	Partition A -> SPARKLES -> SAMPLE	SPARB42	
Wizoo	Powered DX	Partition A -> SPARKLES -> SAMPLE	SPARB45	
Wizoo	Powered DX	Partition A -> SPARKLES -> SAMPLE	SPARB48	
Wizoo	Powered DX	Partition A -> SPARKLES -> SAMPLE	SPARB51	
Wizoo	Powered DX	Partition A -> SPARKLES -> SAMPLE	SPARB54	
Wizoo	Powered DX	Partition A -> SPARKLES -> SAMPLE	SPARB57	
Wizoo	Powered DX	Partition A -> SPARKLES -> SAMPLE	SPARB60	
Wizoo	Powered DX	Partition A -> SPARKLES -> SAMPLE	SPARB63	
Wizoo	Powered DX	Partition A -> SPARKLES -> SAMPLE	SPARB66	
Wizoo	Powered DX	Partition A -> SPARKLES -> SAMPLE	SPARB69	
Wizoo	Powered DX	Partition A -> SPARKLES -> SAMPLE	SPARB72	
Wizoo	Powered DX	Partition A -> SPARKLES -> SAMPLE	SPARB75	
Wizoo	Powered DX	Partition A -> SPARKLES -> SAMPLE	SPARB78	
Wizoo	Powered DX	Partition A -> SPARKLES -> SAMPLE	SPARB81	
Wizoo	Powered DX	Partition A -> SPARKLES -> SAMPLE	SPARB84	
Wizoo	Powered DX	Partition A -> SPARKLES -> SAMPLE	SPARB87	
Wizoo	Powered DX	Partition A -> SPARKLES -> SAMPLE	SPARB90	
Wizoo	Powered DX	Partition A -> SPARKLES -> SAMPLE	SPARB93	
Wizoo	Powered DX	Partition A -> SPARKLES -> SAMPLE	SPARB96	
Wizoo	Powered DX	Partition A -> STRATOSPHERE -> PROGRAM	STRATO V12	
Wizoo	Powered DX	Partition A -> STRATOSPHERE -> PROGRAM	STRATOSPHERE	
Wizoo	Powered DX	Partition A -> STRATOSPHERE -> SAMPLE	STRAT24	
Wizoo	Powered DX	Partition A -> STRATOSPHERE -> SAMPLE	STRAT27	
Wizoo	Powered DX	Partition A -> STRATOSPHERE -> SAMPLE	STRAT30	
Wizoo	Powered DX	Partition A -> STRATOSPHERE -> SAMPLE	STRAT33	
Wizoo	Powered DX	Partition A -> STRATOSPHERE -> SAMPLE	STRAT36	
Wizoo	Powered DX	Partition A -> STRATOSPHERE -> SAMPLE	STRAT39	
Wizoo	Powered DX	Partition A -> STRATOSPHERE -> SAMPLE	STRAT42	
Wizoo	Powered DX	Partition A -> STRATOSPHERE -> SAMPLE	STRAT45	
Wizoo	Powered DX	Partition A -> STRATOSPHERE -> SAMPLE	STRAT48	
Wizoo	Powered DX	Partition A -> STRATOSPHERE -> SAMPLE	STRAT51	
Wizoo	Powered DX	Partition A -> STRATOSPHERE -> SAMPLE	STRAT54	
Wizoo	Powered DX	Partition A -> STRATOSPHERE -> SAMPLE	STRAT57	
Wizoo	Powered DX	Partition A -> STRATOSPHERE -> SAMPLE	STRAT60	
Wizoo	Powered DX	Partition A -> STRATOSPHERE -> SAMPLE	STRAT63	
Wizoo	Powered DX	Partition A -> STRATOSPHERE -> SAMPLE	STRAT66	
Wizoo	Powered DX	Partition A -> STRATOSPHERE -> SAMPLE	STRAT69	
Wizoo	Powered DX	Partition A -> STRATOSPHERE -> SAMPLE	STRAT72	
Wizoo	Powered DX	Partition A -> STRATOSPHERE -> SAMPLE	STRAT75	
Wizoo	Powered DX	Partition A -> STRATOSPHERE -> SAMPLE	STRAT78	
Wizoo	Powered DX	Partition A -> STRATOSPHERE -> SAMPLE	STRAT81	
Wizoo	Powered DX	Partition A -> STRATOSPHERE -> SAMPLE	STRAT84	
Wizoo	Powered DX	Partition A -> STRATOSPHERE -> SAMPLE	STRAT87	
Wizoo	Powered DX	Partition A -> STRATOSPHERE -> SAMPLE	STRAT90	
Wizoo	Powered DX	Partition A -> STRYNGI -> PROGRAM	STRYNGI   A	
Wizoo	Powered DX	Partition A -> STRYNGI -> PROGRAM	STRYNGI   B	
Wizoo	Powered DX	Partition A -> STRYNGI -> PROGRAM	STRYNGIPAD	
Wizoo	Powered DX	Partition A -> STRYNGI -> SAMPLE	STRIA24	
Wizoo	Powered DX	Partition A -> STRYNGI -> SAMPLE	STRIA27	
Wizoo	Powered DX	Partition A -> STRYNGI -> SAMPLE	STRIA30	
Wizoo	Powered DX	Partition A -> STRYNGI -> SAMPLE	STRIA33	
Wizoo	Powered DX	Partition A -> STRYNGI -> SAMPLE	STRIA36	
Wizoo	Powered DX	Partition A -> STRYNGI -> SAMPLE	STRIA39	
Wizoo	Powered DX	Partition A -> STRYNGI -> SAMPLE	STRIA42	
Wizoo	Powered DX	Partition A -> STRYNGI -> SAMPLE	STRIA45	
Wizoo	Powered DX	Partition A -> STRYNGI -> SAMPLE	STRIA48	
Wizoo	Powered DX	Partition A -> STRYNGI -> SAMPLE	STRIA51	
Wizoo	Powered DX	Partition A -> STRYNGI -> SAMPLE	STRIA54	
Wizoo	Powered DX	Partition A -> STRYNGI -> SAMPLE	STRIA57	
Wizoo	Powered DX	Partition A -> STRYNGI -> SAMPLE	STRIA60	
Wizoo	Powered DX	Partition A -> STRYNGI -> SAMPLE	STRIA63	
Wizoo	Powered DX	Partition A -> STRYNGI -> SAMPLE	STRIA66	
Wizoo	Powered DX	Partition A -> STRYNGI -> SAMPLE	STRIA69	
Wizoo	Powered DX	Partition A -> STRYNGI -> SAMPLE	STRIA72	
Wizoo	Powered DX	Partition A -> STRYNGI -> SAMPLE	STRIA75	
Wizoo	Powered DX	Partition A -> STRYNGI -> SAMPLE	STRIA78	
Wizoo	Powered DX	Partition A -> STRYNGI -> SAMPLE	STRIA81	
Wizoo	Powered DX	Partition A -> STRYNGI -> SAMPLE	STRIA84	
Wizoo	Powered DX	Partition A -> STRYNGI -> SAMPLE	STRIA87	
Wizoo	Powered DX	Partition A -> STRYNGI -> SAMPLE	STRIA90	
Wizoo	Powered DX	Partition A -> STRYNGI -> SAMPLE	STRIA93	
Wizoo	Powered DX	Partition A -> STRYNGI -> SAMPLE	STRIA96	
Wizoo	Powered DX	Partition A -> STRYNGI -> SAMPLE	STRIB24	
Wizoo	Powered DX	Partition A -> STRYNGI -> SAMPLE	STRIB27	
Wizoo	Powered DX	Partition A -> STRYNGI -> SAMPLE	STRIB30	
Wizoo	Powered DX	Partition A -> STRYNGI -> SAMPLE	STRIB33	
Wizoo	Powered DX	Partition A -> STRYNGI -> SAMPLE	STRIB36	
Wizoo	Powered DX	Partition A -> STRYNGI -> SAMPLE	STRIB39	
Wizoo	Powered DX	Partition A -> STRYNGI -> SAMPLE	STRIB42	
Wizoo	Powered DX	Partition A -> STRYNGI -> SAMPLE	STRIB45	
Wizoo	Powered DX	Partition A -> STRYNGI -> SAMPLE	STRIB48	
Wizoo	Powered DX	Partition A -> STRYNGI -> SAMPLE	STRIB51	
Wizoo	Powered DX	Partition A -> STRYNGI -> SAMPLE	STRIB54	
Wizoo	Powered DX	Partition A -> STRYNGI -> SAMPLE	STRIB57	
Wizoo	Powered DX	Partition A -> STRYNGI -> SAMPLE	STRIB60	
Wizoo	Powered DX	Partition A -> STRYNGI -> SAMPLE	STRIB63	
Wizoo	Powered DX	Partition A -> STRYNGI -> SAMPLE	STRIB66	
Wizoo	Powered DX	Partition A -> STRYNGI -> SAMPLE	STRIB69	
Wizoo	Powered DX	Partition A -> STRYNGI -> SAMPLE	STRIB72	
Wizoo	Powered DX	Partition A -> STRYNGI -> SAMPLE	STRIB75	
Wizoo	Powered DX	Partition A -> STRYNGI -> SAMPLE	STRIB78	
Wizoo	Powered DX	Partition A -> STRYNGI -> SAMPLE	STRIB81	
Wizoo	Powered DX	Partition A -> STRYNGI -> SAMPLE	STRIB84	
Wizoo	Powered DX	Partition A -> STRYNGI -> SAMPLE	STRIB87	
Wizoo	Powered DX	Partition A -> STRYNGI -> SAMPLE	STRIB90	
Wizoo	Powered DX	Partition A -> STRYNGI -> SAMPLE	STRIB93	
Wizoo	Powered DX	Partition A -> STRYNGI -> SAMPLE	STRIB96	
Wizoo	Powered DX	Partition A -> SUPRAVOIZZ -> PROGRAM	SUPRACHOIR	
Wizoo	Powered DX	Partition A -> SUPRAVOIZZ -> PROGRAM	SUPRAVOIZZ A	
Wizoo	Powered DX	Partition A -> SUPRAVOIZZ -> PROGRAM	SUPRAVOIZZ B	
Wizoo	Powered DX	Partition A -> SUPRAVOIZZ -> SAMPLE	SUVOA36	
Wizoo	Powered DX	Partition A -> SUPRAVOIZZ -> SAMPLE	SUVOA39	
Wizoo	Powered DX	Partition A -> SUPRAVOIZZ -> SAMPLE	SUVOA42	
Wizoo	Powered DX	Partition A -> SUPRAVOIZZ -> SAMPLE	SUVOA45	
Wizoo	Powered DX	Partition A -> SUPRAVOIZZ -> SAMPLE	SUVOA48	
Wizoo	Powered DX	Partition A -> SUPRAVOIZZ -> SAMPLE	SUVOA51	
Wizoo	Powered DX	Partition A -> SUPRAVOIZZ -> SAMPLE	SUVOA54	
Wizoo	Powered DX	Partition A -> SUPRAVOIZZ -> SAMPLE	SUVOA57	
Wizoo	Powered DX	Partition A -> SUPRAVOIZZ -> SAMPLE	SUVOA60	
Wizoo	Powered DX	Partition A -> SUPRAVOIZZ -> SAMPLE	SUVOA63	
Wizoo	Powered DX	Partition A -> SUPRAVOIZZ -> SAMPLE	SUVOA66	
Wizoo	Powered DX	Partition A -> SUPRAVOIZZ -> SAMPLE	SUVOA69	
Wizoo	Powered DX	Partition A -> SUPRAVOIZZ -> SAMPLE	SUVOA72	
Wizoo	Powered DX	Partition A -> SUPRAVOIZZ -> SAMPLE	SUVOA75	
Wizoo	Powered DX	Partition A -> SUPRAVOIZZ -> SAMPLE	SUVOA78	
Wizoo	Powered DX	Partition A -> SUPRAVOIZZ -> SAMPLE	SUVOA81	
Wizoo	Powered DX	Partition A -> SUPRAVOIZZ -> SAMPLE	SUVOA84	
Wizoo	Powered DX	Partition A -> SUPRAVOIZZ -> SAMPLE	SUVOA87	
Wizoo	Powered DX	Partition A -> SUPRAVOIZZ -> SAMPLE	SUVOB36	
Wizoo	Powered DX	Partition A -> SUPRAVOIZZ -> SAMPLE	SUVOB39	
Wizoo	Powered DX	Partition A -> SUPRAVOIZZ -> SAMPLE	SUVOB42	
Wizoo	Powered DX	Partition A -> SUPRAVOIZZ -> SAMPLE	SUVOB45	
Wizoo	Powered DX	Partition A -> SUPRAVOIZZ -> SAMPLE	SUVOB48	
Wizoo	Powered DX	Partition A -> SUPRAVOIZZ -> SAMPLE	SUVOB51	
Wizoo	Powered DX	Partition A -> SUPRAVOIZZ -> SAMPLE	SUVOB54	
Wizoo	Powered DX	Partition A -> SUPRAVOIZZ -> SAMPLE	SUVOB57	
Wizoo	Powered DX	Partition A -> SUPRAVOIZZ -> SAMPLE	SUVOB60	
Wizoo	Powered DX	Partition A -> SUPRAVOIZZ -> SAMPLE	SUVOB63	
Wizoo	Powered DX	Partition A -> SUPRAVOIZZ -> SAMPLE	SUVOB66	
Wizoo	Powered DX	Partition A -> SUPRAVOIZZ -> SAMPLE	SUVOB69	
Wizoo	Powered DX	Partition A -> SUPRAVOIZZ -> SAMPLE	SUVOB72	
Wizoo	Powered DX	Partition A -> SUPRAVOIZZ -> SAMPLE	SUVOB75	
Wizoo	Powered DX	Partition A -> SUPRAVOIZZ -> SAMPLE	SUVOB78	
Wizoo	Powered DX	Partition A -> SUPRAVOIZZ -> SAMPLE	SUVOB81	
Wizoo	Powered DX	Partition A -> SUPRAVOIZZ -> SAMPLE	SUVOB84	
Wizoo	Powered DX	Partition A -> SUPRAVOIZZ -> SAMPLE	SUVOB87	
Wizoo	Powered DX	Partition A -> WET BASS -> PROGRAM	WET BASS	
Wizoo	Powered DX	Partition A -> WET BASS -> PROGRAM	WETNWILD BAS	
Wizoo	Powered DX	Partition A -> WET BASS -> SAMPLE	WBASS24	
Wizoo	Powered DX	Partition A -> WET BASS -> SAMPLE	WBASS27	
Wizoo	Powered DX	Partition A -> WET BASS -> SAMPLE	WBASS30	
Wizoo	Powered DX	Partition A -> WET BASS -> SAMPLE	WBASS33	
Wizoo	Powered DX	Partition A -> WET BASS -> SAMPLE	WBASS36	
Wizoo	Powered DX	Partition A -> WET BASS -> SAMPLE	WBASS39	
Wizoo	Powered DX	Partition A -> WET BASS -> SAMPLE	WBASS42	
Wizoo	Powered DX	Partition A -> WET BASS -> SAMPLE	WBASS45	
Wizoo	Powered DX	Partition A -> WET BASS -> SAMPLE	WBASS48	
Wizoo	Powered DX	Partition A -> WET BASS -> SAMPLE	WBASS51	
Wizoo	Powered DX	Partition A -> WET BASS -> SAMPLE	WBASS54	
Wizoo	Powered DX	Partition A -> WET BASS -> SAMPLE	WBASS57	
Wizoo	Powered DX	Partition A -> WET BASS -> SAMPLE	WBASS60	
Wizoo	Powered DX	Partition A -> WET BASS -> SAMPLE	WBASS63	
Wizoo	Powered DX	Partition A -> WET BASS -> SAMPLE	WBASS66	
Wizoo	Powered DX	Partition A -> WET BASS -> SAMPLE	WBASS69	
Wizoo	Powered DX	Partition A -> WET BASS -> SAMPLE	WBASS72	
Wizoo	Powered DX	Partition B -> BALLAD EP -> PROGRAM	BALLAD  A ST	
Wizoo	Powered DX	Partition B -> BALLAD EP -> PROGRAM	BALLAD  B ST	
Wizoo	Powered DX	Partition B -> BALLAD EP -> PROGRAM	BALLAD EP  A	
Wizoo	Powered DX	Partition B -> BALLAD EP -> PROGRAM	BALLAD EP  B	
Wizoo	Powered DX	Partition B -> BALLAD EP -> SAMPLE	RHADA24	
Wizoo	Powered DX	Partition B -> BALLAD EP -> SAMPLE	RHADA27	
Wizoo	Powered DX	Partition B -> BALLAD EP -> SAMPLE	RHADA30	
Wizoo	Powered DX	Partition B -> BALLAD EP -> SAMPLE	RHADA33	
Wizoo	Powered DX	Partition B -> BALLAD EP -> SAMPLE	RHADA36	
Wizoo	Powered DX	Partition B -> BALLAD EP -> SAMPLE	RHADA39	
Wizoo	Powered DX	Partition B -> BALLAD EP -> SAMPLE	RHADA42	
Wizoo	Powered DX	Partition B -> BALLAD EP -> SAMPLE	RHADA45	
Wizoo	Powered DX	Partition B -> BALLAD EP -> SAMPLE	RHADA48	
Wizoo	Powered DX	Partition B -> BALLAD EP -> SAMPLE	RHADA51	
Wizoo	Powered DX	Partition B -> BALLAD EP -> SAMPLE	RHADA54	
Wizoo	Powered DX	Partition B -> BALLAD EP -> SAMPLE	RHADA57	
Wizoo	Powered DX	Partition B -> BALLAD EP -> SAMPLE	RHADA60	
Wizoo	Powered DX	Partition B -> BALLAD EP -> SAMPLE	RHADA63	
Wizoo	Powered DX	Partition B -> BALLAD EP -> SAMPLE	RHADA66	
Wizoo	Powered DX	Partition B -> BALLAD EP -> SAMPLE	RHADA69	
Wizoo	Powered DX	Partition B -> BALLAD EP -> SAMPLE	RHADA72	
Wizoo	Powered DX	Partition B -> BALLAD EP -> SAMPLE	RHADA75	
Wizoo	Powered DX	Partition B -> BALLAD EP -> SAMPLE	RHADA78	
Wizoo	Powered DX	Partition B -> BALLAD EP -> SAMPLE	RHADA81	
Wizoo	Powered DX	Partition B -> BALLAD EP -> SAMPLE	RHADA84	
Wizoo	Powered DX	Partition B -> BALLAD EP -> SAMPLE	RHADA87	
Wizoo	Powered DX	Partition B -> BALLAD EP -> SAMPLE	RHADA90	
Wizoo	Powered DX	Partition B -> BALLAD EP -> SAMPLE	RHADA93	
Wizoo	Powered DX	Partition B -> BALLAD EP -> SAMPLE	RHADA96	
Wizoo	Powered DX	Partition B -> BALLAD EP -> SAMPLE	RHADB24	
Wizoo	Powered DX	Partition B -> BALLAD EP -> SAMPLE	RHADB27	
Wizoo	Powered DX	Partition B -> BALLAD EP -> SAMPLE	RHADB30	
Wizoo	Powered DX	Partition B -> BALLAD EP -> SAMPLE	RHADB33	
Wizoo	Powered DX	Partition B -> BALLAD EP -> SAMPLE	RHADB36	
Wizoo	Powered DX	Partition B -> BALLAD EP -> SAMPLE	RHADB39	
Wizoo	Powered DX	Partition B -> BALLAD EP -> SAMPLE	RHADB42	
Wizoo	Powered DX	Partition B -> BALLAD EP -> SAMPLE	RHADB45	
Wizoo	Powered DX	Partition B -> BALLAD EP -> SAMPLE	RHADB48	
Wizoo	Powered DX	Partition B -> BALLAD EP -> SAMPLE	RHADB51	
Wizoo	Powered DX	Partition B -> BALLAD EP -> SAMPLE	RHADB54	
Wizoo	Powered DX	Partition B -> BALLAD EP -> SAMPLE	RHADB57	
Wizoo	Powered DX	Partition B -> BALLAD EP -> SAMPLE	RHADB60	
Wizoo	Powered DX	Partition B -> BALLAD EP -> SAMPLE	RHADB63	
Wizoo	Powered DX	Partition B -> BALLAD EP -> SAMPLE	RHADB66	
Wizoo	Powered DX	Partition B -> BALLAD EP -> SAMPLE	RHADB69	
Wizoo	Powered DX	Partition B -> BALLAD EP -> SAMPLE	RHADB72	
Wizoo	Powered DX	Partition B -> BALLAD EP -> SAMPLE	RHADB75	
Wizoo	Powered DX	Partition B -> BALLAD EP -> SAMPLE	RHADB78	
Wizoo	Powered DX	Partition B -> BALLAD EP -> SAMPLE	RHADB81	
Wizoo	Powered DX	Partition B -> BALLAD EP -> SAMPLE	RHADB84	
Wizoo	Powered DX	Partition B -> BALLAD EP -> SAMPLE	RHADB87	
Wizoo	Powered DX	Partition B -> BALLAD EP -> SAMPLE	RHADB90	
Wizoo	Powered DX	Partition B -> BALLAD EP -> SAMPLE	RHADB93	
Wizoo	Powered DX	Partition B -> BALLAD EP -> SAMPLE	RHADB96	
Wizoo	Powered DX	Partition B -> DX PIANO -> PROGRAM	DX PIANO A	
Wizoo	Powered DX	Partition B -> DX PIANO -> PROGRAM	DX PIANO B	
Wizoo	Powered DX	Partition B -> DX PIANO -> PROGRAM	DX PIANO STA	
Wizoo	Powered DX	Partition B -> DX PIANO -> PROGRAM	DX PIANO STB	
Wizoo	Powered DX	Partition B -> DX PIANO -> SAMPLE	DXRHA24	
Wizoo	Powered DX	Partition B -> DX PIANO -> SAMPLE	DXRHA27	
Wizoo	Powered DX	Partition B -> DX PIANO -> SAMPLE	DXRHA30	
Wizoo	Powered DX	Partition B -> DX PIANO -> SAMPLE	DXRHA33	
Wizoo	Powered DX	Partition B -> DX PIANO -> SAMPLE	DXRHA36	
Wizoo	Powered DX	Partition B -> DX PIANO -> SAMPLE	DXRHA39	
Wizoo	Powered DX	Partition B -> DX PIANO -> SAMPLE	DXRHA42	
Wizoo	Powered DX	Partition B -> DX PIANO -> SAMPLE	DXRHA45	
Wizoo	Powered DX	Partition B -> DX PIANO -> SAMPLE	DXRHA48	
Wizoo	Powered DX	Partition B -> DX PIANO -> SAMPLE	DXRHA51	
Wizoo	Powered DX	Partition B -> DX PIANO -> SAMPLE	DXRHA54	
Wizoo	Powered DX	Partition B -> DX PIANO -> SAMPLE	DXRHA57	
Wizoo	Powered DX	Partition B -> DX PIANO -> SAMPLE	DXRHA60	
Wizoo	Powered DX	Partition B -> DX PIANO -> SAMPLE	DXRHA63	
Wizoo	Powered DX	Partition B -> DX PIANO -> SAMPLE	DXRHA66	
Wizoo	Powered DX	Partition B -> DX PIANO -> SAMPLE	DXRHA69	
Wizoo	Powered DX	Partition B -> DX PIANO -> SAMPLE	DXRHA72	
Wizoo	Powered DX	Partition B -> DX PIANO -> SAMPLE	DXRHA75	
Wizoo	Powered DX	Partition B -> DX PIANO -> SAMPLE	DXRHA78	
Wizoo	Powered DX	Partition B -> DX PIANO -> SAMPLE	DXRHA81	
Wizoo	Powered DX	Partition B -> DX PIANO -> SAMPLE	DXRHA84	
Wizoo	Powered DX	Partition B -> DX PIANO -> SAMPLE	DXRHA87	
Wizoo	Powered DX	Partition B -> DX PIANO -> SAMPLE	DXRHA90	
Wizoo	Powered DX	Partition B -> DX PIANO -> SAMPLE	DXRHA93	
Wizoo	Powered DX	Partition B -> DX PIANO -> SAMPLE	DXRHA96	
Wizoo	Powered DX	Partition B -> DX PIANO -> SAMPLE	DXRHB24	
Wizoo	Powered DX	Partition B -> DX PIANO -> SAMPLE	DXRHB27	
Wizoo	Powered DX	Partition B -> DX PIANO -> SAMPLE	DXRHB30	
Wizoo	Powered DX	Partition B -> DX PIANO -> SAMPLE	DXRHB33	
Wizoo	Powered DX	Partition B -> DX PIANO -> SAMPLE	DXRHB36	
Wizoo	Powered DX	Partition B -> DX PIANO -> SAMPLE	DXRHB39	
Wizoo	Powered DX	Partition B -> DX PIANO -> SAMPLE	DXRHB42	
Wizoo	Powered DX	Partition B -> DX PIANO -> SAMPLE	DXRHB45	
Wizoo	Powered DX	Partition B -> DX PIANO -> SAMPLE	DXRHB48	
Wizoo	Powered DX	Partition B -> DX PIANO -> SAMPLE	DXRHB51	
Wizoo	Powered DX	Partition B -> DX PIANO -> SAMPLE	DXRHB54	
Wizoo	Powered DX	Partition B -> DX PIANO -> SAMPLE	DXRHB57	
Wizoo	Powered DX	Partition B -> DX PIANO -> SAMPLE	DXRHB60	
Wizoo	Powered DX	Partition B -> DX PIANO -> SAMPLE	DXRHB63	
Wizoo	Powered DX	Partition B -> DX PIANO -> SAMPLE	DXRHB66	
Wizoo	Powered DX	Partition B -> DX PIANO -> SAMPLE	DXRHB69	
Wizoo	Powered DX	Partition B -> DX PIANO -> SAMPLE	DXRHB72	
Wizoo	Powered DX	Partition B -> DX PIANO -> SAMPLE	DXRHB75	
Wizoo	Powered DX	Partition B -> DX PIANO -> SAMPLE	DXRHB78	
Wizoo	Powered DX	Partition B -> DX PIANO -> SAMPLE	DXRHB81	
Wizoo	Powered DX	Partition B -> DX PIANO -> SAMPLE	DXRHB84	
Wizoo	Powered DX	Partition B -> DX PIANO -> SAMPLE	DXRHB87	
Wizoo	Powered DX	Partition B -> DX PIANO -> SAMPLE	DXRHB90	
Wizoo	Powered DX	Partition B -> DX PIANO -> SAMPLE	DXRHB93	
Wizoo	Powered DX	Partition B -> DX PIANO -> SAMPLE	DXRHB96	
Wizoo	Powered DX	Partition B -> FLANGEBAZ -> PROGRAM	FLANGEBAZ A	
Wizoo	Powered DX	Partition B -> FLANGEBAZ -> PROGRAM	FLANGEBAZ B	
Wizoo	Powered DX	Partition B -> FLANGEBAZ -> PROGRAM	FLANGEHARP	
Wizoo	Powered DX	Partition B -> FLANGEBAZ -> SAMPLE	FLBAA36	
Wizoo	Powered DX	Partition B -> FLANGEBAZ -> SAMPLE	FLBAA39	
Wizoo	Powered DX	Partition B -> FLANGEBAZ -> SAMPLE	FLBAA42	
Wizoo	Powered DX	Partition B -> FLANGEBAZ -> SAMPLE	FLBAA45	
Wizoo	Powered DX	Partition B -> FLANGEBAZ -> SAMPLE	FLBAA48	
Wizoo	Powered DX	Partition B -> FLANGEBAZ -> SAMPLE	FLBAA51	
Wizoo	Powered DX	Partition B -> FLANGEBAZ -> SAMPLE	FLBAA54	
Wizoo	Powered DX	Partition B -> FLANGEBAZ -> SAMPLE	FLBAA57	
Wizoo	Powered DX	Partition B -> FLANGEBAZ -> SAMPLE	FLBAA60	
Wizoo	Powered DX	Partition B -> FLANGEBAZ -> SAMPLE	FLBAA63	
Wizoo	Powered DX	Partition B -> FLANGEBAZ -> SAMPLE	FLBAA66	
Wizoo	Powered DX	Partition B -> FLANGEBAZ -> SAMPLE	FLBAB36	
Wizoo	Powered DX	Partition B -> FLANGEBAZ -> SAMPLE	FLBAB39	
Wizoo	Powered DX	Partition B -> FLANGEBAZ -> SAMPLE	FLBAB42	
Wizoo	Powered DX	Partition B -> FLANGEBAZ -> SAMPLE	FLBAB45	
Wizoo	Powered DX	Partition B -> FLANGEBAZ -> SAMPLE	FLBAB48	
Wizoo	Powered DX	Partition B -> FLANGEBAZ -> SAMPLE	FLBAB51	
Wizoo	Powered DX	Partition B -> FLANGEBAZ -> SAMPLE	FLBAB54	
Wizoo	Powered DX	Partition B -> FLANGEBAZ -> SAMPLE	FLBAB57	
Wizoo	Powered DX	Partition B -> FLANGEBAZ -> SAMPLE	FLBAB60	
Wizoo	Powered DX	Partition B -> FLANGEBAZ -> SAMPLE	FLBAB63	
Wizoo	Powered DX	Partition B -> FLANGEBAZ -> SAMPLE	FLBAB66	
Wizoo	Powered DX	Partition B -> GLOSS EP -> PROGRAM	GLOSS EP A	
Wizoo	Powered DX	Partition B -> GLOSS EP -> PROGRAM	GLOSS EP A-L	
Wizoo	Powered DX	Partition B -> GLOSS EP -> PROGRAM	GLOSS EP A-R	
Wizoo	Powered DX	Partition B -> GLOSS EP -> PROGRAM	GLOSS EP B	
Wizoo	Powered DX	Partition B -> GLOSS EP -> PROGRAM	GLOSS EP BST	
Wizoo	Powered DX	Partition B -> GLOSS EP -> SAMPLE	GLOSA24	
Wizoo	Powered DX	Partition B -> GLOSS EP -> SAMPLE	GLOSA27	
Wizoo	Powered DX	Partition B -> GLOSS EP -> SAMPLE	GLOSA30	
Wizoo	Powered DX	Partition B -> GLOSS EP -> SAMPLE	GLOSA33	
Wizoo	Powered DX	Partition B -> GLOSS EP -> SAMPLE	GLOSA36	
Wizoo	Powered DX	Partition B -> GLOSS EP -> SAMPLE	GLOSA39	
Wizoo	Powered DX	Partition B -> GLOSS EP -> SAMPLE	GLOSA42	
Wizoo	Powered DX	Partition B -> GLOSS EP -> SAMPLE	GLOSA45	
Wizoo	Powered DX	Partition B -> GLOSS EP -> SAMPLE	GLOSA48	
Wizoo	Powered DX	Partition B -> GLOSS EP -> SAMPLE	GLOSA51	
Wizoo	Powered DX	Partition B -> GLOSS EP -> SAMPLE	GLOSA54	
Wizoo	Powered DX	Partition B -> GLOSS EP -> SAMPLE	GLOSA57	
Wizoo	Powered DX	Partition B -> GLOSS EP -> SAMPLE	GLOSA60	
Wizoo	Powered DX	Partition B -> GLOSS EP -> SAMPLE	GLOSA63	
Wizoo	Powered DX	Partition B -> GLOSS EP -> SAMPLE	GLOSA66	
Wizoo	Powered DX	Partition B -> GLOSS EP -> SAMPLE	GLOSA69	
Wizoo	Powered DX	Partition B -> GLOSS EP -> SAMPLE	GLOSA72	
Wizoo	Powered DX	Partition B -> GLOSS EP -> SAMPLE	GLOSA75	
Wizoo	Powered DX	Partition B -> GLOSS EP -> SAMPLE	GLOSA78	
Wizoo	Powered DX	Partition B -> GLOSS EP -> SAMPLE	GLOSA81	
Wizoo	Powered DX	Partition B -> GLOSS EP -> SAMPLE	GLOSA84	
Wizoo	Powered DX	Partition B -> GLOSS EP -> SAMPLE	GLOSA87	
Wizoo	Powered DX	Partition B -> GLOSS EP -> SAMPLE	GLOSA90	
Wizoo	Powered DX	Partition B -> GLOSS EP -> SAMPLE	GLOSA93	
Wizoo	Powered DX	Partition B -> GLOSS EP -> SAMPLE	GLOSA96	
Wizoo	Powered DX	Partition B -> GLOSS EP -> SAMPLE	GLOSB24	
Wizoo	Powered DX	Partition B -> GLOSS EP -> SAMPLE	GLOSB27	
Wizoo	Powered DX	Partition B -> GLOSS EP -> SAMPLE	GLOSB30	
Wizoo	Powered DX	Partition B -> GLOSS EP -> SAMPLE	GLOSB33	
Wizoo	Powered DX	Partition B -> GLOSS EP -> SAMPLE	GLOSB36	
Wizoo	Powered DX	Partition B -> GLOSS EP -> SAMPLE	GLOSB39	
Wizoo	Powered DX	Partition B -> GLOSS EP -> SAMPLE	GLOSB42	
Wizoo	Powered DX	Partition B -> GLOSS EP -> SAMPLE	GLOSB45	
Wizoo	Powered DX	Partition B -> GLOSS EP -> SAMPLE	GLOSB48	
Wizoo	Powered DX	Partition B -> GLOSS EP -> SAMPLE	GLOSB51	
Wizoo	Powered DX	Partition B -> GLOSS EP -> SAMPLE	GLOSB54	
Wizoo	Powered DX	Partition B -> GLOSS EP -> SAMPLE	GLOSB57	
Wizoo	Powered DX	Partition B -> GLOSS EP -> SAMPLE	GLOSB60	
Wizoo	Powered DX	Partition B -> GLOSS EP -> SAMPLE	GLOSB63	
Wizoo	Powered DX	Partition B -> GLOSS EP -> SAMPLE	GLOSB66	
Wizoo	Powered DX	Partition B -> GLOSS EP -> SAMPLE	GLOSB69	
Wizoo	Powered DX	Partition B -> GLOSS EP -> SAMPLE	GLOSB72	
Wizoo	Powered DX	Partition B -> GLOSS EP -> SAMPLE	GLOSB75	
Wizoo	Powered DX	Partition B -> GLOSS EP -> SAMPLE	GLOSB78	
Wizoo	Powered DX	Partition B -> GLOSS EP -> SAMPLE	GLOSB81	
Wizoo	Powered DX	Partition B -> GLOSS EP -> SAMPLE	GLOSB84	
Wizoo	Powered DX	Partition B -> GLOSS EP -> SAMPLE	GLOSB87	
Wizoo	Powered DX	Partition B -> GLOSS EP -> SAMPLE	GLOSB90	
Wizoo	Powered DX	Partition B -> GLOSS EP -> SAMPLE	GLOSB93	
Wizoo	Powered DX	Partition B -> GLOSS EP -> SAMPLE	GLOSB96	
Wizoo	Powered DX	Partition B -> HIPHOPBASS -> PROGRAM	HHB DRONE	
Wizoo	Powered DX	Partition B -> HIPHOPBASS -> PROGRAM	HHBASS OCT	
Wizoo	Powered DX	Partition B -> HIPHOPBASS -> PROGRAM	HIPHOPBASS	
Wizoo	Powered DX	Partition B -> HIPHOPBASS -> SAMPLE	HOBA36	
Wizoo	Powered DX	Partition B -> HIPHOPBASS -> SAMPLE	HOBA39	
Wizoo	Powered DX	Partition B -> HIPHOPBASS -> SAMPLE	HOBA42	
Wizoo	Powered DX	Partition B -> HIPHOPBASS -> SAMPLE	HOBA45	
Wizoo	Powered DX	Partition B -> HIPHOPBASS -> SAMPLE	HOBA48	
Wizoo	Powered DX	Partition B -> HIPHOPBASS -> SAMPLE	HOBA51	
Wizoo	Powered DX	Partition B -> HIPHOPBASS -> SAMPLE	HOBA54	
Wizoo	Powered DX	Partition B -> HIPHOPBASS -> SAMPLE	HOBA57	
Wizoo	Powered DX	Partition B -> HIPHOPBASS -> SAMPLE	HOBA60	
Wizoo	Powered DX	Partition B -> HIPHOPBASS -> SAMPLE	HOBA63	
Wizoo	Powered DX	Partition B -> HIPHOPBASS -> SAMPLE	HOBA66	
Wizoo	Powered DX	Partition B -> HIPHOPBASS -> SAMPLE	HOBA69	
Wizoo	Powered DX	Partition B -> HIPHOPBASS -> SAMPLE	HOBA72	
Wizoo	Powered DX	Partition B -> JAZZNSPACE -> PROGRAM	JAZZNBAZZ	
Wizoo	Powered DX	Partition B -> JAZZNSPACE -> PROGRAM	JAZZNSPACE A	
Wizoo	Powered DX	Partition B -> JAZZNSPACE -> PROGRAM	JAZZNSPACE B	
Wizoo	Powered DX	Partition B -> JAZZNSPACE -> SAMPLE	JASPA24	
Wizoo	Powered DX	Partition B -> JAZZNSPACE -> SAMPLE	JASPA27	
Wizoo	Powered DX	Partition B -> JAZZNSPACE -> SAMPLE	JASPA30	
Wizoo	Powered DX	Partition B -> JAZZNSPACE -> SAMPLE	JASPA33	
Wizoo	Powered DX	Partition B -> JAZZNSPACE -> SAMPLE	JASPA36	
Wizoo	Powered DX	Partition B -> JAZZNSPACE -> SAMPLE	JASPA39	
Wizoo	Powered DX	Partition B -> JAZZNSPACE -> SAMPLE	JASPA42	
Wizoo	Powered DX	Partition B -> JAZZNSPACE -> SAMPLE	JASPA45	
Wizoo	Powered DX	Partition B -> JAZZNSPACE -> SAMPLE	JASPA48	
Wizoo	Powered DX	Partition B -> JAZZNSPACE -> SAMPLE	JASPA51	
Wizoo	Powered DX	Partition B -> JAZZNSPACE -> SAMPLE	JASPA54	
Wizoo	Powered DX	Partition B -> JAZZNSPACE -> SAMPLE	JASPA57	
Wizoo	Powered DX	Partition B -> JAZZNSPACE -> SAMPLE	JASPA60	
Wizoo	Powered DX	Partition B -> JAZZNSPACE -> SAMPLE	JASPA63	
Wizoo	Powered DX	Partition B -> JAZZNSPACE -> SAMPLE	JASPA66	
Wizoo	Powered DX	Partition B -> JAZZNSPACE -> SAMPLE	JASPA69	
Wizoo	Powered DX	Partition B -> JAZZNSPACE -> SAMPLE	JASPA72	
Wizoo	Powered DX	Partition B -> JAZZNSPACE -> SAMPLE	JASPA75	
Wizoo	Powered DX	Partition B -> JAZZNSPACE -> SAMPLE	JASPA78	
Wizoo	Powered DX	Partition B -> JAZZNSPACE -> SAMPLE	JASPA81	
Wizoo	Powered DX	Partition B -> JAZZNSPACE -> SAMPLE	JASPA84	
Wizoo	Powered DX	Partition B -> JAZZNSPACE -> SAMPLE	JASPA87	
Wizoo	Powered DX	Partition B -> JAZZNSPACE -> SAMPLE	JASPA90	
Wizoo	Powered DX	Partition B -> JAZZNSPACE -> SAMPLE	JASPA93	
Wizoo	Powered DX	Partition B -> JAZZNSPACE -> SAMPLE	JASPA96	
Wizoo	Powered DX	Partition B -> JAZZNSPACE -> SAMPLE	JASPB24	
Wizoo	Powered DX	Partition B -> JAZZNSPACE -> SAMPLE	JASPB27	
Wizoo	Powered DX	Partition B -> JAZZNSPACE -> SAMPLE	JASPB30	
Wizoo	Powered DX	Partition B -> JAZZNSPACE -> SAMPLE	JASPB33	
Wizoo	Powered DX	Partition B -> JAZZNSPACE -> SAMPLE	JASPB36	
Wizoo	Powered DX	Partition B -> JAZZNSPACE -> SAMPLE	JASPB39	
Wizoo	Powered DX	Partition B -> JAZZNSPACE -> SAMPLE	JASPB42	
Wizoo	Powered DX	Partition B -> JAZZNSPACE -> SAMPLE	JASPB45	
Wizoo	Powered DX	Partition B -> JAZZNSPACE -> SAMPLE	JASPB48	
Wizoo	Powered DX	Partition B -> JAZZNSPACE -> SAMPLE	JASPB51	
Wizoo	Powered DX	Partition B -> JAZZNSPACE -> SAMPLE	JASPB54	
Wizoo	Powered DX	Partition B -> JAZZNSPACE -> SAMPLE	JASPB57	
Wizoo	Powered DX	Partition B -> JAZZNSPACE -> SAMPLE	JASPB60	
Wizoo	Powered DX	Partition B -> JAZZNSPACE -> SAMPLE	JASPB63	
Wizoo	Powered DX	Partition B -> JAZZNSPACE -> SAMPLE	JASPB66	
Wizoo	Powered DX	Partition B -> JAZZNSPACE -> SAMPLE	JASPB69	
Wizoo	Powered DX	Partition B -> JAZZNSPACE -> SAMPLE	JASPB72	
Wizoo	Powered DX	Partition B -> JAZZNSPACE -> SAMPLE	JASPB75	
Wizoo	Powered DX	Partition B -> JAZZNSPACE -> SAMPLE	JASPB78	
Wizoo	Powered DX	Partition B -> JAZZNSPACE -> SAMPLE	JASPB81	
Wizoo	Powered DX	Partition B -> JAZZNSPACE -> SAMPLE	JASPB84	
Wizoo	Powered DX	Partition B -> JAZZNSPACE -> SAMPLE	JASPB87	
Wizoo	Powered DX	Partition B -> JAZZNSPACE -> SAMPLE	JASPB90	
Wizoo	Powered DX	Partition B -> JAZZNSPACE -> SAMPLE	JASPB93	
Wizoo	Powered DX	Partition B -> JAZZNSPACE -> SAMPLE	JASPB96	
Wizoo	Powered DX	Partition B -> METAL BAZZ -> PROGRAM	METAL BAZZ A	
Wizoo	Powered DX	Partition B -> METAL BAZZ -> PROGRAM	METAL BAZZ B	
Wizoo	Powered DX	Partition B -> METAL BAZZ -> PROGRAM	METAL DRONE	
Wizoo	Powered DX	Partition B -> METAL BAZZ -> SAMPLE	METAA36	
Wizoo	Powered DX	Partition B -> METAL BAZZ -> SAMPLE	METAA39	
Wizoo	Powered DX	Partition B -> METAL BAZZ -> SAMPLE	METAA42	
Wizoo	Powered DX	Partition B -> METAL BAZZ -> SAMPLE	METAA45	
Wizoo	Powered DX	Partition B -> METAL BAZZ -> SAMPLE	METAA48	
Wizoo	Powered DX	Partition B -> METAL BAZZ -> SAMPLE	METAA51	
Wizoo	Powered DX	Partition B -> METAL BAZZ -> SAMPLE	METAA54	
Wizoo	Powered DX	Partition B -> METAL BAZZ -> SAMPLE	METAA57	
Wizoo	Powered DX	Partition B -> METAL BAZZ -> SAMPLE	METAA60	
Wizoo	Powered DX	Partition B -> METAL BAZZ -> SAMPLE	METAA63	
Wizoo	Powered DX	Partition B -> METAL BAZZ -> SAMPLE	METAA66	
Wizoo	Powered DX	Partition B -> METAL BAZZ -> SAMPLE	METAA69	
Wizoo	Powered DX	Partition B -> METAL BAZZ -> SAMPLE	METAA72	
Wizoo	Powered DX	Partition B -> METAL BAZZ -> SAMPLE	METAA75	
Wizoo	Powered DX	Partition B -> METAL BAZZ -> SAMPLE	METAA78	
Wizoo	Powered DX	Partition B -> METAL BAZZ -> SAMPLE	METAA81	
Wizoo	Powered DX	Partition B -> METAL BAZZ -> SAMPLE	METAA84	
Wizoo	Powered DX	Partition B -> METAL BAZZ -> SAMPLE	METAA87	
Wizoo	Powered DX	Partition B -> METAL BAZZ -> SAMPLE	METAA90	
Wizoo	Powered DX	Partition B -> METAL BAZZ -> SAMPLE	METAA93	
Wizoo	Powered DX	Partition B -> METAL BAZZ -> SAMPLE	METAA96	
Wizoo	Powered DX	Partition B -> METAL BAZZ -> SAMPLE	METAB36	
Wizoo	Powered DX	Partition B -> METAL BAZZ -> SAMPLE	METAB39	
Wizoo	Powered DX	Partition B -> METAL BAZZ -> SAMPLE	METAB42	
Wizoo	Powered DX	Partition B -> METAL BAZZ -> SAMPLE	METAB45	
Wizoo	Powered DX	Partition B -> METAL BAZZ -> SAMPLE	METAB48	
Wizoo	Powered DX	Partition B -> METAL BAZZ -> SAMPLE	METAB51	
Wizoo	Powered DX	Partition B -> METAL BAZZ -> SAMPLE	METAB54	
Wizoo	Powered DX	Partition B -> METAL BAZZ -> SAMPLE	METAB57	
Wizoo	Powered DX	Partition B -> METAL BAZZ -> SAMPLE	METAB60	
Wizoo	Powered DX	Partition B -> METAL BAZZ -> SAMPLE	METAB63	
Wizoo	Powered DX	Partition B -> METAL BAZZ -> SAMPLE	METAB66	
Wizoo	Powered DX	Partition B -> METAL BAZZ -> SAMPLE	METAB69	
Wizoo	Powered DX	Partition B -> METAL BAZZ -> SAMPLE	METAB72	
Wizoo	Powered DX	Partition B -> METAL BAZZ -> SAMPLE	METAB75	
Wizoo	Powered DX	Partition B -> METAL BAZZ -> SAMPLE	METAB78	
Wizoo	Powered DX	Partition B -> METAL BAZZ -> SAMPLE	METAB81	
Wizoo	Powered DX	Partition B -> METAL BAZZ -> SAMPLE	METAB84	
Wizoo	Powered DX	Partition B -> METAL BAZZ -> SAMPLE	METAB87	
Wizoo	Powered DX	Partition B -> METAL BAZZ -> SAMPLE	METAB90	
Wizoo	Powered DX	Partition B -> METAL BAZZ -> SAMPLE	METAB93	
Wizoo	Powered DX	Partition B -> METAL BAZZ -> SAMPLE	METAB96	
Wizoo	Powered DX	Partition B -> OLDFAITHFUL -> PROGRAM	OF PLUCK	
Wizoo	Powered DX	Partition B -> OLDFAITHFUL -> PROGRAM	OLDFAITHFUL	
Wizoo	Powered DX	Partition B -> OLDFAITHFUL -> SAMPLE	WEBA24	
Wizoo	Powered DX	Partition B -> OLDFAITHFUL -> SAMPLE	WEBA27	
Wizoo	Powered DX	Partition B -> OLDFAITHFUL -> SAMPLE	WEBA30	
Wizoo	Powered DX	Partition B -> OLDFAITHFUL -> SAMPLE	WEBA33	
Wizoo	Powered DX	Partition B -> OLDFAITHFUL -> SAMPLE	WEBA36	
Wizoo	Powered DX	Partition B -> OLDFAITHFUL -> SAMPLE	WEBA39	
Wizoo	Powered DX	Partition B -> OLDFAITHFUL -> SAMPLE	WEBA42	
Wizoo	Powered DX	Partition B -> OLDFAITHFUL -> SAMPLE	WEBA45	
Wizoo	Powered DX	Partition B -> OLDFAITHFUL -> SAMPLE	WEBA48	
Wizoo	Powered DX	Partition B -> OLDFAITHFUL -> SAMPLE	WEBA51	
Wizoo	Powered DX	Partition B -> OLDFAITHFUL -> SAMPLE	WEBA54	
Wizoo	Powered DX	Partition B -> OLDFAITHFUL -> SAMPLE	WEBA57	
Wizoo	Powered DX	Partition B -> OLDFAITHFUL -> SAMPLE	WEBA60	
Wizoo	Powered DX	Partition B -> OLDFAITHFUL -> SAMPLE	WEBA63	
Wizoo	Powered DX	Partition B -> OLDFAITHFUL -> SAMPLE	WEBA66	
Wizoo	Powered DX	Partition B -> PUNCHREEDS -> PROGRAM	PR CHORUS	
Wizoo	Powered DX	Partition B -> PUNCHREEDS -> PROGRAM	PUNCHREEDS	
Wizoo	Powered DX	Partition B -> PUNCHREEDS -> SAMPLE	PURE24	
Wizoo	Powered DX	Partition B -> PUNCHREEDS -> SAMPLE	PURE27	
Wizoo	Powered DX	Partition B -> PUNCHREEDS -> SAMPLE	PURE30	
Wizoo	Powered DX	Partition B -> PUNCHREEDS -> SAMPLE	PURE33	
Wizoo	Powered DX	Partition B -> PUNCHREEDS -> SAMPLE	PURE36	
Wizoo	Powered DX	Partition B -> PUNCHREEDS -> SAMPLE	PURE39	
Wizoo	Powered DX	Partition B -> PUNCHREEDS -> SAMPLE	PURE42	
Wizoo	Powered DX	Partition B -> PUNCHREEDS -> SAMPLE	PURE45	
Wizoo	Powered DX	Partition B -> PUNCHREEDS -> SAMPLE	PURE48	
Wizoo	Powered DX	Partition B -> PUNCHREEDS -> SAMPLE	PURE51	
Wizoo	Powered DX	Partition B -> PUNCHREEDS -> SAMPLE	PURE54	
Wizoo	Powered DX	Partition B -> PUNCHREEDS -> SAMPLE	PURE57	
Wizoo	Powered DX	Partition B -> PUNCHREEDS -> SAMPLE	PURE60	
Wizoo	Powered DX	Partition B -> PUNCHREEDS -> SAMPLE	PURE63	
Wizoo	Powered DX	Partition B -> PUNCHREEDS -> SAMPLE	PURE66	
Wizoo	Powered DX	Partition B -> PUNCHREEDS -> SAMPLE	PURE69	
Wizoo	Powered DX	Partition B -> PUNCHREEDS -> SAMPLE	PURE72	
Wizoo	Powered DX	Partition B -> PUNCHREEDS -> SAMPLE	PURE75	
Wizoo	Powered DX	Partition B -> PUNCHREEDS -> SAMPLE	PURE78	
Wizoo	Powered DX	Partition B -> PUNCHREEDS -> SAMPLE	PURE81	
Wizoo	Powered DX	Partition B -> PUNCHREEDS -> SAMPLE	PURE84	
Wizoo	Powered DX	Partition B -> PUNCHREEDS -> SAMPLE	PURE87	
Wizoo	Powered DX	Partition B -> PUNCHREEDS -> SAMPLE	PURE90	
Wizoo	Powered DX	Partition B -> PUNCHREEDS -> SAMPLE	PURE93	
Wizoo	Powered DX	Partition B -> PUNCHREEDS -> SAMPLE	PURE96	
Wizoo	Powered DX	Partition B -> STAGE EP -> PROGRAM	STAGE EP	
Wizoo	Powered DX	Partition B -> STAGE EP -> PROGRAM	STAGE EP ST	
Wizoo	Powered DX	Partition B -> STAGE EP -> SAMPLE	FEND24	
Wizoo	Powered DX	Partition B -> STAGE EP -> SAMPLE	FEND27	
Wizoo	Powered DX	Partition B -> STAGE EP -> SAMPLE	FEND30	
Wizoo	Powered DX	Partition B -> STAGE EP -> SAMPLE	FEND33	
Wizoo	Powered DX	Partition B -> STAGE EP -> SAMPLE	FEND36	
Wizoo	Powered DX	Partition B -> STAGE EP -> SAMPLE	FEND39	
Wizoo	Powered DX	Partition B -> STAGE EP -> SAMPLE	FEND42	
Wizoo	Powered DX	Partition B -> STAGE EP -> SAMPLE	FEND45	
Wizoo	Powered DX	Partition B -> STAGE EP -> SAMPLE	FEND48	
Wizoo	Powered DX	Partition B -> STAGE EP -> SAMPLE	FEND51	
Wizoo	Powered DX	Partition B -> STAGE EP -> SAMPLE	FEND54	
Wizoo	Powered DX	Partition B -> STAGE EP -> SAMPLE	FEND57	
Wizoo	Powered DX	Partition B -> STAGE EP -> SAMPLE	FEND60	
Wizoo	Powered DX	Partition B -> STAGE EP -> SAMPLE	FEND63	
Wizoo	Powered DX	Partition B -> STAGE EP -> SAMPLE	FEND66	
Wizoo	Powered DX	Partition B -> STAGE EP -> SAMPLE	FEND69	
Wizoo	Powered DX	Partition B -> STAGE EP -> SAMPLE	FEND72	
Wizoo	Powered DX	Partition B -> STAGE EP -> SAMPLE	FEND75	
Wizoo	Powered DX	Partition B -> STAGE EP -> SAMPLE	FEND78	
Wizoo	Powered DX	Partition B -> STAGE EP -> SAMPLE	FEND81	
Wizoo	Powered DX	Partition B -> STAGE EP -> SAMPLE	FEND84	
Wizoo	Powered DX	Partition B -> STAGE EP -> SAMPLE	FEND87	
Wizoo	Powered DX	Partition B -> STAGE EP -> SAMPLE	FEND90	
Wizoo	Powered DX	Partition B -> STAGE EP -> SAMPLE	FEND93	
Wizoo	Powered DX	Partition B -> STAGE EP -> SAMPLE	FEND96	
Wizoo	Powered DX	Partition B -> TINESNPAD -> PROGRAM	BIGPAD	
Wizoo	Powered DX	Partition B -> TINESNPAD -> PROGRAM	TINESNPAD A	
Wizoo	Powered DX	Partition B -> TINESNPAD -> PROGRAM	TINESNPAD B	
Wizoo	Powered DX	Partition B -> TINESNPAD -> SAMPLE	RHDEA24	
Wizoo	Powered DX	Partition B -> TINESNPAD -> SAMPLE	RHDEA27	
Wizoo	Powered DX	Partition B -> TINESNPAD -> SAMPLE	RHDEA30	
Wizoo	Powered DX	Partition B -> TINESNPAD -> SAMPLE	RHDEA33	
Wizoo	Powered DX	Partition B -> TINESNPAD -> SAMPLE	RHDEA36	
Wizoo	Powered DX	Partition B -> TINESNPAD -> SAMPLE	RHDEA39	
Wizoo	Powered DX	Partition B -> TINESNPAD -> SAMPLE	RHDEA42	
Wizoo	Powered DX	Partition B -> TINESNPAD -> SAMPLE	RHDEA45	
Wizoo	Powered DX	Partition B -> TINESNPAD -> SAMPLE	RHDEA48	
Wizoo	Powered DX	Partition B -> TINESNPAD -> SAMPLE	RHDEA51	
Wizoo	Powered DX	Partition B -> TINESNPAD -> SAMPLE	RHDEA54	
Wizoo	Powered DX	Partition B -> TINESNPAD -> SAMPLE	RHDEA57	
Wizoo	Powered DX	Partition B -> TINESNPAD -> SAMPLE	RHDEA60	
Wizoo	Powered DX	Partition B -> TINESNPAD -> SAMPLE	RHDEA63	
Wizoo	Powered DX	Partition B -> TINESNPAD -> SAMPLE	RHDEA66	
Wizoo	Powered DX	Partition B -> TINESNPAD -> SAMPLE	RHDEA69	
Wizoo	Powered DX	Partition B -> TINESNPAD -> SAMPLE	RHDEA72	
Wizoo	Powered DX	Partition B -> TINESNPAD -> SAMPLE	RHDEA75	
Wizoo	Powered DX	Partition B -> TINESNPAD -> SAMPLE	RHDEA78	
Wizoo	Powered DX	Partition B -> TINESNPAD -> SAMPLE	RHDEA81	
Wizoo	Powered DX	Partition B -> TINESNPAD -> SAMPLE	RHDEA84	
Wizoo	Powered DX	Partition B -> TINESNPAD -> SAMPLE	RHDEA87	
Wizoo	Powered DX	Partition B -> TINESNPAD -> SAMPLE	RHDEA90	
Wizoo	Powered DX	Partition B -> TINESNPAD -> SAMPLE	RHDEA93	
Wizoo	Powered DX	Partition B -> TINESNPAD -> SAMPLE	RHDEA96	
Wizoo	Powered DX	Partition B -> TINESNPAD -> SAMPLE	RHDEB24	
Wizoo	Powered DX	Partition B -> TINESNPAD -> SAMPLE	RHDEB27	
Wizoo	Powered DX	Partition B -> TINESNPAD -> SAMPLE	RHDEB30	
Wizoo	Powered DX	Partition B -> TINESNPAD -> SAMPLE	RHDEB33	
Wizoo	Powered DX	Partition B -> TINESNPAD -> SAMPLE	RHDEB36	
Wizoo	Powered DX	Partition B -> TINESNPAD -> SAMPLE	RHDEB39	
Wizoo	Powered DX	Partition B -> TINESNPAD -> SAMPLE	RHDEB42	
Wizoo	Powered DX	Partition B -> TINESNPAD -> SAMPLE	RHDEB45	
Wizoo	Powered DX	Partition B -> TINESNPAD -> SAMPLE	RHDEB48	
Wizoo	Powered DX	Partition B -> TINESNPAD -> SAMPLE	RHDEB51	
Wizoo	Powered DX	Partition B -> TINESNPAD -> SAMPLE	RHDEB54	
Wizoo	Powered DX	Partition B -> TINESNPAD -> SAMPLE	RHDEB57	
Wizoo	Powered DX	Partition B -> TINESNPAD -> SAMPLE	RHDEB60	
Wizoo	Powered DX	Partition B -> TINESNPAD -> SAMPLE	RHDEB63	
Wizoo	Powered DX	Partition B -> TINESNPAD -> SAMPLE	RHDEB66	
Wizoo	Powered DX	Partition B -> TINESNPAD -> SAMPLE	RHDEB69	
Wizoo	Powered DX	Partition B -> TINESNPAD -> SAMPLE	RHDEB72	
Wizoo	Powered DX	Partition B -> TINESNPAD -> SAMPLE	RHDEB75	
Wizoo	Powered DX	Partition B -> TINESNPAD -> SAMPLE	RHDEB78	
Wizoo	Powered DX	Partition B -> TINESNPAD -> SAMPLE	RHDEB81	
Wizoo	Powered DX	Partition B -> TINESNPAD -> SAMPLE	RHDEB84	
Wizoo	Powered DX	Partition B -> TINESNPAD -> SAMPLE	RHDEB87	
Wizoo	Powered DX	Partition B -> TINESNPAD -> SAMPLE	RHDEB90	
Wizoo	Powered DX	Partition B -> TINESNPAD -> SAMPLE	RHDEB93	
Wizoo	Powered DX	Partition B -> TINESNPAD -> SAMPLE	RHDEB96	
Wizoo	Powered DX	Partition B -> ULTIMOOG -> PROGRAM	ULTIMOOG	
Wizoo	Powered DX	Partition B -> ULTIMOOG -> PROGRAM	ULTIMOOG ST	
Wizoo	Powered DX	Partition B -> ULTIMOOG -> SAMPLE	ULMO36	
Wizoo	Powered DX	Partition B -> ULTIMOOG -> SAMPLE	ULMO39	
Wizoo	Powered DX	Partition B -> ULTIMOOG -> SAMPLE	ULMO42	
Wizoo	Powered DX	Partition B -> ULTIMOOG -> SAMPLE	ULMO45	
Wizoo	Powered DX	Partition B -> ULTIMOOG -> SAMPLE	ULMO48	
Wizoo	Powered DX	Partition B -> ULTIMOOG -> SAMPLE	ULMO51	
Wizoo	Powered DX	Partition B -> ULTIMOOG -> SAMPLE	ULMO54	
Wizoo	Powered DX	Partition B -> ULTIMOOG -> SAMPLE	ULMO57	
Wizoo	Powered DX	Partition B -> ULTIMOOG -> SAMPLE	ULMO60	
Wizoo	Powered DX	Partition B -> ULTIMOOG -> SAMPLE	ULMO63	
Wizoo	Powered DX	Partition B -> ULTIMOOG -> SAMPLE	ULMO66	
Wizoo	Powered DX	Partition B -> ULTIMOOG -> SAMPLE	ULMO69	
Wizoo	Powered DX	Partition B -> ULTIMOOG -> SAMPLE	ULMO72	
Wizoo	Powered DX	Partition B -> ULTIMOOG -> SAMPLE	ULMO75	
Wizoo	Powered DX	Partition B -> ULTIMOOG -> SAMPLE	ULMO78	
Wizoo	Powered DX	Partition B -> ULTIMOOG -> SAMPLE	ULMO81	
Wizoo	Powered DX	Partition B -> ULTIMOOG -> SAMPLE	ULMO84	
Wizoo	Powered DX	Partition B -> ULTIMOOG -> SAMPLE	ULMO87	
Wizoo	Powered DX	Partition B -> ULTIMOOG -> SAMPLE	ULMO90	
Wizoo	Powered DX	Partition B -> ULTIMOOG -> SAMPLE	ULMO93	
Wizoo	Powered DX	Partition B -> ULTIMOOG -> SAMPLE	ULMO96	
Wizoo	Powered DX	Partition C -> AFTER 8 -> PROGRAM	A8 ORGAN	
Wizoo	Powered DX	Partition C -> AFTER 8 -> PROGRAM	AFTER 8	
Wizoo	Powered DX	Partition C -> AFTER 8 -> SAMPLE	AFTR36	
Wizoo	Powered DX	Partition C -> AFTER 8 -> SAMPLE	AFTR39	
Wizoo	Powered DX	Partition C -> AFTER 8 -> SAMPLE	AFTR42	
Wizoo	Powered DX	Partition C -> AFTER 8 -> SAMPLE	AFTR45	
Wizoo	Powered DX	Partition C -> AFTER 8 -> SAMPLE	AFTR48	
Wizoo	Powered DX	Partition C -> AFTER 8 -> SAMPLE	AFTR51	
Wizoo	Powered DX	Partition C -> AFTER 8 -> SAMPLE	AFTR54	
Wizoo	Powered DX	Partition C -> AFTER 8 -> SAMPLE	AFTR57	
Wizoo	Powered DX	Partition C -> AFTER 8 -> SAMPLE	AFTR60	
Wizoo	Powered DX	Partition C -> AFTER 8 -> SAMPLE	AFTR63	
Wizoo	Powered DX	Partition C -> AFTER 8 -> SAMPLE	AFTR66	
Wizoo	Powered DX	Partition C -> AFTER 8 -> SAMPLE	AFTR69	
Wizoo	Powered DX	Partition C -> AFTER 8 -> SAMPLE	AFTR72	
Wizoo	Powered DX	Partition C -> AFTER 8 -> SAMPLE	AFTR75	
Wizoo	Powered DX	Partition C -> AFTER 8 -> SAMPLE	AFTR78	
Wizoo	Powered DX	Partition C -> AFTER 8 -> SAMPLE	AFTR81	
Wizoo	Powered DX	Partition C -> AFTER 8 -> SAMPLE	AFTR84	
Wizoo	Powered DX	Partition C -> AFTER 8 -> SAMPLE	AFTR87	
Wizoo	Powered DX	Partition C -> AFTER 8 -> SAMPLE	AFTR90	
Wizoo	Powered DX	Partition C -> AFTER 8 -> SAMPLE	AFTR93	
Wizoo	Powered DX	Partition C -> AFTER 8 -> SAMPLE	AFTR96	
Wizoo	Powered DX	Partition C -> BALLERINA -> PROGRAM	BALL PAD	
Wizoo	Powered DX	Partition C -> BALLERINA -> PROGRAM	BALLERINA A	
Wizoo	Powered DX	Partition C -> BALLERINA -> PROGRAM	BALLERINA B	
Wizoo	Powered DX	Partition C -> BALLERINA -> SAMPLE	BALLA24	
Wizoo	Powered DX	Partition C -> BALLERINA -> SAMPLE	BALLA27	
Wizoo	Powered DX	Partition C -> BALLERINA -> SAMPLE	BALLA30	
Wizoo	Powered DX	Partition C -> BALLERINA -> SAMPLE	BALLA33	
Wizoo	Powered DX	Partition C -> BALLERINA -> SAMPLE	BALLA36	
Wizoo	Powered DX	Partition C -> BALLERINA -> SAMPLE	BALLA39	
Wizoo	Powered DX	Partition C -> BALLERINA -> SAMPLE	BALLA42	
Wizoo	Powered DX	Partition C -> BALLERINA -> SAMPLE	BALLA45	
Wizoo	Powered DX	Partition C -> BALLERINA -> SAMPLE	BALLA48	
Wizoo	Powered DX	Partition C -> BALLERINA -> SAMPLE	BALLA51	
Wizoo	Powered DX	Partition C -> BALLERINA -> SAMPLE	BALLA54	
Wizoo	Powered DX	Partition C -> BALLERINA -> SAMPLE	BALLA57	
Wizoo	Powered DX	Partition C -> BALLERINA -> SAMPLE	BALLA60	
Wizoo	Powered DX	Partition C -> BALLERINA -> SAMPLE	BALLA63	
Wizoo	Powered DX	Partition C -> BALLERINA -> SAMPLE	BALLA66	
Wizoo	Powered DX	Partition C -> BALLERINA -> SAMPLE	BALLA69	
Wizoo	Powered DX	Partition C -> BALLERINA -> SAMPLE	BALLA72	
Wizoo	Powered DX	Partition C -> BALLERINA -> SAMPLE	BALLA75	
Wizoo	Powered DX	Partition C -> BALLERINA -> SAMPLE	BALLA78	
Wizoo	Powered DX	Partition C -> BALLERINA -> SAMPLE	BALLA81	
Wizoo	Powered DX	Partition C -> BALLERINA -> SAMPLE	BALLA84	
Wizoo	Powered DX	Partition C -> BALLERINA -> SAMPLE	BALLA87	
Wizoo	Powered DX	Partition C -> BALLERINA -> SAMPLE	BALLA90	
Wizoo	Powered DX	Partition C -> BALLERINA -> SAMPLE	BALLA93	
Wizoo	Powered DX	Partition C -> BALLERINA -> SAMPLE	BALLA96	
Wizoo	Powered DX	Partition C -> BALLERINA -> SAMPLE	BALLB24	
Wizoo	Powered DX	Partition C -> BALLERINA -> SAMPLE	BALLB27	
Wizoo	Powered DX	Partition C -> BALLERINA -> SAMPLE	BALLB30	
Wizoo	Powered DX	Partition C -> BALLERINA -> SAMPLE	BALLB33	
Wizoo	Powered DX	Partition C -> BALLERINA -> SAMPLE	BALLB36	
Wizoo	Powered DX	Partition C -> BALLERINA -> SAMPLE	BALLB39	
Wizoo	Powered DX	Partition C -> BALLERINA -> SAMPLE	BALLB42	
Wizoo	Powered DX	Partition C -> BALLERINA -> SAMPLE	BALLB45	
Wizoo	Powered DX	Partition C -> BALLERINA -> SAMPLE	BALLB48	
Wizoo	Powered DX	Partition C -> BALLERINA -> SAMPLE	BALLB51	
Wizoo	Powered DX	Partition C -> BALLERINA -> SAMPLE	BALLB54	
Wizoo	Powered DX	Partition C -> BALLERINA -> SAMPLE	BALLB57	
Wizoo	Powered DX	Partition C -> BALLERINA -> SAMPLE	BALLB60	
Wizoo	Powered DX	Partition C -> BALLERINA -> SAMPLE	BALLB63	
Wizoo	Powered DX	Partition C -> BALLERINA -> SAMPLE	BALLB66	
Wizoo	Powered DX	Partition C -> BALLERINA -> SAMPLE	BALLB69	
Wizoo	Powered DX	Partition C -> BALLERINA -> SAMPLE	BALLB72	
Wizoo	Powered DX	Partition C -> BALLERINA -> SAMPLE	BALLB75	
Wizoo	Powered DX	Partition C -> BALLERINA -> SAMPLE	BALLB78	
Wizoo	Powered DX	Partition C -> BALLERINA -> SAMPLE	BALLB81	
Wizoo	Powered DX	Partition C -> BALLERINA -> SAMPLE	BALLB84	
Wizoo	Powered DX	Partition C -> BALLERINA -> SAMPLE	BALLB87	
Wizoo	Powered DX	Partition C -> BALLERINA -> SAMPLE	BALLB90	
Wizoo	Powered DX	Partition C -> BALLERINA -> SAMPLE	BALLB93	
Wizoo	Powered DX	Partition C -> BALLERINA -> SAMPLE	BALLB96	
Wizoo	Powered DX	Partition C -> DIGIT XL -> PROGRAM	DIGIT PERC	
Wizoo	Powered DX	Partition C -> DIGIT XL -> PROGRAM	DIGIT SOLO	
Wizoo	Powered DX	Partition C -> DIGIT XL -> PROGRAM	DIGIT XL A	
Wizoo	Powered DX	Partition C -> DIGIT XL -> PROGRAM	DIGIT XL B	
Wizoo	Powered DX	Partition C -> DIGIT XL -> SAMPLE	DIGI36	
Wizoo	Powered DX	Partition C -> DIGIT XL -> SAMPLE	DIGI39	
Wizoo	Powered DX	Partition C -> DIGIT XL -> SAMPLE	DIGI42	
Wizoo	Powered DX	Partition C -> DIGIT XL -> SAMPLE	DIGI45	
Wizoo	Powered DX	Partition C -> DIGIT XL -> SAMPLE	DIGI48	
Wizoo	Powered DX	Partition C -> DIGIT XL -> SAMPLE	DIGI51	
Wizoo	Powered DX	Partition C -> DIGIT XL -> SAMPLE	DIGI54	
Wizoo	Powered DX	Partition C -> DIGIT XL -> SAMPLE	DIGI57	
Wizoo	Powered DX	Partition C -> DIGIT XL -> SAMPLE	DIGI60	
Wizoo	Powered DX	Partition C -> DIGIT XL -> SAMPLE	DIGI63	
Wizoo	Powered DX	Partition C -> DIGIT XL -> SAMPLE	DIGI66	
Wizoo	Powered DX	Partition C -> DIGIT XL -> SAMPLE	DIGI69	
Wizoo	Powered DX	Partition C -> DIGIT XL -> SAMPLE	DIGI72	
Wizoo	Powered DX	Partition C -> DIGIT XL -> SAMPLE	DIGI75	
Wizoo	Powered DX	Partition C -> DIGIT XL -> SAMPLE	DIGI78	
Wizoo	Powered DX	Partition C -> DIGIT XL -> SAMPLE	DIGI81	
Wizoo	Powered DX	Partition C -> DIGIT XL -> SAMPLE	DIGI84	
Wizoo	Powered DX	Partition C -> DIGIT XL -> SAMPLE	DIGI87	
Wizoo	Powered DX	Partition C -> DIGIT XL -> SAMPLE	DIGI90	
Wizoo	Powered DX	Partition C -> DIGIT XL -> SAMPLE	DIGI93	
Wizoo	Powered DX	Partition C -> DIGIT XL -> SAMPLE	DIGI96	
Wizoo	Powered DX	Partition C -> DIGIT XL -> SAMPLE	DIGIA36	
Wizoo	Powered DX	Partition C -> DIGIT XL -> SAMPLE	DIGIA39	
Wizoo	Powered DX	Partition C -> DIGIT XL -> SAMPLE	DIGIA42	
Wizoo	Powered DX	Partition C -> DIGIT XL -> SAMPLE	DIGIA45	
Wizoo	Powered DX	Partition C -> DIGIT XL -> SAMPLE	DIGIA48	
Wizoo	Powered DX	Partition C -> DIGIT XL -> SAMPLE	DIGIA51	
Wizoo	Powered DX	Partition C -> DIGIT XL -> SAMPLE	DIGIA54	
Wizoo	Powered DX	Partition C -> DIGIT XL -> SAMPLE	DIGIA57	
Wizoo	Powered DX	Partition C -> DIGIT XL -> SAMPLE	DIGIA60	
Wizoo	Powered DX	Partition C -> DIGIT XL -> SAMPLE	DIGIA63	
Wizoo	Powered DX	Partition C -> DIGIT XL -> SAMPLE	DIGIA66	
Wizoo	Powered DX	Partition C -> DIGIT XL -> SAMPLE	DIGIA69	
Wizoo	Powered DX	Partition C -> DIGIT XL -> SAMPLE	DIGIA72	
Wizoo	Powered DX	Partition C -> DIGIT XL -> SAMPLE	DIGIA75	
Wizoo	Powered DX	Partition C -> DIGIT XL -> SAMPLE	DIGIA78	
Wizoo	Powered DX	Partition C -> DIGIT XL -> SAMPLE	DIGIA81	
Wizoo	Powered DX	Partition C -> DIGIT XL -> SAMPLE	DIGIA84	
Wizoo	Powered DX	Partition C -> DIGIT XL -> SAMPLE	DIGIA87	
Wizoo	Powered DX	Partition C -> DIGIT XL -> SAMPLE	DIGIA90	
Wizoo	Powered DX	Partition C -> DIGIT XL -> SAMPLE	DIGIA93	
Wizoo	Powered DX	Partition C -> DIGIT XL -> SAMPLE	DIGIA96	
Wizoo	Powered DX	Partition C -> DIGIT XL -> SAMPLE	DIGIB36	
Wizoo	Powered DX	Partition C -> DIGIT XL -> SAMPLE	DIGIB39	
Wizoo	Powered DX	Partition C -> DIGIT XL -> SAMPLE	DIGIB42	
Wizoo	Powered DX	Partition C -> DIGIT XL -> SAMPLE	DIGIB45	
Wizoo	Powered DX	Partition C -> DIGIT XL -> SAMPLE	DIGIB48	
Wizoo	Powered DX	Partition C -> DIGIT XL -> SAMPLE	DIGIB51	
Wizoo	Powered DX	Partition C -> DIGIT XL -> SAMPLE	DIGIB54	
Wizoo	Powered DX	Partition C -> DIGIT XL -> SAMPLE	DIGIB57	
Wizoo	Powered DX	Partition C -> DIGIT XL -> SAMPLE	DIGIB60	
Wizoo	Powered DX	Partition C -> DIGIT XL -> SAMPLE	DIGIB63	
Wizoo	Powered DX	Partition C -> DIGIT XL -> SAMPLE	DIGIB66	
Wizoo	Powered DX	Partition C -> DIGIT XL -> SAMPLE	DIGIB69	
Wizoo	Powered DX	Partition C -> DIGIT XL -> SAMPLE	DIGIB72	
Wizoo	Powered DX	Partition C -> DIGIT XL -> SAMPLE	DIGIB75	
Wizoo	Powered DX	Partition C -> DIGIT XL -> SAMPLE	DIGIB78	
Wizoo	Powered DX	Partition C -> DIGIT XL -> SAMPLE	DIGIB81	
Wizoo	Powered DX	Partition C -> DIGIT XL -> SAMPLE	DIGIB84	
Wizoo	Powered DX	Partition C -> DIGIT XL -> SAMPLE	DIGIB87	
Wizoo	Powered DX	Partition C -> DIGIT XL -> SAMPLE	DIGIB90	
Wizoo	Powered DX	Partition C -> DIGIT XL -> SAMPLE	DIGIB93	
Wizoo	Powered DX	Partition C -> DIGIT XL -> SAMPLE	DIGIB96	
Wizoo	Powered DX	Partition C -> FUNK FM CLAV -> PROGRAM	FC HEAVEN	
Wizoo	Powered DX	Partition C -> FUNK FM CLAV -> PROGRAM	FUNK FM CLAV	
Wizoo	Powered DX	Partition C -> FUNK FM CLAV -> SAMPLE	FCLAV24	
Wizoo	Powered DX	Partition C -> FUNK FM CLAV -> SAMPLE	FCLAV27	
Wizoo	Powered DX	Partition C -> FUNK FM CLAV -> SAMPLE	FCLAV30	
Wizoo	Powered DX	Partition C -> FUNK FM CLAV -> SAMPLE	FCLAV33	
Wizoo	Powered DX	Partition C -> FUNK FM CLAV -> SAMPLE	FCLAV36	
Wizoo	Powered DX	Partition C -> FUNK FM CLAV -> SAMPLE	FCLAV39	
Wizoo	Powered DX	Partition C -> FUNK FM CLAV -> SAMPLE	FCLAV42	
Wizoo	Powered DX	Partition C -> FUNK FM CLAV -> SAMPLE	FCLAV45	
Wizoo	Powered DX	Partition C -> FUNK FM CLAV -> SAMPLE	FCLAV48	
Wizoo	Powered DX	Partition C -> FUNK FM CLAV -> SAMPLE	FCLAV51	
Wizoo	Powered DX	Partition C -> FUNK FM CLAV -> SAMPLE	FCLAV54	
Wizoo	Powered DX	Partition C -> FUNK FM CLAV -> SAMPLE	FCLAV57	
Wizoo	Powered DX	Partition C -> FUNK FM CLAV -> SAMPLE	FCLAV60	
Wizoo	Powered DX	Partition C -> FUNK FM CLAV -> SAMPLE	FCLAV63	
Wizoo	Powered DX	Partition C -> FUNK FM CLAV -> SAMPLE	FCLAV66	
Wizoo	Powered DX	Partition C -> FUNK FM CLAV -> SAMPLE	FCLAV69	
Wizoo	Powered DX	Partition C -> FUNK FM CLAV -> SAMPLE	FCLAV72	
Wizoo	Powered DX	Partition C -> FUNK FM CLAV -> SAMPLE	FCLAV75	
Wizoo	Powered DX	Partition C -> FUNK FM CLAV -> SAMPLE	FCLAV78	
Wizoo	Powered DX	Partition C -> FUNK FM CLAV -> SAMPLE	FCLAV81	
Wizoo	Powered DX	Partition C -> FUNK FM CLAV -> SAMPLE	FCLAV84	
Wizoo	Powered DX	Partition C -> FUNK FM CLAV -> SAMPLE	FCLAV87	
Wizoo	Powered DX	Partition C -> FUNK FM CLAV -> SAMPLE	FCLAV90	
Wizoo	Powered DX	Partition C -> FUNK FM CLAV -> SAMPLE	FCLAV93	
Wizoo	Powered DX	Partition C -> FUNK FM CLAV -> SAMPLE	FCLAV96	
Wizoo	Powered DX	Partition C -> GLAZZ -> PROGRAM	GLAZZ  A	
Wizoo	Powered DX	Partition C -> GLAZZ -> PROGRAM	GLAZZ  B	
Wizoo	Powered DX	Partition C -> GLAZZ -> PROGRAM	GLAZZ  HARP	
Wizoo	Powered DX	Partition C -> GLAZZ -> SAMPLE	MENTA24	
Wizoo	Powered DX	Partition C -> GLAZZ -> SAMPLE	MENTA27	
Wizoo	Powered DX	Partition C -> GLAZZ -> SAMPLE	MENTA30	
Wizoo	Powered DX	Partition C -> GLAZZ -> SAMPLE	MENTA33	
Wizoo	Powered DX	Partition C -> GLAZZ -> SAMPLE	MENTA36	
Wizoo	Powered DX	Partition C -> GLAZZ -> SAMPLE	MENTA39	
Wizoo	Powered DX	Partition C -> GLAZZ -> SAMPLE	MENTA42	
Wizoo	Powered DX	Partition C -> GLAZZ -> SAMPLE	MENTA45	
Wizoo	Powered DX	Partition C -> GLAZZ -> SAMPLE	MENTA48	
Wizoo	Powered DX	Partition C -> GLAZZ -> SAMPLE	MENTA51	
Wizoo	Powered DX	Partition C -> GLAZZ -> SAMPLE	MENTA54	
Wizoo	Powered DX	Partition C -> GLAZZ -> SAMPLE	MENTA57	
Wizoo	Powered DX	Partition C -> GLAZZ -> SAMPLE	MENTA60	
Wizoo	Powered DX	Partition C -> GLAZZ -> SAMPLE	MENTA63	
Wizoo	Powered DX	Partition C -> GLAZZ -> SAMPLE	MENTA66	
Wizoo	Powered DX	Partition C -> GLAZZ -> SAMPLE	MENTA69	
Wizoo	Powered DX	Partition C -> GLAZZ -> SAMPLE	MENTA72	
Wizoo	Powered DX	Partition C -> GLAZZ -> SAMPLE	MENTA75	
Wizoo	Powered DX	Partition C -> GLAZZ -> SAMPLE	MENTA78	
Wizoo	Powered DX	Partition C -> GLAZZ -> SAMPLE	MENTA81	
Wizoo	Powered DX	Partition C -> GLAZZ -> SAMPLE	MENTA84	
Wizoo	Powered DX	Partition C -> GLAZZ -> SAMPLE	MENTA87	
Wizoo	Powered DX	Partition C -> GLAZZ -> SAMPLE	MENTA90	
Wizoo	Powered DX	Partition C -> GLAZZ -> SAMPLE	MENTA93	
Wizoo	Powered DX	Partition C -> GLAZZ -> SAMPLE	MENTA96	
Wizoo	Powered DX	Partition C -> GLAZZ -> SAMPLE	MENTB24	
Wizoo	Powered DX	Partition C -> GLAZZ -> SAMPLE	MENTB27	
Wizoo	Powered DX	Partition C -> GLAZZ -> SAMPLE	MENTB30	
Wizoo	Powered DX	Partition C -> GLAZZ -> SAMPLE	MENTB33	
Wizoo	Powered DX	Partition C -> GLAZZ -> SAMPLE	MENTB36	
Wizoo	Powered DX	Partition C -> GLAZZ -> SAMPLE	MENTB39	
Wizoo	Powered DX	Partition C -> GLAZZ -> SAMPLE	MENTB42	
Wizoo	Powered DX	Partition C -> GLAZZ -> SAMPLE	MENTB45	
Wizoo	Powered DX	Partition C -> GLAZZ -> SAMPLE	MENTB48	
Wizoo	Powered DX	Partition C -> GLAZZ -> SAMPLE	MENTB51	
Wizoo	Powered DX	Partition C -> GLAZZ -> SAMPLE	MENTB54	
Wizoo	Powered DX	Partition C -> GLAZZ -> SAMPLE	MENTB57	
Wizoo	Powered DX	Partition C -> GLAZZ -> SAMPLE	MENTB60	
Wizoo	Powered DX	Partition C -> GLAZZ -> SAMPLE	MENTB63	
Wizoo	Powered DX	Partition C -> GLAZZ -> SAMPLE	MENTB66	
Wizoo	Powered DX	Partition C -> GLAZZ -> SAMPLE	MENTB69	
Wizoo	Powered DX	Partition C -> GLAZZ -> SAMPLE	MENTB72	
Wizoo	Powered DX	Partition C -> GLAZZ -> SAMPLE	MENTB75	
Wizoo	Powered DX	Partition C -> GLAZZ -> SAMPLE	MENTB78	
Wizoo	Powered DX	Partition C -> GLAZZ -> SAMPLE	MENTB81	
Wizoo	Powered DX	Partition C -> GLAZZ -> SAMPLE	MENTB84	
Wizoo	Powered DX	Partition C -> GLAZZ -> SAMPLE	MENTB87	
Wizoo	Powered DX	Partition C -> GLAZZ -> SAMPLE	MENTB90	
Wizoo	Powered DX	Partition C -> GLAZZ -> SAMPLE	MENTB93	
Wizoo	Powered DX	Partition C -> GLAZZ -> SAMPLE	MENTB96	
Wizoo	Powered DX	Partition C -> HIZZPIANO -> PROGRAM	HIZZ SOFT	
Wizoo	Powered DX	Partition C -> HIZZPIANO -> PROGRAM	HIZZPIANO A	
Wizoo	Powered DX	Partition C -> HIZZPIANO -> PROGRAM	HIZZPIANO B	
Wizoo	Powered DX	Partition C -> HIZZPIANO -> SAMPLE	HIPIA24	
Wizoo	Powered DX	Partition C -> HIZZPIANO -> SAMPLE	HIPIA27	
Wizoo	Powered DX	Partition C -> HIZZPIANO -> SAMPLE	HIPIA30	
Wizoo	Powered DX	Partition C -> HIZZPIANO -> SAMPLE	HIPIA33	
Wizoo	Powered DX	Partition C -> HIZZPIANO -> SAMPLE	HIPIA36	
Wizoo	Powered DX	Partition C -> HIZZPIANO -> SAMPLE	HIPIA39	
Wizoo	Powered DX	Partition C -> HIZZPIANO -> SAMPLE	HIPIA42	
Wizoo	Powered DX	Partition C -> HIZZPIANO -> SAMPLE	HIPIA45	
Wizoo	Powered DX	Partition C -> HIZZPIANO -> SAMPLE	HIPIA48	
Wizoo	Powered DX	Partition C -> HIZZPIANO -> SAMPLE	HIPIA51	
Wizoo	Powered DX	Partition C -> HIZZPIANO -> SAMPLE	HIPIA54	
Wizoo	Powered DX	Partition C -> HIZZPIANO -> SAMPLE	HIPIA57	
Wizoo	Powered DX	Partition C -> HIZZPIANO -> SAMPLE	HIPIA60	
Wizoo	Powered DX	Partition C -> HIZZPIANO -> SAMPLE	HIPIA63	
Wizoo	Powered DX	Partition C -> HIZZPIANO -> SAMPLE	HIPIA66	
Wizoo	Powered DX	Partition C -> HIZZPIANO -> SAMPLE	HIPIA69	
Wizoo	Powered DX	Partition C -> HIZZPIANO -> SAMPLE	HIPIA72	
Wizoo	Powered DX	Partition C -> HIZZPIANO -> SAMPLE	HIPIA75	
Wizoo	Powered DX	Partition C -> HIZZPIANO -> SAMPLE	HIPIA78	
Wizoo	Powered DX	Partition C -> HIZZPIANO -> SAMPLE	HIPIA81	
Wizoo	Powered DX	Partition C -> HIZZPIANO -> SAMPLE	HIPIA84	
Wizoo	Powered DX	Partition C -> HIZZPIANO -> SAMPLE	HIPIA87	
Wizoo	Powered DX	Partition C -> HIZZPIANO -> SAMPLE	HIPIA90	
Wizoo	Powered DX	Partition C -> HIZZPIANO -> SAMPLE	HIPIA93	
Wizoo	Powered DX	Partition C -> HIZZPIANO -> SAMPLE	HIPIA96	
Wizoo	Powered DX	Partition C -> HIZZPIANO -> SAMPLE	HIPIB24	
Wizoo	Powered DX	Partition C -> HIZZPIANO -> SAMPLE	HIPIB27	
Wizoo	Powered DX	Partition C -> HIZZPIANO -> SAMPLE	HIPIB30	
Wizoo	Powered DX	Partition C -> HIZZPIANO -> SAMPLE	HIPIB33	
Wizoo	Powered DX	Partition C -> HIZZPIANO -> SAMPLE	HIPIB36	
Wizoo	Powered DX	Partition C -> HIZZPIANO -> SAMPLE	HIPIB39	
Wizoo	Powered DX	Partition C -> HIZZPIANO -> SAMPLE	HIPIB42	
Wizoo	Powered DX	Partition C -> HIZZPIANO -> SAMPLE	HIPIB45	
Wizoo	Powered DX	Partition C -> HIZZPIANO -> SAMPLE	HIPIB48	
Wizoo	Powered DX	Partition C -> HIZZPIANO -> SAMPLE	HIPIB51	
Wizoo	Powered DX	Partition C -> HIZZPIANO -> SAMPLE	HIPIB54	
Wizoo	Powered DX	Partition C -> HIZZPIANO -> SAMPLE	HIPIB57	
Wizoo	Powered DX	Partition C -> HIZZPIANO -> SAMPLE	HIPIB60	
Wizoo	Powered DX	Partition C -> HIZZPIANO -> SAMPLE	HIPIB63	
Wizoo	Powered DX	Partition C -> HIZZPIANO -> SAMPLE	HIPIB66	
Wizoo	Powered DX	Partition C -> HIZZPIANO -> SAMPLE	HIPIB69	
Wizoo	Powered DX	Partition C -> HIZZPIANO -> SAMPLE	HIPIB72	
Wizoo	Powered DX	Partition C -> HIZZPIANO -> SAMPLE	HIPIB75	
Wizoo	Powered DX	Partition C -> HIZZPIANO -> SAMPLE	HIPIB78	
Wizoo	Powered DX	Partition C -> HIZZPIANO -> SAMPLE	HIPIB81	
Wizoo	Powered DX	Partition C -> HIZZPIANO -> SAMPLE	HIPIB84	
Wizoo	Powered DX	Partition C -> HIZZPIANO -> SAMPLE	HIPIB87	
Wizoo	Powered DX	Partition C -> HIZZPIANO -> SAMPLE	HIPIB90	
Wizoo	Powered DX	Partition C -> HIZZPIANO -> SAMPLE	HIPIB93	
Wizoo	Powered DX	Partition C -> HIZZPIANO -> SAMPLE	HIPIB96	
Wizoo	Powered DX	Partition C -> HYPA -> PROGRAM	HYPA      A	
Wizoo	Powered DX	Partition C -> HYPA -> PROGRAM	HYPA      B	
Wizoo	Powered DX	Partition C -> HYPA -> PROGRAM	HYPA 12	
Wizoo	Powered DX	Partition C -> HYPA -> SAMPLE	HYPEA24	
Wizoo	Powered DX	Partition C -> HYPA -> SAMPLE	HYPEA27	
Wizoo	Powered DX	Partition C -> HYPA -> SAMPLE	HYPEA30	
Wizoo	Powered DX	Partition C -> HYPA -> SAMPLE	HYPEA33	
Wizoo	Powered DX	Partition C -> HYPA -> SAMPLE	HYPEA36	
Wizoo	Powered DX	Partition C -> HYPA -> SAMPLE	HYPEA39	
Wizoo	Powered DX	Partition C -> HYPA -> SAMPLE	HYPEA42	
Wizoo	Powered DX	Partition C -> HYPA -> SAMPLE	HYPEA45	
Wizoo	Powered DX	Partition C -> HYPA -> SAMPLE	HYPEA48	
Wizoo	Powered DX	Partition C -> HYPA -> SAMPLE	HYPEA51	
Wizoo	Powered DX	Partition C -> HYPA -> SAMPLE	HYPEA54	
Wizoo	Powered DX	Partition C -> HYPA -> SAMPLE	HYPEA57	
Wizoo	Powered DX	Partition C -> HYPA -> SAMPLE	HYPEA60	
Wizoo	Powered DX	Partition C -> HYPA -> SAMPLE	HYPEA63	
Wizoo	Powered DX	Partition C -> HYPA -> SAMPLE	HYPEA66	
Wizoo	Powered DX	Partition C -> HYPA -> SAMPLE	HYPEA69	
Wizoo	Powered DX	Partition C -> HYPA -> SAMPLE	HYPEA72	
Wizoo	Powered DX	Partition C -> HYPA -> SAMPLE	HYPEA75	
Wizoo	Powered DX	Partition C -> HYPA -> SAMPLE	HYPEA78	
Wizoo	Powered DX	Partition C -> HYPA -> SAMPLE	HYPEA81	
Wizoo	Powered DX	Partition C -> HYPA -> SAMPLE	HYPEA84	
Wizoo	Powered DX	Partition C -> HYPA -> SAMPLE	HYPEA87	
Wizoo	Powered DX	Partition C -> HYPA -> SAMPLE	HYPEA90	
Wizoo	Powered DX	Partition C -> HYPA -> SAMPLE	HYPEA93	
Wizoo	Powered DX	Partition C -> HYPA -> SAMPLE	HYPEA96	
Wizoo	Powered DX	Partition C -> HYPA -> SAMPLE	HYPEB24	
Wizoo	Powered DX	Partition C -> HYPA -> SAMPLE	HYPEB27	
Wizoo	Powered DX	Partition C -> HYPA -> SAMPLE	HYPEB30	
Wizoo	Powered DX	Partition C -> HYPA -> SAMPLE	HYPEB33	
Wizoo	Powered DX	Partition C -> HYPA -> SAMPLE	HYPEB36	
Wizoo	Powered DX	Partition C -> HYPA -> SAMPLE	HYPEB39	
Wizoo	Powered DX	Partition C -> HYPA -> SAMPLE	HYPEB42	
Wizoo	Powered DX	Partition C -> HYPA -> SAMPLE	HYPEB45	
Wizoo	Powered DX	Partition C -> HYPA -> SAMPLE	HYPEB48	
Wizoo	Powered DX	Partition C -> HYPA -> SAMPLE	HYPEB51	
Wizoo	Powered DX	Partition C -> HYPA -> SAMPLE	HYPEB54	
Wizoo	Powered DX	Partition C -> HYPA -> SAMPLE	HYPEB57	
Wizoo	Powered DX	Partition C -> HYPA -> SAMPLE	HYPEB60	
Wizoo	Powered DX	Partition C -> HYPA -> SAMPLE	HYPEB63	
Wizoo	Powered DX	Partition C -> HYPA -> SAMPLE	HYPEB66	
Wizoo	Powered DX	Partition C -> HYPA -> SAMPLE	HYPEB69	
Wizoo	Powered DX	Partition C -> HYPA -> SAMPLE	HYPEB72	
Wizoo	Powered DX	Partition C -> HYPA -> SAMPLE	HYPEB75	
Wizoo	Powered DX	Partition C -> HYPA -> SAMPLE	HYPEB78	
Wizoo	Powered DX	Partition C -> HYPA -> SAMPLE	HYPEB81	
Wizoo	Powered DX	Partition C -> HYPA -> SAMPLE	HYPEB84	
Wizoo	Powered DX	Partition C -> HYPA -> SAMPLE	HYPEB87	
Wizoo	Powered DX	Partition C -> HYPA -> SAMPLE	HYPEB90	
Wizoo	Powered DX	Partition C -> HYPA -> SAMPLE	HYPEB93	
Wizoo	Powered DX	Partition C -> HYPA -> SAMPLE	HYPEB96	
Wizoo	Powered DX	Partition C -> PICKIT -> PROGRAM	PICKIT	
Wizoo	Powered DX	Partition C -> PICKIT -> PROGRAM	PK ST REVERB	
Wizoo	Powered DX	Partition C -> PICKIT -> SAMPLE	FUSO24	
Wizoo	Powered DX	Partition C -> PICKIT -> SAMPLE	FUSO27	
Wizoo	Powered DX	Partition C -> PICKIT -> SAMPLE	FUSO30	
Wizoo	Powered DX	Partition C -> PICKIT -> SAMPLE	FUSO33	
Wizoo	Powered DX	Partition C -> PICKIT -> SAMPLE	FUSO36	
Wizoo	Powered DX	Partition C -> PICKIT -> SAMPLE	FUSO39	
Wizoo	Powered DX	Partition C -> PICKIT -> SAMPLE	FUSO42	
Wizoo	Powered DX	Partition C -> PICKIT -> SAMPLE	FUSO45	
Wizoo	Powered DX	Partition C -> PICKIT -> SAMPLE	FUSO48	
Wizoo	Powered DX	Partition C -> PICKIT -> SAMPLE	FUSO51	
Wizoo	Powered DX	Partition C -> PICKIT -> SAMPLE	FUSO54	
Wizoo	Powered DX	Partition C -> PICKIT -> SAMPLE	FUSO57	
Wizoo	Powered DX	Partition C -> PICKIT -> SAMPLE	FUSO60	
Wizoo	Powered DX	Partition C -> PICKIT -> SAMPLE	FUSO63	
Wizoo	Powered DX	Partition C -> PICKIT -> SAMPLE	FUSO66	
Wizoo	Powered DX	Partition C -> PICKIT -> SAMPLE	FUSO69	
Wizoo	Powered DX	Partition C -> PICKIT -> SAMPLE	FUSO72	
Wizoo	Powered DX	Partition C -> PICKIT -> SAMPLE	FUSO75	
Wizoo	Powered DX	Partition C -> PICKIT -> SAMPLE	FUSO78	
Wizoo	Powered DX	Partition C -> PICKIT -> SAMPLE	FUSO81	
Wizoo	Powered DX	Partition C -> PICKIT -> SAMPLE	FUSO84	
Wizoo	Powered DX	Partition C -> PICKIT -> SAMPLE	FUSO87	
Wizoo	Powered DX	Partition C -> PICKIT -> SAMPLE	FUSO90	
Wizoo	Powered DX	Partition C -> PICKIT -> SAMPLE	FUSO93	
Wizoo	Powered DX	Partition C -> PICKIT -> SAMPLE	FUSO96	
Wizoo	Powered DX	Partition C -> WESTERNSTYLE -> PROGRAM	WESTERNSTYLE	
Wizoo	Powered DX	Partition C -> WESTERNSTYLE -> PROGRAM	WS 12	
Wizoo	Powered DX	Partition C -> WESTERNSTYLE -> SAMPLE	STRVAR36	
Wizoo	Powered DX	Partition C -> WESTERNSTYLE -> SAMPLE	STRVAR39	
Wizoo	Powered DX	Partition C -> WESTERNSTYLE -> SAMPLE	STRVAR42	
Wizoo	Powered DX	Partition C -> WESTERNSTYLE -> SAMPLE	STRVAR45	
Wizoo	Powered DX	Partition C -> WESTERNSTYLE -> SAMPLE	STRVAR48	
Wizoo	Powered DX	Partition C -> WESTERNSTYLE -> SAMPLE	STRVAR51	
Wizoo	Powered DX	Partition C -> WESTERNSTYLE -> SAMPLE	STRVAR54	
Wizoo	Powered DX	Partition C -> WESTERNSTYLE -> SAMPLE	STRVAR57	
Wizoo	Powered DX	Partition C -> WESTERNSTYLE -> SAMPLE	STRVAR60	
Wizoo	Powered DX	Partition C -> WESTERNSTYLE -> SAMPLE	STRVAR63	
Wizoo	Powered DX	Partition C -> WESTERNSTYLE -> SAMPLE	STRVAR66	
Wizoo	Powered DX	Partition C -> WESTERNSTYLE -> SAMPLE	STRVAR69	
Wizoo	Powered DX	Partition C -> WESTERNSTYLE -> SAMPLE	STRVAR72	
Wizoo	Powered DX	Partition C -> WESTERNSTYLE -> SAMPLE	STRVAR75	
Wizoo	Powered DX	Partition C -> WESTERNSTYLE -> SAMPLE	STRVAR78	
Wizoo	Powered DX	Partition C -> WESTERNSTYLE -> SAMPLE	STRVAR81	
Wizoo	Powered DX	Partition C -> WESTERNSTYLE -> SAMPLE	STRVAR84	
Wizoo	Powered DX	Partition C -> WESTERNSTYLE -> SAMPLE	STRVAR87	
Wizoo	Powered DX	Partition C -> WESTERNSTYLE -> SAMPLE	STRVAR90	
Wizoo	Powered DX	Partition C -> WESTERNSTYLE -> SAMPLE	STRVAR93	
Wizoo	Powered DX	Partition D -> CMI ORGAN -> PROGRAM	CMI ORGAN A	
Wizoo	Powered DX	Partition D -> CMI ORGAN -> PROGRAM	CMI ORGAN B	
Wizoo	Powered DX	Partition D -> CMI ORGAN -> PROGRAM	CMI SPHERES	
Wizoo	Powered DX	Partition D -> CMI ORGAN -> SAMPLE	CMIOA24	
Wizoo	Powered DX	Partition D -> CMI ORGAN -> SAMPLE	CMIOA27	
Wizoo	Powered DX	Partition D -> CMI ORGAN -> SAMPLE	CMIOA30	
Wizoo	Powered DX	Partition D -> CMI ORGAN -> SAMPLE	CMIOA33	
Wizoo	Powered DX	Partition D -> CMI ORGAN -> SAMPLE	CMIOA36	
Wizoo	Powered DX	Partition D -> CMI ORGAN -> SAMPLE	CMIOA39	
Wizoo	Powered DX	Partition D -> CMI ORGAN -> SAMPLE	CMIOA42	
Wizoo	Powered DX	Partition D -> CMI ORGAN -> SAMPLE	CMIOA45	
Wizoo	Powered DX	Partition D -> CMI ORGAN -> SAMPLE	CMIOA48	
Wizoo	Powered DX	Partition D -> CMI ORGAN -> SAMPLE	CMIOA51	
Wizoo	Powered DX	Partition D -> CMI ORGAN -> SAMPLE	CMIOA54	
Wizoo	Powered DX	Partition D -> CMI ORGAN -> SAMPLE	CMIOA57	
Wizoo	Powered DX	Partition D -> CMI ORGAN -> SAMPLE	CMIOA60	
Wizoo	Powered DX	Partition D -> CMI ORGAN -> SAMPLE	CMIOA63	
Wizoo	Powered DX	Partition D -> CMI ORGAN -> SAMPLE	CMIOA66	
Wizoo	Powered DX	Partition D -> CMI ORGAN -> SAMPLE	CMIOA69	
Wizoo	Powered DX	Partition D -> CMI ORGAN -> SAMPLE	CMIOA72	
Wizoo	Powered DX	Partition D -> CMI ORGAN -> SAMPLE	CMIOA75	
Wizoo	Powered DX	Partition D -> CMI ORGAN -> SAMPLE	CMIOA78	
Wizoo	Powered DX	Partition D -> CMI ORGAN -> SAMPLE	CMIOA81	
Wizoo	Powered DX	Partition D -> CMI ORGAN -> SAMPLE	CMIOA84	
Wizoo	Powered DX	Partition D -> CMI ORGAN -> SAMPLE	CMIOA87	
Wizoo	Powered DX	Partition D -> CMI ORGAN -> SAMPLE	CMIOA90	
Wizoo	Powered DX	Partition D -> CMI ORGAN -> SAMPLE	CMIOA93	
Wizoo	Powered DX	Partition D -> CMI ORGAN -> SAMPLE	CMIOA96	
Wizoo	Powered DX	Partition D -> CMI ORGAN -> SAMPLE	CMIOB24	
Wizoo	Powered DX	Partition D -> CMI ORGAN -> SAMPLE	CMIOB27	
Wizoo	Powered DX	Partition D -> CMI ORGAN -> SAMPLE	CMIOB30	
Wizoo	Powered DX	Partition D -> CMI ORGAN -> SAMPLE	CMIOB33	
Wizoo	Powered DX	Partition D -> CMI ORGAN -> SAMPLE	CMIOB36	
Wizoo	Powered DX	Partition D -> CMI ORGAN -> SAMPLE	CMIOB39	
Wizoo	Powered DX	Partition D -> CMI ORGAN -> SAMPLE	CMIOB42	
Wizoo	Powered DX	Partition D -> CMI ORGAN -> SAMPLE	CMIOB45	
Wizoo	Powered DX	Partition D -> CMI ORGAN -> SAMPLE	CMIOB48	
Wizoo	Powered DX	Partition D -> CMI ORGAN -> SAMPLE	CMIOB51	
Wizoo	Powered DX	Partition D -> CMI ORGAN -> SAMPLE	CMIOB54	
Wizoo	Powered DX	Partition D -> CMI ORGAN -> SAMPLE	CMIOB57	
Wizoo	Powered DX	Partition D -> CMI ORGAN -> SAMPLE	CMIOB60	
Wizoo	Powered DX	Partition D -> CMI ORGAN -> SAMPLE	CMIOB63	
Wizoo	Powered DX	Partition D -> CMI ORGAN -> SAMPLE	CMIOB66	
Wizoo	Powered DX	Partition D -> CMI ORGAN -> SAMPLE	CMIOB69	
Wizoo	Powered DX	Partition D -> CMI ORGAN -> SAMPLE	CMIOB72	
Wizoo	Powered DX	Partition D -> CMI ORGAN -> SAMPLE	CMIOB75	
Wizoo	Powered DX	Partition D -> CMI ORGAN -> SAMPLE	CMIOB78	
Wizoo	Powered DX	Partition D -> CMI ORGAN -> SAMPLE	CMIOB81	
Wizoo	Powered DX	Partition D -> CMI ORGAN -> SAMPLE	CMIOB84	
Wizoo	Powered DX	Partition D -> CMI ORGAN -> SAMPLE	CMIOB87	
Wizoo	Powered DX	Partition D -> CMI ORGAN -> SAMPLE	CMIOB90	
Wizoo	Powered DX	Partition D -> CMI ORGAN -> SAMPLE	CMIOB93	
Wizoo	Powered DX	Partition D -> CMI ORGAN -> SAMPLE	CMIOB96	
Wizoo	Powered DX	Partition D -> CMI PIANO -> PROGRAM	CMI PAD	
Wizoo	Powered DX	Partition D -> CMI PIANO -> PROGRAM	CMI PIANO A	
Wizoo	Powered DX	Partition D -> CMI PIANO -> PROGRAM	CMI PIANO B	
Wizoo	Powered DX	Partition D -> CMI PIANO -> SAMPLE	CMIA36	
Wizoo	Powered DX	Partition D -> CMI PIANO -> SAMPLE	CMIA39	
Wizoo	Powered DX	Partition D -> CMI PIANO -> SAMPLE	CMIA42	
Wizoo	Powered DX	Partition D -> CMI PIANO -> SAMPLE	CMIA45	
Wizoo	Powered DX	Partition D -> CMI PIANO -> SAMPLE	CMIA48	
Wizoo	Powered DX	Partition D -> CMI PIANO -> SAMPLE	CMIA51	
Wizoo	Powered DX	Partition D -> CMI PIANO -> SAMPLE	CMIA54	
Wizoo	Powered DX	Partition D -> CMI PIANO -> SAMPLE	CMIA57	
Wizoo	Powered DX	Partition D -> CMI PIANO -> SAMPLE	CMIA60	
Wizoo	Powered DX	Partition D -> CMI PIANO -> SAMPLE	CMIA63	
Wizoo	Powered DX	Partition D -> CMI PIANO -> SAMPLE	CMIA66	
Wizoo	Powered DX	Partition D -> CMI PIANO -> SAMPLE	CMIA69	
Wizoo	Powered DX	Partition D -> CMI PIANO -> SAMPLE	CMIA72	
Wizoo	Powered DX	Partition D -> CMI PIANO -> SAMPLE	CMIA75	
Wizoo	Powered DX	Partition D -> CMI PIANO -> SAMPLE	CMIA78	
Wizoo	Powered DX	Partition D -> CMI PIANO -> SAMPLE	CMIA81	
Wizoo	Powered DX	Partition D -> CMI PIANO -> SAMPLE	CMIA84	
Wizoo	Powered DX	Partition D -> CMI PIANO -> SAMPLE	CMIA87	
Wizoo	Powered DX	Partition D -> CMI PIANO -> SAMPLE	CMIA90	
Wizoo	Powered DX	Partition D -> CMI PIANO -> SAMPLE	CMIA93	
Wizoo	Powered DX	Partition D -> CMI PIANO -> SAMPLE	CMIA96	
Wizoo	Powered DX	Partition D -> CMI PIANO -> SAMPLE	CMIB36	
Wizoo	Powered DX	Partition D -> CMI PIANO -> SAMPLE	CMIB39	
Wizoo	Powered DX	Partition D -> CMI PIANO -> SAMPLE	CMIB42	
Wizoo	Powered DX	Partition D -> CMI PIANO -> SAMPLE	CMIB45	
Wizoo	Powered DX	Partition D -> CMI PIANO -> SAMPLE	CMIB48	
Wizoo	Powered DX	Partition D -> CMI PIANO -> SAMPLE	CMIB51	
Wizoo	Powered DX	Partition D -> CMI PIANO -> SAMPLE	CMIB54	
Wizoo	Powered DX	Partition D -> CMI PIANO -> SAMPLE	CMIB57	
Wizoo	Powered DX	Partition D -> CMI PIANO -> SAMPLE	CMIB60	
Wizoo	Powered DX	Partition D -> CMI PIANO -> SAMPLE	CMIB63	
Wizoo	Powered DX	Partition D -> CMI PIANO -> SAMPLE	CMIB66	
Wizoo	Powered DX	Partition D -> CMI PIANO -> SAMPLE	CMIB69	
Wizoo	Powered DX	Partition D -> CMI PIANO -> SAMPLE	CMIB72	
Wizoo	Powered DX	Partition D -> CMI PIANO -> SAMPLE	CMIB75	
Wizoo	Powered DX	Partition D -> CMI PIANO -> SAMPLE	CMIB78	
Wizoo	Powered DX	Partition D -> CMI PIANO -> SAMPLE	CMIB81	
Wizoo	Powered DX	Partition D -> CMI PIANO -> SAMPLE	CMIB84	
Wizoo	Powered DX	Partition D -> CMI PIANO -> SAMPLE	CMIB87	
Wizoo	Powered DX	Partition D -> CMI PIANO -> SAMPLE	CMIB90	
Wizoo	Powered DX	Partition D -> CMI PIANO -> SAMPLE	CMIB93	
Wizoo	Powered DX	Partition D -> CMI PIANO -> SAMPLE	CMIB96	
Wizoo	Powered DX	Partition D -> FAT LEAD -> PROGRAM	FAT LEAD	
Wizoo	Powered DX	Partition D -> FAT LEAD -> PROGRAM	FAT LEAD 12	
Wizoo	Powered DX	Partition D -> FAT LEAD -> SAMPLE	SOSY36	
Wizoo	Powered DX	Partition D -> FAT LEAD -> SAMPLE	SOSY39	
Wizoo	Powered DX	Partition D -> FAT LEAD -> SAMPLE	SOSY42	
Wizoo	Powered DX	Partition D -> FAT LEAD -> SAMPLE	SOSY45	
Wizoo	Powered DX	Partition D -> FAT LEAD -> SAMPLE	SOSY48	
Wizoo	Powered DX	Partition D -> FAT LEAD -> SAMPLE	SOSY51	
Wizoo	Powered DX	Partition D -> FAT LEAD -> SAMPLE	SOSY54	
Wizoo	Powered DX	Partition D -> FAT LEAD -> SAMPLE	SOSY57	
Wizoo	Powered DX	Partition D -> FAT LEAD -> SAMPLE	SOSY60	
Wizoo	Powered DX	Partition D -> FAT LEAD -> SAMPLE	SOSY63	
Wizoo	Powered DX	Partition D -> FAT LEAD -> SAMPLE	SOSY66	
Wizoo	Powered DX	Partition D -> FAT LEAD -> SAMPLE	SOSY69	
Wizoo	Powered DX	Partition D -> FAT LEAD -> SAMPLE	SOSY72	
Wizoo	Powered DX	Partition D -> FAT LEAD -> SAMPLE	SOSY75	
Wizoo	Powered DX	Partition D -> FAT LEAD -> SAMPLE	SOSY78	
Wizoo	Powered DX	Partition D -> FAT LEAD -> SAMPLE	SOSY81	
Wizoo	Powered DX	Partition D -> FAT LEAD -> SAMPLE	SOSY84	
Wizoo	Powered DX	Partition D -> FAT LEAD -> SAMPLE	SOSY87	
Wizoo	Powered DX	Partition D -> FAT LEAD -> SAMPLE	SOSY90	
Wizoo	Powered DX	Partition D -> FAT LEAD -> SAMPLE	SOSY93	
Wizoo	Powered DX	Partition D -> FAT LEAD -> SAMPLE	SOSY96	
Wizoo	Powered DX	Partition D -> MAXX -> PROGRAM	MAXX FEMMES	
Wizoo	Powered DX	Partition D -> MAXX -> PROGRAM	MAXX HOMMES	
Wizoo	Powered DX	Partition D -> MAXX -> PROGRAM	MAXX TRANCE	
Wizoo	Powered DX	Partition D -> MAXX -> SAMPLE	CARPA36	
Wizoo	Powered DX	Partition D -> MAXX -> SAMPLE	CARPA39	
Wizoo	Powered DX	Partition D -> MAXX -> SAMPLE	CARPA42	
Wizoo	Powered DX	Partition D -> MAXX -> SAMPLE	CARPA45	
Wizoo	Powered DX	Partition D -> MAXX -> SAMPLE	CARPA48	
Wizoo	Powered DX	Partition D -> MAXX -> SAMPLE	CARPA51	
Wizoo	Powered DX	Partition D -> MAXX -> SAMPLE	CARPA54	
Wizoo	Powered DX	Partition D -> MAXX -> SAMPLE	CARPA57	
Wizoo	Powered DX	Partition D -> MAXX -> SAMPLE	CARPA60	
Wizoo	Powered DX	Partition D -> MAXX -> SAMPLE	CARPA63	
Wizoo	Powered DX	Partition D -> MAXX -> SAMPLE	CARPA66	
Wizoo	Powered DX	Partition D -> MAXX -> SAMPLE	CARPA69	
Wizoo	Powered DX	Partition D -> MAXX -> SAMPLE	CARPA72	
Wizoo	Powered DX	Partition D -> MAXX -> SAMPLE	CARPA75	
Wizoo	Powered DX	Partition D -> MAXX -> SAMPLE	CARPA78	
Wizoo	Powered DX	Partition D -> MAXX -> SAMPLE	CARPA81	
Wizoo	Powered DX	Partition D -> MAXX -> SAMPLE	CARPA84	
Wizoo	Powered DX	Partition D -> MAXX -> SAMPLE	CARPA87	
Wizoo	Powered DX	Partition D -> MAXX -> SAMPLE	CARPA90	
Wizoo	Powered DX	Partition D -> MAXX -> SAMPLE	CARPA93	
Wizoo	Powered DX	Partition D -> MAXX -> SAMPLE	CARPA96	
Wizoo	Powered DX	Partition D -> MAXX -> SAMPLE	CARPB36	
Wizoo	Powered DX	Partition D -> MAXX -> SAMPLE	CARPB39	
Wizoo	Powered DX	Partition D -> MAXX -> SAMPLE	CARPB42	
Wizoo	Powered DX	Partition D -> MAXX -> SAMPLE	CARPB45	
Wizoo	Powered DX	Partition D -> MAXX -> SAMPLE	CARPB48	
Wizoo	Powered DX	Partition D -> MAXX -> SAMPLE	CARPB51	
Wizoo	Powered DX	Partition D -> MAXX -> SAMPLE	CARPB54	
Wizoo	Powered DX	Partition D -> MAXX -> SAMPLE	CARPB57	
Wizoo	Powered DX	Partition D -> MAXX -> SAMPLE	CARPB60	
Wizoo	Powered DX	Partition D -> MAXX -> SAMPLE	CARPB63	
Wizoo	Powered DX	Partition D -> MAXX -> SAMPLE	CARPB66	
Wizoo	Powered DX	Partition D -> MAXX -> SAMPLE	CARPB69	
Wizoo	Powered DX	Partition D -> MAXX -> SAMPLE	CARPB72	
Wizoo	Powered DX	Partition D -> MAXX -> SAMPLE	CARPB75	
Wizoo	Powered DX	Partition D -> MAXX -> SAMPLE	CARPB78	
Wizoo	Powered DX	Partition D -> MAXX -> SAMPLE	CARPB81	
Wizoo	Powered DX	Partition D -> MAXX -> SAMPLE	CARPB84	
Wizoo	Powered DX	Partition D -> MAXX -> SAMPLE	CARPB87	
Wizoo	Powered DX	Partition D -> MAXX -> SAMPLE	CARPB90	
Wizoo	Powered DX	Partition D -> MAXX -> SAMPLE	CARPB93	
Wizoo	Powered DX	Partition D -> MAXX -> SAMPLE	CARPB96	
Wizoo	Powered DX	Partition D -> MINIBELLES -> PROGRAM	MINIBELLE ST	
Wizoo	Powered DX	Partition D -> MINIBELLES -> PROGRAM	MINIBELLES	
Wizoo	Powered DX	Partition D -> MINIBELLES -> SAMPLE	MIBE36	
Wizoo	Powered DX	Partition D -> MINIBELLES -> SAMPLE	MIBE39	
Wizoo	Powered DX	Partition D -> MINIBELLES -> SAMPLE	MIBE42	
Wizoo	Powered DX	Partition D -> MINIBELLES -> SAMPLE	MIBE45	
Wizoo	Powered DX	Partition D -> MINIBELLES -> SAMPLE	MIBE48	
Wizoo	Powered DX	Partition D -> MINIBELLES -> SAMPLE	MIBE51	
Wizoo	Powered DX	Partition D -> MINIBELLES -> SAMPLE	MIBE54	
Wizoo	Powered DX	Partition D -> MINIBELLES -> SAMPLE	MIBE57	
Wizoo	Powered DX	Partition D -> MINIBELLES -> SAMPLE	MIBE60	
Wizoo	Powered DX	Partition D -> MINIBELLES -> SAMPLE	MIBE63	
Wizoo	Powered DX	Partition D -> MINIBELLES -> SAMPLE	MIBE66	
Wizoo	Powered DX	Partition D -> MINIBELLES -> SAMPLE	MIBE69	
Wizoo	Powered DX	Partition D -> MINIBELLES -> SAMPLE	MIBE72	
Wizoo	Powered DX	Partition D -> MINIBELLES -> SAMPLE	MIBE75	
Wizoo	Powered DX	Partition D -> MINIBELLES -> SAMPLE	MIBE78	
Wizoo	Powered DX	Partition D -> MINIBELLES -> SAMPLE	MIBE81	
Wizoo	Powered DX	Partition D -> MINIBELLES -> SAMPLE	MIBE84	
Wizoo	Powered DX	Partition D -> MONSTRUM -> PROGRAM	MM 12	
Wizoo	Powered DX	Partition D -> MONSTRUM -> PROGRAM	MONSTRUM	
Wizoo	Powered DX	Partition D -> MONSTRUM -> SAMPLE	MONS24	
Wizoo	Powered DX	Partition D -> MONSTRUM -> SAMPLE	MONS27	
Wizoo	Powered DX	Partition D -> MONSTRUM -> SAMPLE	MONS30	
Wizoo	Powered DX	Partition D -> MONSTRUM -> SAMPLE	MONS33	
Wizoo	Powered DX	Partition D -> MONSTRUM -> SAMPLE	MONS36	
Wizoo	Powered DX	Partition D -> MONSTRUM -> SAMPLE	MONS39	
Wizoo	Powered DX	Partition D -> MONSTRUM -> SAMPLE	MONS42	
Wizoo	Powered DX	Partition D -> MONSTRUM -> SAMPLE	MONS45	
Wizoo	Powered DX	Partition D -> MONSTRUM -> SAMPLE	MONS48	
Wizoo	Powered DX	Partition D -> MONSTRUM -> SAMPLE	MONS51	
Wizoo	Powered DX	Partition D -> MONSTRUM -> SAMPLE	MONS54	
Wizoo	Powered DX	Partition D -> MONSTRUM -> SAMPLE	MONS57	
Wizoo	Powered DX	Partition D -> MONSTRUM -> SAMPLE	MONS60	
Wizoo	Powered DX	Partition D -> MONSTRUM -> SAMPLE	MONS63	
Wizoo	Powered DX	Partition D -> MONSTRUM -> SAMPLE	MONS66	
Wizoo	Powered DX	Partition D -> MONSTRUM -> SAMPLE	MONS69	
Wizoo	Powered DX	Partition D -> MONSTRUM -> SAMPLE	MONS72	
Wizoo	Powered DX	Partition D -> MONSTRUM -> SAMPLE	MONS75	
Wizoo	Powered DX	Partition D -> MONSTRUM -> SAMPLE	MONS78	
Wizoo	Powered DX	Partition D -> MONSTRUM -> SAMPLE	MONS81	
Wizoo	Powered DX	Partition D -> MONSTRUM -> SAMPLE	MONS84	
Wizoo	Powered DX	Partition D -> PROPAGANDA -> PROGRAM	PG POLY5	
Wizoo	Powered DX	Partition D -> PROPAGANDA -> PROGRAM	PROPAGANDA	
Wizoo	Powered DX	Partition D -> PROPAGANDA -> SAMPLE	PROP36	
Wizoo	Powered DX	Partition D -> PROPAGANDA -> SAMPLE	PROP39	
Wizoo	Powered DX	Partition D -> PROPAGANDA -> SAMPLE	PROP42	
Wizoo	Powered DX	Partition D -> PROPAGANDA -> SAMPLE	PROP45	
Wizoo	Powered DX	Partition D -> PROPAGANDA -> SAMPLE	PROP48	
Wizoo	Powered DX	Partition D -> PROPAGANDA -> SAMPLE	PROP51	
Wizoo	Powered DX	Partition D -> PROPAGANDA -> SAMPLE	PROP54	
Wizoo	Powered DX	Partition D -> PROPAGANDA -> SAMPLE	PROP57	
Wizoo	Powered DX	Partition D -> PROPAGANDA -> SAMPLE	PROP60	
Wizoo	Powered DX	Partition D -> PROPAGANDA -> SAMPLE	PROP63	
Wizoo	Powered DX	Partition D -> PROPAGANDA -> SAMPLE	PROP66	
Wizoo	Powered DX	Partition D -> PROPAGANDA -> SAMPLE	PROP69	
Wizoo	Powered DX	Partition D -> PROPAGANDA -> SAMPLE	PROP72	
Wizoo	Powered DX	Partition D -> PROPAGANDA -> SAMPLE	PROP75	
Wizoo	Powered DX	Partition D -> PROPAGANDA -> SAMPLE	PROP78	
Wizoo	Powered DX	Partition D -> PROPAGANDA -> SAMPLE	PROP81	
Wizoo	Powered DX	Partition D -> PROPAGANDA -> SAMPLE	PROP84	
Wizoo	Powered DX	Partition D -> PROPAGANDA -> SAMPLE	PROP87	
Wizoo	Powered DX	Partition D -> PROPAGANDA -> SAMPLE	PROP90	
Wizoo	Powered DX	Partition D -> PROPAGANDA -> SAMPLE	PROP93	
Wizoo	Powered DX	Partition D -> PROPAGANDA -> SAMPLE	PROP96	
Wizoo	Powered DX	Partition D -> RAINDROPS -> PROGRAM	RAINDROPS A	
Wizoo	Powered DX	Partition D -> RAINDROPS -> PROGRAM	RAINDROPS B	
Wizoo	Powered DX	Partition D -> RAINDROPS -> PROGRAM	RAINDROPS ST	
Wizoo	Powered DX	Partition D -> RAINDROPS -> SAMPLE	REGIA24	
Wizoo	Powered DX	Partition D -> RAINDROPS -> SAMPLE	REGIA27	
Wizoo	Powered DX	Partition D -> RAINDROPS -> SAMPLE	REGIA30	
Wizoo	Powered DX	Partition D -> RAINDROPS -> SAMPLE	REGIA33	
Wizoo	Powered DX	Partition D -> RAINDROPS -> SAMPLE	REGIA36	
Wizoo	Powered DX	Partition D -> RAINDROPS -> SAMPLE	REGIA39	
Wizoo	Powered DX	Partition D -> RAINDROPS -> SAMPLE	REGIA42	
Wizoo	Powered DX	Partition D -> RAINDROPS -> SAMPLE	REGIA45	
Wizoo	Powered DX	Partition D -> RAINDROPS -> SAMPLE	REGIA48	
Wizoo	Powered DX	Partition D -> RAINDROPS -> SAMPLE	REGIA51	
Wizoo	Powered DX	Partition D -> RAINDROPS -> SAMPLE	REGIA54	
Wizoo	Powered DX	Partition D -> RAINDROPS -> SAMPLE	REGIA57	
Wizoo	Powered DX	Partition D -> RAINDROPS -> SAMPLE	REGIA60	
Wizoo	Powered DX	Partition D -> RAINDROPS -> SAMPLE	REGIA63	
Wizoo	Powered DX	Partition D -> RAINDROPS -> SAMPLE	REGIA66	
Wizoo	Powered DX	Partition D -> RAINDROPS -> SAMPLE	REGIA69	
Wizoo	Powered DX	Partition D -> RAINDROPS -> SAMPLE	REGIA72	
Wizoo	Powered DX	Partition D -> RAINDROPS -> SAMPLE	REGIA75	
Wizoo	Powered DX	Partition D -> RAINDROPS -> SAMPLE	REGIA78	
Wizoo	Powered DX	Partition D -> RAINDROPS -> SAMPLE	REGIA81	
Wizoo	Powered DX	Partition D -> RAINDROPS -> SAMPLE	REGIA84	
Wizoo	Powered DX	Partition D -> RAINDROPS -> SAMPLE	REGIA87	
Wizoo	Powered DX	Partition D -> RAINDROPS -> SAMPLE	REGIA90	
Wizoo	Powered DX	Partition D -> RAINDROPS -> SAMPLE	REGIA93	
Wizoo	Powered DX	Partition D -> RAINDROPS -> SAMPLE	REGIA96	
Wizoo	Powered DX	Partition D -> RAINDROPS -> SAMPLE	REGIB24	
Wizoo	Powered DX	Partition D -> RAINDROPS -> SAMPLE	REGIB27	
Wizoo	Powered DX	Partition D -> RAINDROPS -> SAMPLE	REGIB30	
Wizoo	Powered DX	Partition D -> RAINDROPS -> SAMPLE	REGIB33	
Wizoo	Powered DX	Partition D -> RAINDROPS -> SAMPLE	REGIB36	
Wizoo	Powered DX	Partition D -> RAINDROPS -> SAMPLE	REGIB39	
Wizoo	Powered DX	Partition D -> RAINDROPS -> SAMPLE	REGIB42	
Wizoo	Powered DX	Partition D -> RAINDROPS -> SAMPLE	REGIB45	
Wizoo	Powered DX	Partition D -> RAINDROPS -> SAMPLE	REGIB48	
Wizoo	Powered DX	Partition D -> RAINDROPS -> SAMPLE	REGIB51	
Wizoo	Powered DX	Partition D -> RAINDROPS -> SAMPLE	REGIB54	
Wizoo	Powered DX	Partition D -> RAINDROPS -> SAMPLE	REGIB57	
Wizoo	Powered DX	Partition D -> RAINDROPS -> SAMPLE	REGIB60	
Wizoo	Powered DX	Partition D -> RAINDROPS -> SAMPLE	REGIB63	
Wizoo	Powered DX	Partition D -> RAINDROPS -> SAMPLE	REGIB66	
Wizoo	Powered DX	Partition D -> RAINDROPS -> SAMPLE	REGIB69	
Wizoo	Powered DX	Partition D -> RAINDROPS -> SAMPLE	REGIB72	
Wizoo	Powered DX	Partition D -> RAINDROPS -> SAMPLE	REGIB75	
Wizoo	Powered DX	Partition D -> RAINDROPS -> SAMPLE	REGIB78	
Wizoo	Powered DX	Partition D -> RAINDROPS -> SAMPLE	REGIB81	
Wizoo	Powered DX	Partition D -> RAINDROPS -> SAMPLE	REGIB84	
Wizoo	Powered DX	Partition D -> RAINDROPS -> SAMPLE	REGIB87	
Wizoo	Powered DX	Partition D -> RAINDROPS -> SAMPLE	REGIB90	
Wizoo	Powered DX	Partition D -> RAINDROPS -> SAMPLE	REGIB93	
Wizoo	Powered DX	Partition D -> RAINDROPS -> SAMPLE	REGIB96	
Wizoo	Powered DX	Partition D -> SOULO -> PROGRAM	SOULO	
Wizoo	Powered DX	Partition D -> SOULO -> PROGRAM	SOULO VOX	
Wizoo	Powered DX	Partition D -> SOULO -> SAMPLE	SOLO36	
Wizoo	Powered DX	Partition D -> SOULO -> SAMPLE	SOLO39	
Wizoo	Powered DX	Partition D -> SOULO -> SAMPLE	SOLO42	
Wizoo	Powered DX	Partition D -> SOULO -> SAMPLE	SOLO45	
Wizoo	Powered DX	Partition D -> SOULO -> SAMPLE	SOLO48	
Wizoo	Powered DX	Partition D -> SOULO -> SAMPLE	SOLO51	
Wizoo	Powered DX	Partition D -> SOULO -> SAMPLE	SOLO54	
Wizoo	Powered DX	Partition D -> SOULO -> SAMPLE	SOLO57	
Wizoo	Powered DX	Partition D -> SOULO -> SAMPLE	SOLO60	
Wizoo	Powered DX	Partition D -> SOULO -> SAMPLE	SOLO63	
Wizoo	Powered DX	Partition D -> SOULO -> SAMPLE	SOLO66	
Wizoo	Powered DX	Partition D -> SOULO -> SAMPLE	SOLO69	
Wizoo	Powered DX	Partition D -> SOULO -> SAMPLE	SOLO72	
Wizoo	Powered DX	Partition D -> SOULO -> SAMPLE	SOLO75	
Wizoo	Powered DX	Partition D -> SOULO -> SAMPLE	SOLO78	
Wizoo	Powered DX	Partition D -> SOULO -> SAMPLE	SOLO81	
Wizoo	Powered DX	Partition D -> SOULO -> SAMPLE	SOLO84	
Wizoo	Powered DX	Partition D -> SOULO -> SAMPLE	SOLO87	
Wizoo	Powered DX	Partition D -> SOULO -> SAMPLE	SOLO90	
Wizoo	Powered DX	Partition D -> SOULO -> SAMPLE	SOLO93	
Wizoo	Powered DX	Partition D -> SOULO -> SAMPLE	SOLO96	
Wizoo	Powered DX	Partition D -> VIBAZ -> PROGRAM	VIBAZ	
Wizoo	Powered DX	Partition D -> VIBAZ -> PROGRAM	VIBAZ 12	
Wizoo	Powered DX	Partition D -> VIBAZ -> SAMPLE	MEPH24	
Wizoo	Powered DX	Partition D -> VIBAZ -> SAMPLE	MEPH27	
Wizoo	Powered DX	Partition D -> VIBAZ -> SAMPLE	MEPH30	
Wizoo	Powered DX	Partition D -> VIBAZ -> SAMPLE	MEPH33	
Wizoo	Powered DX	Partition D -> VIBAZ -> SAMPLE	MEPH36	
Wizoo	Powered DX	Partition D -> VIBAZ -> SAMPLE	MEPH39	
Wizoo	Powered DX	Partition D -> VIBAZ -> SAMPLE	MEPH42	
Wizoo	Powered DX	Partition D -> VIBAZ -> SAMPLE	MEPH45	
Wizoo	Powered DX	Partition D -> VIBAZ -> SAMPLE	MEPH48	
Wizoo	Powered DX	Partition D -> VIBAZ -> SAMPLE	MEPH51	
Wizoo	Powered DX	Partition D -> VIBAZ -> SAMPLE	MEPH54	
Wizoo	Powered DX	Partition D -> VIBAZ -> SAMPLE	MEPH57	
Wizoo	Powered DX	Partition D -> VIBAZ -> SAMPLE	MEPH60	
Wizoo	Powered DX	Partition D -> VIBAZ -> SAMPLE	MEPH63	
Wizoo	Powered DX	Partition D -> VIBAZ -> SAMPLE	MEPH66	
Wizoo	Powered DX	Partition D -> VIBAZ -> SAMPLE	MEPH69	
Wizoo	Powered DX	Partition D -> VIBAZ -> SAMPLE	MEPH72	
Wizoo	Powered DX	Partition D -> VIBAZ -> SAMPLE	MEPH75	
Wizoo	Powered DX	Partition D -> VIBAZ -> SAMPLE	MEPH78	
Wizoo	Powered DX	Partition D -> VIBAZ -> SAMPLE	MEPH81	
Wizoo	Powered DX	Partition D -> VIBAZ -> SAMPLE	MEPH84	
Wizoo	Powered DX	Partition D -> VIBAZ -> SAMPLE	MEPH87	
Wizoo	Powered DX	Partition D -> VIBAZ -> SAMPLE	MEPH90	
Wizoo	Powered DX	Partition D -> VIBAZ -> SAMPLE	MEPH93	
Wizoo	Powered DX	Partition D -> VIBAZ -> SAMPLE	MEPH96	
Wizoo	Powered DX	Partition D -> WETBARS -> PROGRAM	WETBARS	
Wizoo	Powered DX	Partition D -> WETBARS -> PROGRAM	WETBARS PAD	
Wizoo	Powered DX	Partition D -> WETBARS -> SAMPLE	B3LE36	
Wizoo	Powered DX	Partition D -> WETBARS -> SAMPLE	B3LE39	
Wizoo	Powered DX	Partition D -> WETBARS -> SAMPLE	B3LE42	
Wizoo	Powered DX	Partition D -> WETBARS -> SAMPLE	B3LE45	
Wizoo	Powered DX	Partition D -> WETBARS -> SAMPLE	B3LE48	
Wizoo	Powered DX	Partition D -> WETBARS -> SAMPLE	B3LE51	
Wizoo	Powered DX	Partition D -> WETBARS -> SAMPLE	B3LE54	
Wizoo	Powered DX	Partition D -> WETBARS -> SAMPLE	B3LE57	
Wizoo	Powered DX	Partition D -> WETBARS -> SAMPLE	B3LE60	
Wizoo	Powered DX	Partition D -> WETBARS -> SAMPLE	B3LE63	
Wizoo	Powered DX	Partition D -> WETBARS -> SAMPLE	B3LE66	
Wizoo	Powered DX	Partition D -> WETBARS -> SAMPLE	B3LE69	
Wizoo	Powered DX	Partition D -> WETBARS -> SAMPLE	B3LE72	
Wizoo	Powered DX	Partition D -> WETBARS -> SAMPLE	B3LE75	
Wizoo	Powered DX	Partition D -> WETBARS -> SAMPLE	B3LE78	
Wizoo	Powered DX	Partition D -> WETBARS -> SAMPLE	B3LE81	
Wizoo	Powered DX	Partition D -> WETBARS -> SAMPLE	B3LE84	
Wizoo	Powered DX	Partition D -> WETBARS -> SAMPLE	B3LE87	
Wizoo	Powered DX	Partition D -> WETBARS -> SAMPLE	B3LE90	
Wizoo	Powered DX	Partition D -> WETBARS -> SAMPLE	B3LE93	
Wizoo	Powered DX	Partition D -> WETBARS -> SAMPLE	B3LE96	
Wizoo	Powered DX	Partition E -> BRONX -> PROGRAM	BRONX	
Wizoo	Powered DX	Partition E -> BRONX -> PROGRAM	BRONX FAT	
Wizoo	Powered DX	Partition E -> BRONX -> SAMPLE	BRONX24	
Wizoo	Powered DX	Partition E -> BRONX -> SAMPLE	BRONX27	
Wizoo	Powered DX	Partition E -> BRONX -> SAMPLE	BRONX30	
Wizoo	Powered DX	Partition E -> BRONX -> SAMPLE	BRONX33	
Wizoo	Powered DX	Partition E -> BRONX -> SAMPLE	BRONX36	
Wizoo	Powered DX	Partition E -> BRONX -> SAMPLE	BRONX39	
Wizoo	Powered DX	Partition E -> BRONX -> SAMPLE	BRONX42	
Wizoo	Powered DX	Partition E -> BRONX -> SAMPLE	BRONX45	
Wizoo	Powered DX	Partition E -> BRONX -> SAMPLE	BRONX48	
Wizoo	Powered DX	Partition E -> BRONX -> SAMPLE	BRONX51	
Wizoo	Powered DX	Partition E -> BRONX -> SAMPLE	BRONX54	
Wizoo	Powered DX	Partition E -> BRONX -> SAMPLE	BRONX57	
Wizoo	Powered DX	Partition E -> BRONX -> SAMPLE	BRONX60	
Wizoo	Powered DX	Partition E -> BRONX -> SAMPLE	BRONX63	
Wizoo	Powered DX	Partition E -> BRONX -> SAMPLE	BRONX66	
Wizoo	Powered DX	Partition E -> BRONX -> SAMPLE	BRONX69	
Wizoo	Powered DX	Partition E -> BRONX -> SAMPLE	BRONX72	
Wizoo	Powered DX	Partition E -> BRONX -> SAMPLE	BRONX75	
Wizoo	Powered DX	Partition E -> BRONX -> SAMPLE	BRONX78	
Wizoo	Powered DX	Partition E -> BRONX -> SAMPLE	BRONX81	
Wizoo	Powered DX	Partition E -> BRONX -> SAMPLE	BRONX84	
Wizoo	Powered DX	Partition E -> BRONX -> SAMPLE	BRONX87	
Wizoo	Powered DX	Partition E -> BRONX -> SAMPLE	BRONX90	
Wizoo	Powered DX	Partition E -> BRONX -> SAMPLE	BRONX93	
Wizoo	Powered DX	Partition E -> BRONX -> SAMPLE	BRONX96	
Wizoo	Powered DX	Partition E -> STEVIEWONDER -> PROGRAM	STEVIEWONDER	
Wizoo	Powered DX	Partition E -> STEVIEWONDER -> PROGRAM	SW 12	
Wizoo	Powered DX	Partition E -> STEVIEWONDER -> SAMPLE	SWOND24	
Wizoo	Powered DX	Partition E -> STEVIEWONDER -> SAMPLE	SWOND27	
Wizoo	Powered DX	Partition E -> STEVIEWONDER -> SAMPLE	SWOND30	
Wizoo	Powered DX	Partition E -> STEVIEWONDER -> SAMPLE	SWOND33	
Wizoo	Powered DX	Partition E -> STEVIEWONDER -> SAMPLE	SWOND36	
Wizoo	Powered DX	Partition E -> STEVIEWONDER -> SAMPLE	SWOND39	
Wizoo	Powered DX	Partition E -> STEVIEWONDER -> SAMPLE	SWOND42	
Wizoo	Powered DX	Partition E -> STEVIEWONDER -> SAMPLE	SWOND45	
Wizoo	Powered DX	Partition E -> STEVIEWONDER -> SAMPLE	SWOND48	
Wizoo	Powered DX	Partition E -> STEVIEWONDER -> SAMPLE	SWOND51	
Wizoo	Powered DX	Partition E -> STEVIEWONDER -> SAMPLE	SWOND54	
Wizoo	Powered DX	Partition E -> STEVIEWONDER -> SAMPLE	SWOND57	
Wizoo	Powered DX	Partition E -> STEVIEWONDER -> SAMPLE	SWOND60	
Wizoo	Powered DX	Partition E -> STEVIEWONDER -> SAMPLE	SWOND63	
Wizoo	Powered DX	Partition E -> STEVIEWONDER -> SAMPLE	SWOND66	
Wizoo	Powered DX	Partition E -> STEVIEWONDER -> SAMPLE	SWOND69	
Wizoo	Powered DX	Partition E -> STEVIEWONDER -> SAMPLE	SWOND72	
Wizoo	Powered DX	Partition E -> STEVIEWONDER -> SAMPLE	SWOND75	
Wizoo	Powered DX	Partition E -> STEVIEWONDER -> SAMPLE	SWOND78	
Wizoo	Powered DX	Partition E -> STEVIEWONDER -> SAMPLE	SWOND81	
Wizoo	Powered DX	Partition E -> STEVIEWONDER -> SAMPLE	SWOND84	
Wizoo	Powered DX	Partition E -> STEVIEWONDER -> SAMPLE	SWOND87	
Wizoo	Powered DX	Partition E -> STEVIEWONDER -> SAMPLE	SWOND90	
Wizoo	Powered DX	Partition E -> STEVIEWONDER -> SAMPLE	SWOND93	
Wizoo	Powered DX	Partition E -> STEVIEWONDER -> SAMPLE	SWOND96	
Wizoo	Powered DX	Partition E -> STRATOTRON -> PROGRAM	STRATOCORD	
Wizoo	Powered DX	Partition E -> STRATOTRON -> PROGRAM	STRATOTRON	
Wizoo	Powered DX	Partition E -> STRATOTRON -> SAMPLE	STRATO24  -L	
Wizoo	Powered DX	Partition E -> STRATOTRON -> SAMPLE	STRATO24  -R	
Wizoo	Powered DX	Partition E -> STRATOTRON -> SAMPLE	STRATO27  -L	
Wizoo	Powered DX	Partition E -> STRATOTRON -> SAMPLE	STRATO27  -R	
Wizoo	Powered DX	Partition E -> STRATOTRON -> SAMPLE	STRATO30  -L	
Wizoo	Powered DX	Partition E -> STRATOTRON -> SAMPLE	STRATO30  -R	
Wizoo	Powered DX	Partition E -> STRATOTRON -> SAMPLE	STRATO33  -L	
Wizoo	Powered DX	Partition E -> STRATOTRON -> SAMPLE	STRATO33  -R	
Wizoo	Powered DX	Partition E -> STRATOTRON -> SAMPLE	STRATO36  -L	
Wizoo	Powered DX	Partition E -> STRATOTRON -> SAMPLE	STRATO36  -R	
Wizoo	Powered DX	Partition E -> STRATOTRON -> SAMPLE	STRATO39  -L	
Wizoo	Powered DX	Partition E -> STRATOTRON -> SAMPLE	STRATO39  -R	
Wizoo	Powered DX	Partition E -> STRATOTRON -> SAMPLE	STRATO42  -L	
Wizoo	Powered DX	Partition E -> STRATOTRON -> SAMPLE	STRATO42  -R	
Wizoo	Powered DX	Partition E -> STRATOTRON -> SAMPLE	STRATO45  -L	
Wizoo	Powered DX	Partition E -> STRATOTRON -> SAMPLE	STRATO45  -R	
Wizoo	Powered DX	Partition E -> STRATOTRON -> SAMPLE	STRATO48  -L	
Wizoo	Powered DX	Partition E -> STRATOTRON -> SAMPLE	STRATO48  -R	
Wizoo	Powered DX	Partition E -> STRATOTRON -> SAMPLE	STRATO51  -L	
Wizoo	Powered DX	Partition E -> STRATOTRON -> SAMPLE	STRATO51  -R	
Wizoo	Powered DX	Partition E -> STRATOTRON -> SAMPLE	STRATO54  -L	
Wizoo	Powered DX	Partition E -> STRATOTRON -> SAMPLE	STRATO54  -R	
Wizoo	Powered DX	Partition E -> STRATOTRON -> SAMPLE	STRATO57  -L	
Wizoo	Powered DX	Partition E -> STRATOTRON -> SAMPLE	STRATO57  -R	
Wizoo	Powered DX	Partition E -> STRATOTRON -> SAMPLE	STRATO60  -L	
Wizoo	Powered DX	Partition E -> STRATOTRON -> SAMPLE	STRATO60  -R	
Wizoo	Powered DX	Partition E -> STRATOTRON -> SAMPLE	STRATO63  -L	
Wizoo	Powered DX	Partition E -> STRATOTRON -> SAMPLE	STRATO63  -R	
Wizoo	Powered DX	Partition E -> STRATOTRON -> SAMPLE	STRATO66  -L	
Wizoo	Powered DX	Partition E -> STRATOTRON -> SAMPLE	STRATO66  -R	
Wizoo	Powered DX	Partition E -> STRATOTRON -> SAMPLE	STRATO69  -L	
Wizoo	Powered DX	Partition E -> STRATOTRON -> SAMPLE	STRATO69  -R	
Wizoo	Powered DX	Partition E -> STRATOTRON -> SAMPLE	STRATO72  -L	
Wizoo	Powered DX	Partition E -> STRATOTRON -> SAMPLE	STRATO72  -R	
Wizoo	Powered DX	Partition E -> STRATOTRON -> SAMPLE	STRATO75  -L	
Wizoo	Powered DX	Partition E -> STRATOTRON -> SAMPLE	STRATO75  -R	
Wizoo	Powered DX	Partition E -> STRATOTRON -> SAMPLE	STRATO78  -L	
Wizoo	Powered DX	Partition E -> STRATOTRON -> SAMPLE	STRATO78  -R	
Wizoo	Powered DX	Partition E -> STRATOTRON -> SAMPLE	STRATO81  -L	
Wizoo	Powered DX	Partition E -> STRATOTRON -> SAMPLE	STRATO81  -R	
Wizoo	Powered DX	Partition E -> STRATOTRON -> SAMPLE	STRATO84  -L	
Wizoo	Powered DX	Partition E -> STRATOTRON -> SAMPLE	STRATO84  -R	
Wizoo	Powered DX	Partition E -> STRATOTRON -> SAMPLE	STRATO87  -L	
Wizoo	Powered DX	Partition E -> STRATOTRON -> SAMPLE	STRATO87  -R	
Wizoo	Powered DX	Partition E -> STRATOTRON -> SAMPLE	STRATO90  -L	
Wizoo	Powered DX	Partition E -> STRATOTRON -> SAMPLE	STRATO90  -R	
Wizoo	Powered DX	Partition E -> STRATOTRON -> SAMPLE	STRATO93  -L	
Wizoo	Powered DX	Partition E -> STRATOTRON -> SAMPLE	STRATO93  -R	
Wizoo	Powered DX	Partition E -> STRATOTRON -> SAMPLE	STRATO96  -L	
Wizoo	Powered DX	Partition E -> STRATOTRON -> SAMPLE	STRATO96  -R	
Wizoo	Powered DX	Partition E -> VECTORY -> PROGRAM	VECTORY	
Wizoo	Powered DX	Partition E -> VECTORY -> PROGRAM	VT DRONE	
Wizoo	Powered DX	Partition E -> VECTORY -> SAMPLE	VCTRY24	
Wizoo	Powered DX	Partition E -> VECTORY -> SAMPLE	VCTRY27	
Wizoo	Powered DX	Partition E -> VECTORY -> SAMPLE	VCTRY30	
Wizoo	Powered DX	Partition E -> VECTORY -> SAMPLE	VCTRY33	
Wizoo	Powered DX	Partition E -> VECTORY -> SAMPLE	VCTRY36	
Wizoo	Powered DX	Partition E -> VECTORY -> SAMPLE	VCTRY39	
Wizoo	Powered DX	Partition E -> VECTORY -> SAMPLE	VCTRY42	
Wizoo	Powered DX	Partition E -> VECTORY -> SAMPLE	VCTRY45	
Wizoo	Powered DX	Partition E -> VECTORY -> SAMPLE	VCTRY48	
Wizoo	Powered DX	Partition E -> VECTORY -> SAMPLE	VCTRY51	
Wizoo	Powered DX	Partition E -> VECTORY -> SAMPLE	VCTRY54	
Wizoo	Powered DX	Partition E -> VECTORY -> SAMPLE	VCTRY57	
Wizoo	Powered DX	Partition E -> VECTORY -> SAMPLE	VCTRY60	
Wizoo	Powered DX	Partition E -> VECTORY -> SAMPLE	VCTRY63	
Wizoo	Powered DX	Partition E -> VECTORY -> SAMPLE	VCTRY66	
Wizoo	Powered DX	Partition E -> VECTORY -> SAMPLE	VCTRY69	
Wizoo	Powered DX	Partition E -> VECTORY -> SAMPLE	VCTRY72	
Wizoo	Powered DX	Partition E -> VECTORY -> SAMPLE	VCTRY75	
Wizoo	Powered DX	Partition E -> VECTORY -> SAMPLE	VCTRY78	
Wizoo	Powered DX	Partition E -> VECTORY -> SAMPLE	VCTRY81	
Wizoo	Powered DX	Partition E -> VECTORY -> SAMPLE	VCTRY84	
Wizoo	Powered DX	Partition E -> VECTORY -> SAMPLE	VCTRY87	
Wizoo	Powered DX	Partition E -> VECTORY -> SAMPLE	VCTRY90	
Wizoo	Powered DX	Partition E -> VECTORY -> SAMPLE	VCTRY93	
Wizoo	Powered DX	Partition E -> VECTORY -> SAMPLE	VCTRY96	
Wizoo	Powered DX	Partition F -> DX HARP -> PROGRAM	DX HARP	
Wizoo	Powered DX	Partition F -> DX HARP -> PROGRAM	DX HARP 12	
Wizoo	Powered DX	Partition F -> DX HARP -> SAMPLE	E-HARP24 -L	
Wizoo	Powered DX	Partition F -> DX HARP -> SAMPLE	E-HARP24 -R	
Wizoo	Powered DX	Partition F -> DX HARP -> SAMPLE	E-HARP27 -L	
Wizoo	Powered DX	Partition F -> DX HARP -> SAMPLE	E-HARP27 -R	
Wizoo	Powered DX	Partition F -> DX HARP -> SAMPLE	E-HARP30 -L	
Wizoo	Powered DX	Partition F -> DX HARP -> SAMPLE	E-HARP30 -R	
Wizoo	Powered DX	Partition F -> DX HARP -> SAMPLE	E-HARP33 -L	
Wizoo	Powered DX	Partition F -> DX HARP -> SAMPLE	E-HARP33 -R	
Wizoo	Powered DX	Partition F -> DX HARP -> SAMPLE	E-HARP36 -L	
Wizoo	Powered DX	Partition F -> DX HARP -> SAMPLE	E-HARP36 -R	
Wizoo	Powered DX	Partition F -> DX HARP -> SAMPLE	E-HARP39 -L	
Wizoo	Powered DX	Partition F -> DX HARP -> SAMPLE	E-HARP39 -R	
Wizoo	Powered DX	Partition F -> DX HARP -> SAMPLE	E-HARP42 -L	
Wizoo	Powered DX	Partition F -> DX HARP -> SAMPLE	E-HARP42 -R	
Wizoo	Powered DX	Partition F -> DX HARP -> SAMPLE	E-HARP45 -L	
Wizoo	Powered DX	Partition F -> DX HARP -> SAMPLE	E-HARP45 -R	
Wizoo	Powered DX	Partition F -> DX HARP -> SAMPLE	E-HARP48 -L	
Wizoo	Powered DX	Partition F -> DX HARP -> SAMPLE	E-HARP48 -R	
Wizoo	Powered DX	Partition F -> DX HARP -> SAMPLE	E-HARP51 -L	
Wizoo	Powered DX	Partition F -> DX HARP -> SAMPLE	E-HARP51 -R	
Wizoo	Powered DX	Partition F -> DX HARP -> SAMPLE	E-HARP54 -L	
Wizoo	Powered DX	Partition F -> DX HARP -> SAMPLE	E-HARP54 -R	
Wizoo	Powered DX	Partition F -> DX HARP -> SAMPLE	E-HARP57 -L	
Wizoo	Powered DX	Partition F -> DX HARP -> SAMPLE	E-HARP57 -R	
Wizoo	Powered DX	Partition F -> DX HARP -> SAMPLE	E-HARP60 -L	
Wizoo	Powered DX	Partition F -> DX HARP -> SAMPLE	E-HARP60 -R	
Wizoo	Powered DX	Partition F -> DX HARP -> SAMPLE	E-HARP63 -L	
Wizoo	Powered DX	Partition F -> DX HARP -> SAMPLE	E-HARP63 -R	
Wizoo	Powered DX	Partition F -> DX HARP -> SAMPLE	E-HARP66 -L	
Wizoo	Powered DX	Partition F -> DX HARP -> SAMPLE	E-HARP66 -R	
Wizoo	Powered DX	Partition F -> DX HARP -> SAMPLE	E-HARP69 -L	
Wizoo	Powered DX	Partition F -> DX HARP -> SAMPLE	E-HARP69 -R	
Wizoo	Powered DX	Partition F -> DX HARP -> SAMPLE	E-HARP72 -L	
Wizoo	Powered DX	Partition F -> DX HARP -> SAMPLE	E-HARP72 -R	
Wizoo	Powered DX	Partition F -> DX HARP -> SAMPLE	E-HARP75 -L	
Wizoo	Powered DX	Partition F -> DX HARP -> SAMPLE	E-HARP75 -R	
Wizoo	Powered DX	Partition F -> DX HARP -> SAMPLE	E-HARP78 -L	
Wizoo	Powered DX	Partition F -> DX HARP -> SAMPLE	E-HARP78 -R	
Wizoo	Powered DX	Partition F -> DX HARP -> SAMPLE	E-HARP81 -L	
Wizoo	Powered DX	Partition F -> DX HARP -> SAMPLE	E-HARP81 -R	
Wizoo	Powered DX	Partition F -> DX HARP -> SAMPLE	E-HARP84 -L	
Wizoo	Powered DX	Partition F -> DX HARP -> SAMPLE	E-HARP84 -R	
Wizoo	Powered DX	Partition F -> DX HARP -> SAMPLE	E-HARP87 -L	
Wizoo	Powered DX	Partition F -> DX HARP -> SAMPLE	E-HARP87 -R	
Wizoo	Powered DX	Partition F -> DX HARP -> SAMPLE	E-HARP90 -L	
Wizoo	Powered DX	Partition F -> DX HARP -> SAMPLE	E-HARP90 -R	
Wizoo	Powered DX	Partition F -> DX HARP -> SAMPLE	E-HARP93 -L	
Wizoo	Powered DX	Partition F -> DX HARP -> SAMPLE	E-HARP93 -R	
Wizoo	Powered DX	Partition F -> DX HARP -> SAMPLE	E-HARP96 -L	
Wizoo	Powered DX	Partition F -> DX HARP -> SAMPLE	E-HARP96 -R	
Wizoo	Powered DX	Partition F -> EXOTIQUES -> PROGRAM	EXOTIQUES	
Wizoo	Powered DX	Partition F -> EXOTIQUES -> PROGRAM	EXOTIQUES ST	
Wizoo	Powered DX	Partition F -> EXOTIQUES -> SAMPLE	EXTQS24	
Wizoo	Powered DX	Partition F -> EXOTIQUES -> SAMPLE	EXTQS27	
Wizoo	Powered DX	Partition F -> EXOTIQUES -> SAMPLE	EXTQS30	
Wizoo	Powered DX	Partition F -> EXOTIQUES -> SAMPLE	EXTQS33	
Wizoo	Powered DX	Partition F -> EXOTIQUES -> SAMPLE	EXTQS36	
Wizoo	Powered DX	Partition F -> EXOTIQUES -> SAMPLE	EXTQS39	
Wizoo	Powered DX	Partition F -> EXOTIQUES -> SAMPLE	EXTQS42	
Wizoo	Powered DX	Partition F -> EXOTIQUES -> SAMPLE	EXTQS45	
Wizoo	Powered DX	Partition F -> EXOTIQUES -> SAMPLE	EXTQS48	
Wizoo	Powered DX	Partition F -> EXOTIQUES -> SAMPLE	EXTQS51	
Wizoo	Powered DX	Partition F -> EXOTIQUES -> SAMPLE	EXTQS54	
Wizoo	Powered DX	Partition F -> EXOTIQUES -> SAMPLE	EXTQS57	
Wizoo	Powered DX	Partition F -> EXOTIQUES -> SAMPLE	EXTQS60	
Wizoo	Powered DX	Partition F -> EXOTIQUES -> SAMPLE	EXTQS63	
Wizoo	Powered DX	Partition F -> EXOTIQUES -> SAMPLE	EXTQS66	
Wizoo	Powered DX	Partition F -> EXOTIQUES -> SAMPLE	EXTQS69	
Wizoo	Powered DX	Partition F -> EXOTIQUES -> SAMPLE	EXTQS72	
Wizoo	Powered DX	Partition F -> EXOTIQUES -> SAMPLE	EXTQS75	
Wizoo	Powered DX	Partition F -> EXOTIQUES -> SAMPLE	EXTQS78	
Wizoo	Powered DX	Partition F -> EXOTIQUES -> SAMPLE	EXTQS81	
Wizoo	Powered DX	Partition F -> EXOTIQUES -> SAMPLE	EXTQS84	
Wizoo	Powered DX	Partition F -> EXOTIQUES -> SAMPLE	EXTQS87	
Wizoo	Powered DX	Partition F -> EXOTIQUES -> SAMPLE	EXTQS90	
Wizoo	Powered DX	Partition F -> EXOTIQUES -> SAMPLE	EXTQS93	
Wizoo	Powered DX	Partition F -> EXOTIQUES -> SAMPLE	EXTQS96	
Wizoo	Powered DX	Partition F -> STRINGENT -> PROGRAM	SG CHORUS	
Wizoo	Powered DX	Partition F -> STRINGENT -> PROGRAM	STRINGENT	
Wizoo	Powered DX	Partition F -> STRINGENT -> SAMPLE	STRGT24   -L	
Wizoo	Powered DX	Partition F -> STRINGENT -> SAMPLE	STRGT24   -R	
Wizoo	Powered DX	Partition F -> STRINGENT -> SAMPLE	STRGT27   -L	
Wizoo	Powered DX	Partition F -> STRINGENT -> SAMPLE	STRGT27   -R	
Wizoo	Powered DX	Partition F -> STRINGENT -> SAMPLE	STRGT30   -L	
Wizoo	Powered DX	Partition F -> STRINGENT -> SAMPLE	STRGT30   -R	
Wizoo	Powered DX	Partition F -> STRINGENT -> SAMPLE	STRGT33   -L	
Wizoo	Powered DX	Partition F -> STRINGENT -> SAMPLE	STRGT33   -R	
Wizoo	Powered DX	Partition F -> STRINGENT -> SAMPLE	STRGT36   -L	
Wizoo	Powered DX	Partition F -> STRINGENT -> SAMPLE	STRGT36   -R	
Wizoo	Powered DX	Partition F -> STRINGENT -> SAMPLE	STRGT39   -L	
Wizoo	Powered DX	Partition F -> STRINGENT -> SAMPLE	STRGT39   -R	
Wizoo	Powered DX	Partition F -> STRINGENT -> SAMPLE	STRGT42   -L	
Wizoo	Powered DX	Partition F -> STRINGENT -> SAMPLE	STRGT42   -R	
Wizoo	Powered DX	Partition F -> STRINGENT -> SAMPLE	STRGT45   -L	
Wizoo	Powered DX	Partition F -> STRINGENT -> SAMPLE	STRGT45   -R	
Wizoo	Powered DX	Partition F -> STRINGENT -> SAMPLE	STRGT48   -L	
Wizoo	Powered DX	Partition F -> STRINGENT -> SAMPLE	STRGT48   -R	
Wizoo	Powered DX	Partition F -> STRINGENT -> SAMPLE	STRGT51   -L	
Wizoo	Powered DX	Partition F -> STRINGENT -> SAMPLE	STRGT51   -R	
Wizoo	Powered DX	Partition F -> STRINGENT -> SAMPLE	STRGT54   -L	
Wizoo	Powered DX	Partition F -> STRINGENT -> SAMPLE	STRGT54   -R	
Wizoo	Powered DX	Partition F -> STRINGENT -> SAMPLE	STRGT57   -L	
Wizoo	Powered DX	Partition F -> STRINGENT -> SAMPLE	STRGT57   -R	
Wizoo	Powered DX	Partition F -> STRINGENT -> SAMPLE	STRGT60   -L	
Wizoo	Powered DX	Partition F -> STRINGENT -> SAMPLE	STRGT60   -R	
Wizoo	Powered DX	Partition F -> STRINGENT -> SAMPLE	STRGT63   -L	
Wizoo	Powered DX	Partition F -> STRINGENT -> SAMPLE	STRGT63   -R	
Wizoo	Powered DX	Partition F -> STRINGENT -> SAMPLE	STRGT66   -L	
Wizoo	Powered DX	Partition F -> STRINGENT -> SAMPLE	STRGT66   -R	
Wizoo	Powered DX	Partition F -> STRINGENT -> SAMPLE	STRGT69   -L	
Wizoo	Powered DX	Partition F -> STRINGENT -> SAMPLE	STRGT69   -R	
Wizoo	Powered DX	Partition F -> STRINGENT -> SAMPLE	STRGT72   -L	
Wizoo	Powered DX	Partition F -> STRINGENT -> SAMPLE	STRGT72   -R	
Wizoo	Powered DX	Partition F -> STRINGENT -> SAMPLE	STRGT75   -L	
Wizoo	Powered DX	Partition F -> STRINGENT -> SAMPLE	STRGT75   -R	
Wizoo	Powered DX	Partition F -> STRINGENT -> SAMPLE	STRGT78   -L	
Wizoo	Powered DX	Partition F -> STRINGENT -> SAMPLE	STRGT78   -R	
Wizoo	Powered DX	Partition F -> STRINGENT -> SAMPLE	STRGT81   -L	
Wizoo	Powered DX	Partition F -> STRINGENT -> SAMPLE	STRGT81   -R	
Wizoo	Powered DX	Partition F -> STRINGENT -> SAMPLE	STRGT84   -L	
Wizoo	Powered DX	Partition F -> STRINGENT -> SAMPLE	STRGT84   -R	
Wizoo	Powered DX	Partition F -> STRINGENT -> SAMPLE	STRGT87   -L	
Wizoo	Powered DX	Partition F -> STRINGENT -> SAMPLE	STRGT87   -R	
Wizoo	Powered DX	Partition F -> STRINGENT -> SAMPLE	STRGT90   -L	
Wizoo	Powered DX	Partition F -> STRINGENT -> SAMPLE	STRGT90   -R	
Wizoo	Powered DX	Partition F -> STRINGENT -> SAMPLE	STRGT93   -L	
Wizoo	Powered DX	Partition F -> STRINGENT -> SAMPLE	STRGT93   -R	
Wizoo	Powered DX	Partition F -> STRINGENT -> SAMPLE	STRGT96   -L	
Wizoo	Powered DX	Partition F -> STRINGENT -> SAMPLE	STRGT96   -R	
Wizoo	Powered DX	Partition F -> TIPPI -> PROGRAM	TIPPI	
Wizoo	Powered DX	Partition F -> TIPPI -> PROGRAM	TP 12	
Wizoo	Powered DX	Partition F -> TIPPI -> SAMPLE	TIP24	
Wizoo	Powered DX	Partition F -> TIPPI -> SAMPLE	TIP27	
Wizoo	Powered DX	Partition F -> TIPPI -> SAMPLE	TIP30	
Wizoo	Powered DX	Partition F -> TIPPI -> SAMPLE	TIP33	
Wizoo	Powered DX	Partition F -> TIPPI -> SAMPLE	TIP36	
Wizoo	Powered DX	Partition F -> TIPPI -> SAMPLE	TIP39	
Wizoo	Powered DX	Partition F -> TIPPI -> SAMPLE	TIP42	
Wizoo	Powered DX	Partition F -> TIPPI -> SAMPLE	TIP45	
Wizoo	Powered DX	Partition F -> TIPPI -> SAMPLE	TIP48	
Wizoo	Powered DX	Partition F -> TIPPI -> SAMPLE	TIP51	
Wizoo	Powered DX	Partition F -> TIPPI -> SAMPLE	TIP54	
Wizoo	Powered DX	Partition F -> TIPPI -> SAMPLE	TIP57	
Wizoo	Powered DX	Partition F -> TIPPI -> SAMPLE	TIP60	
Wizoo	Powered DX	Partition F -> TIPPI -> SAMPLE	TIP63	
Wizoo	Powered DX	Partition F -> TIPPI -> SAMPLE	TIP66	
Wizoo	Powered DX	Partition F -> TIPPI -> SAMPLE	TIP69	
Wizoo	Powered DX	Partition F -> TIPPI -> SAMPLE	TIP72	
Wizoo	Powered DX	Partition F -> TIPPI -> SAMPLE	TIP75	
Wizoo	Powered DX	Partition F -> TIPPI -> SAMPLE	TIP78	
Wizoo	Powered DX	Partition F -> TIPPI -> SAMPLE	TIP81	
Wizoo	Powered DX	Partition F -> TIPPI -> SAMPLE	TIP84	
Wizoo	Powered DX	Partition F -> TIPPI -> SAMPLE	TIP87	
Wizoo	Powered DX	Partition F -> TIPPI -> SAMPLE	TIP90	
Wizoo	Powered DX	Partition F -> TIPPI -> SAMPLE	TIP93	
Wizoo	Powered DX	Partition F -> TIPPI -> SAMPLE	TIP96	
Wizoo	Powered DX	Partition F -> VIRGINAL -> PROGRAM	VG 12	
Wizoo	Powered DX	Partition F -> VIRGINAL -> PROGRAM	VIRGINAL	
Wizoo	Powered DX	Partition F -> VIRGINAL -> SAMPLE	VIRGN27	
Wizoo	Powered DX	Partition F -> VIRGINAL -> SAMPLE	VIRGN30	
Wizoo	Powered DX	Partition F -> VIRGINAL -> SAMPLE	VIRGN33	
Wizoo	Powered DX	Partition F -> VIRGINAL -> SAMPLE	VIRGN36	
Wizoo	Powered DX	Partition F -> VIRGINAL -> SAMPLE	VIRGN39	
Wizoo	Powered DX	Partition F -> VIRGINAL -> SAMPLE	VIRGN42	
Wizoo	Powered DX	Partition F -> VIRGINAL -> SAMPLE	VIRGN45	
Wizoo	Powered DX	Partition F -> VIRGINAL -> SAMPLE	VIRGN48	
Wizoo	Powered DX	Partition F -> VIRGINAL -> SAMPLE	VIRGN51	
Wizoo	Powered DX	Partition F -> VIRGINAL -> SAMPLE	VIRGN54	
Wizoo	Powered DX	Partition F -> VIRGINAL -> SAMPLE	VIRGN57	
Wizoo	Powered DX	Partition F -> VIRGINAL -> SAMPLE	VIRGN60	
Wizoo	Powered DX	Partition F -> VIRGINAL -> SAMPLE	VIRGN63	
Wizoo	Powered DX	Partition F -> VIRGINAL -> SAMPLE	VIRGN66	
Wizoo	Powered DX	Partition F -> VIRGINAL -> SAMPLE	VIRGN69	
Wizoo	Powered DX	Partition F -> VIRGINAL -> SAMPLE	VIRGN72	
Wizoo	Powered DX	Partition F -> VIRGINAL -> SAMPLE	VIRGN75	
Wizoo	Powered DX	Partition F -> VIRGINAL -> SAMPLE	VIRGN78	
Wizoo	Powered DX	Partition F -> VIRGINAL -> SAMPLE	VIRGN81	
Wizoo	Powered DX	Partition F -> VIRGINAL -> SAMPLE	VIRGN84	
Wizoo	Powered DX	Partition F -> VIRGINAL -> SAMPLE	VIRGN87	
Wizoo	Powered DX	Partition F -> VIRGINAL -> SAMPLE	VIRGN90	
Wizoo	Powered DX	Partition F -> VIRGINAL -> SAMPLE	VIRGN93	
Wizoo	Powered DX	Partition F -> VIRGINAL -> SAMPLE	VIRGN96	
Wizoo	Powered DX	Partition G -> BOTTLE EDGE -> PROGRAM	BE SOFT	
Wizoo	Powered DX	Partition G -> BOTTLE EDGE -> PROGRAM	BOTTLE EDGE	
Wizoo	Powered DX	Partition G -> BOTTLE EDGE -> SAMPLE	BOTEG24	
Wizoo	Powered DX	Partition G -> BOTTLE EDGE -> SAMPLE	BOTEG27	
Wizoo	Powered DX	Partition G -> BOTTLE EDGE -> SAMPLE	BOTEG30	
Wizoo	Powered DX	Partition G -> BOTTLE EDGE -> SAMPLE	BOTEG33	
Wizoo	Powered DX	Partition G -> BOTTLE EDGE -> SAMPLE	BOTEG36	
Wizoo	Powered DX	Partition G -> BOTTLE EDGE -> SAMPLE	BOTEG39	
Wizoo	Powered DX	Partition G -> BOTTLE EDGE -> SAMPLE	BOTEG42	
Wizoo	Powered DX	Partition G -> BOTTLE EDGE -> SAMPLE	BOTEG45	
Wizoo	Powered DX	Partition G -> BOTTLE EDGE -> SAMPLE	BOTEG48	
Wizoo	Powered DX	Partition G -> BOTTLE EDGE -> SAMPLE	BOTEG51	
Wizoo	Powered DX	Partition G -> BOTTLE EDGE -> SAMPLE	BOTEG54	
Wizoo	Powered DX	Partition G -> BOTTLE EDGE -> SAMPLE	BOTEG57	
Wizoo	Powered DX	Partition G -> BOTTLE EDGE -> SAMPLE	BOTEG60	
Wizoo	Powered DX	Partition G -> BOTTLE EDGE -> SAMPLE	BOTEG63	
Wizoo	Powered DX	Partition G -> BOTTLE EDGE -> SAMPLE	BOTEG66	
Wizoo	Powered DX	Partition G -> BOTTLE EDGE -> SAMPLE	BOTEG69	
Wizoo	Powered DX	Partition G -> BOTTLE EDGE -> SAMPLE	BOTEG72	
Wizoo	Powered DX	Partition G -> BOTTLE EDGE -> SAMPLE	BOTEG75	
Wizoo	Powered DX	Partition G -> BOTTLE EDGE -> SAMPLE	BOTEG78	
Wizoo	Powered DX	Partition G -> BOTTLE EDGE -> SAMPLE	BOTEG81	
Wizoo	Powered DX	Partition G -> BOTTLE EDGE -> SAMPLE	BOTEG84	
Wizoo	Powered DX	Partition G -> BOTTLE EDGE -> SAMPLE	BOTEG87	
Wizoo	Powered DX	Partition G -> BOTTLE EDGE -> SAMPLE	BOTEG90	
Wizoo	Powered DX	Partition G -> BOTTLE EDGE -> SAMPLE	BOTEG93	
Wizoo	Powered DX	Partition G -> BOTTLE EDGE -> SAMPLE	BOTEG96	
Wizoo	Powered DX	Partition G -> GATEGOODUP -> PROGRAM	GATEGOODUP	
Wizoo	Powered DX	Partition G -> GATEGOODUP -> PROGRAM	GGU REVERB	
Wizoo	Powered DX	Partition G -> GATEGOODUP -> SAMPLE	GTGDUP24  -L	
Wizoo	Powered DX	Partition G -> GATEGOODUP -> SAMPLE	GTGDUP24  -R	
Wizoo	Powered DX	Partition G -> GATEGOODUP -> SAMPLE	GTGDUP27  -L	
Wizoo	Powered DX	Partition G -> GATEGOODUP -> SAMPLE	GTGDUP27  -R	
Wizoo	Powered DX	Partition G -> GATEGOODUP -> SAMPLE	GTGDUP30  -L	
Wizoo	Powered DX	Partition G -> GATEGOODUP -> SAMPLE	GTGDUP30  -R	
Wizoo	Powered DX	Partition G -> GATEGOODUP -> SAMPLE	GTGDUP33  -L	
Wizoo	Powered DX	Partition G -> GATEGOODUP -> SAMPLE	GTGDUP33  -R	
Wizoo	Powered DX	Partition G -> GATEGOODUP -> SAMPLE	GTGDUP36  -L	
Wizoo	Powered DX	Partition G -> GATEGOODUP -> SAMPLE	GTGDUP36  -R	
Wizoo	Powered DX	Partition G -> GATEGOODUP -> SAMPLE	GTGDUP39  -L	
Wizoo	Powered DX	Partition G -> GATEGOODUP -> SAMPLE	GTGDUP39  -R	
Wizoo	Powered DX	Partition G -> GATEGOODUP -> SAMPLE	GTGDUP42  -L	
Wizoo	Powered DX	Partition G -> GATEGOODUP -> SAMPLE	GTGDUP42  -R	
Wizoo	Powered DX	Partition G -> GATEGOODUP -> SAMPLE	GTGDUP45  -L	
Wizoo	Powered DX	Partition G -> GATEGOODUP -> SAMPLE	GTGDUP45  -R	
Wizoo	Powered DX	Partition G -> GATEGOODUP -> SAMPLE	GTGDUP48  -L	
Wizoo	Powered DX	Partition G -> GATEGOODUP -> SAMPLE	GTGDUP48  -R	
Wizoo	Powered DX	Partition G -> GATEGOODUP -> SAMPLE	GTGDUP51  -L	
Wizoo	Powered DX	Partition G -> GATEGOODUP -> SAMPLE	GTGDUP51  -R	
Wizoo	Powered DX	Partition G -> GATEGOODUP -> SAMPLE	GTGDUP54  -L	
Wizoo	Powered DX	Partition G -> GATEGOODUP -> SAMPLE	GTGDUP54  -R	
Wizoo	Powered DX	Partition G -> GATEGOODUP -> SAMPLE	GTGDUP57  -L	
Wizoo	Powered DX	Partition G -> GATEGOODUP -> SAMPLE	GTGDUP57  -R	
Wizoo	Powered DX	Partition G -> GATEGOODUP -> SAMPLE	GTGDUP60  -L	
Wizoo	Powered DX	Partition G -> GATEGOODUP -> SAMPLE	GTGDUP60  -R	
Wizoo	Powered DX	Partition G -> GATEGOODUP -> SAMPLE	GTGDUP63  -L	
Wizoo	Powered DX	Partition G -> GATEGOODUP -> SAMPLE	GTGDUP63  -R	
Wizoo	Powered DX	Partition G -> GATEGOODUP -> SAMPLE	GTGDUP66  -L	
Wizoo	Powered DX	Partition G -> GATEGOODUP -> SAMPLE	GTGDUP66  -R	
Wizoo	Powered DX	Partition G -> GATEGOODUP -> SAMPLE	GTGDUP69  -L	
Wizoo	Powered DX	Partition G -> GATEGOODUP -> SAMPLE	GTGDUP69  -R	
Wizoo	Powered DX	Partition G -> GATEGOODUP -> SAMPLE	GTGDUP72  -L	
Wizoo	Powered DX	Partition G -> GATEGOODUP -> SAMPLE	GTGDUP72  -R	
Wizoo	Powered DX	Partition G -> GATEGOODUP -> SAMPLE	GTGDUP75  -L	
Wizoo	Powered DX	Partition G -> GATEGOODUP -> SAMPLE	GTGDUP75  -R	
Wizoo	Powered DX	Partition G -> GATEGOODUP -> SAMPLE	GTGDUP78  -L	
Wizoo	Powered DX	Partition G -> GATEGOODUP -> SAMPLE	GTGDUP78  -R	
Wizoo	Powered DX	Partition G -> GATEGOODUP -> SAMPLE	GTGDUP81  -L	
Wizoo	Powered DX	Partition G -> GATEGOODUP -> SAMPLE	GTGDUP81  -R	
Wizoo	Powered DX	Partition G -> GATEGOODUP -> SAMPLE	GTGDUP84  -L	
Wizoo	Powered DX	Partition G -> GATEGOODUP -> SAMPLE	GTGDUP84  -R	
Wizoo	Powered DX	Partition G -> GATEGOODUP -> SAMPLE	GTGDUP87  -L	
Wizoo	Powered DX	Partition G -> GATEGOODUP -> SAMPLE	GTGDUP87  -R	
Wizoo	Powered DX	Partition G -> GATEGOODUP -> SAMPLE	GTGDUP90  -L	
Wizoo	Powered DX	Partition G -> GATEGOODUP -> SAMPLE	GTGDUP90  -R	
Wizoo	Powered DX	Partition G -> GATEGOODUP -> SAMPLE	GTGDUP93  -L	
Wizoo	Powered DX	Partition G -> GATEGOODUP -> SAMPLE	GTGDUP93  -R	
Wizoo	Powered DX	Partition G -> GATEGOODUP -> SAMPLE	GTGDUP96  -L	
Wizoo	Powered DX	Partition G -> GATEGOODUP -> SAMPLE	GTGDUP96  -R	
Wizoo	Powered DX	Partition G -> JACK ARNOLD -> PROGRAM	JA 12	
Wizoo	Powered DX	Partition G -> JACK ARNOLD -> PROGRAM	JACK ARNOLD	
Wizoo	Powered DX	Partition G -> JACK ARNOLD -> SAMPLE	JARNO24	
Wizoo	Powered DX	Partition G -> JACK ARNOLD -> SAMPLE	JARNO27	
Wizoo	Powered DX	Partition G -> JACK ARNOLD -> SAMPLE	JARNO30	
Wizoo	Powered DX	Partition G -> JACK ARNOLD -> SAMPLE	JARNO33	
Wizoo	Powered DX	Partition G -> JACK ARNOLD -> SAMPLE	JARNO36	
Wizoo	Powered DX	Partition G -> JACK ARNOLD -> SAMPLE	JARNO39	
Wizoo	Powered DX	Partition G -> JACK ARNOLD -> SAMPLE	JARNO42	
Wizoo	Powered DX	Partition G -> JACK ARNOLD -> SAMPLE	JARNO45	
Wizoo	Powered DX	Partition G -> JACK ARNOLD -> SAMPLE	JARNO48	
Wizoo	Powered DX	Partition G -> JACK ARNOLD -> SAMPLE	JARNO51	
Wizoo	Powered DX	Partition G -> JACK ARNOLD -> SAMPLE	JARNO54	
Wizoo	Powered DX	Partition G -> JACK ARNOLD -> SAMPLE	JARNO57	
Wizoo	Powered DX	Partition G -> JACK ARNOLD -> SAMPLE	JARNO60	
Wizoo	Powered DX	Partition G -> JACK ARNOLD -> SAMPLE	JARNO63	
Wizoo	Powered DX	Partition G -> JACK ARNOLD -> SAMPLE	JARNO66	
Wizoo	Powered DX	Partition G -> JACK ARNOLD -> SAMPLE	JARNO69	
Wizoo	Powered DX	Partition G -> JACK ARNOLD -> SAMPLE	JARNO72	
Wizoo	Powered DX	Partition G -> JACK ARNOLD -> SAMPLE	JARNO75	
Wizoo	Powered DX	Partition G -> JACK ARNOLD -> SAMPLE	JARNO78	
Wizoo	Powered DX	Partition G -> JACK ARNOLD -> SAMPLE	JARNO81	
Wizoo	Powered DX	Partition G -> JACK ARNOLD -> SAMPLE	JARNO84	
Wizoo	Powered DX	Partition G -> JACK ARNOLD -> SAMPLE	JARNO87	
Wizoo	Powered DX	Partition G -> JACK ARNOLD -> SAMPLE	JARNO90	
Wizoo	Powered DX	Partition G -> JACK ARNOLD -> SAMPLE	JARNO93	
Wizoo	Powered DX	Partition G -> JACK ARNOLD -> SAMPLE	JARNO96	
Wizoo	Powered DX	Partition G -> WISHUHERE -> PROGRAM	WH 12+24	
Wizoo	Powered DX	Partition G -> WISHUHERE -> PROGRAM	WISHUHERE	
Wizoo	Powered DX	Partition G -> WISHUHERE -> SAMPLE	WUWH24	
Wizoo	Powered DX	Partition G -> WISHUHERE -> SAMPLE	WUWH27	
Wizoo	Powered DX	Partition G -> WISHUHERE -> SAMPLE	WUWH30	
Wizoo	Powered DX	Partition G -> WISHUHERE -> SAMPLE	WUWH33	
Wizoo	Powered DX	Partition G -> WISHUHERE -> SAMPLE	WUWH36	
Wizoo	Powered DX	Partition G -> WISHUHERE -> SAMPLE	WUWH39	
Wizoo	Powered DX	Partition G -> WISHUHERE -> SAMPLE	WUWH42	
Wizoo	Powered DX	Partition G -> WISHUHERE -> SAMPLE	WUWH45	
Wizoo	Powered DX	Partition G -> WISHUHERE -> SAMPLE	WUWH48	
Wizoo	Powered DX	Partition G -> WISHUHERE -> SAMPLE	WUWH51	
Wizoo	Powered DX	Partition G -> WISHUHERE -> SAMPLE	WUWH54	
Wizoo	Powered DX	Partition G -> WISHUHERE -> SAMPLE	WUWH57	
Wizoo	Powered DX	Partition G -> WISHUHERE -> SAMPLE	WUWH60	
Wizoo	Powered DX	Partition G -> WISHUHERE -> SAMPLE	WUWH63	
Wizoo	Powered DX	Partition G -> WISHUHERE -> SAMPLE	WUWH66	
Wizoo	Powered DX	Partition G -> WISHUHERE -> SAMPLE	WUWH69	
Wizoo	Powered DX	Partition G -> WISHUHERE -> SAMPLE	WUWH72	
Wizoo	Powered DX	Partition G -> WISHUHERE -> SAMPLE	WUWH75	
Wizoo	Powered DX	Partition G -> WISHUHERE -> SAMPLE	WUWH78	
Wizoo	Powered DX	Partition G -> WISHUHERE -> SAMPLE	WUWH81	
Wizoo	Powered DX	Partition G -> WISHUHERE -> SAMPLE	WUWH84	
Wizoo	Powered DX	Partition G -> WISHUHERE -> SAMPLE	WUWH87	
Wizoo	Powered DX	Partition G -> WISHUHERE -> SAMPLE	WUWH90	
Wizoo	Powered DX	Partition G -> WISHUHERE -> SAMPLE	WUWH93	
Wizoo	Powered DX	Partition G -> WISHUHERE -> SAMPLE	WUWH96	
Wizoo	Powered DX	Partition H -> POLYMER -> PROGRAM	PM SOFT	
Wizoo	Powered DX	Partition H -> POLYMER -> PROGRAM	POLYMER	
Wizoo	Powered DX	Partition H -> POLYMER -> SAMPLE	POLME24   -L	
Wizoo	Powered DX	Partition H -> POLYMER -> SAMPLE	POLME24   -R	
Wizoo	Powered DX	Partition H -> POLYMER -> SAMPLE	POLME27   -L	
Wizoo	Powered DX	Partition H -> POLYMER -> SAMPLE	POLME27   -R	
Wizoo	Powered DX	Partition H -> POLYMER -> SAMPLE	POLME30   -L	
Wizoo	Powered DX	Partition H -> POLYMER -> SAMPLE	POLME30   -R	
Wizoo	Powered DX	Partition H -> POLYMER -> SAMPLE	POLME33   -L	
Wizoo	Powered DX	Partition H -> POLYMER -> SAMPLE	POLME33   -R	
Wizoo	Powered DX	Partition H -> POLYMER -> SAMPLE	POLME36   -L	
Wizoo	Powered DX	Partition H -> POLYMER -> SAMPLE	POLME36   -R	
Wizoo	Powered DX	Partition H -> POLYMER -> SAMPLE	POLME39   -L	
Wizoo	Powered DX	Partition H -> POLYMER -> SAMPLE	POLME39   -R	
Wizoo	Powered DX	Partition H -> POLYMER -> SAMPLE	POLME42   -L	
Wizoo	Powered DX	Partition H -> POLYMER -> SAMPLE	POLME42   -R	
Wizoo	Powered DX	Partition H -> POLYMER -> SAMPLE	POLME45   -L	
Wizoo	Powered DX	Partition H -> POLYMER -> SAMPLE	POLME45   -R	
Wizoo	Powered DX	Partition H -> POLYMER -> SAMPLE	POLME48   -L	
Wizoo	Powered DX	Partition H -> POLYMER -> SAMPLE	POLME48   -R	
Wizoo	Powered DX	Partition H -> POLYMER -> SAMPLE	POLME51   -L	
Wizoo	Powered DX	Partition H -> POLYMER -> SAMPLE	POLME51   -R	
Wizoo	Powered DX	Partition H -> POLYMER -> SAMPLE	POLME54   -L	
Wizoo	Powered DX	Partition H -> POLYMER -> SAMPLE	POLME54   -R	
Wizoo	Powered DX	Partition H -> POLYMER -> SAMPLE	POLME57   -L	
Wizoo	Powered DX	Partition H -> POLYMER -> SAMPLE	POLME57   -R	
Wizoo	Powered DX	Partition H -> POLYMER -> SAMPLE	POLME60   -L	
Wizoo	Powered DX	Partition H -> POLYMER -> SAMPLE	POLME60   -R	
Wizoo	Powered DX	Partition H -> POLYMER -> SAMPLE	POLME63   -L	
Wizoo	Powered DX	Partition H -> POLYMER -> SAMPLE	POLME63   -R	
Wizoo	Powered DX	Partition H -> POLYMER -> SAMPLE	POLME66   -L	
Wizoo	Powered DX	Partition H -> POLYMER -> SAMPLE	POLME66   -R	
Wizoo	Powered DX	Partition H -> POLYMER -> SAMPLE	POLME69   -L	
Wizoo	Powered DX	Partition H -> POLYMER -> SAMPLE	POLME69   -R	
Wizoo	Powered DX	Partition H -> POLYMER -> SAMPLE	POLME72   -L	
Wizoo	Powered DX	Partition H -> POLYMER -> SAMPLE	POLME72   -R	
Wizoo	Powered DX	Partition H -> POLYMER -> SAMPLE	POLME75   -L	
Wizoo	Powered DX	Partition H -> POLYMER -> SAMPLE	POLME75   -R	
Wizoo	Powered DX	Partition H -> POLYMER -> SAMPLE	POLME78   -L	
Wizoo	Powered DX	Partition H -> POLYMER -> SAMPLE	POLME78   -R	
Wizoo	Powered DX	Partition H -> POLYMER -> SAMPLE	POLME81   -L	
Wizoo	Powered DX	Partition H -> POLYMER -> SAMPLE	POLME81   -R	
Wizoo	Powered DX	Partition H -> POLYMER -> SAMPLE	POLME84   -L	
Wizoo	Powered DX	Partition H -> POLYMER -> SAMPLE	POLME84   -R	
Wizoo	Powered DX	Partition H -> POLYMER -> SAMPLE	POLME87   -L	
Wizoo	Powered DX	Partition H -> POLYMER -> SAMPLE	POLME87   -R	
Wizoo	Powered DX	Partition H -> POLYMER -> SAMPLE	POLME90   -L	
Wizoo	Powered DX	Partition H -> POLYMER -> SAMPLE	POLME90   -R	
Wizoo	Powered DX	Partition H -> POLYMER -> SAMPLE	POLME93   -L	
Wizoo	Powered DX	Partition H -> POLYMER -> SAMPLE	POLME93   -R	
Wizoo	Powered DX	Partition H -> POLYMER -> SAMPLE	POLME96   -L	
Wizoo	Powered DX	Partition H -> POLYMER -> SAMPLE	POLME96   -R	
Wizoo	Powered DX	Partition H -> SNAFU -> PROGRAM	SNAFU	
Wizoo	Powered DX	Partition H -> SNAFU -> PROGRAM	SNAFU 12	
Wizoo	Powered DX	Partition H -> SNAFU -> SAMPLE	SNAFU24   -L	
Wizoo	Powered DX	Partition H -> SNAFU -> SAMPLE	SNAFU24   -R	
Wizoo	Powered DX	Partition H -> SNAFU -> SAMPLE	SNAFU27   -L	
Wizoo	Powered DX	Partition H -> SNAFU -> SAMPLE	SNAFU27   -R	
Wizoo	Powered DX	Partition H -> SNAFU -> SAMPLE	SNAFU30   -L	
Wizoo	Powered DX	Partition H -> SNAFU -> SAMPLE	SNAFU30   -R	
Wizoo	Powered DX	Partition H -> SNAFU -> SAMPLE	SNAFU33   -L	
Wizoo	Powered DX	Partition H -> SNAFU -> SAMPLE	SNAFU33   -R	
Wizoo	Powered DX	Partition H -> SNAFU -> SAMPLE	SNAFU36   -L	
Wizoo	Powered DX	Partition H -> SNAFU -> SAMPLE	SNAFU36   -R	
Wizoo	Powered DX	Partition H -> SNAFU -> SAMPLE	SNAFU39   -L	
Wizoo	Powered DX	Partition H -> SNAFU -> SAMPLE	SNAFU39   -R	
Wizoo	Powered DX	Partition H -> SNAFU -> SAMPLE	SNAFU42   -L	
Wizoo	Powered DX	Partition H -> SNAFU -> SAMPLE	SNAFU42   -R	
Wizoo	Powered DX	Partition H -> SNAFU -> SAMPLE	SNAFU45   -L	
Wizoo	Powered DX	Partition H -> SNAFU -> SAMPLE	SNAFU45   -R	
Wizoo	Powered DX	Partition H -> SNAFU -> SAMPLE	SNAFU48   -L	
Wizoo	Powered DX	Partition H -> SNAFU -> SAMPLE	SNAFU48   -R	
Wizoo	Powered DX	Partition H -> SNAFU -> SAMPLE	SNAFU51   -L	
Wizoo	Powered DX	Partition H -> SNAFU -> SAMPLE	SNAFU51   -R	
Wizoo	Powered DX	Partition H -> SNAFU -> SAMPLE	SNAFU54   -L	
Wizoo	Powered DX	Partition H -> SNAFU -> SAMPLE	SNAFU54   -R	
Wizoo	Powered DX	Partition H -> SNAFU -> SAMPLE	SNAFU57   -L	
Wizoo	Powered DX	Partition H -> SNAFU -> SAMPLE	SNAFU57   -R	
Wizoo	Powered DX	Partition H -> SNAFU -> SAMPLE	SNAFU60   -L	
Wizoo	Powered DX	Partition H -> SNAFU -> SAMPLE	SNAFU60   -R	
Wizoo	Powered DX	Partition H -> SNAFU -> SAMPLE	SNAFU63   -L	
Wizoo	Powered DX	Partition H -> SNAFU -> SAMPLE	SNAFU63   -R	
Wizoo	Powered DX	Partition H -> SNAFU -> SAMPLE	SNAFU66   -L	
Wizoo	Powered DX	Partition H -> SNAFU -> SAMPLE	SNAFU66   -R	
Wizoo	Powered DX	Partition H -> SNAFU -> SAMPLE	SNAFU69   -L	
Wizoo	Powered DX	Partition H -> SNAFU -> SAMPLE	SNAFU69   -R	
Wizoo	Powered DX	Partition H -> SNAFU -> SAMPLE	SNAFU72   -L	
Wizoo	Powered DX	Partition H -> SNAFU -> SAMPLE	SNAFU72   -R	
Wizoo	Powered DX	Partition H -> SNAFU -> SAMPLE	SNAFU75   -L	
Wizoo	Powered DX	Partition H -> SNAFU -> SAMPLE	SNAFU75   -R	
Wizoo	Powered DX	Partition H -> SNAFU -> SAMPLE	SNAFU78   -L	
Wizoo	Powered DX	Partition H -> SNAFU -> SAMPLE	SNAFU78   -R	
Wizoo	Powered DX	Partition H -> SNAFU -> SAMPLE	SNAFU81   -L	
Wizoo	Powered DX	Partition H -> SNAFU -> SAMPLE	SNAFU81   -R	
Wizoo	Powered DX	Partition H -> SNAFU -> SAMPLE	SNAFU84   -L	
Wizoo	Powered DX	Partition H -> SNAFU -> SAMPLE	SNAFU84   -R	
Wizoo	Powered DX	Partition H -> SNAFU -> SAMPLE	SNAFU87   -L	
Wizoo	Powered DX	Partition H -> SNAFU -> SAMPLE	SNAFU87   -R	
Wizoo	Powered DX	Partition H -> SNAFU -> SAMPLE	SNAFU90   -L	
Wizoo	Powered DX	Partition H -> SNAFU -> SAMPLE	SNAFU90   -R	
Wizoo	Powered DX	Partition H -> SNAFU -> SAMPLE	SNAFU93   -L	
Wizoo	Powered DX	Partition H -> SNAFU -> SAMPLE	SNAFU93   -R	
Wizoo	Powered DX	Partition H -> SNAFU -> SAMPLE	SNAFU96   -L	
Wizoo	Powered DX	Partition H -> SNAFU -> SAMPLE	SNAFU96   -R	
Wizoo	Powered DX	Partition H -> SYNBONE -> PROGRAM	SYNBONE	
Wizoo	Powered DX	Partition H -> SYNBONE -> PROGRAM	SYNBONE 12	
Wizoo	Powered DX	Partition H -> SYNBONE -> SAMPLE	SYNBN27	
Wizoo	Powered DX	Partition H -> SYNBONE -> SAMPLE	SYNBN30	
Wizoo	Powered DX	Partition H -> SYNBONE -> SAMPLE	SYNBN33	
Wizoo	Powered DX	Partition H -> SYNBONE -> SAMPLE	SYNBN36	
Wizoo	Powered DX	Partition H -> SYNBONE -> SAMPLE	SYNBN39	
Wizoo	Powered DX	Partition H -> SYNBONE -> SAMPLE	SYNBN42	
Wizoo	Powered DX	Partition H -> SYNBONE -> SAMPLE	SYNBN45	
Wizoo	Powered DX	Partition H -> SYNBONE -> SAMPLE	SYNBN48	
Wizoo	Powered DX	Partition H -> SYNBONE -> SAMPLE	SYNBN51	
Wizoo	Powered DX	Partition H -> SYNBONE -> SAMPLE	SYNBN54	
Wizoo	Powered DX	Partition H -> SYNBONE -> SAMPLE	SYNBN57	
Wizoo	Powered DX	Partition H -> SYNBONE -> SAMPLE	SYNBN60	
Wizoo	Powered DX	Partition H -> SYNBONE -> SAMPLE	SYNBN63	
Wizoo	Powered DX	Partition H -> SYNBONE -> SAMPLE	SYNBN66	
Wizoo	Powered DX	Partition H -> SYNBONE -> SAMPLE	SYNBN69	
Wizoo	Powered DX	Partition H -> SYNBONE -> SAMPLE	SYNBN72	
Wizoo	Powered DX	Partition H -> SYNBONE -> SAMPLE	SYNBN75	
Wizoo	Powered DX	Partition H -> SYNBONE -> SAMPLE	SYNBN78	
Wizoo	Powered DX	Partition H -> SYNBONE -> SAMPLE	SYNBN81	
Wizoo	Powered DX	Partition H -> SYNBONE -> SAMPLE	SYNBN84	
Wizoo	Powered DX	Partition H -> SYNBONE -> SAMPLE	SYNBN87	
Wizoo	Powered DX	Partition H -> SYNBONE -> SAMPLE	SYNBN90	
Wizoo	Powered DX	Partition H -> SYNBONE -> SAMPLE	SYNBN93	
Wizoo	Powered DX	Partition H -> SYNBONE -> SAMPLE	SYNBN96	
Wizoo	Powered DX	Partition I -> FALSEWIRE -> PROGRAM	FALSEWIRE	
Wizoo	Powered DX	Partition I -> FALSEWIRE -> PROGRAM	FW BOWED	
Wizoo	Powered DX	Partition I -> FALSEWIRE -> SAMPLE	FLSWIR24  -L	
Wizoo	Powered DX	Partition I -> FALSEWIRE -> SAMPLE	FLSWIR24  -R	
Wizoo	Powered DX	Partition I -> FALSEWIRE -> SAMPLE	FLSWIR27  -L	
Wizoo	Powered DX	Partition I -> FALSEWIRE -> SAMPLE	FLSWIR27  -R	
Wizoo	Powered DX	Partition I -> FALSEWIRE -> SAMPLE	FLSWIR30  -L	
Wizoo	Powered DX	Partition I -> FALSEWIRE -> SAMPLE	FLSWIR30  -R	
Wizoo	Powered DX	Partition I -> FALSEWIRE -> SAMPLE	FLSWIR33  -L	
Wizoo	Powered DX	Partition I -> FALSEWIRE -> SAMPLE	FLSWIR33  -R	
Wizoo	Powered DX	Partition I -> FALSEWIRE -> SAMPLE	FLSWIR36  -L	
Wizoo	Powered DX	Partition I -> FALSEWIRE -> SAMPLE	FLSWIR36  -R	
Wizoo	Powered DX	Partition I -> FALSEWIRE -> SAMPLE	FLSWIR39  -L	
Wizoo	Powered DX	Partition I -> FALSEWIRE -> SAMPLE	FLSWIR39  -R	
Wizoo	Powered DX	Partition I -> FALSEWIRE -> SAMPLE	FLSWIR42  -L	
Wizoo	Powered DX	Partition I -> FALSEWIRE -> SAMPLE	FLSWIR42  -R	
Wizoo	Powered DX	Partition I -> FALSEWIRE -> SAMPLE	FLSWIR45  -L	
Wizoo	Powered DX	Partition I -> FALSEWIRE -> SAMPLE	FLSWIR45  -R	
Wizoo	Powered DX	Partition I -> FALSEWIRE -> SAMPLE	FLSWIR48  -L	
Wizoo	Powered DX	Partition I -> FALSEWIRE -> SAMPLE	FLSWIR48  -R	
Wizoo	Powered DX	Partition I -> FALSEWIRE -> SAMPLE	FLSWIR51  -L	
Wizoo	Powered DX	Partition I -> FALSEWIRE -> SAMPLE	FLSWIR51  -R	
Wizoo	Powered DX	Partition I -> FALSEWIRE -> SAMPLE	FLSWIR54  -L	
Wizoo	Powered DX	Partition I -> FALSEWIRE -> SAMPLE	FLSWIR54  -R	
Wizoo	Powered DX	Partition I -> FALSEWIRE -> SAMPLE	FLSWIR57  -L	
Wizoo	Powered DX	Partition I -> FALSEWIRE -> SAMPLE	FLSWIR57  -R	
Wizoo	Powered DX	Partition I -> FALSEWIRE -> SAMPLE	FLSWIR60  -L	
Wizoo	Powered DX	Partition I -> FALSEWIRE -> SAMPLE	FLSWIR60  -R	
Wizoo	Powered DX	Partition I -> FALSEWIRE -> SAMPLE	FLSWIR63  -L	
Wizoo	Powered DX	Partition I -> FALSEWIRE -> SAMPLE	FLSWIR63  -R	
Wizoo	Powered DX	Partition I -> FALSEWIRE -> SAMPLE	FLSWIR66  -L	
Wizoo	Powered DX	Partition I -> FALSEWIRE -> SAMPLE	FLSWIR66  -R	
Wizoo	Powered DX	Partition I -> FALSEWIRE -> SAMPLE	FLSWIR69  -L	
Wizoo	Powered DX	Partition I -> FALSEWIRE -> SAMPLE	FLSWIR69  -R	
Wizoo	Powered DX	Partition I -> FALSEWIRE -> SAMPLE	FLSWIR72  -L	
Wizoo	Powered DX	Partition I -> FALSEWIRE -> SAMPLE	FLSWIR72  -R	
Wizoo	Powered DX	Partition I -> FALSEWIRE -> SAMPLE	FLSWIR75  -L	
Wizoo	Powered DX	Partition I -> FALSEWIRE -> SAMPLE	FLSWIR75  -R	
Wizoo	Powered DX	Partition I -> FALSEWIRE -> SAMPLE	FLSWIR78  -L	
Wizoo	Powered DX	Partition I -> FALSEWIRE -> SAMPLE	FLSWIR78  -R	
Wizoo	Powered DX	Partition I -> FALSEWIRE -> SAMPLE	FLSWIR81  -L	
Wizoo	Powered DX	Partition I -> FALSEWIRE -> SAMPLE	FLSWIR81  -R	
Wizoo	Powered DX	Partition I -> FALSEWIRE -> SAMPLE	FLSWIR84  -L	
Wizoo	Powered DX	Partition I -> FALSEWIRE -> SAMPLE	FLSWIR84  -R	
Wizoo	Powered DX	Partition I -> FALSEWIRE -> SAMPLE	FLSWIR87  -L	
Wizoo	Powered DX	Partition I -> FALSEWIRE -> SAMPLE	FLSWIR87  -R	
Wizoo	Powered DX	Partition I -> FALSEWIRE -> SAMPLE	FLSWIR90  -L	
Wizoo	Powered DX	Partition I -> FALSEWIRE -> SAMPLE	FLSWIR90  -R	
Wizoo	Powered DX	Partition I -> FALSEWIRE -> SAMPLE	FLSWIR93  -L	
Wizoo	Powered DX	Partition I -> FALSEWIRE -> SAMPLE	FLSWIR93  -R	
Wizoo	Powered DX	Partition I -> FALSEWIRE -> SAMPLE	FLSWIR96  -L	
Wizoo	Powered DX	Partition I -> FALSEWIRE -> SAMPLE	FLSWIR96  -R	
Platinum24 - Latin Percussion		(Released: August 2002)		Jump to top
AKAI				
Wizoo	Platinum24 - Latin Percussion	CD 1 -> Partition A -> 01AFRCUB 1 A -> PROGRAM	01AFRCUB 1 A	
Wizoo	Platinum24 - Latin Percussion	CD 1 -> Partition A -> 01AFRCUB 1 A -> SAMPLE	48CONHEL1.	
Wizoo	Platinum24 - Latin Percussion	CD 1 -> Partition A -> 01AFRCUB 1 A -> SAMPLE	48CONHEL2.	
Wizoo	Platinum24 - Latin Percussion	CD 1 -> Partition A -> 01AFRCUB 1 A -> SAMPLE	48CONHEL3.	
Wizoo	Platinum24 - Latin Percussion	CD 1 -> Partition A -> 01AFRCUB 1 A -> SAMPLE	48CONHEL4.	
Wizoo	Platinum24 - Latin Percussion	CD 1 -> Partition A -> 01AFRCUB 1 A -> SAMPLE	48CONMTE1.	
Wizoo	Platinum24 - Latin Percussion	CD 1 -> Partition A -> 01AFRCUB 1 A -> SAMPLE	48CONMTE2.	
Wizoo	Platinum24 - Latin Percussion	CD 1 -> Partition A -> 01AFRCUB 1 A -> SAMPLE	48CONMTE3.	
Wizoo	Platinum24 - Latin Percussion	CD 1 -> Partition A -> 01AFRCUB 1 A -> SAMPLE	48CONMTE4.	
Wizoo	Platinum24 - Latin Percussion	CD 1 -> Partition A -> 01AFRCUB 1 A -> SAMPLE	48CONOPN3.	
Wizoo	Platinum24 - Latin Percussion	CD 1 -> Partition A -> 01AFRCUB 1 A -> SAMPLE	48CONOPN5.	
Wizoo	Platinum24 - Latin Percussion	CD 1 -> Partition A -> 01AFRCUB 1 A -> SAMPLE	48CONOPN6.	
Wizoo	Platinum24 - Latin Percussion	CD 1 -> Partition A -> 01AFRCUB 1 A -> SAMPLE	48CONOPN7.	
Wizoo	Platinum24 - Latin Percussion	CD 1 -> Partition A -> 01AFRCUB 1 A -> SAMPLE	48CONSLM1.	
Wizoo	Platinum24 - Latin Percussion	CD 1 -> Partition A -> 01AFRCUB 1 A -> SAMPLE	48CONSLM2.	
Wizoo	Platinum24 - Latin Percussion	CD 1 -> Partition A -> 01AFRCUB 1 A -> SAMPLE	48CONSLM3.	
Wizoo	Platinum24 - Latin Percussion	CD 1 -> Partition A -> 01AFRCUB 1 A -> SAMPLE	48CONSLM4.	
Wizoo	Platinum24 - Latin Percussion	CD 1 -> Partition A -> 01AFRCUB 1 A -> SAMPLE	48CONTIP1.	
Wizoo	Platinum24 - Latin Percussion	CD 1 -> Partition A -> 01AFRCUB 1 A -> SAMPLE	48CONTIP2.	
Wizoo	Platinum24 - Latin Percussion	CD 1 -> Partition A -> 01AFRCUB 1 A -> SAMPLE	48CONTIP3.	
Wizoo	Platinum24 - Latin Percussion	CD 1 -> Partition A -> 01AFRCUB 1 A -> SAMPLE	48CONTIP4.	
Wizoo	Platinum24 - Latin Percussion	CD 1 -> Partition A -> 01AFRCUB 1 A -> SAMPLE	63QTOHEL1.	
Wizoo	Platinum24 - Latin Percussion	CD 1 -> Partition A -> 01AFRCUB 1 A -> SAMPLE	63QTOHEL2.	
Wizoo	Platinum24 - Latin Percussion	CD 1 -> Partition A -> 01AFRCUB 1 A -> SAMPLE	63QTOHEL3.	
Wizoo	Platinum24 - Latin Percussion	CD 1 -> Partition A -> 01AFRCUB 1 A -> SAMPLE	63QTOHEL4.	
Wizoo	Platinum24 - Latin Percussion	CD 1 -> Partition A -> 01AFRCUB 1 A -> SAMPLE	63QTOMTE1.	
Wizoo	Platinum24 - Latin Percussion	CD 1 -> Partition A -> 01AFRCUB 1 A -> SAMPLE	63QTOMTE2.	
Wizoo	Platinum24 - Latin Percussion	CD 1 -> Partition A -> 01AFRCUB 1 A -> SAMPLE	63QTOMTE3.	
Wizoo	Platinum24 - Latin Percussion	CD 1 -> Partition A -> 01AFRCUB 1 A -> SAMPLE	63QTOMTE4.	
Wizoo	Platinum24 - Latin Percussion	CD 1 -> Partition A -> 01AFRCUB 1 A -> SAMPLE	63QTOOPN23	
Wizoo	Platinum24 - Latin Percussion	CD 1 -> Partition A -> 01AFRCUB 1 A -> SAMPLE	63QTOOPN25	
Wizoo	Platinum24 - Latin Percussion	CD 1 -> Partition A -> 01AFRCUB 1 A -> SAMPLE	63QTOOPN26	
Wizoo	Platinum24 - Latin Percussion	CD 1 -> Partition A -> 01AFRCUB 1 A -> SAMPLE	63QTOOPN28	
Wizoo	Platinum24 - Latin Percussion	CD 1 -> Partition A -> 01AFRCUB 1 A -> SAMPLE	63QTOSLM1.	
Wizoo	Platinum24 - Latin Percussion	CD 1 -> Partition A -> 01AFRCUB 1 A -> SAMPLE	63QTOSLM2.	
Wizoo	Platinum24 - Latin Percussion	CD 1 -> Partition A -> 01AFRCUB 1 A -> SAMPLE	63QTOSLM3.	
Wizoo	Platinum24 - Latin Percussion	CD 1 -> Partition A -> 01AFRCUB 1 A -> SAMPLE	63QTOSLM4.	
Wizoo	Platinum24 - Latin Percussion	CD 1 -> Partition A -> 01AFRCUB 1 A -> SAMPLE	63QTOTIP1.	
Wizoo	Platinum24 - Latin Percussion	CD 1 -> Partition A -> 01AFRCUB 1 A -> SAMPLE	63QTOTIP2.	
Wizoo	Platinum24 - Latin Percussion	CD 1 -> Partition A -> 01AFRCUB 1 A -> SAMPLE	63QTOTIP3.	
Wizoo	Platinum24 - Latin Percussion	CD 1 -> Partition A -> 01AFRCUB 1 A -> SAMPLE	63QTOTIP4.-L	
Wizoo	Platinum24 - Latin Percussion	CD 1 -> Partition A -> 01AFRCUB 1 A -> SAMPLE	63QTOTIP4.-R	
Wizoo	Platinum24 - Latin Percussion	CD 1 -> Partition A -> 01AFRCUB 1 A -> SAMPLE	64TUBHEL1.	
Wizoo	Platinum24 - Latin Percussion	CD 1 -> Partition A -> 01AFRCUB 1 A -> SAMPLE	64TUBHEL2.	
Wizoo	Platinum24 - Latin Percussion	CD 1 -> Partition A -> 01AFRCUB 1 A -> SAMPLE	64TUBHEL3.	
Wizoo	Platinum24 - Latin Percussion	CD 1 -> Partition A -> 01AFRCUB 1 A -> SAMPLE	64TUBHEL4.	
Wizoo	Platinum24 - Latin Percussion	CD 1 -> Partition A -> 01AFRCUB 1 A -> SAMPLE	64TUBMTE1.	
Wizoo	Platinum24 - Latin Percussion	CD 1 -> Partition A -> 01AFRCUB 1 A -> SAMPLE	64TUBMTE2.	
Wizoo	Platinum24 - Latin Percussion	CD 1 -> Partition A -> 01AFRCUB 1 A -> SAMPLE	64TUBMTE3.	
Wizoo	Platinum24 - Latin Percussion	CD 1 -> Partition A -> 01AFRCUB 1 A -> SAMPLE	64TUBMTE4.	
Wizoo	Platinum24 - Latin Percussion	CD 1 -> Partition A -> 01AFRCUB 1 A -> SAMPLE	64TUBOPN2.	
Wizoo	Platinum24 - Latin Percussion	CD 1 -> Partition A -> 01AFRCUB 1 A -> SAMPLE	64TUBOPN4.	
Wizoo	Platinum24 - Latin Percussion	CD 1 -> Partition A -> 01AFRCUB 1 A -> SAMPLE	64TUBOPN6.	
Wizoo	Platinum24 - Latin Percussion	CD 1 -> Partition A -> 01AFRCUB 1 A -> SAMPLE	64TUBOPN8.	
Wizoo	Platinum24 - Latin Percussion	CD 1 -> Partition A -> 01AFRCUB 1 A -> SAMPLE	64TUBSLO1.	
Wizoo	Platinum24 - Latin Percussion	CD 1 -> Partition A -> 01AFRCUB 1 A -> SAMPLE	64TUBSLO2.	
Wizoo	Platinum24 - Latin Percussion	CD 1 -> Partition A -> 01AFRCUB 1 A -> SAMPLE	64TUBSLO3.	
Wizoo	Platinum24 - Latin Percussion	CD 1 -> Partition A -> 01AFRCUB 1 A -> SAMPLE	64TUBSLO4.	
Wizoo	Platinum24 - Latin Percussion	CD 1 -> Partition A -> 01AFRCUB 1 A -> SAMPLE	64TUBTIP1.	
Wizoo	Platinum24 - Latin Percussion	CD 1 -> Partition A -> 01AFRCUB 1 A -> SAMPLE	64TUBTIP2.	
Wizoo	Platinum24 - Latin Percussion	CD 1 -> Partition A -> 01AFRCUB 1 A -> SAMPLE	64TUBTIP3.	
Wizoo	Platinum24 - Latin Percussion	CD 1 -> Partition A -> 01AFRCUB 1 A -> SAMPLE	64TUBTIP4.	
Wizoo	Platinum24 - Latin Percussion	CD 1 -> Partition A -> 02AFRCUB 1 B -> PROGRAM	02AFRCUB 1 B	
Wizoo	Platinum24 - Latin Percussion	CD 1 -> Partition A -> 02AFRCUB 1 B -> SAMPLE	60BOHHEL1.	
Wizoo	Platinum24 - Latin Percussion	CD 1 -> Partition A -> 02AFRCUB 1 B -> SAMPLE	60BOHHEL2.	
Wizoo	Platinum24 - Latin Percussion	CD 1 -> Partition A -> 02AFRCUB 1 B -> SAMPLE	60BOHHEL3.	
Wizoo	Platinum24 - Latin Percussion	CD 1 -> Partition A -> 02AFRCUB 1 B -> SAMPLE	60BOHHEL4.	
Wizoo	Platinum24 - Latin Percussion	CD 1 -> Partition A -> 02AFRCUB 1 B -> SAMPLE	60BOHOPN2.	
Wizoo	Platinum24 - Latin Percussion	CD 1 -> Partition A -> 02AFRCUB 1 B -> SAMPLE	60BOHOPN4.	
Wizoo	Platinum24 - Latin Percussion	CD 1 -> Partition A -> 02AFRCUB 1 B -> SAMPLE	60BOHOPN6.	
Wizoo	Platinum24 - Latin Percussion	CD 1 -> Partition A -> 02AFRCUB 1 B -> SAMPLE	60BOHOPN8.	
Wizoo	Platinum24 - Latin Percussion	CD 1 -> Partition A -> 02AFRCUB 1 B -> SAMPLE	60BOHRIM1.	
Wizoo	Platinum24 - Latin Percussion	CD 1 -> Partition A -> 02AFRCUB 1 B -> SAMPLE	60BOHRIM2.	
Wizoo	Platinum24 - Latin Percussion	CD 1 -> Partition A -> 02AFRCUB 1 B -> SAMPLE	60BOHRIM3.	
Wizoo	Platinum24 - Latin Percussion	CD 1 -> Partition A -> 02AFRCUB 1 B -> SAMPLE	60BOHRIM4.	
Wizoo	Platinum24 - Latin Percussion	CD 1 -> Partition A -> 02AFRCUB 1 B -> SAMPLE	60BOHSLP1.	
Wizoo	Platinum24 - Latin Percussion	CD 1 -> Partition A -> 02AFRCUB 1 B -> SAMPLE	60BOHSLP2.	
Wizoo	Platinum24 - Latin Percussion	CD 1 -> Partition A -> 02AFRCUB 1 B -> SAMPLE	60BOHSLP3.	
Wizoo	Platinum24 - Latin Percussion	CD 1 -> Partition A -> 02AFRCUB 1 B -> SAMPLE	60BOHSLP4.	
Wizoo	Platinum24 - Latin Percussion	CD 1 -> Partition A -> 02AFRCUB 1 B -> SAMPLE	60BOHTIP1.	
Wizoo	Platinum24 - Latin Percussion	CD 1 -> Partition A -> 02AFRCUB 1 B -> SAMPLE	60BOHTIP2.	
Wizoo	Platinum24 - Latin Percussion	CD 1 -> Partition A -> 02AFRCUB 1 B -> SAMPLE	60BOHTIP3.	
Wizoo	Platinum24 - Latin Percussion	CD 1 -> Partition A -> 02AFRCUB 1 B -> SAMPLE	60BOHTIP4.	
Wizoo	Platinum24 - Latin Percussion	CD 1 -> Partition A -> 02AFRCUB 1 B -> SAMPLE	61BOLHEL1.	
Wizoo	Platinum24 - Latin Percussion	CD 1 -> Partition A -> 02AFRCUB 1 B -> SAMPLE	61BOLHEL2.	
Wizoo	Platinum24 - Latin Percussion	CD 1 -> Partition A -> 02AFRCUB 1 B -> SAMPLE	61BOLHEL3.	
Wizoo	Platinum24 - Latin Percussion	CD 1 -> Partition A -> 02AFRCUB 1 B -> SAMPLE	61BOLHEL4.	
Wizoo	Platinum24 - Latin Percussion	CD 1 -> Partition A -> 02AFRCUB 1 B -> SAMPLE	61BOLOPN2.	
Wizoo	Platinum24 - Latin Percussion	CD 1 -> Partition A -> 02AFRCUB 1 B -> SAMPLE	61BOLOPN4.	
Wizoo	Platinum24 - Latin Percussion	CD 1 -> Partition A -> 02AFRCUB 1 B -> SAMPLE	61BOLOPN6.	
Wizoo	Platinum24 - Latin Percussion	CD 1 -> Partition A -> 02AFRCUB 1 B -> SAMPLE	61BOLOPN8.	
Wizoo	Platinum24 - Latin Percussion	CD 1 -> Partition A -> 02AFRCUB 1 B -> SAMPLE	61BOLRIM1.	
Wizoo	Platinum24 - Latin Percussion	CD 1 -> Partition A -> 02AFRCUB 1 B -> SAMPLE	61BOLRIM2.	
Wizoo	Platinum24 - Latin Percussion	CD 1 -> Partition A -> 02AFRCUB 1 B -> SAMPLE	61BOLRIM3.	
Wizoo	Platinum24 - Latin Percussion	CD 1 -> Partition A -> 02AFRCUB 1 B -> SAMPLE	61BOLRIM4.	
Wizoo	Platinum24 - Latin Percussion	CD 1 -> Partition A -> 02AFRCUB 1 B -> SAMPLE	61BOLSLP1.	
Wizoo	Platinum24 - Latin Percussion	CD 1 -> Partition A -> 02AFRCUB 1 B -> SAMPLE	61BOLSLP2.	
Wizoo	Platinum24 - Latin Percussion	CD 1 -> Partition A -> 02AFRCUB 1 B -> SAMPLE	61BOLSLP3.	
Wizoo	Platinum24 - Latin Percussion	CD 1 -> Partition A -> 02AFRCUB 1 B -> SAMPLE	61BOLSLP4.	
Wizoo	Platinum24 - Latin Percussion	CD 1 -> Partition A -> 02AFRCUB 1 B -> SAMPLE	61BOLTIP1.	
Wizoo	Platinum24 - Latin Percussion	CD 1 -> Partition A -> 02AFRCUB 1 B -> SAMPLE	61BOLTIP2.	
Wizoo	Platinum24 - Latin Percussion	CD 1 -> Partition A -> 02AFRCUB 1 B -> SAMPLE	61BOLTIP3.	
Wizoo	Platinum24 - Latin Percussion	CD 1 -> Partition A -> 02AFRCUB 1 B -> SAMPLE	61BOLTIP4.	
Wizoo	Platinum24 - Latin Percussion	CD 1 -> Partition A -> 03AFRCUB 1 C -> PROGRAM	03AFRCUB 1 C	
Wizoo	Platinum24 - Latin Percussion	CD 1 -> Partition A -> 03AFRCUB 1 C -> SAMPLE	56COW2SH1.	
Wizoo	Platinum24 - Latin Percussion	CD 1 -> Partition A -> 03AFRCUB 1 C -> SAMPLE	56COW2SH2.	
Wizoo	Platinum24 - Latin Percussion	CD 1 -> Partition A -> 03AFRCUB 1 C -> SAMPLE	56COW2SH3.	
Wizoo	Platinum24 - Latin Percussion	CD 1 -> Partition A -> 03AFRCUB 1 C -> SAMPLE	56COW2SH4.	
Wizoo	Platinum24 - Latin Percussion	CD 1 -> Partition A -> 03AFRCUB 1 C -> SAMPLE	56COW5SH1.	
Wizoo	Platinum24 - Latin Percussion	CD 1 -> Partition A -> 03AFRCUB 1 C -> SAMPLE	56COW5SH2.	
Wizoo	Platinum24 - Latin Percussion	CD 1 -> Partition A -> 03AFRCUB 1 C -> SAMPLE	56COW5SH3.	
Wizoo	Platinum24 - Latin Percussion	CD 1 -> Partition A -> 03AFRCUB 1 C -> SAMPLE	56COW5SH4.	
Wizoo	Platinum24 - Latin Percussion	CD 1 -> Partition A -> 03AFRCUB 1 C -> SAMPLE	65TIHCAS1.	
Wizoo	Platinum24 - Latin Percussion	CD 1 -> Partition A -> 03AFRCUB 1 C -> SAMPLE	65TIHCAS2.	
Wizoo	Platinum24 - Latin Percussion	CD 1 -> Partition A -> 03AFRCUB 1 C -> SAMPLE	65TIHCAS3.	
Wizoo	Platinum24 - Latin Percussion	CD 1 -> Partition A -> 03AFRCUB 1 C -> SAMPLE	65TIHCAS4.	
Wizoo	Platinum24 - Latin Percussion	CD 1 -> Partition A -> 03AFRCUB 1 C -> SAMPLE	65TIHMTE1.	
Wizoo	Platinum24 - Latin Percussion	CD 1 -> Partition A -> 03AFRCUB 1 C -> SAMPLE	65TIHMTE2.	
Wizoo	Platinum24 - Latin Percussion	CD 1 -> Partition A -> 03AFRCUB 1 C -> SAMPLE	65TIHMTE3.	
Wizoo	Platinum24 - Latin Percussion	CD 1 -> Partition A -> 03AFRCUB 1 C -> SAMPLE	65TIHMTE4.	
Wizoo	Platinum24 - Latin Percussion	CD 1 -> Partition A -> 03AFRCUB 1 C -> SAMPLE	65TIHOPN2.	
Wizoo	Platinum24 - Latin Percussion	CD 1 -> Partition A -> 03AFRCUB 1 C -> SAMPLE	65TIHOPN4.	
Wizoo	Platinum24 - Latin Percussion	CD 1 -> Partition A -> 03AFRCUB 1 C -> SAMPLE	65TIHOPN5.	
Wizoo	Platinum24 - Latin Percussion	CD 1 -> Partition A -> 03AFRCUB 1 C -> SAMPLE	65TIHOPN8.	
Wizoo	Platinum24 - Latin Percussion	CD 1 -> Partition A -> 03AFRCUB 1 C -> SAMPLE	65TIHRIM1.	
Wizoo	Platinum24 - Latin Percussion	CD 1 -> Partition A -> 03AFRCUB 1 C -> SAMPLE	65TIHRIM2.	
Wizoo	Platinum24 - Latin Percussion	CD 1 -> Partition A -> 03AFRCUB 1 C -> SAMPLE	65TIHRIM3.	
Wizoo	Platinum24 - Latin Percussion	CD 1 -> Partition A -> 03AFRCUB 1 C -> SAMPLE	65TIHRIM4.	
Wizoo	Platinum24 - Latin Percussion	CD 1 -> Partition A -> 03AFRCUB 1 C -> SAMPLE	66TILCAS1.	
Wizoo	Platinum24 - Latin Percussion	CD 1 -> Partition A -> 03AFRCUB 1 C -> SAMPLE	66TILCAS2.	
Wizoo	Platinum24 - Latin Percussion	CD 1 -> Partition A -> 03AFRCUB 1 C -> SAMPLE	66TILCAS3.	
Wizoo	Platinum24 - Latin Percussion	CD 1 -> Partition A -> 03AFRCUB 1 C -> SAMPLE	66TILCAS4.	
Wizoo	Platinum24 - Latin Percussion	CD 1 -> Partition A -> 03AFRCUB 1 C -> SAMPLE	66TILMTE1.	
Wizoo	Platinum24 - Latin Percussion	CD 1 -> Partition A -> 03AFRCUB 1 C -> SAMPLE	66TILMTE2.	
Wizoo	Platinum24 - Latin Percussion	CD 1 -> Partition A -> 03AFRCUB 1 C -> SAMPLE	66TILMTE3.	
Wizoo	Platinum24 - Latin Percussion	CD 1 -> Partition A -> 03AFRCUB 1 C -> SAMPLE	66TILMTE4.	
Wizoo	Platinum24 - Latin Percussion	CD 1 -> Partition A -> 03AFRCUB 1 C -> SAMPLE	66TILOPN2.	
Wizoo	Platinum24 - Latin Percussion	CD 1 -> Partition A -> 03AFRCUB 1 C -> SAMPLE	66TILOPN4.	
Wizoo	Platinum24 - Latin Percussion	CD 1 -> Partition A -> 03AFRCUB 1 C -> SAMPLE	66TILOPN5.	
Wizoo	Platinum24 - Latin Percussion	CD 1 -> Partition A -> 03AFRCUB 1 C -> SAMPLE	66TILOPN8.	
Wizoo	Platinum24 - Latin Percussion	CD 1 -> Partition A -> 03AFRCUB 1 C -> SAMPLE	66TILRIM1.	
Wizoo	Platinum24 - Latin Percussion	CD 1 -> Partition A -> 03AFRCUB 1 C -> SAMPLE	66TILRIM2.	
Wizoo	Platinum24 - Latin Percussion	CD 1 -> Partition A -> 03AFRCUB 1 C -> SAMPLE	66TILRIM3.	
Wizoo	Platinum24 - Latin Percussion	CD 1 -> Partition A -> 03AFRCUB 1 C -> SAMPLE	66TILRIM4.	
Wizoo	Platinum24 - Latin Percussion	CD 1 -> Partition A -> 03AFRCUB 1 C -> SAMPLE	76WD1H1.AI	
Wizoo	Platinum24 - Latin Percussion	CD 1 -> Partition A -> 03AFRCUB 1 C -> SAMPLE	76WD1H2.AI	
Wizoo	Platinum24 - Latin Percussion	CD 1 -> Partition A -> 03AFRCUB 1 C -> SAMPLE	76WD1H3.AI	
Wizoo	Platinum24 - Latin Percussion	CD 1 -> Partition A -> 03AFRCUB 1 C -> SAMPLE	76WD1H4.AI	
Wizoo	Platinum24 - Latin Percussion	CD 1 -> Partition A -> 03AFRCUB 1 C -> SAMPLE	77WD1L1.AI	
Wizoo	Platinum24 - Latin Percussion	CD 1 -> Partition A -> 03AFRCUB 1 C -> SAMPLE	77WD1L2.AI	
Wizoo	Platinum24 - Latin Percussion	CD 1 -> Partition A -> 03AFRCUB 1 C -> SAMPLE	77WD1L3.AI	
Wizoo	Platinum24 - Latin Percussion	CD 1 -> Partition A -> 03AFRCUB 1 C -> SAMPLE	77WD1L4.AI	
Wizoo	Platinum24 - Latin Percussion	CD 1 -> Partition A -> 03AFRCUB 1 C -> SAMPLE	77WD1M1.AI	
Wizoo	Platinum24 - Latin Percussion	CD 1 -> Partition A -> 03AFRCUB 1 C -> SAMPLE	77WD1M2.AI	
Wizoo	Platinum24 - Latin Percussion	CD 1 -> Partition A -> 03AFRCUB 1 C -> SAMPLE	77WD1M3.AI	
Wizoo	Platinum24 - Latin Percussion	CD 1 -> Partition A -> 03AFRCUB 1 C -> SAMPLE	77WD1M4.AI	
Wizoo	Platinum24 - Latin Percussion	CD 1 -> Partition A -> 04AFRCUB 1 D -> PROGRAM	04AFRCUB 1 D	
Wizoo	Platinum24 - Latin Percussion	CD 1 -> Partition A -> 04AFRCUB 1 D -> SAMPLE	54TAM4HT1.	
Wizoo	Platinum24 - Latin Percussion	CD 1 -> Partition A -> 04AFRCUB 1 D -> SAMPLE	54TAM4HT2.	
Wizoo	Platinum24 - Latin Percussion	CD 1 -> Partition A -> 04AFRCUB 1 D -> SAMPLE	54TAM4HT3.	
Wizoo	Platinum24 - Latin Percussion	CD 1 -> Partition A -> 04AFRCUB 1 D -> SAMPLE	54TAM4HT5.	
Wizoo	Platinum24 - Latin Percussion	CD 1 -> Partition A -> 04AFRCUB 1 D -> SAMPLE	54TAM4SH1.	
Wizoo	Platinum24 - Latin Percussion	CD 1 -> Partition A -> 04AFRCUB 1 D -> SAMPLE	54TAM4SH2.	
Wizoo	Platinum24 - Latin Percussion	CD 1 -> Partition A -> 04AFRCUB 1 D -> SAMPLE	54TAM4SH3.	
Wizoo	Platinum24 - Latin Percussion	CD 1 -> Partition A -> 04AFRCUB 1 D -> SAMPLE	54TAM4SH5.	
Wizoo	Platinum24 - Latin Percussion	CD 1 -> Partition A -> 04AFRCUB 1 D -> SAMPLE	55CY1FNOP1	
Wizoo	Platinum24 - Latin Percussion	CD 1 -> Partition A -> 04AFRCUB 1 D -> SAMPLE	55CY1FNOP2	
Wizoo	Platinum24 - Latin Percussion	CD 1 -> Partition A -> 04AFRCUB 1 D -> SAMPLE	55CY1FNOP3	
Wizoo	Platinum24 - Latin Percussion	CD 1 -> Partition A -> 04AFRCUB 1 D -> SAMPLE	55CY1FNOP4	
Wizoo	Platinum24 - Latin Percussion	CD 1 -> Partition A -> 04AFRCUB 1 D -> SAMPLE	55CY1FNSP1	
Wizoo	Platinum24 - Latin Percussion	CD 1 -> Partition A -> 04AFRCUB 1 D -> SAMPLE	55CY1FNSP2	
Wizoo	Platinum24 - Latin Percussion	CD 1 -> Partition A -> 04AFRCUB 1 D -> SAMPLE	55CY1FNSP3	
Wizoo	Platinum24 - Latin Percussion	CD 1 -> Partition A -> 04AFRCUB 1 D -> SAMPLE	55CY1FNSP4	
Wizoo	Platinum24 - Latin Percussion	CD 1 -> Partition A -> 04AFRCUB 1 D -> SAMPLE	58VB3CE1.A	
Wizoo	Platinum24 - Latin Percussion	CD 1 -> Partition A -> 04AFRCUB 1 D -> SAMPLE	58VB3CE2.A	
Wizoo	Platinum24 - Latin Percussion	CD 1 -> Partition A -> 04AFRCUB 1 D -> SAMPLE	70MAR1A1.A	
Wizoo	Platinum24 - Latin Percussion	CD 1 -> Partition A -> 04AFRCUB 1 D -> SAMPLE	70MAR1A3.A	
Wizoo	Platinum24 - Latin Percussion	CD 1 -> Partition A -> 04AFRCUB 1 D -> SAMPLE	70MAR1A4.A	
Wizoo	Platinum24 - Latin Percussion	CD 1 -> Partition A -> 04AFRCUB 1 D -> SAMPLE	70MAR1A6.A	
Wizoo	Platinum24 - Latin Percussion	CD 1 -> Partition A -> 04AFRCUB 1 D -> SAMPLE	70MAR5B2.A	
Wizoo	Platinum24 - Latin Percussion	CD 1 -> Partition A -> 04AFRCUB 1 D -> SAMPLE	70MAR5B3.A	
Wizoo	Platinum24 - Latin Percussion	CD 1 -> Partition A -> 04AFRCUB 1 D -> SAMPLE	70MAR5B4.A	
Wizoo	Platinum24 - Latin Percussion	CD 1 -> Partition A -> 04AFRCUB 1 D -> SAMPLE	70MAR5B6.A	
Wizoo	Platinum24 - Latin Percussion	CD 1 -> Partition A -> 04AFRCUB 1 D -> SAMPLE	74GU6D1.AI	
Wizoo	Platinum24 - Latin Percussion	CD 1 -> Partition A -> 04AFRCUB 1 D -> SAMPLE	74GU6D2.AI	
Wizoo	Platinum24 - Latin Percussion	CD 1 -> Partition A -> 04AFRCUB 1 D -> SAMPLE	74GU6DU1.A	
Wizoo	Platinum24 - Latin Percussion	CD 1 -> Partition A -> 04AFRCUB 1 D -> SAMPLE	74GU6DU2.A	
Wizoo	Platinum24 - Latin Percussion	CD 1 -> Partition A -> 04AFRCUB 1 D -> SAMPLE	74GU6TP1.A	
Wizoo	Platinum24 - Latin Percussion	CD 1 -> Partition A -> 04AFRCUB 1 D -> SAMPLE	75CLV021.A	
Wizoo	Platinum24 - Latin Percussion	CD 1 -> Partition A -> 04AFRCUB 1 D -> SAMPLE	75CLV022.A	
Wizoo	Platinum24 - Latin Percussion	CD 1 -> Partition A -> 04AFRCUB 1 D -> SAMPLE	75CLV023.A	
Wizoo	Platinum24 - Latin Percussion	CD 1 -> Partition A -> 04AFRCUB 1 D -> SAMPLE	75CLV024.A	
Wizoo	Platinum24 - Latin Percussion	CD 1 -> Partition A -> 04AFRCUB 1 D -> SAMPLE	75CLV041.A	
Wizoo	Platinum24 - Latin Percussion	CD 1 -> Partition A -> 04AFRCUB 1 D -> SAMPLE	75CLV042.A	
Wizoo	Platinum24 - Latin Percussion	CD 1 -> Partition A -> 04AFRCUB 1 D -> SAMPLE	75CLV043.A	
Wizoo	Platinum24 - Latin Percussion	CD 1 -> Partition A -> 04AFRCUB 1 D -> SAMPLE	75CLV044.A	
Wizoo	Platinum24 - Latin Percussion	CD 1 -> Partition A -> 04AFRCUB 1 D -> SAMPLE	80TRI3M1.A	
Wizoo	Platinum24 - Latin Percussion	CD 1 -> Partition A -> 04AFRCUB 1 D -> SAMPLE	80TRI3M2.A	
Wizoo	Platinum24 - Latin Percussion	CD 1 -> Partition A -> 04AFRCUB 1 D -> SAMPLE	80TRI3M3.A	
Wizoo	Platinum24 - Latin Percussion	CD 1 -> Partition A -> 04AFRCUB 1 D -> SAMPLE	80TRI3M4.A	
Wizoo	Platinum24 - Latin Percussion	CD 1 -> Partition A -> 04AFRCUB 1 D -> SAMPLE	81TRI3BO1.	
Wizoo	Platinum24 - Latin Percussion	CD 1 -> Partition A -> 04AFRCUB 1 D -> SAMPLE	81TRI3BO2.	
Wizoo	Platinum24 - Latin Percussion	CD 1 -> Partition A -> 04AFRCUB 1 D -> SAMPLE	81TRI3BO3.	
Wizoo	Platinum24 - Latin Percussion	CD 1 -> Partition A -> 04AFRCUB 1 D -> SAMPLE	81TRI3BO4.	
Wizoo	Platinum24 - Latin Percussion	CD 1 -> Partition A -> 04AFRCUB 1 D -> SAMPLE	82SHK1A1.A	
Wizoo	Platinum24 - Latin Percussion	CD 1 -> Partition A -> 04AFRCUB 1 D -> SAMPLE	82SHK1A3.A	
Wizoo	Platinum24 - Latin Percussion	CD 1 -> Partition A -> 04AFRCUB 1 D -> SAMPLE	82SHK1A4.A	
Wizoo	Platinum24 - Latin Percussion	CD 1 -> Partition A -> 04AFRCUB 1 D -> SAMPLE	82SHK1A6.A	
Wizoo	Platinum24 - Latin Percussion	CD 1 -> Partition A -> 04AFRCUB 1 D -> SAMPLE	82SHKAF21.	
Wizoo	Platinum24 - Latin Percussion	CD 1 -> Partition A -> 04AFRCUB 1 D -> SAMPLE	82SHKAF23.	
Wizoo	Platinum24 - Latin Percussion	CD 1 -> Partition A -> 04AFRCUB 1 D -> SAMPLE	82SHKAF24.	
Wizoo	Platinum24 - Latin Percussion	CD 1 -> Partition A -> 04AFRCUB 1 D -> SAMPLE	82SHKAF26.	
Wizoo	Platinum24 - Latin Percussion	CD 1 -> Partition A -> 04AFRCUB 1 D -> SAMPLE	84CH1SDM1.	
Wizoo	Platinum24 - Latin Percussion	CD 1 -> Partition A -> 04AFRCUB 1 D -> SAMPLE	84CH1SDM2.	
Wizoo	Platinum24 - Latin Percussion	CD 1 -> Partition B -> 01AFRCUB 2 A -> PROGRAM	01AFRCUB 2 A	
Wizoo	Platinum24 - Latin Percussion	CD 1 -> Partition B -> 01AFRCUB 2 A -> SAMPLE	48CONHEL1.	
Wizoo	Platinum24 - Latin Percussion	CD 1 -> Partition B -> 01AFRCUB 2 A -> SAMPLE	48CONHEL2.	
Wizoo	Platinum24 - Latin Percussion	CD 1 -> Partition B -> 01AFRCUB 2 A -> SAMPLE	48CONHEL3.	
Wizoo	Platinum24 - Latin Percussion	CD 1 -> Partition B -> 01AFRCUB 2 A -> SAMPLE	48CONHEL4.	
Wizoo	Platinum24 - Latin Percussion	CD 1 -> Partition B -> 01AFRCUB 2 A -> SAMPLE	48CONMTE2.	
Wizoo	Platinum24 - Latin Percussion	CD 1 -> Partition B -> 01AFRCUB 2 A -> SAMPLE	48CONMTE3.	
Wizoo	Platinum24 - Latin Percussion	CD 1 -> Partition B -> 01AFRCUB 2 A -> SAMPLE	48CONMTE4.	
Wizoo	Platinum24 - Latin Percussion	CD 1 -> Partition B -> 01AFRCUB 2 A -> SAMPLE	48CONMTE6.	
Wizoo	Platinum24 - Latin Percussion	CD 1 -> Partition B -> 01AFRCUB 2 A -> SAMPLE	48CONOPN5.	
Wizoo	Platinum24 - Latin Percussion	CD 1 -> Partition B -> 01AFRCUB 2 A -> SAMPLE	48CONOPN9.	
Wizoo	Platinum24 - Latin Percussion	CD 1 -> Partition B -> 01AFRCUB 2 A -> SAMPLE	48CONOPN13	
Wizoo	Platinum24 - Latin Percussion	CD 1 -> Partition B -> 01AFRCUB 2 A -> SAMPLE	48CONOPN19	
Wizoo	Platinum24 - Latin Percussion	CD 1 -> Partition B -> 01AFRCUB 2 A -> SAMPLE	48CONSLP1.	
Wizoo	Platinum24 - Latin Percussion	CD 1 -> Partition B -> 01AFRCUB 2 A -> SAMPLE	48CONSLP2.	
Wizoo	Platinum24 - Latin Percussion	CD 1 -> Partition B -> 01AFRCUB 2 A -> SAMPLE	48CONSLP3.	
Wizoo	Platinum24 - Latin Percussion	CD 1 -> Partition B -> 01AFRCUB 2 A -> SAMPLE	48CONSLP4.	
Wizoo	Platinum24 - Latin Percussion	CD 1 -> Partition B -> 01AFRCUB 2 A -> SAMPLE	48CONTIP1.	
Wizoo	Platinum24 - Latin Percussion	CD 1 -> Partition B -> 01AFRCUB 2 A -> SAMPLE	48CONTIP2.	
Wizoo	Platinum24 - Latin Percussion	CD 1 -> Partition B -> 01AFRCUB 2 A -> SAMPLE	48CONTIP3.	
Wizoo	Platinum24 - Latin Percussion	CD 1 -> Partition B -> 01AFRCUB 2 A -> SAMPLE	48CONTIP4.	
Wizoo	Platinum24 - Latin Percussion	CD 1 -> Partition B -> 01AFRCUB 2 A -> SAMPLE	63QTOHEL1.	
Wizoo	Platinum24 - Latin Percussion	CD 1 -> Partition B -> 01AFRCUB 2 A -> SAMPLE	63QTOHEL2.	
Wizoo	Platinum24 - Latin Percussion	CD 1 -> Partition B -> 01AFRCUB 2 A -> SAMPLE	63QTOHEL3.	
Wizoo	Platinum24 - Latin Percussion	CD 1 -> Partition B -> 01AFRCUB 2 A -> SAMPLE	63QTOHEL4.	
Wizoo	Platinum24 - Latin Percussion	CD 1 -> Partition B -> 01AFRCUB 2 A -> SAMPLE	63QTOMTE1.	
Wizoo	Platinum24 - Latin Percussion	CD 1 -> Partition B -> 01AFRCUB 2 A -> SAMPLE	63QTOMTE3.	
Wizoo	Platinum24 - Latin Percussion	CD 1 -> Partition B -> 01AFRCUB 2 A -> SAMPLE	63QTOMTE5.	
Wizoo	Platinum24 - Latin Percussion	CD 1 -> Partition B -> 01AFRCUB 2 A -> SAMPLE	63QTOMTE6.	
Wizoo	Platinum24 - Latin Percussion	CD 1 -> Partition B -> 01AFRCUB 2 A -> SAMPLE	63QTOOPN4.	
Wizoo	Platinum24 - Latin Percussion	CD 1 -> Partition B -> 01AFRCUB 2 A -> SAMPLE	63QTOOPN9.	
Wizoo	Platinum24 - Latin Percussion	CD 1 -> Partition B -> 01AFRCUB 2 A -> SAMPLE	63QTOOPN13	
Wizoo	Platinum24 - Latin Percussion	CD 1 -> Partition B -> 01AFRCUB 2 A -> SAMPLE	63QTOOPN20	
Wizoo	Platinum24 - Latin Percussion	CD 1 -> Partition B -> 01AFRCUB 2 A -> SAMPLE	63QTOSLP2.	
Wizoo	Platinum24 - Latin Percussion	CD 1 -> Partition B -> 01AFRCUB 2 A -> SAMPLE	63QTOSLP3.	
Wizoo	Platinum24 - Latin Percussion	CD 1 -> Partition B -> 01AFRCUB 2 A -> SAMPLE	63QTOSLP4.	
Wizoo	Platinum24 - Latin Percussion	CD 1 -> Partition B -> 01AFRCUB 2 A -> SAMPLE	63QTOSLP6.	
Wizoo	Platinum24 - Latin Percussion	CD 1 -> Partition B -> 01AFRCUB 2 A -> SAMPLE	63QTOTIP1.	
Wizoo	Platinum24 - Latin Percussion	CD 1 -> Partition B -> 01AFRCUB 2 A -> SAMPLE	63QTOTIP2.	
Wizoo	Platinum24 - Latin Percussion	CD 1 -> Partition B -> 01AFRCUB 2 A -> SAMPLE	63QTOTIP3.	
Wizoo	Platinum24 - Latin Percussion	CD 1 -> Partition B -> 01AFRCUB 2 A -> SAMPLE	63QTOTIP4.	
Wizoo	Platinum24 - Latin Percussion	CD 1 -> Partition B -> 01AFRCUB 2 A -> SAMPLE	64TUBHEL1.	
Wizoo	Platinum24 - Latin Percussion	CD 1 -> Partition B -> 01AFRCUB 2 A -> SAMPLE	64TUBHEL2.	
Wizoo	Platinum24 - Latin Percussion	CD 1 -> Partition B -> 01AFRCUB 2 A -> SAMPLE	64TUBHEL3.	
Wizoo	Platinum24 - Latin Percussion	CD 1 -> Partition B -> 01AFRCUB 2 A -> SAMPLE	64TUBHEL4.	
Wizoo	Platinum24 - Latin Percussion	CD 1 -> Partition B -> 01AFRCUB 2 A -> SAMPLE	64TUBMTE2.	
Wizoo	Platinum24 - Latin Percussion	CD 1 -> Partition B -> 01AFRCUB 2 A -> SAMPLE	64TUBMTE3.	
Wizoo	Platinum24 - Latin Percussion	CD 1 -> Partition B -> 01AFRCUB 2 A -> SAMPLE	64TUBMTE5.	
Wizoo	Platinum24 - Latin Percussion	CD 1 -> Partition B -> 01AFRCUB 2 A -> SAMPLE	64TUBMTE6.	
Wizoo	Platinum24 - Latin Percussion	CD 1 -> Partition B -> 01AFRCUB 2 A -> SAMPLE	64TUBOPN4.	
Wizoo	Platinum24 - Latin Percussion	CD 1 -> Partition B -> 01AFRCUB 2 A -> SAMPLE	64TUBOPN9.	
Wizoo	Platinum24 - Latin Percussion	CD 1 -> Partition B -> 01AFRCUB 2 A -> SAMPLE	64TUBOPN14	
Wizoo	Platinum24 - Latin Percussion	CD 1 -> Partition B -> 01AFRCUB 2 A -> SAMPLE	64TUBOPN20	
Wizoo	Platinum24 - Latin Percussion	CD 1 -> Partition B -> 01AFRCUB 2 A -> SAMPLE	64TUBSLO2.	
Wizoo	Platinum24 - Latin Percussion	CD 1 -> Partition B -> 01AFRCUB 2 A -> SAMPLE	64TUBSLO3.	
Wizoo	Platinum24 - Latin Percussion	CD 1 -> Partition B -> 01AFRCUB 2 A -> SAMPLE	64TUBSLO4.	
Wizoo	Platinum24 - Latin Percussion	CD 1 -> Partition B -> 01AFRCUB 2 A -> SAMPLE	64TUBSLO6.	
Wizoo	Platinum24 - Latin Percussion	CD 1 -> Partition B -> 01AFRCUB 2 A -> SAMPLE	64TUBTIP1.	
Wizoo	Platinum24 - Latin Percussion	CD 1 -> Partition B -> 01AFRCUB 2 A -> SAMPLE	64TUBTIP2.	
Wizoo	Platinum24 - Latin Percussion	CD 1 -> Partition B -> 01AFRCUB 2 A -> SAMPLE	64TUBTIP3.	
Wizoo	Platinum24 - Latin Percussion	CD 1 -> Partition B -> 01AFRCUB 2 A -> SAMPLE	64TUBTIP4.	
Wizoo	Platinum24 - Latin Percussion	CD 1 -> Partition B -> 02AFRCUB 2 B -> PROGRAM	02AFRCUB 2 B	
Wizoo	Platinum24 - Latin Percussion	CD 1 -> Partition B -> 02AFRCUB 2 B -> SAMPLE	60BOHHEL1.	
Wizoo	Platinum24 - Latin Percussion	CD 1 -> Partition B -> 02AFRCUB 2 B -> SAMPLE	60BOHHEL2.	
Wizoo	Platinum24 - Latin Percussion	CD 1 -> Partition B -> 02AFRCUB 2 B -> SAMPLE	60BOHHEL3.	
Wizoo	Platinum24 - Latin Percussion	CD 1 -> Partition B -> 02AFRCUB 2 B -> SAMPLE	60BOHHEL4.	
Wizoo	Platinum24 - Latin Percussion	CD 1 -> Partition B -> 02AFRCUB 2 B -> SAMPLE	60BOHOPN4.	
Wizoo	Platinum24 - Latin Percussion	CD 1 -> Partition B -> 02AFRCUB 2 B -> SAMPLE	60BOHOPN9.	
Wizoo	Platinum24 - Latin Percussion	CD 1 -> Partition B -> 02AFRCUB 2 B -> SAMPLE	60BOHOPN13	
Wizoo	Platinum24 - Latin Percussion	CD 1 -> Partition B -> 02AFRCUB 2 B -> SAMPLE	60BOHOPN20	
Wizoo	Platinum24 - Latin Percussion	CD 1 -> Partition B -> 02AFRCUB 2 B -> SAMPLE	60BOHRIM1.	
Wizoo	Platinum24 - Latin Percussion	CD 1 -> Partition B -> 02AFRCUB 2 B -> SAMPLE	60BOHRIM2.	
Wizoo	Platinum24 - Latin Percussion	CD 1 -> Partition B -> 02AFRCUB 2 B -> SAMPLE	60BOHRIM4.	
Wizoo	Platinum24 - Latin Percussion	CD 1 -> Partition B -> 02AFRCUB 2 B -> SAMPLE	60BOHRIM6.	
Wizoo	Platinum24 - Latin Percussion	CD 1 -> Partition B -> 02AFRCUB 2 B -> SAMPLE	60BOHSLP2.	
Wizoo	Platinum24 - Latin Percussion	CD 1 -> Partition B -> 02AFRCUB 2 B -> SAMPLE	60BOHSLP3.	
Wizoo	Platinum24 - Latin Percussion	CD 1 -> Partition B -> 02AFRCUB 2 B -> SAMPLE	60BOHSLP4.	
Wizoo	Platinum24 - Latin Percussion	CD 1 -> Partition B -> 02AFRCUB 2 B -> SAMPLE	60BOHSLP5.	
Wizoo	Platinum24 - Latin Percussion	CD 1 -> Partition B -> 02AFRCUB 2 B -> SAMPLE	60BOHTIP1.	
Wizoo	Platinum24 - Latin Percussion	CD 1 -> Partition B -> 02AFRCUB 2 B -> SAMPLE	60BOHTIP2.	
Wizoo	Platinum24 - Latin Percussion	CD 1 -> Partition B -> 02AFRCUB 2 B -> SAMPLE	60BOHTIP3.	
Wizoo	Platinum24 - Latin Percussion	CD 1 -> Partition B -> 02AFRCUB 2 B -> SAMPLE	60BOHTIP4.	
Wizoo	Platinum24 - Latin Percussion	CD 1 -> Partition B -> 02AFRCUB 2 B -> SAMPLE	61BOLHEL1.	
Wizoo	Platinum24 - Latin Percussion	CD 1 -> Partition B -> 02AFRCUB 2 B -> SAMPLE	61BOLHEL2.	
Wizoo	Platinum24 - Latin Percussion	CD 1 -> Partition B -> 02AFRCUB 2 B -> SAMPLE	61BOLHEL3.	
Wizoo	Platinum24 - Latin Percussion	CD 1 -> Partition B -> 02AFRCUB 2 B -> SAMPLE	61BOLHEL4.	
Wizoo	Platinum24 - Latin Percussion	CD 1 -> Partition B -> 02AFRCUB 2 B -> SAMPLE	61BOLOPN4.	
Wizoo	Platinum24 - Latin Percussion	CD 1 -> Partition B -> 02AFRCUB 2 B -> SAMPLE	61BOLOPN8.	
Wizoo	Platinum24 - Latin Percussion	CD 1 -> Partition B -> 02AFRCUB 2 B -> SAMPLE	61BOLOPN13	
Wizoo	Platinum24 - Latin Percussion	CD 1 -> Partition B -> 02AFRCUB 2 B -> SAMPLE	61BOLOPN20	
Wizoo	Platinum24 - Latin Percussion	CD 1 -> Partition B -> 02AFRCUB 2 B -> SAMPLE	61BOLRIM1.	
Wizoo	Platinum24 - Latin Percussion	CD 1 -> Partition B -> 02AFRCUB 2 B -> SAMPLE	61BOLRIM2.	
Wizoo	Platinum24 - Latin Percussion	CD 1 -> Partition B -> 02AFRCUB 2 B -> SAMPLE	61BOLRIM3.	
Wizoo	Platinum24 - Latin Percussion	CD 1 -> Partition B -> 02AFRCUB 2 B -> SAMPLE	61BOLRIM6.	
Wizoo	Platinum24 - Latin Percussion	CD 1 -> Partition B -> 02AFRCUB 2 B -> SAMPLE	61BOLSLP1.	
Wizoo	Platinum24 - Latin Percussion	CD 1 -> Partition B -> 02AFRCUB 2 B -> SAMPLE	61BOLSLP3.	
Wizoo	Platinum24 - Latin Percussion	CD 1 -> Partition B -> 02AFRCUB 2 B -> SAMPLE	61BOLSLP4.	
Wizoo	Platinum24 - Latin Percussion	CD 1 -> Partition B -> 02AFRCUB 2 B -> SAMPLE	61BOLSLP6.	
Wizoo	Platinum24 - Latin Percussion	CD 1 -> Partition B -> 02AFRCUB 2 B -> SAMPLE	61BOLTIP1.	
Wizoo	Platinum24 - Latin Percussion	CD 1 -> Partition B -> 02AFRCUB 2 B -> SAMPLE	61BOLTIP2.	
Wizoo	Platinum24 - Latin Percussion	CD 1 -> Partition B -> 02AFRCUB 2 B -> SAMPLE	61BOLTIP3.	
Wizoo	Platinum24 - Latin Percussion	CD 1 -> Partition B -> 02AFRCUB 2 B -> SAMPLE	61BOLTIP4.	
Wizoo	Platinum24 - Latin Percussion	CD 1 -> Partition B -> 03AFRCUB 2 C -> PROGRAM	03AFRCUB 2 C	
Wizoo	Platinum24 - Latin Percussion	CD 1 -> Partition B -> 03AFRCUB 2 C -> SAMPLE	65T2HRIM1.	
Wizoo	Platinum24 - Latin Percussion	CD 1 -> Partition B -> 03AFRCUB 2 C -> SAMPLE	65T2HRIM2.	
Wizoo	Platinum24 - Latin Percussion	CD 1 -> Partition B -> 03AFRCUB 2 C -> SAMPLE	65T2HRIM3.	
Wizoo	Platinum24 - Latin Percussion	CD 1 -> Partition B -> 03AFRCUB 2 C -> SAMPLE	65T2HRIM6.	
Wizoo	Platinum24 - Latin Percussion	CD 1 -> Partition B -> 03AFRCUB 2 C -> SAMPLE	65TI2HCAS1	
Wizoo	Platinum24 - Latin Percussion	CD 1 -> Partition B -> 03AFRCUB 2 C -> SAMPLE	65TI2HCAS2	
Wizoo	Platinum24 - Latin Percussion	CD 1 -> Partition B -> 03AFRCUB 2 C -> SAMPLE	65TI2HCAS3	
Wizoo	Platinum24 - Latin Percussion	CD 1 -> Partition B -> 03AFRCUB 2 C -> SAMPLE	65TI2HCAS4-L	
Wizoo	Platinum24 - Latin Percussion	CD 1 -> Partition B -> 03AFRCUB 2 C -> SAMPLE	65TI2HCAS4-R	
Wizoo	Platinum24 - Latin Percussion	CD 1 -> Partition B -> 03AFRCUB 2 C -> SAMPLE	65TI2HMTE2	
Wizoo	Platinum24 - Latin Percussion	CD 1 -> Partition B -> 03AFRCUB 2 C -> SAMPLE	65TI2HMTE3	
Wizoo	Platinum24 - Latin Percussion	CD 1 -> Partition B -> 03AFRCUB 2 C -> SAMPLE	65TI2HMTE4	
Wizoo	Platinum24 - Latin Percussion	CD 1 -> Partition B -> 03AFRCUB 2 C -> SAMPLE	65TI2HMTE6	
Wizoo	Platinum24 - Latin Percussion	CD 1 -> Partition B -> 03AFRCUB 2 C -> SAMPLE	65TI2HOPN2	
Wizoo	Platinum24 - Latin Percussion	CD 1 -> Partition B -> 03AFRCUB 2 C -> SAMPLE	65TI2HOPN3	
Wizoo	Platinum24 - Latin Percussion	CD 1 -> Partition B -> 03AFRCUB 2 C -> SAMPLE	65TI2HOPN5	
Wizoo	Platinum24 - Latin Percussion	CD 1 -> Partition B -> 03AFRCUB 2 C -> SAMPLE	65TI2HOPN8	
Wizoo	Platinum24 - Latin Percussion	CD 1 -> Partition B -> 03AFRCUB 2 C -> SAMPLE	66TI2LCAS1	
Wizoo	Platinum24 - Latin Percussion	CD 1 -> Partition B -> 03AFRCUB 2 C -> SAMPLE	66TI2LCAS2	
Wizoo	Platinum24 - Latin Percussion	CD 1 -> Partition B -> 03AFRCUB 2 C -> SAMPLE	66TI2LCAS3	
Wizoo	Platinum24 - Latin Percussion	CD 1 -> Partition B -> 03AFRCUB 2 C -> SAMPLE	66TI2LCAS4	
Wizoo	Platinum24 - Latin Percussion	CD 1 -> Partition B -> 03AFRCUB 2 C -> SAMPLE	66TI2LMTE2	
Wizoo	Platinum24 - Latin Percussion	CD 1 -> Partition B -> 03AFRCUB 2 C -> SAMPLE	66TI2LMTE3	
Wizoo	Platinum24 - Latin Percussion	CD 1 -> Partition B -> 03AFRCUB 2 C -> SAMPLE	66TI2LMTE4	
Wizoo	Platinum24 - Latin Percussion	CD 1 -> Partition B -> 03AFRCUB 2 C -> SAMPLE	66TI2LMTE6	
Wizoo	Platinum24 - Latin Percussion	CD 1 -> Partition B -> 03AFRCUB 2 C -> SAMPLE	66TI2LOPN1	
Wizoo	Platinum24 - Latin Percussion	CD 1 -> Partition B -> 03AFRCUB 2 C -> SAMPLE	66TI2LOPN2	
Wizoo	Platinum24 - Latin Percussion	CD 1 -> Partition B -> 03AFRCUB 2 C -> SAMPLE	66TI2LOPN3	
Wizoo	Platinum24 - Latin Percussion	CD 1 -> Partition B -> 03AFRCUB 2 C -> SAMPLE	66TI2LOPN5	
Wizoo	Platinum24 - Latin Percussion	CD 1 -> Partition B -> 03AFRCUB 2 C -> SAMPLE	66TI2LRIM2	
Wizoo	Platinum24 - Latin Percussion	CD 1 -> Partition B -> 03AFRCUB 2 C -> SAMPLE	66TI2LRIM4	
Wizoo	Platinum24 - Latin Percussion	CD 1 -> Partition B -> 03AFRCUB 2 C -> SAMPLE	66TI2LRIM6	
Wizoo	Platinum24 - Latin Percussion	CD 1 -> Partition B -> 03AFRCUB 2 C -> SAMPLE	66TI2LRIM8	
Wizoo	Platinum24 - Latin Percussion	CD 1 -> Partition B -> 04AFRCUB 2 D -> PROGRAM	04AFRCUB 2 D	
Wizoo	Platinum24 - Latin Percussion	CD 1 -> Partition B -> 04AFRCUB 2 D -> SAMPLE	54TAM6HT1.	
Wizoo	Platinum24 - Latin Percussion	CD 1 -> Partition B -> 04AFRCUB 2 D -> SAMPLE	54TAM6HT2.	
Wizoo	Platinum24 - Latin Percussion	CD 1 -> Partition B -> 04AFRCUB 2 D -> SAMPLE	54TAM6HT3.	
Wizoo	Platinum24 - Latin Percussion	CD 1 -> Partition B -> 04AFRCUB 2 D -> SAMPLE	54TAM6HT5.	
Wizoo	Platinum24 - Latin Percussion	CD 1 -> Partition B -> 04AFRCUB 2 D -> SAMPLE	54TAM6SH1.	
Wizoo	Platinum24 - Latin Percussion	CD 1 -> Partition B -> 04AFRCUB 2 D -> SAMPLE	54TAM6SH2.	
Wizoo	Platinum24 - Latin Percussion	CD 1 -> Partition B -> 04AFRCUB 2 D -> SAMPLE	54TAM6SH4.	
Wizoo	Platinum24 - Latin Percussion	CD 1 -> Partition B -> 04AFRCUB 2 D -> SAMPLE	54TAM6SH5.	
Wizoo	Platinum24 - Latin Percussion	CD 1 -> Partition B -> 04AFRCUB 2 D -> SAMPLE	56COW1SH1.	
Wizoo	Platinum24 - Latin Percussion	CD 1 -> Partition B -> 04AFRCUB 2 D -> SAMPLE	56COW1SH2.	
Wizoo	Platinum24 - Latin Percussion	CD 1 -> Partition B -> 04AFRCUB 2 D -> SAMPLE	56COW1SH3.	
Wizoo	Platinum24 - Latin Percussion	CD 1 -> Partition B -> 04AFRCUB 2 D -> SAMPLE	56COW1SH4.	
Wizoo	Platinum24 - Latin Percussion	CD 1 -> Partition B -> 04AFRCUB 2 D -> SAMPLE	56COW5ED1.	
Wizoo	Platinum24 - Latin Percussion	CD 1 -> Partition B -> 04AFRCUB 2 D -> SAMPLE	56COW5ED2.	
Wizoo	Platinum24 - Latin Percussion	CD 1 -> Partition B -> 04AFRCUB 2 D -> SAMPLE	56COW5ED3.	
Wizoo	Platinum24 - Latin Percussion	CD 1 -> Partition B -> 04AFRCUB 2 D -> SAMPLE	56COW5ED4.	
Wizoo	Platinum24 - Latin Percussion	CD 1 -> Partition B -> 04AFRCUB 2 D -> SAMPLE	58VB4CE1.A	
Wizoo	Platinum24 - Latin Percussion	CD 1 -> Partition B -> 04AFRCUB 2 D -> SAMPLE	58VB4CE2.A	
Wizoo	Platinum24 - Latin Percussion	CD 1 -> Partition B -> 04AFRCUB 2 D -> SAMPLE	70MAR3A2.A	
Wizoo	Platinum24 - Latin Percussion	CD 1 -> Partition B -> 04AFRCUB 2 D -> SAMPLE	70MAR3A3.A	
Wizoo	Platinum24 - Latin Percussion	CD 1 -> Partition B -> 04AFRCUB 2 D -> SAMPLE	70MAR3A4.A	
Wizoo	Platinum24 - Latin Percussion	CD 1 -> Partition B -> 04AFRCUB 2 D -> SAMPLE	70MAR3A6.A	
Wizoo	Platinum24 - Latin Percussion	CD 1 -> Partition B -> 04AFRCUB 2 D -> SAMPLE	70MAR4A2.A	
Wizoo	Platinum24 - Latin Percussion	CD 1 -> Partition B -> 04AFRCUB 2 D -> SAMPLE	70MAR4A3.A	
Wizoo	Platinum24 - Latin Percussion	CD 1 -> Partition B -> 04AFRCUB 2 D -> SAMPLE	70MAR4A4.A	
Wizoo	Platinum24 - Latin Percussion	CD 1 -> Partition B -> 04AFRCUB 2 D -> SAMPLE	70MAR4A6.A	
Wizoo	Platinum24 - Latin Percussion	CD 1 -> Partition B -> 04AFRCUB 2 D -> SAMPLE	74GU4D1.AI	
Wizoo	Platinum24 - Latin Percussion	CD 1 -> Partition B -> 04AFRCUB 2 D -> SAMPLE	74GU4D2.AI	
Wizoo	Platinum24 - Latin Percussion	CD 1 -> Partition B -> 04AFRCUB 2 D -> SAMPLE	74GU4DU1	
Wizoo	Platinum24 - Latin Percussion	CD 1 -> Partition B -> 04AFRCUB 2 D -> SAMPLE	74GU4DU2	
Wizoo	Platinum24 - Latin Percussion	CD 1 -> Partition B -> 04AFRCUB 2 D -> SAMPLE	74GU4TP1.A	
Wizoo	Platinum24 - Latin Percussion	CD 1 -> Partition B -> 04AFRCUB 2 D -> SAMPLE	74GU4TP2.A	
Wizoo	Platinum24 - Latin Percussion	CD 1 -> Partition B -> 04AFRCUB 2 D -> SAMPLE	75CLV031.A	
Wizoo	Platinum24 - Latin Percussion	CD 1 -> Partition B -> 04AFRCUB 2 D -> SAMPLE	75CLV032.A	
Wizoo	Platinum24 - Latin Percussion	CD 1 -> Partition B -> 04AFRCUB 2 D -> SAMPLE	75CLV033.A	
Wizoo	Platinum24 - Latin Percussion	CD 1 -> Partition B -> 04AFRCUB 2 D -> SAMPLE	75CLV034.A	
Wizoo	Platinum24 - Latin Percussion	CD 1 -> Partition B -> 04AFRCUB 2 D -> SAMPLE	75CLV051.A	
Wizoo	Platinum24 - Latin Percussion	CD 1 -> Partition B -> 04AFRCUB 2 D -> SAMPLE	75CLV052.A	
Wizoo	Platinum24 - Latin Percussion	CD 1 -> Partition B -> 04AFRCUB 2 D -> SAMPLE	75CLV053.A	
Wizoo	Platinum24 - Latin Percussion	CD 1 -> Partition B -> 04AFRCUB 2 D -> SAMPLE	75CLV054.A	
Wizoo	Platinum24 - Latin Percussion	CD 1 -> Partition B -> 04AFRCUB 2 D -> SAMPLE	76WD2H1.AI	
Wizoo	Platinum24 - Latin Percussion	CD 1 -> Partition B -> 04AFRCUB 2 D -> SAMPLE	76WD2H2.AI	
Wizoo	Platinum24 - Latin Percussion	CD 1 -> Partition B -> 04AFRCUB 2 D -> SAMPLE	76WD2H3.AI	
Wizoo	Platinum24 - Latin Percussion	CD 1 -> Partition B -> 04AFRCUB 2 D -> SAMPLE	76WD2H4.AI	
Wizoo	Platinum24 - Latin Percussion	CD 1 -> Partition B -> 04AFRCUB 2 D -> SAMPLE	77WD1L1.AI	
Wizoo	Platinum24 - Latin Percussion	CD 1 -> Partition B -> 04AFRCUB 2 D -> SAMPLE	77WD1L2.AI	
Wizoo	Platinum24 - Latin Percussion	CD 1 -> Partition B -> 04AFRCUB 2 D -> SAMPLE	77WD1L3.AI	
Wizoo	Platinum24 - Latin Percussion	CD 1 -> Partition B -> 04AFRCUB 2 D -> SAMPLE	77WD1L4.AI	
Wizoo	Platinum24 - Latin Percussion	CD 1 -> Partition B -> 04AFRCUB 2 D -> SAMPLE	77WD2L1.AI	
Wizoo	Platinum24 - Latin Percussion	CD 1 -> Partition B -> 04AFRCUB 2 D -> SAMPLE	77WD2L2.AI	
Wizoo	Platinum24 - Latin Percussion	CD 1 -> Partition B -> 04AFRCUB 2 D -> SAMPLE	77WD2L3.AI	
Wizoo	Platinum24 - Latin Percussion	CD 1 -> Partition B -> 04AFRCUB 2 D -> SAMPLE	77WD2L4.AI	
Wizoo	Platinum24 - Latin Percussion	CD 1 -> Partition B -> 04AFRCUB 2 D -> SAMPLE	82SKMT11.A	
Wizoo	Platinum24 - Latin Percussion	CD 1 -> Partition B -> 04AFRCUB 2 D -> SAMPLE	82SKMT13.A	
Wizoo	Platinum24 - Latin Percussion	CD 1 -> Partition B -> 04AFRCUB 2 D -> SAMPLE	82SKMT14.A	
Wizoo	Platinum24 - Latin Percussion	CD 1 -> Partition B -> 04AFRCUB 2 D -> SAMPLE	82SKMT16.A	
Wizoo	Platinum24 - Latin Percussion	CD 1 -> Partition B -> 04AFRCUB 2 D -> SAMPLE	82SKRT11.A	
Wizoo	Platinum24 - Latin Percussion	CD 1 -> Partition B -> 04AFRCUB 2 D -> SAMPLE	82SKRT13.A	
Wizoo	Platinum24 - Latin Percussion	CD 1 -> Partition B -> 04AFRCUB 2 D -> SAMPLE	82SKRT14.A	
Wizoo	Platinum24 - Latin Percussion	CD 1 -> Partition B -> 04AFRCUB 2 D -> SAMPLE	82SKRT16.A	
Wizoo	Platinum24 - Latin Percussion	CD 1 -> Partition B -> 05AFRCUB 2 E -> PROGRAM	05AFRCUB 2 E	
Wizoo	Platinum24 - Latin Percussion	CD 1 -> Partition B -> 05AFRCUB 2 E -> SAMPLE	54TAM6EF1.	
Wizoo	Platinum24 - Latin Percussion	CD 1 -> Partition B -> 05AFRCUB 2 E -> SAMPLE	54TAM6EF2.	
Wizoo	Platinum24 - Latin Percussion	CD 1 -> Partition B -> 05AFRCUB 2 E -> SAMPLE	54TAM6EF3.	
Wizoo	Platinum24 - Latin Percussion	CD 1 -> Partition B -> 05AFRCUB 2 E -> SAMPLE	54TAM6EF4.	
Wizoo	Platinum24 - Latin Percussion	CD 1 -> Partition B -> 05AFRCUB 2 E -> SAMPLE	55CY2FNOP1	
Wizoo	Platinum24 - Latin Percussion	CD 1 -> Partition B -> 05AFRCUB 2 E -> SAMPLE	55CY2FNOP2	
Wizoo	Platinum24 - Latin Percussion	CD 1 -> Partition B -> 05AFRCUB 2 E -> SAMPLE	55CY2FNOP3	
Wizoo	Platinum24 - Latin Percussion	CD 1 -> Partition B -> 05AFRCUB 2 E -> SAMPLE	55CY2FNOP4	
Wizoo	Platinum24 - Latin Percussion	CD 1 -> Partition B -> 05AFRCUB 2 E -> SAMPLE	55CY2FNSP1	
Wizoo	Platinum24 - Latin Percussion	CD 1 -> Partition B -> 05AFRCUB 2 E -> SAMPLE	55CY2FNSP2	
Wizoo	Platinum24 - Latin Percussion	CD 1 -> Partition B -> 05AFRCUB 2 E -> SAMPLE	55CY2FNSP3	
Wizoo	Platinum24 - Latin Percussion	CD 1 -> Partition B -> 05AFRCUB 2 E -> SAMPLE	55CY2FNSP4	
Wizoo	Platinum24 - Latin Percussion	CD 1 -> Partition B -> 05AFRCUB 2 E -> SAMPLE	80TRI5M1.A	
Wizoo	Platinum24 - Latin Percussion	CD 1 -> Partition B -> 05AFRCUB 2 E -> SAMPLE	80TRI5M2.A	
Wizoo	Platinum24 - Latin Percussion	CD 1 -> Partition B -> 05AFRCUB 2 E -> SAMPLE	80TRI5M3.A	
Wizoo	Platinum24 - Latin Percussion	CD 1 -> Partition B -> 05AFRCUB 2 E -> SAMPLE	80TRI5M4.A	
Wizoo	Platinum24 - Latin Percussion	CD 1 -> Partition B -> 05AFRCUB 2 E -> SAMPLE	81TRI5CO1.	
Wizoo	Platinum24 - Latin Percussion	CD 1 -> Partition B -> 05AFRCUB 2 E -> SAMPLE	81TRI5CO2.	
Wizoo	Platinum24 - Latin Percussion	CD 1 -> Partition B -> 05AFRCUB 2 E -> SAMPLE	81TRI5CO3.	
Wizoo	Platinum24 - Latin Percussion	CD 1 -> Partition B -> 05AFRCUB 2 E -> SAMPLE	81TRI5CO4.	
Wizoo	Platinum24 - Latin Percussion	CD 1 -> Partition B -> 05AFRCUB 2 E -> SAMPLE	84CH1SDM2.-L	
Wizoo	Platinum24 - Latin Percussion	CD 1 -> Partition B -> 05AFRCUB 2 E -> SAMPLE	84CH1SDM2.-R	
Wizoo	Platinum24 - Latin Percussion	CD 1 -> Partition C -> 01 BRAZIL A -> PROGRAM	01 BRAZIL A	
Wizoo	Platinum24 - Latin Percussion	CD 1 -> Partition C -> 01 BRAZIL A -> SAMPLE	48CONHEL1.	
Wizoo	Platinum24 - Latin Percussion	CD 1 -> Partition C -> 01 BRAZIL A -> SAMPLE	48CONHEL2.	
Wizoo	Platinum24 - Latin Percussion	CD 1 -> Partition C -> 01 BRAZIL A -> SAMPLE	48CONHEL3.	
Wizoo	Platinum24 - Latin Percussion	CD 1 -> Partition C -> 01 BRAZIL A -> SAMPLE	48CONHEL4.	
Wizoo	Platinum24 - Latin Percussion	CD 1 -> Partition C -> 01 BRAZIL A -> SAMPLE	48CONMTE2.	
Wizoo	Platinum24 - Latin Percussion	CD 1 -> Partition C -> 01 BRAZIL A -> SAMPLE	48CONMTE3.	
Wizoo	Platinum24 - Latin Percussion	CD 1 -> Partition C -> 01 BRAZIL A -> SAMPLE	48CONMTE4.	
Wizoo	Platinum24 - Latin Percussion	CD 1 -> Partition C -> 01 BRAZIL A -> SAMPLE	48CONMTE6.	
Wizoo	Platinum24 - Latin Percussion	CD 1 -> Partition C -> 01 BRAZIL A -> SAMPLE	48CONOP5.A	
Wizoo	Platinum24 - Latin Percussion	CD 1 -> Partition C -> 01 BRAZIL A -> SAMPLE	48CONOP9.A	
Wizoo	Platinum24 - Latin Percussion	CD 1 -> Partition C -> 01 BRAZIL A -> SAMPLE	48CONOP14.	
Wizoo	Platinum24 - Latin Percussion	CD 1 -> Partition C -> 01 BRAZIL A -> SAMPLE	48CONOP20.	
Wizoo	Platinum24 - Latin Percussion	CD 1 -> Partition C -> 01 BRAZIL A -> SAMPLE	48CONSLP2.	
Wizoo	Platinum24 - Latin Percussion	CD 1 -> Partition C -> 01 BRAZIL A -> SAMPLE	48CONSLP3.	
Wizoo	Platinum24 - Latin Percussion	CD 1 -> Partition C -> 01 BRAZIL A -> SAMPLE	48CONSLP4.	
Wizoo	Platinum24 - Latin Percussion	CD 1 -> Partition C -> 01 BRAZIL A -> SAMPLE	48CONSLP6.	
Wizoo	Platinum24 - Latin Percussion	CD 1 -> Partition C -> 01 BRAZIL A -> SAMPLE	48CONTIP1.	
Wizoo	Platinum24 - Latin Percussion	CD 1 -> Partition C -> 01 BRAZIL A -> SAMPLE	48CONTIP2.	
Wizoo	Platinum24 - Latin Percussion	CD 1 -> Partition C -> 01 BRAZIL A -> SAMPLE	48CONTIP3.	
Wizoo	Platinum24 - Latin Percussion	CD 1 -> Partition C -> 01 BRAZIL A -> SAMPLE	48CONTIP4.	
Wizoo	Platinum24 - Latin Percussion	CD 1 -> Partition C -> 01 BRAZIL A -> SAMPLE	63QTOHEL1.	
Wizoo	Platinum24 - Latin Percussion	CD 1 -> Partition C -> 01 BRAZIL A -> SAMPLE	63QTOHEL2.	
Wizoo	Platinum24 - Latin Percussion	CD 1 -> Partition C -> 01 BRAZIL A -> SAMPLE	63QTOHEL3.	
Wizoo	Platinum24 - Latin Percussion	CD 1 -> Partition C -> 01 BRAZIL A -> SAMPLE	63QTOHEL4.	
Wizoo	Platinum24 - Latin Percussion	CD 1 -> Partition C -> 01 BRAZIL A -> SAMPLE	63QTOMTE2.	
Wizoo	Platinum24 - Latin Percussion	CD 1 -> Partition C -> 01 BRAZIL A -> SAMPLE	63QTOMTE3.	
Wizoo	Platinum24 - Latin Percussion	CD 1 -> Partition C -> 01 BRAZIL A -> SAMPLE	63QTOMTE4.	
Wizoo	Platinum24 - Latin Percussion	CD 1 -> Partition C -> 01 BRAZIL A -> SAMPLE	63QTOMTE6.	
Wizoo	Platinum24 - Latin Percussion	CD 1 -> Partition C -> 01 BRAZIL A -> SAMPLE	63QTOOP5.A	
Wizoo	Platinum24 - Latin Percussion	CD 1 -> Partition C -> 01 BRAZIL A -> SAMPLE	63QTOOP9.A	
Wizoo	Platinum24 - Latin Percussion	CD 1 -> Partition C -> 01 BRAZIL A -> SAMPLE	63QTOOP12.	
Wizoo	Platinum24 - Latin Percussion	CD 1 -> Partition C -> 01 BRAZIL A -> SAMPLE	63QTOOP20.	
Wizoo	Platinum24 - Latin Percussion	CD 1 -> Partition C -> 01 BRAZIL A -> SAMPLE	63QTOSLP2.	
Wizoo	Platinum24 - Latin Percussion	CD 1 -> Partition C -> 01 BRAZIL A -> SAMPLE	63QTOSLP3.	
Wizoo	Platinum24 - Latin Percussion	CD 1 -> Partition C -> 01 BRAZIL A -> SAMPLE	63QTOSLP4.	
Wizoo	Platinum24 - Latin Percussion	CD 1 -> Partition C -> 01 BRAZIL A -> SAMPLE	63QTOSLP6.	
Wizoo	Platinum24 - Latin Percussion	CD 1 -> Partition C -> 01 BRAZIL A -> SAMPLE	63QTOTIP1.	
Wizoo	Platinum24 - Latin Percussion	CD 1 -> Partition C -> 01 BRAZIL A -> SAMPLE	63QTOTIP2.	
Wizoo	Platinum24 - Latin Percussion	CD 1 -> Partition C -> 01 BRAZIL A -> SAMPLE	63QTOTIP3.	
Wizoo	Platinum24 - Latin Percussion	CD 1 -> Partition C -> 01 BRAZIL A -> SAMPLE	63QTOTIP4.	
Wizoo	Platinum24 - Latin Percussion	CD 1 -> Partition C -> 01 BRAZIL A -> SAMPLE	86SURMTE2.	
Wizoo	Platinum24 - Latin Percussion	CD 1 -> Partition C -> 01 BRAZIL A -> SAMPLE	86SURMTE4.	
Wizoo	Platinum24 - Latin Percussion	CD 1 -> Partition C -> 01 BRAZIL A -> SAMPLE	86SURMTE6.	
Wizoo	Platinum24 - Latin Percussion	CD 1 -> Partition C -> 01 BRAZIL A -> SAMPLE	86SURMTE8.	
Wizoo	Platinum24 - Latin Percussion	CD 1 -> Partition C -> 01 BRAZIL A -> SAMPLE	87SURHND3.	
Wizoo	Platinum24 - Latin Percussion	CD 1 -> Partition C -> 01 BRAZIL A -> SAMPLE	87SURHND4.	
Wizoo	Platinum24 - Latin Percussion	CD 1 -> Partition C -> 01 BRAZIL A -> SAMPLE	87SURHND5.	
Wizoo	Platinum24 - Latin Percussion	CD 1 -> Partition C -> 01 BRAZIL A -> SAMPLE	87SURHND6.	
Wizoo	Platinum24 - Latin Percussion	CD 1 -> Partition C -> 01 BRAZIL A -> SAMPLE	87SUROP3.A	
Wizoo	Platinum24 - Latin Percussion	CD 1 -> Partition C -> 01 BRAZIL A -> SAMPLE	87SUROP6.A	
Wizoo	Platinum24 - Latin Percussion	CD 1 -> Partition C -> 01 BRAZIL A -> SAMPLE	87SUROP8.A	
Wizoo	Platinum24 - Latin Percussion	CD 1 -> Partition C -> 01 BRAZIL A -> SAMPLE	87SUROP12.	
Wizoo	Platinum24 - Latin Percussion	CD 1 -> Partition C -> 01 BRAZIL A -> SAMPLE	87SURRIM1.	
Wizoo	Platinum24 - Latin Percussion	CD 1 -> Partition C -> 01 BRAZIL A -> SAMPLE	87SURRIM2.	
Wizoo	Platinum24 - Latin Percussion	CD 1 -> Partition C -> 01 BRAZIL A -> SAMPLE	87SURRIM3.	
Wizoo	Platinum24 - Latin Percussion	CD 1 -> Partition C -> 01 BRAZIL A -> SAMPLE	87SURRIM4.	
Wizoo	Platinum24 - Latin Percussion	CD 1 -> Partition C -> 02 BRAZIL B -> PROGRAM	02 BRAZIL B	
Wizoo	Platinum24 - Latin Percussion	CD 1 -> Partition C -> 02 BRAZIL B -> SAMPLE	60BOHHEL1.	
Wizoo	Platinum24 - Latin Percussion	CD 1 -> Partition C -> 02 BRAZIL B -> SAMPLE	60BOHHEL2.	
Wizoo	Platinum24 - Latin Percussion	CD 1 -> Partition C -> 02 BRAZIL B -> SAMPLE	60BOHHEL3.	
Wizoo	Platinum24 - Latin Percussion	CD 1 -> Partition C -> 02 BRAZIL B -> SAMPLE	60BOHHEL4.	
Wizoo	Platinum24 - Latin Percussion	CD 1 -> Partition C -> 02 BRAZIL B -> SAMPLE	60BOHOP5.A	
Wizoo	Platinum24 - Latin Percussion	CD 1 -> Partition C -> 02 BRAZIL B -> SAMPLE	60BOHOP9.A	
Wizoo	Platinum24 - Latin Percussion	CD 1 -> Partition C -> 02 BRAZIL B -> SAMPLE	60BOHOP14.	
Wizoo	Platinum24 - Latin Percussion	CD 1 -> Partition C -> 02 BRAZIL B -> SAMPLE	60BOHOP20.	
Wizoo	Platinum24 - Latin Percussion	CD 1 -> Partition C -> 02 BRAZIL B -> SAMPLE	60BOHRIM1.	
Wizoo	Platinum24 - Latin Percussion	CD 1 -> Partition C -> 02 BRAZIL B -> SAMPLE	60BOHRIM2.	
Wizoo	Platinum24 - Latin Percussion	CD 1 -> Partition C -> 02 BRAZIL B -> SAMPLE	60BOHRIM4.	
Wizoo	Platinum24 - Latin Percussion	CD 1 -> Partition C -> 02 BRAZIL B -> SAMPLE	60BOHRIM6.	
Wizoo	Platinum24 - Latin Percussion	CD 1 -> Partition C -> 02 BRAZIL B -> SAMPLE	60BOHSLP2.	
Wizoo	Platinum24 - Latin Percussion	CD 1 -> Partition C -> 02 BRAZIL B -> SAMPLE	60BOHSLP3.	
Wizoo	Platinum24 - Latin Percussion	CD 1 -> Partition C -> 02 BRAZIL B -> SAMPLE	60BOHSLP4.	
Wizoo	Platinum24 - Latin Percussion	CD 1 -> Partition C -> 02 BRAZIL B -> SAMPLE	60BOHSLP6.	
Wizoo	Platinum24 - Latin Percussion	CD 1 -> Partition C -> 02 BRAZIL B -> SAMPLE	60BOHTIP1.	
Wizoo	Platinum24 - Latin Percussion	CD 1 -> Partition C -> 02 BRAZIL B -> SAMPLE	60BOHTIP2.	
Wizoo	Platinum24 - Latin Percussion	CD 1 -> Partition C -> 02 BRAZIL B -> SAMPLE	60BOHTIP3.	
Wizoo	Platinum24 - Latin Percussion	CD 1 -> Partition C -> 02 BRAZIL B -> SAMPLE	60BOHTIP4.	
Wizoo	Platinum24 - Latin Percussion	CD 1 -> Partition C -> 02 BRAZIL B -> SAMPLE	61BOLHEL1.	
Wizoo	Platinum24 - Latin Percussion	CD 1 -> Partition C -> 02 BRAZIL B -> SAMPLE	61BOLHEL2.	
Wizoo	Platinum24 - Latin Percussion	CD 1 -> Partition C -> 02 BRAZIL B -> SAMPLE	61BOLHEL3.	
Wizoo	Platinum24 - Latin Percussion	CD 1 -> Partition C -> 02 BRAZIL B -> SAMPLE	61BOLHEL4.	
Wizoo	Platinum24 - Latin Percussion	CD 1 -> Partition C -> 02 BRAZIL B -> SAMPLE	61BOLOP5.A	
Wizoo	Platinum24 - Latin Percussion	CD 1 -> Partition C -> 02 BRAZIL B -> SAMPLE	61BOLOP9.A	
Wizoo	Platinum24 - Latin Percussion	CD 1 -> Partition C -> 02 BRAZIL B -> SAMPLE	61BOLOP14.	
Wizoo	Platinum24 - Latin Percussion	CD 1 -> Partition C -> 02 BRAZIL B -> SAMPLE	61BOLOP20.	
Wizoo	Platinum24 - Latin Percussion	CD 1 -> Partition C -> 02 BRAZIL B -> SAMPLE	61BOLRIM1.	
Wizoo	Platinum24 - Latin Percussion	CD 1 -> Partition C -> 02 BRAZIL B -> SAMPLE	61BOLRIM2.	
Wizoo	Platinum24 - Latin Percussion	CD 1 -> Partition C -> 02 BRAZIL B -> SAMPLE	61BOLRIM3.	
Wizoo	Platinum24 - Latin Percussion	CD 1 -> Partition C -> 02 BRAZIL B -> SAMPLE	61BOLRIM6.	
Wizoo	Platinum24 - Latin Percussion	CD 1 -> Partition C -> 02 BRAZIL B -> SAMPLE	61BOLSLP2.	
Wizoo	Platinum24 - Latin Percussion	CD 1 -> Partition C -> 02 BRAZIL B -> SAMPLE	61BOLSLP3.	
Wizoo	Platinum24 - Latin Percussion	CD 1 -> Partition C -> 02 BRAZIL B -> SAMPLE	61BOLSLP4.	
Wizoo	Platinum24 - Latin Percussion	CD 1 -> Partition C -> 02 BRAZIL B -> SAMPLE	61BOLSLP6.	
Wizoo	Platinum24 - Latin Percussion	CD 1 -> Partition C -> 02 BRAZIL B -> SAMPLE	61BOLTIP1.	
Wizoo	Platinum24 - Latin Percussion	CD 1 -> Partition C -> 02 BRAZIL B -> SAMPLE	61BOLTIP2.	
Wizoo	Platinum24 - Latin Percussion	CD 1 -> Partition C -> 02 BRAZIL B -> SAMPLE	61BOLTIP3.	
Wizoo	Platinum24 - Latin Percussion	CD 1 -> Partition C -> 02 BRAZIL B -> SAMPLE	61BOLTIP4.	
Wizoo	Platinum24 - Latin Percussion	CD 1 -> Partition C -> 03 BRAZIL C -> PROGRAM	03 BRAZIL C	
Wizoo	Platinum24 - Latin Percussion	CD 1 -> Partition C -> 03 BRAZIL C -> SAMPLE	65TI3HCAS1	
Wizoo	Platinum24 - Latin Percussion	CD 1 -> Partition C -> 03 BRAZIL C -> SAMPLE	65TI3HCAS2	
Wizoo	Platinum24 - Latin Percussion	CD 1 -> Partition C -> 03 BRAZIL C -> SAMPLE	65TI3HCAS3	
Wizoo	Platinum24 - Latin Percussion	CD 1 -> Partition C -> 03 BRAZIL C -> SAMPLE	65TI3HCAS4	
Wizoo	Platinum24 - Latin Percussion	CD 1 -> Partition C -> 03 BRAZIL C -> SAMPLE	65TI3HMTE2	
Wizoo	Platinum24 - Latin Percussion	CD 1 -> Partition C -> 03 BRAZIL C -> SAMPLE	65TI3HMTE3	
Wizoo	Platinum24 - Latin Percussion	CD 1 -> Partition C -> 03 BRAZIL C -> SAMPLE	65TI3HMTE4	
Wizoo	Platinum24 - Latin Percussion	CD 1 -> Partition C -> 03 BRAZIL C -> SAMPLE	65TI3HMTE6	
Wizoo	Platinum24 - Latin Percussion	CD 1 -> Partition C -> 03 BRAZIL C -> SAMPLE	65TI3HOP3.	
Wizoo	Platinum24 - Latin Percussion	CD 1 -> Partition C -> 03 BRAZIL C -> SAMPLE	65TI3HOP7.	
Wizoo	Platinum24 - Latin Percussion	CD 1 -> Partition C -> 03 BRAZIL C -> SAMPLE	65TI3HOP11	
Wizoo	Platinum24 - Latin Percussion	CD 1 -> Partition C -> 03 BRAZIL C -> SAMPLE	65TI3HOP16	
Wizoo	Platinum24 - Latin Percussion	CD 1 -> Partition C -> 03 BRAZIL C -> SAMPLE	65TI3HRIM2	
Wizoo	Platinum24 - Latin Percussion	CD 1 -> Partition C -> 03 BRAZIL C -> SAMPLE	65TI3HRIM4	
Wizoo	Platinum24 - Latin Percussion	CD 1 -> Partition C -> 03 BRAZIL C -> SAMPLE	65TI3HRIM6	
Wizoo	Platinum24 - Latin Percussion	CD 1 -> Partition C -> 03 BRAZIL C -> SAMPLE	65TI3HRIM8	
Wizoo	Platinum24 - Latin Percussion	CD 1 -> Partition C -> 03 BRAZIL C -> SAMPLE	66TI3LCAS1	
Wizoo	Platinum24 - Latin Percussion	CD 1 -> Partition C -> 03 BRAZIL C -> SAMPLE	66TI3LCAS2	
Wizoo	Platinum24 - Latin Percussion	CD 1 -> Partition C -> 03 BRAZIL C -> SAMPLE	66TI3LCAS3	
Wizoo	Platinum24 - Latin Percussion	CD 1 -> Partition C -> 03 BRAZIL C -> SAMPLE	66TI3LCAS4	
Wizoo	Platinum24 - Latin Percussion	CD 1 -> Partition C -> 03 BRAZIL C -> SAMPLE	66TI3LMTE2	
Wizoo	Platinum24 - Latin Percussion	CD 1 -> Partition C -> 03 BRAZIL C -> SAMPLE	66TI3LMTE3	
Wizoo	Platinum24 - Latin Percussion	CD 1 -> Partition C -> 03 BRAZIL C -> SAMPLE	66TI3LMTE4	
Wizoo	Platinum24 - Latin Percussion	CD 1 -> Partition C -> 03 BRAZIL C -> SAMPLE	66TI3LMTE6	
Wizoo	Platinum24 - Latin Percussion	CD 1 -> Partition C -> 03 BRAZIL C -> SAMPLE	66TI3LOP4.	
Wizoo	Platinum24 - Latin Percussion	CD 1 -> Partition C -> 03 BRAZIL C -> SAMPLE	66TI3LOP7.	
Wizoo	Platinum24 - Latin Percussion	CD 1 -> Partition C -> 03 BRAZIL C -> SAMPLE	66TI3LOP10	
Wizoo	Platinum24 - Latin Percussion	CD 1 -> Partition C -> 03 BRAZIL C -> SAMPLE	66TI3LOP16	
Wizoo	Platinum24 - Latin Percussion	CD 1 -> Partition C -> 03 BRAZIL C -> SAMPLE	66TI3LRIM1	
Wizoo	Platinum24 - Latin Percussion	CD 1 -> Partition C -> 03 BRAZIL C -> SAMPLE	66TI3LRIM3	
Wizoo	Platinum24 - Latin Percussion	CD 1 -> Partition C -> 03 BRAZIL C -> SAMPLE	66TI3LRIM5	
Wizoo	Platinum24 - Latin Percussion	CD 1 -> Partition C -> 03 BRAZIL C -> SAMPLE	66TI3LRIM8	
Wizoo	Platinum24 - Latin Percussion	CD 1 -> Partition C -> 04 BRAZIL D -> PROGRAM	04 BRAZIL D	
Wizoo	Platinum24 - Latin Percussion	CD 1 -> Partition C -> 04 BRAZIL D -> SAMPLE	67AG3HI1.A	
Wizoo	Platinum24 - Latin Percussion	CD 1 -> Partition C -> 04 BRAZIL D -> SAMPLE	67AG3HI2.A	
Wizoo	Platinum24 - Latin Percussion	CD 1 -> Partition C -> 04 BRAZIL D -> SAMPLE	67AG3HI3.A	
Wizoo	Platinum24 - Latin Percussion	CD 1 -> Partition C -> 04 BRAZIL D -> SAMPLE	67AG3HI4.A	
Wizoo	Platinum24 - Latin Percussion	CD 1 -> Partition C -> 04 BRAZIL D -> SAMPLE	68AG3LO1.A	
Wizoo	Platinum24 - Latin Percussion	CD 1 -> Partition C -> 04 BRAZIL D -> SAMPLE	68AG3LO2.A	
Wizoo	Platinum24 - Latin Percussion	CD 1 -> Partition C -> 04 BRAZIL D -> SAMPLE	68AG3LO3.A	
Wizoo	Platinum24 - Latin Percussion	CD 1 -> Partition C -> 04 BRAZIL D -> SAMPLE	68AG3LO4.A	
Wizoo	Platinum24 - Latin Percussion	CD 1 -> Partition C -> 04 BRAZIL D -> SAMPLE	69CBM2LG1.	
Wizoo	Platinum24 - Latin Percussion	CD 1 -> Partition C -> 04 BRAZIL D -> SAMPLE	69CBM2LG2.	
Wizoo	Platinum24 - Latin Percussion	CD 1 -> Partition C -> 04 BRAZIL D -> SAMPLE	69CBM2LG3.	
Wizoo	Platinum24 - Latin Percussion	CD 1 -> Partition C -> 04 BRAZIL D -> SAMPLE	69CBM5LG1.	
Wizoo	Platinum24 - Latin Percussion	CD 1 -> Partition C -> 04 BRAZIL D -> SAMPLE	69CBM5LG2.	
Wizoo	Platinum24 - Latin Percussion	CD 1 -> Partition C -> 04 BRAZIL D -> SAMPLE	69CBM5LG3.	
Wizoo	Platinum24 - Latin Percussion	CD 1 -> Partition C -> 04 BRAZIL D -> SAMPLE	71SAMW1H1.	
Wizoo	Platinum24 - Latin Percussion	CD 1 -> Partition C -> 04 BRAZIL D -> SAMPLE	71SAMW1H2.	
Wizoo	Platinum24 - Latin Percussion	CD 1 -> Partition C -> 04 BRAZIL D -> SAMPLE	71SAMW1H3.	
Wizoo	Platinum24 - Latin Percussion	CD 1 -> Partition C -> 04 BRAZIL D -> SAMPLE	72SAMW1L1.	
Wizoo	Platinum24 - Latin Percussion	CD 1 -> Partition C -> 04 BRAZIL D -> SAMPLE	72SAMW1L2.	
Wizoo	Platinum24 - Latin Percussion	CD 1 -> Partition C -> 04 BRAZIL D -> SAMPLE	72SAMW1L3.	
Wizoo	Platinum24 - Latin Percussion	CD 1 -> Partition C -> 04 BRAZIL D -> SAMPLE	73GU3SU1.A	
Wizoo	Platinum24 - Latin Percussion	CD 1 -> Partition C -> 04 BRAZIL D -> SAMPLE	73GU3SU2.A	
Wizoo	Platinum24 - Latin Percussion	CD 1 -> Partition C -> 04 BRAZIL D -> SAMPLE	73GU3TP1.A	
Wizoo	Platinum24 - Latin Percussion	CD 1 -> Partition C -> 04 BRAZIL D -> SAMPLE	73GU3TP2.A	
Wizoo	Platinum24 - Latin Percussion	CD 1 -> Partition C -> 04 BRAZIL D -> SAMPLE	74GU3LG1.A	
Wizoo	Platinum24 - Latin Percussion	CD 1 -> Partition C -> 04 BRAZIL D -> SAMPLE	74GU3LG2.A	
Wizoo	Platinum24 - Latin Percussion	CD 1 -> Partition C -> 04 BRAZIL D -> SAMPLE	75CLV061.A	
Wizoo	Platinum24 - Latin Percussion	CD 1 -> Partition C -> 04 BRAZIL D -> SAMPLE	75CLV062.A	
Wizoo	Platinum24 - Latin Percussion	CD 1 -> Partition C -> 04 BRAZIL D -> SAMPLE	75CLV063.A	
Wizoo	Platinum24 - Latin Percussion	CD 1 -> Partition C -> 04 BRAZIL D -> SAMPLE	75CLV064.A	
Wizoo	Platinum24 - Latin Percussion	CD 1 -> Partition C -> 04 BRAZIL D -> SAMPLE	75CLV081.A	
Wizoo	Platinum24 - Latin Percussion	CD 1 -> Partition C -> 04 BRAZIL D -> SAMPLE	75CLV082.A	
Wizoo	Platinum24 - Latin Percussion	CD 1 -> Partition C -> 04 BRAZIL D -> SAMPLE	75CLV083.A	
Wizoo	Platinum24 - Latin Percussion	CD 1 -> Partition C -> 04 BRAZIL D -> SAMPLE	75CLV084.A	
Wizoo	Platinum24 - Latin Percussion	CD 1 -> Partition C -> 04 BRAZIL D -> SAMPLE	76WD1H1.AI	
Wizoo	Platinum24 - Latin Percussion	CD 1 -> Partition C -> 04 BRAZIL D -> SAMPLE	76WD1H2.AI	
Wizoo	Platinum24 - Latin Percussion	CD 1 -> Partition C -> 04 BRAZIL D -> SAMPLE	76WD1H3.AI	
Wizoo	Platinum24 - Latin Percussion	CD 1 -> Partition C -> 04 BRAZIL D -> SAMPLE	76WD1H4.AI	
Wizoo	Platinum24 - Latin Percussion	CD 1 -> Partition C -> 04 BRAZIL D -> SAMPLE	77WD1L1.AI	
Wizoo	Platinum24 - Latin Percussion	CD 1 -> Partition C -> 04 BRAZIL D -> SAMPLE	77WD1L2.AI	
Wizoo	Platinum24 - Latin Percussion	CD 1 -> Partition C -> 04 BRAZIL D -> SAMPLE	77WD1L3.AI	
Wizoo	Platinum24 - Latin Percussion	CD 1 -> Partition C -> 04 BRAZIL D -> SAMPLE	77WD1L4.AI	
Wizoo	Platinum24 - Latin Percussion	CD 1 -> Partition C -> 04 BRAZIL D -> SAMPLE	77WD1M1.AI	
Wizoo	Platinum24 - Latin Percussion	CD 1 -> Partition C -> 04 BRAZIL D -> SAMPLE	77WD1M2.AI	
Wizoo	Platinum24 - Latin Percussion	CD 1 -> Partition C -> 04 BRAZIL D -> SAMPLE	77WD1M3.AI	
Wizoo	Platinum24 - Latin Percussion	CD 1 -> Partition C -> 04 BRAZIL D -> SAMPLE	77WD1M4.AI	
Wizoo	Platinum24 - Latin Percussion	CD 1 -> Partition C -> 04 BRAZIL D -> SAMPLE	78CULO21.A	
Wizoo	Platinum24 - Latin Percussion	CD 1 -> Partition C -> 04 BRAZIL D -> SAMPLE	78CULO22.A	
Wizoo	Platinum24 - Latin Percussion	CD 1 -> Partition C -> 04 BRAZIL D -> SAMPLE	79CUHI41.A	
Wizoo	Platinum24 - Latin Percussion	CD 1 -> Partition C -> 04 BRAZIL D -> SAMPLE	79CUHI42.A	
Wizoo	Platinum24 - Latin Percussion	CD 1 -> Partition C -> 04 BRAZIL D -> SAMPLE	82SKME32.A	
Wizoo	Platinum24 - Latin Percussion	CD 1 -> Partition C -> 04 BRAZIL D -> SAMPLE	82SKME33.A	
Wizoo	Platinum24 - Latin Percussion	CD 1 -> Partition C -> 04 BRAZIL D -> SAMPLE	82SKME35.A	
Wizoo	Platinum24 - Latin Percussion	CD 1 -> Partition C -> 04 BRAZIL D -> SAMPLE	82SKME36.A	
Wizoo	Platinum24 - Latin Percussion	CD 1 -> Partition C -> 04 BRAZIL D -> SAMPLE	82SKWD1A2.	
Wizoo	Platinum24 - Latin Percussion	CD 1 -> Partition C -> 04 BRAZIL D -> SAMPLE	82SKWD1A3.	
Wizoo	Platinum24 - Latin Percussion	CD 1 -> Partition C -> 04 BRAZIL D -> SAMPLE	82SKWD1A5.	
Wizoo	Platinum24 - Latin Percussion	CD 1 -> Partition C -> 04 BRAZIL D -> SAMPLE	82SKWD1A6.	
Wizoo	Platinum24 - Latin Percussion	CD 1 -> Partition C -> 05 BRAZIL E -> PROGRAM	05 BRAZIL E	
Wizoo	Platinum24 - Latin Percussion	CD 1 -> Partition C -> 05 BRAZIL E -> SAMPLE	00TBM2FG1.	
Wizoo	Platinum24 - Latin Percussion	CD 1 -> Partition C -> 05 BRAZIL E -> SAMPLE	00TBM2FG2.	
Wizoo	Platinum24 - Latin Percussion	CD 1 -> Partition C -> 05 BRAZIL E -> SAMPLE	00TBM2FG3.	
Wizoo	Platinum24 - Latin Percussion	CD 1 -> Partition C -> 05 BRAZIL E -> SAMPLE	00TBM2FG4.	
Wizoo	Platinum24 - Latin Percussion	CD 1 -> Partition C -> 05 BRAZIL E -> SAMPLE	00TBM2MT1.	
Wizoo	Platinum24 - Latin Percussion	CD 1 -> Partition C -> 05 BRAZIL E -> SAMPLE	00TBM2MT2.	
Wizoo	Platinum24 - Latin Percussion	CD 1 -> Partition C -> 05 BRAZIL E -> SAMPLE	00TBM2MT3.	
Wizoo	Platinum24 - Latin Percussion	CD 1 -> Partition C -> 05 BRAZIL E -> SAMPLE	00TBM2MT4.	
Wizoo	Platinum24 - Latin Percussion	CD 1 -> Partition C -> 05 BRAZIL E -> SAMPLE	00TBM2OP1.	
Wizoo	Platinum24 - Latin Percussion	CD 1 -> Partition C -> 05 BRAZIL E -> SAMPLE	00TBM2OP2.	
Wizoo	Platinum24 - Latin Percussion	CD 1 -> Partition C -> 05 BRAZIL E -> SAMPLE	00TBM2OP3.	
Wizoo	Platinum24 - Latin Percussion	CD 1 -> Partition C -> 05 BRAZIL E -> SAMPLE	00TBM2OP4.	
Wizoo	Platinum24 - Latin Percussion	CD 1 -> Partition C -> 05 BRAZIL E -> SAMPLE	28PANRIM2.	
Wizoo	Platinum24 - Latin Percussion	CD 1 -> Partition C -> 05 BRAZIL E -> SAMPLE	28PANRIM3.	
Wizoo	Platinum24 - Latin Percussion	CD 1 -> Partition C -> 05 BRAZIL E -> SAMPLE	28PANRIM4.	
Wizoo	Platinum24 - Latin Percussion	CD 1 -> Partition C -> 05 BRAZIL E -> SAMPLE	28PANRIM6.	
Wizoo	Platinum24 - Latin Percussion	CD 1 -> Partition C -> 05 BRAZIL E -> SAMPLE	28PANSHK1.	
Wizoo	Platinum24 - Latin Percussion	CD 1 -> Partition C -> 05 BRAZIL E -> SAMPLE	28PANSHK2.	
Wizoo	Platinum24 - Latin Percussion	CD 1 -> Partition C -> 05 BRAZIL E -> SAMPLE	28PANSHK3.	
Wizoo	Platinum24 - Latin Percussion	CD 1 -> Partition C -> 05 BRAZIL E -> SAMPLE	28PANSHK4.	
Wizoo	Platinum24 - Latin Percussion	CD 1 -> Partition C -> 05 BRAZIL E -> SAMPLE	28PANSLP2.	
Wizoo	Platinum24 - Latin Percussion	CD 1 -> Partition C -> 05 BRAZIL E -> SAMPLE	28PANSLP3.	
Wizoo	Platinum24 - Latin Percussion	CD 1 -> Partition C -> 05 BRAZIL E -> SAMPLE	28PANSLP4.	
Wizoo	Platinum24 - Latin Percussion	CD 1 -> Partition C -> 05 BRAZIL E -> SAMPLE	28PANSLP5.	
Wizoo	Platinum24 - Latin Percussion	CD 1 -> Partition C -> 05 BRAZIL E -> SAMPLE	55CY2SSTP1	
Wizoo	Platinum24 - Latin Percussion	CD 1 -> Partition C -> 05 BRAZIL E -> SAMPLE	55CY2SSTP2	
Wizoo	Platinum24 - Latin Percussion	CD 1 -> Partition C -> 05 BRAZIL E -> SAMPLE	55CY2SSTP3	
Wizoo	Platinum24 - Latin Percussion	CD 1 -> Partition C -> 05 BRAZIL E -> SAMPLE	55CY2SSTP4	
Wizoo	Platinum24 - Latin Percussion	CD 1 -> Partition C -> 05 BRAZIL E -> SAMPLE	55CY2STOP1	
Wizoo	Platinum24 - Latin Percussion	CD 1 -> Partition C -> 05 BRAZIL E -> SAMPLE	55CY2STOP2	
Wizoo	Platinum24 - Latin Percussion	CD 1 -> Partition C -> 05 BRAZIL E -> SAMPLE	55CY2STOP3	
Wizoo	Platinum24 - Latin Percussion	CD 1 -> Partition C -> 05 BRAZIL E -> SAMPLE	55CY2STOP4	
Wizoo	Platinum24 - Latin Percussion	CD 1 -> Partition C -> 05 BRAZIL E -> SAMPLE	80TRI4M1.A	
Wizoo	Platinum24 - Latin Percussion	CD 1 -> Partition C -> 05 BRAZIL E -> SAMPLE	80TRI4M2.A	
Wizoo	Platinum24 - Latin Percussion	CD 1 -> Partition C -> 05 BRAZIL E -> SAMPLE	80TRI4M3.A	
Wizoo	Platinum24 - Latin Percussion	CD 1 -> Partition C -> 05 BRAZIL E -> SAMPLE	80TRI4M4.A	
Wizoo	Platinum24 - Latin Percussion	CD 1 -> Partition C -> 05 BRAZIL E -> SAMPLE	81TRI4BO1.	
Wizoo	Platinum24 - Latin Percussion	CD 1 -> Partition C -> 05 BRAZIL E -> SAMPLE	81TRI4BO2.	
Wizoo	Platinum24 - Latin Percussion	CD 1 -> Partition C -> 05 BRAZIL E -> SAMPLE	81TRI4BO3.	
Wizoo	Platinum24 - Latin Percussion	CD 1 -> Partition C -> 05 BRAZIL E -> SAMPLE	81TRI4BO4.	
Wizoo	Platinum24 - Latin Percussion	CD 1 -> Partition D -> 01 LAT POP A -> PROGRAM	01 LAT POP A	
Wizoo	Platinum24 - Latin Percussion	CD 1 -> Partition D -> 01 LAT POP A -> SAMPLE	48CONHEL1.	
Wizoo	Platinum24 - Latin Percussion	CD 1 -> Partition D -> 01 LAT POP A -> SAMPLE	48CONHEL2.	
Wizoo	Platinum24 - Latin Percussion	CD 1 -> Partition D -> 01 LAT POP A -> SAMPLE	48CONHEL3.	
Wizoo	Platinum24 - Latin Percussion	CD 1 -> Partition D -> 01 LAT POP A -> SAMPLE	48CONHEL4.	
Wizoo	Platinum24 - Latin Percussion	CD 1 -> Partition D -> 01 LAT POP A -> SAMPLE	48CONMTE2.	
Wizoo	Platinum24 - Latin Percussion	CD 1 -> Partition D -> 01 LAT POP A -> SAMPLE	48CONMTE3.	
Wizoo	Platinum24 - Latin Percussion	CD 1 -> Partition D -> 01 LAT POP A -> SAMPLE	48CONMTE4.	
Wizoo	Platinum24 - Latin Percussion	CD 1 -> Partition D -> 01 LAT POP A -> SAMPLE	48CONMTE6.	
Wizoo	Platinum24 - Latin Percussion	CD 1 -> Partition D -> 01 LAT POP A -> SAMPLE	48CONOP5.A	
Wizoo	Platinum24 - Latin Percussion	CD 1 -> Partition D -> 01 LAT POP A -> SAMPLE	48CONOP9.A	
Wizoo	Platinum24 - Latin Percussion	CD 1 -> Partition D -> 01 LAT POP A -> SAMPLE	48CONOP14.	
Wizoo	Platinum24 - Latin Percussion	CD 1 -> Partition D -> 01 LAT POP A -> SAMPLE	48CONOP20.	
Wizoo	Platinum24 - Latin Percussion	CD 1 -> Partition D -> 01 LAT POP A -> SAMPLE	48CONSLP1.	
Wizoo	Platinum24 - Latin Percussion	CD 1 -> Partition D -> 01 LAT POP A -> SAMPLE	48CONSLP2.	
Wizoo	Platinum24 - Latin Percussion	CD 1 -> Partition D -> 01 LAT POP A -> SAMPLE	48CONSLP3.	
Wizoo	Platinum24 - Latin Percussion	CD 1 -> Partition D -> 01 LAT POP A -> SAMPLE	48CONSLP4.	
Wizoo	Platinum24 - Latin Percussion	CD 1 -> Partition D -> 01 LAT POP A -> SAMPLE	48CONTIP1.	
Wizoo	Platinum24 - Latin Percussion	CD 1 -> Partition D -> 01 LAT POP A -> SAMPLE	48CONTIP2.	
Wizoo	Platinum24 - Latin Percussion	CD 1 -> Partition D -> 01 LAT POP A -> SAMPLE	48CONTIP3.	
Wizoo	Platinum24 - Latin Percussion	CD 1 -> Partition D -> 01 LAT POP A -> SAMPLE	48CONTIP4.	
Wizoo	Platinum24 - Latin Percussion	CD 1 -> Partition D -> 01 LAT POP A -> SAMPLE	63QTOHEL1.	
Wizoo	Platinum24 - Latin Percussion	CD 1 -> Partition D -> 01 LAT POP A -> SAMPLE	63QTOHEL2.	
Wizoo	Platinum24 - Latin Percussion	CD 1 -> Partition D -> 01 LAT POP A -> SAMPLE	63QTOHEL3.	
Wizoo	Platinum24 - Latin Percussion	CD 1 -> Partition D -> 01 LAT POP A -> SAMPLE	63QTOHEL4.	
Wizoo	Platinum24 - Latin Percussion	CD 1 -> Partition D -> 01 LAT POP A -> SAMPLE	63QTOMTE2.	
Wizoo	Platinum24 - Latin Percussion	CD 1 -> Partition D -> 01 LAT POP A -> SAMPLE	63QTOMTE3.	
Wizoo	Platinum24 - Latin Percussion	CD 1 -> Partition D -> 01 LAT POP A -> SAMPLE	63QTOMTE5.	
Wizoo	Platinum24 - Latin Percussion	CD 1 -> Partition D -> 01 LAT POP A -> SAMPLE	63QTOMTE6.	
Wizoo	Platinum24 - Latin Percussion	CD 1 -> Partition D -> 01 LAT POP A -> SAMPLE	63QTOOP4.A	
Wizoo	Platinum24 - Latin Percussion	CD 1 -> Partition D -> 01 LAT POP A -> SAMPLE	63QTOOP9.A	
Wizoo	Platinum24 - Latin Percussion	CD 1 -> Partition D -> 01 LAT POP A -> SAMPLE	63QTOOP14.	
Wizoo	Platinum24 - Latin Percussion	CD 1 -> Partition D -> 01 LAT POP A -> SAMPLE	63QTOOP20.	
Wizoo	Platinum24 - Latin Percussion	CD 1 -> Partition D -> 01 LAT POP A -> SAMPLE	63QTOSLO1.	
Wizoo	Platinum24 - Latin Percussion	CD 1 -> Partition D -> 01 LAT POP A -> SAMPLE	63QTOSLO3.	
Wizoo	Platinum24 - Latin Percussion	CD 1 -> Partition D -> 01 LAT POP A -> SAMPLE	63QTOSLO4.	
Wizoo	Platinum24 - Latin Percussion	CD 1 -> Partition D -> 01 LAT POP A -> SAMPLE	63QTOSLO6.	
Wizoo	Platinum24 - Latin Percussion	CD 1 -> Partition D -> 01 LAT POP A -> SAMPLE	63QTOTIP1.	
Wizoo	Platinum24 - Latin Percussion	CD 1 -> Partition D -> 01 LAT POP A -> SAMPLE	63QTOTIP2.	
Wizoo	Platinum24 - Latin Percussion	CD 1 -> Partition D -> 01 LAT POP A -> SAMPLE	63QTOTIP3.	
Wizoo	Platinum24 - Latin Percussion	CD 1 -> Partition D -> 01 LAT POP A -> SAMPLE	63QTOTIP4.	
Wizoo	Platinum24 - Latin Percussion	CD 1 -> Partition D -> 02 LAT POP B -> PROGRAM	02 LAT POP B	
Wizoo	Platinum24 - Latin Percussion	CD 1 -> Partition D -> 02 LAT POP B -> SAMPLE	60BOHHEL1.	
Wizoo	Platinum24 - Latin Percussion	CD 1 -> Partition D -> 02 LAT POP B -> SAMPLE	60BOHHEL2.	
Wizoo	Platinum24 - Latin Percussion	CD 1 -> Partition D -> 02 LAT POP B -> SAMPLE	60BOHHEL3.	
Wizoo	Platinum24 - Latin Percussion	CD 1 -> Partition D -> 02 LAT POP B -> SAMPLE	60BOHHEL4.	
Wizoo	Platinum24 - Latin Percussion	CD 1 -> Partition D -> 02 LAT POP B -> SAMPLE	60BOHOPN2.	
Wizoo	Platinum24 - Latin Percussion	CD 1 -> Partition D -> 02 LAT POP B -> SAMPLE	60BOHOPN4.	
Wizoo	Platinum24 - Latin Percussion	CD 1 -> Partition D -> 02 LAT POP B -> SAMPLE	60BOHOPN6.	
Wizoo	Platinum24 - Latin Percussion	CD 1 -> Partition D -> 02 LAT POP B -> SAMPLE	60BOHOPN8.	
Wizoo	Platinum24 - Latin Percussion	CD 1 -> Partition D -> 02 LAT POP B -> SAMPLE	60BOHRIM1.	
Wizoo	Platinum24 - Latin Percussion	CD 1 -> Partition D -> 02 LAT POP B -> SAMPLE	60BOHRIM2.	
Wizoo	Platinum24 - Latin Percussion	CD 1 -> Partition D -> 02 LAT POP B -> SAMPLE	60BOHRIM3.	
Wizoo	Platinum24 - Latin Percussion	CD 1 -> Partition D -> 02 LAT POP B -> SAMPLE	60BOHRIM4.	
Wizoo	Platinum24 - Latin Percussion	CD 1 -> Partition D -> 02 LAT POP B -> SAMPLE	60BOHSLP1.	
Wizoo	Platinum24 - Latin Percussion	CD 1 -> Partition D -> 02 LAT POP B -> SAMPLE	60BOHSLP2.	
Wizoo	Platinum24 - Latin Percussion	CD 1 -> Partition D -> 02 LAT POP B -> SAMPLE	60BOHSLP3.	
Wizoo	Platinum24 - Latin Percussion	CD 1 -> Partition D -> 02 LAT POP B -> SAMPLE	60BOHSLP4.	
Wizoo	Platinum24 - Latin Percussion	CD 1 -> Partition D -> 02 LAT POP B -> SAMPLE	60BOHTIP1.	
Wizoo	Platinum24 - Latin Percussion	CD 1 -> Partition D -> 02 LAT POP B -> SAMPLE	60BOHTIP2.	
Wizoo	Platinum24 - Latin Percussion	CD 1 -> Partition D -> 02 LAT POP B -> SAMPLE	60BOHTIP3.	
Wizoo	Platinum24 - Latin Percussion	CD 1 -> Partition D -> 02 LAT POP B -> SAMPLE	60BOHTIP4.	
Wizoo	Platinum24 - Latin Percussion	CD 1 -> Partition D -> 02 LAT POP B -> SAMPLE	61BOLHEL1.	
Wizoo	Platinum24 - Latin Percussion	CD 1 -> Partition D -> 02 LAT POP B -> SAMPLE	61BOLHEL2.	
Wizoo	Platinum24 - Latin Percussion	CD 1 -> Partition D -> 02 LAT POP B -> SAMPLE	61BOLHEL3.	
Wizoo	Platinum24 - Latin Percussion	CD 1 -> Partition D -> 02 LAT POP B -> SAMPLE	61BOLHEL4.	
Wizoo	Platinum24 - Latin Percussion	CD 1 -> Partition D -> 02 LAT POP B -> SAMPLE	61BOLOPN2.	
Wizoo	Platinum24 - Latin Percussion	CD 1 -> Partition D -> 02 LAT POP B -> SAMPLE	61BOLOPN4.	
Wizoo	Platinum24 - Latin Percussion	CD 1 -> Partition D -> 02 LAT POP B -> SAMPLE	61BOLOPN6.	
Wizoo	Platinum24 - Latin Percussion	CD 1 -> Partition D -> 02 LAT POP B -> SAMPLE	61BOLOPN8.	
Wizoo	Platinum24 - Latin Percussion	CD 1 -> Partition D -> 02 LAT POP B -> SAMPLE	61BOLRIM1.	
Wizoo	Platinum24 - Latin Percussion	CD 1 -> Partition D -> 02 LAT POP B -> SAMPLE	61BOLRIM2.	
Wizoo	Platinum24 - Latin Percussion	CD 1 -> Partition D -> 02 LAT POP B -> SAMPLE	61BOLRIM3.	
Wizoo	Platinum24 - Latin Percussion	CD 1 -> Partition D -> 02 LAT POP B -> SAMPLE	61BOLRIM4.	
Wizoo	Platinum24 - Latin Percussion	CD 1 -> Partition D -> 02 LAT POP B -> SAMPLE	61BOLSLP1.	
Wizoo	Platinum24 - Latin Percussion	CD 1 -> Partition D -> 02 LAT POP B -> SAMPLE	61BOLSLP2.	
Wizoo	Platinum24 - Latin Percussion	CD 1 -> Partition D -> 02 LAT POP B -> SAMPLE	61BOLSLP3.	
Wizoo	Platinum24 - Latin Percussion	CD 1 -> Partition D -> 02 LAT POP B -> SAMPLE	61BOLTIP1.	
Wizoo	Platinum24 - Latin Percussion	CD 1 -> Partition D -> 02 LAT POP B -> SAMPLE	61BOLTIP2.	
Wizoo	Platinum24 - Latin Percussion	CD 1 -> Partition D -> 02 LAT POP B -> SAMPLE	61BOLTIP3.	
Wizoo	Platinum24 - Latin Percussion	CD 1 -> Partition D -> 02 LAT POP B -> SAMPLE	61BOLTIP4.	
Wizoo	Platinum24 - Latin Percussion	CD 1 -> Partition D -> 03 LAT POP C -> PROGRAM	03 LAT POP C	
Wizoo	Platinum24 - Latin Percussion	CD 1 -> Partition D -> 03 LAT POP C -> SAMPLE	65TIHCAS1.	
Wizoo	Platinum24 - Latin Percussion	CD 1 -> Partition D -> 03 LAT POP C -> SAMPLE	65TIHCAS2.	
Wizoo	Platinum24 - Latin Percussion	CD 1 -> Partition D -> 03 LAT POP C -> SAMPLE	65TIHCAS3.	
Wizoo	Platinum24 - Latin Percussion	CD 1 -> Partition D -> 03 LAT POP C -> SAMPLE	65TIHCAS4.	
Wizoo	Platinum24 - Latin Percussion	CD 1 -> Partition D -> 03 LAT POP C -> SAMPLE	65TIHMTE1.	
Wizoo	Platinum24 - Latin Percussion	CD 1 -> Partition D -> 03 LAT POP C -> SAMPLE	65TIHMTE2.	
Wizoo	Platinum24 - Latin Percussion	CD 1 -> Partition D -> 03 LAT POP C -> SAMPLE	65TIHMTE3.	
Wizoo	Platinum24 - Latin Percussion	CD 1 -> Partition D -> 03 LAT POP C -> SAMPLE	65TIHMTE4.	
Wizoo	Platinum24 - Latin Percussion	CD 1 -> Partition D -> 03 LAT POP C -> SAMPLE	65TIHOPN2.	
Wizoo	Platinum24 - Latin Percussion	CD 1 -> Partition D -> 03 LAT POP C -> SAMPLE	65TIHOPN4.	
Wizoo	Platinum24 - Latin Percussion	CD 1 -> Partition D -> 03 LAT POP C -> SAMPLE	65TIHOPN5.	
Wizoo	Platinum24 - Latin Percussion	CD 1 -> Partition D -> 03 LAT POP C -> SAMPLE	65TIHOPN8.	
Wizoo	Platinum24 - Latin Percussion	CD 1 -> Partition D -> 03 LAT POP C -> SAMPLE	65TIHRIM1.	
Wizoo	Platinum24 - Latin Percussion	CD 1 -> Partition D -> 03 LAT POP C -> SAMPLE	65TIHRIM2.	
Wizoo	Platinum24 - Latin Percussion	CD 1 -> Partition D -> 03 LAT POP C -> SAMPLE	65TIHRIM3.	
Wizoo	Platinum24 - Latin Percussion	CD 1 -> Partition D -> 03 LAT POP C -> SAMPLE	65TIHRIM4.	
Wizoo	Platinum24 - Latin Percussion	CD 1 -> Partition D -> 03 LAT POP C -> SAMPLE	66TILCAS1.	
Wizoo	Platinum24 - Latin Percussion	CD 1 -> Partition D -> 03 LAT POP C -> SAMPLE	66TILCAS2.	
Wizoo	Platinum24 - Latin Percussion	CD 1 -> Partition D -> 03 LAT POP C -> SAMPLE	66TILCAS3.	
Wizoo	Platinum24 - Latin Percussion	CD 1 -> Partition D -> 03 LAT POP C -> SAMPLE	66TILCAS4.	
Wizoo	Platinum24 - Latin Percussion	CD 1 -> Partition D -> 03 LAT POP C -> SAMPLE	66TILMTE1.	
Wizoo	Platinum24 - Latin Percussion	CD 1 -> Partition D -> 03 LAT POP C -> SAMPLE	66TILMTE2.	
Wizoo	Platinum24 - Latin Percussion	CD 1 -> Partition D -> 03 LAT POP C -> SAMPLE	66TILMTE3.	
Wizoo	Platinum24 - Latin Percussion	CD 1 -> Partition D -> 03 LAT POP C -> SAMPLE	66TILMTE4.	
Wizoo	Platinum24 - Latin Percussion	CD 1 -> Partition D -> 03 LAT POP C -> SAMPLE	66TILOPN2.	
Wizoo	Platinum24 - Latin Percussion	CD 1 -> Partition D -> 03 LAT POP C -> SAMPLE	66TILOPN3.	
Wizoo	Platinum24 - Latin Percussion	CD 1 -> Partition D -> 03 LAT POP C -> SAMPLE	66TILOPN5.	
Wizoo	Platinum24 - Latin Percussion	CD 1 -> Partition D -> 03 LAT POP C -> SAMPLE	66TILOPN8.	
Wizoo	Platinum24 - Latin Percussion	CD 1 -> Partition D -> 03 LAT POP C -> SAMPLE	66TILRIM1.	
Wizoo	Platinum24 - Latin Percussion	CD 1 -> Partition D -> 03 LAT POP C -> SAMPLE	66TILRIM2.	
Wizoo	Platinum24 - Latin Percussion	CD 1 -> Partition D -> 03 LAT POP C -> SAMPLE	66TILRIM3.	
Wizoo	Platinum24 - Latin Percussion	CD 1 -> Partition D -> 03 LAT POP C -> SAMPLE	66TILRIM4.	
Wizoo	Platinum24 - Latin Percussion	CD 1 -> Partition D -> 04 LAT POP D -> PROGRAM	04 LAT POP D	
Wizoo	Platinum24 - Latin Percussion	CD 1 -> Partition D -> 04 LAT POP D -> SAMPLE	54TAM1EF1.	
Wizoo	Platinum24 - Latin Percussion	CD 1 -> Partition D -> 04 LAT POP D -> SAMPLE	54TAM1EF2.	
Wizoo	Platinum24 - Latin Percussion	CD 1 -> Partition D -> 04 LAT POP D -> SAMPLE	54TAM1EF3.	
Wizoo	Platinum24 - Latin Percussion	CD 1 -> Partition D -> 04 LAT POP D -> SAMPLE	54TAM1EF4.	
Wizoo	Platinum24 - Latin Percussion	CD 1 -> Partition D -> 04 LAT POP D -> SAMPLE	54TAM1HT2.	
Wizoo	Platinum24 - Latin Percussion	CD 1 -> Partition D -> 04 LAT POP D -> SAMPLE	54TAM1HT3.	
Wizoo	Platinum24 - Latin Percussion	CD 1 -> Partition D -> 04 LAT POP D -> SAMPLE	54TAM1HT4.	
Wizoo	Platinum24 - Latin Percussion	CD 1 -> Partition D -> 04 LAT POP D -> SAMPLE	54TAM1SH3.	
Wizoo	Platinum24 - Latin Percussion	CD 1 -> Partition D -> 04 LAT POP D -> SAMPLE	54TAM1SH5.	
Wizoo	Platinum24 - Latin Percussion	CD 1 -> Partition D -> 04 LAT POP D -> SAMPLE	56COW2SH1.	
Wizoo	Platinum24 - Latin Percussion	CD 1 -> Partition D -> 04 LAT POP D -> SAMPLE	56COW2SH2.	
Wizoo	Platinum24 - Latin Percussion	CD 1 -> Partition D -> 04 LAT POP D -> SAMPLE	56COW2SH3.	
Wizoo	Platinum24 - Latin Percussion	CD 1 -> Partition D -> 04 LAT POP D -> SAMPLE	56COW2SH4.	
Wizoo	Platinum24 - Latin Percussion	CD 1 -> Partition D -> 04 LAT POP D -> SAMPLE	56COW5SH1.	
Wizoo	Platinum24 - Latin Percussion	CD 1 -> Partition D -> 04 LAT POP D -> SAMPLE	56COW5SH2.	
Wizoo	Platinum24 - Latin Percussion	CD 1 -> Partition D -> 04 LAT POP D -> SAMPLE	56COW5SH3.	
Wizoo	Platinum24 - Latin Percussion	CD 1 -> Partition D -> 04 LAT POP D -> SAMPLE	56COW5SH4.	
Wizoo	Platinum24 - Latin Percussion	CD 1 -> Partition D -> 04 LAT POP D -> SAMPLE	58VB1CE21.	
Wizoo	Platinum24 - Latin Percussion	CD 1 -> Partition D -> 04 LAT POP D -> SAMPLE	58VB1CE22.	
Wizoo	Platinum24 - Latin Percussion	CD 1 -> Partition D -> 04 LAT POP D -> SAMPLE	69CBM1LG1.	
Wizoo	Platinum24 - Latin Percussion	CD 1 -> Partition D -> 04 LAT POP D -> SAMPLE	69CBM1LG2.	
Wizoo	Platinum24 - Latin Percussion	CD 1 -> Partition D -> 04 LAT POP D -> SAMPLE	69CBM1LG3.	
Wizoo	Platinum24 - Latin Percussion	CD 1 -> Partition D -> 04 LAT POP D -> SAMPLE	70MAR2B2.A	
Wizoo	Platinum24 - Latin Percussion	CD 1 -> Partition D -> 04 LAT POP D -> SAMPLE	70MAR2B3.A	
Wizoo	Platinum24 - Latin Percussion	CD 1 -> Partition D -> 04 LAT POP D -> SAMPLE	70MAR2B5.A	
Wizoo	Platinum24 - Latin Percussion	CD 1 -> Partition D -> 04 LAT POP D -> SAMPLE	70MAR2B6.A	
Wizoo	Platinum24 - Latin Percussion	CD 1 -> Partition D -> 04 LAT POP D -> SAMPLE	75CLV021.A	
Wizoo	Platinum24 - Latin Percussion	CD 1 -> Partition D -> 04 LAT POP D -> SAMPLE	75CLV022.A	
Wizoo	Platinum24 - Latin Percussion	CD 1 -> Partition D -> 04 LAT POP D -> SAMPLE	75CLV023.A	
Wizoo	Platinum24 - Latin Percussion	CD 1 -> Partition D -> 04 LAT POP D -> SAMPLE	75CLV024.A	
Wizoo	Platinum24 - Latin Percussion	CD 1 -> Partition D -> 04 LAT POP D -> SAMPLE	75CLV041.A	
Wizoo	Platinum24 - Latin Percussion	CD 1 -> Partition D -> 04 LAT POP D -> SAMPLE	75CLV042.A	
Wizoo	Platinum24 - Latin Percussion	CD 1 -> Partition D -> 04 LAT POP D -> SAMPLE	75CLV043.A	
Wizoo	Platinum24 - Latin Percussion	CD 1 -> Partition D -> 04 LAT POP D -> SAMPLE	75CLV044.A	
Wizoo	Platinum24 - Latin Percussion	CD 1 -> Partition D -> 04 LAT POP D -> SAMPLE	77WD1L1.AI	
Wizoo	Platinum24 - Latin Percussion	CD 1 -> Partition D -> 04 LAT POP D -> SAMPLE	77WD1L2.AI	
Wizoo	Platinum24 - Latin Percussion	CD 1 -> Partition D -> 04 LAT POP D -> SAMPLE	77WD1L3.AI	
Wizoo	Platinum24 - Latin Percussion	CD 1 -> Partition D -> 04 LAT POP D -> SAMPLE	77WD1L4.AI	
Wizoo	Platinum24 - Latin Percussion	CD 1 -> Partition D -> 04 LAT POP D -> SAMPLE	77WD1M1.AI	
Wizoo	Platinum24 - Latin Percussion	CD 1 -> Partition D -> 04 LAT POP D -> SAMPLE	77WD1M2.AI	
Wizoo	Platinum24 - Latin Percussion	CD 1 -> Partition D -> 04 LAT POP D -> SAMPLE	77WD1M3.AI	
Wizoo	Platinum24 - Latin Percussion	CD 1 -> Partition D -> 04 LAT POP D -> SAMPLE	77WD1M4.AI	
Wizoo	Platinum24 - Latin Percussion	CD 1 -> Partition D -> 04 LAT POP D -> SAMPLE	82SKEG2A2.	
Wizoo	Platinum24 - Latin Percussion	CD 1 -> Partition D -> 04 LAT POP D -> SAMPLE	82SKEG2A3.	
Wizoo	Platinum24 - Latin Percussion	CD 1 -> Partition D -> 04 LAT POP D -> SAMPLE	82SKEG2A4.	
Wizoo	Platinum24 - Latin Percussion	CD 1 -> Partition D -> 04 LAT POP D -> SAMPLE	82SKEG2A6.	
Wizoo	Platinum24 - Latin Percussion	CD 1 -> Partition D -> 04 LAT POP D -> SAMPLE	82SKEG3A1.	
Wizoo	Platinum24 - Latin Percussion	CD 1 -> Partition D -> 04 LAT POP D -> SAMPLE	82SKEG3A2.	
Wizoo	Platinum24 - Latin Percussion	CD 1 -> Partition D -> 04 LAT POP D -> SAMPLE	82SKEG3A4.	
Wizoo	Platinum24 - Latin Percussion	CD 1 -> Partition D -> 04 LAT POP D -> SAMPLE	82SKEG3A6.	
Wizoo	Platinum24 - Latin Percussion	CD 1 -> Partition D -> 05 LAT POP E -> PROGRAM	05 LAT POP E	
Wizoo	Platinum24 - Latin Percussion	CD 1 -> Partition D -> 05 LAT POP E -> SAMPLE	54TAM4EF1.	
Wizoo	Platinum24 - Latin Percussion	CD 1 -> Partition D -> 05 LAT POP E -> SAMPLE	54TAM4EF2.	
Wizoo	Platinum24 - Latin Percussion	CD 1 -> Partition D -> 05 LAT POP E -> SAMPLE	54TAM4EF3.	
Wizoo	Platinum24 - Latin Percussion	CD 1 -> Partition D -> 05 LAT POP E -> SAMPLE	54TAM4EF4.	
Wizoo	Platinum24 - Latin Percussion	CD 1 -> Partition D -> 05 LAT POP E -> SAMPLE	54TAM4HT1.	
Wizoo	Platinum24 - Latin Percussion	CD 1 -> Partition D -> 05 LAT POP E -> SAMPLE	54TAM4HT2.	
Wizoo	Platinum24 - Latin Percussion	CD 1 -> Partition D -> 05 LAT POP E -> SAMPLE	54TAM4HT3.	
Wizoo	Platinum24 - Latin Percussion	CD 1 -> Partition D -> 05 LAT POP E -> SAMPLE	54TAM4HT4.	
Wizoo	Platinum24 - Latin Percussion	CD 1 -> Partition D -> 05 LAT POP E -> SAMPLE	54TAM4SH2.	
Wizoo	Platinum24 - Latin Percussion	CD 1 -> Partition D -> 05 LAT POP E -> SAMPLE	54TAM4SH5.	
Wizoo	Platinum24 - Latin Percussion	CD 1 -> Partition D -> 05 LAT POP E -> SAMPLE	55CY1STOP1	
Wizoo	Platinum24 - Latin Percussion	CD 1 -> Partition D -> 05 LAT POP E -> SAMPLE	55CY1STOP2	
Wizoo	Platinum24 - Latin Percussion	CD 1 -> Partition D -> 05 LAT POP E -> SAMPLE	55CY1STOP3	
Wizoo	Platinum24 - Latin Percussion	CD 1 -> Partition D -> 05 LAT POP E -> SAMPLE	55CY1STOP4	
Wizoo	Platinum24 - Latin Percussion	CD 1 -> Partition D -> 05 LAT POP E -> SAMPLE	55CY2STOP1	
Wizoo	Platinum24 - Latin Percussion	CD 1 -> Partition D -> 05 LAT POP E -> SAMPLE	55CY2STOP2	
Wizoo	Platinum24 - Latin Percussion	CD 1 -> Partition D -> 05 LAT POP E -> SAMPLE	55CY2STOP3	
Wizoo	Platinum24 - Latin Percussion	CD 1 -> Partition D -> 05 LAT POP E -> SAMPLE	55CY2STOP4	
Wizoo	Platinum24 - Latin Percussion	CD 1 -> Partition D -> 05 LAT POP E -> SAMPLE	80TRI1M1.A	
Wizoo	Platinum24 - Latin Percussion	CD 1 -> Partition D -> 05 LAT POP E -> SAMPLE	80TRI1M2.A	
Wizoo	Platinum24 - Latin Percussion	CD 1 -> Partition D -> 05 LAT POP E -> SAMPLE	80TRI1M3.A	
Wizoo	Platinum24 - Latin Percussion	CD 1 -> Partition D -> 05 LAT POP E -> SAMPLE	80TRI1M4.A	
Wizoo	Platinum24 - Latin Percussion	CD 1 -> Partition D -> 05 LAT POP E -> SAMPLE	81TRI1BO1.	
Wizoo	Platinum24 - Latin Percussion	CD 1 -> Partition D -> 05 LAT POP E -> SAMPLE	81TRI1BO2.	
Wizoo	Platinum24 - Latin Percussion	CD 1 -> Partition D -> 05 LAT POP E -> SAMPLE	81TRI1BO3.	
Wizoo	Platinum24 - Latin Percussion	CD 1 -> Partition D -> 05 LAT POP E -> SAMPLE	81TRI1BO4.	
Wizoo	Platinum24 - Latin Percussion	CD 1 -> Partition D -> 05 LAT POP E -> SAMPLE	84CH1SDM2.	
Wizoo	Platinum24 - Latin Percussion	CD 1 -> Partition D -> 05 LAT POP E -> SAMPLE	84CH1SUM1.	
Wizoo	Platinum24 - Latin Percussion	CD 1 -> Partition D -> 05 LAT POP E -> SAMPLE	84CH1SUM2.	
Wizoo	Platinum24 - Latin Percussion	CD 1 -> Partition D -> 05 LAT POP E -> SAMPLE	87SUROP3.A	
Wizoo	Platinum24 - Latin Percussion	CD 1 -> Partition D -> 05 LAT POP E -> SAMPLE	87SUROP5.A	
Wizoo	Platinum24 - Latin Percussion	CD 1 -> Partition D -> 05 LAT POP E -> SAMPLE	87SUROP7.A	
Wizoo	Platinum24 - Latin Percussion	CD 1 -> Partition D -> 05 LAT POP E -> SAMPLE	87SUROP10.	
Wizoo	Platinum24 - Latin Percussion	CD 1 -> Partition D -> 06 LAT POP F -> PROGRAM	06 LAT POP F	
Wizoo	Platinum24 - Latin Percussion	CD 1 -> Partition D -> 06 LAT POP F -> SAMPLE	00FNGCY31.	
Wizoo	Platinum24 - Latin Percussion	CD 1 -> Partition D -> 06 LAT POP F -> SAMPLE	00FNGCY32.	
Wizoo	Platinum24 - Latin Percussion	CD 1 -> Partition D -> 06 LAT POP F -> SAMPLE	00GONG1B1.	
Wizoo	Platinum24 - Latin Percussion	CD 1 -> Partition D -> 06 LAT POP F -> SAMPLE	00GONG1B2.-L	
Wizoo	Platinum24 - Latin Percussion	CD 1 -> Partition D -> 06 LAT POP F -> SAMPLE	00GONG1B2.-R	
Wizoo	Platinum24 - Latin Percussion	CD 1 -> Partition D -> 06 LAT POP F -> SAMPLE	24SNIPDO1.	
Wizoo	Platinum24 - Latin Percussion	CD 1 -> Partition D -> 06 LAT POP F -> SAMPLE	24SNIPDO2.	
Wizoo	Platinum24 - Latin Percussion	CD 1 -> Partition D -> 06 LAT POP F -> SAMPLE	24SNIPDO3.	
Wizoo	Platinum24 - Latin Percussion	CD 1 -> Partition D -> 06 LAT POP F -> SAMPLE	24SNIPDO4.	
Wizoo	Platinum24 - Latin Percussion	CD 1 -> Partition D -> 06 LAT POP F -> SAMPLE	24SNIPSI1.	
Wizoo	Platinum24 - Latin Percussion	CD 1 -> Partition D -> 06 LAT POP F -> SAMPLE	24SNIPSI2.	
Wizoo	Platinum24 - Latin Percussion	CD 1 -> Partition D -> 06 LAT POP F -> SAMPLE	24SNIPSI3.	
Wizoo	Platinum24 - Latin Percussion	CD 1 -> Partition D -> 06 LAT POP F -> SAMPLE	24SNIPSI4.	
Wizoo	Platinum24 - Latin Percussion	CD 1 -> Partition D -> 06 LAT POP F -> SAMPLE	30CAS1FM1.	
Wizoo	Platinum24 - Latin Percussion	CD 1 -> Partition D -> 06 LAT POP F -> SAMPLE	30CAS1FM2.	
Wizoo	Platinum24 - Latin Percussion	CD 1 -> Partition D -> 06 LAT POP F -> SAMPLE	30CAS1FM3.	
Wizoo	Platinum24 - Latin Percussion	CD 1 -> Partition D -> 06 LAT POP F -> SAMPLE	30CAS1FM4.	
Wizoo	Platinum24 - Latin Percussion	CD 1 -> Partition D -> 06 LAT POP F -> SAMPLE	30CAS1SG1.	
Wizoo	Platinum24 - Latin Percussion	CD 1 -> Partition D -> 06 LAT POP F -> SAMPLE	30CAS1SG3.	
Wizoo	Platinum24 - Latin Percussion	CD 1 -> Partition D -> 06 LAT POP F -> SAMPLE	30CAS1SG4.	
Wizoo	Platinum24 - Latin Percussion	CD 1 -> Partition D -> 06 LAT POP F -> SAMPLE	73GU2SU1.A	
Wizoo	Platinum24 - Latin Percussion	CD 1 -> Partition D -> 06 LAT POP F -> SAMPLE	73GU2SU2.A	
Wizoo	Platinum24 - Latin Percussion	CD 1 -> Partition D -> 06 LAT POP F -> SAMPLE	74GU2LG1.A	
Wizoo	Platinum24 - Latin Percussion	CD 1 -> Partition D -> 06 LAT POP F -> SAMPLE	74GU2LG2.A	
Wizoo	Platinum24 - Latin Percussion	CD 1 -> Partition D -> 06 LAT POP F -> SAMPLE	83JBLL1OP1	
Wizoo	Platinum24 - Latin Percussion	CD 1 -> Partition D -> 06 LAT POP F -> SAMPLE	83JBLL1OP2	
Wizoo	Platinum24 - Latin Percussion	CD 1 -> Partition D -> 06 LAT POP F -> SAMPLE	84BLLTRE1.-L	
Wizoo	Platinum24 - Latin Percussion	CD 1 -> Partition D -> 06 LAT POP F -> SAMPLE	84BLLTRE1.-R	
Wizoo	Platinum24 - Latin Percussion	CD 1 -> Partition D -> 06 LAT POP F -> SAMPLE	84BLLTRE3.	
Wizoo	Platinum24 - Latin Percussion	CD 1 -> Partition D -> 06 LAT POP F -> SAMPLE	CAX1HD2.AI	
Wizoo	Platinum24 - Latin Percussion	CD 1 -> Partition D -> 06 LAT POP F -> SAMPLE	CAX1HD3.AI	
Wizoo	Platinum24 - Latin Percussion	CD 1 -> Partition D -> 06 LAT POP F -> SAMPLE	CAX1OP2.AI	
Wizoo	Platinum24 - Latin Percussion	CD 1 -> Partition D -> 06 LAT POP F -> SAMPLE	CAX1OP3.AI	
Wizoo	Platinum24 - Latin Percussion	CD 1 -> Partition D -> 06 LAT POP F -> SAMPLE	CAX1OP4.AI	
Wizoo	Platinum24 - Latin Percussion	CD 1 -> Partition D -> 06 LAT POP F -> SAMPLE	CAX1OP6.AI	
Wizoo	Platinum24 - Latin Percussion	CD 1 -> Partition E -> 01 GM KIT 1A -> PROGRAM	01 GM KIT 1A	
Wizoo	Platinum24 - Latin Percussion	CD 1 -> Partition E -> 02 GM KIT 1B -> PROGRAM	02 GM KIT 1B	
Wizoo	Platinum24 - Latin Percussion	CD 1 -> Partition E -> 02 GM KIT 1B -> SAMPLE	54TAM1HT1.	
Wizoo	Platinum24 - Latin Percussion	CD 1 -> Partition E -> 02 GM KIT 1B -> SAMPLE	54TAM1HT2.	
Wizoo	Platinum24 - Latin Percussion	CD 1 -> Partition E -> 02 GM KIT 1B -> SAMPLE	54TAM1HT3.	
Wizoo	Platinum24 - Latin Percussion	CD 1 -> Partition E -> 02 GM KIT 1B -> SAMPLE	54TAM1HT4.	
Wizoo	Platinum24 - Latin Percussion	CD 1 -> Partition E -> 02 GM KIT 1B -> SAMPLE	54TAM1HT5.	
Wizoo	Platinum24 - Latin Percussion	CD 1 -> Partition E -> 02 GM KIT 1B -> SAMPLE	54TAM1SH1.	
Wizoo	Platinum24 - Latin Percussion	CD 1 -> Partition E -> 02 GM KIT 1B -> SAMPLE	54TAM1SH3.	
Wizoo	Platinum24 - Latin Percussion	CD 1 -> Partition E -> 02 GM KIT 1B -> SAMPLE	54TAM1SH5.	
Wizoo	Platinum24 - Latin Percussion	CD 1 -> Partition E -> 02 GM KIT 1B -> SAMPLE	56COW6SH1.	
Wizoo	Platinum24 - Latin Percussion	CD 1 -> Partition E -> 02 GM KIT 1B -> SAMPLE	56COW6SH2.	
Wizoo	Platinum24 - Latin Percussion	CD 1 -> Partition E -> 02 GM KIT 1B -> SAMPLE	56COW6SH3.	
Wizoo	Platinum24 - Latin Percussion	CD 1 -> Partition E -> 02 GM KIT 1B -> SAMPLE	56COW6SH4.	
Wizoo	Platinum24 - Latin Percussion	CD 1 -> Partition E -> 02 GM KIT 1B -> SAMPLE	58VB1CE21.	
Wizoo	Platinum24 - Latin Percussion	CD 1 -> Partition E -> 02 GM KIT 1B -> SAMPLE	58VB1CE22.	
Wizoo	Platinum24 - Latin Percussion	CD 1 -> Partition E -> 02 GM KIT 1B -> SAMPLE	69CBM1LG1.	
Wizoo	Platinum24 - Latin Percussion	CD 1 -> Partition E -> 02 GM KIT 1B -> SAMPLE	69CBM1LG2.	
Wizoo	Platinum24 - Latin Percussion	CD 1 -> Partition E -> 02 GM KIT 1B -> SAMPLE	69CBM1LG3.	
Wizoo	Platinum24 - Latin Percussion	CD 1 -> Partition E -> 02 GM KIT 1B -> SAMPLE	70MAR2B1.A	
Wizoo	Platinum24 - Latin Percussion	CD 1 -> Partition E -> 02 GM KIT 1B -> SAMPLE	70MAR2B2.A	
Wizoo	Platinum24 - Latin Percussion	CD 1 -> Partition E -> 02 GM KIT 1B -> SAMPLE	70MAR2B3.A	
Wizoo	Platinum24 - Latin Percussion	CD 1 -> Partition E -> 02 GM KIT 1B -> SAMPLE	70MAR2B4.A	
Wizoo	Platinum24 - Latin Percussion	CD 1 -> Partition E -> 02 GM KIT 1B -> SAMPLE	70MAR2B5.A	
Wizoo	Platinum24 - Latin Percussion	CD 1 -> Partition E -> 02 GM KIT 1B -> SAMPLE	70MAR2B6.A	
Wizoo	Platinum24 - Latin Percussion	CD 1 -> Partition E -> 02 GM KIT 1B -> SAMPLE	71SAMW1H1.	
Wizoo	Platinum24 - Latin Percussion	CD 1 -> Partition E -> 02 GM KIT 1B -> SAMPLE	71SAMW1H2.	
Wizoo	Platinum24 - Latin Percussion	CD 1 -> Partition E -> 02 GM KIT 1B -> SAMPLE	71SAMW1H3.	
Wizoo	Platinum24 - Latin Percussion	CD 1 -> Partition E -> 02 GM KIT 1B -> SAMPLE	72SAMW1L1.	
Wizoo	Platinum24 - Latin Percussion	CD 1 -> Partition E -> 02 GM KIT 1B -> SAMPLE	72SAMW1L2.	
Wizoo	Platinum24 - Latin Percussion	CD 1 -> Partition E -> 02 GM KIT 1B -> SAMPLE	72SAMW1L3.	
Wizoo	Platinum24 - Latin Percussion	CD 1 -> Partition E -> 02 GM KIT 1B -> SAMPLE	73GU1SU1.A	
Wizoo	Platinum24 - Latin Percussion	CD 1 -> Partition E -> 02 GM KIT 1B -> SAMPLE	73GU1SU2.A	
Wizoo	Platinum24 - Latin Percussion	CD 1 -> Partition E -> 02 GM KIT 1B -> SAMPLE	74GU1LG1.A	
Wizoo	Platinum24 - Latin Percussion	CD 1 -> Partition E -> 02 GM KIT 1B -> SAMPLE	74GU1LG2.A	
Wizoo	Platinum24 - Latin Percussion	CD 1 -> Partition E -> 02 GM KIT 1B -> SAMPLE	75CLV071.A	
Wizoo	Platinum24 - Latin Percussion	CD 1 -> Partition E -> 02 GM KIT 1B -> SAMPLE	75CLV072.A	
Wizoo	Platinum24 - Latin Percussion	CD 1 -> Partition E -> 02 GM KIT 1B -> SAMPLE	75CLV073.A	
Wizoo	Platinum24 - Latin Percussion	CD 1 -> Partition E -> 02 GM KIT 1B -> SAMPLE	75CLV074.A	
Wizoo	Platinum24 - Latin Percussion	CD 1 -> Partition E -> 02 GM KIT 1B -> SAMPLE	76WD1H1.AI	
Wizoo	Platinum24 - Latin Percussion	CD 1 -> Partition E -> 02 GM KIT 1B -> SAMPLE	76WD1H2.AI	
Wizoo	Platinum24 - Latin Percussion	CD 1 -> Partition E -> 02 GM KIT 1B -> SAMPLE	76WD1H3.AI	
Wizoo	Platinum24 - Latin Percussion	CD 1 -> Partition E -> 02 GM KIT 1B -> SAMPLE	76WD1H4.AI	
Wizoo	Platinum24 - Latin Percussion	CD 1 -> Partition E -> 02 GM KIT 1B -> SAMPLE	77WD1L1.AI	
Wizoo	Platinum24 - Latin Percussion	CD 1 -> Partition E -> 02 GM KIT 1B -> SAMPLE	77WD1L2.AI	
Wizoo	Platinum24 - Latin Percussion	CD 1 -> Partition E -> 02 GM KIT 1B -> SAMPLE	77WD1L3.AI	
Wizoo	Platinum24 - Latin Percussion	CD 1 -> Partition E -> 02 GM KIT 1B -> SAMPLE	77WD1L4.AI	
Wizoo	Platinum24 - Latin Percussion	CD 1 -> Partition E -> 02 GM KIT 1B -> SAMPLE	78CULO21.A	
Wizoo	Platinum24 - Latin Percussion	CD 1 -> Partition E -> 02 GM KIT 1B -> SAMPLE	78CULO22.A	
Wizoo	Platinum24 - Latin Percussion	CD 1 -> Partition E -> 02 GM KIT 1B -> SAMPLE	79CUHI41.A	
Wizoo	Platinum24 - Latin Percussion	CD 1 -> Partition E -> 02 GM KIT 1B -> SAMPLE	79CUHI42.A	
Wizoo	Platinum24 - Latin Percussion	CD 1 -> Partition E -> 02 GM KIT 1B -> SAMPLE	82SKEG1A1.	
Wizoo	Platinum24 - Latin Percussion	CD 1 -> Partition E -> 02 GM KIT 1B -> SAMPLE	82SKEG1A2.	
Wizoo	Platinum24 - Latin Percussion	CD 1 -> Partition E -> 02 GM KIT 1B -> SAMPLE	82SKEG1A3.	
Wizoo	Platinum24 - Latin Percussion	CD 1 -> Partition E -> 02 GM KIT 1B -> SAMPLE	82SKEG1A4.	
Wizoo	Platinum24 - Latin Percussion	CD 1 -> Partition E -> 02 GM KIT 1B -> SAMPLE	82SKEG1A5.	
Wizoo	Platinum24 - Latin Percussion	CD 1 -> Partition E -> 02 GM KIT 1B -> SAMPLE	82SKEG1A6.	
Wizoo	Platinum24 - Latin Percussion	CD 1 -> Partition E -> 03 GM KIT 1C -> PROGRAM	03 GM KIT 1C	
Wizoo	Platinum24 - Latin Percussion	CD 1 -> Partition E -> 03 GM KIT 1C -> SAMPLE	24SNIPDO1.	
Wizoo	Platinum24 - Latin Percussion	CD 1 -> Partition E -> 03 GM KIT 1C -> SAMPLE	24SNIPDO2.	
Wizoo	Platinum24 - Latin Percussion	CD 1 -> Partition E -> 03 GM KIT 1C -> SAMPLE	24SNIPDO3.	
Wizoo	Platinum24 - Latin Percussion	CD 1 -> Partition E -> 03 GM KIT 1C -> SAMPLE	24SNIPDO4.	
Wizoo	Platinum24 - Latin Percussion	CD 1 -> Partition E -> 03 GM KIT 1C -> SAMPLE	30CAS1SG1.	
Wizoo	Platinum24 - Latin Percussion	CD 1 -> Partition E -> 03 GM KIT 1C -> SAMPLE	30CAS1SG2.	
Wizoo	Platinum24 - Latin Percussion	CD 1 -> Partition E -> 03 GM KIT 1C -> SAMPLE	30CAS1SG3.	
Wizoo	Platinum24 - Latin Percussion	CD 1 -> Partition E -> 03 GM KIT 1C -> SAMPLE	30CAS1SG4.	
Wizoo	Platinum24 - Latin Percussion	CD 1 -> Partition E -> 03 GM KIT 1C -> SAMPLE	80TRI2M1.A	
Wizoo	Platinum24 - Latin Percussion	CD 1 -> Partition E -> 03 GM KIT 1C -> SAMPLE	80TRI2M2.A	
Wizoo	Platinum24 - Latin Percussion	CD 1 -> Partition E -> 03 GM KIT 1C -> SAMPLE	80TRI2M3.A	
Wizoo	Platinum24 - Latin Percussion	CD 1 -> Partition E -> 03 GM KIT 1C -> SAMPLE	80TRI2M4.A	
Wizoo	Platinum24 - Latin Percussion	CD 1 -> Partition E -> 03 GM KIT 1C -> SAMPLE	81TRI2BO1.	
Wizoo	Platinum24 - Latin Percussion	CD 1 -> Partition E -> 03 GM KIT 1C -> SAMPLE	81TRI2BO2.	
Wizoo	Platinum24 - Latin Percussion	CD 1 -> Partition E -> 03 GM KIT 1C -> SAMPLE	83JBLL1OP1	
Wizoo	Platinum24 - Latin Percussion	CD 1 -> Partition E -> 03 GM KIT 1C -> SAMPLE	83JBLL1OP2	
Wizoo	Platinum24 - Latin Percussion	CD 1 -> Partition E -> 03 GM KIT 1C -> SAMPLE	84CH1SDM1.	
Wizoo	Platinum24 - Latin Percussion	CD 1 -> Partition E -> 03 GM KIT 1C -> SAMPLE	84CH1SDM2.	
Wizoo	Platinum24 - Latin Percussion	CD 1 -> Partition E -> 03 GM KIT 1C -> SAMPLE	86SURMTE1.	
Wizoo	Platinum24 - Latin Percussion	CD 1 -> Partition E -> 03 GM KIT 1C -> SAMPLE	86SURMTE2.	
Wizoo	Platinum24 - Latin Percussion	CD 1 -> Partition E -> 03 GM KIT 1C -> SAMPLE	86SURMTE3.	
Wizoo	Platinum24 - Latin Percussion	CD 1 -> Partition E -> 03 GM KIT 1C -> SAMPLE	86SURMTE4.	
Wizoo	Platinum24 - Latin Percussion	CD 1 -> Partition E -> 03 GM KIT 1C -> SAMPLE	86SURMTE5.	
Wizoo	Platinum24 - Latin Percussion	CD 1 -> Partition E -> 03 GM KIT 1C -> SAMPLE	86SURMTE6.	
Wizoo	Platinum24 - Latin Percussion	CD 1 -> Partition E -> 03 GM KIT 1C -> SAMPLE	86SURMTE7.	
Wizoo	Platinum24 - Latin Percussion	CD 1 -> Partition E -> 03 GM KIT 1C -> SAMPLE	86SURMTE8.	
Wizoo	Platinum24 - Latin Percussion	CD 1 -> Partition E -> 03 GM KIT 1C -> SAMPLE	87SUROPN3.	
Wizoo	Platinum24 - Latin Percussion	CD 1 -> Partition E -> 03 GM KIT 1C -> SAMPLE	87SUROPN4.	
Wizoo	Platinum24 - Latin Percussion	CD 1 -> Partition E -> 03 GM KIT 1C -> SAMPLE	87SUROPN5.	
Wizoo	Platinum24 - Latin Percussion	CD 1 -> Partition E -> 03 GM KIT 1C -> SAMPLE	87SUROPN6.	
Wizoo	Platinum24 - Latin Percussion	CD 1 -> Partition E -> 03 GM KIT 1C -> SAMPLE	87SUROPN7.	
Wizoo	Platinum24 - Latin Percussion	CD 1 -> Partition E -> 03 GM KIT 1C -> SAMPLE	87SUROPN8.	
Wizoo	Platinum24 - Latin Percussion	CD 1 -> Partition E -> 03 GM KIT 1C -> SAMPLE	87SUROPN10	
Wizoo	Platinum24 - Latin Percussion	CD 1 -> Partition E -> 03 GM KIT 1C -> SAMPLE	87SUROPN12	
Wizoo	Platinum24 - Latin Percussion	CD 1 -> Partition F -> 01 GM KIT 2A -> PROGRAM	01 GM KIT 2A	
Wizoo	Platinum24 - Latin Percussion	CD 1 -> Partition F -> 01 GM KIT 2A -> SAMPLE	48CONOPN3.	
Wizoo	Platinum24 - Latin Percussion	CD 1 -> Partition F -> 01 GM KIT 2A -> SAMPLE	48CONOPN5.	
Wizoo	Platinum24 - Latin Percussion	CD 1 -> Partition F -> 01 GM KIT 2A -> SAMPLE	48CONOPN6.	
Wizoo	Platinum24 - Latin Percussion	CD 1 -> Partition F -> 01 GM KIT 2A -> SAMPLE	48CONOPN7.	
Wizoo	Platinum24 - Latin Percussion	CD 1 -> Partition F -> 01 GM KIT 2A -> SAMPLE	48CONOPN9.	
Wizoo	Platinum24 - Latin Percussion	CD 1 -> Partition F -> 01 GM KIT 2A -> SAMPLE	48CONOPN11	
Wizoo	Platinum24 - Latin Percussion	CD 1 -> Partition F -> 01 GM KIT 2A -> SAMPLE	48CONOPN15	
Wizoo	Platinum24 - Latin Percussion	CD 1 -> Partition F -> 01 GM KIT 2A -> SAMPLE	48CONOPN20	
Wizoo	Platinum24 - Latin Percussion	CD 1 -> Partition F -> 01 GM KIT 2A -> SAMPLE	48CONSLM2.	
Wizoo	Platinum24 - Latin Percussion	CD 1 -> Partition F -> 01 GM KIT 2A -> SAMPLE	48CONSLM3.	
Wizoo	Platinum24 - Latin Percussion	CD 1 -> Partition F -> 01 GM KIT 2A -> SAMPLE	48CONSLM4.	
Wizoo	Platinum24 - Latin Percussion	CD 1 -> Partition F -> 01 GM KIT 2A -> SAMPLE	48CONSLM6.	
Wizoo	Platinum24 - Latin Percussion	CD 1 -> Partition F -> 01 GM KIT 2A -> SAMPLE	60BOHOPN3.	
Wizoo	Platinum24 - Latin Percussion	CD 1 -> Partition F -> 01 GM KIT 2A -> SAMPLE	60BOHOPN5.	
Wizoo	Platinum24 - Latin Percussion	CD 1 -> Partition F -> 01 GM KIT 2A -> SAMPLE	60BOHOPN8.	
Wizoo	Platinum24 - Latin Percussion	CD 1 -> Partition F -> 01 GM KIT 2A -> SAMPLE	60BOHOPN10	
Wizoo	Platinum24 - Latin Percussion	CD 1 -> Partition F -> 01 GM KIT 2A -> SAMPLE	60BOHOPN12	
Wizoo	Platinum24 - Latin Percussion	CD 1 -> Partition F -> 01 GM KIT 2A -> SAMPLE	60BOHOPN14	
Wizoo	Platinum24 - Latin Percussion	CD 1 -> Partition F -> 01 GM KIT 2A -> SAMPLE	60BOHOPN16	
Wizoo	Platinum24 - Latin Percussion	CD 1 -> Partition F -> 01 GM KIT 2A -> SAMPLE	60BOHOPN20	
Wizoo	Platinum24 - Latin Percussion	CD 1 -> Partition F -> 01 GM KIT 2A -> SAMPLE	61BOLOPN1.	
Wizoo	Platinum24 - Latin Percussion	CD 1 -> Partition F -> 01 GM KIT 2A -> SAMPLE	61BOLOPN2.	
Wizoo	Platinum24 - Latin Percussion	CD 1 -> Partition F -> 01 GM KIT 2A -> SAMPLE	61BOLOPN3.	
Wizoo	Platinum24 - Latin Percussion	CD 1 -> Partition F -> 01 GM KIT 2A -> SAMPLE	61BOLOPN4.	
Wizoo	Platinum24 - Latin Percussion	CD 1 -> Partition F -> 01 GM KIT 2A -> SAMPLE	61BOLOPN5.	
Wizoo	Platinum24 - Latin Percussion	CD 1 -> Partition F -> 01 GM KIT 2A -> SAMPLE	61BOLOPN6.	
Wizoo	Platinum24 - Latin Percussion	CD 1 -> Partition F -> 01 GM KIT 2A -> SAMPLE	61BOLOPN7.	
Wizoo	Platinum24 - Latin Percussion	CD 1 -> Partition F -> 01 GM KIT 2A -> SAMPLE	61BOLOPN8.	
Wizoo	Platinum24 - Latin Percussion	CD 1 -> Partition F -> 01 GM KIT 2A -> SAMPLE	64TUBOPN3.	
Wizoo	Platinum24 - Latin Percussion	CD 1 -> Partition F -> 01 GM KIT 2A -> SAMPLE	64TUBOPN5.	
Wizoo	Platinum24 - Latin Percussion	CD 1 -> Partition F -> 01 GM KIT 2A -> SAMPLE	64TUBOPN7.	
Wizoo	Platinum24 - Latin Percussion	CD 1 -> Partition F -> 01 GM KIT 2A -> SAMPLE	64TUBOPN9.	
Wizoo	Platinum24 - Latin Percussion	CD 1 -> Partition F -> 01 GM KIT 2A -> SAMPLE	64TUBOPN10	
Wizoo	Platinum24 - Latin Percussion	CD 1 -> Partition F -> 01 GM KIT 2A -> SAMPLE	64TUBOPN12	
Wizoo	Platinum24 - Latin Percussion	CD 1 -> Partition F -> 01 GM KIT 2A -> SAMPLE	64TUBOPN14	
Wizoo	Platinum24 - Latin Percussion	CD 1 -> Partition F -> 01 GM KIT 2A -> SAMPLE	64TUBOPN20	
Wizoo	Platinum24 - Latin Percussion	CD 1 -> Partition F -> 01 GM KIT 2A -> SAMPLE	65T2HRIM3.	
Wizoo	Platinum24 - Latin Percussion	CD 1 -> Partition F -> 01 GM KIT 2A -> SAMPLE	65T2HRIM8.	
Wizoo	Platinum24 - Latin Percussion	CD 1 -> Partition F -> 01 GM KIT 2A -> SAMPLE	65TI2HOP2.	
Wizoo	Platinum24 - Latin Percussion	CD 1 -> Partition F -> 01 GM KIT 2A -> SAMPLE	65TI2HOP4.	
Wizoo	Platinum24 - Latin Percussion	CD 1 -> Partition F -> 01 GM KIT 2A -> SAMPLE	65TI2HOP6.	
Wizoo	Platinum24 - Latin Percussion	CD 1 -> Partition F -> 01 GM KIT 2A -> SAMPLE	65TI2HOP9.	
Wizoo	Platinum24 - Latin Percussion	CD 1 -> Partition F -> 01 GM KIT 2A -> SAMPLE	65TI2HOP13	
Wizoo	Platinum24 - Latin Percussion	CD 1 -> Partition F -> 01 GM KIT 2A -> SAMPLE	65TI2HOP20	
Wizoo	Platinum24 - Latin Percussion	CD 1 -> Partition F -> 01 GM KIT 2A -> SAMPLE	66TI2LOP3.	
Wizoo	Platinum24 - Latin Percussion	CD 1 -> Partition F -> 01 GM KIT 2A -> SAMPLE	66TI2LOP5.	
Wizoo	Platinum24 - Latin Percussion	CD 1 -> Partition F -> 01 GM KIT 2A -> SAMPLE	66TI2LOP6.	
Wizoo	Platinum24 - Latin Percussion	CD 1 -> Partition F -> 01 GM KIT 2A -> SAMPLE	66TI2LOP8.	
Wizoo	Platinum24 - Latin Percussion	CD 1 -> Partition F -> 01 GM KIT 2A -> SAMPLE	66TI2LOP9.	
Wizoo	Platinum24 - Latin Percussion	CD 1 -> Partition F -> 01 GM KIT 2A -> SAMPLE	66TI2LOP15	
Wizoo	Platinum24 - Latin Percussion	CD 1 -> Partition F -> 01 GM KIT 2A -> SAMPLE	66TI2LOP20	
Wizoo	Platinum24 - Latin Percussion	CD 1 -> Partition F -> 01 GM KIT 2A -> SAMPLE	66TI2LRIM8	
Wizoo	Platinum24 - Latin Percussion	CD 1 -> Partition F -> 01 GM KIT 2A -> SAMPLE	67AG3HI1.A	
Wizoo	Platinum24 - Latin Percussion	CD 1 -> Partition F -> 01 GM KIT 2A -> SAMPLE	67AG3HI2.A	
Wizoo	Platinum24 - Latin Percussion	CD 1 -> Partition F -> 01 GM KIT 2A -> SAMPLE	67AG3HI3.A	
Wizoo	Platinum24 - Latin Percussion	CD 1 -> Partition F -> 01 GM KIT 2A -> SAMPLE	67AG3HI4.A	
Wizoo	Platinum24 - Latin Percussion	CD 1 -> Partition F -> 01 GM KIT 2A -> SAMPLE	68AG3LO1.A	
Wizoo	Platinum24 - Latin Percussion	CD 1 -> Partition F -> 01 GM KIT 2A -> SAMPLE	68AG3LO2.A	
Wizoo	Platinum24 - Latin Percussion	CD 1 -> Partition F -> 01 GM KIT 2A -> SAMPLE	68AG3LO3.A	
Wizoo	Platinum24 - Latin Percussion	CD 1 -> Partition F -> 01 GM KIT 2A -> SAMPLE	68AG3LO4.A	
Wizoo	Platinum24 - Latin Percussion	CD 1 -> Partition F -> 02 GM KIT 2B -> PROGRAM	02 GM KIT 2B	
Wizoo	Platinum24 - Latin Percussion	CD 1 -> Partition F -> 02 GM KIT 2B -> SAMPLE	54TAM5HT21	
Wizoo	Platinum24 - Latin Percussion	CD 1 -> Partition F -> 02 GM KIT 2B -> SAMPLE	54TAM5HT22	
Wizoo	Platinum24 - Latin Percussion	CD 1 -> Partition F -> 02 GM KIT 2B -> SAMPLE	54TAM5SH22	
Wizoo	Platinum24 - Latin Percussion	CD 1 -> Partition F -> 02 GM KIT 2B -> SAMPLE	54TAM5SH23	
Wizoo	Platinum24 - Latin Percussion	CD 1 -> Partition F -> 02 GM KIT 2B -> SAMPLE	54TAM5SH24	
Wizoo	Platinum24 - Latin Percussion	CD 1 -> Partition F -> 02 GM KIT 2B -> SAMPLE	54TAM5SH25	
Wizoo	Platinum24 - Latin Percussion	CD 1 -> Partition F -> 02 GM KIT 2B -> SAMPLE	56COW3SH1.	
Wizoo	Platinum24 - Latin Percussion	CD 1 -> Partition F -> 02 GM KIT 2B -> SAMPLE	56COW3SH2.	
Wizoo	Platinum24 - Latin Percussion	CD 1 -> Partition F -> 02 GM KIT 2B -> SAMPLE	56COW3SH3.	
Wizoo	Platinum24 - Latin Percussion	CD 1 -> Partition F -> 02 GM KIT 2B -> SAMPLE	56COW3SH4.	
Wizoo	Platinum24 - Latin Percussion	CD 1 -> Partition F -> 02 GM KIT 2B -> SAMPLE	58VB2CE1.A	
Wizoo	Platinum24 - Latin Percussion	CD 1 -> Partition F -> 02 GM KIT 2B -> SAMPLE	58VB2CE2.A	
Wizoo	Platinum24 - Latin Percussion	CD 1 -> Partition F -> 02 GM KIT 2B -> SAMPLE	69CBM3LG1.	
Wizoo	Platinum24 - Latin Percussion	CD 1 -> Partition F -> 02 GM KIT 2B -> SAMPLE	69CBM3LG2.	
Wizoo	Platinum24 - Latin Percussion	CD 1 -> Partition F -> 02 GM KIT 2B -> SAMPLE	69CBM3LG3.	
Wizoo	Platinum24 - Latin Percussion	CD 1 -> Partition F -> 02 GM KIT 2B -> SAMPLE	69CBM3LG4.	
Wizoo	Platinum24 - Latin Percussion	CD 1 -> Partition F -> 02 GM KIT 2B -> SAMPLE	70MAR5B1.A	
Wizoo	Platinum24 - Latin Percussion	CD 1 -> Partition F -> 02 GM KIT 2B -> SAMPLE	70MAR5B2.A	
Wizoo	Platinum24 - Latin Percussion	CD 1 -> Partition F -> 02 GM KIT 2B -> SAMPLE	70MAR5B3.A	
Wizoo	Platinum24 - Latin Percussion	CD 1 -> Partition F -> 02 GM KIT 2B -> SAMPLE	70MAR5B4.A	
Wizoo	Platinum24 - Latin Percussion	CD 1 -> Partition F -> 02 GM KIT 2B -> SAMPLE	70MAR5B5.A	
Wizoo	Platinum24 - Latin Percussion	CD 1 -> Partition F -> 02 GM KIT 2B -> SAMPLE	70MAR5B6.A	
Wizoo	Platinum24 - Latin Percussion	CD 1 -> Partition F -> 02 GM KIT 2B -> SAMPLE	71SAMW2H1.	
Wizoo	Platinum24 - Latin Percussion	CD 1 -> Partition F -> 02 GM KIT 2B -> SAMPLE	71SAMW2H2.	
Wizoo	Platinum24 - Latin Percussion	CD 1 -> Partition F -> 02 GM KIT 2B -> SAMPLE	71SAMW2H3.	
Wizoo	Platinum24 - Latin Percussion	CD 1 -> Partition F -> 02 GM KIT 2B -> SAMPLE	72SAMW2L1.	
Wizoo	Platinum24 - Latin Percussion	CD 1 -> Partition F -> 02 GM KIT 2B -> SAMPLE	72SAMW2L2.	
Wizoo	Platinum24 - Latin Percussion	CD 1 -> Partition F -> 02 GM KIT 2B -> SAMPLE	72SAMW2L3.	
Wizoo	Platinum24 - Latin Percussion	CD 1 -> Partition F -> 02 GM KIT 2B -> SAMPLE	73GU2SU1.A	
Wizoo	Platinum24 - Latin Percussion	CD 1 -> Partition F -> 02 GM KIT 2B -> SAMPLE	73GU2SU2.A	
Wizoo	Platinum24 - Latin Percussion	CD 1 -> Partition F -> 02 GM KIT 2B -> SAMPLE	74GU2LG1.A	
Wizoo	Platinum24 - Latin Percussion	CD 1 -> Partition F -> 02 GM KIT 2B -> SAMPLE	74GU2LG2.A	
Wizoo	Platinum24 - Latin Percussion	CD 1 -> Partition F -> 02 GM KIT 2B -> SAMPLE	75CLV021.A	
Wizoo	Platinum24 - Latin Percussion	CD 1 -> Partition F -> 02 GM KIT 2B -> SAMPLE	75CLV022.A	
Wizoo	Platinum24 - Latin Percussion	CD 1 -> Partition F -> 02 GM KIT 2B -> SAMPLE	75CLV023.A	
Wizoo	Platinum24 - Latin Percussion	CD 1 -> Partition F -> 02 GM KIT 2B -> SAMPLE	75CLV024.A	
Wizoo	Platinum24 - Latin Percussion	CD 1 -> Partition F -> 02 GM KIT 2B -> SAMPLE	76WD2H1.AI	
Wizoo	Platinum24 - Latin Percussion	CD 1 -> Partition F -> 02 GM KIT 2B -> SAMPLE	76WD2H2.AI	
Wizoo	Platinum24 - Latin Percussion	CD 1 -> Partition F -> 02 GM KIT 2B -> SAMPLE	76WD2H3.AI	
Wizoo	Platinum24 - Latin Percussion	CD 1 -> Partition F -> 02 GM KIT 2B -> SAMPLE	76WD2H4.AI	
Wizoo	Platinum24 - Latin Percussion	CD 1 -> Partition F -> 02 GM KIT 2B -> SAMPLE	77WD2L1.AI	
Wizoo	Platinum24 - Latin Percussion	CD 1 -> Partition F -> 02 GM KIT 2B -> SAMPLE	77WD2L2.AI	
Wizoo	Platinum24 - Latin Percussion	CD 1 -> Partition F -> 02 GM KIT 2B -> SAMPLE	77WD2L3.AI	
Wizoo	Platinum24 - Latin Percussion	CD 1 -> Partition F -> 02 GM KIT 2B -> SAMPLE	77WD2L4.AI	
Wizoo	Platinum24 - Latin Percussion	CD 1 -> Partition F -> 02 GM KIT 2B -> SAMPLE	78CULO21.A	
Wizoo	Platinum24 - Latin Percussion	CD 1 -> Partition F -> 02 GM KIT 2B -> SAMPLE	78CULO22.A	
Wizoo	Platinum24 - Latin Percussion	CD 1 -> Partition F -> 02 GM KIT 2B -> SAMPLE	79CUHI41.A	
Wizoo	Platinum24 - Latin Percussion	CD 1 -> Partition F -> 02 GM KIT 2B -> SAMPLE	79CUHI42.A	
Wizoo	Platinum24 - Latin Percussion	CD 1 -> Partition F -> 02 GM KIT 2B -> SAMPLE	82SKWD2A1.	
Wizoo	Platinum24 - Latin Percussion	CD 1 -> Partition F -> 02 GM KIT 2B -> SAMPLE	82SKWD2A2.	
Wizoo	Platinum24 - Latin Percussion	CD 1 -> Partition F -> 02 GM KIT 2B -> SAMPLE	82SKWD2A3.	
Wizoo	Platinum24 - Latin Percussion	CD 1 -> Partition F -> 02 GM KIT 2B -> SAMPLE	82SKWD2A4.	
Wizoo	Platinum24 - Latin Percussion	CD 1 -> Partition F -> 02 GM KIT 2B -> SAMPLE	82SKWD2A5.	
Wizoo	Platinum24 - Latin Percussion	CD 1 -> Partition F -> 02 GM KIT 2B -> SAMPLE	82SKWD2A6.	
Wizoo	Platinum24 - Latin Percussion	CD 1 -> Partition F -> 03 GM KIT 2C -> PROGRAM	03 GM KIT 2C	
Wizoo	Platinum24 - Latin Percussion	CD 1 -> Partition F -> 03 GM KIT 2C -> SAMPLE	24SNIPDO1.	
Wizoo	Platinum24 - Latin Percussion	CD 1 -> Partition F -> 03 GM KIT 2C -> SAMPLE	24SNIPDO2.	
Wizoo	Platinum24 - Latin Percussion	CD 1 -> Partition F -> 03 GM KIT 2C -> SAMPLE	24SNIPDO3.	
Wizoo	Platinum24 - Latin Percussion	CD 1 -> Partition F -> 03 GM KIT 2C -> SAMPLE	24SNIPDO4.	
Wizoo	Platinum24 - Latin Percussion	CD 1 -> Partition F -> 03 GM KIT 2C -> SAMPLE	30CAS2SG1.	
Wizoo	Platinum24 - Latin Percussion	CD 1 -> Partition F -> 03 GM KIT 2C -> SAMPLE	30CAS2SG2.	
Wizoo	Platinum24 - Latin Percussion	CD 1 -> Partition F -> 03 GM KIT 2C -> SAMPLE	30CAS2SG3.	
Wizoo	Platinum24 - Latin Percussion	CD 1 -> Partition F -> 03 GM KIT 2C -> SAMPLE	30CAS2SG4.	
Wizoo	Platinum24 - Latin Percussion	CD 1 -> Partition F -> 03 GM KIT 2C -> SAMPLE	80TRI1M1.A	
Wizoo	Platinum24 - Latin Percussion	CD 1 -> Partition F -> 03 GM KIT 2C -> SAMPLE	80TRI1M2.A	
Wizoo	Platinum24 - Latin Percussion	CD 1 -> Partition F -> 03 GM KIT 2C -> SAMPLE	80TRI1M3.A	
Wizoo	Platinum24 - Latin Percussion	CD 1 -> Partition F -> 03 GM KIT 2C -> SAMPLE	80TRI1M4.A	
Wizoo	Platinum24 - Latin Percussion	CD 1 -> Partition F -> 03 GM KIT 2C -> SAMPLE	81TRI1BO1.	
Wizoo	Platinum24 - Latin Percussion	CD 1 -> Partition F -> 03 GM KIT 2C -> SAMPLE	81TRI1BO4.	
Wizoo	Platinum24 - Latin Percussion	CD 1 -> Partition F -> 03 GM KIT 2C -> SAMPLE	83JBLL1OP1	
Wizoo	Platinum24 - Latin Percussion	CD 1 -> Partition F -> 03 GM KIT 2C -> SAMPLE	83JBLL1OP2	
Wizoo	Platinum24 - Latin Percussion	CD 1 -> Partition F -> 03 GM KIT 2C -> SAMPLE	84CH1SUM1.	
Wizoo	Platinum24 - Latin Percussion	CD 1 -> Partition F -> 03 GM KIT 2C -> SAMPLE	84CH1SUM2.	
Wizoo	Platinum24 - Latin Percussion	CD 1 -> Partition F -> 03 GM KIT 2C -> SAMPLE	86SURMTE1.	
Wizoo	Platinum24 - Latin Percussion	CD 1 -> Partition F -> 03 GM KIT 2C -> SAMPLE	86SURMTE2.	
Wizoo	Platinum24 - Latin Percussion	CD 1 -> Partition F -> 03 GM KIT 2C -> SAMPLE	86SURMTE3.	
Wizoo	Platinum24 - Latin Percussion	CD 1 -> Partition F -> 03 GM KIT 2C -> SAMPLE	86SURMTE4.	
Wizoo	Platinum24 - Latin Percussion	CD 1 -> Partition F -> 03 GM KIT 2C -> SAMPLE	86SURMTE5.	
Wizoo	Platinum24 - Latin Percussion	CD 1 -> Partition F -> 03 GM KIT 2C -> SAMPLE	86SURMTE6.	
Wizoo	Platinum24 - Latin Percussion	CD 1 -> Partition F -> 03 GM KIT 2C -> SAMPLE	86SURMTE7.	
Wizoo	Platinum24 - Latin Percussion	CD 1 -> Partition F -> 03 GM KIT 2C -> SAMPLE	86SURMTE8.	
Wizoo	Platinum24 - Latin Percussion	CD 1 -> Partition F -> 03 GM KIT 2C -> SAMPLE	87SUROPN3.	
Wizoo	Platinum24 - Latin Percussion	CD 1 -> Partition F -> 03 GM KIT 2C -> SAMPLE	87SUROPN4.	
Wizoo	Platinum24 - Latin Percussion	CD 1 -> Partition F -> 03 GM KIT 2C -> SAMPLE	87SUROPN5.	
Wizoo	Platinum24 - Latin Percussion	CD 1 -> Partition F -> 03 GM KIT 2C -> SAMPLE	87SUROPN6.	
Wizoo	Platinum24 - Latin Percussion	CD 1 -> Partition F -> 03 GM KIT 2C -> SAMPLE	87SUROPN7.	
Wizoo	Platinum24 - Latin Percussion	CD 1 -> Partition F -> 03 GM KIT 2C -> SAMPLE	87SUROPN9.	
Wizoo	Platinum24 - Latin Percussion	CD 1 -> Partition F -> 03 GM KIT 2C -> SAMPLE	87SUROPN10	
Wizoo	Platinum24 - Latin Percussion	CD 1 -> Partition F -> 03 GM KIT 2C -> SAMPLE	87SUROPN12	
Wizoo	Platinum24 - Latin Percussion	CD 1 -> Partition G -> 01AFCU 1 ECO -> PROGRAM	01AFCU 1 ECO	
Wizoo	Platinum24 - Latin Percussion	CD 1 -> Partition G -> 01AFCU 1 ECO -> SAMPLE	48CONHEL4.	
Wizoo	Platinum24 - Latin Percussion	CD 1 -> Partition G -> 01AFCU 1 ECO -> SAMPLE	48CONMTE4.	
Wizoo	Platinum24 - Latin Percussion	CD 1 -> Partition G -> 01AFCU 1 ECO -> SAMPLE	48CONOPN7.	
Wizoo	Platinum24 - Latin Percussion	CD 1 -> Partition G -> 01AFCU 1 ECO -> SAMPLE	48CONSLM4.	
Wizoo	Platinum24 - Latin Percussion	CD 1 -> Partition G -> 01AFCU 1 ECO -> SAMPLE	48CONTIP4.	
Wizoo	Platinum24 - Latin Percussion	CD 1 -> Partition G -> 01AFCU 1 ECO -> SAMPLE	54TAM4HT4.-L	
Wizoo	Platinum24 - Latin Percussion	CD 1 -> Partition G -> 01AFCU 1 ECO -> SAMPLE	54TAM4HT4.-R	
Wizoo	Platinum24 - Latin Percussion	CD 1 -> Partition G -> 01AFCU 1 ECO -> SAMPLE	54TAM4SH5.	
Wizoo	Platinum24 - Latin Percussion	CD 1 -> Partition G -> 01AFCU 1 ECO -> SAMPLE	55CY1FNOP4	
Wizoo	Platinum24 - Latin Percussion	CD 1 -> Partition G -> 01AFCU 1 ECO -> SAMPLE	55CY1FNSP4	
Wizoo	Platinum24 - Latin Percussion	CD 1 -> Partition G -> 01AFCU 1 ECO -> SAMPLE	56COW2SH4.	
Wizoo	Platinum24 - Latin Percussion	CD 1 -> Partition G -> 01AFCU 1 ECO -> SAMPLE	56COW5SH3.	
Wizoo	Platinum24 - Latin Percussion	CD 1 -> Partition G -> 01AFCU 1 ECO -> SAMPLE	58VB3CE2.A	
Wizoo	Platinum24 - Latin Percussion	CD 1 -> Partition G -> 01AFCU 1 ECO -> SAMPLE	60BOHHEL4.	
Wizoo	Platinum24 - Latin Percussion	CD 1 -> Partition G -> 01AFCU 1 ECO -> SAMPLE	60BOHOPN8.	
Wizoo	Platinum24 - Latin Percussion	CD 1 -> Partition G -> 01AFCU 1 ECO -> SAMPLE	60BOHRIM4.	
Wizoo	Platinum24 - Latin Percussion	CD 1 -> Partition G -> 01AFCU 1 ECO -> SAMPLE	60BOHSLP4.	
Wizoo	Platinum24 - Latin Percussion	CD 1 -> Partition G -> 01AFCU 1 ECO -> SAMPLE	60BOHTIP4.	
Wizoo	Platinum24 - Latin Percussion	CD 1 -> Partition G -> 01AFCU 1 ECO -> SAMPLE	61BOLHEL4.	
Wizoo	Platinum24 - Latin Percussion	CD 1 -> Partition G -> 01AFCU 1 ECO -> SAMPLE	61BOLOPN7.	
Wizoo	Platinum24 - Latin Percussion	CD 1 -> Partition G -> 01AFCU 1 ECO -> SAMPLE	61BOLRIM4.	
Wizoo	Platinum24 - Latin Percussion	CD 1 -> Partition G -> 01AFCU 1 ECO -> SAMPLE	61BOLSLP4.	
Wizoo	Platinum24 - Latin Percussion	CD 1 -> Partition G -> 01AFCU 1 ECO -> SAMPLE	61BOLTIP4.	
Wizoo	Platinum24 - Latin Percussion	CD 1 -> Partition G -> 01AFCU 1 ECO -> SAMPLE	63QTOHEL4.	
Wizoo	Platinum24 - Latin Percussion	CD 1 -> Partition G -> 01AFCU 1 ECO -> SAMPLE	63QTOMTE4.	
Wizoo	Platinum24 - Latin Percussion	CD 1 -> Partition G -> 01AFCU 1 ECO -> SAMPLE	63QTOOPN27	
Wizoo	Platinum24 - Latin Percussion	CD 1 -> Partition G -> 01AFCU 1 ECO -> SAMPLE	63QTOSLM4.	
Wizoo	Platinum24 - Latin Percussion	CD 1 -> Partition G -> 01AFCU 1 ECO -> SAMPLE	63QTOTIP4.	
Wizoo	Platinum24 - Latin Percussion	CD 1 -> Partition G -> 01AFCU 1 ECO -> SAMPLE	64TUBHEL4.	
Wizoo	Platinum24 - Latin Percussion	CD 1 -> Partition G -> 01AFCU 1 ECO -> SAMPLE	64TUBMTE3.	
Wizoo	Platinum24 - Latin Percussion	CD 1 -> Partition G -> 01AFCU 1 ECO -> SAMPLE	64TUBOPN8.	
Wizoo	Platinum24 - Latin Percussion	CD 1 -> Partition G -> 01AFCU 1 ECO -> SAMPLE	64TUBSLO4.	
Wizoo	Platinum24 - Latin Percussion	CD 1 -> Partition G -> 01AFCU 1 ECO -> SAMPLE	64TUBTIP3.	
Wizoo	Platinum24 - Latin Percussion	CD 1 -> Partition G -> 01AFCU 1 ECO -> SAMPLE	65TIHCAS4.	
Wizoo	Platinum24 - Latin Percussion	CD 1 -> Partition G -> 01AFCU 1 ECO -> SAMPLE	65TIHMTE4.	
Wizoo	Platinum24 - Latin Percussion	CD 1 -> Partition G -> 01AFCU 1 ECO -> SAMPLE	65TIHOPN7.	
Wizoo	Platinum24 - Latin Percussion	CD 1 -> Partition G -> 01AFCU 1 ECO -> SAMPLE	65TIHRIM4.	
Wizoo	Platinum24 - Latin Percussion	CD 1 -> Partition G -> 01AFCU 1 ECO -> SAMPLE	66TILCAS4.	
Wizoo	Platinum24 - Latin Percussion	CD 1 -> Partition G -> 01AFCU 1 ECO -> SAMPLE	66TILMTE4.	
Wizoo	Platinum24 - Latin Percussion	CD 1 -> Partition G -> 01AFCU 1 ECO -> SAMPLE	66TILOPN6.	
Wizoo	Platinum24 - Latin Percussion	CD 1 -> Partition G -> 01AFCU 1 ECO -> SAMPLE	66TILRIM4.	
Wizoo	Platinum24 - Latin Percussion	CD 1 -> Partition G -> 01AFCU 1 ECO -> SAMPLE	70MAR1A6.A	
Wizoo	Platinum24 - Latin Percussion	CD 1 -> Partition G -> 01AFCU 1 ECO -> SAMPLE	70MAR5B6.A	
Wizoo	Platinum24 - Latin Percussion	CD 1 -> Partition G -> 01AFCU 1 ECO -> SAMPLE	74GU6D1.AI	
Wizoo	Platinum24 - Latin Percussion	CD 1 -> Partition G -> 01AFCU 1 ECO -> SAMPLE	74GU6DU2.A	
Wizoo	Platinum24 - Latin Percussion	CD 1 -> Partition G -> 01AFCU 1 ECO -> SAMPLE	74GU6TP2.A	
Wizoo	Platinum24 - Latin Percussion	CD 1 -> Partition G -> 01AFCU 1 ECO -> SAMPLE	75CLV024.A	
Wizoo	Platinum24 - Latin Percussion	CD 1 -> Partition G -> 01AFCU 1 ECO -> SAMPLE	75CLV043.A	
Wizoo	Platinum24 - Latin Percussion	CD 1 -> Partition G -> 01AFCU 1 ECO -> SAMPLE	76WD1H4.AI	
Wizoo	Platinum24 - Latin Percussion	CD 1 -> Partition G -> 01AFCU 1 ECO -> SAMPLE	77WD1L4.AI	
Wizoo	Platinum24 - Latin Percussion	CD 1 -> Partition G -> 01AFCU 1 ECO -> SAMPLE	77WD1M4.AI	
Wizoo	Platinum24 - Latin Percussion	CD 1 -> Partition G -> 01AFCU 1 ECO -> SAMPLE	80TRI3M4.A	
Wizoo	Platinum24 - Latin Percussion	CD 1 -> Partition G -> 01AFCU 1 ECO -> SAMPLE	81TRI3BO4.	
Wizoo	Platinum24 - Latin Percussion	CD 1 -> Partition G -> 01AFCU 1 ECO -> SAMPLE	82SHK1A6.A	
Wizoo	Platinum24 - Latin Percussion	CD 1 -> Partition G -> 01AFCU 1 ECO -> SAMPLE	82SHKAF26.	
Wizoo	Platinum24 - Latin Percussion	CD 1 -> Partition G -> 01AFCU 1 ECO -> SAMPLE	84CH1SDM1.	
Wizoo	Platinum24 - Latin Percussion	CD 1 -> Partition G -> 02AFCU 2 ECO -> PROGRAM	02AFCU 2 ECO	
Wizoo	Platinum24 - Latin Percussion	CD 1 -> Partition G -> 02AFCU 2 ECO -> SAMPLE	48CONHEL4.	
Wizoo	Platinum24 - Latin Percussion	CD 1 -> Partition G -> 02AFCU 2 ECO -> SAMPLE	48CONMTE5.	
Wizoo	Platinum24 - Latin Percussion	CD 1 -> Partition G -> 02AFCU 2 ECO -> SAMPLE	48CONOPN9.	
Wizoo	Platinum24 - Latin Percussion	CD 1 -> Partition G -> 02AFCU 2 ECO -> SAMPLE	48CONSLP4.	
Wizoo	Platinum24 - Latin Percussion	CD 1 -> Partition G -> 02AFCU 2 ECO -> SAMPLE	48CONTIP4.	
Wizoo	Platinum24 - Latin Percussion	CD 1 -> Partition G -> 02AFCU 2 ECO -> SAMPLE	54TAM6EF4.	
Wizoo	Platinum24 - Latin Percussion	CD 1 -> Partition G -> 02AFCU 2 ECO -> SAMPLE	54TAM6HT4.	
Wizoo	Platinum24 - Latin Percussion	CD 1 -> Partition G -> 02AFCU 2 ECO -> SAMPLE	54TAM6SH5.	
Wizoo	Platinum24 - Latin Percussion	CD 1 -> Partition G -> 02AFCU 2 ECO -> SAMPLE	55CY2FNOP3	
Wizoo	Platinum24 - Latin Percussion	CD 1 -> Partition G -> 02AFCU 2 ECO -> SAMPLE	55CY2FNSP4	
Wizoo	Platinum24 - Latin Percussion	CD 1 -> Partition G -> 02AFCU 2 ECO -> SAMPLE	56COW1SH3.	
Wizoo	Platinum24 - Latin Percussion	CD 1 -> Partition G -> 02AFCU 2 ECO -> SAMPLE	56COW5ED4.	
Wizoo	Platinum24 - Latin Percussion	CD 1 -> Partition G -> 02AFCU 2 ECO -> SAMPLE	58VB4CE2.A	
Wizoo	Platinum24 - Latin Percussion	CD 1 -> Partition G -> 02AFCU 2 ECO -> SAMPLE	60BOHHEL4.	
Wizoo	Platinum24 - Latin Percussion	CD 1 -> Partition G -> 02AFCU 2 ECO -> SAMPLE	60BOHOPN18	
Wizoo	Platinum24 - Latin Percussion	CD 1 -> Partition G -> 02AFCU 2 ECO -> SAMPLE	60BOHRIM6.	
Wizoo	Platinum24 - Latin Percussion	CD 1 -> Partition G -> 02AFCU 2 ECO -> SAMPLE	60BOHSLP5.	
Wizoo	Platinum24 - Latin Percussion	CD 1 -> Partition G -> 02AFCU 2 ECO -> SAMPLE	60BOHTIP4.	
Wizoo	Platinum24 - Latin Percussion	CD 1 -> Partition G -> 02AFCU 2 ECO -> SAMPLE	61BOLHEL4.	
Wizoo	Platinum24 - Latin Percussion	CD 1 -> Partition G -> 02AFCU 2 ECO -> SAMPLE	61BOLOPN18	
Wizoo	Platinum24 - Latin Percussion	CD 1 -> Partition G -> 02AFCU 2 ECO -> SAMPLE	61BOLRIM6.	
Wizoo	Platinum24 - Latin Percussion	CD 1 -> Partition G -> 02AFCU 2 ECO -> SAMPLE	61BOLSLP6.	
Wizoo	Platinum24 - Latin Percussion	CD 1 -> Partition G -> 02AFCU 2 ECO -> SAMPLE	61BOLTIP4.	
Wizoo	Platinum24 - Latin Percussion	CD 1 -> Partition G -> 02AFCU 2 ECO -> SAMPLE	63QTOHEL4.	
Wizoo	Platinum24 - Latin Percussion	CD 1 -> Partition G -> 02AFCU 2 ECO -> SAMPLE	63QTOMTE5.	
Wizoo	Platinum24 - Latin Percussion	CD 1 -> Partition G -> 02AFCU 2 ECO -> SAMPLE	63QTOOPN18	
Wizoo	Platinum24 - Latin Percussion	CD 1 -> Partition G -> 02AFCU 2 ECO -> SAMPLE	63QTOSLP6.	
Wizoo	Platinum24 - Latin Percussion	CD 1 -> Partition G -> 02AFCU 2 ECO -> SAMPLE	63QTOTIP4.	
Wizoo	Platinum24 - Latin Percussion	CD 1 -> Partition G -> 02AFCU 2 ECO -> SAMPLE	64TUBHEL4.	
Wizoo	Platinum24 - Latin Percussion	CD 1 -> Partition G -> 02AFCU 2 ECO -> SAMPLE	64TUBMTE5.	
Wizoo	Platinum24 - Latin Percussion	CD 1 -> Partition G -> 02AFCU 2 ECO -> SAMPLE	64TUBOPN17	
Wizoo	Platinum24 - Latin Percussion	CD 1 -> Partition G -> 02AFCU 2 ECO -> SAMPLE	64TUBSLO6.	
Wizoo	Platinum24 - Latin Percussion	CD 1 -> Partition G -> 02AFCU 2 ECO -> SAMPLE	64TUBTIP4.	
Wizoo	Platinum24 - Latin Percussion	CD 1 -> Partition G -> 02AFCU 2 ECO -> SAMPLE	65T2HRIM8.	
Wizoo	Platinum24 - Latin Percussion	CD 1 -> Partition G -> 02AFCU 2 ECO -> SAMPLE	65TI2HCAS4	
Wizoo	Platinum24 - Latin Percussion	CD 1 -> Partition G -> 02AFCU 2 ECO -> SAMPLE	65TI2HMTE6	
Wizoo	Platinum24 - Latin Percussion	CD 1 -> Partition G -> 02AFCU 2 ECO -> SAMPLE	65TI2HOPN1	
Wizoo	Platinum24 - Latin Percussion	CD 1 -> Partition G -> 02AFCU 2 ECO -> SAMPLE	66TI2LCAS4	
Wizoo	Platinum24 - Latin Percussion	CD 1 -> Partition G -> 02AFCU 2 ECO -> SAMPLE	66TI2LMTE6	
Wizoo	Platinum24 - Latin Percussion	CD 1 -> Partition G -> 02AFCU 2 ECO -> SAMPLE	66TI2LOPN1	
Wizoo	Platinum24 - Latin Percussion	CD 1 -> Partition G -> 02AFCU 2 ECO -> SAMPLE	66TI2LRIM8	
Wizoo	Platinum24 - Latin Percussion	CD 1 -> Partition G -> 02AFCU 2 ECO -> SAMPLE	70MAR3A6.A	
Wizoo	Platinum24 - Latin Percussion	CD 1 -> Partition G -> 02AFCU 2 ECO -> SAMPLE	70MAR4A6.A	
Wizoo	Platinum24 - Latin Percussion	CD 1 -> Partition G -> 02AFCU 2 ECO -> SAMPLE	74GU4D2.AI-L	
Wizoo	Platinum24 - Latin Percussion	CD 1 -> Partition G -> 02AFCU 2 ECO -> SAMPLE	74GU4D2.AI-R	
Wizoo	Platinum24 - Latin Percussion	CD 1 -> Partition G -> 02AFCU 2 ECO -> SAMPLE	74GU4DU2	
Wizoo	Platinum24 - Latin Percussion	CD 1 -> Partition G -> 02AFCU 2 ECO -> SAMPLE	74GU4TP2.A	
Wizoo	Platinum24 - Latin Percussion	CD 1 -> Partition G -> 02AFCU 2 ECO -> SAMPLE	75CLV034.A	
Wizoo	Platinum24 - Latin Percussion	CD 1 -> Partition G -> 02AFCU 2 ECO -> SAMPLE	75CLV053.A	
Wizoo	Platinum24 - Latin Percussion	CD 1 -> Partition G -> 02AFCU 2 ECO -> SAMPLE	76WD2H3.AI	
Wizoo	Platinum24 - Latin Percussion	CD 1 -> Partition G -> 02AFCU 2 ECO -> SAMPLE	77WD1L4.AI	
Wizoo	Platinum24 - Latin Percussion	CD 1 -> Partition G -> 02AFCU 2 ECO -> SAMPLE	77WD2L4.AI	
Wizoo	Platinum24 - Latin Percussion	CD 1 -> Partition G -> 02AFCU 2 ECO -> SAMPLE	80TRI5M4.A	
Wizoo	Platinum24 - Latin Percussion	CD 1 -> Partition G -> 02AFCU 2 ECO -> SAMPLE	81TRI5CO4.	
Wizoo	Platinum24 - Latin Percussion	CD 1 -> Partition G -> 02AFCU 2 ECO -> SAMPLE	82SKMT16.A	
Wizoo	Platinum24 - Latin Percussion	CD 1 -> Partition G -> 02AFCU 2 ECO -> SAMPLE	82SKRT16.A	
Wizoo	Platinum24 - Latin Percussion	CD 1 -> Partition G -> 02AFCU 2 ECO -> SAMPLE	84CH1SDM2.-L	
Wizoo	Platinum24 - Latin Percussion	CD 1 -> Partition G -> 02AFCU 2 ECO -> SAMPLE	84CH1SDM2.-R	
Wizoo	Platinum24 - Latin Percussion	CD 1 -> Partition H -> 01BRAZIL ECO -> PROGRAM	01BRAZIL ECO	
Wizoo	Platinum24 - Latin Percussion	CD 1 -> Partition H -> 01BRAZIL ECO -> SAMPLE	00TBM2FG4.	
Wizoo	Platinum24 - Latin Percussion	CD 1 -> Partition H -> 01BRAZIL ECO -> SAMPLE	00TBM2MT4.	
Wizoo	Platinum24 - Latin Percussion	CD 1 -> Partition H -> 01BRAZIL ECO -> SAMPLE	00TBM2OP3.	
Wizoo	Platinum24 - Latin Percussion	CD 1 -> Partition H -> 01BRAZIL ECO -> SAMPLE	28PANRIM5.	
Wizoo	Platinum24 - Latin Percussion	CD 1 -> Partition H -> 01BRAZIL ECO -> SAMPLE	28PANSHK4.	
Wizoo	Platinum24 - Latin Percussion	CD 1 -> Partition H -> 01BRAZIL ECO -> SAMPLE	28PANSLP4.	
Wizoo	Platinum24 - Latin Percussion	CD 1 -> Partition H -> 01BRAZIL ECO -> SAMPLE	48CONHEL4.	
Wizoo	Platinum24 - Latin Percussion	CD 1 -> Partition H -> 01BRAZIL ECO -> SAMPLE	48CONMTE5.	
Wizoo	Platinum24 - Latin Percussion	CD 1 -> Partition H -> 01BRAZIL ECO -> SAMPLE	48CONOP18.	
Wizoo	Platinum24 - Latin Percussion	CD 1 -> Partition H -> 01BRAZIL ECO -> SAMPLE	48CONSLP6.	
Wizoo	Platinum24 - Latin Percussion	CD 1 -> Partition H -> 01BRAZIL ECO -> SAMPLE	48CONTIP4.	
Wizoo	Platinum24 - Latin Percussion	CD 1 -> Partition H -> 01BRAZIL ECO -> SAMPLE	60BOHHEL4.	
Wizoo	Platinum24 - Latin Percussion	CD 1 -> Partition H -> 01BRAZIL ECO -> SAMPLE	60BOHOP17.	
Wizoo	Platinum24 - Latin Percussion	CD 1 -> Partition H -> 01BRAZIL ECO -> SAMPLE	60BOHRIM6.	
Wizoo	Platinum24 - Latin Percussion	CD 1 -> Partition H -> 01BRAZIL ECO -> SAMPLE	60BOHSLP6.	
Wizoo	Platinum24 - Latin Percussion	CD 1 -> Partition H -> 01BRAZIL ECO -> SAMPLE	60BOHTIP4.	
Wizoo	Platinum24 - Latin Percussion	CD 1 -> Partition H -> 01BRAZIL ECO -> SAMPLE	61BOLHEL4.	
Wizoo	Platinum24 - Latin Percussion	CD 1 -> Partition H -> 01BRAZIL ECO -> SAMPLE	61BOLOP18.	
Wizoo	Platinum24 - Latin Percussion	CD 1 -> Partition H -> 01BRAZIL ECO -> SAMPLE	61BOLRIM6.	
Wizoo	Platinum24 - Latin Percussion	CD 1 -> Partition H -> 01BRAZIL ECO -> SAMPLE	61BOLSLP6.	
Wizoo	Platinum24 - Latin Percussion	CD 1 -> Partition H -> 01BRAZIL ECO -> SAMPLE	61BOLTIP4.	
Wizoo	Platinum24 - Latin Percussion	CD 1 -> Partition H -> 01BRAZIL ECO -> SAMPLE	63QTOHEL4.	
Wizoo	Platinum24 - Latin Percussion	CD 1 -> Partition H -> 01BRAZIL ECO -> SAMPLE	63QTOMTE6.	
Wizoo	Platinum24 - Latin Percussion	CD 1 -> Partition H -> 01BRAZIL ECO -> SAMPLE	63QTOOP18.	
Wizoo	Platinum24 - Latin Percussion	CD 1 -> Partition H -> 01BRAZIL ECO -> SAMPLE	63QTOSLP6.	
Wizoo	Platinum24 - Latin Percussion	CD 1 -> Partition H -> 01BRAZIL ECO -> SAMPLE	63QTOTIP4.	
Wizoo	Platinum24 - Latin Percussion	CD 1 -> Partition H -> 01BRAZIL ECO -> SAMPLE	65TI3HCAS4	
Wizoo	Platinum24 - Latin Percussion	CD 1 -> Partition H -> 01BRAZIL ECO -> SAMPLE	65TI3HMTE5	
Wizoo	Platinum24 - Latin Percussion	CD 1 -> Partition H -> 01BRAZIL ECO -> SAMPLE	65TI3HOP13	
Wizoo	Platinum24 - Latin Percussion	CD 1 -> Partition H -> 01BRAZIL ECO -> SAMPLE	65TI3HRIM8	
Wizoo	Platinum24 - Latin Percussion	CD 1 -> Partition H -> 01BRAZIL ECO -> SAMPLE	66TI3LCAS4	
Wizoo	Platinum24 - Latin Percussion	CD 1 -> Partition H -> 01BRAZIL ECO -> SAMPLE	66TI3LMTE5	
Wizoo	Platinum24 - Latin Percussion	CD 1 -> Partition H -> 01BRAZIL ECO -> SAMPLE	66TI3LOP13	
Wizoo	Platinum24 - Latin Percussion	CD 1 -> Partition H -> 01BRAZIL ECO -> SAMPLE	66TI3LRIM8	
Wizoo	Platinum24 - Latin Percussion	CD 1 -> Partition H -> 01BRAZIL ECO -> SAMPLE	67AG3HI4.A	
Wizoo	Platinum24 - Latin Percussion	CD 1 -> Partition H -> 01BRAZIL ECO -> SAMPLE	68AG3LO4.A	
Wizoo	Platinum24 - Latin Percussion	CD 1 -> Partition H -> 01BRAZIL ECO -> SAMPLE	69CBM2LG3.-L	
Wizoo	Platinum24 - Latin Percussion	CD 1 -> Partition H -> 01BRAZIL ECO -> SAMPLE	69CBM2LG3.-R	
Wizoo	Platinum24 - Latin Percussion	CD 1 -> Partition H -> 01BRAZIL ECO -> SAMPLE	69CBM5LG3.	
Wizoo	Platinum24 - Latin Percussion	CD 1 -> Partition H -> 01BRAZIL ECO -> SAMPLE	71SAMW1H3.	
Wizoo	Platinum24 - Latin Percussion	CD 1 -> Partition H -> 01BRAZIL ECO -> SAMPLE	72SAMW1L3.	
Wizoo	Platinum24 - Latin Percussion	CD 1 -> Partition H -> 01BRAZIL ECO -> SAMPLE	73GU3SU2.A	
Wizoo	Platinum24 - Latin Percussion	CD 1 -> Partition H -> 01BRAZIL ECO -> SAMPLE	73GU3TP2.A	
Wizoo	Platinum24 - Latin Percussion	CD 1 -> Partition H -> 01BRAZIL ECO -> SAMPLE	74GU3LG2.A	
Wizoo	Platinum24 - Latin Percussion	CD 1 -> Partition H -> 01BRAZIL ECO -> SAMPLE	75CLV064.A	
Wizoo	Platinum24 - Latin Percussion	CD 1 -> Partition H -> 01BRAZIL ECO -> SAMPLE	75CLV083.A	
Wizoo	Platinum24 - Latin Percussion	CD 1 -> Partition H -> 01BRAZIL ECO -> SAMPLE	76WD1H4.AI	
Wizoo	Platinum24 - Latin Percussion	CD 1 -> Partition H -> 01BRAZIL ECO -> SAMPLE	77WD1L4.AI	
Wizoo	Platinum24 - Latin Percussion	CD 1 -> Partition H -> 01BRAZIL ECO -> SAMPLE	77WD1M4.AI	
Wizoo	Platinum24 - Latin Percussion	CD 1 -> Partition H -> 01BRAZIL ECO -> SAMPLE	78CULO22.A	
Wizoo	Platinum24 - Latin Percussion	CD 1 -> Partition H -> 01BRAZIL ECO -> SAMPLE	79CUHI42.A	
Wizoo	Platinum24 - Latin Percussion	CD 1 -> Partition H -> 01BRAZIL ECO -> SAMPLE	80TRI4M4.A	
Wizoo	Platinum24 - Latin Percussion	CD 1 -> Partition H -> 01BRAZIL ECO -> SAMPLE	81TRI4BO4.	
Wizoo	Platinum24 - Latin Percussion	CD 1 -> Partition H -> 01BRAZIL ECO -> SAMPLE	82SKME36.A	
Wizoo	Platinum24 - Latin Percussion	CD 1 -> Partition H -> 01BRAZIL ECO -> SAMPLE	82SKWD1A6.	
Wizoo	Platinum24 - Latin Percussion	CD 1 -> Partition H -> 01BRAZIL ECO -> SAMPLE	86SURMTE8.	
Wizoo	Platinum24 - Latin Percussion	CD 1 -> Partition H -> 01BRAZIL ECO -> SAMPLE	87SURHND5.	
Wizoo	Platinum24 - Latin Percussion	CD 1 -> Partition H -> 01BRAZIL ECO -> SAMPLE	87SUROP9.A	
Wizoo	Platinum24 - Latin Percussion	CD 1 -> Partition H -> 01BRAZIL ECO -> SAMPLE	87SURRIM4.	
Wizoo	Platinum24 - Latin Percussion	CD 1 -> Partition H -> 02LATPOP ECO -> PROGRAM	02LATPOP ECO	
Wizoo	Platinum24 - Latin Percussion	CD 1 -> Partition H -> 02LATPOP ECO -> SAMPLE	00FNGCY32.	
Wizoo	Platinum24 - Latin Percussion	CD 1 -> Partition H -> 02LATPOP ECO -> SAMPLE	00GONG1B2.	
Wizoo	Platinum24 - Latin Percussion	CD 1 -> Partition H -> 02LATPOP ECO -> SAMPLE	24SNIPDO3.	
Wizoo	Platinum24 - Latin Percussion	CD 1 -> Partition H -> 02LATPOP ECO -> SAMPLE	24SNIPSI3.	
Wizoo	Platinum24 - Latin Percussion	CD 1 -> Partition H -> 02LATPOP ECO -> SAMPLE	30CAS1FM4.	
Wizoo	Platinum24 - Latin Percussion	CD 1 -> Partition H -> 02LATPOP ECO -> SAMPLE	30CAS1SG3.	
Wizoo	Platinum24 - Latin Percussion	CD 1 -> Partition H -> 02LATPOP ECO -> SAMPLE	48CONHEL4.	
Wizoo	Platinum24 - Latin Percussion	CD 1 -> Partition H -> 02LATPOP ECO -> SAMPLE	48CONMTE6.	
Wizoo	Platinum24 - Latin Percussion	CD 1 -> Partition H -> 02LATPOP ECO -> SAMPLE	48CONOP18.	
Wizoo	Platinum24 - Latin Percussion	CD 1 -> Partition H -> 02LATPOP ECO -> SAMPLE	48CONSLP4.	
Wizoo	Platinum24 - Latin Percussion	CD 1 -> Partition H -> 02LATPOP ECO -> SAMPLE	48CONTIP4.	
Wizoo	Platinum24 - Latin Percussion	CD 1 -> Partition H -> 02LATPOP ECO -> SAMPLE	54TAM1EF4.	
Wizoo	Platinum24 - Latin Percussion	CD 1 -> Partition H -> 02LATPOP ECO -> SAMPLE	54TAM1HT5.	
Wizoo	Platinum24 - Latin Percussion	CD 1 -> Partition H -> 02LATPOP ECO -> SAMPLE	54TAM4EF4.	
Wizoo	Platinum24 - Latin Percussion	CD 1 -> Partition H -> 02LATPOP ECO -> SAMPLE	54TAM4HT4.	
Wizoo	Platinum24 - Latin Percussion	CD 1 -> Partition H -> 02LATPOP ECO -> SAMPLE	56COW2SH3.	
Wizoo	Platinum24 - Latin Percussion	CD 1 -> Partition H -> 02LATPOP ECO -> SAMPLE	56COW5SH3.	
Wizoo	Platinum24 - Latin Percussion	CD 1 -> Partition H -> 02LATPOP ECO -> SAMPLE	58VB1CE22.	
Wizoo	Platinum24 - Latin Percussion	CD 1 -> Partition H -> 02LATPOP ECO -> SAMPLE	60BOHHEL4.	
Wizoo	Platinum24 - Latin Percussion	CD 1 -> Partition H -> 02LATPOP ECO -> SAMPLE	60BOHOPN8.	
Wizoo	Platinum24 - Latin Percussion	CD 1 -> Partition H -> 02LATPOP ECO -> SAMPLE	60BOHRIM4.	
Wizoo	Platinum24 - Latin Percussion	CD 1 -> Partition H -> 02LATPOP ECO -> SAMPLE	60BOHSLP4.	
Wizoo	Platinum24 - Latin Percussion	CD 1 -> Partition H -> 02LATPOP ECO -> SAMPLE	60BOHTIP4.	
Wizoo	Platinum24 - Latin Percussion	CD 1 -> Partition H -> 02LATPOP ECO -> SAMPLE	61BOLHEL4.	
Wizoo	Platinum24 - Latin Percussion	CD 1 -> Partition H -> 02LATPOP ECO -> SAMPLE	61BOLOPN8.	
Wizoo	Platinum24 - Latin Percussion	CD 1 -> Partition H -> 02LATPOP ECO -> SAMPLE	61BOLRIM4.	
Wizoo	Platinum24 - Latin Percussion	CD 1 -> Partition H -> 02LATPOP ECO -> SAMPLE	61BOLSLP3.	
Wizoo	Platinum24 - Latin Percussion	CD 1 -> Partition H -> 02LATPOP ECO -> SAMPLE	61BOLTIP4.	
Wizoo	Platinum24 - Latin Percussion	CD 1 -> Partition H -> 02LATPOP ECO -> SAMPLE	63QTOHEL4.	
Wizoo	Platinum24 - Latin Percussion	CD 1 -> Partition H -> 02LATPOP ECO -> SAMPLE	63QTOMTE6.	
Wizoo	Platinum24 - Latin Percussion	CD 1 -> Partition H -> 02LATPOP ECO -> SAMPLE	63QTOOP16.	
Wizoo	Platinum24 - Latin Percussion	CD 1 -> Partition H -> 02LATPOP ECO -> SAMPLE	63QTOSLO6.	
Wizoo	Platinum24 - Latin Percussion	CD 1 -> Partition H -> 02LATPOP ECO -> SAMPLE	63QTOTIP4.	
Wizoo	Platinum24 - Latin Percussion	CD 1 -> Partition H -> 02LATPOP ECO -> SAMPLE	65TIHCAS4.	
Wizoo	Platinum24 - Latin Percussion	CD 1 -> Partition H -> 02LATPOP ECO -> SAMPLE	65TIHMTE4.	
Wizoo	Platinum24 - Latin Percussion	CD 1 -> Partition H -> 02LATPOP ECO -> SAMPLE	65TIHOPN7.	
Wizoo	Platinum24 - Latin Percussion	CD 1 -> Partition H -> 02LATPOP ECO -> SAMPLE	65TIHRIM4.	
Wizoo	Platinum24 - Latin Percussion	CD 1 -> Partition H -> 02LATPOP ECO -> SAMPLE	66TILCAS4.	
Wizoo	Platinum24 - Latin Percussion	CD 1 -> Partition H -> 02LATPOP ECO -> SAMPLE	66TILMTE4.	
Wizoo	Platinum24 - Latin Percussion	CD 1 -> Partition H -> 02LATPOP ECO -> SAMPLE	66TILOPN8.	
Wizoo	Platinum24 - Latin Percussion	CD 1 -> Partition H -> 02LATPOP ECO -> SAMPLE	66TILRIM4.	
Wizoo	Platinum24 - Latin Percussion	CD 1 -> Partition H -> 02LATPOP ECO -> SAMPLE	69CBM1LG3.	
Wizoo	Platinum24 - Latin Percussion	CD 1 -> Partition H -> 02LATPOP ECO -> SAMPLE	70MAR2B6.A	
Wizoo	Platinum24 - Latin Percussion	CD 1 -> Partition H -> 02LATPOP ECO -> SAMPLE	73GU2SU2.A	
Wizoo	Platinum24 - Latin Percussion	CD 1 -> Partition H -> 02LATPOP ECO -> SAMPLE	74GU2LG2.A	
Wizoo	Platinum24 - Latin Percussion	CD 1 -> Partition H -> 02LATPOP ECO -> SAMPLE	75CLV024.A	
Wizoo	Platinum24 - Latin Percussion	CD 1 -> Partition H -> 02LATPOP ECO -> SAMPLE	75CLV043.A	
Wizoo	Platinum24 - Latin Percussion	CD 1 -> Partition H -> 02LATPOP ECO -> SAMPLE	77WD1L4.AI	
Wizoo	Platinum24 - Latin Percussion	CD 1 -> Partition H -> 02LATPOP ECO -> SAMPLE	77WD1M4.AI	
Wizoo	Platinum24 - Latin Percussion	CD 1 -> Partition H -> 02LATPOP ECO -> SAMPLE	80TRI1M4.A	
Wizoo	Platinum24 - Latin Percussion	CD 1 -> Partition H -> 02LATPOP ECO -> SAMPLE	81TRI1BO4.	
Wizoo	Platinum24 - Latin Percussion	CD 1 -> Partition H -> 02LATPOP ECO -> SAMPLE	82SKEG2A6.	
Wizoo	Platinum24 - Latin Percussion	CD 1 -> Partition H -> 02LATPOP ECO -> SAMPLE	82SKEG3A6.	
Wizoo	Platinum24 - Latin Percussion	CD 1 -> Partition H -> 02LATPOP ECO -> SAMPLE	83JBLL1OP1-L	
Wizoo	Platinum24 - Latin Percussion	CD 1 -> Partition H -> 02LATPOP ECO -> SAMPLE	83JBLL1OP1-R	
Wizoo	Platinum24 - Latin Percussion	CD 1 -> Partition H -> 02LATPOP ECO -> SAMPLE	84BLLTRE3.	
Wizoo	Platinum24 - Latin Percussion	CD 1 -> Partition H -> 02LATPOP ECO -> SAMPLE	84CH1SDM2.	
Wizoo	Platinum24 - Latin Percussion	CD 1 -> Partition H -> 02LATPOP ECO -> SAMPLE	84CH1SUM1.	
Wizoo	Platinum24 - Latin Percussion	CD 1 -> Partition H -> 02LATPOP ECO -> SAMPLE	87SUROP9.A	
Wizoo	Platinum24 - Latin Percussion	CD 1 -> Partition H -> 02LATPOP ECO -> SAMPLE	CAX1HD4.AI	
Wizoo	Platinum24 - Latin Percussion	CD 1 -> Partition H -> 02LATPOP ECO -> SAMPLE	CAX1OP6.AI	
Wizoo	Platinum24 - Latin Percussion	CD 1 -> Partition I -> 01 GM 1  ECO -> PROGRAM	01 GM 1  ECO	
Wizoo	Platinum24 - Latin Percussion	CD 1 -> Partition I -> 01 GM 1  ECO -> SAMPLE	24SNIPDO4.	
Wizoo	Platinum24 - Latin Percussion	CD 1 -> Partition I -> 01 GM 1  ECO -> SAMPLE	30CAS1SG3.	
Wizoo	Platinum24 - Latin Percussion	CD 1 -> Partition I -> 01 GM 1  ECO -> SAMPLE	48CONOPN7.	
Wizoo	Platinum24 - Latin Percussion	CD 1 -> Partition I -> 01 GM 1  ECO -> SAMPLE	48CONSLM4.	
Wizoo	Platinum24 - Latin Percussion	CD 1 -> Partition I -> 01 GM 1  ECO -> SAMPLE	54TAM1HT5.	
Wizoo	Platinum24 - Latin Percussion	CD 1 -> Partition I -> 01 GM 1  ECO -> SAMPLE	56COW6SH4.	
Wizoo	Platinum24 - Latin Percussion	CD 1 -> Partition I -> 01 GM 1  ECO -> SAMPLE	58VB1CE21.	
Wizoo	Platinum24 - Latin Percussion	CD 1 -> Partition I -> 01 GM 1  ECO -> SAMPLE	60BOHOPN8.	
Wizoo	Platinum24 - Latin Percussion	CD 1 -> Partition I -> 01 GM 1  ECO -> SAMPLE	61BOLOPN8.	
Wizoo	Platinum24 - Latin Percussion	CD 1 -> Partition I -> 01 GM 1  ECO -> SAMPLE	64TUBOPN7.	
Wizoo	Platinum24 - Latin Percussion	CD 1 -> Partition I -> 01 GM 1  ECO -> SAMPLE	65TIHOPN7.	
Wizoo	Platinum24 - Latin Percussion	CD 1 -> Partition I -> 01 GM 1  ECO -> SAMPLE	65TIHRIM4.	
Wizoo	Platinum24 - Latin Percussion	CD 1 -> Partition I -> 01 GM 1  ECO -> SAMPLE	66TILOPN8.	
Wizoo	Platinum24 - Latin Percussion	CD 1 -> Partition I -> 01 GM 1  ECO -> SAMPLE	67AG1HI3.A	
Wizoo	Platinum24 - Latin Percussion	CD 1 -> Partition I -> 01 GM 1  ECO -> SAMPLE	68AG1LO4.A	
Wizoo	Platinum24 - Latin Percussion	CD 1 -> Partition I -> 01 GM 1  ECO -> SAMPLE	69CBM1LG3.-L	
Wizoo	Platinum24 - Latin Percussion	CD 1 -> Partition I -> 01 GM 1  ECO -> SAMPLE	69CBM1LG3.-R	
Wizoo	Platinum24 - Latin Percussion	CD 1 -> Partition I -> 01 GM 1  ECO -> SAMPLE	70MAR2B6.A	
Wizoo	Platinum24 - Latin Percussion	CD 1 -> Partition I -> 01 GM 1  ECO -> SAMPLE	71SAMW1H3.	
Wizoo	Platinum24 - Latin Percussion	CD 1 -> Partition I -> 01 GM 1  ECO -> SAMPLE	72SAMW1L3.	
Wizoo	Platinum24 - Latin Percussion	CD 1 -> Partition I -> 01 GM 1  ECO -> SAMPLE	73GU1SU2.A	
Wizoo	Platinum24 - Latin Percussion	CD 1 -> Partition I -> 01 GM 1  ECO -> SAMPLE	74GU1LG2.A	
Wizoo	Platinum24 - Latin Percussion	CD 1 -> Partition I -> 01 GM 1  ECO -> SAMPLE	75CLV073.A	
Wizoo	Platinum24 - Latin Percussion	CD 1 -> Partition I -> 01 GM 1  ECO -> SAMPLE	76WD1H4.AI	
Wizoo	Platinum24 - Latin Percussion	CD 1 -> Partition I -> 01 GM 1  ECO -> SAMPLE	77WD1L4.AI	
Wizoo	Platinum24 - Latin Percussion	CD 1 -> Partition I -> 01 GM 1  ECO -> SAMPLE	78CULO22.A	
Wizoo	Platinum24 - Latin Percussion	CD 1 -> Partition I -> 01 GM 1  ECO -> SAMPLE	79CUHI42.A	
Wizoo	Platinum24 - Latin Percussion	CD 1 -> Partition I -> 01 GM 1  ECO -> SAMPLE	80TRI2M4.A	
Wizoo	Platinum24 - Latin Percussion	CD 1 -> Partition I -> 01 GM 1  ECO -> SAMPLE	81TRI2BO2.	
Wizoo	Platinum24 - Latin Percussion	CD 1 -> Partition I -> 01 GM 1  ECO -> SAMPLE	82SKEG1A6.	
Wizoo	Platinum24 - Latin Percussion	CD 1 -> Partition I -> 01 GM 1  ECO -> SAMPLE	83JBLL1OP2	
Wizoo	Platinum24 - Latin Percussion	CD 1 -> Partition I -> 01 GM 1  ECO -> SAMPLE	84CH1SDM2.	
Wizoo	Platinum24 - Latin Percussion	CD 1 -> Partition I -> 01 GM 1  ECO -> SAMPLE	86SURMTE8.	
Wizoo	Platinum24 - Latin Percussion	CD 1 -> Partition I -> 01 GM 1  ECO -> SAMPLE	87SUROPN11	
Wizoo	Platinum24 - Latin Percussion	CD 1 -> Partition I -> 02 GM 2  ECO -> PROGRAM	02 GM 2  ECO	
Wizoo	Platinum24 - Latin Percussion	CD 1 -> Partition I -> 02 GM 2  ECO -> SAMPLE	24SNIPDO4.	
Wizoo	Platinum24 - Latin Percussion	CD 1 -> Partition I -> 02 GM 2  ECO -> SAMPLE	30CAS2SG4.	
Wizoo	Platinum24 - Latin Percussion	CD 1 -> Partition I -> 02 GM 2  ECO -> SAMPLE	48CONOPN19	
Wizoo	Platinum24 - Latin Percussion	CD 1 -> Partition I -> 02 GM 2  ECO -> SAMPLE	48CONSLM6.	
Wizoo	Platinum24 - Latin Percussion	CD 1 -> Partition I -> 02 GM 2  ECO -> SAMPLE	54TAM5HT25	
Wizoo	Platinum24 - Latin Percussion	CD 1 -> Partition I -> 02 GM 2  ECO -> SAMPLE	56COW3SH4.	
Wizoo	Platinum24 - Latin Percussion	CD 1 -> Partition I -> 02 GM 2  ECO -> SAMPLE	58VB2CE2.A	
Wizoo	Platinum24 - Latin Percussion	CD 1 -> Partition I -> 02 GM 2  ECO -> SAMPLE	60BOHOPN19	
Wizoo	Platinum24 - Latin Percussion	CD 1 -> Partition I -> 02 GM 2  ECO -> SAMPLE	61BOLOPN8.	
Wizoo	Platinum24 - Latin Percussion	CD 1 -> Partition I -> 02 GM 2  ECO -> SAMPLE	64TUBOPN18	
Wizoo	Platinum24 - Latin Percussion	CD 1 -> Partition I -> 02 GM 2  ECO -> SAMPLE	65T2HRIM8.	
Wizoo	Platinum24 - Latin Percussion	CD 1 -> Partition I -> 02 GM 2  ECO -> SAMPLE	65TI2HOP15	
Wizoo	Platinum24 - Latin Percussion	CD 1 -> Partition I -> 02 GM 2  ECO -> SAMPLE	66TI2LOP10	
Wizoo	Platinum24 - Latin Percussion	CD 1 -> Partition I -> 02 GM 2  ECO -> SAMPLE	66TI2LRIM8	
Wizoo	Platinum24 - Latin Percussion	CD 1 -> Partition I -> 02 GM 2  ECO -> SAMPLE	67AG3HI4.A	
Wizoo	Platinum24 - Latin Percussion	CD 1 -> Partition I -> 02 GM 2  ECO -> SAMPLE	68AG3LO4.A	
Wizoo	Platinum24 - Latin Percussion	CD 1 -> Partition I -> 02 GM 2  ECO -> SAMPLE	69CBM3LG4.	
Wizoo	Platinum24 - Latin Percussion	CD 1 -> Partition I -> 02 GM 2  ECO -> SAMPLE	70MAR5B6.A	
Wizoo	Platinum24 - Latin Percussion	CD 1 -> Partition I -> 02 GM 2  ECO -> SAMPLE	71SAMW2H3.	
Wizoo	Platinum24 - Latin Percussion	CD 1 -> Partition I -> 02 GM 2  ECO -> SAMPLE	72SAMW2L3.	
Wizoo	Platinum24 - Latin Percussion	CD 1 -> Partition I -> 02 GM 2  ECO -> SAMPLE	73GU2SU2.A	
Wizoo	Platinum24 - Latin Percussion	CD 1 -> Partition I -> 02 GM 2  ECO -> SAMPLE	74GU2LG2.A	
Wizoo	Platinum24 - Latin Percussion	CD 1 -> Partition I -> 02 GM 2  ECO -> SAMPLE	75CLV024.A	
Wizoo	Platinum24 - Latin Percussion	CD 1 -> Partition I -> 02 GM 2  ECO -> SAMPLE	76WD2H3.AI	
Wizoo	Platinum24 - Latin Percussion	CD 1 -> Partition I -> 02 GM 2  ECO -> SAMPLE	77WD2L3.AI	
Wizoo	Platinum24 - Latin Percussion	CD 1 -> Partition I -> 02 GM 2  ECO -> SAMPLE	78CULO22.A	
Wizoo	Platinum24 - Latin Percussion	CD 1 -> Partition I -> 02 GM 2  ECO -> SAMPLE	79CUHI42.A	
Wizoo	Platinum24 - Latin Percussion	CD 1 -> Partition I -> 02 GM 2  ECO -> SAMPLE	80TRI1M4.A	
Wizoo	Platinum24 - Latin Percussion	CD 1 -> Partition I -> 02 GM 2  ECO -> SAMPLE	81TRI1BO2.	
Wizoo	Platinum24 - Latin Percussion	CD 1 -> Partition I -> 02 GM 2  ECO -> SAMPLE	82SKWD2A6.	
Wizoo	Platinum24 - Latin Percussion	CD 1 -> Partition I -> 02 GM 2  ECO -> SAMPLE	83JBLL1OP2	
Wizoo	Platinum24 - Latin Percussion	CD 1 -> Partition I -> 02 GM 2  ECO -> SAMPLE	84CH1SUM1.	
Wizoo	Platinum24 - Latin Percussion	CD 1 -> Partition I -> 02 GM 2  ECO -> SAMPLE	86SURMTE8.	
Wizoo	Platinum24 - Latin Percussion	CD 1 -> Partition I -> 02 GM 2  ECO -> SAMPLE	87SUROPN11	
Wizoo	Platinum24 - Latin Percussion	CD 2 -> Partition A -> 01 TUMBA A -> PROGRAM	01 TUMBA A	
Wizoo	Platinum24 - Latin Percussion	CD 2 -> Partition A -> 01 TUMBA A -> SAMPLE	64TUBFLC1.	
Wizoo	Platinum24 - Latin Percussion	CD 2 -> Partition A -> 01 TUMBA A -> SAMPLE	64TUBFLC2.	
Wizoo	Platinum24 - Latin Percussion	CD 2 -> Partition A -> 01 TUMBA A -> SAMPLE	64TUBFLC3.	
Wizoo	Platinum24 - Latin Percussion	CD 2 -> Partition A -> 01 TUMBA A -> SAMPLE	64TUBFLC4.	
Wizoo	Platinum24 - Latin Percussion	CD 2 -> Partition A -> 01 TUMBA A -> SAMPLE	64TUBFLO1.	
Wizoo	Platinum24 - Latin Percussion	CD 2 -> Partition A -> 01 TUMBA A -> SAMPLE	64TUBFLO2.	
Wizoo	Platinum24 - Latin Percussion	CD 2 -> Partition A -> 01 TUMBA A -> SAMPLE	64TUBFLO3.	
Wizoo	Platinum24 - Latin Percussion	CD 2 -> Partition A -> 01 TUMBA A -> SAMPLE	64TUBFLO4.	
Wizoo	Platinum24 - Latin Percussion	CD 2 -> Partition A -> 01 TUMBA A -> SAMPLE	64TUBHEL1.	
Wizoo	Platinum24 - Latin Percussion	CD 2 -> Partition A -> 01 TUMBA A -> SAMPLE	64TUBHEL2.	
Wizoo	Platinum24 - Latin Percussion	CD 2 -> Partition A -> 01 TUMBA A -> SAMPLE	64TUBHEL3.	
Wizoo	Platinum24 - Latin Percussion	CD 2 -> Partition A -> 01 TUMBA A -> SAMPLE	64TUBHEL4.	
Wizoo	Platinum24 - Latin Percussion	CD 2 -> Partition A -> 01 TUMBA A -> SAMPLE	64TUBMTE1.	
Wizoo	Platinum24 - Latin Percussion	CD 2 -> Partition A -> 01 TUMBA A -> SAMPLE	64TUBMTE2.	
Wizoo	Platinum24 - Latin Percussion	CD 2 -> Partition A -> 01 TUMBA A -> SAMPLE	64TUBMTE3.	
Wizoo	Platinum24 - Latin Percussion	CD 2 -> Partition A -> 01 TUMBA A -> SAMPLE	64TUBMTE4.	
Wizoo	Platinum24 - Latin Percussion	CD 2 -> Partition A -> 01 TUMBA A -> SAMPLE	64TUBOPN2.	
Wizoo	Platinum24 - Latin Percussion	CD 2 -> Partition A -> 01 TUMBA A -> SAMPLE	64TUBOPN3.	
Wizoo	Platinum24 - Latin Percussion	CD 2 -> Partition A -> 01 TUMBA A -> SAMPLE	64TUBOPN5.	
Wizoo	Platinum24 - Latin Percussion	CD 2 -> Partition A -> 01 TUMBA A -> SAMPLE	64TUBOPN8.	
Wizoo	Platinum24 - Latin Percussion	CD 2 -> Partition A -> 01 TUMBA A -> SAMPLE	64TUBSLM1.	
Wizoo	Platinum24 - Latin Percussion	CD 2 -> Partition A -> 01 TUMBA A -> SAMPLE	64TUBSLM2.	
Wizoo	Platinum24 - Latin Percussion	CD 2 -> Partition A -> 01 TUMBA A -> SAMPLE	64TUBSLM3.	
Wizoo	Platinum24 - Latin Percussion	CD 2 -> Partition A -> 01 TUMBA A -> SAMPLE	64TUBSLM4.	
Wizoo	Platinum24 - Latin Percussion	CD 2 -> Partition A -> 01 TUMBA A -> SAMPLE	64TUBSLO1.	
Wizoo	Platinum24 - Latin Percussion	CD 2 -> Partition A -> 01 TUMBA A -> SAMPLE	64TUBSLO2.	
Wizoo	Platinum24 - Latin Percussion	CD 2 -> Partition A -> 01 TUMBA A -> SAMPLE	64TUBSLO3.	
Wizoo	Platinum24 - Latin Percussion	CD 2 -> Partition A -> 01 TUMBA A -> SAMPLE	64TUBSLO4.	
Wizoo	Platinum24 - Latin Percussion	CD 2 -> Partition A -> 01 TUMBA A -> SAMPLE	64TUBTIP1.	
Wizoo	Platinum24 - Latin Percussion	CD 2 -> Partition A -> 01 TUMBA A -> SAMPLE	64TUBTIP2.	
Wizoo	Platinum24 - Latin Percussion	CD 2 -> Partition A -> 01 TUMBA A -> SAMPLE	64TUBTIP3.	
Wizoo	Platinum24 - Latin Percussion	CD 2 -> Partition A -> 01 TUMBA A -> SAMPLE	64TUBTIP4.	
Wizoo	Platinum24 - Latin Percussion	CD 2 -> Partition A -> 02 CONGA A -> PROGRAM	02 CONGA A	
Wizoo	Platinum24 - Latin Percussion	CD 2 -> Partition A -> 02 CONGA A -> SAMPLE	48CONFLC1.	
Wizoo	Platinum24 - Latin Percussion	CD 2 -> Partition A -> 02 CONGA A -> SAMPLE	48CONFLC2.	
Wizoo	Platinum24 - Latin Percussion	CD 2 -> Partition A -> 02 CONGA A -> SAMPLE	48CONFLC3.	
Wizoo	Platinum24 - Latin Percussion	CD 2 -> Partition A -> 02 CONGA A -> SAMPLE	48CONFLC4.	
Wizoo	Platinum24 - Latin Percussion	CD 2 -> Partition A -> 02 CONGA A -> SAMPLE	48CONFLO1.	
Wizoo	Platinum24 - Latin Percussion	CD 2 -> Partition A -> 02 CONGA A -> SAMPLE	48CONFLO2.	
Wizoo	Platinum24 - Latin Percussion	CD 2 -> Partition A -> 02 CONGA A -> SAMPLE	48CONFLO3.	
Wizoo	Platinum24 - Latin Percussion	CD 2 -> Partition A -> 02 CONGA A -> SAMPLE	48CONFLO4.	
Wizoo	Platinum24 - Latin Percussion	CD 2 -> Partition A -> 02 CONGA A -> SAMPLE	48CONHEL1.	
Wizoo	Platinum24 - Latin Percussion	CD 2 -> Partition A -> 02 CONGA A -> SAMPLE	48CONHEL2.	
Wizoo	Platinum24 - Latin Percussion	CD 2 -> Partition A -> 02 CONGA A -> SAMPLE	48CONHEL3.	
Wizoo	Platinum24 - Latin Percussion	CD 2 -> Partition A -> 02 CONGA A -> SAMPLE	48CONHEL4.	
Wizoo	Platinum24 - Latin Percussion	CD 2 -> Partition A -> 02 CONGA A -> SAMPLE	48CONMTE1.	
Wizoo	Platinum24 - Latin Percussion	CD 2 -> Partition A -> 02 CONGA A -> SAMPLE	48CONMTE2.	
Wizoo	Platinum24 - Latin Percussion	CD 2 -> Partition A -> 02 CONGA A -> SAMPLE	48CONMTE3.	
Wizoo	Platinum24 - Latin Percussion	CD 2 -> Partition A -> 02 CONGA A -> SAMPLE	48CONMTE4.	
Wizoo	Platinum24 - Latin Percussion	CD 2 -> Partition A -> 02 CONGA A -> SAMPLE	48CONOPN2.	
Wizoo	Platinum24 - Latin Percussion	CD 2 -> Partition A -> 02 CONGA A -> SAMPLE	48CONOPN4.	
Wizoo	Platinum24 - Latin Percussion	CD 2 -> Partition A -> 02 CONGA A -> SAMPLE	48CONOPN6.	
Wizoo	Platinum24 - Latin Percussion	CD 2 -> Partition A -> 02 CONGA A -> SAMPLE	48CONOPN7.	
Wizoo	Platinum24 - Latin Percussion	CD 2 -> Partition A -> 02 CONGA A -> SAMPLE	48CONSLM1.	
Wizoo	Platinum24 - Latin Percussion	CD 2 -> Partition A -> 02 CONGA A -> SAMPLE	48CONSLM2.	
Wizoo	Platinum24 - Latin Percussion	CD 2 -> Partition A -> 02 CONGA A -> SAMPLE	48CONSLM3.	
Wizoo	Platinum24 - Latin Percussion	CD 2 -> Partition A -> 02 CONGA A -> SAMPLE	48CONSLM4.	
Wizoo	Platinum24 - Latin Percussion	CD 2 -> Partition A -> 02 CONGA A -> SAMPLE	48CONSLO1.	
Wizoo	Platinum24 - Latin Percussion	CD 2 -> Partition A -> 02 CONGA A -> SAMPLE	48CONSLO2.	
Wizoo	Platinum24 - Latin Percussion	CD 2 -> Partition A -> 02 CONGA A -> SAMPLE	48CONSLO3.	
Wizoo	Platinum24 - Latin Percussion	CD 2 -> Partition A -> 02 CONGA A -> SAMPLE	48CONSLO4.	
Wizoo	Platinum24 - Latin Percussion	CD 2 -> Partition A -> 02 CONGA A -> SAMPLE	48CONTIP1.	
Wizoo	Platinum24 - Latin Percussion	CD 2 -> Partition A -> 02 CONGA A -> SAMPLE	48CONTIP2.	
Wizoo	Platinum24 - Latin Percussion	CD 2 -> Partition A -> 02 CONGA A -> SAMPLE	48CONTIP3.	
Wizoo	Platinum24 - Latin Percussion	CD 2 -> Partition A -> 02 CONGA A -> SAMPLE	48CONTIP4.	
Wizoo	Platinum24 - Latin Percussion	CD 2 -> Partition A -> 03 QUINTO A -> PROGRAM	03 QUINTO A	
Wizoo	Platinum24 - Latin Percussion	CD 2 -> Partition A -> 03 QUINTO A -> SAMPLE	63QTOFLC1.	
Wizoo	Platinum24 - Latin Percussion	CD 2 -> Partition A -> 03 QUINTO A -> SAMPLE	63QTOFLC2.	
Wizoo	Platinum24 - Latin Percussion	CD 2 -> Partition A -> 03 QUINTO A -> SAMPLE	63QTOFLC3.	
Wizoo	Platinum24 - Latin Percussion	CD 2 -> Partition A -> 03 QUINTO A -> SAMPLE	63QTOFLC4.	
Wizoo	Platinum24 - Latin Percussion	CD 2 -> Partition A -> 03 QUINTO A -> SAMPLE	63QTOFLO1.	
Wizoo	Platinum24 - Latin Percussion	CD 2 -> Partition A -> 03 QUINTO A -> SAMPLE	63QTOFLO2.	
Wizoo	Platinum24 - Latin Percussion	CD 2 -> Partition A -> 03 QUINTO A -> SAMPLE	63QTOFLO3.	
Wizoo	Platinum24 - Latin Percussion	CD 2 -> Partition A -> 03 QUINTO A -> SAMPLE	63QTOFLO4.	
Wizoo	Platinum24 - Latin Percussion	CD 2 -> Partition A -> 03 QUINTO A -> SAMPLE	63QTOHEL1.	
Wizoo	Platinum24 - Latin Percussion	CD 2 -> Partition A -> 03 QUINTO A -> SAMPLE	63QTOHEL2.	
Wizoo	Platinum24 - Latin Percussion	CD 2 -> Partition A -> 03 QUINTO A -> SAMPLE	63QTOHEL3.	
Wizoo	Platinum24 - Latin Percussion	CD 2 -> Partition A -> 03 QUINTO A -> SAMPLE	63QTOHEL4.	
Wizoo	Platinum24 - Latin Percussion	CD 2 -> Partition A -> 03 QUINTO A -> SAMPLE	63QTOMTE1.	
Wizoo	Platinum24 - Latin Percussion	CD 2 -> Partition A -> 03 QUINTO A -> SAMPLE	63QTOMTE2.	
Wizoo	Platinum24 - Latin Percussion	CD 2 -> Partition A -> 03 QUINTO A -> SAMPLE	63QTOMTE3.	
Wizoo	Platinum24 - Latin Percussion	CD 2 -> Partition A -> 03 QUINTO A -> SAMPLE	63QTOMTE4.	
Wizoo	Platinum24 - Latin Percussion	CD 2 -> Partition A -> 03 QUINTO A -> SAMPLE	63QTOOPN22	
Wizoo	Platinum24 - Latin Percussion	CD 2 -> Partition A -> 03 QUINTO A -> SAMPLE	63QTOOPN24	
Wizoo	Platinum24 - Latin Percussion	CD 2 -> Partition A -> 03 QUINTO A -> SAMPLE	63QTOOPN25	
Wizoo	Platinum24 - Latin Percussion	CD 2 -> Partition A -> 03 QUINTO A -> SAMPLE	63QTOOPN27	
Wizoo	Platinum24 - Latin Percussion	CD 2 -> Partition A -> 03 QUINTO A -> SAMPLE	63QTOSLM1.	
Wizoo	Platinum24 - Latin Percussion	CD 2 -> Partition A -> 03 QUINTO A -> SAMPLE	63QTOSLM2.	
Wizoo	Platinum24 - Latin Percussion	CD 2 -> Partition A -> 03 QUINTO A -> SAMPLE	63QTOSLM3.	
Wizoo	Platinum24 - Latin Percussion	CD 2 -> Partition A -> 03 QUINTO A -> SAMPLE	63QTOSLM4.	
Wizoo	Platinum24 - Latin Percussion	CD 2 -> Partition A -> 03 QUINTO A -> SAMPLE	63QTOSLO1.	
Wizoo	Platinum24 - Latin Percussion	CD 2 -> Partition A -> 03 QUINTO A -> SAMPLE	63QTOSLO2.	
Wizoo	Platinum24 - Latin Percussion	CD 2 -> Partition A -> 03 QUINTO A -> SAMPLE	63QTOSLO3.	
Wizoo	Platinum24 - Latin Percussion	CD 2 -> Partition A -> 03 QUINTO A -> SAMPLE	63QTOSLO4.	
Wizoo	Platinum24 - Latin Percussion	CD 2 -> Partition A -> 03 QUINTO A -> SAMPLE	63QTOTIP1.	
Wizoo	Platinum24 - Latin Percussion	CD 2 -> Partition A -> 03 QUINTO A -> SAMPLE	63QTOTIP2.	
Wizoo	Platinum24 - Latin Percussion	CD 2 -> Partition A -> 03 QUINTO A -> SAMPLE	63QTOTIP3.	
Wizoo	Platinum24 - Latin Percussion	CD 2 -> Partition A -> 03 QUINTO A -> SAMPLE	63QTOTIP4.	
Wizoo	Platinum24 - Latin Percussion	CD 2 -> Partition A -> 04 BONGO A -> PROGRAM	04 BONGO A	
Wizoo	Platinum24 - Latin Percussion	CD 2 -> Partition A -> 04 BONGO A -> SAMPLE	60BOH1FF2.	
Wizoo	Platinum24 - Latin Percussion	CD 2 -> Partition A -> 04 BONGO A -> SAMPLE	60BOH1FF3.	
Wizoo	Platinum24 - Latin Percussion	CD 2 -> Partition A -> 04 BONGO A -> SAMPLE	60BOH1FF4.	
Wizoo	Platinum24 - Latin Percussion	CD 2 -> Partition A -> 04 BONGO A -> SAMPLE	60BOH3FF1.	
Wizoo	Platinum24 - Latin Percussion	CD 2 -> Partition A -> 04 BONGO A -> SAMPLE	60BOH3FF2.	
Wizoo	Platinum24 - Latin Percussion	CD 2 -> Partition A -> 04 BONGO A -> SAMPLE	60BOH3FF3.	
Wizoo	Platinum24 - Latin Percussion	CD 2 -> Partition A -> 04 BONGO A -> SAMPLE	60BOH3FO2.	
Wizoo	Platinum24 - Latin Percussion	CD 2 -> Partition A -> 04 BONGO A -> SAMPLE	60BOH3FO4.	
Wizoo	Platinum24 - Latin Percussion	CD 2 -> Partition A -> 04 BONGO A -> SAMPLE	60BOH3FO5.	
Wizoo	Platinum24 - Latin Percussion	CD 2 -> Partition A -> 04 BONGO A -> SAMPLE	60BOH3FO8.	
Wizoo	Platinum24 - Latin Percussion	CD 2 -> Partition A -> 04 BONGO A -> SAMPLE	60BOHHEL1.	
Wizoo	Platinum24 - Latin Percussion	CD 2 -> Partition A -> 04 BONGO A -> SAMPLE	60BOHHEL2.	
Wizoo	Platinum24 - Latin Percussion	CD 2 -> Partition A -> 04 BONGO A -> SAMPLE	60BOHHEL3.	
Wizoo	Platinum24 - Latin Percussion	CD 2 -> Partition A -> 04 BONGO A -> SAMPLE	60BOHHEL4.	
Wizoo	Platinum24 - Latin Percussion	CD 2 -> Partition A -> 04 BONGO A -> SAMPLE	60BOHOPN2.	
Wizoo	Platinum24 - Latin Percussion	CD 2 -> Partition A -> 04 BONGO A -> SAMPLE	60BOHOPN4.	
Wizoo	Platinum24 - Latin Percussion	CD 2 -> Partition A -> 04 BONGO A -> SAMPLE	60BOHOPN6.	
Wizoo	Platinum24 - Latin Percussion	CD 2 -> Partition A -> 04 BONGO A -> SAMPLE	60BOHOPN8.	
Wizoo	Platinum24 - Latin Percussion	CD 2 -> Partition A -> 04 BONGO A -> SAMPLE	60BOHRIM1.	
Wizoo	Platinum24 - Latin Percussion	CD 2 -> Partition A -> 04 BONGO A -> SAMPLE	60BOHRIM2.	
Wizoo	Platinum24 - Latin Percussion	CD 2 -> Partition A -> 04 BONGO A -> SAMPLE	60BOHRIM3.	
Wizoo	Platinum24 - Latin Percussion	CD 2 -> Partition A -> 04 BONGO A -> SAMPLE	60BOHRIM4.	
Wizoo	Platinum24 - Latin Percussion	CD 2 -> Partition A -> 04 BONGO A -> SAMPLE	60BOHSLP1.	
Wizoo	Platinum24 - Latin Percussion	CD 2 -> Partition A -> 04 BONGO A -> SAMPLE	60BOHSLP2.	
Wizoo	Platinum24 - Latin Percussion	CD 2 -> Partition A -> 04 BONGO A -> SAMPLE	60BOHSLP3.	
Wizoo	Platinum24 - Latin Percussion	CD 2 -> Partition A -> 04 BONGO A -> SAMPLE	60BOHSLP4.	
Wizoo	Platinum24 - Latin Percussion	CD 2 -> Partition A -> 04 BONGO A -> SAMPLE	60BOHTIP1.	
Wizoo	Platinum24 - Latin Percussion	CD 2 -> Partition A -> 04 BONGO A -> SAMPLE	60BOHTIP2.	
Wizoo	Platinum24 - Latin Percussion	CD 2 -> Partition A -> 04 BONGO A -> SAMPLE	60BOHTIP3.	
Wizoo	Platinum24 - Latin Percussion	CD 2 -> Partition A -> 04 BONGO A -> SAMPLE	60BOHTIP4.	
Wizoo	Platinum24 - Latin Percussion	CD 2 -> Partition A -> 04 BONGO A -> SAMPLE	61BOL1FF2.	
Wizoo	Platinum24 - Latin Percussion	CD 2 -> Partition A -> 04 BONGO A -> SAMPLE	61BOL1FF3.	
Wizoo	Platinum24 - Latin Percussion	CD 2 -> Partition A -> 04 BONGO A -> SAMPLE	61BOL1FF4.	
Wizoo	Platinum24 - Latin Percussion	CD 2 -> Partition A -> 04 BONGO A -> SAMPLE	61BOL3FF2.	
Wizoo	Platinum24 - Latin Percussion	CD 2 -> Partition A -> 04 BONGO A -> SAMPLE	61BOL3FF3.	
Wizoo	Platinum24 - Latin Percussion	CD 2 -> Partition A -> 04 BONGO A -> SAMPLE	61BOL3FF4.	
Wizoo	Platinum24 - Latin Percussion	CD 2 -> Partition A -> 04 BONGO A -> SAMPLE	61BOL3FO2.	
Wizoo	Platinum24 - Latin Percussion	CD 2 -> Partition A -> 04 BONGO A -> SAMPLE	61BOL3FO4.	
Wizoo	Platinum24 - Latin Percussion	CD 2 -> Partition A -> 04 BONGO A -> SAMPLE	61BOL3FO6.	
Wizoo	Platinum24 - Latin Percussion	CD 2 -> Partition A -> 04 BONGO A -> SAMPLE	61BOL3FO8.	
Wizoo	Platinum24 - Latin Percussion	CD 2 -> Partition A -> 04 BONGO A -> SAMPLE	61BOLHEL1.	
Wizoo	Platinum24 - Latin Percussion	CD 2 -> Partition A -> 04 BONGO A -> SAMPLE	61BOLHEL2.	
Wizoo	Platinum24 - Latin Percussion	CD 2 -> Partition A -> 04 BONGO A -> SAMPLE	61BOLHEL3.	
Wizoo	Platinum24 - Latin Percussion	CD 2 -> Partition A -> 04 BONGO A -> SAMPLE	61BOLHEL4.	
Wizoo	Platinum24 - Latin Percussion	CD 2 -> Partition A -> 04 BONGO A -> SAMPLE	61BOLOPN2.	
Wizoo	Platinum24 - Latin Percussion	CD 2 -> Partition A -> 04 BONGO A -> SAMPLE	61BOLOPN4.	
Wizoo	Platinum24 - Latin Percussion	CD 2 -> Partition A -> 04 BONGO A -> SAMPLE	61BOLOPN6.	
Wizoo	Platinum24 - Latin Percussion	CD 2 -> Partition A -> 04 BONGO A -> SAMPLE	61BOLOPN8.	
Wizoo	Platinum24 - Latin Percussion	CD 2 -> Partition A -> 04 BONGO A -> SAMPLE	61BOLRIM1.	
Wizoo	Platinum24 - Latin Percussion	CD 2 -> Partition A -> 04 BONGO A -> SAMPLE	61BOLRIM2.	
Wizoo	Platinum24 - Latin Percussion	CD 2 -> Partition A -> 04 BONGO A -> SAMPLE	61BOLRIM3.	
Wizoo	Platinum24 - Latin Percussion	CD 2 -> Partition A -> 04 BONGO A -> SAMPLE	61BOLRIM4.	
Wizoo	Platinum24 - Latin Percussion	CD 2 -> Partition A -> 04 BONGO A -> SAMPLE	61BOLSLP1.	
Wizoo	Platinum24 - Latin Percussion	CD 2 -> Partition A -> 04 BONGO A -> SAMPLE	61BOLSLP2.	
Wizoo	Platinum24 - Latin Percussion	CD 2 -> Partition A -> 04 BONGO A -> SAMPLE	61BOLSLP3.	
Wizoo	Platinum24 - Latin Percussion	CD 2 -> Partition A -> 04 BONGO A -> SAMPLE	61BOLSLP4.	
Wizoo	Platinum24 - Latin Percussion	CD 2 -> Partition A -> 04 BONGO A -> SAMPLE	61BOLTIP1.	
Wizoo	Platinum24 - Latin Percussion	CD 2 -> Partition A -> 04 BONGO A -> SAMPLE	61BOLTIP2.	
Wizoo	Platinum24 - Latin Percussion	CD 2 -> Partition A -> 04 BONGO A -> SAMPLE	61BOLTIP3.	
Wizoo	Platinum24 - Latin Percussion	CD 2 -> Partition A -> 04 BONGO A -> SAMPLE	61BOLTIP4.	
Wizoo	Platinum24 - Latin Percussion	CD 2 -> Partition A -> 05TIMBALES A -> PROGRAM	05TIMBALES A	
Wizoo	Platinum24 - Latin Percussion	CD 2 -> Partition A -> 05TIMBALES A -> SAMPLE	65TIHCAS1.	
Wizoo	Platinum24 - Latin Percussion	CD 2 -> Partition A -> 05TIMBALES A -> SAMPLE	65TIHCAS2.	
Wizoo	Platinum24 - Latin Percussion	CD 2 -> Partition A -> 05TIMBALES A -> SAMPLE	65TIHCAS3.	
Wizoo	Platinum24 - Latin Percussion	CD 2 -> Partition A -> 05TIMBALES A -> SAMPLE	65TIHCAS4.	
Wizoo	Platinum24 - Latin Percussion	CD 2 -> Partition A -> 05TIMBALES A -> SAMPLE	65TIHFLM1.	
Wizoo	Platinum24 - Latin Percussion	CD 2 -> Partition A -> 05TIMBALES A -> SAMPLE	65TIHFLM2.	
Wizoo	Platinum24 - Latin Percussion	CD 2 -> Partition A -> 05TIMBALES A -> SAMPLE	65TIHFLM3.	
Wizoo	Platinum24 - Latin Percussion	CD 2 -> Partition A -> 05TIMBALES A -> SAMPLE	65TIHFLM4.	
Wizoo	Platinum24 - Latin Percussion	CD 2 -> Partition A -> 05TIMBALES A -> SAMPLE	65TIHMTE1.	
Wizoo	Platinum24 - Latin Percussion	CD 2 -> Partition A -> 05TIMBALES A -> SAMPLE	65TIHMTE2.	
Wizoo	Platinum24 - Latin Percussion	CD 2 -> Partition A -> 05TIMBALES A -> SAMPLE	65TIHMTE3.	
Wizoo	Platinum24 - Latin Percussion	CD 2 -> Partition A -> 05TIMBALES A -> SAMPLE	65TIHMTE4.	
Wizoo	Platinum24 - Latin Percussion	CD 2 -> Partition A -> 05TIMBALES A -> SAMPLE	65TIHOPN3.	
Wizoo	Platinum24 - Latin Percussion	CD 2 -> Partition A -> 05TIMBALES A -> SAMPLE	65TIHOPN4.	
Wizoo	Platinum24 - Latin Percussion	CD 2 -> Partition A -> 05TIMBALES A -> SAMPLE	65TIHOPN5.	
Wizoo	Platinum24 - Latin Percussion	CD 2 -> Partition A -> 05TIMBALES A -> SAMPLE	65TIHOPN8.	
Wizoo	Platinum24 - Latin Percussion	CD 2 -> Partition A -> 05TIMBALES A -> SAMPLE	65TIHPRS1.	
Wizoo	Platinum24 - Latin Percussion	CD 2 -> Partition A -> 05TIMBALES A -> SAMPLE	65TIHPRS2.	
Wizoo	Platinum24 - Latin Percussion	CD 2 -> Partition A -> 05TIMBALES A -> SAMPLE	65TIHPRS3.	
Wizoo	Platinum24 - Latin Percussion	CD 2 -> Partition A -> 05TIMBALES A -> SAMPLE	65TIHRIM1.	
Wizoo	Platinum24 - Latin Percussion	CD 2 -> Partition A -> 05TIMBALES A -> SAMPLE	65TIHRIM2.	
Wizoo	Platinum24 - Latin Percussion	CD 2 -> Partition A -> 05TIMBALES A -> SAMPLE	65TIHRIM3.	
Wizoo	Platinum24 - Latin Percussion	CD 2 -> Partition A -> 05TIMBALES A -> SAMPLE	65TIHRIM4.	
Wizoo	Platinum24 - Latin Percussion	CD 2 -> Partition A -> 05TIMBALES A -> SAMPLE	65TIHRLS1.	
Wizoo	Platinum24 - Latin Percussion	CD 2 -> Partition A -> 05TIMBALES A -> SAMPLE	65TIHRLS3.	
Wizoo	Platinum24 - Latin Percussion	CD 2 -> Partition A -> 05TIMBALES A -> SAMPLE	65TIHRLS4.	
Wizoo	Platinum24 - Latin Percussion	CD 2 -> Partition A -> 05TIMBALES A -> SAMPLE	65TIHSTK1.	
Wizoo	Platinum24 - Latin Percussion	CD 2 -> Partition A -> 05TIMBALES A -> SAMPLE	65TIHSTK2.	
Wizoo	Platinum24 - Latin Percussion	CD 2 -> Partition A -> 05TIMBALES A -> SAMPLE	65TIHSTK3.	
Wizoo	Platinum24 - Latin Percussion	CD 2 -> Partition A -> 05TIMBALES A -> SAMPLE	65TIHSTK4.	
Wizoo	Platinum24 - Latin Percussion	CD 2 -> Partition A -> 05TIMBALES A -> SAMPLE	66TILCAS1.	
Wizoo	Platinum24 - Latin Percussion	CD 2 -> Partition A -> 05TIMBALES A -> SAMPLE	66TILCAS2.	
Wizoo	Platinum24 - Latin Percussion	CD 2 -> Partition A -> 05TIMBALES A -> SAMPLE	66TILCAS3.	
Wizoo	Platinum24 - Latin Percussion	CD 2 -> Partition A -> 05TIMBALES A -> SAMPLE	66TILCAS4.	
Wizoo	Platinum24 - Latin Percussion	CD 2 -> Partition A -> 05TIMBALES A -> SAMPLE	66TILFLM1.	
Wizoo	Platinum24 - Latin Percussion	CD 2 -> Partition A -> 05TIMBALES A -> SAMPLE	66TILFLM2.	
Wizoo	Platinum24 - Latin Percussion	CD 2 -> Partition A -> 05TIMBALES A -> SAMPLE	66TILFLM3.	
Wizoo	Platinum24 - Latin Percussion	CD 2 -> Partition A -> 05TIMBALES A -> SAMPLE	66TILFLM4.	
Wizoo	Platinum24 - Latin Percussion	CD 2 -> Partition A -> 05TIMBALES A -> SAMPLE	66TILMTE1.	
Wizoo	Platinum24 - Latin Percussion	CD 2 -> Partition A -> 05TIMBALES A -> SAMPLE	66TILMTE2.	
Wizoo	Platinum24 - Latin Percussion	CD 2 -> Partition A -> 05TIMBALES A -> SAMPLE	66TILMTE3.	
Wizoo	Platinum24 - Latin Percussion	CD 2 -> Partition A -> 05TIMBALES A -> SAMPLE	66TILMTE4.	
Wizoo	Platinum24 - Latin Percussion	CD 2 -> Partition A -> 05TIMBALES A -> SAMPLE	66TILOPN2.	
Wizoo	Platinum24 - Latin Percussion	CD 2 -> Partition A -> 05TIMBALES A -> SAMPLE	66TILOPN3.	
Wizoo	Platinum24 - Latin Percussion	CD 2 -> Partition A -> 05TIMBALES A -> SAMPLE	66TILOPN5.	
Wizoo	Platinum24 - Latin Percussion	CD 2 -> Partition A -> 05TIMBALES A -> SAMPLE	66TILOPN8.	
Wizoo	Platinum24 - Latin Percussion	CD 2 -> Partition A -> 05TIMBALES A -> SAMPLE	66TILPRS1.	
Wizoo	Platinum24 - Latin Percussion	CD 2 -> Partition A -> 05TIMBALES A -> SAMPLE	66TILPRS2.	
Wizoo	Platinum24 - Latin Percussion	CD 2 -> Partition A -> 05TIMBALES A -> SAMPLE	66TILPRS4.	
Wizoo	Platinum24 - Latin Percussion	CD 2 -> Partition A -> 05TIMBALES A -> SAMPLE	66TILRIM1.	
Wizoo	Platinum24 - Latin Percussion	CD 2 -> Partition A -> 05TIMBALES A -> SAMPLE	66TILRIM2.	
Wizoo	Platinum24 - Latin Percussion	CD 2 -> Partition A -> 05TIMBALES A -> SAMPLE	66TILRIM3.	
Wizoo	Platinum24 - Latin Percussion	CD 2 -> Partition A -> 05TIMBALES A -> SAMPLE	66TILRIM4.	
Wizoo	Platinum24 - Latin Percussion	CD 2 -> Partition A -> 05TIMBALES A -> SAMPLE	66TILRLS1.	
Wizoo	Platinum24 - Latin Percussion	CD 2 -> Partition A -> 05TIMBALES A -> SAMPLE	66TILRLS2.	
Wizoo	Platinum24 - Latin Percussion	CD 2 -> Partition A -> 05TIMBALES A -> SAMPLE	66TILRLS4.	
Wizoo	Platinum24 - Latin Percussion	CD 2 -> Partition A -> 05TIMBALES A -> SAMPLE	66TILSTK1.	
Wizoo	Platinum24 - Latin Percussion	CD 2 -> Partition A -> 05TIMBALES A -> SAMPLE	66TILSTK2.	
Wizoo	Platinum24 - Latin Percussion	CD 2 -> Partition A -> 05TIMBALES A -> SAMPLE	66TILSTK3.	
Wizoo	Platinum24 - Latin Percussion	CD 2 -> Partition A -> 05TIMBALES A -> SAMPLE	66TILSTK4.	
Wizoo	Platinum24 - Latin Percussion	CD 2 -> Partition B -> 01 TUMBA B -> PROGRAM	01 TUMBA B	
Wizoo	Platinum24 - Latin Percussion	CD 2 -> Partition B -> 01 TUMBA B -> SAMPLE	64TUBFLC1.	
Wizoo	Platinum24 - Latin Percussion	CD 2 -> Partition B -> 01 TUMBA B -> SAMPLE	64TUBFLC2.	
Wizoo	Platinum24 - Latin Percussion	CD 2 -> Partition B -> 01 TUMBA B -> SAMPLE	64TUBFLC3.	
Wizoo	Platinum24 - Latin Percussion	CD 2 -> Partition B -> 01 TUMBA B -> SAMPLE	64TUBFLC4.	
Wizoo	Platinum24 - Latin Percussion	CD 2 -> Partition B -> 01 TUMBA B -> SAMPLE	64TUBFLO1.	
Wizoo	Platinum24 - Latin Percussion	CD 2 -> Partition B -> 01 TUMBA B -> SAMPLE	64TUBFLO3.	
Wizoo	Platinum24 - Latin Percussion	CD 2 -> Partition B -> 01 TUMBA B -> SAMPLE	64TUBFLO4.	
Wizoo	Platinum24 - Latin Percussion	CD 2 -> Partition B -> 01 TUMBA B -> SAMPLE	64TUBHEL1.	
Wizoo	Platinum24 - Latin Percussion	CD 2 -> Partition B -> 01 TUMBA B -> SAMPLE	64TUBHEL2.	
Wizoo	Platinum24 - Latin Percussion	CD 2 -> Partition B -> 01 TUMBA B -> SAMPLE	64TUBHEL3.	
Wizoo	Platinum24 - Latin Percussion	CD 2 -> Partition B -> 01 TUMBA B -> SAMPLE	64TUBHEL4.	
Wizoo	Platinum24 - Latin Percussion	CD 2 -> Partition B -> 01 TUMBA B -> SAMPLE	64TUBMTE2.	
Wizoo	Platinum24 - Latin Percussion	CD 2 -> Partition B -> 01 TUMBA B -> SAMPLE	64TUBMTE3.	
Wizoo	Platinum24 - Latin Percussion	CD 2 -> Partition B -> 01 TUMBA B -> SAMPLE	64TUBMTE5.	
Wizoo	Platinum24 - Latin Percussion	CD 2 -> Partition B -> 01 TUMBA B -> SAMPLE	64TUBMTE6.	
Wizoo	Platinum24 - Latin Percussion	CD 2 -> Partition B -> 01 TUMBA B -> SAMPLE	64TUBOP5.A	
Wizoo	Platinum24 - Latin Percussion	CD 2 -> Partition B -> 01 TUMBA B -> SAMPLE	64TUBOP10.	
Wizoo	Platinum24 - Latin Percussion	CD 2 -> Partition B -> 01 TUMBA B -> SAMPLE	64TUBOP14.	
Wizoo	Platinum24 - Latin Percussion	CD 2 -> Partition B -> 01 TUMBA B -> SAMPLE	64TUBOP20.	
Wizoo	Platinum24 - Latin Percussion	CD 2 -> Partition B -> 01 TUMBA B -> SAMPLE	64TUBSLM2.	
Wizoo	Platinum24 - Latin Percussion	CD 2 -> Partition B -> 01 TUMBA B -> SAMPLE	64TUBSLM3.	
Wizoo	Platinum24 - Latin Percussion	CD 2 -> Partition B -> 01 TUMBA B -> SAMPLE	64TUBSLM4.	
Wizoo	Platinum24 - Latin Percussion	CD 2 -> Partition B -> 01 TUMBA B -> SAMPLE	64TUBSLM6.	
Wizoo	Platinum24 - Latin Percussion	CD 2 -> Partition B -> 01 TUMBA B -> SAMPLE	64TUBSLO2.	
Wizoo	Platinum24 - Latin Percussion	CD 2 -> Partition B -> 01 TUMBA B -> SAMPLE	64TUBSLO3.	
Wizoo	Platinum24 - Latin Percussion	CD 2 -> Partition B -> 01 TUMBA B -> SAMPLE	64TUBSLO4.	
Wizoo	Platinum24 - Latin Percussion	CD 2 -> Partition B -> 01 TUMBA B -> SAMPLE	64TUBSLO6.	
Wizoo	Platinum24 - Latin Percussion	CD 2 -> Partition B -> 01 TUMBA B -> SAMPLE	64TUBTIP1.	
Wizoo	Platinum24 - Latin Percussion	CD 2 -> Partition B -> 01 TUMBA B -> SAMPLE	64TUBTIP2.	
Wizoo	Platinum24 - Latin Percussion	CD 2 -> Partition B -> 01 TUMBA B -> SAMPLE	64TUBTIP3.	
Wizoo	Platinum24 - Latin Percussion	CD 2 -> Partition B -> 01 TUMBA B -> SAMPLE	64TUBTIP4.	
Wizoo	Platinum24 - Latin Percussion	CD 2 -> Partition B -> 02 CONGA B -> PROGRAM	02 CONGA B	
Wizoo	Platinum24 - Latin Percussion	CD 2 -> Partition B -> 02 CONGA B -> SAMPLE	48CONFLC1.	
Wizoo	Platinum24 - Latin Percussion	CD 2 -> Partition B -> 02 CONGA B -> SAMPLE	48CONFLC2.	
Wizoo	Platinum24 - Latin Percussion	CD 2 -> Partition B -> 02 CONGA B -> SAMPLE	48CONFLC3.	
Wizoo	Platinum24 - Latin Percussion	CD 2 -> Partition B -> 02 CONGA B -> SAMPLE	48CONFLC4.	
Wizoo	Platinum24 - Latin Percussion	CD 2 -> Partition B -> 02 CONGA B -> SAMPLE	48CONFLO1.	
Wizoo	Platinum24 - Latin Percussion	CD 2 -> Partition B -> 02 CONGA B -> SAMPLE	48CONFLO2.	
Wizoo	Platinum24 - Latin Percussion	CD 2 -> Partition B -> 02 CONGA B -> SAMPLE	48CONFLO3.	
Wizoo	Platinum24 - Latin Percussion	CD 2 -> Partition B -> 02 CONGA B -> SAMPLE	48CONFLO4.	
Wizoo	Platinum24 - Latin Percussion	CD 2 -> Partition B -> 02 CONGA B -> SAMPLE	48CONHEL1.	
Wizoo	Platinum24 - Latin Percussion	CD 2 -> Partition B -> 02 CONGA B -> SAMPLE	48CONHEL2.	
Wizoo	Platinum24 - Latin Percussion	CD 2 -> Partition B -> 02 CONGA B -> SAMPLE	48CONHEL3.	
Wizoo	Platinum24 - Latin Percussion	CD 2 -> Partition B -> 02 CONGA B -> SAMPLE	48CONHEL4.	
Wizoo	Platinum24 - Latin Percussion	CD 2 -> Partition B -> 02 CONGA B -> SAMPLE	48CONMTE2.	
Wizoo	Platinum24 - Latin Percussion	CD 2 -> Partition B -> 02 CONGA B -> SAMPLE	48CONMTE3.	
Wizoo	Platinum24 - Latin Percussion	CD 2 -> Partition B -> 02 CONGA B -> SAMPLE	48CONMTE4.	
Wizoo	Platinum24 - Latin Percussion	CD 2 -> Partition B -> 02 CONGA B -> SAMPLE	48CONMTE6.	
Wizoo	Platinum24 - Latin Percussion	CD 2 -> Partition B -> 02 CONGA B -> SAMPLE	48CONOP6.A	
Wizoo	Platinum24 - Latin Percussion	CD 2 -> Partition B -> 02 CONGA B -> SAMPLE	48CONOP9.A	
Wizoo	Platinum24 - Latin Percussion	CD 2 -> Partition B -> 02 CONGA B -> SAMPLE	48CONOP14.	
Wizoo	Platinum24 - Latin Percussion	CD 2 -> Partition B -> 02 CONGA B -> SAMPLE	48CONOP20.	
Wizoo	Platinum24 - Latin Percussion	CD 2 -> Partition B -> 02 CONGA B -> SAMPLE	48CONSLM2.	
Wizoo	Platinum24 - Latin Percussion	CD 2 -> Partition B -> 02 CONGA B -> SAMPLE	48CONSLM3.	
Wizoo	Platinum24 - Latin Percussion	CD 2 -> Partition B -> 02 CONGA B -> SAMPLE	48CONSLM4.-L	
Wizoo	Platinum24 - Latin Percussion	CD 2 -> Partition B -> 02 CONGA B -> SAMPLE	48CONSLM4.-R	
Wizoo	Platinum24 - Latin Percussion	CD 2 -> Partition B -> 02 CONGA B -> SAMPLE	48CONSLM5.	
Wizoo	Platinum24 - Latin Percussion	CD 2 -> Partition B -> 02 CONGA B -> SAMPLE	48CONSLO2.	
Wizoo	Platinum24 - Latin Percussion	CD 2 -> Partition B -> 02 CONGA B -> SAMPLE	48CONSLO3.-L	
Wizoo	Platinum24 - Latin Percussion	CD 2 -> Partition B -> 02 CONGA B -> SAMPLE	48CONSLO3.-R	
Wizoo	Platinum24 - Latin Percussion	CD 2 -> Partition B -> 02 CONGA B -> SAMPLE	48CONSLO4.-L	
Wizoo	Platinum24 - Latin Percussion	CD 2 -> Partition B -> 02 CONGA B -> SAMPLE	48CONSLO4.-R	
Wizoo	Platinum24 - Latin Percussion	CD 2 -> Partition B -> 02 CONGA B -> SAMPLE	48CONSLO6.	
Wizoo	Platinum24 - Latin Percussion	CD 2 -> Partition B -> 02 CONGA B -> SAMPLE	48CONSLP1.-L	
Wizoo	Platinum24 - Latin Percussion	CD 2 -> Partition B -> 02 CONGA B -> SAMPLE	48CONSLP1.-R	
Wizoo	Platinum24 - Latin Percussion	CD 2 -> Partition B -> 02 CONGA B -> SAMPLE	48CONSLP2.	
Wizoo	Platinum24 - Latin Percussion	CD 2 -> Partition B -> 02 CONGA B -> SAMPLE	48CONSLP3.	
Wizoo	Platinum24 - Latin Percussion	CD 2 -> Partition B -> 02 CONGA B -> SAMPLE	48CONSLP4.	
Wizoo	Platinum24 - Latin Percussion	CD 2 -> Partition B -> 02 CONGA B -> SAMPLE	48CONTIP1.	
Wizoo	Platinum24 - Latin Percussion	CD 2 -> Partition B -> 02 CONGA B -> SAMPLE	48CONTIP2.	
Wizoo	Platinum24 - Latin Percussion	CD 2 -> Partition B -> 02 CONGA B -> SAMPLE	48CONTIP3.	
Wizoo	Platinum24 - Latin Percussion	CD 2 -> Partition B -> 02 CONGA B -> SAMPLE	48CONTIP4.	
Wizoo	Platinum24 - Latin Percussion	CD 2 -> Partition B -> 03 QUINTO B -> PROGRAM	03 QUINTO B	
Wizoo	Platinum24 - Latin Percussion	CD 2 -> Partition B -> 03 QUINTO B -> SAMPLE	63QTOFLC1.	
Wizoo	Platinum24 - Latin Percussion	CD 2 -> Partition B -> 03 QUINTO B -> SAMPLE	63QTOFLC2.	
Wizoo	Platinum24 - Latin Percussion	CD 2 -> Partition B -> 03 QUINTO B -> SAMPLE	63QTOFLC3.	
Wizoo	Platinum24 - Latin Percussion	CD 2 -> Partition B -> 03 QUINTO B -> SAMPLE	63QTOFLC4.-L	
Wizoo	Platinum24 - Latin Percussion	CD 2 -> Partition B -> 03 QUINTO B -> SAMPLE	63QTOFLC4.-R	
Wizoo	Platinum24 - Latin Percussion	CD 2 -> Partition B -> 03 QUINTO B -> SAMPLE	63QTOFLO1.	
Wizoo	Platinum24 - Latin Percussion	CD 2 -> Partition B -> 03 QUINTO B -> SAMPLE	63QTOFLO2.	
Wizoo	Platinum24 - Latin Percussion	CD 2 -> Partition B -> 03 QUINTO B -> SAMPLE	63QTOFLO3.	
Wizoo	Platinum24 - Latin Percussion	CD 2 -> Partition B -> 03 QUINTO B -> SAMPLE	63QTOFLO4.	
Wizoo	Platinum24 - Latin Percussion	CD 2 -> Partition B -> 03 QUINTO B -> SAMPLE	63QTOHEL1.	
Wizoo	Platinum24 - Latin Percussion	CD 2 -> Partition B -> 03 QUINTO B -> SAMPLE	63QTOHEL2.	
Wizoo	Platinum24 - Latin Percussion	CD 2 -> Partition B -> 03 QUINTO B -> SAMPLE	63QTOHEL3.	
Wizoo	Platinum24 - Latin Percussion	CD 2 -> Partition B -> 03 QUINTO B -> SAMPLE	63QTOHEL4.	
Wizoo	Platinum24 - Latin Percussion	CD 2 -> Partition B -> 03 QUINTO B -> SAMPLE	63QTOMTE2.	
Wizoo	Platinum24 - Latin Percussion	CD 2 -> Partition B -> 03 QUINTO B -> SAMPLE	63QTOMTE3.	
Wizoo	Platinum24 - Latin Percussion	CD 2 -> Partition B -> 03 QUINTO B -> SAMPLE	63QTOMTE4.	
Wizoo	Platinum24 - Latin Percussion	CD 2 -> Partition B -> 03 QUINTO B -> SAMPLE	63QTOMTE6.	
Wizoo	Platinum24 - Latin Percussion	CD 2 -> Partition B -> 03 QUINTO B -> SAMPLE	63QTOOP4.A	
Wizoo	Platinum24 - Latin Percussion	CD 2 -> Partition B -> 03 QUINTO B -> SAMPLE	63QTOOP11.	
Wizoo	Platinum24 - Latin Percussion	CD 2 -> Partition B -> 03 QUINTO B -> SAMPLE	63QTOOP14.	
Wizoo	Platinum24 - Latin Percussion	CD 2 -> Partition B -> 03 QUINTO B -> SAMPLE	63QTOOP19.	
Wizoo	Platinum24 - Latin Percussion	CD 2 -> Partition B -> 03 QUINTO B -> SAMPLE	63QTOSLM2.	
Wizoo	Platinum24 - Latin Percussion	CD 2 -> Partition B -> 03 QUINTO B -> SAMPLE	63QTOSLM3.	
Wizoo	Platinum24 - Latin Percussion	CD 2 -> Partition B -> 03 QUINTO B -> SAMPLE	63QTOSLM4.	
Wizoo	Platinum24 - Latin Percussion	CD 2 -> Partition B -> 03 QUINTO B -> SAMPLE	63QTOSLM6.	
Wizoo	Platinum24 - Latin Percussion	CD 2 -> Partition B -> 03 QUINTO B -> SAMPLE	63QTOSLO1.	
Wizoo	Platinum24 - Latin Percussion	CD 2 -> Partition B -> 03 QUINTO B -> SAMPLE	63QTOSLO3.	
Wizoo	Platinum24 - Latin Percussion	CD 2 -> Partition B -> 03 QUINTO B -> SAMPLE	63QTOSLO4.	
Wizoo	Platinum24 - Latin Percussion	CD 2 -> Partition B -> 03 QUINTO B -> SAMPLE	63QTOSLO6.	
Wizoo	Platinum24 - Latin Percussion	CD 2 -> Partition B -> 03 QUINTO B -> SAMPLE	63QTOSLP2.	
Wizoo	Platinum24 - Latin Percussion	CD 2 -> Partition B -> 03 QUINTO B -> SAMPLE	63QTOSLP3.	
Wizoo	Platinum24 - Latin Percussion	CD 2 -> Partition B -> 03 QUINTO B -> SAMPLE	63QTOSLP4.	
Wizoo	Platinum24 - Latin Percussion	CD 2 -> Partition B -> 03 QUINTO B -> SAMPLE	63QTOSLP6.	
Wizoo	Platinum24 - Latin Percussion	CD 2 -> Partition B -> 03 QUINTO B -> SAMPLE	63QTOTIP1.	
Wizoo	Platinum24 - Latin Percussion	CD 2 -> Partition B -> 03 QUINTO B -> SAMPLE	63QTOTIP2.	
Wizoo	Platinum24 - Latin Percussion	CD 2 -> Partition B -> 03 QUINTO B -> SAMPLE	63QTOTIP3.	
Wizoo	Platinum24 - Latin Percussion	CD 2 -> Partition B -> 03 QUINTO B -> SAMPLE	63QTOTIP4.	
Wizoo	Platinum24 - Latin Percussion	CD 2 -> Partition B -> 04 BONGO B -> PROGRAM	04 BONGO B	
Wizoo	Platinum24 - Latin Percussion	CD 2 -> Partition B -> 04 BONGO B -> SAMPLE	60BOH1FF1.	
Wizoo	Platinum24 - Latin Percussion	CD 2 -> Partition B -> 04 BONGO B -> SAMPLE	60BOH1FF2.	
Wizoo	Platinum24 - Latin Percussion	CD 2 -> Partition B -> 04 BONGO B -> SAMPLE	60BOH1FF4.	
Wizoo	Platinum24 - Latin Percussion	CD 2 -> Partition B -> 04 BONGO B -> SAMPLE	60BOH3FF2.	
Wizoo	Platinum24 - Latin Percussion	CD 2 -> Partition B -> 04 BONGO B -> SAMPLE	60BOH3FF3.	
Wizoo	Platinum24 - Latin Percussion	CD 2 -> Partition B -> 04 BONGO B -> SAMPLE	60BOH3FO1.	
Wizoo	Platinum24 - Latin Percussion	CD 2 -> Partition B -> 04 BONGO B -> SAMPLE	60BOH3FO3.	
Wizoo	Platinum24 - Latin Percussion	CD 2 -> Partition B -> 04 BONGO B -> SAMPLE	60BOH3FO6.	
Wizoo	Platinum24 - Latin Percussion	CD 2 -> Partition B -> 04 BONGO B -> SAMPLE	60BOH3FO9.	
Wizoo	Platinum24 - Latin Percussion	CD 2 -> Partition B -> 04 BONGO B -> SAMPLE	60BOHHEL1.	
Wizoo	Platinum24 - Latin Percussion	CD 2 -> Partition B -> 04 BONGO B -> SAMPLE	60BOHHEL2.	
Wizoo	Platinum24 - Latin Percussion	CD 2 -> Partition B -> 04 BONGO B -> SAMPLE	60BOHHEL3.	
Wizoo	Platinum24 - Latin Percussion	CD 2 -> Partition B -> 04 BONGO B -> SAMPLE	60BOHHEL4.	
Wizoo	Platinum24 - Latin Percussion	CD 2 -> Partition B -> 04 BONGO B -> SAMPLE	60BOHOPN5.	
Wizoo	Platinum24 - Latin Percussion	CD 2 -> Partition B -> 04 BONGO B -> SAMPLE	60BOHOPN11	
Wizoo	Platinum24 - Latin Percussion	CD 2 -> Partition B -> 04 BONGO B -> SAMPLE	60BOHOPN14	
Wizoo	Platinum24 - Latin Percussion	CD 2 -> Partition B -> 04 BONGO B -> SAMPLE	60BOHOPN20	
Wizoo	Platinum24 - Latin Percussion	CD 2 -> Partition B -> 04 BONGO B -> SAMPLE	60BOHRIM1.	
Wizoo	Platinum24 - Latin Percussion	CD 2 -> Partition B -> 04 BONGO B -> SAMPLE	60BOHRIM2.	
Wizoo	Platinum24 - Latin Percussion	CD 2 -> Partition B -> 04 BONGO B -> SAMPLE	60BOHRIM3.	
Wizoo	Platinum24 - Latin Percussion	CD 2 -> Partition B -> 04 BONGO B -> SAMPLE	60BOHRIM5.	
Wizoo	Platinum24 - Latin Percussion	CD 2 -> Partition B -> 04 BONGO B -> SAMPLE	60BOHSLP2.	
Wizoo	Platinum24 - Latin Percussion	CD 2 -> Partition B -> 04 BONGO B -> SAMPLE	60BOHSLP3.	
Wizoo	Platinum24 - Latin Percussion	CD 2 -> Partition B -> 04 BONGO B -> SAMPLE	60BOHSLP4.	
Wizoo	Platinum24 - Latin Percussion	CD 2 -> Partition B -> 04 BONGO B -> SAMPLE	60BOHSLP6.	
Wizoo	Platinum24 - Latin Percussion	CD 2 -> Partition B -> 04 BONGO B -> SAMPLE	60BOHTIP1.	
Wizoo	Platinum24 - Latin Percussion	CD 2 -> Partition B -> 04 BONGO B -> SAMPLE	60BOHTIP2.	
Wizoo	Platinum24 - Latin Percussion	CD 2 -> Partition B -> 04 BONGO B -> SAMPLE	60BOHTIP3.	
Wizoo	Platinum24 - Latin Percussion	CD 2 -> Partition B -> 04 BONGO B -> SAMPLE	60BOHTIP4.	
Wizoo	Platinum24 - Latin Percussion	CD 2 -> Partition B -> 04 BONGO B -> SAMPLE	61BOL1FF1.	
Wizoo	Platinum24 - Latin Percussion	CD 2 -> Partition B -> 04 BONGO B -> SAMPLE	61BOL1FF2.	
Wizoo	Platinum24 - Latin Percussion	CD 2 -> Partition B -> 04 BONGO B -> SAMPLE	61BOL1FF3.	
Wizoo	Platinum24 - Latin Percussion	CD 2 -> Partition B -> 04 BONGO B -> SAMPLE	61BOL1FF4.	
Wizoo	Platinum24 - Latin Percussion	CD 2 -> Partition B -> 04 BONGO B -> SAMPLE	61BOL3FF2.	
Wizoo	Platinum24 - Latin Percussion	CD 2 -> Partition B -> 04 BONGO B -> SAMPLE	61BOL3FF3.	
Wizoo	Platinum24 - Latin Percussion	CD 2 -> Partition B -> 04 BONGO B -> SAMPLE	61BOL3FF4.	
Wizoo	Platinum24 - Latin Percussion	CD 2 -> Partition B -> 04 BONGO B -> SAMPLE	61BOL3FO2.	
Wizoo	Platinum24 - Latin Percussion	CD 2 -> Partition B -> 04 BONGO B -> SAMPLE	61BOL3FO4.	
Wizoo	Platinum24 - Latin Percussion	CD 2 -> Partition B -> 04 BONGO B -> SAMPLE	61BOL3FO6.	
Wizoo	Platinum24 - Latin Percussion	CD 2 -> Partition B -> 04 BONGO B -> SAMPLE	61BOL3FO9.	
Wizoo	Platinum24 - Latin Percussion	CD 2 -> Partition B -> 04 BONGO B -> SAMPLE	61BOLHEL1.	
Wizoo	Platinum24 - Latin Percussion	CD 2 -> Partition B -> 04 BONGO B -> SAMPLE	61BOLHEL2.	
Wizoo	Platinum24 - Latin Percussion	CD 2 -> Partition B -> 04 BONGO B -> SAMPLE	61BOLHEL3.	
Wizoo	Platinum24 - Latin Percussion	CD 2 -> Partition B -> 04 BONGO B -> SAMPLE	61BOLHEL4.	
Wizoo	Platinum24 - Latin Percussion	CD 2 -> Partition B -> 04 BONGO B -> SAMPLE	61BOLOP4.A	
Wizoo	Platinum24 - Latin Percussion	CD 2 -> Partition B -> 04 BONGO B -> SAMPLE	61BOLOP7.A	
Wizoo	Platinum24 - Latin Percussion	CD 2 -> Partition B -> 04 BONGO B -> SAMPLE	61BOLOP14.	
Wizoo	Platinum24 - Latin Percussion	CD 2 -> Partition B -> 04 BONGO B -> SAMPLE	61BOLOP20.	
Wizoo	Platinum24 - Latin Percussion	CD 2 -> Partition B -> 04 BONGO B -> SAMPLE	61BOLRIM1.	
Wizoo	Platinum24 - Latin Percussion	CD 2 -> Partition B -> 04 BONGO B -> SAMPLE	61BOLRIM2.	
Wizoo	Platinum24 - Latin Percussion	CD 2 -> Partition B -> 04 BONGO B -> SAMPLE	61BOLRIM4.	
Wizoo	Platinum24 - Latin Percussion	CD 2 -> Partition B -> 04 BONGO B -> SAMPLE	61BOLRIM6.	
Wizoo	Platinum24 - Latin Percussion	CD 2 -> Partition B -> 04 BONGO B -> SAMPLE	61BOLSLP1.	
Wizoo	Platinum24 - Latin Percussion	CD 2 -> Partition B -> 04 BONGO B -> SAMPLE	61BOLSLP3.	
Wizoo	Platinum24 - Latin Percussion	CD 2 -> Partition B -> 04 BONGO B -> SAMPLE	61BOLSLP4.	
Wizoo	Platinum24 - Latin Percussion	CD 2 -> Partition B -> 04 BONGO B -> SAMPLE	61BOLSLP5.	
Wizoo	Platinum24 - Latin Percussion	CD 2 -> Partition B -> 04 BONGO B -> SAMPLE	61BOLTIP1.	
Wizoo	Platinum24 - Latin Percussion	CD 2 -> Partition B -> 04 BONGO B -> SAMPLE	61BOLTIP2.	
Wizoo	Platinum24 - Latin Percussion	CD 2 -> Partition B -> 04 BONGO B -> SAMPLE	61BOLTIP3.	
Wizoo	Platinum24 - Latin Percussion	CD 2 -> Partition B -> 04 BONGO B -> SAMPLE	61BOLTIP4.	
Wizoo	Platinum24 - Latin Percussion	CD 2 -> Partition B -> 05TIMBALES B -> PROGRAM	05TIMBALES B	
Wizoo	Platinum24 - Latin Percussion	CD 2 -> Partition B -> 05TIMBALES B -> SAMPLE	65T2HRIM1.	
Wizoo	Platinum24 - Latin Percussion	CD 2 -> Partition B -> 05TIMBALES B -> SAMPLE	65T2HRIM2.	
Wizoo	Platinum24 - Latin Percussion	CD 2 -> Partition B -> 05TIMBALES B -> SAMPLE	65T2HRIM4.	
Wizoo	Platinum24 - Latin Percussion	CD 2 -> Partition B -> 05TIMBALES B -> SAMPLE	65T2HRIM7.	
Wizoo	Platinum24 - Latin Percussion	CD 2 -> Partition B -> 05TIMBALES B -> SAMPLE	65TI2HCAS1	
Wizoo	Platinum24 - Latin Percussion	CD 2 -> Partition B -> 05TIMBALES B -> SAMPLE	65TI2HCAS2	
Wizoo	Platinum24 - Latin Percussion	CD 2 -> Partition B -> 05TIMBALES B -> SAMPLE	65TI2HCAS3	
Wizoo	Platinum24 - Latin Percussion	CD 2 -> Partition B -> 05TIMBALES B -> SAMPLE	65TI2HCAS4	
Wizoo	Platinum24 - Latin Percussion	CD 2 -> Partition B -> 05TIMBALES B -> SAMPLE	65TI2HFM1.	
Wizoo	Platinum24 - Latin Percussion	CD 2 -> Partition B -> 05TIMBALES B -> SAMPLE	65TI2HFM2.	
Wizoo	Platinum24 - Latin Percussion	CD 2 -> Partition B -> 05TIMBALES B -> SAMPLE	65TI2HFM3.	
Wizoo	Platinum24 - Latin Percussion	CD 2 -> Partition B -> 05TIMBALES B -> SAMPLE	65TI2HFM4.	
Wizoo	Platinum24 - Latin Percussion	CD 2 -> Partition B -> 05TIMBALES B -> SAMPLE	65TI2HMTE2	
Wizoo	Platinum24 - Latin Percussion	CD 2 -> Partition B -> 05TIMBALES B -> SAMPLE	65TI2HMTE3	
Wizoo	Platinum24 - Latin Percussion	CD 2 -> Partition B -> 05TIMBALES B -> SAMPLE	65TI2HMTE4	
Wizoo	Platinum24 - Latin Percussion	CD 2 -> Partition B -> 05TIMBALES B -> SAMPLE	65TI2HMTE6	
Wizoo	Platinum24 - Latin Percussion	CD 2 -> Partition B -> 05TIMBALES B -> SAMPLE	65TI2HOP3.	
Wizoo	Platinum24 - Latin Percussion	CD 2 -> Partition B -> 05TIMBALES B -> SAMPLE	65TI2HOP6.	
Wizoo	Platinum24 - Latin Percussion	CD 2 -> Partition B -> 05TIMBALES B -> SAMPLE	65TI2HOP13	
Wizoo	Platinum24 - Latin Percussion	CD 2 -> Partition B -> 05TIMBALES B -> SAMPLE	65TI2HOP20	
Wizoo	Platinum24 - Latin Percussion	CD 2 -> Partition B -> 05TIMBALES B -> SAMPLE	65TI2HPRS2	
Wizoo	Platinum24 - Latin Percussion	CD 2 -> Partition B -> 05TIMBALES B -> SAMPLE	65TI2HPRS3	
Wizoo	Platinum24 - Latin Percussion	CD 2 -> Partition B -> 05TIMBALES B -> SAMPLE	65TI2HRLS1	
Wizoo	Platinum24 - Latin Percussion	CD 2 -> Partition B -> 05TIMBALES B -> SAMPLE	65TI2HRLS2	
Wizoo	Platinum24 - Latin Percussion	CD 2 -> Partition B -> 05TIMBALES B -> SAMPLE	65TI2HRLS3	
Wizoo	Platinum24 - Latin Percussion	CD 2 -> Partition B -> 05TIMBALES B -> SAMPLE	65TI2HRLS4	
Wizoo	Platinum24 - Latin Percussion	CD 2 -> Partition B -> 05TIMBALES B -> SAMPLE	65TI2HSTK1	
Wizoo	Platinum24 - Latin Percussion	CD 2 -> Partition B -> 05TIMBALES B -> SAMPLE	65TI2HSTK2	
Wizoo	Platinum24 - Latin Percussion	CD 2 -> Partition B -> 05TIMBALES B -> SAMPLE	65TI2HSTK3	
Wizoo	Platinum24 - Latin Percussion	CD 2 -> Partition B -> 05TIMBALES B -> SAMPLE	65TI2HSTK4	
Wizoo	Platinum24 - Latin Percussion	CD 2 -> Partition B -> 05TIMBALES B -> SAMPLE	66TI2LCAS1	
Wizoo	Platinum24 - Latin Percussion	CD 2 -> Partition B -> 05TIMBALES B -> SAMPLE	66TI2LCAS2	
Wizoo	Platinum24 - Latin Percussion	CD 2 -> Partition B -> 05TIMBALES B -> SAMPLE	66TI2LCAS3	
Wizoo	Platinum24 - Latin Percussion	CD 2 -> Partition B -> 05TIMBALES B -> SAMPLE	66TI2LCAS4	
Wizoo	Platinum24 - Latin Percussion	CD 2 -> Partition B -> 05TIMBALES B -> SAMPLE	66TI2LFLM1	
Wizoo	Platinum24 - Latin Percussion	CD 2 -> Partition B -> 05TIMBALES B -> SAMPLE	66TI2LFLM2	
Wizoo	Platinum24 - Latin Percussion	CD 2 -> Partition B -> 05TIMBALES B -> SAMPLE	66TI2LFLM3	
Wizoo	Platinum24 - Latin Percussion	CD 2 -> Partition B -> 05TIMBALES B -> SAMPLE	66TI2LFLM4	
Wizoo	Platinum24 - Latin Percussion	CD 2 -> Partition B -> 05TIMBALES B -> SAMPLE	66TI2LMTE2	
Wizoo	Platinum24 - Latin Percussion	CD 2 -> Partition B -> 05TIMBALES B -> SAMPLE	66TI2LMTE3	
Wizoo	Platinum24 - Latin Percussion	CD 2 -> Partition B -> 05TIMBALES B -> SAMPLE	66TI2LMTE5	
Wizoo	Platinum24 - Latin Percussion	CD 2 -> Partition B -> 05TIMBALES B -> SAMPLE	66TI2LMTE6	
Wizoo	Platinum24 - Latin Percussion	CD 2 -> Partition B -> 05TIMBALES B -> SAMPLE	66TI2LOP3.	
Wizoo	Platinum24 - Latin Percussion	CD 2 -> Partition B -> 05TIMBALES B -> SAMPLE	66TI2LOP6.	
Wizoo	Platinum24 - Latin Percussion	CD 2 -> Partition B -> 05TIMBALES B -> SAMPLE	66TI2LOP9.	
Wizoo	Platinum24 - Latin Percussion	CD 2 -> Partition B -> 05TIMBALES B -> SAMPLE	66TI2LOP18	
Wizoo	Platinum24 - Latin Percussion	CD 2 -> Partition B -> 05TIMBALES B -> SAMPLE	66TI2LPRS2	
Wizoo	Platinum24 - Latin Percussion	CD 2 -> Partition B -> 05TIMBALES B -> SAMPLE	66TI2LPRS4	
Wizoo	Platinum24 - Latin Percussion	CD 2 -> Partition B -> 05TIMBALES B -> SAMPLE	66TI2LRIM1	
Wizoo	Platinum24 - Latin Percussion	CD 2 -> Partition B -> 05TIMBALES B -> SAMPLE	66TI2LRIM4	
Wizoo	Platinum24 - Latin Percussion	CD 2 -> Partition B -> 05TIMBALES B -> SAMPLE	66TI2LRIM6	
Wizoo	Platinum24 - Latin Percussion	CD 2 -> Partition B -> 05TIMBALES B -> SAMPLE	66TI2LRIM8	
Wizoo	Platinum24 - Latin Percussion	CD 2 -> Partition B -> 05TIMBALES B -> SAMPLE	66TI2LRLS1	
Wizoo	Platinum24 - Latin Percussion	CD 2 -> Partition B -> 05TIMBALES B -> SAMPLE	66TI2LRLS2	
Wizoo	Platinum24 - Latin Percussion	CD 2 -> Partition B -> 05TIMBALES B -> SAMPLE	66TI2LRLS3	
Wizoo	Platinum24 - Latin Percussion	CD 2 -> Partition B -> 05TIMBALES B -> SAMPLE	66TI2LRLS4	
Wizoo	Platinum24 - Latin Percussion	CD 2 -> Partition B -> 05TIMBALES B -> SAMPLE	66TI2LSTK1	
Wizoo	Platinum24 - Latin Percussion	CD 2 -> Partition B -> 05TIMBALES B -> SAMPLE	66TI2LSTK2	
Wizoo	Platinum24 - Latin Percussion	CD 2 -> Partition B -> 05TIMBALES B -> SAMPLE	66TI2LSTK3	
Wizoo	Platinum24 - Latin Percussion	CD 2 -> Partition B -> 05TIMBALES B -> SAMPLE	66TI2LSTK4	
Wizoo	Platinum24 - Latin Percussion	CD 2 -> Partition C -> 01 CYMBALS -> PROGRAM	01 CYMBALS	
Wizoo	Platinum24 - Latin Percussion	CD 2 -> Partition C -> 01 CYMBALS -> SAMPLE	55CY1FNOP1	
Wizoo	Platinum24 - Latin Percussion	CD 2 -> Partition C -> 01 CYMBALS -> SAMPLE	55CY1FNOP2	
Wizoo	Platinum24 - Latin Percussion	CD 2 -> Partition C -> 01 CYMBALS -> SAMPLE	55CY1FNOP3	
Wizoo	Platinum24 - Latin Percussion	CD 2 -> Partition C -> 01 CYMBALS -> SAMPLE	55CY1FNOP4	
Wizoo	Platinum24 - Latin Percussion	CD 2 -> Partition C -> 01 CYMBALS -> SAMPLE	55CY1FNSP1	
Wizoo	Platinum24 - Latin Percussion	CD 2 -> Partition C -> 01 CYMBALS -> SAMPLE	55CY1FNSP2	
Wizoo	Platinum24 - Latin Percussion	CD 2 -> Partition C -> 01 CYMBALS -> SAMPLE	55CY1FNSP3	
Wizoo	Platinum24 - Latin Percussion	CD 2 -> Partition C -> 01 CYMBALS -> SAMPLE	55CY1FNSP4	
Wizoo	Platinum24 - Latin Percussion	CD 2 -> Partition C -> 01 CYMBALS -> SAMPLE	55CY1SSTP1	
Wizoo	Platinum24 - Latin Percussion	CD 2 -> Partition C -> 01 CYMBALS -> SAMPLE	55CY1SSTP2	
Wizoo	Platinum24 - Latin Percussion	CD 2 -> Partition C -> 01 CYMBALS -> SAMPLE	55CY1SSTP3	
Wizoo	Platinum24 - Latin Percussion	CD 2 -> Partition C -> 01 CYMBALS -> SAMPLE	55CY1SSTP4	
Wizoo	Platinum24 - Latin Percussion	CD 2 -> Partition C -> 01 CYMBALS -> SAMPLE	55CY1STBL1	
Wizoo	Platinum24 - Latin Percussion	CD 2 -> Partition C -> 01 CYMBALS -> SAMPLE	55CY1STBL2	
Wizoo	Platinum24 - Latin Percussion	CD 2 -> Partition C -> 01 CYMBALS -> SAMPLE	55CY1STBL3	
Wizoo	Platinum24 - Latin Percussion	CD 2 -> Partition C -> 01 CYMBALS -> SAMPLE	55CY1STBL4	
Wizoo	Platinum24 - Latin Percussion	CD 2 -> Partition C -> 01 CYMBALS -> SAMPLE	55CY1STOP1	
Wizoo	Platinum24 - Latin Percussion	CD 2 -> Partition C -> 01 CYMBALS -> SAMPLE	55CY1STOP2	
Wizoo	Platinum24 - Latin Percussion	CD 2 -> Partition C -> 01 CYMBALS -> SAMPLE	55CY1STOP3	
Wizoo	Platinum24 - Latin Percussion	CD 2 -> Partition C -> 01 CYMBALS -> SAMPLE	55CY1STOP4	
Wizoo	Platinum24 - Latin Percussion	CD 2 -> Partition C -> 01 CYMBALS -> SAMPLE	55CY2FNOP1	
Wizoo	Platinum24 - Latin Percussion	CD 2 -> Partition C -> 01 CYMBALS -> SAMPLE	55CY2FNOP2	
Wizoo	Platinum24 - Latin Percussion	CD 2 -> Partition C -> 01 CYMBALS -> SAMPLE	55CY2FNOP3	
Wizoo	Platinum24 - Latin Percussion	CD 2 -> Partition C -> 01 CYMBALS -> SAMPLE	55CY2FNOP4	
Wizoo	Platinum24 - Latin Percussion	CD 2 -> Partition C -> 01 CYMBALS -> SAMPLE	55CY2FNSP1	
Wizoo	Platinum24 - Latin Percussion	CD 2 -> Partition C -> 01 CYMBALS -> SAMPLE	55CY2FNSP2	
Wizoo	Platinum24 - Latin Percussion	CD 2 -> Partition C -> 01 CYMBALS -> SAMPLE	55CY2FNSP3	
Wizoo	Platinum24 - Latin Percussion	CD 2 -> Partition C -> 01 CYMBALS -> SAMPLE	55CY2FNSP4	
Wizoo	Platinum24 - Latin Percussion	CD 2 -> Partition C -> 01 CYMBALS -> SAMPLE	55CY2SSTP1	
Wizoo	Platinum24 - Latin Percussion	CD 2 -> Partition C -> 01 CYMBALS -> SAMPLE	55CY2SSTP2	
Wizoo	Platinum24 - Latin Percussion	CD 2 -> Partition C -> 01 CYMBALS -> SAMPLE	55CY2SSTP3	
Wizoo	Platinum24 - Latin Percussion	CD 2 -> Partition C -> 01 CYMBALS -> SAMPLE	55CY2SSTP4	
Wizoo	Platinum24 - Latin Percussion	CD 2 -> Partition C -> 01 CYMBALS -> SAMPLE	55CY2STBL1	
Wizoo	Platinum24 - Latin Percussion	CD 2 -> Partition C -> 01 CYMBALS -> SAMPLE	55CY2STBL2	
Wizoo	Platinum24 - Latin Percussion	CD 2 -> Partition C -> 01 CYMBALS -> SAMPLE	55CY2STBL3	
Wizoo	Platinum24 - Latin Percussion	CD 2 -> Partition C -> 01 CYMBALS -> SAMPLE	55CY2STBL4	
Wizoo	Platinum24 - Latin Percussion	CD 2 -> Partition C -> 01 CYMBALS -> SAMPLE	55CY2STOP1	
Wizoo	Platinum24 - Latin Percussion	CD 2 -> Partition C -> 01 CYMBALS -> SAMPLE	55CY2STOP2	
Wizoo	Platinum24 - Latin Percussion	CD 2 -> Partition C -> 01 CYMBALS -> SAMPLE	55CY2STOP3	
Wizoo	Platinum24 - Latin Percussion	CD 2 -> Partition C -> 01 CYMBALS -> SAMPLE	55CY2STOP4	
Wizoo	Platinum24 - Latin Percussion	CD 2 -> Partition C -> 02 METAL -> PROGRAM	02 METAL	
Wizoo	Platinum24 - Latin Percussion	CD 2 -> Partition C -> 02 METAL -> SAMPLE	00BELLS1.A	
Wizoo	Platinum24 - Latin Percussion	CD 2 -> Partition C -> 02 METAL -> SAMPLE	00BELLS2.A	
Wizoo	Platinum24 - Latin Percussion	CD 2 -> Partition C -> 02 METAL -> SAMPLE	00FNGCY11.	
Wizoo	Platinum24 - Latin Percussion	CD 2 -> Partition C -> 02 METAL -> SAMPLE	00FNGCY12.	
Wizoo	Platinum24 - Latin Percussion	CD 2 -> Partition C -> 02 METAL -> SAMPLE	00FNGCY31.	
Wizoo	Platinum24 - Latin Percussion	CD 2 -> Partition C -> 02 METAL -> SAMPLE	00FNGCY32.	
Wizoo	Platinum24 - Latin Percussion	CD 2 -> Partition C -> 02 METAL -> SAMPLE	00FPWBL1.A	
Wizoo	Platinum24 - Latin Percussion	CD 2 -> Partition C -> 02 METAL -> SAMPLE	00FPWBL2.A	
Wizoo	Platinum24 - Latin Percussion	CD 2 -> Partition C -> 02 METAL -> SAMPLE	00GONG1B1.	
Wizoo	Platinum24 - Latin Percussion	CD 2 -> Partition C -> 02 METAL -> SAMPLE	00GONG1B2.	
Wizoo	Platinum24 - Latin Percussion	CD 2 -> Partition C -> 02 METAL -> SAMPLE	00GONG2B1.	
Wizoo	Platinum24 - Latin Percussion	CD 2 -> Partition C -> 02 METAL -> SAMPLE	00GONG2B2.	
Wizoo	Platinum24 - Latin Percussion	CD 2 -> Partition C -> 02 METAL -> SAMPLE	00GONG31.A	
Wizoo	Platinum24 - Latin Percussion	CD 2 -> Partition C -> 02 METAL -> SAMPLE	00GONG32.A	
Wizoo	Platinum24 - Latin Percussion	CD 2 -> Partition C -> 02 METAL -> SAMPLE	83JBLL1OP1	
Wizoo	Platinum24 - Latin Percussion	CD 2 -> Partition C -> 02 METAL -> SAMPLE	84BLLTRE1.	
Wizoo	Platinum24 - Latin Percussion	CD 2 -> Partition C -> 02 METAL -> SAMPLE	84BLLTRE2.	
Wizoo	Platinum24 - Latin Percussion	CD 2 -> Partition C -> 02 METAL -> SAMPLE	84BLLTRE3.	
Wizoo	Platinum24 - Latin Percussion	CD 2 -> Partition C -> 03 COWBELLS -> PROGRAM	03 COWBELLS	
Wizoo	Platinum24 - Latin Percussion	CD 2 -> Partition C -> 03 COWBELLS -> SAMPLE	56COW1SH1.	
Wizoo	Platinum24 - Latin Percussion	CD 2 -> Partition C -> 03 COWBELLS -> SAMPLE	56COW1SH2.	
Wizoo	Platinum24 - Latin Percussion	CD 2 -> Partition C -> 03 COWBELLS -> SAMPLE	56COW1SH3.	
Wizoo	Platinum24 - Latin Percussion	CD 2 -> Partition C -> 03 COWBELLS -> SAMPLE	56COW1SH4.	
Wizoo	Platinum24 - Latin Percussion	CD 2 -> Partition C -> 03 COWBELLS -> SAMPLE	56COW2SH1.	
Wizoo	Platinum24 - Latin Percussion	CD 2 -> Partition C -> 03 COWBELLS -> SAMPLE	56COW2SH2.	
Wizoo	Platinum24 - Latin Percussion	CD 2 -> Partition C -> 03 COWBELLS -> SAMPLE	56COW2SH3.	
Wizoo	Platinum24 - Latin Percussion	CD 2 -> Partition C -> 03 COWBELLS -> SAMPLE	56COW2SH4.	
Wizoo	Platinum24 - Latin Percussion	CD 2 -> Partition C -> 03 COWBELLS -> SAMPLE	56COW3SH1.	
Wizoo	Platinum24 - Latin Percussion	CD 2 -> Partition C -> 03 COWBELLS -> SAMPLE	56COW3SH2.	
Wizoo	Platinum24 - Latin Percussion	CD 2 -> Partition C -> 03 COWBELLS -> SAMPLE	56COW3SH3.	
Wizoo	Platinum24 - Latin Percussion	CD 2 -> Partition C -> 03 COWBELLS -> SAMPLE	56COW3SH4.	
Wizoo	Platinum24 - Latin Percussion	CD 2 -> Partition C -> 03 COWBELLS -> SAMPLE	56COW5ED1.	
Wizoo	Platinum24 - Latin Percussion	CD 2 -> Partition C -> 03 COWBELLS -> SAMPLE	56COW5ED2.	
Wizoo	Platinum24 - Latin Percussion	CD 2 -> Partition C -> 03 COWBELLS -> SAMPLE	56COW5ED3.	
Wizoo	Platinum24 - Latin Percussion	CD 2 -> Partition C -> 03 COWBELLS -> SAMPLE	56COW5ED4.	
Wizoo	Platinum24 - Latin Percussion	CD 2 -> Partition C -> 03 COWBELLS -> SAMPLE	56COW5SH1.	
Wizoo	Platinum24 - Latin Percussion	CD 2 -> Partition C -> 03 COWBELLS -> SAMPLE	56COW5SH2.	
Wizoo	Platinum24 - Latin Percussion	CD 2 -> Partition C -> 03 COWBELLS -> SAMPLE	56COW5SH3.	
Wizoo	Platinum24 - Latin Percussion	CD 2 -> Partition C -> 03 COWBELLS -> SAMPLE	56COW5SH4.	
Wizoo	Platinum24 - Latin Percussion	CD 2 -> Partition C -> 03 COWBELLS -> SAMPLE	56COW6SH1.	
Wizoo	Platinum24 - Latin Percussion	CD 2 -> Partition C -> 03 COWBELLS -> SAMPLE	56COW6SH2.	
Wizoo	Platinum24 - Latin Percussion	CD 2 -> Partition C -> 03 COWBELLS -> SAMPLE	56COW6SH3.	
Wizoo	Platinum24 - Latin Percussion	CD 2 -> Partition C -> 03 COWBELLS -> SAMPLE	56COW6SH4.	
Wizoo	Platinum24 - Latin Percussion	CD 2 -> Partition C -> 04 AGOGO -> PROGRAM	04 AGOGO	
Wizoo	Platinum24 - Latin Percussion	CD 2 -> Partition C -> 04 AGOGO -> SAMPLE	67AG1HI1.A	
Wizoo	Platinum24 - Latin Percussion	CD 2 -> Partition C -> 04 AGOGO -> SAMPLE	67AG1HI2.A	
Wizoo	Platinum24 - Latin Percussion	CD 2 -> Partition C -> 04 AGOGO -> SAMPLE	67AG1HI3.A	
Wizoo	Platinum24 - Latin Percussion	CD 2 -> Partition C -> 04 AGOGO -> SAMPLE	67AG1HI4.A	
Wizoo	Platinum24 - Latin Percussion	CD 2 -> Partition C -> 04 AGOGO -> SAMPLE	67AG2HI1.A	
Wizoo	Platinum24 - Latin Percussion	CD 2 -> Partition C -> 04 AGOGO -> SAMPLE	67AG2HI2.A	
Wizoo	Platinum24 - Latin Percussion	CD 2 -> Partition C -> 04 AGOGO -> SAMPLE	67AG2HI3.A	
Wizoo	Platinum24 - Latin Percussion	CD 2 -> Partition C -> 04 AGOGO -> SAMPLE	67AG2HI4.A	
Wizoo	Platinum24 - Latin Percussion	CD 2 -> Partition C -> 04 AGOGO -> SAMPLE	67AG3HI1.A	
Wizoo	Platinum24 - Latin Percussion	CD 2 -> Partition C -> 04 AGOGO -> SAMPLE	67AG3HI2.A	
Wizoo	Platinum24 - Latin Percussion	CD 2 -> Partition C -> 04 AGOGO -> SAMPLE	67AG3HI3.A	
Wizoo	Platinum24 - Latin Percussion	CD 2 -> Partition C -> 04 AGOGO -> SAMPLE	67AG3HI4.A	
Wizoo	Platinum24 - Latin Percussion	CD 2 -> Partition C -> 04 AGOGO -> SAMPLE	68AG1LO1.A	
Wizoo	Platinum24 - Latin Percussion	CD 2 -> Partition C -> 04 AGOGO -> SAMPLE	68AG1LO2.A	
Wizoo	Platinum24 - Latin Percussion	CD 2 -> Partition C -> 04 AGOGO -> SAMPLE	68AG1LO3.A	
Wizoo	Platinum24 - Latin Percussion	CD 2 -> Partition C -> 04 AGOGO -> SAMPLE	68AG1LO4.A	
Wizoo	Platinum24 - Latin Percussion	CD 2 -> Partition C -> 04 AGOGO -> SAMPLE	68AG2LO1.A	
Wizoo	Platinum24 - Latin Percussion	CD 2 -> Partition C -> 04 AGOGO -> SAMPLE	68AG2LO2.A	
Wizoo	Platinum24 - Latin Percussion	CD 2 -> Partition C -> 04 AGOGO -> SAMPLE	68AG2LO3.A	
Wizoo	Platinum24 - Latin Percussion	CD 2 -> Partition C -> 04 AGOGO -> SAMPLE	68AG2LO4.A	
Wizoo	Platinum24 - Latin Percussion	CD 2 -> Partition C -> 04 AGOGO -> SAMPLE	68AG2MD1.A	
Wizoo	Platinum24 - Latin Percussion	CD 2 -> Partition C -> 04 AGOGO -> SAMPLE	68AG2MD2.A	
Wizoo	Platinum24 - Latin Percussion	CD 2 -> Partition C -> 04 AGOGO -> SAMPLE	68AG2MD3.A	
Wizoo	Platinum24 - Latin Percussion	CD 2 -> Partition C -> 04 AGOGO -> SAMPLE	68AG2MD4.A	
Wizoo	Platinum24 - Latin Percussion	CD 2 -> Partition C -> 04 AGOGO -> SAMPLE	68AG3LO1.A	
Wizoo	Platinum24 - Latin Percussion	CD 2 -> Partition C -> 04 AGOGO -> SAMPLE	68AG3LO2.A	
Wizoo	Platinum24 - Latin Percussion	CD 2 -> Partition C -> 04 AGOGO -> SAMPLE	68AG3LO3.A	
Wizoo	Platinum24 - Latin Percussion	CD 2 -> Partition C -> 04 AGOGO -> SAMPLE	68AG3LO4.A	
Wizoo	Platinum24 - Latin Percussion	CD 2 -> Partition D -> 01 CHIMES -> PROGRAM	01 CHIMES	
Wizoo	Platinum24 - Latin Percussion	CD 2 -> Partition D -> 01 CHIMES -> SAMPLE	84CH1EFX1.	
Wizoo	Platinum24 - Latin Percussion	CD 2 -> Partition D -> 01 CHIMES -> SAMPLE	84CH1EFX2.	
Wizoo	Platinum24 - Latin Percussion	CD 2 -> Partition D -> 01 CHIMES -> SAMPLE	84CH1FDM1.	
Wizoo	Platinum24 - Latin Percussion	CD 2 -> Partition D -> 01 CHIMES -> SAMPLE	84CH1FDM2.	
Wizoo	Platinum24 - Latin Percussion	CD 2 -> Partition D -> 01 CHIMES -> SAMPLE	84CH1FDM3.	
Wizoo	Platinum24 - Latin Percussion	CD 2 -> Partition D -> 01 CHIMES -> SAMPLE	84CH1FDM4.	
Wizoo	Platinum24 - Latin Percussion	CD 2 -> Partition D -> 01 CHIMES -> SAMPLE	84CH1FUM1.	
Wizoo	Platinum24 - Latin Percussion	CD 2 -> Partition D -> 01 CHIMES -> SAMPLE	84CH1FUM2.	
Wizoo	Platinum24 - Latin Percussion	CD 2 -> Partition D -> 01 CHIMES -> SAMPLE	84CH1FUM3.	
Wizoo	Platinum24 - Latin Percussion	CD 2 -> Partition D -> 01 CHIMES -> SAMPLE	84CH1FUM4.	
Wizoo	Platinum24 - Latin Percussion	CD 2 -> Partition D -> 01 CHIMES -> SAMPLE	84CH1SDM1.	
Wizoo	Platinum24 - Latin Percussion	CD 2 -> Partition D -> 01 CHIMES -> SAMPLE	84CH1SDM2.	
Wizoo	Platinum24 - Latin Percussion	CD 2 -> Partition D -> 01 CHIMES -> SAMPLE	84CH1SUM1.	
Wizoo	Platinum24 - Latin Percussion	CD 2 -> Partition D -> 01 CHIMES -> SAMPLE	84CH1SUM2.	
Wizoo	Platinum24 - Latin Percussion	CD 2 -> Partition D -> 02 TRIANGLE -> PROGRAM	02 TRIANGLE	
Wizoo	Platinum24 - Latin Percussion	CD 2 -> Partition D -> 02 TRIANGLE -> SAMPLE	80TRI1M1.A	
Wizoo	Platinum24 - Latin Percussion	CD 2 -> Partition D -> 02 TRIANGLE -> SAMPLE	80TRI1M2.A	
Wizoo	Platinum24 - Latin Percussion	CD 2 -> Partition D -> 02 TRIANGLE -> SAMPLE	80TRI1M3.A	
Wizoo	Platinum24 - Latin Percussion	CD 2 -> Partition D -> 02 TRIANGLE -> SAMPLE	80TRI1M4.A	
Wizoo	Platinum24 - Latin Percussion	CD 2 -> Partition D -> 02 TRIANGLE -> SAMPLE	80TRI2M1.A	
Wizoo	Platinum24 - Latin Percussion	CD 2 -> Partition D -> 02 TRIANGLE -> SAMPLE	80TRI2M2.A	
Wizoo	Platinum24 - Latin Percussion	CD 2 -> Partition D -> 02 TRIANGLE -> SAMPLE	80TRI2M3.A	
Wizoo	Platinum24 - Latin Percussion	CD 2 -> Partition D -> 02 TRIANGLE -> SAMPLE	80TRI2M4.A	
Wizoo	Platinum24 - Latin Percussion	CD 2 -> Partition D -> 02 TRIANGLE -> SAMPLE	80TRI3M1.A	
Wizoo	Platinum24 - Latin Percussion	CD 2 -> Partition D -> 02 TRIANGLE -> SAMPLE	80TRI3M2.A	
Wizoo	Platinum24 - Latin Percussion	CD 2 -> Partition D -> 02 TRIANGLE -> SAMPLE	80TRI3M3.A	
Wizoo	Platinum24 - Latin Percussion	CD 2 -> Partition D -> 02 TRIANGLE -> SAMPLE	80TRI3M4.A	
Wizoo	Platinum24 - Latin Percussion	CD 2 -> Partition D -> 02 TRIANGLE -> SAMPLE	80TRI4M1.A	
Wizoo	Platinum24 - Latin Percussion	CD 2 -> Partition D -> 02 TRIANGLE -> SAMPLE	80TRI4M2.A	
Wizoo	Platinum24 - Latin Percussion	CD 2 -> Partition D -> 02 TRIANGLE -> SAMPLE	80TRI4M3.A	
Wizoo	Platinum24 - Latin Percussion	CD 2 -> Partition D -> 02 TRIANGLE -> SAMPLE	80TRI4M4.A	
Wizoo	Platinum24 - Latin Percussion	CD 2 -> Partition D -> 02 TRIANGLE -> SAMPLE	80TRI5M1.A	
Wizoo	Platinum24 - Latin Percussion	CD 2 -> Partition D -> 02 TRIANGLE -> SAMPLE	80TRI5M2.A	
Wizoo	Platinum24 - Latin Percussion	CD 2 -> Partition D -> 02 TRIANGLE -> SAMPLE	80TRI5M3.A	
Wizoo	Platinum24 - Latin Percussion	CD 2 -> Partition D -> 02 TRIANGLE -> SAMPLE	80TRI5M4.A	
Wizoo	Platinum24 - Latin Percussion	CD 2 -> Partition D -> 02 TRIANGLE -> SAMPLE	81TRI1BO1.	
Wizoo	Platinum24 - Latin Percussion	CD 2 -> Partition D -> 02 TRIANGLE -> SAMPLE	81TRI1BO2.	
Wizoo	Platinum24 - Latin Percussion	CD 2 -> Partition D -> 02 TRIANGLE -> SAMPLE	81TRI1BO3.	
Wizoo	Platinum24 - Latin Percussion	CD 2 -> Partition D -> 02 TRIANGLE -> SAMPLE	81TRI1BO4.	
Wizoo	Platinum24 - Latin Percussion	CD 2 -> Partition D -> 02 TRIANGLE -> SAMPLE	81TRI2BO1.	
Wizoo	Platinum24 - Latin Percussion	CD 2 -> Partition D -> 02 TRIANGLE -> SAMPLE	81TRI2BO2.	
Wizoo	Platinum24 - Latin Percussion	CD 2 -> Partition D -> 02 TRIANGLE -> SAMPLE	81TRI3BO1.	
Wizoo	Platinum24 - Latin Percussion	CD 2 -> Partition D -> 02 TRIANGLE -> SAMPLE	81TRI3BO2.	
Wizoo	Platinum24 - Latin Percussion	CD 2 -> Partition D -> 02 TRIANGLE -> SAMPLE	81TRI3BO3.	
Wizoo	Platinum24 - Latin Percussion	CD 2 -> Partition D -> 02 TRIANGLE -> SAMPLE	81TRI3BO4.	
Wizoo	Platinum24 - Latin Percussion	CD 2 -> Partition D -> 02 TRIANGLE -> SAMPLE	81TRI4BO1.	
Wizoo	Platinum24 - Latin Percussion	CD 2 -> Partition D -> 02 TRIANGLE -> SAMPLE	81TRI4BO2.	
Wizoo	Platinum24 - Latin Percussion	CD 2 -> Partition D -> 02 TRIANGLE -> SAMPLE	81TRI4BO3.	
Wizoo	Platinum24 - Latin Percussion	CD 2 -> Partition D -> 02 TRIANGLE -> SAMPLE	81TRI4BO4.	
Wizoo	Platinum24 - Latin Percussion	CD 2 -> Partition D -> 02 TRIANGLE -> SAMPLE	81TRI5CO1.	
Wizoo	Platinum24 - Latin Percussion	CD 2 -> Partition D -> 02 TRIANGLE -> SAMPLE	81TRI5CO2.	
Wizoo	Platinum24 - Latin Percussion	CD 2 -> Partition D -> 02 TRIANGLE -> SAMPLE	81TRI5CO3.	
Wizoo	Platinum24 - Latin Percussion	CD 2 -> Partition D -> 02 TRIANGLE -> SAMPLE	81TRI5CO4.	
Wizoo	Platinum24 - Latin Percussion	CD 2 -> Partition E -> 01 CASTANET -> PROGRAM	01 CASTANET	
Wizoo	Platinum24 - Latin Percussion	CD 2 -> Partition E -> 01 CASTANET -> SAMPLE	30CAS1FM1.	
Wizoo	Platinum24 - Latin Percussion	CD 2 -> Partition E -> 01 CASTANET -> SAMPLE	30CAS1FM2.	
Wizoo	Platinum24 - Latin Percussion	CD 2 -> Partition E -> 01 CASTANET -> SAMPLE	30CAS1FM3.	
Wizoo	Platinum24 - Latin Percussion	CD 2 -> Partition E -> 01 CASTANET -> SAMPLE	30CAS1FM4.	
Wizoo	Platinum24 - Latin Percussion	CD 2 -> Partition E -> 01 CASTANET -> SAMPLE	30CAS1RL1.	
Wizoo	Platinum24 - Latin Percussion	CD 2 -> Partition E -> 01 CASTANET -> SAMPLE	30CAS1RL3.	
Wizoo	Platinum24 - Latin Percussion	CD 2 -> Partition E -> 01 CASTANET -> SAMPLE	30CAS1RL4.	
Wizoo	Platinum24 - Latin Percussion	CD 2 -> Partition E -> 01 CASTANET -> SAMPLE	30CAS1SG1.	
Wizoo	Platinum24 - Latin Percussion	CD 2 -> Partition E -> 01 CASTANET -> SAMPLE	30CAS1SG2.	
Wizoo	Platinum24 - Latin Percussion	CD 2 -> Partition E -> 01 CASTANET -> SAMPLE	30CAS1SG3.	
Wizoo	Platinum24 - Latin Percussion	CD 2 -> Partition E -> 01 CASTANET -> SAMPLE	30CAS1SG4.	
Wizoo	Platinum24 - Latin Percussion	CD 2 -> Partition E -> 01 CASTANET -> SAMPLE	30CAS2FM1.	
Wizoo	Platinum24 - Latin Percussion	CD 2 -> Partition E -> 01 CASTANET -> SAMPLE	30CAS2FM2.	
Wizoo	Platinum24 - Latin Percussion	CD 2 -> Partition E -> 01 CASTANET -> SAMPLE	30CAS2RL1.	
Wizoo	Platinum24 - Latin Percussion	CD 2 -> Partition E -> 01 CASTANET -> SAMPLE	30CAS2RL2.	
Wizoo	Platinum24 - Latin Percussion	CD 2 -> Partition E -> 01 CASTANET -> SAMPLE	30CAS2SG1.	
Wizoo	Platinum24 - Latin Percussion	CD 2 -> Partition E -> 01 CASTANET -> SAMPLE	30CAS2SG2.	
Wizoo	Platinum24 - Latin Percussion	CD 2 -> Partition E -> 01 CASTANET -> SAMPLE	30CAS2SG3.	
Wizoo	Platinum24 - Latin Percussion	CD 2 -> Partition E -> 01 CASTANET -> SAMPLE	30CAS2SG4.	
Wizoo	Platinum24 - Latin Percussion	CD 2 -> Partition E -> 02 CLAVES -> PROGRAM	02 CLAVES	
Wizoo	Platinum24 - Latin Percussion	CD 2 -> Partition E -> 02 CLAVES -> SAMPLE	75CLV011.A	
Wizoo	Platinum24 - Latin Percussion	CD 2 -> Partition E -> 02 CLAVES -> SAMPLE	75CLV012.A	
Wizoo	Platinum24 - Latin Percussion	CD 2 -> Partition E -> 02 CLAVES -> SAMPLE	75CLV013.A	
Wizoo	Platinum24 - Latin Percussion	CD 2 -> Partition E -> 02 CLAVES -> SAMPLE	75CLV014.A	
Wizoo	Platinum24 - Latin Percussion	CD 2 -> Partition E -> 02 CLAVES -> SAMPLE	75CLV021.A	
Wizoo	Platinum24 - Latin Percussion	CD 2 -> Partition E -> 02 CLAVES -> SAMPLE	75CLV022.A	
Wizoo	Platinum24 - Latin Percussion	CD 2 -> Partition E -> 02 CLAVES -> SAMPLE	75CLV023.A	
Wizoo	Platinum24 - Latin Percussion	CD 2 -> Partition E -> 02 CLAVES -> SAMPLE	75CLV024.A	
Wizoo	Platinum24 - Latin Percussion	CD 2 -> Partition E -> 02 CLAVES -> SAMPLE	75CLV031.A	
Wizoo	Platinum24 - Latin Percussion	CD 2 -> Partition E -> 02 CLAVES -> SAMPLE	75CLV032.A	
Wizoo	Platinum24 - Latin Percussion	CD 2 -> Partition E -> 02 CLAVES -> SAMPLE	75CLV033.A	
Wizoo	Platinum24 - Latin Percussion	CD 2 -> Partition E -> 02 CLAVES -> SAMPLE	75CLV034.A	
Wizoo	Platinum24 - Latin Percussion	CD 2 -> Partition E -> 02 CLAVES -> SAMPLE	75CLV041.A	
Wizoo	Platinum24 - Latin Percussion	CD 2 -> Partition E -> 02 CLAVES -> SAMPLE	75CLV042.A	
Wizoo	Platinum24 - Latin Percussion	CD 2 -> Partition E -> 02 CLAVES -> SAMPLE	75CLV043.A	
Wizoo	Platinum24 - Latin Percussion	CD 2 -> Partition E -> 02 CLAVES -> SAMPLE	75CLV044.A	
Wizoo	Platinum24 - Latin Percussion	CD 2 -> Partition E -> 02 CLAVES -> SAMPLE	75CLV051.A	
Wizoo	Platinum24 - Latin Percussion	CD 2 -> Partition E -> 02 CLAVES -> SAMPLE	75CLV052.A	
Wizoo	Platinum24 - Latin Percussion	CD 2 -> Partition E -> 02 CLAVES -> SAMPLE	75CLV053.A	
Wizoo	Platinum24 - Latin Percussion	CD 2 -> Partition E -> 02 CLAVES -> SAMPLE	75CLV054.A	
Wizoo	Platinum24 - Latin Percussion	CD 2 -> Partition E -> 02 CLAVES -> SAMPLE	75CLV061.A	
Wizoo	Platinum24 - Latin Percussion	CD 2 -> Partition E -> 02 CLAVES -> SAMPLE	75CLV062.A	
Wizoo	Platinum24 - Latin Percussion	CD 2 -> Partition E -> 02 CLAVES -> SAMPLE	75CLV063.A	
Wizoo	Platinum24 - Latin Percussion	CD 2 -> Partition E -> 02 CLAVES -> SAMPLE	75CLV064.A	
Wizoo	Platinum24 - Latin Percussion	CD 2 -> Partition E -> 02 CLAVES -> SAMPLE	75CLV071.A	
Wizoo	Platinum24 - Latin Percussion	CD 2 -> Partition E -> 02 CLAVES -> SAMPLE	75CLV072.A	
Wizoo	Platinum24 - Latin Percussion	CD 2 -> Partition E -> 02 CLAVES -> SAMPLE	75CLV073.A	
Wizoo	Platinum24 - Latin Percussion	CD 2 -> Partition E -> 02 CLAVES -> SAMPLE	75CLV074.A	
Wizoo	Platinum24 - Latin Percussion	CD 2 -> Partition E -> 02 CLAVES -> SAMPLE	75CLV081.A	
Wizoo	Platinum24 - Latin Percussion	CD 2 -> Partition E -> 02 CLAVES -> SAMPLE	75CLV082.A	
Wizoo	Platinum24 - Latin Percussion	CD 2 -> Partition E -> 02 CLAVES -> SAMPLE	75CLV083.A	
Wizoo	Platinum24 - Latin Percussion	CD 2 -> Partition E -> 02 CLAVES -> SAMPLE	75CLV084.A	
Wizoo	Platinum24 - Latin Percussion	CD 2 -> Partition E -> 03 GUIRO -> PROGRAM	03 GUIRO	
Wizoo	Platinum24 - Latin Percussion	CD 2 -> Partition E -> 03 GUIRO -> SAMPLE	73GU1SD1.A	
Wizoo	Platinum24 - Latin Percussion	CD 2 -> Partition E -> 03 GUIRO -> SAMPLE	73GU1SD2.A	
Wizoo	Platinum24 - Latin Percussion	CD 2 -> Partition E -> 03 GUIRO -> SAMPLE	73GU1SU1.A	
Wizoo	Platinum24 - Latin Percussion	CD 2 -> Partition E -> 03 GUIRO -> SAMPLE	73GU1SU2.A	
Wizoo	Platinum24 - Latin Percussion	CD 2 -> Partition E -> 03 GUIRO -> SAMPLE	73GU1TP1.A-L	
Wizoo	Platinum24 - Latin Percussion	CD 2 -> Partition E -> 03 GUIRO -> SAMPLE	73GU1TP2.A	
Wizoo	Platinum24 - Latin Percussion	CD 2 -> Partition E -> 03 GUIRO -> SAMPLE	73GU2SD1.A	
Wizoo	Platinum24 - Latin Percussion	CD 2 -> Partition E -> 03 GUIRO -> SAMPLE	73GU2SD2.A	
Wizoo	Platinum24 - Latin Percussion	CD 2 -> Partition E -> 03 GUIRO -> SAMPLE	73GU2SU1.A	
Wizoo	Platinum24 - Latin Percussion	CD 2 -> Partition E -> 03 GUIRO -> SAMPLE	73GU2SU2.A	
Wizoo	Platinum24 - Latin Percussion	CD 2 -> Partition E -> 03 GUIRO -> SAMPLE	73GU2TP1.A	
Wizoo	Platinum24 - Latin Percussion	CD 2 -> Partition E -> 03 GUIRO -> SAMPLE	73GU2TP2.A	
Wizoo	Platinum24 - Latin Percussion	CD 2 -> Partition E -> 03 GUIRO -> SAMPLE	73GU3SD1.A	
Wizoo	Platinum24 - Latin Percussion	CD 2 -> Partition E -> 03 GUIRO -> SAMPLE	73GU3SD2.A	
Wizoo	Platinum24 - Latin Percussion	CD 2 -> Partition E -> 03 GUIRO -> SAMPLE	73GU3SU1.A	
Wizoo	Platinum24 - Latin Percussion	CD 2 -> Partition E -> 03 GUIRO -> SAMPLE	73GU3SU2.A	
Wizoo	Platinum24 - Latin Percussion	CD 2 -> Partition E -> 03 GUIRO -> SAMPLE	73GU3TP1.A	
Wizoo	Platinum24 - Latin Percussion	CD 2 -> Partition E -> 03 GUIRO -> SAMPLE	73GU3TP2.A	
Wizoo	Platinum24 - Latin Percussion	CD 2 -> Partition E -> 03 GUIRO -> SAMPLE	74GU1LG1.A	
Wizoo	Platinum24 - Latin Percussion	CD 2 -> Partition E -> 03 GUIRO -> SAMPLE	74GU1LG2.A	
Wizoo	Platinum24 - Latin Percussion	CD 2 -> Partition E -> 03 GUIRO -> SAMPLE	74GU2LG1.A	
Wizoo	Platinum24 - Latin Percussion	CD 2 -> Partition E -> 03 GUIRO -> SAMPLE	74GU2LG2.A	
Wizoo	Platinum24 - Latin Percussion	CD 2 -> Partition E -> 03 GUIRO -> SAMPLE	74GU3LG1.A	
Wizoo	Platinum24 - Latin Percussion	CD 2 -> Partition E -> 03 GUIRO -> SAMPLE	74GU3LG2.A	
Wizoo	Platinum24 - Latin Percussion	CD 2 -> Partition E -> 03 GUIRO -> SAMPLE	74GU4D.2.A	
Wizoo	Platinum24 - Latin Percussion	CD 2 -> Partition E -> 03 GUIRO -> SAMPLE	74GU4D1.AI	
Wizoo	Platinum24 - Latin Percussion	CD 2 -> Partition E -> 03 GUIRO -> SAMPLE	74GU4DU1	
Wizoo	Platinum24 - Latin Percussion	CD 2 -> Partition E -> 03 GUIRO -> SAMPLE	74GU4DU2	
Wizoo	Platinum24 - Latin Percussion	CD 2 -> Partition E -> 03 GUIRO -> SAMPLE	74GU4TP1.A	
Wizoo	Platinum24 - Latin Percussion	CD 2 -> Partition E -> 03 GUIRO -> SAMPLE	74GU4TP2.A	
Wizoo	Platinum24 - Latin Percussion	CD 2 -> Partition E -> 03 GUIRO -> SAMPLE	74GU5D1.AI	
Wizoo	Platinum24 - Latin Percussion	CD 2 -> Partition E -> 03 GUIRO -> SAMPLE	74GU5D2.AI	
Wizoo	Platinum24 - Latin Percussion	CD 2 -> Partition E -> 03 GUIRO -> SAMPLE	74GU5DU1.A	
Wizoo	Platinum24 - Latin Percussion	CD 2 -> Partition E -> 03 GUIRO -> SAMPLE	74GU5DU2.A	
Wizoo	Platinum24 - Latin Percussion	CD 2 -> Partition E -> 03 GUIRO -> SAMPLE	74GU5TP1.A	
Wizoo	Platinum24 - Latin Percussion	CD 2 -> Partition E -> 03 GUIRO -> SAMPLE	74GU5TP2.A	
Wizoo	Platinum24 - Latin Percussion	CD 2 -> Partition E -> 03 GUIRO -> SAMPLE	74GU6D1.AI	
Wizoo	Platinum24 - Latin Percussion	CD 2 -> Partition E -> 03 GUIRO -> SAMPLE	74GU6D2.AI	
Wizoo	Platinum24 - Latin Percussion	CD 2 -> Partition E -> 03 GUIRO -> SAMPLE	74GU6DU1.A	
Wizoo	Platinum24 - Latin Percussion	CD 2 -> Partition E -> 03 GUIRO -> SAMPLE	74GU6DU2.A	
Wizoo	Platinum24 - Latin Percussion	CD 2 -> Partition E -> 03 GUIRO -> SAMPLE	74GU6TP1.A	
Wizoo	Platinum24 - Latin Percussion	CD 2 -> Partition E -> 03 GUIRO -> SAMPLE	74GU6TP2.A	
Wizoo	Platinum24 - Latin Percussion	CD 2 -> Partition E -> 04 VIBRASLAP -> PROGRAM	04 VIBRASLAP	
Wizoo	Platinum24 - Latin Percussion	CD 2 -> Partition E -> 04 VIBRASLAP -> SAMPLE	58VB1CE21.	
Wizoo	Platinum24 - Latin Percussion	CD 2 -> Partition E -> 04 VIBRASLAP -> SAMPLE	58VB1CE22.	
Wizoo	Platinum24 - Latin Percussion	CD 2 -> Partition E -> 04 VIBRASLAP -> SAMPLE	58VB1PAA.A	
Wizoo	Platinum24 - Latin Percussion	CD 2 -> Partition E -> 04 VIBRASLAP -> SAMPLE	58VB1PAB.A	
Wizoo	Platinum24 - Latin Percussion	CD 2 -> Partition E -> 04 VIBRASLAP -> SAMPLE	58VB2CE1.A	
Wizoo	Platinum24 - Latin Percussion	CD 2 -> Partition E -> 04 VIBRASLAP -> SAMPLE	58VB2CE2.A	
Wizoo	Platinum24 - Latin Percussion	CD 2 -> Partition E -> 04 VIBRASLAP -> SAMPLE	58VB2PAA.A	
Wizoo	Platinum24 - Latin Percussion	CD 2 -> Partition E -> 04 VIBRASLAP -> SAMPLE	58VB2PAB.A	
Wizoo	Platinum24 - Latin Percussion	CD 2 -> Partition E -> 04 VIBRASLAP -> SAMPLE	58VB3CE1.A	
Wizoo	Platinum24 - Latin Percussion	CD 2 -> Partition E -> 04 VIBRASLAP -> SAMPLE	58VB3CE2.A	
Wizoo	Platinum24 - Latin Percussion	CD 2 -> Partition E -> 04 VIBRASLAP -> SAMPLE	58VB3PA1.A	
Wizoo	Platinum24 - Latin Percussion	CD 2 -> Partition E -> 04 VIBRASLAP -> SAMPLE	58VB3PA2.A	
Wizoo	Platinum24 - Latin Percussion	CD 2 -> Partition E -> 04 VIBRASLAP -> SAMPLE	58VB4CE1.A-L	
Wizoo	Platinum24 - Latin Percussion	CD 2 -> Partition E -> 04 VIBRASLAP -> SAMPLE	58VB4CE1.A-R	
Wizoo	Platinum24 - Latin Percussion	CD 2 -> Partition E -> 04 VIBRASLAP -> SAMPLE	58VB4CE2.A	
Wizoo	Platinum24 - Latin Percussion	CD 2 -> Partition E -> 04 VIBRASLAP -> SAMPLE	58VB4PAA.A	
Wizoo	Platinum24 - Latin Percussion	CD 2 -> Partition E -> 04 VIBRASLAP -> SAMPLE	58VB4PAB.A	
Wizoo	Platinum24 - Latin Percussion	CD 2 -> Partition E -> 05 WOODBLOCK -> PROGRAM	05 WOODBLOCK	
Wizoo	Platinum24 - Latin Percussion	CD 2 -> Partition E -> 05 WOODBLOCK -> SAMPLE	76WD1H1.AI	
Wizoo	Platinum24 - Latin Percussion	CD 2 -> Partition E -> 05 WOODBLOCK -> SAMPLE	76WD1H2.AI	
Wizoo	Platinum24 - Latin Percussion	CD 2 -> Partition E -> 05 WOODBLOCK -> SAMPLE	76WD1H3.AI	
Wizoo	Platinum24 - Latin Percussion	CD 2 -> Partition E -> 05 WOODBLOCK -> SAMPLE	76WD1H4.AI	
Wizoo	Platinum24 - Latin Percussion	CD 2 -> Partition E -> 05 WOODBLOCK -> SAMPLE	76WD2H1.AI	
Wizoo	Platinum24 - Latin Percussion	CD 2 -> Partition E -> 05 WOODBLOCK -> SAMPLE	76WD2H2.AI	
Wizoo	Platinum24 - Latin Percussion	CD 2 -> Partition E -> 05 WOODBLOCK -> SAMPLE	76WD2H3.AI	
Wizoo	Platinum24 - Latin Percussion	CD 2 -> Partition E -> 05 WOODBLOCK -> SAMPLE	76WD2H4.AI	
Wizoo	Platinum24 - Latin Percussion	CD 2 -> Partition E -> 05 WOODBLOCK -> SAMPLE	77WD1L1.AI	
Wizoo	Platinum24 - Latin Percussion	CD 2 -> Partition E -> 05 WOODBLOCK -> SAMPLE	77WD1L2.AI	
Wizoo	Platinum24 - Latin Percussion	CD 2 -> Partition E -> 05 WOODBLOCK -> SAMPLE	77WD1L3.AI	
Wizoo	Platinum24 - Latin Percussion	CD 2 -> Partition E -> 05 WOODBLOCK -> SAMPLE	77WD1L4.AI	
Wizoo	Platinum24 - Latin Percussion	CD 2 -> Partition E -> 05 WOODBLOCK -> SAMPLE	77WD1M1.AI	
Wizoo	Platinum24 - Latin Percussion	CD 2 -> Partition E -> 05 WOODBLOCK -> SAMPLE	77WD1M2.AI	
Wizoo	Platinum24 - Latin Percussion	CD 2 -> Partition E -> 05 WOODBLOCK -> SAMPLE	77WD1M3.AI	
Wizoo	Platinum24 - Latin Percussion	CD 2 -> Partition E -> 05 WOODBLOCK -> SAMPLE	77WD1M4.AI	
Wizoo	Platinum24 - Latin Percussion	CD 2 -> Partition E -> 05 WOODBLOCK -> SAMPLE	77WD2L1.AI	
Wizoo	Platinum24 - Latin Percussion	CD 2 -> Partition E -> 05 WOODBLOCK -> SAMPLE	77WD2L2.AI	
Wizoo	Platinum24 - Latin Percussion	CD 2 -> Partition E -> 05 WOODBLOCK -> SAMPLE	77WD2L3.AI	
Wizoo	Platinum24 - Latin Percussion	CD 2 -> Partition E -> 05 WOODBLOCK -> SAMPLE	77WD2L4.AI	
Wizoo	Platinum24 - Latin Percussion	CD 2 -> Partition E -> 06 CABASA -> PROGRAM	06 CABASA	
Wizoo	Platinum24 - Latin Percussion	CD 2 -> Partition E -> 06 CABASA -> SAMPLE	69CBM1EX1.	
Wizoo	Platinum24 - Latin Percussion	CD 2 -> Partition E -> 06 CABASA -> SAMPLE	69CBM1EX2.-L	
Wizoo	Platinum24 - Latin Percussion	CD 2 -> Partition E -> 06 CABASA -> SAMPLE	69CBM1EX3.	
Wizoo	Platinum24 - Latin Percussion	CD 2 -> Partition E -> 06 CABASA -> SAMPLE	69CBM1EX4.	
Wizoo	Platinum24 - Latin Percussion	CD 2 -> Partition E -> 06 CABASA -> SAMPLE	69CBM1LG1.	
Wizoo	Platinum24 - Latin Percussion	CD 2 -> Partition E -> 06 CABASA -> SAMPLE	69CBM1LG2.	
Wizoo	Platinum24 - Latin Percussion	CD 2 -> Partition E -> 06 CABASA -> SAMPLE	69CBM1LG3.	
Wizoo	Platinum24 - Latin Percussion	CD 2 -> Partition E -> 06 CABASA -> SAMPLE	69CBM1SH1.	
Wizoo	Platinum24 - Latin Percussion	CD 2 -> Partition E -> 06 CABASA -> SAMPLE	69CBM1SH2.	
Wizoo	Platinum24 - Latin Percussion	CD 2 -> Partition E -> 06 CABASA -> SAMPLE	69CBM1SH3.	
Wizoo	Platinum24 - Latin Percussion	CD 2 -> Partition E -> 06 CABASA -> SAMPLE	69CBM1SH4.	
Wizoo	Platinum24 - Latin Percussion	CD 2 -> Partition E -> 06 CABASA -> SAMPLE	69CBM2EX1.	
Wizoo	Platinum24 - Latin Percussion	CD 2 -> Partition E -> 06 CABASA -> SAMPLE	69CBM2EX2.	
Wizoo	Platinum24 - Latin Percussion	CD 2 -> Partition E -> 06 CABASA -> SAMPLE	69CBM2EX3.	
Wizoo	Platinum24 - Latin Percussion	CD 2 -> Partition E -> 06 CABASA -> SAMPLE	69CBM2EX4.	
Wizoo	Platinum24 - Latin Percussion	CD 2 -> Partition E -> 06 CABASA -> SAMPLE	69CBM2LG1.	
Wizoo	Platinum24 - Latin Percussion	CD 2 -> Partition E -> 06 CABASA -> SAMPLE	69CBM2LG2.	
Wizoo	Platinum24 - Latin Percussion	CD 2 -> Partition E -> 06 CABASA -> SAMPLE	69CBM2LG3.	
Wizoo	Platinum24 - Latin Percussion	CD 2 -> Partition E -> 06 CABASA -> SAMPLE	69CBM2SH21	
Wizoo	Platinum24 - Latin Percussion	CD 2 -> Partition E -> 06 CABASA -> SAMPLE	69CBM2SH32	
Wizoo	Platinum24 - Latin Percussion	CD 2 -> Partition E -> 06 CABASA -> SAMPLE	69CBM2SH63	
Wizoo	Platinum24 - Latin Percussion	CD 2 -> Partition E -> 06 CABASA -> SAMPLE	69CBM2SH84	
Wizoo	Platinum24 - Latin Percussion	CD 2 -> Partition E -> 06 CABASA -> SAMPLE	69CBM3EX1.	
Wizoo	Platinum24 - Latin Percussion	CD 2 -> Partition E -> 06 CABASA -> SAMPLE	69CBM3EX2.	
Wizoo	Platinum24 - Latin Percussion	CD 2 -> Partition E -> 06 CABASA -> SAMPLE	69CBM3EX3.	
Wizoo	Platinum24 - Latin Percussion	CD 2 -> Partition E -> 06 CABASA -> SAMPLE	69CBM3EX4.	
Wizoo	Platinum24 - Latin Percussion	CD 2 -> Partition E -> 06 CABASA -> SAMPLE	69CBM3LG1.	
Wizoo	Platinum24 - Latin Percussion	CD 2 -> Partition E -> 06 CABASA -> SAMPLE	69CBM3LG2.	
Wizoo	Platinum24 - Latin Percussion	CD 2 -> Partition E -> 06 CABASA -> SAMPLE	69CBM3LG3.	
Wizoo	Platinum24 - Latin Percussion	CD 2 -> Partition E -> 06 CABASA -> SAMPLE	69CBM3LG4.	
Wizoo	Platinum24 - Latin Percussion	CD 2 -> Partition E -> 06 CABASA -> SAMPLE	69CBM3SH1.	
Wizoo	Platinum24 - Latin Percussion	CD 2 -> Partition E -> 06 CABASA -> SAMPLE	69CBM3SH2.	
Wizoo	Platinum24 - Latin Percussion	CD 2 -> Partition E -> 06 CABASA -> SAMPLE	69CBM3SH3.	
Wizoo	Platinum24 - Latin Percussion	CD 2 -> Partition E -> 06 CABASA -> SAMPLE	69CBM3SH4.	
Wizoo	Platinum24 - Latin Percussion	CD 2 -> Partition E -> 06 CABASA -> SAMPLE	69CBM4EX1.	
Wizoo	Platinum24 - Latin Percussion	CD 2 -> Partition E -> 06 CABASA -> SAMPLE	69CBM4EX2.	
Wizoo	Platinum24 - Latin Percussion	CD 2 -> Partition E -> 06 CABASA -> SAMPLE	69CBM4EX3.	
Wizoo	Platinum24 - Latin Percussion	CD 2 -> Partition E -> 06 CABASA -> SAMPLE	69CBM4EX4.	
Wizoo	Platinum24 - Latin Percussion	CD 2 -> Partition E -> 06 CABASA -> SAMPLE	69CBM4LG1.	
Wizoo	Platinum24 - Latin Percussion	CD 2 -> Partition E -> 06 CABASA -> SAMPLE	69CBM4LG2.	
Wizoo	Platinum24 - Latin Percussion	CD 2 -> Partition E -> 06 CABASA -> SAMPLE	69CBM4LG3.	
Wizoo	Platinum24 - Latin Percussion	CD 2 -> Partition E -> 06 CABASA -> SAMPLE	69CBM4LG4.	
Wizoo	Platinum24 - Latin Percussion	CD 2 -> Partition E -> 06 CABASA -> SAMPLE	69CBM4SH1.	
Wizoo	Platinum24 - Latin Percussion	CD 2 -> Partition E -> 06 CABASA -> SAMPLE	69CBM4SH2.	
Wizoo	Platinum24 - Latin Percussion	CD 2 -> Partition E -> 06 CABASA -> SAMPLE	69CBM4SH3.	
Wizoo	Platinum24 - Latin Percussion	CD 2 -> Partition E -> 06 CABASA -> SAMPLE	69CBM4SH4.	
Wizoo	Platinum24 - Latin Percussion	CD 2 -> Partition E -> 06 CABASA -> SAMPLE	69CBM5LG1.	
Wizoo	Platinum24 - Latin Percussion	CD 2 -> Partition E -> 06 CABASA -> SAMPLE	69CBM5LG2.	
Wizoo	Platinum24 - Latin Percussion	CD 2 -> Partition E -> 06 CABASA -> SAMPLE	69CBM5LG3.	
Wizoo	Platinum24 - Latin Percussion	CD 2 -> Partition E -> 06 CABASA -> SAMPLE	69CBM5SH1.	
Wizoo	Platinum24 - Latin Percussion	CD 2 -> Partition E -> 06 CABASA -> SAMPLE	69CBM5SH2.	
Wizoo	Platinum24 - Latin Percussion	CD 2 -> Partition E -> 06 CABASA -> SAMPLE	69CBM5SH3.	
Wizoo	Platinum24 - Latin Percussion	CD 2 -> Partition E -> 06 CABASA -> SAMPLE	69CBM5SH4.	
Wizoo	Platinum24 - Latin Percussion	CD 2 -> Partition F -> 01 MARACAS -> PROGRAM	01 MARACAS	
Wizoo	Platinum24 - Latin Percussion	CD 2 -> Partition F -> 01 MARACAS -> SAMPLE	70MAR1A1.A	
Wizoo	Platinum24 - Latin Percussion	CD 2 -> Partition F -> 01 MARACAS -> SAMPLE	70MAR1A2.A	
Wizoo	Platinum24 - Latin Percussion	CD 2 -> Partition F -> 01 MARACAS -> SAMPLE	70MAR1A3.A	
Wizoo	Platinum24 - Latin Percussion	CD 2 -> Partition F -> 01 MARACAS -> SAMPLE	70MAR1A4.A	
Wizoo	Platinum24 - Latin Percussion	CD 2 -> Partition F -> 01 MARACAS -> SAMPLE	70MAR1A5.A	
Wizoo	Platinum24 - Latin Percussion	CD 2 -> Partition F -> 01 MARACAS -> SAMPLE	70MAR1A6.A	
Wizoo	Platinum24 - Latin Percussion	CD 2 -> Partition F -> 01 MARACAS -> SAMPLE	70MAR1EX1.	
Wizoo	Platinum24 - Latin Percussion	CD 2 -> Partition F -> 01 MARACAS -> SAMPLE	70MAR1EX2.	
Wizoo	Platinum24 - Latin Percussion	CD 2 -> Partition F -> 01 MARACAS -> SAMPLE	70MAR1EX3.	
Wizoo	Platinum24 - Latin Percussion	CD 2 -> Partition F -> 01 MARACAS -> SAMPLE	70MAR1EX4.	
Wizoo	Platinum24 - Latin Percussion	CD 2 -> Partition F -> 01 MARACAS -> SAMPLE	70MAR2B1.A	
Wizoo	Platinum24 - Latin Percussion	CD 2 -> Partition F -> 01 MARACAS -> SAMPLE	70MAR2B2.A	
Wizoo	Platinum24 - Latin Percussion	CD 2 -> Partition F -> 01 MARACAS -> SAMPLE	70MAR2B3.A	
Wizoo	Platinum24 - Latin Percussion	CD 2 -> Partition F -> 01 MARACAS -> SAMPLE	70MAR2B4.A	
Wizoo	Platinum24 - Latin Percussion	CD 2 -> Partition F -> 01 MARACAS -> SAMPLE	70MAR2B5.A	
Wizoo	Platinum24 - Latin Percussion	CD 2 -> Partition F -> 01 MARACAS -> SAMPLE	70MAR2B6.A	
Wizoo	Platinum24 - Latin Percussion	CD 2 -> Partition F -> 01 MARACAS -> SAMPLE	70MAR2EX1.	
Wizoo	Platinum24 - Latin Percussion	CD 2 -> Partition F -> 01 MARACAS -> SAMPLE	70MAR2EX2.	
Wizoo	Platinum24 - Latin Percussion	CD 2 -> Partition F -> 01 MARACAS -> SAMPLE	70MAR2EX3.	
Wizoo	Platinum24 - Latin Percussion	CD 2 -> Partition F -> 01 MARACAS -> SAMPLE	70MAR2EX4.	
Wizoo	Platinum24 - Latin Percussion	CD 2 -> Partition F -> 01 MARACAS -> SAMPLE	70MAR3A1.A	
Wizoo	Platinum24 - Latin Percussion	CD 2 -> Partition F -> 01 MARACAS -> SAMPLE	70MAR3A2.A	
Wizoo	Platinum24 - Latin Percussion	CD 2 -> Partition F -> 01 MARACAS -> SAMPLE	70MAR3A3.A	
Wizoo	Platinum24 - Latin Percussion	CD 2 -> Partition F -> 01 MARACAS -> SAMPLE	70MAR3A4.A	
Wizoo	Platinum24 - Latin Percussion	CD 2 -> Partition F -> 01 MARACAS -> SAMPLE	70MAR3A5.A	
Wizoo	Platinum24 - Latin Percussion	CD 2 -> Partition F -> 01 MARACAS -> SAMPLE	70MAR3A6.A	
Wizoo	Platinum24 - Latin Percussion	CD 2 -> Partition F -> 01 MARACAS -> SAMPLE	70MAR3EX1.	
Wizoo	Platinum24 - Latin Percussion	CD 2 -> Partition F -> 01 MARACAS -> SAMPLE	70MAR3EX2.	
Wizoo	Platinum24 - Latin Percussion	CD 2 -> Partition F -> 01 MARACAS -> SAMPLE	70MAR3EX3.	
Wizoo	Platinum24 - Latin Percussion	CD 2 -> Partition F -> 01 MARACAS -> SAMPLE	70MAR3EX4.	
Wizoo	Platinum24 - Latin Percussion	CD 2 -> Partition F -> 01 MARACAS -> SAMPLE	70MAR4A1.A	
Wizoo	Platinum24 - Latin Percussion	CD 2 -> Partition F -> 01 MARACAS -> SAMPLE	70MAR4A2.A	
Wizoo	Platinum24 - Latin Percussion	CD 2 -> Partition F -> 01 MARACAS -> SAMPLE	70MAR4A3.A	
Wizoo	Platinum24 - Latin Percussion	CD 2 -> Partition F -> 01 MARACAS -> SAMPLE	70MAR4A4.A	
Wizoo	Platinum24 - Latin Percussion	CD 2 -> Partition F -> 01 MARACAS -> SAMPLE	70MAR4A5.A	
Wizoo	Platinum24 - Latin Percussion	CD 2 -> Partition F -> 01 MARACAS -> SAMPLE	70MAR4A6.A	
Wizoo	Platinum24 - Latin Percussion	CD 2 -> Partition F -> 01 MARACAS -> SAMPLE	70MAR4EX1.	
Wizoo	Platinum24 - Latin Percussion	CD 2 -> Partition F -> 01 MARACAS -> SAMPLE	70MAR4EX2.	
Wizoo	Platinum24 - Latin Percussion	CD 2 -> Partition F -> 01 MARACAS -> SAMPLE	70MAR4EX4.	
Wizoo	Platinum24 - Latin Percussion	CD 2 -> Partition F -> 01 MARACAS -> SAMPLE	70MAR5B1.A	
Wizoo	Platinum24 - Latin Percussion	CD 2 -> Partition F -> 01 MARACAS -> SAMPLE	70MAR5B2.A	
Wizoo	Platinum24 - Latin Percussion	CD 2 -> Partition F -> 01 MARACAS -> SAMPLE	70MAR5B3.A	
Wizoo	Platinum24 - Latin Percussion	CD 2 -> Partition F -> 01 MARACAS -> SAMPLE	70MAR5B4.A	
Wizoo	Platinum24 - Latin Percussion	CD 2 -> Partition F -> 01 MARACAS -> SAMPLE	70MAR5B5.A	
Wizoo	Platinum24 - Latin Percussion	CD 2 -> Partition F -> 01 MARACAS -> SAMPLE	70MAR5B6.A	
Wizoo	Platinum24 - Latin Percussion	CD 2 -> Partition F -> 01 MARACAS -> SAMPLE	70MAR5EX1.	
Wizoo	Platinum24 - Latin Percussion	CD 2 -> Partition F -> 01 MARACAS -> SAMPLE	70MAR5EX2.	
Wizoo	Platinum24 - Latin Percussion	CD 2 -> Partition F -> 01 MARACAS -> SAMPLE	70MAR5EX3.	
Wizoo	Platinum24 - Latin Percussion	CD 2 -> Partition F -> 02 SHAKER -> PROGRAM	02 SHAKER	
Wizoo	Platinum24 - Latin Percussion	CD 2 -> Partition F -> 02 SHAKER -> SAMPLE	82SHK1A1.A	
Wizoo	Platinum24 - Latin Percussion	CD 2 -> Partition F -> 02 SHAKER -> SAMPLE	82SHK1A2.A	
Wizoo	Platinum24 - Latin Percussion	CD 2 -> Partition F -> 02 SHAKER -> SAMPLE	82SHK1A3.A	
Wizoo	Platinum24 - Latin Percussion	CD 2 -> Partition F -> 02 SHAKER -> SAMPLE	82SHK1A4.A	
Wizoo	Platinum24 - Latin Percussion	CD 2 -> Partition F -> 02 SHAKER -> SAMPLE	82SHK1A5.A	
Wizoo	Platinum24 - Latin Percussion	CD 2 -> Partition F -> 02 SHAKER -> SAMPLE	82SHK1A6.A	
Wizoo	Platinum24 - Latin Percussion	CD 2 -> Partition F -> 02 SHAKER -> SAMPLE	82SHKAF21.	
Wizoo	Platinum24 - Latin Percussion	CD 2 -> Partition F -> 02 SHAKER -> SAMPLE	82SHKAF22.	
Wizoo	Platinum24 - Latin Percussion	CD 2 -> Partition F -> 02 SHAKER -> SAMPLE	82SHKAF23.	
Wizoo	Platinum24 - Latin Percussion	CD 2 -> Partition F -> 02 SHAKER -> SAMPLE	82SHKAF24.	
Wizoo	Platinum24 - Latin Percussion	CD 2 -> Partition F -> 02 SHAKER -> SAMPLE	82SHKAF25.	
Wizoo	Platinum24 - Latin Percussion	CD 2 -> Partition F -> 02 SHAKER -> SAMPLE	82SHKAF26.	
Wizoo	Platinum24 - Latin Percussion	CD 2 -> Partition F -> 02 SHAKER -> SAMPLE	82SKEG1A1.	
Wizoo	Platinum24 - Latin Percussion	CD 2 -> Partition F -> 02 SHAKER -> SAMPLE	82SKEG1A2.	
Wizoo	Platinum24 - Latin Percussion	CD 2 -> Partition F -> 02 SHAKER -> SAMPLE	82SKEG1A3.	
Wizoo	Platinum24 - Latin Percussion	CD 2 -> Partition F -> 02 SHAKER -> SAMPLE	82SKEG1A4.	
Wizoo	Platinum24 - Latin Percussion	CD 2 -> Partition F -> 02 SHAKER -> SAMPLE	82SKEG1A5.	
Wizoo	Platinum24 - Latin Percussion	CD 2 -> Partition F -> 02 SHAKER -> SAMPLE	82SKEG1A6.	
Wizoo	Platinum24 - Latin Percussion	CD 2 -> Partition F -> 02 SHAKER -> SAMPLE	82SKEG2A1.	
Wizoo	Platinum24 - Latin Percussion	CD 2 -> Partition F -> 02 SHAKER -> SAMPLE	82SKEG2A2.	
Wizoo	Platinum24 - Latin Percussion	CD 2 -> Partition F -> 02 SHAKER -> SAMPLE	82SKEG2A3.	
Wizoo	Platinum24 - Latin Percussion	CD 2 -> Partition F -> 02 SHAKER -> SAMPLE	82SKEG2A4.	
Wizoo	Platinum24 - Latin Percussion	CD 2 -> Partition F -> 02 SHAKER -> SAMPLE	82SKEG2A5.	
Wizoo	Platinum24 - Latin Percussion	CD 2 -> Partition F -> 02 SHAKER -> SAMPLE	82SKEG2A6.	
Wizoo	Platinum24 - Latin Percussion	CD 2 -> Partition F -> 02 SHAKER -> SAMPLE	82SKME31.A	
Wizoo	Platinum24 - Latin Percussion	CD 2 -> Partition F -> 02 SHAKER -> SAMPLE	82SKME32.A	
Wizoo	Platinum24 - Latin Percussion	CD 2 -> Partition F -> 02 SHAKER -> SAMPLE	82SKME33.A	
Wizoo	Platinum24 - Latin Percussion	CD 2 -> Partition F -> 02 SHAKER -> SAMPLE	82SKME34.A	
Wizoo	Platinum24 - Latin Percussion	CD 2 -> Partition F -> 02 SHAKER -> SAMPLE	82SKME35.A	
Wizoo	Platinum24 - Latin Percussion	CD 2 -> Partition F -> 02 SHAKER -> SAMPLE	82SKME36.A	
Wizoo	Platinum24 - Latin Percussion	CD 2 -> Partition F -> 02 SHAKER -> SAMPLE	82SKMT11.A	
Wizoo	Platinum24 - Latin Percussion	CD 2 -> Partition F -> 02 SHAKER -> SAMPLE	82SKMT12.A	
Wizoo	Platinum24 - Latin Percussion	CD 2 -> Partition F -> 02 SHAKER -> SAMPLE	82SKMT13.A	
Wizoo	Platinum24 - Latin Percussion	CD 2 -> Partition F -> 02 SHAKER -> SAMPLE	82SKMT14.A	
Wizoo	Platinum24 - Latin Percussion	CD 2 -> Partition F -> 02 SHAKER -> SAMPLE	82SKMT15.A	
Wizoo	Platinum24 - Latin Percussion	CD 2 -> Partition F -> 02 SHAKER -> SAMPLE	82SKMT16.A	
Wizoo	Platinum24 - Latin Percussion	CD 2 -> Partition F -> 02 SHAKER -> SAMPLE	82SKRT11.A	
Wizoo	Platinum24 - Latin Percussion	CD 2 -> Partition F -> 02 SHAKER -> SAMPLE	82SKRT12.A	
Wizoo	Platinum24 - Latin Percussion	CD 2 -> Partition F -> 02 SHAKER -> SAMPLE	82SKRT13.A	
Wizoo	Platinum24 - Latin Percussion	CD 2 -> Partition F -> 02 SHAKER -> SAMPLE	82SKRT14.A	
Wizoo	Platinum24 - Latin Percussion	CD 2 -> Partition F -> 02 SHAKER -> SAMPLE	82SKRT15.A	
Wizoo	Platinum24 - Latin Percussion	CD 2 -> Partition F -> 02 SHAKER -> SAMPLE	82SKRT16.A	
Wizoo	Platinum24 - Latin Percussion	CD 2 -> Partition F -> 02 SHAKER -> SAMPLE	82SKRT41.A	
Wizoo	Platinum24 - Latin Percussion	CD 2 -> Partition F -> 02 SHAKER -> SAMPLE	82SKRT42.A	
Wizoo	Platinum24 - Latin Percussion	CD 2 -> Partition F -> 02 SHAKER -> SAMPLE	82SKRT43.A	
Wizoo	Platinum24 - Latin Percussion	CD 2 -> Partition F -> 02 SHAKER -> SAMPLE	82SKRT44.A	
Wizoo	Platinum24 - Latin Percussion	CD 2 -> Partition F -> 02 SHAKER -> SAMPLE	82SKRT45.A	
Wizoo	Platinum24 - Latin Percussion	CD 2 -> Partition F -> 02 SHAKER -> SAMPLE	82SKRT46.A	
Wizoo	Platinum24 - Latin Percussion	CD 2 -> Partition F -> 02 SHAKER -> SAMPLE	82SKWD1A1.	
Wizoo	Platinum24 - Latin Percussion	CD 2 -> Partition F -> 02 SHAKER -> SAMPLE	82SKWD1A2.	
Wizoo	Platinum24 - Latin Percussion	CD 2 -> Partition F -> 02 SHAKER -> SAMPLE	82SKWD1A3.	
Wizoo	Platinum24 - Latin Percussion	CD 2 -> Partition F -> 02 SHAKER -> SAMPLE	82SKWD1A4.	
Wizoo	Platinum24 - Latin Percussion	CD 2 -> Partition F -> 02 SHAKER -> SAMPLE	82SKWD1A5.	
Wizoo	Platinum24 - Latin Percussion	CD 2 -> Partition F -> 02 SHAKER -> SAMPLE	82SKWD1A6.	
Wizoo	Platinum24 - Latin Percussion	CD 2 -> Partition F -> 02 SHAKER -> SAMPLE	82SKWD2A1.	
Wizoo	Platinum24 - Latin Percussion	CD 2 -> Partition F -> 02 SHAKER -> SAMPLE	82SKWD2A2.	
Wizoo	Platinum24 - Latin Percussion	CD 2 -> Partition F -> 02 SHAKER -> SAMPLE	82SKWD2A3.	
Wizoo	Platinum24 - Latin Percussion	CD 2 -> Partition F -> 02 SHAKER -> SAMPLE	82SKWD2A4.	
Wizoo	Platinum24 - Latin Percussion	CD 2 -> Partition F -> 02 SHAKER -> SAMPLE	82SKWD2A5.	
Wizoo	Platinum24 - Latin Percussion	CD 2 -> Partition F -> 02 SHAKER -> SAMPLE	82SKWD2A6.	
Wizoo	Platinum24 - Latin Percussion	CD 2 -> Partition F -> 03 CAXIXI -> PROGRAM	03 CAXIXI	
Wizoo	Platinum24 - Latin Percussion	CD 2 -> Partition F -> 03 CAXIXI -> SAMPLE	CAX1EX2.AI	
Wizoo	Platinum24 - Latin Percussion	CD 2 -> Partition F -> 03 CAXIXI -> SAMPLE	CAX1EX3.AI	
Wizoo	Platinum24 - Latin Percussion	CD 2 -> Partition F -> 03 CAXIXI -> SAMPLE	CAX1EX4.AI	
Wizoo	Platinum24 - Latin Percussion	CD 2 -> Partition F -> 03 CAXIXI -> SAMPLE	CAX1HD1.AI	
Wizoo	Platinum24 - Latin Percussion	CD 2 -> Partition F -> 03 CAXIXI -> SAMPLE	CAX1HD2.AI	
Wizoo	Platinum24 - Latin Percussion	CD 2 -> Partition F -> 03 CAXIXI -> SAMPLE	CAX1HD3.AI	
Wizoo	Platinum24 - Latin Percussion	CD 2 -> Partition F -> 03 CAXIXI -> SAMPLE	CAX1HD4.AI	
Wizoo	Platinum24 - Latin Percussion	CD 2 -> Partition F -> 03 CAXIXI -> SAMPLE	CAX1HD6.AI	
Wizoo	Platinum24 - Latin Percussion	CD 2 -> Partition F -> 03 CAXIXI -> SAMPLE	CAX1OP1.AI	
Wizoo	Platinum24 - Latin Percussion	CD 2 -> Partition F -> 03 CAXIXI -> SAMPLE	CAX1OP2.AI	
Wizoo	Platinum24 - Latin Percussion	CD 2 -> Partition F -> 03 CAXIXI -> SAMPLE	CAX1OP3.AI	
Wizoo	Platinum24 - Latin Percussion	CD 2 -> Partition F -> 03 CAXIXI -> SAMPLE	CAX1OP4.AI	
Wizoo	Platinum24 - Latin Percussion	CD 2 -> Partition F -> 03 CAXIXI -> SAMPLE	CAX1OP5.AI	
Wizoo	Platinum24 - Latin Percussion	CD 2 -> Partition F -> 03 CAXIXI -> SAMPLE	CAX1OP6.AI	
Wizoo	Platinum24 - Latin Percussion	CD 2 -> Partition F -> 03 CAXIXI -> SAMPLE	CAX2EX1.AI	
Wizoo	Platinum24 - Latin Percussion	CD 2 -> Partition F -> 03 CAXIXI -> SAMPLE	CAX2EX2.AI	
Wizoo	Platinum24 - Latin Percussion	CD 2 -> Partition F -> 03 CAXIXI -> SAMPLE	CAX2EX3.AI	
Wizoo	Platinum24 - Latin Percussion	CD 2 -> Partition F -> 03 CAXIXI -> SAMPLE	CAX2EX4.AI	
Wizoo	Platinum24 - Latin Percussion	CD 2 -> Partition F -> 03 CAXIXI -> SAMPLE	CAX2HD1.AI	
Wizoo	Platinum24 - Latin Percussion	CD 2 -> Partition F -> 03 CAXIXI -> SAMPLE	CAX2HD2.AI	
Wizoo	Platinum24 - Latin Percussion	CD 2 -> Partition F -> 03 CAXIXI -> SAMPLE	CAX2HD3.AI	
Wizoo	Platinum24 - Latin Percussion	CD 2 -> Partition F -> 03 CAXIXI -> SAMPLE	CAX2HD4.AI	
Wizoo	Platinum24 - Latin Percussion	CD 2 -> Partition F -> 03 CAXIXI -> SAMPLE	CAX2HD5.AI	
Wizoo	Platinum24 - Latin Percussion	CD 2 -> Partition F -> 03 CAXIXI -> SAMPLE	CAX2HD6.AI	
Wizoo	Platinum24 - Latin Percussion	CD 2 -> Partition F -> 03 CAXIXI -> SAMPLE	CAX2OP1.AI	
Wizoo	Platinum24 - Latin Percussion	CD 2 -> Partition F -> 03 CAXIXI -> SAMPLE	CAX2OP2.AI	
Wizoo	Platinum24 - Latin Percussion	CD 2 -> Partition F -> 03 CAXIXI -> SAMPLE	CAX2OP3.AI	
Wizoo	Platinum24 - Latin Percussion	CD 2 -> Partition F -> 03 CAXIXI -> SAMPLE	CAX2OP4.AI	
Wizoo	Platinum24 - Latin Percussion	CD 2 -> Partition F -> 03 CAXIXI -> SAMPLE	CAX2OP5.AI	
Wizoo	Platinum24 - Latin Percussion	CD 2 -> Partition F -> 03 CAXIXI -> SAMPLE	CAX2OP6.AI	
Wizoo	Platinum24 - Latin Percussion	CD 2 -> Partition F -> 03 CAXIXI -> SAMPLE	CAX3EX2.AI	
Wizoo	Platinum24 - Latin Percussion	CD 2 -> Partition F -> 03 CAXIXI -> SAMPLE	CAX3EX3.AI	
Wizoo	Platinum24 - Latin Percussion	CD 2 -> Partition F -> 03 CAXIXI -> SAMPLE	CAX3EX4.AI	
Wizoo	Platinum24 - Latin Percussion	CD 2 -> Partition F -> 03 CAXIXI -> SAMPLE	CAX3HD1.AI	
Wizoo	Platinum24 - Latin Percussion	CD 2 -> Partition F -> 03 CAXIXI -> SAMPLE	CAX3HD2.AI	
Wizoo	Platinum24 - Latin Percussion	CD 2 -> Partition F -> 03 CAXIXI -> SAMPLE	CAX3HD3.AI	
Wizoo	Platinum24 - Latin Percussion	CD 2 -> Partition F -> 03 CAXIXI -> SAMPLE	CAX3HD4.AI	
Wizoo	Platinum24 - Latin Percussion	CD 2 -> Partition F -> 03 CAXIXI -> SAMPLE	CAX3HD5.AI	
Wizoo	Platinum24 - Latin Percussion	CD 2 -> Partition F -> 03 CAXIXI -> SAMPLE	CAX3HD6.AI	
Wizoo	Platinum24 - Latin Percussion	CD 2 -> Partition F -> 03 CAXIXI -> SAMPLE	CAX3OP1.AI	
Wizoo	Platinum24 - Latin Percussion	CD 2 -> Partition F -> 03 CAXIXI -> SAMPLE	CAX3OP2.AI	
Wizoo	Platinum24 - Latin Percussion	CD 2 -> Partition F -> 03 CAXIXI -> SAMPLE	CAX3OP3.AI	
Wizoo	Platinum24 - Latin Percussion	CD 2 -> Partition F -> 03 CAXIXI -> SAMPLE	CAX3OP4.AI	
Wizoo	Platinum24 - Latin Percussion	CD 2 -> Partition F -> 03 CAXIXI -> SAMPLE	CAX3OP5.AI	
Wizoo	Platinum24 - Latin Percussion	CD 2 -> Partition F -> 03 CAXIXI -> SAMPLE	CAX3OP6.AI	
Wizoo	Platinum24 - Latin Percussion	CD 2 -> Partition F -> 03 CAXIXI -> SAMPLE	CAX5EX2.AI	
Wizoo	Platinum24 - Latin Percussion	CD 2 -> Partition F -> 03 CAXIXI -> SAMPLE	CAX5EX3.AI	
Wizoo	Platinum24 - Latin Percussion	CD 2 -> Partition F -> 03 CAXIXI -> SAMPLE	CAX5HD1.AI	
Wizoo	Platinum24 - Latin Percussion	CD 2 -> Partition F -> 03 CAXIXI -> SAMPLE	CAX5HD2.AI	
Wizoo	Platinum24 - Latin Percussion	CD 2 -> Partition F -> 03 CAXIXI -> SAMPLE	CAX5HD3.AI	
Wizoo	Platinum24 - Latin Percussion	CD 2 -> Partition F -> 03 CAXIXI -> SAMPLE	CAX5HD4.AI	
Wizoo	Platinum24 - Latin Percussion	CD 2 -> Partition F -> 03 CAXIXI -> SAMPLE	CAX5HD5.AI	
Wizoo	Platinum24 - Latin Percussion	CD 2 -> Partition F -> 03 CAXIXI -> SAMPLE	CAX5HD6.AI	
Wizoo	Platinum24 - Latin Percussion	CD 2 -> Partition F -> 03 CAXIXI -> SAMPLE	CAX5OP1.AI	
Wizoo	Platinum24 - Latin Percussion	CD 2 -> Partition F -> 03 CAXIXI -> SAMPLE	CAX5OP2.AI	
Wizoo	Platinum24 - Latin Percussion	CD 2 -> Partition F -> 03 CAXIXI -> SAMPLE	CAX5OP3.AI	
Wizoo	Platinum24 - Latin Percussion	CD 2 -> Partition F -> 03 CAXIXI -> SAMPLE	CAX5OP4.AI	
Wizoo	Platinum24 - Latin Percussion	CD 2 -> Partition F -> 03 CAXIXI -> SAMPLE	CAX5OP5.AI	
Wizoo	Platinum24 - Latin Percussion	CD 2 -> Partition F -> 03 CAXIXI -> SAMPLE	CAX5OP6.AI	
Wizoo	Platinum24 - Latin Percussion	CD 2 -> Partition F -> 04 PANDEIRO -> PROGRAM	04 PANDEIRO	
Wizoo	Platinum24 - Latin Percussion	CD 2 -> Partition F -> 04 PANDEIRO -> SAMPLE	28PANDA13.	
Wizoo	Platinum24 - Latin Percussion	CD 2 -> Partition F -> 04 PANDEIRO -> SAMPLE	28PANDA14.	
Wizoo	Platinum24 - Latin Percussion	CD 2 -> Partition F -> 04 PANDEIRO -> SAMPLE	28PANDA25.	
Wizoo	Platinum24 - Latin Percussion	CD 2 -> Partition F -> 04 PANDEIRO -> SAMPLE	28PANDA28.	
Wizoo	Platinum24 - Latin Percussion	CD 2 -> Partition F -> 04 PANDEIRO -> SAMPLE	28PANFNG1.	
Wizoo	Platinum24 - Latin Percussion	CD 2 -> Partition F -> 04 PANDEIRO -> SAMPLE	28PANFNG2.	
Wizoo	Platinum24 - Latin Percussion	CD 2 -> Partition F -> 04 PANDEIRO -> SAMPLE	28PANFNG3.	
Wizoo	Platinum24 - Latin Percussion	CD 2 -> Partition F -> 04 PANDEIRO -> SAMPLE	28PANFNG4.	
Wizoo	Platinum24 - Latin Percussion	CD 2 -> Partition F -> 04 PANDEIRO -> SAMPLE	28PANRIM2.	
Wizoo	Platinum24 - Latin Percussion	CD 2 -> Partition F -> 04 PANDEIRO -> SAMPLE	28PANRIM3.	
Wizoo	Platinum24 - Latin Percussion	CD 2 -> Partition F -> 04 PANDEIRO -> SAMPLE	28PANRIM4.	
Wizoo	Platinum24 - Latin Percussion	CD 2 -> Partition F -> 04 PANDEIRO -> SAMPLE	28PANRIM6.	
Wizoo	Platinum24 - Latin Percussion	CD 2 -> Partition F -> 04 PANDEIRO -> SAMPLE	28PANRLS1A	
Wizoo	Platinum24 - Latin Percussion	CD 2 -> Partition F -> 04 PANDEIRO -> SAMPLE	28PANRLS1B	
Wizoo	Platinum24 - Latin Percussion	CD 2 -> Partition F -> 04 PANDEIRO -> SAMPLE	28PANRLS2A	
Wizoo	Platinum24 - Latin Percussion	CD 2 -> Partition F -> 04 PANDEIRO -> SAMPLE	28PANRLS2B	
Wizoo	Platinum24 - Latin Percussion	CD 2 -> Partition F -> 04 PANDEIRO -> SAMPLE	28PANSHK1.	
Wizoo	Platinum24 - Latin Percussion	CD 2 -> Partition F -> 04 PANDEIRO -> SAMPLE	28PANSHK2.	
Wizoo	Platinum24 - Latin Percussion	CD 2 -> Partition F -> 04 PANDEIRO -> SAMPLE	28PANSHK3.	
Wizoo	Platinum24 - Latin Percussion	CD 2 -> Partition F -> 04 PANDEIRO -> SAMPLE	28PANSHK4.	
Wizoo	Platinum24 - Latin Percussion	CD 2 -> Partition F -> 04 PANDEIRO -> SAMPLE	28PANSLP2.	
Wizoo	Platinum24 - Latin Percussion	CD 2 -> Partition F -> 04 PANDEIRO -> SAMPLE	28PANSLP3.	
Wizoo	Platinum24 - Latin Percussion	CD 2 -> Partition F -> 04 PANDEIRO -> SAMPLE	28PANSLP4.	
Wizoo	Platinum24 - Latin Percussion	CD 2 -> Partition F -> 04 PANDEIRO -> SAMPLE	28PANSLP6.	
Wizoo	Platinum24 - Latin Percussion	CD 2 -> Partition F -> 05 TAMBOURIM -> PROGRAM	05 TAMBOURIM	
Wizoo	Platinum24 - Latin Percussion	CD 2 -> Partition F -> 05 TAMBOURIM -> SAMPLE	00TBM1FG1.	
Wizoo	Platinum24 - Latin Percussion	CD 2 -> Partition F -> 05 TAMBOURIM -> SAMPLE	00TBM1FG2.	
Wizoo	Platinum24 - Latin Percussion	CD 2 -> Partition F -> 05 TAMBOURIM -> SAMPLE	00TBM1FG3.	
Wizoo	Platinum24 - Latin Percussion	CD 2 -> Partition F -> 05 TAMBOURIM -> SAMPLE	00TBM1FG4.	
Wizoo	Platinum24 - Latin Percussion	CD 2 -> Partition F -> 05 TAMBOURIM -> SAMPLE	00TBM1MT1.	
Wizoo	Platinum24 - Latin Percussion	CD 2 -> Partition F -> 05 TAMBOURIM -> SAMPLE	00TBM1MT2.	
Wizoo	Platinum24 - Latin Percussion	CD 2 -> Partition F -> 05 TAMBOURIM -> SAMPLE	00TBM1MT3.	
Wizoo	Platinum24 - Latin Percussion	CD 2 -> Partition F -> 05 TAMBOURIM -> SAMPLE	00TBM1MT4.	
Wizoo	Platinum24 - Latin Percussion	CD 2 -> Partition F -> 05 TAMBOURIM -> SAMPLE	00TBM1OP1.	
Wizoo	Platinum24 - Latin Percussion	CD 2 -> Partition F -> 05 TAMBOURIM -> SAMPLE	00TBM1OP2.	
Wizoo	Platinum24 - Latin Percussion	CD 2 -> Partition F -> 05 TAMBOURIM -> SAMPLE	00TBM1OP3.	
Wizoo	Platinum24 - Latin Percussion	CD 2 -> Partition F -> 05 TAMBOURIM -> SAMPLE	00TBM1OP4.	
Wizoo	Platinum24 - Latin Percussion	CD 2 -> Partition F -> 05 TAMBOURIM -> SAMPLE	00TBM2FG1.	
Wizoo	Platinum24 - Latin Percussion	CD 2 -> Partition F -> 05 TAMBOURIM -> SAMPLE	00TBM2FG2.	
Wizoo	Platinum24 - Latin Percussion	CD 2 -> Partition F -> 05 TAMBOURIM -> SAMPLE	00TBM2FG3.	
Wizoo	Platinum24 - Latin Percussion	CD 2 -> Partition F -> 05 TAMBOURIM -> SAMPLE	00TBM2FG4.	
Wizoo	Platinum24 - Latin Percussion	CD 2 -> Partition F -> 05 TAMBOURIM -> SAMPLE	00TBM2MT1.	
Wizoo	Platinum24 - Latin Percussion	CD 2 -> Partition F -> 05 TAMBOURIM -> SAMPLE	00TBM2MT2.	
Wizoo	Platinum24 - Latin Percussion	CD 2 -> Partition F -> 05 TAMBOURIM -> SAMPLE	00TBM2MT3.	
Wizoo	Platinum24 - Latin Percussion	CD 2 -> Partition F -> 05 TAMBOURIM -> SAMPLE	00TBM2MT4.	
Wizoo	Platinum24 - Latin Percussion	CD 2 -> Partition F -> 05 TAMBOURIM -> SAMPLE	00TBM2OP1.	
Wizoo	Platinum24 - Latin Percussion	CD 2 -> Partition F -> 05 TAMBOURIM -> SAMPLE	00TBM2OP2.	
Wizoo	Platinum24 - Latin Percussion	CD 2 -> Partition F -> 05 TAMBOURIM -> SAMPLE	00TBM2OP3.	
Wizoo	Platinum24 - Latin Percussion	CD 2 -> Partition F -> 05 TAMBOURIM -> SAMPLE	00TBM2OP4.	
Wizoo	Platinum24 - Latin Percussion	CD 2 -> Partition F -> 06 TAMBOURIN -> PROGRAM	06 TAMBOURIN	
Wizoo	Platinum24 - Latin Percussion	CD 2 -> Partition F -> 06 TAMBOURIN -> SAMPLE	54TAM1EF1.	
Wizoo	Platinum24 - Latin Percussion	CD 2 -> Partition F -> 06 TAMBOURIN -> SAMPLE	54TAM1EF2.	
Wizoo	Platinum24 - Latin Percussion	CD 2 -> Partition F -> 06 TAMBOURIN -> SAMPLE	54TAM1EF3.	
Wizoo	Platinum24 - Latin Percussion	CD 2 -> Partition F -> 06 TAMBOURIN -> SAMPLE	54TAM1EF4.	
Wizoo	Platinum24 - Latin Percussion	CD 2 -> Partition F -> 06 TAMBOURIN -> SAMPLE	54TAM1HT1.	
Wizoo	Platinum24 - Latin Percussion	CD 2 -> Partition F -> 06 TAMBOURIN -> SAMPLE	54TAM1HT2.	
Wizoo	Platinum24 - Latin Percussion	CD 2 -> Partition F -> 06 TAMBOURIN -> SAMPLE	54TAM1HT3.	
Wizoo	Platinum24 - Latin Percussion	CD 2 -> Partition F -> 06 TAMBOURIN -> SAMPLE	54TAM1HT4.-L	
Wizoo	Platinum24 - Latin Percussion	CD 2 -> Partition F -> 06 TAMBOURIN -> SAMPLE	54TAM1HT4.-R	
Wizoo	Platinum24 - Latin Percussion	CD 2 -> Partition F -> 06 TAMBOURIN -> SAMPLE	54TAM1SH2.	
Wizoo	Platinum24 - Latin Percussion	CD 2 -> Partition F -> 06 TAMBOURIN -> SAMPLE	54TAM1SH3.	
Wizoo	Platinum24 - Latin Percussion	CD 2 -> Partition F -> 06 TAMBOURIN -> SAMPLE	54TAM1SH4.	
Wizoo	Platinum24 - Latin Percussion	CD 2 -> Partition F -> 06 TAMBOURIN -> SAMPLE	54TAM1SH5.	
Wizoo	Platinum24 - Latin Percussion	CD 2 -> Partition F -> 06 TAMBOURIN -> SAMPLE	54TAM2EF1.	
Wizoo	Platinum24 - Latin Percussion	CD 2 -> Partition F -> 06 TAMBOURIN -> SAMPLE	54TAM2EF2.	
Wizoo	Platinum24 - Latin Percussion	CD 2 -> Partition F -> 06 TAMBOURIN -> SAMPLE	54TAM2EF3.	
Wizoo	Platinum24 - Latin Percussion	CD 2 -> Partition F -> 06 TAMBOURIN -> SAMPLE	54TAM2EF4.	
Wizoo	Platinum24 - Latin Percussion	CD 2 -> Partition F -> 06 TAMBOURIN -> SAMPLE	54TAM2HT1.	
Wizoo	Platinum24 - Latin Percussion	CD 2 -> Partition F -> 06 TAMBOURIN -> SAMPLE	54TAM2HT2.	
Wizoo	Platinum24 - Latin Percussion	CD 2 -> Partition F -> 06 TAMBOURIN -> SAMPLE	54TAM2HT3.	
Wizoo	Platinum24 - Latin Percussion	CD 2 -> Partition F -> 06 TAMBOURIN -> SAMPLE	54TAM2HT4.	
Wizoo	Platinum24 - Latin Percussion	CD 2 -> Partition F -> 06 TAMBOURIN -> SAMPLE	54TAM2SH1.	
Wizoo	Platinum24 - Latin Percussion	CD 2 -> Partition F -> 06 TAMBOURIN -> SAMPLE	54TAM2SH2.	
Wizoo	Platinum24 - Latin Percussion	CD 2 -> Partition F -> 06 TAMBOURIN -> SAMPLE	54TAM2SH3.	
Wizoo	Platinum24 - Latin Percussion	CD 2 -> Partition F -> 06 TAMBOURIN -> SAMPLE	54TAM2SH4.	
Wizoo	Platinum24 - Latin Percussion	CD 2 -> Partition F -> 06 TAMBOURIN -> SAMPLE	54TAM3EF21	
Wizoo	Platinum24 - Latin Percussion	CD 2 -> Partition F -> 06 TAMBOURIN -> SAMPLE	54TAM3EF22	
Wizoo	Platinum24 - Latin Percussion	CD 2 -> Partition F -> 06 TAMBOURIN -> SAMPLE	54TAM3EF23	
Wizoo	Platinum24 - Latin Percussion	CD 2 -> Partition F -> 06 TAMBOURIN -> SAMPLE	54TAM3EF24	
Wizoo	Platinum24 - Latin Percussion	CD 2 -> Partition F -> 06 TAMBOURIN -> SAMPLE	54TAM3HT21	
Wizoo	Platinum24 - Latin Percussion	CD 2 -> Partition F -> 06 TAMBOURIN -> SAMPLE	54TAM3HT22-L	
Wizoo	Platinum24 - Latin Percussion	CD 2 -> Partition F -> 06 TAMBOURIN -> SAMPLE	54TAM3HT22-R	
Wizoo	Platinum24 - Latin Percussion	CD 2 -> Partition F -> 06 TAMBOURIN -> SAMPLE	54TAM3HT23	
Wizoo	Platinum24 - Latin Percussion	CD 2 -> Partition F -> 06 TAMBOURIN -> SAMPLE	54TAM3HT24	
Wizoo	Platinum24 - Latin Percussion	CD 2 -> Partition F -> 06 TAMBOURIN -> SAMPLE	54TAM3SH21	
Wizoo	Platinum24 - Latin Percussion	CD 2 -> Partition F -> 06 TAMBOURIN -> SAMPLE	54TAM3SH23	
Wizoo	Platinum24 - Latin Percussion	CD 2 -> Partition F -> 06 TAMBOURIN -> SAMPLE	54TAM3SH24	
Wizoo	Platinum24 - Latin Percussion	CD 2 -> Partition F -> 06 TAMBOURIN -> SAMPLE	54TAM3SH25	
Wizoo	Platinum24 - Latin Percussion	CD 2 -> Partition F -> 06 TAMBOURIN -> SAMPLE	54TAM4EF1.	
Wizoo	Platinum24 - Latin Percussion	CD 2 -> Partition F -> 06 TAMBOURIN -> SAMPLE	54TAM4EF2.	
Wizoo	Platinum24 - Latin Percussion	CD 2 -> Partition F -> 06 TAMBOURIN -> SAMPLE	54TAM4EF3.	
Wizoo	Platinum24 - Latin Percussion	CD 2 -> Partition F -> 06 TAMBOURIN -> SAMPLE	54TAM4EF4.	
Wizoo	Platinum24 - Latin Percussion	CD 2 -> Partition F -> 06 TAMBOURIN -> SAMPLE	54TAM4HT1.	
Wizoo	Platinum24 - Latin Percussion	CD 2 -> Partition F -> 06 TAMBOURIN -> SAMPLE	54TAM4HT2.	
Wizoo	Platinum24 - Latin Percussion	CD 2 -> Partition F -> 06 TAMBOURIN -> SAMPLE	54TAM4HT3.	
Wizoo	Platinum24 - Latin Percussion	CD 2 -> Partition F -> 06 TAMBOURIN -> SAMPLE	54TAM4HT4.	
Wizoo	Platinum24 - Latin Percussion	CD 2 -> Partition F -> 06 TAMBOURIN -> SAMPLE	54TAM4SH2.	
Wizoo	Platinum24 - Latin Percussion	CD 2 -> Partition F -> 06 TAMBOURIN -> SAMPLE	54TAM4SH3.	
Wizoo	Platinum24 - Latin Percussion	CD 2 -> Partition F -> 06 TAMBOURIN -> SAMPLE	54TAM4SH4.	
Wizoo	Platinum24 - Latin Percussion	CD 2 -> Partition F -> 06 TAMBOURIN -> SAMPLE	54TAM4SH5.	
Wizoo	Platinum24 - Latin Percussion	CD 2 -> Partition F -> 06 TAMBOURIN -> SAMPLE	54TAM5EF21	
Wizoo	Platinum24 - Latin Percussion	CD 2 -> Partition F -> 06 TAMBOURIN -> SAMPLE	54TAM5EF22	
Wizoo	Platinum24 - Latin Percussion	CD 2 -> Partition F -> 06 TAMBOURIN -> SAMPLE	54TAM5EF23	
Wizoo	Platinum24 - Latin Percussion	CD 2 -> Partition F -> 06 TAMBOURIN -> SAMPLE	54TAM5EF24	
Wizoo	Platinum24 - Latin Percussion	CD 2 -> Partition F -> 06 TAMBOURIN -> SAMPLE	54TAM5HT21	
Wizoo	Platinum24 - Latin Percussion	CD 2 -> Partition F -> 06 TAMBOURIN -> SAMPLE	54TAM5HT22	
Wizoo	Platinum24 - Latin Percussion	CD 2 -> Partition F -> 06 TAMBOURIN -> SAMPLE	54TAM5HT24	
Wizoo	Platinum24 - Latin Percussion	CD 2 -> Partition F -> 06 TAMBOURIN -> SAMPLE	54TAM5HT25-L	
Wizoo	Platinum24 - Latin Percussion	CD 2 -> Partition F -> 06 TAMBOURIN -> SAMPLE	54TAM5HT25-R	
Wizoo	Platinum24 - Latin Percussion	CD 2 -> Partition F -> 06 TAMBOURIN -> SAMPLE	54TAM5SH21	
Wizoo	Platinum24 - Latin Percussion	CD 2 -> Partition F -> 06 TAMBOURIN -> SAMPLE	54TAM5SH22	
Wizoo	Platinum24 - Latin Percussion	CD 2 -> Partition F -> 06 TAMBOURIN -> SAMPLE	54TAM5SH23	
Wizoo	Platinum24 - Latin Percussion	CD 2 -> Partition F -> 06 TAMBOURIN -> SAMPLE	54TAM5SH24-L	
Wizoo	Platinum24 - Latin Percussion	CD 2 -> Partition G -> 01TUMB A CHR -> PROGRAM	01TUMB A CHR	
Wizoo	Platinum24 - Latin Percussion	CD 2 -> Partition G -> 01TUMB A CHR -> SAMPLE	64TUBFLO1.	
Wizoo	Platinum24 - Latin Percussion	CD 2 -> Partition G -> 01TUMB A CHR -> SAMPLE	64TUBFLO2.	
Wizoo	Platinum24 - Latin Percussion	CD 2 -> Partition G -> 01TUMB A CHR -> SAMPLE	64TUBFLO3.	
Wizoo	Platinum24 - Latin Percussion	CD 2 -> Partition G -> 01TUMB A CHR -> SAMPLE	64TUBFLO4.	
Wizoo	Platinum24 - Latin Percussion	CD 2 -> Partition G -> 01TUMB A CHR -> SAMPLE	64TUBHEL1.	
Wizoo	Platinum24 - Latin Percussion	CD 2 -> Partition G -> 01TUMB A CHR -> SAMPLE	64TUBHEL2.	
Wizoo	Platinum24 - Latin Percussion	CD 2 -> Partition G -> 01TUMB A CHR -> SAMPLE	64TUBHEL3.	
Wizoo	Platinum24 - Latin Percussion	CD 2 -> Partition G -> 01TUMB A CHR -> SAMPLE	64TUBHEL4.	
Wizoo	Platinum24 - Latin Percussion	CD 2 -> Partition G -> 01TUMB A CHR -> SAMPLE	64TUBMTE1.-R	
Wizoo	Platinum24 - Latin Percussion	CD 2 -> Partition G -> 01TUMB A CHR -> SAMPLE	64TUBMTE2.	
Wizoo	Platinum24 - Latin Percussion	CD 2 -> Partition G -> 01TUMB A CHR -> SAMPLE	64TUBMTE3.	
Wizoo	Platinum24 - Latin Percussion	CD 2 -> Partition G -> 01TUMB A CHR -> SAMPLE	64TUBMTE4.	
Wizoo	Platinum24 - Latin Percussion	CD 2 -> Partition G -> 01TUMB A CHR -> SAMPLE	64TUBOPN1.	
Wizoo	Platinum24 - Latin Percussion	CD 2 -> Partition G -> 01TUMB A CHR -> SAMPLE	64TUBOPN2.	
Wizoo	Platinum24 - Latin Percussion	CD 2 -> Partition G -> 01TUMB A CHR -> SAMPLE	64TUBOPN3.	
Wizoo	Platinum24 - Latin Percussion	CD 2 -> Partition G -> 01TUMB A CHR -> SAMPLE	64TUBOPN4.	
Wizoo	Platinum24 - Latin Percussion	CD 2 -> Partition G -> 01TUMB A CHR -> SAMPLE	64TUBOPN5.	
Wizoo	Platinum24 - Latin Percussion	CD 2 -> Partition G -> 01TUMB A CHR -> SAMPLE	64TUBOPN6.	
Wizoo	Platinum24 - Latin Percussion	CD 2 -> Partition G -> 01TUMB A CHR -> SAMPLE	64TUBOPN7.	
Wizoo	Platinum24 - Latin Percussion	CD 2 -> Partition G -> 01TUMB A CHR -> SAMPLE	64TUBOPN8.	
Wizoo	Platinum24 - Latin Percussion	CD 2 -> Partition G -> 01TUMB A CHR -> SAMPLE	64TUBSLO1.	
Wizoo	Platinum24 - Latin Percussion	CD 2 -> Partition G -> 01TUMB A CHR -> SAMPLE	64TUBSLO2.	
Wizoo	Platinum24 - Latin Percussion	CD 2 -> Partition G -> 01TUMB A CHR -> SAMPLE	64TUBSLO3.	
Wizoo	Platinum24 - Latin Percussion	CD 2 -> Partition G -> 01TUMB A CHR -> SAMPLE	64TUBSLO4.	
Wizoo	Platinum24 - Latin Percussion	CD 2 -> Partition G -> 01TUMB A CHR -> SAMPLE	64TUBTIP1.	
Wizoo	Platinum24 - Latin Percussion	CD 2 -> Partition G -> 01TUMB A CHR -> SAMPLE	64TUBTIP2.	
Wizoo	Platinum24 - Latin Percussion	CD 2 -> Partition G -> 01TUMB A CHR -> SAMPLE	64TUBTIP3.	
Wizoo	Platinum24 - Latin Percussion	CD 2 -> Partition G -> 01TUMB A CHR -> SAMPLE	64TUBTIP4.	
Wizoo	Platinum24 - Latin Percussion	CD 2 -> Partition G -> 02CONG A CHR -> PROGRAM	02CONG A CHR	
Wizoo	Platinum24 - Latin Percussion	CD 2 -> Partition G -> 02CONG A CHR -> SAMPLE	48CONFLO1.	
Wizoo	Platinum24 - Latin Percussion	CD 2 -> Partition G -> 02CONG A CHR -> SAMPLE	48CONFLO2.	
Wizoo	Platinum24 - Latin Percussion	CD 2 -> Partition G -> 02CONG A CHR -> SAMPLE	48CONFLO3.	
Wizoo	Platinum24 - Latin Percussion	CD 2 -> Partition G -> 02CONG A CHR -> SAMPLE	48CONFLO4.	
Wizoo	Platinum24 - Latin Percussion	CD 2 -> Partition G -> 02CONG A CHR -> SAMPLE	48CONHEL1.	
Wizoo	Platinum24 - Latin Percussion	CD 2 -> Partition G -> 02CONG A CHR -> SAMPLE	48CONHEL2.	
Wizoo	Platinum24 - Latin Percussion	CD 2 -> Partition G -> 02CONG A CHR -> SAMPLE	48CONHEL3.	
Wizoo	Platinum24 - Latin Percussion	CD 2 -> Partition G -> 02CONG A CHR -> SAMPLE	48CONHEL4.	
Wizoo	Platinum24 - Latin Percussion	CD 2 -> Partition G -> 02CONG A CHR -> SAMPLE	48CONMTE1.	
Wizoo	Platinum24 - Latin Percussion	CD 2 -> Partition G -> 02CONG A CHR -> SAMPLE	48CONMTE2.	
Wizoo	Platinum24 - Latin Percussion	CD 2 -> Partition G -> 02CONG A CHR -> SAMPLE	48CONMTE3.	
Wizoo	Platinum24 - Latin Percussion	CD 2 -> Partition G -> 02CONG A CHR -> SAMPLE	48CONMTE4.	
Wizoo	Platinum24 - Latin Percussion	CD 2 -> Partition G -> 02CONG A CHR -> SAMPLE	48CONOPN1.	
Wizoo	Platinum24 - Latin Percussion	CD 2 -> Partition G -> 02CONG A CHR -> SAMPLE	48CONOPN2.	
Wizoo	Platinum24 - Latin Percussion	CD 2 -> Partition G -> 02CONG A CHR -> SAMPLE	48CONOPN3.	
Wizoo	Platinum24 - Latin Percussion	CD 2 -> Partition G -> 02CONG A CHR -> SAMPLE	48CONOPN4.	
Wizoo	Platinum24 - Latin Percussion	CD 2 -> Partition G -> 02CONG A CHR -> SAMPLE	48CONOPN5.	
Wizoo	Platinum24 - Latin Percussion	CD 2 -> Partition G -> 02CONG A CHR -> SAMPLE	48CONOPN6.	
Wizoo	Platinum24 - Latin Percussion	CD 2 -> Partition G -> 02CONG A CHR -> SAMPLE	48CONOPN7.	
Wizoo	Platinum24 - Latin Percussion	CD 2 -> Partition G -> 02CONG A CHR -> SAMPLE	48CONOPN8.	
Wizoo	Platinum24 - Latin Percussion	CD 2 -> Partition G -> 02CONG A CHR -> SAMPLE	48CONSLO1.	
Wizoo	Platinum24 - Latin Percussion	CD 2 -> Partition G -> 02CONG A CHR -> SAMPLE	48CONSLO2.	
Wizoo	Platinum24 - Latin Percussion	CD 2 -> Partition G -> 02CONG A CHR -> SAMPLE	48CONSLO3.	
Wizoo	Platinum24 - Latin Percussion	CD 2 -> Partition G -> 02CONG A CHR -> SAMPLE	48CONSLO4.	
Wizoo	Platinum24 - Latin Percussion	CD 2 -> Partition G -> 02CONG A CHR -> SAMPLE	48CONTIP1.	
Wizoo	Platinum24 - Latin Percussion	CD 2 -> Partition G -> 02CONG A CHR -> SAMPLE	48CONTIP2.	
Wizoo	Platinum24 - Latin Percussion	CD 2 -> Partition G -> 02CONG A CHR -> SAMPLE	48CONTIP3.	
Wizoo	Platinum24 - Latin Percussion	CD 2 -> Partition G -> 02CONG A CHR -> SAMPLE	48CONTIP4.	
Wizoo	Platinum24 - Latin Percussion	CD 2 -> Partition G -> 03QUIN A CHR -> PROGRAM	03QUIN A CHR	
Wizoo	Platinum24 - Latin Percussion	CD 2 -> Partition G -> 03QUIN A CHR -> SAMPLE	63QTOFLO1.	
Wizoo	Platinum24 - Latin Percussion	CD 2 -> Partition G -> 03QUIN A CHR -> SAMPLE	63QTOFLO2.	
Wizoo	Platinum24 - Latin Percussion	CD 2 -> Partition G -> 03QUIN A CHR -> SAMPLE	63QTOFLO3.	
Wizoo	Platinum24 - Latin Percussion	CD 2 -> Partition G -> 03QUIN A CHR -> SAMPLE	63QTOFLO4.	
Wizoo	Platinum24 - Latin Percussion	CD 2 -> Partition G -> 03QUIN A CHR -> SAMPLE	63QTOHEL1.	
Wizoo	Platinum24 - Latin Percussion	CD 2 -> Partition G -> 03QUIN A CHR -> SAMPLE	63QTOHEL2.	
Wizoo	Platinum24 - Latin Percussion	CD 2 -> Partition G -> 03QUIN A CHR -> SAMPLE	63QTOHEL3.	
Wizoo	Platinum24 - Latin Percussion	CD 2 -> Partition G -> 03QUIN A CHR -> SAMPLE	63QTOHEL4.	
Wizoo	Platinum24 - Latin Percussion	CD 2 -> Partition G -> 03QUIN A CHR -> SAMPLE	63QTOMTE1.	
Wizoo	Platinum24 - Latin Percussion	CD 2 -> Partition G -> 03QUIN A CHR -> SAMPLE	63QTOMTE2.	
Wizoo	Platinum24 - Latin Percussion	CD 2 -> Partition G -> 03QUIN A CHR -> SAMPLE	63QTOMTE3.	
Wizoo	Platinum24 - Latin Percussion	CD 2 -> Partition G -> 03QUIN A CHR -> SAMPLE	63QTOMTE4.	
Wizoo	Platinum24 - Latin Percussion	CD 2 -> Partition G -> 03QUIN A CHR -> SAMPLE	63QTOOPN21	
Wizoo	Platinum24 - Latin Percussion	CD 2 -> Partition G -> 03QUIN A CHR -> SAMPLE	63QTOOPN22	
Wizoo	Platinum24 - Latin Percussion	CD 2 -> Partition G -> 03QUIN A CHR -> SAMPLE	63QTOOPN23	
Wizoo	Platinum24 - Latin Percussion	CD 2 -> Partition G -> 03QUIN A CHR -> SAMPLE	63QTOOPN24	
Wizoo	Platinum24 - Latin Percussion	CD 2 -> Partition G -> 03QUIN A CHR -> SAMPLE	63QTOOPN25	
Wizoo	Platinum24 - Latin Percussion	CD 2 -> Partition G -> 03QUIN A CHR -> SAMPLE	63QTOOPN26	
Wizoo	Platinum24 - Latin Percussion	CD 2 -> Partition G -> 03QUIN A CHR -> SAMPLE	63QTOOPN27	
Wizoo	Platinum24 - Latin Percussion	CD 2 -> Partition G -> 03QUIN A CHR -> SAMPLE	63QTOOPN28	
Wizoo	Platinum24 - Latin Percussion	CD 2 -> Partition G -> 03QUIN A CHR -> SAMPLE	63QTOSLO1.	
Wizoo	Platinum24 - Latin Percussion	CD 2 -> Partition G -> 03QUIN A CHR -> SAMPLE	63QTOSLO2.	
Wizoo	Platinum24 - Latin Percussion	CD 2 -> Partition G -> 03QUIN A CHR -> SAMPLE	63QTOSLO3.	
Wizoo	Platinum24 - Latin Percussion	CD 2 -> Partition G -> 03QUIN A CHR -> SAMPLE	63QTOSLO4.	
Wizoo	Platinum24 - Latin Percussion	CD 2 -> Partition G -> 03QUIN A CHR -> SAMPLE	63QTOTIP1.	
Wizoo	Platinum24 - Latin Percussion	CD 2 -> Partition G -> 03QUIN A CHR -> SAMPLE	63QTOTIP2.	
Wizoo	Platinum24 - Latin Percussion	CD 2 -> Partition G -> 03QUIN A CHR -> SAMPLE	63QTOTIP3.	
Wizoo	Platinum24 - Latin Percussion	CD 2 -> Partition G -> 03QUIN A CHR -> SAMPLE	63QTOTIP4.	
Wizoo	Platinum24 - Latin Percussion	CD 2 -> Partition G -> 04BONG A CHR -> PROGRAM	04BONG A CHR	
Wizoo	Platinum24 - Latin Percussion	CD 2 -> Partition G -> 04BONG A CHR -> SAMPLE	60BOH3FF1.	
Wizoo	Platinum24 - Latin Percussion	CD 2 -> Partition G -> 04BONG A CHR -> SAMPLE	60BOH3FF2.	
Wizoo	Platinum24 - Latin Percussion	CD 2 -> Partition G -> 04BONG A CHR -> SAMPLE	60BOH3FF3.	
Wizoo	Platinum24 - Latin Percussion	CD 2 -> Partition G -> 04BONG A CHR -> SAMPLE	60BOH3FF4.	
Wizoo	Platinum24 - Latin Percussion	CD 2 -> Partition G -> 04BONG A CHR -> SAMPLE	60BOHHEL1.	
Wizoo	Platinum24 - Latin Percussion	CD 2 -> Partition G -> 04BONG A CHR -> SAMPLE	60BOHHEL2.	
Wizoo	Platinum24 - Latin Percussion	CD 2 -> Partition G -> 04BONG A CHR -> SAMPLE	60BOHHEL3.	
Wizoo	Platinum24 - Latin Percussion	CD 2 -> Partition G -> 04BONG A CHR -> SAMPLE	60BOHHEL4.	
Wizoo	Platinum24 - Latin Percussion	CD 2 -> Partition G -> 04BONG A CHR -> SAMPLE	60BOHOPN1.	
Wizoo	Platinum24 - Latin Percussion	CD 2 -> Partition G -> 04BONG A CHR -> SAMPLE	60BOHOPN2.	
Wizoo	Platinum24 - Latin Percussion	CD 2 -> Partition G -> 04BONG A CHR -> SAMPLE	60BOHOPN3.	
Wizoo	Platinum24 - Latin Percussion	CD 2 -> Partition G -> 04BONG A CHR -> SAMPLE	60BOHOPN4.	
Wizoo	Platinum24 - Latin Percussion	CD 2 -> Partition G -> 04BONG A CHR -> SAMPLE	60BOHOPN5.	
Wizoo	Platinum24 - Latin Percussion	CD 2 -> Partition G -> 04BONG A CHR -> SAMPLE	60BOHOPN6.	
Wizoo	Platinum24 - Latin Percussion	CD 2 -> Partition G -> 04BONG A CHR -> SAMPLE	60BOHOPN7.	
Wizoo	Platinum24 - Latin Percussion	CD 2 -> Partition G -> 04BONG A CHR -> SAMPLE	60BOHOPN8.	
Wizoo	Platinum24 - Latin Percussion	CD 2 -> Partition G -> 04BONG A CHR -> SAMPLE	60BOHRIM1.	
Wizoo	Platinum24 - Latin Percussion	CD 2 -> Partition G -> 04BONG A CHR -> SAMPLE	60BOHRIM2.	
Wizoo	Platinum24 - Latin Percussion	CD 2 -> Partition G -> 04BONG A CHR -> SAMPLE	60BOHRIM3.	
Wizoo	Platinum24 - Latin Percussion	CD 2 -> Partition G -> 04BONG A CHR -> SAMPLE	60BOHRIM4.	
Wizoo	Platinum24 - Latin Percussion	CD 2 -> Partition G -> 04BONG A CHR -> SAMPLE	60BOHSLP1.	
Wizoo	Platinum24 - Latin Percussion	CD 2 -> Partition G -> 04BONG A CHR -> SAMPLE	60BOHSLP2.	
Wizoo	Platinum24 - Latin Percussion	CD 2 -> Partition G -> 04BONG A CHR -> SAMPLE	60BOHSLP3.	
Wizoo	Platinum24 - Latin Percussion	CD 2 -> Partition G -> 04BONG A CHR -> SAMPLE	60BOHSLP4.	
Wizoo	Platinum24 - Latin Percussion	CD 2 -> Partition G -> 04BONG A CHR -> SAMPLE	60BOHTIP1.	
Wizoo	Platinum24 - Latin Percussion	CD 2 -> Partition G -> 04BONG A CHR -> SAMPLE	60BOHTIP2.	
Wizoo	Platinum24 - Latin Percussion	CD 2 -> Partition G -> 04BONG A CHR -> SAMPLE	60BOHTIP3.	
Wizoo	Platinum24 - Latin Percussion	CD 2 -> Partition G -> 04BONG A CHR -> SAMPLE	60BOHTIP4.	
Wizoo	Platinum24 - Latin Percussion	CD 2 -> Partition G -> 04BONG A CHR -> SAMPLE	61BOL1FF1.	
Wizoo	Platinum24 - Latin Percussion	CD 2 -> Partition G -> 04BONG A CHR -> SAMPLE	61BOL1FF2.	
Wizoo	Platinum24 - Latin Percussion	CD 2 -> Partition G -> 04BONG A CHR -> SAMPLE	61BOL1FF3.	
Wizoo	Platinum24 - Latin Percussion	CD 2 -> Partition G -> 04BONG A CHR -> SAMPLE	61BOL1FF4.	
Wizoo	Platinum24 - Latin Percussion	CD 2 -> Partition G -> 04BONG A CHR -> SAMPLE	61BOLHEL1.	
Wizoo	Platinum24 - Latin Percussion	CD 2 -> Partition G -> 04BONG A CHR -> SAMPLE	61BOLHEL2.	
Wizoo	Platinum24 - Latin Percussion	CD 2 -> Partition G -> 04BONG A CHR -> SAMPLE	61BOLHEL3.	
Wizoo	Platinum24 - Latin Percussion	CD 2 -> Partition G -> 04BONG A CHR -> SAMPLE	61BOLHEL4.	
Wizoo	Platinum24 - Latin Percussion	CD 2 -> Partition G -> 04BONG A CHR -> SAMPLE	61BOLOPN1.	
Wizoo	Platinum24 - Latin Percussion	CD 2 -> Partition G -> 04BONG A CHR -> SAMPLE	61BOLOPN2.	
Wizoo	Platinum24 - Latin Percussion	CD 2 -> Partition G -> 04BONG A CHR -> SAMPLE	61BOLOPN3.	
Wizoo	Platinum24 - Latin Percussion	CD 2 -> Partition G -> 04BONG A CHR -> SAMPLE	61BOLOPN4.	
Wizoo	Platinum24 - Latin Percussion	CD 2 -> Partition G -> 04BONG A CHR -> SAMPLE	61BOLOPN5.	
Wizoo	Platinum24 - Latin Percussion	CD 2 -> Partition G -> 04BONG A CHR -> SAMPLE	61BOLOPN6.	
Wizoo	Platinum24 - Latin Percussion	CD 2 -> Partition G -> 04BONG A CHR -> SAMPLE	61BOLOPN7.	
Wizoo	Platinum24 - Latin Percussion	CD 2 -> Partition G -> 04BONG A CHR -> SAMPLE	61BOLOPN8.	
Wizoo	Platinum24 - Latin Percussion	CD 2 -> Partition G -> 04BONG A CHR -> SAMPLE	61BOLRIM1.	
Wizoo	Platinum24 - Latin Percussion	CD 2 -> Partition G -> 04BONG A CHR -> SAMPLE	61BOLRIM2.	
Wizoo	Platinum24 - Latin Percussion	CD 2 -> Partition G -> 04BONG A CHR -> SAMPLE	61BOLRIM3.	
Wizoo	Platinum24 - Latin Percussion	CD 2 -> Partition G -> 04BONG A CHR -> SAMPLE	61BOLRIM4.	
Wizoo	Platinum24 - Latin Percussion	CD 2 -> Partition G -> 04BONG A CHR -> SAMPLE	61BOLSLP1.	
Wizoo	Platinum24 - Latin Percussion	CD 2 -> Partition G -> 04BONG A CHR -> SAMPLE	61BOLSLP2.	
Wizoo	Platinum24 - Latin Percussion	CD 2 -> Partition G -> 04BONG A CHR -> SAMPLE	61BOLSLP3.	
Wizoo	Platinum24 - Latin Percussion	CD 2 -> Partition G -> 04BONG A CHR -> SAMPLE	61BOLSLP4.	
Wizoo	Platinum24 - Latin Percussion	CD 2 -> Partition G -> 04BONG A CHR -> SAMPLE	61BOLTIP1.	
Wizoo	Platinum24 - Latin Percussion	CD 2 -> Partition G -> 04BONG A CHR -> SAMPLE	61BOLTIP2.	
Wizoo	Platinum24 - Latin Percussion	CD 2 -> Partition G -> 04BONG A CHR -> SAMPLE	61BOLTIP3.	
Wizoo	Platinum24 - Latin Percussion	CD 2 -> Partition G -> 04BONG A CHR -> SAMPLE	61BOLTIP4.	
Wizoo	Platinum24 - Latin Percussion	CD 2 -> Partition G -> 05TIMB A CHR -> PROGRAM	05TIMB A CHR	
Wizoo	Platinum24 - Latin Percussion	CD 2 -> Partition G -> 05TIMB A CHR -> SAMPLE	65TIHCAS1.	
Wizoo	Platinum24 - Latin Percussion	CD 2 -> Partition G -> 05TIMB A CHR -> SAMPLE	65TIHCAS2.	
Wizoo	Platinum24 - Latin Percussion	CD 2 -> Partition G -> 05TIMB A CHR -> SAMPLE	65TIHCAS3.	
Wizoo	Platinum24 - Latin Percussion	CD 2 -> Partition G -> 05TIMB A CHR -> SAMPLE	65TIHCAS4.	
Wizoo	Platinum24 - Latin Percussion	CD 2 -> Partition G -> 05TIMB A CHR -> SAMPLE	65TIHFLM1.	
Wizoo	Platinum24 - Latin Percussion	CD 2 -> Partition G -> 05TIMB A CHR -> SAMPLE	65TIHFLM2.	
Wizoo	Platinum24 - Latin Percussion	CD 2 -> Partition G -> 05TIMB A CHR -> SAMPLE	65TIHFLM3.	
Wizoo	Platinum24 - Latin Percussion	CD 2 -> Partition G -> 05TIMB A CHR -> SAMPLE	65TIHFLM4.	
Wizoo	Platinum24 - Latin Percussion	CD 2 -> Partition G -> 05TIMB A CHR -> SAMPLE	65TIHMTE1.	
Wizoo	Platinum24 - Latin Percussion	CD 2 -> Partition G -> 05TIMB A CHR -> SAMPLE	65TIHMTE2.	
Wizoo	Platinum24 - Latin Percussion	CD 2 -> Partition G -> 05TIMB A CHR -> SAMPLE	65TIHMTE3.	
Wizoo	Platinum24 - Latin Percussion	CD 2 -> Partition G -> 05TIMB A CHR -> SAMPLE	65TIHMTE4.	
Wizoo	Platinum24 - Latin Percussion	CD 2 -> Partition G -> 05TIMB A CHR -> SAMPLE	65TIHOPN1.	
Wizoo	Platinum24 - Latin Percussion	CD 2 -> Partition G -> 05TIMB A CHR -> SAMPLE	65TIHOPN2.	
Wizoo	Platinum24 - Latin Percussion	CD 2 -> Partition G -> 05TIMB A CHR -> SAMPLE	65TIHOPN3.	
Wizoo	Platinum24 - Latin Percussion	CD 2 -> Partition G -> 05TIMB A CHR -> SAMPLE	65TIHOPN4.	
Wizoo	Platinum24 - Latin Percussion	CD 2 -> Partition G -> 05TIMB A CHR -> SAMPLE	65TIHOPN5.	
Wizoo	Platinum24 - Latin Percussion	CD 2 -> Partition G -> 05TIMB A CHR -> SAMPLE	65TIHOPN6.	
Wizoo	Platinum24 - Latin Percussion	CD 2 -> Partition G -> 05TIMB A CHR -> SAMPLE	65TIHOPN7.	
Wizoo	Platinum24 - Latin Percussion	CD 2 -> Partition G -> 05TIMB A CHR -> SAMPLE	65TIHOPN8.	
Wizoo	Platinum24 - Latin Percussion	CD 2 -> Partition G -> 05TIMB A CHR -> SAMPLE	65TIHRIM1.	
Wizoo	Platinum24 - Latin Percussion	CD 2 -> Partition G -> 05TIMB A CHR -> SAMPLE	65TIHRIM2.	
Wizoo	Platinum24 - Latin Percussion	CD 2 -> Partition G -> 05TIMB A CHR -> SAMPLE	65TIHRIM3.	
Wizoo	Platinum24 - Latin Percussion	CD 2 -> Partition G -> 05TIMB A CHR -> SAMPLE	65TIHRIM4.	
Wizoo	Platinum24 - Latin Percussion	CD 2 -> Partition G -> 05TIMB A CHR -> SAMPLE	65TIHSTK1.	
Wizoo	Platinum24 - Latin Percussion	CD 2 -> Partition G -> 05TIMB A CHR -> SAMPLE	65TIHSTK2.	
Wizoo	Platinum24 - Latin Percussion	CD 2 -> Partition G -> 05TIMB A CHR -> SAMPLE	65TIHSTK3.	
Wizoo	Platinum24 - Latin Percussion	CD 2 -> Partition G -> 05TIMB A CHR -> SAMPLE	65TIHSTK4.	
Wizoo	Platinum24 - Latin Percussion	CD 2 -> Partition G -> 05TIMB A CHR -> SAMPLE	66TILCAS1.	
Wizoo	Platinum24 - Latin Percussion	CD 2 -> Partition G -> 05TIMB A CHR -> SAMPLE	66TILCAS2.	
Wizoo	Platinum24 - Latin Percussion	CD 2 -> Partition G -> 05TIMB A CHR -> SAMPLE	66TILCAS3.	
Wizoo	Platinum24 - Latin Percussion	CD 2 -> Partition G -> 05TIMB A CHR -> SAMPLE	66TILCAS4.	
Wizoo	Platinum24 - Latin Percussion	CD 2 -> Partition G -> 05TIMB A CHR -> SAMPLE	66TILFLM1.	
Wizoo	Platinum24 - Latin Percussion	CD 2 -> Partition G -> 05TIMB A CHR -> SAMPLE	66TILFLM2.	
Wizoo	Platinum24 - Latin Percussion	CD 2 -> Partition G -> 05TIMB A CHR -> SAMPLE	66TILFLM3.	
Wizoo	Platinum24 - Latin Percussion	CD 2 -> Partition G -> 05TIMB A CHR -> SAMPLE	66TILFLM4.	
Wizoo	Platinum24 - Latin Percussion	CD 2 -> Partition G -> 05TIMB A CHR -> SAMPLE	66TILMTE1.	
Wizoo	Platinum24 - Latin Percussion	CD 2 -> Partition G -> 05TIMB A CHR -> SAMPLE	66TILMTE2.	
Wizoo	Platinum24 - Latin Percussion	CD 2 -> Partition G -> 05TIMB A CHR -> SAMPLE	66TILMTE3.	
Wizoo	Platinum24 - Latin Percussion	CD 2 -> Partition G -> 05TIMB A CHR -> SAMPLE	66TILMTE4.	
Wizoo	Platinum24 - Latin Percussion	CD 2 -> Partition G -> 05TIMB A CHR -> SAMPLE	66TILOPN1.	
Wizoo	Platinum24 - Latin Percussion	CD 2 -> Partition G -> 05TIMB A CHR -> SAMPLE	66TILOPN2.	
Wizoo	Platinum24 - Latin Percussion	CD 2 -> Partition G -> 05TIMB A CHR -> SAMPLE	66TILOPN3.	
Wizoo	Platinum24 - Latin Percussion	CD 2 -> Partition G -> 05TIMB A CHR -> SAMPLE	66TILOPN4.	
Wizoo	Platinum24 - Latin Percussion	CD 2 -> Partition G -> 05TIMB A CHR -> SAMPLE	66TILOPN5.	
Wizoo	Platinum24 - Latin Percussion	CD 2 -> Partition G -> 05TIMB A CHR -> SAMPLE	66TILOPN6.	
Wizoo	Platinum24 - Latin Percussion	CD 2 -> Partition G -> 05TIMB A CHR -> SAMPLE	66TILOPN7.	
Wizoo	Platinum24 - Latin Percussion	CD 2 -> Partition G -> 05TIMB A CHR -> SAMPLE	66TILOPN8.	
Wizoo	Platinum24 - Latin Percussion	CD 2 -> Partition G -> 05TIMB A CHR -> SAMPLE	66TILRIM1.	
Wizoo	Platinum24 - Latin Percussion	CD 2 -> Partition G -> 05TIMB A CHR -> SAMPLE	66TILRIM2.	
Wizoo	Platinum24 - Latin Percussion	CD 2 -> Partition G -> 05TIMB A CHR -> SAMPLE	66TILRIM3.	
Wizoo	Platinum24 - Latin Percussion	CD 2 -> Partition G -> 05TIMB A CHR -> SAMPLE	66TILRIM4.	
Wizoo	Platinum24 - Latin Percussion	CD 2 -> Partition G -> 05TIMB A CHR -> SAMPLE	66TILSTK1.	
Wizoo	Platinum24 - Latin Percussion	CD 2 -> Partition G -> 05TIMB A CHR -> SAMPLE	66TILSTK2.	
Wizoo	Platinum24 - Latin Percussion	CD 2 -> Partition G -> 05TIMB A CHR -> SAMPLE	66TILSTK3.	
Wizoo	Platinum24 - Latin Percussion	CD 2 -> Partition G -> 05TIMB A CHR -> SAMPLE	66TILSTK4.	
Wizoo	Platinum24 - Latin Percussion	CD 2 -> Partition H -> 01TUMB B CHR -> PROGRAM	01TUMB B CHR	
Wizoo	Platinum24 - Latin Percussion	CD 2 -> Partition H -> 01TUMB B CHR -> SAMPLE	64TUBFLO1.	
Wizoo	Platinum24 - Latin Percussion	CD 2 -> Partition H -> 01TUMB B CHR -> SAMPLE	64TUBFLO3.	
Wizoo	Platinum24 - Latin Percussion	CD 2 -> Partition H -> 01TUMB B CHR -> SAMPLE	64TUBFLO4.	
Wizoo	Platinum24 - Latin Percussion	CD 2 -> Partition H -> 01TUMB B CHR -> SAMPLE	64TUBHEL1.	
Wizoo	Platinum24 - Latin Percussion	CD 2 -> Partition H -> 01TUMB B CHR -> SAMPLE	64TUBHEL2.	
Wizoo	Platinum24 - Latin Percussion	CD 2 -> Partition H -> 01TUMB B CHR -> SAMPLE	64TUBHEL3.	
Wizoo	Platinum24 - Latin Percussion	CD 2 -> Partition H -> 01TUMB B CHR -> SAMPLE	64TUBHEL4.	
Wizoo	Platinum24 - Latin Percussion	CD 2 -> Partition H -> 01TUMB B CHR -> SAMPLE	64TUBOP1.A	
Wizoo	Platinum24 - Latin Percussion	CD 2 -> Partition H -> 01TUMB B CHR -> SAMPLE	64TUBOP2.A	
Wizoo	Platinum24 - Latin Percussion	CD 2 -> Partition H -> 01TUMB B CHR -> SAMPLE	64TUBOP3.A	
Wizoo	Platinum24 - Latin Percussion	CD 2 -> Partition H -> 01TUMB B CHR -> SAMPLE	64TUBOP4.A	
Wizoo	Platinum24 - Latin Percussion	CD 2 -> Partition H -> 01TUMB B CHR -> SAMPLE	64TUBOP5.A	
Wizoo	Platinum24 - Latin Percussion	CD 2 -> Partition H -> 01TUMB B CHR -> SAMPLE	64TUBOP6.A	
Wizoo	Platinum24 - Latin Percussion	CD 2 -> Partition H -> 01TUMB B CHR -> SAMPLE	64TUBOP7.A	
Wizoo	Platinum24 - Latin Percussion	CD 2 -> Partition H -> 01TUMB B CHR -> SAMPLE	64TUBOP8.A	
Wizoo	Platinum24 - Latin Percussion	CD 2 -> Partition H -> 01TUMB B CHR -> SAMPLE	64TUBOP9.A	
Wizoo	Platinum24 - Latin Percussion	CD 2 -> Partition H -> 01TUMB B CHR -> SAMPLE	64TUBOP10.	
Wizoo	Platinum24 - Latin Percussion	CD 2 -> Partition H -> 01TUMB B CHR -> SAMPLE	64TUBOP11.	
Wizoo	Platinum24 - Latin Percussion	CD 2 -> Partition H -> 01TUMB B CHR -> SAMPLE	64TUBOP12.	
Wizoo	Platinum24 - Latin Percussion	CD 2 -> Partition H -> 01TUMB B CHR -> SAMPLE	64TUBOP13.	
Wizoo	Platinum24 - Latin Percussion	CD 2 -> Partition H -> 01TUMB B CHR -> SAMPLE	64TUBOP14.	
Wizoo	Platinum24 - Latin Percussion	CD 2 -> Partition H -> 01TUMB B CHR -> SAMPLE	64TUBOP15.	
Wizoo	Platinum24 - Latin Percussion	CD 2 -> Partition H -> 01TUMB B CHR -> SAMPLE	64TUBOP16.	
Wizoo	Platinum24 - Latin Percussion	CD 2 -> Partition H -> 01TUMB B CHR -> SAMPLE	64TUBOP17.	
Wizoo	Platinum24 - Latin Percussion	CD 2 -> Partition H -> 01TUMB B CHR -> SAMPLE	64TUBOP18.	
Wizoo	Platinum24 - Latin Percussion	CD 2 -> Partition H -> 01TUMB B CHR -> SAMPLE	64TUBOP19.	
Wizoo	Platinum24 - Latin Percussion	CD 2 -> Partition H -> 01TUMB B CHR -> SAMPLE	64TUBOP20.	
Wizoo	Platinum24 - Latin Percussion	CD 2 -> Partition H -> 01TUMB B CHR -> SAMPLE	64TUBSLO3.	
Wizoo	Platinum24 - Latin Percussion	CD 2 -> Partition H -> 01TUMB B CHR -> SAMPLE	64TUBSLO4.	
Wizoo	Platinum24 - Latin Percussion	CD 2 -> Partition H -> 01TUMB B CHR -> SAMPLE	64TUBSLO5.	
Wizoo	Platinum24 - Latin Percussion	CD 2 -> Partition H -> 01TUMB B CHR -> SAMPLE	64TUBSLO6.	
Wizoo	Platinum24 - Latin Percussion	CD 2 -> Partition H -> 01TUMB B CHR -> SAMPLE	64TUBTIP1.	
Wizoo	Platinum24 - Latin Percussion	CD 2 -> Partition H -> 01TUMB B CHR -> SAMPLE	64TUBTIP2.	
Wizoo	Platinum24 - Latin Percussion	CD 2 -> Partition H -> 01TUMB B CHR -> SAMPLE	64TUBTIP3.	
Wizoo	Platinum24 - Latin Percussion	CD 2 -> Partition H -> 01TUMB B CHR -> SAMPLE	64TUBTIP4.	
Wizoo	Platinum24 - Latin Percussion	CD 2 -> Partition H -> 02CONG B CHR -> PROGRAM	02CONG B CHR	
Wizoo	Platinum24 - Latin Percussion	CD 2 -> Partition H -> 02CONG B CHR -> SAMPLE	48CONFLO1.	
Wizoo	Platinum24 - Latin Percussion	CD 2 -> Partition H -> 02CONG B CHR -> SAMPLE	48CONFLO2.	
Wizoo	Platinum24 - Latin Percussion	CD 2 -> Partition H -> 02CONG B CHR -> SAMPLE	48CONFLO3.	
Wizoo	Platinum24 - Latin Percussion	CD 2 -> Partition H -> 02CONG B CHR -> SAMPLE	48CONFLO4.-L	
Wizoo	Platinum24 - Latin Percussion	CD 2 -> Partition H -> 02CONG B CHR -> SAMPLE	48CONFLO4.-R	
Wizoo	Platinum24 - Latin Percussion	CD 2 -> Partition H -> 02CONG B CHR -> SAMPLE	48CONHEL1.	
Wizoo	Platinum24 - Latin Percussion	CD 2 -> Partition H -> 02CONG B CHR -> SAMPLE	48CONHEL2.	
Wizoo	Platinum24 - Latin Percussion	CD 2 -> Partition H -> 02CONG B CHR -> SAMPLE	48CONHEL3.	
Wizoo	Platinum24 - Latin Percussion	CD 2 -> Partition H -> 02CONG B CHR -> SAMPLE	48CONHEL4.	
Wizoo	Platinum24 - Latin Percussion	CD 2 -> Partition H -> 02CONG B CHR -> SAMPLE	48CONOP1.A	
Wizoo	Platinum24 - Latin Percussion	CD 2 -> Partition H -> 02CONG B CHR -> SAMPLE	48CONOP2.A	
Wizoo	Platinum24 - Latin Percussion	CD 2 -> Partition H -> 02CONG B CHR -> SAMPLE	48CONOP3.A	
Wizoo	Platinum24 - Latin Percussion	CD 2 -> Partition H -> 02CONG B CHR -> SAMPLE	48CONOP4.A	
Wizoo	Platinum24 - Latin Percussion	CD 2 -> Partition H -> 02CONG B CHR -> SAMPLE	48CONOP5.A	
Wizoo	Platinum24 - Latin Percussion	CD 2 -> Partition H -> 02CONG B CHR -> SAMPLE	48CONOP6.A	
Wizoo	Platinum24 - Latin Percussion	CD 2 -> Partition H -> 02CONG B CHR -> SAMPLE	48CONOP7.A	
Wizoo	Platinum24 - Latin Percussion	CD 2 -> Partition H -> 02CONG B CHR -> SAMPLE	48CONOP8.A	
Wizoo	Platinum24 - Latin Percussion	CD 2 -> Partition H -> 02CONG B CHR -> SAMPLE	48CONOP9.A	
Wizoo	Platinum24 - Latin Percussion	CD 2 -> Partition H -> 02CONG B CHR -> SAMPLE	48CONOP10.	
Wizoo	Platinum24 - Latin Percussion	CD 2 -> Partition H -> 02CONG B CHR -> SAMPLE	48CONOP11.	
Wizoo	Platinum24 - Latin Percussion	CD 2 -> Partition H -> 02CONG B CHR -> SAMPLE	48CONOP12.	
Wizoo	Platinum24 - Latin Percussion	CD 2 -> Partition H -> 02CONG B CHR -> SAMPLE	48CONOP13.	
Wizoo	Platinum24 - Latin Percussion	CD 2 -> Partition H -> 02CONG B CHR -> SAMPLE	48CONOP14.	
Wizoo	Platinum24 - Latin Percussion	CD 2 -> Partition H -> 02CONG B CHR -> SAMPLE	48CONOP15.	
Wizoo	Platinum24 - Latin Percussion	CD 2 -> Partition H -> 02CONG B CHR -> SAMPLE	48CONOP16.	
Wizoo	Platinum24 - Latin Percussion	CD 2 -> Partition H -> 02CONG B CHR -> SAMPLE	48CONOP17.	
Wizoo	Platinum24 - Latin Percussion	CD 2 -> Partition H -> 02CONG B CHR -> SAMPLE	48CONOP18.	
Wizoo	Platinum24 - Latin Percussion	CD 2 -> Partition H -> 02CONG B CHR -> SAMPLE	48CONOP19.	
Wizoo	Platinum24 - Latin Percussion	CD 2 -> Partition H -> 02CONG B CHR -> SAMPLE	48CONOP20.	
Wizoo	Platinum24 - Latin Percussion	CD 2 -> Partition H -> 02CONG B CHR -> SAMPLE	48CONSLP1.	
Wizoo	Platinum24 - Latin Percussion	CD 2 -> Partition H -> 02CONG B CHR -> SAMPLE	48CONSLP2.	
Wizoo	Platinum24 - Latin Percussion	CD 2 -> Partition H -> 02CONG B CHR -> SAMPLE	48CONSLP3.	
Wizoo	Platinum24 - Latin Percussion	CD 2 -> Partition H -> 02CONG B CHR -> SAMPLE	48CONSLP4.	
Wizoo	Platinum24 - Latin Percussion	CD 2 -> Partition H -> 02CONG B CHR -> SAMPLE	48CONTIP1.	
Wizoo	Platinum24 - Latin Percussion	CD 2 -> Partition H -> 02CONG B CHR -> SAMPLE	48CONTIP2.	
Wizoo	Platinum24 - Latin Percussion	CD 2 -> Partition H -> 02CONG B CHR -> SAMPLE	48CONTIP3.	
Wizoo	Platinum24 - Latin Percussion	CD 2 -> Partition H -> 02CONG B CHR -> SAMPLE	48CONTIP4.	
Wizoo	Platinum24 - Latin Percussion	CD 2 -> Partition H -> 03QUIN B CHR -> PROGRAM	03QUIN B CHR	
Wizoo	Platinum24 - Latin Percussion	CD 2 -> Partition H -> 03QUIN B CHR -> SAMPLE	63QTOFLO1.	
Wizoo	Platinum24 - Latin Percussion	CD 2 -> Partition H -> 03QUIN B CHR -> SAMPLE	63QTOFLO2.	
Wizoo	Platinum24 - Latin Percussion	CD 2 -> Partition H -> 03QUIN B CHR -> SAMPLE	63QTOFLO3.	
Wizoo	Platinum24 - Latin Percussion	CD 2 -> Partition H -> 03QUIN B CHR -> SAMPLE	63QTOFLO4.-L	
Wizoo	Platinum24 - Latin Percussion	CD 2 -> Partition H -> 03QUIN B CHR -> SAMPLE	63QTOFLO4.-R	
Wizoo	Platinum24 - Latin Percussion	CD 2 -> Partition H -> 03QUIN B CHR -> SAMPLE	63QTOHEL1.	
Wizoo	Platinum24 - Latin Percussion	CD 2 -> Partition H -> 03QUIN B CHR -> SAMPLE	63QTOHEL2.	
Wizoo	Platinum24 - Latin Percussion	CD 2 -> Partition H -> 03QUIN B CHR -> SAMPLE	63QTOHEL3.	
Wizoo	Platinum24 - Latin Percussion	CD 2 -> Partition H -> 03QUIN B CHR -> SAMPLE	63QTOHEL4.	
Wizoo	Platinum24 - Latin Percussion	CD 2 -> Partition H -> 03QUIN B CHR -> SAMPLE	63QTOOP1.A	
Wizoo	Platinum24 - Latin Percussion	CD 2 -> Partition H -> 03QUIN B CHR -> SAMPLE	63QTOOP2.A	
Wizoo	Platinum24 - Latin Percussion	CD 2 -> Partition H -> 03QUIN B CHR -> SAMPLE	63QTOOP3.A	
Wizoo	Platinum24 - Latin Percussion	CD 2 -> Partition H -> 03QUIN B CHR -> SAMPLE	63QTOOP4.A	
Wizoo	Platinum24 - Latin Percussion	CD 2 -> Partition H -> 03QUIN B CHR -> SAMPLE	63QTOOP5.A	
Wizoo	Platinum24 - Latin Percussion	CD 2 -> Partition H -> 03QUIN B CHR -> SAMPLE	63QTOOP6.A	
Wizoo	Platinum24 - Latin Percussion	CD 2 -> Partition H -> 03QUIN B CHR -> SAMPLE	63QTOOP7.A	
Wizoo	Platinum24 - Latin Percussion	CD 2 -> Partition H -> 03QUIN B CHR -> SAMPLE	63QTOOP8.A	
Wizoo	Platinum24 - Latin Percussion	CD 2 -> Partition H -> 03QUIN B CHR -> SAMPLE	63QTOOP9.A	
Wizoo	Platinum24 - Latin Percussion	CD 2 -> Partition H -> 03QUIN B CHR -> SAMPLE	63QTOOP10.	
Wizoo	Platinum24 - Latin Percussion	CD 2 -> Partition H -> 03QUIN B CHR -> SAMPLE	63QTOOP11.	
Wizoo	Platinum24 - Latin Percussion	CD 2 -> Partition H -> 03QUIN B CHR -> SAMPLE	63QTOOP12.	
Wizoo	Platinum24 - Latin Percussion	CD 2 -> Partition H -> 03QUIN B CHR -> SAMPLE	63QTOOP13.	
Wizoo	Platinum24 - Latin Percussion	CD 2 -> Partition H -> 03QUIN B CHR -> SAMPLE	63QTOOP14.	
Wizoo	Platinum24 - Latin Percussion	CD 2 -> Partition H -> 03QUIN B CHR -> SAMPLE	63QTOOP15.	
Wizoo	Platinum24 - Latin Percussion	CD 2 -> Partition H -> 03QUIN B CHR -> SAMPLE	63QTOOP16.	
Wizoo	Platinum24 - Latin Percussion	CD 2 -> Partition H -> 03QUIN B CHR -> SAMPLE	63QTOOP17.	
Wizoo	Platinum24 - Latin Percussion	CD 2 -> Partition H -> 03QUIN B CHR -> SAMPLE	63QTOOP18.	
Wizoo	Platinum24 - Latin Percussion	CD 2 -> Partition H -> 03QUIN B CHR -> SAMPLE	63QTOOP19.	
Wizoo	Platinum24 - Latin Percussion	CD 2 -> Partition H -> 03QUIN B CHR -> SAMPLE	63QTOOP20.	
Wizoo	Platinum24 - Latin Percussion	CD 2 -> Partition H -> 03QUIN B CHR -> SAMPLE	63QTOSLO1.	
Wizoo	Platinum24 - Latin Percussion	CD 2 -> Partition H -> 03QUIN B CHR -> SAMPLE	63QTOSLO3.	
Wizoo	Platinum24 - Latin Percussion	CD 2 -> Partition H -> 03QUIN B CHR -> SAMPLE	63QTOSLO4.	
Wizoo	Platinum24 - Latin Percussion	CD 2 -> Partition H -> 03QUIN B CHR -> SAMPLE	63QTOSLO6.	
Wizoo	Platinum24 - Latin Percussion	CD 2 -> Partition H -> 03QUIN B CHR -> SAMPLE	63QTOTIP1.	
Wizoo	Platinum24 - Latin Percussion	CD 2 -> Partition H -> 03QUIN B CHR -> SAMPLE	63QTOTIP2.	
Wizoo	Platinum24 - Latin Percussion	CD 2 -> Partition H -> 03QUIN B CHR -> SAMPLE	63QTOTIP3.	
Wizoo	Platinum24 - Latin Percussion	CD 2 -> Partition H -> 03QUIN B CHR -> SAMPLE	63QTOTIP4.	
Wizoo	Platinum24 - Latin Percussion	CD 2 -> Partition H -> 03TIMB B CHR -> PROGRAM	03TIMB B CHR	
Wizoo	Platinum24 - Latin Percussion	CD 2 -> Partition H -> 03TIMB B CHR -> SAMPLE	65TI2HMTE3	
Wizoo	Platinum24 - Latin Percussion	CD 2 -> Partition H -> 03TIMB B CHR -> SAMPLE	65TI2HMTE6	
Wizoo	Platinum24 - Latin Percussion	CD 2 -> Partition H -> 03TIMB B CHR -> SAMPLE	65TI2HOP1.	
Wizoo	Platinum24 - Latin Percussion	CD 2 -> Partition H -> 03TIMB B CHR -> SAMPLE	65TI2HOP2.	
Wizoo	Platinum24 - Latin Percussion	CD 2 -> Partition H -> 03TIMB B CHR -> SAMPLE	65TI2HOP3.	
Wizoo	Platinum24 - Latin Percussion	CD 2 -> Partition H -> 03TIMB B CHR -> SAMPLE	65TI2HOP4.	
Wizoo	Platinum24 - Latin Percussion	CD 2 -> Partition H -> 03TIMB B CHR -> SAMPLE	65TI2HOP5.	
Wizoo	Platinum24 - Latin Percussion	CD 2 -> Partition H -> 03TIMB B CHR -> SAMPLE	65TI2HOP6.	
Wizoo	Platinum24 - Latin Percussion	CD 2 -> Partition H -> 03TIMB B CHR -> SAMPLE	65TI2HOP7.	
Wizoo	Platinum24 - Latin Percussion	CD 2 -> Partition H -> 03TIMB B CHR -> SAMPLE	65TI2HOP8.	
Wizoo	Platinum24 - Latin Percussion	CD 2 -> Partition H -> 03TIMB B CHR -> SAMPLE	65TI2HOP9.	
Wizoo	Platinum24 - Latin Percussion	CD 2 -> Partition H -> 03TIMB B CHR -> SAMPLE	65TI2HOP10	
Wizoo	Platinum24 - Latin Percussion	CD 2 -> Partition H -> 03TIMB B CHR -> SAMPLE	65TI2HOP11	
Wizoo	Platinum24 - Latin Percussion	CD 2 -> Partition H -> 03TIMB B CHR -> SAMPLE	65TI2HOP12	
Wizoo	Platinum24 - Latin Percussion	CD 2 -> Partition H -> 03TIMB B CHR -> SAMPLE	65TI2HOP13	
Wizoo	Platinum24 - Latin Percussion	CD 2 -> Partition H -> 03TIMB B CHR -> SAMPLE	65TI2HOP14	
Wizoo	Platinum24 - Latin Percussion	CD 2 -> Partition H -> 03TIMB B CHR -> SAMPLE	65TI2HOP15	
Wizoo	Platinum24 - Latin Percussion	CD 2 -> Partition H -> 03TIMB B CHR -> SAMPLE	65TI2HOP16	
Wizoo	Platinum24 - Latin Percussion	CD 2 -> Partition H -> 03TIMB B CHR -> SAMPLE	65TI2HOP17	
Wizoo	Platinum24 - Latin Percussion	CD 2 -> Partition H -> 03TIMB B CHR -> SAMPLE	65TI2HOP18	
Wizoo	Platinum24 - Latin Percussion	CD 2 -> Partition H -> 03TIMB B CHR -> SAMPLE	65TI2HOP19	
Wizoo	Platinum24 - Latin Percussion	CD 2 -> Partition H -> 03TIMB B CHR -> SAMPLE	65TI2HOP20	
Wizoo	Platinum24 - Latin Percussion	CD 2 -> Partition H -> 03TIMB B CHR -> SAMPLE	65TIHFLM1.	
Wizoo	Platinum24 - Latin Percussion	CD 2 -> Partition H -> 03TIMB B CHR -> SAMPLE	65TIHFLM2.	
Wizoo	Platinum24 - Latin Percussion	CD 2 -> Partition H -> 03TIMB B CHR -> SAMPLE	65TIHFLM3.	
Wizoo	Platinum24 - Latin Percussion	CD 2 -> Partition H -> 03TIMB B CHR -> SAMPLE	65TIHFLM4.	
Wizoo	Platinum24 - Latin Percussion	CD 2 -> Partition H -> 03TIMB B CHR -> SAMPLE	65TIHRIM1.	
Wizoo	Platinum24 - Latin Percussion	CD 2 -> Partition H -> 03TIMB B CHR -> SAMPLE	65TIHRIM2.	
Wizoo	Platinum24 - Latin Percussion	CD 2 -> Partition H -> 03TIMB B CHR -> SAMPLE	65TIHRIM3.	
Wizoo	Platinum24 - Latin Percussion	CD 2 -> Partition H -> 03TIMB B CHR -> SAMPLE	65TIHRIM4.	
Wizoo	Platinum24 - Latin Percussion	CD 2 -> Partition H -> 03TIMB B CHR -> SAMPLE	66TI2LMTE3	
Wizoo	Platinum24 - Latin Percussion	CD 2 -> Partition H -> 03TIMB B CHR -> SAMPLE	66TI2LMTE6	
Wizoo	Platinum24 - Latin Percussion	CD 2 -> Partition H -> 03TIMB B CHR -> SAMPLE	66TI2LOP1.	
Wizoo	Platinum24 - Latin Percussion	CD 2 -> Partition H -> 03TIMB B CHR -> SAMPLE	66TI2LOP2.	
Wizoo	Platinum24 - Latin Percussion	CD 2 -> Partition H -> 03TIMB B CHR -> SAMPLE	66TI2LOP3.	
Wizoo	Platinum24 - Latin Percussion	CD 2 -> Partition H -> 03TIMB B CHR -> SAMPLE	66TI2LOP4.	
Wizoo	Platinum24 - Latin Percussion	CD 2 -> Partition H -> 03TIMB B CHR -> SAMPLE	66TI2LOP5.	
Wizoo	Platinum24 - Latin Percussion	CD 2 -> Partition H -> 03TIMB B CHR -> SAMPLE	66TI2LOP6.	
Wizoo	Platinum24 - Latin Percussion	CD 2 -> Partition H -> 03TIMB B CHR -> SAMPLE	66TI2LOP7.	
Wizoo	Platinum24 - Latin Percussion	CD 2 -> Partition H -> 03TIMB B CHR -> SAMPLE	66TI2LOP8.	
Wizoo	Platinum24 - Latin Percussion	CD 2 -> Partition H -> 03TIMB B CHR -> SAMPLE	66TI2LOP9.	
Wizoo	Platinum24 - Latin Percussion	CD 2 -> Partition H -> 03TIMB B CHR -> SAMPLE	66TI2LOP10	
Wizoo	Platinum24 - Latin Percussion	CD 2 -> Partition H -> 03TIMB B CHR -> SAMPLE	66TI2LOP11	
Wizoo	Platinum24 - Latin Percussion	CD 2 -> Partition H -> 03TIMB B CHR -> SAMPLE	66TI2LOP12	
Wizoo	Platinum24 - Latin Percussion	CD 2 -> Partition H -> 03TIMB B CHR -> SAMPLE	66TI2LOP13	
Wizoo	Platinum24 - Latin Percussion	CD 2 -> Partition H -> 03TIMB B CHR -> SAMPLE	66TI2LOP14	
Wizoo	Platinum24 - Latin Percussion	CD 2 -> Partition H -> 03TIMB B CHR -> SAMPLE	66TI2LOP15	
Wizoo	Platinum24 - Latin Percussion	CD 2 -> Partition H -> 03TIMB B CHR -> SAMPLE	66TI2LOP16	
Wizoo	Platinum24 - Latin Percussion	CD 2 -> Partition H -> 03TIMB B CHR -> SAMPLE	66TI2LOP17	
Wizoo	Platinum24 - Latin Percussion	CD 2 -> Partition H -> 03TIMB B CHR -> SAMPLE	66TI2LOP18	
Wizoo	Platinum24 - Latin Percussion	CD 2 -> Partition H -> 03TIMB B CHR -> SAMPLE	66TI2LOP19	
Wizoo	Platinum24 - Latin Percussion	CD 2 -> Partition H -> 03TIMB B CHR -> SAMPLE	66TI2LOP20	
Wizoo	Platinum24 - Latin Percussion	CD 2 -> Partition H -> 03TIMB B CHR -> SAMPLE	66TILFLM1.	
Wizoo	Platinum24 - Latin Percussion	CD 2 -> Partition H -> 03TIMB B CHR -> SAMPLE	66TILFLM2.	
Wizoo	Platinum24 - Latin Percussion	CD 2 -> Partition H -> 03TIMB B CHR -> SAMPLE	66TILFLM3.	
Wizoo	Platinum24 - Latin Percussion	CD 2 -> Partition H -> 03TIMB B CHR -> SAMPLE	66TILFLM4.	
Wizoo	Platinum24 - Latin Percussion	CD 2 -> Partition H -> 03TIMB B CHR -> SAMPLE	66TILRIM1.	
Wizoo	Platinum24 - Latin Percussion	CD 2 -> Partition H -> 03TIMB B CHR -> SAMPLE	66TILRIM2.	
Wizoo	Platinum24 - Latin Percussion	CD 2 -> Partition H -> 03TIMB B CHR -> SAMPLE	66TILRIM3.	
Wizoo	Platinum24 - Latin Percussion	CD 2 -> Partition H -> 03TIMB B CHR -> SAMPLE	66TILRIM4.	
Wizoo	Platinum24 - Latin Percussion	CD 2 -> Partition H -> 04BONL B CHR -> PROGRAM	04BONL B CHR	
Wizoo	Platinum24 - Latin Percussion	CD 2 -> Partition H -> 04BONL B CHR -> SAMPLE	61BOL3FF1.	
Wizoo	Platinum24 - Latin Percussion	CD 2 -> Partition H -> 04BONL B CHR -> SAMPLE	61BOL3FF2.	
Wizoo	Platinum24 - Latin Percussion	CD 2 -> Partition H -> 04BONL B CHR -> SAMPLE	61BOL3FF3.	
Wizoo	Platinum24 - Latin Percussion	CD 2 -> Partition H -> 04BONL B CHR -> SAMPLE	61BOL3FF4.	
Wizoo	Platinum24 - Latin Percussion	CD 2 -> Partition H -> 04BONL B CHR -> SAMPLE	61BOLHEL1.	
Wizoo	Platinum24 - Latin Percussion	CD 2 -> Partition H -> 04BONL B CHR -> SAMPLE	61BOLHEL2.	
Wizoo	Platinum24 - Latin Percussion	CD 2 -> Partition H -> 04BONL B CHR -> SAMPLE	61BOLHEL3.	
Wizoo	Platinum24 - Latin Percussion	CD 2 -> Partition H -> 04BONL B CHR -> SAMPLE	61BOLHEL4.	
Wizoo	Platinum24 - Latin Percussion	CD 2 -> Partition H -> 04BONL B CHR -> SAMPLE	61BOLOP1.A	
Wizoo	Platinum24 - Latin Percussion	CD 2 -> Partition H -> 04BONL B CHR -> SAMPLE	61BOLOP2.A	
Wizoo	Platinum24 - Latin Percussion	CD 2 -> Partition H -> 04BONL B CHR -> SAMPLE	61BOLOP3.A	
Wizoo	Platinum24 - Latin Percussion	CD 2 -> Partition H -> 04BONL B CHR -> SAMPLE	61BOLOP4.A	
Wizoo	Platinum24 - Latin Percussion	CD 2 -> Partition H -> 04BONL B CHR -> SAMPLE	61BOLOP5.A	
Wizoo	Platinum24 - Latin Percussion	CD 2 -> Partition H -> 04BONL B CHR -> SAMPLE	61BOLOP6.A	
Wizoo	Platinum24 - Latin Percussion	CD 2 -> Partition H -> 04BONL B CHR -> SAMPLE	61BOLOP7.A	
Wizoo	Platinum24 - Latin Percussion	CD 2 -> Partition H -> 04BONL B CHR -> SAMPLE	61BOLOP8.A	
Wizoo	Platinum24 - Latin Percussion	CD 2 -> Partition H -> 04BONL B CHR -> SAMPLE	61BOLOP9.A	
Wizoo	Platinum24 - Latin Percussion	CD 2 -> Partition H -> 04BONL B CHR -> SAMPLE	61BOLOP10.	
Wizoo	Platinum24 - Latin Percussion	CD 2 -> Partition H -> 04BONL B CHR -> SAMPLE	61BOLOP11.	
Wizoo	Platinum24 - Latin Percussion	CD 2 -> Partition H -> 04BONL B CHR -> SAMPLE	61BOLOP12.	
Wizoo	Platinum24 - Latin Percussion	CD 2 -> Partition H -> 04BONL B CHR -> SAMPLE	61BOLOP13.	
Wizoo	Platinum24 - Latin Percussion	CD 2 -> Partition H -> 04BONL B CHR -> SAMPLE	61BOLOP14.	
Wizoo	Platinum24 - Latin Percussion	CD 2 -> Partition H -> 04BONL B CHR -> SAMPLE	61BOLOP15.	
Wizoo	Platinum24 - Latin Percussion	CD 2 -> Partition H -> 04BONL B CHR -> SAMPLE	61BOLOP16.	
Wizoo	Platinum24 - Latin Percussion	CD 2 -> Partition H -> 04BONL B CHR -> SAMPLE	61BOLOP17.	
Wizoo	Platinum24 - Latin Percussion	CD 2 -> Partition H -> 04BONL B CHR -> SAMPLE	61BOLOP18.	
Wizoo	Platinum24 - Latin Percussion	CD 2 -> Partition H -> 04BONL B CHR -> SAMPLE	61BOLOP19.	
Wizoo	Platinum24 - Latin Percussion	CD 2 -> Partition H -> 04BONL B CHR -> SAMPLE	61BOLOP20.	
Wizoo	Platinum24 - Latin Percussion	CD 2 -> Partition H -> 04BONL B CHR -> SAMPLE	61BOLRIM1.	
Wizoo	Platinum24 - Latin Percussion	CD 2 -> Partition H -> 04BONL B CHR -> SAMPLE	61BOLRIM2.	
Wizoo	Platinum24 - Latin Percussion	CD 2 -> Partition H -> 04BONL B CHR -> SAMPLE	61BOLRIM3.	
Wizoo	Platinum24 - Latin Percussion	CD 2 -> Partition H -> 04BONL B CHR -> SAMPLE	61BOLRIM4.	
Wizoo	Platinum24 - Latin Percussion	CD 2 -> Partition H -> 04BONL B CHR -> SAMPLE	61BOLSLP1.	
Wizoo	Platinum24 - Latin Percussion	CD 2 -> Partition H -> 04BONL B CHR -> SAMPLE	61BOLSLP2.	
Wizoo	Platinum24 - Latin Percussion	CD 2 -> Partition H -> 04BONL B CHR -> SAMPLE	61BOLSLP3.	
Wizoo	Platinum24 - Latin Percussion	CD 2 -> Partition H -> 04BONL B CHR -> SAMPLE	61BOLSLP4.	
Wizoo	Platinum24 - Latin Percussion	CD 2 -> Partition H -> 05BONH B CHR -> PROGRAM	05BONH B CHR	
Wizoo	Platinum24 - Latin Percussion	CD 2 -> Partition H -> 05BONH B CHR -> SAMPLE	60BOH3FF1.	
Wizoo	Platinum24 - Latin Percussion	CD 2 -> Partition H -> 05BONH B CHR -> SAMPLE	60BOH3FF2.	
Wizoo	Platinum24 - Latin Percussion	CD 2 -> Partition H -> 05BONH B CHR -> SAMPLE	60BOH3FF3.	
Wizoo	Platinum24 - Latin Percussion	CD 2 -> Partition H -> 05BONH B CHR -> SAMPLE	60BOH3FF4.	
Wizoo	Platinum24 - Latin Percussion	CD 2 -> Partition H -> 05BONH B CHR -> SAMPLE	60BOHHEL1.	
Wizoo	Platinum24 - Latin Percussion	CD 2 -> Partition H -> 05BONH B CHR -> SAMPLE	60BOHHEL2.	
Wizoo	Platinum24 - Latin Percussion	CD 2 -> Partition H -> 05BONH B CHR -> SAMPLE	60BOHHEL3.	
Wizoo	Platinum24 - Latin Percussion	CD 2 -> Partition H -> 05BONH B CHR -> SAMPLE	60BOHHEL4.	
Wizoo	Platinum24 - Latin Percussion	CD 2 -> Partition H -> 05BONH B CHR -> SAMPLE	60BOHOPN1.	
Wizoo	Platinum24 - Latin Percussion	CD 2 -> Partition H -> 05BONH B CHR -> SAMPLE	60BOHOPN2.	
Wizoo	Platinum24 - Latin Percussion	CD 2 -> Partition H -> 05BONH B CHR -> SAMPLE	60BOHOPN3.	
Wizoo	Platinum24 - Latin Percussion	CD 2 -> Partition H -> 05BONH B CHR -> SAMPLE	60BOHOPN4.	
Wizoo	Platinum24 - Latin Percussion	CD 2 -> Partition H -> 05BONH B CHR -> SAMPLE	60BOHOPN5.	
Wizoo	Platinum24 - Latin Percussion	CD 2 -> Partition H -> 05BONH B CHR -> SAMPLE	60BOHOPN6.	
Wizoo	Platinum24 - Latin Percussion	CD 2 -> Partition H -> 05BONH B CHR -> SAMPLE	60BOHOPN7.	
Wizoo	Platinum24 - Latin Percussion	CD 2 -> Partition H -> 05BONH B CHR -> SAMPLE	60BOHOPN8.	
Wizoo	Platinum24 - Latin Percussion	CD 2 -> Partition H -> 05BONH B CHR -> SAMPLE	60BOHOPN9.	
Wizoo	Platinum24 - Latin Percussion	CD 2 -> Partition H -> 05BONH B CHR -> SAMPLE	60BOHOPN10	
Wizoo	Platinum24 - Latin Percussion	CD 2 -> Partition H -> 05BONH B CHR -> SAMPLE	60BOHOPN11	
Wizoo	Platinum24 - Latin Percussion	CD 2 -> Partition H -> 05BONH B CHR -> SAMPLE	60BOHOPN12	
Wizoo	Platinum24 - Latin Percussion	CD 2 -> Partition H -> 05BONH B CHR -> SAMPLE	60BOHOPN13	
Wizoo	Platinum24 - Latin Percussion	CD 2 -> Partition H -> 05BONH B CHR -> SAMPLE	60BOHOPN14	
Wizoo	Platinum24 - Latin Percussion	CD 2 -> Partition H -> 05BONH B CHR -> SAMPLE	60BOHOPN15	
Wizoo	Platinum24 - Latin Percussion	CD 2 -> Partition H -> 05BONH B CHR -> SAMPLE	60BOHOPN16	
Wizoo	Platinum24 - Latin Percussion	CD 2 -> Partition H -> 05BONH B CHR -> SAMPLE	60BOHOPN17	
Wizoo	Platinum24 - Latin Percussion	CD 2 -> Partition H -> 05BONH B CHR -> SAMPLE	60BOHOPN18	
Wizoo	Platinum24 - Latin Percussion	CD 2 -> Partition H -> 05BONH B CHR -> SAMPLE	60BOHOPN19	
Wizoo	Platinum24 - Latin Percussion	CD 2 -> Partition H -> 05BONH B CHR -> SAMPLE	60BOHOPN20	
Wizoo	Platinum24 - Latin Percussion	CD 2 -> Partition H -> 05BONH B CHR -> SAMPLE	60BOHRIM1.	
Wizoo	Platinum24 - Latin Percussion	CD 2 -> Partition H -> 05BONH B CHR -> SAMPLE	60BOHRIM2.	
Wizoo	Platinum24 - Latin Percussion	CD 2 -> Partition H -> 05BONH B CHR -> SAMPLE	60BOHRIM3.	
Wizoo	Platinum24 - Latin Percussion	CD 2 -> Partition H -> 05BONH B CHR -> SAMPLE	60BOHRIM4.	
Wizoo	Platinum24 - Latin Percussion	CD 2 -> Partition H -> 05BONH B CHR -> SAMPLE	60BOHSLP1.	
Wizoo	Platinum24 - Latin Percussion	CD 2 -> Partition H -> 05BONH B CHR -> SAMPLE	60BOHSLP2.	
Wizoo	Platinum24 - Latin Percussion	CD 2 -> Partition H -> 05BONH B CHR -> SAMPLE	60BOHSLP3.	
Wizoo	Platinum24 - Latin Percussion	CD 2 -> Partition H -> 05BONH B CHR -> SAMPLE	60BOHSLP4.	
Wizoo	Platinum24 - Latin Percussion	CD 2 -> Partition I -> 01TUM B CHR2 -> PROGRAM	01TUM B CHR2	
Wizoo	Platinum24 - Latin Percussion	CD 2 -> Partition I -> 01TUM B CHR2 -> SAMPLE	64TUBFLC4.	
Wizoo	Platinum24 - Latin Percussion	CD 2 -> Partition I -> 01TUM B CHR2 -> SAMPLE	64TUBFLO3.	
Wizoo	Platinum24 - Latin Percussion	CD 2 -> Partition I -> 01TUM B CHR2 -> SAMPLE	64TUBFLO4.	
Wizoo	Platinum24 - Latin Percussion	CD 2 -> Partition I -> 01TUM B CHR2 -> SAMPLE	64TUBHEL2.	
Wizoo	Platinum24 - Latin Percussion	CD 2 -> Partition I -> 01TUM B CHR2 -> SAMPLE	64TUBHEL3.	
Wizoo	Platinum24 - Latin Percussion	CD 2 -> Partition I -> 01TUM B CHR2 -> SAMPLE	64TUBHEL4.	
Wizoo	Platinum24 - Latin Percussion	CD 2 -> Partition I -> 01TUM B CHR2 -> SAMPLE	64TUBMTE1.	
Wizoo	Platinum24 - Latin Percussion	CD 2 -> Partition I -> 01TUM B CHR2 -> SAMPLE	64TUBMTE2.	
Wizoo	Platinum24 - Latin Percussion	CD 2 -> Partition I -> 01TUM B CHR2 -> SAMPLE	64TUBMTE3.	
Wizoo	Platinum24 - Latin Percussion	CD 2 -> Partition I -> 01TUM B CHR2 -> SAMPLE	64TUBMTE5.	
Wizoo	Platinum24 - Latin Percussion	CD 2 -> Partition I -> 01TUM B CHR2 -> SAMPLE	64TUBMTE6.	
Wizoo	Platinum24 - Latin Percussion	CD 2 -> Partition I -> 01TUM B CHR2 -> SAMPLE	64TUBOP6.A	
Wizoo	Platinum24 - Latin Percussion	CD 2 -> Partition I -> 01TUM B CHR2 -> SAMPLE	64TUBOP9.A	
Wizoo	Platinum24 - Latin Percussion	CD 2 -> Partition I -> 01TUM B CHR2 -> SAMPLE	64TUBOP12.	
Wizoo	Platinum24 - Latin Percussion	CD 2 -> Partition I -> 01TUM B CHR2 -> SAMPLE	64TUBOP13.	
Wizoo	Platinum24 - Latin Percussion	CD 2 -> Partition I -> 01TUM B CHR2 -> SAMPLE	64TUBOP15.	
Wizoo	Platinum24 - Latin Percussion	CD 2 -> Partition I -> 01TUM B CHR2 -> SAMPLE	64TUBOP17.	
Wizoo	Platinum24 - Latin Percussion	CD 2 -> Partition I -> 01TUM B CHR2 -> SAMPLE	64TUBOP20.	
Wizoo	Platinum24 - Latin Percussion	CD 2 -> Partition I -> 01TUM B CHR2 -> SAMPLE	64TUBSLM3.	
Wizoo	Platinum24 - Latin Percussion	CD 2 -> Partition I -> 01TUM B CHR2 -> SAMPLE	64TUBSLM6.	
Wizoo	Platinum24 - Latin Percussion	CD 2 -> Partition I -> 01TUM B CHR2 -> SAMPLE	64TUBSLO3.	
Wizoo	Platinum24 - Latin Percussion	CD 2 -> Partition I -> 01TUM B CHR2 -> SAMPLE	64TUBSLO6.	
Wizoo	Platinum24 - Latin Percussion	CD 2 -> Partition I -> 01TUM B CHR2 -> SAMPLE	64TUBTIP3.	
Wizoo	Platinum24 - Latin Percussion	CD 2 -> Partition I -> 01TUM B CHR2 -> SAMPLE	64TUBTIP4.	
Wizoo	Platinum24 - Latin Percussion	CD 2 -> Partition I -> 02CON B CHR2 -> PROGRAM	02CON B CHR2	
Wizoo	Platinum24 - Latin Percussion	CD 2 -> Partition I -> 02CON B CHR2 -> SAMPLE	48CONFLC4.-L	
Wizoo	Platinum24 - Latin Percussion	CD 2 -> Partition I -> 02CON B CHR2 -> SAMPLE	48CONFLO2.	
Wizoo	Platinum24 - Latin Percussion	CD 2 -> Partition I -> 02CON B CHR2 -> SAMPLE	48CONFLO4.	
Wizoo	Platinum24 - Latin Percussion	CD 2 -> Partition I -> 02CON B CHR2 -> SAMPLE	48CONHEL2.	
Wizoo	Platinum24 - Latin Percussion	CD 2 -> Partition I -> 02CON B CHR2 -> SAMPLE	48CONHEL3.	
Wizoo	Platinum24 - Latin Percussion	CD 2 -> Partition I -> 02CON B CHR2 -> SAMPLE	48CONHEL4.	
Wizoo	Platinum24 - Latin Percussion	CD 2 -> Partition I -> 02CON B CHR2 -> SAMPLE	48CONMTE2.	
Wizoo	Platinum24 - Latin Percussion	CD 2 -> Partition I -> 02CON B CHR2 -> SAMPLE	48CONMTE3.	
Wizoo	Platinum24 - Latin Percussion	CD 2 -> Partition I -> 02CON B CHR2 -> SAMPLE	48CONMTE4.	
Wizoo	Platinum24 - Latin Percussion	CD 2 -> Partition I -> 02CON B CHR2 -> SAMPLE	48CONMTE5.	
Wizoo	Platinum24 - Latin Percussion	CD 2 -> Partition I -> 02CON B CHR2 -> SAMPLE	48CONMTE6.	
Wizoo	Platinum24 - Latin Percussion	CD 2 -> Partition I -> 02CON B CHR2 -> SAMPLE	48CONOP4.A	
Wizoo	Platinum24 - Latin Percussion	CD 2 -> Partition I -> 02CON B CHR2 -> SAMPLE	48CONOP6.A	
Wizoo	Platinum24 - Latin Percussion	CD 2 -> Partition I -> 02CON B CHR2 -> SAMPLE	48CONOP8.A	
Wizoo	Platinum24 - Latin Percussion	CD 2 -> Partition I -> 02CON B CHR2 -> SAMPLE	48CONOP9.A	
Wizoo	Platinum24 - Latin Percussion	CD 2 -> Partition I -> 02CON B CHR2 -> SAMPLE	48CONOP13.	
Wizoo	Platinum24 - Latin Percussion	CD 2 -> Partition I -> 02CON B CHR2 -> SAMPLE	48CONOP16.	
Wizoo	Platinum24 - Latin Percussion	CD 2 -> Partition I -> 02CON B CHR2 -> SAMPLE	48CONOP20.	
Wizoo	Platinum24 - Latin Percussion	CD 2 -> Partition I -> 02CON B CHR2 -> SAMPLE	48CONSLM3.	
Wizoo	Platinum24 - Latin Percussion	CD 2 -> Partition I -> 02CON B CHR2 -> SAMPLE	48CONSLM5.	
Wizoo	Platinum24 - Latin Percussion	CD 2 -> Partition I -> 02CON B CHR2 -> SAMPLE	48CONSLO3.	
Wizoo	Platinum24 - Latin Percussion	CD 2 -> Partition I -> 02CON B CHR2 -> SAMPLE	48CONSLO6.	
Wizoo	Platinum24 - Latin Percussion	CD 2 -> Partition I -> 02CON B CHR2 -> SAMPLE	48CONTIP2.	
Wizoo	Platinum24 - Latin Percussion	CD 2 -> Partition I -> 02CON B CHR2 -> SAMPLE	48CONTIP4.	
Wizoo	Platinum24 - Latin Percussion	CD 2 -> Partition I -> 03QUI B CHR2 -> PROGRAM	03QUI B CHR2	
Wizoo	Platinum24 - Latin Percussion	CD 2 -> Partition I -> 03QUI B CHR2 -> SAMPLE	63QTOFLC4.	
Wizoo	Platinum24 - Latin Percussion	CD 2 -> Partition I -> 03QUI B CHR2 -> SAMPLE	63QTOFLO2.	
Wizoo	Platinum24 - Latin Percussion	CD 2 -> Partition I -> 03QUI B CHR2 -> SAMPLE	63QTOFLO4.	
Wizoo	Platinum24 - Latin Percussion	CD 2 -> Partition I -> 03QUI B CHR2 -> SAMPLE	63QTOHEL2.	
Wizoo	Platinum24 - Latin Percussion	CD 2 -> Partition I -> 03QUI B CHR2 -> SAMPLE	63QTOHEL3.	
Wizoo	Platinum24 - Latin Percussion	CD 2 -> Partition I -> 03QUI B CHR2 -> SAMPLE	63QTOHEL4.	
Wizoo	Platinum24 - Latin Percussion	CD 2 -> Partition I -> 03QUI B CHR2 -> SAMPLE	63QTOMTE1.	
Wizoo	Platinum24 - Latin Percussion	CD 2 -> Partition I -> 03QUI B CHR2 -> SAMPLE	63QTOMTE3.	
Wizoo	Platinum24 - Latin Percussion	CD 2 -> Partition I -> 03QUI B CHR2 -> SAMPLE	63QTOMTE4.	
Wizoo	Platinum24 - Latin Percussion	CD 2 -> Partition I -> 03QUI B CHR2 -> SAMPLE	63QTOMTE5.	
Wizoo	Platinum24 - Latin Percussion	CD 2 -> Partition I -> 03QUI B CHR2 -> SAMPLE	63QTOMTE6.	
Wizoo	Platinum24 - Latin Percussion	CD 2 -> Partition I -> 03QUI B CHR2 -> SAMPLE	63QTOOP3.A	
Wizoo	Platinum24 - Latin Percussion	CD 2 -> Partition I -> 03QUI B CHR2 -> SAMPLE	63QTOOP6.A	
Wizoo	Platinum24 - Latin Percussion	CD 2 -> Partition I -> 03QUI B CHR2 -> SAMPLE	63QTOOP7.A	
Wizoo	Platinum24 - Latin Percussion	CD 2 -> Partition I -> 03QUI B CHR2 -> SAMPLE	63QTOOP9.A	
Wizoo	Platinum24 - Latin Percussion	CD 2 -> Partition I -> 03QUI B CHR2 -> SAMPLE	63QTOOP11.	
Wizoo	Platinum24 - Latin Percussion	CD 2 -> Partition I -> 03QUI B CHR2 -> SAMPLE	63QTOOP14.	
Wizoo	Platinum24 - Latin Percussion	CD 2 -> Partition I -> 03QUI B CHR2 -> SAMPLE	63QTOOP20.	
Wizoo	Platinum24 - Latin Percussion	CD 2 -> Partition I -> 03QUI B CHR2 -> SAMPLE	63QTOSLM3.	
Wizoo	Platinum24 - Latin Percussion	CD 2 -> Partition I -> 03QUI B CHR2 -> SAMPLE	63QTOSLM6.	
Wizoo	Platinum24 - Latin Percussion	CD 2 -> Partition I -> 03QUI B CHR2 -> SAMPLE	63QTOSLO3.	
Wizoo	Platinum24 - Latin Percussion	CD 2 -> Partition I -> 03QUI B CHR2 -> SAMPLE	63QTOSLO6.	
Wizoo	Platinum24 - Latin Percussion	CD 2 -> Partition I -> 03QUI B CHR2 -> SAMPLE	63QTOTIP2.	
Wizoo	Platinum24 - Latin Percussion	CD 2 -> Partition I -> 03QUI B CHR2 -> SAMPLE	63QTOTIP4.	
Tab filled out by: ashy, stin				Jump to top