Company/Manufacturer	Product	Path/Bank	Program	Notes
				
Table of Contents				
				
JUMP TO:	The Funk Master: CDDA, 2rAw, Modern (WAV)			
(Click the cell, and click the				
hyperlink that comes up.)				
				
to-do: find release date for WAV version, add more products				
The Funk Master				
CDDA		(Released: February 1999)		
PowerFX	The Funk Master	Track 2 - 130 bpm Got To: Key G min -> TS 0:00 / Sample 1	All	
PowerFX	The Funk Master	Track 2 - 130 bpm Got To: Key G min -> TS 0:04 / Sample 2	Drums	
PowerFX	The Funk Master	Track 2 - 130 bpm Got To: Key G min -> TS 0:08 / Sample 3	Bass	
PowerFX	The Funk Master	Track 2 - 130 bpm Got To: Key G min -> TS 0:12 / Sample 4	Guitar comp	
PowerFX	The Funk Master	Track 3 - 130 bpm Doin It: Key C -> TS 0:00 / Sample 1	All	
PowerFX	The Funk Master	Track 3 - 130 bpm Doin It: Key C -> TS 0:04 / Sample 2	Drums	
PowerFX	The Funk Master	Track 3 - 130 bpm Doin It: Key C -> TS 0:08 / Sample 3	Bass	
PowerFX	The Funk Master	Track 3 - 130 bpm Doin It: Key C -> TS 0:12 / Sample 3	Guitar comp	
PowerFX	The Funk Master	Track 3 - 130 bpm Doin It: Key C -> TS 0:16 / Sample 4	Guitar pickin	
PowerFX	The Funk Master	Track 4 - 130 bpm Take Me There: Key A min -> TS 0:00 / Sample 1	All	
PowerFX	The Funk Master	Track 4 - 130 bpm Take Me There: Key A min -> TS 0:04 / Sample 2	Drums	
PowerFX	The Funk Master	Track 4 - 130 bpm Take Me There: Key A min -> TS 0:08 / Sample 3	Bass	
PowerFX	The Funk Master	Track 4 - 130 bpm Take Me There: Key A min -> TS 0:12 / Sample 4	Git comp	
PowerFX	The Funk Master	Track 4 - 130 bpm Take Me There: Key A min -> TS 0:16 / Sample 5	Git pick	
PowerFX	The Funk Master	Track 5 - 130 bpm Thumpin: Key C -> TS 0:00 / Sample 1	All	
PowerFX	The Funk Master	Track 5 - 130 bpm Thumpin: Key C -> TS 0:04 / Sample 2	Drums	
PowerFX	The Funk Master	Track 5 - 130 bpm Thumpin: Key C -> TS 0:08 / Sample 3	Bass	
PowerFX	The Funk Master	Track 5 - 130 bpm Thumpin: Key C -> TS 0:12 / Sample 3	Git comp	
PowerFX	The Funk Master	Track 5 - 130 bpm Thumpin: Key C -> TS 0:17 / Sample 4	Congas+Claps	
PowerFX	The Funk Master	Track 6 - 130 bpm Out Smokin: Key C min -> TS 0:00 / Sample 1	All	
PowerFX	The Funk Master	Track 6 - 130 bpm Out Smokin: Key C min -> TS 0:04 / Sample 2	Drums	
PowerFX	The Funk Master	Track 6 - 130 bpm Out Smokin: Key C min -> TS 0:08 / Sample 3	Bass	
PowerFX	The Funk Master	Track 6 - 130 bpm Out Smokin: Key C min -> TS 0:12 / Sample 4	Git comp	
PowerFX	The Funk Master	Track 6 - 130 bpm Out Smokin: Key C min -> TS 0:16 / Sample 5	Alto Sax	
PowerFX	The Funk Master	Track 7 - 130 bpm Monday Night Live: Key C -> TS 0:00 / Sample 1	All	
PowerFX	The Funk Master	Track 7 - 130 bpm Monday Night Live: Key C -> TS 0:04 / Sample 2	Drums	
PowerFX	The Funk Master	Track 7 - 130 bpm Monday Night Live: Key C -> TS 0:08 / Sample 3	Bass	
PowerFX	The Funk Master	Track 7 - 130 bpm Monday Night Live: Key C -> TS 0:12 / Sample 4	Git comp	
PowerFX	The Funk Master	Track 7 - 130 bpm Monday Night Live: Key C -> TS 0:16 / Sample 5	Alto sax	
PowerFX	The Funk Master	Track 8 - 120 bpm ChucknJab: Key C mi: -> TS 0:00 / Sample 1	All	
PowerFX	The Funk Master	Track 8 - 120 bpm ChucknJab: Key C mi: -> TS 0:04 / Sample 2	Drums+congas	
PowerFX	The Funk Master	Track 8 - 120 bpm ChucknJab: Key C mi: -> TS 0:08 / Sample 3	Bass	
PowerFX	The Funk Master	Track 8 - 120 bpm ChucknJab: Key C mi: -> TS 0:13 / Sample 4	Git comp	
PowerFX	The Funk Master	Track 8 - 120 bpm ChucknJab: Key C mi: -> TS 0:17 / Sample 5	Git wah	
PowerFX	The Funk Master	Track 9 - 120 bpm Hen House: Key Bb -> TS 0:00 / Sample 1	All	
PowerFX	The Funk Master	Track 9 - 120 bpm Hen House: Key Bb -> TS 0:04 / Sample 2	Drums	
PowerFX	The Funk Master	Track 9 - 120 bpm Hen House: Key Bb -> TS 0:08 / Sample 3	Bass	
PowerFX	The Funk Master	Track 9 - 120 bpm Hen House: Key Bb -> TS 0:13 / Sample 4	Git comp	
PowerFX	The Funk Master	Track 9 - 120 bpm Hen House: Key Bb -> TS 0:17 / Sample 5	Git pick	
PowerFX	The Funk Master	Track 10 - 120 bpm Joshin: Key C -> TS 0:00 / Sample 1	All	
PowerFX	The Funk Master	Track 10 - 120 bpm Joshin: Key C -> TS 0:04 / Sample 2	Drums	
PowerFX	The Funk Master	Track 10 - 120 bpm Joshin: Key C -> TS 0:08 / Sample 3	Bass	
PowerFX	The Funk Master	Track 10 - 120 bpm Joshin: Key C -> TS 0:13 / Sample 4	Git pick	
PowerFX	The Funk Master	Track 10 - 120 bpm Joshin: Key C -> TS 0:17 / Sample 5	Bongos	
PowerFX	The Funk Master	Track 10 - 120 bpm Joshin: Key C -> TS 0:22 / Sample 6	Alto Sax	
PowerFX	The Funk Master	Track 11 - 120 bpm Kingsmen: Key D -> TS 0:00 / Sample 1	All	
PowerFX	The Funk Master	Track 11 - 120 bpm Kingsmen: Key D -> TS 0:04 / Sample 2	Drums	
PowerFX	The Funk Master	Track 11 - 120 bpm Kingsmen: Key D -> TS 0:08 / Sample 3	Bass	
PowerFX	The Funk Master	Track 11 - 120 bpm Kingsmen: Key D -> TS 0:13 / Sample 4	Git comp	
PowerFX	The Funk Master	Track 11 - 120 bpm Kingsmen: Key D -> TS 0:17 / Sample 5	Git pick	
PowerFX	The Funk Master	Track 12 - 120 bpm Ring the Bell: Key D min -> TS 0:00 / Sample 1	All	
PowerFX	The Funk Master	Track 12 - 120 bpm Ring the Bell: Key D min -> TS 0:04 / Sample 2	Drums	
PowerFX	The Funk Master	Track 12 - 120 bpm Ring the Bell: Key D min -> TS 0:08 / Sample 3	Bass	
PowerFX	The Funk Master	Track 12 - 120 bpm Ring the Bell: Key D min -> TS 0:13 / Sample 4	Git comp	
PowerFX	The Funk Master	Track 12 - 120 bpm Ring the Bell: Key D min -> TS 0:17 / Sample 5	Git pick	
PowerFX	The Funk Master	Track 13 - 120 bpm Super Slick: Key E -> TS 0:00 / Sample 1	All	
PowerFX	The Funk Master	Track 13 - 120 bpm Super Slick: Key E -> TS 0:04 / Sample 2	Drums+Congas	
PowerFX	The Funk Master	Track 13 - 120 bpm Super Slick: Key E -> TS 0:08 / Sample 3	Bass	
PowerFX	The Funk Master	Track 13 - 120 bpm Super Slick: Key E -> TS 0:13 / Sample 4	Git comp	
PowerFX	The Funk Master	Track 13 - 120 bpm Super Slick: Key E -> TS 0:17 / Sample 5	Git pick	
PowerFX	The Funk Master	Track 14 - 120 bpm Bar Walkin: Key C -> TS 0:00 / Sample 1	All	
PowerFX	The Funk Master	Track 14 - 120 bpm Bar Walkin: Key C -> TS 0:04 / Sample 2	Drums	
PowerFX	The Funk Master	Track 14 - 120 bpm Bar Walkin: Key C -> TS 0:08 / Sample 3	Bass	
PowerFX	The Funk Master	Track 14 - 120 bpm Bar Walkin: Key C -> TS 0:13 / Sample 4	Git comp	
PowerFX	The Funk Master	Track 14 - 120 bpm Bar Walkin: Key C -> TS 0:18 / Sample 5	Alto Sax	
PowerFX	The Funk Master	Track 15 - 120 bpm Bus 73: Key C -> TS 0:00 / Sample 1	All	
PowerFX	The Funk Master	Track 15 - 120 bpm Bus 73: Key C -> TS 0:04 / Sample 2	Drums	
PowerFX	The Funk Master	Track 15 - 120 bpm Bus 73: Key C -> TS 0:08 / Sample 3	Bass	
PowerFX	The Funk Master	Track 15 - 120 bpm Bus 73: Key C -> TS 0:13 / Sample 4	Git comp	
PowerFX	The Funk Master	Track 15 - 120 bpm Bus 73: Key C -> TS 0:17 / Sample 5	Alto Sax	
PowerFX	The Funk Master	Track 16 - 120 bpm Funky Floor Four: Key Bb -> TS 0:00 / Sample 1	All	
PowerFX	The Funk Master	Track 16 - 120 bpm Funky Floor Four: Key Bb -> TS 0:04 / Sample 2	Drums	
PowerFX	The Funk Master	Track 16 - 120 bpm Funky Floor Four: Key Bb -> TS 0:08 / Sample 3	Bass	
PowerFX	The Funk Master	Track 16 - 120 bpm Funky Floor Four: Key Bb -> TS 0:12 / Sample 4	Git pick	
PowerFX	The Funk Master	Track 16 - 120 bpm Funky Floor Four: Key Bb -> TS 0:16 / Sample 5	Bongos+Tam	
PowerFX	The Funk Master	Track 17 - 110 bpm Heart Attack Serious: Key G -> TS 0:00 / Sample 1	All	
PowerFX	The Funk Master	Track 17 - 110 bpm Heart Attack Serious: Key G -> TS 0:04 / Sample 2	Drums	
PowerFX	The Funk Master	Track 17 - 110 bpm Heart Attack Serious: Key G -> TS 0:10 / Sample 3	Bass	
PowerFX	The Funk Master	Track 17 - 110 bpm Heart Attack Serious: Key G -> TS 0:15 / Sample 4	Git comp	
PowerFX	The Funk Master	Track 17 - 110 bpm Heart Attack Serious: Key G -> TS 0:20 / Sample 5	Congas+Tam	
PowerFX	The Funk Master	Track 18 - 110 bpm Throwin the Jab: Key Bb -> TS 0:00 / Sample 1	All	
PowerFX	The Funk Master	Track 18 - 110 bpm Throwin the Jab: Key Bb -> TS 0:09 / Sample 2	Drums	
PowerFX	The Funk Master	Track 18 - 110 bpm Throwin the Jab: Key Bb -> TS 0:18 / Sample 3	Bass	
PowerFX	The Funk Master	Track 18 - 110 bpm Throwin the Jab: Key Bb -> TS 0:27 / Sample 4	Git comp	
PowerFX	The Funk Master	Track 18 - 110 bpm Throwin the Jab: Key Bb -> TS 0:37 / Sample 5	Git wah	
PowerFX	The Funk Master	Track 19 - 110 bpm 65 cent: Key C -> TS 0:00 / Sample 1	All	
PowerFX	The Funk Master	Track 19 - 110 bpm 65 cent: Key C -> TS 0:04 / Sample 2	Drum	
PowerFX	The Funk Master	Track 19 - 110 bpm 65 cent: Key C -> TS 0:09 / Sample 3	Bass	
PowerFX	The Funk Master	Track 19 - 110 bpm 65 cent: Key C -> TS 0:14 / Sample 4	Git comp	
PowerFX	The Funk Master	Track 19 - 110 bpm 65 cent: Key C -> TS 0:19 / Sample 5	Alto Sax	
PowerFX	The Funk Master	Track 20 - 110 bpm Funky Places: Key C -> TS 0:00 / Sample 1	All	
PowerFX	The Funk Master	Track 20 - 110 bpm Funky Places: Key C -> TS 0:04 / Sample 2	Drums	
PowerFX	The Funk Master	Track 20 - 110 bpm Funky Places: Key C -> TS 0:09 / Sample 3	Bass	
PowerFX	The Funk Master	Track 20 - 110 bpm Funky Places: Key C -> TS 0:14 / Sample 4	Git wah	
PowerFX	The Funk Master	Track 20 - 110 bpm Funky Places: Key C -> TS 0:19 / Sample 5	Congas	
PowerFX	The Funk Master	Track 21 - 110 bpm The JCJ way: Key D -> TS 0:00 / Sample 1	All	
PowerFX	The Funk Master	Track 21 - 110 bpm The JCJ way: Key D -> TS 0:04 / Sample 2	Drums	
PowerFX	The Funk Master	Track 21 - 110 bpm The JCJ way: Key D -> TS 0:09 / Sample 3	Bass	
PowerFX	The Funk Master	Track 21 - 110 bpm The JCJ way: Key D -> TS 0:14 / Sample 4	Git comp	
PowerFX	The Funk Master	Track 21 - 110 bpm The JCJ way: Key D -> TS 0:19 / Sample 5	Git wah	
PowerFX	The Funk Master	Track 22 - 110 bpm Funky Chuck: Key C -> TS 0:00 / Sample 1	All	
PowerFX	The Funk Master	Track 22 - 110 bpm Funky Chuck: Key C -> TS 0:04 / Sample 2	Drums+Congas	
PowerFX	The Funk Master	Track 22 - 110 bpm Funky Chuck: Key C -> TS 0:09 / Sample 3	Bass	
PowerFX	The Funk Master	Track 22 - 110 bpm Funky Chuck: Key C -> TS 0:14 / Sample 4	Git comp	
PowerFX	The Funk Master	Track 22 - 110 bpm Funky Chuck: Key C -> TS 0:19 / Sample 5	Git pick	
PowerFX	The Funk Master	Track 23 - 110 bpm Crowded Party: Key C -> TS 0:00 / Sample 1	All	
PowerFX	The Funk Master	Track 23 - 110 bpm Crowded Party: Key C -> TS 0:04 / Sample 2	Drums	
PowerFX	The Funk Master	Track 23 - 110 bpm Crowded Party: Key C -> TS 0:09 / Sample 3	Bass	
PowerFX	The Funk Master	Track 23 - 110 bpm Crowded Party: Key C -> TS 0:14 / Sample 4	Git comp	
PowerFX	The Funk Master	Track 23 - 110 bpm Crowded Party: Key C -> TS 0:19 / Sample 5	Alto Sax	
PowerFX	The Funk Master	Track 24 - 110 bpm Ham Hangin: Key C -> TS 0:00 / Sample 1	All	
PowerFX	The Funk Master	Track 24 - 110 bpm Ham Hangin: Key C -> TS 0:04 / Sample 2	Drums	
PowerFX	The Funk Master	Track 24 - 110 bpm Ham Hangin: Key C -> TS 0:09 / Sample 3	Bass	
PowerFX	The Funk Master	Track 24 - 110 bpm Ham Hangin: Key C -> TS 0:14 / Sample 4	Git wah	
PowerFX	The Funk Master	Track 24 - 110 bpm Ham Hangin: Key C -> TS 0:19 / Sample 5	Congas	
PowerFX	The Funk Master	Track 25 - 110 bpm On it: Key C -> TS 0:00 / Sample 1	All	
PowerFX	The Funk Master	Track 25 - 110 bpm On it: Key C -> TS 0:04 / Sample 2	Drums	
PowerFX	The Funk Master	Track 25 - 110 bpm On it: Key C -> TS 0:09 / Sample 3	Bass	
PowerFX	The Funk Master	Track 25 - 110 bpm On it: Key C -> TS 0:14 / Sample 4	Git pick	
PowerFX	The Funk Master	Track 25 - 110 bpm On it: Key C -> TS 0:19		Unlisted
PowerFX	The Funk Master	Track 25 - 110 bpm On it: Key C -> TS 0:23 / Sample 5	Alto Sax	
PowerFX	The Funk Master	Track 26 - 100 bpm Hear This: Key E -> TS 0:00 / Sample 1	All	
PowerFX	The Funk Master	Track 26 - 100 bpm Hear This: Key E -> TS 0:05 / Sample 2	Drum	
PowerFX	The Funk Master	Track 26 - 100 bpm Hear This: Key E -> TS 0:10 / Sample 3	Bass	
PowerFX	The Funk Master	Track 26 - 100 bpm Hear This: Key E -> TS 0:16 / Sample 4	Git comp	
PowerFX	The Funk Master	Track 26 - 100 bpm Hear This: Key E -> TS 0:21 / Sample 5	Git pick	
PowerFX	The Funk Master	Track 27 - 100 bpm Smack the Bishop: Key C min -> TS 0:00 / Sample 1	All	
PowerFX	The Funk Master	Track 27 - 100 bpm Smack the Bishop: Key C min -> TS 0:05 / Sample 2	Drums	
PowerFX	The Funk Master	Track 27 - 100 bpm Smack the Bishop: Key C min -> TS 0:10 / Sample 3	Bass	
PowerFX	The Funk Master	Track 27 - 100 bpm Smack the Bishop: Key C min -> TS 0:15 / Sample 4	Git comp	
PowerFX	The Funk Master	Track 27 - 100 bpm Smack the Bishop: Key C min -> TS 0:21 / Sample 5	Alto Sax	
PowerFX	The Funk Master	Track 28 - 100 bpm Funk Train: Key E -> TS 0:00 / Sample 1	All	
PowerFX	The Funk Master	Track 28 - 100 bpm Funk Train: Key E -> TS 0:05 / Sample 2	Drum	
PowerFX	The Funk Master	Track 28 - 100 bpm Funk Train: Key E -> TS 0:10 / Sample 3	Bass	
PowerFX	The Funk Master	Track 28 - 100 bpm Funk Train: Key E -> TS 0:16 / Sample 4	Git	
PowerFX	The Funk Master	Track 28 - 100 bpm Funk Train: Key E -> TS 0:21 / Sample 5	Congas+Tamborine	
PowerFX	The Funk Master	Track 29 - 100 bpm She's Packin: Key C -> TS 0:00 / Sample 1	All	
PowerFX	The Funk Master	Track 29 - 100 bpm She's Packin: Key C -> TS 0:05 / Sample 2	Drums	
PowerFX	The Funk Master	Track 29 - 100 bpm She's Packin: Key C -> TS 0:10 / Sample 3	Bass	
PowerFX	The Funk Master	Track 29 - 100 bpm She's Packin: Key C -> TS 0:15 / Sample 4	Git comp	
PowerFX	The Funk Master	Track 29 - 100 bpm She's Packin: Key C -> TS 0:21 / Sample 5	Congas	
PowerFX	The Funk Master	Track 29 - 100 bpm She's Packin: Key C -> TS 0:26 / Sample 6	Alto Sax	
PowerFX	The Funk Master	Track 30 - 100 bpm Leanin Left: Key C -> TS 0:00 / Sample 1	All	
PowerFX	The Funk Master	Track 30 - 100 bpm Leanin Left: Key C -> TS 0:05 / Sample 2	Drums	
PowerFX	The Funk Master	Track 30 - 100 bpm Leanin Left: Key C -> TS 0:10 / Sample 3	Bass	
PowerFX	The Funk Master	Track 30 - 100 bpm Leanin Left: Key C -> TS 0:15 / Sample 4	Git comp	
PowerFX	The Funk Master	Track 30 - 100 bpm Leanin Left: Key C -> TS 0:21 / Sample 5	Alto Sax	
PowerFX	The Funk Master	Track 31 - 90 bpm You Light Up Your Life: Key C -> TS 0:00 / Sample 1	All	
PowerFX	The Funk Master	Track 31 - 90 bpm You Light Up Your Life: Key C -> TS 0:08 / Sample 2	Drums	
PowerFX	The Funk Master	Track 31 - 90 bpm You Light Up Your Life: Key C -> TS 0:17 / Sample 3	Bass	
PowerFX	The Funk Master	Track 31 - 90 bpm You Light Up Your Life: Key C -> TS 0:25 / Sample 4	Git comp	
PowerFX	The Funk Master	Track 31 - 90 bpm You Light Up Your Life: Key C -> TS 0:34 / Sample 5	Git wah	
PowerFX	The Funk Master	Track 32 - 90 bpm The Ready Strut: Key C -> TS 0:00 / Sample 1	All	
PowerFX	The Funk Master	Track 32 - 90 bpm The Ready Strut: Key C -> TS 0:05 / Sample 2	Drums	
PowerFX	The Funk Master	Track 32 - 90 bpm The Ready Strut: Key C -> TS 0:11 / Sample 3	Bass	
PowerFX	The Funk Master	Track 32 - 90 bpm The Ready Strut: Key C -> TS 0:17 / Sample 4	Git comp	
PowerFX	The Funk Master	Track 32 - 90 bpm The Ready Strut: Key C -> TS 0:23 / Sample 5	Git pick	
PowerFX	The Funk Master	Track 33 - 90 bpm So Sharp: Key C -> TS 0:00 / Sample 1	All	
PowerFX	The Funk Master	Track 33 - 90 bpm So Sharp: Key C -> TS 0:05 / Sample 2	Drums	
PowerFX	The Funk Master	Track 33 - 90 bpm So Sharp: Key C -> TS 0:11 / Sample 3	Bass	
PowerFX	The Funk Master	Track 33 - 90 bpm So Sharp: Key C -> TS 0:17 / Sample 4	Git comp	
PowerFX	The Funk Master	Track 33 - 90 bpm So Sharp: Key C -> TS 0:24 / Sample 5	Alto Sax	
PowerFX	The Funk Master	Track 34 - 90 bpm 4 Times: Key C min -> TS 0:00 / Sample 1	All	
PowerFX	The Funk Master	Track 34 - 90 bpm 4 Times: Key C min -> TS 0:05 / Sample 2	Drums	
PowerFX	The Funk Master	Track 34 - 90 bpm 4 Times: Key C min -> TS 0:11 / Sample 3	Bass	
PowerFX	The Funk Master	Track 34 - 90 bpm 4 Times: Key C min -> TS 0:17 / Sample 4	Git pick	
PowerFX	The Funk Master	Track 34 - 90 bpm 4 Times: Key C min -> TS 0:23 / Sample 5	Git comp	
PowerFX	The Funk Master	Track 34 - 90 bpm 4 Times: Key C min -> TS 0:29 / Sample 6	Alto Sax	
PowerFX	The Funk Master	Track 35 - 80 bpm Still Swingin: Key D min -> TS 0:00 / Sample 1	All	
PowerFX	The Funk Master	Track 35 - 80 bpm Still Swingin: Key D min -> TS 0:09 / Sample 2	Drums	
PowerFX	The Funk Master	Track 35 - 80 bpm Still Swingin: Key D min -> TS 0:19 / Sample 3	Bass	
PowerFX	The Funk Master	Track 35 - 80 bpm Still Swingin: Key D min -> TS 0:29 / Sample 4	Git comp	
PowerFX	The Funk Master	Track 35 - 80 bpm Still Swingin: Key D min -> TS 0:39 / Sample 5	Git pick	
PowerFX	The Funk Master	Track 36 - 80 bpm Shine the Light: Key A -> TS 0:00 / Sample 1	All	
PowerFX	The Funk Master	Track 36 - 80 bpm Shine the Light: Key A -> TS 0:06 / Sample 2	Drums	
PowerFX	The Funk Master	Track 36 - 80 bpm Shine the Light: Key A -> TS 0:13 / Sample 3	Bass	
PowerFX	The Funk Master	Track 36 - 80 bpm Shine the Light: Key A -> TS 0:20 / Sample 4	Git pick	
PowerFX	The Funk Master	Track 37 - 80 bpm Over Here: Key C -> TS 0:00 / Sample 1	All	
PowerFX	The Funk Master	Track 37 - 80 bpm Over Here: Key C -> TS 0:06 / Sample 2	Drums	
PowerFX	The Funk Master	Track 37 - 80 bpm Over Here: Key C -> TS 0:13 / Sample 3	Bass	
PowerFX	The Funk Master	Track 37 - 80 bpm Over Here: Key C -> TS 0:20 / Sample 4	Git comp	
PowerFX	The Funk Master	Track 37 - 80 bpm Over Here: Key C -> TS 0:27 / Sample 5	Alto Sax	
PowerFX	The Funk Master	Track 38 - 80 bpm I Can't See: Key C -> TS 0:00 / Sample 1	All	
PowerFX	The Funk Master	Track 38 - 80 bpm I Can't See: Key C -> TS 0:06 / Sample 2	Drums	
PowerFX	The Funk Master	Track 38 - 80 bpm I Can't See: Key C -> TS 0:13 / Sample 3	Bass	
PowerFX	The Funk Master	Track 38 - 80 bpm I Can't See: Key C -> TS 0:20 / Sample 4	Git pick	
PowerFX	The Funk Master	Track 38 - 80 bpm I Can't See: Key C -> TS 0:28 / Sample 5	Alto Sax	
PowerFX	The Funk Master	Track 39 - 160 bpm -> TS 0:00 / Sample 1	160 Dr 1	
PowerFX	The Funk Master	Track 39 - 160 bpm -> TS 0:03 / Sample 2	160 Dr 2	
PowerFX	The Funk Master	Track 40 - 130 bpm -> TS 0:00 / Sample 1	130 Dr	
PowerFX	The Funk Master	Track 40 - 130 bpm -> TS 0:08 / Sample 2	130 Dr	
PowerFX	The Funk Master	Track 40 - 130 bpm -> TS 0:12 / Sample 3	130 Dr	
PowerFX	The Funk Master	Track 40 - 130 bpm -> TS 0:20 / Sample 4	130 Dr	
PowerFX	The Funk Master	Track 40 - 130 bpm -> TS 0:24 / Sample 5	130 Dr	
PowerFX	The Funk Master	Track 40 - 130 bpm -> TS 0:29 / Sample 6	130 Dr	
PowerFX	The Funk Master	Track 40 - 130 bpm -> TS 0:37 / Sample 7	130 Dr	
PowerFX	The Funk Master	Track 40 - 130 bpm -> TS 0:43 / Sample 8	130 Dr	
PowerFX	The Funk Master	Track 40 - 130 bpm -> TS 0:51 / Sample 9	130 Dr	
PowerFX	The Funk Master	Track 40 - 130 bpm -> TS 0:59 / Sample 10	130 Dr	
PowerFX	The Funk Master	Track 40 - 130 bpm -> TS 1:07 / Sample 11	130 Dr	
PowerFX	The Funk Master	Track 40 - 130 bpm -> TS 1:12 / Sample 12	130 Dr	
PowerFX	The Funk Master	Track 41 - 130 bpm -> TS 0:00 / Sample 1	130 Dr	
PowerFX	The Funk Master	Track 41 - 130 bpm -> TS 0:04 / Sample 2	130 Dr	
PowerFX	The Funk Master	Track 41 - 130 bpm -> TS 0:09 / Sample 3	130 Dr	
PowerFX	The Funk Master	Track 41 - 130 bpm -> TS 0:17 / Sample 4	130 Dr	
PowerFX	The Funk Master	Track 41 - 130 bpm -> TS 0:25 / Sample 5	130 Dr	
PowerFX	The Funk Master	Track 41 - 130 bpm -> TS 0:33 / Sample 6	130 Dr	
PowerFX	The Funk Master	Track 41 - 130 bpm -> TS 0:37 / Sample 7	130 Dr	
PowerFX	The Funk Master	Track 41 - 130 bpm -> TS 0:45 / Sample 8	130 Dr	
PowerFX	The Funk Master	Track 41 - 130 bpm -> TS 0:53 / Sample 9	130 Dr	
PowerFX	The Funk Master	Track 41 - 130 bpm -> TS 0:56 / Sample 10	130 Dr	
PowerFX	The Funk Master	Track 41 - 130 bpm -> TS 1:05 / Sample 11	130 Dr	
PowerFX	The Funk Master	Track 41 - 130 bpm -> TS 1:09 / Sample 12	130 Dr	
PowerFX	The Funk Master	Track 42 - 130 bpm -> TS 0:00 / Sample 1	130 Dr	
PowerFX	The Funk Master	Track 42 - 130 bpm -> TS 0:04 / Sample 2	130 Dr	
PowerFX	The Funk Master	Track 42 - 130 bpm -> TS 0:09 / Sample 3	130 Dr	
PowerFX	The Funk Master	Track 42 - 130 bpm -> TS 0:17 / Sample 4	130 Dr	
PowerFX	The Funk Master	Track 42 - 130 bpm -> TS 0:21 / Sample 5	130 Dr	
PowerFX	The Funk Master	Track 42 - 130 bpm -> TS 0:26 / Sample 6	130 Dr	
PowerFX	The Funk Master	Track 43 - 120 bpm -> TS 0:00 / Sample 1	120 Dr	
PowerFX	The Funk Master	Track 43 - 120 bpm -> TS 0:04 / Sample 2	120 Dr	
PowerFX	The Funk Master	Track 43 - 120 bpm -> TS 0:07 / Sample 3	120 Dr	
PowerFX	The Funk Master	Track 43 - 120 bpm -> TS 0:11 / Sample 4	120 Dr	
PowerFX	The Funk Master	Track 43 - 120 bpm -> TS 0:16 / Sample 5	120 Dr	
PowerFX	The Funk Master	Track 43 - 120 bpm -> TS 0:20 / Sample 6	120 Dr	
PowerFX	The Funk Master	Track 43 - 120 bpm -> TS 0:25 / Sample 7	120 Dr	
PowerFX	The Funk Master	Track 43 - 120 bpm -> TS 0:29 / Sample 8	120 Dr	
PowerFX	The Funk Master	Track 43 - 120 bpm -> TS 0:34 / Sample 9	120 Dr	
PowerFX	The Funk Master	Track 43 - 120 bpm -> TS 0:38 / Sample 10	120 Dr	
PowerFX	The Funk Master	Track 43 - 120 bpm -> TS 0:43 / Sample 11	120 Dr	
PowerFX	The Funk Master	Track 43 - 120 bpm -> TS 0:47 / Sample 12	120 Dr	
PowerFX	The Funk Master	Track 44 - 120 bpm -> TS 0:00 / Sample 1	120 Dr	
PowerFX	The Funk Master	Track 44 - 120 bpm -> TS 0:04 / Sample 2	120 Dr	
PowerFX	The Funk Master	Track 44 - 120 bpm -> TS 0:09 / Sample 3	120 Dr	
PowerFX	The Funk Master	Track 44 - 120 bpm -> TS 0:13 / Sample 4	120 Dr	
PowerFX	The Funk Master	Track 44 - 120 bpm -> TS 0:18 / Sample 5	120 Dr	
PowerFX	The Funk Master	Track 44 - 120 bpm -> TS 0:22 / Sample 6	120 Dr	
PowerFX	The Funk Master	Track 44 - 120 bpm -> TS 0:27 / Sample 7	120 Dr	
PowerFX	The Funk Master	Track 44 - 120 bpm -> TS 0:31 / Sample 8	120 Dr	
PowerFX	The Funk Master	Track 44 - 120 bpm -> TS 0:36 / Sample 9	120 Dr	
PowerFX	The Funk Master	Track 44 - 120 bpm -> TS 0:44 / Sample 10	120 Dr	
PowerFX	The Funk Master	Track 44 - 120 bpm -> TS 0:49 / Sample 11	120 Dr	
PowerFX	The Funk Master	Track 44 - 120 bpm -> TS 0:57 / Sample 12	120 Dr	
PowerFX	The Funk Master	Track 45 - 120 bpm -> TS 0:00 / Sample 1	120 Dr	
PowerFX	The Funk Master	Track 45 - 120 bpm -> TS 0:08 / Sample 2	120 Dr	
PowerFX	The Funk Master	Track 45 - 120 bpm -> TS 0:13 / Sample 3	120 Dr	
PowerFX	The Funk Master	Track 45 - 120 bpm -> TS 0:16 / Sample 4	120 Dr	
PowerFX	The Funk Master	Track 45 - 120 bpm -> TS 0:20 / Sample 5	120 Dr	
PowerFX	The Funk Master	Track 45 - 120 bpm -> TS 0:29 / Sample 6	120 Dr	
PowerFX	The Funk Master	Track 45 - 120 bpm -> TS 0:33 / Sample 7	120 Dr	
PowerFX	The Funk Master	Track 45 - 120 bpm -> TS 0:38 / Sample 8	120 Dr	
PowerFX	The Funk Master	Track 45 - 120 bpm -> TS 0:42 / Sample 9	120 Dr	
PowerFX	The Funk Master	Track 45 - 120 bpm -> TS 0:47 / Sample 10	120 Dr	
PowerFX	The Funk Master	Track 45 - 120 bpm -> TS 0:51 / Sample 11	120 Dr	
PowerFX	The Funk Master	Track 45 - 120 bpm -> TS 1:00 / Sample 12	120 Dr	
PowerFX	The Funk Master	Track 46 - 120 bpm -> TS 0:00 / Sample 1	120 Dr	
PowerFX	The Funk Master	Track 46 - 120 bpm -> TS 0:04 / Sample 2	120 Dr	
PowerFX	The Funk Master	Track 46 - 120 bpm -> TS 0:07 / Sample 3	120 Dr	
PowerFX	The Funk Master	Track 46 - 120 bpm -> TS 0:15 / Sample 4	120 Dr	
PowerFX	The Funk Master	Track 46 - 120 bpm -> TS 0:20 / Sample 5	120 Dr	
PowerFX	The Funk Master	Track 46 - 120 bpm -> TS 0:24 / Sample 6	120 Dr	
PowerFX	The Funk Master	Track 46 - 120 bpm -> TS 0:29 / Sample 7	120 Dr	
PowerFX	The Funk Master	Track 47 - 110 bpm -> TS 0:00 / Sample 1	110 Dr	
PowerFX	The Funk Master	Track 47 - 110 bpm -> TS 0:04 / Sample 2	110 Dr	
PowerFX	The Funk Master	Track 47 - 110 bpm -> TS 0:09 / Sample 3	110 Dr	
PowerFX	The Funk Master	Track 47 - 110 bpm -> TS 0:14 / Sample 4	110 Dr	
PowerFX	The Funk Master	Track 47 - 110 bpm -> TS 0:19 / Sample 5	110 Dr	
PowerFX	The Funk Master	Track 47 - 110 bpm -> TS 0:24 / Sample 6	110 Dr	
PowerFX	The Funk Master	Track 47 - 110 bpm -> TS 0:29 / Sample 7	110 Dr	
PowerFX	The Funk Master	Track 47 - 110 bpm -> TS 0:34 / Sample 8	110 Dr	
PowerFX	The Funk Master	Track 47 - 110 bpm -> TS 0:39 / Sample 9	110 Dr	
PowerFX	The Funk Master	Track 47 - 110 bpm -> TS 0:49 / Sample 10	110 Dr	
PowerFX	The Funk Master	Track 47 - 110 bpm -> TS 0:58 / Sample 11	110 Dr	
PowerFX	The Funk Master	Track 47 - 110 bpm -> TS 1:02 / Sample 12	110 Dr	
PowerFX	The Funk Master	Track 48 - 110 bpm -> TS 0:00 / Sample 1	110 Dr	
PowerFX	The Funk Master	Track 48 - 110 bpm -> TS 0:05 / Sample 2	110 Dr	
PowerFX	The Funk Master	Track 48 - 110 bpm -> TS 0:14 / Sample 3	110 Dr	
PowerFX	The Funk Master	Track 48 - 110 bpm -> TS 0:24 / Sample 4	110 Dr	
PowerFX	The Funk Master	Track 48 - 110 bpm -> TS 0:29 / Sample 5	110 Dr	
PowerFX	The Funk Master	Track 48 - 110 bpm -> TS 0:34 / Sample 6	110 Dr	
PowerFX	The Funk Master	Track 48 - 110 bpm -> TS 0:44 / Sample 7	110 Dr	
PowerFX	The Funk Master	Track 48 - 110 bpm -> TS 0:53 / Sample 8	110 Dr	
PowerFX	The Funk Master	Track 48 - 110 bpm -> TS 1:03 / Sample 9	110 Dr	
PowerFX	The Funk Master	Track 48 - 110 bpm -> TS 1:08 / Sample 10	110 Dr	
PowerFX	The Funk Master	Track 48 - 110 bpm -> TS 1:13 / Sample 11	110 Dr	
PowerFX	The Funk Master	Track 48 - 110 bpm -> TS 1:23 / Sample 12	110 Dr	
PowerFX	The Funk Master	Track 49 - 100 bpm -> TS 0:00 / Sample 1	100 Dr	
PowerFX	The Funk Master	Track 49 - 100 bpm -> TS 0:08 / Sample 2	100 Dr	
PowerFX	The Funk Master	Track 49 - 100 bpm -> TS 0:13 / Sample 3	100 Dr	
PowerFX	The Funk Master	Track 49 - 100 bpm -> TS 0:19 / Sample 4	100 Dr	
PowerFX	The Funk Master	Track 49 - 100 bpm -> TS 0:24 / Sample 5	100 Dr	
PowerFX	The Funk Master	Track 49 - 100 bpm -> TS 0:34 / Sample 6	100 Dr	
PowerFX	The Funk Master	Track 49 - 100 bpm -> TS 0:37 / Sample 7	100 Dr	
PowerFX	The Funk Master	Track 49 - 100 bpm -> TS 0:48 / Sample 8	100 Dr	
PowerFX	The Funk Master	Track 49 - 100 bpm -> TS 0:54		Unlisted
PowerFX	The Funk Master	Track 49 - 100 bpm -> TS 0:59		Unlisted
PowerFX	The Funk Master	Track 50 - 90 bpm -> TS 0:00 / Sample 1	90 Dr	
PowerFX	The Funk Master	Track 50 - 90 bpm -> TS 0:06 / Sample 2	90 Dr	
PowerFX	The Funk Master	Track 50 - 90 bpm -> TS 0:12 / Sample 3	90 Dr	
PowerFX	The Funk Master	Track 50 - 90 bpm -> TS 0:18 / Sample 4	90 Dr	
PowerFX	The Funk Master	Track 50 - 90 bpm -> TS 0:24 / Sample 5	90 Dr	
PowerFX	The Funk Master	Track 50 - 90 bpm -> TS 0:30 / Sample 6	90 Dr	
PowerFX	The Funk Master	Track 50 - 90 bpm -> TS 0:36 / Sample 7	90 Dr	
PowerFX	The Funk Master	Track 50 - 90 bpm -> TS 0:42 / Sample 8	90 Dr	
PowerFX	The Funk Master	Track 50 - 90 bpm -> TS 0:48 / Sample 9	90 Dr	
PowerFX	The Funk Master	Track 50 - 90 bpm -> TS 0:54 / Sample 10	90 Dr	
PowerFX	The Funk Master	Track 50 - 90 bpm -> TS 0:58 / Sample 11	90 Dr	
PowerFX	The Funk Master	Track 50 - 90 bpm -> TS 1:07 / Sample 12	90 Dr	
PowerFX	The Funk Master	Track 51 - 90 bpm -> TS 0:00 / Sample 1	90 Dr	
PowerFX	The Funk Master	Track 51 - 90 bpm -> TS 0:06 / Sample 2	90 Dr	
PowerFX	The Funk Master	Track 51 - 90 bpm -> TS 0:12 / Sample 3	90 Dr	
PowerFX	The Funk Master	Track 51 - 90 bpm -> TS 0:18 / Sample 4	90 Dr	
PowerFX	The Funk Master	Track 51 - 90 bpm -> TS 0:21 / Sample 5	90 Dr	
PowerFX	The Funk Master	Track 51 - 90 bpm -> TS 0:27 / Sample 6	90 Dr	
PowerFX	The Funk Master	Track 51 - 90 bpm -> TS 0:33 / Sample 7	90 Dr	
PowerFX	The Funk Master	Track 51 - 90 bpm -> TS 0:39 / Sample 8	90 Dr	
PowerFX	The Funk Master	Track 51 - 90 bpm -> TS 0:46 / Sample 9	90 Dr	
PowerFX	The Funk Master	Track 51 - 90 bpm -> TS 0:52 / Sample 10	90 Dr	
PowerFX	The Funk Master	Track 51 - 90 bpm -> TS 0:58 / Sample 11	90 Dr	
PowerFX	The Funk Master	Track 51 - 90 bpm -> TS 1:04 / Sample 12	90 Dr	
PowerFX	The Funk Master	Track 52 - 90 bpm -> TS 0:00 / Sample 1	90 Dr	
PowerFX	The Funk Master	Track 52 - 90 bpm -> TS 0:06 / Sample 2	90 Dr	
PowerFX	The Funk Master	Track 52 - 90 bpm -> TS 0:12 / Sample 3	90 Dr	
PowerFX	The Funk Master	Track 52 - 90 bpm -> TS 0:18 / Sample 4	90 Dr	
PowerFX	The Funk Master	Track 52 - 90 bpm -> TS 0:24 / Sample 5	90 Dr	
PowerFX	The Funk Master	Track 52 - 90 bpm -> TS 0:30 / Sample 6	90 Dr	
PowerFX	The Funk Master	Track 52 - 90 bpm -> TS 0:42 / Sample 7	90 Dr	
PowerFX	The Funk Master	Track 52 - 90 bpm -> TS 0:48 / Sample 8	90 Dr	
PowerFX	The Funk Master	Track 52 - 90 bpm -> TS 0:54 / Sample 9	90 Dr	
PowerFX	The Funk Master	Track 52 - 90 bpm -> TS 1:00 / Sample 10	90 Dr	
PowerFX	The Funk Master	Track 52 - 90 bpm -> TS 1:06 / Sample 11	90 Dr	
PowerFX	The Funk Master	Track 52 - 90 bpm -> TS 1:12 / Sample 12	90 Dr	
PowerFX	The Funk Master	Track 53 - 80 bpm -> TS 0:00 / Sample 1	80 Dr	
PowerFX	The Funk Master	Track 53 - 80 bpm -> TS 0:04 / Sample 2	80 Dr	
PowerFX	The Funk Master	Track 53 - 80 bpm -> TS 0:08 / Sample 3	80 Dr	
PowerFX	The Funk Master	Track 53 - 80 bpm -> TS 0:15 / Sample 4	80 Dr	
PowerFX	The Funk Master	Track 53 - 80 bpm -> TS 0:19 / Sample 5	80 Dr	
PowerFX	The Funk Master	Track 53 - 80 bpm -> TS 0:26 / Sample 6	80 Dr	
PowerFX	The Funk Master	Track 53 - 80 bpm -> TS 0:33 / Sample 7	80 Dr	
PowerFX	The Funk Master	Track 53 - 80 bpm -> TS 0:37 / Sample 8	80 Dr	
PowerFX	The Funk Master	Track 53 - 80 bpm -> TS 0:45 / Sample 9	80 Dr	
PowerFX	The Funk Master	Track 53 - 80 bpm -> TS 0:48 / Sample 10	80 Dr	
PowerFX	The Funk Master	Track 53 - 80 bpm -> TS 0:58 / Sample 11	80 Dr	
PowerFX	The Funk Master	Track 53 - 80 bpm -> TS 1:04 / Sample 12	80 Dr	
PowerFX	The Funk Master	Track 54 - 80 bpm -> TS 0:00 / Sample 1	80 Dr	
PowerFX	The Funk Master	Track 54 - 80 bpm -> TS 0:09 / Sample 2	80 Dr	
PowerFX	The Funk Master	Track 54 - 80 bpm -> TS 0:20 / Sample 3	80 Dr	
PowerFX	The Funk Master	Track 54 - 80 bpm -> TS 0:25 / Sample 4	80 Dr	
PowerFX	The Funk Master	Track 54 - 80 bpm -> TS 0:31 / Sample 5	80 Dr	
PowerFX	The Funk Master	Track 55 - 130 bpm all in key of C -> TS 0:00 / Sample 1	130 Bass	
PowerFX	The Funk Master	Track 55 - 130 bpm all in key of C -> TS 0:04 / Sample 2	130 Bass	
PowerFX	The Funk Master	Track 55 - 130 bpm all in key of C -> TS 0:08 / Sample 3	130 Bass	
PowerFX	The Funk Master	Track 55 - 130 bpm all in key of C -> TS 0:12 / Sample 4	130 Bass	
PowerFX	The Funk Master	Track 55 - 130 bpm all in key of C -> TS 0:16 / Sample 5	130 Bass	
PowerFX	The Funk Master	Track 55 - 130 bpm all in key of C -> TS 0:20 / Sample 6	130 Bass	
PowerFX	The Funk Master	Track 55 - 130 bpm all in key of C -> TS 0:24 / Sample 7	130 Bass	
PowerFX	The Funk Master	Track 55 - 130 bpm all in key of C -> TS 0:28 / Sample 8	130 Bass	
PowerFX	The Funk Master	Track 55 - 130 bpm all in key of C -> TS 0:32 / Sample 9	130 Bass	
PowerFX	The Funk Master	Track 55 - 130 bpm all in key of C -> TS 0:36 / Sample 10	130 Bass	
PowerFX	The Funk Master	Track 55 - 130 bpm all in key of C -> TS 0:40 / Sample 11	130 Bass	
PowerFX	The Funk Master	Track 55 - 130 bpm all in key of C -> TS 0:44 / Sample 12	130 Bass	
PowerFX	The Funk Master	Track 56 - 120 bpm -> TS 0:00 / Sample 1	120 Bass	
PowerFX	The Funk Master	Track 56 - 120 bpm -> TS 0:04 / Sample 2	120 Bass	
PowerFX	The Funk Master	Track 56 - 120 bpm -> TS 0:08 / Sample 3	120 Bass	
PowerFX	The Funk Master	Track 56 - 120 bpm -> TS 0:13 / Sample 4	120 Bass	
PowerFX	The Funk Master	Track 56 - 120 bpm -> TS 0:17 / Sample 5	120 Bass	
PowerFX	The Funk Master	Track 56 - 120 bpm -> TS 0:22 / Sample 6	120 Bass	
PowerFX	The Funk Master	Track 56 - 120 bpm -> TS 0:26 / Sample 7	120 Bass	
PowerFX	The Funk Master	Track 56 - 120 bpm -> TS 0:31 / Sample 8	120 Bass	
PowerFX	The Funk Master	Track 56 - 120 bpm -> TS 0:35 / Sample 9	120 Bass	
PowerFX	The Funk Master	Track 56 - 120 bpm -> TS 0:40 / Sample 10	120 Bass	
PowerFX	The Funk Master	Track 56 - 120 bpm -> TS 0:44 / Sample 11	120 Bass	
PowerFX	The Funk Master	Track 56 - 120 bpm -> TS 0:49 / Sample 12	120 Bass	
PowerFX	The Funk Master	Track 57 - 110 bpm -> TS 0:00 / Sample 1	110 Bass	
PowerFX	The Funk Master	Track 57 - 110 bpm -> TS 0:04 / Sample 2	110 Bass	
PowerFX	The Funk Master	Track 57 - 110 bpm -> TS 0:09 / Sample 3	110 Bass	
PowerFX	The Funk Master	Track 57 - 110 bpm -> TS 0:14 / Sample 4	110 Bass	
PowerFX	The Funk Master	Track 57 - 110 bpm -> TS 0:19 / Sample 5	110 Bass	
PowerFX	The Funk Master	Track 57 - 110 bpm -> TS 0:24 / Sample 6	110 Bass	
PowerFX	The Funk Master	Track 57 - 110 bpm -> TS 0:29 / Sample 7	110 Bass	
PowerFX	The Funk Master	Track 57 - 110 bpm -> TS 0:34 / Sample 8	110 Bass	
PowerFX	The Funk Master	Track 57 - 110 bpm -> TS 0:39 / Sample 9	110 Bass	
PowerFX	The Funk Master	Track 57 - 110 bpm -> TS 0:44 / Sample 10	110 Bass	
PowerFX	The Funk Master	Track 57 - 110 bpm -> TS 0:49 / Sample 11	110 Bass	
PowerFX	The Funk Master	Track 58 - 100 bpm -> TS 0:00 / Sample 1	100 Bass	
PowerFX	The Funk Master	Track 58 - 100 bpm -> TS 0:05 / Sample 2	100 Bass	
PowerFX	The Funk Master	Track 58 - 100 bpm -> TS 0:11 / Sample 3	100 Bass	
PowerFX	The Funk Master	Track 58 - 100 bpm -> TS 0:16 / Sample 4	100 Bass	
PowerFX	The Funk Master	Track 58 - 100 bpm -> TS 0:21 / Sample 5	100 Bass	
PowerFX	The Funk Master	Track 58 - 100 bpm -> TS 0:27 / Sample 6	100 Bass	
PowerFX	The Funk Master	Track 58 - 100 bpm -> TS 0:33 / Sample 7	100 Bass	
PowerFX	The Funk Master	Track 58 - 100 bpm -> TS 0:38 / Sample 8	100 Bass	
PowerFX	The Funk Master	Track 58 - 100 bpm -> TS 0:44 / Sample 9	100 Bass	
PowerFX	The Funk Master	Track 58 - 100 bpm -> TS 0:49 / Sample 10	100 Bass	
PowerFX	The Funk Master	Track 58 - 100 bpm -> TS 0:55 / Sample 11	100 Bass	
PowerFX	The Funk Master	Track 58 - 100 bpm -> TS 1:01 / Sample 12	100 Bass	
PowerFX	The Funk Master	Track 59 - 90 bpm -> TS 0:00 / Sample 1	90 Bass	
PowerFX	The Funk Master	Track 59 - 90 bpm -> TS 0:06 / Sample 2	90 Bass	
PowerFX	The Funk Master	Track 59 - 90 bpm -> TS 0:12 / Sample 3	90 Bass	
PowerFX	The Funk Master	Track 59 - 90 bpm -> TS 0:18 / Sample 4	90 Bass	
PowerFX	The Funk Master	Track 59 - 90 bpm -> TS 0:24 / Sample 5	90 Bass	
PowerFX	The Funk Master	Track 59 - 90 bpm -> TS 0:30 / Sample 6	90 Bass	
PowerFX	The Funk Master	Track 59 - 90 bpm -> TS 0:36 / Sample 7	90 Bass	
PowerFX	The Funk Master	Track 59 - 90 bpm -> TS 0:42 / Sample 8	90 Bass	
PowerFX	The Funk Master	Track 59 - 90 bpm -> TS 0:48 / Sample 9	90 Bass	
PowerFX	The Funk Master	Track 59 - 90 bpm -> TS 0:54 / Sample 10	90 Bass	
PowerFX	The Funk Master	Track 59 - 90 bpm -> TS 1:00 / Sample 11	90 Bass	
PowerFX	The Funk Master	Track 59 - 90 bpm -> TS 1:06 / Sample 12	90 Bass	
PowerFX	The Funk Master	Track 60 - 80 bpm -> TS 0:00 / Sample 1	80 Bass	
PowerFX	The Funk Master	Track 60 - 80 bpm -> TS 0:06 / Sample 2	80 Bass	
PowerFX	The Funk Master	Track 60 - 80 bpm -> TS 0:13 / Sample 3	80 Bass	
PowerFX	The Funk Master	Track 60 - 80 bpm -> TS 0:19 / Sample 4	80 Bass	
PowerFX	The Funk Master	Track 60 - 80 bpm -> TS 0:26 / Sample 5	80 Bass	
PowerFX	The Funk Master	Track 60 - 80 bpm -> TS 0:32 / Sample 6	80 Bass	
PowerFX	The Funk Master	Track 61 - 130 bpm all in key of C -> TS 0:00 / Sample 1	130 Git	
PowerFX	The Funk Master	Track 61 - 130 bpm all in key of C -> TS 0:04 / Sample 2	130 Git	
PowerFX	The Funk Master	Track 61 - 130 bpm all in key of C -> TS 0:09 / Sample 3	130 Git	
PowerFX	The Funk Master	Track 61 - 130 bpm all in key of C -> TS 0:13 / Sample 4	130 Git	
PowerFX	The Funk Master	Track 61 - 130 bpm all in key of C -> TS 0:18 / Sample 5	130 Git	
PowerFX	The Funk Master	Track 61 - 130 bpm all in key of C -> TS 0:23 / Sample 6	130 Git	
PowerFX	The Funk Master	Track 61 - 130 bpm all in key of C -> TS 0:27 / Sample 7	130 Git	
PowerFX	The Funk Master	Track 61 - 130 bpm all in key of C -> TS 0:32 / Sample 8	130 Git	
PowerFX	The Funk Master	Track 61 - 130 bpm all in key of C -> TS 0:36 / Sample 9	130 Git	
PowerFX	The Funk Master	Track 61 - 130 bpm all in key of C -> TS 0:41 / Sample 10	130 Git	
PowerFX	The Funk Master	Track 61 - 130 bpm all in key of C -> TS 0:45 / Sample 11	130 Git	
PowerFX	The Funk Master	Track 61 - 130 bpm all in key of C -> TS 0:50 / Sample 12	130 Git	
PowerFX	The Funk Master	Track 62 - 120 bpm -> TS 0:00 / Sample 1	120 Git	
PowerFX	The Funk Master	Track 62 - 120 bpm -> TS 0:03 / Sample 2	120 Git	
PowerFX	The Funk Master	Track 62 - 120 bpm -> TS 0:08 / Sample 3	120 Git	
PowerFX	The Funk Master	Track 62 - 120 bpm -> TS 0:12 / Sample 4	120 Git	
PowerFX	The Funk Master	Track 62 - 120 bpm -> TS 0:17 / Sample 5	120 Git	
PowerFX	The Funk Master	Track 62 - 120 bpm -> TS 0:22 / Sample 6	120 Git	
PowerFX	The Funk Master	Track 62 - 120 bpm -> TS 0:26 / Sample 7	120 Git	
PowerFX	The Funk Master	Track 62 - 120 bpm -> TS 0:31 / Sample 8	120 Git	
PowerFX	The Funk Master	Track 62 - 120 bpm -> TS 0:35 / Sample 9	120 Git	
PowerFX	The Funk Master	Track 62 - 120 bpm -> TS 0:40 / Sample 10	120 Git	
PowerFX	The Funk Master	Track 62 - 120 bpm -> TS 0:44 / Sample 11	120 Git	
PowerFX	The Funk Master	Track 62 - 120 bpm -> TS 0:49 / Sample 12	120 Git	
PowerFX	The Funk Master	Track 63 - 110 bpm -> TS 0:00 / Sample 1	110 Git	
PowerFX	The Funk Master	Track 63 - 110 bpm -> TS 0:05 / Sample 2	110 Git	
PowerFX	The Funk Master	Track 63 - 110 bpm -> TS 0:10 / Sample 3	110 Git	
PowerFX	The Funk Master	Track 63 - 110 bpm -> TS 0:15 / Sample 4	110 Git	
PowerFX	The Funk Master	Track 63 - 110 bpm -> TS 0:20 / Sample 5	110 Git	
PowerFX	The Funk Master	Track 63 - 110 bpm -> TS 0:25 / Sample 6	110 Git	
PowerFX	The Funk Master	Track 63 - 110 bpm -> TS 0:30 / Sample 7	110 Git	
PowerFX	The Funk Master	Track 63 - 110 bpm -> TS 0:35 / Sample 8	110 Git	
PowerFX	The Funk Master	Track 63 - 110 bpm -> TS 0:40 / Sample 9	110 Git	
PowerFX	The Funk Master	Track 63 - 110 bpm -> TS 0:45 / Sample 10	110 Git	
PowerFX	The Funk Master	Track 63 - 110 bpm -> TS 0:50 / Sample 11	110 Git	
PowerFX	The Funk Master	Track 63 - 110 bpm -> TS 0:55 / Sample 12	110 Git	
PowerFX	The Funk Master	Track 64 - 100 bpm -> TS 0:00 / Sample 1	100 Git	
PowerFX	The Funk Master	Track 64 - 100 bpm -> TS 0:05 / Sample 2	100 Git	
PowerFX	The Funk Master	Track 64 - 100 bpm -> TS 0:10 / Sample 3	100 Git	
PowerFX	The Funk Master	Track 64 - 100 bpm -> TS 0:21 / Sample 4	100 Git	
PowerFX	The Funk Master	Track 64 - 100 bpm -> TS 0:31 / Sample 5	100 Git	
PowerFX	The Funk Master	Track 64 - 100 bpm -> TS 0:36 / Sample 6	100 Git	
PowerFX	The Funk Master	Track 64 - 100 bpm -> TS 0:42 / Sample 7	100 Git	
PowerFX	The Funk Master	Track 64 - 100 bpm -> TS 0:47 / Sample 8	100 Git	
PowerFX	The Funk Master	Track 64 - 100 bpm -> TS 0:53 / Sample 9	100 Git	
PowerFX	The Funk Master	Track 64 - 100 bpm -> TS 0:58 / Sample 10	100 Git	
PowerFX	The Funk Master	Track 64 - 100 bpm -> TS 1:04 / Sample 11	100 Git	
PowerFX	The Funk Master	Track 65 - 90 bpm -> TS 0:00 / Sample 1	90 Git	
PowerFX	The Funk Master	Track 65 - 90 bpm -> TS 0:06 / Sample 2	90 Git	
PowerFX	The Funk Master	Track 65 - 90 bpm -> TS 0:12 / Sample 3	90 Git	
PowerFX	The Funk Master	Track 65 - 90 bpm -> TS 0:18 / Sample 4	90 Git	
PowerFX	The Funk Master	Track 65 - 90 bpm -> TS 0:24 / Sample 5	90 Git	
PowerFX	The Funk Master	Track 65 - 90 bpm -> TS 0:30 / Sample 6	90 Git	
PowerFX	The Funk Master	Track 65 - 90 bpm -> TS 0:36 / Sample 7	90 Git	
PowerFX	The Funk Master	Track 65 - 90 bpm -> TS 0:42 / Sample 8	90 Git	
PowerFX	The Funk Master	Track 65 - 90 bpm -> TS 0:48 / Sample 9	90 Git	
PowerFX	The Funk Master	Track 65 - 90 bpm -> TS 0:54 / Sample 10	90 Git	
PowerFX	The Funk Master	Track 65 - 90 bpm -> TS 1:00 / Sample 11	90 Git	
PowerFX	The Funk Master	Track 65 - 90 bpm -> TS 1:06 / Sample 12	90 Git	
PowerFX	The Funk Master	Track 66 - 80 bpm -> TS 0:00 / Sample 1	80 Git	
PowerFX	The Funk Master	Track 66 - 80 bpm -> TS 0:06 / Sample 2	80 Git	
PowerFX	The Funk Master	Track 66 - 80 bpm -> TS 0:13 / Sample 3	80 Git	
PowerFX	The Funk Master	Track 66 - 80 bpm -> TS 0:19 / Sample 4	80 Git	
PowerFX	The Funk Master	Track 66 - 80 bpm -> TS 0:26 / Sample 5	80 Git	
PowerFX	The Funk Master	Track 66 - 80 bpm -> TS 0:32 / Sample 6	80 Git	
PowerFX	The Funk Master	Track 67 - 130 bpm -> TS 0:00 / Sample 1	130 Per	
PowerFX	The Funk Master	Track 67 - 130 bpm -> TS 0:04 / Sample 2	130 Per	
PowerFX	The Funk Master	Track 67 - 130 bpm -> TS 0:09 / Sample 3	130 Per	
PowerFX	The Funk Master	Track 67 - 130 bpm -> TS 0:13 / Sample 4	130 Per	
PowerFX	The Funk Master	Track 67 - 130 bpm -> TS 0:18 / Sample 5	130 Per	
PowerFX	The Funk Master	Track 67 - 130 bpm -> TS 0:22 / Sample 6	130 Per	
PowerFX	The Funk Master	Track 67 - 130 bpm -> TS 0:27 / Sample 7	130 Per	
PowerFX	The Funk Master	Track 67 - 130 bpm -> TS 0:31 / Sample 8	130 Per	
PowerFX	The Funk Master	Track 67 - 130 bpm -> TS 0:36 / Sample 9	130 Per	
PowerFX	The Funk Master	Track 67 - 130 bpm -> TS 0:40 / Sample 10	130 Per	
PowerFX	The Funk Master	Track 67 - 130 bpm -> TS 0:45 / Sample 11	130 Per	
PowerFX	The Funk Master	Track 67 - 130 bpm -> TS 0:49 / Sample 12	130 Per	
PowerFX	The Funk Master	Track 68 - 120 bpm -> TS 0:00 / Sample 1	120 Per	
PowerFX	The Funk Master	Track 68 - 120 bpm -> TS 0:04 / Sample 2	120 Per	
PowerFX	The Funk Master	Track 68 - 120 bpm -> TS 0:08 / Sample 3	120 Per	
PowerFX	The Funk Master	Track 68 - 120 bpm -> TS 0:13 / Sample 4	120 Per	
PowerFX	The Funk Master	Track 68 - 120 bpm -> TS 0:18 / Sample 5	120 Per	
PowerFX	The Funk Master	Track 68 - 120 bpm -> TS 0:22 / Sample 6	120 Per	
PowerFX	The Funk Master	Track 68 - 120 bpm -> TS 0:27 / Sample 7	120 Per	
PowerFX	The Funk Master	Track 68 - 120 bpm -> TS 0:31 / Sample 8	120 Per	
PowerFX	The Funk Master	Track 68 - 120 bpm -> TS 0:36 / Sample 9	120 Per	
PowerFX	The Funk Master	Track 68 - 120 bpm -> TS 0:41 / Sample 10	120 Per	
PowerFX	The Funk Master	Track 68 - 120 bpm -> TS 0:45 / Sample 11	120 Per	
PowerFX	The Funk Master	Track 68 - 120 bpm -> TS 0:50 / Sample 12	120 Per	
PowerFX	The Funk Master	Track 69 - 110 bpm -> TS 0:00 / Sample 1	110 Per	
PowerFX	The Funk Master	Track 69 - 110 bpm -> TS 0:05 / Sample 2	110 Per	
PowerFX	The Funk Master	Track 69 - 110 bpm -> TS 0:10 / Sample 3	110 Per	
PowerFX	The Funk Master	Track 69 - 110 bpm -> TS 0:15 / Sample 4	110 Per	
PowerFX	The Funk Master	Track 69 - 110 bpm -> TS 0:20 / Sample 5	110 Per	
PowerFX	The Funk Master	Track 69 - 110 bpm -> TS 0:25 / Sample 6	110 Per	
PowerFX	The Funk Master	Track 69 - 110 bpm -> TS 0:30 / Sample 7	110 Per	
PowerFX	The Funk Master	Track 69 - 110 bpm -> TS 0:35 / Sample 8	110 Per	
PowerFX	The Funk Master	Track 69 - 110 bpm -> TS 0:40 / Sample 9	110 Per	
PowerFX	The Funk Master	Track 69 - 110 bpm -> TS 0:45 / Sample 10	110 Per	
PowerFX	The Funk Master	Track 69 - 110 bpm -> TS 0:50 / Sample 11	110 Per	
PowerFX	The Funk Master	Track 69 - 110 bpm -> TS 0:55 / Sample 12	110 Per	
PowerFX	The Funk Master	Track 70 - 100 bpm -> TS 0:00 / Sample 1	100 Per	
PowerFX	The Funk Master	Track 70 - 100 bpm -> TS 0:05 / Sample 2	100 Per	
PowerFX	The Funk Master	Track 70 - 100 bpm -> TS 0:11 / Sample 3	100 Per	
PowerFX	The Funk Master	Track 70 - 100 bpm -> TS 0:16 / Sample 4	100 Per	
PowerFX	The Funk Master	Track 70 - 100 bpm -> TS 0:22 / Sample 5	100 Per	
PowerFX	The Funk Master	Track 70 - 100 bpm -> TS 0:27 / Sample 6	100 Per	
PowerFX	The Funk Master	Track 70 - 100 bpm -> TS 0:33 / Sample 7	100 Per	
PowerFX	The Funk Master	Track 70 - 100 bpm -> TS 0:38 / Sample 8	100 Per	
PowerFX	The Funk Master	Track 70 - 100 bpm -> TS 0:44 / Sample 9	100 Per	
PowerFX	The Funk Master	Track 70 - 100 bpm -> TS 0:50 / Sample 10	100 Per	
PowerFX	The Funk Master	Track 70 - 100 bpm -> TS 0:55 / Sample 11	100 Per	
PowerFX	The Funk Master	Track 71 - 90 bpm -> TS 0:00 / Sample 1	90 Per	
PowerFX	The Funk Master	Track 71 - 90 bpm -> TS 0:03 / Sample 2	90 Per	
PowerFX	The Funk Master	Track 71 - 90 bpm -> TS 0:09 / Sample 3	90 Per	
PowerFX	The Funk Master	Track 71 - 90 bpm -> TS 0:15 / Sample 4	90 Per	
PowerFX	The Funk Master	Track 71 - 90 bpm -> TS 0:21 / Sample 5	90 Per	
PowerFX	The Funk Master	Track 71 - 90 bpm -> TS 0:27 / Sample 6	90 Per	
PowerFX	The Funk Master	Track 71 - 90 bpm -> TS 0:33 / Sample 7	90 Per	
PowerFX	The Funk Master	Track 71 - 90 bpm -> TS 0:40 / Sample 8	90 Per	
PowerFX	The Funk Master	Track 71 - 90 bpm -> TS 0:46 / Sample 9	90 Per	
PowerFX	The Funk Master	Track 71 - 90 bpm -> TS 0:52 / Sample 10	90 Per	
PowerFX	The Funk Master	Track 71 - 90 bpm -> TS 0:57 / Sample 11	90 Per	
PowerFX	The Funk Master	Track 71 - 90 bpm -> TS 1:04 / Sample 12	90 Per	
PowerFX	The Funk Master	Track 72 - 80 bpm -> TS 0:00 / Sample 1	80 Per	
PowerFX	The Funk Master	Track 72 - 80 bpm -> TS 0:06 / Sample 2	80 Per	
PowerFX	The Funk Master	Track 72 - 80 bpm -> TS 0:13 / Sample 3	80 Per	
PowerFX	The Funk Master	Track 72 - 80 bpm -> TS 0:19 / Sample 4	80 Per	
PowerFX	The Funk Master	Track 72 - 80 bpm -> TS 0:26 / Sample 5	80 Per	
PowerFX	The Funk Master	Track 72 - 80 bpm -> TS 0:32 / Sample 6	80 Per	
PowerFX	The Funk Master	Track 72 - 80 bpm -> TS 0:39		Unlisted
PowerFX	The Funk Master	Track 73 - 130 bpm in key of C -> TS 0:00 / Sample 1	130 Sax	
PowerFX	The Funk Master	Track 73 - 130 bpm in key of C -> TS 0:04 / Sample 2	130 Sax	
PowerFX	The Funk Master	Track 73 - 130 bpm in key of C -> TS 0:07 / Sample 3	130 Sax	
PowerFX	The Funk Master	Track 73 - 130 bpm in key of C -> TS 0:11 / Sample 4	130 Sax	
PowerFX	The Funk Master	Track 73 - 130 bpm in key of C -> TS 0:13 / Sample 5	130 Sax	
PowerFX	The Funk Master	Track 73 - 130 bpm in key of C -> TS 0:16 / Sample 6	130 Sax	
PowerFX	The Funk Master	Track 73 - 130 bpm in key of C -> TS 0:18 / Sample 7	130 Sax	
PowerFX	The Funk Master	Track 73 - 130 bpm in key of C -> TS 0:22 / Sample 8	130 Sax	
PowerFX	The Funk Master	Track 73 - 130 bpm in key of C -> TS 0:25 / Sample 9	130 Sax	
PowerFX	The Funk Master	Track 73 - 130 bpm in key of C -> TS 0:28 / Sample 10	130 Sax	
PowerFX	The Funk Master	Track 73 - 130 bpm in key of C -> TS 0:32 / Sample 11	130 Sax	
PowerFX	The Funk Master	Track 73 - 130 bpm in key of C -> TS 0:35 / Sample 12	130 Sax	
PowerFX	The Funk Master	Track 74 - 120 bpm -> TS 0:00 / Sample 1	120 Sax	
PowerFX	The Funk Master	Track 74 - 120 bpm -> TS 0:03 / Sample 2	120 Sax	
PowerFX	The Funk Master	Track 74 - 120 bpm -> TS 0:06 / Sample 3	120 Sax	
PowerFX	The Funk Master	Track 74 - 120 bpm -> TS 0:10 / Sample 4	120 Sax	
PowerFX	The Funk Master	Track 74 - 120 bpm -> TS 0:14 / Sample 5	120 Sax	
PowerFX	The Funk Master	Track 74 - 120 bpm -> TS 0:17 / Sample 6	120 Sax	
PowerFX	The Funk Master	Track 74 - 120 bpm -> TS 0:21 / Sample 7	120 Sax	
PowerFX	The Funk Master	Track 74 - 120 bpm -> TS 0:24 / Sample 8	120 Sax	
PowerFX	The Funk Master	Track 74 - 120 bpm -> TS 0:30 / Sample 9	120 Sax	
PowerFX	The Funk Master	Track 74 - 120 bpm -> TS 0:34 / Sample 10	120 Sax	
PowerFX	The Funk Master	Track 74 - 120 bpm -> TS 0:38 / Sample 11	120 Sax	
PowerFX	The Funk Master	Track 74 - 120 bpm -> TS 0:40 / Sample 12	120 Sax	
PowerFX	The Funk Master	Track 75 - 110 bpm -> TS 0:00 / Sample 1	110 Sax	
PowerFX	The Funk Master	Track 75 - 110 bpm -> TS 0:02 / Sample 2	110 Sax	
PowerFX	The Funk Master	Track 75 - 110 bpm -> TS 0:04 / Sample 3	110 Sax	
PowerFX	The Funk Master	Track 75 - 110 bpm -> TS 0:08 / Sample 4	110 Sax	
PowerFX	The Funk Master	Track 75 - 110 bpm -> TS 0:12 / Sample 5	110 Sax	
PowerFX	The Funk Master	Track 75 - 110 bpm -> TS 0:14 / Sample 6	110 Sax	
PowerFX	The Funk Master	Track 75 - 110 bpm -> TS 0:17 / Sample 7	110 Sax	
PowerFX	The Funk Master	Track 75 - 110 bpm -> TS 0:20 / Sample 8	110 Sax	
PowerFX	The Funk Master	Track 75 - 110 bpm -> TS 0:23 / Sample 9	110 Sax	
PowerFX	The Funk Master	Track 75 - 110 bpm -> TS 0:26 / Sample 10	110 Sax	
PowerFX	The Funk Master	Track 75 - 110 bpm -> TS 0:30 / Sample 11	110 Sax	
PowerFX	The Funk Master	Track 75 - 110 bpm -> TS 0:32 / Sample 12	110 Sax	
PowerFX	The Funk Master	Track 76 - 100 bpm -> TS 0:00 / Sample 1	100 Sax	
PowerFX	The Funk Master	Track 76 - 100 bpm -> TS 0:05 / Sample 2	100 Sax	
PowerFX	The Funk Master	Track 76 - 100 bpm -> TS 0:09 / Sample 3	100 Sax	
PowerFX	The Funk Master	Track 76 - 100 bpm -> TS 0:13 / Sample 4	100 Sax	
PowerFX	The Funk Master	Track 76 - 100 bpm -> TS 0:18 / Sample 5	100 Sax	
PowerFX	The Funk Master	Track 76 - 100 bpm -> TS 0:23 / Sample 6	100 Sax	
PowerFX	The Funk Master	Track 76 - 100 bpm -> TS 0:27 / Sample 7	100 Sax	
PowerFX	The Funk Master	Track 76 - 100 bpm -> TS 0:30 / Sample 8	100 Sax	
PowerFX	The Funk Master	Track 76 - 100 bpm -> TS 0:35 / Sample 9	100 Sax	
PowerFX	The Funk Master	Track 76 - 100 bpm -> TS 0:39 / Sample 10	100 Sax	
PowerFX	The Funk Master	Track 76 - 100 bpm -> TS 0:44 / Sample 11	100 Sax	
PowerFX	The Funk Master	Track 76 - 100 bpm -> TS 0:47 / Sample 12	100 Sax	
PowerFX	The Funk Master	Track 77 - 90 bpm -> TS 0:00 / Sample 1	90 Sax	
PowerFX	The Funk Master	Track 77 - 90 bpm -> TS 0:05 / Sample 2	90 Sax	
PowerFX	The Funk Master	Track 77 - 90 bpm -> TS 0:09 / Sample 3	90 Sax	
PowerFX	The Funk Master	Track 77 - 90 bpm -> TS 0:12 / Sample 4	90 Sax	
PowerFX	The Funk Master	Track 77 - 90 bpm -> TS 0:14 / Sample 5	90 Sax	
PowerFX	The Funk Master	Track 77 - 90 bpm -> TS 0:15 / Sample 6	90 Sax	
PowerFX	The Funk Master	Track 77 - 90 bpm -> TS 0:19 / Sample 7	90 Sax	
PowerFX	The Funk Master	Track 77 - 90 bpm -> TS 0:22 / Sample 8	90 Sax	
PowerFX	The Funk Master	Track 77 - 90 bpm -> TS 0:25 / Sample 9	90 Sax	
PowerFX	The Funk Master	Track 77 - 90 bpm -> TS 0:27 / Sample 10	90 Sax	
PowerFX	The Funk Master	Track 77 - 90 bpm -> TS 0:30 / Sample 11	90 Sax	
PowerFX	The Funk Master	Track 77 - 90 bpm -> TS 0:35 / Sample 12	90 Sax	
PowerFX	The Funk Master	Track 78 - 80 bpm -> TS 0:00 / Sample 1	80 Sax	
PowerFX	The Funk Master	Track 78 - 80 bpm -> TS 0:04 / Sample 2	80 Sax	
PowerFX	The Funk Master	Track 78 - 80 bpm -> TS 0:08 / Sample 3	80 Sax	
PowerFX	The Funk Master	Track 78 - 80 bpm -> TS 0:11 / Sample 4	80 Sax	
PowerFX	The Funk Master	Track 78 - 80 bpm -> TS 0:15 / Sample 5	80 Sax	
PowerFX	The Funk Master	Track 78 - 80 bpm -> TS 0:18		Unlisted
PowerFX	The Funk Master	Track 78 - 80 bpm -> TS 0:22 / Sample 6	80 Sax	
PowerFX	The Funk Master	Track 79 - 130 bpm -> TS 0:00 / Sample 1	130 Tam	
PowerFX	The Funk Master	Track 79 - 130 bpm -> TS 0:04 / Sample 2	130 Tam	
PowerFX	The Funk Master	Track 79 - 130 bpm -> TS 0:09 / Sample 3	130 Tam	
PowerFX	The Funk Master	Track 79 - 130 bpm -> TS 0:13 / Sample 4	130 Tam	
PowerFX	The Funk Master	Track 79 - 130 bpm -> TS 0:18 / Sample 5	130 Tam	
PowerFX	The Funk Master	Track 79 - 130 bpm -> TS 0:22 / Sample 6	130 Tam	
PowerFX	The Funk Master	Track 79 - 130 bpm -> TS 0:27 / Sample 7	130 Tam	
PowerFX	The Funk Master	Track 79 - 130 bpm -> TS 0:32 / Sample 8	130 Tam	
PowerFX	The Funk Master	Track 80 - 120 bpm -> TS 0:00 / Sample 1	120 Tam	
PowerFX	The Funk Master	Track 80 - 120 bpm -> TS 0:04 / Sample 2	120 Tam	
PowerFX	The Funk Master	Track 80 - 120 bpm -> TS 0:09 / Sample 3	120 Tam	
PowerFX	The Funk Master	Track 80 - 120 bpm -> TS 0:13 / Sample 4	120 Tam	
PowerFX	The Funk Master	Track 80 - 120 bpm -> TS 0:18 / Sample 5	120 Tam	
PowerFX	The Funk Master	Track 80 - 120 bpm -> TS 0:23 / Sample 6	120 Tam	
PowerFX	The Funk Master	Track 80 - 120 bpm -> TS 0:27 / Sample 7	120 Tam	
PowerFX	The Funk Master	Track 80 - 120 bpm -> TS 0:32 / Sample 8	120 Tam	
PowerFX	The Funk Master	Track 81 - 110 bpm -> TS 0:00 / Sample 1	110 Tam	
PowerFX	The Funk Master	Track 81 - 110 bpm -> TS 0:05 / Sample 2	110 Tam	
PowerFX	The Funk Master	Track 81 - 110 bpm -> TS 0:10 / Sample 3	110 Tam	
PowerFX	The Funk Master	Track 81 - 110 bpm -> TS 0:15 / Sample 4	110 Tam	
PowerFX	The Funk Master	Track 81 - 110 bpm -> TS 0:20 / Sample 5	110 Tam	
PowerFX	The Funk Master	Track 81 - 110 bpm -> TS 0:25 / Sample 6	110 Tam	
PowerFX	The Funk Master	Track 81 - 110 bpm -> TS 0:30 / Sample 7	110 Tam	
PowerFX	The Funk Master	Track 81 - 110 bpm -> TS 0:35 / Sample 8	110 Tam	
PowerFX	The Funk Master	Track 81 - 110 bpm -> TS 0:40 / Sample 9	110 Tam	
PowerFX	The Funk Master	Track 81 - 110 bpm -> TS 0:45 / Sample 10	110 Tam	
PowerFX	The Funk Master	Track 81 - 110 bpm -> TS 0:50 / Sample 11	110 Tam	
PowerFX	The Funk Master	Track 81 - 110 bpm -> TS 0:55 / Sample 12	110 Tam	
PowerFX	The Funk Master	Track 82 - 100 bpm -> TS 0:00 / Sample 1	100 Tam	
PowerFX	The Funk Master	Track 82 - 100 bpm -> TS 0:05 / Sample 2	100 Tam	
PowerFX	The Funk Master	Track 82 - 100 bpm -> TS 0:11 / Sample 3	100 Tam	
PowerFX	The Funk Master	Track 82 - 100 bpm -> TS 0:17 / Sample 4	100 Tam	
PowerFX	The Funk Master	Track 82 - 100 bpm -> TS 0:22 / Sample 5	100 Tam	
PowerFX	The Funk Master	Track 82 - 100 bpm -> TS 0:28 / Sample 6	100 Tam	
PowerFX	The Funk Master	Track 82 - 100 bpm -> TS 0:33 / Sample 7	100 Tam	
PowerFX	The Funk Master	Track 83 - 90 bpm -> TS 0:00 / Sample 1	90 Tam	
PowerFX	The Funk Master	Track 83 - 90 bpm -> TS 0:05 / Sample 2	90 Tam	
PowerFX	The Funk Master	Track 83 - 90 bpm -> TS 0:11 / Sample 3	90 Tam	
PowerFX	The Funk Master	Track 83 - 90 bpm -> TS 0:18 / Sample 4	90 Tam	
PowerFX	The Funk Master	Track 83 - 90 bpm -> TS 0:24 / Sample 5	90 Tam	
PowerFX	The Funk Master	Track 84 - 80 bpm -> TS 0:00 / Sample 1	80 Tam	
PowerFX	The Funk Master	Track 84 - 80 bpm -> TS 0:06 / Sample 2	80 Tam	
PowerFX	The Funk Master	Track 84 - 80 bpm -> TS 0:14 / Sample 3	80 Tam	
PowerFX	The Funk Master	Track 84 - 80 bpm -> TS 0:21 / Sample 4	80 Tam	
PowerFX	The Funk Master	Track 84 - 80 bpm -> TS 0:28 / Sample 5	80 Tam	
PowerFX	The Funk Master	Track 84 - 80 bpm -> TS 0:35 / Sample 6	80 Tam	
PowerFX	The Funk Master	Track 85 - Kick Drum -> TS 0:00 / Sample 1	Kick 1 loud	
PowerFX	The Funk Master	Track 85 - Kick Drum -> TS 0:01 / Sample 2	Kick 1 med	
PowerFX	The Funk Master	Track 85 - Kick Drum -> TS 0:03 / Sample 3	Kick 1 soft	
PowerFX	The Funk Master	Track 85 - Kick Drum -> TS 0:04 / Sample 4	Kick 2 loud	
PowerFX	The Funk Master	Track 85 - Kick Drum -> TS 0:06 / Sample 5	Kick 2 med	
PowerFX	The Funk Master	Track 85 - Kick Drum -> TS 0:07 / Sample 6	Kick 2 soft	
PowerFX	The Funk Master	Track 85 - Kick Drum -> TS 0:09 / Sample 7	Kick 3 loud	
PowerFX	The Funk Master	Track 85 - Kick Drum -> TS 0:10 / Sample 8	Kick 3 med	
PowerFX	The Funk Master	Track 85 - Kick Drum -> TS 0:12 / Sample 9	Kick 3 soft	
PowerFX	The Funk Master	Track 86 - Snare Drum -> TS 0:00 / Sample 1	Snare hits	
PowerFX	The Funk Master	Track 86 - Snare Drum -> TS 0:01 / Sample 2	Snare hits	
PowerFX	The Funk Master	Track 86 - Snare Drum -> TS 0:03 / Sample 3	Snare hits	
PowerFX	The Funk Master	Track 86 - Snare Drum -> TS 0:05 / Sample 4	Snare hits	
PowerFX	The Funk Master	Track 86 - Snare Drum -> TS 0:07 / Sample 5	Snare hits	
PowerFX	The Funk Master	Track 86 - Snare Drum -> TS 0:09 / Sample 6	Snare hits	
PowerFX	The Funk Master	Track 86 - Snare Drum -> TS 0:10 / Sample 7	Snare hits	
PowerFX	The Funk Master	Track 86 - Snare Drum -> TS 0:12 / Sample 8	Snare hits	
PowerFX	The Funk Master	Track 86 - Snare Drum -> TS 0:14 / Sample 9	Snare hits	
PowerFX	The Funk Master	Track 86 - Snare Drum -> TS 0:15 / Sample 10	Snare hits	
PowerFX	The Funk Master	Track 86 - Snare Drum -> TS 0:17 / Sample 11	Snare hits	
PowerFX	The Funk Master	Track 86 - Snare Drum -> TS 0:19 / Sample 12	Snare hits	
PowerFX	The Funk Master	Track 87 - Snare Drum -> TS 0:00 / Sample 1	Snare hits	
PowerFX	The Funk Master	Track 87 - Snare Drum -> TS 0:01 / Sample 2	Snare hits	
PowerFX	The Funk Master	Track 87 - Snare Drum -> TS 0:03 / Sample 3	Snare hits	
PowerFX	The Funk Master	Track 87 - Snare Drum -> TS 0:04 / Sample 4	Snare hits	
PowerFX	The Funk Master	Track 87 - Snare Drum -> TS 0:06 / Sample 5	Snare hits	
PowerFX	The Funk Master	Track 87 - Snare Drum -> TS 0:07 / Sample 6	Snare hits	
PowerFX	The Funk Master	Track 87 - Snare Drum -> TS 0:09 / Sample 7	Snare hits	
PowerFX	The Funk Master	Track 87 - Snare Drum -> TS 0:10 / Sample 8	Snare hits	
PowerFX	The Funk Master	Track 87 - Snare Drum -> TS 0:12 / Sample 9	Snare hits	
PowerFX	The Funk Master	Track 87 - Snare Drum -> TS 0:14 / Sample 10	Snare hits	
PowerFX	The Funk Master	Track 87 - Snare Drum -> TS 0:16 / Sample 11	Snare hits	
PowerFX	The Funk Master	Track 87 - Snare Drum -> TS 0:18 / Sample 12	Snare hits	
PowerFX	The Funk Master	Track 88 - Rim hits -> TS 0:00 / Sample 1	Rim hits	
PowerFX	The Funk Master	Track 88 - Rim hits -> TS 0:01 / Sample 2	Rim hits	
PowerFX	The Funk Master	Track 88 - Rim hits -> TS 0:03 / Sample 3	Rim hits	
PowerFX	The Funk Master	Track 88 - Rim hits -> TS 0:04 / Sample 4	Rim hits	
PowerFX	The Funk Master	Track 88 - Rim hits -> TS 0:06 / Sample 5	Rim hits	
PowerFX	The Funk Master	Track 88 - Rim hits -> TS 0:08 / Sample 6	Rim hits	
PowerFX	The Funk Master	Track 88 - Rim hits -> TS 0:10 / Sample 7	Rim hits	
PowerFX	The Funk Master	Track 88 - Rim hits -> TS 0:12 / Sample 8	Rim hits	
PowerFX	The Funk Master	Track 88 - Rim hits -> TS 0:13 / Sample 9	Rim hits	
PowerFX	The Funk Master	Track 88 - Rim hits -> TS 0:15 / Sample 10	Rim hits	
PowerFX	The Funk Master	Track 88 - Rim hits -> TS 0:17 / Sample 11	Rim hits	
PowerFX	The Funk Master	Track 88 - Rim hits -> TS 0:18 / Sample 12	Rim hits	
PowerFX	The Funk Master	Track 89 - Tom hits -> TS 0:00 / Sample 1	Toms	
PowerFX	The Funk Master	Track 89 - Tom hits -> TS 0:04 / Sample 2	Toms	
PowerFX	The Funk Master	Track 89 - Tom hits -> TS 0:07 / Sample 3	Toms	
PowerFX	The Funk Master	Track 89 - Tom hits -> TS 0:11 / Sample 4	Toms	
PowerFX	The Funk Master	Track 89 - Tom hits -> TS 0:16 / Sample 5	Toms	
PowerFX	The Funk Master	Track 89 - Tom hits -> TS 0:19 / Sample 6	Toms	
PowerFX	The Funk Master	Track 89 - Tom hits -> TS 0:22 / Sample 7	Toms	
PowerFX	The Funk Master	Track 89 - Tom hits -> TS 0:25 / Sample 8	Toms	
PowerFX	The Funk Master	Track 89 - Tom hits -> TS 0:29 / Sample 9	Toms	
PowerFX	The Funk Master	Track 89 - Tom hits -> TS 0:35 / Sample 10	Toms	
PowerFX	The Funk Master	Track 89 - Tom hits -> TS 0:41 / Sample 11	Toms	
PowerFX	The Funk Master	Track 90 - Tom hits -> TS 0:00 / Sample 1	Tom hits	
PowerFX	The Funk Master	Track 90 - Tom hits -> TS 0:04 / Sample 2	Tom hits	
PowerFX	The Funk Master	Track 90 - Tom hits -> TS 0:08 / Sample 3	Tom hits	
PowerFX	The Funk Master	Track 90 - Tom hits -> TS 0:11 / Sample 4	Tom hits	
PowerFX	The Funk Master	Track 90 - Tom hits -> TS 0:15 / Sample 5	Tom hits	
PowerFX	The Funk Master	Track 90 - Tom hits -> TS 0:19 / Sample 6	Tom hits	
PowerFX	The Funk Master	Track 91 - Hi Hats -> TS 0:00 / Sample 1	Hat hits	
PowerFX	The Funk Master	Track 91 - Hi Hats -> TS 0:02 / Sample 2	Hat hits	
PowerFX	The Funk Master	Track 91 - Hi Hats -> TS 0:03 / Sample 3	Hat hits	
PowerFX	The Funk Master	Track 91 - Hi Hats -> TS 0:06 / Sample 4	Hat hits	
PowerFX	The Funk Master	Track 91 - Hi Hats -> TS 0:07 / Sample 5	Hat hits	
PowerFX	The Funk Master	Track 91 - Hi Hats -> TS 0:09 / Sample 6	Hat hits	
PowerFX	The Funk Master	Track 91 - Hi Hats -> TS 0:13 / Sample 7	Hat hits	
PowerFX	The Funk Master	Track 91 - Hi Hats -> TS 0:15 / Sample 8	Hat hits	
PowerFX	The Funk Master	Track 91 - Hi Hats -> TS 0:18 / Sample 9	Hat hits	
PowerFX	The Funk Master	Track 91 - Hi Hats -> TS 0:20 / Sample 10	Hat hits	
PowerFX	The Funk Master	Track 91 - Hi Hats -> TS 0:23 / Sample 11	Hat hits	
PowerFX	The Funk Master	Track 92 - Cymbals -> TS 0:00 / Sample 1	Cymbals	
PowerFX	The Funk Master	Track 92 - Cymbals -> TS 0:06 / Sample 2	Cymbals	
PowerFX	The Funk Master	Track 92 - Cymbals -> TS 0:12 / Sample 3	Cymbals	
PowerFX	The Funk Master	Track 92 - Cymbals -> TS 0:19 / Sample 4	Cymbals	
PowerFX	The Funk Master	Track 92 - Cymbals -> TS 0:25 / Sample 5	Cymbals	
PowerFX	The Funk Master	Track 92 - Cymbals -> TS 0:32 / Sample 6	Cymbals	
PowerFX	The Funk Master	Track 92 - Cymbals -> TS 0:40 / Sample 7	Cymbals	
PowerFX	The Funk Master	Track 92 - Cymbals -> TS 0:43 / Sample 8	Cymbals	
PowerFX	The Funk Master	Track 92 - Cymbals -> TS 0:45 / Sample 9	Cymbals	
PowerFX	The Funk Master	Track 92 - Cymbals -> TS 0:48 / Sample 10	Cymbals	
PowerFX	The Funk Master	Track 93 - Cymbals -> TS 0:00 / Sample 1	Cymbals	
PowerFX	The Funk Master	Track 93 - Cymbals -> TS 0:06 / Sample 2	Cymbals	
PowerFX	The Funk Master	Track 93 - Cymbals -> TS 0:11 / Sample 3	Cymbals	
PowerFX	The Funk Master	Track 93 - Cymbals -> TS 0:15 / Sample 4	Cymbals	
PowerFX	The Funk Master	Track 93 - Cymbals -> TS 0:20 / Sample 5	Cymbals	
PowerFX	The Funk Master	Track 93 - Cymbals -> TS 0:23 / Sample 6	Cymbals	
PowerFX	The Funk Master	Track 94 - Bongos+Congas -> TS 0:00 / Sample 1	Bon+Con hits	
PowerFX	The Funk Master	Track 94 - Bongos+Congas -> TS 0:01 / Sample 2	Bon+Con hits	
PowerFX	The Funk Master	Track 94 - Bongos+Congas -> TS 0:02 / Sample 3	Bon+Con hits	
PowerFX	The Funk Master	Track 94 - Bongos+Congas -> TS 0:03 / Sample 4	Bon+Con hits	
PowerFX	The Funk Master	Track 94 - Bongos+Congas -> TS 0:04 / Sample 5	Bon+Con hits	
PowerFX	The Funk Master	Track 94 - Bongos+Congas -> TS 0:05 / Sample 6	Bon+Con hits	
PowerFX	The Funk Master	Track 94 - Bongos+Congas -> TS 0:06 / Sample 7	Bon+Con hits	
PowerFX	The Funk Master	Track 94 - Bongos+Congas -> TS 0:07 / Sample 8	Bon+Con hits	
PowerFX	The Funk Master	Track 94 - Bongos+Congas -> TS 0:08 / Sample 9	Bon+Con hits	
PowerFX	The Funk Master	Track 94 - Bongos+Congas -> TS 0:09 / Sample 10	Bon+Con hits	
PowerFX	The Funk Master	Track 94 - Bongos+Congas -> TS 0:10 / Sample 11	Bon+Con hits	
PowerFX	The Funk Master	Track 94 - Bongos+Congas -> TS 0:11 / Sample 12	Bon+Con hits	
PowerFX	The Funk Master	Track 95 - Conga hits -> TS 0:00 / Sample 1	Con hits	
PowerFX	The Funk Master	Track 95 - Conga hits -> TS 0:01 / Sample 2	Con hits	
PowerFX	The Funk Master	Track 95 - Conga hits -> TS 0:02 / Sample 3	Con hits	
PowerFX	The Funk Master	Track 95 - Conga hits -> TS 0:03 / Sample 4	Con hits	
PowerFX	The Funk Master	Track 95 - Conga hits -> TS 0:04 / Sample 5	Con hits	
PowerFX	The Funk Master	Track 95 - Conga hits -> TS 0:06 / Sample 6	Con hits	
PowerFX	The Funk Master	Track 95 - Conga hits -> TS 0:07 / Sample 7	Con hits	
PowerFX	The Funk Master	Track 95 - Conga hits -> TS 0:09 / Sample 8	Con hits	
PowerFX	The Funk Master	Track 95 - Conga hits -> TS 0:10 / Sample 9	Con hits	
PowerFX	The Funk Master	Track 95 - Conga hits -> TS 0:11 / Sample 10	Con hits	
PowerFX	The Funk Master	Track 95 - Conga hits -> TS 0:12 / Sample 11	Con hits	
PowerFX	The Funk Master	Track 95 - Conga hits -> TS 0:13		Unlisted
PowerFX	The Funk Master	Track 96 - Tamborine hits -> TS 0:00 / Sample 1	Tam hits	
PowerFX	The Funk Master	Track 96 - Tamborine hits -> TS 0:01 / Sample 2	Tam hits	
PowerFX	The Funk Master	Track 96 - Tamborine hits -> TS 0:02 / Sample 3	Tam hits	
PowerFX	The Funk Master	Track 96 - Tamborine hits -> TS 0:03 / Sample 4	Tam hits	
PowerFX	The Funk Master	Track 96 - Tamborine hits -> TS 0:13 / Sample 5	Tam hits	
PowerFX	The Funk Master	Track 96 - Tamborine hits -> TS 0:22 / Sample 6	Tam hits	
2rAw		(Released: March 2002)		Jump to top
PowerFX	The Funk Master	Acid Files -> Bass	026_130Monday_C_BASS	
PowerFX	The Funk Master	Acid Files -> Bass	036_120HenHouse_Bb_BASS	
PowerFX	The Funk Master	Acid Files -> Bass	041_120Joshin_C_BASS	
PowerFX	The Funk Master	Acid Files -> Bass	052_120TheBell_Dm_BASS	
PowerFX	The Funk Master	Acid Files -> Bass	062_120BarWalk_C_BASS	
PowerFX	The Funk Master	Acid Files -> Bass	082_110Throwin_Bb_BASS	
PowerFX	The Funk Master	Acid Files -> Bass	107_110CrowdedP_C_BASS	
PowerFX	The Funk Master	Acid Files -> Bass	112_110HamHang_C_BASS	
PowerFX	The Funk Master	Acid Files -> Bass	117_110OnIt_C_BASS	
PowerFX	The Funk Master	Acid Files -> Bass	144_100Leanin_C_BASS	
PowerFX	The Funk Master	Acid Files -> Bass	159_90SoSharp_C_BASS	
PowerFX	The Funk Master	Acid Files -> Bass	164_90FourX_Cm_BASS	
PowerFX	The Funk Master	Acid Files -> Bass	179_80OverHere_C_BASS	
PowerFX	The Funk Master	Acid Files -> Bass	363_105BASS_C_02	
PowerFX	The Funk Master	Acid Files -> Bass	364_120BASS_C_03	
PowerFX	The Funk Master	Acid Files -> Bass	366_120BASS_C_05	
PowerFX	The Funk Master	Acid Files -> Bass	368_120BASS_C_07	
PowerFX	The Funk Master	Acid Files -> Bass	369_120BASS_C_08	
PowerFX	The Funk Master	Acid Files -> Bass	371_120BASS_C_10	
PowerFX	The Funk Master	Acid Files -> Bass	375_110BASS_C_02	
PowerFX	The Funk Master	Acid Files -> Bass	377_110BASS_C_04	
PowerFX	The Funk Master	Acid Files -> Bass	378_110BASS_C_05	
PowerFX	The Funk Master	Acid Files -> Bass	379_110BASS_C_06	
PowerFX	The Funk Master	Acid Files -> Bass	380_110BASS_C_07	
PowerFX	The Funk Master	Acid Files -> Bass	381_110BASS_C_08	
PowerFX	The Funk Master	Acid Files -> Bass	383_110BASS_C_10	
PowerFX	The Funk Master	Acid Files -> Bass	386_100BASS_C_02	
PowerFX	The Funk Master	Acid Files -> Bass	389_100BASS_C_05	
PowerFX	The Funk Master	Acid Files -> Bass	391_100BASS_C_07	
PowerFX	The Funk Master	Acid Files -> Bass	394_100BASS_C_10	
PowerFX	The Funk Master	Acid Files -> Bass	395_100BASS_C_11	
PowerFX	The Funk Master	Acid Files -> Bass	399_90BASS_C_03	
PowerFX	The Funk Master	Acid Files -> Bass	405_90BASS_C_09	
PowerFX	The Funk Master	Acid Files -> Bass	406_90BASS_C_10	
PowerFX	The Funk Master	Acid Files -> Drums	003_130GotTo_DRUMS	
PowerFX	The Funk Master	Acid Files -> Drums	012_130TakeMe_DRUMS	
PowerFX	The Funk Master	Acid Files -> Drums	037_120HenHouse_DRUMS	
PowerFX	The Funk Master	Acid Files -> Drums	048_120Kingsmen_DRUMS	
PowerFX	The Funk Master	Acid Files -> Drums	053_120TheBell_DRUMS	
PowerFX	The Funk Master	Acid Files -> Drums	058_120Super_DMCN	
PowerFX	The Funk Master	Acid Files -> Drums	063_120BarWalk_DRUMS	
PowerFX	The Funk Master	Acid Files -> Drums	073_120FunkyFloor_DRUMS	
PowerFX	The Funk Master	Acid Files -> Drums	083_110Throwin_DRUMS	
PowerFX	The Funk Master	Acid Files -> Drums	088_110Cents_DRUMS	
PowerFX	The Funk Master	Acid Files -> Drums	113_110HamHang_C_DRUMS	
PowerFX	The Funk Master	Acid Files -> Drums	118_110OnIt_DRUMS	
PowerFX	The Funk Master	Acid Files -> Drums	145_100Leanin_DRUMS	
PowerFX	The Funk Master	Acid Files -> Drums	160_90SoSharp_DRUMS	
PowerFX	The Funk Master	Acid Files -> Drums	171_105Swingin_DRUMS	
PowerFX	The Funk Master	Acid Files -> Drums	180_80OverHere_DRUMS	
PowerFX	The Funk Master	Acid Files -> Drums	196_85DRUM_07	
PowerFX	The Funk Master	Acid Files -> Drums	197_130DRUM_08	
PowerFX	The Funk Master	Acid Files -> Drums	199_130DRUM_10	
PowerFX	The Funk Master	Acid Files -> Drums	200_130DRUM_11	
PowerFX	The Funk Master	Acid Files -> Drums	201_130DRUM_12	
PowerFX	The Funk Master	Acid Files -> Drums	202_130DRUM_13	
PowerFX	The Funk Master	Acid Files -> Drums	214_130DRUM_25	
PowerFX	The Funk Master	Acid Files -> Drums	224_120DRUM_05	
PowerFX	The Funk Master	Acid Files -> Drums	229_120DRUM_10	
PowerFX	The Funk Master	Acid Files -> Drums	231_120DRUM_12	
PowerFX	The Funk Master	Acid Files -> Drums	232_120DRUM_13	
PowerFX	The Funk Master	Acid Files -> Drums	233_120DRUM_14	
PowerFX	The Funk Master	Acid Files -> Drums	234_120DRUM_15	
PowerFX	The Funk Master	Acid Files -> Drums	235_120DRUM_16	
PowerFX	The Funk Master	Acid Files -> Drums	236_120DRUM_17	
PowerFX	The Funk Master	Acid Files -> Drums	241_120DRUM_22	
PowerFX	The Funk Master	Acid Files -> Drums	261_120DRUM_42	
PowerFX	The Funk Master	Acid Files -> Drums	264_110DRUM_02	
PowerFX	The Funk Master	Acid Files -> Drums	265_110DRUM_03	
PowerFX	The Funk Master	Acid Files -> Drums	266_110DRUM_04	
PowerFX	The Funk Master	Acid Files -> Drums	267_110DRUM_05	
PowerFX	The Funk Master	Acid Files -> Drums	268_110DRUM_06	
PowerFX	The Funk Master	Acid Files -> Drums	270_110DRUM_08	
PowerFX	The Funk Master	Acid Files -> Drums	271_110DRUM_09	
PowerFX	The Funk Master	Acid Files -> Drums	272_110DRUM_10	
PowerFX	The Funk Master	Acid Files -> Drums	276_110DRUM_14	
PowerFX	The Funk Master	Acid Files -> Drums	280_110DRUM_18	
PowerFX	The Funk Master	Acid Files -> Drums	289_100DRUM_03	
PowerFX	The Funk Master	Acid Files -> Drums	290_100DRUM_04	
PowerFX	The Funk Master	Acid Files -> Drums	291_100DRUM_05	
PowerFX	The Funk Master	Acid Files -> Drums	292_100DRUM_06	
PowerFX	The Funk Master	Acid Files -> Drums	294_100DRUM_08	
PowerFX	The Funk Master	Acid Files -> Drums	295_100DRUM_09	
PowerFX	The Funk Master	Acid Files -> Drums	296_100DRUM_10	
PowerFX	The Funk Master	Acid Files -> Drums	299_90DRUM_03	
PowerFX	The Funk Master	Acid Files -> Drums	301_90DRUM_05	
PowerFX	The Funk Master	Acid Files -> Drums	302_90DRUM_06	
PowerFX	The Funk Master	Acid Files -> Drums	304_90DRUM_08	
PowerFX	The Funk Master	Acid Files -> Drums	305_90DRUM_09	
PowerFX	The Funk Master	Acid Files -> Drums	306_90DRUM_10	
PowerFX	The Funk Master	Acid Files -> Drums	316_90DRUM_20	
PowerFX	The Funk Master	Acid Files -> Drums	334_80DRUM_02	
PowerFX	The Funk Master	Acid Files -> Drums	337_80DRUM_05	
PowerFX	The Funk Master	Acid Files -> Drums	338_80DRUM_06	
PowerFX	The Funk Master	Acid Files -> Drums	341_80DRUM_09	
PowerFX	The Funk Master	Acid Files -> Drums	342_1050DRUM_10	
PowerFX	The Funk Master	Acid Files -> Drums	343_105DRUM_11	
PowerFX	The Funk Master	Acid Files -> Drums	344_105DRUM_12	
PowerFX	The Funk Master	Acid Files -> guitar	038_120HenHouse_Bb_GITCO	
PowerFX	The Funk Master	Acid Files -> guitar	039_125HenHouse_Bb_GITPK	
PowerFX	The Funk Master	Acid Files -> guitar	043_120Joshin_C_GITPK	
PowerFX	The Funk Master	Acid Files -> guitar	050_120Kingsmen_D_GITPK	
PowerFX	The Funk Master	Acid Files -> guitar	054_120TheBell_Dm_GITCO	
PowerFX	The Funk Master	Acid Files -> guitar	055_120TheBell_Dm_GITPK	
PowerFX	The Funk Master	Acid Files -> guitar	064_120BarWalk_C_GITCO	
PowerFX	The Funk Master	Acid Files -> guitar	074_120FunkyFloor_Bb_GITPK	
PowerFX	The Funk Master	Acid Files -> guitar	085_110Throwin_Bb_GITPK	
PowerFX	The Funk Master	Acid Files -> guitar	100_110TheWay_D_GITPK	
PowerFX	The Funk Master	Acid Files -> guitar	109_110CrowdedP_C_GITCO	
PowerFX	The Funk Master	Acid Files -> guitar	114_110HamHang_C_GITWA	
PowerFX	The Funk Master	Acid Files -> guitar	119_110OnIt_C_GITPK	
PowerFX	The Funk Master	Acid Files -> guitar	146_100Leanin_C_GITCO	
PowerFX	The Funk Master	Acid Files -> guitar	151_120LightUp_C_GITCO	
PowerFX	The Funk Master	Acid Files -> guitar	152_120LightUp_C_GITPK	
PowerFX	The Funk Master	Acid Files -> guitar	156_90Ready_C_GITCO	
PowerFX	The Funk Master	Acid Files -> guitar	157_90Ready_C_GITPK	
PowerFX	The Funk Master	Acid Files -> guitar	161_90SoSharp_C_GITCO	
PowerFX	The Funk Master	Acid Files -> guitar	181_80OverHere_C_GITCO	
PowerFX	The Funk Master	Acid Files -> guitar	417_130GUITAR_C_03	
PowerFX	The Funk Master	Acid Files -> guitar	419_130GUITAR_C_05	
PowerFX	The Funk Master	Acid Files -> guitar	420_130GUITAR_C_06	
PowerFX	The Funk Master	Acid Files -> guitar	425_130GUITAR_C_11	
PowerFX	The Funk Master	Acid Files -> guitar	430_120GUITAR_C_04	
PowerFX	The Funk Master	Acid Files -> guitar	432_120GUITAR_C_06	
PowerFX	The Funk Master	Acid Files -> guitar	433_120GUITAR_C_07	
PowerFX	The Funk Master	Acid Files -> guitar	434_120GUITAR_C_08	
PowerFX	The Funk Master	Acid Files -> guitar	436_120GUITAR_C_10	
PowerFX	The Funk Master	Acid Files -> guitar	437_120GUITAR_C_11	
PowerFX	The Funk Master	Acid Files -> guitar	438_120GUITAR_C_12	
PowerFX	The Funk Master	Acid Files -> guitar	439_110GUITAR_C_ 01	
PowerFX	The Funk Master	Acid Files -> guitar	441_110GUITAR_C_ 03	
PowerFX	The Funk Master	Acid Files -> guitar	442_110GUITAR_C_04	
PowerFX	The Funk Master	Acid Files -> guitar	443_110GUITAR_C_05	
PowerFX	The Funk Master	Acid Files -> guitar	445_110GUITAR_C_07	
PowerFX	The Funk Master	Acid Files -> guitar	446_110GUITAR_C_08	
PowerFX	The Funk Master	Acid Files -> guitar	448_110GUITAR_C_10	
PowerFX	The Funk Master	Acid Files -> guitar	449_110GUITAR_C_11	
PowerFX	The Funk Master	Acid Files -> guitar	454_100GUITAR_C_04	
PowerFX	The Funk Master	Acid Files -> guitar	456_100GUITAR_C_06	
PowerFX	The Funk Master	Acid Files -> guitar	457_100GUITAR_C_07	
PowerFX	The Funk Master	Acid Files -> guitar	461_100GUITAR_C_11	
PowerFX	The Funk Master	Acid Files -> guitar	464_90GUITAR_C_03	
PowerFX	The Funk Master	Acid Files -> guitar	466_90GUITAR_C_05	
PowerFX	The Funk Master	Acid Files -> guitar	468_90GUITAR_C_07	
PowerFX	The Funk Master	Acid Files -> guitar	472_90GUITAR_C_11	
PowerFX	The Funk Master	Acid Files -> guitar	473_90GUITAR_C_12	
PowerFX	The Funk Master	Acid Files -> guitar	474_80GUITAR_C_01	
PowerFX	The Funk Master	Acid Files -> guitar	477_80GUITAR_C_04	
PowerFX	The Funk Master	Acid Files -> guitar	479_80GUITAR_C_06	
PowerFX	The Funk Master	Acid Files -> percussion	075_120FunkyFloor_BNTE	
PowerFX	The Funk Master	Acid Files -> percussion	115_110HamHang_CONGA	
PowerFX	The Funk Master	Acid Files -> percussion	120_110OnIt_BONGO	
PowerFX	The Funk Master	Acid Files -> percussion	482_130PERC_03	
PowerFX	The Funk Master	Acid Files -> percussion	483_130PERC_04	
PowerFX	The Funk Master	Acid Files -> percussion	484_130PERC_05	
PowerFX	The Funk Master	Acid Files -> percussion	488_135PERC_09	
PowerFX	The Funk Master	Acid Files -> percussion	489_130PERC_10	
PowerFX	The Funk Master	Acid Files -> percussion	490_130PERC_11	
PowerFX	The Funk Master	Acid Files -> percussion	491_130PERC_12	
PowerFX	The Funk Master	Acid Files -> percussion	495_120PERC_04	
PowerFX	The Funk Master	Acid Files -> percussion	496_120PERC_05	
PowerFX	The Funk Master	Acid Files -> percussion	497_120PERC_06	
PowerFX	The Funk Master	Acid Files -> percussion	499_125PERC_08	
PowerFX	The Funk Master	Acid Files -> percussion	500_120PERC_09	
PowerFX	The Funk Master	Acid Files -> percussion	501_120PERC_10	
PowerFX	The Funk Master	Acid Files -> percussion	503_120PERC_12	
PowerFX	The Funk Master	Acid Files -> percussion	504_110PERC_01	
PowerFX	The Funk Master	Acid Files -> percussion	505_110PERC_02	
PowerFX	The Funk Master	Acid Files -> percussion	509_110PERC_06	
PowerFX	The Funk Master	Acid Files -> percussion	510_110PERC_07	
PowerFX	The Funk Master	Acid Files -> percussion	511_110PERC_08	
PowerFX	The Funk Master	Acid Files -> percussion	512_110PERC_09	
PowerFX	The Funk Master	Acid Files -> percussion	514_110PERC_11	
PowerFX	The Funk Master	Acid Files -> percussion	516_100PERC_01	
PowerFX	The Funk Master	Acid Files -> percussion	517_100PERC_02	
PowerFX	The Funk Master	Acid Files -> percussion	520_100PERC_05	
PowerFX	The Funk Master	Acid Files -> percussion	523_100PERC_08	
PowerFX	The Funk Master	Acid Files -> percussion	524_100PERC_09	
PowerFX	The Funk Master	Acid Files -> percussion	525_100PERC_10	
PowerFX	The Funk Master	Acid Files -> percussion	527_90PERC_01	
PowerFX	The Funk Master	Acid Files -> percussion	528_90PERC_02	
PowerFX	The Funk Master	Acid Files -> percussion	529_90PERC_03	
PowerFX	The Funk Master	Acid Files -> percussion	530_90PERC_04	
PowerFX	The Funk Master	Acid Files -> percussion	536_90PERC_10	
PowerFX	The Funk Master	Acid Files -> percussion	541_80PERC_03	
PowerFX	The Funk Master	Acid Files -> percussion	542_80PERC_04	
PowerFX	The Funk Master	Acid Files -> percussion	543_80PERC_05	
PowerFX	The Funk Master	Acid Files -> percussion	544_80PERC_06	
PowerFX	The Funk Master	Acid Files -> percussion	545_80PERC_07	
PowerFX	The Funk Master	Acid Files -> percussion	620_120TAMBORINE_01	
PowerFX	The Funk Master	Acid Files -> percussion	622_120TAMBORINE_03	
PowerFX	The Funk Master	Acid Files -> percussion	626_120TAMBORINE_07	
PowerFX	The Funk Master	Acid Files -> percussion	627_75TAMBORINE_08	
PowerFX	The Funk Master	Acid Files -> percussion	628_110TAMBORINE_01	
PowerFX	The Funk Master	Acid Files -> percussion	632_110TAMBORINE_05	
PowerFX	The Funk Master	Acid Files -> percussion	633_110TAMBORINE_06	
PowerFX	The Funk Master	Acid Files -> percussion	647_120TAMBORINE_01	
PowerFX	The Funk Master	Acid Files -> percussion	648_90TAMBORINE_02	
PowerFX	The Funk Master	Acid Files -> percussion	651_95TAMBORINE_05	
PowerFX	The Funk Master	Acid Files -> percussion	652_85TAMBORINE_01	
PowerFX	The Funk Master	Acid Files -> percussion	653_80TAMBORINE_02	
PowerFX	The Funk Master	Rex+Reason Files -> Redrum Drum Kits	funkmaster	
PowerFX	The Funk Master	Rex+Reason Files -> Redrum Drum Kits -> CONGAHIT	CONGAHIT_01	
PowerFX	The Funk Master	Rex+Reason Files -> Redrum Drum Kits -> CONGAHIT	CONGAHIT_02	
PowerFX	The Funk Master	Rex+Reason Files -> Redrum Drum Kits -> CONGAHIT	CONGAHIT_03	
PowerFX	The Funk Master	Rex+Reason Files -> Redrum Drum Kits -> CONGAHIT	CONGAHIT_04	
PowerFX	The Funk Master	Rex+Reason Files -> Redrum Drum Kits -> CONGAHIT	CONGAHIT_05	
PowerFX	The Funk Master	Rex+Reason Files -> Redrum Drum Kits -> CONGAHIT	CONGAHIT_06	
PowerFX	The Funk Master	Rex+Reason Files -> Redrum Drum Kits -> CONGAHIT	CONGAHIT_07	
PowerFX	The Funk Master	Rex+Reason Files -> Redrum Drum Kits -> CONGAHIT	CONGAHIT_08	
PowerFX	The Funk Master	Rex+Reason Files -> Redrum Drum Kits -> CONGAHIT	CONGAHIT_09	
PowerFX	The Funk Master	Rex+Reason Files -> Redrum Drum Kits -> CONGAHIT	CONGAHIT_10	
PowerFX	The Funk Master	Rex+Reason Files -> Redrum Drum Kits -> CONGAHIT	CONGAHIT_11	
PowerFX	The Funk Master	Rex+Reason Files -> Redrum Drum Kits -> CONGAHIT	CONGAHIT_12	
PowerFX	The Funk Master	Rex+Reason Files -> Redrum Drum Kits -> CONGAHIT	CONGAHIT_13	
PowerFX	The Funk Master	Rex+Reason Files -> Redrum Drum Kits -> CONGAHIT	CONGAHIT_14	
PowerFX	The Funk Master	Rex+Reason Files -> Redrum Drum Kits -> CONGAHIT	CONGAHIT_15	
PowerFX	The Funk Master	Rex+Reason Files -> Redrum Drum Kits -> CONGAHIT	CONGAHIT_16	
PowerFX	The Funk Master	Rex+Reason Files -> Redrum Drum Kits -> CONGAHIT	CONGAHIT_17	
PowerFX	The Funk Master	Rex+Reason Files -> Redrum Drum Kits -> CONGAHIT	CONGAHIT_18	
PowerFX	The Funk Master	Rex+Reason Files -> Redrum Drum Kits -> CONGAHIT	CONGAHIT_19	
PowerFX	The Funk Master	Rex+Reason Files -> Redrum Drum Kits -> CONGAHIT	CONGAHIT_20	
PowerFX	The Funk Master	Rex+Reason Files -> Redrum Drum Kits -> CRASH	CRASH_01	
PowerFX	The Funk Master	Rex+Reason Files -> Redrum Drum Kits -> CRASH	CRASH_02	
PowerFX	The Funk Master	Rex+Reason Files -> Redrum Drum Kits -> CRASH	CRASH_03	
PowerFX	The Funk Master	Rex+Reason Files -> Redrum Drum Kits -> CRASH	CRASH_04	
PowerFX	The Funk Master	Rex+Reason Files -> Redrum Drum Kits -> CRASH	CRASH_05	
PowerFX	The Funk Master	Rex+Reason Files -> Redrum Drum Kits -> CRASH	CRASH_06	
PowerFX	The Funk Master	Rex+Reason Files -> Redrum Drum Kits -> CRASH	CRASH_07	
PowerFX	The Funk Master	Rex+Reason Files -> Redrum Drum Kits -> CRASH	CRASH_08	
PowerFX	The Funk Master	Rex+Reason Files -> Redrum Drum Kits -> HIHATHIT	HIHATHIT_01	
PowerFX	The Funk Master	Rex+Reason Files -> Redrum Drum Kits -> HIHATHIT	HIHATHIT_02	
PowerFX	The Funk Master	Rex+Reason Files -> Redrum Drum Kits -> HIHATHIT	HIHATHIT_03	
PowerFX	The Funk Master	Rex+Reason Files -> Redrum Drum Kits -> HIHATHIT	HIHATHIT_04	
PowerFX	The Funk Master	Rex+Reason Files -> Redrum Drum Kits -> HIHATHIT	HIHATHIT_05	
PowerFX	The Funk Master	Rex+Reason Files -> Redrum Drum Kits -> HIHATHIT	HIHATHIT_06	
PowerFX	The Funk Master	Rex+Reason Files -> Redrum Drum Kits -> HIHATHIT	HIHATHIT_07	
PowerFX	The Funk Master	Rex+Reason Files -> Redrum Drum Kits -> HIHATHIT	HIHATHIT_08	
PowerFX	The Funk Master	Rex+Reason Files -> Redrum Drum Kits -> HIHATHIT	HIHATHIT_09	
PowerFX	The Funk Master	Rex+Reason Files -> Redrum Drum Kits -> HIHATHIT	HIHATHIT_10	
PowerFX	The Funk Master	Rex+Reason Files -> Redrum Drum Kits -> HIHATHIT	HIHATHIT_11	
PowerFX	The Funk Master	Rex+Reason Files -> Redrum Drum Kits -> KICK	KICKCRASH_07	
PowerFX	The Funk Master	Rex+Reason Files -> Redrum Drum Kits -> KICK	KICKLOUD_01	
PowerFX	The Funk Master	Rex+Reason Files -> Redrum Drum Kits -> KICK	KICKLOUD_04	
PowerFX	The Funk Master	Rex+Reason Files -> Redrum Drum Kits -> KICK	KICKLOUD_07	
PowerFX	The Funk Master	Rex+Reason Files -> Redrum Drum Kits -> KICK	KICKMED_02	
PowerFX	The Funk Master	Rex+Reason Files -> Redrum Drum Kits -> KICK	KICKMED_05	
PowerFX	The Funk Master	Rex+Reason Files -> Redrum Drum Kits -> KICK	KICKMED_08	
PowerFX	The Funk Master	Rex+Reason Files -> Redrum Drum Kits -> KICK	KICKSOFT_03	
PowerFX	The Funk Master	Rex+Reason Files -> Redrum Drum Kits -> KICK	KICKSOFT_06	
PowerFX	The Funk Master	Rex+Reason Files -> Redrum Drum Kits -> RIDE	RIDE_03	
PowerFX	The Funk Master	Rex+Reason Files -> Redrum Drum Kits -> RIDE	RIDE_04	
PowerFX	The Funk Master	Rex+Reason Files -> Redrum Drum Kits -> RIDE	RIDE_05	
PowerFX	The Funk Master	Rex+Reason Files -> Redrum Drum Kits -> RIDE	RIDE_06	
PowerFX	The Funk Master	Rex+Reason Files -> Redrum Drum Kits -> RIDE	RIDE_08	
PowerFX	The Funk Master	Rex+Reason Files -> Redrum Drum Kits -> RIDE	RIDE_09	
PowerFX	The Funk Master	Rex+Reason Files -> Redrum Drum Kits -> RIDE	RIDE_10	
PowerFX	The Funk Master	Rex+Reason Files -> Redrum Drum Kits -> RIMHIT	RIMHIT_01	
PowerFX	The Funk Master	Rex+Reason Files -> Redrum Drum Kits -> RIMHIT	RIMHIT_02	
PowerFX	The Funk Master	Rex+Reason Files -> Redrum Drum Kits -> RIMHIT	RIMHIT_03	
PowerFX	The Funk Master	Rex+Reason Files -> Redrum Drum Kits -> RIMHIT	RIMHIT_04	
PowerFX	The Funk Master	Rex+Reason Files -> Redrum Drum Kits -> RIMHIT	RIMHIT_05	
PowerFX	The Funk Master	Rex+Reason Files -> Redrum Drum Kits -> RIMHIT	RIMHIT_06	
PowerFX	The Funk Master	Rex+Reason Files -> Redrum Drum Kits -> RIMHIT	RIMHIT_07	
PowerFX	The Funk Master	Rex+Reason Files -> Redrum Drum Kits -> RIMHIT	RIMHIT_08	
PowerFX	The Funk Master	Rex+Reason Files -> Redrum Drum Kits -> RIMHIT	RIMHIT_09	
PowerFX	The Funk Master	Rex+Reason Files -> Redrum Drum Kits -> RIMHIT	RIMHIT_10	
PowerFX	The Funk Master	Rex+Reason Files -> Redrum Drum Kits -> RIMHIT	RIMHIT_11	
PowerFX	The Funk Master	Rex+Reason Files -> Redrum Drum Kits -> RIMHIT	RIMHIT_12	
PowerFX	The Funk Master	Rex+Reason Files -> Redrum Drum Kits -> SNAREHIT	SNAREHIT_01	
PowerFX	The Funk Master	Rex+Reason Files -> Redrum Drum Kits -> SNAREHIT	SNAREHIT_02	
PowerFX	The Funk Master	Rex+Reason Files -> Redrum Drum Kits -> SNAREHIT	SNAREHIT_03	
PowerFX	The Funk Master	Rex+Reason Files -> Redrum Drum Kits -> SNAREHIT	SNAREHIT_04	
PowerFX	The Funk Master	Rex+Reason Files -> Redrum Drum Kits -> SNAREHIT	SNAREHIT_05	
PowerFX	The Funk Master	Rex+Reason Files -> Redrum Drum Kits -> SNAREHIT	SNAREHIT_06	
PowerFX	The Funk Master	Rex+Reason Files -> Redrum Drum Kits -> SNAREHIT	SNAREHIT_07	
PowerFX	The Funk Master	Rex+Reason Files -> Redrum Drum Kits -> SNAREHIT	SNAREHIT_08	
PowerFX	The Funk Master	Rex+Reason Files -> Redrum Drum Kits -> SNAREHIT	SNAREHIT_09	
PowerFX	The Funk Master	Rex+Reason Files -> Redrum Drum Kits -> SNAREHIT	SNAREHIT_10	
PowerFX	The Funk Master	Rex+Reason Files -> Redrum Drum Kits -> SNAREHIT	SNAREHIT_11	
PowerFX	The Funk Master	Rex+Reason Files -> Redrum Drum Kits -> SNAREHIT	SNAREHIT_12	
PowerFX	The Funk Master	Rex+Reason Files -> Redrum Drum Kits -> SNAREHIT	SNAREHIT_13	
PowerFX	The Funk Master	Rex+Reason Files -> Redrum Drum Kits -> SNAREHIT	SNAREHIT_14	
PowerFX	The Funk Master	Rex+Reason Files -> Redrum Drum Kits -> SNAREHIT	SNAREHIT_15	
PowerFX	The Funk Master	Rex+Reason Files -> Redrum Drum Kits -> SNAREHIT	SNAREHIT_16	
PowerFX	The Funk Master	Rex+Reason Files -> Redrum Drum Kits -> SNAREHIT	SNAREHIT_17	
PowerFX	The Funk Master	Rex+Reason Files -> Redrum Drum Kits -> SNAREHIT	SNAREHIT_18	
PowerFX	The Funk Master	Rex+Reason Files -> Redrum Drum Kits -> SNAREHIT	SNAREHIT_19	
PowerFX	The Funk Master	Rex+Reason Files -> Redrum Drum Kits -> SNAREHIT	SNAREHIT_20	
PowerFX	The Funk Master	Rex+Reason Files -> Redrum Drum Kits -> SNAREHIT	SNAREHIT_21	
PowerFX	The Funk Master	Rex+Reason Files -> Redrum Drum Kits -> SNAREHIT	SNAREHIT_22	
PowerFX	The Funk Master	Rex+Reason Files -> Redrum Drum Kits -> tamborinehit	TAMBORINEHIT_01	
PowerFX	The Funk Master	Rex+Reason Files -> Redrum Drum Kits -> tamborinehit	TAMBORINEHIT_02	
PowerFX	The Funk Master	Rex+Reason Files -> Redrum Drum Kits -> tamborinehit	TAMBORINEHIT_03	
PowerFX	The Funk Master	Rex+Reason Files -> Redrum Drum Kits -> tamborinehit	TAMBORINEHIT_04	
PowerFX	The Funk Master	Rex+Reason Files -> Redrum Drum Kits -> tamborinehit	TAMBORINEHIT_05	
PowerFX	The Funk Master	Rex+Reason Files -> Redrum Drum Kits -> tamborinehit	TAMBORINEHIT_06	
PowerFX	The Funk Master	Rex+Reason Files -> Redrum Drum Kits -> TOMHIT	TOMHITS_01	
PowerFX	The Funk Master	Rex+Reason Files -> Redrum Drum Kits -> TOMHIT	TOMHITS_02	
PowerFX	The Funk Master	Rex+Reason Files -> Redrum Drum Kits -> TOMHIT	TOMHITS_03	
PowerFX	The Funk Master	Rex+Reason Files -> Redrum Drum Kits -> TOMHIT	TOMHITS_04	
PowerFX	The Funk Master	Rex+Reason Files -> Redrum Drum Kits -> TOMHIT	TOMHITS_05	
PowerFX	The Funk Master	Rex+Reason Files -> Redrum Drum Kits -> TOMHIT	TOMHITS_06	
PowerFX	The Funk Master	Rex+Reason Files -> Redrum Drum Kits -> TOMHIT	TOMHIT_01	
PowerFX	The Funk Master	Rex+Reason Files -> Redrum Drum Kits -> TOMHIT	TOMHIT_02	
PowerFX	The Funk Master	Rex+Reason Files -> Redrum Drum Kits -> TOMHIT	TOMHIT_03	
PowerFX	The Funk Master	Rex+Reason Files -> Redrum Drum Kits -> TOMHIT	TOMHIT_04	
PowerFX	The Funk Master	Rex+Reason Files -> Redrum Drum Kits -> TOMHIT	TOMHIT_05	
PowerFX	The Funk Master	Rex+Reason Files -> Redrum Drum Kits -> TOMHIT	TOMHIT_06	
PowerFX	The Funk Master	Rex+Reason Files -> Redrum Drum Kits -> TOMHIT	TOMHIT_07	
PowerFX	The Funk Master	Rex+Reason Files -> Redrum Drum Kits -> TOMHIT	TOMHIT_08	
PowerFX	The Funk Master	Rex+Reason Files -> Redrum Drum Kits -> TOMHIT	TOMHIT_09	
PowerFX	The Funk Master	Rex+Reason Files -> Redrum Drum Kits -> TOMHIT	TOMHIT_10	
PowerFX	The Funk Master	Rex+Reason Files -> Redrum Drum Kits -> TOMHIT	TOMHIT_11	
PowerFX	The Funk Master	Rex+Reason Files -> REX Files -> bass	110CrowdedP_C_BASS	
PowerFX	The Funk Master	Rex+Reason Files -> REX Files -> bass	120Joshin_C_BASS	
PowerFX	The Funk Master	Rex+Reason Files -> REX Files -> bass	130Monday_C_BASS	
PowerFX	The Funk Master	Rex+Reason Files -> REX Files -> bass	355_130BASS_C_06	
PowerFX	The Funk Master	Rex+Reason Files -> REX Files -> bass	364_120BASS_C_03	
PowerFX	The Funk Master	Rex+Reason Files -> REX Files -> bass	366_120BASS_C_05	
PowerFX	The Funk Master	Rex+Reason Files -> REX Files -> bass	368_120BASS_C_07	
PowerFX	The Funk Master	Rex+Reason Files -> REX Files -> bass	369_120BASS_C_08	
PowerFX	The Funk Master	Rex+Reason Files -> REX Files -> bass	371_120BASS_C_10	
PowerFX	The Funk Master	Rex+Reason Files -> REX Files -> bass	375_110BASS_C_02	
PowerFX	The Funk Master	Rex+Reason Files -> REX Files -> bass	377_110BASS_C_04	
PowerFX	The Funk Master	Rex+Reason Files -> REX Files -> bass	380_110BASS_C_07	
PowerFX	The Funk Master	Rex+Reason Files -> REX Files -> bass	381_110BASS_C_08	
PowerFX	The Funk Master	Rex+Reason Files -> REX Files -> bass	383_110BASS_C_10	
PowerFX	The Funk Master	Rex+Reason Files -> REX Files -> bass	386_100BASS_C_02	
PowerFX	The Funk Master	Rex+Reason Files -> REX Files -> bass	389_100BASS_C_05	
PowerFX	The Funk Master	Rex+Reason Files -> REX Files -> bass	391_100BASS_C_07	
PowerFX	The Funk Master	Rex+Reason Files -> REX Files -> bass	394_100BASS_C_10	
PowerFX	The Funk Master	Rex+Reason Files -> REX Files -> bass	395_100BASS_C_11	
PowerFX	The Funk Master	Rex+Reason Files -> REX Files -> bass	399_90BASS_C_03	
PowerFX	The Funk Master	Rex+Reason Files -> REX Files -> bass	406_90BASS_C_10	
PowerFX	The Funk Master	Rex+Reason Files -> REX Files -> bass	80OverHere_C_BASS	
PowerFX	The Funk Master	Rex+Reason Files -> REX Files -> bass	90FourX_Cm_BASS	
PowerFX	The Funk Master	Rex+Reason Files -> REX Files -> bass	90SoSharp_C_BASS	
PowerFX	The Funk Master	Rex+Reason Files -> REX Files -> Contruction kits	100FunkTrain_DRUMS	
PowerFX	The Funk Master	Rex+Reason Files -> REX Files -> Contruction kits	100FunkTrain_E_ALL	
PowerFX	The Funk Master	Rex+Reason Files -> REX Files -> Contruction kits	100FunkTrain_E_BASS	
PowerFX	The Funk Master	Rex+Reason Files -> REX Files -> Contruction kits	100FunkTrain_E_GITCO	
PowerFX	The Funk Master	Rex+Reason Files -> REX Files -> Contruction kits	100HearThis_DRUMS	
PowerFX	The Funk Master	Rex+Reason Files -> REX Files -> Contruction kits	100HearThis_E_ALL	
PowerFX	The Funk Master	Rex+Reason Files -> REX Files -> Contruction kits	100HearThis_E_BASS	
PowerFX	The Funk Master	Rex+Reason Files -> REX Files -> Contruction kits	100HearThis_E_GITCO	
PowerFX	The Funk Master	Rex+Reason Files -> REX Files -> Contruction kits	100HearThis_E_GITPK	
PowerFX	The Funk Master	Rex+Reason Files -> REX Files -> Contruction kits	100Leanin_C_BASS	
PowerFX	The Funk Master	Rex+Reason Files -> REX Files -> Contruction kits	100Leanin_C_GITCO	
PowerFX	The Funk Master	Rex+Reason Files -> REX Files -> Contruction kits	100Leanin_DRUMS	
PowerFX	The Funk Master	Rex+Reason Files -> REX Files -> Contruction kits	100ShePack_CONGA	
PowerFX	The Funk Master	Rex+Reason Files -> REX Files -> Contruction kits	100ShePack_C_BASS	
PowerFX	The Funk Master	Rex+Reason Files -> REX Files -> Contruction kits	100ShePack_C_GITCO	
PowerFX	The Funk Master	Rex+Reason Files -> REX Files -> Contruction kits	100ShePack_DRUMS	
PowerFX	The Funk Master	Rex+Reason Files -> REX Files -> Contruction kits	100SmackIt_Cm_BASS	
PowerFX	The Funk Master	Rex+Reason Files -> REX Files -> Contruction kits	100SmackIt_Cm_GIT	
PowerFX	The Funk Master	Rex+Reason Files -> REX Files -> Contruction kits	100SmackIt_DRUMS	
PowerFX	The Funk Master	Rex+Reason Files -> REX Files -> Contruction kits	110FunkPlace_C_BASS	
PowerFX	The Funk Master	Rex+Reason Files -> REX Files -> Contruction kits	110FunkPlace_C_GITCO	
PowerFX	The Funk Master	Rex+Reason Files -> REX Files -> Contruction kits	110FunkPlace_DRUMS	
PowerFX	The Funk Master	Rex+Reason Files -> REX Files -> Contruction kits	110FunkyCK_C_BASS	
PowerFX	The Funk Master	Rex+Reason Files -> REX Files -> Contruction kits	110FunkyCK_C_GITCO	
PowerFX	The Funk Master	Rex+Reason Files -> REX Files -> Contruction kits	110FunkyCK_C_GITPK	
PowerFX	The Funk Master	Rex+Reason Files -> REX Files -> Contruction kits	110HamHang_CONGA	
PowerFX	The Funk Master	Rex+Reason Files -> REX Files -> Contruction kits	110HamHang_C_BASS	
PowerFX	The Funk Master	Rex+Reason Files -> REX Files -> Contruction kits	110HamHang_C_DRUMS	
PowerFX	The Funk Master	Rex+Reason Files -> REX Files -> Contruction kits	110HamHang_C_GITWA	
PowerFX	The Funk Master	Rex+Reason Files -> REX Files -> Contruction kits	110HeartAttack_DRUMS	
PowerFX	The Funk Master	Rex+Reason Files -> REX Files -> Contruction kits	110HeartAttack_G_BASS	
PowerFX	The Funk Master	Rex+Reason Files -> REX Files -> Contruction kits	110HeartAttack_G_GITCO	
PowerFX	The Funk Master	Rex+Reason Files -> REX Files -> Contruction kits	120BarWalk_C_BASS	
PowerFX	The Funk Master	Rex+Reason Files -> REX Files -> Contruction kits	120BarWalk_C_GITCO	
PowerFX	The Funk Master	Rex+Reason Files -> REX Files -> Contruction kits	120BarWalk_DRUMS	
PowerFX	The Funk Master	Rex+Reason Files -> REX Files -> Contruction kits	120Bus_C_BASS	
PowerFX	The Funk Master	Rex+Reason Files -> REX Files -> Contruction kits	120Bus_C_GITCO	
PowerFX	The Funk Master	Rex+Reason Files -> REX Files -> Contruction kits	120Bus_DRUMS	
PowerFX	The Funk Master	Rex+Reason Files -> REX Files -> drums	012_130TakeMe_DRUMS	
PowerFX	The Funk Master	Rex+Reason Files -> REX Files -> drums	100DRUM_02	
PowerFX	The Funk Master	Rex+Reason Files -> REX Files -> drums	100DRUM_03	
PowerFX	The Funk Master	Rex+Reason Files -> REX Files -> drums	100DRUM_04	
PowerFX	The Funk Master	Rex+Reason Files -> REX Files -> drums	100DRUM_05	
PowerFX	The Funk Master	Rex+Reason Files -> REX Files -> drums	100DRUM_06	
PowerFX	The Funk Master	Rex+Reason Files -> REX Files -> drums	100DRUM_08	
PowerFX	The Funk Master	Rex+Reason Files -> REX Files -> drums	100DRUM_09	
PowerFX	The Funk Master	Rex+Reason Files -> REX Files -> drums	100DRUM_10	
PowerFX	The Funk Master	Rex+Reason Files -> REX Files -> drums	105Swingin_DRUMS	
PowerFX	The Funk Master	Rex+Reason Files -> REX Files -> drums	110Cents_DRUMS	
PowerFX	The Funk Master	Rex+Reason Files -> REX Files -> drums	110DRUM_01	
PowerFX	The Funk Master	Rex+Reason Files -> REX Files -> drums	110DRUM_02	
PowerFX	The Funk Master	Rex+Reason Files -> REX Files -> drums	110DRUM_03	
PowerFX	The Funk Master	Rex+Reason Files -> REX Files -> drums	110DRUM_04	
PowerFX	The Funk Master	Rex+Reason Files -> REX Files -> drums	110DRUM_17	
PowerFX	The Funk Master	Rex+Reason Files -> REX Files -> drums	110DRUM_19	
PowerFX	The Funk Master	Rex+Reason Files -> REX Files -> drums	110DRUM_20	
PowerFX	The Funk Master	Rex+Reason Files -> REX Files -> drums	110DRUM_22	
PowerFX	The Funk Master	Rex+Reason Files -> REX Files -> drums	110DRUM_23	
PowerFX	The Funk Master	Rex+Reason Files -> REX Files -> drums	120DRUM_05	
PowerFX	The Funk Master	Rex+Reason Files -> REX Files -> drums	120DRUM_10	
PowerFX	The Funk Master	Rex+Reason Files -> REX Files -> drums	120DRUM_12	
PowerFX	The Funk Master	Rex+Reason Files -> REX Files -> drums	120DRUM_16	
PowerFX	The Funk Master	Rex+Reason Files -> REX Files -> drums	120DRUM_17	
PowerFX	The Funk Master	Rex+Reason Files -> REX Files -> drums	120DRUM_24	
PowerFX	The Funk Master	Rex+Reason Files -> REX Files -> drums	120DRUM_27	
PowerFX	The Funk Master	Rex+Reason Files -> REX Files -> drums	120DRUM_42	
PowerFX	The Funk Master	Rex+Reason Files -> REX Files -> drums	120LightUp_DRUMS	
PowerFX	The Funk Master	Rex+Reason Files -> REX Files -> drums	130DRUM_28	
PowerFX	The Funk Master	Rex+Reason Files -> REX Files -> drums	130DRUM_29	
PowerFX	The Funk Master	Rex+Reason Files -> REX Files -> drums	130Smokin_Cm_GITCO	
PowerFX	The Funk Master	Rex+Reason Files -> REX Files -> drums	315_90DRUM_19	
PowerFX	The Funk Master	Rex+Reason Files -> REX Files -> drums	319_90DRUM_23	
PowerFX	The Funk Master	Rex+Reason Files -> REX Files -> drums	320_90DRUM_24	
PowerFX	The Funk Master	Rex+Reason Files -> REX Files -> drums	322_90DRUM_26	
PowerFX	The Funk Master	Rex+Reason Files -> REX Files -> drums	324_90DRUM_28	
PowerFX	The Funk Master	Rex+Reason Files -> REX Files -> drums	325_90DRUM_29	
PowerFX	The Funk Master	Rex+Reason Files -> REX Files -> drums	328_90DRUM_32	
PowerFX	The Funk Master	Rex+Reason Files -> REX Files -> drums	332_90DRUM_36	
PowerFX	The Funk Master	Rex+Reason Files -> REX Files -> drums	333_80DRUM_01	
PowerFX	The Funk Master	Rex+Reason Files -> REX Files -> drums	334_80DRUM_02	
PowerFX	The Funk Master	Rex+Reason Files -> REX Files -> drums	335_80DRUM_03	
PowerFX	The Funk Master	Rex+Reason Files -> REX Files -> drums	336_80DRUM_04	
PowerFX	The Funk Master	Rex+Reason Files -> REX Files -> drums	338_80DRUM_06	
PowerFX	The Funk Master	Rex+Reason Files -> REX Files -> drums	339_80DRUM_07	
PowerFX	The Funk Master	Rex+Reason Files -> REX Files -> drums	340_80DRUM_08	
PowerFX	The Funk Master	Rex+Reason Files -> REX Files -> drums	346_110DRUM_14	
PowerFX	The Funk Master	Rex+Reason Files -> REX Files -> drums	348_105DRUM_16	
PowerFX	The Funk Master	Rex+Reason Files -> REX Files -> drums	90DRUM_03	
PowerFX	The Funk Master	Rex+Reason Files -> REX Files -> drums	90DRUM_04	
PowerFX	The Funk Master	Rex+Reason Files -> REX Files -> drums	90DRUM_05	
PowerFX	The Funk Master	Rex+Reason Files -> REX Files -> drums	90DRUM_07	
PowerFX	The Funk Master	Rex+Reason Files -> REX Files -> drums	90DRUM_09	
PowerFX	The Funk Master	Rex+Reason Files -> REX Files -> drums	90DRUM_10	
PowerFX	The Funk Master	Rex+Reason Files -> REX Files -> guitar	110CrowdedP_C_GITCO	
PowerFX	The Funk Master	Rex+Reason Files -> REX Files -> guitar	120Joshin_C_GITPK	
PowerFX	The Funk Master	Rex+Reason Files -> REX Files -> guitar	120LightUp_C_GITCO	
PowerFX	The Funk Master	Rex+Reason Files -> REX Files -> guitar	120LightUp_C_GITPK	
PowerFX	The Funk Master	Rex+Reason Files -> REX Files -> guitar	419_130GUITAR_C_05	
PowerFX	The Funk Master	Rex+Reason Files -> REX Files -> guitar	420_130GUITAR_C_06	
PowerFX	The Funk Master	Rex+Reason Files -> REX Files -> guitar	425_130GUITAR_C_11	
PowerFX	The Funk Master	Rex+Reason Files -> REX Files -> guitar	432_120GUITAR_C_06	
PowerFX	The Funk Master	Rex+Reason Files -> REX Files -> guitar	433_120GUITAR_C_07	
PowerFX	The Funk Master	Rex+Reason Files -> REX Files -> guitar	434_120GUITAR_C_08	
PowerFX	The Funk Master	Rex+Reason Files -> REX Files -> guitar	436_120GUITAR_C_10	
PowerFX	The Funk Master	Rex+Reason Files -> REX Files -> guitar	437_120GUITAR_C_11	
PowerFX	The Funk Master	Rex+Reason Files -> REX Files -> guitar	438_120GUITAR_C_12	
PowerFX	The Funk Master	Rex+Reason Files -> REX Files -> guitar	439_110GUITAR_C_ 01	
PowerFX	The Funk Master	Rex+Reason Files -> REX Files -> guitar	443_110GUITAR_C_05	
PowerFX	The Funk Master	Rex+Reason Files -> REX Files -> guitar	444_110GUITAR_C_06	
PowerFX	The Funk Master	Rex+Reason Files -> REX Files -> guitar	445_110GUITAR_C_07	
PowerFX	The Funk Master	Rex+Reason Files -> REX Files -> guitar	448_110GUITAR_C_10	
PowerFX	The Funk Master	Rex+Reason Files -> REX Files -> guitar	449_110GUITAR_C_11	
PowerFX	The Funk Master	Rex+Reason Files -> REX Files -> guitar	456_100GUITAR_C_06	
PowerFX	The Funk Master	Rex+Reason Files -> REX Files -> guitar	461_100GUITAR_C_11	
PowerFX	The Funk Master	Rex+Reason Files -> REX Files -> guitar	464_90GUITAR_C_03	
PowerFX	The Funk Master	Rex+Reason Files -> REX Files -> guitar	466_90GUITAR_C_05	
PowerFX	The Funk Master	Rex+Reason Files -> REX Files -> guitar	468_90GUITAR_C_07	
PowerFX	The Funk Master	Rex+Reason Files -> REX Files -> guitar	472_90GUITAR_C_11	
PowerFX	The Funk Master	Rex+Reason Files -> REX Files -> guitar	473_90GUITAR_C_12	
PowerFX	The Funk Master	Rex+Reason Files -> REX Files -> guitar	479_80GUITAR_C_06	
PowerFX	The Funk Master	Rex+Reason Files -> REX Files -> guitar	90FourX_Cm_GITPK	
PowerFX	The Funk Master	Rex+Reason Files -> REX Files -> guitar	90Ready_C_GITCO	
PowerFX	The Funk Master	Rex+Reason Files -> REX Files -> guitar	90Ready_C_GITPK	
PowerFX	The Funk Master	Rex+Reason Files -> REX Files -> percussion	110OnIt_BONGO	
PowerFX	The Funk Master	Rex+Reason Files -> REX Files -> percussion	482_130PERC_03	
PowerFX	The Funk Master	Rex+Reason Files -> REX Files -> percussion	496_120PERC_05	
PowerFX	The Funk Master	Rex+Reason Files -> REX Files -> percussion	500_120PERC_09	
PowerFX	The Funk Master	Rex+Reason Files -> REX Files -> percussion	501_120PERC_10	
PowerFX	The Funk Master	Rex+Reason Files -> REX Files -> percussion	503_120PERC_12	
PowerFX	The Funk Master	Rex+Reason Files -> REX Files -> percussion	505_110PERC_02	
PowerFX	The Funk Master	Rex+Reason Files -> REX Files -> percussion	509_110PERC_06	
PowerFX	The Funk Master	Rex+Reason Files -> REX Files -> percussion	511_110PERC_08	
PowerFX	The Funk Master	Rex+Reason Files -> REX Files -> percussion	514_110PERC_11	
PowerFX	The Funk Master	Rex+Reason Files -> REX Files -> percussion	516_100PERC_01	
PowerFX	The Funk Master	Rex+Reason Files -> REX Files -> percussion	517_100PERC_02	
PowerFX	The Funk Master	Rex+Reason Files -> REX Files -> percussion	523_100PERC_08	
PowerFX	The Funk Master	Rex+Reason Files -> REX Files -> percussion	525_100PERC_10	
PowerFX	The Funk Master	Rex+Reason Files -> REX Files -> percussion	527_90PERC_01	
PowerFX	The Funk Master	Rex+Reason Files -> REX Files -> percussion	529_90PERC_03	
PowerFX	The Funk Master	Rex+Reason Files -> tamborine	620_120TAMBORINE_01	
PowerFX	The Funk Master	Rex+Reason Files -> tamborine	622_120TAMBORINE_03	
PowerFX	The Funk Master	Rex+Reason Files -> tamborine	623_120TAMBORINE_04	
PowerFX	The Funk Master	Rex+Reason Files -> tamborine	624_120TAMBORINE_05	
PowerFX	The Funk Master	Rex+Reason Files -> tamborine	625_120TAMBORINE_06	
PowerFX	The Funk Master	Rex+Reason Files -> tamborine	626_120TAMBORINE_07	
PowerFX	The Funk Master	Rex+Reason Files -> tamborine	630_110TAMBORINE_03	
PowerFX	The Funk Master	Rex+Reason Files -> tamborine	631_110TAMBORINE_04	
PowerFX	The Funk Master	Rex+Reason Files -> tamborine	632_110TAMBORINE_05	
PowerFX	The Funk Master	Rex+Reason Files -> tamborine	634_110TAMBORINE_07	
PowerFX	The Funk Master	Rex+Reason Files -> tamborine	637_110TAMBORINE_10	
PowerFX	The Funk Master	Rex+Reason Files -> tamborine	639_110TAMBORINE_12	
PowerFX	The Funk Master	Rex+Reason Files -> tamborine	640_100TAMBORINE_01	
PowerFX	The Funk Master	Rex+Reason Files -> tamborine	642_100TAMBORINE_03	
PowerFX	The Funk Master	Rex+Reason Files -> tamborine	643_100TAMBORINE_04	
PowerFX	The Funk Master	Rex+Reason Files -> tamborine	648_90TAMBORINE_02	
WAV		(Released: ?)		Jump to top
PowerFX	The Funk Master		001_130GotTo_Gm_ALL	
PowerFX	The Funk Master		002_130GotTo_Gm_BASS	
PowerFX	The Funk Master		003_130GotTo_DRUMS	
PowerFX	The Funk Master		004_130GotTo_Gm_GITCO	
PowerFX	The Funk Master		005_130DoinIt_C_ALL	
PowerFX	The Funk Master		006_130DoinIt_C_BASS	
PowerFX	The Funk Master		007_130DoinIt_DRUMS	
PowerFX	The Funk Master		008_130DoinIt_C_GITCO	
PowerFX	The Funk Master		009_130DoinIt_C_GITPK	
PowerFX	The Funk Master		010_130TakeMe_Am_ALL	
PowerFX	The Funk Master		011_130TakeMe_Am_BASS	
PowerFX	The Funk Master		012_130TakeMe_DRUMS	
PowerFX	The Funk Master		013_130TakeMe_Am_GITCO	
PowerFX	The Funk Master		014_130TakeMe_Am_GITPK	
PowerFX	The Funk Master		015_130Thump_C_ALL	
PowerFX	The Funk Master		016_130Thump_C_BASS	
PowerFX	The Funk Master		017_130Thump_DRUMS	
PowerFX	The Funk Master		018_130Thump_C_GITCO	
PowerFX	The Funk Master		019_130Thump_CNCP	
PowerFX	The Funk Master		020_130Smokin_Cm_ALL	
PowerFX	The Funk Master		021_130Smokin_Cm_BASS	
PowerFX	The Funk Master		022_130Smokin_DRUMS	
PowerFX	The Funk Master		023_130Smokin_Cm_GITCO	
PowerFX	The Funk Master		024_130Smokin_Cm_ASX	
PowerFX	The Funk Master		025_130Monday_C_ALL	
PowerFX	The Funk Master		026_130Monday_C_BASS	
PowerFX	The Funk Master		027_130Monday_DRUMS	
PowerFX	The Funk Master		028_130Monday_C_GITCO	
PowerFX	The Funk Master		029_130Monday_C_ASX	
PowerFX	The Funk Master		030_120Chuckin_Cm_ALL	
PowerFX	The Funk Master		031_120Chuckin_Cm_BASS	
PowerFX	The Funk Master		032_120Chuckin_DMCN	
PowerFX	The Funk Master		033_120Chuckin_Cm_GITCO	
PowerFX	The Funk Master		034_120Chuckin_Cm_GITPK	
PowerFX	The Funk Master		035_120HenHouse_Bb_ALL	
PowerFX	The Funk Master		036_120HenHouse_Bb_BASS	
PowerFX	The Funk Master		037_120HenHouse_DRUMS	
PowerFX	The Funk Master		038_120HenHouse_Bb_GITCO	
PowerFX	The Funk Master		039_120HenHouse_Bb_GITPK	
PowerFX	The Funk Master		040_120Joshin_C_ALL	
PowerFX	The Funk Master		041_120Joshin_C_BASS	
PowerFX	The Funk Master		042_120Joshin_DRUMS	
PowerFX	The Funk Master		043_120Joshin_C_GITPK	
PowerFX	The Funk Master		044_120Joshin_BONGO	
PowerFX	The Funk Master		045_120Joshin_C_ASX	
PowerFX	The Funk Master		046_120Kingsmen_D_ALL	
PowerFX	The Funk Master		047_120Kingsmen_D_BASS	
PowerFX	The Funk Master		048_120Kingsmen_DRUMS	
PowerFX	The Funk Master		049_120Kingsmen_D_GITCO	
PowerFX	The Funk Master		050_120Kingsmen_D_GITPK	
PowerFX	The Funk Master		051_120TheBell_Dm_ALL	
PowerFX	The Funk Master		052_120TheBell_Dm_BASS	
PowerFX	The Funk Master		053_120TheBell_DRUMS	
PowerFX	The Funk Master		054_120TheBell_Dm_GITCO	
PowerFX	The Funk Master		055_120TheBell_Dm_GITPK	
PowerFX	The Funk Master		056_120Super_E_ALL	
PowerFX	The Funk Master		057_120Super_E_BASS	
PowerFX	The Funk Master		058_120Super_DMCN	
PowerFX	The Funk Master		059_120Super_E_GITCO	
PowerFX	The Funk Master		060_120Super_E_GITPK	
PowerFX	The Funk Master		061_120BarWalk_C_ALL	
PowerFX	The Funk Master		062_120BarWalk_C_BASS	
PowerFX	The Funk Master		063_120BarWalk_DRUMS	
PowerFX	The Funk Master		064_120BarWalk_C_GITCO	
PowerFX	The Funk Master		065_120BarWalk_C_ASX	
PowerFX	The Funk Master		066_120Bus_C_ALL	
PowerFX	The Funk Master		067_120Bus_C_BASS	
PowerFX	The Funk Master		068_120Bus_DRUMS	
PowerFX	The Funk Master		069_120Bus_C_GITCO	
PowerFX	The Funk Master		070_120Bus_C_ASX	
PowerFX	The Funk Master		071_120FunkyFloor_Bb_ALL	
PowerFX	The Funk Master		072_120FunkyFloor_Bb_BASS	
PowerFX	The Funk Master		073_120FunkyFloor_DRUMS	
PowerFX	The Funk Master		074_120FunkyFloor_Bb_GITPK	
PowerFX	The Funk Master		075_120FunkyFloor_BNTE	
PowerFX	The Funk Master		076_110HeartAttack_G_ALL	
PowerFX	The Funk Master		077_110HeartAttack_G_BASS	
PowerFX	The Funk Master		078_110HeartAttack_DRUMS	
PowerFX	The Funk Master		079_110HeartAttack_G_GITCO	
PowerFX	The Funk Master		080_110HeartAttack_CNTE	
PowerFX	The Funk Master		081_110Throwin_Bb_ALL	
PowerFX	The Funk Master		082_110Throwin_Bb_BASS	
PowerFX	The Funk Master		083_110Throwin_DRUMS	
PowerFX	The Funk Master		084_110Throwin_Bb_GITCO	
PowerFX	The Funk Master		085_110Throwin_Bb_GITPK	
PowerFX	The Funk Master		086_110Cents_C_ALL	
PowerFX	The Funk Master		087_110Cents_C_BASS	
PowerFX	The Funk Master		088_110Cents_DRUMS	
PowerFX	The Funk Master		089_110Cents_C_GITCO	
PowerFX	The Funk Master		090_110Cents_C_ASX	
PowerFX	The Funk Master		091_110FunkPlace_C_ALL	
PowerFX	The Funk Master		092_110FunkPlace_C_BASS	
PowerFX	The Funk Master		093_110FunkPlace_DRUMS	
PowerFX	The Funk Master		094_110FunkPlace_C_GITCO	
PowerFX	The Funk Master		096_110TheWay_D_ALL	
PowerFX	The Funk Master		097_110TheWay_D_BASS	
PowerFX	The Funk Master		098_110TheWay_DRUMS	
PowerFX	The Funk Master		099_110TheWay_D_GITCO	
PowerFX	The Funk Master		100_110TheWay_D_GITPK	
PowerFX	The Funk Master		101_110FunkyCK_C_ALL	
PowerFX	The Funk Master		102_110FunkyCK_C_BASS	
PowerFX	The Funk Master		103_110FunkyCK_DMCN	
PowerFX	The Funk Master		104_110FunkyCK_C_GITCO	
PowerFX	The Funk Master		105_110FunkyCK_C_GITPK	
PowerFX	The Funk Master		106_110CrowdedP_C_ALL	
PowerFX	The Funk Master		107_110CrowdedP_C_BASS	
PowerFX	The Funk Master		108_110CrowdedP_DRUMS	
PowerFX	The Funk Master		109_110CrowdedP_C_GITCO	
PowerFX	The Funk Master		110_110CrowdedP_C_ASX	
PowerFX	The Funk Master		111_110HamHang_C_ALL	
PowerFX	The Funk Master		112_110HamHang_C_BASS	
PowerFX	The Funk Master		113_110HamHang_C_DRUMS	
PowerFX	The Funk Master		114_110HamHang_C_GITWA	
PowerFX	The Funk Master		115_110HamHang_CONGA	
PowerFX	The Funk Master		116_110OnIt_C_ALL	
PowerFX	The Funk Master		117_110OnIt_C_BASS	
PowerFX	The Funk Master		118_110OnIt_DRUMS	
PowerFX	The Funk Master		119_110OnIt_C_GITPK	
PowerFX	The Funk Master		120_110OnIt_BONGO	
PowerFX	The Funk Master		121_110OnIt_C_ASX	
PowerFX	The Funk Master		122_100HearThis_E_ALL	
PowerFX	The Funk Master		123_100HearThis_E_BASS	
PowerFX	The Funk Master		124_100HearThis_DRUMS	
PowerFX	The Funk Master		125_100HearThis_E_GITCO	
PowerFX	The Funk Master		126_100HearThis_E_GITPK	
PowerFX	The Funk Master		127_100SmackIt_Cm_ALL	
PowerFX	The Funk Master		128_100SmackIt_Cm_BASS	
PowerFX	The Funk Master		129_100SmackIt_DRUMS	
PowerFX	The Funk Master		130_100SmackIt_Cm_GIT	
PowerFX	The Funk Master		131_100SmackIt_Cm_ASX	
PowerFX	The Funk Master		132_100FunkTrain_E_ALL	
PowerFX	The Funk Master		133_100FunkTrain_E_BASS	
PowerFX	The Funk Master		134_100FunkTrain_DRUMS	
PowerFX	The Funk Master		135_100FunkTrain_E_GITCO	
PowerFX	The Funk Master		136_100FunkTrain_CNTE	
PowerFX	The Funk Master		137_100ShePack_C_ALL	
PowerFX	The Funk Master		138_100ShePack_C_BASS	
PowerFX	The Funk Master		139_100ShePack_DRUMS	
PowerFX	The Funk Master		140_100ShePack_C_GITCO	
PowerFX	The Funk Master		141_100ShePack_CONGA	
PowerFX	The Funk Master		142_100ShePack_C_ASX	
PowerFX	The Funk Master		143_100Leanin_C_ALL	
PowerFX	The Funk Master		144_100Leanin_C_BASS	
PowerFX	The Funk Master		145_100Leanin_DRUMS	
PowerFX	The Funk Master		146_100Leanin_C_GITCO	
PowerFX	The Funk Master		147_100Leanin_C_ASX	
PowerFX	The Funk Master		148_90LightUp_C_ALL	
PowerFX	The Funk Master		149_90LightUp_C_BASS	
PowerFX	The Funk Master		150_90LightUp_DRUMS	
PowerFX	The Funk Master		151_90LightUp_C_GITCO	
PowerFX	The Funk Master		152_90LightUp_C_GITPK	
PowerFX	The Funk Master		153_90Ready_C_ALL	
PowerFX	The Funk Master		154_90Ready_C_BASS	
PowerFX	The Funk Master		155_90Ready_DRUMS	
PowerFX	The Funk Master		156_90Ready_C_GITCO	
PowerFX	The Funk Master		157_90Ready_C_GITPK	
PowerFX	The Funk Master		158_90SoSharp_C_ALL	
PowerFX	The Funk Master		159_90SoSharp_C_BASS	
PowerFX	The Funk Master		160_90SoSharp_DRUMS	
PowerFX	The Funk Master		161_90SoSharp_C_GITCO	
PowerFX	The Funk Master		162_90SoSharp_C_ASX	
PowerFX	The Funk Master		163_90FourX_Cm_ALL	
PowerFX	The Funk Master		164_90FourX_Cm_BASS	
PowerFX	The Funk Master		165_90FourX_DRUMS	
PowerFX	The Funk Master		166_90FourX_Cm_GITCO	
PowerFX	The Funk Master		167_90FourX_Cm_GITPK	
PowerFX	The Funk Master		168_90FourX_Cm_ASX	
PowerFX	The Funk Master		169_80Swingin_Dm_ALL	
PowerFX	The Funk Master		170_80Swingin_Dm_BASS	
PowerFX	The Funk Master		171_80Swingin_DRUMS	
PowerFX	The Funk Master		172_80Swingin_Dm_GITCO	
PowerFX	The Funk Master		173_80Swingin_Dm_GITPK	
PowerFX	The Funk Master		174_80TheLight_A_ALL	
PowerFX	The Funk Master		175_80TheLight_A_BASS	
PowerFX	The Funk Master		176_80TheLight_DRUMS	
PowerFX	The Funk Master		177_80TheLight_A_GITPK	
PowerFX	The Funk Master		178_80OverHere_C_ALL	
PowerFX	The Funk Master		179_80OverHere_C_BASS	
PowerFX	The Funk Master		180_80OverHere_DRUMS	
PowerFX	The Funk Master		181_80OverHere_C_GITCO	
PowerFX	The Funk Master		182_80OverHere_C_ASX	
PowerFX	The Funk Master		183_80Can'tSee_C_ALL	
PowerFX	The Funk Master		184_80Can'tSee_C_BASS	
PowerFX	The Funk Master		185_80Can'tSee_DRUMS	
PowerFX	The Funk Master		186_80Can'tSee_C_GITPK	
PowerFX	The Funk Master		187_80Can'tSee_C_ASX	
PowerFX	The Funk Master		188_160DRUM_01	
PowerFX	The Funk Master		189_160DRUM_02	
PowerFX	The Funk Master		190_130DRUM_01	
PowerFX	The Funk Master		191_130DRUM_02	
PowerFX	The Funk Master		192_130DRUM_03	
PowerFX	The Funk Master		193_130DRUM_04	
PowerFX	The Funk Master		194_130DRUM_05	
PowerFX	The Funk Master		195_130DRUM_06	
PowerFX	The Funk Master		196_130DRUM_07	
PowerFX	The Funk Master		197_130DRUM_08	
PowerFX	The Funk Master		198_130DRUM_09	
PowerFX	The Funk Master		199_130DRUM_10	
PowerFX	The Funk Master		200_130DRUM_11	
PowerFX	The Funk Master		201_130DRUM_12	
PowerFX	The Funk Master		202_130DRUM_13	
PowerFX	The Funk Master		203_130DRUM_14	
PowerFX	The Funk Master		204_130DRUM_15	
PowerFX	The Funk Master		205_130DRUM_16	
PowerFX	The Funk Master		206_130DRUM_17	
PowerFX	The Funk Master		207_130DRUM_18	
PowerFX	The Funk Master		208_130DRUM_19	
PowerFX	The Funk Master		209_130DRUM_20	
PowerFX	The Funk Master		210_130DRUM_21	
PowerFX	The Funk Master		211_130DRUM_22	
PowerFX	The Funk Master		212_130DRUM_23	
PowerFX	The Funk Master		213_130DRUM_24	
PowerFX	The Funk Master		214_130DRUM_25	
PowerFX	The Funk Master		215_130DRUM_26	
PowerFX	The Funk Master		216_130DRUM_27	
PowerFX	The Funk Master		217_130DRUM_28	
PowerFX	The Funk Master		218_130DRUM_29	
PowerFX	The Funk Master		219_130DRUM_30	
PowerFX	The Funk Master		220_120DRUM_01	
PowerFX	The Funk Master		221_120DRUM_02	
PowerFX	The Funk Master		222_120DRUM_03	
PowerFX	The Funk Master		223_120DRUM_04	
PowerFX	The Funk Master		224_120DRUM_05	
PowerFX	The Funk Master		225_120DRUM_06	
PowerFX	The Funk Master		226_120DRUM_07	
PowerFX	The Funk Master		227_120DRUM_08	
PowerFX	The Funk Master		228_120DRUM_09	
PowerFX	The Funk Master		229_120DRUM_10	
PowerFX	The Funk Master		230_120DRUM_11	
PowerFX	The Funk Master		231_120DRUM_12	
PowerFX	The Funk Master		232_120DRUM_13	
PowerFX	The Funk Master		233_120DRUM_14	
PowerFX	The Funk Master		234_120DRUM_15	
PowerFX	The Funk Master		235_120DRUM_16	
PowerFX	The Funk Master		236_120DRUM_17	
PowerFX	The Funk Master		237_120DRUM_18	
PowerFX	The Funk Master		238_120DRUM_19	
PowerFX	The Funk Master		239_120DRUM_20	
PowerFX	The Funk Master		240_120DRUM_21	
PowerFX	The Funk Master		241_120DRUM_22	
PowerFX	The Funk Master		242_120DRUM_23	
PowerFX	The Funk Master		243_120DRUM_24	
PowerFX	The Funk Master		244_120DRUM_25	
PowerFX	The Funk Master		245_120DRUM_26	
PowerFX	The Funk Master		246_120DRUM_27	
PowerFX	The Funk Master		247_120DRUM_28	
PowerFX	The Funk Master		248_120DRUM_29	
PowerFX	The Funk Master		249_120DRUM_30	
PowerFX	The Funk Master		250_120DRUM_31	
PowerFX	The Funk Master		251_120DRUM_32	
PowerFX	The Funk Master		252_120DRUM_33	
PowerFX	The Funk Master		253_120DRUM_34	
PowerFX	The Funk Master		254_120DRUM_35	
PowerFX	The Funk Master		255_120DRUM_36	
PowerFX	The Funk Master		256_120DRUM_37	
PowerFX	The Funk Master		257_120DRUM_38	
PowerFX	The Funk Master		258_120DRUM_39	
PowerFX	The Funk Master		259_120DRUM_40	
PowerFX	The Funk Master		260_120DRUM_41	
PowerFX	The Funk Master		261_120DRUM_42	
PowerFX	The Funk Master		262_120DRUM_43	
PowerFX	The Funk Master		263_110DRUM_01	
PowerFX	The Funk Master		264_110DRUM_02	
PowerFX	The Funk Master		265_110DRUM_03	
PowerFX	The Funk Master		266_110DRUM_04	
PowerFX	The Funk Master		267_110DRUM_05	
PowerFX	The Funk Master		268_110DRUM_06	
PowerFX	The Funk Master		269_110DRUM_07	
PowerFX	The Funk Master		270_110DRUM_08	
PowerFX	The Funk Master		271_110DRUM_09	
PowerFX	The Funk Master		272_110DRUM_10	
PowerFX	The Funk Master		273_110DRUM_11	
PowerFX	The Funk Master		274_110DRUM_12	
PowerFX	The Funk Master		275_110DRUM_13	
PowerFX	The Funk Master		276_110DRUM_14	
PowerFX	The Funk Master		277_110DRUM_15	
PowerFX	The Funk Master		278_110DRUM_16	
PowerFX	The Funk Master		279_110DRUM_17	
PowerFX	The Funk Master		280_110DRUM_18	
PowerFX	The Funk Master		281_110DRUM_19	
PowerFX	The Funk Master		282_110DRUM_20	
PowerFX	The Funk Master		283_110DRUM_21	
PowerFX	The Funk Master		284_110DRUM_22	
PowerFX	The Funk Master		285_110DRUM_23	
PowerFX	The Funk Master		286_110DRUM_24	
PowerFX	The Funk Master		287_100DRUM_01	
PowerFX	The Funk Master		288_100DRUM_02	
PowerFX	The Funk Master		289_100DRUM_03	
PowerFX	The Funk Master		290_100DRUM_04	
PowerFX	The Funk Master		291_100DRUM_05	
PowerFX	The Funk Master		292_100DRUM_06	
PowerFX	The Funk Master		293_100DRUM_07	
PowerFX	The Funk Master		294_100DRUM_08	
PowerFX	The Funk Master		295_100DRUM_09	
PowerFX	The Funk Master		296_100DRUM_10	
PowerFX	The Funk Master		297_90DRUM_01	
PowerFX	The Funk Master		298_90DRUM_02	
PowerFX	The Funk Master		299_90DRUM_03	
PowerFX	The Funk Master		300_90DRUM_04	
PowerFX	The Funk Master		301_90DRUM_05	
PowerFX	The Funk Master		302_90DRUM_06	
PowerFX	The Funk Master		303_90DRUM_07	
PowerFX	The Funk Master		304_90DRUM_08	
PowerFX	The Funk Master		305_90DRUM_09	
PowerFX	The Funk Master		306_90DRUM_10	
PowerFX	The Funk Master		307_90DRUM_11	
PowerFX	The Funk Master		308_90DRUM_12	
PowerFX	The Funk Master		309_90DRUM_13	
PowerFX	The Funk Master		310_90DRUM_14	
PowerFX	The Funk Master		311_90DRUM_15	
PowerFX	The Funk Master		312_90DRUM_16	
PowerFX	The Funk Master		313_90DRUM_17	
PowerFX	The Funk Master		314_90DRUM_18	
PowerFX	The Funk Master		315_90DRUM_19	
PowerFX	The Funk Master		316_90DRUM_20	
PowerFX	The Funk Master		317_90DRUM_21	
PowerFX	The Funk Master		318_90DRUM_22	
PowerFX	The Funk Master		319_90DRUM_23	
PowerFX	The Funk Master		320_90DRUM_24	
PowerFX	The Funk Master		321_90DRUM_25	
PowerFX	The Funk Master		322_90DRUM_26	
PowerFX	The Funk Master		323_90DRUM_27	
PowerFX	The Funk Master		324_90DRUM_28	
PowerFX	The Funk Master		325_90DRUM_29	
PowerFX	The Funk Master		326_90DRUM_30	
PowerFX	The Funk Master		327_90DRUM_31	
PowerFX	The Funk Master		328_90DRUM_32	
PowerFX	The Funk Master		329_90DRUM_33	
PowerFX	The Funk Master		330_90DRUM_34	
PowerFX	The Funk Master		331_90DRUM_35	
PowerFX	The Funk Master		332_90DRUM_36	
PowerFX	The Funk Master		333_80DRUM_01	
PowerFX	The Funk Master		334_80DRUM_02	
PowerFX	The Funk Master		335_80DRUM_03	
PowerFX	The Funk Master		336_80DRUM_04	
PowerFX	The Funk Master		337_80DRUM_05	
PowerFX	The Funk Master		338_80DRUM_06	
PowerFX	The Funk Master		339_80DRUM_07	
PowerFX	The Funk Master		340_80DRUM_08	
PowerFX	The Funk Master		341_80DRUM_09	
PowerFX	The Funk Master		342_80DRUM_10	
PowerFX	The Funk Master		343_80DRUM_11	
PowerFX	The Funk Master		344_80DRUM_12	
PowerFX	The Funk Master		345_80DRUM_13	
PowerFX	The Funk Master		346_80DRUM_14	
PowerFX	The Funk Master		347_80DRUM_15	
PowerFX	The Funk Master		348_80DRUM_16	
PowerFX	The Funk Master		349_80DRUM_17	
PowerFX	The Funk Master		350_130BASS_C_01	
PowerFX	The Funk Master		351_130BASS_C_02	
PowerFX	The Funk Master		352_130BASS_C_03	
PowerFX	The Funk Master		353_130BASS_C_04	
PowerFX	The Funk Master		354_130BASS_C_05	
PowerFX	The Funk Master		355_130BASS_C_06	
PowerFX	The Funk Master		356_130BASS_C_07	
PowerFX	The Funk Master		357_130BASS_C_08	
PowerFX	The Funk Master		358_130BASS_C_09	
PowerFX	The Funk Master		359_130BASS_C_10	
PowerFX	The Funk Master		360_130BASS_C_11	
PowerFX	The Funk Master		361_130BASS_C_12	
PowerFX	The Funk Master		362_120BASS_C_01	
PowerFX	The Funk Master		363_120BASS_C_02	
PowerFX	The Funk Master		364_120BASS_C_03	
PowerFX	The Funk Master		365_120BASS_C_04	
PowerFX	The Funk Master		366_120BASS_C_05	
PowerFX	The Funk Master		367_120BASS_C_06	
PowerFX	The Funk Master		368_120BASS_C_07	
PowerFX	The Funk Master		369_120BASS_C_08	
PowerFX	The Funk Master		370_120BASS_C_09	
PowerFX	The Funk Master		371_120BASS_C_10	
PowerFX	The Funk Master		372_120BASS_C_11	
PowerFX	The Funk Master		373_120BASS_C_12	
PowerFX	The Funk Master		374_110BASS_C_01	
PowerFX	The Funk Master		375_110BASS_C_02	
PowerFX	The Funk Master		376_110BASS_C_03	
PowerFX	The Funk Master		377_110BASS_C_04	
PowerFX	The Funk Master		378_110BASS_C_05	
PowerFX	The Funk Master		379_110BASS_C_06	
PowerFX	The Funk Master		380_110BASS_C_07	
PowerFX	The Funk Master		381_110BASS_C_08	
PowerFX	The Funk Master		382_110BASS_C_09	
PowerFX	The Funk Master		383_110BASS_C_10	
PowerFX	The Funk Master		384_110BASS_C_11	
PowerFX	The Funk Master		385_100BASS_C_01	
PowerFX	The Funk Master		386_100BASS_C_02	
PowerFX	The Funk Master		387_100BASS_C_03	
PowerFX	The Funk Master		388_100BASS_C_04	
PowerFX	The Funk Master		389_100BASS_C_05	
PowerFX	The Funk Master		390_100BASS_C_06	
PowerFX	The Funk Master		391_100BASS_C_07	
PowerFX	The Funk Master		392_100BASS_C_08	
PowerFX	The Funk Master		393_100BASS_C_09	
PowerFX	The Funk Master		394_100BASS_C_10	
PowerFX	The Funk Master		395_100BASS_C_11	
PowerFX	The Funk Master		396_100BASS_C_12	
PowerFX	The Funk Master		397_90BASS_C_01	
PowerFX	The Funk Master		398_90BASS_C_02	
PowerFX	The Funk Master		399_90BASS_C_03	
PowerFX	The Funk Master		400_90BASS_C_04	
PowerFX	The Funk Master		401_90BASS_C_05	
PowerFX	The Funk Master		402_90BASS_C_06	
PowerFX	The Funk Master		403_90BASS_C_07	
PowerFX	The Funk Master		404_90BASS_C_08	
PowerFX	The Funk Master		405_90BASS_C_09	
PowerFX	The Funk Master		406_90BASS_C_10	
PowerFX	The Funk Master		407_90BASS_C_11	
PowerFX	The Funk Master		408_90BASS_C_12	
PowerFX	The Funk Master		409_80BASS_C_01	
PowerFX	The Funk Master		410_80BASS_C_02	
PowerFX	The Funk Master		411_80BASS_C_03	
PowerFX	The Funk Master		412_80BASS_C_04	
PowerFX	The Funk Master		413_80BASS_C_05	
PowerFX	The Funk Master		414_80BASS_C_06	
PowerFX	The Funk Master		415_130GUITAR_C_01	
PowerFX	The Funk Master		416_130GUITAR_C_02	
PowerFX	The Funk Master		417_130GUITAR_C_03	
PowerFX	The Funk Master		418_130GUITAR_C_04	
PowerFX	The Funk Master		419_130GUITAR_C_05	
PowerFX	The Funk Master		420_130GUITAR_C_06	
PowerFX	The Funk Master		421_130GUITAR_C_07	
PowerFX	The Funk Master		422_130GUITAR_C_08	
PowerFX	The Funk Master		423_130GUITAR_C_09	
PowerFX	The Funk Master		424_130GUITAR_C_10	
PowerFX	The Funk Master		425_130GUITAR_C_11	
PowerFX	The Funk Master		426_130GUITAR_C_12	
PowerFX	The Funk Master		427_120GUITAR_C_01	
PowerFX	The Funk Master		428_120GUITAR_C_02	
PowerFX	The Funk Master		429_120GUITAR_C_03	
PowerFX	The Funk Master		430_120GUITAR_C_04	
PowerFX	The Funk Master		431_120GUITAR_C_05	
PowerFX	The Funk Master		432_120GUITAR_C_06	
PowerFX	The Funk Master		433_120GUITAR_C_07	
PowerFX	The Funk Master		434_120GUITAR_C_08	
PowerFX	The Funk Master		435_120GUITAR_C_09	
PowerFX	The Funk Master		436_120GUITAR_C_10	
PowerFX	The Funk Master		437_120GUITAR_C_11	
PowerFX	The Funk Master		438_120GUITAR_C_12	
PowerFX	The Funk Master		439_110GUITAR_C_ 01	
PowerFX	The Funk Master		440_110GUITAR_C_ 02	
PowerFX	The Funk Master		441_110GUITAR_C_ 03	
PowerFX	The Funk Master		442_110GUITAR_C_04	
PowerFX	The Funk Master		443_110GUITAR_C_05	
PowerFX	The Funk Master		444_110GUITAR_C_06	
PowerFX	The Funk Master		445_110GUITAR_C_07	
PowerFX	The Funk Master		446_110GUITAR_C_08	
PowerFX	The Funk Master		447_110GUITAR_C_09	
PowerFX	The Funk Master		448_110GUITAR_C_10	
PowerFX	The Funk Master		449_110GUITAR_C_11	
PowerFX	The Funk Master		450_110GUITAR_C_12	
PowerFX	The Funk Master		451_100GUITAR_C_01	
PowerFX	The Funk Master		452_100GUITAR_C_02	
PowerFX	The Funk Master		453_100GUITAR_C_03	
PowerFX	The Funk Master		454_100GUITAR_C_04	
PowerFX	The Funk Master		455_100GUITAR_C_05	
PowerFX	The Funk Master		456_100GUITAR_C_06	
PowerFX	The Funk Master		457_100GUITAR_C_07	
PowerFX	The Funk Master		458_100GUITAR_C_08	
PowerFX	The Funk Master		459_100GUITAR_C_09	
PowerFX	The Funk Master		460_100GUITAR_C_10	
PowerFX	The Funk Master		461_100GUITAR_C_11	
PowerFX	The Funk Master		462_90GUITAR_C_01	
PowerFX	The Funk Master		463_90GUITAR_C_02	
PowerFX	The Funk Master		464_90GUITAR_C_03	
PowerFX	The Funk Master		465_90GUITAR_C_04	
PowerFX	The Funk Master		466_90GUITAR_C_05	
PowerFX	The Funk Master		467_90GUITAR_C_06	
PowerFX	The Funk Master		468_90GUITAR_C_07	
PowerFX	The Funk Master		469_90GUITAR_C_08	
PowerFX	The Funk Master		470_90GUITAR_C_09	
PowerFX	The Funk Master		471_90GUITAR_C_10	
PowerFX	The Funk Master		472_90GUITAR_C_11	
PowerFX	The Funk Master		473_90GUITAR_C_12	
PowerFX	The Funk Master		474_80GUITAR_C_01	
PowerFX	The Funk Master		475_80GUITAR_C_02	
PowerFX	The Funk Master		476_80GUITAR_C_03	
PowerFX	The Funk Master		477_80GUITAR_C_04	
PowerFX	The Funk Master		478_80GUITAR_C_05	
PowerFX	The Funk Master		479_80GUITAR_C_06	
PowerFX	The Funk Master		480_130PERC_01	
PowerFX	The Funk Master		481_130PERC_02	
PowerFX	The Funk Master		482_130PERC_03	
PowerFX	The Funk Master		483_130PERC_04	
PowerFX	The Funk Master		484_130PERC_05	
PowerFX	The Funk Master		485_130PERC_06	
PowerFX	The Funk Master		486_130PERC_07	
PowerFX	The Funk Master		487_130PERC_08	
PowerFX	The Funk Master		488_130PERC_09	
PowerFX	The Funk Master		489_130PERC_10	
PowerFX	The Funk Master		490_130PERC_11	
PowerFX	The Funk Master		491_130PERC_12	
PowerFX	The Funk Master		492_120PERC_01	
PowerFX	The Funk Master		493_120PERC_02	
PowerFX	The Funk Master		494_120PERC_03	
PowerFX	The Funk Master		495_120PERC_04	
PowerFX	The Funk Master		496_120PERC_05	
PowerFX	The Funk Master		497_120PERC_06	
PowerFX	The Funk Master		498_120PERC_07	
PowerFX	The Funk Master		499_120PERC_08	
PowerFX	The Funk Master		500_120PERC_09	
PowerFX	The Funk Master		501_120PERC_10	
PowerFX	The Funk Master		502_120PERC_11	
PowerFX	The Funk Master		503_120PERC_12	
PowerFX	The Funk Master		504_110PERC_01	
PowerFX	The Funk Master		505_110PERC_02	
PowerFX	The Funk Master		506_110PERC_03	
PowerFX	The Funk Master		507_110PERC_04	
PowerFX	The Funk Master		508_110PERC_05	
PowerFX	The Funk Master		509_110PERC_06	
PowerFX	The Funk Master		510_110PERC_07	
PowerFX	The Funk Master		511_110PERC_08	
PowerFX	The Funk Master		512_110PERC_09	
PowerFX	The Funk Master		513_110PERC_10	
PowerFX	The Funk Master		514_110PERC_11	
PowerFX	The Funk Master		515_110PERC_12	
PowerFX	The Funk Master		516_100PERC_01	
PowerFX	The Funk Master		517_100PERC_02	
PowerFX	The Funk Master		518_100PERC_03	
PowerFX	The Funk Master		519_100PERC_04	
PowerFX	The Funk Master		520_100PERC_05	
PowerFX	The Funk Master		521_100PERC_06	
PowerFX	The Funk Master		522_100PERC_07	
PowerFX	The Funk Master		523_100PERC_08	
PowerFX	The Funk Master		524_100PERC_09	
PowerFX	The Funk Master		525_100PERC_10	
PowerFX	The Funk Master		526_100PERC_11	
PowerFX	The Funk Master		527_90PERC_01	
PowerFX	The Funk Master		528_90PERC_02	
PowerFX	The Funk Master		529_90PERC_03	
PowerFX	The Funk Master		530_90PERC_04	
PowerFX	The Funk Master		531_90PERC_05	
PowerFX	The Funk Master		532_90PERC_06	
PowerFX	The Funk Master		533_90PERC_07	
PowerFX	The Funk Master		534_90PERC_08	
PowerFX	The Funk Master		535_90PERC_09	
PowerFX	The Funk Master		536_90PERC_10	
PowerFX	The Funk Master		537_90PERC_11	
PowerFX	The Funk Master		538_90PERC_12	
PowerFX	The Funk Master		539_80PERC_01	
PowerFX	The Funk Master		540_80PERC_02	
PowerFX	The Funk Master		541_80PERC_03	
PowerFX	The Funk Master		542_80PERC_04	
PowerFX	The Funk Master		543_80PERC_05	
PowerFX	The Funk Master		544_80PERC_06	
PowerFX	The Funk Master		545_80PERC_07	
PowerFX	The Funk Master		546_130ALTOSAX_C_01	
PowerFX	The Funk Master		547_130ALTOSAX_C_02	
PowerFX	The Funk Master		548_130ALTOSAX_C_03	
PowerFX	The Funk Master		549_130ALTOSAX_C_04	
PowerFX	The Funk Master		550_130ALTOSAX_C_05	
PowerFX	The Funk Master		551_130ALTOSAX_C_06	
PowerFX	The Funk Master		552_130ALTOSAX_C_07	
PowerFX	The Funk Master		553_130ALTOSAX_C_08	
PowerFX	The Funk Master		554_130ALTOSAX_C_09	
PowerFX	The Funk Master		555_130ALTOSAX_C_10	
PowerFX	The Funk Master		556_130ALTOSAX_C_11	
PowerFX	The Funk Master		557_130ALTOSAX_C_12	
PowerFX	The Funk Master		558_120ALTOSAX_C_01	
PowerFX	The Funk Master		559_120ALTOSAX_C_02	
PowerFX	The Funk Master		560_120ALTOSAX_C_03	
PowerFX	The Funk Master		561_120ALTOSAX_C_04	
PowerFX	The Funk Master		562_120ALTOSAX_C_05	
PowerFX	The Funk Master		563_120ALTOSAX_C_06	
PowerFX	The Funk Master		564_120ALTOSAX_C_07	
PowerFX	The Funk Master		565_120ALTOSAX_C_08	
PowerFX	The Funk Master		566_120ALTOSAX_C_09	
PowerFX	The Funk Master		567_120ALTOSAX_C_10	
PowerFX	The Funk Master		568_120ALTOSAX_C_11	
PowerFX	The Funk Master		569_120ALTOSAX_C_12	
PowerFX	The Funk Master		570_110ALTOSAX_C_01	
PowerFX	The Funk Master		571_110ALTOSAX_C_02	
PowerFX	The Funk Master		572_110ALTOSAX_C_03	
PowerFX	The Funk Master		573_110ALTOSAX_C_04	
PowerFX	The Funk Master		574_110ALTOSAX_C_05	
PowerFX	The Funk Master		575_110ALTOSAX_C_06	
PowerFX	The Funk Master		576_110ALTOSAX_C_07	
PowerFX	The Funk Master		577_110ALTOSAX_C_08	
PowerFX	The Funk Master		578_110ALTOSAX_C_09	
PowerFX	The Funk Master		579_110ALTOSAX_C_10	
PowerFX	The Funk Master		580_110ALTOSAX_C_11	
PowerFX	The Funk Master		581_110ALTOSAX_C_12	
PowerFX	The Funk Master		582_100ALTOSAX_C_01	
PowerFX	The Funk Master		583_100ALTOSAX_C_02	
PowerFX	The Funk Master		584_100ALTOSAX_C_03	
PowerFX	The Funk Master		585_100ALTOSAX_C_04	
PowerFX	The Funk Master		586_100ALTOSAX_C_05	
PowerFX	The Funk Master		587_100ALTOSAX_C_06	
PowerFX	The Funk Master		588_100ALTOSAX_C_07	
PowerFX	The Funk Master		589_100ALTOSAX_C_08	
PowerFX	The Funk Master		590_100ALTOSAX_C_09	
PowerFX	The Funk Master		591_100ALTOSAX_C_10	
PowerFX	The Funk Master		592_100ALTOSAX_C_11	
PowerFX	The Funk Master		593_100ALTOSAX_C_12	
PowerFX	The Funk Master		594_90ALTOSAX_C_01	
PowerFX	The Funk Master		595_90ALTOSAX_C_02	
PowerFX	The Funk Master		596_90ALTOSAX_C_03	
PowerFX	The Funk Master		597_90ALTOSAX_C_04	
PowerFX	The Funk Master		598_90ALTOSAX_C_05	
PowerFX	The Funk Master		599_90ALTOSAX_C_06	
PowerFX	The Funk Master		600_90ALTOSAX_C_07	
PowerFX	The Funk Master		601_90ALTOSAX_C_08	
PowerFX	The Funk Master		602_90ALTOSAX_C_09	
PowerFX	The Funk Master		603_90ALTOSAX_C_10	
PowerFX	The Funk Master		604_90ALTOSAX_C_11	
PowerFX	The Funk Master		605_90ALTOSAX_C_12	
PowerFX	The Funk Master		606_80ALTOSAX_C_01	
PowerFX	The Funk Master		607_80ALTOSAX_C_02	
PowerFX	The Funk Master		608_80ALTOSAX_C_03	
PowerFX	The Funk Master		609_80ALTOSAX_C_04	
PowerFX	The Funk Master		610_80ALTOSAX_C_05	
PowerFX	The Funk Master		611_80ALTOSAX_C_06	
PowerFX	The Funk Master		612_130TAMBORINE_01	
PowerFX	The Funk Master		613_130TAMBORINE_02	
PowerFX	The Funk Master		614_130TAMBORINE_03	
PowerFX	The Funk Master		615_130TAMBORINE_04	
PowerFX	The Funk Master		616_130TAMBORINE_05	
PowerFX	The Funk Master		617_130TAMBORINE_06	
PowerFX	The Funk Master		618_130TAMBORINE_07	
PowerFX	The Funk Master		619_130TAMBORINE_08	
PowerFX	The Funk Master		620_120TAMBORINE_01	
PowerFX	The Funk Master		621_120TAMBORINE_02	
PowerFX	The Funk Master		622_120TAMBORINE_03	
PowerFX	The Funk Master		623_120TAMBORINE_04	
PowerFX	The Funk Master		624_120TAMBORINE_05	
PowerFX	The Funk Master		625_120TAMBORINE_06	
PowerFX	The Funk Master		626_120TAMBORINE_07	
PowerFX	The Funk Master		627_120TAMBORINE_08	
PowerFX	The Funk Master		628_110TAMBORINE_01	
PowerFX	The Funk Master		629_110TAMBORINE_02	
PowerFX	The Funk Master		630_110TAMBORINE_03	
PowerFX	The Funk Master		631_110TAMBORINE_04	
PowerFX	The Funk Master		632_110TAMBORINE_05	
PowerFX	The Funk Master		633_110TAMBORINE_06	
PowerFX	The Funk Master		634_110TAMBORINE_07	
PowerFX	The Funk Master		635_110TAMBORINE_08	
PowerFX	The Funk Master		636_110TAMBORINE_09	
PowerFX	The Funk Master		637_110TAMBORINE_10	
PowerFX	The Funk Master		638_110TAMBORINE_11	
PowerFX	The Funk Master		639_110TAMBORINE_12	
PowerFX	The Funk Master		640_100TAMBORINE_01	
PowerFX	The Funk Master		641_100TAMBORINE_02	
PowerFX	The Funk Master		642_100TAMBORINE_03	
PowerFX	The Funk Master		643_100TAMBORINE_04	
PowerFX	The Funk Master		644_100TAMBORINE_05	
PowerFX	The Funk Master		645_100TAMBORINE_06	
PowerFX	The Funk Master		646_100TAMBORINE_07	
PowerFX	The Funk Master		647_90TAMBORINE_01	
PowerFX	The Funk Master		648_90TAMBORINE_02	
PowerFX	The Funk Master		649_90TAMBORINE_03	
PowerFX	The Funk Master		650_90TAMBORINE_04	
PowerFX	The Funk Master		651_90TAMBORINE_05	
PowerFX	The Funk Master		652_80TAMBORINE_01	
PowerFX	The Funk Master		653_80TAMBORINE_02	
PowerFX	The Funk Master		654_80TAMBORINE_03	
PowerFX	The Funk Master		655_80TAMBORINE_04	
PowerFX	The Funk Master		656_80TAMBORINE_05	
PowerFX	The Funk Master		657_80TAMBORINE_06	
PowerFX	The Funk Master		658_KICKLOUD_01	
PowerFX	The Funk Master		659_KICKMED_02	
PowerFX	The Funk Master		660_KICKSOFT_03	
PowerFX	The Funk Master		661_KICKLOUD_04	
PowerFX	The Funk Master		662_KICKMED_05	
PowerFX	The Funk Master		663_KICKSOFT_06	
PowerFX	The Funk Master		664_KICKLOUD_07	
PowerFX	The Funk Master		665_KICKMED_08	
PowerFX	The Funk Master		666_SNAREHIT_01	
PowerFX	The Funk Master		667_SNAREHIT_02	
PowerFX	The Funk Master		668_SNAREHIT_03	
PowerFX	The Funk Master		669_SNAREHIT_04	
PowerFX	The Funk Master		670_SNAREHIT_05	
PowerFX	The Funk Master		671_SNAREHIT_06	
PowerFX	The Funk Master		672_SNAREHIT_07	
PowerFX	The Funk Master		673_SNAREHIT_08	
PowerFX	The Funk Master		674_SNAREHIT_09	
PowerFX	The Funk Master		675_SNAREHIT_10	
PowerFX	The Funk Master		676_SNAREHIT_11	
PowerFX	The Funk Master		677_SNAREHIT_12	
PowerFX	The Funk Master		678_SNAREHIT_13	
PowerFX	The Funk Master		679_SNAREHIT_14	
PowerFX	The Funk Master		680_SNAREHIT_15	
PowerFX	The Funk Master		681_SNAREHIT_16	
PowerFX	The Funk Master		682_SNAREHIT_17	
PowerFX	The Funk Master		683_SNAREHIT_18	
PowerFX	The Funk Master		684_SNAREHIT_19	
PowerFX	The Funk Master		685_SNAREHIT_20	
PowerFX	The Funk Master		686_SNAREHIT_21	
PowerFX	The Funk Master		687_SNAREHIT_22	
PowerFX	The Funk Master		688_RIMHIT_01	
PowerFX	The Funk Master		689_RIMHIT_02	
PowerFX	The Funk Master		690_RIMHIT_03	
PowerFX	The Funk Master		691_RIMHIT_04	
PowerFX	The Funk Master		692_RIMHIT_05	
PowerFX	The Funk Master		693_RIMHIT_06	
PowerFX	The Funk Master		694_RIMHIT_07	
PowerFX	The Funk Master		695_RIMHIT_08	
PowerFX	The Funk Master		696_RIMHIT_09	
PowerFX	The Funk Master		697_RIMHIT_10	
PowerFX	The Funk Master		698_RIMHIT_11	
PowerFX	The Funk Master		699_RIMHIT_12	
PowerFX	The Funk Master		700_TOMHIT_01	
PowerFX	The Funk Master		701_TOMHIT_02	
PowerFX	The Funk Master		702_TOMHIT_03	
PowerFX	The Funk Master		703_TOMHIT_04	
PowerFX	The Funk Master		704_TOMHIT_05	
PowerFX	The Funk Master		705_TOMHIT_06	
PowerFX	The Funk Master		706_TOMHIT_07	
PowerFX	The Funk Master		707_TOMHIT_08	
PowerFX	The Funk Master		708_TOMHIT_09	
PowerFX	The Funk Master		709_TOMHIT_10	
PowerFX	The Funk Master		710_TOMHIT_11	
PowerFX	The Funk Master		711_TOMHITS_01	
PowerFX	The Funk Master		712_TOMHITS_02	
PowerFX	The Funk Master		713_TOMHITS_03	
PowerFX	The Funk Master		714_TOMHITS_04	
PowerFX	The Funk Master		715_TOMHITS_05	
PowerFX	The Funk Master		716_TOMHITS_06	
PowerFX	The Funk Master		717_HIHATHIT_01	
PowerFX	The Funk Master		718_HIHATHIT_02	
PowerFX	The Funk Master		719_HIHATHIT_03	
PowerFX	The Funk Master		720_HIHATHIT_04	
PowerFX	The Funk Master		721_HIHATHIT_05	
PowerFX	The Funk Master		722_HIHATHIT_06	
PowerFX	The Funk Master		723_HIHATHIT_07	
PowerFX	The Funk Master		724_HIHATHIT_08	
PowerFX	The Funk Master		725_HIHATHIT_09	
PowerFX	The Funk Master		726_HIHATHIT_10	
PowerFX	The Funk Master		727_HIHATHIT_11	
PowerFX	The Funk Master		728_CRASH_01	
PowerFX	The Funk Master		729_CRASH_02	
PowerFX	The Funk Master		730_CRASH_03	
PowerFX	The Funk Master		731_CRASH_04	
PowerFX	The Funk Master		732_CRASH_05	
PowerFX	The Funk Master		733_CRASH_06	
PowerFX	The Funk Master		734_KICKCRASH_07	
PowerFX	The Funk Master		735_RIDE_08	
PowerFX	The Funk Master		736_RIDE_09	
PowerFX	The Funk Master		737_RIDE_10	
PowerFX	The Funk Master		738_CRASH_01	
PowerFX	The Funk Master		739_CRASH_02	
PowerFX	The Funk Master		740_RIDE_03	
PowerFX	The Funk Master		741_RIDE_04	
PowerFX	The Funk Master		742_RIDE_05	
PowerFX	The Funk Master		743_RIDE_06	
PowerFX	The Funk Master		764_TAMBORINEHIT_01	
PowerFX	The Funk Master		765_TAMBORINEHIT_02	
PowerFX	The Funk Master		766_TAMBORINEHIT_03	
PowerFX	The Funk Master		767_TAMBORINEHIT_04	
PowerFX	The Funk Master		768_TAMBORINEHIT_05	
PowerFX	The Funk Master		769_TAMBORINEHIT_06	
Tab filled out by: Colou, stin				Jump to top