Splice Sounds	Sounds of KSHMR Vol. 3	KSHMR_Drums -> KSHMR_Beatboxing	KSHMR_Beatbox_Closed_Hat_01	
Splice Sounds	Sounds of KSHMR Vol. 3	KSHMR_Drums -> KSHMR_Beatboxing	KSHMR_Beatbox_Closed_Hat_02	
Splice Sounds	Sounds of KSHMR Vol. 3	KSHMR_Drums -> KSHMR_Beatboxing	KSHMR_Beatbox_Closed_Hat_03	
Splice Sounds	Sounds of KSHMR Vol. 3	KSHMR_Drums -> KSHMR_Beatboxing	KSHMR_Beatbox_Closed_Hat_04	
Splice Sounds	Sounds of KSHMR Vol. 3	KSHMR_Drums -> KSHMR_Beatboxing	KSHMR_Beatbox_Closed_Hat_05	
Splice Sounds	Sounds of KSHMR Vol. 3	KSHMR_Drums -> KSHMR_Beatboxing	KSHMR_Beatbox_Closed_Hat_06	
Splice Sounds	Sounds of KSHMR Vol. 3	KSHMR_Drums -> KSHMR_Beatboxing	KSHMR_Beatbox_Kick_01	
Splice Sounds	Sounds of KSHMR Vol. 3	KSHMR_Drums -> KSHMR_Beatboxing	KSHMR_Beatbox_Kick_02	
Splice Sounds	Sounds of KSHMR Vol. 3	KSHMR_Drums -> KSHMR_Beatboxing	KSHMR_Beatbox_Kick_03	
Splice Sounds	Sounds of KSHMR Vol. 3	KSHMR_Drums -> KSHMR_Beatboxing	KSHMR_Beatbox_Kick_04_A	
Splice Sounds	Sounds of KSHMR Vol. 3	KSHMR_Drums -> KSHMR_Beatboxing	KSHMR_Beatbox_Kick_05_C#	
Splice Sounds	Sounds of KSHMR Vol. 3	KSHMR_Drums -> KSHMR_Beatboxing	KSHMR_Beatbox_Kick_06_C#	
Splice Sounds	Sounds of KSHMR Vol. 3	KSHMR_Drums -> KSHMR_Beatboxing	KSHMR_Beatbox_Kick_07_D#	
Splice Sounds	Sounds of KSHMR Vol. 3	KSHMR_Drums -> KSHMR_Beatboxing	KSHMR_Beatbox_Open_Hat_01	
Splice Sounds	Sounds of KSHMR Vol. 3	KSHMR_Drums -> KSHMR_Beatboxing	KSHMR_Beatbox_Open_Hat_02	
Splice Sounds	Sounds of KSHMR Vol. 3	KSHMR_Drums -> KSHMR_Beatboxing	KSHMR_Beatbox_Open_Hat_03	
Splice Sounds	Sounds of KSHMR Vol. 3	KSHMR_Drums -> KSHMR_Beatboxing	KSHMR_Beatbox_Perc_01_B	
Splice Sounds	Sounds of KSHMR Vol. 3	KSHMR_Drums -> KSHMR_Beatboxing	KSHMR_Beatbox_Perc_02_C	
Splice Sounds	Sounds of KSHMR Vol. 3	KSHMR_Drums -> KSHMR_Beatboxing	KSHMR_Beatbox_Perc_03_E	
Splice Sounds	Sounds of KSHMR Vol. 3	KSHMR_Drums -> KSHMR_Beatboxing	KSHMR_Beatbox_Perc_04_E	
Splice Sounds	Sounds of KSHMR Vol. 3	KSHMR_Drums -> KSHMR_Beatboxing	KSHMR_Beatbox_Perc_05_F	
Splice Sounds	Sounds of KSHMR Vol. 3	KSHMR_Drums -> KSHMR_Beatboxing	KSHMR_Beatbox_Perc_06_F#	
Splice Sounds	Sounds of KSHMR Vol. 3	KSHMR_Drums -> KSHMR_Beatboxing	KSHMR_Beatbox_Pop_01_A#	
Splice Sounds	Sounds of KSHMR Vol. 3	KSHMR_Drums -> KSHMR_Beatboxing	KSHMR_Beatbox_Pop_02_A#	
Splice Sounds	Sounds of KSHMR Vol. 3	KSHMR_Drums -> KSHMR_Beatboxing	KSHMR_Beatbox_Pop_03_G#	
Splice Sounds	Sounds of KSHMR Vol. 3	KSHMR_Drums -> KSHMR_Beatboxing	KSHMR_Beatbox_Snap_01	
Splice Sounds	Sounds of KSHMR Vol. 3	KSHMR_Drums -> KSHMR_Beatboxing	KSHMR_Beatbox_Snap_02	
Splice Sounds	Sounds of KSHMR Vol. 3	KSHMR_Drums -> KSHMR_Beatboxing	KSHMR_Beatbox_Snare_01	
Splice Sounds	Sounds of KSHMR Vol. 3	KSHMR_Drums -> KSHMR_Beatboxing	KSHMR_Beatbox_Snare_02	
Splice Sounds	Sounds of KSHMR Vol. 3	KSHMR_Drums -> KSHMR_Beatboxing	KSHMR_Beatbox_Snare_03	
Splice Sounds	Sounds of KSHMR Vol. 3	KSHMR_Drums -> KSHMR_Beatboxing	KSHMR_Beatbox_Snare_04	
Splice Sounds	Sounds of KSHMR Vol. 3	KSHMR_Drums -> KSHMR_Beatboxing	KSHMR_Beatbox_Snare_05	
Splice Sounds	Sounds of KSHMR Vol. 3	KSHMR_Drums -> KSHMR_Beatboxing	KSHMR_Beatbox_Snare_06	
Splice Sounds	Sounds of KSHMR Vol. 3	KSHMR_Drums -> KSHMR_Drum_Fills -> KSHMR_Acoustic_Fills	KSHMR_Acoustic_Fill_01_90	
Splice Sounds	Sounds of KSHMR Vol. 3	KSHMR_Drums -> KSHMR_Drum_Fills -> KSHMR_Acoustic_Fills	KSHMR_Acoustic_Fill_02_95	
Splice Sounds	Sounds of KSHMR Vol. 3	KSHMR_Drums -> KSHMR_Drum_Fills -> KSHMR_Acoustic_Fills	KSHMR_Acoustic_Fill_03_100	
Splice Sounds	Sounds of KSHMR Vol. 3	KSHMR_Drums -> KSHMR_Drum_Fills -> KSHMR_Acoustic_Fills	KSHMR_Acoustic_Fill_04_100	
Splice Sounds	Sounds of KSHMR Vol. 3	KSHMR_Drums -> KSHMR_Drum_Fills -> KSHMR_Acoustic_Fills	KSHMR_Acoustic_Fill_05_100	
Splice Sounds	Sounds of KSHMR Vol. 3	KSHMR_Drums -> KSHMR_Drum_Fills -> KSHMR_Acoustic_Fills	KSHMR_Acoustic_Fill_06_100	
Splice Sounds	Sounds of KSHMR Vol. 3	KSHMR_Drums -> KSHMR_Drum_Fills -> KSHMR_Acoustic_Fills	KSHMR_Acoustic_Fill_07_100	
Splice Sounds	Sounds of KSHMR Vol. 3	KSHMR_Drums -> KSHMR_Drum_Fills -> KSHMR_Acoustic_Fills	KSHMR_Acoustic_Fill_08_108	
Splice Sounds	Sounds of KSHMR Vol. 3	KSHMR_Drums -> KSHMR_Drum_Fills -> KSHMR_Acoustic_Fills	KSHMR_Acoustic_Fill_09_108	
Splice Sounds	Sounds of KSHMR Vol. 3	KSHMR_Drums -> KSHMR_Drum_Fills -> KSHMR_Acoustic_Fills	KSHMR_Acoustic_Fill_10_110	
Splice Sounds	Sounds of KSHMR Vol. 3	KSHMR_Drums -> KSHMR_Drum_Fills -> KSHMR_Acoustic_Fills	KSHMR_Acoustic_Fill_11_110	
Splice Sounds	Sounds of KSHMR Vol. 3	KSHMR_Drums -> KSHMR_Drum_Fills -> KSHMR_Acoustic_Fills	KSHMR_Acoustic_Fill_12_110	
Splice Sounds	Sounds of KSHMR Vol. 3	KSHMR_Drums -> KSHMR_Drum_Fills -> KSHMR_Acoustic_Fills	KSHMR_Acoustic_Fill_13_115	
Splice Sounds	Sounds of KSHMR Vol. 3	KSHMR_Drums -> KSHMR_Drum_Fills -> KSHMR_Acoustic_Fills	KSHMR_Acoustic_Fill_14_115	
Splice Sounds	Sounds of KSHMR Vol. 3	KSHMR_Drums -> KSHMR_Drum_Fills -> KSHMR_Acoustic_Fills	KSHMR_Acoustic_Fill_15_116	
Splice Sounds	Sounds of KSHMR Vol. 3	KSHMR_Drums -> KSHMR_Drum_Fills -> KSHMR_Acoustic_Fills	KSHMR_Acoustic_Fill_16_120	
Splice Sounds	Sounds of KSHMR Vol. 3	KSHMR_Drums -> KSHMR_Drum_Fills -> KSHMR_Acoustic_Fills	KSHMR_Acoustic_Fill_17_120	
Splice Sounds	Sounds of KSHMR Vol. 3	KSHMR_Drums -> KSHMR_Drum_Fills -> KSHMR_Acoustic_Fills	KSHMR_Acoustic_Fill_18_120	
Splice Sounds	Sounds of KSHMR Vol. 3	KSHMR_Drums -> KSHMR_Drum_Fills -> KSHMR_Acoustic_Fills	KSHMR_Acoustic_Fill_19_128	
Splice Sounds	Sounds of KSHMR Vol. 3	KSHMR_Drums -> KSHMR_Drum_Fills -> KSHMR_Acoustic_Fills	KSHMR_Acoustic_Fill_20_128	
Splice Sounds	Sounds of KSHMR Vol. 3	KSHMR_Drums -> KSHMR_Drum_Fills -> KSHMR_Acoustic_Fills	KSHMR_Acoustic_Fill_21_128	
Splice Sounds	Sounds of KSHMR Vol. 3	KSHMR_Drums -> KSHMR_Drum_Fills -> KSHMR_Acoustic_Fills	KSHMR_Acoustic_Fill_22_130	
Splice Sounds	Sounds of KSHMR Vol. 3	KSHMR_Drums -> KSHMR_Drum_Fills -> KSHMR_Acoustic_Fills	KSHMR_Acoustic_Fill_23_130	
Splice Sounds	Sounds of KSHMR Vol. 3	KSHMR_Drums -> KSHMR_Drum_Fills -> KSHMR_Acoustic_Fills	KSHMR_Acoustic_Fill_24_135	
Splice Sounds	Sounds of KSHMR Vol. 3	KSHMR_Drums -> KSHMR_Drum_Fills -> KSHMR_Acoustic_Fills	KSHMR_Acoustic_Fill_25_135	
Splice Sounds	Sounds of KSHMR Vol. 3	KSHMR_Drums -> KSHMR_Drum_Fills -> KSHMR_Acoustic_Fills	KSHMR_Acoustic_Fill_26_135	
Splice Sounds	Sounds of KSHMR Vol. 3	KSHMR_Drums -> KSHMR_Drum_Fills -> KSHMR_Acoustic_Fills	KSHMR_Acoustic_Fill_27_135	
Splice Sounds	Sounds of KSHMR Vol. 3	KSHMR_Drums -> KSHMR_Drum_Fills -> KSHMR_Acoustic_Fills	KSHMR_Acoustic_Fill_28_140	
Splice Sounds	Sounds of KSHMR Vol. 3	KSHMR_Drums -> KSHMR_Drum_Fills -> KSHMR_Acoustic_Fills	KSHMR_Acoustic_Fill_29_150	
Splice Sounds	Sounds of KSHMR Vol. 3	KSHMR_Drums -> KSHMR_Drum_Fills -> KSHMR_Acoustic_Fills	KSHMR_Acoustic_Fill_30_160	
Splice Sounds	Sounds of KSHMR Vol. 3	KSHMR_Drums -> KSHMR_Drum_Fills -> KSHMR_Acoustic_Fills	KSHMR_Acoustic_Fill_31_160	
Splice Sounds	Sounds of KSHMR Vol. 3	KSHMR_Drums -> KSHMR_Drum_Fills -> KSHMR_Long_Fills	KSHMR_Long_Fill_01_128	
Splice Sounds	Sounds of KSHMR Vol. 3	KSHMR_Drums -> KSHMR_Drum_Fills -> KSHMR_Long_Fills	KSHMR_Long_Fill_02_128	
Splice Sounds	Sounds of KSHMR Vol. 3	KSHMR_Drums -> KSHMR_Drum_Fills -> KSHMR_Long_Fills	KSHMR_Long_Fill_03_128	
Splice Sounds	Sounds of KSHMR Vol. 3	KSHMR_Drums -> KSHMR_Drum_Fills -> KSHMR_Long_Fills	KSHMR_Long_Fill_04_128	
Splice Sounds	Sounds of KSHMR Vol. 3	KSHMR_Drums -> KSHMR_Drum_Fills -> KSHMR_Long_Fills	KSHMR_Long_Fill_05_128	
Splice Sounds	Sounds of KSHMR Vol. 3	KSHMR_Drums -> KSHMR_Drum_Fills -> KSHMR_Long_Fills	KSHMR_Long_Fill_06_128	
Splice Sounds	Sounds of KSHMR Vol. 3	KSHMR_Drums -> KSHMR_Drum_Fills -> KSHMR_Long_Fills	KSHMR_Long_Fill_07_128	
Splice Sounds	Sounds of KSHMR Vol. 3	KSHMR_Drums -> KSHMR_Drum_Fills -> KSHMR_Long_Fills	KSHMR_Long_Fill_08_128	
Splice Sounds	Sounds of KSHMR Vol. 3	KSHMR_Drums -> KSHMR_Drum_Fills -> KSHMR_Long_Fills	KSHMR_Long_Fill_09_128	
Splice Sounds	Sounds of KSHMR Vol. 3	KSHMR_Drums -> KSHMR_Drum_Fills -> KSHMR_Long_Fills	KSHMR_Long_Fill_10_128	
Splice Sounds	Sounds of KSHMR Vol. 3	KSHMR_Drums -> KSHMR_Drum_Fills -> KSHMR_Long_Fills	KSHMR_Long_Fill_11_128	
Splice Sounds	Sounds of KSHMR Vol. 3	KSHMR_Drums -> KSHMR_Drum_Fills -> KSHMR_Long_Fills	KSHMR_Long_Fill_12_128	
Splice Sounds	Sounds of KSHMR Vol. 3	KSHMR_Drums -> KSHMR_Drum_Fills -> KSHMR_Long_Fills	KSHMR_Long_Fill_13_128	
Splice Sounds	Sounds of KSHMR Vol. 3	KSHMR_Drums -> KSHMR_Drum_Fills -> KSHMR_Long_Fills	KSHMR_Long_Fill_14_128	
Splice Sounds	Sounds of KSHMR Vol. 3	KSHMR_Drums -> KSHMR_Drum_Fills -> KSHMR_Long_Fills	KSHMR_Long_Fill_15_140	
Splice Sounds	Sounds of KSHMR Vol. 3	KSHMR_Drums -> KSHMR_Drum_Fills -> KSHMR_Long_Fills	KSHMR_Long_Fill_16_140	
Splice Sounds	Sounds of KSHMR Vol. 3	KSHMR_Drums -> KSHMR_Drum_Fills -> KSHMR_Long_Fills	KSHMR_Long_Fill_17_140	
Splice Sounds	Sounds of KSHMR Vol. 3	KSHMR_Drums -> KSHMR_Drum_Fills -> KSHMR_Long_Fills	KSHMR_Long_Fill_18_150	
Splice Sounds	Sounds of KSHMR Vol. 3	KSHMR_Drums -> KSHMR_Drum_Fills -> KSHMR_Long_Fills	KSHMR_Long_Fill_19_150	
Splice Sounds	Sounds of KSHMR Vol. 3	KSHMR_Drums -> KSHMR_Drum_Fills -> KSHMR_Long_Fills	KSHMR_Long_Fill_20_150	
Splice Sounds	Sounds of KSHMR Vol. 3	KSHMR_Drums -> KSHMR_Drum_Fills -> KSHMR_Orchestral_Fills	KSHMR_Orchestra_Fill_01_Brass_100_E	
Splice Sounds	Sounds of KSHMR Vol. 3	KSHMR_Drums -> KSHMR_Drum_Fills -> KSHMR_Orchestral_Fills	KSHMR_Orchestra_Fill_02_Brass_128_A#	
Splice Sounds	Sounds of KSHMR Vol. 3	KSHMR_Drums -> KSHMR_Drum_Fills -> KSHMR_Orchestral_Fills	KSHMR_Orchestra_Fill_03_Brass_128_Fm	
Splice Sounds	Sounds of KSHMR Vol. 3	KSHMR_Drums -> KSHMR_Drum_Fills -> KSHMR_Orchestral_Fills	KSHMR_Orchestra_Fill_04_Brass_128_F#m	
Splice Sounds	Sounds of KSHMR Vol. 3	KSHMR_Drums -> KSHMR_Drum_Fills -> KSHMR_Orchestral_Fills	KSHMR_Orchestra_Fill_05_Brass_140_Dm	
Splice Sounds	Sounds of KSHMR Vol. 3	KSHMR_Drums -> KSHMR_Drum_Fills -> KSHMR_Orchestral_Fills	KSHMR_Orchestra_Fill_06_Brass_140_Em	
Splice Sounds	Sounds of KSHMR Vol. 3	KSHMR_Drums -> KSHMR_Drum_Fills -> KSHMR_Orchestral_Fills	KSHMR_Orchestra_Fill_07_Brass_140_Em	
Splice Sounds	Sounds of KSHMR Vol. 3	KSHMR_Drums -> KSHMR_Drum_Fills -> KSHMR_Orchestral_Fills	KSHMR_Orchestra_Fill_08_Full_Orchestra_128_A#m	
Splice Sounds	Sounds of KSHMR Vol. 3	KSHMR_Drums -> KSHMR_Drum_Fills -> KSHMR_Orchestral_Fills	KSHMR_Orchestra_Fill_09_Full_Orchestra_128_Fm	
Splice Sounds	Sounds of KSHMR Vol. 3	KSHMR_Drums -> KSHMR_Drum_Fills -> KSHMR_Orchestral_Fills	KSHMR_Orchestra_Fill_10_Strings_120_F#m	
Splice Sounds	Sounds of KSHMR Vol. 3	KSHMR_Drums -> KSHMR_Drum_Fills -> KSHMR_Orchestral_Fills	KSHMR_Orchestra_Fill_11_Strings_120_Gm	
Splice Sounds	Sounds of KSHMR Vol. 3	KSHMR_Drums -> KSHMR_Drum_Fills -> KSHMR_Orchestral_Fills	KSHMR_Orchestra_Fill_12_Strings_128_Dm	
Splice Sounds	Sounds of KSHMR Vol. 3	KSHMR_Drums -> KSHMR_Drum_Fills -> KSHMR_Orchestral_Fills	KSHMR_Orchestra_Fill_13_Strings_128_D#	
Splice Sounds	Sounds of KSHMR Vol. 3	KSHMR_Drums -> KSHMR_Drum_Fills -> KSHMR_Orchestral_Fills	KSHMR_Orchestra_Fill_14_Strings_128_Em	
Splice Sounds	Sounds of KSHMR Vol. 3	KSHMR_Drums -> KSHMR_Drum_Fills -> KSHMR_Orchestral_Fills	KSHMR_Orchestra_Fill_15_Strings_128_E_D#	
Splice Sounds	Sounds of KSHMR Vol. 3	KSHMR_Drums -> KSHMR_Drum_Fills -> KSHMR_Orchestral_Fills	KSHMR_Orchestra_Fill_16_Strings_130_Fm	
Splice Sounds	Sounds of KSHMR Vol. 3	KSHMR_Drums -> KSHMR_Drum_Fills -> KSHMR_Short_Fills -> KSHMR_Short_Fills_120-130	KSHMR_Short_Drum_Fill_01_120	
Splice Sounds	Sounds of KSHMR Vol. 3	KSHMR_Drums -> KSHMR_Drum_Fills -> KSHMR_Short_Fills -> KSHMR_Short_Fills_120-130	KSHMR_Short_Drum_Fill_02_124	
Splice Sounds	Sounds of KSHMR Vol. 3	KSHMR_Drums -> KSHMR_Drum_Fills -> KSHMR_Short_Fills -> KSHMR_Short_Fills_120-130	KSHMR_Short_Drum_Fill_03_124	
Splice Sounds	Sounds of KSHMR Vol. 3	KSHMR_Drums -> KSHMR_Drum_Fills -> KSHMR_Short_Fills -> KSHMR_Short_Fills_120-130	KSHMR_Short_Drum_Fill_04_126	
Splice Sounds	Sounds of KSHMR Vol. 3	KSHMR_Drums -> KSHMR_Drum_Fills -> KSHMR_Short_Fills -> KSHMR_Short_Fills_120-130	KSHMR_Short_Drum_Fill_05_128	
Splice Sounds	Sounds of KSHMR Vol. 3	KSHMR_Drums -> KSHMR_Drum_Fills -> KSHMR_Short_Fills -> KSHMR_Short_Fills_120-130	KSHMR_Short_Drum_Fill_06_128	
Splice Sounds	Sounds of KSHMR Vol. 3	KSHMR_Drums -> KSHMR_Drum_Fills -> KSHMR_Short_Fills -> KSHMR_Short_Fills_120-130	KSHMR_Short_Drum_Fill_07_128	
Splice Sounds	Sounds of KSHMR Vol. 3	KSHMR_Drums -> KSHMR_Drum_Fills -> KSHMR_Short_Fills -> KSHMR_Short_Fills_120-130	KSHMR_Short_Drum_Fill_08_128	
Splice Sounds	Sounds of KSHMR Vol. 3	KSHMR_Drums -> KSHMR_Drum_Fills -> KSHMR_Short_Fills -> KSHMR_Short_Fills_120-130	KSHMR_Short_Drum_Fill_09_128	
Splice Sounds	Sounds of KSHMR Vol. 3	KSHMR_Drums -> KSHMR_Drum_Fills -> KSHMR_Short_Fills -> KSHMR_Short_Fills_120-130	KSHMR_Short_Drum_Fill_10_128	
Splice Sounds	Sounds of KSHMR Vol. 3	KSHMR_Drums -> KSHMR_Drum_Fills -> KSHMR_Short_Fills -> KSHMR_Short_Fills_120-130	KSHMR_Short_Drum_Fill_11_128	
Splice Sounds	Sounds of KSHMR Vol. 3	KSHMR_Drums -> KSHMR_Drum_Fills -> KSHMR_Short_Fills -> KSHMR_Short_Fills_120-130	KSHMR_Short_Drum_Fill_12_128	
Splice Sounds	Sounds of KSHMR Vol. 3	KSHMR_Drums -> KSHMR_Drum_Fills -> KSHMR_Short_Fills -> KSHMR_Short_Fills_120-130	KSHMR_Short_Drum_Fill_13_128	
Splice Sounds	Sounds of KSHMR Vol. 3	KSHMR_Drums -> KSHMR_Drum_Fills -> KSHMR_Short_Fills -> KSHMR_Short_Fills_120-130	KSHMR_Short_Drum_Fill_14_128	
Splice Sounds	Sounds of KSHMR Vol. 3	KSHMR_Drums -> KSHMR_Drum_Fills -> KSHMR_Short_Fills -> KSHMR_Short_Fills_120-130	KSHMR_Short_Drum_Fill_15_128	
Splice Sounds	Sounds of KSHMR Vol. 3	KSHMR_Drums -> KSHMR_Drum_Fills -> KSHMR_Short_Fills -> KSHMR_Short_Fills_120-130	KSHMR_Short_Drum_Fill_16_128	
Splice Sounds	Sounds of KSHMR Vol. 3	KSHMR_Drums -> KSHMR_Drum_Fills -> KSHMR_Short_Fills -> KSHMR_Short_Fills_120-130	KSHMR_Short_Drum_Fill_17_128	
Splice Sounds	Sounds of KSHMR Vol. 3	KSHMR_Drums -> KSHMR_Drum_Fills -> KSHMR_Short_Fills -> KSHMR_Short_Fills_120-130	KSHMR_Short_Drum_Fill_18_128	
Splice Sounds	Sounds of KSHMR Vol. 3	KSHMR_Drums -> KSHMR_Drum_Fills -> KSHMR_Short_Fills -> KSHMR_Short_Fills_120-130	KSHMR_Short_Drum_Fill_19_128	
Splice Sounds	Sounds of KSHMR Vol. 3	KSHMR_Drums -> KSHMR_Drum_Fills -> KSHMR_Short_Fills -> KSHMR_Short_Fills_120-130	KSHMR_Short_Drum_Fill_20_128	
Splice Sounds	Sounds of KSHMR Vol. 3	KSHMR_Drums -> KSHMR_Drum_Fills -> KSHMR_Short_Fills -> KSHMR_Short_Fills_120-130	KSHMR_Short_Drum_Fill_21_128	
Splice Sounds	Sounds of KSHMR Vol. 3	KSHMR_Drums -> KSHMR_Drum_Fills -> KSHMR_Short_Fills -> KSHMR_Short_Fills_120-130	KSHMR_Short_Drum_Fill_22_128	
Splice Sounds	Sounds of KSHMR Vol. 3	KSHMR_Drums -> KSHMR_Drum_Fills -> KSHMR_Short_Fills -> KSHMR_Short_Fills_120-130	KSHMR_Short_Drum_Fill_23_128	
Splice Sounds	Sounds of KSHMR Vol. 3	KSHMR_Drums -> KSHMR_Drum_Fills -> KSHMR_Short_Fills -> KSHMR_Short_Fills_120-130	KSHMR_Short_Drum_Fill_24_128	
Splice Sounds	Sounds of KSHMR Vol. 3	KSHMR_Drums -> KSHMR_Drum_Fills -> KSHMR_Short_Fills -> KSHMR_Short_Fills_120-130	KSHMR_Short_Drum_Fill_25_128	
Splice Sounds	Sounds of KSHMR Vol. 3	KSHMR_Drums -> KSHMR_Drum_Fills -> KSHMR_Short_Fills -> KSHMR_Short_Fills_120-130	KSHMR_Short_Drum_Fill_26_128	
Splice Sounds	Sounds of KSHMR Vol. 3	KSHMR_Drums -> KSHMR_Drum_Fills -> KSHMR_Short_Fills -> KSHMR_Short_Fills_120-130	KSHMR_Short_Drum_Fill_27_128	
Splice Sounds	Sounds of KSHMR Vol. 3	KSHMR_Drums -> KSHMR_Drum_Fills -> KSHMR_Short_Fills -> KSHMR_Short_Fills_120-130	KSHMR_Short_Drum_Fill_28_128	
Splice Sounds	Sounds of KSHMR Vol. 3	KSHMR_Drums -> KSHMR_Drum_Fills -> KSHMR_Short_Fills -> KSHMR_Short_Fills_120-130	KSHMR_Short_Drum_Fill_29_128	
Splice Sounds	Sounds of KSHMR Vol. 3	KSHMR_Drums -> KSHMR_Drum_Fills -> KSHMR_Short_Fills -> KSHMR_Short_Fills_120-130	KSHMR_Short_Drum_Fill_30_128	
Splice Sounds	Sounds of KSHMR Vol. 3	KSHMR_Drums -> KSHMR_Drum_Fills -> KSHMR_Short_Fills -> KSHMR_Short_Fills_120-130	KSHMR_Short_Drum_Fill_31_128	
Splice Sounds	Sounds of KSHMR Vol. 3	KSHMR_Drums -> KSHMR_Drum_Fills -> KSHMR_Short_Fills -> KSHMR_Short_Fills_120-130	KSHMR_Short_Drum_Fill_32_128	
Splice Sounds	Sounds of KSHMR Vol. 3	KSHMR_Drums -> KSHMR_Drum_Fills -> KSHMR_Short_Fills -> KSHMR_Short_Fills_120-130	KSHMR_Short_Drum_Fill_33_128	
Splice Sounds	Sounds of KSHMR Vol. 3	KSHMR_Drums -> KSHMR_Drum_Fills -> KSHMR_Short_Fills -> KSHMR_Short_Fills_120-130	KSHMR_Short_Drum_Fill_34_128	
Splice Sounds	Sounds of KSHMR Vol. 3	KSHMR_Drums -> KSHMR_Drum_Fills -> KSHMR_Short_Fills -> KSHMR_Short_Fills_120-130	KSHMR_Short_Drum_Fill_35_128_Triplet	
Splice Sounds	Sounds of KSHMR Vol. 3	KSHMR_Drums -> KSHMR_Drum_Fills -> KSHMR_Short_Fills -> KSHMR_Short_Fills_120-130	KSHMR_Short_Drum_Fill_36_128_Triplet	
Splice Sounds	Sounds of KSHMR Vol. 3	KSHMR_Drums -> KSHMR_Drum_Fills -> KSHMR_Short_Fills -> KSHMR_Short_Fills_120-130	KSHMR_Short_Drum_Fill_37_128_Triplet	
Splice Sounds	Sounds of KSHMR Vol. 3	KSHMR_Drums -> KSHMR_Drum_Fills -> KSHMR_Short_Fills -> KSHMR_Short_Fills_120-130	KSHMR_Short_Drum_Fill_38_128_Triplet	
Splice Sounds	Sounds of KSHMR Vol. 3	KSHMR_Drums -> KSHMR_Drum_Fills -> KSHMR_Short_Fills -> KSHMR_Short_Fills_120-130	KSHMR_Short_Drum_Fill_39_128_Triplet	
Splice Sounds	Sounds of KSHMR Vol. 3	KSHMR_Drums -> KSHMR_Drum_Fills -> KSHMR_Short_Fills -> KSHMR_Short_Fills_120-130	KSHMR_Short_Drum_Fill_40_128_Triplet	
Splice Sounds	Sounds of KSHMR Vol. 3	KSHMR_Drums -> KSHMR_Drum_Fills -> KSHMR_Short_Fills -> KSHMR_Short_Fills_120-130	KSHMR_Short_Drum_Fill_41_130	
Splice Sounds	Sounds of KSHMR Vol. 3	KSHMR_Drums -> KSHMR_Drum_Fills -> KSHMR_Short_Fills -> KSHMR_Short_Fills_120-130	KSHMR_Short_Drum_Fill_42_130	
Splice Sounds	Sounds of KSHMR Vol. 3	KSHMR_Drums -> KSHMR_Drum_Fills -> KSHMR_Short_Fills -> KSHMR_Short_Fills_120-130	KSHMR_Short_Drum_Fill_43_130	
Splice Sounds	Sounds of KSHMR Vol. 3	KSHMR_Drums -> KSHMR_Drum_Fills -> KSHMR_Short_Fills -> KSHMR_Short_Fills_130-160	KSHMR_Short_Drum_Fill_01_130	
Splice Sounds	Sounds of KSHMR Vol. 3	KSHMR_Drums -> KSHMR_Drum_Fills -> KSHMR_Short_Fills -> KSHMR_Short_Fills_130-160	KSHMR_Short_Drum_Fill_02_135	
Splice Sounds	Sounds of KSHMR Vol. 3	KSHMR_Drums -> KSHMR_Drum_Fills -> KSHMR_Short_Fills -> KSHMR_Short_Fills_130-160	KSHMR_Short_Drum_Fill_03_135	
Splice Sounds	Sounds of KSHMR Vol. 3	KSHMR_Drums -> KSHMR_Drum_Fills -> KSHMR_Short_Fills -> KSHMR_Short_Fills_130-160	KSHMR_Short_Drum_Fill_04_140	
Splice Sounds	Sounds of KSHMR Vol. 3	KSHMR_Drums -> KSHMR_Drum_Fills -> KSHMR_Short_Fills -> KSHMR_Short_Fills_130-160	KSHMR_Short_Drum_Fill_05_140	
Splice Sounds	Sounds of KSHMR Vol. 3	KSHMR_Drums -> KSHMR_Drum_Fills -> KSHMR_Short_Fills -> KSHMR_Short_Fills_130-160	KSHMR_Short_Drum_Fill_06_140	
Splice Sounds	Sounds of KSHMR Vol. 3	KSHMR_Drums -> KSHMR_Drum_Fills -> KSHMR_Short_Fills -> KSHMR_Short_Fills_130-160	KSHMR_Short_Drum_Fill_07_140	
Splice Sounds	Sounds of KSHMR Vol. 3	KSHMR_Drums -> KSHMR_Drum_Fills -> KSHMR_Short_Fills -> KSHMR_Short_Fills_130-160	KSHMR_Short_Drum_Fill_08_140	
Splice Sounds	Sounds of KSHMR Vol. 3	KSHMR_Drums -> KSHMR_Drum_Fills -> KSHMR_Short_Fills -> KSHMR_Short_Fills_130-160	KSHMR_Short_Drum_Fill_09_140	
Splice Sounds	Sounds of KSHMR Vol. 3	KSHMR_Drums -> KSHMR_Drum_Fills -> KSHMR_Short_Fills -> KSHMR_Short_Fills_130-160	KSHMR_Short_Drum_Fill_10_145	
Splice Sounds	Sounds of KSHMR Vol. 3	KSHMR_Drums -> KSHMR_Drum_Fills -> KSHMR_Short_Fills -> KSHMR_Short_Fills_130-160	KSHMR_Short_Drum_Fill_11_150	
Splice Sounds	Sounds of KSHMR Vol. 3	KSHMR_Drums -> KSHMR_Drum_Fills -> KSHMR_Short_Fills -> KSHMR_Short_Fills_130-160	KSHMR_Short_Drum_Fill_12_150	
Splice Sounds	Sounds of KSHMR Vol. 3	KSHMR_Drums -> KSHMR_Drum_Fills -> KSHMR_Short_Fills -> KSHMR_Short_Fills_130-160	KSHMR_Short_Drum_Fill_13_150	
Splice Sounds	Sounds of KSHMR Vol. 3	KSHMR_Drums -> KSHMR_Drum_Fills -> KSHMR_Short_Fills -> KSHMR_Short_Fills_130-160	KSHMR_Short_Drum_Fill_14_150	
Splice Sounds	Sounds of KSHMR Vol. 3	KSHMR_Drums -> KSHMR_Drum_Fills -> KSHMR_Short_Fills -> KSHMR_Short_Fills_130-160	KSHMR_Short_Drum_Fill_15_156	
Splice Sounds	Sounds of KSHMR Vol. 3	KSHMR_Drums -> KSHMR_Drum_Fills -> KSHMR_Short_Fills -> KSHMR_Short_Fills_130-160	KSHMR_Short_Drum_Fill_16_160	
Splice Sounds	Sounds of KSHMR Vol. 3	KSHMR_Drums -> KSHMR_Drum_Fills -> KSHMR_Short_Fills -> KSHMR_Short_Fills_130-160	KSHMR_Short_Drum_Fill_17_160	
Splice Sounds	Sounds of KSHMR Vol. 3	KSHMR_Drums -> KSHMR_Drum_Fills -> KSHMR_Short_Fills -> KSHMR_Short_Fills_130-160	KSHMR_Short_Drum_Fill_18_160	
Splice Sounds	Sounds of KSHMR Vol. 3	KSHMR_Drums -> KSHMR_Drum_Fills -> KSHMR_Short_Fills -> KSHMR_Short_Fills_130-160	KSHMR_Short_Drum_Fill_19_160	
Splice Sounds	Sounds of KSHMR Vol. 3	KSHMR_Drums -> KSHMR_Drum_Fills -> KSHMR_Short_Fills -> KSHMR_Short_Fills_130-160	KSHMR_Short_Drum_Fill_20_172	
Splice Sounds	Sounds of KSHMR Vol. 3	KSHMR_Drums -> KSHMR_Drum_Fills -> KSHMR_Short_Fills -> KSHMR_Short_Fills_90-120	KSHMR_Short_Drum_Fill_01_90	
Splice Sounds	Sounds of KSHMR Vol. 3	KSHMR_Drums -> KSHMR_Drum_Fills -> KSHMR_Short_Fills -> KSHMR_Short_Fills_90-120	KSHMR_Short_Drum_Fill_02_90	
Splice Sounds	Sounds of KSHMR Vol. 3	KSHMR_Drums -> KSHMR_Drum_Fills -> KSHMR_Short_Fills -> KSHMR_Short_Fills_90-120	KSHMR_Short_Drum_Fill_03_90	
Splice Sounds	Sounds of KSHMR Vol. 3	KSHMR_Drums -> KSHMR_Drum_Fills -> KSHMR_Short_Fills -> KSHMR_Short_Fills_90-120	KSHMR_Short_Drum_Fill_04_97	
Splice Sounds	Sounds of KSHMR Vol. 3	KSHMR_Drums -> KSHMR_Drum_Fills -> KSHMR_Short_Fills -> KSHMR_Short_Fills_90-120	KSHMR_Short_Drum_Fill_05_100	
Splice Sounds	Sounds of KSHMR Vol. 3	KSHMR_Drums -> KSHMR_Drum_Fills -> KSHMR_Short_Fills -> KSHMR_Short_Fills_90-120	KSHMR_Short_Drum_Fill_06_100	
Splice Sounds	Sounds of KSHMR Vol. 3	KSHMR_Drums -> KSHMR_Drum_Fills -> KSHMR_Short_Fills -> KSHMR_Short_Fills_90-120	KSHMR_Short_Drum_Fill_07_100	
Splice Sounds	Sounds of KSHMR Vol. 3	KSHMR_Drums -> KSHMR_Drum_Fills -> KSHMR_Short_Fills -> KSHMR_Short_Fills_90-120	KSHMR_Short_Drum_Fill_08_100	
Splice Sounds	Sounds of KSHMR Vol. 3	KSHMR_Drums -> KSHMR_Drum_Fills -> KSHMR_Short_Fills -> KSHMR_Short_Fills_90-120	KSHMR_Short_Drum_Fill_09_100	
Splice Sounds	Sounds of KSHMR Vol. 3	KSHMR_Drums -> KSHMR_Drum_Fills -> KSHMR_Short_Fills -> KSHMR_Short_Fills_90-120	KSHMR_Short_Drum_Fill_10_100	
Splice Sounds	Sounds of KSHMR Vol. 3	KSHMR_Drums -> KSHMR_Drum_Fills -> KSHMR_Short_Fills -> KSHMR_Short_Fills_90-120	KSHMR_Short_Drum_Fill_11_100	
Splice Sounds	Sounds of KSHMR Vol. 3	KSHMR_Drums -> KSHMR_Drum_Fills -> KSHMR_Short_Fills -> KSHMR_Short_Fills_90-120	KSHMR_Short_Drum_Fill_12_100	
Splice Sounds	Sounds of KSHMR Vol. 3	KSHMR_Drums -> KSHMR_Drum_Fills -> KSHMR_Short_Fills -> KSHMR_Short_Fills_90-120	KSHMR_Short_Drum_Fill_13_100	
Splice Sounds	Sounds of KSHMR Vol. 3	KSHMR_Drums -> KSHMR_Drum_Fills -> KSHMR_Short_Fills -> KSHMR_Short_Fills_90-120	KSHMR_Short_Drum_Fill_14_100	
Splice Sounds	Sounds of KSHMR Vol. 3	KSHMR_Drums -> KSHMR_Drum_Fills -> KSHMR_Short_Fills -> KSHMR_Short_Fills_90-120	KSHMR_Short_Drum_Fill_15_100	
Splice Sounds	Sounds of KSHMR Vol. 3	KSHMR_Drums -> KSHMR_Drum_Fills -> KSHMR_Short_Fills -> KSHMR_Short_Fills_90-120	KSHMR_Short_Drum_Fill_16_100	
Splice Sounds	Sounds of KSHMR Vol. 3	KSHMR_Drums -> KSHMR_Drum_Fills -> KSHMR_Short_Fills -> KSHMR_Short_Fills_90-120	KSHMR_Short_Drum_Fill_17_100	
Splice Sounds	Sounds of KSHMR Vol. 3	KSHMR_Drums -> KSHMR_Drum_Fills -> KSHMR_Short_Fills -> KSHMR_Short_Fills_90-120	KSHMR_Short_Drum_Fill_18_100	
Splice Sounds	Sounds of KSHMR Vol. 3	KSHMR_Drums -> KSHMR_Drum_Fills -> KSHMR_Short_Fills -> KSHMR_Short_Fills_90-120	KSHMR_Short_Drum_Fill_19_100	
Splice Sounds	Sounds of KSHMR Vol. 3	KSHMR_Drums -> KSHMR_Drum_Fills -> KSHMR_Short_Fills -> KSHMR_Short_Fills_90-120	KSHMR_Short_Drum_Fill_20_100	
Splice Sounds	Sounds of KSHMR Vol. 3	KSHMR_Drums -> KSHMR_Drum_Fills -> KSHMR_Short_Fills -> KSHMR_Short_Fills_90-120	KSHMR_Short_Drum_Fill_21_103	
Splice Sounds	Sounds of KSHMR Vol. 3	KSHMR_Drums -> KSHMR_Drum_Fills -> KSHMR_Short_Fills -> KSHMR_Short_Fills_90-120	KSHMR_Short_Drum_Fill_22_104	
Splice Sounds	Sounds of KSHMR Vol. 3	KSHMR_Drums -> KSHMR_Drum_Fills -> KSHMR_Short_Fills -> KSHMR_Short_Fills_90-120	KSHMR_Short_Drum_Fill_23_105	
Splice Sounds	Sounds of KSHMR Vol. 3	KSHMR_Drums -> KSHMR_Drum_Fills -> KSHMR_Short_Fills -> KSHMR_Short_Fills_90-120	KSHMR_Short_Drum_Fill_24_105	
Splice Sounds	Sounds of KSHMR Vol. 3	KSHMR_Drums -> KSHMR_Drum_Fills -> KSHMR_Short_Fills -> KSHMR_Short_Fills_90-120	KSHMR_Short_Drum_Fill_25_105	
Splice Sounds	Sounds of KSHMR Vol. 3	KSHMR_Drums -> KSHMR_Drum_Fills -> KSHMR_Short_Fills -> KSHMR_Short_Fills_90-120	KSHMR_Short_Drum_Fill_26_105	
Splice Sounds	Sounds of KSHMR Vol. 3	KSHMR_Drums -> KSHMR_Drum_Fills -> KSHMR_Short_Fills -> KSHMR_Short_Fills_90-120	KSHMR_Short_Drum_Fill_27_106	
Splice Sounds	Sounds of KSHMR Vol. 3	KSHMR_Drums -> KSHMR_Drum_Fills -> KSHMR_Short_Fills -> KSHMR_Short_Fills_90-120	KSHMR_Short_Drum_Fill_28_110	
Splice Sounds	Sounds of KSHMR Vol. 3	KSHMR_Drums -> KSHMR_Drum_Fills -> KSHMR_Short_Fills -> KSHMR_Short_Fills_90-120	KSHMR_Short_Drum_Fill_29_110	
Splice Sounds	Sounds of KSHMR Vol. 3	KSHMR_Drums -> KSHMR_Drum_Fills -> KSHMR_Short_Fills -> KSHMR_Short_Fills_90-120	KSHMR_Short_Drum_Fill_30_110	
Splice Sounds	Sounds of KSHMR Vol. 3	KSHMR_Drums -> KSHMR_Drum_Fills -> KSHMR_Short_Fills -> KSHMR_Short_Fills_90-120	KSHMR_Short_Drum_Fill_31_110	
Splice Sounds	Sounds of KSHMR Vol. 3	KSHMR_Drums -> KSHMR_Drum_Fills -> KSHMR_Short_Fills -> KSHMR_Short_Fills_90-120	KSHMR_Short_Drum_Fill_32_110	
Splice Sounds	Sounds of KSHMR Vol. 3	KSHMR_Drums -> KSHMR_Drum_Fills -> KSHMR_Short_Fills -> KSHMR_Short_Fills_90-120	KSHMR_Short_Drum_Fill_33_110	
Splice Sounds	Sounds of KSHMR Vol. 3	KSHMR_Drums -> KSHMR_Drum_Fills -> KSHMR_Short_Fills -> KSHMR_Short_Fills_90-120	KSHMR_Short_Drum_Fill_34_110	
Splice Sounds	Sounds of KSHMR Vol. 3	KSHMR_Drums -> KSHMR_Drum_Fills -> KSHMR_Short_Fills -> KSHMR_Short_Fills_90-120	KSHMR_Short_Drum_Fill_35_110	
Splice Sounds	Sounds of KSHMR Vol. 3	KSHMR_Drums -> KSHMR_Drum_Fills -> KSHMR_Short_Fills -> KSHMR_Short_Fills_90-120	KSHMR_Short_Drum_Fill_36_110	
Splice Sounds	Sounds of KSHMR Vol. 3	KSHMR_Drums -> KSHMR_Drum_Fills -> KSHMR_Short_Fills -> KSHMR_Short_Fills_90-120	KSHMR_Short_Drum_Fill_37_110	
Splice Sounds	Sounds of KSHMR Vol. 3	KSHMR_Drums -> KSHMR_Drum_Fills -> KSHMR_Short_Fills -> KSHMR_Short_Fills_90-120	KSHMR_Short_Drum_Fill_38_110_Triplet	
Splice Sounds	Sounds of KSHMR Vol. 3	KSHMR_Drums -> KSHMR_Drum_Fills -> KSHMR_Short_Fills -> KSHMR_Short_Fills_90-120	KSHMR_Short_Drum_Fill_39_112	
Splice Sounds	Sounds of KSHMR Vol. 3	KSHMR_Drums -> KSHMR_Drum_Fills -> KSHMR_Short_Fills -> KSHMR_Short_Fills_90-120	KSHMR_Short_Drum_Fill_40_113	
Splice Sounds	Sounds of KSHMR Vol. 3	KSHMR_Drums -> KSHMR_Drum_Fills -> KSHMR_Signature_Fills	KSHMR_Signature_Fill_01_Back_To_Me_128	
Splice Sounds	Sounds of KSHMR Vol. 3	KSHMR_Drums -> KSHMR_Drum_Fills -> KSHMR_Signature_Fills	KSHMR_Signature_Fill_02_Bazaar_1_E_128	
Splice Sounds	Sounds of KSHMR Vol. 3	KSHMR_Drums -> KSHMR_Drum_Fills -> KSHMR_Signature_Fills	KSHMR_Signature_Fill_03_Bazaar_2_E_128	
Splice Sounds	Sounds of KSHMR Vol. 3	KSHMR_Drums -> KSHMR_Drum_Fills -> KSHMR_Signature_Fills	KSHMR_Signature_Fill_04_Burn_1_G_128	
Splice Sounds	Sounds of KSHMR Vol. 3	KSHMR_Drums -> KSHMR_Drum_Fills -> KSHMR_Signature_Fills	KSHMR_Signature_Fill_05_Burn_2_128	
Splice Sounds	Sounds of KSHMR Vol. 3	KSHMR_Drums -> KSHMR_Drum_Fills -> KSHMR_Signature_Fills	KSHMR_Signature_Fill_06_Carry_Me_Home_128	
Splice Sounds	Sounds of KSHMR Vol. 3	KSHMR_Drums -> KSHMR_Drum_Fills -> KSHMR_Signature_Fills	KSHMR_Signature_Fill_07_Dead_Mans_Hand_1_128	
Splice Sounds	Sounds of KSHMR Vol. 3	KSHMR_Drums -> KSHMR_Drum_Fills -> KSHMR_Signature_Fills	KSHMR_Signature_Fill_08_Dead_Mans_Hand_2_128	
Splice Sounds	Sounds of KSHMR Vol. 3	KSHMR_Drums -> KSHMR_Drum_Fills -> KSHMR_Signature_Fills	KSHMR_Signature_Fill_09_Dead_Mans_Hand_3_128	
Splice Sounds	Sounds of KSHMR Vol. 3	KSHMR_Drums -> KSHMR_Drum_Fills -> KSHMR_Signature_Fills	KSHMR_Signature_Fill_10_Dead_Mans_Hand_4_128	
Splice Sounds	Sounds of KSHMR Vol. 3	KSHMR_Drums -> KSHMR_Drum_Fills -> KSHMR_Signature_Fills	KSHMR_Signature_Fill_11_Dharma_1_128	
Splice Sounds	Sounds of KSHMR Vol. 3	KSHMR_Drums -> KSHMR_Drum_Fills -> KSHMR_Signature_Fills	KSHMR_Signature_Fill_12_Dharma_2_128	
Splice Sounds	Sounds of KSHMR Vol. 3	KSHMR_Drums -> KSHMR_Drum_Fills -> KSHMR_Signature_Fills	KSHMR_Signature_Fill_13_Divination_1_128	
Splice Sounds	Sounds of KSHMR Vol. 3	KSHMR_Drums -> KSHMR_Drum_Fills -> KSHMR_Signature_Fills	KSHMR_Signature_Fill_14_Divination_2_128	
Splice Sounds	Sounds of KSHMR Vol. 3	KSHMR_Drums -> KSHMR_Drum_Fills -> KSHMR_Signature_Fills	KSHMR_Signature_Fill_15_Doonka_1_128	
Splice Sounds	Sounds of KSHMR Vol. 3	KSHMR_Drums -> KSHMR_Drum_Fills -> KSHMR_Signature_Fills	KSHMR_Signature_Fill_16_Doonka_2_128	
Splice Sounds	Sounds of KSHMR Vol. 3	KSHMR_Drums -> KSHMR_Drum_Fills -> KSHMR_Signature_Fills	KSHMR_Signature_Fill_17_Invisible_Children_128	
Splice Sounds	Sounds of KSHMR Vol. 3	KSHMR_Drums -> KSHMR_Drum_Fills -> KSHMR_Signature_Fills	KSHMR_Signature_Fill_18_Jammu_1_128	
Splice Sounds	Sounds of KSHMR Vol. 3	KSHMR_Drums -> KSHMR_Drum_Fills -> KSHMR_Signature_Fills	KSHMR_Signature_Fill_19_Jammu_2_128	
Splice Sounds	Sounds of KSHMR Vol. 3	KSHMR_Drums -> KSHMR_Drum_Fills -> KSHMR_Signature_Fills	KSHMR_Signature_Fill_21_Kolkata_1_F_128	
Splice Sounds	Sounds of KSHMR Vol. 3	KSHMR_Drums -> KSHMR_Drum_Fills -> KSHMR_Signature_Fills	KSHMR_Signature_Fill_22_Kolkata_2_128	
Splice Sounds	Sounds of KSHMR Vol. 3	KSHMR_Drums -> KSHMR_Drum_Fills -> KSHMR_Signature_Fills	KSHMR_Signature_Fill_23_Mandala_1_128	
Splice Sounds	Sounds of KSHMR Vol. 3	KSHMR_Drums -> KSHMR_Drum_Fills -> KSHMR_Signature_Fills	KSHMR_Signature_Fill_24_Mandala_2_128	
Splice Sounds	Sounds of KSHMR Vol. 3	KSHMR_Drums -> KSHMR_Drum_Fills -> KSHMR_Signature_Fills	KSHMR_Signature_Fill_25_Mandala_3_128	
Splice Sounds	Sounds of KSHMR Vol. 3	KSHMR_Drums -> KSHMR_Drum_Fills -> KSHMR_Signature_Fills	KSHMR_Signature_Fill_26_Mandala_4_128	
Splice Sounds	Sounds of KSHMR Vol. 3	KSHMR_Drums -> KSHMR_Drum_Fills -> KSHMR_Signature_Fills	KSHMR_Signature_Fill_27_Memories_1_G#_128	
Splice Sounds	Sounds of KSHMR Vol. 3	KSHMR_Drums -> KSHMR_Drum_Fills -> KSHMR_Signature_Fills	KSHMR_Signature_Fill_28_Memories_2_128	
Splice Sounds	Sounds of KSHMR Vol. 3	KSHMR_Drums -> KSHMR_Drum_Fills -> KSHMR_Signature_Fills	KSHMR_Signature_Fill_29_Secrets_1_128	
Splice Sounds	Sounds of KSHMR Vol. 3	KSHMR_Drums -> KSHMR_Drum_Fills -> KSHMR_Signature_Fills	KSHMR_Signature_Fill_30_Secrets_2_D#_128	
Splice Sounds	Sounds of KSHMR Vol. 3	KSHMR_Drums -> KSHMR_Drum_Fills -> KSHMR_Signature_Fills	KSHMR_Signature_Fill_31_Secrets_3_128	
Splice Sounds	Sounds of KSHMR Vol. 3	KSHMR_Drums -> KSHMR_Drum_Fills -> KSHMR_Signature_Fills	KSHMR_Signature_Fill_32_Toca_1_D_128	
Splice Sounds	Sounds of KSHMR Vol. 3	KSHMR_Drums -> KSHMR_Drum_Fills -> KSHMR_Signature_Fills	KSHMR_Signature_Fill_33_Toca_2_D_128	
Splice Sounds	Sounds of KSHMR Vol. 3	KSHMR_Drums -> KSHMR_Drum_Fills -> KSHMR_Signature_Fills	KSHMR_Signature_Fill_34_Toca_3_D_128	
Splice Sounds	Sounds of KSHMR Vol. 3	KSHMR_Drums -> KSHMR_Drum_Fills -> KSHMR_Tom_Fills	KSHMR3_Tom_Fill_01_90_Classic	
Splice Sounds	Sounds of KSHMR Vol. 3	KSHMR_Drums -> KSHMR_Drum_Fills -> KSHMR_Tom_Fills	KSHMR3_Tom_Fill_02_90_Retro	
Splice Sounds	Sounds of KSHMR Vol. 3	KSHMR_Drums -> KSHMR_Drum_Fills -> KSHMR_Tom_Fills	KSHMR3_Tom_Fill_03_90_Retro	
Splice Sounds	Sounds of KSHMR Vol. 3	KSHMR_Drums -> KSHMR_Drum_Fills -> KSHMR_Tom_Fills	KSHMR3_Tom_Fill_04_90_Retro	
Splice Sounds	Sounds of KSHMR Vol. 3	KSHMR_Drums -> KSHMR_Drum_Fills -> KSHMR_Tom_Fills	KSHMR3_Tom_Fill_05_100_Cinematic	
Splice Sounds	Sounds of KSHMR Vol. 3	KSHMR_Drums -> KSHMR_Drum_Fills -> KSHMR_Tom_Fills	KSHMR3_Tom_Fill_06_100_Retro	
Splice Sounds	Sounds of KSHMR Vol. 3	KSHMR_Drums -> KSHMR_Drum_Fills -> KSHMR_Tom_Fills	KSHMR3_Tom_Fill_07_100_Vintage	
Splice Sounds	Sounds of KSHMR Vol. 3	KSHMR_Drums -> KSHMR_Drum_Fills -> KSHMR_Tom_Fills	KSHMR3_Tom_Fill_08_104_Vintage	
Splice Sounds	Sounds of KSHMR Vol. 3	KSHMR_Drums -> KSHMR_Drum_Fills -> KSHMR_Tom_Fills	KSHMR3_Tom_Fill_09_105_Classic	
Splice Sounds	Sounds of KSHMR Vol. 3	KSHMR_Drums -> KSHMR_Drum_Fills -> KSHMR_Tom_Fills	KSHMR3_Tom_Fill_10_110_Classic	
Splice Sounds	Sounds of KSHMR Vol. 3	KSHMR_Drums -> KSHMR_Drum_Fills -> KSHMR_Tom_Fills	KSHMR3_Tom_Fill_11_110_Cinematic	
Splice Sounds	Sounds of KSHMR Vol. 3	KSHMR_Drums -> KSHMR_Drum_Fills -> KSHMR_Tom_Fills	KSHMR3_Tom_Fill_12_110_Classic_Triplet	
Splice Sounds	Sounds of KSHMR Vol. 3	KSHMR_Drums -> KSHMR_Drum_Fills -> KSHMR_Tom_Fills	KSHMR3_Tom_Fill_13_110_Classic_Triplet	
Splice Sounds	Sounds of KSHMR Vol. 3	KSHMR_Drums -> KSHMR_Drum_Fills -> KSHMR_Tom_Fills	KSHMR3_Tom_Fill_14_115_Acoustic	
Splice Sounds	Sounds of KSHMR Vol. 3	KSHMR_Drums -> KSHMR_Drum_Fills -> KSHMR_Tom_Fills	KSHMR3_Tom_Fill_15_117_Classic	
Splice Sounds	Sounds of KSHMR Vol. 3	KSHMR_Drums -> KSHMR_Drum_Fills -> KSHMR_Tom_Fills	KSHMR3_Tom_Fill_16_122_Acoustic	
Splice Sounds	Sounds of KSHMR Vol. 3	KSHMR_Drums -> KSHMR_Drum_Fills -> KSHMR_Tom_Fills	KSHMR3_Tom_Fill_17_128_Classic	
Splice Sounds	Sounds of KSHMR Vol. 3	KSHMR_Drums -> KSHMR_Drum_Fills -> KSHMR_Tom_Fills	KSHMR3_Tom_Fill_18_140_Classic	
Splice Sounds	Sounds of KSHMR Vol. 3	KSHMR_Drums -> KSHMR_Drum_Fills -> KSHMR_Tom_Fills	KSHMR3_Tom_Fill_19_140_Classic	
Splice Sounds	Sounds of KSHMR Vol. 3	KSHMR_Drums -> KSHMR_Drum_Fills -> KSHMR_Tom_Fills	KSHMR3_Tom_Fill_20_172_Classic	
Splice Sounds	Sounds of KSHMR Vol. 3	KSHMR_Drums -> KSHMR_Drum_Loops -> KSHMR_Drum_Loops_Full -> KSHMR_Acoustic_Drum_Loops	KSHMR_Acoustic_Drum_Loop_01_90_Hat_and_Snare	
Splice Sounds	Sounds of KSHMR Vol. 3	KSHMR_Drums -> KSHMR_Drum_Loops -> KSHMR_Drum_Loops_Full -> KSHMR_Acoustic_Drum_Loops	KSHMR_Acoustic_Drum_Loop_02_100	
Splice Sounds	Sounds of KSHMR Vol. 3	KSHMR_Drums -> KSHMR_Drum_Loops -> KSHMR_Drum_Loops_Full -> KSHMR_Acoustic_Drum_Loops	KSHMR_Acoustic_Drum_Loop_03_110_	
Splice Sounds	Sounds of KSHMR Vol. 3	KSHMR_Drums -> KSHMR_Drum_Loops -> KSHMR_Drum_Loops_Full -> KSHMR_Acoustic_Drum_Loops	KSHMR_Acoustic_Drum_Loop_04_110	
Splice Sounds	Sounds of KSHMR Vol. 3	KSHMR_Drums -> KSHMR_Drum_Loops -> KSHMR_Drum_Loops_Full -> KSHMR_Acoustic_Drum_Loops	KSHMR_Acoustic_Drum_Loop_05_110	
Splice Sounds	Sounds of KSHMR Vol. 3	KSHMR_Drums -> KSHMR_Drum_Loops -> KSHMR_Drum_Loops_Full -> KSHMR_Acoustic_Drum_Loops	KSHMR_Acoustic_Drum_Loop_06_110	
Splice Sounds	Sounds of KSHMR Vol. 3	KSHMR_Drums -> KSHMR_Drum_Loops -> KSHMR_Drum_Loops_Full -> KSHMR_Acoustic_Drum_Loops	KSHMR_Acoustic_Drum_Loop_07_110	
Splice Sounds	Sounds of KSHMR Vol. 3	KSHMR_Drums -> KSHMR_Drum_Loops -> KSHMR_Drum_Loops_Full -> KSHMR_Acoustic_Drum_Loops	KSHMR_Acoustic_Drum_Loop_08_113	
Splice Sounds	Sounds of KSHMR Vol. 3	KSHMR_Drums -> KSHMR_Drum_Loops -> KSHMR_Drum_Loops_Full -> KSHMR_Acoustic_Drum_Loops	KSHMR_Acoustic_Drum_Loop_09_115_Tom	
Splice Sounds	Sounds of KSHMR Vol. 3	KSHMR_Drums -> KSHMR_Drum_Loops -> KSHMR_Drum_Loops_Full -> KSHMR_Acoustic_Drum_Loops	KSHMR_Acoustic_Drum_Loop_10_120_Tom	
Splice Sounds	Sounds of KSHMR Vol. 3	KSHMR_Drums -> KSHMR_Drum_Loops -> KSHMR_Drum_Loops_Full -> KSHMR_Acoustic_Drum_Loops	KSHMR_Acoustic_Drum_Loop_11_123	
Splice Sounds	Sounds of KSHMR Vol. 3	KSHMR_Drums -> KSHMR_Drum_Loops -> KSHMR_Drum_Loops_Full -> KSHMR_Acoustic_Drum_Loops	KSHMR_Acoustic_Drum_Loop_12_128	
Splice Sounds	Sounds of KSHMR Vol. 3	KSHMR_Drums -> KSHMR_Drum_Loops -> KSHMR_Drum_Loops_Full -> KSHMR_Acoustic_Drum_Loops	KSHMR_Acoustic_Drum_Loop_13_128	
Splice Sounds	Sounds of KSHMR Vol. 3	KSHMR_Drums -> KSHMR_Drum_Loops -> KSHMR_Drum_Loops_Full -> KSHMR_Acoustic_Drum_Loops	KSHMR_Acoustic_Drum_Loop_14_128	
Splice Sounds	Sounds of KSHMR Vol. 3	KSHMR_Drums -> KSHMR_Drum_Loops -> KSHMR_Drum_Loops_Full -> KSHMR_Acoustic_Drum_Loops	KSHMR_Acoustic_Drum_Loop_15_128	
Splice Sounds	Sounds of KSHMR Vol. 3	KSHMR_Drums -> KSHMR_Drum_Loops -> KSHMR_Drum_Loops_Full -> KSHMR_Acoustic_Drum_Loops	KSHMR_Acoustic_Drum_Loop_16_128	
Splice Sounds	Sounds of KSHMR Vol. 3	KSHMR_Drums -> KSHMR_Drum_Loops -> KSHMR_Drum_Loops_Full -> KSHMR_Acoustic_Drum_Loops	KSHMR_Acoustic_Drum_Loop_17_128	
Splice Sounds	Sounds of KSHMR Vol. 3	KSHMR_Drums -> KSHMR_Drum_Loops -> KSHMR_Drum_Loops_Full -> KSHMR_Acoustic_Drum_Loops	KSHMR_Acoustic_Drum_Loop_18_128	
Splice Sounds	Sounds of KSHMR Vol. 3	KSHMR_Drums -> KSHMR_Drum_Loops -> KSHMR_Drum_Loops_Full -> KSHMR_Acoustic_Drum_Loops	KSHMR_Acoustic_Drum_Loop_19_128_Triplet	
Splice Sounds	Sounds of KSHMR Vol. 3	KSHMR_Drums -> KSHMR_Drum_Loops -> KSHMR_Drum_Loops_Full -> KSHMR_Break_Beat_Loops	KSHMR_Break_Beat_Loop_01_128	
Splice Sounds	Sounds of KSHMR Vol. 3	KSHMR_Drums -> KSHMR_Drum_Loops -> KSHMR_Drum_Loops_Full -> KSHMR_Break_Beat_Loops	KSHMR_Break_Beat_Loop_02_128	
Splice Sounds	Sounds of KSHMR Vol. 3	KSHMR_Drums -> KSHMR_Drum_Loops -> KSHMR_Drum_Loops_Full -> KSHMR_Break_Beat_Loops	KSHMR_Break_Beat_Loop_04_128	
Splice Sounds	Sounds of KSHMR Vol. 3	KSHMR_Drums -> KSHMR_Drum_Loops -> KSHMR_Drum_Loops_Full -> KSHMR_Break_Beat_Loops	KSHMR_Break_Beat_Loop_05_128	
Splice Sounds	Sounds of KSHMR Vol. 3	KSHMR_Drums -> KSHMR_Drum_Loops -> KSHMR_Drum_Loops_Full -> KSHMR_Break_Beat_Loops	KSHMR_Break_Beat_Loop_06_128	
Splice Sounds	Sounds of KSHMR Vol. 3	KSHMR_Drums -> KSHMR_Drum_Loops -> KSHMR_Drum_Loops_Full -> KSHMR_Break_Beat_Loops	KSHMR_Break_Beat_Loop_07_145	
Splice Sounds	Sounds of KSHMR Vol. 3	KSHMR_Drums -> KSHMR_Drum_Loops -> KSHMR_Drum_Loops_Full -> KSHMR_Break_Beat_Loops	KSHMR_Break_Beat_Loop_09_150	
Splice Sounds	Sounds of KSHMR Vol. 3	KSHMR_Drums -> KSHMR_Drum_Loops -> KSHMR_Drum_Loops_Full -> KSHMR_Break_Beat_Loops	KSHMR_Break_Beat_Loop_10_152	
Splice Sounds	Sounds of KSHMR Vol. 3	KSHMR_Drums -> KSHMR_Drum_Loops -> KSHMR_Drum_Loops_Full -> KSHMR_Break_Beat_Loops	KSHMR_Break_Beat_Loop_11_170	
Splice Sounds	Sounds of KSHMR Vol. 3	KSHMR_Drums -> KSHMR_Drum_Loops -> KSHMR_Drum_Loops_Full -> KSHMR_Break_Beat_Loops	KSHMR_Break_Beat_Loop_12_170	
Splice Sounds	Sounds of KSHMR Vol. 3	KSHMR_Drums -> KSHMR_Drum_Loops -> KSHMR_Drum_Loops_Full -> KSHMR_Break_Beat_Loops	KSHMR_Break_Beat_Loop_13_170	
Splice Sounds	Sounds of KSHMR Vol. 3	KSHMR_Drums -> KSHMR_Drum_Loops -> KSHMR_Drum_Loops_Full -> KSHMR_Break_Beat_Loops	KSHMR_Break_Beat_Loop_14_170	
Splice Sounds	Sounds of KSHMR Vol. 3	KSHMR_Drums -> KSHMR_Drum_Loops -> KSHMR_Drum_Loops_Full -> KSHMR_Break_Beat_Loops	KSHMR_Break_Beat_Loop_15_173	
Splice Sounds	Sounds of KSHMR Vol. 3	KSHMR_Drums -> KSHMR_Drum_Loops -> KSHMR_Drum_Loops_Full -> KSHMR_Break_Beat_Loops	KSHMR_Break_Beat_Loop_16_174	
Splice Sounds	Sounds of KSHMR Vol. 3	KSHMR_Drums -> KSHMR_Drum_Loops -> KSHMR_Drum_Loops_Full -> KSHMR_Break_Beat_Loops	KSHMR_Break_Beat_Loop_17_174	
Splice Sounds	Sounds of KSHMR Vol. 3	KSHMR_Drums -> KSHMR_Drum_Loops -> KSHMR_Drum_Loops_Full -> KSHMR_Break_Beat_Loops	KSHMR_Break_Beat_Loop_18_174	
Splice Sounds	Sounds of KSHMR Vol. 3	KSHMR_Drums -> KSHMR_Drum_Loops -> KSHMR_Drum_Loops_Full -> KSHMR_Break_Beat_Loops	KSHMR_Break_Beat_Loop_19_180	
Splice Sounds	Sounds of KSHMR Vol. 3	KSHMR_Drums -> KSHMR_Drum_Loops -> KSHMR_Drum_Loops_Full -> KSHMR_Ethnic_Drum_Loops	KSHMR_Ethnic_Drum_Loop_01_80	
Splice Sounds	Sounds of KSHMR Vol. 3	KSHMR_Drums -> KSHMR_Drum_Loops -> KSHMR_Drum_Loops_Full -> KSHMR_Ethnic_Drum_Loops	KSHMR_Ethnic_Drum_Loop_02_98	
Splice Sounds	Sounds of KSHMR Vol. 3	KSHMR_Drums -> KSHMR_Drum_Loops -> KSHMR_Drum_Loops_Full -> KSHMR_Ethnic_Drum_Loops	KSHMR_Ethnic_Drum_Loop_03_100	
Splice Sounds	Sounds of KSHMR Vol. 3	KSHMR_Drums -> KSHMR_Drum_Loops -> KSHMR_Drum_Loops_Full -> KSHMR_Ethnic_Drum_Loops	KSHMR_Ethnic_Drum_Loop_04_100	
Splice Sounds	Sounds of KSHMR Vol. 3	KSHMR_Drums -> KSHMR_Drum_Loops -> KSHMR_Drum_Loops_Full -> KSHMR_Ethnic_Drum_Loops	KSHMR_Ethnic_Drum_Loop_05_100	
Splice Sounds	Sounds of KSHMR Vol. 3	KSHMR_Drums -> KSHMR_Drum_Loops -> KSHMR_Drum_Loops_Full -> KSHMR_Ethnic_Drum_Loops	KSHMR_Ethnic_Drum_Loop_06_100	
Splice Sounds	Sounds of KSHMR Vol. 3	KSHMR_Drums -> KSHMR_Drum_Loops -> KSHMR_Drum_Loops_Full -> KSHMR_Ethnic_Drum_Loops	KSHMR_Ethnic_Drum_Loop_07_100	
Splice Sounds	Sounds of KSHMR Vol. 3	KSHMR_Drums -> KSHMR_Drum_Loops -> KSHMR_Drum_Loops_Full -> KSHMR_Ethnic_Drum_Loops	KSHMR_Ethnic_Drum_Loop_08_100	
Splice Sounds	Sounds of KSHMR Vol. 3	KSHMR_Drums -> KSHMR_Drum_Loops -> KSHMR_Drum_Loops_Full -> KSHMR_Ethnic_Drum_Loops	KSHMR_Ethnic_Drum_Loop_09_100_Tops	
Splice Sounds	Sounds of KSHMR Vol. 3	KSHMR_Drums -> KSHMR_Drum_Loops -> KSHMR_Drum_Loops_Full -> KSHMR_Ethnic_Drum_Loops	KSHMR_Ethnic_Drum_Loop_10_100_Full	
Splice Sounds	Sounds of KSHMR Vol. 3	KSHMR_Drums -> KSHMR_Drum_Loops -> KSHMR_Drum_Loops_Full -> KSHMR_Ethnic_Drum_Loops	KSHMR_Ethnic_Drum_Loop_11_100	
Splice Sounds	Sounds of KSHMR Vol. 3	KSHMR_Drums -> KSHMR_Drum_Loops -> KSHMR_Drum_Loops_Full -> KSHMR_Ethnic_Drum_Loops	KSHMR_Ethnic_Drum_Loop_12_100	
Splice Sounds	Sounds of KSHMR Vol. 3	KSHMR_Drums -> KSHMR_Drum_Loops -> KSHMR_Drum_Loops_Full -> KSHMR_Ethnic_Drum_Loops	KSHMR_Ethnic_Drum_Loop_13_105	
Splice Sounds	Sounds of KSHMR Vol. 3	KSHMR_Drums -> KSHMR_Drum_Loops -> KSHMR_Drum_Loops_Full -> KSHMR_Ethnic_Drum_Loops	KSHMR_Ethnic_Drum_Loop_14_105	
Splice Sounds	Sounds of KSHMR Vol. 3	KSHMR_Drums -> KSHMR_Drum_Loops -> KSHMR_Drum_Loops_Full -> KSHMR_Ethnic_Drum_Loops	KSHMR_Ethnic_Drum_Loop_15_105	
Splice Sounds	Sounds of KSHMR Vol. 3	KSHMR_Drums -> KSHMR_Drum_Loops -> KSHMR_Drum_Loops_Full -> KSHMR_Ethnic_Drum_Loops	KSHMR_Ethnic_Drum_Loop_16_105	
Splice Sounds	Sounds of KSHMR Vol. 3	KSHMR_Drums -> KSHMR_Drum_Loops -> KSHMR_Drum_Loops_Full -> KSHMR_Ethnic_Drum_Loops	KSHMR_Ethnic_Drum_Loop_17_105	
Splice Sounds	Sounds of KSHMR Vol. 3	KSHMR_Drums -> KSHMR_Drum_Loops -> KSHMR_Drum_Loops_Full -> KSHMR_Ethnic_Drum_Loops	KSHMR_Ethnic_Drum_Loop_18_105	
Splice Sounds	Sounds of KSHMR Vol. 3	KSHMR_Drums -> KSHMR_Drum_Loops -> KSHMR_Drum_Loops_Full -> KSHMR_Ethnic_Drum_Loops	KSHMR_Ethnic_Drum_Loop_19_105	
Splice Sounds	Sounds of KSHMR Vol. 3	KSHMR_Drums -> KSHMR_Drum_Loops -> KSHMR_Drum_Loops_Full -> KSHMR_Ethnic_Drum_Loops	KSHMR_Ethnic_Drum_Loop_20_108	
Splice Sounds	Sounds of KSHMR Vol. 3	KSHMR_Drums -> KSHMR_Drum_Loops -> KSHMR_Drum_Loops_Full -> KSHMR_Ethnic_Drum_Loops	KSHMR_Ethnic_Drum_Loop_21_112	
Splice Sounds	Sounds of KSHMR Vol. 3	KSHMR_Drums -> KSHMR_Drum_Loops -> KSHMR_Drum_Loops_Full -> KSHMR_Ethnic_Drum_Loops	KSHMR_Ethnic_Drum_Loop_22_115	
Splice Sounds	Sounds of KSHMR Vol. 3	KSHMR_Drums -> KSHMR_Drum_Loops -> KSHMR_Drum_Loops_Full -> KSHMR_Ethnic_Drum_Loops	KSHMR_Ethnic_Drum_Loop_23_115	
Splice Sounds	Sounds of KSHMR Vol. 3	KSHMR_Drums -> KSHMR_Drum_Loops -> KSHMR_Drum_Loops_Full -> KSHMR_Ethnic_Drum_Loops	KSHMR_Ethnic_Drum_Loop_24_128	
Splice Sounds	Sounds of KSHMR Vol. 3	KSHMR_Drums -> KSHMR_Drum_Loops -> KSHMR_Drum_Loops_Full -> KSHMR_Ethnic_Drum_Loops	KSHMR_Ethnic_Drum_Loop_25_128	
Splice Sounds	Sounds of KSHMR Vol. 3	KSHMR_Drums -> KSHMR_Drum_Loops -> KSHMR_Drum_Loops_Full -> KSHMR_Ethnic_Drum_Loops	KSHMR_Ethnic_Drum_Loop_26_128	
Splice Sounds	Sounds of KSHMR Vol. 3	KSHMR_Drums -> KSHMR_Drum_Loops -> KSHMR_Drum_Loops_Full -> KSHMR_Ethnic_Drum_Loops	KSHMR_Ethnic_Drum_Loop_27_128	
Splice Sounds	Sounds of KSHMR Vol. 3	KSHMR_Drums -> KSHMR_Drum_Loops -> KSHMR_Drum_Loops_Full -> KSHMR_Ethnic_Drum_Loops	KSHMR_Ethnic_Drum_Loop_28_128	
Splice Sounds	Sounds of KSHMR Vol. 3	KSHMR_Drums -> KSHMR_Drum_Loops -> KSHMR_Drum_Loops_Full -> KSHMR_Ethnic_Drum_Loops	KSHMR_Ethnic_Drum_Loop_29_128	
Splice Sounds	Sounds of KSHMR Vol. 3	KSHMR_Drums -> KSHMR_Drum_Loops -> KSHMR_Drum_Loops_Full -> KSHMR_Ethnic_Drum_Loops	KSHMR_Ethnic_Drum_Loop_30_128	
Splice Sounds	Sounds of KSHMR Vol. 3	KSHMR_Drums -> KSHMR_Drum_Loops -> KSHMR_Drum_Loops_Full -> KSHMR_Ethnic_Drum_Loops	KSHMR_Ethnic_Drum_Loop_31_128	
Splice Sounds	Sounds of KSHMR Vol. 3	KSHMR_Drums -> KSHMR_Drum_Loops -> KSHMR_Drum_Loops_Full -> KSHMR_Ethnic_Drum_Loops	KSHMR_Ethnic_Drum_Loop_32_128	
Splice Sounds	Sounds of KSHMR Vol. 3	KSHMR_Drums -> KSHMR_Drum_Loops -> KSHMR_Drum_Loops_Full -> KSHMR_Ethnic_Drum_Loops	KSHMR_Ethnic_Drum_Loop_33_128	
Splice Sounds	Sounds of KSHMR Vol. 3	KSHMR_Drums -> KSHMR_Drum_Loops -> KSHMR_Drum_Loops_Full -> KSHMR_Ethnic_Drum_Loops	KSHMR_Ethnic_Drum_Loop_34_128	
Splice Sounds	Sounds of KSHMR Vol. 3	KSHMR_Drums -> KSHMR_Drum_Loops -> KSHMR_Drum_Loops_Full -> KSHMR_Ethnic_Drum_Loops	KSHMR_Ethnic_Drum_Loop_35_128	
Splice Sounds	Sounds of KSHMR Vol. 3	KSHMR_Drums -> KSHMR_Drum_Loops -> KSHMR_Drum_Loops_Full -> KSHMR_Ethnic_Drum_Loops	KSHMR_Ethnic_Drum_Loop_36_128	
Splice Sounds	Sounds of KSHMR Vol. 3	KSHMR_Drums -> KSHMR_Drum_Loops -> KSHMR_Drum_Loops_Full -> KSHMR_Ethnic_Drum_Loops	KSHMR_Ethnic_Drum_Loop_37_128	
Splice Sounds	Sounds of KSHMR Vol. 3	KSHMR_Drums -> KSHMR_Drum_Loops -> KSHMR_Drum_Loops_Full -> KSHMR_Ethnic_Drum_Loops	KSHMR_Ethnic_Drum_Loop_38_128	
Splice Sounds	Sounds of KSHMR Vol. 3	KSHMR_Drums -> KSHMR_Drum_Loops -> KSHMR_Drum_Loops_Full -> KSHMR_Ethnic_Drum_Loops	KSHMR_Ethnic_Drum_Loop_39_128	
Splice Sounds	Sounds of KSHMR Vol. 3	KSHMR_Drums -> KSHMR_Drum_Loops -> KSHMR_Drum_Loops_Full -> KSHMR_Ethnic_Drum_Loops	KSHMR_Ethnic_Drum_Loop_40_128	
Splice Sounds	Sounds of KSHMR Vol. 3	KSHMR_Drums -> KSHMR_Drum_Loops -> KSHMR_Drum_Loops_Full -> KSHMR_Ethnic_Drum_Loops	KSHMR_Ethnic_Drum_Loop_41_128	
Splice Sounds	Sounds of KSHMR Vol. 3	KSHMR_Drums -> KSHMR_Drum_Loops -> KSHMR_Drum_Loops_Full -> KSHMR_Ethnic_Drum_Loops	KSHMR_Ethnic_Drum_Loop_42_128	
Splice Sounds	Sounds of KSHMR Vol. 3	KSHMR_Drums -> KSHMR_Drum_Loops -> KSHMR_Drum_Loops_Full -> KSHMR_Ethnic_Drum_Loops	KSHMR_Ethnic_Drum_Loop_43_128	
Splice Sounds	Sounds of KSHMR Vol. 3	KSHMR_Drums -> KSHMR_Drum_Loops -> KSHMR_Drum_Loops_Full -> KSHMR_Ethnic_Drum_Loops	KSHMR_Ethnic_Drum_Loop_44_128	
Splice Sounds	Sounds of KSHMR Vol. 3	KSHMR_Drums -> KSHMR_Drum_Loops -> KSHMR_Drum_Loops_Full -> KSHMR_Ethnic_Drum_Loops	KSHMR_Ethnic_Drum_Loop_45_140	
Splice Sounds	Sounds of KSHMR Vol. 3	KSHMR_Drums -> KSHMR_Drum_Loops -> KSHMR_Drum_Loops_Full -> KSHMR_Ethnic_Drum_Loops	KSHMR_Ethnic_Drum_Loop_46_150	
Splice Sounds	Sounds of KSHMR Vol. 3	KSHMR_Drums -> KSHMR_Drum_Loops -> KSHMR_Drum_Loops_Full -> KSHMR_Ethnic_Drum_Loops	KSHMR_Ethnic_Drum_Loop_47_150	
Splice Sounds	Sounds of KSHMR Vol. 3	KSHMR_Drums -> KSHMR_Drum_Loops -> KSHMR_Drum_Loops_Full -> KSHMR_Ethnic_Drum_Loops	KSHMR_Ethnic_Drum_Loop_48_150	
Splice Sounds	Sounds of KSHMR Vol. 3	KSHMR_Drums -> KSHMR_Drum_Loops -> KSHMR_Drum_Loops_Full -> KSHMR_Hip_Hop_Drum_Loops -> KSHMR_Hip_Hop_Full_Loops	KSHMR_Hip_Hop_Drum_Loop_01_85	
Splice Sounds	Sounds of KSHMR Vol. 3	KSHMR_Drums -> KSHMR_Drum_Loops -> KSHMR_Drum_Loops_Full -> KSHMR_Hip_Hop_Drum_Loops -> KSHMR_Hip_Hop_Full_Loops	KSHMR_Hip_Hop_Drum_Loop_02_85	
Splice Sounds	Sounds of KSHMR Vol. 3	KSHMR_Drums -> KSHMR_Drum_Loops -> KSHMR_Drum_Loops_Full -> KSHMR_Hip_Hop_Drum_Loops -> KSHMR_Hip_Hop_Full_Loops	KSHMR_Hip_Hop_Drum_Loop_03_86	
Splice Sounds	Sounds of KSHMR Vol. 3	KSHMR_Drums -> KSHMR_Drum_Loops -> KSHMR_Drum_Loops_Full -> KSHMR_Hip_Hop_Drum_Loops -> KSHMR_Hip_Hop_Full_Loops	KSHMR_Hip_Hop_Drum_Loop_04_90	
Splice Sounds	Sounds of KSHMR Vol. 3	KSHMR_Drums -> KSHMR_Drum_Loops -> KSHMR_Drum_Loops_Full -> KSHMR_Hip_Hop_Drum_Loops -> KSHMR_Hip_Hop_Full_Loops	KSHMR_Hip_Hop_Drum_Loop_05_90	
Splice Sounds	Sounds of KSHMR Vol. 3	KSHMR_Drums -> KSHMR_Drum_Loops -> KSHMR_Drum_Loops_Full -> KSHMR_Hip_Hop_Drum_Loops -> KSHMR_Hip_Hop_Full_Loops	KSHMR_Hip_Hop_Drum_Loop_06_90	
Splice Sounds	Sounds of KSHMR Vol. 3	KSHMR_Drums -> KSHMR_Drum_Loops -> KSHMR_Drum_Loops_Full -> KSHMR_Hip_Hop_Drum_Loops -> KSHMR_Hip_Hop_Full_Loops	KSHMR_Hip_Hop_Drum_Loop_07_90	
Splice Sounds	Sounds of KSHMR Vol. 3	KSHMR_Drums -> KSHMR_Drum_Loops -> KSHMR_Drum_Loops_Full -> KSHMR_Hip_Hop_Drum_Loops -> KSHMR_Hip_Hop_Full_Loops	KSHMR_Hip_Hop_Drum_Loop_08_94	
Splice Sounds	Sounds of KSHMR Vol. 3	KSHMR_Drums -> KSHMR_Drum_Loops -> KSHMR_Drum_Loops_Full -> KSHMR_Hip_Hop_Drum_Loops -> KSHMR_Hip_Hop_Full_Loops	KSHMR_Hip_Hop_Drum_Loop_09_96	
Splice Sounds	Sounds of KSHMR Vol. 3	KSHMR_Drums -> KSHMR_Drum_Loops -> KSHMR_Drum_Loops_Full -> KSHMR_Hip_Hop_Drum_Loops -> KSHMR_Hip_Hop_Full_Loops	KSHMR_Hip_Hop_Drum_Loop_10_100	
Splice Sounds	Sounds of KSHMR Vol. 3	KSHMR_Drums -> KSHMR_Drum_Loops -> KSHMR_Drum_Loops_Full -> KSHMR_Hip_Hop_Drum_Loops -> KSHMR_Hip_Hop_Full_Loops	KSHMR_Hip_Hop_Drum_Loop_11_100	
Splice Sounds	Sounds of KSHMR Vol. 3	KSHMR_Drums -> KSHMR_Drum_Loops -> KSHMR_Drum_Loops_Full -> KSHMR_Hip_Hop_Drum_Loops -> KSHMR_Hip_Hop_Full_Loops	KSHMR_Hip_Hop_Drum_Loop_12_102	
Splice Sounds	Sounds of KSHMR Vol. 3	KSHMR_Drums -> KSHMR_Drum_Loops -> KSHMR_Drum_Loops_Full -> KSHMR_Hip_Hop_Drum_Loops -> KSHMR_Hip_Hop_Full_Loops	KSHMR_Hip_Hop_Drum_Loop_13_112	
Splice Sounds	Sounds of KSHMR Vol. 3	KSHMR_Drums -> KSHMR_Drum_Loops -> KSHMR_Drum_Loops_Full -> KSHMR_Hip_Hop_Drum_Loops -> KSHMR_Hip_Hop_Full_Loops	KSHMR_Hip_Hop_Drum_Loop_14_120	
Splice Sounds	Sounds of KSHMR Vol. 3	KSHMR_Drums -> KSHMR_Drum_Loops -> KSHMR_Drum_Loops_Full -> KSHMR_Hip_Hop_Drum_Loops -> KSHMR_Hip_Hop_Full_Loops	KSHMR_Hip_Hop_Drum_Loop_15_120_Em	
Splice Sounds	Sounds of KSHMR Vol. 3	KSHMR_Drums -> KSHMR_Drum_Loops -> KSHMR_Drum_Loops_Full -> KSHMR_Hip_Hop_Drum_Loops -> KSHMR_Hip_Hop_Full_Loops	KSHMR_Hip_Hop_Drum_Loop_16_124	
Splice Sounds	Sounds of KSHMR Vol. 3	KSHMR_Drums -> KSHMR_Drum_Loops -> KSHMR_Drum_Loops_Full -> KSHMR_Hip_Hop_Drum_Loops -> KSHMR_Hip_Hop_Full_Loops	KSHMR_Hip_Hop_Drum_Loop_17_124_Em	
Splice Sounds	Sounds of KSHMR Vol. 3	KSHMR_Drums -> KSHMR_Drum_Loops -> KSHMR_Drum_Loops_Full -> KSHMR_Hip_Hop_Drum_Loops -> KSHMR_Hip_Hop_Full_Loops	KSHMR_Hip_Hop_Drum_Loop_18_125_F	
Splice Sounds	Sounds of KSHMR Vol. 3	KSHMR_Drums -> KSHMR_Drum_Loops -> KSHMR_Drum_Loops_Full -> KSHMR_Hip_Hop_Drum_Loops -> KSHMR_Hip_Hop_Full_Loops	KSHMR_Hip_Hop_Drum_Loop_19_128	
Splice Sounds	Sounds of KSHMR Vol. 3	KSHMR_Drums -> KSHMR_Drum_Loops -> KSHMR_Drum_Loops_Full -> KSHMR_Hip_Hop_Drum_Loops -> KSHMR_Hip_Hop_Full_Loops	KSHMR_Hip_Hop_Drum_Loop_20_130	
Splice Sounds	Sounds of KSHMR Vol. 3	KSHMR_Drums -> KSHMR_Drum_Loops -> KSHMR_Drum_Loops_Full -> KSHMR_Hip_Hop_Drum_Loops -> KSHMR_Hip_Hop_Full_Loops	KSHMR_Hip_Hop_Drum_Loop_21_140	
Splice Sounds	Sounds of KSHMR Vol. 3	KSHMR_Drums -> KSHMR_Drum_Loops -> KSHMR_Drum_Loops_Full -> KSHMR_Hip_Hop_Drum_Loops -> KSHMR_Hip_Hop_Full_Loops	KSHMR_Hip_Hop_Drum_Loop_22_140	
Splice Sounds	Sounds of KSHMR Vol. 3	KSHMR_Drums -> KSHMR_Drum_Loops -> KSHMR_Drum_Loops_Full -> KSHMR_Hip_Hop_Drum_Loops -> KSHMR_Hip_Hop_Full_Loops	KSHMR_Hip_Hop_Drum_Loop_23_140	
Splice Sounds	Sounds of KSHMR Vol. 3	KSHMR_Drums -> KSHMR_Drum_Loops -> KSHMR_Drum_Loops_Full -> KSHMR_Hip_Hop_Drum_Loops -> KSHMR_Hip_Hop_Full_Loops	KSHMR_Hip_Hop_Drum_Loop_24_140_C#	
Splice Sounds	Sounds of KSHMR Vol. 3	KSHMR_Drums -> KSHMR_Drum_Loops -> KSHMR_Drum_Loops_Full -> KSHMR_Hip_Hop_Drum_Loops -> KSHMR_Hip_Hop_Full_Loops	KSHMR_Hip_Hop_Drum_Loop_25_150	
Splice Sounds	Sounds of KSHMR Vol. 3	KSHMR_Drums -> KSHMR_Drum_Loops -> KSHMR_Drum_Loops_Full -> KSHMR_Hip_Hop_Drum_Loops -> KSHMR_Hip_Hop_Full_Loops	KSHMR_Hip_Hop_Drum_Loop_26_150	
Splice Sounds	Sounds of KSHMR Vol. 3	KSHMR_Drums -> KSHMR_Drum_Loops -> KSHMR_Drum_Loops_Full -> KSHMR_Hip_Hop_Drum_Loops -> KSHMR_Hip_Hop_Full_Loops	KSHMR_Hip_Hop_Drum_Loop_27_154	
Splice Sounds	Sounds of KSHMR Vol. 3	KSHMR_Drums -> KSHMR_Drum_Loops -> KSHMR_Drum_Loops_Full -> KSHMR_Hip_Hop_Drum_Loops -> KSHMR_Hip_Hop_Full_Loops	KSHMR_Hip_Hop_Drum_Loop_28_160	
Splice Sounds	Sounds of KSHMR Vol. 3	KSHMR_Drums -> KSHMR_Drum_Loops -> KSHMR_Drum_Loops_Full -> KSHMR_Hip_Hop_Drum_Loops -> KSHMR_Hip_Hop_Full_Loops	KSHMR_Hip_Hop_Drum_Loop_29_170	
Splice Sounds	Sounds of KSHMR Vol. 3	KSHMR_Drums -> KSHMR_Drum_Loops -> KSHMR_Drum_Loops_Full -> KSHMR_Hip_Hop_Drum_Loops -> KSHMR_Hip_Hop_Full_Loops	KSHMR_Hip_Hop_Drum_Loop_30_170	
Splice Sounds	Sounds of KSHMR Vol. 3	KSHMR_Drums -> KSHMR_Drum_Loops -> KSHMR_Drum_Loops_Full -> KSHMR_Hip_Hop_Drum_Loops -> KSHMR_Hip_Hop_Full_Loops	KSHMR_Hip_Hop_Drum_Loop_31_174	
Splice Sounds	Sounds of KSHMR Vol. 3	KSHMR_Drums -> KSHMR_Drum_Loops -> KSHMR_Drum_Loops_Full -> KSHMR_Hip_Hop_Drum_Loops -> KSHMR_Hip_Hop_Full_Loops	KSHMR_Hip_Hop_Drum_Loop_32_174	
Splice Sounds	Sounds of KSHMR Vol. 3	KSHMR_Drums -> KSHMR_Drum_Loops -> KSHMR_Drum_Loops_Full -> KSHMR_Hip_Hop_Drum_Loops -> KSHMR_Hip_Hop_Top_Loops	KSHMR_Hip_Hop_Top_Loop_01_85	
Splice Sounds	Sounds of KSHMR Vol. 3	KSHMR_Drums -> KSHMR_Drum_Loops -> KSHMR_Drum_Loops_Full -> KSHMR_Hip_Hop_Drum_Loops -> KSHMR_Hip_Hop_Top_Loops	KSHMR_Hip_Hop_Top_Loop_02_85	
Splice Sounds	Sounds of KSHMR Vol. 3	KSHMR_Drums -> KSHMR_Drum_Loops -> KSHMR_Drum_Loops_Full -> KSHMR_Hip_Hop_Drum_Loops -> KSHMR_Hip_Hop_Top_Loops	KSHMR_Hip_Hop_Top_Loop_03_86	
Splice Sounds	Sounds of KSHMR Vol. 3	KSHMR_Drums -> KSHMR_Drum_Loops -> KSHMR_Drum_Loops_Full -> KSHMR_Hip_Hop_Drum_Loops -> KSHMR_Hip_Hop_Top_Loops	KSHMR_Hip_Hop_Top_Loop_04_90	
Splice Sounds	Sounds of KSHMR Vol. 3	KSHMR_Drums -> KSHMR_Drum_Loops -> KSHMR_Drum_Loops_Full -> KSHMR_Hip_Hop_Drum_Loops -> KSHMR_Hip_Hop_Top_Loops	KSHMR_Hip_Hop_Top_Loop_05_90	
Splice Sounds	Sounds of KSHMR Vol. 3	KSHMR_Drums -> KSHMR_Drum_Loops -> KSHMR_Drum_Loops_Full -> KSHMR_Hip_Hop_Drum_Loops -> KSHMR_Hip_Hop_Top_Loops	KSHMR_Hip_Hop_Top_Loop_06_94	
Splice Sounds	Sounds of KSHMR Vol. 3	KSHMR_Drums -> KSHMR_Drum_Loops -> KSHMR_Drum_Loops_Full -> KSHMR_Hip_Hop_Drum_Loops -> KSHMR_Hip_Hop_Top_Loops	KSHMR_Hip_Hop_Top_Loop_07_100	
Splice Sounds	Sounds of KSHMR Vol. 3	KSHMR_Drums -> KSHMR_Drum_Loops -> KSHMR_Drum_Loops_Full -> KSHMR_Hip_Hop_Drum_Loops -> KSHMR_Hip_Hop_Top_Loops	KSHMR_Hip_Hop_Top_Loop_08_110	
Splice Sounds	Sounds of KSHMR Vol. 3	KSHMR_Drums -> KSHMR_Drum_Loops -> KSHMR_Drum_Loops_Full -> KSHMR_Hip_Hop_Drum_Loops -> KSHMR_Hip_Hop_Top_Loops	KSHMR_Hip_Hop_Top_Loop_09_110	
Splice Sounds	Sounds of KSHMR Vol. 3	KSHMR_Drums -> KSHMR_Drum_Loops -> KSHMR_Drum_Loops_Full -> KSHMR_Hip_Hop_Drum_Loops -> KSHMR_Hip_Hop_Top_Loops	KSHMR_Hip_Hop_Top_Loop_10_120	
Splice Sounds	Sounds of KSHMR Vol. 3	KSHMR_Drums -> KSHMR_Drum_Loops -> KSHMR_Drum_Loops_Full -> KSHMR_Hip_Hop_Drum_Loops -> KSHMR_Hip_Hop_Top_Loops	KSHMR_Hip_Hop_Top_Loop_11_120	
Splice Sounds	Sounds of KSHMR Vol. 3	KSHMR_Drums -> KSHMR_Drum_Loops -> KSHMR_Drum_Loops_Full -> KSHMR_Hip_Hop_Drum_Loops -> KSHMR_Hip_Hop_Top_Loops	KSHMR_Hip_Hop_Top_Loop_12_124	
Splice Sounds	Sounds of KSHMR Vol. 3	KSHMR_Drums -> KSHMR_Drum_Loops -> KSHMR_Drum_Loops_Full -> KSHMR_Hip_Hop_Drum_Loops -> KSHMR_Hip_Hop_Top_Loops	KSHMR_Hip_Hop_Top_Loop_13_124	
Splice Sounds	Sounds of KSHMR Vol. 3	KSHMR_Drums -> KSHMR_Drum_Loops -> KSHMR_Drum_Loops_Full -> KSHMR_Hip_Hop_Drum_Loops -> KSHMR_Hip_Hop_Top_Loops	KSHMR_Hip_Hop_Top_Loop_14_128	
Splice Sounds	Sounds of KSHMR Vol. 3	KSHMR_Drums -> KSHMR_Drum_Loops -> KSHMR_Drum_Loops_Full -> KSHMR_Hip_Hop_Drum_Loops -> KSHMR_Hip_Hop_Top_Loops	KSHMR_Hip_Hop_Top_Loop_15_128	
Splice Sounds	Sounds of KSHMR Vol. 3	KSHMR_Drums -> KSHMR_Drum_Loops -> KSHMR_Drum_Loops_Full -> KSHMR_Hip_Hop_Drum_Loops -> KSHMR_Hip_Hop_Top_Loops	KSHMR_Hip_Hop_Top_Loop_16_130	
Splice Sounds	Sounds of KSHMR Vol. 3	KSHMR_Drums -> KSHMR_Drum_Loops -> KSHMR_Drum_Loops_Full -> KSHMR_Hip_Hop_Drum_Loops -> KSHMR_Hip_Hop_Top_Loops	KSHMR_Hip_Hop_Top_Loop_17_130	
Splice Sounds	Sounds of KSHMR Vol. 3	KSHMR_Drums -> KSHMR_Drum_Loops -> KSHMR_Drum_Loops_Full -> KSHMR_Hip_Hop_Drum_Loops -> KSHMR_Hip_Hop_Top_Loops	KSHMR_Hip_Hop_Top_Loop_18_140	
Splice Sounds	Sounds of KSHMR Vol. 3	KSHMR_Drums -> KSHMR_Drum_Loops -> KSHMR_Drum_Loops_Full -> KSHMR_Hip_Hop_Drum_Loops -> KSHMR_Hip_Hop_Top_Loops	KSHMR_Hip_Hop_Top_Loop_19_140	
Splice Sounds	Sounds of KSHMR Vol. 3	KSHMR_Drums -> KSHMR_Drum_Loops -> KSHMR_Drum_Loops_Full -> KSHMR_Hip_Hop_Drum_Loops -> KSHMR_Hip_Hop_Top_Loops	KSHMR_Hip_Hop_Top_Loop_20_140	
Splice Sounds	Sounds of KSHMR Vol. 3	KSHMR_Drums -> KSHMR_Drum_Loops -> KSHMR_Drum_Loops_Full -> KSHMR_Hip_Hop_Drum_Loops -> KSHMR_Hip_Hop_Top_Loops	KSHMR_Hip_Hop_Top_Loop_21_140	
Splice Sounds	Sounds of KSHMR Vol. 3	KSHMR_Drums -> KSHMR_Drum_Loops -> KSHMR_Drum_Loops_Full -> KSHMR_Hip_Hop_Drum_Loops -> KSHMR_Hip_Hop_Top_Loops	KSHMR_Hip_Hop_Top_Loop_22_148	
Splice Sounds	Sounds of KSHMR Vol. 3	KSHMR_Drums -> KSHMR_Drum_Loops -> KSHMR_Drum_Loops_Full -> KSHMR_Hip_Hop_Drum_Loops -> KSHMR_Hip_Hop_Top_Loops	KSHMR_Hip_Hop_Top_Loop_23_150	
Splice Sounds	Sounds of KSHMR Vol. 3	KSHMR_Drums -> KSHMR_Drum_Loops -> KSHMR_Drum_Loops_Full -> KSHMR_Hip_Hop_Drum_Loops -> KSHMR_Hip_Hop_Top_Loops	KSHMR_Hip_Hop_Top_Loop_24_150	
Splice Sounds	Sounds of KSHMR Vol. 3	KSHMR_Drums -> KSHMR_Drum_Loops -> KSHMR_Drum_Loops_Full -> KSHMR_Hip_Hop_Drum_Loops -> KSHMR_Hip_Hop_Top_Loops	KSHMR_Hip_Hop_Top_Loop_25_150	
Splice Sounds	Sounds of KSHMR Vol. 3	KSHMR_Drums -> KSHMR_Drum_Loops -> KSHMR_Drum_Loops_Full -> KSHMR_Hip_Hop_Drum_Loops -> KSHMR_Hip_Hop_Top_Loops	KSHMR_Hip_Hop_Top_Loop_26_150	
Splice Sounds	Sounds of KSHMR Vol. 3	KSHMR_Drums -> KSHMR_Drum_Loops -> KSHMR_Drum_Loops_Full -> KSHMR_Hip_Hop_Drum_Loops -> KSHMR_Hip_Hop_Top_Loops	KSHMR_Hip_Hop_Top_Loop_27_150	
Splice Sounds	Sounds of KSHMR Vol. 3	KSHMR_Drums -> KSHMR_Drum_Loops -> KSHMR_Drum_Loops_Full -> KSHMR_Hip_Hop_Drum_Loops -> KSHMR_Hip_Hop_Top_Loops	KSHMR_Hip_Hop_Top_Loop_28_160	
Splice Sounds	Sounds of KSHMR Vol. 3	KSHMR_Drums -> KSHMR_Drum_Loops -> KSHMR_Drum_Loops_Full -> KSHMR_Hip_Hop_Drum_Loops -> KSHMR_Hip_Hop_Top_Loops	KSHMR_Hip_Hop_Top_Loop_29_170	
Splice Sounds	Sounds of KSHMR Vol. 3	KSHMR_Drums -> KSHMR_Drum_Loops -> KSHMR_Drum_Loops_Full -> KSHMR_Hip_Hop_Drum_Loops -> KSHMR_Hip_Hop_Top_Loops	KSHMR_Hip_Hop_Top_Loop_30_174	
Splice Sounds	Sounds of KSHMR Vol. 3	KSHMR_Drums -> KSHMR_Drum_Loops -> KSHMR_Drum_Loops_Full -> KSHMR_Hip_Hop_Drum_Loops -> KSHMR_Hip_Hop_Top_Loops	KSHMR_Hip_Hop_Top_Loop_31_174	
Splice Sounds	Sounds of KSHMR Vol. 3	KSHMR_Drums -> KSHMR_Drum_Loops -> KSHMR_Drum_Loops_Full -> KSHMR_Moombah_Loops	KSHMR_Moombah_Drum_Loop_01_97	
Splice Sounds	Sounds of KSHMR Vol. 3	KSHMR_Drums -> KSHMR_Drum_Loops -> KSHMR_Drum_Loops_Full -> KSHMR_Moombah_Loops	KSHMR_Moombah_Drum_Loop_02_100	
Splice Sounds	Sounds of KSHMR Vol. 3	KSHMR_Drums -> KSHMR_Drum_Loops -> KSHMR_Drum_Loops_Full -> KSHMR_Moombah_Loops	KSHMR_Moombah_Drum_Loop_03_100	
Splice Sounds	Sounds of KSHMR Vol. 3	KSHMR_Drums -> KSHMR_Drum_Loops -> KSHMR_Drum_Loops_Full -> KSHMR_Moombah_Loops	KSHMR_Moombah_Drum_Loop_04_100	
Splice Sounds	Sounds of KSHMR Vol. 3	KSHMR_Drums -> KSHMR_Drum_Loops -> KSHMR_Drum_Loops_Full -> KSHMR_Moombah_Loops	KSHMR_Moombah_Drum_Loop_05_100	
Splice Sounds	Sounds of KSHMR Vol. 3	KSHMR_Drums -> KSHMR_Drum_Loops -> KSHMR_Drum_Loops_Full -> KSHMR_Moombah_Loops	KSHMR_Moombah_Drum_Loop_06_100	
Splice Sounds	Sounds of KSHMR Vol. 3	KSHMR_Drums -> KSHMR_Drum_Loops -> KSHMR_Drum_Loops_Full -> KSHMR_Moombah_Loops	KSHMR_Moombah_Drum_Loop_07_105_Full	
Splice Sounds	Sounds of KSHMR Vol. 3	KSHMR_Drums -> KSHMR_Drum_Loops -> KSHMR_Drum_Loops_Full -> KSHMR_Moombah_Loops	KSHMR_Moombah_Drum_Loop_07_105_Tops	
Splice Sounds	Sounds of KSHMR Vol. 3	KSHMR_Drums -> KSHMR_Drum_Loops -> KSHMR_Drum_Loops_Full -> KSHMR_Moombah_Loops	KSHMR_Moombah_Drum_Loop_08_105_E	
Splice Sounds	Sounds of KSHMR Vol. 3	KSHMR_Drums -> KSHMR_Drum_Loops -> KSHMR_Drum_Loops_Full -> KSHMR_Moombah_Loops	KSHMR_Moombah_Drum_Loop_09_105	
Splice Sounds	Sounds of KSHMR Vol. 3	KSHMR_Drums -> KSHMR_Drum_Loops -> KSHMR_Drum_Loops_Full -> KSHMR_Moombah_Loops	KSHMR_Moombah_Drum_Loop_10_105	
Splice Sounds	Sounds of KSHMR Vol. 3	KSHMR_Drums -> KSHMR_Drum_Loops -> KSHMR_Drum_Loops_Full -> KSHMR_Moombah_Loops	KSHMR_Moombah_Drum_Loop_11_105	
Splice Sounds	Sounds of KSHMR Vol. 3	KSHMR_Drums -> KSHMR_Drum_Loops -> KSHMR_Drum_Loops_Full -> KSHMR_Moombah_Loops	KSHMR_Moombah_Drum_Loop_12_112_E	
Splice Sounds	Sounds of KSHMR Vol. 3	KSHMR_Drums -> KSHMR_Drum_Loops -> KSHMR_Drum_Loops_Full -> KSHMR_Moombah_Loops	KSHMR_Moombah_Drum_Loop_13_120	
Splice Sounds	Sounds of KSHMR Vol. 3	KSHMR_Drums -> KSHMR_Drum_Loops -> KSHMR_Drum_Loops_Full -> KSHMR_Moombah_Loops	KSHMR_Moombah_Drum_Loop_14_120	
Splice Sounds	Sounds of KSHMR Vol. 3	KSHMR_Drums -> KSHMR_Drum_Loops -> KSHMR_Drum_Loops_Full -> KSHMR_Moombah_Loops	KSHMR_Moombah_Drum_Loop_15_120	
Splice Sounds	Sounds of KSHMR Vol. 3	KSHMR_Drums -> KSHMR_Drum_Loops -> KSHMR_Drum_Loops_Full -> KSHMR_Percussion_Loops	KSHMR_Percussion_Loop_01_85_Foley	
Splice Sounds	Sounds of KSHMR Vol. 3	KSHMR_Drums -> KSHMR_Drum_Loops -> KSHMR_Drum_Loops_Full -> KSHMR_Percussion_Loops	KSHMR_Percussion_Loop_02_90	
Splice Sounds	Sounds of KSHMR Vol. 3	KSHMR_Drums -> KSHMR_Drum_Loops -> KSHMR_Drum_Loops_Full -> KSHMR_Percussion_Loops	KSHMR_Percussion_Loop_03_92_Cuba	
Splice Sounds	Sounds of KSHMR Vol. 3	KSHMR_Drums -> KSHMR_Drum_Loops -> KSHMR_Drum_Loops_Full -> KSHMR_Percussion_Loops	KSHMR_Percussion_Loop_04_92_Cuba	
Splice Sounds	Sounds of KSHMR Vol. 3	KSHMR_Drums -> KSHMR_Drum_Loops -> KSHMR_Drum_Loops_Full -> KSHMR_Percussion_Loops	KSHMR_Percussion_Loop_05_100	
Splice Sounds	Sounds of KSHMR Vol. 3	KSHMR_Drums -> KSHMR_Drum_Loops -> KSHMR_Drum_Loops_Full -> KSHMR_Percussion_Loops	KSHMR_Percussion_Loop_06_100	
Splice Sounds	Sounds of KSHMR Vol. 3	KSHMR_Drums -> KSHMR_Drum_Loops -> KSHMR_Drum_Loops_Full -> KSHMR_Percussion_Loops	KSHMR_Percussion_Loop_07_100	
Splice Sounds	Sounds of KSHMR Vol. 3	KSHMR_Drums -> KSHMR_Drum_Loops -> KSHMR_Drum_Loops_Full -> KSHMR_Percussion_Loops	KSHMR_Percussion_Loop_08_100	
Splice Sounds	Sounds of KSHMR Vol. 3	KSHMR_Drums -> KSHMR_Drum_Loops -> KSHMR_Drum_Loops_Full -> KSHMR_Percussion_Loops	KSHMR_Percussion_Loop_09_100	
Splice Sounds	Sounds of KSHMR Vol. 3	KSHMR_Drums -> KSHMR_Drum_Loops -> KSHMR_Drum_Loops_Full -> KSHMR_Percussion_Loops	KSHMR_Percussion_Loop_10_100	
Splice Sounds	Sounds of KSHMR Vol. 3	KSHMR_Drums -> KSHMR_Drum_Loops -> KSHMR_Drum_Loops_Full -> KSHMR_Percussion_Loops	KSHMR_Percussion_Loop_11_100	
Splice Sounds	Sounds of KSHMR Vol. 3	KSHMR_Drums -> KSHMR_Drum_Loops -> KSHMR_Drum_Loops_Full -> KSHMR_Percussion_Loops	KSHMR_Percussion_Loop_12_100	
Splice Sounds	Sounds of KSHMR Vol. 3	KSHMR_Drums -> KSHMR_Drum_Loops -> KSHMR_Drum_Loops_Full -> KSHMR_Percussion_Loops	KSHMR_Percussion_Loop_13_100	
Splice Sounds	Sounds of KSHMR Vol. 3	KSHMR_Drums -> KSHMR_Drum_Loops -> KSHMR_Drum_Loops_Full -> KSHMR_Percussion_Loops	KSHMR_Percussion_Loop_14_100	
Splice Sounds	Sounds of KSHMR Vol. 3	KSHMR_Drums -> KSHMR_Drum_Loops -> KSHMR_Drum_Loops_Full -> KSHMR_Percussion_Loops	KSHMR_Percussion_Loop_15_105	
Splice Sounds	Sounds of KSHMR Vol. 3	KSHMR_Drums -> KSHMR_Drum_Loops -> KSHMR_Drum_Loops_Full -> KSHMR_Percussion_Loops	KSHMR_Percussion_Loop_16_105_Brazil	
Splice Sounds	Sounds of KSHMR Vol. 3	KSHMR_Drums -> KSHMR_Drum_Loops -> KSHMR_Drum_Loops_Full -> KSHMR_Percussion_Loops	KSHMR_Percussion_Loop_17_105_Brazil	
Splice Sounds	Sounds of KSHMR Vol. 3	KSHMR_Drums -> KSHMR_Drum_Loops -> KSHMR_Drum_Loops_Full -> KSHMR_Percussion_Loops	KSHMR_Percussion_Loop_18_110	
Splice Sounds	Sounds of KSHMR Vol. 3	KSHMR_Drums -> KSHMR_Drum_Loops -> KSHMR_Drum_Loops_Full -> KSHMR_Percussion_Loops	KSHMR_Percussion_Loop_19_110	
Splice Sounds	Sounds of KSHMR Vol. 3	KSHMR_Drums -> KSHMR_Drum_Loops -> KSHMR_Drum_Loops_Full -> KSHMR_Percussion_Loops	KSHMR_Percussion_Loop_20_112	
Splice Sounds	Sounds of KSHMR Vol. 3	KSHMR_Drums -> KSHMR_Drum_Loops -> KSHMR_Drum_Loops_Full -> KSHMR_Percussion_Loops	KSHMR_Percussion_Loop_21_112	
Splice Sounds	Sounds of KSHMR Vol. 3	KSHMR_Drums -> KSHMR_Drum_Loops -> KSHMR_Drum_Loops_Full -> KSHMR_Percussion_Loops	KSHMR_Percussion_Loop_22_115_Africa	
Splice Sounds	Sounds of KSHMR Vol. 3	KSHMR_Drums -> KSHMR_Drum_Loops -> KSHMR_Drum_Loops_Full -> KSHMR_Percussion_Loops	KSHMR_Percussion_Loop_23_115_Africa	
Splice Sounds	Sounds of KSHMR Vol. 3	KSHMR_Drums -> KSHMR_Drum_Loops -> KSHMR_Drum_Loops_Full -> KSHMR_Percussion_Loops	KSHMR_Percussion_Loop_24_115_Tribal	
Splice Sounds	Sounds of KSHMR Vol. 3	KSHMR_Drums -> KSHMR_Drum_Loops -> KSHMR_Drum_Loops_Full -> KSHMR_Percussion_Loops	KSHMR_Percussion_Loop_25_122	
Splice Sounds	Sounds of KSHMR Vol. 3	KSHMR_Drums -> KSHMR_Drum_Loops -> KSHMR_Drum_Loops_Full -> KSHMR_Percussion_Loops	KSHMR_Percussion_Loop_26_123	
Splice Sounds	Sounds of KSHMR Vol. 3	KSHMR_Drums -> KSHMR_Drum_Loops -> KSHMR_Drum_Loops_Full -> KSHMR_Percussion_Loops	KSHMR_Percussion_Loop_27_128	
Splice Sounds	Sounds of KSHMR Vol. 3	KSHMR_Drums -> KSHMR_Drum_Loops -> KSHMR_Drum_Loops_Full -> KSHMR_Percussion_Loops	KSHMR_Percussion_Loop_28_128	
Splice Sounds	Sounds of KSHMR Vol. 3	KSHMR_Drums -> KSHMR_Drum_Loops -> KSHMR_Drum_Loops_Full -> KSHMR_Percussion_Loops	KSHMR_Percussion_Loop_29_128	
Splice Sounds	Sounds of KSHMR Vol. 3	KSHMR_Drums -> KSHMR_Drum_Loops -> KSHMR_Drum_Loops_Full -> KSHMR_Percussion_Loops	KSHMR_Percussion_Loop_30_128	
Splice Sounds	Sounds of KSHMR Vol. 3	KSHMR_Drums -> KSHMR_Drum_Loops -> KSHMR_Drum_Loops_Full -> KSHMR_Percussion_Loops	KSHMR_Percussion_Loop_31_128_Momentum	
Splice Sounds	Sounds of KSHMR Vol. 3	KSHMR_Drums -> KSHMR_Drum_Loops -> KSHMR_Drum_Loops_Full -> KSHMR_Percussion_Loops	KSHMR_Percussion_Loop_32_128_Momentum	
Splice Sounds	Sounds of KSHMR Vol. 3	KSHMR_Drums -> KSHMR_Drum_Loops -> KSHMR_Drum_Loops_Full -> KSHMR_Percussion_Loops	KSHMR_Percussion_Loop_33_128_Momentum	
Splice Sounds	Sounds of KSHMR Vol. 3	KSHMR_Drums -> KSHMR_Drum_Loops -> KSHMR_Drum_Loops_Full -> KSHMR_Percussion_Loops	KSHMR_Percussion_Loop_34_128_Momentum	
Splice Sounds	Sounds of KSHMR Vol. 3	KSHMR_Drums -> KSHMR_Drum_Loops -> KSHMR_Drum_Loops_Full -> KSHMR_Percussion_Loops	KSHMR_Percussion_Loop_35_128_Momentum	
Splice Sounds	Sounds of KSHMR Vol. 3	KSHMR_Drums -> KSHMR_Drum_Loops -> KSHMR_Drum_Loops_Full -> KSHMR_Percussion_Loops	KSHMR_Percussion_Loop_36_128_Momentum	
Splice Sounds	Sounds of KSHMR Vol. 3	KSHMR_Drums -> KSHMR_Drum_Loops -> KSHMR_Drum_Loops_Full -> KSHMR_Percussion_Loops	KSHMR_Percussion_Loop_37_128_Momentum	
Splice Sounds	Sounds of KSHMR Vol. 3	KSHMR_Drums -> KSHMR_Drum_Loops -> KSHMR_Drum_Loops_Full -> KSHMR_Percussion_Loops	KSHMR_Percussion_Loop_38_130	
Splice Sounds	Sounds of KSHMR Vol. 3	KSHMR_Drums -> KSHMR_Drum_Loops -> KSHMR_Drum_Loops_Full -> KSHMR_Percussion_Loops	KSHMR_Percussion_Loop_39_136	
Splice Sounds	Sounds of KSHMR Vol. 3	KSHMR_Drums -> KSHMR_Drum_Loops -> KSHMR_Drum_Loops_Full -> KSHMR_Percussion_Loops	KSHMR_Percussion_Loop_40_140_Africa	
Splice Sounds	Sounds of KSHMR Vol. 3	KSHMR_Drums -> KSHMR_Drum_Loops -> KSHMR_Drum_Loops_Full -> KSHMR_Percussion_Loops	KSHMR_Percussion_Loop_41_140_Africa	
Splice Sounds	Sounds of KSHMR Vol. 3	KSHMR_Drums -> KSHMR_Drum_Loops -> KSHMR_Drum_Loops_Full -> KSHMR_Percussion_Loops	KSHMR_Percussion_Loop_42_140_Cuba	
Splice Sounds	Sounds of KSHMR Vol. 3	KSHMR_Drums -> KSHMR_Drum_Loops -> KSHMR_Drum_Loops_Full -> KSHMR_Percussion_Loops	KSHMR_Percussion_Loop_43_140_Tribal	
Splice Sounds	Sounds of KSHMR Vol. 3	KSHMR_Drums -> KSHMR_Drum_Loops -> KSHMR_Drum_Loops_Full -> KSHMR_Percussion_Loops	KSHMR_Percussion_Loop_44_140_Tribal	
Splice Sounds	Sounds of KSHMR Vol. 3	KSHMR_Drums -> KSHMR_Drum_Loops -> KSHMR_Drum_Loops_Full -> KSHMR_Percussion_Loops	KSHMR_Percussion_Loop_45_140_Triplet	
Splice Sounds	Sounds of KSHMR Vol. 3	KSHMR_Drums -> KSHMR_Drum_Loops -> KSHMR_Drum_Loops_Full -> KSHMR_Percussion_Loops	KSHMR_Percussion_Loop_46_140_Triplet	
Splice Sounds	Sounds of KSHMR Vol. 3	KSHMR_Drums -> KSHMR_Drum_Loops -> KSHMR_Drum_Loops_Full -> KSHMR_Percussion_Loops	KSHMR_Percussion_Loop_47_150	
Splice Sounds	Sounds of KSHMR Vol. 3	KSHMR_Drums -> KSHMR_Drum_Loops -> KSHMR_Drum_Loops_Full -> KSHMR_Percussion_Loops	KSHMR_Percussion_Loop_48_150	
Splice Sounds	Sounds of KSHMR Vol. 3	KSHMR_Drums -> KSHMR_Drum_Loops -> KSHMR_Drum_Loops_Full -> KSHMR_Percussion_Loops	KSHMR_Percussion_Loop_49_150	
Splice Sounds	Sounds of KSHMR Vol. 3	KSHMR_Drums -> KSHMR_Drum_Loops -> KSHMR_Drum_Loops_Full -> KSHMR_Percussion_Loops	KSHMR_Percussion_Loop_50_150	
Splice Sounds	Sounds of KSHMR Vol. 3	KSHMR_Drums -> KSHMR_Drum_Loops -> KSHMR_Drum_Loops_Full -> KSHMR_Percussion_Loops	KSHMR_Percussion_Loop_51_160	
Splice Sounds	Sounds of KSHMR Vol. 3	KSHMR_Drums -> KSHMR_Drum_Loops -> KSHMR_Drum_Loops_Full -> KSHMR_Stadium_Loops	KSHMR_Stadium_Loop_01_114	
Splice Sounds	Sounds of KSHMR Vol. 3	KSHMR_Drums -> KSHMR_Drum_Loops -> KSHMR_Drum_Loops_Full -> KSHMR_Stadium_Loops	KSHMR_Stadium_Loop_02_120	
Splice Sounds	Sounds of KSHMR Vol. 3	KSHMR_Drums -> KSHMR_Drum_Loops -> KSHMR_Drum_Loops_Full -> KSHMR_Stadium_Loops	KSHMR_Stadium_Loop_03_128	
Splice Sounds	Sounds of KSHMR Vol. 3	KSHMR_Drums -> KSHMR_Drum_Loops -> KSHMR_Drum_Loops_Full -> KSHMR_Stadium_Loops	KSHMR_Stadium_Loop_04_128	
Splice Sounds	Sounds of KSHMR Vol. 3	KSHMR_Drums -> KSHMR_Drum_Loops -> KSHMR_Drum_Loops_Full -> KSHMR_Stadium_Loops	KSHMR_Stadium_Loop_05_128	
Splice Sounds	Sounds of KSHMR Vol. 3	KSHMR_Drums -> KSHMR_Drum_Loops -> KSHMR_Drum_Loops_Full -> KSHMR_Stadium_Loops	KSHMR_Stadium_Loop_06_128	
Splice Sounds	Sounds of KSHMR Vol. 3	KSHMR_Drums -> KSHMR_Drum_Loops -> KSHMR_Drum_Loops_Full -> KSHMR_Stadium_Loops	KSHMR_Stadium_Loop_07_130	
Splice Sounds	Sounds of KSHMR Vol. 3	KSHMR_Drums -> KSHMR_Drum_Loops -> KSHMR_Drum_Loops_Full -> KSHMR_Stadium_Loops	KSHMR_Stadium_Loop_08_136	
Splice Sounds	Sounds of KSHMR Vol. 3	KSHMR_Drums -> KSHMR_Drum_Loops -> KSHMR_Drum_Loops_Full -> KSHMR_Stadium_Loops	KSHMR_Stadium_Loop_09_140	
Splice Sounds	Sounds of KSHMR Vol. 3	KSHMR_Drums -> KSHMR_Drum_Loops -> KSHMR_Drum_Loops_Full -> KSHMR_Stadium_Loops	KSHMR_Stadium_Loop_10_150	
Splice Sounds	Sounds of KSHMR Vol. 3	KSHMR_Drums -> KSHMR_Drum_Loops -> KSHMR_Drum_Loops_Full -> KSHMR_Stadium_Loops	KSHMR_Stadium_Loop_11_155	
Splice Sounds	Sounds of KSHMR Vol. 3	KSHMR_Drums -> KSHMR_Drum_Loops -> KSHMR_Drum_Loops_Full -> KSHMR_Stadium_Loops	KSHMR_Stadium_Loop_12_175	
Splice Sounds	Sounds of KSHMR Vol. 3	KSHMR_Drums -> KSHMR_Drum_Loops -> KSHMR_Drum_Loops_Full -> KSHMR_Stadium_Loops	KSHMR_Stadium_Loop_13_180	
Splice Sounds	Sounds of KSHMR Vol. 3	KSHMR_Drums -> KSHMR_Drum_Loops -> KSHMR_Drum_Loops_Full -> KSHMR_Top_Loops -> KSHMR_Top_Loops_090-120	KSHMR_Top_Loop_01_90	
Splice Sounds	Sounds of KSHMR Vol. 3	KSHMR_Drums -> KSHMR_Drum_Loops -> KSHMR_Drum_Loops_Full -> KSHMR_Top_Loops -> KSHMR_Top_Loops_090-120	KSHMR_Top_Loop_02_90	
Splice Sounds	Sounds of KSHMR Vol. 3	KSHMR_Drums -> KSHMR_Drum_Loops -> KSHMR_Drum_Loops_Full -> KSHMR_Top_Loops -> KSHMR_Top_Loops_090-120	KSHMR_Top_Loop_03_97	
Splice Sounds	Sounds of KSHMR Vol. 3	KSHMR_Drums -> KSHMR_Drum_Loops -> KSHMR_Drum_Loops_Full -> KSHMR_Top_Loops -> KSHMR_Top_Loops_090-120	KSHMR_Top_Loop_04_100	
Splice Sounds	Sounds of KSHMR Vol. 3	KSHMR_Drums -> KSHMR_Drum_Loops -> KSHMR_Drum_Loops_Full -> KSHMR_Top_Loops -> KSHMR_Top_Loops_090-120	KSHMR_Top_Loop_05_100	
Splice Sounds	Sounds of KSHMR Vol. 3	KSHMR_Drums -> KSHMR_Drum_Loops -> KSHMR_Drum_Loops_Full -> KSHMR_Top_Loops -> KSHMR_Top_Loops_090-120	KSHMR_Top_Loop_06_100	
Splice Sounds	Sounds of KSHMR Vol. 3	KSHMR_Drums -> KSHMR_Drum_Loops -> KSHMR_Drum_Loops_Full -> KSHMR_Top_Loops -> KSHMR_Top_Loops_090-120	KSHMR_Top_Loop_07_100	
Splice Sounds	Sounds of KSHMR Vol. 3	KSHMR_Drums -> KSHMR_Drum_Loops -> KSHMR_Drum_Loops_Full -> KSHMR_Top_Loops -> KSHMR_Top_Loops_090-120	KSHMR_Top_Loop_08_100	
Splice Sounds	Sounds of KSHMR Vol. 3	KSHMR_Drums -> KSHMR_Drum_Loops -> KSHMR_Drum_Loops_Full -> KSHMR_Top_Loops -> KSHMR_Top_Loops_090-120	KSHMR_Top_Loop_09_100	
Splice Sounds	Sounds of KSHMR Vol. 3	KSHMR_Drums -> KSHMR_Drum_Loops -> KSHMR_Drum_Loops_Full -> KSHMR_Top_Loops -> KSHMR_Top_Loops_090-120	KSHMR_Top_Loop_10_100	
Splice Sounds	Sounds of KSHMR Vol. 3	KSHMR_Drums -> KSHMR_Drum_Loops -> KSHMR_Drum_Loops_Full -> KSHMR_Top_Loops -> KSHMR_Top_Loops_090-120	KSHMR_Top_Loop_11_100	
Splice Sounds	Sounds of KSHMR Vol. 3	KSHMR_Drums -> KSHMR_Drum_Loops -> KSHMR_Drum_Loops_Full -> KSHMR_Top_Loops -> KSHMR_Top_Loops_090-120	KSHMR_Top_Loop_12_100	
Splice Sounds	Sounds of KSHMR Vol. 3	KSHMR_Drums -> KSHMR_Drum_Loops -> KSHMR_Drum_Loops_Full -> KSHMR_Top_Loops -> KSHMR_Top_Loops_090-120	KSHMR_Top_Loop_13_105	
Splice Sounds	Sounds of KSHMR Vol. 3	KSHMR_Drums -> KSHMR_Drum_Loops -> KSHMR_Drum_Loops_Full -> KSHMR_Top_Loops -> KSHMR_Top_Loops_090-120	KSHMR_Top_Loop_14_105	
Splice Sounds	Sounds of KSHMR Vol. 3	KSHMR_Drums -> KSHMR_Drum_Loops -> KSHMR_Drum_Loops_Full -> KSHMR_Top_Loops -> KSHMR_Top_Loops_090-120	KSHMR_Top_Loop_15_105	
Splice Sounds	Sounds of KSHMR Vol. 3	KSHMR_Drums -> KSHMR_Drum_Loops -> KSHMR_Drum_Loops_Full -> KSHMR_Top_Loops -> KSHMR_Top_Loops_090-120	KSHMR_Top_Loop_16_110	
Splice Sounds	Sounds of KSHMR Vol. 3	KSHMR_Drums -> KSHMR_Drum_Loops -> KSHMR_Drum_Loops_Full -> KSHMR_Top_Loops -> KSHMR_Top_Loops_090-120	KSHMR_Top_Loop_17_112	
Splice Sounds	Sounds of KSHMR Vol. 3	KSHMR_Drums -> KSHMR_Drum_Loops -> KSHMR_Drum_Loops_Full -> KSHMR_Top_Loops -> KSHMR_Top_Loops_120-128	KSHMR_Top_Loop_01_124	
Splice Sounds	Sounds of KSHMR Vol. 3	KSHMR_Drums -> KSHMR_Drum_Loops -> KSHMR_Drum_Loops_Full -> KSHMR_Top_Loops -> KSHMR_Top_Loops_120-128	KSHMR_Top_Loop_02_124	
Splice Sounds	Sounds of KSHMR Vol. 3	KSHMR_Drums -> KSHMR_Drum_Loops -> KSHMR_Drum_Loops_Full -> KSHMR_Top_Loops -> KSHMR_Top_Loops_120-128	KSHMR_Top_Loop_03_124	
Splice Sounds	Sounds of KSHMR Vol. 3	KSHMR_Drums -> KSHMR_Drum_Loops -> KSHMR_Drum_Loops_Full -> KSHMR_Top_Loops -> KSHMR_Top_Loops_120-128	KSHMR_Top_Loop_04_124	
Splice Sounds	Sounds of KSHMR Vol. 3	KSHMR_Drums -> KSHMR_Drum_Loops -> KSHMR_Drum_Loops_Full -> KSHMR_Top_Loops -> KSHMR_Top_Loops_120-128	KSHMR_Top_Loop_05_128	
Splice Sounds	Sounds of KSHMR Vol. 3	KSHMR_Drums -> KSHMR_Drum_Loops -> KSHMR_Drum_Loops_Full -> KSHMR_Top_Loops -> KSHMR_Top_Loops_120-128	KSHMR_Top_Loop_06_128	
Splice Sounds	Sounds of KSHMR Vol. 3	KSHMR_Drums -> KSHMR_Drum_Loops -> KSHMR_Drum_Loops_Full -> KSHMR_Top_Loops -> KSHMR_Top_Loops_120-128	KSHMR_Top_Loop_07_128	
Splice Sounds	Sounds of KSHMR Vol. 3	KSHMR_Drums -> KSHMR_Drum_Loops -> KSHMR_Drum_Loops_Full -> KSHMR_Top_Loops -> KSHMR_Top_Loops_120-128	KSHMR_Top_Loop_08_128	
Splice Sounds	Sounds of KSHMR Vol. 3	KSHMR_Drums -> KSHMR_Drum_Loops -> KSHMR_Drum_Loops_Full -> KSHMR_Top_Loops -> KSHMR_Top_Loops_120-128	KSHMR_Top_Loop_09_128	
Splice Sounds	Sounds of KSHMR Vol. 3	KSHMR_Drums -> KSHMR_Drum_Loops -> KSHMR_Drum_Loops_Full -> KSHMR_Top_Loops -> KSHMR_Top_Loops_120-128	KSHMR_Top_Loop_10_128	
Splice Sounds	Sounds of KSHMR Vol. 3	KSHMR_Drums -> KSHMR_Drum_Loops -> KSHMR_Drum_Loops_Full -> KSHMR_Top_Loops -> KSHMR_Top_Loops_120-128	KSHMR_Top_Loop_11_128	
Splice Sounds	Sounds of KSHMR Vol. 3	KSHMR_Drums -> KSHMR_Drum_Loops -> KSHMR_Drum_Loops_Full -> KSHMR_Top_Loops -> KSHMR_Top_Loops_120-128	KSHMR_Top_Loop_12_128	
Splice Sounds	Sounds of KSHMR Vol. 3	KSHMR_Drums -> KSHMR_Drum_Loops -> KSHMR_Drum_Loops_Full -> KSHMR_Top_Loops -> KSHMR_Top_Loops_120-128	KSHMR_Top_Loop_13_128	
Splice Sounds	Sounds of KSHMR Vol. 3	KSHMR_Drums -> KSHMR_Drum_Loops -> KSHMR_Drum_Loops_Full -> KSHMR_Top_Loops -> KSHMR_Top_Loops_120-128	KSHMR_Top_Loop_14_128	
Splice Sounds	Sounds of KSHMR Vol. 3	KSHMR_Drums -> KSHMR_Drum_Loops -> KSHMR_Drum_Loops_Full -> KSHMR_Top_Loops -> KSHMR_Top_Loops_120-128	KSHMR_Top_Loop_15_128	
Splice Sounds	Sounds of KSHMR Vol. 3	KSHMR_Drums -> KSHMR_Drum_Loops -> KSHMR_Drum_Loops_Full -> KSHMR_Top_Loops -> KSHMR_Top_Loops_120-128	KSHMR_Top_Loop_16_128	
Splice Sounds	Sounds of KSHMR Vol. 3	KSHMR_Drums -> KSHMR_Drum_Loops -> KSHMR_Drum_Loops_Full -> KSHMR_Top_Loops -> KSHMR_Top_Loops_120-128	KSHMR_Top_Loop_17_128	
Splice Sounds	Sounds of KSHMR Vol. 3	KSHMR_Drums -> KSHMR_Drum_Loops -> KSHMR_Drum_Loops_Full -> KSHMR_Top_Loops -> KSHMR_Top_Loops_120-128	KSHMR_Top_Loop_18_128	
Splice Sounds	Sounds of KSHMR Vol. 3	KSHMR_Drums -> KSHMR_Drum_Loops -> KSHMR_Drum_Loops_Full -> KSHMR_Top_Loops -> KSHMR_Top_Loops_120-128	KSHMR_Top_Loop_19_128	
Splice Sounds	Sounds of KSHMR Vol. 3	KSHMR_Drums -> KSHMR_Drum_Loops -> KSHMR_Drum_Loops_Full -> KSHMR_Top_Loops -> KSHMR_Top_Loops_120-128	KSHMR_Top_Loop_20_128	
Splice Sounds	Sounds of KSHMR Vol. 3	KSHMR_Drums -> KSHMR_Drum_Loops -> KSHMR_Drum_Loops_Full -> KSHMR_Top_Loops -> KSHMR_Top_Loops_120-128	KSHMR_Top_Loop_21_128	
Splice Sounds	Sounds of KSHMR Vol. 3	KSHMR_Drums -> KSHMR_Drum_Loops -> KSHMR_Drum_Loops_Full -> KSHMR_Top_Loops -> KSHMR_Top_Loops_120-128	KSHMR_Top_Loop_22_128	
Splice Sounds	Sounds of KSHMR Vol. 3	KSHMR_Drums -> KSHMR_Drum_Loops -> KSHMR_Drum_Loops_Full -> KSHMR_Top_Loops -> KSHMR_Top_Loops_129-200	KSHMR_Top_Loop_01_129	
Splice Sounds	Sounds of KSHMR Vol. 3	KSHMR_Drums -> KSHMR_Drum_Loops -> KSHMR_Drum_Loops_Full -> KSHMR_Top_Loops -> KSHMR_Top_Loops_129-200	KSHMR_Top_Loop_02_130	
Splice Sounds	Sounds of KSHMR Vol. 3	KSHMR_Drums -> KSHMR_Drum_Loops -> KSHMR_Drum_Loops_Full -> KSHMR_Top_Loops -> KSHMR_Top_Loops_129-200	KSHMR_Top_Loop_03_130	
Splice Sounds	Sounds of KSHMR Vol. 3	KSHMR_Drums -> KSHMR_Drum_Loops -> KSHMR_Drum_Loops_Full -> KSHMR_Top_Loops -> KSHMR_Top_Loops_129-200	KSHMR_Top_Loop_04_130	
Splice Sounds	Sounds of KSHMR Vol. 3	KSHMR_Drums -> KSHMR_Drum_Loops -> KSHMR_Drum_Loops_Full -> KSHMR_Top_Loops -> KSHMR_Top_Loops_129-200	KSHMR_Top_Loop_05_130	
Splice Sounds	Sounds of KSHMR Vol. 3	KSHMR_Drums -> KSHMR_Drum_Loops -> KSHMR_Drum_Loops_Full -> KSHMR_Top_Loops -> KSHMR_Top_Loops_129-200	KSHMR_Top_Loop_06_140_Triplet	
Splice Sounds	Sounds of KSHMR Vol. 3	KSHMR_Drums -> KSHMR_Drum_Loops -> KSHMR_Drum_Loops_Full -> KSHMR_Top_Loops -> KSHMR_Top_Loops_129-200	KSHMR_Top_Loop_07_140_Triplet	
Splice Sounds	Sounds of KSHMR Vol. 3	KSHMR_Drums -> KSHMR_Drum_Loops -> KSHMR_Drum_Loops_Full -> KSHMR_Top_Loops -> KSHMR_Top_Loops_129-200	KSHMR_Top_Loop_08_150	
Splice Sounds	Sounds of KSHMR Vol. 3	KSHMR_Drums -> KSHMR_Drum_Loops -> KSHMR_Drum_Loops_Full -> KSHMR_Top_Loops -> KSHMR_Top_Loops_129-200	KSHMR_Top_Loop_09_154	
Splice Sounds	Sounds of KSHMR Vol. 3	KSHMR_Drums -> KSHMR_Drum_Loops -> KSHMR_Drum_Loops_Full -> KSHMR_Top_Loops -> KSHMR_Top_Loops_129-200	KSHMR_Top_Loop_10_160	
Splice Sounds	Sounds of KSHMR Vol. 3	KSHMR_Drums -> KSHMR_Drum_Loops -> KSHMR_Drum_Loops_Full -> KSHMR_Top_Loops -> KSHMR_Top_Loops_129-200	KSHMR_Top_Loop_11_170	
Splice Sounds	Sounds of KSHMR Vol. 3	KSHMR_Drums -> KSHMR_Drum_Loops -> KSHMR_Drum_Loops_Full -> KSHMR_Vintage_Soul_Loops	KSHMR_Vintage_Soul_Loop_01_90	
Splice Sounds	Sounds of KSHMR Vol. 3	KSHMR_Drums -> KSHMR_Drum_Loops -> KSHMR_Drum_Loops_Full -> KSHMR_Vintage_Soul_Loops	KSHMR_Vintage_Soul_Loop_02_90_Top	
Splice Sounds	Sounds of KSHMR Vol. 3	KSHMR_Drums -> KSHMR_Drum_Loops -> KSHMR_Drum_Loops_Full -> KSHMR_Vintage_Soul_Loops	KSHMR_Vintage_Soul_Loop_03_100	
Splice Sounds	Sounds of KSHMR Vol. 3	KSHMR_Drums -> KSHMR_Drum_Loops -> KSHMR_Drum_Loops_Full -> KSHMR_Vintage_Soul_Loops	KSHMR_Vintage_Soul_Loop_04_100	
Splice Sounds	Sounds of KSHMR Vol. 3	KSHMR_Drums -> KSHMR_Drum_Loops -> KSHMR_Drum_Loops_Full -> KSHMR_Vintage_Soul_Loops	KSHMR_Vintage_Soul_Loop_05_100_Top	
Splice Sounds	Sounds of KSHMR Vol. 3	KSHMR_Drums -> KSHMR_Drum_Loops -> KSHMR_Drum_Loops_Full -> KSHMR_Vintage_Soul_Loops	KSHMR_Vintage_Soul_Loop_06_100	
Splice Sounds	Sounds of KSHMR Vol. 3	KSHMR_Drums -> KSHMR_Drum_Loops -> KSHMR_Drum_Loops_Full -> KSHMR_Vintage_Soul_Loops	KSHMR_Vintage_Soul_Loop_07_100_Top	
Splice Sounds	Sounds of KSHMR Vol. 3	KSHMR_Drums -> KSHMR_Drum_Loops -> KSHMR_Drum_Loops_Full -> KSHMR_Vintage_Soul_Loops	KSHMR_Vintage_Soul_Loop_08_100	
Splice Sounds	Sounds of KSHMR Vol. 3	KSHMR_Drums -> KSHMR_Drum_Loops -> KSHMR_Drum_Loops_Full -> KSHMR_Vintage_Soul_Loops	KSHMR_Vintage_Soul_Loop_09_100_Top	
Splice Sounds	Sounds of KSHMR Vol. 3	KSHMR_Drums -> KSHMR_Drum_Loops -> KSHMR_Drum_Loops_Full -> KSHMR_Vintage_Soul_Loops	KSHMR_Vintage_Soul_Loop_10_108	
Splice Sounds	Sounds of KSHMR Vol. 3	KSHMR_Drums -> KSHMR_Drum_Loops -> KSHMR_Drum_Loops_Full -> KSHMR_Vintage_Soul_Loops	KSHMR_Vintage_Soul_Loop_11_108_Top	
Splice Sounds	Sounds of KSHMR Vol. 3	KSHMR_Drums -> KSHMR_Drum_Loops -> KSHMR_Drum_Loops_Full -> KSHMR_Vintage_Soul_Loops	KSHMR_Vintage_Soul_Loop_12_108	
Splice Sounds	Sounds of KSHMR Vol. 3	KSHMR_Drums -> KSHMR_Drum_Loops -> KSHMR_Drum_Loops_Full -> KSHMR_Vintage_Soul_Loops	KSHMR_Vintage_Soul_Loop_13_108_Top	
Splice Sounds	Sounds of KSHMR Vol. 3	KSHMR_Drums -> KSHMR_Drum_Loops -> KSHMR_Drum_Loops_Full -> KSHMR_Vintage_Soul_Loops	KSHMR_Vintage_Soul_Loop_15_110	
Splice Sounds	Sounds of KSHMR Vol. 3	KSHMR_Drums -> KSHMR_Drum_Loops -> KSHMR_Drum_Loops_Full -> KSHMR_Vintage_Soul_Loops	KSHMR_Vintage_Soul_Loop_16_120	
Splice Sounds	Sounds of KSHMR Vol. 3	KSHMR_Drums -> KSHMR_Drum_Loops -> KSHMR_Drum_Loops_Full -> KSHMR_Vintage_Soul_Loops	KSHMR_Vintage_Soul_Loop_17_120_Top	
Splice Sounds	Sounds of KSHMR Vol. 3	KSHMR_Drums -> KSHMR_Drum_Loops -> KSHMR_Drum_Loops_Full -> KSHMR_Vintage_Soul_Loops	KSHMR_Vintage_Soul_Loop_18_120	
Splice Sounds	Sounds of KSHMR Vol. 3	KSHMR_Drums -> KSHMR_Drum_Loops -> KSHMR_Drum_Loops_Full -> KSHMR_Vintage_Soul_Loops	KSHMR_Vintage_Soul_Loop_19_120_Top	
Splice Sounds	Sounds of KSHMR Vol. 3	KSHMR_Drums -> KSHMR_Drum_Loops -> KSHMR_Drum_Loops_Full -> KSHMR_Vintage_Soul_Loops	KSHMR_Vintage_Soul_Loop_20_124	
Splice Sounds	Sounds of KSHMR Vol. 3	KSHMR_Drums -> KSHMR_Drum_Loops -> KSHMR_Drum_Loops_Full -> KSHMR_Vintage_Soul_Loops	KSHMR_Vintage_Soul_Loop_21_128	
Splice Sounds	Sounds of KSHMR Vol. 3	KSHMR_Drums -> KSHMR_Drum_Loops -> KSHMR_Drum_Loops_Solo -> KSHMR_Hand_Clap_Loops	KSHMR_Hand_Clap_Loop_01_100	
Splice Sounds	Sounds of KSHMR Vol. 3	KSHMR_Drums -> KSHMR_Drum_Loops -> KSHMR_Drum_Loops_Solo -> KSHMR_Hand_Clap_Loops	KSHMR_Hand_Clap_Loop_02_100	
Splice Sounds	Sounds of KSHMR Vol. 3	KSHMR_Drums -> KSHMR_Drum_Loops -> KSHMR_Drum_Loops_Solo -> KSHMR_Hand_Clap_Loops	KSHMR_Hand_Clap_Loop_03_110	
Splice Sounds	Sounds of KSHMR Vol. 3	KSHMR_Drums -> KSHMR_Drum_Loops -> KSHMR_Drum_Loops_Solo -> KSHMR_Hand_Clap_Loops	KSHMR_Hand_Clap_Loop_04_110	
Splice Sounds	Sounds of KSHMR Vol. 3	KSHMR_Drums -> KSHMR_Drum_Loops -> KSHMR_Drum_Loops_Solo -> KSHMR_Hand_Clap_Loops	KSHMR_Hand_Clap_Loop_05_112	
Splice Sounds	Sounds of KSHMR Vol. 3	KSHMR_Drums -> KSHMR_Drum_Loops -> KSHMR_Drum_Loops_Solo -> KSHMR_Hand_Clap_Loops	KSHMR_Hand_Clap_Loop_06_115	
Splice Sounds	Sounds of KSHMR Vol. 3	KSHMR_Drums -> KSHMR_Drum_Loops -> KSHMR_Drum_Loops_Solo -> KSHMR_Hand_Clap_Loops	KSHMR_Hand_Clap_Loop_07_128	
Splice Sounds	Sounds of KSHMR Vol. 3	KSHMR_Drums -> KSHMR_Drum_Loops -> KSHMR_Drum_Loops_Solo -> KSHMR_Hand_Clap_Loops	KSHMR_Hand_Clap_Loop_08_128	
Splice Sounds	Sounds of KSHMR Vol. 3	KSHMR_Drums -> KSHMR_Drum_Loops -> KSHMR_Drum_Loops_Solo -> KSHMR_Hand_Clap_Loops	KSHMR_Hand_Clap_Loop_09_128	
Splice Sounds	Sounds of KSHMR Vol. 3	KSHMR_Drums -> KSHMR_Drum_Loops -> KSHMR_Drum_Loops_Solo -> KSHMR_Hand_Clap_Loops	KSHMR_Hand_Clap_Loop_10_128	
Splice Sounds	Sounds of KSHMR Vol. 3	KSHMR_Drums -> KSHMR_Drum_Loops -> KSHMR_Drum_Loops_Solo -> KSHMR_Hand_Clap_Loops	KSHMR_Hand_Clap_Loop_11_128	
Splice Sounds	Sounds of KSHMR Vol. 3	KSHMR_Drums -> KSHMR_Drum_Loops -> KSHMR_Drum_Loops_Solo -> KSHMR_Hand_Clap_Loops	KSHMR_Hand_Clap_Loop_12_128	
Splice Sounds	Sounds of KSHMR Vol. 3	KSHMR_Drums -> KSHMR_Drum_Loops -> KSHMR_Drum_Loops_Solo -> KSHMR_Hand_Clap_Loops	KSHMR_Hand_Clap_Loop_13_140	
Splice Sounds	Sounds of KSHMR Vol. 3	KSHMR_Drums -> KSHMR_Drum_Loops -> KSHMR_Drum_Loops_Solo -> KSHMR_Hand_Clap_Loops	KSHMR_Hand_Clap_Loop_14_150	
Splice Sounds	Sounds of KSHMR Vol. 3	KSHMR_Drums -> KSHMR_Drum_Loops -> KSHMR_Drum_Loops_Solo -> KSHMR_Hihat_and_Cymbal_Loops -> KSHMR_Acoustic_Hat_Loops	KSHMR_Acoustic_Hat_Loop_01_100	
Splice Sounds	Sounds of KSHMR Vol. 3	KSHMR_Drums -> KSHMR_Drum_Loops -> KSHMR_Drum_Loops_Solo -> KSHMR_Hihat_and_Cymbal_Loops -> KSHMR_Acoustic_Hat_Loops	KSHMR_Acoustic_Hat_Loop_02_100	
Splice Sounds	Sounds of KSHMR Vol. 3	KSHMR_Drums -> KSHMR_Drum_Loops -> KSHMR_Drum_Loops_Solo -> KSHMR_Hihat_and_Cymbal_Loops -> KSHMR_Acoustic_Hat_Loops	KSHMR_Acoustic_Hat_Loop_03_100	
Splice Sounds	Sounds of KSHMR Vol. 3	KSHMR_Drums -> KSHMR_Drum_Loops -> KSHMR_Drum_Loops_Solo -> KSHMR_Hihat_and_Cymbal_Loops -> KSHMR_Acoustic_Hat_Loops	KSHMR_Acoustic_Hat_Loop_04_100	
Splice Sounds	Sounds of KSHMR Vol. 3	KSHMR_Drums -> KSHMR_Drum_Loops -> KSHMR_Drum_Loops_Solo -> KSHMR_Hihat_and_Cymbal_Loops -> KSHMR_Acoustic_Hat_Loops	KSHMR_Acoustic_Hat_Loop_05_100	
Splice Sounds	Sounds of KSHMR Vol. 3	KSHMR_Drums -> KSHMR_Drum_Loops -> KSHMR_Drum_Loops_Solo -> KSHMR_Hihat_and_Cymbal_Loops -> KSHMR_Acoustic_Hat_Loops	KSHMR_Acoustic_Hat_Loop_06_100	
Splice Sounds	Sounds of KSHMR Vol. 3	KSHMR_Drums -> KSHMR_Drum_Loops -> KSHMR_Drum_Loops_Solo -> KSHMR_Hihat_and_Cymbal_Loops -> KSHMR_Acoustic_Hat_Loops	KSHMR_Acoustic_Hat_Loop_07_100	
Splice Sounds	Sounds of KSHMR Vol. 3	KSHMR_Drums -> KSHMR_Drum_Loops -> KSHMR_Drum_Loops_Solo -> KSHMR_Hihat_and_Cymbal_Loops -> KSHMR_Acoustic_Hat_Loops	KSHMR_Acoustic_Hat_Loop_08_100	
Splice Sounds	Sounds of KSHMR Vol. 3	KSHMR_Drums -> KSHMR_Drum_Loops -> KSHMR_Drum_Loops_Solo -> KSHMR_Hihat_and_Cymbal_Loops -> KSHMR_Acoustic_Hat_Loops	KSHMR_Acoustic_Hat_Loop_09_100	
Splice Sounds	Sounds of KSHMR Vol. 3	KSHMR_Drums -> KSHMR_Drum_Loops -> KSHMR_Drum_Loops_Solo -> KSHMR_Hihat_and_Cymbal_Loops -> KSHMR_Acoustic_Hat_Loops	KSHMR_Acoustic_Hat_Loop_10_100	
Splice Sounds	Sounds of KSHMR Vol. 3	KSHMR_Drums -> KSHMR_Drum_Loops -> KSHMR_Drum_Loops_Solo -> KSHMR_Hihat_and_Cymbal_Loops -> KSHMR_Acoustic_Hat_Loops	KSHMR_Acoustic_Hat_Loop_11_100	
Splice Sounds	Sounds of KSHMR Vol. 3	KSHMR_Drums -> KSHMR_Drum_Loops -> KSHMR_Drum_Loops_Solo -> KSHMR_Hihat_and_Cymbal_Loops -> KSHMR_Acoustic_Hat_Loops	KSHMR_Acoustic_Hat_Loop_12_110	
Splice Sounds	Sounds of KSHMR Vol. 3	KSHMR_Drums -> KSHMR_Drum_Loops -> KSHMR_Drum_Loops_Solo -> KSHMR_Hihat_and_Cymbal_Loops -> KSHMR_Acoustic_Hat_Loops	KSHMR_Acoustic_Hat_Loop_13_120	
Splice Sounds	Sounds of KSHMR Vol. 3	KSHMR_Drums -> KSHMR_Drum_Loops -> KSHMR_Drum_Loops_Solo -> KSHMR_Hihat_and_Cymbal_Loops -> KSHMR_Acoustic_Hat_Loops	KSHMR_Acoustic_Hat_Loop_14_120	
Splice Sounds	Sounds of KSHMR Vol. 3	KSHMR_Drums -> KSHMR_Drum_Loops -> KSHMR_Drum_Loops_Solo -> KSHMR_Hihat_and_Cymbal_Loops -> KSHMR_Acoustic_Hat_Loops	KSHMR_Acoustic_Hat_Loop_15_123	
Splice Sounds	Sounds of KSHMR Vol. 3	KSHMR_Drums -> KSHMR_Drum_Loops -> KSHMR_Drum_Loops_Solo -> KSHMR_Hihat_and_Cymbal_Loops -> KSHMR_Acoustic_Hat_Loops	KSHMR_Acoustic_Hat_Loop_16_135	
Splice Sounds	Sounds of KSHMR Vol. 3	KSHMR_Drums -> KSHMR_Drum_Loops -> KSHMR_Drum_Loops_Solo -> KSHMR_Hihat_and_Cymbal_Loops -> KSHMR_Acoustic_Hat_Loops	KSHMR_Acoustic_Hat_Loop_17_160	
Splice Sounds	Sounds of KSHMR Vol. 3	KSHMR_Drums -> KSHMR_Drum_Loops -> KSHMR_Drum_Loops_Solo -> KSHMR_Hihat_and_Cymbal_Loops -> KSHMR_Acoustic_Hat_Loops	KSHMR_Acoustic_Hat_Loop_18_160	
Splice Sounds	Sounds of KSHMR Vol. 3	KSHMR_Drums -> KSHMR_Drum_Loops -> KSHMR_Drum_Loops_Solo -> KSHMR_Hihat_and_Cymbal_Loops -> KSHMR_Cymbal_Loops	KSHMR_Cymbal_Loop_01_110_Ride	
Splice Sounds	Sounds of KSHMR Vol. 3	KSHMR_Drums -> KSHMR_Drum_Loops -> KSHMR_Drum_Loops_Solo -> KSHMR_Hihat_and_Cymbal_Loops -> KSHMR_Cymbal_Loops	KSHMR_Cymbal_Loop_02_110_Hand_Cymbals	
Splice Sounds	Sounds of KSHMR Vol. 3	KSHMR_Drums -> KSHMR_Drum_Loops -> KSHMR_Drum_Loops_Solo -> KSHMR_Hihat_and_Cymbal_Loops -> KSHMR_Cymbal_Loops	KSHMR_Cymbal_Loop_03_128_Cymbal	
Splice Sounds	Sounds of KSHMR Vol. 3	KSHMR_Drums -> KSHMR_Drum_Loops -> KSHMR_Drum_Loops_Solo -> KSHMR_Hihat_and_Cymbal_Loops -> KSHMR_Cymbal_Loops	KSHMR_Cymbal_Loop_04_140_Cymbals	
Splice Sounds	Sounds of KSHMR Vol. 3	KSHMR_Drums -> KSHMR_Drum_Loops -> KSHMR_Drum_Loops_Solo -> KSHMR_Hihat_and_Cymbal_Loops -> KSHMR_Cymbal_Loops	KSHMR_Cymbal_Loop_05_152_Hats_and_Cymbals	
Splice Sounds	Sounds of KSHMR Vol. 3	KSHMR_Drums -> KSHMR_Drum_Loops -> KSHMR_Drum_Loops_Solo -> KSHMR_Hihat_and_Cymbal_Loops -> KSHMR_Trap_Hat_Loops	KSHMR_Trap_Hat_Loop_01_100	
Splice Sounds	Sounds of KSHMR Vol. 3	KSHMR_Drums -> KSHMR_Drum_Loops -> KSHMR_Drum_Loops_Solo -> KSHMR_Hihat_and_Cymbal_Loops -> KSHMR_Trap_Hat_Loops	KSHMR_Trap_Hat_Loop_02_100	
Splice Sounds	Sounds of KSHMR Vol. 3	KSHMR_Drums -> KSHMR_Drum_Loops -> KSHMR_Drum_Loops_Solo -> KSHMR_Hihat_and_Cymbal_Loops -> KSHMR_Trap_Hat_Loops	KSHMR_Trap_Hat_Loop_03_112	
Splice Sounds	Sounds of KSHMR Vol. 3	KSHMR_Drums -> KSHMR_Drum_Loops -> KSHMR_Drum_Loops_Solo -> KSHMR_Hihat_and_Cymbal_Loops -> KSHMR_Trap_Hat_Loops	KSHMR_Trap_Hat_Loop_04_125	
Splice Sounds	Sounds of KSHMR Vol. 3	KSHMR_Drums -> KSHMR_Drum_Loops -> KSHMR_Drum_Loops_Solo -> KSHMR_Hihat_and_Cymbal_Loops -> KSHMR_Trap_Hat_Loops	KSHMR_Trap_Hat_Loop_05_128	
Splice Sounds	Sounds of KSHMR Vol. 3	KSHMR_Drums -> KSHMR_Drum_Loops -> KSHMR_Drum_Loops_Solo -> KSHMR_Hihat_and_Cymbal_Loops -> KSHMR_Trap_Hat_Loops	KSHMR_Trap_Hat_Loop_06_140	
Splice Sounds	Sounds of KSHMR Vol. 3	KSHMR_Drums -> KSHMR_Drum_Loops -> KSHMR_Drum_Loops_Solo -> KSHMR_Hihat_and_Cymbal_Loops -> KSHMR_Trap_Hat_Loops	KSHMR_Trap_Hat_Loop_07_140	
Splice Sounds	Sounds of KSHMR Vol. 3	KSHMR_Drums -> KSHMR_Drum_Loops -> KSHMR_Drum_Loops_Solo -> KSHMR_Hihat_and_Cymbal_Loops -> KSHMR_Trap_Hat_Loops	KSHMR_Trap_Hat_Loop_08_140	
Splice Sounds	Sounds of KSHMR Vol. 3	KSHMR_Drums -> KSHMR_Drum_Loops -> KSHMR_Drum_Loops_Solo -> KSHMR_Hihat_and_Cymbal_Loops -> KSHMR_Trap_Hat_Loops	KSHMR_Trap_Hat_Loop_09_140	
Splice Sounds	Sounds of KSHMR Vol. 3	KSHMR_Drums -> KSHMR_Drum_Loops -> KSHMR_Drum_Loops_Solo -> KSHMR_Hihat_and_Cymbal_Loops -> KSHMR_Trap_Hat_Loops	KSHMR_Trap_Hat_Loop_10_150	
Splice Sounds	Sounds of KSHMR Vol. 3	KSHMR_Drums -> KSHMR_Drum_Loops -> KSHMR_Drum_Loops_Solo -> KSHMR_Hihat_and_Cymbal_Loops -> KSHMR_Trap_Hat_Loops	KSHMR_Trap_Hat_Loop_11_150	
Splice Sounds	Sounds of KSHMR Vol. 3	KSHMR_Drums -> KSHMR_Drum_Loops -> KSHMR_Drum_Loops_Solo -> KSHMR_Hihat_and_Cymbal_Loops -> KSHMR_Trap_Hat_Loops	KSHMR_Trap_Hat_Loop_12_150	
Splice Sounds	Sounds of KSHMR Vol. 3	KSHMR_Drums -> KSHMR_Drum_Loops -> KSHMR_Drum_Loops_Solo -> KSHMR_Hihat_and_Cymbal_Loops -> KSHMR_Trap_Hat_Loops	KSHMR_Trap_Hat_Loop_13_150	
Splice Sounds	Sounds of KSHMR Vol. 3	KSHMR_Drums -> KSHMR_Drum_Loops -> KSHMR_Drum_Loops_Solo -> KSHMR_Hihat_and_Cymbal_Loops -> KSHMR_Trap_Hat_Loops	KSHMR_Trap_Hat_Loop_14_160	
Splice Sounds	Sounds of KSHMR Vol. 3	KSHMR_Drums -> KSHMR_Drum_Loops -> KSHMR_Drum_Loops_Solo -> KSHMR_Hihat_and_Cymbal_Loops -> KSHMR_Trap_Hat_Loops	KSHMR_Trap_Hat_Loop_15_160	
Splice Sounds	Sounds of KSHMR Vol. 3	KSHMR_Drums -> KSHMR_Drum_Loops -> KSHMR_Drum_Loops_Solo -> KSHMR_Hihat_and_Cymbal_Loops -> KSHMR_Trap_Hat_Loops	KSHMR_Trap_Hat_Loop_16_170	
Splice Sounds	Sounds of KSHMR Vol. 3	KSHMR_Drums -> KSHMR_Drum_Loops -> KSHMR_Drum_Loops_Solo -> KSHMR_Hihat_and_Cymbal_Loops -> KSHMR_Trap_Hat_Loops	KSHMR_Trap_Hat_Loop_17_174	
Splice Sounds	Sounds of KSHMR Vol. 3	KSHMR_Drums -> KSHMR_Drum_Loops -> KSHMR_Drum_Loops_Solo -> KSHMR_Marching_Band_Snare_Loops	KSHMR_Marching_Snare_Loop_01_95	
Splice Sounds	Sounds of KSHMR Vol. 3	KSHMR_Drums -> KSHMR_Drum_Loops -> KSHMR_Drum_Loops_Solo -> KSHMR_Marching_Band_Snare_Loops	KSHMR_Marching_Snare_Loop_02_95	
Splice Sounds	Sounds of KSHMR Vol. 3	KSHMR_Drums -> KSHMR_Drum_Loops -> KSHMR_Drum_Loops_Solo -> KSHMR_Marching_Band_Snare_Loops	KSHMR_Marching_Snare_Loop_03_95	
Splice Sounds	Sounds of KSHMR Vol. 3	KSHMR_Drums -> KSHMR_Drum_Loops -> KSHMR_Drum_Loops_Solo -> KSHMR_Marching_Band_Snare_Loops	KSHMR_Marching_Snare_Loop_05_95	
Splice Sounds	Sounds of KSHMR Vol. 3	KSHMR_Drums -> KSHMR_Drum_Loops -> KSHMR_Drum_Loops_Solo -> KSHMR_Marching_Band_Snare_Loops	KSHMR_Marching_Snare_Loop_06_100	
Splice Sounds	Sounds of KSHMR Vol. 3	KSHMR_Drums -> KSHMR_Drum_Loops -> KSHMR_Drum_Loops_Solo -> KSHMR_Marching_Band_Snare_Loops	KSHMR_Marching_Snare_Loop_07_100	
Splice Sounds	Sounds of KSHMR Vol. 3	KSHMR_Drums -> KSHMR_Drum_Loops -> KSHMR_Drum_Loops_Solo -> KSHMR_Marching_Band_Snare_Loops	KSHMR_Marching_Snare_Loop_08_108	
Splice Sounds	Sounds of KSHMR Vol. 3	KSHMR_Drums -> KSHMR_Drum_Loops -> KSHMR_Drum_Loops_Solo -> KSHMR_Marching_Band_Snare_Loops	KSHMR_Marching_Snare_Loop_09_112	
Splice Sounds	Sounds of KSHMR Vol. 3	KSHMR_Drums -> KSHMR_Drum_Loops -> KSHMR_Drum_Loops_Solo -> KSHMR_Marching_Band_Snare_Loops	KSHMR_Marching_Snare_Loop_10_114	
Splice Sounds	Sounds of KSHMR Vol. 3	KSHMR_Drums -> KSHMR_Drum_Loops -> KSHMR_Drum_Loops_Solo -> KSHMR_Marching_Band_Snare_Loops	KSHMR_Marching_Snare_Loop_11_115_Snare	
Splice Sounds	Sounds of KSHMR Vol. 3	KSHMR_Drums -> KSHMR_Drum_Loops -> KSHMR_Drum_Loops_Solo -> KSHMR_Marching_Band_Snare_Loops	KSHMR_Marching_Snare_Loop_12_116	
Splice Sounds	Sounds of KSHMR Vol. 3	KSHMR_Drums -> KSHMR_Drum_Loops -> KSHMR_Drum_Loops_Solo -> KSHMR_Marching_Band_Snare_Loops	KSHMR_Marching_Snare_Loop_13_122	
Splice Sounds	Sounds of KSHMR Vol. 3	KSHMR_Drums -> KSHMR_Drum_Loops -> KSHMR_Drum_Loops_Solo -> KSHMR_Marching_Band_Snare_Loops	KSHMR_Marching_Snare_Loop_14_128	
Splice Sounds	Sounds of KSHMR Vol. 3	KSHMR_Drums -> KSHMR_Drum_Loops -> KSHMR_Drum_Loops_Solo -> KSHMR_Marching_Band_Snare_Loops	KSHMR_Marching_Snare_Loop_16_128	
Splice Sounds	Sounds of KSHMR Vol. 3	KSHMR_Drums -> KSHMR_Drum_Loops -> KSHMR_Drum_Loops_Solo -> KSHMR_Marching_Band_Snare_Loops	KSHMR_Marching_Snare_Loop_17_128	
Splice Sounds	Sounds of KSHMR Vol. 3	KSHMR_Drums -> KSHMR_Drum_Loops -> KSHMR_Drum_Loops_Solo -> KSHMR_Marching_Band_Snare_Loops	KSHMR_Marching_Snare_Loop_18_128	
Splice Sounds	Sounds of KSHMR Vol. 3	KSHMR_Drums -> KSHMR_Drum_Loops -> KSHMR_Drum_Loops_Solo -> KSHMR_Marching_Band_Snare_Loops	KSHMR_Marching_Snare_Loop_19_128	
Splice Sounds	Sounds of KSHMR Vol. 3	KSHMR_Drums -> KSHMR_Drum_Loops -> KSHMR_Drum_Loops_Solo -> KSHMR_Marching_Band_Snare_Loops	KSHMR_Marching_Snare_Loop_20_128	
Splice Sounds	Sounds of KSHMR Vol. 3	KSHMR_Drums -> KSHMR_Drum_Loops -> KSHMR_Drum_Loops_Solo -> KSHMR_Marching_Band_Snare_Loops	KSHMR_Marching_Snare_Loop_21_128	
Splice Sounds	Sounds of KSHMR Vol. 3	KSHMR_Drums -> KSHMR_Drum_Loops -> KSHMR_Drum_Loops_Solo -> KSHMR_Marching_Band_Snare_Loops	KSHMR_Marching_Snare_Loop_23_140	
Splice Sounds	Sounds of KSHMR Vol. 3	KSHMR_Drums -> KSHMR_Drum_Loops -> KSHMR_Drum_Loops_Solo -> KSHMR_Marching_Band_Snare_Loops	KSHMR_Marching_Snare_Loop_25_152	
Splice Sounds	Sounds of KSHMR Vol. 3	KSHMR_Drums -> KSHMR_Drum_Loops -> KSHMR_Drum_Loops_Solo -> KSHMR_Marching_Band_Snare_Loops	KSHMR_Marching_Snare_Loop_26_152	
Splice Sounds	Sounds of KSHMR Vol. 3	KSHMR_Drums -> KSHMR_Drum_Loops -> KSHMR_Drum_Loops_Solo -> KSHMR_Marching_Band_Snare_Loops	KSHMR_Marching_Snare_Loop_27_152	
Splice Sounds	Sounds of KSHMR Vol. 3	KSHMR_Drums -> KSHMR_Drum_Loops -> KSHMR_Drum_Loops_Solo -> KSHMR_Marching_Band_Snare_Loops	KSHMR_Marching_Snare_Loop_28_154	
Splice Sounds	Sounds of KSHMR Vol. 3	KSHMR_Drums -> KSHMR_Drum_Loops -> KSHMR_Drum_Loops_Solo -> KSHMR_Shaker_Loops	KSHMR_Shaker_Loop_01_100	
Splice Sounds	Sounds of KSHMR Vol. 3	KSHMR_Drums -> KSHMR_Drum_Loops -> KSHMR_Drum_Loops_Solo -> KSHMR_Shaker_Loops	KSHMR_Shaker_Loop_02_100	
Splice Sounds	Sounds of KSHMR Vol. 3	KSHMR_Drums -> KSHMR_Drum_Loops -> KSHMR_Drum_Loops_Solo -> KSHMR_Shaker_Loops	KSHMR_Shaker_Loop_03_100	
Splice Sounds	Sounds of KSHMR Vol. 3	KSHMR_Drums -> KSHMR_Drum_Loops -> KSHMR_Drum_Loops_Solo -> KSHMR_Shaker_Loops	KSHMR_Shaker_Loop_04_100	
Splice Sounds	Sounds of KSHMR Vol. 3	KSHMR_Drums -> KSHMR_Drum_Loops -> KSHMR_Drum_Loops_Solo -> KSHMR_Shaker_Loops	KSHMR_Shaker_Loop_05_100	
Splice Sounds	Sounds of KSHMR Vol. 3	KSHMR_Drums -> KSHMR_Drum_Loops -> KSHMR_Drum_Loops_Solo -> KSHMR_Shaker_Loops	KSHMR_Shaker_Loop_06_100	
Splice Sounds	Sounds of KSHMR Vol. 3	KSHMR_Drums -> KSHMR_Drum_Loops -> KSHMR_Drum_Loops_Solo -> KSHMR_Shaker_Loops	KSHMR_Shaker_Loop_07_100	
Splice Sounds	Sounds of KSHMR Vol. 3	KSHMR_Drums -> KSHMR_Drum_Loops -> KSHMR_Drum_Loops_Solo -> KSHMR_Shaker_Loops	KSHMR_Shaker_Loop_08_100	
Splice Sounds	Sounds of KSHMR Vol. 3	KSHMR_Drums -> KSHMR_Drum_Loops -> KSHMR_Drum_Loops_Solo -> KSHMR_Shaker_Loops	KSHMR_Shaker_Loop_09_100	
Splice Sounds	Sounds of KSHMR Vol. 3	KSHMR_Drums -> KSHMR_Drum_Loops -> KSHMR_Drum_Loops_Solo -> KSHMR_Shaker_Loops	KSHMR_Shaker_Loop_10_100	
Splice Sounds	Sounds of KSHMR Vol. 3	KSHMR_Drums -> KSHMR_Drum_Loops -> KSHMR_Drum_Loops_Solo -> KSHMR_Shaker_Loops	KSHMR_Shaker_Loop_11_120	
Splice Sounds	Sounds of KSHMR Vol. 3	KSHMR_Drums -> KSHMR_Drum_Loops -> KSHMR_Drum_Loops_Solo -> KSHMR_Shaker_Loops	KSHMR_Shaker_Loop_12_122	
Splice Sounds	Sounds of KSHMR Vol. 3	KSHMR_Drums -> KSHMR_Drum_Loops -> KSHMR_Drum_Loops_Solo -> KSHMR_Shaker_Loops	KSHMR_Shaker_Loop_13_123	
Splice Sounds	Sounds of KSHMR Vol. 3	KSHMR_Drums -> KSHMR_Drum_Loops -> KSHMR_Drum_Loops_Solo -> KSHMR_Shaker_Loops	KSHMR_Shaker_Loop_14_128	
Splice Sounds	Sounds of KSHMR Vol. 3	KSHMR_Drums -> KSHMR_Drum_Loops -> KSHMR_Drum_Loops_Solo -> KSHMR_Shaker_Loops	KSHMR_Shaker_Loop_15_128	
Splice Sounds	Sounds of KSHMR Vol. 3	KSHMR_Drums -> KSHMR_Drum_Loops -> KSHMR_Drum_Loops_Solo -> KSHMR_Shaker_Loops	KSHMR_Shaker_Loop_16_128	
Splice Sounds	Sounds of KSHMR Vol. 3	KSHMR_Drums -> KSHMR_Drum_Loops -> KSHMR_Drum_Loops_Solo -> KSHMR_Shaker_Loops	KSHMR_Shaker_Loop_17_128	
Splice Sounds	Sounds of KSHMR Vol. 3	KSHMR_Drums -> KSHMR_Drum_Loops -> KSHMR_Drum_Loops_Solo -> KSHMR_Shaker_Loops	KSHMR_Shaker_Loop_18_128	
Splice Sounds	Sounds of KSHMR Vol. 3	KSHMR_Drums -> KSHMR_Drum_Loops -> KSHMR_Drum_Loops_Solo -> KSHMR_Shaker_Loops	KSHMR_Shaker_Loop_19_128	
Splice Sounds	Sounds of KSHMR Vol. 3	KSHMR_Drums -> KSHMR_Drum_Loops -> KSHMR_Drum_Loops_Solo -> KSHMR_Shaker_Loops	KSHMR_Shaker_Loop_20_128	
Splice Sounds	Sounds of KSHMR Vol. 3	KSHMR_Drums -> KSHMR_Drum_Loops -> KSHMR_Drum_Loops_Solo -> KSHMR_Shaker_Loops	KSHMR_Shaker_Loop_21_128	
Splice Sounds	Sounds of KSHMR Vol. 3	KSHMR_Drums -> KSHMR_Drum_Loops -> KSHMR_Drum_Loops_Solo -> KSHMR_Shaker_Loops	KSHMR_Shaker_Loop_22_128	
Splice Sounds	Sounds of KSHMR Vol. 3	KSHMR_Drums -> KSHMR_Drum_Loops -> KSHMR_Drum_Loops_Solo -> KSHMR_Shaker_Loops	KSHMR_Shaker_Loop_23_128	
Splice Sounds	Sounds of KSHMR Vol. 3	KSHMR_Drums -> KSHMR_Drum_Loops -> KSHMR_Drum_Loops_Solo -> KSHMR_Shaker_Loops	KSHMR_Shaker_Loop_24_128	
Splice Sounds	Sounds of KSHMR Vol. 3	KSHMR_Drums -> KSHMR_Drum_Loops -> KSHMR_Drum_Loops_Solo -> KSHMR_Shaker_Loops	KSHMR_Shaker_Loop_25_128	
Splice Sounds	Sounds of KSHMR Vol. 3	KSHMR_Drums -> KSHMR_Drum_Loops -> KSHMR_Drum_Loops_Solo -> KSHMR_Shaker_Loops	KSHMR_Shaker_Loop_26_128	
Splice Sounds	Sounds of KSHMR Vol. 3	KSHMR_Drums -> KSHMR_Drum_Loops -> KSHMR_Drum_Loops_Solo -> KSHMR_Shaker_Loops	KSHMR_Shaker_Loop_27_130	
Splice Sounds	Sounds of KSHMR Vol. 3	KSHMR_Drums -> KSHMR_Drum_Loops -> KSHMR_Drum_Loops_Solo -> KSHMR_Shaker_Loops	KSHMR_Shaker_Loop_28_140	
Splice Sounds	Sounds of KSHMR Vol. 3	KSHMR_Drums -> KSHMR_Drum_Loops -> KSHMR_Drum_Loops_Solo -> KSHMR_Snare_Drum_Loops	KSHMR_Snare_Loop_01_110	
Splice Sounds	Sounds of KSHMR Vol. 3	KSHMR_Drums -> KSHMR_Drum_Loops -> KSHMR_Drum_Loops_Solo -> KSHMR_Snare_Drum_Loops	KSHMR_Snare_Loop_02_126	
Splice Sounds	Sounds of KSHMR Vol. 3	KSHMR_Drums -> KSHMR_Drum_Loops -> KSHMR_Drum_Loops_Solo -> KSHMR_Snare_Drum_Loops	KSHMR_Snare_Loop_03_128	
Splice Sounds	Sounds of KSHMR Vol. 3	KSHMR_Drums -> KSHMR_Drum_Loops -> KSHMR_Drum_Loops_Solo -> KSHMR_Snare_Drum_Loops	KSHMR_Snare_Loop_04_128	
Splice Sounds	Sounds of KSHMR Vol. 3	KSHMR_Drums -> KSHMR_Drum_Loops -> KSHMR_Drum_Loops_Solo -> KSHMR_Snare_Drum_Loops	KSHMR_Snare_Loop_05_128	
Splice Sounds	Sounds of KSHMR Vol. 3	KSHMR_Drums -> KSHMR_Drum_Loops -> KSHMR_Drum_Loops_Solo -> KSHMR_Snare_Drum_Loops	KSHMR_Snare_Loop_06_130	
Splice Sounds	Sounds of KSHMR Vol. 3	KSHMR_Drums -> KSHMR_Drum_Loops -> KSHMR_Drum_Loops_Solo -> KSHMR_Snare_Drum_Loops	KSHMR_Snare_Loop_07_130	
Splice Sounds	Sounds of KSHMR Vol. 3	KSHMR_Drums -> KSHMR_Drum_Loops -> KSHMR_Drum_Loops_Solo -> KSHMR_Tambourine_Loops	KSHMR_Tambourine_Loop_01_90	
Splice Sounds	Sounds of KSHMR Vol. 3	KSHMR_Drums -> KSHMR_Drum_Loops -> KSHMR_Drum_Loops_Solo -> KSHMR_Tambourine_Loops	KSHMR_Tambourine_Loop_02_100	
Splice Sounds	Sounds of KSHMR Vol. 3	KSHMR_Drums -> KSHMR_Drum_Loops -> KSHMR_Drum_Loops_Solo -> KSHMR_Tambourine_Loops	KSHMR_Tambourine_Loop_03_100	
Splice Sounds	Sounds of KSHMR Vol. 3	KSHMR_Drums -> KSHMR_Drum_Loops -> KSHMR_Drum_Loops_Solo -> KSHMR_Tambourine_Loops	KSHMR_Tambourine_Loop_04_100	
Splice Sounds	Sounds of KSHMR Vol. 3	KSHMR_Drums -> KSHMR_Drum_Loops -> KSHMR_Drum_Loops_Solo -> KSHMR_Tambourine_Loops	KSHMR_Tambourine_Loop_05_100	
Splice Sounds	Sounds of KSHMR Vol. 3	KSHMR_Drums -> KSHMR_Drum_Loops -> KSHMR_Drum_Loops_Solo -> KSHMR_Tambourine_Loops	KSHMR_Tambourine_Loop_06_100	
Splice Sounds	Sounds of KSHMR Vol. 3	KSHMR_Drums -> KSHMR_Drum_Loops -> KSHMR_Drum_Loops_Solo -> KSHMR_Tambourine_Loops	KSHMR_Tambourine_Loop_07_110	
Splice Sounds	Sounds of KSHMR Vol. 3	KSHMR_Drums -> KSHMR_Drum_Loops -> KSHMR_Drum_Loops_Solo -> KSHMR_Tambourine_Loops	KSHMR_Tambourine_Loop_08_115	
Splice Sounds	Sounds of KSHMR Vol. 3	KSHMR_Drums -> KSHMR_Drum_Loops -> KSHMR_Drum_Loops_Solo -> KSHMR_Tambourine_Loops	KSHMR_Tambourine_Loop_09_115	
Splice Sounds	Sounds of KSHMR Vol. 3	KSHMR_Drums -> KSHMR_Drum_Loops -> KSHMR_Drum_Loops_Solo -> KSHMR_Tambourine_Loops	KSHMR_Tambourine_Loop_10_123	
Splice Sounds	Sounds of KSHMR Vol. 3	KSHMR_Drums -> KSHMR_Drum_Loops -> KSHMR_Drum_Loops_Solo -> KSHMR_Tambourine_Loops	KSHMR_Tambourine_Loop_11_128	
Splice Sounds	Sounds of KSHMR Vol. 3	KSHMR_Drums -> KSHMR_Drum_Loops -> KSHMR_Drum_Loops_Solo -> KSHMR_Tambourine_Loops	KSHMR_Tambourine_Loop_12_128	
Splice Sounds	Sounds of KSHMR Vol. 3	KSHMR_Drums -> KSHMR_Drum_Loops -> KSHMR_Drum_Loops_Solo -> KSHMR_Tambourine_Loops	KSHMR_Tambourine_Loop_13_128	
Splice Sounds	Sounds of KSHMR Vol. 3	KSHMR_Drums -> KSHMR_Drum_Loops -> KSHMR_Drum_Loops_Solo -> KSHMR_Tambourine_Loops	KSHMR_Tambourine_Loop_14_128	
Splice Sounds	Sounds of KSHMR Vol. 3	KSHMR_Drums -> KSHMR_Drum_Loops -> KSHMR_Drum_Loops_Solo -> KSHMR_Tambourine_Loops	KSHMR_Tambourine_Loop_15_128	
Splice Sounds	Sounds of KSHMR Vol. 3	KSHMR_Drums -> KSHMR_Drum_Loops -> KSHMR_Drum_Loops_Solo -> KSHMR_Tambourine_Loops	KSHMR_Tambourine_Loop_16_140	
Splice Sounds	Sounds of KSHMR Vol. 3	KSHMR_Drums -> KSHMR_Drum_Loops -> KSHMR_Drum_Loops_Solo -> KSHMR_Tambourine_Loops	KSHMR_Tambourine_Loop_17_140	
Splice Sounds	Sounds of KSHMR Vol. 3	KSHMR_Drums -> KSHMR_Drum_Loops -> KSHMR_Drum_Loops_Solo -> KSHMR_Tambourine_Loops	KSHMR_Tambourine_Loop_18_140	
Splice Sounds	Sounds of KSHMR Vol. 3	KSHMR_Drums -> KSHMR_Drum_One_shots -> KSHMR_Acoustic_Drums -> KSHMR_Acoustic_Cymbals -> KSHMR_Crashes	KSHMR_Acoustic_Crash_01	
Splice Sounds	Sounds of KSHMR Vol. 3	KSHMR_Drums -> KSHMR_Drum_One_shots -> KSHMR_Acoustic_Drums -> KSHMR_Acoustic_Cymbals -> KSHMR_Crashes	KSHMR_Acoustic_Crash_02	
Splice Sounds	Sounds of KSHMR Vol. 3	KSHMR_Drums -> KSHMR_Drum_One_shots -> KSHMR_Acoustic_Drums -> KSHMR_Acoustic_Cymbals -> KSHMR_Crashes	KSHMR_Acoustic_Crash_03	
Splice Sounds	Sounds of KSHMR Vol. 3	KSHMR_Drums -> KSHMR_Drum_One_shots -> KSHMR_Acoustic_Drums -> KSHMR_Acoustic_Cymbals -> KSHMR_Crashes	KSHMR_Acoustic_Crash_04	
Splice Sounds	Sounds of KSHMR Vol. 3	KSHMR_Drums -> KSHMR_Drum_One_shots -> KSHMR_Acoustic_Drums -> KSHMR_Acoustic_Cymbals -> KSHMR_Crashes	KSHMR_Acoustic_Crash_05	
Splice Sounds	Sounds of KSHMR Vol. 3	KSHMR_Drums -> KSHMR_Drum_One_shots -> KSHMR_Acoustic_Drums -> KSHMR_Acoustic_Cymbals -> KSHMR_Crashes	KSHMR_Acoustic_Crash_06	
Splice Sounds	Sounds of KSHMR Vol. 3	KSHMR_Drums -> KSHMR_Drum_One_shots -> KSHMR_Acoustic_Drums -> KSHMR_Acoustic_Cymbals -> KSHMR_Crashes	KSHMR_Acoustic_Crash_07	
Splice Sounds	Sounds of KSHMR Vol. 3	KSHMR_Drums -> KSHMR_Drum_One_shots -> KSHMR_Acoustic_Drums -> KSHMR_Acoustic_Cymbals -> KSHMR_Crashes	KSHMR_Acoustic_Crash_08	
Splice Sounds	Sounds of KSHMR Vol. 3	KSHMR_Drums -> KSHMR_Drum_One_shots -> KSHMR_Acoustic_Drums -> KSHMR_Acoustic_Cymbals -> KSHMR_Crashes	KSHMR_Acoustic_Crash_09	
Splice Sounds	Sounds of KSHMR Vol. 3	KSHMR_Drums -> KSHMR_Drum_One_shots -> KSHMR_Acoustic_Drums -> KSHMR_Acoustic_Cymbals -> KSHMR_Crashes	KSHMR_Acoustic_Crash_10	
Splice Sounds	Sounds of KSHMR Vol. 3	KSHMR_Drums -> KSHMR_Drum_One_shots -> KSHMR_Acoustic_Drums -> KSHMR_Acoustic_Cymbals -> KSHMR_Crashes	KSHMR_Acoustic_Crash_11	
Splice Sounds	Sounds of KSHMR Vol. 3	KSHMR_Drums -> KSHMR_Drum_One_shots -> KSHMR_Acoustic_Drums -> KSHMR_Acoustic_Cymbals -> KSHMR_Crashes	KSHMR_Acoustic_Crash_12	
Splice Sounds	Sounds of KSHMR Vol. 3	KSHMR_Drums -> KSHMR_Drum_One_shots -> KSHMR_Acoustic_Drums -> KSHMR_Acoustic_Cymbals -> KSHMR_Rides	KSHMR_Acoustic_Ride_01	
Splice Sounds	Sounds of KSHMR Vol. 3	KSHMR_Drums -> KSHMR_Drum_One_shots -> KSHMR_Acoustic_Drums -> KSHMR_Acoustic_Cymbals -> KSHMR_Rides	KSHMR_Acoustic_Ride_02	
Splice Sounds	Sounds of KSHMR Vol. 3	KSHMR_Drums -> KSHMR_Drum_One_shots -> KSHMR_Acoustic_Drums -> KSHMR_Acoustic_Cymbals -> KSHMR_Rides	KSHMR_Acoustic_Ride_03	
Splice Sounds	Sounds of KSHMR Vol. 3	KSHMR_Drums -> KSHMR_Drum_One_shots -> KSHMR_Acoustic_Drums -> KSHMR_Acoustic_Cymbals -> KSHMR_Rides	KSHMR_Acoustic_Ride_04	
Splice Sounds	Sounds of KSHMR Vol. 3	KSHMR_Drums -> KSHMR_Drum_One_shots -> KSHMR_Acoustic_Drums -> KSHMR_Acoustic_Cymbals -> KSHMR_Rides	KSHMR_Acoustic_Ride_05	
Splice Sounds	Sounds of KSHMR Vol. 3	KSHMR_Drums -> KSHMR_Drum_One_shots -> KSHMR_Acoustic_Drums -> KSHMR_Acoustic_Cymbals -> KSHMR_Rides	KSHMR_Acoustic_Ride_06	
Splice Sounds	Sounds of KSHMR Vol. 3	KSHMR_Drums -> KSHMR_Drum_One_shots -> KSHMR_Acoustic_Drums -> KSHMR_Acoustic_Cymbals -> KSHMR_Rides	KSHMR_Acoustic_Ride_07	
Splice Sounds	Sounds of KSHMR Vol. 3	KSHMR_Drums -> KSHMR_Drum_One_shots -> KSHMR_Acoustic_Drums -> KSHMR_Acoustic_Cymbals -> KSHMR_Rides	KSHMR_Acoustic_Ride_08	
Splice Sounds	Sounds of KSHMR Vol. 3	KSHMR_Drums -> KSHMR_Drum_One_shots -> KSHMR_Acoustic_Drums -> KSHMR_Acoustic_Cymbals -> KSHMR_Rides	KSHMR_Acoustic_Ride_09	
Splice Sounds	Sounds of KSHMR Vol. 3	KSHMR_Drums -> KSHMR_Drum_One_shots -> KSHMR_Acoustic_Drums -> KSHMR_Acoustic_Cymbals -> KSHMR_Rides	KSHMR_Acoustic_Ride_10	
Splice Sounds	Sounds of KSHMR Vol. 3	KSHMR_Drums -> KSHMR_Drum_One_shots -> KSHMR_Acoustic_Drums -> KSHMR_Acoustic_Hats -> KSHMR_Acoustic_Hats_Closed	KSHMR_Acoustic_Closed_Hat_01_Clean	
Splice Sounds	Sounds of KSHMR Vol. 3	KSHMR_Drums -> KSHMR_Drum_One_shots -> KSHMR_Acoustic_Drums -> KSHMR_Acoustic_Hats -> KSHMR_Acoustic_Hats_Closed	KSHMR_Acoustic_Closed_Hat_02_Clean	
Splice Sounds	Sounds of KSHMR Vol. 3	KSHMR_Drums -> KSHMR_Drum_One_shots -> KSHMR_Acoustic_Drums -> KSHMR_Acoustic_Hats -> KSHMR_Acoustic_Hats_Closed	KSHMR_Acoustic_Closed_Hat_03_Clean	
Splice Sounds	Sounds of KSHMR Vol. 3	KSHMR_Drums -> KSHMR_Drum_One_shots -> KSHMR_Acoustic_Drums -> KSHMR_Acoustic_Hats -> KSHMR_Acoustic_Hats_Closed	KSHMR_Acoustic_Closed_Hat_04_Clean	
Splice Sounds	Sounds of KSHMR Vol. 3	KSHMR_Drums -> KSHMR_Drum_One_shots -> KSHMR_Acoustic_Drums -> KSHMR_Acoustic_Hats -> KSHMR_Acoustic_Hats_Closed	KSHMR_Acoustic_Closed_Hat_05_Clean	
Splice Sounds	Sounds of KSHMR Vol. 3	KSHMR_Drums -> KSHMR_Drum_One_shots -> KSHMR_Acoustic_Drums -> KSHMR_Acoustic_Hats -> KSHMR_Acoustic_Hats_Closed	KSHMR_Acoustic_Closed_Hat_06_Clean	
Splice Sounds	Sounds of KSHMR Vol. 3	KSHMR_Drums -> KSHMR_Drum_One_shots -> KSHMR_Acoustic_Drums -> KSHMR_Acoustic_Hats -> KSHMR_Acoustic_Hats_Closed	KSHMR_Acoustic_Closed_Hat_07_Clean	
Splice Sounds	Sounds of KSHMR Vol. 3	KSHMR_Drums -> KSHMR_Drum_One_shots -> KSHMR_Acoustic_Drums -> KSHMR_Acoustic_Hats -> KSHMR_Acoustic_Hats_Closed	KSHMR_Acoustic_Closed_Hat_08_Hard	
Splice Sounds	Sounds of KSHMR Vol. 3	KSHMR_Drums -> KSHMR_Drum_One_shots -> KSHMR_Acoustic_Drums -> KSHMR_Acoustic_Hats -> KSHMR_Acoustic_Hats_Closed	KSHMR_Acoustic_Closed_Hat_09_Hard	
Splice Sounds	Sounds of KSHMR Vol. 3	KSHMR_Drums -> KSHMR_Drum_One_shots -> KSHMR_Acoustic_Drums -> KSHMR_Acoustic_Hats -> KSHMR_Acoustic_Hats_Closed	KSHMR_Acoustic_Closed_Hat_10_Hard	
Splice Sounds	Sounds of KSHMR Vol. 3	KSHMR_Drums -> KSHMR_Drum_One_shots -> KSHMR_Acoustic_Drums -> KSHMR_Acoustic_Hats -> KSHMR_Acoustic_Hats_Closed	KSHMR_Acoustic_Closed_Hat_11_Hard	
Splice Sounds	Sounds of KSHMR Vol. 3	KSHMR_Drums -> KSHMR_Drum_One_shots -> KSHMR_Acoustic_Drums -> KSHMR_Acoustic_Hats -> KSHMR_Acoustic_Hats_Closed	KSHMR_Acoustic_Closed_Hat_12_Hard	
Splice Sounds	Sounds of KSHMR Vol. 3	KSHMR_Drums -> KSHMR_Drum_One_shots -> KSHMR_Acoustic_Drums -> KSHMR_Acoustic_Hats -> KSHMR_Acoustic_Hats_Closed	KSHMR_Acoustic_Closed_Hat_13_Pedal	
Splice Sounds	Sounds of KSHMR Vol. 3	KSHMR_Drums -> KSHMR_Drum_One_shots -> KSHMR_Acoustic_Drums -> KSHMR_Acoustic_Hats -> KSHMR_Acoustic_Hats_Closed	KSHMR_Acoustic_Closed_Hat_14_Pedal	
Splice Sounds	Sounds of KSHMR Vol. 3	KSHMR_Drums -> KSHMR_Drum_One_shots -> KSHMR_Acoustic_Drums -> KSHMR_Acoustic_Hats -> KSHMR_Acoustic_Hats_Open	KSHMR_Acoustic_Open_Hat_01_Full_Open	
Splice Sounds	Sounds of KSHMR Vol. 3	KSHMR_Drums -> KSHMR_Drum_One_shots -> KSHMR_Acoustic_Drums -> KSHMR_Acoustic_Hats -> KSHMR_Acoustic_Hats_Open	KSHMR_Acoustic_Open_Hat_02_Full_Open	
Splice Sounds	Sounds of KSHMR Vol. 3	KSHMR_Drums -> KSHMR_Drum_One_shots -> KSHMR_Acoustic_Drums -> KSHMR_Acoustic_Hats -> KSHMR_Acoustic_Hats_Open	KSHMR_Acoustic_Open_Hat_03_Full_Open	
Splice Sounds	Sounds of KSHMR Vol. 3	KSHMR_Drums -> KSHMR_Drum_One_shots -> KSHMR_Acoustic_Drums -> KSHMR_Acoustic_Hats -> KSHMR_Acoustic_Hats_Open	KSHMR_Acoustic_Open_Hat_04_Full_Open	
Splice Sounds	Sounds of KSHMR Vol. 3	KSHMR_Drums -> KSHMR_Drum_One_shots -> KSHMR_Acoustic_Drums -> KSHMR_Acoustic_Hats -> KSHMR_Acoustic_Hats_Open	KSHMR_Acoustic_Open_Hat_05_Hard	
Splice Sounds	Sounds of KSHMR Vol. 3	KSHMR_Drums -> KSHMR_Drum_One_shots -> KSHMR_Acoustic_Drums -> KSHMR_Acoustic_Hats -> KSHMR_Acoustic_Hats_Open	KSHMR_Acoustic_Open_Hat_06_Hard	
Splice Sounds	Sounds of KSHMR Vol. 3	KSHMR_Drums -> KSHMR_Drum_One_shots -> KSHMR_Acoustic_Drums -> KSHMR_Acoustic_Hats -> KSHMR_Acoustic_Hats_Open	KSHMR_Acoustic_Open_Hat_07_Hard	
Splice Sounds	Sounds of KSHMR Vol. 3	KSHMR_Drums -> KSHMR_Drum_One_shots -> KSHMR_Acoustic_Drums -> KSHMR_Acoustic_Hats -> KSHMR_Acoustic_Hats_Open	KSHMR_Acoustic_Open_Hat_08_Open_and_Close	
Splice Sounds	Sounds of KSHMR Vol. 3	KSHMR_Drums -> KSHMR_Drum_One_shots -> KSHMR_Acoustic_Drums -> KSHMR_Acoustic_Hats -> KSHMR_Acoustic_Hats_Open	KSHMR_Acoustic_Open_Hat_09_Open_and_Close	
Splice Sounds	Sounds of KSHMR Vol. 3	KSHMR_Drums -> KSHMR_Drum_One_shots -> KSHMR_Acoustic_Drums -> KSHMR_Acoustic_Hats -> KSHMR_Acoustic_Hats_Open	KSHMR_Acoustic_Open_Hat_10_Open_and_Close	
Splice Sounds	Sounds of KSHMR Vol. 3	KSHMR_Drums -> KSHMR_Drum_One_shots -> KSHMR_Acoustic_Drums -> KSHMR_Acoustic_Hats -> KSHMR_Acoustic_Hats_Open	KSHMR_Acoustic_Open_Hat_11_Open_and_Close	
Splice Sounds	Sounds of KSHMR Vol. 3	KSHMR_Drums -> KSHMR_Drum_One_shots -> KSHMR_Acoustic_Drums -> KSHMR_Acoustic_Hats -> KSHMR_Acoustic_Hats_Open	KSHMR_Acoustic_Open_Hat_12_Open_and_Close	
Splice Sounds	Sounds of KSHMR Vol. 3	KSHMR_Drums -> KSHMR_Drum_One_shots -> KSHMR_Acoustic_Drums -> KSHMR_Acoustic_Hats -> KSHMR_Acoustic_Hats_Open	KSHMR_Acoustic_Open_Hat_13_Open_and_Close	
Splice Sounds	Sounds of KSHMR Vol. 3	KSHMR_Drums -> KSHMR_Drum_One_shots -> KSHMR_Acoustic_Drums -> KSHMR_Acoustic_Hats -> KSHMR_Acoustic_Hats_Open	KSHMR_Acoustic_Open_Hat_14_Open_and_Close	
Splice Sounds	Sounds of KSHMR Vol. 3	KSHMR_Drums -> KSHMR_Drum_One_shots -> KSHMR_Acoustic_Drums -> KSHMR_Acoustic_Hats -> KSHMR_Acoustic_Hats_Open	KSHMR_Acoustic_Open_Hat_15_Open_and_Close	
Splice Sounds	Sounds of KSHMR Vol. 3	KSHMR_Drums -> KSHMR_Drum_One_shots -> KSHMR_Acoustic_Drums -> KSHMR_Acoustic_Hats -> KSHMR_Acoustic_Hats_Open	KSHMR_Acoustic_Open_Hat_16_Open_and_Close	
Splice Sounds	Sounds of KSHMR Vol. 3	KSHMR_Drums -> KSHMR_Drum_One_shots -> KSHMR_Acoustic_Drums -> KSHMR_Acoustic_Hats -> KSHMR_Acoustic_Hats_Open	KSHMR_Acoustic_Open_Hat_17_Roll_and_Close	
Splice Sounds	Sounds of KSHMR Vol. 3	KSHMR_Drums -> KSHMR_Drum_One_shots -> KSHMR_Acoustic_Drums -> KSHMR_Acoustic_Kicks	KSHMR_Acoustic_Kick_01_Big	
Splice Sounds	Sounds of KSHMR Vol. 3	KSHMR_Drums -> KSHMR_Drum_One_shots -> KSHMR_Acoustic_Drums -> KSHMR_Acoustic_Kicks	KSHMR_Acoustic_Kick_02_Big	
Splice Sounds	Sounds of KSHMR Vol. 3	KSHMR_Drums -> KSHMR_Drum_One_shots -> KSHMR_Acoustic_Drums -> KSHMR_Acoustic_Kicks	KSHMR_Acoustic_Kick_03_Big	
Splice Sounds	Sounds of KSHMR Vol. 3	KSHMR_Drums -> KSHMR_Drum_One_shots -> KSHMR_Acoustic_Drums -> KSHMR_Acoustic_Kicks	KSHMR_Acoustic_Kick_04_Big	
Splice Sounds	Sounds of KSHMR Vol. 3	KSHMR_Drums -> KSHMR_Drum_One_shots -> KSHMR_Acoustic_Drums -> KSHMR_Acoustic_Kicks	KSHMR_Acoustic_Kick_05_Big	
Splice Sounds	Sounds of KSHMR Vol. 3	KSHMR_Drums -> KSHMR_Drum_One_shots -> KSHMR_Acoustic_Drums -> KSHMR_Acoustic_Kicks	KSHMR_Acoustic_Kick_06_Big	
Splice Sounds	Sounds of KSHMR Vol. 3	KSHMR_Drums -> KSHMR_Drum_One_shots -> KSHMR_Acoustic_Drums -> KSHMR_Acoustic_Kicks	KSHMR_Acoustic_Kick_07_Clean	
Splice Sounds	Sounds of KSHMR Vol. 3	KSHMR_Drums -> KSHMR_Drum_One_shots -> KSHMR_Acoustic_Drums -> KSHMR_Acoustic_Kicks	KSHMR_Acoustic_Kick_08_Clean	
Splice Sounds	Sounds of KSHMR Vol. 3	KSHMR_Drums -> KSHMR_Drum_One_shots -> KSHMR_Acoustic_Drums -> KSHMR_Acoustic_Kicks	KSHMR_Acoustic_Kick_09_Clean	
Splice Sounds	Sounds of KSHMR Vol. 3	KSHMR_Drums -> KSHMR_Drum_One_shots -> KSHMR_Acoustic_Drums -> KSHMR_Acoustic_Kicks	KSHMR_Acoustic_Kick_10_Clean	
Splice Sounds	Sounds of KSHMR Vol. 3	KSHMR_Drums -> KSHMR_Drum_One_shots -> KSHMR_Acoustic_Drums -> KSHMR_Acoustic_Kicks	KSHMR_Acoustic_Kick_11_Clean	
Splice Sounds	Sounds of KSHMR Vol. 3	KSHMR_Drums -> KSHMR_Drum_One_shots -> KSHMR_Acoustic_Drums -> KSHMR_Acoustic_Kicks	KSHMR_Acoustic_Kick_12_Natural	
Splice Sounds	Sounds of KSHMR Vol. 3	KSHMR_Drums -> KSHMR_Drum_One_shots -> KSHMR_Acoustic_Drums -> KSHMR_Acoustic_Kicks	KSHMR_Acoustic_Kick_13_Natural	
Splice Sounds	Sounds of KSHMR Vol. 3	KSHMR_Drums -> KSHMR_Drum_One_shots -> KSHMR_Acoustic_Drums -> KSHMR_Acoustic_Kicks	KSHMR_Acoustic_Kick_14_Natural	
Splice Sounds	Sounds of KSHMR Vol. 3	KSHMR_Drums -> KSHMR_Drum_One_shots -> KSHMR_Acoustic_Drums -> KSHMR_Acoustic_Kicks	KSHMR_Acoustic_Kick_15_Natural	
Splice Sounds	Sounds of KSHMR Vol. 3	KSHMR_Drums -> KSHMR_Drum_One_shots -> KSHMR_Acoustic_Drums -> KSHMR_Acoustic_Kicks	KSHMR_Acoustic_Kick_16_Natural	
Splice Sounds	Sounds of KSHMR Vol. 3	KSHMR_Drums -> KSHMR_Drum_One_shots -> KSHMR_Acoustic_Drums -> KSHMR_Acoustic_Kicks	KSHMR_Acoustic_Kick_17_Vintage	
Splice Sounds	Sounds of KSHMR Vol. 3	KSHMR_Drums -> KSHMR_Drum_One_shots -> KSHMR_Acoustic_Drums -> KSHMR_Acoustic_Kicks	KSHMR_Acoustic_Kick_18_Vintage	
Splice Sounds	Sounds of KSHMR Vol. 3	KSHMR_Drums -> KSHMR_Drum_One_shots -> KSHMR_Acoustic_Drums -> KSHMR_Acoustic_Kicks	KSHMR_Acoustic_Kick_19_Vintage	
Splice Sounds	Sounds of KSHMR Vol. 3	KSHMR_Drums -> KSHMR_Drum_One_shots -> KSHMR_Acoustic_Drums -> KSHMR_Acoustic_Miscellaneous	KSHMR_Acoustic_Misc_01_Champagne_Bottle	
Splice Sounds	Sounds of KSHMR Vol. 3	KSHMR_Drums -> KSHMR_Drum_One_shots -> KSHMR_Acoustic_Drums -> KSHMR_Acoustic_Miscellaneous	KSHMR_Acoustic_Misc_02_Click	
Splice Sounds	Sounds of KSHMR Vol. 3	KSHMR_Drums -> KSHMR_Drum_One_shots -> KSHMR_Acoustic_Drums -> KSHMR_Acoustic_Miscellaneous	KSHMR_Acoustic_Misc_03_Cowbell	
Splice Sounds	Sounds of KSHMR Vol. 3	KSHMR_Drums -> KSHMR_Drum_One_shots -> KSHMR_Acoustic_Drums -> KSHMR_Acoustic_Miscellaneous	KSHMR_Acoustic_Misc_04_Cross_Stick	
Splice Sounds	Sounds of KSHMR Vol. 3	KSHMR_Drums -> KSHMR_Drum_One_shots -> KSHMR_Acoustic_Drums -> KSHMR_Acoustic_Miscellaneous	KSHMR_Acoustic_Misc_05_Glass_Ting	
Splice Sounds	Sounds of KSHMR Vol. 3	KSHMR_Drums -> KSHMR_Drum_One_shots -> KSHMR_Acoustic_Drums -> KSHMR_Acoustic_Miscellaneous	KSHMR_Acoustic_Misc_06_Knock	
Splice Sounds	Sounds of KSHMR Vol. 3	KSHMR_Drums -> KSHMR_Drum_One_shots -> KSHMR_Acoustic_Drums -> KSHMR_Acoustic_Miscellaneous	KSHMR_Acoustic_Misc_07_Metal_Jingle	
Splice Sounds	Sounds of KSHMR Vol. 3	KSHMR_Drums -> KSHMR_Drum_One_shots -> KSHMR_Acoustic_Drums -> KSHMR_Acoustic_Miscellaneous	KSHMR_Acoustic_Misc_08_Rim_	
Splice Sounds	Sounds of KSHMR Vol. 3	KSHMR_Drums -> KSHMR_Drum_One_shots -> KSHMR_Acoustic_Drums -> KSHMR_Acoustic_Miscellaneous	KSHMR_Acoustic_Misc_09_Rim_Flam	
Splice Sounds	Sounds of KSHMR Vol. 3	KSHMR_Drums -> KSHMR_Drum_One_shots -> KSHMR_Acoustic_Drums -> KSHMR_Acoustic_Miscellaneous	KSHMR_Acoustic_Misc_10_Roll	
Splice Sounds	Sounds of KSHMR Vol. 3	KSHMR_Drums -> KSHMR_Drum_One_shots -> KSHMR_Acoustic_Drums -> KSHMR_Acoustic_Miscellaneous	KSHMR_Acoustic_Misc_11_Sleigh_Bells	
Splice Sounds	Sounds of KSHMR Vol. 3	KSHMR_Drums -> KSHMR_Drum_One_shots -> KSHMR_Acoustic_Drums -> KSHMR_Acoustic_Miscellaneous	KSHMR_Acoustic_Misc_12_Tap	
Splice Sounds	Sounds of KSHMR Vol. 3	KSHMR_Drums -> KSHMR_Drum_One_shots -> KSHMR_Acoustic_Drums -> KSHMR_Acoustic_Miscellaneous	KSHMR_Acoustic_Misc_13_Tibetan_Gong	
Splice Sounds	Sounds of KSHMR Vol. 3	KSHMR_Drums -> KSHMR_Drum_One_shots -> KSHMR_Acoustic_Drums -> KSHMR_Acoustic_Miscellaneous	KSHMR_Acoustic_Misc_14_Wood_Flam	
Splice Sounds	Sounds of KSHMR Vol. 3	KSHMR_Drums -> KSHMR_Drum_One_shots -> KSHMR_Acoustic_Drums -> KSHMR_Acoustic_Miscellaneous	KSHMR_Acoustic_Misc_15_Wood_Hit	
Splice Sounds	Sounds of KSHMR Vol. 3	KSHMR_Drums -> KSHMR_Drum_One_shots -> KSHMR_Acoustic_Drums -> KSHMR_Acoustic_Miscellaneous	KSHMR_Acoustic_Misc_16_Wood_Split	
Splice Sounds	Sounds of KSHMR Vol. 3	KSHMR_Drums -> KSHMR_Drum_One_shots -> KSHMR_Acoustic_Drums -> KSHMR_Acoustic_Snares	KSHMR_Acoustic_Snare_01_A	
Splice Sounds	Sounds of KSHMR Vol. 3	KSHMR_Drums -> KSHMR_Drum_One_shots -> KSHMR_Acoustic_Drums -> KSHMR_Acoustic_Snares	KSHMR_Acoustic_Snare_02_A	
Splice Sounds	Sounds of KSHMR Vol. 3	KSHMR_Drums -> KSHMR_Drum_One_shots -> KSHMR_Acoustic_Drums -> KSHMR_Acoustic_Snares	KSHMR_Acoustic_Snare_03_A	
Splice Sounds	Sounds of KSHMR Vol. 3	KSHMR_Drums -> KSHMR_Drum_One_shots -> KSHMR_Acoustic_Drums -> KSHMR_Acoustic_Snares	KSHMR_Acoustic_Snare_04_A#	
Splice Sounds	Sounds of KSHMR Vol. 3	KSHMR_Drums -> KSHMR_Drum_One_shots -> KSHMR_Acoustic_Drums -> KSHMR_Acoustic_Snares	KSHMR_Acoustic_Snare_05_B	
Splice Sounds	Sounds of KSHMR Vol. 3	KSHMR_Drums -> KSHMR_Drum_One_shots -> KSHMR_Acoustic_Drums -> KSHMR_Acoustic_Snares	KSHMR_Acoustic_Snare_06_C#	
Splice Sounds	Sounds of KSHMR Vol. 3	KSHMR_Drums -> KSHMR_Drum_One_shots -> KSHMR_Acoustic_Drums -> KSHMR_Acoustic_Snares	KSHMR_Acoustic_Snare_07_C#	
Splice Sounds	Sounds of KSHMR Vol. 3	KSHMR_Drums -> KSHMR_Drum_One_shots -> KSHMR_Acoustic_Drums -> KSHMR_Acoustic_Snares	KSHMR_Acoustic_Snare_08_D	
Splice Sounds	Sounds of KSHMR Vol. 3	KSHMR_Drums -> KSHMR_Drum_One_shots -> KSHMR_Acoustic_Drums -> KSHMR_Acoustic_Snares	KSHMR_Acoustic_Snare_09_D	
Splice Sounds	Sounds of KSHMR Vol. 3	KSHMR_Drums -> KSHMR_Drum_One_shots -> KSHMR_Acoustic_Drums -> KSHMR_Acoustic_Snares	KSHMR_Acoustic_Snare_10_D#	
Splice Sounds	Sounds of KSHMR Vol. 3	KSHMR_Drums -> KSHMR_Drum_One_shots -> KSHMR_Acoustic_Drums -> KSHMR_Acoustic_Snares	KSHMR_Acoustic_Snare_11_D#	
Splice Sounds	Sounds of KSHMR Vol. 3	KSHMR_Drums -> KSHMR_Drum_One_shots -> KSHMR_Acoustic_Drums -> KSHMR_Acoustic_Snares	KSHMR_Acoustic_Snare_12_E	
Splice Sounds	Sounds of KSHMR Vol. 3	KSHMR_Drums -> KSHMR_Drum_One_shots -> KSHMR_Acoustic_Drums -> KSHMR_Acoustic_Snares	KSHMR_Acoustic_Snare_13_F	
Splice Sounds	Sounds of KSHMR Vol. 3	KSHMR_Drums -> KSHMR_Drum_One_shots -> KSHMR_Acoustic_Drums -> KSHMR_Acoustic_Snares	KSHMR_Acoustic_Snare_14_F#	
Splice Sounds	Sounds of KSHMR Vol. 3	KSHMR_Drums -> KSHMR_Drum_One_shots -> KSHMR_Acoustic_Drums -> KSHMR_Acoustic_Snares	KSHMR_Acoustic_Snare_15_F#	
Splice Sounds	Sounds of KSHMR Vol. 3	KSHMR_Drums -> KSHMR_Drum_One_shots -> KSHMR_Acoustic_Drums -> KSHMR_Acoustic_Snares	KSHMR_Acoustic_Snare_16_F#	
Splice Sounds	Sounds of KSHMR Vol. 3	KSHMR_Drums -> KSHMR_Drum_One_shots -> KSHMR_Acoustic_Drums -> KSHMR_Acoustic_Snares	KSHMR_Acoustic_Snare_17_F#	
Splice Sounds	Sounds of KSHMR Vol. 3	KSHMR_Drums -> KSHMR_Drum_One_shots -> KSHMR_Acoustic_Drums -> KSHMR_Acoustic_Snares	KSHMR_Acoustic_Snare_18_F#	
Splice Sounds	Sounds of KSHMR Vol. 3	KSHMR_Drums -> KSHMR_Drum_One_shots -> KSHMR_Acoustic_Drums -> KSHMR_Acoustic_Snares	KSHMR_Acoustic_Snare_19_G	
Splice Sounds	Sounds of KSHMR Vol. 3	KSHMR_Drums -> KSHMR_Drum_One_shots -> KSHMR_Acoustic_Drums -> KSHMR_Acoustic_Snares	KSHMR_Acoustic_Snare_20_G	
Splice Sounds	Sounds of KSHMR Vol. 3	KSHMR_Drums -> KSHMR_Drum_One_shots -> KSHMR_Acoustic_Drums -> KSHMR_Acoustic_Snares	KSHMR_Acoustic_Snare_21_G	
Splice Sounds	Sounds of KSHMR Vol. 3	KSHMR_Drums -> KSHMR_Drum_One_shots -> KSHMR_Acoustic_Drums -> KSHMR_Acoustic_Snares	KSHMR_Acoustic_Snare_22_G	
Splice Sounds	Sounds of KSHMR Vol. 3	KSHMR_Drums -> KSHMR_Drum_One_shots -> KSHMR_Acoustic_Drums -> KSHMR_Acoustic_Snares	KSHMR_Acoustic_Snare_23_G	
Splice Sounds	Sounds of KSHMR Vol. 3	KSHMR_Drums -> KSHMR_Drum_One_shots -> KSHMR_Acoustic_Drums -> KSHMR_Acoustic_Snares	KSHMR_Acoustic_Snare_24_G#	
Splice Sounds	Sounds of KSHMR Vol. 3	KSHMR_Drums -> KSHMR_Drum_One_shots -> KSHMR_Acoustic_Drums -> KSHMR_Acoustic_Snares	KSHMR_Acoustic_Snare_25_G#	
Splice Sounds	Sounds of KSHMR Vol. 3	KSHMR_Drums -> KSHMR_Drum_One_shots -> KSHMR_Acoustic_Drums -> KSHMR_Acoustic_Snares	KSHMR_Acoustic_Snare_Flam_01_E	
Splice Sounds	Sounds of KSHMR Vol. 3	KSHMR_Drums -> KSHMR_Drum_One_shots -> KSHMR_Acoustic_Drums -> KSHMR_Acoustic_Snares	KSHMR_Acoustic_Snare_Roll_01_Short	
Splice Sounds	Sounds of KSHMR Vol. 3	KSHMR_Drums -> KSHMR_Drum_One_shots -> KSHMR_Acoustic_Drums -> KSHMR_Acoustic_Snares	KSHMR_Acoustic_Snare_Roll_02_Medium	
Splice Sounds	Sounds of KSHMR Vol. 3	KSHMR_Drums -> KSHMR_Drum_One_shots -> KSHMR_Acoustic_Drums -> KSHMR_Acoustic_Snares	KSHMR_Acoustic_Snare_Roll_03_Medium	
Splice Sounds	Sounds of KSHMR Vol. 3	KSHMR_Drums -> KSHMR_Drum_One_shots -> KSHMR_Acoustic_Drums -> KSHMR_Acoustic_Snares	KSHMR_Acoustic_Snare_Roll_04_Long	
Splice Sounds	Sounds of KSHMR Vol. 3	KSHMR_Drums -> KSHMR_Drum_One_shots -> KSHMR_Acoustic_Drums -> KSHMR_Acoustic_Snares	KSHMR_Acoustic_Snare_Roll_05_Long	
Splice Sounds	Sounds of KSHMR Vol. 3	KSHMR_Drums -> KSHMR_Drum_One_shots -> KSHMR_Acoustic_Drums -> KSHMR_Acoustic_Snares	KSHMR_Acoustic_Snare_Roll_06_Long	
Splice Sounds	Sounds of KSHMR Vol. 3	KSHMR_Drums -> KSHMR_Drum_One_shots -> KSHMR_Acoustic_Drums -> KSHMR_Acoustic_Snares	KSHMR_Acoustic_Snare_Roll_07_Long	
Splice Sounds	Sounds of KSHMR Vol. 3	KSHMR_Drums -> KSHMR_Drum_One_shots -> KSHMR_Acoustic_Drums -> KSHMR_Acoustic_Toms	KSHMR_Acoustic_Tom_01_Low_B	
Splice Sounds	Sounds of KSHMR Vol. 3	KSHMR_Drums -> KSHMR_Drum_One_shots -> KSHMR_Acoustic_Drums -> KSHMR_Acoustic_Toms	KSHMR_Acoustic_Tom_02_Low_C	
Splice Sounds	Sounds of KSHMR Vol. 3	KSHMR_Drums -> KSHMR_Drum_One_shots -> KSHMR_Acoustic_Drums -> KSHMR_Acoustic_Toms	KSHMR_Acoustic_Tom_03_Low_D	
Splice Sounds	Sounds of KSHMR Vol. 3	KSHMR_Drums -> KSHMR_Drum_One_shots -> KSHMR_Acoustic_Drums -> KSHMR_Acoustic_Toms	KSHMR_Acoustic_Tom_04_Low_D	
Splice Sounds	Sounds of KSHMR Vol. 3	KSHMR_Drums -> KSHMR_Drum_One_shots -> KSHMR_Acoustic_Drums -> KSHMR_Acoustic_Toms	KSHMR_Acoustic_Tom_05_Low_D#	
Splice Sounds	Sounds of KSHMR Vol. 3	KSHMR_Drums -> KSHMR_Drum_One_shots -> KSHMR_Acoustic_Drums -> KSHMR_Acoustic_Toms	KSHMR_Acoustic_Tom_06_Low_E	
Splice Sounds	Sounds of KSHMR Vol. 3	KSHMR_Drums -> KSHMR_Drum_One_shots -> KSHMR_Acoustic_Drums -> KSHMR_Acoustic_Toms	KSHMR_Acoustic_Tom_07_Medium_A	
Splice Sounds	Sounds of KSHMR Vol. 3	KSHMR_Drums -> KSHMR_Drum_One_shots -> KSHMR_Acoustic_Drums -> KSHMR_Acoustic_Toms	KSHMR_Acoustic_Tom_08_Medium_A	
Splice Sounds	Sounds of KSHMR Vol. 3	KSHMR_Drums -> KSHMR_Drum_One_shots -> KSHMR_Acoustic_Drums -> KSHMR_Acoustic_Toms	KSHMR_Acoustic_Tom_09_Medium_A	
Splice Sounds	Sounds of KSHMR Vol. 3	KSHMR_Drums -> KSHMR_Drum_One_shots -> KSHMR_Acoustic_Drums -> KSHMR_Acoustic_Toms	KSHMR_Acoustic_Tom_10_Medium_C	
Splice Sounds	Sounds of KSHMR Vol. 3	KSHMR_Drums -> KSHMR_Drum_One_shots -> KSHMR_Acoustic_Drums -> KSHMR_Acoustic_Toms	KSHMR_Acoustic_Tom_11_Medium_F	
Splice Sounds	Sounds of KSHMR Vol. 3	KSHMR_Drums -> KSHMR_Drum_One_shots -> KSHMR_Acoustic_Drums -> KSHMR_Acoustic_Toms	KSHMR_Acoustic_Tom_12_Medium_F	
Splice Sounds	Sounds of KSHMR Vol. 3	KSHMR_Drums -> KSHMR_Drum_One_shots -> KSHMR_Acoustic_Drums -> KSHMR_Acoustic_Toms	KSHMR_Acoustic_Tom_13_Medium_F	
Splice Sounds	Sounds of KSHMR Vol. 3	KSHMR_Drums -> KSHMR_Drum_One_shots -> KSHMR_Acoustic_Drums -> KSHMR_Acoustic_Toms	KSHMR_Acoustic_Tom_14_Medium_G	
Splice Sounds	Sounds of KSHMR Vol. 3	KSHMR_Drums -> KSHMR_Drum_One_shots -> KSHMR_Acoustic_Drums -> KSHMR_Acoustic_Toms	KSHMR_Acoustic_Tom_15_High_A#	
Splice Sounds	Sounds of KSHMR Vol. 3	KSHMR_Drums -> KSHMR_Drum_One_shots -> KSHMR_Acoustic_Drums -> KSHMR_Acoustic_Toms	KSHMR_Acoustic_Tom_16_High_E	
Splice Sounds	Sounds of KSHMR Vol. 3	KSHMR_Drums -> KSHMR_Drum_One_shots -> KSHMR_Acoustic_Drums -> KSHMR_Acoustic_Toms	KSHMR_Acoustic_Tom_17_High_F	
Splice Sounds	Sounds of KSHMR Vol. 3	KSHMR_Drums -> KSHMR_Drum_One_shots -> KSHMR_Acoustic_Drums -> KSHMR_Acoustic_Toms	KSHMR_Acoustic_Tom_18_High_G	
Splice Sounds	Sounds of KSHMR Vol. 3	KSHMR_Drums -> KSHMR_Drum_One_shots -> KSHMR_Acoustic_Drums -> KSHMR_Acoustic_Toms	KSHMR_Acoustic_Tom_19_Low_Flam_A#	
Splice Sounds	Sounds of KSHMR Vol. 3	KSHMR_Drums -> KSHMR_Drum_One_shots -> KSHMR_Acoustic_Drums -> KSHMR_Acoustic_Toms	KSHMR_Acoustic_Tom_20_Low_Flam_C#	
Splice Sounds	Sounds of KSHMR Vol. 3	KSHMR_Drums -> KSHMR_Drum_One_shots -> KSHMR_Acoustic_Drums -> KSHMR_Acoustic_Toms	KSHMR_Acoustic_Tom_21_Medium_Flam_B	
Splice Sounds	Sounds of KSHMR Vol. 3	KSHMR_Drums -> KSHMR_Drum_One_shots -> KSHMR_Acoustic_Drums -> KSHMR_Acoustic_Toms	KSHMR_Acoustic_Tom_22_Medium_Flam_C	
Splice Sounds	Sounds of KSHMR Vol. 3	KSHMR_Drums -> KSHMR_Drum_One_shots -> KSHMR_Acoustic_Drums -> KSHMR_Acoustic_Toms	KSHMR_Acoustic_Tom_23_High_Flam_D#	
Splice Sounds	Sounds of KSHMR Vol. 3	KSHMR_Drums -> KSHMR_Drum_One_shots -> KSHMR_Acoustic_Drums -> KSHMR_Acoustic_Toms	KSHMR_Acoustic_Tom_24_High_Flam_E	
Splice Sounds	Sounds of KSHMR Vol. 3	KSHMR_Drums -> KSHMR_Drum_One_shots -> KSHMR_Claps -> KSHMR_Church_Claps	KSHMR_Church_Clap_01	
Splice Sounds	Sounds of KSHMR Vol. 3	KSHMR_Drums -> KSHMR_Drum_One_shots -> KSHMR_Claps -> KSHMR_Church_Claps	KSHMR_Church_Clap_02	
Splice Sounds	Sounds of KSHMR Vol. 3	KSHMR_Drums -> KSHMR_Drum_One_shots -> KSHMR_Claps -> KSHMR_Church_Claps	KSHMR_Church_Clap_03	
Splice Sounds	Sounds of KSHMR Vol. 3	KSHMR_Drums -> KSHMR_Drum_One_shots -> KSHMR_Claps -> KSHMR_Church_Claps	KSHMR_Church_Clap_04	
Splice Sounds	Sounds of KSHMR Vol. 3	KSHMR_Drums -> KSHMR_Drum_One_shots -> KSHMR_Claps -> KSHMR_Church_Claps	KSHMR_Church_Clap_05	
Splice Sounds	Sounds of KSHMR Vol. 3	KSHMR_Drums -> KSHMR_Drum_One_shots -> KSHMR_Claps -> KSHMR_Church_Claps	KSHMR_Church_Clap_06	
Splice Sounds	Sounds of KSHMR Vol. 3	KSHMR_Drums -> KSHMR_Drum_One_shots -> KSHMR_Claps -> KSHMR_Church_Claps	KSHMR_Church_Clap_07	
Splice Sounds	Sounds of KSHMR Vol. 3	KSHMR_Drums -> KSHMR_Drum_One_shots -> KSHMR_Claps -> KSHMR_Church_Claps	KSHMR_Church_Clap_08	
Splice Sounds	Sounds of KSHMR Vol. 3	KSHMR_Drums -> KSHMR_Drum_One_shots -> KSHMR_Claps -> KSHMR_Church_Claps	KSHMR_Church_Clap_09	
Splice Sounds	Sounds of KSHMR Vol. 3	KSHMR_Drums -> KSHMR_Drum_One_shots -> KSHMR_Claps -> KSHMR_Church_Claps	KSHMR_Church_Clap_10	
Splice Sounds	Sounds of KSHMR Vol. 3	KSHMR_Drums -> KSHMR_Drum_One_shots -> KSHMR_Claps -> KSHMR_Clap_FX	KSHMR_Clap_FX_01_Reverb_Clap	
Splice Sounds	Sounds of KSHMR Vol. 3	KSHMR_Drums -> KSHMR_Drum_One_shots -> KSHMR_Claps -> KSHMR_Clap_FX	KSHMR_Clap_FX_02_Reverb_Clap	
Splice Sounds	Sounds of KSHMR Vol. 3	KSHMR_Drums -> KSHMR_Drum_One_shots -> KSHMR_Claps -> KSHMR_Clap_FX	KSHMR_Clap_FX_03_Reverb_Clap	
Splice Sounds	Sounds of KSHMR Vol. 3	KSHMR_Drums -> KSHMR_Drum_One_shots -> KSHMR_Claps -> KSHMR_Clap_FX	KSHMR_Clap_FX_04_Reverb_Clap	
Splice Sounds	Sounds of KSHMR Vol. 3	KSHMR_Drums -> KSHMR_Drum_One_shots -> KSHMR_Claps -> KSHMR_Clap_FX	KSHMR_Clap_FX_05_Reverb_Clap	
Splice Sounds	Sounds of KSHMR Vol. 3	KSHMR_Drums -> KSHMR_Drum_One_shots -> KSHMR_Claps -> KSHMR_Clap_FX	KSHMR_Clap_FX_06_Reverb_Clap	
Splice Sounds	Sounds of KSHMR Vol. 3	KSHMR_Drums -> KSHMR_Drum_One_shots -> KSHMR_Claps -> KSHMR_Clap_FX	KSHMR_Clap_FX_07_Reverb_Clap	
Splice Sounds	Sounds of KSHMR Vol. 3	KSHMR_Drums -> KSHMR_Drum_One_shots -> KSHMR_Claps -> KSHMR_Clap_FX	KSHMR_Clap_FX_08_Reverb_Clap_w_Flutter	
Splice Sounds	Sounds of KSHMR Vol. 3	KSHMR_Drums -> KSHMR_Drum_One_shots -> KSHMR_Claps -> KSHMR_Clap_FX	KSHMR_Clap_FX_09_Reverb_Clap_w_Flutter	
Splice Sounds	Sounds of KSHMR Vol. 3	KSHMR_Drums -> KSHMR_Drum_One_shots -> KSHMR_Claps -> KSHMR_Clap_FX	KSHMR_Clap_FX_10_Reverb_Clap_w_Flutter	
Splice Sounds	Sounds of KSHMR Vol. 3	KSHMR_Drums -> KSHMR_Drum_One_shots -> KSHMR_Claps -> KSHMR_Clap_FX	KSHMR_Clap_FX_11_Sub_Clap	
Splice Sounds	Sounds of KSHMR Vol. 3	KSHMR_Drums -> KSHMR_Drum_One_shots -> KSHMR_Claps -> KSHMR_Clap_FX	KSHMR_Clap_FX_12_Sub_Clap	
Splice Sounds	Sounds of KSHMR Vol. 3	KSHMR_Drums -> KSHMR_Drum_One_shots -> KSHMR_Claps -> KSHMR_Clap_FX	KSHMR_Clap_FX_13_Sub_Clap	
Splice Sounds	Sounds of KSHMR Vol. 3	KSHMR_Drums -> KSHMR_Drum_One_shots -> KSHMR_Claps -> KSHMR_Clap_FX	KSHMR_Clap_FX_14_Sub_Clap	
Splice Sounds	Sounds of KSHMR Vol. 3	KSHMR_Drums -> KSHMR_Drum_One_shots -> KSHMR_Claps -> KSHMR_Drop_Claps	KSHMR_Drop_Clap_01_126	
Splice Sounds	Sounds of KSHMR Vol. 3	KSHMR_Drums -> KSHMR_Drum_One_shots -> KSHMR_Claps -> KSHMR_Drop_Claps	KSHMR_Drop_Clap_02_128	
Splice Sounds	Sounds of KSHMR Vol. 3	KSHMR_Drums -> KSHMR_Drum_One_shots -> KSHMR_Claps -> KSHMR_Drop_Claps	KSHMR_Drop_Clap_03_128	
Splice Sounds	Sounds of KSHMR Vol. 3	KSHMR_Drums -> KSHMR_Drum_One_shots -> KSHMR_Claps -> KSHMR_Drop_Claps	KSHMR_Drop_Clap_04_128	
Splice Sounds	Sounds of KSHMR Vol. 3	KSHMR_Drums -> KSHMR_Drum_One_shots -> KSHMR_Claps -> KSHMR_Drop_Claps	KSHMR_Drop_Clap_05_128	
Splice Sounds	Sounds of KSHMR Vol. 3	KSHMR_Drums -> KSHMR_Drum_One_shots -> KSHMR_Claps -> KSHMR_Drop_Claps	KSHMR_Drop_Clap_06_128	
Splice Sounds	Sounds of KSHMR Vol. 3	KSHMR_Drums -> KSHMR_Drum_One_shots -> KSHMR_Claps -> KSHMR_Drop_Claps	KSHMR_Drop_Clap_07_135	
Splice Sounds	Sounds of KSHMR Vol. 3	KSHMR_Drums -> KSHMR_Drum_One_shots -> KSHMR_Claps -> KSHMR_Natural_Hand_Claps -> KSHMR_Single_Claps	KSHMR_Human_Single_Clap_01	
Splice Sounds	Sounds of KSHMR Vol. 3	KSHMR_Drums -> KSHMR_Drum_One_shots -> KSHMR_Claps -> KSHMR_Natural_Hand_Claps -> KSHMR_Single_Claps	KSHMR_Human_Single_Clap_02	
Splice Sounds	Sounds of KSHMR Vol. 3	KSHMR_Drums -> KSHMR_Drum_One_shots -> KSHMR_Claps -> KSHMR_Natural_Hand_Claps -> KSHMR_Single_Claps	KSHMR_Human_Single_Clap_03	
Splice Sounds	Sounds of KSHMR Vol. 3	KSHMR_Drums -> KSHMR_Drum_One_shots -> KSHMR_Claps -> KSHMR_Natural_Hand_Claps -> KSHMR_Single_Claps	KSHMR_Human_Single_Clap_04	
Splice Sounds	Sounds of KSHMR Vol. 3	KSHMR_Drums -> KSHMR_Drum_One_shots -> KSHMR_Claps -> KSHMR_Natural_Hand_Claps -> KSHMR_Single_Claps	KSHMR_Human_Single_Clap_05	
Splice Sounds	Sounds of KSHMR Vol. 3	KSHMR_Drums -> KSHMR_Drum_One_shots -> KSHMR_Claps -> KSHMR_Natural_Hand_Claps -> KSHMR_Single_Claps	KSHMR_Human_Single_Clap_06	
Splice Sounds	Sounds of KSHMR Vol. 3	KSHMR_Drums -> KSHMR_Drum_One_shots -> KSHMR_Claps -> KSHMR_Natural_Hand_Claps -> KSHMR_Single_Claps	KSHMR_Human_Single_Clap_07	
Splice Sounds	Sounds of KSHMR Vol. 3	KSHMR_Drums -> KSHMR_Drum_One_shots -> KSHMR_Claps -> KSHMR_Natural_Hand_Claps -> KSHMR_Single_Claps	KSHMR_Human_Single_Clap_08	
Splice Sounds	Sounds of KSHMR Vol. 3	KSHMR_Drums -> KSHMR_Drum_One_shots -> KSHMR_Claps -> KSHMR_Natural_Hand_Claps -> KSHMR_Single_Claps	KSHMR_Human_Single_Clap_09	
Splice Sounds	Sounds of KSHMR Vol. 3	KSHMR_Drums -> KSHMR_Drum_One_shots -> KSHMR_Claps -> KSHMR_Natural_Hand_Claps -> KSHMR_Single_Claps	KSHMR_Human_Single_Clap_10	
Splice Sounds	Sounds of KSHMR Vol. 3	KSHMR_Drums -> KSHMR_Drum_One_shots -> KSHMR_Claps -> KSHMR_Natural_Hand_Claps -> KSHMR_Single_Claps	KSHMR_Human_Single_Clap_11	
Splice Sounds	Sounds of KSHMR Vol. 3	KSHMR_Drums -> KSHMR_Drum_One_shots -> KSHMR_Claps -> KSHMR_Natural_Hand_Claps -> KSHMR_Single_Claps	KSHMR_Human_Single_Clap_12	
Splice Sounds	Sounds of KSHMR Vol. 3	KSHMR_Drums -> KSHMR_Drum_One_shots -> KSHMR_Claps -> KSHMR_Natural_Hand_Claps -> KSHMR_Stacks	KSHMR_Human_Stack_Clap_01_Horse	
Splice Sounds	Sounds of KSHMR Vol. 3	KSHMR_Drums -> KSHMR_Drum_One_shots -> KSHMR_Claps -> KSHMR_Natural_Hand_Claps -> KSHMR_Stacks	KSHMR_Human_Stack_Clap_02_Horse	
Splice Sounds	Sounds of KSHMR Vol. 3	KSHMR_Drums -> KSHMR_Drum_One_shots -> KSHMR_Claps -> KSHMR_Natural_Hand_Claps -> KSHMR_Stacks	KSHMR_Human_Stack_Clap_03_Horse	
Splice Sounds	Sounds of KSHMR Vol. 3	KSHMR_Drums -> KSHMR_Drum_One_shots -> KSHMR_Claps -> KSHMR_Natural_Hand_Claps -> KSHMR_Stacks	KSHMR_Human_Stack_Clap_04_Horse	
Splice Sounds	Sounds of KSHMR Vol. 3	KSHMR_Drums -> KSHMR_Drum_One_shots -> KSHMR_Claps -> KSHMR_Natural_Hand_Claps -> KSHMR_Stacks	KSHMR_Human_Stack_Clap_05_Squishy	
Splice Sounds	Sounds of KSHMR Vol. 3	KSHMR_Drums -> KSHMR_Drum_One_shots -> KSHMR_Claps -> KSHMR_Natural_Hand_Claps -> KSHMR_Stacks	KSHMR_Human_Stack_Clap_06_Squishy	
Splice Sounds	Sounds of KSHMR Vol. 3	KSHMR_Drums -> KSHMR_Drum_One_shots -> KSHMR_Claps -> KSHMR_Natural_Hand_Claps -> KSHMR_Stacks	KSHMR_Human_Stack_Clap_07_Squishy	
Splice Sounds	Sounds of KSHMR Vol. 3	KSHMR_Drums -> KSHMR_Drum_One_shots -> KSHMR_Claps -> KSHMR_Natural_Hand_Claps -> KSHMR_Stacks	KSHMR_Human_Stack_Clap_08_Squishy	
Splice Sounds	Sounds of KSHMR Vol. 3	KSHMR_Drums -> KSHMR_Drum_One_shots -> KSHMR_Claps -> KSHMR_Natural_Hand_Claps -> KSHMR_Stacks	KSHMR_Human_Stack_Clap_09_Squishy	
Splice Sounds	Sounds of KSHMR Vol. 3	KSHMR_Drums -> KSHMR_Drum_One_shots -> KSHMR_Claps -> KSHMR_Natural_Hand_Claps -> KSHMR_Stacks	KSHMR_Human_Stack_Clap_10_Tight	
Splice Sounds	Sounds of KSHMR Vol. 3	KSHMR_Drums -> KSHMR_Drum_One_shots -> KSHMR_Claps -> KSHMR_Natural_Hand_Claps -> KSHMR_Stacks	KSHMR_Human_Stack_Clap_11_Tight	
Splice Sounds	Sounds of KSHMR Vol. 3	KSHMR_Drums -> KSHMR_Drum_One_shots -> KSHMR_Claps -> KSHMR_Natural_Hand_Claps -> KSHMR_Stacks	KSHMR_Human_Stack_Clap_12_Tight	
Splice Sounds	Sounds of KSHMR Vol. 3	KSHMR_Drums -> KSHMR_Drum_One_shots -> KSHMR_Claps -> KSHMR_Pre-Shifted_Claps	KSHMR_Pre_Shifted_Clap_01	
Splice Sounds	Sounds of KSHMR Vol. 3	KSHMR_Drums -> KSHMR_Drum_One_shots -> KSHMR_Claps -> KSHMR_Pre-Shifted_Claps	KSHMR_Pre_Shifted_Clap_02	
Splice Sounds	Sounds of KSHMR Vol. 3	KSHMR_Drums -> KSHMR_Drum_One_shots -> KSHMR_Claps -> KSHMR_Pre-Shifted_Claps	KSHMR_Pre_Shifted_Clap_03	
Splice Sounds	Sounds of KSHMR Vol. 3	KSHMR_Drums -> KSHMR_Drum_One_shots -> KSHMR_Claps -> KSHMR_Pre-Shifted_Claps	KSHMR_Pre_Shifted_Clap_04	
Splice Sounds	Sounds of KSHMR Vol. 3	KSHMR_Drums -> KSHMR_Drum_One_shots -> KSHMR_Claps -> KSHMR_Pre-Shifted_Claps	KSHMR_Pre_Shifted_Clap_05	
Splice Sounds	Sounds of KSHMR Vol. 3	KSHMR_Drums -> KSHMR_Drum_One_shots -> KSHMR_Claps -> KSHMR_Pre-Shifted_Claps	KSHMR_Pre_Shifted_Clap_06	
Splice Sounds	Sounds of KSHMR Vol. 3	KSHMR_Drums -> KSHMR_Drum_One_shots -> KSHMR_Claps -> KSHMR_Pre-Shifted_Claps	KSHMR_Pre_Shifted_Clap_07	
Splice Sounds	Sounds of KSHMR Vol. 3	KSHMR_Drums -> KSHMR_Drum_One_shots -> KSHMR_Claps -> KSHMR_Pre-Shifted_Claps	KSHMR_Pre_Shifted_Clap_08	
Splice Sounds	Sounds of KSHMR Vol. 3	KSHMR_Drums -> KSHMR_Drum_One_shots -> KSHMR_Claps -> KSHMR_Pre-Shifted_Claps	KSHMR_Pre_Shifted_Clap_09	
Splice Sounds	Sounds of KSHMR Vol. 3	KSHMR_Drums -> KSHMR_Drum_One_shots -> KSHMR_Claps -> KSHMR_Pre-Shifted_Claps	KSHMR_Pre_Shifted_Clap_10	
Splice Sounds	Sounds of KSHMR Vol. 3	KSHMR_Drums -> KSHMR_Drum_One_shots -> KSHMR_Claps -> KSHMR_Pre-Shifted_Claps	KSHMR_Pre_Shifted_Clap_11	
Splice Sounds	Sounds of KSHMR Vol. 3	KSHMR_Drums -> KSHMR_Drum_One_shots -> KSHMR_Claps -> KSHMR_Pre-Shifted_Claps	KSHMR_Pre_Shifted_Clap_12	
Splice Sounds	Sounds of KSHMR Vol. 3	KSHMR_Drums -> KSHMR_Drum_One_shots -> KSHMR_Claps -> KSHMR_Pre-Shifted_Claps	KSHMR_Pre_Shifted_Clap_13	
Splice Sounds	Sounds of KSHMR Vol. 3	KSHMR_Drums -> KSHMR_Drum_One_shots -> KSHMR_Claps -> KSHMR_Pre-Shifted_Claps	KSHMR_Pre_Shifted_Clap_14	
Splice Sounds	Sounds of KSHMR Vol. 3	KSHMR_Drums -> KSHMR_Drum_One_shots -> KSHMR_Claps -> KSHMR_Pre-Shifted_Claps	KSHMR_Pre_Shifted_Clap_15	
Splice Sounds	Sounds of KSHMR Vol. 3	KSHMR_Drums -> KSHMR_Drum_One_shots -> KSHMR_Claps -> KSHMR_Pre-Shifted_Claps	KSHMR_Pre_Shifted_Clap_16	
Splice Sounds	Sounds of KSHMR Vol. 3	KSHMR_Drums -> KSHMR_Drum_One_shots -> KSHMR_Claps -> KSHMR_Pre-Shifted_Claps	KSHMR_Pre_Shifted_Clap_17	
Splice Sounds	Sounds of KSHMR Vol. 3	KSHMR_Drums -> KSHMR_Drum_One_shots -> KSHMR_Claps -> KSHMR_Pre-Shifted_Claps	KSHMR_Pre_Shifted_Clap_18	
Splice Sounds	Sounds of KSHMR Vol. 3	KSHMR_Drums -> KSHMR_Drum_One_shots -> KSHMR_Claps -> KSHMR_Pre-Shifted_Claps	KSHMR_Pre_Shifted_Clap_19	
Splice Sounds	Sounds of KSHMR Vol. 3	KSHMR_Drums -> KSHMR_Drum_One_shots -> KSHMR_Claps -> KSHMR_Pre-Shifted_Claps	KSHMR_Pre_Shifted_Clap_20	
Splice Sounds	Sounds of KSHMR Vol. 3	KSHMR_Drums -> KSHMR_Drum_One_shots -> KSHMR_Claps -> KSHMR_Pre-Shifted_Claps	KSHMR_Pre_Shifted_Clap_21	
Splice Sounds	Sounds of KSHMR Vol. 3	KSHMR_Drums -> KSHMR_Drum_One_shots -> KSHMR_Claps -> KSHMR_Pre-Shifted_Claps	KSHMR_Pre_Shifted_Clap_22	
Splice Sounds	Sounds of KSHMR Vol. 3	KSHMR_Drums -> KSHMR_Drum_One_shots -> KSHMR_Claps -> KSHMR_Pre-Shifted_Claps	KSHMR_Pre_Shifted_Clap_23	
Splice Sounds	Sounds of KSHMR Vol. 3	KSHMR_Drums -> KSHMR_Drum_One_shots -> KSHMR_Claps -> KSHMR_Pre-Shifted_Claps	KSHMR_Pre_Shifted_Clap_24	
Splice Sounds	Sounds of KSHMR Vol. 3	KSHMR_Drums -> KSHMR_Drum_One_shots -> KSHMR_Claps -> KSHMR_Pre-Shifted_Claps	KSHMR_Pre_Shifted_Clap_25	
Splice Sounds	Sounds of KSHMR Vol. 3	KSHMR_Drums -> KSHMR_Drum_One_shots -> KSHMR_Claps -> KSHMR_Pre-Shifted_Claps	KSHMR_Pre_Shifted_Clap_26	
Splice Sounds	Sounds of KSHMR Vol. 3	KSHMR_Drums -> KSHMR_Drum_One_shots -> KSHMR_Claps -> KSHMR_Pre-Shifted_Claps	KSHMR_Pre_Shifted_Clap_27	
Splice Sounds	Sounds of KSHMR Vol. 3	KSHMR_Drums -> KSHMR_Drum_One_shots -> KSHMR_Claps -> KSHMR_Pre-Shifted_Claps	KSHMR_Pre_Shifted_Clap_28	
Splice Sounds	Sounds of KSHMR Vol. 3	KSHMR_Drums -> KSHMR_Drum_One_shots -> KSHMR_Claps -> KSHMR_Pre-Shifted_Claps	KSHMR_Pre_Shifted_Clap_29	
Splice Sounds	Sounds of KSHMR Vol. 3	KSHMR_Drums -> KSHMR_Drum_One_shots -> KSHMR_Claps -> KSHMR_Regular_Claps	KSHMR_Clap_Airy_01	
Splice Sounds	Sounds of KSHMR Vol. 3	KSHMR_Drums -> KSHMR_Drum_One_shots -> KSHMR_Claps -> KSHMR_Regular_Claps	KSHMR_Clap_Airy_02	
Splice Sounds	Sounds of KSHMR Vol. 3	KSHMR_Drums -> KSHMR_Drum_One_shots -> KSHMR_Claps -> KSHMR_Regular_Claps	KSHMR_Clap_Airy_03	
Splice Sounds	Sounds of KSHMR Vol. 3	KSHMR_Drums -> KSHMR_Drum_One_shots -> KSHMR_Claps -> KSHMR_Regular_Claps	KSHMR_Clap_Airy_04	
Splice Sounds	Sounds of KSHMR Vol. 3	KSHMR_Drums -> KSHMR_Drum_One_shots -> KSHMR_Claps -> KSHMR_Regular_Claps	KSHMR_Clap_Airy_05	
Splice Sounds	Sounds of KSHMR Vol. 3	KSHMR_Drums -> KSHMR_Drum_One_shots -> KSHMR_Claps -> KSHMR_Regular_Claps	KSHMR_Clap_Classic_01	
Splice Sounds	Sounds of KSHMR Vol. 3	KSHMR_Drums -> KSHMR_Drum_One_shots -> KSHMR_Claps -> KSHMR_Regular_Claps	KSHMR_Clap_Classic_02	
Splice Sounds	Sounds of KSHMR Vol. 3	KSHMR_Drums -> KSHMR_Drum_One_shots -> KSHMR_Claps -> KSHMR_Regular_Claps	KSHMR_Clap_Classic_03	
Splice Sounds	Sounds of KSHMR Vol. 3	KSHMR_Drums -> KSHMR_Drum_One_shots -> KSHMR_Claps -> KSHMR_Regular_Claps	KSHMR_Clap_Classic_04	
Splice Sounds	Sounds of KSHMR Vol. 3	KSHMR_Drums -> KSHMR_Drum_One_shots -> KSHMR_Claps -> KSHMR_Regular_Claps	KSHMR_Clap_Classic_05	
Splice Sounds	Sounds of KSHMR Vol. 3	KSHMR_Drums -> KSHMR_Drum_One_shots -> KSHMR_Claps -> KSHMR_Regular_Claps	KSHMR_Clap_Classic_06	
Splice Sounds	Sounds of KSHMR Vol. 3	KSHMR_Drums -> KSHMR_Drum_One_shots -> KSHMR_Claps -> KSHMR_Regular_Claps	KSHMR_Clap_Classic_07	
Splice Sounds	Sounds of KSHMR Vol. 3	KSHMR_Drums -> KSHMR_Drum_One_shots -> KSHMR_Claps -> KSHMR_Regular_Claps	KSHMR_Clap_Classic_08	
Splice Sounds	Sounds of KSHMR Vol. 3	KSHMR_Drums -> KSHMR_Drum_One_shots -> KSHMR_Claps -> KSHMR_Regular_Claps	KSHMR_Clap_Classic_09	
Splice Sounds	Sounds of KSHMR Vol. 3	KSHMR_Drums -> KSHMR_Drum_One_shots -> KSHMR_Claps -> KSHMR_Regular_Claps	KSHMR_Clap_Dirty_01	
Splice Sounds	Sounds of KSHMR Vol. 3	KSHMR_Drums -> KSHMR_Drum_One_shots -> KSHMR_Claps -> KSHMR_Regular_Claps	KSHMR_Clap_Dirty_02	
Splice Sounds	Sounds of KSHMR Vol. 3	KSHMR_Drums -> KSHMR_Drum_One_shots -> KSHMR_Claps -> KSHMR_Regular_Claps	KSHMR_Clap_Dirty_03	
Splice Sounds	Sounds of KSHMR Vol. 3	KSHMR_Drums -> KSHMR_Drum_One_shots -> KSHMR_Claps -> KSHMR_Regular_Claps	KSHMR_Clap_Hard_01	
Splice Sounds	Sounds of KSHMR Vol. 3	KSHMR_Drums -> KSHMR_Drum_One_shots -> KSHMR_Claps -> KSHMR_Regular_Claps	KSHMR_Clap_Hard_02	
Splice Sounds	Sounds of KSHMR Vol. 3	KSHMR_Drums -> KSHMR_Drum_One_shots -> KSHMR_Claps -> KSHMR_Regular_Claps	KSHMR_Clap_Hard_03	
Splice Sounds	Sounds of KSHMR Vol. 3	KSHMR_Drums -> KSHMR_Drum_One_shots -> KSHMR_Claps -> KSHMR_Regular_Claps	KSHMR_Clap_Hard_04	
Splice Sounds	Sounds of KSHMR Vol. 3	KSHMR_Drums -> KSHMR_Drum_One_shots -> KSHMR_Claps -> KSHMR_Regular_Claps	KSHMR_Clap_Heavy_01	
Splice Sounds	Sounds of KSHMR Vol. 3	KSHMR_Drums -> KSHMR_Drum_One_shots -> KSHMR_Claps -> KSHMR_Regular_Claps	KSHMR_Clap_Heavy_02	
Splice Sounds	Sounds of KSHMR Vol. 3	KSHMR_Drums -> KSHMR_Drum_One_shots -> KSHMR_Claps -> KSHMR_Regular_Claps	KSHMR_Clap_Heavy_03	
Splice Sounds	Sounds of KSHMR Vol. 3	KSHMR_Drums -> KSHMR_Drum_One_shots -> KSHMR_Claps -> KSHMR_Regular_Claps	KSHMR_Clap_Heavy_04	
Splice Sounds	Sounds of KSHMR Vol. 3	KSHMR_Drums -> KSHMR_Drum_One_shots -> KSHMR_Claps -> KSHMR_Regular_Claps	KSHMR_Clap_Heavy_05	
Splice Sounds	Sounds of KSHMR Vol. 3	KSHMR_Drums -> KSHMR_Drum_One_shots -> KSHMR_Claps -> KSHMR_Regular_Claps	KSHMR_Clap_Heavy_06	
Splice Sounds	Sounds of KSHMR Vol. 3	KSHMR_Drums -> KSHMR_Drum_One_shots -> KSHMR_Claps -> KSHMR_Regular_Claps	KSHMR_Clap_Heavy_07	
Splice Sounds	Sounds of KSHMR Vol. 3	KSHMR_Drums -> KSHMR_Drum_One_shots -> KSHMR_Claps -> KSHMR_Regular_Claps	KSHMR_Clap_Juicy_01	
Splice Sounds	Sounds of KSHMR Vol. 3	KSHMR_Drums -> KSHMR_Drum_One_shots -> KSHMR_Claps -> KSHMR_Regular_Claps	KSHMR_Clap_Juicy_02	
Splice Sounds	Sounds of KSHMR Vol. 3	KSHMR_Drums -> KSHMR_Drum_One_shots -> KSHMR_Claps -> KSHMR_Regular_Claps	KSHMR_Clap_Juicy_03	
Splice Sounds	Sounds of KSHMR Vol. 3	KSHMR_Drums -> KSHMR_Drum_One_shots -> KSHMR_Claps -> KSHMR_Regular_Claps	KSHMR_Clap_Jungle_01	
Splice Sounds	Sounds of KSHMR Vol. 3	KSHMR_Drums -> KSHMR_Drum_One_shots -> KSHMR_Claps -> KSHMR_Regular_Claps	KSHMR_Clap_Jungle_02	
Splice Sounds	Sounds of KSHMR Vol. 3	KSHMR_Drums -> KSHMR_Drum_One_shots -> KSHMR_Claps -> KSHMR_Regular_Claps	KSHMR_Clap_Jungle_04	
Splice Sounds	Sounds of KSHMR Vol. 3	KSHMR_Drums -> KSHMR_Drum_One_shots -> KSHMR_Claps -> KSHMR_Regular_Claps	KSHMR_Clap_Jungle_05_D#	
Splice Sounds	Sounds of KSHMR Vol. 3	KSHMR_Drums -> KSHMR_Drum_One_shots -> KSHMR_Claps -> KSHMR_Regular_Claps	KSHMR_Clap_Like_A_G6	
Splice Sounds	Sounds of KSHMR Vol. 3	KSHMR_Drums -> KSHMR_Drum_One_shots -> KSHMR_Claps -> KSHMR_Regular_Claps	KSHMR_Clap_Slump_Clap_01	
Splice Sounds	Sounds of KSHMR Vol. 3	KSHMR_Drums -> KSHMR_Drum_One_shots -> KSHMR_Claps -> KSHMR_Regular_Claps	KSHMR_Clap_Slump_Clap_02	
Splice Sounds	Sounds of KSHMR Vol. 3	KSHMR_Drums -> KSHMR_Drum_One_shots -> KSHMR_Claps -> KSHMR_Regular_Claps	KSHMR_Clap_Slump_Clap_03	
Splice Sounds	Sounds of KSHMR Vol. 3	KSHMR_Drums -> KSHMR_Drum_One_shots -> KSHMR_Claps -> KSHMR_Regular_Claps	KSHMR_Clap_Slump_Clap_04	
Splice Sounds	Sounds of KSHMR Vol. 3	KSHMR_Drums -> KSHMR_Drum_One_shots -> KSHMR_Claps -> KSHMR_Regular_Claps	KSHMR_Clap_Snappy_01	
Splice Sounds	Sounds of KSHMR Vol. 3	KSHMR_Drums -> KSHMR_Drum_One_shots -> KSHMR_Claps -> KSHMR_Regular_Claps	KSHMR_Clap_Snappy_02	
Splice Sounds	Sounds of KSHMR Vol. 3	KSHMR_Drums -> KSHMR_Drum_One_shots -> KSHMR_Claps -> KSHMR_Regular_Claps	KSHMR_Clap_Snappy_03	
Splice Sounds	Sounds of KSHMR Vol. 3	KSHMR_Drums -> KSHMR_Drum_One_shots -> KSHMR_Claps -> KSHMR_Regular_Claps	KSHMR_Clap_Snappy_04	
Splice Sounds	Sounds of KSHMR Vol. 3	KSHMR_Drums -> KSHMR_Drum_One_shots -> KSHMR_Claps -> KSHMR_Regular_Claps	KSHMR_Clap_Snappy_05	
Splice Sounds	Sounds of KSHMR Vol. 3	KSHMR_Drums -> KSHMR_Drum_One_shots -> KSHMR_Claps -> KSHMR_Regular_Claps	KSHMR_Clap_Squeeze_Clap_01	
Splice Sounds	Sounds of KSHMR Vol. 3	KSHMR_Drums -> KSHMR_Drum_One_shots -> KSHMR_Claps -> KSHMR_Regular_Claps	KSHMR_Clap_Squeeze_Clap_02	
Splice Sounds	Sounds of KSHMR Vol. 3	KSHMR_Drums -> KSHMR_Drum_One_shots -> KSHMR_Claps -> KSHMR_Regular_Claps	KSHMR_Clap_Squeeze_Clap_03	
Splice Sounds	Sounds of KSHMR Vol. 3	KSHMR_Drums -> KSHMR_Drum_One_shots -> KSHMR_Claps -> KSHMR_Regular_Claps	KSHMR_Clap_Stick_Clap_01	
Splice Sounds	Sounds of KSHMR Vol. 3	KSHMR_Drums -> KSHMR_Drum_One_shots -> KSHMR_Claps -> KSHMR_Regular_Claps	KSHMR_Clap_Stick_Clap_02	
Splice Sounds	Sounds of KSHMR Vol. 3	KSHMR_Drums -> KSHMR_Drum_One_shots -> KSHMR_Claps -> KSHMR_Regular_Claps	KSHMR_Clap_Stick_Clap_03	
Splice Sounds	Sounds of KSHMR Vol. 3	KSHMR_Drums -> KSHMR_Drum_One_shots -> KSHMR_Claps -> KSHMR_Regular_Claps	KSHMR_Clap_Wide_Clap_01	
Splice Sounds	Sounds of KSHMR Vol. 3	KSHMR_Drums -> KSHMR_Drum_One_shots -> KSHMR_Claps -> KSHMR_Regular_Claps	KSHMR_Clap_Wide_Clap_02	
Splice Sounds	Sounds of KSHMR Vol. 3	KSHMR_Drums -> KSHMR_Drum_One_shots -> KSHMR_Claps -> KSHMR_Regular_Claps	KSHMR_Clap_Wide_Clap_03	
Splice Sounds	Sounds of KSHMR Vol. 3	KSHMR_Drums -> KSHMR_Drum_One_shots -> KSHMR_Claps -> KSHMR_Stadium_Claps	KSHMR_Stadium_Clap_01	
Splice Sounds	Sounds of KSHMR Vol. 3	KSHMR_Drums -> KSHMR_Drum_One_shots -> KSHMR_Claps -> KSHMR_Stadium_Claps	KSHMR_Stadium_Clap_02	
Splice Sounds	Sounds of KSHMR Vol. 3	KSHMR_Drums -> KSHMR_Drum_One_shots -> KSHMR_Claps -> KSHMR_Stadium_Claps	KSHMR_Stadium_Clap_03	
Splice Sounds	Sounds of KSHMR Vol. 3	KSHMR_Drums -> KSHMR_Drum_One_shots -> KSHMR_Claps -> KSHMR_Stadium_Claps	KSHMR_Stadium_Clap_04	
Splice Sounds	Sounds of KSHMR Vol. 3	KSHMR_Drums -> KSHMR_Drum_One_shots -> KSHMR_Claps -> KSHMR_Stadium_Claps	KSHMR_Stadium_Clap_05	
Splice Sounds	Sounds of KSHMR Vol. 3	KSHMR_Drums -> KSHMR_Drum_One_shots -> KSHMR_Claps -> KSHMR_Stadium_Claps	KSHMR_Stadium_Clap_06	
Splice Sounds	Sounds of KSHMR Vol. 3	KSHMR_Drums -> KSHMR_Drum_One_shots -> KSHMR_Claps -> KSHMR_Stadium_Claps	KSHMR_Stadium_Clap_07	
Splice Sounds	Sounds of KSHMR Vol. 3	KSHMR_Drums -> KSHMR_Drum_One_shots -> KSHMR_Claps -> KSHMR_Stadium_Claps	KSHMR_Stadium_Clap_08	
Splice Sounds	Sounds of KSHMR Vol. 3	KSHMR_Drums -> KSHMR_Drum_One_shots -> KSHMR_Claps -> KSHMR_Stadium_Claps	KSHMR_Stadium_Clap_09	
Splice Sounds	Sounds of KSHMR Vol. 3	KSHMR_Drums -> KSHMR_Drum_One_shots -> KSHMR_Claps -> KSHMR_Trap_Claps	KSHMR_Trap_Clap_01	
Splice Sounds	Sounds of KSHMR Vol. 3	KSHMR_Drums -> KSHMR_Drum_One_shots -> KSHMR_Claps -> KSHMR_Trap_Claps	KSHMR_Trap_Clap_02	
Splice Sounds	Sounds of KSHMR Vol. 3	KSHMR_Drums -> KSHMR_Drum_One_shots -> KSHMR_Claps -> KSHMR_Trap_Claps	KSHMR_Trap_Clap_03	
Splice Sounds	Sounds of KSHMR Vol. 3	KSHMR_Drums -> KSHMR_Drum_One_shots -> KSHMR_Claps -> KSHMR_Trap_Claps	KSHMR_Trap_Clap_04	
Splice Sounds	Sounds of KSHMR Vol. 3	KSHMR_Drums -> KSHMR_Drum_One_shots -> KSHMR_Claps -> KSHMR_Trap_Claps	KSHMR_Trap_Clap_06	
Splice Sounds	Sounds of KSHMR Vol. 3	KSHMR_Drums -> KSHMR_Drum_One_shots -> KSHMR_Claps -> KSHMR_Trap_Claps	KSHMR_Trap_Clap_07	
Splice Sounds	Sounds of KSHMR Vol. 3	KSHMR_Drums -> KSHMR_Drum_One_shots -> KSHMR_Claps -> KSHMR_Trap_Claps	KSHMR_Trap_Clap_08	
Splice Sounds	Sounds of KSHMR Vol. 3	KSHMR_Drums -> KSHMR_Drum_One_shots -> KSHMR_Claps -> KSHMR_Trap_Claps	KSHMR_Trap_Clap_09	
Splice Sounds	Sounds of KSHMR Vol. 3	KSHMR_Drums -> KSHMR_Drum_One_shots -> KSHMR_Claps -> KSHMR_Trap_Claps	KSHMR_Trap_Clap_10	
Splice Sounds	Sounds of KSHMR Vol. 3	KSHMR_Drums -> KSHMR_Drum_One_shots -> KSHMR_Claps -> KSHMR_Trap_Claps	KSHMR_Trap_Clap_11	
Splice Sounds	Sounds of KSHMR Vol. 3	KSHMR_Drums -> KSHMR_Drum_One_shots -> KSHMR_Claps -> KSHMR_Trap_Claps	KSHMR_Trap_Clap_12	
Splice Sounds	Sounds of KSHMR Vol. 3	KSHMR_Drums -> KSHMR_Drum_One_shots -> KSHMR_Cymbals -> KSHMR_Crashes	KSHMR_Crash_01	
Splice Sounds	Sounds of KSHMR Vol. 3	KSHMR_Drums -> KSHMR_Drum_One_shots -> KSHMR_Cymbals -> KSHMR_Crashes	KSHMR_Crash_02	
Splice Sounds	Sounds of KSHMR Vol. 3	KSHMR_Drums -> KSHMR_Drum_One_shots -> KSHMR_Cymbals -> KSHMR_Crashes	KSHMR_Crash_03	
Splice Sounds	Sounds of KSHMR Vol. 3	KSHMR_Drums -> KSHMR_Drum_One_shots -> KSHMR_Cymbals -> KSHMR_Crashes	KSHMR_Crash_04	
Splice Sounds	Sounds of KSHMR Vol. 3	KSHMR_Drums -> KSHMR_Drum_One_shots -> KSHMR_Cymbals -> KSHMR_Crashes	KSHMR_Crash_05	
Splice Sounds	Sounds of KSHMR Vol. 3	KSHMR_Drums -> KSHMR_Drum_One_shots -> KSHMR_Cymbals -> KSHMR_Crashes	KSHMR_Crash_06	
Splice Sounds	Sounds of KSHMR Vol. 3	KSHMR_Drums -> KSHMR_Drum_One_shots -> KSHMR_Cymbals -> KSHMR_Crashes	KSHMR_Crash_07	
Splice Sounds	Sounds of KSHMR Vol. 3	KSHMR_Drums -> KSHMR_Drum_One_shots -> KSHMR_Cymbals -> KSHMR_Crashes	KSHMR_Crash_08	
Splice Sounds	Sounds of KSHMR Vol. 3	KSHMR_Drums -> KSHMR_Drum_One_shots -> KSHMR_Cymbals -> KSHMR_Crashes	KSHMR_Crash_09	
Splice Sounds	Sounds of KSHMR Vol. 3	KSHMR_Drums -> KSHMR_Drum_One_shots -> KSHMR_Cymbals -> KSHMR_Crashes	KSHMR_Crash_10	
Splice Sounds	Sounds of KSHMR Vol. 3	KSHMR_Drums -> KSHMR_Drum_One_shots -> KSHMR_Cymbals -> KSHMR_Crashes	KSHMR_Crash_11	
Splice Sounds	Sounds of KSHMR Vol. 3	KSHMR_Drums -> KSHMR_Drum_One_shots -> KSHMR_Cymbals -> KSHMR_Crashes	KSHMR_Crash_12	
Splice Sounds	Sounds of KSHMR Vol. 3	KSHMR_Drums -> KSHMR_Drum_One_shots -> KSHMR_Cymbals -> KSHMR_Crashes	KSHMR_Crash_13	
Splice Sounds	Sounds of KSHMR Vol. 3	KSHMR_Drums -> KSHMR_Drum_One_shots -> KSHMR_Cymbals -> KSHMR_Crashes	KSHMR_Crash_14	
Splice Sounds	Sounds of KSHMR Vol. 3	KSHMR_Drums -> KSHMR_Drum_One_shots -> KSHMR_Cymbals -> KSHMR_Crashes	KSHMR_Crash_15	
Splice Sounds	Sounds of KSHMR Vol. 3	KSHMR_Drums -> KSHMR_Drum_One_shots -> KSHMR_Cymbals -> KSHMR_Crashes	KSHMR_Crash_16	
Splice Sounds	Sounds of KSHMR Vol. 3	KSHMR_Drums -> KSHMR_Drum_One_shots -> KSHMR_Cymbals -> KSHMR_Crashes	KSHMR_Crash_17_Long	
Splice Sounds	Sounds of KSHMR Vol. 3	KSHMR_Drums -> KSHMR_Drum_One_shots -> KSHMR_Cymbals -> KSHMR_Crashes	KSHMR_Crash_18_Drum_Machine	
Splice Sounds	Sounds of KSHMR Vol. 3	KSHMR_Drums -> KSHMR_Drum_One_shots -> KSHMR_Cymbals -> KSHMR_Crashes	KSHMR_Crash_19_Drum_Machine	
Splice Sounds	Sounds of KSHMR Vol. 3	KSHMR_Drums -> KSHMR_Drum_One_shots -> KSHMR_Cymbals -> KSHMR_Crashes	KSHMR_Crash_20_Drum_Machine	
Splice Sounds	Sounds of KSHMR Vol. 3	KSHMR_Drums -> KSHMR_Drum_One_shots -> KSHMR_Cymbals -> KSHMR_Crashes	KSHMR_Crash_FX_01_Glitch_Out	
Splice Sounds	Sounds of KSHMR Vol. 3	KSHMR_Drums -> KSHMR_Drum_One_shots -> KSHMR_Cymbals -> KSHMR_Crashes	KSHMR_Crash_FX_02_Tape_Stop	
Splice Sounds	Sounds of KSHMR Vol. 3	KSHMR_Drums -> KSHMR_Drum_One_shots -> KSHMR_Cymbals -> KSHMR_Crashes	KSHMR_Crash_FX_03_Tape_Stop	
Splice Sounds	Sounds of KSHMR Vol. 3	KSHMR_Drums -> KSHMR_Drum_One_shots -> KSHMR_Cymbals -> KSHMR_Hi_Hats_Closed	KSHMR_Closed_Hat_01_Clean	
Splice Sounds	Sounds of KSHMR Vol. 3	KSHMR_Drums -> KSHMR_Drum_One_shots -> KSHMR_Cymbals -> KSHMR_Hi_Hats_Closed	KSHMR_Closed_Hat_02_Clean	
Splice Sounds	Sounds of KSHMR Vol. 3	KSHMR_Drums -> KSHMR_Drum_One_shots -> KSHMR_Cymbals -> KSHMR_Hi_Hats_Closed	KSHMR_Closed_Hat_03_Clean	
Splice Sounds	Sounds of KSHMR Vol. 3	KSHMR_Drums -> KSHMR_Drum_One_shots -> KSHMR_Cymbals -> KSHMR_Hi_Hats_Closed	KSHMR_Closed_Hat_04_Clean	
Splice Sounds	Sounds of KSHMR Vol. 3	KSHMR_Drums -> KSHMR_Drum_One_shots -> KSHMR_Cymbals -> KSHMR_Hi_Hats_Closed	KSHMR_Closed_Hat_05_Clean	
Splice Sounds	Sounds of KSHMR Vol. 3	KSHMR_Drums -> KSHMR_Drum_One_shots -> KSHMR_Cymbals -> KSHMR_Hi_Hats_Closed	KSHMR_Closed_Hat_06_Clean	
Splice Sounds	Sounds of KSHMR Vol. 3	KSHMR_Drums -> KSHMR_Drum_One_shots -> KSHMR_Cymbals -> KSHMR_Hi_Hats_Closed	KSHMR_Closed_Hat_07_Clean	
Splice Sounds	Sounds of KSHMR Vol. 3	KSHMR_Drums -> KSHMR_Drum_One_shots -> KSHMR_Cymbals -> KSHMR_Hi_Hats_Closed	KSHMR_Closed_Hat_08_Clean	
Splice Sounds	Sounds of KSHMR Vol. 3	KSHMR_Drums -> KSHMR_Drum_One_shots -> KSHMR_Cymbals -> KSHMR_Hi_Hats_Closed	KSHMR_Closed_Hat_09_Dirty	
Splice Sounds	Sounds of KSHMR Vol. 3	KSHMR_Drums -> KSHMR_Drum_One_shots -> KSHMR_Cymbals -> KSHMR_Hi_Hats_Closed	KSHMR_Closed_Hat_10_Dirty	
Splice Sounds	Sounds of KSHMR Vol. 3	KSHMR_Drums -> KSHMR_Drum_One_shots -> KSHMR_Cymbals -> KSHMR_Hi_Hats_Closed	KSHMR_Closed_Hat_11_Dirty	
Splice Sounds	Sounds of KSHMR Vol. 3	KSHMR_Drums -> KSHMR_Drum_One_shots -> KSHMR_Cymbals -> KSHMR_Hi_Hats_Closed	KSHMR_Closed_Hat_12_Dirty	
Splice Sounds	Sounds of KSHMR Vol. 3	KSHMR_Drums -> KSHMR_Drum_One_shots -> KSHMR_Cymbals -> KSHMR_Hi_Hats_Closed	KSHMR_Closed_Hat_13_Dirty	
Splice Sounds	Sounds of KSHMR Vol. 3	KSHMR_Drums -> KSHMR_Drum_One_shots -> KSHMR_Cymbals -> KSHMR_Hi_Hats_Closed	KSHMR_Closed_Hat_14_Vinyl	
Splice Sounds	Sounds of KSHMR Vol. 3	KSHMR_Drums -> KSHMR_Drum_One_shots -> KSHMR_Cymbals -> KSHMR_Hi_Hats_Closed	KSHMR_Closed_Hat_15_Vinyl	
Splice Sounds	Sounds of KSHMR Vol. 3	KSHMR_Drums -> KSHMR_Drum_One_shots -> KSHMR_Cymbals -> KSHMR_Hi_Hats_Closed	KSHMR_Closed_Hat_16_Vinyl	
Splice Sounds	Sounds of KSHMR Vol. 3	KSHMR_Drums -> KSHMR_Drum_One_shots -> KSHMR_Cymbals -> KSHMR_Hi_Hats_Closed	KSHMR_Closed_Hat_17_Vinyl	
Splice Sounds	Sounds of KSHMR Vol. 3	KSHMR_Drums -> KSHMR_Drum_One_shots -> KSHMR_Cymbals -> KSHMR_Hi_Hats_Closed	KSHMR_Closed_Hat_18_Vinyl	
Splice Sounds	Sounds of KSHMR Vol. 3	KSHMR_Drums -> KSHMR_Drum_One_shots -> KSHMR_Cymbals -> KSHMR_Hi_Hats_Closed	KSHMR_Closed_Hat_19_Wide	
Splice Sounds	Sounds of KSHMR Vol. 3	KSHMR_Drums -> KSHMR_Drum_One_shots -> KSHMR_Cymbals -> KSHMR_Hi_Hats_Closed	KSHMR_Closed_Hat_20_Wide	
Splice Sounds	Sounds of KSHMR Vol. 3	KSHMR_Drums -> KSHMR_Drum_One_shots -> KSHMR_Cymbals -> KSHMR_Hi_Hats_Closed	KSHMR_Closed_Hat_21_Wide	
Splice Sounds	Sounds of KSHMR Vol. 3	KSHMR_Drums -> KSHMR_Drum_One_shots -> KSHMR_Cymbals -> KSHMR_Hi_Hats_Closed	KSHMR_Closed_Hat_22_Wide	
Splice Sounds	Sounds of KSHMR Vol. 3	KSHMR_Drums -> KSHMR_Drum_One_shots -> KSHMR_Cymbals -> KSHMR_Hi_Hats_Closed	KSHMR_Closed_Hat_23_Wide	
Splice Sounds	Sounds of KSHMR Vol. 3	KSHMR_Drums -> KSHMR_Drum_One_shots -> KSHMR_Cymbals -> KSHMR_Hi_Hats_Open	KSHMR_Open_Hat_01_Short	
Splice Sounds	Sounds of KSHMR Vol. 3	KSHMR_Drums -> KSHMR_Drum_One_shots -> KSHMR_Cymbals -> KSHMR_Hi_Hats_Open	KSHMR_Open_Hat_02_Short	
Splice Sounds	Sounds of KSHMR Vol. 3	KSHMR_Drums -> KSHMR_Drum_One_shots -> KSHMR_Cymbals -> KSHMR_Hi_Hats_Open	KSHMR_Open_Hat_03_Short	
Splice Sounds	Sounds of KSHMR Vol. 3	KSHMR_Drums -> KSHMR_Drum_One_shots -> KSHMR_Cymbals -> KSHMR_Hi_Hats_Open	KSHMR_Open_Hat_04_Short	
Splice Sounds	Sounds of KSHMR Vol. 3	KSHMR_Drums -> KSHMR_Drum_One_shots -> KSHMR_Cymbals -> KSHMR_Hi_Hats_Open	KSHMR_Open_Hat_05_Short	
Splice Sounds	Sounds of KSHMR Vol. 3	KSHMR_Drums -> KSHMR_Drum_One_shots -> KSHMR_Cymbals -> KSHMR_Hi_Hats_Open	KSHMR_Open_Hat_06_Short	
Splice Sounds	Sounds of KSHMR Vol. 3	KSHMR_Drums -> KSHMR_Drum_One_shots -> KSHMR_Cymbals -> KSHMR_Hi_Hats_Open	KSHMR_Open_Hat_07_Short	
Splice Sounds	Sounds of KSHMR Vol. 3	KSHMR_Drums -> KSHMR_Drum_One_shots -> KSHMR_Cymbals -> KSHMR_Hi_Hats_Open	KSHMR_Open_Hat_08_Short	
Splice Sounds	Sounds of KSHMR Vol. 3	KSHMR_Drums -> KSHMR_Drum_One_shots -> KSHMR_Cymbals -> KSHMR_Hi_Hats_Open	KSHMR_Open_Hat_09_Natural	
Splice Sounds	Sounds of KSHMR Vol. 3	KSHMR_Drums -> KSHMR_Drum_One_shots -> KSHMR_Cymbals -> KSHMR_Hi_Hats_Open	KSHMR_Open_Hat_10_Natural	
Splice Sounds	Sounds of KSHMR Vol. 3	KSHMR_Drums -> KSHMR_Drum_One_shots -> KSHMR_Cymbals -> KSHMR_Hi_Hats_Open	KSHMR_Open_Hat_11_Natural	
Splice Sounds	Sounds of KSHMR Vol. 3	KSHMR_Drums -> KSHMR_Drum_One_shots -> KSHMR_Cymbals -> KSHMR_Hi_Hats_Open	KSHMR_Open_Hat_12_Natural	
Splice Sounds	Sounds of KSHMR Vol. 3	KSHMR_Drums -> KSHMR_Drum_One_shots -> KSHMR_Cymbals -> KSHMR_Hi_Hats_Open	KSHMR_Open_Hat_13_Natural	
Splice Sounds	Sounds of KSHMR Vol. 3	KSHMR_Drums -> KSHMR_Drum_One_shots -> KSHMR_Cymbals -> KSHMR_Hi_Hats_Open	KSHMR_Open_Hat_14_Natural	
Splice Sounds	Sounds of KSHMR Vol. 3	KSHMR_Drums -> KSHMR_Drum_One_shots -> KSHMR_Cymbals -> KSHMR_Hi_Hats_Open	KSHMR_Open_Hat_15_808	
Splice Sounds	Sounds of KSHMR Vol. 3	KSHMR_Drums -> KSHMR_Drum_One_shots -> KSHMR_Cymbals -> KSHMR_Hi_Hats_Open	KSHMR_Open_Hat_16_808	
Splice Sounds	Sounds of KSHMR Vol. 3	KSHMR_Drums -> KSHMR_Drum_One_shots -> KSHMR_Cymbals -> KSHMR_Hi_Hats_Open	KSHMR_Open_Hat_17_808	
Splice Sounds	Sounds of KSHMR Vol. 3	KSHMR_Drums -> KSHMR_Drum_One_shots -> KSHMR_Cymbals -> KSHMR_Hi_Hats_Open	KSHMR_Open_Hat_18_808	
Splice Sounds	Sounds of KSHMR Vol. 3	KSHMR_Drums -> KSHMR_Drum_One_shots -> KSHMR_Cymbals -> KSHMR_Hi_Hats_Open	KSHMR_Open_Hat_19_808	
Splice Sounds	Sounds of KSHMR Vol. 3	KSHMR_Drums -> KSHMR_Drum_One_shots -> KSHMR_Cymbals -> KSHMR_Rides	KSHMR_Ride_01	
Splice Sounds	Sounds of KSHMR Vol. 3	KSHMR_Drums -> KSHMR_Drum_One_shots -> KSHMR_Cymbals -> KSHMR_Rides	KSHMR_Ride_02	
Splice Sounds	Sounds of KSHMR Vol. 3	KSHMR_Drums -> KSHMR_Drum_One_shots -> KSHMR_Cymbals -> KSHMR_Rides	KSHMR_Ride_03	
Splice Sounds	Sounds of KSHMR Vol. 3	KSHMR_Drums -> KSHMR_Drum_One_shots -> KSHMR_Cymbals -> KSHMR_Rides	KSHMR_Ride_04	
Splice Sounds	Sounds of KSHMR Vol. 3	KSHMR_Drums -> KSHMR_Drum_One_shots -> KSHMR_Cymbals -> KSHMR_Rides	KSHMR_Ride_05	
Splice Sounds	Sounds of KSHMR Vol. 3	KSHMR_Drums -> KSHMR_Drum_One_shots -> KSHMR_Cymbals -> KSHMR_Rides	KSHMR_Ride_06	
Splice Sounds	Sounds of KSHMR Vol. 3	KSHMR_Drums -> KSHMR_Drum_One_shots -> KSHMR_Cymbals -> KSHMR_Rides	KSHMR_Ride_07	
Splice Sounds	Sounds of KSHMR Vol. 3	KSHMR_Drums -> KSHMR_Drum_One_shots -> KSHMR_Cymbals -> KSHMR_Rides	KSHMR_Ride_08	
Splice Sounds	Sounds of KSHMR Vol. 3	KSHMR_Drums -> KSHMR_Drum_One_shots -> KSHMR_Cymbals -> KSHMR_Rides	KSHMR_Ride_09	
Splice Sounds	Sounds of KSHMR Vol. 3	KSHMR_Drums -> KSHMR_Drum_One_shots -> KSHMR_Cymbals -> KSHMR_Rides	KSHMR_Ride_10	
Splice Sounds	Sounds of KSHMR Vol. 3	KSHMR_Drums -> KSHMR_Drum_One_shots -> KSHMR_Cymbals -> KSHMR_Rides	KSHMR_Ride_11	
Splice Sounds	Sounds of KSHMR Vol. 3	KSHMR_Drums -> KSHMR_Drum_One_shots -> KSHMR_Cymbals -> KSHMR_Rides	KSHMR_Ride_12	
Splice Sounds	Sounds of KSHMR Vol. 3	KSHMR_Drums -> KSHMR_Drum_One_shots -> KSHMR_Cymbals -> KSHMR_Rides	KSHMR_Ride_13	
Splice Sounds	Sounds of KSHMR Vol. 3	KSHMR_Drums -> KSHMR_Drum_One_shots -> KSHMR_Cymbals -> KSHMR_Rides	KSHMR_Ride_14	
Splice Sounds	Sounds of KSHMR Vol. 3	KSHMR_Drums -> KSHMR_Drum_One_shots -> KSHMR_Cymbals -> KSHMR_Rides	KSHMR_Ride_15	
Splice Sounds	Sounds of KSHMR Vol. 3	KSHMR_Drums -> KSHMR_Drum_One_shots -> KSHMR_Cymbals -> KSHMR_Rides	KSHMR_Ride_16	
Splice Sounds	Sounds of KSHMR Vol. 3	KSHMR_Drums -> KSHMR_Drum_One_shots -> KSHMR_Cymbals -> KSHMR_Rides	KSHMR_Ride_17	
Splice Sounds	Sounds of KSHMR Vol. 3	KSHMR_Drums -> KSHMR_Drum_One_shots -> KSHMR_Cymbals -> KSHMR_Rides	KSHMR_Ride_18_Drum_Machine	
Splice Sounds	Sounds of KSHMR Vol. 3	KSHMR_Drums -> KSHMR_Drum_One_shots -> KSHMR_Cymbals -> KSHMR_Rides	KSHMR_Ride_19_Quicky	
Splice Sounds	Sounds of KSHMR Vol. 3	KSHMR_Drums -> KSHMR_Drum_One_shots -> KSHMR_Cymbals -> KSHMR_Rides	KSHMR_Ride_20_Tonal_C	
Splice Sounds	Sounds of KSHMR Vol. 3	KSHMR_Drums -> KSHMR_Drum_One_shots -> KSHMR_Drum_Enhancers	KSHMR_Kick_Enhancer_01_Deep_Stomp	
Splice Sounds	Sounds of KSHMR Vol. 3	KSHMR_Drums -> KSHMR_Drum_One_shots -> KSHMR_Drum_Enhancers	KSHMR_Kick_Enhancer_02_Deep_Stomp	
Splice Sounds	Sounds of KSHMR Vol. 3	KSHMR_Drums -> KSHMR_Drum_One_shots -> KSHMR_Drum_Enhancers	KSHMR_Kick_Enhancer_03_Drain	
Splice Sounds	Sounds of KSHMR Vol. 3	KSHMR_Drums -> KSHMR_Drum_One_shots -> KSHMR_Drum_Enhancers	KSHMR_Kick_Enhancer_04_Ratchet	
Splice Sounds	Sounds of KSHMR Vol. 3	KSHMR_Drums -> KSHMR_Drum_One_shots -> KSHMR_Drum_Enhancers	KSHMR_Kick_Enhancer_05_Squishy	
Splice Sounds	Sounds of KSHMR Vol. 3	KSHMR_Drums -> KSHMR_Drum_One_shots -> KSHMR_Drum_Enhancers	KSHMR_Kick_Enhancer_06_Stomp	
Splice Sounds	Sounds of KSHMR Vol. 3	KSHMR_Drums -> KSHMR_Drum_One_shots -> KSHMR_Drum_Enhancers	KSHMR_Kick_Enhancer_07_Stomp	
Splice Sounds	Sounds of KSHMR Vol. 3	KSHMR_Drums -> KSHMR_Drum_One_shots -> KSHMR_Drum_Enhancers	KSHMR_Kick_Enhancer_08_Stomp	
Splice Sounds	Sounds of KSHMR Vol. 3	KSHMR_Drums -> KSHMR_Drum_One_shots -> KSHMR_Drum_Enhancers	KSHMR_Kick_Enhancer_09_Sub	
Splice Sounds	Sounds of KSHMR Vol. 3	KSHMR_Drums -> KSHMR_Drum_One_shots -> KSHMR_Drum_Enhancers	KSHMR_Kick_Enhancer_10_Sub	
Splice Sounds	Sounds of KSHMR Vol. 3	KSHMR_Drums -> KSHMR_Drum_One_shots -> KSHMR_Drum_Enhancers	KSHMR_Kick_Enhancer_11_Sub_D#	
Splice Sounds	Sounds of KSHMR Vol. 3	KSHMR_Drums -> KSHMR_Drum_One_shots -> KSHMR_Drum_Enhancers	KSHMR_Kick_Enhancer_12_Sub_F#	
Splice Sounds	Sounds of KSHMR Vol. 3	KSHMR_Drums -> KSHMR_Drum_One_shots -> KSHMR_Drum_Enhancers	KSHMR_Kick_Enhancer_13_Underwater	
Splice Sounds	Sounds of KSHMR Vol. 3	KSHMR_Drums -> KSHMR_Drum_One_shots -> KSHMR_Drum_Enhancers	KSHMR_Kick_Enhancer_14_Vinyl	
Splice Sounds	Sounds of KSHMR Vol. 3	KSHMR_Drums -> KSHMR_Drum_One_shots -> KSHMR_Drum_Enhancers	KSHMR_Snare_Enhancer_01_Breaking_Glass	
Splice Sounds	Sounds of KSHMR Vol. 3	KSHMR_Drums -> KSHMR_Drum_One_shots -> KSHMR_Drum_Enhancers	KSHMR_Snare_Enhancer_02_Breaking_Glass	
Splice Sounds	Sounds of KSHMR Vol. 3	KSHMR_Drums -> KSHMR_Drum_One_shots -> KSHMR_Drum_Enhancers	KSHMR_Snare_Enhancer_03_Breaking_Glass	
Splice Sounds	Sounds of KSHMR Vol. 3	KSHMR_Drums -> KSHMR_Drum_One_shots -> KSHMR_Drum_Enhancers	KSHMR_Snare_Enhancer_04_Breaking_Glass	
Splice Sounds	Sounds of KSHMR Vol. 3	KSHMR_Drums -> KSHMR_Drum_One_shots -> KSHMR_Drum_Enhancers	KSHMR_Snare_Enhancer_05_Breaking_Glass	
Splice Sounds	Sounds of KSHMR Vol. 3	KSHMR_Drums -> KSHMR_Drum_One_shots -> KSHMR_Drum_Enhancers	KSHMR_Snare_Enhancer_06_Clap_Tail	
Splice Sounds	Sounds of KSHMR Vol. 3	KSHMR_Drums -> KSHMR_Drum_One_shots -> KSHMR_Drum_Enhancers	KSHMR_Snare_Enhancer_07_Crackle_Pan	
Splice Sounds	Sounds of KSHMR Vol. 3	KSHMR_Drums -> KSHMR_Drum_One_shots -> KSHMR_Drum_Enhancers	KSHMR_Snare_Enhancer_08_Crowd_Noise	
Splice Sounds	Sounds of KSHMR Vol. 3	KSHMR_Drums -> KSHMR_Drum_One_shots -> KSHMR_Drum_Enhancers	KSHMR_Snare_Enhancer_09_Crowd_Noise	
Splice Sounds	Sounds of KSHMR Vol. 3	KSHMR_Drums -> KSHMR_Drum_One_shots -> KSHMR_Drum_Enhancers	KSHMR_Snare_Enhancer_10_Crowd_Noise	
Splice Sounds	Sounds of KSHMR Vol. 3	KSHMR_Drums -> KSHMR_Drum_One_shots -> KSHMR_Drum_Enhancers	KSHMR_Snare_Enhancer_11_Crowd_Noise	
Splice Sounds	Sounds of KSHMR Vol. 3	KSHMR_Drums -> KSHMR_Drum_One_shots -> KSHMR_Drum_Enhancers	KSHMR_Snare_Enhancer_12_Crunch	
Splice Sounds	Sounds of KSHMR Vol. 3	KSHMR_Drums -> KSHMR_Drum_One_shots -> KSHMR_Drum_Enhancers	KSHMR_Snare_Enhancer_13_Crunch	
Splice Sounds	Sounds of KSHMR Vol. 3	KSHMR_Drums -> KSHMR_Drum_One_shots -> KSHMR_Drum_Enhancers	KSHMR_Snare_Enhancer_14_Crunch	
Splice Sounds	Sounds of KSHMR Vol. 3	KSHMR_Drums -> KSHMR_Drum_One_shots -> KSHMR_Drum_Enhancers	KSHMR_Snare_Enhancer_15_Crunch	
Splice Sounds	Sounds of KSHMR Vol. 3	KSHMR_Drums -> KSHMR_Drum_One_shots -> KSHMR_Drum_Enhancers	KSHMR_Snare_Enhancer_16_Fire	
Splice Sounds	Sounds of KSHMR Vol. 3	KSHMR_Drums -> KSHMR_Drum_One_shots -> KSHMR_Drum_Enhancers	KSHMR_Snare_Enhancer_17_Flush	
Splice Sounds	Sounds of KSHMR Vol. 3	KSHMR_Drums -> KSHMR_Drum_One_shots -> KSHMR_Drum_Enhancers	KSHMR_Snare_Enhancer_18_Knock	
Splice Sounds	Sounds of KSHMR Vol. 3	KSHMR_Drums -> KSHMR_Drum_One_shots -> KSHMR_Drum_Enhancers	KSHMR_Snare_Enhancer_19_Knock	
Splice Sounds	Sounds of KSHMR Vol. 3	KSHMR_Drums -> KSHMR_Drum_One_shots -> KSHMR_Drum_Enhancers	KSHMR_Snare_Enhancer_20_Knock	
Splice Sounds	Sounds of KSHMR Vol. 3	KSHMR_Drums -> KSHMR_Drum_One_shots -> KSHMR_Drum_Enhancers	KSHMR_Snare_Enhancer_21_Lofi_Wind	
Splice Sounds	Sounds of KSHMR Vol. 3	KSHMR_Drums -> KSHMR_Drum_One_shots -> KSHMR_Drum_Enhancers	KSHMR_Snare_Enhancer_22_Noise_Airy	
Splice Sounds	Sounds of KSHMR Vol. 3	KSHMR_Drums -> KSHMR_Drum_One_shots -> KSHMR_Drum_Enhancers	KSHMR_Snare_Enhancer_23_Noise_Hard	
Splice Sounds	Sounds of KSHMR Vol. 3	KSHMR_Drums -> KSHMR_Drum_One_shots -> KSHMR_Drum_Enhancers	KSHMR_Snare_Enhancer_24_Noise_Hard	
Splice Sounds	Sounds of KSHMR Vol. 3	KSHMR_Drums -> KSHMR_Drum_One_shots -> KSHMR_Drum_Enhancers	KSHMR_Snare_Enhancer_25_Noise_Medium	
Splice Sounds	Sounds of KSHMR Vol. 3	KSHMR_Drums -> KSHMR_Drum_One_shots -> KSHMR_Drum_Enhancers	KSHMR_Snare_Enhancer_26_Noise_Short	
Splice Sounds	Sounds of KSHMR Vol. 3	KSHMR_Drums -> KSHMR_Drum_One_shots -> KSHMR_Drum_Enhancers	KSHMR_Snare_Enhancer_27_Noise_Short	
Splice Sounds	Sounds of KSHMR Vol. 3	KSHMR_Drums -> KSHMR_Drum_One_shots -> KSHMR_Drum_Enhancers	KSHMR_Snare_Enhancer_28_Noise_Short	
Splice Sounds	Sounds of KSHMR Vol. 3	KSHMR_Drums -> KSHMR_Drum_One_shots -> KSHMR_Drum_Enhancers	KSHMR_Snare_Enhancer_29_Shaker	
Splice Sounds	Sounds of KSHMR Vol. 3	KSHMR_Drums -> KSHMR_Drum_One_shots -> KSHMR_Drum_Enhancers	KSHMR_Snare_Enhancer_30_Shaker	
Splice Sounds	Sounds of KSHMR Vol. 3	KSHMR_Drums -> KSHMR_Drum_One_shots -> KSHMR_Drum_Enhancers	KSHMR_Snare_Enhancer_31_Shaker	
Splice Sounds	Sounds of KSHMR Vol. 3	KSHMR_Drums -> KSHMR_Drum_One_shots -> KSHMR_Drum_Enhancers	KSHMR_Snare_Enhancer_32_Vinyl	
Splice Sounds	Sounds of KSHMR Vol. 3	KSHMR_Drums -> KSHMR_Drum_One_shots -> KSHMR_Drum_Enhancers	KSHMR_Snare_Enhancer_33_Vinyl	
Splice Sounds	Sounds of KSHMR Vol. 3	KSHMR_Drums -> KSHMR_Drum_One_shots -> KSHMR_Drum_Enhancers	KSHMR_Snare_Enhancer_34_Vinyl	
Splice Sounds	Sounds of KSHMR Vol. 3	KSHMR_Drums -> KSHMR_Drum_One_shots -> KSHMR_Drum_Enhancers	KSHMR_Snare_Enhancer_35_Vinyl	
Splice Sounds	Sounds of KSHMR Vol. 3	KSHMR_Drums -> KSHMR_Drum_One_shots -> KSHMR_Drum_Enhancers	KSHMR_Snare_Enhancer_36_Woodblock	
Splice Sounds	Sounds of KSHMR Vol. 3	KSHMR_Drums -> KSHMR_Drum_One_shots -> KSHMR_Drum_Enhancers	KSHMR_Snare_Enhancer_37_Woodblock	
Splice Sounds	Sounds of KSHMR Vol. 3	KSHMR_Drums -> KSHMR_Drum_One_shots -> KSHMR_Kicks -> KSHMR_Big_Kicks	KSHMR_Big_Kick_01_F	
Splice Sounds	Sounds of KSHMR Vol. 3	KSHMR_Drums -> KSHMR_Drum_One_shots -> KSHMR_Kicks -> KSHMR_Big_Kicks	KSHMR_Big_Kick_02_D	
Splice Sounds	Sounds of KSHMR Vol. 3	KSHMR_Drums -> KSHMR_Drum_One_shots -> KSHMR_Kicks -> KSHMR_Big_Kicks	KSHMR_Big_Kick_03_D#	
Splice Sounds	Sounds of KSHMR Vol. 3	KSHMR_Drums -> KSHMR_Drum_One_shots -> KSHMR_Kicks -> KSHMR_Big_Kicks	KSHMR_Big_Kick_04_D#	
Splice Sounds	Sounds of KSHMR Vol. 3	KSHMR_Drums -> KSHMR_Drum_One_shots -> KSHMR_Kicks -> KSHMR_Big_Kicks	KSHMR_Big_Kick_05_D#	
Splice Sounds	Sounds of KSHMR Vol. 3	KSHMR_Drums -> KSHMR_Drum_One_shots -> KSHMR_Kicks -> KSHMR_Big_Kicks	KSHMR_Big_Kick_06_E	
Splice Sounds	Sounds of KSHMR Vol. 3	KSHMR_Drums -> KSHMR_Drum_One_shots -> KSHMR_Kicks -> KSHMR_Big_Kicks	KSHMR_Big_Kick_07_E	
Splice Sounds	Sounds of KSHMR Vol. 3	KSHMR_Drums -> KSHMR_Drum_One_shots -> KSHMR_Kicks -> KSHMR_Big_Kicks	KSHMR_Big_Kick_08_E	
Splice Sounds	Sounds of KSHMR Vol. 3	KSHMR_Drums -> KSHMR_Drum_One_shots -> KSHMR_Kicks -> KSHMR_Big_Kicks	KSHMR_Big_Kick_09_E	
Splice Sounds	Sounds of KSHMR Vol. 3	KSHMR_Drums -> KSHMR_Drum_One_shots -> KSHMR_Kicks -> KSHMR_Big_Kicks	KSHMR_Big_Kick_10_E	
Splice Sounds	Sounds of KSHMR Vol. 3	KSHMR_Drums -> KSHMR_Drum_One_shots -> KSHMR_Kicks -> KSHMR_Big_Kicks	KSHMR_Big_Kick_11_E	
Splice Sounds	Sounds of KSHMR Vol. 3	KSHMR_Drums -> KSHMR_Drum_One_shots -> KSHMR_Kicks -> KSHMR_Big_Kicks	KSHMR_Big_Kick_12_E	
Splice Sounds	Sounds of KSHMR Vol. 3	KSHMR_Drums -> KSHMR_Drum_One_shots -> KSHMR_Kicks -> KSHMR_Big_Kicks	KSHMR_Big_Kick_13_E	
Splice Sounds	Sounds of KSHMR Vol. 3	KSHMR_Drums -> KSHMR_Drum_One_shots -> KSHMR_Kicks -> KSHMR_Big_Kicks	KSHMR_Big_Kick_14_F	
Splice Sounds	Sounds of KSHMR Vol. 3	KSHMR_Drums -> KSHMR_Drum_One_shots -> KSHMR_Kicks -> KSHMR_Big_Kicks	KSHMR_Big_Kick_15_F	
Splice Sounds	Sounds of KSHMR Vol. 3	KSHMR_Drums -> KSHMR_Drum_One_shots -> KSHMR_Kicks -> KSHMR_Big_Kicks	KSHMR_Big_Kick_16_F	
Splice Sounds	Sounds of KSHMR Vol. 3	KSHMR_Drums -> KSHMR_Drum_One_shots -> KSHMR_Kicks -> KSHMR_Big_Kicks	KSHMR_Big_Kick_17_F	
Splice Sounds	Sounds of KSHMR Vol. 3	KSHMR_Drums -> KSHMR_Drum_One_shots -> KSHMR_Kicks -> KSHMR_Big_Kicks	KSHMR_Big_Kick_18_F	
Splice Sounds	Sounds of KSHMR Vol. 3	KSHMR_Drums -> KSHMR_Drum_One_shots -> KSHMR_Kicks -> KSHMR_Big_Kicks	KSHMR_Big_Kick_19_F	
Splice Sounds	Sounds of KSHMR Vol. 3	KSHMR_Drums -> KSHMR_Drum_One_shots -> KSHMR_Kicks -> KSHMR_Big_Kicks	KSHMR_Big_Kick_20_F#	
Splice Sounds	Sounds of KSHMR Vol. 3	KSHMR_Drums -> KSHMR_Drum_One_shots -> KSHMR_Kicks -> KSHMR_Big_Kicks	KSHMR_Big_Kick_21_F#	
Splice Sounds	Sounds of KSHMR Vol. 3	KSHMR_Drums -> KSHMR_Drum_One_shots -> KSHMR_Kicks -> KSHMR_Big_Kicks	KSHMR_Big_Kick_22_F#	
Splice Sounds	Sounds of KSHMR Vol. 3	KSHMR_Drums -> KSHMR_Drum_One_shots -> KSHMR_Kicks -> KSHMR_Big_Kicks	KSHMR_Big_Kick_23_G	
Splice Sounds	Sounds of KSHMR Vol. 3	KSHMR_Drums -> KSHMR_Drum_One_shots -> KSHMR_Kicks -> KSHMR_Hardstyle_Kicks -> KSHMR_Hardstyle_Kicks	KSHMR_Hardstyle_Kick_01_A	
Splice Sounds	Sounds of KSHMR Vol. 3	KSHMR_Drums -> KSHMR_Drum_One_shots -> KSHMR_Kicks -> KSHMR_Hardstyle_Kicks -> KSHMR_Hardstyle_Kicks	KSHMR_Hardstyle_Kick_02_A	
Splice Sounds	Sounds of KSHMR Vol. 3	KSHMR_Drums -> KSHMR_Drum_One_shots -> KSHMR_Kicks -> KSHMR_Hardstyle_Kicks -> KSHMR_Hardstyle_Kicks	KSHMR_Hardstyle_Kick_03_A	
Splice Sounds	Sounds of KSHMR Vol. 3	KSHMR_Drums -> KSHMR_Drum_One_shots -> KSHMR_Kicks -> KSHMR_Hardstyle_Kicks -> KSHMR_Hardstyle_Kicks	KSHMR_Hardstyle_Kick_04_A	
Splice Sounds	Sounds of KSHMR Vol. 3	KSHMR_Drums -> KSHMR_Drum_One_shots -> KSHMR_Kicks -> KSHMR_Hardstyle_Kicks -> KSHMR_Hardstyle_Kicks	KSHMR_Hardstyle_Kick_05_A	
Splice Sounds	Sounds of KSHMR Vol. 3	KSHMR_Drums -> KSHMR_Drum_One_shots -> KSHMR_Kicks -> KSHMR_Hardstyle_Kicks -> KSHMR_Hardstyle_Kicks	KSHMR_Hardstyle_Kick_06_C	
Splice Sounds	Sounds of KSHMR Vol. 3	KSHMR_Drums -> KSHMR_Drum_One_shots -> KSHMR_Kicks -> KSHMR_Hardstyle_Kicks -> KSHMR_Hardstyle_Kicks	KSHMR_Hardstyle_Kick_07_D	
Splice Sounds	Sounds of KSHMR Vol. 3	KSHMR_Drums -> KSHMR_Drum_One_shots -> KSHMR_Kicks -> KSHMR_Hardstyle_Kicks -> KSHMR_Hardstyle_Kicks	KSHMR_Hardstyle_Kick_08_D	
Splice Sounds	Sounds of KSHMR Vol. 3	KSHMR_Drums -> KSHMR_Drum_One_shots -> KSHMR_Kicks -> KSHMR_Hardstyle_Kicks -> KSHMR_Hardstyle_Kicks	KSHMR_Hardstyle_Kick_09_D	
Splice Sounds	Sounds of KSHMR Vol. 3	KSHMR_Drums -> KSHMR_Drum_One_shots -> KSHMR_Kicks -> KSHMR_Hardstyle_Kicks -> KSHMR_Hardstyle_Kicks	KSHMR_Hardstyle_Kick_10_D	
Splice Sounds	Sounds of KSHMR Vol. 3	KSHMR_Drums -> KSHMR_Drum_One_shots -> KSHMR_Kicks -> KSHMR_Hardstyle_Kicks -> KSHMR_Hardstyle_Kicks	KSHMR_Hardstyle_Kick_11_D#	
Splice Sounds	Sounds of KSHMR Vol. 3	KSHMR_Drums -> KSHMR_Drum_One_shots -> KSHMR_Kicks -> KSHMR_Hardstyle_Kicks -> KSHMR_Hardstyle_Kicks	KSHMR_Hardstyle_Kick_12_D#	
Splice Sounds	Sounds of KSHMR Vol. 3	KSHMR_Drums -> KSHMR_Drum_One_shots -> KSHMR_Kicks -> KSHMR_Hardstyle_Kicks -> KSHMR_Hardstyle_Kicks	KSHMR_Hardstyle_Kick_13_D#	
Splice Sounds	Sounds of KSHMR Vol. 3	KSHMR_Drums -> KSHMR_Drum_One_shots -> KSHMR_Kicks -> KSHMR_Hardstyle_Kicks -> KSHMR_Hardstyle_Kicks	KSHMR_Hardstyle_Kick_14_E	
Splice Sounds	Sounds of KSHMR Vol. 3	KSHMR_Drums -> KSHMR_Drum_One_shots -> KSHMR_Kicks -> KSHMR_Hardstyle_Kicks -> KSHMR_Hardstyle_Kicks	KSHMR_Hardstyle_Kick_15_E	
Splice Sounds	Sounds of KSHMR Vol. 3	KSHMR_Drums -> KSHMR_Drum_One_shots -> KSHMR_Kicks -> KSHMR_Hardstyle_Kicks -> KSHMR_Hardstyle_Kicks	KSHMR_Hardstyle_Kick_16_E	
Splice Sounds	Sounds of KSHMR Vol. 3	KSHMR_Drums -> KSHMR_Drum_One_shots -> KSHMR_Kicks -> KSHMR_Hardstyle_Kicks -> KSHMR_Hardstyle_Kicks	KSHMR_Hardstyle_Kick_17_E	
Splice Sounds	Sounds of KSHMR Vol. 3	KSHMR_Drums -> KSHMR_Drum_One_shots -> KSHMR_Kicks -> KSHMR_Hardstyle_Kicks -> KSHMR_Hardstyle_Kicks	KSHMR_Hardstyle_Kick_18_E	
Splice Sounds	Sounds of KSHMR Vol. 3	KSHMR_Drums -> KSHMR_Drum_One_shots -> KSHMR_Kicks -> KSHMR_Hardstyle_Kicks -> KSHMR_Hardstyle_Kicks	KSHMR_Hardstyle_Kick_19_E	
Splice Sounds	Sounds of KSHMR Vol. 3	KSHMR_Drums -> KSHMR_Drum_One_shots -> KSHMR_Kicks -> KSHMR_Hardstyle_Kicks -> KSHMR_Hardstyle_Kicks	KSHMR_Hardstyle_Kick_20_E	
Splice Sounds	Sounds of KSHMR Vol. 3	KSHMR_Drums -> KSHMR_Drum_One_shots -> KSHMR_Kicks -> KSHMR_Hardstyle_Kicks -> KSHMR_Hardstyle_Kicks	KSHMR_Hardstyle_Kick_21_E	
Splice Sounds	Sounds of KSHMR Vol. 3	KSHMR_Drums -> KSHMR_Drum_One_shots -> KSHMR_Kicks -> KSHMR_Hardstyle_Kicks -> KSHMR_Hardstyle_Kicks	KSHMR_Hardstyle_Kick_22_E	
Splice Sounds	Sounds of KSHMR Vol. 3	KSHMR_Drums -> KSHMR_Drum_One_shots -> KSHMR_Kicks -> KSHMR_Hardstyle_Kicks -> KSHMR_Hardstyle_Kicks	KSHMR_Hardstyle_Kick_23_E	
Splice Sounds	Sounds of KSHMR Vol. 3	KSHMR_Drums -> KSHMR_Drum_One_shots -> KSHMR_Kicks -> KSHMR_Hardstyle_Kicks -> KSHMR_Hardstyle_Kicks	KSHMR_Hardstyle_Kick_24_E	
Splice Sounds	Sounds of KSHMR Vol. 3	KSHMR_Drums -> KSHMR_Drum_One_shots -> KSHMR_Kicks -> KSHMR_Hardstyle_Kicks -> KSHMR_Hardstyle_Kicks	KSHMR_Hardstyle_Kick_25_F	
Splice Sounds	Sounds of KSHMR Vol. 3	KSHMR_Drums -> KSHMR_Drum_One_shots -> KSHMR_Kicks -> KSHMR_Hardstyle_Kicks -> KSHMR_Hardstyle_Kicks	KSHMR_Hardstyle_Kick_26_F	
Splice Sounds	Sounds of KSHMR Vol. 3	KSHMR_Drums -> KSHMR_Drum_One_shots -> KSHMR_Kicks -> KSHMR_Hardstyle_Kicks -> KSHMR_Hardstyle_Kicks	KSHMR_Hardstyle_Kick_27_F	
Splice Sounds	Sounds of KSHMR Vol. 3	KSHMR_Drums -> KSHMR_Drum_One_shots -> KSHMR_Kicks -> KSHMR_Hardstyle_Kicks -> KSHMR_Hardstyle_Kicks	KSHMR_Hardstyle_Kick_28_F	
Splice Sounds	Sounds of KSHMR Vol. 3	KSHMR_Drums -> KSHMR_Drum_One_shots -> KSHMR_Kicks -> KSHMR_Hardstyle_Kicks -> KSHMR_Hardstyle_Kicks	KSHMR_Hardstyle_Kick_29_F	
Splice Sounds	Sounds of KSHMR Vol. 3	KSHMR_Drums -> KSHMR_Drum_One_shots -> KSHMR_Kicks -> KSHMR_Hardstyle_Kicks -> KSHMR_Hardstyle_Kicks	KSHMR_Hardstyle_Kick_30_F	
Splice Sounds	Sounds of KSHMR Vol. 3	KSHMR_Drums -> KSHMR_Drum_One_shots -> KSHMR_Kicks -> KSHMR_Hardstyle_Kicks -> KSHMR_Hardstyle_Kicks	KSHMR_Hardstyle_Kick_31_F	
Splice Sounds	Sounds of KSHMR Vol. 3	KSHMR_Drums -> KSHMR_Drum_One_shots -> KSHMR_Kicks -> KSHMR_Hardstyle_Kicks -> KSHMR_Hardstyle_Kicks	KSHMR_Hardstyle_Kick_32_F	
Splice Sounds	Sounds of KSHMR Vol. 3	KSHMR_Drums -> KSHMR_Drum_One_shots -> KSHMR_Kicks -> KSHMR_Hardstyle_Kicks -> KSHMR_Hardstyle_Kicks	KSHMR_Hardstyle_Kick_33_F	
Splice Sounds	Sounds of KSHMR Vol. 3	KSHMR_Drums -> KSHMR_Drum_One_shots -> KSHMR_Kicks -> KSHMR_Hardstyle_Kicks -> KSHMR_Hardstyle_Kicks	KSHMR_Hardstyle_Kick_34_F	
Splice Sounds	Sounds of KSHMR Vol. 3	KSHMR_Drums -> KSHMR_Drum_One_shots -> KSHMR_Kicks -> KSHMR_Hardstyle_Kicks -> KSHMR_Hardstyle_Kicks	KSHMR_Hardstyle_Kick_35_F#	
Splice Sounds	Sounds of KSHMR Vol. 3	KSHMR_Drums -> KSHMR_Drum_One_shots -> KSHMR_Kicks -> KSHMR_Hardstyle_Kicks -> KSHMR_Hardstyle_Kicks	KSHMR_Hardstyle_Kick_36_F#	
Splice Sounds	Sounds of KSHMR Vol. 3	KSHMR_Drums -> KSHMR_Drum_One_shots -> KSHMR_Kicks -> KSHMR_Hardstyle_Kicks -> KSHMR_Hardstyle_Kicks	KSHMR_Hardstyle_Kick_37_F#	
Splice Sounds	Sounds of KSHMR Vol. 3	KSHMR_Drums -> KSHMR_Drum_One_shots -> KSHMR_Kicks -> KSHMR_Hardstyle_Kicks -> KSHMR_Hardstyle_Kicks	KSHMR_Hardstyle_Kick_38_F#	
Splice Sounds	Sounds of KSHMR Vol. 3	KSHMR_Drums -> KSHMR_Drum_One_shots -> KSHMR_Kicks -> KSHMR_Hardstyle_Kicks -> KSHMR_Hardstyle_Kicks	KSHMR_Hardstyle_Kick_39_F#	
Splice Sounds	Sounds of KSHMR Vol. 3	KSHMR_Drums -> KSHMR_Drum_One_shots -> KSHMR_Kicks -> KSHMR_Hardstyle_Kicks -> KSHMR_Hardstyle_Kicks	KSHMR_Hardstyle_Kick_40_F#	
Splice Sounds	Sounds of KSHMR Vol. 3	KSHMR_Drums -> KSHMR_Drum_One_shots -> KSHMR_Kicks -> KSHMR_Hardstyle_Kicks -> KSHMR_Hardstyle_Kicks	KSHMR_Hardstyle_Kick_41_F#	
Splice Sounds	Sounds of KSHMR Vol. 3	KSHMR_Drums -> KSHMR_Drum_One_shots -> KSHMR_Kicks -> KSHMR_Hardstyle_Kicks -> KSHMR_Hardstyle_Kicks	KSHMR_Hardstyle_Kick_42_F#	
Splice Sounds	Sounds of KSHMR Vol. 3	KSHMR_Drums -> KSHMR_Drum_One_shots -> KSHMR_Kicks -> KSHMR_Hardstyle_Kicks -> KSHMR_Hardstyle_Kicks	KSHMR_Hardstyle_Kick_43_G	
Splice Sounds	Sounds of KSHMR Vol. 3	KSHMR_Drums -> KSHMR_Drum_One_shots -> KSHMR_Kicks -> KSHMR_Hardstyle_Kicks -> KSHMR_Hardstyle_Kicks	KSHMR_Hardstyle_Kick_44_G	
Splice Sounds	Sounds of KSHMR Vol. 3	KSHMR_Drums -> KSHMR_Drum_One_shots -> KSHMR_Kicks -> KSHMR_Hardstyle_Kicks -> KSHMR_Hardstyle_Kicks	KSHMR_Hardstyle_Kick_45_G	
Splice Sounds	Sounds of KSHMR Vol. 3	KSHMR_Drums -> KSHMR_Drum_One_shots -> KSHMR_Kicks -> KSHMR_Hardstyle_Kicks -> KSHMR_Hardstyle_Kicks	KSHMR_Hardstyle_Kick_46_G	
Splice Sounds	Sounds of KSHMR Vol. 3	KSHMR_Drums -> KSHMR_Drum_One_shots -> KSHMR_Kicks -> KSHMR_Hardstyle_Kicks -> KSHMR_Hardstyle_Kicks	KSHMR_Hardstyle_Kick_47_G	
Splice Sounds	Sounds of KSHMR Vol. 3	KSHMR_Drums -> KSHMR_Drum_One_shots -> KSHMR_Kicks -> KSHMR_Hardstyle_Kicks -> KSHMR_Hardstyle_Kicks	KSHMR_Hardstyle_Kick_48_G	
Splice Sounds	Sounds of KSHMR Vol. 3	KSHMR_Drums -> KSHMR_Drum_One_shots -> KSHMR_Kicks -> KSHMR_Hardstyle_Kicks -> KSHMR_Hardstyle_Kicks	KSHMR_Hardstyle_Kick_49_G	
Splice Sounds	Sounds of KSHMR Vol. 3	KSHMR_Drums -> KSHMR_Drum_One_shots -> KSHMR_Kicks -> KSHMR_Hardstyle_Kicks -> KSHMR_Hardstyle_Kicks	KSHMR_Hardstyle_Kick_50_G#	
Splice Sounds	Sounds of KSHMR Vol. 3	KSHMR_Drums -> KSHMR_Drum_One_shots -> KSHMR_Kicks -> KSHMR_Hardstyle_Kicks -> KSHMR_Hardstyle_Kicks	KSHMR_Hardstyle_Kick_51_G#	
Splice Sounds	Sounds of KSHMR Vol. 3	KSHMR_Drums -> KSHMR_Drum_One_shots -> KSHMR_Kicks -> KSHMR_Hardstyle_Kicks -> KSHMR_Hardstyle_Kicks	KSHMR_Hardstyle_Kick_52_G#	
Splice Sounds	Sounds of KSHMR Vol. 3	KSHMR_Drums -> KSHMR_Drum_One_shots -> KSHMR_Kicks -> KSHMR_Hardstyle_Kicks -> KSHMR_Sickdellz_Kick_Madness_All_Keys	KSHMR_x_SD_Madness_Kick_01_D#	
Splice Sounds	Sounds of KSHMR Vol. 3	KSHMR_Drums -> KSHMR_Drum_One_shots -> KSHMR_Kicks -> KSHMR_Hardstyle_Kicks -> KSHMR_Sickdellz_Kick_Madness_All_Keys	KSHMR_x_SD_Madness_Kick_02_E	
Splice Sounds	Sounds of KSHMR Vol. 3	KSHMR_Drums -> KSHMR_Drum_One_shots -> KSHMR_Kicks -> KSHMR_Hardstyle_Kicks -> KSHMR_Sickdellz_Kick_Madness_All_Keys	KSHMR_x_SD_Madness_Kick_03_F	
Splice Sounds	Sounds of KSHMR Vol. 3	KSHMR_Drums -> KSHMR_Drum_One_shots -> KSHMR_Kicks -> KSHMR_Hardstyle_Kicks -> KSHMR_Sickdellz_Kick_Madness_All_Keys	KSHMR_x_SD_Madness_Kick_04_F#	
Splice Sounds	Sounds of KSHMR Vol. 3	KSHMR_Drums -> KSHMR_Drum_One_shots -> KSHMR_Kicks -> KSHMR_Hardstyle_Kicks -> KSHMR_Sickdellz_Kick_Madness_All_Keys	KSHMR_x_SD_Madness_Kick_05_G	
Splice Sounds	Sounds of KSHMR Vol. 3	KSHMR_Drums -> KSHMR_Drum_One_shots -> KSHMR_Kicks -> KSHMR_Hardstyle_Kicks -> KSHMR_Sickdellz_Kick_Madness_All_Keys	KSHMR_x_SD_Madness_Kick_06_G#	
Splice Sounds	Sounds of KSHMR Vol. 3	KSHMR_Drums -> KSHMR_Drum_One_shots -> KSHMR_Kicks -> KSHMR_Hardstyle_Kicks -> KSHMR_Sickdellz_Kick_Madness_All_Keys	KSHMR_x_SD_Madness_Kick_07_A	
Splice Sounds	Sounds of KSHMR Vol. 3	KSHMR_Drums -> KSHMR_Drum_One_shots -> KSHMR_Kicks -> KSHMR_Hardstyle_Kicks -> KSHMR_Sickdellz_Kick_Madness_All_Keys	KSHMR_x_SD_Madness_Kick_08_A#	
Splice Sounds	Sounds of KSHMR Vol. 3	KSHMR_Drums -> KSHMR_Drum_One_shots -> KSHMR_Kicks -> KSHMR_Hardstyle_Kicks -> KSHMR_Sickdellz_Kick_Ragnar_All_Keys	KSHMR_x_SD_Ragnar_Kick_A	
Splice Sounds	Sounds of KSHMR Vol. 3	KSHMR_Drums -> KSHMR_Drum_One_shots -> KSHMR_Kicks -> KSHMR_Hardstyle_Kicks -> KSHMR_Sickdellz_Kick_Ragnar_All_Keys	KSHMR_x_SD_Ragnar_Kick_A#	
Splice Sounds	Sounds of KSHMR Vol. 3	KSHMR_Drums -> KSHMR_Drum_One_shots -> KSHMR_Kicks -> KSHMR_Hardstyle_Kicks -> KSHMR_Sickdellz_Kick_Ragnar_All_Keys	KSHMR_x_SD_Ragnar_Kick_B	
Splice Sounds	Sounds of KSHMR Vol. 3	KSHMR_Drums -> KSHMR_Drum_One_shots -> KSHMR_Kicks -> KSHMR_Hardstyle_Kicks -> KSHMR_Sickdellz_Kick_Ragnar_All_Keys	KSHMR_x_SD_Ragnar_Kick_C	
Splice Sounds	Sounds of KSHMR Vol. 3	KSHMR_Drums -> KSHMR_Drum_One_shots -> KSHMR_Kicks -> KSHMR_Hardstyle_Kicks -> KSHMR_Sickdellz_Kick_Ragnar_All_Keys	KSHMR_x_SD_Ragnar_Kick_C#	
Splice Sounds	Sounds of KSHMR Vol. 3	KSHMR_Drums -> KSHMR_Drum_One_shots -> KSHMR_Kicks -> KSHMR_Hardstyle_Kicks -> KSHMR_Sickdellz_Kick_Ragnar_All_Keys	KSHMR_x_SD_Ragnar_Kick_D	
Splice Sounds	Sounds of KSHMR Vol. 3	KSHMR_Drums -> KSHMR_Drum_One_shots -> KSHMR_Kicks -> KSHMR_Hardstyle_Kicks -> KSHMR_Sickdellz_Kick_Ragnar_All_Keys	KSHMR_x_SD_Ragnar_Kick_D#	
Splice Sounds	Sounds of KSHMR Vol. 3	KSHMR_Drums -> KSHMR_Drum_One_shots -> KSHMR_Kicks -> KSHMR_Hardstyle_Kicks -> KSHMR_Sickdellz_Kick_Ragnar_All_Keys	KSHMR_x_SD_Ragnar_Kick_E	
Splice Sounds	Sounds of KSHMR Vol. 3	KSHMR_Drums -> KSHMR_Drum_One_shots -> KSHMR_Kicks -> KSHMR_Hardstyle_Kicks -> KSHMR_Sickdellz_Kick_Ragnar_All_Keys	KSHMR_x_SD_Ragnar_Kick_F	
Splice Sounds	Sounds of KSHMR Vol. 3	KSHMR_Drums -> KSHMR_Drum_One_shots -> KSHMR_Kicks -> KSHMR_Hardstyle_Kicks -> KSHMR_Sickdellz_Kick_Ragnar_All_Keys	KSHMR_x_SD_Ragnar_Kick_F#	
Splice Sounds	Sounds of KSHMR Vol. 3	KSHMR_Drums -> KSHMR_Drum_One_shots -> KSHMR_Kicks -> KSHMR_Hardstyle_Kicks -> KSHMR_Sickdellz_Kick_Ragnar_All_Keys	KSHMR_x_SD_Ragnar_Kick_G	
Splice Sounds	Sounds of KSHMR Vol. 3	KSHMR_Drums -> KSHMR_Drum_One_shots -> KSHMR_Kicks -> KSHMR_Hardstyle_Kicks -> KSHMR_Sickdellz_Kick_Ragnar_All_Keys	KSHMR_x_SD_Ragnar_Kick_G#	
Splice Sounds	Sounds of KSHMR Vol. 3	KSHMR_Drums -> KSHMR_Drum_One_shots -> KSHMR_Kicks -> KSHMR_Hardstyle_Kicks -> KSHMR_Sickdellz_Kick_Valkiria_All_Keys	KSHMR_x_SD_Valkiria_Kick_A	
Splice Sounds	Sounds of KSHMR Vol. 3	KSHMR_Drums -> KSHMR_Drum_One_shots -> KSHMR_Kicks -> KSHMR_Hardstyle_Kicks -> KSHMR_Sickdellz_Kick_Valkiria_All_Keys	KSHMR_x_SD_Valkiria_Kick_A#	
Splice Sounds	Sounds of KSHMR Vol. 3	KSHMR_Drums -> KSHMR_Drum_One_shots -> KSHMR_Kicks -> KSHMR_Hardstyle_Kicks -> KSHMR_Sickdellz_Kick_Valkiria_All_Keys	KSHMR_x_SD_Valkiria_Kick_D	
Splice Sounds	Sounds of KSHMR Vol. 3	KSHMR_Drums -> KSHMR_Drum_One_shots -> KSHMR_Kicks -> KSHMR_Hardstyle_Kicks -> KSHMR_Sickdellz_Kick_Valkiria_All_Keys	KSHMR_x_SD_Valkiria_Kick_D#	
Splice Sounds	Sounds of KSHMR Vol. 3	KSHMR_Drums -> KSHMR_Drum_One_shots -> KSHMR_Kicks -> KSHMR_Hardstyle_Kicks -> KSHMR_Sickdellz_Kick_Valkiria_All_Keys	KSHMR_x_SD_Valkiria_Kick_E	
Splice Sounds	Sounds of KSHMR Vol. 3	KSHMR_Drums -> KSHMR_Drum_One_shots -> KSHMR_Kicks -> KSHMR_Hardstyle_Kicks -> KSHMR_Sickdellz_Kick_Valkiria_All_Keys	KSHMR_x_SD_Valkiria_Kick_F	
Splice Sounds	Sounds of KSHMR Vol. 3	KSHMR_Drums -> KSHMR_Drum_One_shots -> KSHMR_Kicks -> KSHMR_Hardstyle_Kicks -> KSHMR_Sickdellz_Kick_Valkiria_All_Keys	KSHMR_x_SD_Valkiria_Kick_F#	
Splice Sounds	Sounds of KSHMR Vol. 3	KSHMR_Drums -> KSHMR_Drum_One_shots -> KSHMR_Kicks -> KSHMR_Hardstyle_Kicks -> KSHMR_Sickdellz_Kick_Valkiria_All_Keys	KSHMR_x_SD_Valkiria_Kick_G	
Splice Sounds	Sounds of KSHMR Vol. 3	KSHMR_Drums -> KSHMR_Drum_One_shots -> KSHMR_Kicks -> KSHMR_Hardstyle_Kicks -> KSHMR_Sickdellz_Kick_Valkiria_All_Keys	KSHMR_x_SD_Valkiria_Kick_G#	
Splice Sounds	Sounds of KSHMR Vol. 3	KSHMR_Drums -> KSHMR_Drum_One_shots -> KSHMR_Kicks -> KSHMR_Hip_Hop_kicks -> KSHMR_808s	KSHMR_808_01_Clean_C	
Splice Sounds	Sounds of KSHMR Vol. 3	KSHMR_Drums -> KSHMR_Drum_One_shots -> KSHMR_Kicks -> KSHMR_Hip_Hop_kicks -> KSHMR_808s	KSHMR_808_02_Clean_C#	
Splice Sounds	Sounds of KSHMR Vol. 3	KSHMR_Drums -> KSHMR_Drum_One_shots -> KSHMR_Kicks -> KSHMR_Hip_Hop_kicks -> KSHMR_808s	KSHMR_808_03_Clean_D	
Splice Sounds	Sounds of KSHMR Vol. 3	KSHMR_Drums -> KSHMR_Drum_One_shots -> KSHMR_Kicks -> KSHMR_Hip_Hop_kicks -> KSHMR_808s	KSHMR_808_04_Clean_D	
Splice Sounds	Sounds of KSHMR Vol. 3	KSHMR_Drums -> KSHMR_Drum_One_shots -> KSHMR_Kicks -> KSHMR_Hip_Hop_kicks -> KSHMR_808s	KSHMR_808_05_Clean_D#	
Splice Sounds	Sounds of KSHMR Vol. 3	KSHMR_Drums -> KSHMR_Drum_One_shots -> KSHMR_Kicks -> KSHMR_Hip_Hop_kicks -> KSHMR_808s	KSHMR_808_06_Clean_D#	
Splice Sounds	Sounds of KSHMR Vol. 3	KSHMR_Drums -> KSHMR_Drum_One_shots -> KSHMR_Kicks -> KSHMR_Hip_Hop_kicks -> KSHMR_808s	KSHMR_808_07_Clean_E	
Splice Sounds	Sounds of KSHMR Vol. 3	KSHMR_Drums -> KSHMR_Drum_One_shots -> KSHMR_Kicks -> KSHMR_Hip_Hop_kicks -> KSHMR_808s	KSHMR_808_08_Clean_F	
Splice Sounds	Sounds of KSHMR Vol. 3	KSHMR_Drums -> KSHMR_Drum_One_shots -> KSHMR_Kicks -> KSHMR_Hip_Hop_kicks -> KSHMR_808s	KSHMR_808_09_Clean_F	
Splice Sounds	Sounds of KSHMR Vol. 3	KSHMR_Drums -> KSHMR_Drum_One_shots -> KSHMR_Kicks -> KSHMR_Hip_Hop_kicks -> KSHMR_808s	KSHMR_808_10_Clean_F	
Splice Sounds	Sounds of KSHMR Vol. 3	KSHMR_Drums -> KSHMR_Drum_One_shots -> KSHMR_Kicks -> KSHMR_Hip_Hop_kicks -> KSHMR_808s	KSHMR_808_11_Clean_G	
Splice Sounds	Sounds of KSHMR Vol. 3	KSHMR_Drums -> KSHMR_Drum_One_shots -> KSHMR_Kicks -> KSHMR_Hip_Hop_kicks -> KSHMR_808s	KSHMR_808_12_Distorted_D	
Splice Sounds	Sounds of KSHMR Vol. 3	KSHMR_Drums -> KSHMR_Drum_One_shots -> KSHMR_Kicks -> KSHMR_Hip_Hop_kicks -> KSHMR_808s	KSHMR_808_13_Distorted_D#	
Splice Sounds	Sounds of KSHMR Vol. 3	KSHMR_Drums -> KSHMR_Drum_One_shots -> KSHMR_Kicks -> KSHMR_Hip_Hop_kicks -> KSHMR_808s	KSHMR_808_14_Distorted_E	
Splice Sounds	Sounds of KSHMR Vol. 3	KSHMR_Drums -> KSHMR_Drum_One_shots -> KSHMR_Kicks -> KSHMR_Hip_Hop_kicks -> KSHMR_808s	KSHMR_808_15_Distorted_E	
Splice Sounds	Sounds of KSHMR Vol. 3	KSHMR_Drums -> KSHMR_Drum_One_shots -> KSHMR_Kicks -> KSHMR_Hip_Hop_kicks -> KSHMR_808s	KSHMR_808_16_Distorted_E	
Splice Sounds	Sounds of KSHMR Vol. 3	KSHMR_Drums -> KSHMR_Drum_One_shots -> KSHMR_Kicks -> KSHMR_Hip_Hop_kicks -> KSHMR_808s	KSHMR_808_17_Distorted_E	
Splice Sounds	Sounds of KSHMR Vol. 3	KSHMR_Drums -> KSHMR_Drum_One_shots -> KSHMR_Kicks -> KSHMR_Hip_Hop_kicks -> KSHMR_808s	KSHMR_808_18_Distorted_E	
Splice Sounds	Sounds of KSHMR Vol. 3	KSHMR_Drums -> KSHMR_Drum_One_shots -> KSHMR_Kicks -> KSHMR_Hip_Hop_kicks -> KSHMR_808s	KSHMR_808_19_Distorted_F	
Splice Sounds	Sounds of KSHMR Vol. 3	KSHMR_Drums -> KSHMR_Drum_One_shots -> KSHMR_Kicks -> KSHMR_Hip_Hop_kicks -> KSHMR_808s	KSHMR_808_20_Distorted_G	
Splice Sounds	Sounds of KSHMR Vol. 3	KSHMR_Drums -> KSHMR_Drum_One_shots -> KSHMR_Kicks -> KSHMR_Hip_Hop_kicks -> KSHMR_Chest_Kicks	KSHMR_Chest_Kick_01	
Splice Sounds	Sounds of KSHMR Vol. 3	KSHMR_Drums -> KSHMR_Drum_One_shots -> KSHMR_Kicks -> KSHMR_Hip_Hop_kicks -> KSHMR_Chest_Kicks	KSHMR_Chest_Kick_02	
Splice Sounds	Sounds of KSHMR Vol. 3	KSHMR_Drums -> KSHMR_Drum_One_shots -> KSHMR_Kicks -> KSHMR_Hip_Hop_kicks -> KSHMR_Chest_Kicks	KSHMR_Chest_Kick_03	
Splice Sounds	Sounds of KSHMR Vol. 3	KSHMR_Drums -> KSHMR_Drum_One_shots -> KSHMR_Kicks -> KSHMR_Hip_Hop_kicks -> KSHMR_Chest_Kicks	KSHMR_Chest_Kick_04	
Splice Sounds	Sounds of KSHMR Vol. 3	KSHMR_Drums -> KSHMR_Drum_One_shots -> KSHMR_Kicks -> KSHMR_Hip_Hop_kicks -> KSHMR_Chest_Kicks	KSHMR_Chest_Kick_05	
Splice Sounds	Sounds of KSHMR Vol. 3	KSHMR_Drums -> KSHMR_Drum_One_shots -> KSHMR_Kicks -> KSHMR_Hip_Hop_kicks -> KSHMR_Chest_Kicks	KSHMR_Chest_Kick_06	
Splice Sounds	Sounds of KSHMR Vol. 3	KSHMR_Drums -> KSHMR_Drum_One_shots -> KSHMR_Kicks -> KSHMR_Hip_Hop_kicks -> KSHMR_Chest_Kicks	KSHMR_Chest_Kick_07	
Splice Sounds	Sounds of KSHMR Vol. 3	KSHMR_Drums -> KSHMR_Drum_One_shots -> KSHMR_Kicks -> KSHMR_Hip_Hop_kicks -> KSHMR_Chest_Kicks	KSHMR_Chest_Kick_08	
Splice Sounds	Sounds of KSHMR Vol. 3	KSHMR_Drums -> KSHMR_Drum_One_shots -> KSHMR_Kicks -> KSHMR_Hip_Hop_kicks -> KSHMR_Distorted_Kicks	KSHMR_Distorted_Kick_01_C	
Splice Sounds	Sounds of KSHMR Vol. 3	KSHMR_Drums -> KSHMR_Drum_One_shots -> KSHMR_Kicks -> KSHMR_Hip_Hop_kicks -> KSHMR_Distorted_Kicks	KSHMR_Distorted_Kick_02_D	
Splice Sounds	Sounds of KSHMR Vol. 3	KSHMR_Drums -> KSHMR_Drum_One_shots -> KSHMR_Kicks -> KSHMR_Hip_Hop_kicks -> KSHMR_Distorted_Kicks	KSHMR_Distorted_Kick_03_D#	
Splice Sounds	Sounds of KSHMR Vol. 3	KSHMR_Drums -> KSHMR_Drum_One_shots -> KSHMR_Kicks -> KSHMR_Hip_Hop_kicks -> KSHMR_Distorted_Kicks	KSHMR_Distorted_Kick_04_E	
Splice Sounds	Sounds of KSHMR Vol. 3	KSHMR_Drums -> KSHMR_Drum_One_shots -> KSHMR_Kicks -> KSHMR_Hip_Hop_kicks -> KSHMR_Distorted_Kicks	KSHMR_Distorted_Kick_05_E	
Splice Sounds	Sounds of KSHMR Vol. 3	KSHMR_Drums -> KSHMR_Drum_One_shots -> KSHMR_Kicks -> KSHMR_Hip_Hop_kicks -> KSHMR_Distorted_Kicks	KSHMR_Distorted_Kick_06_E	
Splice Sounds	Sounds of KSHMR Vol. 3	KSHMR_Drums -> KSHMR_Drum_One_shots -> KSHMR_Kicks -> KSHMR_Hip_Hop_kicks -> KSHMR_Distorted_Kicks	KSHMR_Distorted_Kick_07_E	
Splice Sounds	Sounds of KSHMR Vol. 3	KSHMR_Drums -> KSHMR_Drum_One_shots -> KSHMR_Kicks -> KSHMR_Hip_Hop_kicks -> KSHMR_Distorted_Kicks	KSHMR_Distorted_Kick_08_E	
Splice Sounds	Sounds of KSHMR Vol. 3	KSHMR_Drums -> KSHMR_Drum_One_shots -> KSHMR_Kicks -> KSHMR_Hip_Hop_kicks -> KSHMR_Distorted_Kicks	KSHMR_Distorted_Kick_09_F#	
Splice Sounds	Sounds of KSHMR Vol. 3	KSHMR_Drums -> KSHMR_Drum_One_shots -> KSHMR_Kicks -> KSHMR_Hip_Hop_kicks -> KSHMR_Distorted_Kicks	KSHMR_Distorted_Kick_10_G	
Splice Sounds	Sounds of KSHMR Vol. 3	KSHMR_Drums -> KSHMR_Drum_One_shots -> KSHMR_Kicks -> KSHMR_Hip_Hop_kicks -> KSHMR_Distorted_Kicks	KSHMR_Distorted_Kick_11_G#	
Splice Sounds	Sounds of KSHMR Vol. 3	KSHMR_Drums -> KSHMR_Drum_One_shots -> KSHMR_Kicks -> KSHMR_Hip_Hop_kicks -> KSHMR_Jungle_Kicks	KSHMR_Jungle_Kick_01	
Splice Sounds	Sounds of KSHMR Vol. 3	KSHMR_Drums -> KSHMR_Drum_One_shots -> KSHMR_Kicks -> KSHMR_Hip_Hop_kicks -> KSHMR_Jungle_Kicks	KSHMR_Jungle_Kick_02	
Splice Sounds	Sounds of KSHMR Vol. 3	KSHMR_Drums -> KSHMR_Drum_One_shots -> KSHMR_Kicks -> KSHMR_Hip_Hop_kicks -> KSHMR_Jungle_Kicks	KSHMR_Jungle_Kick_03	
Splice Sounds	Sounds of KSHMR Vol. 3	KSHMR_Drums -> KSHMR_Drum_One_shots -> KSHMR_Kicks -> KSHMR_Hip_Hop_kicks -> KSHMR_Jungle_Kicks	KSHMR_Jungle_Kick_04	
Splice Sounds	Sounds of KSHMR Vol. 3	KSHMR_Drums -> KSHMR_Drum_One_shots -> KSHMR_Kicks -> KSHMR_Hip_Hop_kicks -> KSHMR_Jungle_Kicks	KSHMR_Jungle_Kick_05	
Splice Sounds	Sounds of KSHMR Vol. 3	KSHMR_Drums -> KSHMR_Drum_One_shots -> KSHMR_Kicks -> KSHMR_Hip_Hop_kicks -> KSHMR_Jungle_Kicks	KSHMR_Jungle_Kick_06	
Splice Sounds	Sounds of KSHMR Vol. 3	KSHMR_Drums -> KSHMR_Drum_One_shots -> KSHMR_Kicks -> KSHMR_Hip_Hop_kicks -> KSHMR_Jungle_Kicks	KSHMR_Jungle_Kick_07	
Splice Sounds	Sounds of KSHMR Vol. 3	KSHMR_Drums -> KSHMR_Drum_One_shots -> KSHMR_Kicks -> KSHMR_Hip_Hop_kicks -> KSHMR_Stomp_Kicks	KSHMR_Stomp_Kick_01	
Splice Sounds	Sounds of KSHMR Vol. 3	KSHMR_Drums -> KSHMR_Drum_One_shots -> KSHMR_Kicks -> KSHMR_Hip_Hop_kicks -> KSHMR_Stomp_Kicks	KSHMR_Stomp_Kick_02	
Splice Sounds	Sounds of KSHMR Vol. 3	KSHMR_Drums -> KSHMR_Drum_One_shots -> KSHMR_Kicks -> KSHMR_Hip_Hop_kicks -> KSHMR_Stomp_Kicks	KSHMR_Stomp_Kick_03	
Splice Sounds	Sounds of KSHMR Vol. 3	KSHMR_Drums -> KSHMR_Drum_One_shots -> KSHMR_Kicks -> KSHMR_Hip_Hop_kicks -> KSHMR_Stomp_Kicks	KSHMR_Stomp_Kick_04	
Splice Sounds	Sounds of KSHMR Vol. 3	KSHMR_Drums -> KSHMR_Drum_One_shots -> KSHMR_Kicks -> KSHMR_Hip_Hop_kicks -> KSHMR_Stomp_Kicks	KSHMR_Stomp_Kick_05	
Splice Sounds	Sounds of KSHMR Vol. 3	KSHMR_Drums -> KSHMR_Drum_One_shots -> KSHMR_Kicks -> KSHMR_Hip_Hop_kicks -> KSHMR_Stomp_Kicks	KSHMR_Stomp_Kick_06	
Splice Sounds	Sounds of KSHMR Vol. 3	KSHMR_Drums -> KSHMR_Drum_One_shots -> KSHMR_Kicks -> KSHMR_Hip_Hop_kicks -> KSHMR_Stomp_Kicks	KSHMR_Stomp_Kick_07	
Splice Sounds	Sounds of KSHMR Vol. 3	KSHMR_Drums -> KSHMR_Drum_One_shots -> KSHMR_Kicks -> KSHMR_Hip_Hop_kicks -> KSHMR_Stomp_Kicks	KSHMR_Stomp_Kick_08	
Splice Sounds	Sounds of KSHMR Vol. 3	KSHMR_Drums -> KSHMR_Drum_One_shots -> KSHMR_Kicks -> KSHMR_Hip_Hop_kicks -> KSHMR_Stomp_Kicks	KSHMR_Stomp_Kick_09	
Splice Sounds	Sounds of KSHMR Vol. 3	KSHMR_Drums -> KSHMR_Drum_One_shots -> KSHMR_Kicks -> KSHMR_Hip_Hop_kicks -> KSHMR_Stomp_Kicks	KSHMR_Stomp_Kick_10	
Splice Sounds	Sounds of KSHMR Vol. 3	KSHMR_Drums -> KSHMR_Drum_One_shots -> KSHMR_Kicks -> KSHMR_Hip_Hop_kicks -> KSHMR_Stomp_Kicks	KSHMR_Stomp_Kick_11	
Splice Sounds	Sounds of KSHMR Vol. 3	KSHMR_Drums -> KSHMR_Drum_One_shots -> KSHMR_Kicks -> KSHMR_Hip_Hop_kicks -> KSHMR_Stomp_Kicks	KSHMR_Stomp_Kick_12	
Splice Sounds	Sounds of KSHMR Vol. 3	KSHMR_Drums -> KSHMR_Drum_One_shots -> KSHMR_Kicks -> KSHMR_Hip_Hop_kicks -> KSHMR_Stomp_Kicks	KSHMR_Stomp_Kick_13	
Splice Sounds	Sounds of KSHMR Vol. 3	KSHMR_Drums -> KSHMR_Drum_One_shots -> KSHMR_Kicks -> KSHMR_Hip_Hop_kicks -> KSHMR_Thump_Kicks	KSHMR_Thump_Kick_01	
Splice Sounds	Sounds of KSHMR Vol. 3	KSHMR_Drums -> KSHMR_Drum_One_shots -> KSHMR_Kicks -> KSHMR_Hip_Hop_kicks -> KSHMR_Thump_Kicks	KSHMR_Thump_Kick_02	
Splice Sounds	Sounds of KSHMR Vol. 3	KSHMR_Drums -> KSHMR_Drum_One_shots -> KSHMR_Kicks -> KSHMR_Hip_Hop_kicks -> KSHMR_Thump_Kicks	KSHMR_Thump_Kick_03	
Splice Sounds	Sounds of KSHMR Vol. 3	KSHMR_Drums -> KSHMR_Drum_One_shots -> KSHMR_Kicks -> KSHMR_Hip_Hop_kicks -> KSHMR_Thump_Kicks	KSHMR_Thump_Kick_04	
Splice Sounds	Sounds of KSHMR Vol. 3	KSHMR_Drums -> KSHMR_Drum_One_shots -> KSHMR_Kicks -> KSHMR_Hip_Hop_kicks -> KSHMR_Thump_Kicks	KSHMR_Thump_Kick_05	
Splice Sounds	Sounds of KSHMR Vol. 3	KSHMR_Drums -> KSHMR_Drum_One_shots -> KSHMR_Kicks -> KSHMR_Hip_Hop_kicks -> KSHMR_Thump_Kicks	KSHMR_Thump_Kick_06	
Splice Sounds	Sounds of KSHMR Vol. 3	KSHMR_Drums -> KSHMR_Drum_One_shots -> KSHMR_Kicks -> KSHMR_Hip_Hop_kicks -> KSHMR_Thump_Kicks	KSHMR_Thump_Kick_07	
Splice Sounds	Sounds of KSHMR Vol. 3	KSHMR_Drums -> KSHMR_Drum_One_shots -> KSHMR_Kicks -> KSHMR_Hip_Hop_kicks -> KSHMR_Thump_Kicks	KSHMR_Thump_Kick_08	
Splice Sounds	Sounds of KSHMR Vol. 3	KSHMR_Drums -> KSHMR_Drum_One_shots -> KSHMR_Kicks -> KSHMR_Hip_Hop_kicks -> KSHMR_Thump_Kicks	KSHMR_Thump_Kick_09	
Splice Sounds	Sounds of KSHMR Vol. 3	KSHMR_Drums -> KSHMR_Drum_One_shots -> KSHMR_Kicks -> KSHMR_Hip_Hop_kicks -> KSHMR_Vinyl_Kicks	KSHMR_Vinyl_Kick_01	
Splice Sounds	Sounds of KSHMR Vol. 3	KSHMR_Drums -> KSHMR_Drum_One_shots -> KSHMR_Kicks -> KSHMR_Hip_Hop_kicks -> KSHMR_Vinyl_Kicks	KSHMR_Vinyl_Kick_02	
Splice Sounds	Sounds of KSHMR Vol. 3	KSHMR_Drums -> KSHMR_Drum_One_shots -> KSHMR_Kicks -> KSHMR_Hip_Hop_kicks -> KSHMR_Vinyl_Kicks	KSHMR_Vinyl_Kick_03	
Splice Sounds	Sounds of KSHMR Vol. 3	KSHMR_Drums -> KSHMR_Drum_One_shots -> KSHMR_Kicks -> KSHMR_Hip_Hop_kicks -> KSHMR_Vinyl_Kicks	KSHMR_Vinyl_Kick_04	
Splice Sounds	Sounds of KSHMR Vol. 3	KSHMR_Drums -> KSHMR_Drum_One_shots -> KSHMR_Kicks -> KSHMR_Hip_Hop_kicks -> KSHMR_Vinyl_Kicks	KSHMR_Vinyl_Kick_05	
Splice Sounds	Sounds of KSHMR Vol. 3	KSHMR_Drums -> KSHMR_Drum_One_shots -> KSHMR_Kicks -> KSHMR_Hip_Hop_kicks -> KSHMR_Vinyl_Kicks	KSHMR_Vinyl_Kick_06	
Splice Sounds	Sounds of KSHMR Vol. 3	KSHMR_Drums -> KSHMR_Drum_One_shots -> KSHMR_Kicks -> KSHMR_Hip_Hop_kicks -> KSHMR_Vinyl_Kicks	KSHMR_Vinyl_Kick_07	
Splice Sounds	Sounds of KSHMR Vol. 3	KSHMR_Drums -> KSHMR_Drum_One_shots -> KSHMR_Kicks -> KSHMR_Hip_Hop_kicks -> KSHMR_Vinyl_Kicks	KSHMR_Vinyl_Kick_08	
Splice Sounds	Sounds of KSHMR Vol. 3	KSHMR_Drums -> KSHMR_Drum_One_shots -> KSHMR_Kicks -> KSHMR_Hip_Hop_kicks -> KSHMR_Vinyl_Kicks	KSHMR_Vinyl_Kick_09	
Splice Sounds	Sounds of KSHMR Vol. 3	KSHMR_Drums -> KSHMR_Drum_One_shots -> KSHMR_Kicks -> KSHMR_Hip_Hop_kicks -> KSHMR_Vinyl_Kicks	KSHMR_Vinyl_Kick_10	
Splice Sounds	Sounds of KSHMR Vol. 3	KSHMR_Drums -> KSHMR_Drum_One_shots -> KSHMR_Kicks -> KSHMR_Hip_Hop_kicks -> KSHMR_Vinyl_Kicks	KSHMR_Vinyl_Kick_11	
Splice Sounds	Sounds of KSHMR Vol. 3	KSHMR_Drums -> KSHMR_Drum_One_shots -> KSHMR_Kicks -> KSHMR_Hip_Hop_kicks -> KSHMR_Vinyl_Kicks	KSHMR_Vinyl_Kick_12	
Splice Sounds	Sounds of KSHMR Vol. 3	KSHMR_Drums -> KSHMR_Drum_One_shots -> KSHMR_Kicks -> KSHMR_Psy_Kicks	KSHMR_Psy_Kick_01_A	
Splice Sounds	Sounds of KSHMR Vol. 3	KSHMR_Drums -> KSHMR_Drum_One_shots -> KSHMR_Kicks -> KSHMR_Psy_Kicks	KSHMR_Psy_Kick_02_A	
Splice Sounds	Sounds of KSHMR Vol. 3	KSHMR_Drums -> KSHMR_Drum_One_shots -> KSHMR_Kicks -> KSHMR_Psy_Kicks	KSHMR_Psy_Kick_03_A#	
Splice Sounds	Sounds of KSHMR Vol. 3	KSHMR_Drums -> KSHMR_Drum_One_shots -> KSHMR_Kicks -> KSHMR_Psy_Kicks	KSHMR_Psy_Kick_04_A#	
Splice Sounds	Sounds of KSHMR Vol. 3	KSHMR_Drums -> KSHMR_Drum_One_shots -> KSHMR_Kicks -> KSHMR_Psy_Kicks	KSHMR_Psy_Kick_05_A#	
Splice Sounds	Sounds of KSHMR Vol. 3	KSHMR_Drums -> KSHMR_Drum_One_shots -> KSHMR_Kicks -> KSHMR_Psy_Kicks	KSHMR_Psy_Kick_06_B	
Splice Sounds	Sounds of KSHMR Vol. 3	KSHMR_Drums -> KSHMR_Drum_One_shots -> KSHMR_Kicks -> KSHMR_Psy_Kicks	KSHMR_Psy_Kick_07_C	
Splice Sounds	Sounds of KSHMR Vol. 3	KSHMR_Drums -> KSHMR_Drum_One_shots -> KSHMR_Kicks -> KSHMR_Psy_Kicks	KSHMR_Psy_Kick_08_D#	
Splice Sounds	Sounds of KSHMR Vol. 3	KSHMR_Drums -> KSHMR_Drum_One_shots -> KSHMR_Kicks -> KSHMR_Psy_Kicks	KSHMR_Psy_Kick_09_F	
Splice Sounds	Sounds of KSHMR Vol. 3	KSHMR_Drums -> KSHMR_Drum_One_shots -> KSHMR_Kicks -> KSHMR_Psy_Kicks	KSHMR_Psy_Kick_10_F#	
Splice Sounds	Sounds of KSHMR Vol. 3	KSHMR_Drums -> KSHMR_Drum_One_shots -> KSHMR_Kicks -> KSHMR_Psy_Kicks	KSHMR_Psy_Kick_11_F#	
Splice Sounds	Sounds of KSHMR Vol. 3	KSHMR_Drums -> KSHMR_Drum_One_shots -> KSHMR_Kicks -> KSHMR_Psy_Kicks	KSHMR_Psy_Kick_12_F#	
Splice Sounds	Sounds of KSHMR Vol. 3	KSHMR_Drums -> KSHMR_Drum_One_shots -> KSHMR_Kicks -> KSHMR_Psy_Kicks	KSHMR_Psy_Kick_13_F#	
Splice Sounds	Sounds of KSHMR Vol. 3	KSHMR_Drums -> KSHMR_Drum_One_shots -> KSHMR_Kicks -> KSHMR_Psy_Kicks	KSHMR_Psy_Kick_14_G	
Splice Sounds	Sounds of KSHMR Vol. 3	KSHMR_Drums -> KSHMR_Drum_One_shots -> KSHMR_Kicks -> KSHMR_Psy_Kicks	KSHMR_Psy_Kick_15_G#	
Splice Sounds	Sounds of KSHMR Vol. 3	KSHMR_Drums -> KSHMR_Drum_One_shots -> KSHMR_Kicks -> KSHMR_Psy_Kicks	KSHMR_Psy_Kick_16_G#	
Splice Sounds	Sounds of KSHMR Vol. 3	KSHMR_Drums -> KSHMR_Drum_One_shots -> KSHMR_Kicks -> KSHMR_Punchy_Kicks	KSHMR_Punchy_Kick_01_A	
Splice Sounds	Sounds of KSHMR Vol. 3	KSHMR_Drums -> KSHMR_Drum_One_shots -> KSHMR_Kicks -> KSHMR_Punchy_Kicks	KSHMR_Punchy_Kick_02_A	
Splice Sounds	Sounds of KSHMR Vol. 3	KSHMR_Drums -> KSHMR_Drum_One_shots -> KSHMR_Kicks -> KSHMR_Punchy_Kicks	KSHMR_Punchy_Kick_03_C#	
Splice Sounds	Sounds of KSHMR Vol. 3	KSHMR_Drums -> KSHMR_Drum_One_shots -> KSHMR_Kicks -> KSHMR_Punchy_Kicks	KSHMR_Punchy_Kick_04_D	
Splice Sounds	Sounds of KSHMR Vol. 3	KSHMR_Drums -> KSHMR_Drum_One_shots -> KSHMR_Kicks -> KSHMR_Punchy_Kicks	KSHMR_Punchy_Kick_05_D#	
Splice Sounds	Sounds of KSHMR Vol. 3	KSHMR_Drums -> KSHMR_Drum_One_shots -> KSHMR_Kicks -> KSHMR_Punchy_Kicks	KSHMR_Punchy_Kick_06_D#	
Splice Sounds	Sounds of KSHMR Vol. 3	KSHMR_Drums -> KSHMR_Drum_One_shots -> KSHMR_Kicks -> KSHMR_Punchy_Kicks	KSHMR_Punchy_Kick_07_E	
Splice Sounds	Sounds of KSHMR Vol. 3	KSHMR_Drums -> KSHMR_Drum_One_shots -> KSHMR_Kicks -> KSHMR_Punchy_Kicks	KSHMR_Punchy_Kick_08_E	
Splice Sounds	Sounds of KSHMR Vol. 3	KSHMR_Drums -> KSHMR_Drum_One_shots -> KSHMR_Kicks -> KSHMR_Punchy_Kicks	KSHMR_Punchy_Kick_09_E	
Splice Sounds	Sounds of KSHMR Vol. 3	KSHMR_Drums -> KSHMR_Drum_One_shots -> KSHMR_Kicks -> KSHMR_Punchy_Kicks	KSHMR_Punchy_Kick_10_E	
Splice Sounds	Sounds of KSHMR Vol. 3	KSHMR_Drums -> KSHMR_Drum_One_shots -> KSHMR_Kicks -> KSHMR_Punchy_Kicks	KSHMR_Punchy_Kick_11_E	
Splice Sounds	Sounds of KSHMR Vol. 3	KSHMR_Drums -> KSHMR_Drum_One_shots -> KSHMR_Kicks -> KSHMR_Punchy_Kicks	KSHMR_Punchy_Kick_12_F	
Splice Sounds	Sounds of KSHMR Vol. 3	KSHMR_Drums -> KSHMR_Drum_One_shots -> KSHMR_Kicks -> KSHMR_Punchy_Kicks	KSHMR_Punchy_Kick_13_F	
Splice Sounds	Sounds of KSHMR Vol. 3	KSHMR_Drums -> KSHMR_Drum_One_shots -> KSHMR_Kicks -> KSHMR_Punchy_Kicks	KSHMR_Punchy_Kick_14_F	
Splice Sounds	Sounds of KSHMR Vol. 3	KSHMR_Drums -> KSHMR_Drum_One_shots -> KSHMR_Kicks -> KSHMR_Punchy_Kicks	KSHMR_Punchy_Kick_15_F	
Splice Sounds	Sounds of KSHMR Vol. 3	KSHMR_Drums -> KSHMR_Drum_One_shots -> KSHMR_Kicks -> KSHMR_Punchy_Kicks	KSHMR_Punchy_Kick_16_F	
Splice Sounds	Sounds of KSHMR Vol. 3	KSHMR_Drums -> KSHMR_Drum_One_shots -> KSHMR_Kicks -> KSHMR_Punchy_Kicks	KSHMR_Punchy_Kick_17_F_Soft	
Splice Sounds	Sounds of KSHMR Vol. 3	KSHMR_Drums -> KSHMR_Drum_One_shots -> KSHMR_Kicks -> KSHMR_Punchy_Kicks	KSHMR_Punchy_Kick_18_F	
Splice Sounds	Sounds of KSHMR Vol. 3	KSHMR_Drums -> KSHMR_Drum_One_shots -> KSHMR_Kicks -> KSHMR_Punchy_Kicks	KSHMR_Punchy_Kick_19_F	
Splice Sounds	Sounds of KSHMR Vol. 3	KSHMR_Drums -> KSHMR_Drum_One_shots -> KSHMR_Kicks -> KSHMR_Punchy_Kicks	KSHMR_Punchy_Kick_20_F	
Splice Sounds	Sounds of KSHMR Vol. 3	KSHMR_Drums -> KSHMR_Drum_One_shots -> KSHMR_Kicks -> KSHMR_Punchy_Kicks	KSHMR_Punchy_Kick_21_F#	
Splice Sounds	Sounds of KSHMR Vol. 3	KSHMR_Drums -> KSHMR_Drum_One_shots -> KSHMR_Kicks -> KSHMR_Punchy_Kicks	KSHMR_Punchy_Kick_22_F#	
Splice Sounds	Sounds of KSHMR Vol. 3	KSHMR_Drums -> KSHMR_Drum_One_shots -> KSHMR_Kicks -> KSHMR_Punchy_Kicks	KSHMR_Punchy_Kick_23_F#	
Splice Sounds	Sounds of KSHMR Vol. 3	KSHMR_Drums -> KSHMR_Drum_One_shots -> KSHMR_Kicks -> KSHMR_Punchy_Kicks	KSHMR_Punchy_Kick_24_F#_Soft	
Splice Sounds	Sounds of KSHMR Vol. 3	KSHMR_Drums -> KSHMR_Drum_One_shots -> KSHMR_Kicks -> KSHMR_Punchy_Kicks	KSHMR_Punchy_Kick_25_F#	
Splice Sounds	Sounds of KSHMR Vol. 3	KSHMR_Drums -> KSHMR_Drum_One_shots -> KSHMR_Kicks -> KSHMR_Punchy_Kicks	KSHMR_Punchy_Kick_26_F#	
Splice Sounds	Sounds of KSHMR Vol. 3	KSHMR_Drums -> KSHMR_Drum_One_shots -> KSHMR_Kicks -> KSHMR_Punchy_Kicks	KSHMR_Punchy_Kick_27_F#	
Splice Sounds	Sounds of KSHMR Vol. 3	KSHMR_Drums -> KSHMR_Drum_One_shots -> KSHMR_Kicks -> KSHMR_Punchy_Kicks	KSHMR_Punchy_Kick_28_F#	
Splice Sounds	Sounds of KSHMR Vol. 3	KSHMR_Drums -> KSHMR_Drum_One_shots -> KSHMR_Kicks -> KSHMR_Punchy_Kicks	KSHMR_Punchy_Kick_29_F#	
Splice Sounds	Sounds of KSHMR Vol. 3	KSHMR_Drums -> KSHMR_Drum_One_shots -> KSHMR_Kicks -> KSHMR_Punchy_Kicks	KSHMR_Punchy_Kick_30_F#	
Splice Sounds	Sounds of KSHMR Vol. 3	KSHMR_Drums -> KSHMR_Drum_One_shots -> KSHMR_Kicks -> KSHMR_Punchy_Kicks	KSHMR_Punchy_Kick_31_F#	
Splice Sounds	Sounds of KSHMR Vol. 3	KSHMR_Drums -> KSHMR_Drum_One_shots -> KSHMR_Kicks -> KSHMR_Punchy_Kicks	KSHMR_Punchy_Kick_32_F#	
Splice Sounds	Sounds of KSHMR Vol. 3	KSHMR_Drums -> KSHMR_Drum_One_shots -> KSHMR_Kicks -> KSHMR_Punchy_Kicks	KSHMR_Punchy_Kick_33_G	
Splice Sounds	Sounds of KSHMR Vol. 3	KSHMR_Drums -> KSHMR_Drum_One_shots -> KSHMR_Kicks -> KSHMR_Punchy_Kicks	KSHMR_Punchy_Kick_34_G	
Splice Sounds	Sounds of KSHMR Vol. 3	KSHMR_Drums -> KSHMR_Drum_One_shots -> KSHMR_Kicks -> KSHMR_Punchy_Kicks	KSHMR_Punchy_Kick_35_G	
Splice Sounds	Sounds of KSHMR Vol. 3	KSHMR_Drums -> KSHMR_Drum_One_shots -> KSHMR_Kicks -> KSHMR_Punchy_Kicks	KSHMR_Punchy_Kick_36_G_Soft	
Splice Sounds	Sounds of KSHMR Vol. 3	KSHMR_Drums -> KSHMR_Drum_One_shots -> KSHMR_Kicks -> KSHMR_Punchy_Kicks	KSHMR_Punchy_Kick_37_G	
Splice Sounds	Sounds of KSHMR Vol. 3	KSHMR_Drums -> KSHMR_Drum_One_shots -> KSHMR_Kicks -> KSHMR_Punchy_Kicks	KSHMR_Punchy_Kick_38_G	
Splice Sounds	Sounds of KSHMR Vol. 3	KSHMR_Drums -> KSHMR_Drum_One_shots -> KSHMR_Kicks -> KSHMR_Punchy_Kicks	KSHMR_Punchy_Kick_39_G	
Splice Sounds	Sounds of KSHMR Vol. 3	KSHMR_Drums -> KSHMR_Drum_One_shots -> KSHMR_Kicks -> KSHMR_Punchy_Kicks	KSHMR_Punchy_Kick_40_G	
Splice Sounds	Sounds of KSHMR Vol. 3	KSHMR_Drums -> KSHMR_Drum_One_shots -> KSHMR_Kicks -> KSHMR_Punchy_Kicks	KSHMR_Punchy_Kick_41_G#	
Splice Sounds	Sounds of KSHMR Vol. 3	KSHMR_Drums -> KSHMR_Drum_One_shots -> KSHMR_Kicks -> KSHMR_Punchy_Kicks	KSHMR_Punchy_Kick_42_G#	
Splice Sounds	Sounds of KSHMR Vol. 3	KSHMR_Drums -> KSHMR_Drum_One_shots -> KSHMR_Kicks -> KSHMR_Punchy_Kicks	KSHMR_Punchy_Kick_43_G#	
Splice Sounds	Sounds of KSHMR Vol. 3	KSHMR_Drums -> KSHMR_Drum_One_shots -> KSHMR_Kicks -> KSHMR_Punchy_Kicks	KSHMR_Punchy_Kick_44_G#_Soft	
Splice Sounds	Sounds of KSHMR Vol. 3	KSHMR_Drums -> KSHMR_Drum_One_shots -> KSHMR_Kicks -> KSHMR_Signature_Kicks	KSHMR_Signature_Kick_01_Back_To_Me_C	
Splice Sounds	Sounds of KSHMR Vol. 3	KSHMR_Drums -> KSHMR_Drum_One_shots -> KSHMR_Kicks -> KSHMR_Signature_Kicks	KSHMR_Signature_Kick_02_Carry_Me_Home_A	
Splice Sounds	Sounds of KSHMR Vol. 3	KSHMR_Drums -> KSHMR_Drum_One_shots -> KSHMR_Kicks -> KSHMR_Signature_Kicks	KSHMR_Signature_Kick_03_Divination_G#	
Splice Sounds	Sounds of KSHMR Vol. 3	KSHMR_Drums -> KSHMR_Drum_One_shots -> KSHMR_Kicks -> KSHMR_Signature_Kicks	KSHMR_Signature_Kick_04_Festival_of_Lights_D	
Splice Sounds	Sounds of KSHMR Vol. 3	KSHMR_Drums -> KSHMR_Drum_One_shots -> KSHMR_Kicks -> KSHMR_Signature_Kicks	KSHMR_Signature_Kick_05_Game_of_Thrones_F#	
Splice Sounds	Sounds of KSHMR Vol. 3	KSHMR_Drums -> KSHMR_Drum_One_shots -> KSHMR_Kicks -> KSHMR_Signature_Kicks	KSHMR_Signature_Kick_06_Gladiator_Kick_F#	
Splice Sounds	Sounds of KSHMR Vol. 3	KSHMR_Drums -> KSHMR_Drum_One_shots -> KSHMR_Kicks -> KSHMR_Signature_Kicks	KSHMR_Signature_Kick_07_Good_Vibes_Soldier_G#	
Splice Sounds	Sounds of KSHMR Vol. 3	KSHMR_Drums -> KSHMR_Drum_One_shots -> KSHMR_Kicks -> KSHMR_Signature_Kicks	KSHMR_Signature_Kick_08_Good_Vibes_Soldier_G#	
Splice Sounds	Sounds of KSHMR Vol. 3	KSHMR_Drums -> KSHMR_Drum_One_shots -> KSHMR_Kicks -> KSHMR_Signature_Kicks	KSHMR_Signature_Kick_09_Harder_A#	
Splice Sounds	Sounds of KSHMR Vol. 3	KSHMR_Drums -> KSHMR_Drum_One_shots -> KSHMR_Kicks -> KSHMR_Signature_Kicks	KSHMR_Signature_Kick_10_House_Of_Cards_F	
Splice Sounds	Sounds of KSHMR Vol. 3	KSHMR_Drums -> KSHMR_Drum_One_shots -> KSHMR_Kicks -> KSHMR_Signature_Kicks	KSHMR_Signature_Kick_11_Invisible_Children_E	
Splice Sounds	Sounds of KSHMR Vol. 3	KSHMR_Drums -> KSHMR_Drum_One_shots -> KSHMR_Kicks -> KSHMR_Signature_Kicks	KSHMR_Signature_Kick_12_Kolkata_F	
Splice Sounds	Sounds of KSHMR Vol. 3	KSHMR_Drums -> KSHMR_Drum_One_shots -> KSHMR_Kicks -> KSHMR_Signature_Kicks	KSHMR_Signature_Kick_13_Kolkata_F	
Splice Sounds	Sounds of KSHMR Vol. 3	KSHMR_Drums -> KSHMR_Drum_One_shots -> KSHMR_Kicks -> KSHMR_Signature_Kicks	KSHMR_Signature_Kick_14_Like_A_G6_G	
Splice Sounds	Sounds of KSHMR Vol. 3	KSHMR_Drums -> KSHMR_Drum_One_shots -> KSHMR_Kicks -> KSHMR_Signature_Kicks	KSHMR_Signature_Kick_15_Magic_G#	
Splice Sounds	Sounds of KSHMR Vol. 3	KSHMR_Drums -> KSHMR_Drum_One_shots -> KSHMR_Kicks -> KSHMR_Signature_Kicks	KSHMR_Signature_Kick_16_Mandala_E	
Splice Sounds	Sounds of KSHMR Vol. 3	KSHMR_Drums -> KSHMR_Drum_One_shots -> KSHMR_Kicks -> KSHMR_Signature_Kicks	KSHMR_Signature_Kick_17_OPA_F#	
Splice Sounds	Sounds of KSHMR Vol. 3	KSHMR_Drums -> KSHMR_Drum_One_shots -> KSHMR_Kicks -> KSHMR_Signature_Kicks	KSHMR_Signature_Kick_18_Power_F	
Splice Sounds	Sounds of KSHMR Vol. 3	KSHMR_Drums -> KSHMR_Drum_One_shots -> KSHMR_Kicks -> KSHMR_Signature_Kicks	KSHMR_Signature_Kick_19_Shiva_D#	
Splice Sounds	Sounds of KSHMR Vol. 3	KSHMR_Drums -> KSHMR_Drum_One_shots -> KSHMR_Kicks -> KSHMR_Signature_Kicks	KSHMR_Signature_Kick_20_Strange_Lands_G#	
Splice Sounds	Sounds of KSHMR Vol. 3	KSHMR_Drums -> KSHMR_Drum_One_shots -> KSHMR_Kicks -> KSHMR_Signature_Kicks	KSHMR_Signature_Kick_21_The_People_G	
Splice Sounds	Sounds of KSHMR Vol. 3	KSHMR_Drums -> KSHMR_Drum_One_shots -> KSHMR_Kicks -> KSHMR_Signature_Kicks	KSHMR_Signature_Kick_22_The_Serpent_F	
Splice Sounds	Sounds of KSHMR Vol. 3	KSHMR_Drums -> KSHMR_Drum_One_shots -> KSHMR_Kicks -> KSHMR_Signature_Kicks	KSHMR_Signature_Kick_23_The_Serpent_F	
Splice Sounds	Sounds of KSHMR Vol. 3	KSHMR_Drums -> KSHMR_Drum_One_shots -> KSHMR_Kicks -> KSHMR_Signature_Kicks	KSHMR_Signature_Kick_24_Underwater_C#	
Splice Sounds	Sounds of KSHMR Vol. 3	KSHMR_Drums -> KSHMR_Drum_One_shots -> KSHMR_Kicks -> KSHMR_Stadium_Kicks	KSHMR_Stadium_Kick_01_Airy	
Splice Sounds	Sounds of KSHMR Vol. 3	KSHMR_Drums -> KSHMR_Drum_One_shots -> KSHMR_Kicks -> KSHMR_Stadium_Kicks	KSHMR_Stadium_Kick_02_Belly	
Splice Sounds	Sounds of KSHMR Vol. 3	KSHMR_Drums -> KSHMR_Drum_One_shots -> KSHMR_Kicks -> KSHMR_Stadium_Kicks	KSHMR_Stadium_Kick_03_Deep	
Splice Sounds	Sounds of KSHMR Vol. 3	KSHMR_Drums -> KSHMR_Drum_One_shots -> KSHMR_Kicks -> KSHMR_Stadium_Kicks	KSHMR_Stadium_Kick_04_Ouch	
Splice Sounds	Sounds of KSHMR Vol. 3	KSHMR_Drums -> KSHMR_Drum_One_shots -> KSHMR_Kicks -> KSHMR_Stadium_Kicks	KSHMR_Stadium_Kick_05_Punch	
Splice Sounds	Sounds of KSHMR Vol. 3	KSHMR_Drums -> KSHMR_Drum_One_shots -> KSHMR_Kicks -> KSHMR_Stadium_Kicks	KSHMR_Stadium_Kick_06_Slam	
Splice Sounds	Sounds of KSHMR Vol. 3	KSHMR_Drums -> KSHMR_Drum_One_shots -> KSHMR_Kicks -> KSHMR_Top_Kicks	KSHMR_Top_Kick_01	
Splice Sounds	Sounds of KSHMR Vol. 3	KSHMR_Drums -> KSHMR_Drum_One_shots -> KSHMR_Kicks -> KSHMR_Top_Kicks	KSHMR_Top_Kick_02	
Splice Sounds	Sounds of KSHMR Vol. 3	KSHMR_Drums -> KSHMR_Drum_One_shots -> KSHMR_Kicks -> KSHMR_Top_Kicks	KSHMR_Top_Kick_03	
Splice Sounds	Sounds of KSHMR Vol. 3	KSHMR_Drums -> KSHMR_Drum_One_shots -> KSHMR_Kicks -> KSHMR_Top_Kicks	KSHMR_Top_Kick_04	
Splice Sounds	Sounds of KSHMR Vol. 3	KSHMR_Drums -> KSHMR_Drum_One_shots -> KSHMR_Kicks -> KSHMR_Top_Kicks	KSHMR_Top_Kick_05	
Splice Sounds	Sounds of KSHMR Vol. 3	KSHMR_Drums -> KSHMR_Drum_One_shots -> KSHMR_Kicks -> KSHMR_Top_Kicks	KSHMR_Top_Kick_06	
Splice Sounds	Sounds of KSHMR Vol. 3	KSHMR_Drums -> KSHMR_Drum_One_shots -> KSHMR_Kicks -> KSHMR_Top_Kicks	KSHMR_Top_Kick_07	
Splice Sounds	Sounds of KSHMR Vol. 3	KSHMR_Drums -> KSHMR_Drum_One_shots -> KSHMR_Kicks -> KSHMR_Top_Kicks	KSHMR_Top_Kick_08	
Splice Sounds	Sounds of KSHMR Vol. 3	KSHMR_Drums -> KSHMR_Drum_One_shots -> KSHMR_Kicks -> KSHMR_Top_Kicks	KSHMR_Top_Kick_09	
Splice Sounds	Sounds of KSHMR Vol. 3	KSHMR_Drums -> KSHMR_Drum_One_shots -> KSHMR_Kicks -> KSHMR_Top_Kicks	KSHMR_Top_Kick_10	
Splice Sounds	Sounds of KSHMR Vol. 3	KSHMR_Drums -> KSHMR_Drum_One_shots -> KSHMR_Kicks -> KSHMR_Top_Kicks	KSHMR_Top_Kick_11	
Splice Sounds	Sounds of KSHMR Vol. 3	KSHMR_Drums -> KSHMR_Drum_One_shots -> KSHMR_Kicks -> KSHMR_Top_Kicks	KSHMR_Top_Kick_12	
Splice Sounds	Sounds of KSHMR Vol. 3	KSHMR_Drums -> KSHMR_Drum_One_shots -> KSHMR_Kicks -> KSHMR_Top_Kicks	KSHMR_Top_Kick_13	
Splice Sounds	Sounds of KSHMR Vol. 3	KSHMR_Drums -> KSHMR_Drum_One_shots -> KSHMR_Kicks -> KSHMR_Top_Kicks	KSHMR_Top_Kick_14	
Splice Sounds	Sounds of KSHMR Vol. 3	KSHMR_Drums -> KSHMR_Drum_One_shots -> KSHMR_Kicks -> KSHMR_Top_Kicks	KSHMR_Top_Kick_15	
Splice Sounds	Sounds of KSHMR Vol. 3	KSHMR_Drums -> KSHMR_Drum_One_shots -> KSHMR_Snaps	KSHMR_Snap_01	
Splice Sounds	Sounds of KSHMR Vol. 3	KSHMR_Drums -> KSHMR_Drum_One_shots -> KSHMR_Snaps	KSHMR_Snap_02	
Splice Sounds	Sounds of KSHMR Vol. 3	KSHMR_Drums -> KSHMR_Drum_One_shots -> KSHMR_Snaps	KSHMR_Snap_03	
Splice Sounds	Sounds of KSHMR Vol. 3	KSHMR_Drums -> KSHMR_Drum_One_shots -> KSHMR_Snaps	KSHMR_Snap_04	
Splice Sounds	Sounds of KSHMR Vol. 3	KSHMR_Drums -> KSHMR_Drum_One_shots -> KSHMR_Snaps	KSHMR_Snap_05	
Splice Sounds	Sounds of KSHMR Vol. 3	KSHMR_Drums -> KSHMR_Drum_One_shots -> KSHMR_Snaps	KSHMR_Snap_06	
Splice Sounds	Sounds of KSHMR Vol. 3	KSHMR_Drums -> KSHMR_Drum_One_shots -> KSHMR_Snaps	KSHMR_Snap_07	
Splice Sounds	Sounds of KSHMR Vol. 3	KSHMR_Drums -> KSHMR_Drum_One_shots -> KSHMR_Snaps	KSHMR_Snap_08	
Splice Sounds	Sounds of KSHMR Vol. 3	KSHMR_Drums -> KSHMR_Drum_One_shots -> KSHMR_Snaps	KSHMR_Snap_09	
Splice Sounds	Sounds of KSHMR Vol. 3	KSHMR_Drums -> KSHMR_Drum_One_shots -> KSHMR_Snaps	KSHMR_Snap_10	
Splice Sounds	Sounds of KSHMR Vol. 3	KSHMR_Drums -> KSHMR_Drum_One_shots -> KSHMR_Snaps	KSHMR_Snap_11	
Splice Sounds	Sounds of KSHMR Vol. 3	KSHMR_Drums -> KSHMR_Drum_One_shots -> KSHMR_Snaps	KSHMR_Snap_12	
Splice Sounds	Sounds of KSHMR Vol. 3	KSHMR_Drums -> KSHMR_Drum_One_shots -> KSHMR_Snaps	KSHMR_Snap_13	
Splice Sounds	Sounds of KSHMR Vol. 3	KSHMR_Drums -> KSHMR_Drum_One_shots -> KSHMR_Snaps	KSHMR_Snap_14	
Splice Sounds	Sounds of KSHMR Vol. 3	KSHMR_Drums -> KSHMR_Drum_One_shots -> KSHMR_Snaps	KSHMR_Snap_15_Dry	
Splice Sounds	Sounds of KSHMR Vol. 3	KSHMR_Drums -> KSHMR_Drum_One_shots -> KSHMR_Snaps	KSHMR_Snap_16_Dry	
Splice Sounds	Sounds of KSHMR Vol. 3	KSHMR_Drums -> KSHMR_Drum_One_shots -> KSHMR_Snaps	KSHMR_Snap_17_Dry	
Splice Sounds	Sounds of KSHMR Vol. 3	KSHMR_Drums -> KSHMR_Drum_One_shots -> KSHMR_Snaps	KSHMR_Snap_18_Dry	
Splice Sounds	Sounds of KSHMR Vol. 3	KSHMR_Drums -> KSHMR_Drum_One_shots -> KSHMR_Snares -> KSHMR_Big_Snares	KSHMR_Big_Snare_01	
Splice Sounds	Sounds of KSHMR Vol. 3	KSHMR_Drums -> KSHMR_Drum_One_shots -> KSHMR_Snares -> KSHMR_Big_Snares	KSHMR_Big_Snare_02	
Splice Sounds	Sounds of KSHMR Vol. 3	KSHMR_Drums -> KSHMR_Drum_One_shots -> KSHMR_Snares -> KSHMR_Big_Snares	KSHMR_Big_Snare_03	
Splice Sounds	Sounds of KSHMR Vol. 3	KSHMR_Drums -> KSHMR_Drum_One_shots -> KSHMR_Snares -> KSHMR_Big_Snares	KSHMR_Big_Snare_04	
Splice Sounds	Sounds of KSHMR Vol. 3	KSHMR_Drums -> KSHMR_Drum_One_shots -> KSHMR_Snares -> KSHMR_Big_Snares	KSHMR_Big_Snare_05	
Splice Sounds	Sounds of KSHMR Vol. 3	KSHMR_Drums -> KSHMR_Drum_One_shots -> KSHMR_Snares -> KSHMR_Big_Snares	KSHMR_Big_Snare_06	
Splice Sounds	Sounds of KSHMR Vol. 3	KSHMR_Drums -> KSHMR_Drum_One_shots -> KSHMR_Snares -> KSHMR_Big_Snares	KSHMR_Big_Snare_07	
Splice Sounds	Sounds of KSHMR Vol. 3	KSHMR_Drums -> KSHMR_Drum_One_shots -> KSHMR_Snares -> KSHMR_Big_Snares	KSHMR_Big_Snare_08	
Splice Sounds	Sounds of KSHMR Vol. 3	KSHMR_Drums -> KSHMR_Drum_One_shots -> KSHMR_Snares -> KSHMR_Big_Snares	KSHMR_Big_Snare_09	
Splice Sounds	Sounds of KSHMR Vol. 3	KSHMR_Drums -> KSHMR_Drum_One_shots -> KSHMR_Snares -> KSHMR_Big_Snares	KSHMR_Big_Snare_10	
Splice Sounds	Sounds of KSHMR Vol. 3	KSHMR_Drums -> KSHMR_Drum_One_shots -> KSHMR_Snares -> KSHMR_Big_Snares	KSHMR_Big_Snare_11	
Splice Sounds	Sounds of KSHMR Vol. 3	KSHMR_Drums -> KSHMR_Drum_One_shots -> KSHMR_Snares -> KSHMR_Big_Snares	KSHMR_Big_Snare_12	
Splice Sounds	Sounds of KSHMR Vol. 3	KSHMR_Drums -> KSHMR_Drum_One_shots -> KSHMR_Snares -> KSHMR_Big_Snares	KSHMR_Big_Snare_13	
Splice Sounds	Sounds of KSHMR Vol. 3	KSHMR_Drums -> KSHMR_Drum_One_shots -> KSHMR_Snares -> KSHMR_Big_Snares	KSHMR_Big_Snare_14	
Splice Sounds	Sounds of KSHMR Vol. 3	KSHMR_Drums -> KSHMR_Drum_One_shots -> KSHMR_Snares -> KSHMR_Big_Snares	KSHMR_Big_Snare_15	
Splice Sounds	Sounds of KSHMR Vol. 3	KSHMR_Drums -> KSHMR_Drum_One_shots -> KSHMR_Snares -> KSHMR_Big_Snares	KSHMR_Big_Snare_16	
Splice Sounds	Sounds of KSHMR Vol. 3	KSHMR_Drums -> KSHMR_Drum_One_shots -> KSHMR_Snares -> KSHMR_Big_Snares	KSHMR_Big_Snare_17	
Splice Sounds	Sounds of KSHMR Vol. 3	KSHMR_Drums -> KSHMR_Drum_One_shots -> KSHMR_Snares -> KSHMR_Big_Snares	KSHMR_Big_Snare_18	
Splice Sounds	Sounds of KSHMR Vol. 3	KSHMR_Drums -> KSHMR_Drum_One_shots -> KSHMR_Snares -> KSHMR_Big_Snares	KSHMR_Big_Snare_19	
Splice Sounds	Sounds of KSHMR Vol. 3	KSHMR_Drums -> KSHMR_Drum_One_shots -> KSHMR_Snares -> KSHMR_Big_Snares	KSHMR_Big_Snare_20	
Splice Sounds	Sounds of KSHMR Vol. 3	KSHMR_Drums -> KSHMR_Drum_One_shots -> KSHMR_Snares -> KSHMR_Big_Snares	KSHMR_Big_Snare_21	
Splice Sounds	Sounds of KSHMR Vol. 3	KSHMR_Drums -> KSHMR_Drum_One_shots -> KSHMR_Snares -> KSHMR_Hard_Snares	KSHMR_Hard_Snare_01_A#	
Splice Sounds	Sounds of KSHMR Vol. 3	KSHMR_Drums -> KSHMR_Drum_One_shots -> KSHMR_Snares -> KSHMR_Hard_Snares	KSHMR_Hard_Snare_02_C#	
Splice Sounds	Sounds of KSHMR Vol. 3	KSHMR_Drums -> KSHMR_Drum_One_shots -> KSHMR_Snares -> KSHMR_Hard_Snares	KSHMR_Hard_Snare_03_D#	
Splice Sounds	Sounds of KSHMR Vol. 3	KSHMR_Drums -> KSHMR_Drum_One_shots -> KSHMR_Snares -> KSHMR_Hard_Snares	KSHMR_Hard_Snare_04_D#	
Splice Sounds	Sounds of KSHMR Vol. 3	KSHMR_Drums -> KSHMR_Drum_One_shots -> KSHMR_Snares -> KSHMR_Hard_Snares	KSHMR_Hard_Snare_05_E	
Splice Sounds	Sounds of KSHMR Vol. 3	KSHMR_Drums -> KSHMR_Drum_One_shots -> KSHMR_Snares -> KSHMR_Hard_Snares	KSHMR_Hard_Snare_06_E	
Splice Sounds	Sounds of KSHMR Vol. 3	KSHMR_Drums -> KSHMR_Drum_One_shots -> KSHMR_Snares -> KSHMR_Hard_Snares	KSHMR_Hard_Snare_07_E	
Splice Sounds	Sounds of KSHMR Vol. 3	KSHMR_Drums -> KSHMR_Drum_One_shots -> KSHMR_Snares -> KSHMR_Hard_Snares	KSHMR_Hard_Snare_08_F	
Splice Sounds	Sounds of KSHMR Vol. 3	KSHMR_Drums -> KSHMR_Drum_One_shots -> KSHMR_Snares -> KSHMR_Hard_Snares	KSHMR_Hard_Snare_09_F	
Splice Sounds	Sounds of KSHMR Vol. 3	KSHMR_Drums -> KSHMR_Drum_One_shots -> KSHMR_Snares -> KSHMR_Hard_Snares	KSHMR_Hard_Snare_10_F#	
Splice Sounds	Sounds of KSHMR Vol. 3	KSHMR_Drums -> KSHMR_Drum_One_shots -> KSHMR_Snares -> KSHMR_Hard_Snares	KSHMR_Hard_Snare_11_G	
Splice Sounds	Sounds of KSHMR Vol. 3	KSHMR_Drums -> KSHMR_Drum_One_shots -> KSHMR_Snares -> KSHMR_Hard_Snares	KSHMR_Hard_Snare_12_G	
Splice Sounds	Sounds of KSHMR Vol. 3	KSHMR_Drums -> KSHMR_Drum_One_shots -> KSHMR_Snares -> KSHMR_Hard_Snares	KSHMR_Hard_Snare_13_G	
Splice Sounds	Sounds of KSHMR Vol. 3	KSHMR_Drums -> KSHMR_Drum_One_shots -> KSHMR_Snares -> KSHMR_Hard_Snares	KSHMR_Hard_Snare_14_G	
Splice Sounds	Sounds of KSHMR Vol. 3	KSHMR_Drums -> KSHMR_Drum_One_shots -> KSHMR_Snares -> KSHMR_Hard_Snares	KSHMR_Hard_Snare_15_G#	
Splice Sounds	Sounds of KSHMR Vol. 3	KSHMR_Drums -> KSHMR_Drum_One_shots -> KSHMR_Snares -> KSHMR_Hard_Snares	KSHMR_Hard_Snare_16_G#	
Splice Sounds	Sounds of KSHMR Vol. 3	KSHMR_Drums -> KSHMR_Drum_One_shots -> KSHMR_Snares -> KSHMR_Hip_Hop_Snares	KSHMR_Hip_Hop_Snare_01_A	
Splice Sounds	Sounds of KSHMR Vol. 3	KSHMR_Drums -> KSHMR_Drum_One_shots -> KSHMR_Snares -> KSHMR_Hip_Hop_Snares	KSHMR_Hip_Hop_Snare_02_A#	
Splice Sounds	Sounds of KSHMR Vol. 3	KSHMR_Drums -> KSHMR_Drum_One_shots -> KSHMR_Snares -> KSHMR_Hip_Hop_Snares	KSHMR_Hip_Hop_Snare_03_A#	
Splice Sounds	Sounds of KSHMR Vol. 3	KSHMR_Drums -> KSHMR_Drum_One_shots -> KSHMR_Snares -> KSHMR_Hip_Hop_Snares	KSHMR_Hip_Hop_Snare_04_B	
Splice Sounds	Sounds of KSHMR Vol. 3	KSHMR_Drums -> KSHMR_Drum_One_shots -> KSHMR_Snares -> KSHMR_Hip_Hop_Snares	KSHMR_Hip_Hop_Snare_05_B	
Splice Sounds	Sounds of KSHMR Vol. 3	KSHMR_Drums -> KSHMR_Drum_One_shots -> KSHMR_Snares -> KSHMR_Hip_Hop_Snares	KSHMR_Hip_Hop_Snare_06_B	
Splice Sounds	Sounds of KSHMR Vol. 3	KSHMR_Drums -> KSHMR_Drum_One_shots -> KSHMR_Snares -> KSHMR_Hip_Hop_Snares	KSHMR_Hip_Hop_Snare_07_C	
Splice Sounds	Sounds of KSHMR Vol. 3	KSHMR_Drums -> KSHMR_Drum_One_shots -> KSHMR_Snares -> KSHMR_Hip_Hop_Snares	KSHMR_Hip_Hop_Snare_08_C#	
Splice Sounds	Sounds of KSHMR Vol. 3	KSHMR_Drums -> KSHMR_Drum_One_shots -> KSHMR_Snares -> KSHMR_Hip_Hop_Snares	KSHMR_Hip_Hop_Snare_09_C#	
Splice Sounds	Sounds of KSHMR Vol. 3	KSHMR_Drums -> KSHMR_Drum_One_shots -> KSHMR_Snares -> KSHMR_Hip_Hop_Snares	KSHMR_Hip_Hop_Snare_10_D	
Splice Sounds	Sounds of KSHMR Vol. 3	KSHMR_Drums -> KSHMR_Drum_One_shots -> KSHMR_Snares -> KSHMR_Hip_Hop_Snares	KSHMR_Hip_Hop_Snare_11_D	
Splice Sounds	Sounds of KSHMR Vol. 3	KSHMR_Drums -> KSHMR_Drum_One_shots -> KSHMR_Snares -> KSHMR_Hip_Hop_Snares	KSHMR_Hip_Hop_Snare_12_D#	
Splice Sounds	Sounds of KSHMR Vol. 3	KSHMR_Drums -> KSHMR_Drum_One_shots -> KSHMR_Snares -> KSHMR_Hip_Hop_Snares	KSHMR_Hip_Hop_Snare_13_E	
Splice Sounds	Sounds of KSHMR Vol. 3	KSHMR_Drums -> KSHMR_Drum_One_shots -> KSHMR_Snares -> KSHMR_Hip_Hop_Snares	KSHMR_Hip_Hop_Snare_14_E	
Splice Sounds	Sounds of KSHMR Vol. 3	KSHMR_Drums -> KSHMR_Drum_One_shots -> KSHMR_Snares -> KSHMR_Hip_Hop_Snares	KSHMR_Hip_Hop_Snare_15_E	
Splice Sounds	Sounds of KSHMR Vol. 3	KSHMR_Drums -> KSHMR_Drum_One_shots -> KSHMR_Snares -> KSHMR_Hip_Hop_Snares	KSHMR_Hip_Hop_Snare_16_E	
Splice Sounds	Sounds of KSHMR Vol. 3	KSHMR_Drums -> KSHMR_Drum_One_shots -> KSHMR_Snares -> KSHMR_Hip_Hop_Snares	KSHMR_Hip_Hop_Snare_17_E	
Splice Sounds	Sounds of KSHMR Vol. 3	KSHMR_Drums -> KSHMR_Drum_One_shots -> KSHMR_Snares -> KSHMR_Hip_Hop_Snares	KSHMR_Hip_Hop_Snare_18_F	
Splice Sounds	Sounds of KSHMR Vol. 3	KSHMR_Drums -> KSHMR_Drum_One_shots -> KSHMR_Snares -> KSHMR_Hip_Hop_Snares	KSHMR_Hip_Hop_Snare_19_F	
Splice Sounds	Sounds of KSHMR Vol. 3	KSHMR_Drums -> KSHMR_Drum_One_shots -> KSHMR_Snares -> KSHMR_Hip_Hop_Snares	KSHMR_Hip_Hop_Snare_20_F	
Splice Sounds	Sounds of KSHMR Vol. 3	KSHMR_Drums -> KSHMR_Drum_One_shots -> KSHMR_Snares -> KSHMR_Hip_Hop_Snares	KSHMR_Hip_Hop_Snare_21_F	
Splice Sounds	Sounds of KSHMR Vol. 3	KSHMR_Drums -> KSHMR_Drum_One_shots -> KSHMR_Snares -> KSHMR_Hip_Hop_Snares	KSHMR_Hip_Hop_Snare_22_F#	
Splice Sounds	Sounds of KSHMR Vol. 3	KSHMR_Drums -> KSHMR_Drum_One_shots -> KSHMR_Snares -> KSHMR_Hip_Hop_Snares	KSHMR_Hip_Hop_Snare_23_F#	
Splice Sounds	Sounds of KSHMR Vol. 3	KSHMR_Drums -> KSHMR_Drum_One_shots -> KSHMR_Snares -> KSHMR_Hip_Hop_Snares	KSHMR_Hip_Hop_Snare_24_G	
Splice Sounds	Sounds of KSHMR Vol. 3	KSHMR_Drums -> KSHMR_Drum_One_shots -> KSHMR_Snares -> KSHMR_Hip_Hop_Snares	KSHMR_Hip_Hop_Snare_25_G#	
Splice Sounds	Sounds of KSHMR Vol. 3	KSHMR_Drums -> KSHMR_Drum_One_shots -> KSHMR_Snares -> KSHMR_Hip_Hop_Snares	KSHMR_Hip_Hop_Snare_26_G#	
Splice Sounds	Sounds of KSHMR Vol. 3	KSHMR_Drums -> KSHMR_Drum_One_shots -> KSHMR_Snares -> KSHMR_Hip_Hop_Snares	KSHMR_Hip_Hop_Snare_27_G#	
Splice Sounds	Sounds of KSHMR Vol. 3	KSHMR_Drums -> KSHMR_Drum_One_shots -> KSHMR_Snares -> KSHMR_Hip_Hop_Snares	KSHMR_Hip_Hop_Snare_28_G#	
Splice Sounds	Sounds of KSHMR Vol. 3	KSHMR_Drums -> KSHMR_Drum_One_shots -> KSHMR_Snares -> KSHMR_Snare_FX	KSHMR_Snare_FX_01_E	
Splice Sounds	Sounds of KSHMR Vol. 3	KSHMR_Drums -> KSHMR_Drum_One_shots -> KSHMR_Snares -> KSHMR_Snare_FX	KSHMR_Snare_FX_02_F	
Splice Sounds	Sounds of KSHMR Vol. 3	KSHMR_Drums -> KSHMR_Drum_One_shots -> KSHMR_Snares -> KSHMR_Snare_FX	KSHMR_Snare_FX_03_F	
Splice Sounds	Sounds of KSHMR Vol. 3	KSHMR_Drums -> KSHMR_Drum_One_shots -> KSHMR_Snares -> KSHMR_Snare_FX	KSHMR_Snare_FX_04_G	
Splice Sounds	Sounds of KSHMR Vol. 3	KSHMR_Drums -> KSHMR_Drum_One_shots -> KSHMR_Snares -> KSHMR_Snare_FX	KSHMR_Snare_FX_05_G	
Splice Sounds	Sounds of KSHMR Vol. 3	KSHMR_Drums -> KSHMR_Drum_One_shots -> KSHMR_Snares -> KSHMR_Tight_Snares	KSHMR_Tight_Snare_01_A	
Splice Sounds	Sounds of KSHMR Vol. 3	KSHMR_Drums -> KSHMR_Drum_One_shots -> KSHMR_Snares -> KSHMR_Tight_Snares	KSHMR_Tight_Snare_02_A	
Splice Sounds	Sounds of KSHMR Vol. 3	KSHMR_Drums -> KSHMR_Drum_One_shots -> KSHMR_Snares -> KSHMR_Tight_Snares	KSHMR_Tight_Snare_03_A	
Splice Sounds	Sounds of KSHMR Vol. 3	KSHMR_Drums -> KSHMR_Drum_One_shots -> KSHMR_Snares -> KSHMR_Tight_Snares	KSHMR_Tight_Snare_04_A	
Splice Sounds	Sounds of KSHMR Vol. 3	KSHMR_Drums -> KSHMR_Drum_One_shots -> KSHMR_Snares -> KSHMR_Tight_Snares	KSHMR_Tight_Snare_05_A	
Splice Sounds	Sounds of KSHMR Vol. 3	KSHMR_Drums -> KSHMR_Drum_One_shots -> KSHMR_Snares -> KSHMR_Tight_Snares	KSHMR_Tight_Snare_06_A#	
Splice Sounds	Sounds of KSHMR Vol. 3	KSHMR_Drums -> KSHMR_Drum_One_shots -> KSHMR_Snares -> KSHMR_Tight_Snares	KSHMR_Tight_Snare_07_A#	
Splice Sounds	Sounds of KSHMR Vol. 3	KSHMR_Drums -> KSHMR_Drum_One_shots -> KSHMR_Snares -> KSHMR_Tight_Snares	KSHMR_Tight_Snare_08_A#	
Splice Sounds	Sounds of KSHMR Vol. 3	KSHMR_Drums -> KSHMR_Drum_One_shots -> KSHMR_Snares -> KSHMR_Tight_Snares	KSHMR_Tight_Snare_09_A#	
Splice Sounds	Sounds of KSHMR Vol. 3	KSHMR_Drums -> KSHMR_Drum_One_shots -> KSHMR_Snares -> KSHMR_Tight_Snares	KSHMR_Tight_Snare_10_B	
Splice Sounds	Sounds of KSHMR Vol. 3	KSHMR_Drums -> KSHMR_Drum_One_shots -> KSHMR_Snares -> KSHMR_Tight_Snares	KSHMR_Tight_Snare_11_B	
Splice Sounds	Sounds of KSHMR Vol. 3	KSHMR_Drums -> KSHMR_Drum_One_shots -> KSHMR_Snares -> KSHMR_Tight_Snares	KSHMR_Tight_Snare_12_B	
Splice Sounds	Sounds of KSHMR Vol. 3	KSHMR_Drums -> KSHMR_Drum_One_shots -> KSHMR_Snares -> KSHMR_Tight_Snares	KSHMR_Tight_Snare_13_C	
Splice Sounds	Sounds of KSHMR Vol. 3	KSHMR_Drums -> KSHMR_Drum_One_shots -> KSHMR_Snares -> KSHMR_Tight_Snares	KSHMR_Tight_Snare_14_C#	
Splice Sounds	Sounds of KSHMR Vol. 3	KSHMR_Drums -> KSHMR_Drum_One_shots -> KSHMR_Snares -> KSHMR_Tight_Snares	KSHMR_Tight_Snare_15_C#	
Splice Sounds	Sounds of KSHMR Vol. 3	KSHMR_Drums -> KSHMR_Drum_One_shots -> KSHMR_Snares -> KSHMR_Tight_Snares	KSHMR_Tight_Snare_16_C#	
Splice Sounds	Sounds of KSHMR Vol. 3	KSHMR_Drums -> KSHMR_Drum_One_shots -> KSHMR_Snares -> KSHMR_Tight_Snares	KSHMR_Tight_Snare_17_C#	
Splice Sounds	Sounds of KSHMR Vol. 3	KSHMR_Drums -> KSHMR_Drum_One_shots -> KSHMR_Snares -> KSHMR_Tight_Snares	KSHMR_Tight_Snare_18_D#	
Splice Sounds	Sounds of KSHMR Vol. 3	KSHMR_Drums -> KSHMR_Drum_One_shots -> KSHMR_Snares -> KSHMR_Tight_Snares	KSHMR_Tight_Snare_19_D#	
Splice Sounds	Sounds of KSHMR Vol. 3	KSHMR_Drums -> KSHMR_Drum_One_shots -> KSHMR_Snares -> KSHMR_Tight_Snares	KSHMR_Tight_Snare_20_D#	
Splice Sounds	Sounds of KSHMR Vol. 3	KSHMR_Drums -> KSHMR_Drum_One_shots -> KSHMR_Snares -> KSHMR_Tight_Snares	KSHMR_Tight_Snare_21_E	
Splice Sounds	Sounds of KSHMR Vol. 3	KSHMR_Drums -> KSHMR_Drum_One_shots -> KSHMR_Snares -> KSHMR_Tight_Snares	KSHMR_Tight_Snare_22_E	
Splice Sounds	Sounds of KSHMR Vol. 3	KSHMR_Drums -> KSHMR_Drum_One_shots -> KSHMR_Snares -> KSHMR_Tight_Snares	KSHMR_Tight_Snare_23_E	
Splice Sounds	Sounds of KSHMR Vol. 3	KSHMR_Drums -> KSHMR_Drum_One_shots -> KSHMR_Snares -> KSHMR_Tight_Snares	KSHMR_Tight_Snare_24_E	
Splice Sounds	Sounds of KSHMR Vol. 3	KSHMR_Drums -> KSHMR_Drum_One_shots -> KSHMR_Snares -> KSHMR_Tight_Snares	KSHMR_Tight_Snare_25_E	
Splice Sounds	Sounds of KSHMR Vol. 3	KSHMR_Drums -> KSHMR_Drum_One_shots -> KSHMR_Snares -> KSHMR_Tight_Snares	KSHMR_Tight_Snare_26_E	
Splice Sounds	Sounds of KSHMR Vol. 3	KSHMR_Drums -> KSHMR_Drum_One_shots -> KSHMR_Snares -> KSHMR_Tight_Snares	KSHMR_Tight_Snare_27_E	
Splice Sounds	Sounds of KSHMR Vol. 3	KSHMR_Drums -> KSHMR_Drum_One_shots -> KSHMR_Snares -> KSHMR_Tight_Snares	KSHMR_Tight_Snare_28_F	
Splice Sounds	Sounds of KSHMR Vol. 3	KSHMR_Drums -> KSHMR_Drum_One_shots -> KSHMR_Snares -> KSHMR_Tight_Snares	KSHMR_Tight_Snare_29_F	
Splice Sounds	Sounds of KSHMR Vol. 3	KSHMR_Drums -> KSHMR_Drum_One_shots -> KSHMR_Snares -> KSHMR_Tight_Snares	KSHMR_Tight_Snare_30_F	
Splice Sounds	Sounds of KSHMR Vol. 3	KSHMR_Drums -> KSHMR_Drum_One_shots -> KSHMR_Snares -> KSHMR_Tight_Snares	KSHMR_Tight_Snare_31_F	
Splice Sounds	Sounds of KSHMR Vol. 3	KSHMR_Drums -> KSHMR_Drum_One_shots -> KSHMR_Snares -> KSHMR_Tight_Snares	KSHMR_Tight_Snare_32_F	
Splice Sounds	Sounds of KSHMR Vol. 3	KSHMR_Drums -> KSHMR_Drum_One_shots -> KSHMR_Snares -> KSHMR_Tight_Snares	KSHMR_Tight_Snare_33_F#	
Splice Sounds	Sounds of KSHMR Vol. 3	KSHMR_Drums -> KSHMR_Drum_One_shots -> KSHMR_Snares -> KSHMR_Tight_Snares	KSHMR_Tight_Snare_34_F#	
Splice Sounds	Sounds of KSHMR Vol. 3	KSHMR_Drums -> KSHMR_Drum_One_shots -> KSHMR_Snares -> KSHMR_Tight_Snares	KSHMR_Tight_Snare_35_F#	
Splice Sounds	Sounds of KSHMR Vol. 3	KSHMR_Drums -> KSHMR_Drum_One_shots -> KSHMR_Snares -> KSHMR_Tight_Snares	KSHMR_Tight_Snare_36_F#	
Splice Sounds	Sounds of KSHMR Vol. 3	KSHMR_Drums -> KSHMR_Drum_One_shots -> KSHMR_Snares -> KSHMR_Tight_Snares	KSHMR_Tight_Snare_37_G	
Splice Sounds	Sounds of KSHMR Vol. 3	KSHMR_Drums -> KSHMR_Drum_One_shots -> KSHMR_Snares -> KSHMR_Tight_Snares	KSHMR_Tight_Snare_38_G	
Splice Sounds	Sounds of KSHMR Vol. 3	KSHMR_Drums -> KSHMR_Drum_One_shots -> KSHMR_Snares -> KSHMR_Tight_Snares	KSHMR_Tight_Snare_39_G	
Splice Sounds	Sounds of KSHMR Vol. 3	KSHMR_Drums -> KSHMR_Drum_One_shots -> KSHMR_Snares -> KSHMR_Tight_Snares	KSHMR_Tight_Snare_40_G	
Splice Sounds	Sounds of KSHMR Vol. 3	KSHMR_Drums -> KSHMR_Drum_One_shots -> KSHMR_Snares -> KSHMR_Tight_Snares	KSHMR_Tight_Snare_41_G#	
Splice Sounds	Sounds of KSHMR Vol. 3	KSHMR_Drums -> KSHMR_Drum_One_shots -> KSHMR_Toms -> KSHMR_Tom_Individuals	KSHMR_Tom_01_A#	
Splice Sounds	Sounds of KSHMR Vol. 3	KSHMR_Drums -> KSHMR_Drum_One_shots -> KSHMR_Toms -> KSHMR_Tom_Individuals	KSHMR_Tom_02_A#	
Splice Sounds	Sounds of KSHMR Vol. 3	KSHMR_Drums -> KSHMR_Drum_One_shots -> KSHMR_Toms -> KSHMR_Tom_Individuals	KSHMR_Tom_03_B	
Splice Sounds	Sounds of KSHMR Vol. 3	KSHMR_Drums -> KSHMR_Drum_One_shots -> KSHMR_Toms -> KSHMR_Tom_Individuals	KSHMR_Tom_04_C	
Splice Sounds	Sounds of KSHMR Vol. 3	KSHMR_Drums -> KSHMR_Drum_One_shots -> KSHMR_Toms -> KSHMR_Tom_Individuals	KSHMR_Tom_05_C	
Splice Sounds	Sounds of KSHMR Vol. 3	KSHMR_Drums -> KSHMR_Drum_One_shots -> KSHMR_Toms -> KSHMR_Tom_Individuals	KSHMR_Tom_06_C#	
Splice Sounds	Sounds of KSHMR Vol. 3	KSHMR_Drums -> KSHMR_Drum_One_shots -> KSHMR_Toms -> KSHMR_Tom_Individuals	KSHMR_Tom_07_D	
Splice Sounds	Sounds of KSHMR Vol. 3	KSHMR_Drums -> KSHMR_Drum_One_shots -> KSHMR_Toms -> KSHMR_Tom_Individuals	KSHMR_Tom_08_D	
Splice Sounds	Sounds of KSHMR Vol. 3	KSHMR_Drums -> KSHMR_Drum_One_shots -> KSHMR_Toms -> KSHMR_Tom_Individuals	KSHMR_Tom_09_D	
Splice Sounds	Sounds of KSHMR Vol. 3	KSHMR_Drums -> KSHMR_Drum_One_shots -> KSHMR_Toms -> KSHMR_Tom_Individuals	KSHMR_Tom_10_D	
Splice Sounds	Sounds of KSHMR Vol. 3	KSHMR_Drums -> KSHMR_Drum_One_shots -> KSHMR_Toms -> KSHMR_Tom_Individuals	KSHMR_Tom_11_E	
Splice Sounds	Sounds of KSHMR Vol. 3	KSHMR_Drums -> KSHMR_Drum_One_shots -> KSHMR_Toms -> KSHMR_Tom_Individuals	KSHMR_Tom_12_F	
Splice Sounds	Sounds of KSHMR Vol. 3	KSHMR_Drums -> KSHMR_Drum_One_shots -> KSHMR_Toms -> KSHMR_Tom_Individuals	KSHMR_Tom_13_F	
Splice Sounds	Sounds of KSHMR Vol. 3	KSHMR_Drums -> KSHMR_Drum_One_shots -> KSHMR_Toms -> KSHMR_Tom_Individuals	KSHMR_Tom_14_F	
Splice Sounds	Sounds of KSHMR Vol. 3	KSHMR_Drums -> KSHMR_Drum_One_shots -> KSHMR_Toms -> KSHMR_Tom_Individuals	KSHMR_Tom_15_F#	
Splice Sounds	Sounds of KSHMR Vol. 3	KSHMR_Drums -> KSHMR_Drum_One_shots -> KSHMR_Toms -> KSHMR_Tom_Individuals	KSHMR_Tom_16_G	
Splice Sounds	Sounds of KSHMR Vol. 3	KSHMR_Drums -> KSHMR_Drum_One_shots -> KSHMR_Toms -> KSHMR_Tom_Individuals	KSHMR_Tom_17_G#	
Splice Sounds	Sounds of KSHMR Vol. 3	KSHMR_Drums -> KSHMR_Drum_One_shots -> KSHMR_Toms -> KSHMR_Tom_Individuals	KSHMR_Tom_18_G#	
Splice Sounds	Sounds of KSHMR Vol. 3	KSHMR_Drums -> KSHMR_Drum_One_shots -> KSHMR_Toms -> KSHMR_Tom_Individuals	KSHMR_Tom_19_Synth_A	
Splice Sounds	Sounds of KSHMR Vol. 3	KSHMR_Drums -> KSHMR_Drum_One_shots -> KSHMR_Toms -> KSHMR_Tom_Individuals	KSHMR_Tom_20_Synth_C#	
Splice Sounds	Sounds of KSHMR Vol. 3	KSHMR_Drums -> KSHMR_Drum_One_shots -> KSHMR_Toms -> KSHMR_Tom_Individuals	KSHMR_Tom_21_Synth_C#	
Splice Sounds	Sounds of KSHMR Vol. 3	KSHMR_Drums -> KSHMR_Drum_One_shots -> KSHMR_Toms -> KSHMR_Tom_Individuals	KSHMR_Tom_22_Synth_D	
Splice Sounds	Sounds of KSHMR Vol. 3	KSHMR_Drums -> KSHMR_Drum_One_shots -> KSHMR_Toms -> KSHMR_Tom_Individuals	KSHMR_Tom_23_Synth_D	
Splice Sounds	Sounds of KSHMR Vol. 3	KSHMR_Drums -> KSHMR_Drum_One_shots -> KSHMR_Toms -> KSHMR_Tom_Individuals	KSHMR_Tom_24_Synth_D	
Splice Sounds	Sounds of KSHMR Vol. 3	KSHMR_Drums -> KSHMR_Drum_One_shots -> KSHMR_Toms -> KSHMR_Tom_Individuals	KSHMR_Tom_25_Synth_E	
Splice Sounds	Sounds of KSHMR Vol. 3	KSHMR_Drums -> KSHMR_Drum_One_shots -> KSHMR_Toms -> KSHMR_Tom_Individuals	KSHMR_Tom_26_Synth_F	
Splice Sounds	Sounds of KSHMR Vol. 3	KSHMR_Drums -> KSHMR_Drum_One_shots -> KSHMR_Toms -> KSHMR_Tom_Individuals	KSHMR_Tom_27_Synth_G	
Splice Sounds	Sounds of KSHMR Vol. 3	KSHMR_Drums -> KSHMR_Drum_One_shots -> KSHMR_Toms -> KSHMR_Tom_Individuals	KSHMR_Tom_28_Double_Hit_E_C#	
Splice Sounds	Sounds of KSHMR Vol. 3	KSHMR_Drums -> KSHMR_Percussion -> KSHMR_Indian_Percussion	KSHMR_Indian_Percussion_01_B	
Splice Sounds	Sounds of KSHMR Vol. 3	KSHMR_Drums -> KSHMR_Percussion -> KSHMR_Indian_Percussion	KSHMR_Indian_Percussion_02_C	
Splice Sounds	Sounds of KSHMR Vol. 3	KSHMR_Drums -> KSHMR_Percussion -> KSHMR_Indian_Percussion	KSHMR_Indian_Percussion_03_C#	
Splice Sounds	Sounds of KSHMR Vol. 3	KSHMR_Drums -> KSHMR_Percussion -> KSHMR_Indian_Percussion	KSHMR_Indian_Percussion_04_C#	
Splice Sounds	Sounds of KSHMR Vol. 3	KSHMR_Drums -> KSHMR_Percussion -> KSHMR_Indian_Percussion	KSHMR_Indian_Percussion_05_C#	
Splice Sounds	Sounds of KSHMR Vol. 3	KSHMR_Drums -> KSHMR_Percussion -> KSHMR_Indian_Percussion	KSHMR_Indian_Percussion_06_D	
Splice Sounds	Sounds of KSHMR Vol. 3	KSHMR_Drums -> KSHMR_Percussion -> KSHMR_Indian_Percussion	KSHMR_Indian_Percussion_07_D	
Splice Sounds	Sounds of KSHMR Vol. 3	KSHMR_Drums -> KSHMR_Percussion -> KSHMR_Indian_Percussion	KSHMR_Indian_Percussion_08_D	
Splice Sounds	Sounds of KSHMR Vol. 3	KSHMR_Drums -> KSHMR_Percussion -> KSHMR_Indian_Percussion	KSHMR_Indian_Percussion_09_D	
Splice Sounds	Sounds of KSHMR Vol. 3	KSHMR_Drums -> KSHMR_Percussion -> KSHMR_Indian_Percussion	KSHMR_Indian_Percussion_10_D#	
Splice Sounds	Sounds of KSHMR Vol. 3	KSHMR_Drums -> KSHMR_Percussion -> KSHMR_Indian_Percussion	KSHMR_Indian_Percussion_11_F	
Splice Sounds	Sounds of KSHMR Vol. 3	KSHMR_Drums -> KSHMR_Percussion -> KSHMR_Indian_Percussion	KSHMR_Indian_Percussion_12_F	
Splice Sounds	Sounds of KSHMR Vol. 3	KSHMR_Drums -> KSHMR_Percussion -> KSHMR_Indian_Percussion	KSHMR_Indian_Percussion_13_Roll	
Splice Sounds	Sounds of KSHMR Vol. 3	KSHMR_Drums -> KSHMR_Percussion -> KSHMR_Indian_Percussion	KSHMR_Indian_Tabla_Fill_128_01	
Splice Sounds	Sounds of KSHMR Vol. 3	KSHMR_Drums -> KSHMR_Percussion -> KSHMR_Indian_Percussion	KSHMR_Indian_Tabla_Fill_128_02	
Splice Sounds	Sounds of KSHMR Vol. 3	KSHMR_Drums -> KSHMR_Percussion -> KSHMR_Indian_Percussion	KSHMR_Indian_Tabla_Fill_128_03	
Splice Sounds	Sounds of KSHMR Vol. 3	KSHMR_Drums -> KSHMR_Percussion -> KSHMR_Percussion_High	KSHMR_Percussion_High_Clank_01_A#	
Splice Sounds	Sounds of KSHMR Vol. 3	KSHMR_Drums -> KSHMR_Percussion -> KSHMR_Percussion_High	KSHMR_Percussion_High_Clank_02_A#	
Splice Sounds	Sounds of KSHMR Vol. 3	KSHMR_Drums -> KSHMR_Percussion -> KSHMR_Percussion_High	KSHMR_Percussion_High_Clank_03_D	
Splice Sounds	Sounds of KSHMR Vol. 3	KSHMR_Drums -> KSHMR_Percussion -> KSHMR_Percussion_High	KSHMR_Percussion_High_Clank_04_D	
Splice Sounds	Sounds of KSHMR Vol. 3	KSHMR_Drums -> KSHMR_Percussion -> KSHMR_Percussion_High	KSHMR_Percussion_High_Clank_05_D#	
Splice Sounds	Sounds of KSHMR Vol. 3	KSHMR_Drums -> KSHMR_Percussion -> KSHMR_Percussion_High	KSHMR_Percussion_High_Clank_06_G	
Splice Sounds	Sounds of KSHMR Vol. 3	KSHMR_Drums -> KSHMR_Percussion -> KSHMR_Percussion_High	KSHMR_Percussion_High_Clank_07_G#	
Splice Sounds	Sounds of KSHMR Vol. 3	KSHMR_Drums -> KSHMR_Percussion -> KSHMR_Percussion_High	KSHMR_Percussion_High_Conga_G	
Splice Sounds	Sounds of KSHMR Vol. 3	KSHMR_Drums -> KSHMR_Percussion -> KSHMR_Percussion_High	KSHMR_Percussion_High_Cowbell_G#	
Splice Sounds	Sounds of KSHMR Vol. 3	KSHMR_Drums -> KSHMR_Percussion -> KSHMR_Percussion_High	KSHMR_Percussion_High_Ethnic_01_A#	
Splice Sounds	Sounds of KSHMR Vol. 3	KSHMR_Drums -> KSHMR_Percussion -> KSHMR_Percussion_High	KSHMR_Percussion_High_Ethnic_02_C	
Splice Sounds	Sounds of KSHMR Vol. 3	KSHMR_Drums -> KSHMR_Percussion -> KSHMR_Percussion_High	KSHMR_Percussion_High_Ethnic_03_C#	
Splice Sounds	Sounds of KSHMR Vol. 3	KSHMR_Drums -> KSHMR_Percussion -> KSHMR_Percussion_High	KSHMR_Percussion_High_Glass_01_A#	
Splice Sounds	Sounds of KSHMR Vol. 3	KSHMR_Drums -> KSHMR_Percussion -> KSHMR_Percussion_High	KSHMR_Percussion_High_Glass_02_D	
Splice Sounds	Sounds of KSHMR Vol. 3	KSHMR_Drums -> KSHMR_Percussion -> KSHMR_Percussion_High	KSHMR_Percussion_High_Guiro	
Splice Sounds	Sounds of KSHMR Vol. 3	KSHMR_Drums -> KSHMR_Percussion -> KSHMR_Percussion_High	KSHMR_Percussion_High_Knock_01_C	
Splice Sounds	Sounds of KSHMR Vol. 3	KSHMR_Drums -> KSHMR_Percussion -> KSHMR_Percussion_High	KSHMR_Percussion_High_Knock_02_D	
Splice Sounds	Sounds of KSHMR Vol. 3	KSHMR_Drums -> KSHMR_Percussion -> KSHMR_Percussion_High	KSHMR_Percussion_High_Knock_03_G	
Splice Sounds	Sounds of KSHMR Vol. 3	KSHMR_Drums -> KSHMR_Percussion -> KSHMR_Percussion_High	KSHMR_Percussion_High_Knock_04_G	
Splice Sounds	Sounds of KSHMR Vol. 3	KSHMR_Drums -> KSHMR_Percussion -> KSHMR_Percussion_High	KSHMR_Percussion_High_Knock_05_G	
Splice Sounds	Sounds of KSHMR Vol. 3	KSHMR_Drums -> KSHMR_Percussion -> KSHMR_Percussion_High	KSHMR_Percussion_High_Knock_06_G#	
Splice Sounds	Sounds of KSHMR Vol. 3	KSHMR_Drums -> KSHMR_Percussion -> KSHMR_Percussion_High	KSHMR_Percussion_High_Metal_01_A#	
Splice Sounds	Sounds of KSHMR Vol. 3	KSHMR_Drums -> KSHMR_Percussion -> KSHMR_Percussion_High	KSHMR_Percussion_High_Metal_02_C	
Splice Sounds	Sounds of KSHMR Vol. 3	KSHMR_Drums -> KSHMR_Percussion -> KSHMR_Percussion_High	KSHMR_Percussion_High_Metal_03_D	
Splice Sounds	Sounds of KSHMR Vol. 3	KSHMR_Drums -> KSHMR_Percussion -> KSHMR_Percussion_High	KSHMR_Percussion_High_Metal_04_G	
Splice Sounds	Sounds of KSHMR Vol. 3	KSHMR_Drums -> KSHMR_Percussion -> KSHMR_Percussion_High	KSHMR_Percussion_High_Rimshot_01_A#	
Splice Sounds	Sounds of KSHMR Vol. 3	KSHMR_Drums -> KSHMR_Percussion -> KSHMR_Percussion_High	KSHMR_Percussion_High_Rimshot_02_B	
Splice Sounds	Sounds of KSHMR Vol. 3	KSHMR_Drums -> KSHMR_Percussion -> KSHMR_Percussion_High	KSHMR_Percussion_High_Rimshot_03_D	
Splice Sounds	Sounds of KSHMR Vol. 3	KSHMR_Drums -> KSHMR_Percussion -> KSHMR_Percussion_High	KSHMR_Percussion_High_Rimshot_04_D#	
Splice Sounds	Sounds of KSHMR Vol. 3	KSHMR_Drums -> KSHMR_Percussion -> KSHMR_Percussion_High	KSHMR_Percussion_High_Rimshot_05_E	
Splice Sounds	Sounds of KSHMR Vol. 3	KSHMR_Drums -> KSHMR_Percussion -> KSHMR_Percussion_High	KSHMR_Percussion_High_Rimshot_06_E	
Splice Sounds	Sounds of KSHMR Vol. 3	KSHMR_Drums -> KSHMR_Percussion -> KSHMR_Percussion_High	KSHMR_Percussion_High_Rimshot_07_G	
Splice Sounds	Sounds of KSHMR Vol. 3	KSHMR_Drums -> KSHMR_Percussion -> KSHMR_Percussion_High	KSHMR_Percussion_High_Slap_01_C	
Splice Sounds	Sounds of KSHMR Vol. 3	KSHMR_Drums -> KSHMR_Percussion -> KSHMR_Percussion_High	KSHMR_Percussion_High_Slap_02_C#	
Splice Sounds	Sounds of KSHMR Vol. 3	KSHMR_Drums -> KSHMR_Percussion -> KSHMR_Percussion_High	KSHMR_Percussion_High_Slap_03_C#	
Splice Sounds	Sounds of KSHMR Vol. 3	KSHMR_Drums -> KSHMR_Percussion -> KSHMR_Percussion_High	KSHMR_Percussion_High_Slap_04_D	
Splice Sounds	Sounds of KSHMR Vol. 3	KSHMR_Drums -> KSHMR_Percussion -> KSHMR_Percussion_High	KSHMR_Percussion_High_Slap_05_E	
Splice Sounds	Sounds of KSHMR Vol. 3	KSHMR_Drums -> KSHMR_Percussion -> KSHMR_Percussion_High	KSHMR_Percussion_High_Slap_06_F	
Splice Sounds	Sounds of KSHMR Vol. 3	KSHMR_Drums -> KSHMR_Percussion -> KSHMR_Percussion_High	KSHMR_Percussion_High_Slap_07_G	
Splice Sounds	Sounds of KSHMR Vol. 3	KSHMR_Drums -> KSHMR_Percussion -> KSHMR_Percussion_High	KSHMR_Percussion_High_Vibraslap_A	
Splice Sounds	Sounds of KSHMR Vol. 3	KSHMR_Drums -> KSHMR_Percussion -> KSHMR_Percussion_High	KSHMR_Percussion_High_Wooden_01_A	
Splice Sounds	Sounds of KSHMR Vol. 3	KSHMR_Drums -> KSHMR_Percussion -> KSHMR_Percussion_High	KSHMR_Percussion_High_Wooden_02_A	
Splice Sounds	Sounds of KSHMR Vol. 3	KSHMR_Drums -> KSHMR_Percussion -> KSHMR_Percussion_High	KSHMR_Percussion_High_Wooden_03_A#	
Splice Sounds	Sounds of KSHMR Vol. 3	KSHMR_Drums -> KSHMR_Percussion -> KSHMR_Percussion_High	KSHMR_Percussion_High_Wooden_04_A#	
Splice Sounds	Sounds of KSHMR Vol. 3	KSHMR_Drums -> KSHMR_Percussion -> KSHMR_Percussion_High	KSHMR_Percussion_High_Wooden_05_B	
Splice Sounds	Sounds of KSHMR Vol. 3	KSHMR_Drums -> KSHMR_Percussion -> KSHMR_Percussion_High	KSHMR_Percussion_High_Wooden_06_D	
Splice Sounds	Sounds of KSHMR Vol. 3	KSHMR_Drums -> KSHMR_Percussion -> KSHMR_Percussion_High	KSHMR_Percussion_High_Wooden_07_G#	
Splice Sounds	Sounds of KSHMR Vol. 3	KSHMR_Drums -> KSHMR_Percussion -> KSHMR_Percussion_Low	KSHMR_Percussion_Low_01_A	
Splice Sounds	Sounds of KSHMR Vol. 3	KSHMR_Drums -> KSHMR_Percussion -> KSHMR_Percussion_Low	KSHMR_Percussion_Low_02_A	
Splice Sounds	Sounds of KSHMR Vol. 3	KSHMR_Drums -> KSHMR_Percussion -> KSHMR_Percussion_Low	KSHMR_Percussion_Low_03_A	
Splice Sounds	Sounds of KSHMR Vol. 3	KSHMR_Drums -> KSHMR_Percussion -> KSHMR_Percussion_Low	KSHMR_Percussion_Low_04_A	
Splice Sounds	Sounds of KSHMR Vol. 3	KSHMR_Drums -> KSHMR_Percussion -> KSHMR_Percussion_Low	KSHMR_Percussion_Low_05_A#	
Splice Sounds	Sounds of KSHMR Vol. 3	KSHMR_Drums -> KSHMR_Percussion -> KSHMR_Percussion_Low	KSHMR_Percussion_Low_06_A#	
Splice Sounds	Sounds of KSHMR Vol. 3	KSHMR_Drums -> KSHMR_Percussion -> KSHMR_Percussion_Low	KSHMR_Percussion_Low_07_B	
Splice Sounds	Sounds of KSHMR Vol. 3	KSHMR_Drums -> KSHMR_Percussion -> KSHMR_Percussion_Low	KSHMR_Percussion_Low_08_C	
Splice Sounds	Sounds of KSHMR Vol. 3	KSHMR_Drums -> KSHMR_Percussion -> KSHMR_Percussion_Low	KSHMR_Percussion_Low_09_C	
Splice Sounds	Sounds of KSHMR Vol. 3	KSHMR_Drums -> KSHMR_Percussion -> KSHMR_Percussion_Low	KSHMR_Percussion_Low_10_C	
Splice Sounds	Sounds of KSHMR Vol. 3	KSHMR_Drums -> KSHMR_Percussion -> KSHMR_Percussion_Low	KSHMR_Percussion_Low_11_C#	
Splice Sounds	Sounds of KSHMR Vol. 3	KSHMR_Drums -> KSHMR_Percussion -> KSHMR_Percussion_Low	KSHMR_Percussion_Low_12_C#	
Splice Sounds	Sounds of KSHMR Vol. 3	KSHMR_Drums -> KSHMR_Percussion -> KSHMR_Percussion_Low	KSHMR_Percussion_Low_13_C#	
Splice Sounds	Sounds of KSHMR Vol. 3	KSHMR_Drums -> KSHMR_Percussion -> KSHMR_Percussion_Low	KSHMR_Percussion_Low_14_C#	
Splice Sounds	Sounds of KSHMR Vol. 3	KSHMR_Drums -> KSHMR_Percussion -> KSHMR_Percussion_Low	KSHMR_Percussion_Low_15_D	
Splice Sounds	Sounds of KSHMR Vol. 3	KSHMR_Drums -> KSHMR_Percussion -> KSHMR_Percussion_Low	KSHMR_Percussion_Low_16_D	
Splice Sounds	Sounds of KSHMR Vol. 3	KSHMR_Drums -> KSHMR_Percussion -> KSHMR_Percussion_Low	KSHMR_Percussion_Low_17_D#	
Splice Sounds	Sounds of KSHMR Vol. 3	KSHMR_Drums -> KSHMR_Percussion -> KSHMR_Percussion_Low	KSHMR_Percussion_Low_18_D#	
Splice Sounds	Sounds of KSHMR Vol. 3	KSHMR_Drums -> KSHMR_Percussion -> KSHMR_Percussion_Low	KSHMR_Percussion_Low_19_E	
Splice Sounds	Sounds of KSHMR Vol. 3	KSHMR_Drums -> KSHMR_Percussion -> KSHMR_Percussion_Low	KSHMR_Percussion_Low_20_E	
Splice Sounds	Sounds of KSHMR Vol. 3	KSHMR_Drums -> KSHMR_Percussion -> KSHMR_Percussion_Low	KSHMR_Percussion_Low_21_E	
Splice Sounds	Sounds of KSHMR Vol. 3	KSHMR_Drums -> KSHMR_Percussion -> KSHMR_Percussion_Low	KSHMR_Percussion_Low_22_E	
Splice Sounds	Sounds of KSHMR Vol. 3	KSHMR_Drums -> KSHMR_Percussion -> KSHMR_Percussion_Low	KSHMR_Percussion_Low_23_E	
Splice Sounds	Sounds of KSHMR Vol. 3	KSHMR_Drums -> KSHMR_Percussion -> KSHMR_Percussion_Low	KSHMR_Percussion_Low_24_F	
Splice Sounds	Sounds of KSHMR Vol. 3	KSHMR_Drums -> KSHMR_Percussion -> KSHMR_Percussion_Low	KSHMR_Percussion_Low_25_F	
Splice Sounds	Sounds of KSHMR Vol. 3	KSHMR_Drums -> KSHMR_Percussion -> KSHMR_Percussion_Low	KSHMR_Percussion_Low_26_G	
Splice Sounds	Sounds of KSHMR Vol. 3	KSHMR_Drums -> KSHMR_Percussion -> KSHMR_Percussion_Low	KSHMR_Percussion_Low_27_G	
Splice Sounds	Sounds of KSHMR Vol. 3	KSHMR_Drums -> KSHMR_Percussion -> KSHMR_Percussion_Low	KSHMR_Percussion_Low_28_G	
Splice Sounds	Sounds of KSHMR Vol. 3	KSHMR_Drums -> KSHMR_Percussion -> KSHMR_Percussion_Low	KSHMR_Percussion_Low_29_G	
Splice Sounds	Sounds of KSHMR Vol. 3	KSHMR_Drums -> KSHMR_Percussion -> KSHMR_Percussion_Low	KSHMR_Percussion_Low_30_G#	
Splice Sounds	Sounds of KSHMR Vol. 3	KSHMR_Drums -> KSHMR_Percussion -> KSHMR_Shakers	KSHMR_Shaker_01_A	
Splice Sounds	Sounds of KSHMR Vol. 3	KSHMR_Drums -> KSHMR_Percussion -> KSHMR_Shakers	KSHMR_Shaker_01_B	
Splice Sounds	Sounds of KSHMR Vol. 3	KSHMR_Drums -> KSHMR_Percussion -> KSHMR_Shakers	KSHMR_Shaker_02_A	
Splice Sounds	Sounds of KSHMR Vol. 3	KSHMR_Drums -> KSHMR_Percussion -> KSHMR_Shakers	KSHMR_Shaker_02_B	
Splice Sounds	Sounds of KSHMR Vol. 3	KSHMR_Drums -> KSHMR_Percussion -> KSHMR_Shakers	KSHMR_Shaker_03_A	
Splice Sounds	Sounds of KSHMR Vol. 3	KSHMR_Drums -> KSHMR_Percussion -> KSHMR_Shakers	KSHMR_Shaker_03_B	
Splice Sounds	Sounds of KSHMR Vol. 3	KSHMR_Drums -> KSHMR_Percussion -> KSHMR_Shakers	KSHMR_Shaker_04_A	
Splice Sounds	Sounds of KSHMR Vol. 3	KSHMR_Drums -> KSHMR_Percussion -> KSHMR_Shakers	KSHMR_Shaker_04_B	
Splice Sounds	Sounds of KSHMR Vol. 3	KSHMR_Drums -> KSHMR_Percussion -> KSHMR_Shakers	KSHMR_Shaker_05_A	
Splice Sounds	Sounds of KSHMR Vol. 3	KSHMR_Drums -> KSHMR_Percussion -> KSHMR_Shakers	KSHMR_Shaker_05_B	
Splice Sounds	Sounds of KSHMR Vol. 3	KSHMR_Drums -> KSHMR_Percussion -> KSHMR_Shakers	KSHMR_Shaker_06_A	
Splice Sounds	Sounds of KSHMR Vol. 3	KSHMR_Drums -> KSHMR_Percussion -> KSHMR_Shakers	KSHMR_Shaker_06_B	
Splice Sounds	Sounds of KSHMR Vol. 3	KSHMR_Drums -> KSHMR_Percussion -> KSHMR_Shakers	KSHMR_Shaker_07_A	
Splice Sounds	Sounds of KSHMR Vol. 3	KSHMR_Drums -> KSHMR_Percussion -> KSHMR_Shakers	KSHMR_Shaker_07_B	
Splice Sounds	Sounds of KSHMR Vol. 3	KSHMR_Drums -> KSHMR_Percussion -> KSHMR_Shakers	KSHMR_Shaker_08_A	
Splice Sounds	Sounds of KSHMR Vol. 3	KSHMR_Drums -> KSHMR_Percussion -> KSHMR_Shakers	KSHMR_Shaker_08_B	
Splice Sounds	Sounds of KSHMR Vol. 3	KSHMR_Drums -> KSHMR_Percussion -> KSHMR_Shakers	KSHMR_Shaker_09_A	
Splice Sounds	Sounds of KSHMR Vol. 3	KSHMR_Drums -> KSHMR_Percussion -> KSHMR_Shakers	KSHMR_Shaker_09_B	
Splice Sounds	Sounds of KSHMR Vol. 3	KSHMR_Drums -> KSHMR_Percussion -> KSHMR_Shakers	KSHMR_Shaker_10_A	
Splice Sounds	Sounds of KSHMR Vol. 3	KSHMR_Drums -> KSHMR_Percussion -> KSHMR_Shakers	KSHMR_Shaker_10_B	
Splice Sounds	Sounds of KSHMR Vol. 3	KSHMR_Drums -> KSHMR_Percussion -> KSHMR_Shakers	KSHMR_Shaker_11_A	
Splice Sounds	Sounds of KSHMR Vol. 3	KSHMR_Drums -> KSHMR_Percussion -> KSHMR_Shakers	KSHMR_Shaker_11_B	
Splice Sounds	Sounds of KSHMR Vol. 3	KSHMR_Drums -> KSHMR_Percussion -> KSHMR_Shakers	KSHMR_Shaker_12_A	
Splice Sounds	Sounds of KSHMR Vol. 3	KSHMR_Drums -> KSHMR_Percussion -> KSHMR_Shakers	KSHMR_Shaker_12_B	
Splice Sounds	Sounds of KSHMR Vol. 3	KSHMR_Drums -> KSHMR_Percussion -> KSHMR_Shakers	KSHMR_Shaker_13_A	
Splice Sounds	Sounds of KSHMR Vol. 3	KSHMR_Drums -> KSHMR_Percussion -> KSHMR_Shakers	KSHMR_Shaker_13_B	
Splice Sounds	Sounds of KSHMR Vol. 3	KSHMR_Drums -> KSHMR_Percussion -> KSHMR_Shakers	KSHMR_Shaker_14_A	
Splice Sounds	Sounds of KSHMR Vol. 3	KSHMR_Drums -> KSHMR_Percussion -> KSHMR_Shakers	KSHMR_Shaker_14_B	
Splice Sounds	Sounds of KSHMR Vol. 3	KSHMR_Drums -> KSHMR_Percussion -> KSHMR_Shakers	KSHMR_Shaker_15_A	
Splice Sounds	Sounds of KSHMR Vol. 3	KSHMR_Drums -> KSHMR_Percussion -> KSHMR_Shakers	KSHMR_Shaker_15_B	
Splice Sounds	Sounds of KSHMR Vol. 3	KSHMR_Drums -> KSHMR_Percussion -> KSHMR_Shakers	KSHMR_Shaker_16_A	
Splice Sounds	Sounds of KSHMR Vol. 3	KSHMR_Drums -> KSHMR_Percussion -> KSHMR_Shakers	KSHMR_Shaker_16_B	
Splice Sounds	Sounds of KSHMR Vol. 3	KSHMR_Drums -> KSHMR_Percussion -> KSHMR_Shakers	KSHMR_Shaker_17_A	
Splice Sounds	Sounds of KSHMR Vol. 3	KSHMR_Drums -> KSHMR_Percussion -> KSHMR_Shakers	KSHMR_Shaker_17_B	
Splice Sounds	Sounds of KSHMR Vol. 3	KSHMR_Drums -> KSHMR_Percussion -> KSHMR_Shakers	KSHMR_Shaker_18_A	
Splice Sounds	Sounds of KSHMR Vol. 3	KSHMR_Drums -> KSHMR_Percussion -> KSHMR_Shakers	KSHMR_Shaker_18_B	
Splice Sounds	Sounds of KSHMR Vol. 3	KSHMR_Drums -> KSHMR_Percussion -> KSHMR_Shakers	KSHMR_Shaker_19_Flam	
Splice Sounds	Sounds of KSHMR Vol. 3	KSHMR_Drums -> KSHMR_Percussion -> KSHMR_Tambourines	KSHMR_Tambourine_01	
Splice Sounds	Sounds of KSHMR Vol. 3	KSHMR_Drums -> KSHMR_Percussion -> KSHMR_Tambourines	KSHMR_Tambourine_02	
Splice Sounds	Sounds of KSHMR Vol. 3	KSHMR_Drums -> KSHMR_Percussion -> KSHMR_Tambourines	KSHMR_Tambourine_03	
Splice Sounds	Sounds of KSHMR Vol. 3	KSHMR_Drums -> KSHMR_Percussion -> KSHMR_Tambourines	KSHMR_Tambourine_04	
Splice Sounds	Sounds of KSHMR Vol. 3	KSHMR_Drums -> KSHMR_Percussion -> KSHMR_Tambourines	KSHMR_Tambourine_05	
Splice Sounds	Sounds of KSHMR Vol. 3	KSHMR_Drums -> KSHMR_Percussion -> KSHMR_Tambourines	KSHMR_Tambourine_06	
Splice Sounds	Sounds of KSHMR Vol. 3	KSHMR_Drums -> KSHMR_Percussion -> KSHMR_Tambourines	KSHMR_Tambourine_07	
Splice Sounds	Sounds of KSHMR Vol. 3	KSHMR_Drums -> KSHMR_Percussion -> KSHMR_Tambourines	KSHMR_Tambourine_08	
Splice Sounds	Sounds of KSHMR Vol. 3	KSHMR_Drums -> KSHMR_Percussion -> KSHMR_Tambourines	KSHMR_Tambourine_09	
Splice Sounds	Sounds of KSHMR Vol. 3	KSHMR_Drums -> KSHMR_Percussion -> KSHMR_Tambourines	KSHMR_Tambourine_10	
Splice Sounds	Sounds of KSHMR Vol. 3	KSHMR_Drums -> KSHMR_Percussion -> KSHMR_Tambourines	KSHMR_Tambourine_11	
Splice Sounds	Sounds of KSHMR Vol. 3	KSHMR_Drums -> KSHMR_Percussion -> KSHMR_Tambourines	KSHMR_Tambourine_12	
Splice Sounds	Sounds of KSHMR Vol. 3	KSHMR_Drums -> KSHMR_Percussion -> KSHMR_Tambourines	KSHMR_Tambourine_13	
Splice Sounds	Sounds of KSHMR Vol. 3	KSHMR_Drums -> KSHMR_Percussion -> KSHMR_Tambourines	KSHMR_Tambourine_14	
Splice Sounds	Sounds of KSHMR Vol. 3	KSHMR_Drums -> KSHMR_Percussion -> KSHMR_Tambourines	KSHMR_Tambourine_15_Swish	
Splice Sounds	Sounds of KSHMR Vol. 3	KSHMR_Drums -> KSHMR_Percussion -> KSHMR_Tambourines	KSHMR_Tambourine_16_Roll	
Splice Sounds	Sounds of KSHMR Vol. 3	KSHMR_Drums -> KSHMR_Percussion -> KSHMR_Tambourines	KSHMR_Tambourine_17_Roll	
Splice Sounds	Sounds of KSHMR Vol. 3	KSHMR_Drums -> KSHMR_Percussion -> KSHMR_Tambourines	KSHMR_Tambourine_Shake_01	
Splice Sounds	Sounds of KSHMR Vol. 3	KSHMR_Drums -> KSHMR_Percussion -> KSHMR_Tambourines	KSHMR_Tambourine_Shake_02	
Splice Sounds	Sounds of KSHMR Vol. 3	KSHMR_Drums -> KSHMR_Percussion -> KSHMR_Tambourines	KSHMR_Tambourine_Shake_03	
Splice Sounds	Sounds of KSHMR Vol. 3	KSHMR_Drums -> KSHMR_Transitions -> KSHMR_Crash_Transitions	KSHMR_Orchestral_Crash_Transition_01	
Splice Sounds	Sounds of KSHMR Vol. 3	KSHMR_Drums -> KSHMR_Transitions -> KSHMR_Crash_Transitions	KSHMR_Orchestral_Crash_Transition_02	
Splice Sounds	Sounds of KSHMR Vol. 3	KSHMR_Drums -> KSHMR_Transitions -> KSHMR_Crash_Transitions	KSHMR_Orchestral_Crash_Transition_03	
Splice Sounds	Sounds of KSHMR Vol. 3	KSHMR_Drums -> KSHMR_Transitions -> KSHMR_Crash_Transitions	KSHMR_Orchestral_Crash_Transition_04	
Splice Sounds	Sounds of KSHMR Vol. 3	KSHMR_Drums -> KSHMR_Transitions -> KSHMR_Crash_Transitions	KSHMR_Orchestral_Crash_Transition_05	
Splice Sounds	Sounds of KSHMR Vol. 3	KSHMR_Drums -> KSHMR_Transitions -> KSHMR_Crash_Transitions	KSHMR_Orchestral_Crash_Transition_06	
Splice Sounds	Sounds of KSHMR Vol. 3	KSHMR_Drums -> KSHMR_Transitions -> KSHMR_Crash_Transitions	KSHMR_Orchestral_Crash_Transition_07	
Splice Sounds	Sounds of KSHMR Vol. 3	KSHMR_Drums -> KSHMR_Transitions -> KSHMR_Crash_Transitions	KSHMR_Orchestral_Crash_Transition_08_Ending_Deep	
Splice Sounds	Sounds of KSHMR Vol. 3	KSHMR_Drums -> KSHMR_Transitions -> KSHMR_Crash_Transitions	KSHMR_Orchestral_Crash_Transition_09_Ending_Light	
Splice Sounds	Sounds of KSHMR Vol. 3	KSHMR_Drums -> KSHMR_Transitions -> KSHMR_Crash_Transitions	KSHMR_Orchestral_Crash_Transition_10_Roll_Up	
Splice Sounds	Sounds of KSHMR Vol. 3	KSHMR_Drums -> KSHMR_Transitions -> KSHMR_Crash_Transitions	KSHMR_Orchestral_Crash_Transition_11_Small_Wash_and_Hit	
Splice Sounds	Sounds of KSHMR Vol. 3	KSHMR_Drums -> KSHMR_Transitions -> KSHMR_Cymbal_Transitions	KSHMR_Cymbal_Transition_01	
Splice Sounds	Sounds of KSHMR Vol. 3	KSHMR_Drums -> KSHMR_Transitions -> KSHMR_Cymbal_Transitions	KSHMR_Cymbal_Transition_02	
Splice Sounds	Sounds of KSHMR Vol. 3	KSHMR_Drums -> KSHMR_Transitions -> KSHMR_Cymbal_Transitions	KSHMR_Cymbal_Transition_03	
Splice Sounds	Sounds of KSHMR Vol. 3	KSHMR_Drums -> KSHMR_Transitions -> KSHMR_Cymbal_Transitions	KSHMR_Cymbal_Transition_04	
Splice Sounds	Sounds of KSHMR Vol. 3	KSHMR_Drums -> KSHMR_Transitions -> KSHMR_Cymbal_Transitions	KSHMR_Cymbal_Transition_05	
Splice Sounds	Sounds of KSHMR Vol. 3	KSHMR_Drums -> KSHMR_Transitions -> KSHMR_Cymbal_Transitions	KSHMR_Cymbal_Transition_06	
Splice Sounds	Sounds of KSHMR Vol. 3	KSHMR_Drums -> KSHMR_Transitions -> KSHMR_Cymbal_Transitions	KSHMR_Cymbal_Transition_07	
Splice Sounds	Sounds of KSHMR Vol. 3	KSHMR_Drums -> KSHMR_Transitions -> KSHMR_Cymbal_Transitions	KSHMR_Cymbal_Transition_08	
Splice Sounds	Sounds of KSHMR Vol. 3	KSHMR_Drums -> KSHMR_Transitions -> KSHMR_Cymbal_Transitions	KSHMR_Cymbal_Transition_09	
Splice Sounds	Sounds of KSHMR Vol. 3	KSHMR_Drums -> KSHMR_Transitions -> KSHMR_Cymbal_Transitions	KSHMR_Cymbal_Transition_10	
Splice Sounds	Sounds of KSHMR Vol. 3	KSHMR_Drums -> KSHMR_Transitions -> KSHMR_Cymbal_Transitions	KSHMR_Cymbal_Transition_11	
Splice Sounds	Sounds of KSHMR Vol. 3	KSHMR_Drums -> KSHMR_Transitions -> KSHMR_Cymbal_Transitions	KSHMR_Cymbal_Transition_12	
Splice Sounds	Sounds of KSHMR Vol. 3	KSHMR_Drums -> KSHMR_Transitions -> KSHMR_Cymbal_Transitions	KSHMR_Cymbal_Transition_13	
Splice Sounds	Sounds of KSHMR Vol. 3	KSHMR_Drums -> KSHMR_Transitions -> KSHMR_Cymbal_Transitions	KSHMR_Cymbal_Transition_14	
Splice Sounds	Sounds of KSHMR Vol. 3	KSHMR_Drums -> KSHMR_Transitions -> KSHMR_Cymbal_Transitions	KSHMR_Cymbal_Transition_15	
Splice Sounds	Sounds of KSHMR Vol. 3	KSHMR_Drums -> KSHMR_Transitions -> KSHMR_Cymbal_Transitions	KSHMR_Cymbal_Transition_16	
Splice Sounds	Sounds of KSHMR Vol. 3	KSHMR_Drums -> KSHMR_Transitions -> KSHMR_Cymbal_Transitions	KSHMR_Cymbal_Transition_17	
Splice Sounds	Sounds of KSHMR Vol. 3	KSHMR_Drums -> KSHMR_Transitions -> KSHMR_Cymbal_Transitions	KSHMR_Cymbal_Transition_18	
Splice Sounds	Sounds of KSHMR Vol. 3	KSHMR_Drums -> KSHMR_Transitions -> KSHMR_Cymbal_Transitions	KSHMR_Cymbal_Transition_19	
Splice Sounds	Sounds of KSHMR Vol. 3	KSHMR_Drums -> KSHMR_Transitions -> KSHMR_Cymbal_Transitions	KSHMR_Cymbal_Transition_20	
Splice Sounds	Sounds of KSHMR Vol. 3	KSHMR_Drums -> KSHMR_Transitions -> KSHMR_Cymbal_Transitions	KSHMR_Cymbal_Transition_21	
Splice Sounds	Sounds of KSHMR Vol. 3	KSHMR_Drums -> KSHMR_Transitions -> KSHMR_Cymbal_Transitions	KSHMR_Cymbal_Transition_22_Reverse_01	
Splice Sounds	Sounds of KSHMR Vol. 3	KSHMR_Drums -> KSHMR_Transitions -> KSHMR_Cymbal_Transitions	KSHMR_Cymbal_Transition_23_Reverse_02	
Splice Sounds	Sounds of KSHMR Vol. 3	KSHMR_Drums -> KSHMR_Transitions -> KSHMR_Cymbal_Transitions	KSHMR_Cymbal_Transition_24_Reverse_03	
Splice Sounds	Sounds of KSHMR Vol. 3	KSHMR_Drums -> KSHMR_Transitions -> KSHMR_Miscellaneous_Transitions	KSHMR_Miscellaneous_Transition_01_Foley	
Splice Sounds	Sounds of KSHMR Vol. 3	KSHMR_Drums -> KSHMR_Transitions -> KSHMR_Miscellaneous_Transitions	KSHMR_Miscellaneous_Transition_02_Foley	
Splice Sounds	Sounds of KSHMR Vol. 3	KSHMR_Drums -> KSHMR_Transitions -> KSHMR_Miscellaneous_Transitions	KSHMR_Miscellaneous_Transition_03_Foley	
Splice Sounds	Sounds of KSHMR Vol. 3	KSHMR_Drums -> KSHMR_Transitions -> KSHMR_Miscellaneous_Transitions	KSHMR_Miscellaneous_Transition_04_Magic_Chimes	
Splice Sounds	Sounds of KSHMR Vol. 3	KSHMR_Drums -> KSHMR_Transitions -> KSHMR_Miscellaneous_Transitions	KSHMR_Miscellaneous_Transition_05_Magic_Chimes	
Splice Sounds	Sounds of KSHMR Vol. 3	KSHMR_Drums -> KSHMR_Transitions -> KSHMR_Miscellaneous_Transitions	KSHMR_Miscellaneous_Transition_06_Triangle_F#	
Splice Sounds	Sounds of KSHMR Vol. 3	KSHMR_Drums -> KSHMR_Transitions -> KSHMR_Shaker_Transitions	KSHMR_Shaker_Transition_01	
Splice Sounds	Sounds of KSHMR Vol. 3	KSHMR_Drums -> KSHMR_Transitions -> KSHMR_Shaker_Transitions	KSHMR_Shaker_Transition_02	
Splice Sounds	Sounds of KSHMR Vol. 3	KSHMR_Drums -> KSHMR_Transitions -> KSHMR_Shaker_Transitions	KSHMR_Shaker_Transition_03	
Splice Sounds	Sounds of KSHMR Vol. 3	KSHMR_Drums -> KSHMR_Transitions -> KSHMR_Shaker_Transitions	KSHMR_Shaker_Transition_04	
Splice Sounds	Sounds of KSHMR Vol. 3	KSHMR_Drums -> KSHMR_Transitions -> KSHMR_Shaker_Transitions	KSHMR_Shaker_Transition_05	
Splice Sounds	Sounds of KSHMR Vol. 3	KSHMR_Drums -> KSHMR_Transitions -> KSHMR_Shaker_Transitions	KSHMR_Shaker_Transition_06	
Splice Sounds	Sounds of KSHMR Vol. 3	KSHMR_Drums -> KSHMR_Transitions -> KSHMR_Shaker_Transitions	KSHMR_Shaker_Transition_07	
Splice Sounds	Sounds of KSHMR Vol. 3	KSHMR_Drums -> KSHMR_Transitions -> KSHMR_Shaker_Transitions	KSHMR_Shaker_Transition_08	
Splice Sounds	Sounds of KSHMR Vol. 3	KSHMR_Drums -> KSHMR_Transitions -> KSHMR_Shaker_Transitions	KSHMR_Shaker_Transition_09	
Splice Sounds	Sounds of KSHMR Vol. 3	KSHMR_Drums -> KSHMR_Transitions -> KSHMR_Shaker_Transitions	KSHMR_Shaker_Transition_10	
Splice Sounds	Sounds of KSHMR Vol. 3	KSHMR_Drums -> KSHMR_Transitions -> KSHMR_Shaker_Transitions	KSHMR_Shaker_Transition_11	
Splice Sounds	Sounds of KSHMR Vol. 3	KSHMR_Drums -> KSHMR_Transitions -> KSHMR_Shaker_Transitions	KSHMR_Shaker_Transition_12	
Splice Sounds	Sounds of KSHMR Vol. 3	KSHMR_Drums -> KSHMR_Transitions -> KSHMR_Shaker_Transitions	KSHMR_Shaker_Transition_13	
Splice Sounds	Sounds of KSHMR Vol. 3	KSHMR_Drums -> KSHMR_Transitions -> KSHMR_Shaker_Transitions	KSHMR_Shaker_Transition_14	
Splice Sounds	Sounds of KSHMR Vol. 3	KSHMR_Drums -> KSHMR_Transitions -> KSHMR_Shaker_Transitions	KSHMR_Shaker_Transition_15	
Splice Sounds	Sounds of KSHMR Vol. 3	KSHMR_Drums -> KSHMR_Transitions -> KSHMR_Shaker_Transitions	KSHMR_Shaker_Transition_16	
Splice Sounds	Sounds of KSHMR Vol. 3	KSHMR_Drums -> KSHMR_Transitions -> KSHMR_Tambourine_Transitions	KSHMR_Tambourine_Transition_01	
Splice Sounds	Sounds of KSHMR Vol. 3	KSHMR_Drums -> KSHMR_Transitions -> KSHMR_Tambourine_Transitions	KSHMR_Tambourine_Transition_02	
Splice Sounds	Sounds of KSHMR Vol. 3	KSHMR_Drums -> KSHMR_Transitions -> KSHMR_Tambourine_Transitions	KSHMR_Tambourine_Transition_03	
Splice Sounds	Sounds of KSHMR Vol. 3	KSHMR_Drums -> KSHMR_Transitions -> KSHMR_Tambourine_Transitions	KSHMR_Tambourine_Transition_04	
Splice Sounds	Sounds of KSHMR Vol. 3	KSHMR_Drums -> KSHMR_Transitions -> KSHMR_Tambourine_Transitions	KSHMR_Tambourine_Transition_05	
Splice Sounds	Sounds of KSHMR Vol. 3	KSHMR_Drums -> KSHMR_Transitions -> KSHMR_Tambourine_Transitions	KSHMR_Tambourine_Transition_06	
Splice Sounds	Sounds of KSHMR Vol. 3	KSHMR_Drums -> KSHMR_Transitions -> KSHMR_Tambourine_Transitions	KSHMR_Tambourine_Transition_07	
Splice Sounds	Sounds of KSHMR Vol. 3	KSHMR_Drums -> KSHMR_Transitions -> KSHMR_Tambourine_Transitions	KSHMR_Tambourine_Transition_08	
Splice Sounds	Sounds of KSHMR Vol. 3	KSHMR_Drums -> KSHMR_Transitions -> KSHMR_Tambourine_Transitions	KSHMR_Tambourine_Transition_09	
Splice Sounds	Sounds of KSHMR Vol. 3	KSHMR_FX -> KSHMR_Ambiance_and_Foley -> KSHMR_Ambiance_Designed -> KSHMR_Airy	KSHMR_Ambiance_Airy_01_A	
Splice Sounds	Sounds of KSHMR Vol. 3	KSHMR_FX -> KSHMR_Ambiance_and_Foley -> KSHMR_Ambiance_Designed -> KSHMR_Airy	KSHMR_Ambiance_Airy_02_A	
Splice Sounds	Sounds of KSHMR Vol. 3	KSHMR_FX -> KSHMR_Ambiance_and_Foley -> KSHMR_Ambiance_Designed -> KSHMR_Airy	KSHMR_Ambiance_Airy_03_A#	
Splice Sounds	Sounds of KSHMR Vol. 3	KSHMR_FX -> KSHMR_Ambiance_and_Foley -> KSHMR_Ambiance_Designed -> KSHMR_Airy	KSHMR_Ambiance_Airy_04_B	
Splice Sounds	Sounds of KSHMR Vol. 3	KSHMR_FX -> KSHMR_Ambiance_and_Foley -> KSHMR_Ambiance_Designed -> KSHMR_Airy	KSHMR_Ambiance_Airy_05_C#	
Splice Sounds	Sounds of KSHMR Vol. 3	KSHMR_FX -> KSHMR_Ambiance_and_Foley -> KSHMR_Ambiance_Designed -> KSHMR_Airy	KSHMR_Ambiance_Airy_06_E	
Splice Sounds	Sounds of KSHMR Vol. 3	KSHMR_FX -> KSHMR_Ambiance_and_Foley -> KSHMR_Ambiance_Designed -> KSHMR_Airy	KSHMR_Ambiance_Airy_07_E	
Splice Sounds	Sounds of KSHMR Vol. 3	KSHMR_FX -> KSHMR_Ambiance_and_Foley -> KSHMR_Ambiance_Designed -> KSHMR_Airy	KSHMR_Ambiance_Airy_08_F	
Splice Sounds	Sounds of KSHMR Vol. 3	KSHMR_FX -> KSHMR_Ambiance_and_Foley -> KSHMR_Ambiance_Designed -> KSHMR_Airy	KSHMR_Ambiance_Airy_09_F	
Splice Sounds	Sounds of KSHMR Vol. 3	KSHMR_FX -> KSHMR_Ambiance_and_Foley -> KSHMR_Ambiance_Designed -> KSHMR_Airy	KSHMR_Ambiance_Airy_10_G	
Splice Sounds	Sounds of KSHMR Vol. 3	KSHMR_FX -> KSHMR_Ambiance_and_Foley -> KSHMR_Ambiance_Designed -> KSHMR_Airy	KSHMR_Ambiance_Airy_11_G	
Splice Sounds	Sounds of KSHMR Vol. 3	KSHMR_FX -> KSHMR_Ambiance_and_Foley -> KSHMR_Ambiance_Designed -> KSHMR_Airy	KSHMR_Ambiance_Airy_12_G	
Splice Sounds	Sounds of KSHMR Vol. 3	KSHMR_FX -> KSHMR_Ambiance_and_Foley -> KSHMR_Ambiance_Designed -> KSHMR_Airy	KSHMR_Ambiance_Airy_13_G#	
Splice Sounds	Sounds of KSHMR Vol. 3	KSHMR_FX -> KSHMR_Ambiance_and_Foley -> KSHMR_Ambiance_Designed -> KSHMR_Bird_Calls	KSHMR_Bird_Call_01_Down_A	
Splice Sounds	Sounds of KSHMR Vol. 3	KSHMR_FX -> KSHMR_Ambiance_and_Foley -> KSHMR_Ambiance_Designed -> KSHMR_Bird_Calls	KSHMR_Bird_Call_02_Down_B	
Splice Sounds	Sounds of KSHMR Vol. 3	KSHMR_FX -> KSHMR_Ambiance_and_Foley -> KSHMR_Ambiance_Designed -> KSHMR_Bird_Calls	KSHMR_Bird_Call_03_Down_B	
Splice Sounds	Sounds of KSHMR Vol. 3	KSHMR_FX -> KSHMR_Ambiance_and_Foley -> KSHMR_Ambiance_Designed -> KSHMR_Bird_Calls	KSHMR_Bird_Call_04_Down_C	
Splice Sounds	Sounds of KSHMR Vol. 3	KSHMR_FX -> KSHMR_Ambiance_and_Foley -> KSHMR_Ambiance_Designed -> KSHMR_Bird_Calls	KSHMR_Bird_Call_05_Down_C#	
Splice Sounds	Sounds of KSHMR Vol. 3	KSHMR_FX -> KSHMR_Ambiance_and_Foley -> KSHMR_Ambiance_Designed -> KSHMR_Bird_Calls	KSHMR_Bird_Call_06_Down_E	
Splice Sounds	Sounds of KSHMR Vol. 3	KSHMR_FX -> KSHMR_Ambiance_and_Foley -> KSHMR_Ambiance_Designed -> KSHMR_Bird_Calls	KSHMR_Bird_Call_07_Down_F	
Splice Sounds	Sounds of KSHMR Vol. 3	KSHMR_FX -> KSHMR_Ambiance_and_Foley -> KSHMR_Ambiance_Designed -> KSHMR_Bird_Calls	KSHMR_Bird_Call_08_Down_F	
Splice Sounds	Sounds of KSHMR Vol. 3	KSHMR_FX -> KSHMR_Ambiance_and_Foley -> KSHMR_Ambiance_Designed -> KSHMR_Bird_Calls	KSHMR_Bird_Call_09_Down_F	
Splice Sounds	Sounds of KSHMR Vol. 3	KSHMR_FX -> KSHMR_Ambiance_and_Foley -> KSHMR_Ambiance_Designed -> KSHMR_Bird_Calls	KSHMR_Bird_Call_10_Down_F	
Splice Sounds	Sounds of KSHMR Vol. 3	KSHMR_FX -> KSHMR_Ambiance_and_Foley -> KSHMR_Ambiance_Designed -> KSHMR_Bird_Calls	KSHMR_Bird_Call_11_Down_F	
Splice Sounds	Sounds of KSHMR Vol. 3	KSHMR_FX -> KSHMR_Ambiance_and_Foley -> KSHMR_Ambiance_Designed -> KSHMR_Bird_Calls	KSHMR_Bird_Call_12_Down_F#	
Splice Sounds	Sounds of KSHMR Vol. 3	KSHMR_FX -> KSHMR_Ambiance_and_Foley -> KSHMR_Ambiance_Designed -> KSHMR_Bird_Calls	KSHMR_Bird_Call_13_Down_G	
Splice Sounds	Sounds of KSHMR Vol. 3	KSHMR_FX -> KSHMR_Ambiance_and_Foley -> KSHMR_Ambiance_Designed -> KSHMR_Bird_Calls	KSHMR_Bird_Call_14_Down_G	
Splice Sounds	Sounds of KSHMR Vol. 3	KSHMR_FX -> KSHMR_Ambiance_and_Foley -> KSHMR_Ambiance_Designed -> KSHMR_Bird_Calls	KSHMR_Bird_Call_15_Down_G	
Splice Sounds	Sounds of KSHMR Vol. 3	KSHMR_FX -> KSHMR_Ambiance_and_Foley -> KSHMR_Ambiance_Designed -> KSHMR_Bird_Calls	KSHMR_Bird_Call_16_Down_G	
Splice Sounds	Sounds of KSHMR Vol. 3	KSHMR_FX -> KSHMR_Ambiance_and_Foley -> KSHMR_Ambiance_Designed -> KSHMR_Bird_Calls	KSHMR_Bird_Call_17_Down_G	
Splice Sounds	Sounds of KSHMR Vol. 3	KSHMR_FX -> KSHMR_Ambiance_and_Foley -> KSHMR_Ambiance_Designed -> KSHMR_Bird_Calls	KSHMR_Bird_Call_18_Down_G#	
Splice Sounds	Sounds of KSHMR Vol. 3	KSHMR_FX -> KSHMR_Ambiance_and_Foley -> KSHMR_Ambiance_Designed -> KSHMR_Bird_Calls	KSHMR_Bird_Call_19_Up_C#	
Splice Sounds	Sounds of KSHMR Vol. 3	KSHMR_FX -> KSHMR_Ambiance_and_Foley -> KSHMR_Ambiance_Designed -> KSHMR_Bird_Calls	KSHMR_Bird_Call_20_Up_E	
Splice Sounds	Sounds of KSHMR Vol. 3	KSHMR_FX -> KSHMR_Ambiance_and_Foley -> KSHMR_Ambiance_Designed -> KSHMR_Bird_Calls	KSHMR_Bird_Call_21_Up_F	
Splice Sounds	Sounds of KSHMR Vol. 3	KSHMR_FX -> KSHMR_Ambiance_and_Foley -> KSHMR_Ambiance_Designed -> KSHMR_Bird_Calls	KSHMR_Bird_Call_22_Up_F	
Splice Sounds	Sounds of KSHMR Vol. 3	KSHMR_FX -> KSHMR_Ambiance_and_Foley -> KSHMR_Ambiance_Designed -> KSHMR_Bird_Calls	KSHMR_Bird_Call_23_Up_F	
Splice Sounds	Sounds of KSHMR Vol. 3	KSHMR_FX -> KSHMR_Ambiance_and_Foley -> KSHMR_Ambiance_Designed -> KSHMR_Bird_Calls	KSHMR_Bird_Call_24_Up_G	
Splice Sounds	Sounds of KSHMR Vol. 3	KSHMR_FX -> KSHMR_Ambiance_and_Foley -> KSHMR_Ambiance_Designed -> KSHMR_Drones	KSHMR_Ambiance_Drone_01_B	
Splice Sounds	Sounds of KSHMR Vol. 3	KSHMR_FX -> KSHMR_Ambiance_and_Foley -> KSHMR_Ambiance_Designed -> KSHMR_Drones	KSHMR_Ambiance_Drone_02_C	
Splice Sounds	Sounds of KSHMR Vol. 3	KSHMR_FX -> KSHMR_Ambiance_and_Foley -> KSHMR_Ambiance_Designed -> KSHMR_Drones	KSHMR_Ambiance_Drone_03_C#	
Splice Sounds	Sounds of KSHMR Vol. 3	KSHMR_FX -> KSHMR_Ambiance_and_Foley -> KSHMR_Ambiance_Designed -> KSHMR_Drones	KSHMR_Ambiance_Drone_04_D	
Splice Sounds	Sounds of KSHMR Vol. 3	KSHMR_FX -> KSHMR_Ambiance_and_Foley -> KSHMR_Ambiance_Designed -> KSHMR_Drones	KSHMR_Ambiance_Drone_05_D	
Splice Sounds	Sounds of KSHMR Vol. 3	KSHMR_FX -> KSHMR_Ambiance_and_Foley -> KSHMR_Ambiance_Designed -> KSHMR_Drones	KSHMR_Ambiance_Drone_06_D	
Splice Sounds	Sounds of KSHMR Vol. 3	KSHMR_FX -> KSHMR_Ambiance_and_Foley -> KSHMR_Ambiance_Designed -> KSHMR_Drones	KSHMR_Ambiance_Drone_07_Dm	
Splice Sounds	Sounds of KSHMR Vol. 3	KSHMR_FX -> KSHMR_Ambiance_and_Foley -> KSHMR_Ambiance_Designed -> KSHMR_Drones	KSHMR_Ambiance_Drone_08_D#	
Splice Sounds	Sounds of KSHMR Vol. 3	KSHMR_FX -> KSHMR_Ambiance_and_Foley -> KSHMR_Ambiance_Designed -> KSHMR_Drones	KSHMR_Ambiance_Drone_09_D#	
Splice Sounds	Sounds of KSHMR Vol. 3	KSHMR_FX -> KSHMR_Ambiance_and_Foley -> KSHMR_Ambiance_Designed -> KSHMR_Drones	KSHMR_Ambiance_Drone_10_D#	
Splice Sounds	Sounds of KSHMR Vol. 3	KSHMR_FX -> KSHMR_Ambiance_and_Foley -> KSHMR_Ambiance_Designed -> KSHMR_Drones	KSHMR_Ambiance_Drone_11_E	
Splice Sounds	Sounds of KSHMR Vol. 3	KSHMR_FX -> KSHMR_Ambiance_and_Foley -> KSHMR_Ambiance_Designed -> KSHMR_Drones	KSHMR_Ambiance_Drone_12_E	
Splice Sounds	Sounds of KSHMR Vol. 3	KSHMR_FX -> KSHMR_Ambiance_and_Foley -> KSHMR_Ambiance_Designed -> KSHMR_Drones	KSHMR_Ambiance_Drone_13_Em	
Splice Sounds	Sounds of KSHMR Vol. 3	KSHMR_FX -> KSHMR_Ambiance_and_Foley -> KSHMR_Ambiance_Designed -> KSHMR_Drones	KSHMR_Ambiance_Drone_14_F	
Splice Sounds	Sounds of KSHMR Vol. 3	KSHMR_FX -> KSHMR_Ambiance_and_Foley -> KSHMR_Ambiance_Designed -> KSHMR_Drones	KSHMR_Ambiance_Drone_15_F	
Splice Sounds	Sounds of KSHMR Vol. 3	KSHMR_FX -> KSHMR_Ambiance_and_Foley -> KSHMR_Ambiance_Designed -> KSHMR_Drones	KSHMR_Ambiance_Drone_16_F	
Splice Sounds	Sounds of KSHMR Vol. 3	KSHMR_FX -> KSHMR_Ambiance_and_Foley -> KSHMR_Ambiance_Designed -> KSHMR_Drones	KSHMR_Ambiance_Drone_17_F	
Splice Sounds	Sounds of KSHMR Vol. 3	KSHMR_FX -> KSHMR_Ambiance_and_Foley -> KSHMR_Ambiance_Designed -> KSHMR_Drones	KSHMR_Ambiance_Drone_18_F_128_EDM_Section_Texture	
Splice Sounds	Sounds of KSHMR Vol. 3	KSHMR_FX -> KSHMR_Ambiance_and_Foley -> KSHMR_Ambiance_Designed -> KSHMR_Drones	KSHMR_Ambiance_Drone_19_F#	
Splice Sounds	Sounds of KSHMR Vol. 3	KSHMR_FX -> KSHMR_Ambiance_and_Foley -> KSHMR_Ambiance_Designed -> KSHMR_Drones	KSHMR_Ambiance_Drone_20_G#	
Splice Sounds	Sounds of KSHMR Vol. 3	KSHMR_FX -> KSHMR_Ambiance_and_Foley -> KSHMR_Ambiance_Designed -> KSHMR_Drones	KSHMR_Ambiance_Drone_21_G#	
Splice Sounds	Sounds of KSHMR Vol. 3	KSHMR_FX -> KSHMR_Ambiance_and_Foley -> KSHMR_Ambiance_Designed -> KSHMR_Ethnic	KSHMR_Ambiance_Ethnic_01_A	
Splice Sounds	Sounds of KSHMR Vol. 3	KSHMR_FX -> KSHMR_Ambiance_and_Foley -> KSHMR_Ambiance_Designed -> KSHMR_Ethnic	KSHMR_Ambiance_Ethnic_02_C#	
Splice Sounds	Sounds of KSHMR Vol. 3	KSHMR_FX -> KSHMR_Ambiance_and_Foley -> KSHMR_Ambiance_Designed -> KSHMR_Ethnic	KSHMR_Ambiance_Ethnic_04_D	
Splice Sounds	Sounds of KSHMR Vol. 3	KSHMR_FX -> KSHMR_Ambiance_and_Foley -> KSHMR_Ambiance_Designed -> KSHMR_Ethnic	KSHMR_Ambiance_Ethnic_05_E	
Splice Sounds	Sounds of KSHMR Vol. 3	KSHMR_FX -> KSHMR_Ambiance_and_Foley -> KSHMR_Ambiance_Designed -> KSHMR_Ethnic	KSHMR_Ambiance_Ethnic_06_Em	
Splice Sounds	Sounds of KSHMR Vol. 3	KSHMR_FX -> KSHMR_Ambiance_and_Foley -> KSHMR_Ambiance_Designed -> KSHMR_Ethnic	KSHMR_Ambiance_Ethnic_07_F	
Splice Sounds	Sounds of KSHMR Vol. 3	KSHMR_FX -> KSHMR_Ambiance_and_Foley -> KSHMR_Ambiance_Designed -> KSHMR_Ethnic	KSHMR_Ambiance_Ethnic_08_Fm	
Splice Sounds	Sounds of KSHMR Vol. 3	KSHMR_FX -> KSHMR_Ambiance_and_Foley -> KSHMR_Ambiance_Designed -> KSHMR_Ethnic	KSHMR_Ambiance_Ethnic_09_Fm	
Splice Sounds	Sounds of KSHMR Vol. 3	KSHMR_FX -> KSHMR_Ambiance_and_Foley -> KSHMR_Ambiance_Designed -> KSHMR_Fear	KSHMR_Ambiance_Fear_01	
Splice Sounds	Sounds of KSHMR Vol. 3	KSHMR_FX -> KSHMR_Ambiance_and_Foley -> KSHMR_Ambiance_Designed -> KSHMR_Fear	KSHMR_Ambiance_Fear_02	
Splice Sounds	Sounds of KSHMR Vol. 3	KSHMR_FX -> KSHMR_Ambiance_and_Foley -> KSHMR_Ambiance_Designed -> KSHMR_Fear	KSHMR_Ambiance_Fear_03	
Splice Sounds	Sounds of KSHMR Vol. 3	KSHMR_FX -> KSHMR_Ambiance_and_Foley -> KSHMR_Ambiance_Designed -> KSHMR_Fear	KSHMR_Ambiance_Fear_04	
Splice Sounds	Sounds of KSHMR Vol. 3	KSHMR_FX -> KSHMR_Ambiance_and_Foley -> KSHMR_Ambiance_Designed -> KSHMR_Fear	KSHMR_Ambiance_Fear_05	
Splice Sounds	Sounds of KSHMR Vol. 3	KSHMR_FX -> KSHMR_Ambiance_and_Foley -> KSHMR_Ambiance_Designed -> KSHMR_Fear	KSHMR_Ambiance_Fear_06	
Splice Sounds	Sounds of KSHMR Vol. 3	KSHMR_FX -> KSHMR_Ambiance_and_Foley -> KSHMR_Ambiance_Designed -> KSHMR_Fear	KSHMR_Ambiance_Fear_07	
Splice Sounds	Sounds of KSHMR Vol. 3	KSHMR_FX -> KSHMR_Ambiance_and_Foley -> KSHMR_Ambiance_Designed -> KSHMR_Fear	KSHMR_Ambiance_Fear_08_A#	
Splice Sounds	Sounds of KSHMR Vol. 3	KSHMR_FX -> KSHMR_Ambiance_and_Foley -> KSHMR_Ambiance_Designed -> KSHMR_Fear	KSHMR_Ambiance_Fear_09_B	
Splice Sounds	Sounds of KSHMR Vol. 3	KSHMR_FX -> KSHMR_Ambiance_and_Foley -> KSHMR_Ambiance_Designed -> KSHMR_Fear	KSHMR_Ambiance_Fear_10_C	
Splice Sounds	Sounds of KSHMR Vol. 3	KSHMR_FX -> KSHMR_Ambiance_and_Foley -> KSHMR_Ambiance_Designed -> KSHMR_Fear	KSHMR_Ambiance_Fear_11_D	
Splice Sounds	Sounds of KSHMR Vol. 3	KSHMR_FX -> KSHMR_Ambiance_and_Foley -> KSHMR_Ambiance_Designed -> KSHMR_Fear	KSHMR_Ambiance_Fear_12_D	
Splice Sounds	Sounds of KSHMR Vol. 3	KSHMR_FX -> KSHMR_Ambiance_and_Foley -> KSHMR_Ambiance_Designed -> KSHMR_Fear	KSHMR_Ambiance_Fear_13_D	
Splice Sounds	Sounds of KSHMR Vol. 3	KSHMR_FX -> KSHMR_Ambiance_and_Foley -> KSHMR_Ambiance_Designed -> KSHMR_Fear	KSHMR_Ambiance_Fear_14_E	
Splice Sounds	Sounds of KSHMR Vol. 3	KSHMR_FX -> KSHMR_Ambiance_and_Foley -> KSHMR_Ambiance_Designed -> KSHMR_Fear	KSHMR_Ambiance_Fear_15_E	
Splice Sounds	Sounds of KSHMR Vol. 3	KSHMR_FX -> KSHMR_Ambiance_and_Foley -> KSHMR_Ambiance_Designed -> KSHMR_Fear	KSHMR_Ambiance_Fear_16_F	
Splice Sounds	Sounds of KSHMR Vol. 3	KSHMR_FX -> KSHMR_Ambiance_and_Foley -> KSHMR_Ambiance_Designed -> KSHMR_Ghosts	KSHMR_Ambiance_Ghosts_01_A	
Splice Sounds	Sounds of KSHMR Vol. 3	KSHMR_FX -> KSHMR_Ambiance_and_Foley -> KSHMR_Ambiance_Designed -> KSHMR_Ghosts	KSHMR_Ambiance_Ghosts_02_A#	
Splice Sounds	Sounds of KSHMR Vol. 3	KSHMR_FX -> KSHMR_Ambiance_and_Foley -> KSHMR_Ambiance_Designed -> KSHMR_Ghosts	KSHMR_Ambiance_Ghosts_03_Bm	
Splice Sounds	Sounds of KSHMR Vol. 3	KSHMR_FX -> KSHMR_Ambiance_and_Foley -> KSHMR_Ambiance_Designed -> KSHMR_Ghosts	KSHMR_Ambiance_Ghosts_04_D#	
Splice Sounds	Sounds of KSHMR Vol. 3	KSHMR_FX -> KSHMR_Ambiance_and_Foley -> KSHMR_Ambiance_Designed -> KSHMR_Ghosts	KSHMR_Ambiance_Ghosts_05_D#	
Splice Sounds	Sounds of KSHMR Vol. 3	KSHMR_FX -> KSHMR_Ambiance_and_Foley -> KSHMR_Ambiance_Designed -> KSHMR_Ghosts	KSHMR_Ambiance_Ghosts_06_E	
Splice Sounds	Sounds of KSHMR Vol. 3	KSHMR_FX -> KSHMR_Ambiance_and_Foley -> KSHMR_Ambiance_Designed -> KSHMR_Ghosts	KSHMR_Ambiance_Ghosts_07_E	
Splice Sounds	Sounds of KSHMR Vol. 3	KSHMR_FX -> KSHMR_Ambiance_and_Foley -> KSHMR_Ambiance_Designed -> KSHMR_Ghosts	KSHMR_Ambiance_Ghosts_08_E	
Splice Sounds	Sounds of KSHMR Vol. 3	KSHMR_FX -> KSHMR_Ambiance_and_Foley -> KSHMR_Ambiance_Designed -> KSHMR_Ghosts	KSHMR_Ambiance_Ghosts_09_F	
Splice Sounds	Sounds of KSHMR Vol. 3	KSHMR_FX -> KSHMR_Ambiance_and_Foley -> KSHMR_Ambiance_Designed -> KSHMR_Ghosts	KSHMR_Ambiance_Ghosts_10_G	
Splice Sounds	Sounds of KSHMR Vol. 3	KSHMR_FX -> KSHMR_Ambiance_and_Foley -> KSHMR_Ambiance_Designed -> KSHMR_Ghosts	KSHMR_Ambiance_Ghosts_11_G	
Splice Sounds	Sounds of KSHMR Vol. 3	KSHMR_FX -> KSHMR_Ambiance_and_Foley -> KSHMR_Ambiance_Designed -> KSHMR_Ghosts	KSHMR_Ambiance_Ghosts_12_G#	
Splice Sounds	Sounds of KSHMR Vol. 3	KSHMR_FX -> KSHMR_Ambiance_and_Foley -> KSHMR_Ambiance_Designed -> KSHMR_Hard_Strikes	KSHMR_Ambiance_Hard_Strike_01	
Splice Sounds	Sounds of KSHMR Vol. 3	KSHMR_FX -> KSHMR_Ambiance_and_Foley -> KSHMR_Ambiance_Designed -> KSHMR_Hard_Strikes	KSHMR_Ambiance_Hard_Strike_02	
Splice Sounds	Sounds of KSHMR Vol. 3	KSHMR_FX -> KSHMR_Ambiance_and_Foley -> KSHMR_Ambiance_Designed -> KSHMR_Hard_Strikes	KSHMR_Ambiance_Hard_Strike_03_A	
Splice Sounds	Sounds of KSHMR Vol. 3	KSHMR_FX -> KSHMR_Ambiance_and_Foley -> KSHMR_Ambiance_Designed -> KSHMR_Hard_Strikes	KSHMR_Ambiance_Hard_Strike_04_A#	
Splice Sounds	Sounds of KSHMR Vol. 3	KSHMR_FX -> KSHMR_Ambiance_and_Foley -> KSHMR_Ambiance_Designed -> KSHMR_Hard_Strikes	KSHMR_Ambiance_Hard_Strike_05_C	
Splice Sounds	Sounds of KSHMR Vol. 3	KSHMR_FX -> KSHMR_Ambiance_and_Foley -> KSHMR_Ambiance_Designed -> KSHMR_Hard_Strikes	KSHMR_Ambiance_Hard_Strike_06_C#	
Splice Sounds	Sounds of KSHMR Vol. 3	KSHMR_FX -> KSHMR_Ambiance_and_Foley -> KSHMR_Ambiance_Designed -> KSHMR_Hard_Strikes	KSHMR_Ambiance_Hard_Strike_07_D	
Splice Sounds	Sounds of KSHMR Vol. 3	KSHMR_FX -> KSHMR_Ambiance_and_Foley -> KSHMR_Ambiance_Designed -> KSHMR_Hard_Strikes	KSHMR_Ambiance_Hard_Strike_08_D	
Splice Sounds	Sounds of KSHMR Vol. 3	KSHMR_FX -> KSHMR_Ambiance_and_Foley -> KSHMR_Ambiance_Designed -> KSHMR_Hard_Strikes	KSHMR_Ambiance_Hard_Strike_09_F	
Splice Sounds	Sounds of KSHMR Vol. 3	KSHMR_FX -> KSHMR_Ambiance_and_Foley -> KSHMR_Ambiance_Designed -> KSHMR_Hard_Strikes	KSHMR_Ambiance_Hard_Strike_10_F	
Splice Sounds	Sounds of KSHMR Vol. 3	KSHMR_FX -> KSHMR_Ambiance_and_Foley -> KSHMR_Ambiance_Designed -> KSHMR_Hard_Strikes	KSHMR_Ambiance_Hard_Strike_11_G	
Splice Sounds	Sounds of KSHMR Vol. 3	KSHMR_FX -> KSHMR_Ambiance_and_Foley -> KSHMR_Ambiance_Designed -> KSHMR_Pretty_Strikes	KSHMR_Ambiance_Pretty_Strike_01_D	
Splice Sounds	Sounds of KSHMR Vol. 3	KSHMR_FX -> KSHMR_Ambiance_and_Foley -> KSHMR_Ambiance_Designed -> KSHMR_Pretty_Strikes	KSHMR_Ambiance_Pretty_Strike_02_D#	
Splice Sounds	Sounds of KSHMR Vol. 3	KSHMR_FX -> KSHMR_Ambiance_and_Foley -> KSHMR_Ambiance_Designed -> KSHMR_Pretty_Strikes	KSHMR_Ambiance_Pretty_Strike_03_D#	
Splice Sounds	Sounds of KSHMR Vol. 3	KSHMR_FX -> KSHMR_Ambiance_and_Foley -> KSHMR_Ambiance_Designed -> KSHMR_Pretty_Strikes	KSHMR_Ambiance_Pretty_Strike_04_E	
Splice Sounds	Sounds of KSHMR Vol. 3	KSHMR_FX -> KSHMR_Ambiance_and_Foley -> KSHMR_Ambiance_Designed -> KSHMR_Pretty_Strikes	KSHMR_Ambiance_Pretty_Strike_05_E	
Splice Sounds	Sounds of KSHMR Vol. 3	KSHMR_FX -> KSHMR_Ambiance_and_Foley -> KSHMR_Ambiance_Designed -> KSHMR_Pretty_Strikes	KSHMR_Ambiance_Pretty_Strike_06_Fm	
Splice Sounds	Sounds of KSHMR Vol. 3	KSHMR_FX -> KSHMR_Ambiance_and_Foley -> KSHMR_Ambiance_Designed -> KSHMR_Pretty_Strikes	KSHMR_Ambiance_Pretty_Strike_07_F	
Splice Sounds	Sounds of KSHMR Vol. 3	KSHMR_FX -> KSHMR_Ambiance_and_Foley -> KSHMR_Ambiance_Designed -> KSHMR_Pretty_Strikes	KSHMR_Ambiance_Pretty_Strike_08_F#	
Splice Sounds	Sounds of KSHMR Vol. 3	KSHMR_FX -> KSHMR_Ambiance_and_Foley -> KSHMR_Ambiance_Designed -> KSHMR_Pretty_Strikes	KSHMR_Ambiance_Pretty_Strike_09_G	
Splice Sounds	Sounds of KSHMR Vol. 3	KSHMR_FX -> KSHMR_Ambiance_and_Foley -> KSHMR_Ambiance_Designed -> KSHMR_Pretty_Strikes	KSHMR_Ambiance_Pretty_Strike_10_G	
Splice Sounds	Sounds of KSHMR Vol. 3	KSHMR_FX -> KSHMR_Ambiance_and_Foley -> KSHMR_Ambiance_Designed -> KSHMR_Sprinkles	KSHMR_Ambiance_Sprinkles_01_D	
Splice Sounds	Sounds of KSHMR Vol. 3	KSHMR_FX -> KSHMR_Ambiance_and_Foley -> KSHMR_Ambiance_Designed -> KSHMR_Sprinkles	KSHMR_Ambiance_Sprinkles_02_E	
Splice Sounds	Sounds of KSHMR Vol. 3	KSHMR_FX -> KSHMR_Ambiance_and_Foley -> KSHMR_Ambiance_Designed -> KSHMR_Sprinkles	KSHMR_Ambiance_Sprinkles_03_E	
Splice Sounds	Sounds of KSHMR Vol. 3	KSHMR_FX -> KSHMR_Ambiance_and_Foley -> KSHMR_Ambiance_Designed -> KSHMR_Sprinkles	KSHMR_Ambiance_Sprinkles_04_F	
Splice Sounds	Sounds of KSHMR Vol. 3	KSHMR_FX -> KSHMR_Ambiance_and_Foley -> KSHMR_Ambiance_Designed -> KSHMR_Sprinkles	KSHMR_Ambiance_Sprinkles_05_F	
Splice Sounds	Sounds of KSHMR Vol. 3	KSHMR_FX -> KSHMR_Ambiance_and_Foley -> KSHMR_Ambiance_Designed -> KSHMR_Sprinkles	KSHMR_Ambiance_Sprinkles_06_F#	
Splice Sounds	Sounds of KSHMR Vol. 3	KSHMR_FX -> KSHMR_Ambiance_and_Foley -> KSHMR_Ambiance_Designed -> KSHMR_Sprinkles	KSHMR_Ambiance_Sprinkles_07_F#	
Splice Sounds	Sounds of KSHMR Vol. 3	KSHMR_FX -> KSHMR_Ambiance_and_Foley -> KSHMR_Ambiance_Designed -> KSHMR_Sprinkles	KSHMR_Ambiance_Sprinkles_08_G	
Splice Sounds	Sounds of KSHMR Vol. 3	KSHMR_FX -> KSHMR_Ambiance_and_Foley -> KSHMR_Ambiance_Designed -> KSHMR_Sprinkles	KSHMR_Ambiance_Sprinkles_09_G	
Splice Sounds	Sounds of KSHMR Vol. 3	KSHMR_FX -> KSHMR_Ambiance_and_Foley -> KSHMR_Ambiance_Designed -> KSHMR_Sprinkles	KSHMR_Ambiance_Sprinkles_10_G#	
Splice Sounds	Sounds of KSHMR Vol. 3	KSHMR_FX -> KSHMR_Ambiance_and_Foley -> KSHMR_Ambiance_Designed -> KSHMR_Sprinkles	KSHMR_Ambiance_Sprinkles_11_G#	
Splice Sounds	Sounds of KSHMR Vol. 3	KSHMR_FX -> KSHMR_Ambiance_and_Foley -> KSHMR_Ambiance_Elemental -> KSHMR_Earth	KSHMR_Earth_01_Avalanche_Foley	
Splice Sounds	Sounds of KSHMR Vol. 3	KSHMR_FX -> KSHMR_Ambiance_and_Foley -> KSHMR_Ambiance_Elemental -> KSHMR_Earth	KSHMR_Earth_02_Cellar_Foley	
Splice Sounds	Sounds of KSHMR Vol. 3	KSHMR_FX -> KSHMR_Ambiance_and_Foley -> KSHMR_Ambiance_Elemental -> KSHMR_Earth	KSHMR_Earth_03_Crackle	
Splice Sounds	Sounds of KSHMR Vol. 3	KSHMR_FX -> KSHMR_Ambiance_and_Foley -> KSHMR_Ambiance_Elemental -> KSHMR_Earth	KSHMR_Earth_04_Crackle	
Splice Sounds	Sounds of KSHMR Vol. 3	KSHMR_FX -> KSHMR_Ambiance_and_Foley -> KSHMR_Ambiance_Elemental -> KSHMR_Earth	KSHMR_Earth_05_Earthquake_Arp_128	
Splice Sounds	Sounds of KSHMR Vol. 3	KSHMR_FX -> KSHMR_Ambiance_and_Foley -> KSHMR_Ambiance_Elemental -> KSHMR_Earth	KSHMR_Earth_06_Jingly	
Splice Sounds	Sounds of KSHMR Vol. 3	KSHMR_FX -> KSHMR_Ambiance_and_Foley -> KSHMR_Ambiance_Elemental -> KSHMR_Earth	KSHMR_Earth_07_Low_Ice_Please	
Splice Sounds	Sounds of KSHMR Vol. 3	KSHMR_FX -> KSHMR_Ambiance_and_Foley -> KSHMR_Ambiance_Elemental -> KSHMR_Earth	KSHMR_Earth_08_Quicksand	
Splice Sounds	Sounds of KSHMR Vol. 3	KSHMR_FX -> KSHMR_Ambiance_and_Foley -> KSHMR_Ambiance_Elemental -> KSHMR_Earth	KSHMR_Earth_09_Sedimentary_Layer	
Splice Sounds	Sounds of KSHMR Vol. 3	KSHMR_FX -> KSHMR_Ambiance_and_Foley -> KSHMR_Ambiance_Elemental -> KSHMR_Earth	KSHMR_Earth_10_Tombstone_Grave	
Splice Sounds	Sounds of KSHMR Vol. 3	KSHMR_FX -> KSHMR_Ambiance_and_Foley -> KSHMR_Ambiance_Elemental -> KSHMR_Earth	KSHMR_Earth_11_Zeus_Door_Closing	
Splice Sounds	Sounds of KSHMR Vol. 3	KSHMR_FX -> KSHMR_Ambiance_and_Foley -> KSHMR_Ambiance_Elemental -> KSHMR_Fire	KSHMR_Fire_01_Flame_Woosh	
Splice Sounds	Sounds of KSHMR Vol. 3	KSHMR_FX -> KSHMR_Ambiance_and_Foley -> KSHMR_Ambiance_Elemental -> KSHMR_Fire	KSHMR_Fire_02_Flamer	
Splice Sounds	Sounds of KSHMR Vol. 3	KSHMR_FX -> KSHMR_Ambiance_and_Foley -> KSHMR_Ambiance_Elemental -> KSHMR_Fire	KSHMR_Fire_03_Flamethrower	
Splice Sounds	Sounds of KSHMR Vol. 3	KSHMR_FX -> KSHMR_Ambiance_and_Foley -> KSHMR_Ambiance_Elemental -> KSHMR_Fire	KSHMR_Fire_04_Reverse_Matchstrike	
Splice Sounds	Sounds of KSHMR Vol. 3	KSHMR_FX -> KSHMR_Ambiance_and_Foley -> KSHMR_Ambiance_Elemental -> KSHMR_Fire	KSHMR_Fire_05_Reverse_Pitched_Flamethrower	
Splice Sounds	Sounds of KSHMR Vol. 3	KSHMR_FX -> KSHMR_Ambiance_and_Foley -> KSHMR_Ambiance_Elemental -> KSHMR_Fire	KSHMR_Fire_06_Sizzle	
Splice Sounds	Sounds of KSHMR Vol. 3	KSHMR_FX -> KSHMR_Ambiance_and_Foley -> KSHMR_Ambiance_Elemental -> KSHMR_Water	KSHMR_Water_01_Bathtub	
Splice Sounds	Sounds of KSHMR Vol. 3	KSHMR_FX -> KSHMR_Ambiance_and_Foley -> KSHMR_Ambiance_Elemental -> KSHMR_Water	KSHMR_Water_02_Iceberg_FX	
Splice Sounds	Sounds of KSHMR Vol. 3	KSHMR_FX -> KSHMR_Ambiance_and_Foley -> KSHMR_Ambiance_Elemental -> KSHMR_Water	KSHMR_Water_03_Light_Wave	
Splice Sounds	Sounds of KSHMR Vol. 3	KSHMR_FX -> KSHMR_Ambiance_and_Foley -> KSHMR_Ambiance_Elemental -> KSHMR_Water	KSHMR_Water_04_Splash	
Splice Sounds	Sounds of KSHMR Vol. 3	KSHMR_FX -> KSHMR_Ambiance_and_Foley -> KSHMR_Ambiance_Elemental -> KSHMR_Water	KSHMR_Water_05_Tidal_Wave	
Splice Sounds	Sounds of KSHMR Vol. 3	KSHMR_FX -> KSHMR_Ambiance_and_Foley -> KSHMR_Ambiance_Elemental -> KSHMR_Water	KSHMR_Water_06_Underwater_Wave	
Splice Sounds	Sounds of KSHMR Vol. 3	KSHMR_FX -> KSHMR_Ambiance_and_Foley -> KSHMR_Ambiance_Elemental -> KSHMR_Water	KSHMR_Water_07_Water_Drop	
Splice Sounds	Sounds of KSHMR Vol. 3	KSHMR_FX -> KSHMR_Ambiance_and_Foley -> KSHMR_Ambiance_Elemental -> KSHMR_Water	KSHMR_Water_08_Water_Drop_Loop_128	
Splice Sounds	Sounds of KSHMR Vol. 3	KSHMR_FX -> KSHMR_Ambiance_and_Foley -> KSHMR_Ambiance_Elemental -> KSHMR_Water	KSHMR_Water_09_Waterfall_Sweep_Down	
Splice Sounds	Sounds of KSHMR Vol. 3	KSHMR_FX -> KSHMR_Ambiance_and_Foley -> KSHMR_Ambiance_Elemental -> KSHMR_Wind	KSHMR_Wind_01_Arrow_Flying	
Splice Sounds	Sounds of KSHMR Vol. 3	KSHMR_FX -> KSHMR_Ambiance_and_Foley -> KSHMR_Ambiance_Elemental -> KSHMR_Wind	KSHMR_Wind_02_Crazy_Wind	
Splice Sounds	Sounds of KSHMR Vol. 3	KSHMR_FX -> KSHMR_Ambiance_and_Foley -> KSHMR_Ambiance_Elemental -> KSHMR_Wind	KSHMR_Wind_03_Dark_Spirit	
Splice Sounds	Sounds of KSHMR Vol. 3	KSHMR_FX -> KSHMR_Ambiance_and_Foley -> KSHMR_Ambiance_Elemental -> KSHMR_Wind	KSHMR_Wind_04_Jet_Engine	
Splice Sounds	Sounds of KSHMR Vol. 3	KSHMR_FX -> KSHMR_Ambiance_and_Foley -> KSHMR_Ambiance_Elemental -> KSHMR_Wind	KSHMR_Wind_05_Plane	
Splice Sounds	Sounds of KSHMR Vol. 3	KSHMR_FX -> KSHMR_Ambiance_and_Foley -> KSHMR_Ambiance_Elemental -> KSHMR_Wind	KSHMR_Wind_06_Rocket	
Splice Sounds	Sounds of KSHMR Vol. 3	KSHMR_FX -> KSHMR_Ambiance_and_Foley -> KSHMR_Ambiance_Elemental -> KSHMR_Wind	KSHMR_Wind_07_Turbine	
Splice Sounds	Sounds of KSHMR Vol. 3	KSHMR_FX -> KSHMR_Ambiance_and_Foley -> KSHMR_Ambiance_Elemental -> KSHMR_Wind	KSHMR_Wind_08_Violent_Thrash	
Splice Sounds	Sounds of KSHMR Vol. 3	KSHMR_FX -> KSHMR_Ambiance_and_Foley -> KSHMR_Ambiance_Elemental -> KSHMR_Wind	KSHMR_Wind_09_Wild_Spirit	
Splice Sounds	Sounds of KSHMR Vol. 3	KSHMR_FX -> KSHMR_Ambiance_and_Foley -> KSHMR_Ambiance_Elemental -> KSHMR_Wind	KSHMR_Wind_10_Wind_Sweep	
Splice Sounds	Sounds of KSHMR Vol. 3	KSHMR_FX -> KSHMR_Ambiance_and_Foley -> KSHMR_Ambiance_Elemental -> KSHMR_Wind	KSHMR_Wind_11_Windy_Clothes_Flapping	
Splice Sounds	Sounds of KSHMR Vol. 3	KSHMR_FX -> KSHMR_Ambiance_and_Foley -> KSHMR_Ambiance_Elemental -> KSHMR_Wind	KSHMR_Wind_12_Windy_Desert	
Splice Sounds	Sounds of KSHMR Vol. 3	KSHMR_FX -> KSHMR_Ambiance_and_Foley -> KSHMR_Ambiance_Scenes	KSHMR_Ambiance_Scene_01_Bathtub	
Splice Sounds	Sounds of KSHMR Vol. 3	KSHMR_FX -> KSHMR_Ambiance_and_Foley -> KSHMR_Ambiance_Scenes	KSHMR_Ambiance_Scene_02_Calming_Water	
Splice Sounds	Sounds of KSHMR Vol. 3	KSHMR_FX -> KSHMR_Ambiance_and_Foley -> KSHMR_Ambiance_Scenes	KSHMR_Ambiance_Scene_03_Campfire	
Splice Sounds	Sounds of KSHMR Vol. 3	KSHMR_FX -> KSHMR_Ambiance_and_Foley -> KSHMR_Ambiance_Scenes	KSHMR_Ambiance_Scene_04_Cave_Dripping	
Splice Sounds	Sounds of KSHMR Vol. 3	KSHMR_FX -> KSHMR_Ambiance_and_Foley -> KSHMR_Ambiance_Scenes	KSHMR_Ambiance_Scene_05_Earthquake	
Splice Sounds	Sounds of KSHMR Vol. 3	KSHMR_FX -> KSHMR_Ambiance_and_Foley -> KSHMR_Ambiance_Scenes	KSHMR_Ambiance_Scene_06_Fireplace	
Splice Sounds	Sounds of KSHMR Vol. 3	KSHMR_FX -> KSHMR_Ambiance_and_Foley -> KSHMR_Ambiance_Scenes	KSHMR_Ambiance_Scene_07_Forest_Floor	
Splice Sounds	Sounds of KSHMR Vol. 3	KSHMR_FX -> KSHMR_Ambiance_and_Foley -> KSHMR_Ambiance_Scenes	KSHMR_Ambiance_Scene_08_Jungle_Storm	
Splice Sounds	Sounds of KSHMR Vol. 3	KSHMR_FX -> KSHMR_Ambiance_and_Foley -> KSHMR_Ambiance_Scenes	KSHMR_Ambiance_Scene_09_Rainfall	
Splice Sounds	Sounds of KSHMR Vol. 3	KSHMR_FX -> KSHMR_Ambiance_and_Foley -> KSHMR_Ambiance_Scenes	KSHMR_Ambiance_Scene_10_Thunderstorm	
Splice Sounds	Sounds of KSHMR Vol. 3	KSHMR_FX -> KSHMR_Ambiance_and_Foley -> KSHMR_Ambiance_Scenes	KSHMR_Ambiance_Scene_11_Wind	
Splice Sounds	Sounds of KSHMR Vol. 3	KSHMR_FX -> KSHMR_Glitches_and_Industrial -> KSHMR_Airlocks	KSHMR_Airlock_01	
Splice Sounds	Sounds of KSHMR Vol. 3	KSHMR_FX -> KSHMR_Glitches_and_Industrial -> KSHMR_Airlocks	KSHMR_Airlock_02	
Splice Sounds	Sounds of KSHMR Vol. 3	KSHMR_FX -> KSHMR_Glitches_and_Industrial -> KSHMR_Airlocks	KSHMR_Airlock_03	
Splice Sounds	Sounds of KSHMR Vol. 3	KSHMR_FX -> KSHMR_Glitches_and_Industrial -> KSHMR_Glitches	KSHMR_Glitch_01	
Splice Sounds	Sounds of KSHMR Vol. 3	KSHMR_FX -> KSHMR_Glitches_and_Industrial -> KSHMR_Glitches	KSHMR_Glitch_02	
Splice Sounds	Sounds of KSHMR Vol. 3	KSHMR_FX -> KSHMR_Glitches_and_Industrial -> KSHMR_Glitches	KSHMR_Glitch_03	
Splice Sounds	Sounds of KSHMR Vol. 3	KSHMR_FX -> KSHMR_Glitches_and_Industrial -> KSHMR_Glitches	KSHMR_Glitch_04	
Splice Sounds	Sounds of KSHMR Vol. 3	KSHMR_FX -> KSHMR_Glitches_and_Industrial -> KSHMR_Glitches	KSHMR_Glitch_05	
Splice Sounds	Sounds of KSHMR Vol. 3	KSHMR_FX -> KSHMR_Glitches_and_Industrial -> KSHMR_Glitches	KSHMR_Glitch_06	
Splice Sounds	Sounds of KSHMR Vol. 3	KSHMR_FX -> KSHMR_Glitches_and_Industrial -> KSHMR_Glitches	KSHMR_Glitch_07	
Splice Sounds	Sounds of KSHMR Vol. 3	KSHMR_FX -> KSHMR_Glitches_and_Industrial -> KSHMR_Glitches	KSHMR_Glitch_08	
Splice Sounds	Sounds of KSHMR Vol. 3	KSHMR_FX -> KSHMR_Glitches_and_Industrial -> KSHMR_Glitches	KSHMR_Glitch_09	
Splice Sounds	Sounds of KSHMR Vol. 3	KSHMR_FX -> KSHMR_Glitches_and_Industrial -> KSHMR_Glitches	KSHMR_Glitch_10	
Splice Sounds	Sounds of KSHMR Vol. 3	KSHMR_FX -> KSHMR_Glitches_and_Industrial -> KSHMR_Glitches	KSHMR_Glitch_11	
Splice Sounds	Sounds of KSHMR Vol. 3	KSHMR_FX -> KSHMR_Glitches_and_Industrial -> KSHMR_Glitches	KSHMR_Glitch_12	
Splice Sounds	Sounds of KSHMR Vol. 3	KSHMR_FX -> KSHMR_Glitches_and_Industrial -> KSHMR_Glitches	KSHMR_Glitch_13	
Splice Sounds	Sounds of KSHMR Vol. 3	KSHMR_FX -> KSHMR_Glitches_and_Industrial -> KSHMR_Glitches	KSHMR_Glitch_14_Small	
Splice Sounds	Sounds of KSHMR Vol. 3	KSHMR_FX -> KSHMR_Glitches_and_Industrial -> KSHMR_Glitches	KSHMR_Glitch_15_Small	
Splice Sounds	Sounds of KSHMR Vol. 3	KSHMR_FX -> KSHMR_Glitches_and_Industrial -> KSHMR_Glitches	KSHMR_Glitch_16_Gritty_Death	
Splice Sounds	Sounds of KSHMR Vol. 3	KSHMR_FX -> KSHMR_Glitches_and_Industrial -> KSHMR_Glitches	KSHMR_Glitch_17_Sub_Death	
Splice Sounds	Sounds of KSHMR Vol. 3	KSHMR_FX -> KSHMR_Glitches_and_Industrial -> KSHMR_Psy_FX	KSHMR_Psy_FX_01	
Splice Sounds	Sounds of KSHMR Vol. 3	KSHMR_FX -> KSHMR_Glitches_and_Industrial -> KSHMR_Psy_FX	KSHMR_Psy_FX_02	
Splice Sounds	Sounds of KSHMR Vol. 3	KSHMR_FX -> KSHMR_Glitches_and_Industrial -> KSHMR_Psy_FX	KSHMR_Psy_FX_03	
Splice Sounds	Sounds of KSHMR Vol. 3	KSHMR_FX -> KSHMR_Glitches_and_Industrial -> KSHMR_Psy_FX	KSHMR_Psy_FX_04	
Splice Sounds	Sounds of KSHMR Vol. 3	KSHMR_FX -> KSHMR_Glitches_and_Industrial -> KSHMR_Psy_FX	KSHMR_Psy_FX_05	
Splice Sounds	Sounds of KSHMR Vol. 3	KSHMR_FX -> KSHMR_Glitches_and_Industrial -> KSHMR_Psy_FX	KSHMR_Psy_FX_06_E	
Splice Sounds	Sounds of KSHMR Vol. 3	KSHMR_FX -> KSHMR_Glitches_and_Industrial -> KSHMR_Psy_FX	KSHMR_Psy_FX_07_Bend_D_to_G	
Splice Sounds	Sounds of KSHMR Vol. 3	KSHMR_FX -> KSHMR_Glitches_and_Industrial -> KSHMR_Psy_FX	KSHMR_Psy_FX_08_138	
Splice Sounds	Sounds of KSHMR Vol. 3	KSHMR_FX -> KSHMR_Glitches_and_Industrial -> KSHMR_Psy_FX	KSHMR_Psy_FX_09_138	
Splice Sounds	Sounds of KSHMR Vol. 3	KSHMR_FX -> KSHMR_Glitches_and_Industrial -> KSHMR_Psy_FX	KSHMR_Psy_FX_10_138_D#	
Splice Sounds	Sounds of KSHMR Vol. 3	KSHMR_FX -> KSHMR_Glitches_and_Industrial -> KSHMR_Psy_FX	KSHMR_Psy_FX_11_140	
Splice Sounds	Sounds of KSHMR Vol. 3	KSHMR_FX -> KSHMR_Glitches_and_Industrial -> KSHMR_Psy_FX	KSHMR_Psy_FX_12_140	
Splice Sounds	Sounds of KSHMR Vol. 3	KSHMR_FX -> KSHMR_Glitches_and_Industrial -> KSHMR_Psy_FX	KSHMR_Psy_FX_13_140_E	
Splice Sounds	Sounds of KSHMR Vol. 3	KSHMR_FX -> KSHMR_Glitches_and_Industrial -> KSHMR_Psy_FX	KSHMR_Psy_FX_14_140_E	
Splice Sounds	Sounds of KSHMR Vol. 3	KSHMR_FX -> KSHMR_Glitches_and_Industrial -> KSHMR_Psy_FX	KSHMR_Psy_FX_15_140_E	
Splice Sounds	Sounds of KSHMR Vol. 3	KSHMR_FX -> KSHMR_Glitches_and_Industrial -> KSHMR_Psy_FX	KSHMR_Psy_FX_16_140_E	
Splice Sounds	Sounds of KSHMR Vol. 3	KSHMR_FX -> KSHMR_Glitches_and_Industrial -> KSHMR_Psy_FX	KSHMR_Psy_FX_17_140_E	
Splice Sounds	Sounds of KSHMR Vol. 3	KSHMR_FX -> KSHMR_Glitches_and_Industrial -> KSHMR_Psy_FX	KSHMR_Psy_FX_18_140_E	
Splice Sounds	Sounds of KSHMR Vol. 3	KSHMR_FX -> KSHMR_Glitches_and_Industrial -> KSHMR_Psy_FX	KSHMR_Psy_FX_19_140_E	
Splice Sounds	Sounds of KSHMR Vol. 3	KSHMR_FX -> KSHMR_Glitches_and_Industrial -> KSHMR_Psy_FX	KSHMR_Psy_FX_20_140_F	
Splice Sounds	Sounds of KSHMR Vol. 3	KSHMR_FX -> KSHMR_Glitches_and_Industrial -> KSHMR_Psy_FX	KSHMR_Psy_FX_21_140_F	
Splice Sounds	Sounds of KSHMR Vol. 3	KSHMR_FX -> KSHMR_Glitches_and_Industrial -> KSHMR_Psy_FX	KSHMR_Psy_FX_22_140_F	
Splice Sounds	Sounds of KSHMR Vol. 3	KSHMR_FX -> KSHMR_Glitches_and_Industrial -> KSHMR_Psy_FX	KSHMR_Psy_FX_23_140_F	
Splice Sounds	Sounds of KSHMR Vol. 3	KSHMR_FX -> KSHMR_Glitches_and_Industrial -> KSHMR_Psy_FX	KSHMR_Psy_FX_24_140_F	
Splice Sounds	Sounds of KSHMR Vol. 3	KSHMR_FX -> KSHMR_Glitches_and_Industrial -> KSHMR_Psy_FX	KSHMR_Psy_FX_25_140_G	
Splice Sounds	Sounds of KSHMR Vol. 3	KSHMR_FX -> KSHMR_Glitches_and_Industrial -> KSHMR_Psy_FX	KSHMR_Psy_FX_26_140_G	
Splice Sounds	Sounds of KSHMR Vol. 3	KSHMR_FX -> KSHMR_Glitches_and_Industrial -> KSHMR_Psy_FX	KSHMR_Psy_FX_27_140_G	
Splice Sounds	Sounds of KSHMR Vol. 3	KSHMR_FX -> KSHMR_Glitches_and_Industrial -> KSHMR_Psy_FX	KSHMR_Psy_FX_28_140_G	
Splice Sounds	Sounds of KSHMR Vol. 3	KSHMR_FX -> KSHMR_Glitches_and_Industrial -> KSHMR_Psy_FX	KSHMR_Psy_FX_29_140_G	
Splice Sounds	Sounds of KSHMR Vol. 3	KSHMR_FX -> KSHMR_Glitches_and_Industrial -> KSHMR_Psy_FX	KSHMR_Psy_FX_30_140_G	
Splice Sounds	Sounds of KSHMR Vol. 3	KSHMR_FX -> KSHMR_Glitches_and_Industrial -> KSHMR_Psy_FX	KSHMR_Psy_FX_31_152_F#	
Splice Sounds	Sounds of KSHMR Vol. 3	KSHMR_FX -> KSHMR_Glitches_and_Industrial -> KSHMR_Transformer_FX	KSHMR_Transformer_FX_01	
Splice Sounds	Sounds of KSHMR Vol. 3	KSHMR_FX -> KSHMR_Glitches_and_Industrial -> KSHMR_Transformer_FX	KSHMR_Transformer_FX_02	
Splice Sounds	Sounds of KSHMR Vol. 3	KSHMR_FX -> KSHMR_Glitches_and_Industrial -> KSHMR_Transformer_FX	KSHMR_Transformer_FX_03	
Splice Sounds	Sounds of KSHMR Vol. 3	KSHMR_FX -> KSHMR_Glitches_and_Industrial -> KSHMR_Transformer_FX	KSHMR_Transformer_FX_04	
Splice Sounds	Sounds of KSHMR Vol. 3	KSHMR_FX -> KSHMR_Glitches_and_Industrial -> KSHMR_Transformer_FX	KSHMR_Transformer_FX_05	
Splice Sounds	Sounds of KSHMR Vol. 3	KSHMR_FX -> KSHMR_Glitches_and_Industrial -> KSHMR_Transformer_FX	KSHMR_Transformer_FX_06	
Splice Sounds	Sounds of KSHMR Vol. 3	KSHMR_FX -> KSHMR_Glitches_and_Industrial -> KSHMR_Transformer_FX	KSHMR_Transformer_FX_07	
Splice Sounds	Sounds of KSHMR Vol. 3	KSHMR_FX -> KSHMR_Glitches_and_Industrial -> KSHMR_Transformer_FX	KSHMR_Transformer_FX_08	
Splice Sounds	Sounds of KSHMR Vol. 3	KSHMR_FX -> KSHMR_Glitches_and_Industrial -> KSHMR_Transformer_FX	KSHMR_Transformer_FX_09	
Splice Sounds	Sounds of KSHMR Vol. 3	KSHMR_FX -> KSHMR_Glitches_and_Industrial -> KSHMR_Transformer_FX	KSHMR_Transformer_FX_10	
Splice Sounds	Sounds of KSHMR Vol. 3	KSHMR_FX -> KSHMR_Glitches_and_Industrial -> KSHMR_Transformer_FX	KSHMR_Transformer_FX_11	
Splice Sounds	Sounds of KSHMR Vol. 3	KSHMR_FX -> KSHMR_Glitches_and_Industrial -> KSHMR_Transformer_FX	KSHMR_Transformer_FX_12	
Splice Sounds	Sounds of KSHMR Vol. 3	KSHMR_FX -> KSHMR_Glitches_and_Industrial -> KSHMR_Transformer_FX	KSHMR_Transformer_FX_13	
Splice Sounds	Sounds of KSHMR Vol. 3	KSHMR_FX -> KSHMR_Glitches_and_Industrial -> KSHMR_Transformer_FX	KSHMR_Transformer_FX_14	
Splice Sounds	Sounds of KSHMR Vol. 3	KSHMR_FX -> KSHMR_Glitches_and_Industrial -> KSHMR_Transformer_FX	KSHMR_Transformer_FX_15	
Splice Sounds	Sounds of KSHMR Vol. 3	KSHMR_FX -> KSHMR_Glitches_and_Industrial -> KSHMR_Transformer_FX	KSHMR_Transformer_FX_16	
Splice Sounds	Sounds of KSHMR Vol. 3	KSHMR_FX -> KSHMR_Glitches_and_Industrial -> KSHMR_Transformer_FX	KSHMR_Transformer_FX_17	
Splice Sounds	Sounds of KSHMR Vol. 3	KSHMR_FX -> KSHMR_Glitches_and_Industrial -> KSHMR_Transformer_FX	KSHMR_Transformer_FX_18	
Splice Sounds	Sounds of KSHMR Vol. 3	KSHMR_FX -> KSHMR_Glitches_and_Industrial -> KSHMR_Transformer_FX	KSHMR_Transformer_FX_19	
Splice Sounds	Sounds of KSHMR Vol. 3	KSHMR_FX -> KSHMR_Glitches_and_Industrial -> KSHMR_Transformer_FX	KSHMR_Transformer_FX_20	
Splice Sounds	Sounds of KSHMR Vol. 3	KSHMR_FX -> KSHMR_Glitches_and_Industrial -> KSHMR_Transformer_FX	KSHMR_Transformer_FX_21	
Splice Sounds	Sounds of KSHMR Vol. 3	KSHMR_FX -> KSHMR_Glitches_and_Industrial -> KSHMR_Transformer_FX	KSHMR_Transformer_FX_22	
Splice Sounds	Sounds of KSHMR Vol. 3	KSHMR_FX -> KSHMR_Glitches_and_Industrial -> KSHMR_Transformer_FX	KSHMR_Transformer_FX_23	
Splice Sounds	Sounds of KSHMR Vol. 3	KSHMR_FX -> KSHMR_Glitches_and_Industrial -> KSHMR_Transformer_FX	KSHMR_Transformer_FX_24	
Splice Sounds	Sounds of KSHMR Vol. 3	KSHMR_FX -> KSHMR_Glitches_and_Industrial -> KSHMR_Transformer_FX	KSHMR_Transformer_FX_25	
Splice Sounds	Sounds of KSHMR Vol. 3	KSHMR_FX -> KSHMR_Glitches_and_Industrial -> KSHMR_Transformer_FX	KSHMR_Transformer_FX_26	
Splice Sounds	Sounds of KSHMR Vol. 3	KSHMR_FX -> KSHMR_Glitches_and_Industrial -> KSHMR_Transformer_FX	KSHMR_Transformer_FX_27	
Splice Sounds	Sounds of KSHMR Vol. 3	KSHMR_FX -> KSHMR_Glitches_and_Industrial -> KSHMR_Transformer_FX	KSHMR_Transformer_FX_28	
Splice Sounds	Sounds of KSHMR Vol. 3	KSHMR_FX -> KSHMR_Glitches_and_Industrial -> KSHMR_Transformer_FX	KSHMR_Transformer_FX_29	
Splice Sounds	Sounds of KSHMR Vol. 3	KSHMR_FX -> KSHMR_Impacts -> KSHMR_Impacts_01_Main	KSHMR_Impact_01	
Splice Sounds	Sounds of KSHMR Vol. 3	KSHMR_FX -> KSHMR_Impacts -> KSHMR_Impacts_01_Main	KSHMR_Impact_02	
Splice Sounds	Sounds of KSHMR Vol. 3	KSHMR_FX -> KSHMR_Impacts -> KSHMR_Impacts_01_Main	KSHMR_Impact_03	
Splice Sounds	Sounds of KSHMR Vol. 3	KSHMR_FX -> KSHMR_Impacts -> KSHMR_Impacts_01_Main	KSHMR_Impact_04	
Splice Sounds	Sounds of KSHMR Vol. 3	KSHMR_FX -> KSHMR_Impacts -> KSHMR_Impacts_01_Main	KSHMR_Impact_05	
Splice Sounds	Sounds of KSHMR Vol. 3	KSHMR_FX -> KSHMR_Impacts -> KSHMR_Impacts_01_Main	KSHMR_Impact_06	
Splice Sounds	Sounds of KSHMR Vol. 3	KSHMR_FX -> KSHMR_Impacts -> KSHMR_Impacts_01_Main	KSHMR_Impact_07	
Splice Sounds	Sounds of KSHMR Vol. 3	KSHMR_FX -> KSHMR_Impacts -> KSHMR_Impacts_01_Main	KSHMR_Impact_08_E	
Splice Sounds	Sounds of KSHMR Vol. 3	KSHMR_FX -> KSHMR_Impacts -> KSHMR_Impacts_01_Main	KSHMR_Impact_with_Sweep_01	
Splice Sounds	Sounds of KSHMR Vol. 3	KSHMR_FX -> KSHMR_Impacts -> KSHMR_Impacts_01_Main	KSHMR_Impact_with_Sweep_02	
Splice Sounds	Sounds of KSHMR Vol. 3	KSHMR_FX -> KSHMR_Impacts -> KSHMR_Impacts_01_Main	KSHMR_Impact_with_Sweep_03	
Splice Sounds	Sounds of KSHMR Vol. 3	KSHMR_FX -> KSHMR_Impacts -> KSHMR_Impacts_01_Main	KSHMR_Impact_with_Sweep_04	
Splice Sounds	Sounds of KSHMR Vol. 3	KSHMR_FX -> KSHMR_Impacts -> KSHMR_Impacts_01_Main	KSHMR_Impact_with_Sweep_05	
Splice Sounds	Sounds of KSHMR Vol. 3	KSHMR_FX -> KSHMR_Impacts -> KSHMR_Impacts_01_Main	KSHMR_Impact_with_Sweep_06	
Splice Sounds	Sounds of KSHMR Vol. 3	KSHMR_FX -> KSHMR_Impacts -> KSHMR_Impacts_01_Main	KSHMR_Impact_with_Sweep_07	
Splice Sounds	Sounds of KSHMR Vol. 3	KSHMR_FX -> KSHMR_Impacts -> KSHMR_Impacts_01_Main	KSHMR_Impact_with_Sweep_08	
Splice Sounds	Sounds of KSHMR Vol. 3	KSHMR_FX -> KSHMR_Impacts -> KSHMR_Impacts_01_Main	KSHMR_Impact_with_Sweep_09	
Splice Sounds	Sounds of KSHMR Vol. 3	KSHMR_FX -> KSHMR_Impacts -> KSHMR_Impacts_01_Main	KSHMR_Impact_with_Sweep_10	
Splice Sounds	Sounds of KSHMR Vol. 3	KSHMR_FX -> KSHMR_Impacts -> KSHMR_Impacts_01_Main	KSHMR_Impact_with_Sweep_11	
Splice Sounds	Sounds of KSHMR Vol. 3	KSHMR_FX -> KSHMR_Impacts -> KSHMR_Impacts_01_Main	KSHMR_Impact_with_Sweep_12	
Splice Sounds	Sounds of KSHMR Vol. 3	KSHMR_FX -> KSHMR_Impacts -> KSHMR_Impacts_02_Low	KSHMR_Impact_Low_01	
Splice Sounds	Sounds of KSHMR Vol. 3	KSHMR_FX -> KSHMR_Impacts -> KSHMR_Impacts_02_Low	KSHMR_Impact_Low_02	
Splice Sounds	Sounds of KSHMR Vol. 3	KSHMR_FX -> KSHMR_Impacts -> KSHMR_Impacts_02_Low	KSHMR_Impact_Low_03	
Splice Sounds	Sounds of KSHMR Vol. 3	KSHMR_FX -> KSHMR_Impacts -> KSHMR_Impacts_02_Low	KSHMR_Impact_Low_04	
Splice Sounds	Sounds of KSHMR Vol. 3	KSHMR_FX -> KSHMR_Impacts -> KSHMR_Impacts_02_Low	KSHMR_Impact_Low_05	
Splice Sounds	Sounds of KSHMR Vol. 3	KSHMR_FX -> KSHMR_Impacts -> KSHMR_Impacts_02_Low	KSHMR_Impact_Low_06	
Splice Sounds	Sounds of KSHMR Vol. 3	KSHMR_FX -> KSHMR_Impacts -> KSHMR_Impacts_02_Low	KSHMR_Impact_Low_07	
Splice Sounds	Sounds of KSHMR Vol. 3	KSHMR_FX -> KSHMR_Impacts -> KSHMR_Impacts_02_Low	KSHMR_Impact_Low_08	
Splice Sounds	Sounds of KSHMR Vol. 3	KSHMR_FX -> KSHMR_Impacts -> KSHMR_Impacts_02_Low	KSHMR_Impact_Low_09	
Splice Sounds	Sounds of KSHMR Vol. 3	KSHMR_FX -> KSHMR_Impacts -> KSHMR_Impacts_03_Mid	KSHMR_Impact_Mid_01	
Splice Sounds	Sounds of KSHMR Vol. 3	KSHMR_FX -> KSHMR_Impacts -> KSHMR_Impacts_03_Mid	KSHMR_Impact_Mid_02	
Splice Sounds	Sounds of KSHMR Vol. 3	KSHMR_FX -> KSHMR_Impacts -> KSHMR_Impacts_03_Mid	KSHMR_Impact_Mid_03	
Splice Sounds	Sounds of KSHMR Vol. 3	KSHMR_FX -> KSHMR_Impacts -> KSHMR_Impacts_03_Mid	KSHMR_Impact_Mid_04	
Splice Sounds	Sounds of KSHMR Vol. 3	KSHMR_FX -> KSHMR_Impacts -> KSHMR_Impacts_03_Tonal_Layers	KSHMR_Impact_Tonal_Layer_01_A	
Splice Sounds	Sounds of KSHMR Vol. 3	KSHMR_FX -> KSHMR_Impacts -> KSHMR_Impacts_03_Tonal_Layers	KSHMR_Impact_Tonal_Layer_02_A#	
Splice Sounds	Sounds of KSHMR Vol. 3	KSHMR_FX -> KSHMR_Impacts -> KSHMR_Impacts_03_Tonal_Layers	KSHMR_Impact_Tonal_Layer_03_C	
Splice Sounds	Sounds of KSHMR Vol. 3	KSHMR_FX -> KSHMR_Impacts -> KSHMR_Impacts_03_Tonal_Layers	KSHMR_Impact_Tonal_Layer_04_C#	
Splice Sounds	Sounds of KSHMR Vol. 3	KSHMR_FX -> KSHMR_Impacts -> KSHMR_Impacts_03_Tonal_Layers	KSHMR_Impact_Tonal_Layer_05_D	
Splice Sounds	Sounds of KSHMR Vol. 3	KSHMR_FX -> KSHMR_Impacts -> KSHMR_Impacts_03_Tonal_Layers	KSHMR_Impact_Tonal_Layer_06_D#	
Splice Sounds	Sounds of KSHMR Vol. 3	KSHMR_FX -> KSHMR_Impacts -> KSHMR_Impacts_03_Tonal_Layers	KSHMR_Impact_Tonal_Layer_07_E	
Splice Sounds	Sounds of KSHMR Vol. 3	KSHMR_FX -> KSHMR_Impacts -> KSHMR_Impacts_03_Tonal_Layers	KSHMR_Impact_Tonal_Layer_08_F	
Splice Sounds	Sounds of KSHMR Vol. 3	KSHMR_FX -> KSHMR_Impacts -> KSHMR_Impacts_03_Tonal_Layers	KSHMR_Impact_Tonal_Layer_09_F#	
Splice Sounds	Sounds of KSHMR Vol. 3	KSHMR_FX -> KSHMR_Impacts -> KSHMR_Impacts_03_Tonal_Layers	KSHMR_Impact_Tonal_Layer_10_G#	
Splice Sounds	Sounds of KSHMR Vol. 3	KSHMR_FX -> KSHMR_Impacts -> KSHMR_Impacts_04_High	KSHMR_Impact_High_01	
Splice Sounds	Sounds of KSHMR Vol. 3	KSHMR_FX -> KSHMR_Impacts -> KSHMR_Impacts_04_High	KSHMR_Impact_High_02	
Splice Sounds	Sounds of KSHMR Vol. 3	KSHMR_FX -> KSHMR_Impacts -> KSHMR_Impacts_04_High	KSHMR_Impact_High_03	
Splice Sounds	Sounds of KSHMR Vol. 3	KSHMR_FX -> KSHMR_Impacts -> KSHMR_Impacts_04_High	KSHMR_Impact_High_04	
Splice Sounds	Sounds of KSHMR Vol. 3	KSHMR_FX -> KSHMR_Impacts -> KSHMR_Impacts_04_High	KSHMR_Impact_High_05	
Splice Sounds	Sounds of KSHMR Vol. 3	KSHMR_FX -> KSHMR_Impacts -> KSHMR_Impacts_04_High	KSHMR_Impact_High_06	
Splice Sounds	Sounds of KSHMR Vol. 3	KSHMR_FX -> KSHMR_Impacts -> KSHMR_Impacts_04_High	KSHMR_Impact_High_07	
Splice Sounds	Sounds of KSHMR Vol. 3	KSHMR_FX -> KSHMR_Impacts -> KSHMR_Impacts_04_High	KSHMR_Impact_High_08	
Splice Sounds	Sounds of KSHMR Vol. 3	KSHMR_FX -> KSHMR_Impacts -> KSHMR_Impacts_04_High	KSHMR_Impact_High_09	
Splice Sounds	Sounds of KSHMR Vol. 3	KSHMR_FX -> KSHMR_Impacts -> KSHMR_Impacts_05_Scary	KSHMR_Impact_Scary_01	
Splice Sounds	Sounds of KSHMR Vol. 3	KSHMR_FX -> KSHMR_Impacts -> KSHMR_Impacts_05_Scary	KSHMR_Impact_Scary_02	
Splice Sounds	Sounds of KSHMR Vol. 3	KSHMR_FX -> KSHMR_Impacts -> KSHMR_Impacts_05_Scary	KSHMR_Impact_Scary_03	
Splice Sounds	Sounds of KSHMR Vol. 3	KSHMR_FX -> KSHMR_Impacts -> KSHMR_Impacts_05_Scary	KSHMR_Impact_Scary_04	
Splice Sounds	Sounds of KSHMR Vol. 3	KSHMR_FX -> KSHMR_Impacts -> KSHMR_Impacts_05_Scary	KSHMR_Impact_Scary_05	
Splice Sounds	Sounds of KSHMR Vol. 3	KSHMR_FX -> KSHMR_Impacts -> KSHMR_Impacts_05_Scary	KSHMR_Impact_Scary_06	
Splice Sounds	Sounds of KSHMR Vol. 3	KSHMR_FX -> KSHMR_Impacts -> KSHMR_Impacts_05_Scary	KSHMR_Impact_Scary_07	
Splice Sounds	Sounds of KSHMR Vol. 3	KSHMR_FX -> KSHMR_Impacts -> KSHMR_Impacts_05_Scary	KSHMR_Impact_Scary_08	
Splice Sounds	Sounds of KSHMR Vol. 3	KSHMR_FX -> KSHMR_Impacts -> KSHMR_Impacts_05_Scary	KSHMR_Impact_Scary_09	
Splice Sounds	Sounds of KSHMR Vol. 3	KSHMR_FX -> KSHMR_Impacts -> KSHMR_Impacts_05_Scary	KSHMR_Impact_Scary_10	
Splice Sounds	Sounds of KSHMR Vol. 3	KSHMR_FX -> KSHMR_Impacts -> KSHMR_Impacts_05_Scary	KSHMR_Impact_Scary_11	
Splice Sounds	Sounds of KSHMR Vol. 3	KSHMR_FX -> KSHMR_Impacts -> KSHMR_Impacts_05_Scary	KSHMR_Impact_Scary_12	
Splice Sounds	Sounds of KSHMR Vol. 3	KSHMR_FX -> KSHMR_Impacts -> KSHMR_Impacts_05_Scary	KSHMR_Impact_Scary_13	
Splice Sounds	Sounds of KSHMR Vol. 3	KSHMR_FX -> KSHMR_Impacts -> KSHMR_Impacts_05_Scary	KSHMR_Impact_Scary_14_E	
Splice Sounds	Sounds of KSHMR Vol. 3	KSHMR_FX -> KSHMR_Impacts -> KSHMR_Impacts_05_Scary	KSHMR_Impact_Scary_15_F	
Splice Sounds	Sounds of KSHMR Vol. 3	KSHMR_FX -> KSHMR_Impacts -> KSHMR_Impacts_05_Scary	KSHMR_Impact_Scary_16_F#	
Splice Sounds	Sounds of KSHMR Vol. 3	KSHMR_FX -> KSHMR_Reverse_Instrument_FX -> KSHMR_Reverse_Guitars	KSHMR_Reverse_Guitar_01_C#	
Splice Sounds	Sounds of KSHMR Vol. 3	KSHMR_FX -> KSHMR_Reverse_Instrument_FX -> KSHMR_Reverse_Guitars	KSHMR_Reverse_Guitar_02_E	
Splice Sounds	Sounds of KSHMR Vol. 3	KSHMR_FX -> KSHMR_Reverse_Instrument_FX -> KSHMR_Reverse_Guitars	KSHMR_Reverse_Guitar_03_E	
Splice Sounds	Sounds of KSHMR Vol. 3	KSHMR_FX -> KSHMR_Reverse_Instrument_FX -> KSHMR_Reverse_Guitars	KSHMR_Reverse_Guitar_04_E	
Splice Sounds	Sounds of KSHMR Vol. 3	KSHMR_FX -> KSHMR_Reverse_Instrument_FX -> KSHMR_Reverse_Guitars	KSHMR_Reverse_Guitar_05_F	
Splice Sounds	Sounds of KSHMR Vol. 3	KSHMR_FX -> KSHMR_Reverse_Instrument_FX -> KSHMR_Reverse_Guitars	KSHMR_Reverse_Guitar_06_F#_128	
Splice Sounds	Sounds of KSHMR Vol. 3	KSHMR_FX -> KSHMR_Reverse_Instrument_FX -> KSHMR_Reverse_Synths	KSHMR_Reverse_Synth_01	
Splice Sounds	Sounds of KSHMR Vol. 3	KSHMR_FX -> KSHMR_Reverse_Instrument_FX -> KSHMR_Reverse_Synths	KSHMR_Reverse_Synth_02_A	
Splice Sounds	Sounds of KSHMR Vol. 3	KSHMR_FX -> KSHMR_Reverse_Instrument_FX -> KSHMR_Reverse_Synths	KSHMR_Reverse_Synth_03_C	
Splice Sounds	Sounds of KSHMR Vol. 3	KSHMR_FX -> KSHMR_Reverse_Instrument_FX -> KSHMR_Reverse_Synths	KSHMR_Reverse_Synth_04_C#	
Splice Sounds	Sounds of KSHMR Vol. 3	KSHMR_FX -> KSHMR_Reverse_Instrument_FX -> KSHMR_Reverse_Synths	KSHMR_Reverse_Synth_05_C#	
Splice Sounds	Sounds of KSHMR Vol. 3	KSHMR_FX -> KSHMR_Reverse_Instrument_FX -> KSHMR_Reverse_Synths	KSHMR_Reverse_Synth_06_C#	
Splice Sounds	Sounds of KSHMR Vol. 3	KSHMR_FX -> KSHMR_Reverse_Instrument_FX -> KSHMR_Reverse_Synths	KSHMR_Reverse_Synth_07_C#	
Splice Sounds	Sounds of KSHMR Vol. 3	KSHMR_FX -> KSHMR_Reverse_Instrument_FX -> KSHMR_Reverse_Synths	KSHMR_Reverse_Synth_08_D	
Splice Sounds	Sounds of KSHMR Vol. 3	KSHMR_FX -> KSHMR_Reverse_Instrument_FX -> KSHMR_Reverse_Synths	KSHMR_Reverse_Synth_09_D	
Splice Sounds	Sounds of KSHMR Vol. 3	KSHMR_FX -> KSHMR_Reverse_Instrument_FX -> KSHMR_Reverse_Synths	KSHMR_Reverse_Synth_10_D	
Splice Sounds	Sounds of KSHMR Vol. 3	KSHMR_FX -> KSHMR_Reverse_Instrument_FX -> KSHMR_Reverse_Synths	KSHMR_Reverse_Synth_11_D#	
Splice Sounds	Sounds of KSHMR Vol. 3	KSHMR_FX -> KSHMR_Reverse_Instrument_FX -> KSHMR_Reverse_Synths	KSHMR_Reverse_Synth_12_E	
Splice Sounds	Sounds of KSHMR Vol. 3	KSHMR_FX -> KSHMR_Reverse_Instrument_FX -> KSHMR_Reverse_Synths	KSHMR_Reverse_Synth_13_E	
Splice Sounds	Sounds of KSHMR Vol. 3	KSHMR_FX -> KSHMR_Reverse_Instrument_FX -> KSHMR_Reverse_Synths	KSHMR_Reverse_Synth_14_E	
Splice Sounds	Sounds of KSHMR Vol. 3	KSHMR_FX -> KSHMR_Reverse_Instrument_FX -> KSHMR_Reverse_Synths	KSHMR_Reverse_Synth_15_F	
Splice Sounds	Sounds of KSHMR Vol. 3	KSHMR_FX -> KSHMR_Reverse_Instrument_FX -> KSHMR_Reverse_Synths	KSHMR_Reverse_Synth_16_F	
Splice Sounds	Sounds of KSHMR Vol. 3	KSHMR_FX -> KSHMR_Reverse_Instrument_FX -> KSHMR_Reverse_Synths	KSHMR_Reverse_Synth_17_F	
Splice Sounds	Sounds of KSHMR Vol. 3	KSHMR_FX -> KSHMR_Reverse_Instrument_FX -> KSHMR_Reverse_Synths	KSHMR_Reverse_Synth_18_F	
Splice Sounds	Sounds of KSHMR Vol. 3	KSHMR_FX -> KSHMR_Reverse_Instrument_FX -> KSHMR_Reverse_Synths	KSHMR_Reverse_Synth_19_F#	
Splice Sounds	Sounds of KSHMR Vol. 3	KSHMR_FX -> KSHMR_Reverse_Instrument_FX -> KSHMR_Reverse_Synths	KSHMR_Reverse_Synth_20_G	
Splice Sounds	Sounds of KSHMR Vol. 3	KSHMR_FX -> KSHMR_Reverse_Instrument_FX -> KSHMR_Reverse_Synths	KSHMR_Reverse_Synth_21_G#	
Splice Sounds	Sounds of KSHMR Vol. 3	KSHMR_FX -> KSHMR_Reverse_Instrument_FX -> KSHMR_Reverse_Synths	KSHMR_Reverse_Synth_22_G#	
Splice Sounds	Sounds of KSHMR Vol. 3	KSHMR_FX -> KSHMR_Reverse_Instrument_FX -> KSHMR_Reverse_Synths	KSHMR_Reverse_Synth_23_G#	
Splice Sounds	Sounds of KSHMR Vol. 3	KSHMR_FX -> KSHMR_Reverse_Instrument_FX -> KSHMR_Reverse_Synths	KSHMR_Reverse_Synth_24_G#	
Splice Sounds	Sounds of KSHMR Vol. 3	KSHMR_FX -> KSHMR_Reverse_Instrument_FX -> KSHMR_Reverse_Synths	KSHMR_Reverse_Synth_25_G#	
Splice Sounds	Sounds of KSHMR Vol. 3	KSHMR_FX -> KSHMR_Reverse_Instrument_FX -> KSHMR_Reverse_Vocals	KSHMR_Reverse_Vocal_01_A	
Splice Sounds	Sounds of KSHMR Vol. 3	KSHMR_FX -> KSHMR_Reverse_Instrument_FX -> KSHMR_Reverse_Vocals	KSHMR_Reverse_Vocal_02_Am	
Splice Sounds	Sounds of KSHMR Vol. 3	KSHMR_FX -> KSHMR_Reverse_Instrument_FX -> KSHMR_Reverse_Vocals	KSHMR_Reverse_Vocal_03_A#	
Splice Sounds	Sounds of KSHMR Vol. 3	KSHMR_FX -> KSHMR_Reverse_Instrument_FX -> KSHMR_Reverse_Vocals	KSHMR_Reverse_Vocal_04_A#	
Splice Sounds	Sounds of KSHMR Vol. 3	KSHMR_FX -> KSHMR_Reverse_Instrument_FX -> KSHMR_Reverse_Vocals	KSHMR_Reverse_Vocal_05_A#	
Splice Sounds	Sounds of KSHMR Vol. 3	KSHMR_FX -> KSHMR_Reverse_Instrument_FX -> KSHMR_Reverse_Vocals	KSHMR_Reverse_Vocal_06_B	
Splice Sounds	Sounds of KSHMR Vol. 3	KSHMR_FX -> KSHMR_Reverse_Instrument_FX -> KSHMR_Reverse_Vocals	KSHMR_Reverse_Vocal_07_C#	
Splice Sounds	Sounds of KSHMR Vol. 3	KSHMR_FX -> KSHMR_Reverse_Instrument_FX -> KSHMR_Reverse_Vocals	KSHMR_Reverse_Vocal_08_D	
Splice Sounds	Sounds of KSHMR Vol. 3	KSHMR_FX -> KSHMR_Reverse_Instrument_FX -> KSHMR_Reverse_Vocals	KSHMR_Reverse_Vocal_09_D	
Splice Sounds	Sounds of KSHMR Vol. 3	KSHMR_FX -> KSHMR_Reverse_Instrument_FX -> KSHMR_Reverse_Vocals	KSHMR_Reverse_Vocal_10_D	
Splice Sounds	Sounds of KSHMR Vol. 3	KSHMR_FX -> KSHMR_Reverse_Instrument_FX -> KSHMR_Reverse_Vocals	KSHMR_Reverse_Vocal_11_D#	
Splice Sounds	Sounds of KSHMR Vol. 3	KSHMR_FX -> KSHMR_Reverse_Instrument_FX -> KSHMR_Reverse_Vocals	KSHMR_Reverse_Vocal_12_F	
Splice Sounds	Sounds of KSHMR Vol. 3	KSHMR_FX -> KSHMR_Reverse_Instrument_FX -> KSHMR_Reverse_Vocals	KSHMR_Reverse_Vocal_13_F	
Splice Sounds	Sounds of KSHMR Vol. 3	KSHMR_FX -> KSHMR_Reverse_Instrument_FX -> KSHMR_Reverse_Vocals	KSHMR_Reverse_Vocal_14_F	
Splice Sounds	Sounds of KSHMR Vol. 3	KSHMR_FX -> KSHMR_Reverse_Instrument_FX -> KSHMR_Reverse_Vocals	KSHMR_Reverse_Vocal_15_Fm	
Splice Sounds	Sounds of KSHMR Vol. 3	KSHMR_FX -> KSHMR_Reverse_Instrument_FX -> KSHMR_Reverse_Vocals	KSHMR_Reverse_Vocal_16_F#	
Splice Sounds	Sounds of KSHMR Vol. 3	KSHMR_FX -> KSHMR_Reverse_Instrument_FX -> KSHMR_Reverse_Vocals	KSHMR_Reverse_Vocal_17_F#	
Splice Sounds	Sounds of KSHMR Vol. 3	KSHMR_FX -> KSHMR_Reverse_Instrument_FX -> KSHMR_Reverse_Vocals	KSHMR_Reverse_Vocal_18_G	
Splice Sounds	Sounds of KSHMR Vol. 3	KSHMR_FX -> KSHMR_Reverse_Instrument_FX -> KSHMR_Reverse_Vocals	KSHMR_Reverse_Vocal_19_G#	
Splice Sounds	Sounds of KSHMR Vol. 3	KSHMR_FX -> KSHMR_Reverse_Instrument_FX -> KSHMR_Reverse_Vocals	KSHMR_Reverse_Vocal_20_G#	
Splice Sounds	Sounds of KSHMR Vol. 3	KSHMR_FX -> KSHMR_Stabs	KSHMR_Stab_01_A	
Splice Sounds	Sounds of KSHMR Vol. 3	KSHMR_FX -> KSHMR_Stabs	KSHMR_Stab_02_C	
Splice Sounds	Sounds of KSHMR Vol. 3	KSHMR_FX -> KSHMR_Stabs	KSHMR_Stab_03_D#	
Splice Sounds	Sounds of KSHMR Vol. 3	KSHMR_FX -> KSHMR_Stabs	KSHMR_Stab_04_E	
Splice Sounds	Sounds of KSHMR Vol. 3	KSHMR_FX -> KSHMR_Stabs	KSHMR_Stab_05_E	
Splice Sounds	Sounds of KSHMR Vol. 3	KSHMR_FX -> KSHMR_Stabs	KSHMR_Stab_06_E	
Splice Sounds	Sounds of KSHMR Vol. 3	KSHMR_FX -> KSHMR_Stabs	KSHMR_Stab_07_E	
Splice Sounds	Sounds of KSHMR Vol. 3	KSHMR_FX -> KSHMR_Stabs	KSHMR_Stab_08_E	
Splice Sounds	Sounds of KSHMR Vol. 3	KSHMR_FX -> KSHMR_Stabs	KSHMR_Stab_09_E	
Splice Sounds	Sounds of KSHMR Vol. 3	KSHMR_FX -> KSHMR_Stabs	KSHMR_Stab_10_F	
Splice Sounds	Sounds of KSHMR Vol. 3	KSHMR_FX -> KSHMR_Stabs	KSHMR_Stab_11_F	
Splice Sounds	Sounds of KSHMR Vol. 3	KSHMR_FX -> KSHMR_Stabs	KSHMR_Stab_12_F	
Splice Sounds	Sounds of KSHMR Vol. 3	KSHMR_FX -> KSHMR_Stabs	KSHMR_Stab_13_F	
Splice Sounds	Sounds of KSHMR Vol. 3	KSHMR_FX -> KSHMR_Stabs	KSHMR_Stab_14_F	
Splice Sounds	Sounds of KSHMR Vol. 3	KSHMR_FX -> KSHMR_Stabs	KSHMR_Stab_15_F	
Splice Sounds	Sounds of KSHMR Vol. 3	KSHMR_FX -> KSHMR_Stabs	KSHMR_Stab_16_F#	
Splice Sounds	Sounds of KSHMR Vol. 3	KSHMR_FX -> KSHMR_Stabs	KSHMR_Stab_17_G	
Splice Sounds	Sounds of KSHMR Vol. 3	KSHMR_FX -> KSHMR_Stabs	KSHMR_Stab_18_G	
Splice Sounds	Sounds of KSHMR Vol. 3	KSHMR_FX -> KSHMR_Stabs	KSHMR_Stab_19_G#	
Splice Sounds	Sounds of KSHMR Vol. 3	KSHMR_FX -> KSHMR_Stabs	KSHMR_Stab_20_G#	
Splice Sounds	Sounds of KSHMR Vol. 3	KSHMR_FX -> KSHMR_Stabs	KSHMR_Stab_21_G#	
Splice Sounds	Sounds of KSHMR Vol. 3	KSHMR_FX -> KSHMR_Sub_Drops	KSHMR_Sub_Drop_01_A	
Splice Sounds	Sounds of KSHMR Vol. 3	KSHMR_FX -> KSHMR_Sub_Drops	KSHMR_Sub_Drop_02_B	
Splice Sounds	Sounds of KSHMR Vol. 3	KSHMR_FX -> KSHMR_Sub_Drops	KSHMR_Sub_Drop_03_B	
Splice Sounds	Sounds of KSHMR Vol. 3	KSHMR_FX -> KSHMR_Sub_Drops	KSHMR_Sub_Drop_04_C	
Splice Sounds	Sounds of KSHMR Vol. 3	KSHMR_FX -> KSHMR_Sub_Drops	KSHMR_Sub_Drop_05_D#	
Splice Sounds	Sounds of KSHMR Vol. 3	KSHMR_FX -> KSHMR_Sub_Drops	KSHMR_Sub_Drop_06_D#	
Splice Sounds	Sounds of KSHMR Vol. 3	KSHMR_FX -> KSHMR_Sub_Drops	KSHMR_Sub_Drop_07_F	
Splice Sounds	Sounds of KSHMR Vol. 3	KSHMR_FX -> KSHMR_Sub_Drops	KSHMR_Sub_Drop_08_F	
Splice Sounds	Sounds of KSHMR Vol. 3	KSHMR_FX -> KSHMR_Sub_Drops	KSHMR_Sub_Drop_09_F#	
Splice Sounds	Sounds of KSHMR Vol. 3	KSHMR_FX -> KSHMR_Sub_Drops	KSHMR_Sub_Drop_10_F#	
Splice Sounds	Sounds of KSHMR Vol. 3	KSHMR_FX -> KSHMR_Sub_Drops	KSHMR_Sub_Drop_11_F#	
Splice Sounds	Sounds of KSHMR Vol. 3	KSHMR_FX -> KSHMR_Sub_Drops	KSHMR_Sub_Drop_12_G	
Splice Sounds	Sounds of KSHMR Vol. 3	KSHMR_FX -> KSHMR_Sub_Drops	KSHMR_Sub_Drop_13_G	
Splice Sounds	Sounds of KSHMR Vol. 3	KSHMR_FX -> KSHMR_Sub_Drops	KSHMR_Sub_Drop_14_G#	
Splice Sounds	Sounds of KSHMR Vol. 3	KSHMR_FX -> KSHMR_Sub_Drops	KSHMR_Sub_Drop_15_G#_Sweep_Up	
Splice Sounds	Sounds of KSHMR Vol. 3	KSHMR_FX -> KSHMR_Sweeps_and_Lazers -> KSHMR_Lazers	KSHMR_Lazer_01	
Splice Sounds	Sounds of KSHMR Vol. 3	KSHMR_FX -> KSHMR_Sweeps_and_Lazers -> KSHMR_Lazers	KSHMR_Lazer_02	
Splice Sounds	Sounds of KSHMR Vol. 3	KSHMR_FX -> KSHMR_Sweeps_and_Lazers -> KSHMR_Lazers	KSHMR_Lazer_03	
Splice Sounds	Sounds of KSHMR Vol. 3	KSHMR_FX -> KSHMR_Sweeps_and_Lazers -> KSHMR_Lazers	KSHMR_Lazer_05	
Splice Sounds	Sounds of KSHMR Vol. 3	KSHMR_FX -> KSHMR_Sweeps_and_Lazers -> KSHMR_Lazers	KSHMR_Lazer_06	
Splice Sounds	Sounds of KSHMR Vol. 3	KSHMR_FX -> KSHMR_Sweeps_and_Lazers -> KSHMR_Lazers	KSHMR_Lazer_07	
Splice Sounds	Sounds of KSHMR Vol. 3	KSHMR_FX -> KSHMR_Sweeps_and_Lazers -> KSHMR_Lazers	KSHMR_Lazer_08	
Splice Sounds	Sounds of KSHMR Vol. 3	KSHMR_FX -> KSHMR_Sweeps_and_Lazers -> KSHMR_Lazers	KSHMR_Lazer_09	
Splice Sounds	Sounds of KSHMR Vol. 3	KSHMR_FX -> KSHMR_Sweeps_and_Lazers -> KSHMR_Lazers	KSHMR_Lazer_10	
Splice Sounds	Sounds of KSHMR Vol. 3	KSHMR_FX -> KSHMR_Sweeps_and_Lazers -> KSHMR_Lazers	KSHMR_Lazer_11	
Splice Sounds	Sounds of KSHMR Vol. 3	KSHMR_FX -> KSHMR_Sweeps_and_Lazers -> KSHMR_Sweeps_Down	KSHMR_Sweep_Down_01_Clean	
Splice Sounds	Sounds of KSHMR Vol. 3	KSHMR_FX -> KSHMR_Sweeps_and_Lazers -> KSHMR_Sweeps_Down	KSHMR_Sweep_Down_02_Clean	
Splice Sounds	Sounds of KSHMR Vol. 3	KSHMR_FX -> KSHMR_Sweeps_and_Lazers -> KSHMR_Sweeps_Down	KSHMR_Sweep_Down_03_Clean	
Splice Sounds	Sounds of KSHMR Vol. 3	KSHMR_FX -> KSHMR_Sweeps_and_Lazers -> KSHMR_Sweeps_Down	KSHMR_Sweep_Down_04_Clean	
Splice Sounds	Sounds of KSHMR Vol. 3	KSHMR_FX -> KSHMR_Sweeps_and_Lazers -> KSHMR_Sweeps_Down	KSHMR_Sweep_Down_05_Clean	
Splice Sounds	Sounds of KSHMR Vol. 3	KSHMR_FX -> KSHMR_Sweeps_and_Lazers -> KSHMR_Sweeps_Down	KSHMR_Sweep_Down_06_Complex	
Splice Sounds	Sounds of KSHMR Vol. 3	KSHMR_FX -> KSHMR_Sweeps_and_Lazers -> KSHMR_Sweeps_Down	KSHMR_Sweep_Down_07_Complex	
Splice Sounds	Sounds of KSHMR Vol. 3	KSHMR_FX -> KSHMR_Sweeps_and_Lazers -> KSHMR_Sweeps_Down	KSHMR_Sweep_Down_08_Complex	
Splice Sounds	Sounds of KSHMR Vol. 3	KSHMR_FX -> KSHMR_Sweeps_and_Lazers -> KSHMR_Sweeps_Down	KSHMR_Sweep_Down_09_Complex	
Splice Sounds	Sounds of KSHMR Vol. 3	KSHMR_FX -> KSHMR_Sweeps_and_Lazers -> KSHMR_Sweeps_Down	KSHMR_Sweep_Down_10_Complex	
Splice Sounds	Sounds of KSHMR Vol. 3	KSHMR_FX -> KSHMR_Sweeps_and_Lazers -> KSHMR_Sweeps_Down	KSHMR_Sweep_Down_11_Complex	
Splice Sounds	Sounds of KSHMR Vol. 3	KSHMR_FX -> KSHMR_Sweeps_and_Lazers -> KSHMR_Sweeps_Down	KSHMR_Sweep_Down_12_Complex	
Splice Sounds	Sounds of KSHMR Vol. 3	KSHMR_FX -> KSHMR_Sweeps_and_Lazers -> KSHMR_Sweeps_Down	KSHMR_Sweep_Down_13_Complex	
Splice Sounds	Sounds of KSHMR Vol. 3	KSHMR_FX -> KSHMR_Sweeps_and_Lazers -> KSHMR_Sweeps_Down	KSHMR_Sweep_Down_14_Flutter	
Splice Sounds	Sounds of KSHMR Vol. 3	KSHMR_FX -> KSHMR_Sweeps_and_Lazers -> KSHMR_Sweeps_Down	KSHMR_Sweep_Down_15_Flutter	
Splice Sounds	Sounds of KSHMR Vol. 3	KSHMR_FX -> KSHMR_Sweeps_and_Lazers -> KSHMR_Sweeps_Down	KSHMR_Sweep_Down_16_Flutter	
Splice Sounds	Sounds of KSHMR Vol. 3	KSHMR_FX -> KSHMR_Sweeps_and_Lazers -> KSHMR_Sweeps_Down	KSHMR_Sweep_Down_17_Flutter	
Splice Sounds	Sounds of KSHMR Vol. 3	KSHMR_FX -> KSHMR_Sweeps_and_Lazers -> KSHMR_Sweeps_Down	KSHMR_Sweep_Down_18_Flutter	
Splice Sounds	Sounds of KSHMR Vol. 3	KSHMR_FX -> KSHMR_Sweeps_and_Lazers -> KSHMR_Sweeps_Down	KSHMR_Sweep_Down_19_Flutter	
Splice Sounds	Sounds of KSHMR Vol. 3	KSHMR_FX -> KSHMR_Sweeps_and_Lazers -> KSHMR_Sweeps_Down	KSHMR_Sweep_Down_20_Flutter	
Splice Sounds	Sounds of KSHMR Vol. 3	KSHMR_FX -> KSHMR_Sweeps_and_Lazers -> KSHMR_Sweeps_Down	KSHMR_Sweep_Down_21_Grainy	
Splice Sounds	Sounds of KSHMR Vol. 3	KSHMR_FX -> KSHMR_Sweeps_and_Lazers -> KSHMR_Sweeps_Down	KSHMR_Sweep_Down_22_Grainy	
Splice Sounds	Sounds of KSHMR Vol. 3	KSHMR_FX -> KSHMR_Sweeps_and_Lazers -> KSHMR_Sweeps_Down	KSHMR_Sweep_Down_23_Grainy	
Splice Sounds	Sounds of KSHMR Vol. 3	KSHMR_FX -> KSHMR_Sweeps_and_Lazers -> KSHMR_Sweeps_Down	KSHMR_Sweep_Down_24_Lazer	
Splice Sounds	Sounds of KSHMR Vol. 3	KSHMR_FX -> KSHMR_Sweeps_and_Lazers -> KSHMR_Sweeps_Down	KSHMR_Sweep_Down_25_Lazer	
Splice Sounds	Sounds of KSHMR Vol. 3	KSHMR_FX -> KSHMR_Sweeps_and_Lazers -> KSHMR_Sweeps_Down	KSHMR_Sweep_Down_26_Lazer	
Splice Sounds	Sounds of KSHMR Vol. 3	KSHMR_FX -> KSHMR_Sweeps_and_Lazers -> KSHMR_Sweeps_Down	KSHMR_Sweep_Down_27_Long	
Splice Sounds	Sounds of KSHMR Vol. 3	KSHMR_FX -> KSHMR_Sweeps_and_Lazers -> KSHMR_Sweeps_Down	KSHMR_Sweep_Down_28_Super_Long	
Splice Sounds	Sounds of KSHMR Vol. 3	KSHMR_FX -> KSHMR_Sweeps_and_Lazers -> KSHMR_Sweeps_Down	KSHMR_Sweep_Down_29_Simple	
Splice Sounds	Sounds of KSHMR Vol. 3	KSHMR_FX -> KSHMR_Sweeps_and_Lazers -> KSHMR_Sweeps_Down	KSHMR_Sweep_Down_30_Simple	
Splice Sounds	Sounds of KSHMR Vol. 3	KSHMR_FX -> KSHMR_Sweeps_and_Lazers -> KSHMR_Sweeps_Down	KSHMR_Sweep_Down_31_Simple	
Splice Sounds	Sounds of KSHMR Vol. 3	KSHMR_FX -> KSHMR_Sweeps_and_Lazers -> KSHMR_Sweeps_Down	KSHMR_Sweep_Down_32_Simple	
Splice Sounds	Sounds of KSHMR Vol. 3	KSHMR_FX -> KSHMR_Sweeps_and_Lazers -> KSHMR_Sweeps_Down	KSHMR_Sweep_Down_33_Simple	
Splice Sounds	Sounds of KSHMR Vol. 3	KSHMR_FX -> KSHMR_Sweeps_and_Lazers -> KSHMR_Sweeps_Down	KSHMR_Sweep_Down_34_Simple	
Splice Sounds	Sounds of KSHMR Vol. 3	KSHMR_FX -> KSHMR_Sweeps_and_Lazers -> KSHMR_Sweeps_Down	KSHMR_Sweep_Down_35_Simple	
Splice Sounds	Sounds of KSHMR Vol. 3	KSHMR_FX -> KSHMR_Sweeps_and_Lazers -> KSHMR_Sweeps_Down	KSHMR_Sweep_Down_36_Simple	
Splice Sounds	Sounds of KSHMR Vol. 3	KSHMR_FX -> KSHMR_Sweeps_and_Lazers -> KSHMR_Sweeps_Down	KSHMR_Sweep_Down_37_Simple	
Splice Sounds	Sounds of KSHMR Vol. 3	KSHMR_FX -> KSHMR_Sweeps_and_Lazers -> KSHMR_Sweeps_Down	KSHMR_Sweep_Down_38_Small	
Splice Sounds	Sounds of KSHMR Vol. 3	KSHMR_FX -> KSHMR_Sweeps_and_Lazers -> KSHMR_Sweeps_Down	KSHMR_Sweep_Down_39_Small	
Splice Sounds	Sounds of KSHMR Vol. 3	KSHMR_FX -> KSHMR_Sweeps_and_Lazers -> KSHMR_Sweeps_Down	KSHMR_Sweep_Down_40_Small	
Splice Sounds	Sounds of KSHMR Vol. 3	KSHMR_FX -> KSHMR_Sweeps_and_Lazers -> KSHMR_Sweeps_Down	KSHMR_Sweep_Down_41_Tonal_C	
Splice Sounds	Sounds of KSHMR Vol. 3	KSHMR_FX -> KSHMR_Sweeps_and_Lazers -> KSHMR_Sweeps_Down	KSHMR_Sweep_Down_42_Tonal_D	
Splice Sounds	Sounds of KSHMR Vol. 3	KSHMR_FX -> KSHMR_Sweeps_and_Lazers -> KSHMR_Sweeps_Down	KSHMR_Sweep_Down_43_Tonal_D	
Splice Sounds	Sounds of KSHMR Vol. 3	KSHMR_FX -> KSHMR_Sweeps_and_Lazers -> KSHMR_Sweeps_Down	KSHMR_Sweep_Down_44_Tonal_D#	
Splice Sounds	Sounds of KSHMR Vol. 3	KSHMR_FX -> KSHMR_Sweeps_and_Lazers -> KSHMR_Sweeps_Down	KSHMR_Sweep_Down_45_Tonal_E	
Splice Sounds	Sounds of KSHMR Vol. 3	KSHMR_FX -> KSHMR_Sweeps_and_Lazers -> KSHMR_Sweeps_Down	KSHMR_Sweep_Down_46_Tonal_G#	
Splice Sounds	Sounds of KSHMR Vol. 3	KSHMR_FX -> KSHMR_Sweeps_and_Lazers -> KSHMR_Sweeps_Down	KSHMR_Sweep_Down_47_Vocal_A#	
Splice Sounds	Sounds of KSHMR Vol. 3	KSHMR_FX -> KSHMR_Sweeps_and_Lazers -> KSHMR_Sweeps_Down	KSHMR_Sweep_Down_48_Vocal_A#	
Splice Sounds	Sounds of KSHMR Vol. 3	KSHMR_FX -> KSHMR_Sweeps_and_Lazers -> KSHMR_Sweeps_Down	KSHMR_Sweep_Down_49_Vocal_B	
Splice Sounds	Sounds of KSHMR Vol. 3	KSHMR_FX -> KSHMR_Sweeps_and_Lazers -> KSHMR_Sweeps_Down	KSHMR_Sweep_Down_50_Vocal_B	
Splice Sounds	Sounds of KSHMR Vol. 3	KSHMR_FX -> KSHMR_Sweeps_and_Lazers -> KSHMR_Sweeps_Down	KSHMR_Sweep_Down_51_Vocal_B	
Splice Sounds	Sounds of KSHMR Vol. 3	KSHMR_FX -> KSHMR_Sweeps_and_Lazers -> KSHMR_Sweeps_Down	KSHMR_Sweep_Down_52_Vocal_C	
Splice Sounds	Sounds of KSHMR Vol. 3	KSHMR_FX -> KSHMR_Sweeps_and_Lazers -> KSHMR_Sweeps_Down	KSHMR_Sweep_Down_53_Vocal_C	
Splice Sounds	Sounds of KSHMR Vol. 3	KSHMR_FX -> KSHMR_Sweeps_and_Lazers -> KSHMR_Sweeps_Down	KSHMR_Sweep_Down_54_Vocal_E	
Splice Sounds	Sounds of KSHMR Vol. 3	KSHMR_FX -> KSHMR_Sweeps_and_Lazers -> KSHMR_Sweeps_Down	KSHMR_Sweep_Down_55_Vocal_F#	
Splice Sounds	Sounds of KSHMR Vol. 3	KSHMR_FX -> KSHMR_Sweeps_and_Lazers -> KSHMR_Sweeps_Up -> KSHMR_Sweeps_Long	KSHMR_Long_Sweep_01	
Splice Sounds	Sounds of KSHMR Vol. 3	KSHMR_FX -> KSHMR_Sweeps_and_Lazers -> KSHMR_Sweeps_Up -> KSHMR_Sweeps_Long	KSHMR_Long_Sweep_02	
Splice Sounds	Sounds of KSHMR Vol. 3	KSHMR_FX -> KSHMR_Sweeps_and_Lazers -> KSHMR_Sweeps_Up -> KSHMR_Sweeps_Long	KSHMR_Long_Sweep_03	
Splice Sounds	Sounds of KSHMR Vol. 3	KSHMR_FX -> KSHMR_Sweeps_and_Lazers -> KSHMR_Sweeps_Up -> KSHMR_Sweeps_Long	KSHMR_Long_Sweep_04	
Splice Sounds	Sounds of KSHMR Vol. 3	KSHMR_FX -> KSHMR_Sweeps_and_Lazers -> KSHMR_Sweeps_Up -> KSHMR_Sweeps_Long	KSHMR_Long_Sweep_05	
Splice Sounds	Sounds of KSHMR Vol. 3	KSHMR_FX -> KSHMR_Sweeps_and_Lazers -> KSHMR_Sweeps_Up -> KSHMR_Sweeps_Long	KSHMR_Long_Sweep_06	
Splice Sounds	Sounds of KSHMR Vol. 3	KSHMR_FX -> KSHMR_Sweeps_and_Lazers -> KSHMR_Sweeps_Up -> KSHMR_Sweeps_Long	KSHMR_Long_Sweep_07	
Splice Sounds	Sounds of KSHMR Vol. 3	KSHMR_FX -> KSHMR_Sweeps_and_Lazers -> KSHMR_Sweeps_Up -> KSHMR_Sweeps_Long	KSHMR_Long_Sweep_08	
Splice Sounds	Sounds of KSHMR Vol. 3	KSHMR_FX -> KSHMR_Sweeps_and_Lazers -> KSHMR_Sweeps_Up -> KSHMR_Sweeps_Long	KSHMR_Long_Sweep_09	
Splice Sounds	Sounds of KSHMR Vol. 3	KSHMR_FX -> KSHMR_Sweeps_and_Lazers -> KSHMR_Sweeps_Up -> KSHMR_Sweeps_Long	KSHMR_Long_Sweep_10	
Splice Sounds	Sounds of KSHMR Vol. 3	KSHMR_FX -> KSHMR_Sweeps_and_Lazers -> KSHMR_Sweeps_Up -> KSHMR_Sweeps_Long	KSHMR_Long_Sweep_11	
Splice Sounds	Sounds of KSHMR Vol. 3	KSHMR_FX -> KSHMR_Sweeps_and_Lazers -> KSHMR_Sweeps_Up -> KSHMR_Sweeps_Long	KSHMR_Long_Sweep_12_Clean	
Splice Sounds	Sounds of KSHMR Vol. 3	KSHMR_FX -> KSHMR_Sweeps_and_Lazers -> KSHMR_Sweeps_Up -> KSHMR_Sweeps_Long	KSHMR_Long_Sweep_13_Clean	
Splice Sounds	Sounds of KSHMR Vol. 3	KSHMR_FX -> KSHMR_Sweeps_and_Lazers -> KSHMR_Sweeps_Up -> KSHMR_Sweeps_Long	KSHMR_Long_Sweep_14_Flange	
Splice Sounds	Sounds of KSHMR Vol. 3	KSHMR_FX -> KSHMR_Sweeps_and_Lazers -> KSHMR_Sweeps_Up -> KSHMR_Sweeps_Long	KSHMR_Long_Sweep_15_Flange	
Splice Sounds	Sounds of KSHMR Vol. 3	KSHMR_FX -> KSHMR_Sweeps_and_Lazers -> KSHMR_Sweeps_Up -> KSHMR_Sweeps_Long	KSHMR_Long_Sweep_16_Scary	
Splice Sounds	Sounds of KSHMR Vol. 3	KSHMR_FX -> KSHMR_Sweeps_and_Lazers -> KSHMR_Sweeps_Up -> KSHMR_Sweeps_Medium	KSHMR_Medium_Sweep_01	
Splice Sounds	Sounds of KSHMR Vol. 3	KSHMR_FX -> KSHMR_Sweeps_and_Lazers -> KSHMR_Sweeps_Up -> KSHMR_Sweeps_Medium	KSHMR_Medium_Sweep_02	
Splice Sounds	Sounds of KSHMR Vol. 3	KSHMR_FX -> KSHMR_Sweeps_and_Lazers -> KSHMR_Sweeps_Up -> KSHMR_Sweeps_Medium	KSHMR_Medium_Sweep_03	
Splice Sounds	Sounds of KSHMR Vol. 3	KSHMR_FX -> KSHMR_Sweeps_and_Lazers -> KSHMR_Sweeps_Up -> KSHMR_Sweeps_Medium	KSHMR_Medium_Sweep_04	
Splice Sounds	Sounds of KSHMR Vol. 3	KSHMR_FX -> KSHMR_Sweeps_and_Lazers -> KSHMR_Sweeps_Up -> KSHMR_Sweeps_Medium	KSHMR_Medium_Sweep_05	
Splice Sounds	Sounds of KSHMR Vol. 3	KSHMR_FX -> KSHMR_Sweeps_and_Lazers -> KSHMR_Sweeps_Up -> KSHMR_Sweeps_Medium	KSHMR_Medium_Sweep_06	
Splice Sounds	Sounds of KSHMR Vol. 3	KSHMR_FX -> KSHMR_Sweeps_and_Lazers -> KSHMR_Sweeps_Up -> KSHMR_Sweeps_Medium	KSHMR_Medium_Sweep_07	
Splice Sounds	Sounds of KSHMR Vol. 3	KSHMR_FX -> KSHMR_Sweeps_and_Lazers -> KSHMR_Sweeps_Up -> KSHMR_Sweeps_Medium	KSHMR_Medium_Sweep_08	
Splice Sounds	Sounds of KSHMR Vol. 3	KSHMR_FX -> KSHMR_Sweeps_and_Lazers -> KSHMR_Sweeps_Up -> KSHMR_Sweeps_Medium	KSHMR_Medium_Sweep_09	
Splice Sounds	Sounds of KSHMR Vol. 3	KSHMR_FX -> KSHMR_Sweeps_and_Lazers -> KSHMR_Sweeps_Up -> KSHMR_Sweeps_Medium	KSHMR_Medium_Sweep_10	
Splice Sounds	Sounds of KSHMR Vol. 3	KSHMR_FX -> KSHMR_Sweeps_and_Lazers -> KSHMR_Sweeps_Up -> KSHMR_Sweeps_Medium	KSHMR_Medium_Sweep_11	
Splice Sounds	Sounds of KSHMR Vol. 3	KSHMR_FX -> KSHMR_Sweeps_and_Lazers -> KSHMR_Sweeps_Up -> KSHMR_Sweeps_Medium	KSHMR_Medium_Sweep_12	
Splice Sounds	Sounds of KSHMR Vol. 3	KSHMR_FX -> KSHMR_Sweeps_and_Lazers -> KSHMR_Sweeps_Up -> KSHMR_Sweeps_Medium	KSHMR_Medium_Sweep_13	
Splice Sounds	Sounds of KSHMR Vol. 3	KSHMR_FX -> KSHMR_Sweeps_and_Lazers -> KSHMR_Sweeps_Up -> KSHMR_Sweeps_Medium	KSHMR_Medium_Sweep_14_Clean	
Splice Sounds	Sounds of KSHMR Vol. 3	KSHMR_FX -> KSHMR_Sweeps_and_Lazers -> KSHMR_Sweeps_Up -> KSHMR_Sweeps_Medium	KSHMR_Medium_Sweep_15_Scary	
Splice Sounds	Sounds of KSHMR Vol. 3	KSHMR_FX -> KSHMR_Sweeps_and_Lazers -> KSHMR_Sweeps_Up -> KSHMR_Sweeps_Medium	KSHMR_Medium_Sweep_16_Scary	
Splice Sounds	Sounds of KSHMR Vol. 3	KSHMR_FX -> KSHMR_Sweeps_and_Lazers -> KSHMR_Sweeps_Up -> KSHMR_Sweeps_Medium	KSHMR_Medium_Sweep_17_Scary	
Splice Sounds	Sounds of KSHMR Vol. 3	KSHMR_FX -> KSHMR_Sweeps_and_Lazers -> KSHMR_Sweeps_Up -> KSHMR_Sweeps_Medium	KSHMR_Medium_Sweep_18_Scary	
Splice Sounds	Sounds of KSHMR Vol. 3	KSHMR_FX -> KSHMR_Sweeps_and_Lazers -> KSHMR_Sweeps_Up -> KSHMR_Sweeps_Medium	KSHMR_Medium_Sweep_19_Transition	
Splice Sounds	Sounds of KSHMR Vol. 3	KSHMR_FX -> KSHMR_Sweeps_and_Lazers -> KSHMR_Sweeps_Up -> KSHMR_Sweeps_Mini	KSHMR_Mini_Sweep_01	
Splice Sounds	Sounds of KSHMR Vol. 3	KSHMR_FX -> KSHMR_Sweeps_and_Lazers -> KSHMR_Sweeps_Up -> KSHMR_Sweeps_Mini	KSHMR_Mini_Sweep_02	
Splice Sounds	Sounds of KSHMR Vol. 3	KSHMR_FX -> KSHMR_Sweeps_and_Lazers -> KSHMR_Sweeps_Up -> KSHMR_Sweeps_Mini	KSHMR_Mini_Sweep_03	
Splice Sounds	Sounds of KSHMR Vol. 3	KSHMR_FX -> KSHMR_Sweeps_and_Lazers -> KSHMR_Sweeps_Up -> KSHMR_Sweeps_Mini	KSHMR_Mini_Sweep_04	
Splice Sounds	Sounds of KSHMR Vol. 3	KSHMR_FX -> KSHMR_Sweeps_and_Lazers -> KSHMR_Sweeps_Up -> KSHMR_Sweeps_Mini	KSHMR_Mini_Sweep_05	
Splice Sounds	Sounds of KSHMR Vol. 3	KSHMR_FX -> KSHMR_Sweeps_and_Lazers -> KSHMR_Sweeps_Up -> KSHMR_Sweeps_Mini	KSHMR_Mini_Sweep_06	
Splice Sounds	Sounds of KSHMR Vol. 3	KSHMR_FX -> KSHMR_Sweeps_and_Lazers -> KSHMR_Sweeps_Up -> KSHMR_Sweeps_Mini	KSHMR_Mini_Sweep_07	
Splice Sounds	Sounds of KSHMR Vol. 3	KSHMR_FX -> KSHMR_Sweeps_and_Lazers -> KSHMR_Sweeps_Up -> KSHMR_Sweeps_Mini	KSHMR_Mini_Sweep_08	
Splice Sounds	Sounds of KSHMR Vol. 3	KSHMR_FX -> KSHMR_Sweeps_and_Lazers -> KSHMR_Sweeps_Up -> KSHMR_Sweeps_Mini	KSHMR_Mini_Sweep_09	
Splice Sounds	Sounds of KSHMR Vol. 3	KSHMR_FX -> KSHMR_Sweeps_and_Lazers -> KSHMR_Sweeps_Up -> KSHMR_Sweeps_Mini	KSHMR_Mini_Sweep_10	
Splice Sounds	Sounds of KSHMR Vol. 3	KSHMR_FX -> KSHMR_Sweeps_and_Lazers -> KSHMR_Sweeps_Up -> KSHMR_Sweeps_Mini	KSHMR_Mini_Sweep_11	
Splice Sounds	Sounds of KSHMR Vol. 3	KSHMR_FX -> KSHMR_Sweeps_and_Lazers -> KSHMR_Sweeps_Up -> KSHMR_Sweeps_Mini	KSHMR_Mini_Sweep_12	
Splice Sounds	Sounds of KSHMR Vol. 3	KSHMR_FX -> KSHMR_Sweeps_and_Lazers -> KSHMR_Sweeps_Up -> KSHMR_Sweeps_Mini	KSHMR_Mini_Sweep_13	
Splice Sounds	Sounds of KSHMR Vol. 3	KSHMR_FX -> KSHMR_Sweeps_and_Lazers -> KSHMR_Sweeps_Up -> KSHMR_Sweeps_Mini	KSHMR_Mini_Sweep_14	
Splice Sounds	Sounds of KSHMR Vol. 3	KSHMR_FX -> KSHMR_Sweeps_and_Lazers -> KSHMR_Sweeps_Up -> KSHMR_Sweeps_Mini	KSHMR_Mini_Sweep_15	
Splice Sounds	Sounds of KSHMR Vol. 3	KSHMR_FX -> KSHMR_Sweeps_and_Lazers -> KSHMR_Sweeps_Up -> KSHMR_Sweeps_Mini	KSHMR_Mini_Sweep_16	
Splice Sounds	Sounds of KSHMR Vol. 3	KSHMR_FX -> KSHMR_Sweeps_and_Lazers -> KSHMR_Sweeps_Up -> KSHMR_Sweeps_Mini	KSHMR_Mini_Sweep_17	
Splice Sounds	Sounds of KSHMR Vol. 3	KSHMR_FX -> KSHMR_Sweeps_and_Lazers -> KSHMR_Sweeps_Up -> KSHMR_Sweeps_Mini	KSHMR_Mini_Sweep_18	
Splice Sounds	Sounds of KSHMR Vol. 3	KSHMR_FX -> KSHMR_Sweeps_and_Lazers -> KSHMR_Sweeps_Up -> KSHMR_Sweeps_Mini	KSHMR_Mini_Sweep_19	
Splice Sounds	Sounds of KSHMR Vol. 3	KSHMR_FX -> KSHMR_Sweeps_and_Lazers -> KSHMR_Sweeps_Up -> KSHMR_Sweeps_Mini	KSHMR_Mini_Sweep_20	
Splice Sounds	Sounds of KSHMR Vol. 3	KSHMR_FX -> KSHMR_Sweeps_and_Lazers -> KSHMR_Sweeps_Up -> KSHMR_Sweeps_Short	KSHMR_Short_Sweep_01	
Splice Sounds	Sounds of KSHMR Vol. 3	KSHMR_FX -> KSHMR_Sweeps_and_Lazers -> KSHMR_Sweeps_Up -> KSHMR_Sweeps_Short	KSHMR_Short_Sweep_02	
Splice Sounds	Sounds of KSHMR Vol. 3	KSHMR_FX -> KSHMR_Sweeps_and_Lazers -> KSHMR_Sweeps_Up -> KSHMR_Sweeps_Short	KSHMR_Short_Sweep_03	
Splice Sounds	Sounds of KSHMR Vol. 3	KSHMR_FX -> KSHMR_Sweeps_and_Lazers -> KSHMR_Sweeps_Up -> KSHMR_Sweeps_Short	KSHMR_Short_Sweep_04	
Splice Sounds	Sounds of KSHMR Vol. 3	KSHMR_FX -> KSHMR_Sweeps_and_Lazers -> KSHMR_Sweeps_Up -> KSHMR_Sweeps_Short	KSHMR_Short_Sweep_05	
Splice Sounds	Sounds of KSHMR Vol. 3	KSHMR_FX -> KSHMR_Sweeps_and_Lazers -> KSHMR_Sweeps_Up -> KSHMR_Sweeps_Short	KSHMR_Short_Sweep_06	
Splice Sounds	Sounds of KSHMR Vol. 3	KSHMR_FX -> KSHMR_Sweeps_and_Lazers -> KSHMR_Sweeps_Up -> KSHMR_Sweeps_Short	KSHMR_Short_Sweep_07	
Splice Sounds	Sounds of KSHMR Vol. 3	KSHMR_FX -> KSHMR_Sweeps_and_Lazers -> KSHMR_Sweeps_Up -> KSHMR_Sweeps_Short	KSHMR_Short_Sweep_08	
Splice Sounds	Sounds of KSHMR Vol. 3	KSHMR_FX -> KSHMR_Sweeps_and_Lazers -> KSHMR_Sweeps_Up -> KSHMR_Sweeps_Short	KSHMR_Short_Sweep_09	
Splice Sounds	Sounds of KSHMR Vol. 3	KSHMR_FX -> KSHMR_Sweeps_and_Lazers -> KSHMR_Sweeps_Up -> KSHMR_Sweeps_Short	KSHMR_Short_Sweep_10	
Splice Sounds	Sounds of KSHMR Vol. 3	KSHMR_FX -> KSHMR_Sweeps_and_Lazers -> KSHMR_Sweeps_Up -> KSHMR_Sweeps_Short	KSHMR_Short_Sweep_11	
Splice Sounds	Sounds of KSHMR Vol. 3	KSHMR_FX -> KSHMR_Sweeps_and_Lazers -> KSHMR_Sweeps_Up -> KSHMR_Sweeps_Short	KSHMR_Short_Sweep_12	
Splice Sounds	Sounds of KSHMR Vol. 3	KSHMR_FX -> KSHMR_Sweeps_and_Lazers -> KSHMR_Sweeps_Up -> KSHMR_Sweeps_Short	KSHMR_Short_Sweep_13_Scary	
Splice Sounds	Sounds of KSHMR Vol. 3	KSHMR_FX -> KSHMR_Video_Game_FX -> KSHMR_Game_FX	KSHMR_Game_FX_01_Alarm_C	
Splice Sounds	Sounds of KSHMR Vol. 3	KSHMR_FX -> KSHMR_Video_Game_FX -> KSHMR_Game_FX	KSHMR_Game_FX_02_Alarm_D#	
Splice Sounds	Sounds of KSHMR Vol. 3	KSHMR_FX -> KSHMR_Video_Game_FX -> KSHMR_Game_FX	KSHMR_Game_FX_03_Alert_F	
Splice Sounds	Sounds of KSHMR Vol. 3	KSHMR_FX -> KSHMR_Video_Game_FX -> KSHMR_Game_FX	KSHMR_Game_FX_04_Beam_Me_Up	
Splice Sounds	Sounds of KSHMR Vol. 3	KSHMR_FX -> KSHMR_Video_Game_FX -> KSHMR_Game_FX	KSHMR_Game_FX_05_Bubble_Riser	
Splice Sounds	Sounds of KSHMR Vol. 3	KSHMR_FX -> KSHMR_Video_Game_FX -> KSHMR_Game_FX	KSHMR_Game_FX_06_Charge_Up	
Splice Sounds	Sounds of KSHMR Vol. 3	KSHMR_FX -> KSHMR_Video_Game_FX -> KSHMR_Game_FX	KSHMR_Game_FX_07_Checkpoint	
Splice Sounds	Sounds of KSHMR Vol. 3	KSHMR_FX -> KSHMR_Video_Game_FX -> KSHMR_Game_FX	KSHMR_Game_FX_08_Death	
Splice Sounds	Sounds of KSHMR Vol. 3	KSHMR_FX -> KSHMR_Video_Game_FX -> KSHMR_Game_FX	KSHMR_Game_FX_09_Death	
Splice Sounds	Sounds of KSHMR Vol. 3	KSHMR_FX -> KSHMR_Video_Game_FX -> KSHMR_Game_FX	KSHMR_Game_FX_10_Death	
Splice Sounds	Sounds of KSHMR Vol. 3	KSHMR_FX -> KSHMR_Video_Game_FX -> KSHMR_Game_FX	KSHMR_Game_FX_11_Death	
Splice Sounds	Sounds of KSHMR Vol. 3	KSHMR_FX -> KSHMR_Video_Game_FX -> KSHMR_Game_FX	KSHMR_Game_FX_12_Death	
Splice Sounds	Sounds of KSHMR Vol. 3	KSHMR_FX -> KSHMR_Video_Game_FX -> KSHMR_Game_FX	KSHMR_Game_FX_13_Death	
Splice Sounds	Sounds of KSHMR Vol. 3	KSHMR_FX -> KSHMR_Video_Game_FX -> KSHMR_Game_FX	KSHMR_Game_FX_14_Drumkit_Kick	
Splice Sounds	Sounds of KSHMR Vol. 3	KSHMR_FX -> KSHMR_Video_Game_FX -> KSHMR_Game_FX	KSHMR_Game_FX_15_Drumkit_Perc	
Splice Sounds	Sounds of KSHMR Vol. 3	KSHMR_FX -> KSHMR_Video_Game_FX -> KSHMR_Game_FX	KSHMR_Game_FX_16_Extra_Life	
Splice Sounds	Sounds of KSHMR Vol. 3	KSHMR_FX -> KSHMR_Video_Game_FX -> KSHMR_Game_FX	KSHMR_Game_FX_17_Item_Pickup	
Splice Sounds	Sounds of KSHMR Vol. 3	KSHMR_FX -> KSHMR_Video_Game_FX -> KSHMR_Game_FX	KSHMR_Game_FX_18_Jump_Baby	
Splice Sounds	Sounds of KSHMR Vol. 3	KSHMR_FX -> KSHMR_Video_Game_FX -> KSHMR_Game_FX	KSHMR_Game_FX_19_Jump_Lil_Guy	
Splice Sounds	Sounds of KSHMR Vol. 3	KSHMR_FX -> KSHMR_Video_Game_FX -> KSHMR_Game_FX	KSHMR_Game_FX_20_Jump_Lily_Pad	
Splice Sounds	Sounds of KSHMR Vol. 3	KSHMR_FX -> KSHMR_Video_Game_FX -> KSHMR_Game_FX	KSHMR_Game_FX_21_Jump_Long	
Splice Sounds	Sounds of KSHMR Vol. 3	KSHMR_FX -> KSHMR_Video_Game_FX -> KSHMR_Game_FX	KSHMR_Game_FX_22_Jump_On_Head	
Splice Sounds	Sounds of KSHMR Vol. 3	KSHMR_FX -> KSHMR_Video_Game_FX -> KSHMR_Game_FX	KSHMR_Game_FX_23_Killed_The_Bad_Guy	
Splice Sounds	Sounds of KSHMR Vol. 3	KSHMR_FX -> KSHMR_Video_Game_FX -> KSHMR_Game_FX	KSHMR_Game_FX_24_Killed_The_Bad_Guy	
Splice Sounds	Sounds of KSHMR Vol. 3	KSHMR_FX -> KSHMR_Video_Game_FX -> KSHMR_Game_FX	KSHMR_Game_FX_25_Lazer_Burst	
Splice Sounds	Sounds of KSHMR Vol. 3	KSHMR_FX -> KSHMR_Video_Game_FX -> KSHMR_Game_FX	KSHMR_Game_FX_26_Lazer_Shot	
Splice Sounds	Sounds of KSHMR Vol. 3	KSHMR_FX -> KSHMR_Video_Game_FX -> KSHMR_Game_FX	KSHMR_Game_FX_27_New_Challenger	
Splice Sounds	Sounds of KSHMR Vol. 3	KSHMR_FX -> KSHMR_Video_Game_FX -> KSHMR_Game_FX	KSHMR_Game_FX_28_Question_Mark	
Splice Sounds	Sounds of KSHMR Vol. 3	KSHMR_FX -> KSHMR_Video_Game_FX -> KSHMR_Game_FX	KSHMR_Game_FX_29_Ready_Player_One	
Splice Sounds	Sounds of KSHMR Vol. 3	KSHMR_FX -> KSHMR_Video_Game_FX -> KSHMR_Game_FX	KSHMR_Game_FX_30_Select	
Splice Sounds	Sounds of KSHMR Vol. 3	KSHMR_FX -> KSHMR_Video_Game_FX -> KSHMR_Game_FX	KSHMR_Game_FX_31_Skip_Dialogue	
Splice Sounds	Sounds of KSHMR Vol. 3	KSHMR_FX -> KSHMR_Video_Game_FX -> KSHMR_Game_FX	KSHMR_Game_FX_32_Teleport	
Splice Sounds	Sounds of KSHMR Vol. 3	KSHMR_FX -> KSHMR_Video_Game_FX -> KSHMR_Game_FX	KSHMR_Game_FX_33_Victory	
Splice Sounds	Sounds of KSHMR Vol. 3	KSHMR_FX -> KSHMR_Video_Game_FX -> KSHMR_Game_FX	KSHMR_Game_FX_34_You_Hit_A_Wall	
Splice Sounds	Sounds of KSHMR Vol. 3	KSHMR_FX -> KSHMR_Video_Game_FX -> KSHMR_Game_FX	KSHMR_Game_FX_35_You_Lose_Am	
Splice Sounds	Sounds of KSHMR Vol. 3	KSHMR_FX -> KSHMR_Video_Game_FX -> KSHMR_Game_FX	KSHMR_Game_FX_36_You_Win_C	
Splice Sounds	Sounds of KSHMR Vol. 3	KSHMR_FX -> KSHMR_Video_Game_FX -> KSHMR_Game_FX	KSHMR_Game_FX_37_You_ve_Been_Hit	
Splice Sounds	Sounds of KSHMR Vol. 3	KSHMR_FX -> KSHMR_Video_Game_FX -> KSHMR_Game_Music_FX	KSHMR_Game_Music_FX_01_Bed_Time_Princess_DMaj7add9	
Splice Sounds	Sounds of KSHMR Vol. 3	KSHMR_FX -> KSHMR_Video_Game_FX -> KSHMR_Game_Music_FX	KSHMR_Game_Music_FX_02_Cloud_Hover_CMaj7add9	
Splice Sounds	Sounds of KSHMR Vol. 3	KSHMR_FX -> KSHMR_Video_Game_FX -> KSHMR_Game_Music_FX	KSHMR_Game_Music_FX_03_Critter_Speak_A	
Splice Sounds	Sounds of KSHMR Vol. 3	KSHMR_FX -> KSHMR_Video_Game_FX -> KSHMR_Game_Music_FX	KSHMR_Game_Music_FX_04_Dream_Sequence_Gm	
Splice Sounds	Sounds of KSHMR Vol. 3	KSHMR_FX -> KSHMR_Video_Game_FX -> KSHMR_Game_Music_FX	KSHMR_Game_Music_FX_05_Game_Mode_Select_Dmin7add9	
Splice Sounds	Sounds of KSHMR Vol. 3	KSHMR_FX -> KSHMR_Video_Game_FX -> KSHMR_Game_Music_FX	KSHMR_Game_Music_FX_06_New_Ability_Acquired__F	
Splice Sounds	Sounds of KSHMR Vol. 3	KSHMR_FX -> KSHMR_Video_Game_FX -> KSHMR_Game_Music_FX	KSHMR_Game_Music_FX_07_New_and_Exciting_Journey_F#m7-A9-B	
Splice Sounds	Sounds of KSHMR Vol. 3	KSHMR_FX -> KSHMR_Video_Game_FX -> KSHMR_Game_Music_FX	KSHMR_Game_Music_FX_08_New_Area_Found_F#m	
Splice Sounds	Sounds of KSHMR Vol. 3	KSHMR_FX -> KSHMR_Video_Game_FX -> KSHMR_Game_Music_FX	KSHMR_Game_Music_FX_09_Oh_No__C#	
Splice Sounds	Sounds of KSHMR Vol. 3	KSHMR_FX -> KSHMR_Video_Game_FX -> KSHMR_Game_Music_FX	KSHMR_Game_Music_FX_10_Phone_Call_Gm7	
Splice Sounds	Sounds of KSHMR Vol. 3	KSHMR_FX -> KSHMR_Video_Game_FX -> KSHMR_Game_Music_FX	KSHMR_Game_Music_FX_11_Raceway_Bb_130	
Splice Sounds	Sounds of KSHMR Vol. 3	KSHMR_FX -> KSHMR_Video_Game_FX -> KSHMR_Game_Music_FX	KSHMR_Game_Music_FX_12_Retro_Startup_C	
Splice Sounds	Sounds of KSHMR Vol. 3	KSHMR_FX -> KSHMR_Video_Game_FX -> KSHMR_Game_Music_FX	KSHMR_Game_Music_FX_13_Scroll_Down_G#	
Splice Sounds	Sounds of KSHMR Vol. 3	KSHMR_FX -> KSHMR_Video_Game_FX -> KSHMR_Game_Music_FX	KSHMR_Game_Music_FX_14_Up_And_Down_The_Stairs_F-G-Am-Am-Dm-Em	
Splice Sounds	Sounds of KSHMR Vol. 3	KSHMR_FX -> KSHMR_Video_Game_FX -> KSHMR_Game_Music_FX	KSHMR_Game_Music_FX_15_Welcome_D#	
Splice Sounds	Sounds of KSHMR Vol. 3	KSHMR_FX -> KSHMR_Video_Game_FX -> KSHMR_Game_Music_FX	KSHMR_Game_Music_FX_16_Wow_Gm	
Splice Sounds	Sounds of KSHMR Vol. 3	KSHMR_FX -> KSHMR_Vinyl_and_Scratches -> KSHMR_Backspins	KSHMR_Backspin_01	
Splice Sounds	Sounds of KSHMR Vol. 3	KSHMR_FX -> KSHMR_Vinyl_and_Scratches -> KSHMR_Backspins	KSHMR_Backspin_02	
Splice Sounds	Sounds of KSHMR Vol. 3	KSHMR_FX -> KSHMR_Vinyl_and_Scratches -> KSHMR_Backspins	KSHMR_Backspin_03	
Splice Sounds	Sounds of KSHMR Vol. 3	KSHMR_FX -> KSHMR_Vinyl_and_Scratches -> KSHMR_Backspins	KSHMR_Backspin_04	
Splice Sounds	Sounds of KSHMR Vol. 3	KSHMR_FX -> KSHMR_Vinyl_and_Scratches -> KSHMR_Backspins	KSHMR_Backspin_05	
Splice Sounds	Sounds of KSHMR Vol. 3	KSHMR_FX -> KSHMR_Vinyl_and_Scratches -> KSHMR_Scratches	KSHMR_Vinyl_Scratch_01_89	
Splice Sounds	Sounds of KSHMR Vol. 3	KSHMR_FX -> KSHMR_Vinyl_and_Scratches -> KSHMR_Scratches	KSHMR_Vinyl_Scratch_02_100	
Splice Sounds	Sounds of KSHMR Vol. 3	KSHMR_FX -> KSHMR_Vinyl_and_Scratches -> KSHMR_Scratches	KSHMR_Vinyl_Scratch_03_110	
Splice Sounds	Sounds of KSHMR Vol. 3	KSHMR_FX -> KSHMR_Vinyl_and_Scratches -> KSHMR_Scratches	KSHMR_Vinyl_Scratch_04_120	
Splice Sounds	Sounds of KSHMR Vol. 3	KSHMR_FX -> KSHMR_Vinyl_and_Scratches -> KSHMR_Scratches	KSHMR_Vinyl_Scratch_05_128	
Splice Sounds	Sounds of KSHMR Vol. 3	KSHMR_FX -> KSHMR_Vinyl_and_Scratches -> KSHMR_Scratches	KSHMR_Vinyl_Scratch_06_128	
Splice Sounds	Sounds of KSHMR Vol. 3	KSHMR_FX -> KSHMR_Vinyl_and_Scratches -> KSHMR_Scratches	KSHMR_Vinyl_Scratch_07_128	
Splice Sounds	Sounds of KSHMR Vol. 3	KSHMR_FX -> KSHMR_Vinyl_and_Scratches -> KSHMR_Scratches	KSHMR_Vinyl_Scratch_08_128	
Splice Sounds	Sounds of KSHMR Vol. 3	KSHMR_FX -> KSHMR_Vinyl_and_Scratches -> KSHMR_Tape_Stops	KSHMR_Tape_Stop_01	
Splice Sounds	Sounds of KSHMR Vol. 3	KSHMR_FX -> KSHMR_Vinyl_and_Scratches -> KSHMR_Tape_Stops	KSHMR_Tape_Stop_02	
Splice Sounds	Sounds of KSHMR Vol. 3	KSHMR_FX -> KSHMR_Vinyl_and_Scratches -> KSHMR_Tape_Stops	KSHMR_Tape_Stop_03	
Splice Sounds	Sounds of KSHMR Vol. 3	KSHMR_FX -> KSHMR_Vinyl_and_Scratches -> KSHMR_Tape_Stops	KSHMR_Tape_Stop_04	
Splice Sounds	Sounds of KSHMR Vol. 3	KSHMR_FX -> KSHMR_Vinyl_and_Scratches -> KSHMR_Tape_Stops	KSHMR_Tape_Stop_05	
Splice Sounds	Sounds of KSHMR Vol. 3	KSHMR_FX -> KSHMR_Vinyl_and_Scratches -> KSHMR_Tape_Stops	KSHMR_Tape_Stop_06	
Splice Sounds	Sounds of KSHMR Vol. 3	KSHMR_FX -> KSHMR_Vinyl_and_Scratches -> KSHMR_Tape_Stops	KSHMR_Tape_Stop_07	
Splice Sounds	Sounds of KSHMR Vol. 3	KSHMR_FX -> KSHMR_Vinyl_and_Scratches -> KSHMR_Vinyl_Noise	KSHMR_Vinyl_Noise_01	
Splice Sounds	Sounds of KSHMR Vol. 3	KSHMR_FX -> KSHMR_Vinyl_and_Scratches -> KSHMR_Vinyl_Noise	KSHMR_Vinyl_Noise_02	
Splice Sounds	Sounds of KSHMR Vol. 3	KSHMR_FX -> KSHMR_Vinyl_and_Scratches -> KSHMR_Vinyl_Noise	KSHMR_Vinyl_Noise_03	
Splice Sounds	Sounds of KSHMR Vol. 3	KSHMR_FX -> KSHMR_Vinyl_and_Scratches -> KSHMR_Vinyl_Noise	KSHMR_Vinyl_Noise_04	
Splice Sounds	Sounds of KSHMR Vol. 3	KSHMR_FX -> KSHMR_Vinyl_and_Scratches -> KSHMR_Vinyl_Noise	KSHMR_Vinyl_Noise_05	
Splice Sounds	Sounds of KSHMR Vol. 3	KSHMR_FX -> KSHMR_Vinyl_and_Scratches -> KSHMR_Vinyl_Noise	KSHMR_Vinyl_Noise_06	
Splice Sounds	Sounds of KSHMR Vol. 3	KSHMR_FX -> KSHMR_Vinyl_and_Scratches -> KSHMR_Vinyl_Noise	KSHMR_Vinyl_Noise_07	
Splice Sounds	Sounds of KSHMR Vol. 3	KSHMR_FX -> KSHMR_War_Horns_and_Alarms -> KSHMR_Air_Horns	KSHMR_Air_Horn_01_A#	
Splice Sounds	Sounds of KSHMR Vol. 3	KSHMR_FX -> KSHMR_War_Horns_and_Alarms -> KSHMR_Air_Horns	KSHMR_Air_Horn_02_C	
Splice Sounds	Sounds of KSHMR Vol. 3	KSHMR_FX -> KSHMR_War_Horns_and_Alarms -> KSHMR_Air_Horns	KSHMR_Air_Horn_03_C	
Splice Sounds	Sounds of KSHMR Vol. 3	KSHMR_FX -> KSHMR_War_Horns_and_Alarms -> KSHMR_Air_Horns	KSHMR_Air_Horn_04_C#	
Splice Sounds	Sounds of KSHMR Vol. 3	KSHMR_FX -> KSHMR_War_Horns_and_Alarms -> KSHMR_Air_Horns	KSHMR_Air_Horn_05_C#	
Splice Sounds	Sounds of KSHMR Vol. 3	KSHMR_FX -> KSHMR_War_Horns_and_Alarms -> KSHMR_Air_Horns	KSHMR_Air_Horn_06_D#	
Splice Sounds	Sounds of KSHMR Vol. 3	KSHMR_FX -> KSHMR_War_Horns_and_Alarms -> KSHMR_Air_Horns	KSHMR_Air_Horn_07_F#	
Splice Sounds	Sounds of KSHMR Vol. 3	KSHMR_FX -> KSHMR_War_Horns_and_Alarms -> KSHMR_Alarms	KSHMR_Alarm_01_A	
Splice Sounds	Sounds of KSHMR Vol. 3	KSHMR_FX -> KSHMR_War_Horns_and_Alarms -> KSHMR_Alarms	KSHMR_Alarm_02_A#	
Splice Sounds	Sounds of KSHMR Vol. 3	KSHMR_FX -> KSHMR_War_Horns_and_Alarms -> KSHMR_Alarms	KSHMR_Alarm_03_A#	
Splice Sounds	Sounds of KSHMR Vol. 3	KSHMR_FX -> KSHMR_War_Horns_and_Alarms -> KSHMR_Alarms	KSHMR_Alarm_05_B	
Splice Sounds	Sounds of KSHMR Vol. 3	KSHMR_FX -> KSHMR_War_Horns_and_Alarms -> KSHMR_Alarms	KSHMR_Alarm_06_B	
Splice Sounds	Sounds of KSHMR Vol. 3	KSHMR_FX -> KSHMR_War_Horns_and_Alarms -> KSHMR_Alarms	KSHMR_Alarm_08_C	
Splice Sounds	Sounds of KSHMR Vol. 3	KSHMR_FX -> KSHMR_War_Horns_and_Alarms -> KSHMR_Alarms	KSHMR_Alarm_09_C	
Splice Sounds	Sounds of KSHMR Vol. 3	KSHMR_FX -> KSHMR_War_Horns_and_Alarms -> KSHMR_Alarms	KSHMR_Alarm_10_C	
Splice Sounds	Sounds of KSHMR Vol. 3	KSHMR_FX -> KSHMR_War_Horns_and_Alarms -> KSHMR_Alarms	KSHMR_Alarm_11_E	
Splice Sounds	Sounds of KSHMR Vol. 3	KSHMR_FX -> KSHMR_War_Horns_and_Alarms -> KSHMR_Alarms	KSHMR_Alarm_12_E	
Splice Sounds	Sounds of KSHMR Vol. 3	KSHMR_FX -> KSHMR_War_Horns_and_Alarms -> KSHMR_Alarms	KSHMR_Alarm_13_E	
Splice Sounds	Sounds of KSHMR Vol. 3	KSHMR_FX -> KSHMR_War_Horns_and_Alarms -> KSHMR_Alarms	KSHMR_Alarm_14_E	
Splice Sounds	Sounds of KSHMR Vol. 3	KSHMR_FX -> KSHMR_War_Horns_and_Alarms -> KSHMR_Alarms	KSHMR_Alarm_15_F	
Splice Sounds	Sounds of KSHMR Vol. 3	KSHMR_FX -> KSHMR_War_Horns_and_Alarms -> KSHMR_Alarms	KSHMR_Alarm_16_F	
Splice Sounds	Sounds of KSHMR Vol. 3	KSHMR_FX -> KSHMR_War_Horns_and_Alarms -> KSHMR_Alarms	KSHMR_Alarm_17_F-F#	
Splice Sounds	Sounds of KSHMR Vol. 3	KSHMR_FX -> KSHMR_War_Horns_and_Alarms -> KSHMR_Alarms	KSHMR_Alarm_18_F-F#	
Splice Sounds	Sounds of KSHMR Vol. 3	KSHMR_FX -> KSHMR_War_Horns_and_Alarms -> KSHMR_Alarms	KSHMR_Alarm_19_G	
Splice Sounds	Sounds of KSHMR Vol. 3	KSHMR_FX -> KSHMR_War_Horns_and_Alarms -> KSHMR_Alarms	KSHMR_Alarm_20_G	
Splice Sounds	Sounds of KSHMR Vol. 3	KSHMR_FX -> KSHMR_War_Horns_and_Alarms -> KSHMR_Alarms	KSHMR_Alarm_21_G	
Splice Sounds	Sounds of KSHMR Vol. 3	KSHMR_FX -> KSHMR_War_Horns_and_Alarms -> KSHMR_Alarms	KSHMR_Alarm_22_G#	
Splice Sounds	Sounds of KSHMR Vol. 3	KSHMR_FX -> KSHMR_War_Horns_and_Alarms -> KSHMR_Alarms	KSHMR_Alarm_23_G#	
Splice Sounds	Sounds of KSHMR Vol. 3	KSHMR_FX -> KSHMR_War_Horns_and_Alarms -> KSHMR_Alarms	KSHMR_Alarm_24_G#	
Splice Sounds	Sounds of KSHMR Vol. 3	KSHMR_FX -> KSHMR_War_Horns_and_Alarms -> KSHMR_Intensity_Builders	KSHMR_Intensity_Builder_01_Lo_F#	
Splice Sounds	Sounds of KSHMR Vol. 3	KSHMR_FX -> KSHMR_War_Horns_and_Alarms -> KSHMR_Intensity_Builders	KSHMR_Intensity_Builder_02_Mid_F#	
Splice Sounds	Sounds of KSHMR Vol. 3	KSHMR_FX -> KSHMR_War_Horns_and_Alarms -> KSHMR_Intensity_Builders	KSHMR_Intensity_Builder_03_Hi_F#_	
Splice Sounds	Sounds of KSHMR Vol. 3	KSHMR_FX -> KSHMR_White_Noise -> KSHMR_Exhausts	KSHMR_Exhaust_01	
Splice Sounds	Sounds of KSHMR Vol. 3	KSHMR_FX -> KSHMR_White_Noise -> KSHMR_Exhausts	KSHMR_Exhaust_02	
Splice Sounds	Sounds of KSHMR Vol. 3	KSHMR_FX -> KSHMR_White_Noise -> KSHMR_Exhausts	KSHMR_Exhaust_03	
Splice Sounds	Sounds of KSHMR Vol. 3	KSHMR_FX -> KSHMR_White_Noise -> KSHMR_Exhausts	KSHMR_Exhaust_04	
Splice Sounds	Sounds of KSHMR Vol. 3	KSHMR_FX -> KSHMR_White_Noise -> KSHMR_Exhausts	KSHMR_Exhaust_05	
Splice Sounds	Sounds of KSHMR Vol. 3	KSHMR_FX -> KSHMR_White_Noise -> KSHMR_Exhausts	KSHMR_Exhaust_06	
Splice Sounds	Sounds of KSHMR Vol. 3	KSHMR_FX -> KSHMR_White_Noise -> KSHMR_Exhausts	KSHMR_Exhaust_07	
Splice Sounds	Sounds of KSHMR Vol. 3	KSHMR_FX -> KSHMR_White_Noise -> KSHMR_Exhausts	KSHMR_Exhaust_08_Breath	
Splice Sounds	Sounds of KSHMR Vol. 3	KSHMR_FX -> KSHMR_White_Noise -> KSHMR_Exhausts	KSHMR_Exhaust_08_Crowd	
Splice Sounds	Sounds of KSHMR Vol. 3	KSHMR_FX -> KSHMR_White_Noise -> KSHMR_Exhausts	KSHMR_Exhaust_10_Crowd	
Splice Sounds	Sounds of KSHMR Vol. 3	KSHMR_FX -> KSHMR_White_Noise -> KSHMR_White_Noise	KSHMR_White_Noise_01	
Splice Sounds	Sounds of KSHMR Vol. 3	KSHMR_FX -> KSHMR_White_Noise -> KSHMR_White_Noise	KSHMR_White_Noise_02	
Splice Sounds	Sounds of KSHMR Vol. 3	KSHMR_FX -> KSHMR_White_Noise -> KSHMR_White_Noise	KSHMR_White_Noise_03	
Splice Sounds	Sounds of KSHMR Vol. 3	KSHMR_FX -> KSHMR_White_Noise -> KSHMR_White_Noise	KSHMR_White_Noise_04	
Splice Sounds	Sounds of KSHMR Vol. 3	KSHMR_FX -> KSHMR_White_Noise -> KSHMR_White_Noise	KSHMR_White_Noise_05	
Splice Sounds	Sounds of KSHMR Vol. 3	KSHMR_Instruments -> KSHMR_Action_Loops	KSHMR_Action_Loop_01_90_F	
Splice Sounds	Sounds of KSHMR Vol. 3	KSHMR_Instruments -> KSHMR_Action_Loops	KSHMR_Action_Loop_02_95_F	
Splice Sounds	Sounds of KSHMR Vol. 3	KSHMR_Instruments -> KSHMR_Action_Loops	KSHMR_Action_Loop_03_100_F#_Heavy_Guitar	
Splice Sounds	Sounds of KSHMR Vol. 3	KSHMR_Instruments -> KSHMR_Action_Loops	KSHMR_Action_Loop_04_110_A	
Splice Sounds	Sounds of KSHMR Vol. 3	KSHMR_Instruments -> KSHMR_Action_Loops	KSHMR_Action_Loop_05_110_B	
Splice Sounds	Sounds of KSHMR Vol. 3	KSHMR_Instruments -> KSHMR_Action_Loops	KSHMR_Action_Loop_06_128_A	
Splice Sounds	Sounds of KSHMR Vol. 3	KSHMR_Instruments -> KSHMR_Action_Loops	KSHMR_Action_Loop_07_128_A	
Splice Sounds	Sounds of KSHMR Vol. 3	KSHMR_Instruments -> KSHMR_Action_Loops	KSHMR_Action_Loop_08_128_A#	
Splice Sounds	Sounds of KSHMR Vol. 3	KSHMR_Instruments -> KSHMR_Action_Loops	KSHMR_Action_Loop_09_128_C	
Splice Sounds	Sounds of KSHMR Vol. 3	KSHMR_Instruments -> KSHMR_Action_Loops	KSHMR_Action_Loop_10_128_D	
Splice Sounds	Sounds of KSHMR Vol. 3	KSHMR_Instruments -> KSHMR_Action_Loops	KSHMR_Action_Loop_11_128_D#	
Splice Sounds	Sounds of KSHMR Vol. 3	KSHMR_Instruments -> KSHMR_Action_Loops	KSHMR_Action_Loop_12_128_E	
Splice Sounds	Sounds of KSHMR Vol. 3	KSHMR_Instruments -> KSHMR_Action_Loops	KSHMR_Action_Loop_13_128_E	
Splice Sounds	Sounds of KSHMR Vol. 3	KSHMR_Instruments -> KSHMR_Action_Loops	KSHMR_Action_Loop_14_128_E	
Splice Sounds	Sounds of KSHMR Vol. 3	KSHMR_Instruments -> KSHMR_Action_Loops	KSHMR_Action_Loop_15_128_E	
Splice Sounds	Sounds of KSHMR Vol. 3	KSHMR_Instruments -> KSHMR_Action_Loops	KSHMR_Action_Loop_16_128_E	
Splice Sounds	Sounds of KSHMR Vol. 3	KSHMR_Instruments -> KSHMR_Action_Loops	KSHMR_Action_Loop_17_128_E	
Splice Sounds	Sounds of KSHMR Vol. 3	KSHMR_Instruments -> KSHMR_Action_Loops	KSHMR_Action_Loop_18_128_Fm	
Splice Sounds	Sounds of KSHMR Vol. 3	KSHMR_Instruments -> KSHMR_Action_Loops	KSHMR_Action_Loop_19_128_F	
Splice Sounds	Sounds of KSHMR Vol. 3	KSHMR_Instruments -> KSHMR_Action_Loops	KSHMR_Action_Loop_20_128_F	
Splice Sounds	Sounds of KSHMR Vol. 3	KSHMR_Instruments -> KSHMR_Action_Loops	KSHMR_Action_Loop_21_128_F	
Splice Sounds	Sounds of KSHMR Vol. 3	KSHMR_Instruments -> KSHMR_Action_Loops	KSHMR_Action_Loop_22_128_F#	
Splice Sounds	Sounds of KSHMR Vol. 3	KSHMR_Instruments -> KSHMR_Action_Loops	KSHMR_Action_Loop_23_128_F#	
Splice Sounds	Sounds of KSHMR Vol. 3	KSHMR_Instruments -> KSHMR_Action_Loops	KSHMR_Action_Loop_24_128_G	
Splice Sounds	Sounds of KSHMR Vol. 3	KSHMR_Instruments -> KSHMR_Action_Loops	KSHMR_Action_Loop_25_128_G	
Splice Sounds	Sounds of KSHMR Vol. 3	KSHMR_Instruments -> KSHMR_Action_Loops	KSHMR_Action_Loop_26_128_G#	
Splice Sounds	Sounds of KSHMR Vol. 3	KSHMR_Instruments -> KSHMR_Action_Loops	KSHMR_Action_Loop_27_132_F_Triplet	
Splice Sounds	Sounds of KSHMR Vol. 3	KSHMR_Instruments -> KSHMR_Action_Loops	KSHMR_Action_Loop_28_140_C	
Splice Sounds	Sounds of KSHMR Vol. 3	KSHMR_Instruments -> KSHMR_Ethnic_Instruments -> KSHMR_Bouzouki_Plucked	KSHMR_Bouzouki_01_One_Shot_Cm	
Splice Sounds	Sounds of KSHMR Vol. 3	KSHMR_Instruments -> KSHMR_Ethnic_Instruments -> KSHMR_Bouzouki_Plucked	KSHMR_Bouzouki_02_One_Shot_Dm	
Splice Sounds	Sounds of KSHMR Vol. 3	KSHMR_Instruments -> KSHMR_Ethnic_Instruments -> KSHMR_Bouzouki_Plucked	KSHMR_Bouzouki_03_One_Shot_Dm	
Splice Sounds	Sounds of KSHMR Vol. 3	KSHMR_Instruments -> KSHMR_Ethnic_Instruments -> KSHMR_Bouzouki_Plucked	KSHMR_Bouzouki_04_One_Shot_E	
Splice Sounds	Sounds of KSHMR Vol. 3	KSHMR_Instruments -> KSHMR_Ethnic_Instruments -> KSHMR_Bouzouki_Plucked	KSHMR_Bouzouki_05_One_Shot_Em	
Splice Sounds	Sounds of KSHMR Vol. 3	KSHMR_Instruments -> KSHMR_Ethnic_Instruments -> KSHMR_Bouzouki_Plucked	KSHMR_Bouzouki_06_One_Shot_Em	
Splice Sounds	Sounds of KSHMR Vol. 3	KSHMR_Instruments -> KSHMR_Ethnic_Instruments -> KSHMR_Bouzouki_Plucked	KSHMR_Bouzouki_07_One_Shot_Fm	
Splice Sounds	Sounds of KSHMR Vol. 3	KSHMR_Instruments -> KSHMR_Ethnic_Instruments -> KSHMR_Bouzouki_Plucked	KSHMR_Bouzouki_08_One_Shot_Gm	
Splice Sounds	Sounds of KSHMR Vol. 3	KSHMR_Instruments -> KSHMR_Ethnic_Instruments -> KSHMR_Bouzouki_Plucked	KSHMR_Bouzouki_09_Melody_100_Cm	
Splice Sounds	Sounds of KSHMR Vol. 3	KSHMR_Instruments -> KSHMR_Ethnic_Instruments -> KSHMR_Bouzouki_Plucked	KSHMR_Bouzouki_10_Melody_100_Cm	
Splice Sounds	Sounds of KSHMR Vol. 3	KSHMR_Instruments -> KSHMR_Ethnic_Instruments -> KSHMR_Bouzouki_Plucked	KSHMR_Bouzouki_11_Melody_100_Em	
Splice Sounds	Sounds of KSHMR Vol. 3	KSHMR_Instruments -> KSHMR_Ethnic_Instruments -> KSHMR_Bouzouki_Plucked	KSHMR_Bouzouki_12_Melody_100_Em	
Splice Sounds	Sounds of KSHMR Vol. 3	KSHMR_Instruments -> KSHMR_Ethnic_Instruments -> KSHMR_Bouzouki_Plucked	KSHMR_Bouzouki_13_Melody_105_F	
Splice Sounds	Sounds of KSHMR Vol. 3	KSHMR_Instruments -> KSHMR_Ethnic_Instruments -> KSHMR_Bouzouki_Plucked	KSHMR_Bouzouki_14_Melody_110_Am	
Splice Sounds	Sounds of KSHMR Vol. 3	KSHMR_Instruments -> KSHMR_Ethnic_Instruments -> KSHMR_Bouzouki_Plucked	KSHMR_Bouzouki_15_Melody_110_Em	
Splice Sounds	Sounds of KSHMR Vol. 3	KSHMR_Instruments -> KSHMR_Ethnic_Instruments -> KSHMR_Bouzouki_Plucked	KSHMR_Bouzouki_16_Melody_110_Em	
Splice Sounds	Sounds of KSHMR Vol. 3	KSHMR_Instruments -> KSHMR_Ethnic_Instruments -> KSHMR_Bouzouki_Plucked	KSHMR_Bouzouki_17_Melody_115_E	
Splice Sounds	Sounds of KSHMR Vol. 3	KSHMR_Instruments -> KSHMR_Ethnic_Instruments -> KSHMR_Duduk_Wind	KSHMR_Duduk_01_One_Shot_Am	
Splice Sounds	Sounds of KSHMR Vol. 3	KSHMR_Instruments -> KSHMR_Ethnic_Instruments -> KSHMR_Duduk_Wind	KSHMR_Duduk_02_One_Shot_Bm	
Splice Sounds	Sounds of KSHMR Vol. 3	KSHMR_Instruments -> KSHMR_Ethnic_Instruments -> KSHMR_Duduk_Wind	KSHMR_Duduk_03_One_Shot_Dm	
Splice Sounds	Sounds of KSHMR Vol. 3	KSHMR_Instruments -> KSHMR_Ethnic_Instruments -> KSHMR_Duduk_Wind	KSHMR_Duduk_04_One_Shot_Dm	
Splice Sounds	Sounds of KSHMR Vol. 3	KSHMR_Instruments -> KSHMR_Ethnic_Instruments -> KSHMR_Duduk_Wind	KSHMR_Duduk_05_One_Shot_Dm	
Splice Sounds	Sounds of KSHMR Vol. 3	KSHMR_Instruments -> KSHMR_Ethnic_Instruments -> KSHMR_Duduk_Wind	KSHMR_Duduk_06_One_Shot_Dm	
Splice Sounds	Sounds of KSHMR Vol. 3	KSHMR_Instruments -> KSHMR_Ethnic_Instruments -> KSHMR_Duduk_Wind	KSHMR_Duduk_07_One_Shot_Dm	
Splice Sounds	Sounds of KSHMR Vol. 3	KSHMR_Instruments -> KSHMR_Ethnic_Instruments -> KSHMR_Duduk_Wind	KSHMR_Duduk_08_One_Shot_Dm	
Splice Sounds	Sounds of KSHMR Vol. 3	KSHMR_Instruments -> KSHMR_Ethnic_Instruments -> KSHMR_Duduk_Wind	KSHMR_Duduk_09_One_Shot_Dm	
Splice Sounds	Sounds of KSHMR Vol. 3	KSHMR_Instruments -> KSHMR_Ethnic_Instruments -> KSHMR_Duduk_Wind	KSHMR_Duduk_10_One_Shot_Em	
Splice Sounds	Sounds of KSHMR Vol. 3	KSHMR_Instruments -> KSHMR_Ethnic_Instruments -> KSHMR_Duduk_Wind	KSHMR_Duduk_11_One_Shot_Em	
Splice Sounds	Sounds of KSHMR Vol. 3	KSHMR_Instruments -> KSHMR_Ethnic_Instruments -> KSHMR_Duduk_Wind	KSHMR_Duduk_12_One_Shot_Fm	
Splice Sounds	Sounds of KSHMR Vol. 3	KSHMR_Instruments -> KSHMR_Ethnic_Instruments -> KSHMR_Duduk_Wind	KSHMR_Duduk_13_One_Shot_Fm	
Splice Sounds	Sounds of KSHMR Vol. 3	KSHMR_Instruments -> KSHMR_Ethnic_Instruments -> KSHMR_Duduk_Wind	KSHMR_Duduk_14_One_Shot_Fm	
Splice Sounds	Sounds of KSHMR Vol. 3	KSHMR_Instruments -> KSHMR_Ethnic_Instruments -> KSHMR_Duduk_Wind	KSHMR_Duduk_15_One_Shot_Fm	
Splice Sounds	Sounds of KSHMR Vol. 3	KSHMR_Instruments -> KSHMR_Ethnic_Instruments -> KSHMR_Duduk_Wind	KSHMR_Duduk_16_One_Shot_Fm	
Splice Sounds	Sounds of KSHMR Vol. 3	KSHMR_Instruments -> KSHMR_Ethnic_Instruments -> KSHMR_Duduk_Wind	KSHMR_Duduk_17_One_Shot_F#m	
Splice Sounds	Sounds of KSHMR Vol. 3	KSHMR_Instruments -> KSHMR_Ethnic_Instruments -> KSHMR_Duduk_Wind	KSHMR_Duduk_18_One_Shot_F#m	
Splice Sounds	Sounds of KSHMR Vol. 3	KSHMR_Instruments -> KSHMR_Ethnic_Instruments -> KSHMR_Duduk_Wind	KSHMR_Duduk_19_One_Shot_F#m	
Splice Sounds	Sounds of KSHMR Vol. 3	KSHMR_Instruments -> KSHMR_Ethnic_Instruments -> KSHMR_Duduk_Wind	KSHMR_Duduk_20_One_Shot_G	
Splice Sounds	Sounds of KSHMR Vol. 3	KSHMR_Instruments -> KSHMR_Ethnic_Instruments -> KSHMR_Duduk_Wind	KSHMR_Duduk_21_One_Shot_Gm	
Splice Sounds	Sounds of KSHMR Vol. 3	KSHMR_Instruments -> KSHMR_Ethnic_Instruments -> KSHMR_Duduk_Wind	KSHMR_Duduk_22_One_Shot_Gm	
Splice Sounds	Sounds of KSHMR Vol. 3	KSHMR_Instruments -> KSHMR_Ethnic_Instruments -> KSHMR_Duduk_Wind	KSHMR_Duduk_23_Melody_86_Fm	
Splice Sounds	Sounds of KSHMR Vol. 3	KSHMR_Instruments -> KSHMR_Ethnic_Instruments -> KSHMR_Duduk_Wind	KSHMR_Duduk_24_Melody_120_Dm	
Splice Sounds	Sounds of KSHMR Vol. 3	KSHMR_Instruments -> KSHMR_Ethnic_Instruments -> KSHMR_Duduk_Wind	KSHMR_Duduk_25_Melody_128_Gm	
Splice Sounds	Sounds of KSHMR Vol. 3	KSHMR_Instruments -> KSHMR_Ethnic_Instruments -> KSHMR_Flute	KSHMR_Flute_01_One_Shot_Am	
Splice Sounds	Sounds of KSHMR Vol. 3	KSHMR_Instruments -> KSHMR_Ethnic_Instruments -> KSHMR_Flute	KSHMR_Flute_02_One_Shot_Am	
Splice Sounds	Sounds of KSHMR Vol. 3	KSHMR_Instruments -> KSHMR_Ethnic_Instruments -> KSHMR_Flute	KSHMR_Flute_03_One_Shot_Em	
Splice Sounds	Sounds of KSHMR Vol. 3	KSHMR_Instruments -> KSHMR_Ethnic_Instruments -> KSHMR_Flute	KSHMR_Flute_04_One_Shot_Em	
Splice Sounds	Sounds of KSHMR Vol. 3	KSHMR_Instruments -> KSHMR_Ethnic_Instruments -> KSHMR_Flute	KSHMR_Flute_05_One_Shot_Fm_Hard_Blow	
Splice Sounds	Sounds of KSHMR Vol. 3	KSHMR_Instruments -> KSHMR_Ethnic_Instruments -> KSHMR_Flute	KSHMR_Flute_06_One_Shot_Fm	
Splice Sounds	Sounds of KSHMR Vol. 3	KSHMR_Instruments -> KSHMR_Ethnic_Instruments -> KSHMR_Flute	KSHMR_Flute_07_One_Shot_G#_Hard_Blow	
Splice Sounds	Sounds of KSHMR Vol. 3	KSHMR_Instruments -> KSHMR_Ethnic_Instruments -> KSHMR_Flute	KSHMR_Flute_08_One_Shot_G#	
Splice Sounds	Sounds of KSHMR Vol. 3	KSHMR_Instruments -> KSHMR_Ethnic_Instruments -> KSHMR_Flute	KSHMR_Flute_09_One_Shot_G#m	
Splice Sounds	Sounds of KSHMR Vol. 3	KSHMR_Instruments -> KSHMR_Ethnic_Instruments -> KSHMR_Flute	KSHMR_Flute_10_One_Shot_G#m	
Splice Sounds	Sounds of KSHMR Vol. 3	KSHMR_Instruments -> KSHMR_Ethnic_Instruments -> KSHMR_Flute	KSHMR_Flute_11_Melody_86_Em	
Splice Sounds	Sounds of KSHMR Vol. 3	KSHMR_Instruments -> KSHMR_Ethnic_Instruments -> KSHMR_Flute	KSHMR_Flute_12_Melody_98_E_Arabic	
Splice Sounds	Sounds of KSHMR Vol. 3	KSHMR_Instruments -> KSHMR_Ethnic_Instruments -> KSHMR_Flute	KSHMR_Flute_13_Melody_100_Am	
Splice Sounds	Sounds of KSHMR Vol. 3	KSHMR_Instruments -> KSHMR_Ethnic_Instruments -> KSHMR_Flute	KSHMR_Flute_14_Melody_100_D	
Splice Sounds	Sounds of KSHMR Vol. 3	KSHMR_Instruments -> KSHMR_Ethnic_Instruments -> KSHMR_Flute	KSHMR_Flute_15_Melody_100_D	
Splice Sounds	Sounds of KSHMR Vol. 3	KSHMR_Instruments -> KSHMR_Ethnic_Instruments -> KSHMR_Flute	KSHMR_Flute_16_Melody_100_D	
Splice Sounds	Sounds of KSHMR Vol. 3	KSHMR_Instruments -> KSHMR_Ethnic_Instruments -> KSHMR_Flute	KSHMR_Flute_17_Melody_100_Dm	
Splice Sounds	Sounds of KSHMR Vol. 3	KSHMR_Instruments -> KSHMR_Ethnic_Instruments -> KSHMR_Flute	KSHMR_Flute_18_Melody_100_E_Arabic	
Splice Sounds	Sounds of KSHMR Vol. 3	KSHMR_Instruments -> KSHMR_Ethnic_Instruments -> KSHMR_Flute	KSHMR_Flute_19_Melody_100_Fm	
Splice Sounds	Sounds of KSHMR Vol. 3	KSHMR_Instruments -> KSHMR_Ethnic_Instruments -> KSHMR_Flute	KSHMR_Flute_20_Melody_105_Am	
Splice Sounds	Sounds of KSHMR Vol. 3	KSHMR_Instruments -> KSHMR_Ethnic_Instruments -> KSHMR_Flute	KSHMR_Flute_21_Melody_105_Am	
Splice Sounds	Sounds of KSHMR Vol. 3	KSHMR_Instruments -> KSHMR_Ethnic_Instruments -> KSHMR_Flute	KSHMR_Flute_22_Melody_105_Am	
Splice Sounds	Sounds of KSHMR Vol. 3	KSHMR_Instruments -> KSHMR_Ethnic_Instruments -> KSHMR_Flute	KSHMR_Flute_23_Melody_109_Am	
Splice Sounds	Sounds of KSHMR Vol. 3	KSHMR_Instruments -> KSHMR_Ethnic_Instruments -> KSHMR_Flute	KSHMR_Flute_24_Melody_110_A#m	
Splice Sounds	Sounds of KSHMR Vol. 3	KSHMR_Instruments -> KSHMR_Ethnic_Instruments -> KSHMR_Flute	KSHMR_Flute_25_Melody_118_F	
Splice Sounds	Sounds of KSHMR Vol. 3	KSHMR_Instruments -> KSHMR_Ethnic_Instruments -> KSHMR_Flute	KSHMR_Flute_26_Melody_118_Fm	
Splice Sounds	Sounds of KSHMR Vol. 3	KSHMR_Instruments -> KSHMR_Ethnic_Instruments -> KSHMR_Flute	KSHMR_Flute_27_Melody_140_Dm	
Splice Sounds	Sounds of KSHMR Vol. 3	KSHMR_Instruments -> KSHMR_Ethnic_Instruments -> KSHMR_Flute	KSHMR_Flute_28_Melody_140_Em	
Splice Sounds	Sounds of KSHMR Vol. 3	KSHMR_Instruments -> KSHMR_Ethnic_Instruments -> KSHMR_Fretless_Guitar	KSHMR_Fretless_Guitar_01_One_Shot_C	
Splice Sounds	Sounds of KSHMR Vol. 3	KSHMR_Instruments -> KSHMR_Ethnic_Instruments -> KSHMR_Fretless_Guitar	KSHMR_Fretless_Guitar_02_One_Shot_D	
Splice Sounds	Sounds of KSHMR Vol. 3	KSHMR_Instruments -> KSHMR_Ethnic_Instruments -> KSHMR_Fretless_Guitar	KSHMR_Fretless_Guitar_03_Melody_100_Gm	
Splice Sounds	Sounds of KSHMR Vol. 3	KSHMR_Instruments -> KSHMR_Ethnic_Instruments -> KSHMR_Fretless_Guitar	KSHMR_Fretless_Guitar_04_Melody_105_Am	
Splice Sounds	Sounds of KSHMR Vol. 3	KSHMR_Instruments -> KSHMR_Ethnic_Instruments -> KSHMR_Fretless_Guitar	KSHMR_Fretless_Guitar_05_Melody_105_Am	
Splice Sounds	Sounds of KSHMR Vol. 3	KSHMR_Instruments -> KSHMR_Ethnic_Instruments -> KSHMR_Fretless_Guitar	KSHMR_Fretless_Guitar_06_Melody_105_Em	
Splice Sounds	Sounds of KSHMR Vol. 3	KSHMR_Instruments -> KSHMR_Ethnic_Instruments -> KSHMR_Fretless_Guitar	KSHMR_Fretless_Guitar_07_Melody_110_Am	
Splice Sounds	Sounds of KSHMR Vol. 3	KSHMR_Instruments -> KSHMR_Ethnic_Instruments -> KSHMR_Fretless_Guitar	KSHMR_Fretless_Guitar_08_Melody_110_Em	
Splice Sounds	Sounds of KSHMR Vol. 3	KSHMR_Instruments -> KSHMR_Ethnic_Instruments -> KSHMR_Fretless_Guitar	KSHMR_Fretless_Guitar_09_Melody_110_Em	
Splice Sounds	Sounds of KSHMR Vol. 3	KSHMR_Instruments -> KSHMR_Ethnic_Instruments -> KSHMR_Fretless_Guitar	KSHMR_Fretless_Guitar_10_Melody_115_E_Arabic	
Splice Sounds	Sounds of KSHMR Vol. 3	KSHMR_Instruments -> KSHMR_Ethnic_Instruments -> KSHMR_Fretless_Guitar	KSHMR_Fretless_Guitar_11_Melody_115_Em	
Splice Sounds	Sounds of KSHMR Vol. 3	KSHMR_Instruments -> KSHMR_Ethnic_Instruments -> KSHMR_Glissentar_Plucked	KSHMR_Glissentar_01_Melody_97_Am	
Splice Sounds	Sounds of KSHMR Vol. 3	KSHMR_Instruments -> KSHMR_Ethnic_Instruments -> KSHMR_Glissentar_Plucked	KSHMR_Glissentar_02_Melody_97_Am	
Splice Sounds	Sounds of KSHMR Vol. 3	KSHMR_Instruments -> KSHMR_Ethnic_Instruments -> KSHMR_Glissentar_Plucked	KSHMR_Glissentar_03_Melody_97_Am	
Splice Sounds	Sounds of KSHMR Vol. 3	KSHMR_Instruments -> KSHMR_Ethnic_Instruments -> KSHMR_Glissentar_Plucked	KSHMR_Glissentar_04_Melody_100_Am	
Splice Sounds	Sounds of KSHMR Vol. 3	KSHMR_Instruments -> KSHMR_Ethnic_Instruments -> KSHMR_Glissentar_Plucked	KSHMR_Glissentar_05_Melody_100_Am	
Splice Sounds	Sounds of KSHMR Vol. 3	KSHMR_Instruments -> KSHMR_Ethnic_Instruments -> KSHMR_Glissentar_Plucked	KSHMR_Glissentar_06_Melody_100_Am	
Splice Sounds	Sounds of KSHMR Vol. 3	KSHMR_Instruments -> KSHMR_Ethnic_Instruments -> KSHMR_Glissentar_Plucked	KSHMR_Glissentar_07_Melody_100_Em	
Splice Sounds	Sounds of KSHMR Vol. 3	KSHMR_Instruments -> KSHMR_Ethnic_Instruments -> KSHMR_Glissentar_Plucked	KSHMR_Glissentar_08_Melody_103_Am	
Splice Sounds	Sounds of KSHMR Vol. 3	KSHMR_Instruments -> KSHMR_Ethnic_Instruments -> KSHMR_Glissentar_Plucked	KSHMR_Glissentar_09_Melody_103_Am	
Splice Sounds	Sounds of KSHMR Vol. 3	KSHMR_Instruments -> KSHMR_Ethnic_Instruments -> KSHMR_Glissentar_Plucked	KSHMR_Glissentar_10_Melody_103_Am	
Splice Sounds	Sounds of KSHMR Vol. 3	KSHMR_Instruments -> KSHMR_Ethnic_Instruments -> KSHMR_Glissentar_Plucked	KSHMR_Glissentar_11_Melody_104_F#m	
Splice Sounds	Sounds of KSHMR Vol. 3	KSHMR_Instruments -> KSHMR_Ethnic_Instruments -> KSHMR_Glissentar_Plucked	KSHMR_Glissentar_12_Melody_104_F#m	
Splice Sounds	Sounds of KSHMR Vol. 3	KSHMR_Instruments -> KSHMR_Ethnic_Instruments -> KSHMR_Glissentar_Plucked	KSHMR_Glissentar_13_Melody_110_Am	
Splice Sounds	Sounds of KSHMR Vol. 3	KSHMR_Instruments -> KSHMR_Ethnic_Instruments -> KSHMR_Joombush_Plucked	KSHMR_Joombush_01_One_Shot_B	
Splice Sounds	Sounds of KSHMR Vol. 3	KSHMR_Instruments -> KSHMR_Ethnic_Instruments -> KSHMR_Joombush_Plucked	KSHMR_Joombush_02_One_Shot_Bm	
Splice Sounds	Sounds of KSHMR Vol. 3	KSHMR_Instruments -> KSHMR_Ethnic_Instruments -> KSHMR_Joombush_Plucked	KSHMR_Joombush_03_One_Shot_G	
Splice Sounds	Sounds of KSHMR Vol. 3	KSHMR_Instruments -> KSHMR_Ethnic_Instruments -> KSHMR_Joombush_Plucked	KSHMR_Joombush_04_One_Shot_G#m	
Splice Sounds	Sounds of KSHMR Vol. 3	KSHMR_Instruments -> KSHMR_Ethnic_Instruments -> KSHMR_Joombush_Plucked	KSHMR_Joombush_05_Melody_100_Em	
Splice Sounds	Sounds of KSHMR Vol. 3	KSHMR_Instruments -> KSHMR_Ethnic_Instruments -> KSHMR_Joombush_Plucked	KSHMR_Joombush_06_Melody_100_Em	
Splice Sounds	Sounds of KSHMR Vol. 3	KSHMR_Instruments -> KSHMR_Ethnic_Instruments -> KSHMR_Joombush_Plucked	KSHMR_Joombush_07_Melody_115_Em	
Splice Sounds	Sounds of KSHMR Vol. 3	KSHMR_Instruments -> KSHMR_Ethnic_Instruments -> KSHMR_Joombush_Plucked	KSHMR_Joombush_08_Melody_115_Em	
Splice Sounds	Sounds of KSHMR Vol. 3	KSHMR_Instruments -> KSHMR_Ethnic_Instruments -> KSHMR_Oud_Plucked	KSHMR_Oud_01_One_Shot_Tremolo_F#m	
Splice Sounds	Sounds of KSHMR Vol. 3	KSHMR_Instruments -> KSHMR_Ethnic_Instruments -> KSHMR_Oud_Plucked	KSHMR_Oud_02_Melody_89_G	
Splice Sounds	Sounds of KSHMR Vol. 3	KSHMR_Instruments -> KSHMR_Ethnic_Instruments -> KSHMR_Oud_Plucked	KSHMR_Oud_03_Melody_95_Am	
Splice Sounds	Sounds of KSHMR Vol. 3	KSHMR_Instruments -> KSHMR_Ethnic_Instruments -> KSHMR_Oud_Plucked	KSHMR_Oud_04_Melody_100_Bm	
Splice Sounds	Sounds of KSHMR Vol. 3	KSHMR_Instruments -> KSHMR_Ethnic_Instruments -> KSHMR_Oud_Plucked	KSHMR_Oud_05_Melody_100_C	
Splice Sounds	Sounds of KSHMR Vol. 3	KSHMR_Instruments -> KSHMR_Ethnic_Instruments -> KSHMR_Oud_Plucked	KSHMR_Oud_06_Melody_105_Am	
Splice Sounds	Sounds of KSHMR Vol. 3	KSHMR_Instruments -> KSHMR_Ethnic_Instruments -> KSHMR_Oud_Plucked	KSHMR_Oud_07_Melody_105_Am	
Splice Sounds	Sounds of KSHMR Vol. 3	KSHMR_Instruments -> KSHMR_Ethnic_Instruments -> KSHMR_Oud_Plucked	KSHMR_Oud_08_Melody_105_Am	
Splice Sounds	Sounds of KSHMR Vol. 3	KSHMR_Instruments -> KSHMR_Ethnic_Instruments -> KSHMR_Oud_Plucked	KSHMR_Oud_09_Melody_110_F#m	
Splice Sounds	Sounds of KSHMR Vol. 3	KSHMR_Instruments -> KSHMR_Ethnic_Instruments -> KSHMR_Oud_Plucked	KSHMR_Oud_10_Melody_147_C	
Splice Sounds	Sounds of KSHMR Vol. 3	KSHMR_Instruments -> KSHMR_Ethnic_Instruments -> KSHMR_Oud_Plucked	KSHMR_Oud_11_Melody_147_E_Arabic	
Splice Sounds	Sounds of KSHMR Vol. 3	KSHMR_Instruments -> KSHMR_Instrumental_Fills	KSHMR_Instrumental_Fill_01_097_Saxophone_F#m	
Splice Sounds	Sounds of KSHMR Vol. 3	KSHMR_Instruments -> KSHMR_Instrumental_Fills	KSHMR_Instrumental_Fill_02_097_Saxophone_F#m	
Splice Sounds	Sounds of KSHMR Vol. 3	KSHMR_Instruments -> KSHMR_Instrumental_Fills	KSHMR_Instrumental_Fill_03_100_Saxophone_A	
Splice Sounds	Sounds of KSHMR Vol. 3	KSHMR_Instruments -> KSHMR_Instrumental_Fills	KSHMR_Instrumental_Fill_04_100_Guitar_Dm	
Splice Sounds	Sounds of KSHMR Vol. 3	KSHMR_Instruments -> KSHMR_Instrumental_Fills	KSHMR_Instrumental_Fill_05_105_Kemenche_G#m	
Splice Sounds	Sounds of KSHMR Vol. 3	KSHMR_Instruments -> KSHMR_Instrumental_Fills	KSHMR_Instrumental_Fill_06_115_Guitar_Am	
Splice Sounds	Sounds of KSHMR Vol. 3	KSHMR_Instruments -> KSHMR_Instrumental_Fills	KSHMR_Instrumental_Fill_07_128_Qanun_Fm	
Splice Sounds	Sounds of KSHMR Vol. 3	KSHMR_Instruments -> KSHMR_Instrumental_Fills	KSHMR_Instrumental_Fill_08_128_Bansuri_Em	
Splice Sounds	Sounds of KSHMR Vol. 3	KSHMR_Instruments -> KSHMR_Instrumental_Fills	KSHMR_Instrumental_Fill_09_128_Bouzouki_Fm	
Splice Sounds	Sounds of KSHMR Vol. 3	KSHMR_Instruments -> KSHMR_Instrumental_Fills	KSHMR_Instrumental_Fill_10_128_Fula_Dm	
Splice Sounds	Sounds of KSHMR Vol. 3	KSHMR_Instruments -> KSHMR_Instrumental_Fills	KSHMR_Instrumental_Fill_11_128_Harpsichord_Fm	
Splice Sounds	Sounds of KSHMR Vol. 3	KSHMR_Instruments -> KSHMR_Instrumental_Fills	KSHMR_Instrumental_Fill_12_128_Kora_Dm	
Splice Sounds	Sounds of KSHMR Vol. 3	KSHMR_Instruments -> KSHMR_Instrumental_Fills	KSHMR_Instrumental_Fill_13_128_Koto_Gm	
Splice Sounds	Sounds of KSHMR Vol. 3	KSHMR_Instruments -> KSHMR_Instrumental_Fills	KSHMR_Instrumental_Fill_14_128_Koto_Gm	
Splice Sounds	Sounds of KSHMR Vol. 3	KSHMR_Instruments -> KSHMR_Instrumental_Fills	KSHMR_Instrumental_Fill_15_128_Pipa_C#	
Splice Sounds	Sounds of KSHMR Vol. 3	KSHMR_Instruments -> KSHMR_Instrumental_Fills	KSHMR_Instrumental_Fill_16_128_Sitar_Fm	
Splice Sounds	Sounds of KSHMR Vol. 3	KSHMR_Instruments -> KSHMR_Instrumental_Fills	KSHMR_Instrumental_Fill_17_128_Steel_Drums_Am	
Splice Sounds	Sounds of KSHMR Vol. 3	KSHMR_Instruments -> KSHMR_Instrumental_Fills	KSHMR_Instrumental_Fill_18_140_Duduk_Am	
Splice Sounds	Sounds of KSHMR Vol. 3	KSHMR_Instruments -> KSHMR_Instrumental_Fills	KSHMR_Instrumental_Fill_19_140_Mandolin_Em	
Splice Sounds	Sounds of KSHMR Vol. 3	KSHMR_Instruments -> KSHMR_Instrumental_Fills	KSHMR_Instrumental_Fill_20_150_Erhu_Fm	
Splice Sounds	Sounds of KSHMR Vol. 3	KSHMR_Instruments -> KSHMR_Instrumental_Fills	KSHMR_Instrumental_Fill_21_152_Ethnic_Guitar_G#m	
Splice Sounds	Sounds of KSHMR Vol. 3	KSHMR_Instruments -> KSHMR_Main_Instruments -> KSHMR_Bass -> KSHMR_Bass_Loops	KSHMR_Bass_Loop_01_100_F#m	
Splice Sounds	Sounds of KSHMR Vol. 3	KSHMR_Instruments -> KSHMR_Main_Instruments -> KSHMR_Bass -> KSHMR_Bass_Loops	KSHMR_Bass_Loop_02_100_Gm	
Splice Sounds	Sounds of KSHMR Vol. 3	KSHMR_Instruments -> KSHMR_Main_Instruments -> KSHMR_Bass -> KSHMR_Bass_Loops	KSHMR_Bass_Loop_03_120_Em	
Splice Sounds	Sounds of KSHMR Vol. 3	KSHMR_Instruments -> KSHMR_Main_Instruments -> KSHMR_Bass -> KSHMR_Bass_Loops	KSHMR_Bass_Loop_04_128_Am	
Splice Sounds	Sounds of KSHMR Vol. 3	KSHMR_Instruments -> KSHMR_Main_Instruments -> KSHMR_Bass -> KSHMR_Bass_Loops	KSHMR_Bass_Loop_05_128_Em	
Splice Sounds	Sounds of KSHMR Vol. 3	KSHMR_Instruments -> KSHMR_Main_Instruments -> KSHMR_Bass -> KSHMR_Bass_Loops	KSHMR_Bass_Loop_06_128_Fm	
Splice Sounds	Sounds of KSHMR Vol. 3	KSHMR_Instruments -> KSHMR_Main_Instruments -> KSHMR_Bass -> KSHMR_Bass_Slides	KSHMR_Bass_Slide_01_A#	
Splice Sounds	Sounds of KSHMR Vol. 3	KSHMR_Instruments -> KSHMR_Main_Instruments -> KSHMR_Bass -> KSHMR_Bass_Slides	KSHMR_Bass_Slide_02_A#	
Splice Sounds	Sounds of KSHMR Vol. 3	KSHMR_Instruments -> KSHMR_Main_Instruments -> KSHMR_Bass -> KSHMR_Bass_Slides	KSHMR_Bass_Slide_03_D#	
Splice Sounds	Sounds of KSHMR Vol. 3	KSHMR_Instruments -> KSHMR_Main_Instruments -> KSHMR_Bass -> KSHMR_Bass_Slides	KSHMR_Bass_Slide_04_D#	
Splice Sounds	Sounds of KSHMR Vol. 3	KSHMR_Instruments -> KSHMR_Main_Instruments -> KSHMR_Bass -> KSHMR_Bass_Slides	KSHMR_Bass_Slide_05_G#	
Splice Sounds	Sounds of KSHMR Vol. 3	KSHMR_Instruments -> KSHMR_Main_Instruments -> KSHMR_Cello	KSHMR_Cello_01_One_Shot_A#_C	
Splice Sounds	Sounds of KSHMR Vol. 3	KSHMR_Instruments -> KSHMR_Main_Instruments -> KSHMR_Cello	KSHMR_Cello_02_Melody_95_Dm	
Splice Sounds	Sounds of KSHMR Vol. 3	KSHMR_Instruments -> KSHMR_Main_Instruments -> KSHMR_Cello	KSHMR_Cello_03_Melody_95_E	
Splice Sounds	Sounds of KSHMR Vol. 3	KSHMR_Instruments -> KSHMR_Main_Instruments -> KSHMR_Cello	KSHMR_Cello_04_Melody_95_E	
Splice Sounds	Sounds of KSHMR Vol. 3	KSHMR_Instruments -> KSHMR_Main_Instruments -> KSHMR_Cello	KSHMR_Cello_05_Melody_97_Am	
Splice Sounds	Sounds of KSHMR Vol. 3	KSHMR_Instruments -> KSHMR_Main_Instruments -> KSHMR_Cello	KSHMR_Cello_06_Melody_100_D	
Splice Sounds	Sounds of KSHMR Vol. 3	KSHMR_Instruments -> KSHMR_Main_Instruments -> KSHMR_Cello	KSHMR_Cello_07_Melody_100_Dm	
Splice Sounds	Sounds of KSHMR Vol. 3	KSHMR_Instruments -> KSHMR_Main_Instruments -> KSHMR_Cello	KSHMR_Cello_08_Melody_110_Am	
Splice Sounds	Sounds of KSHMR Vol. 3	KSHMR_Instruments -> KSHMR_Main_Instruments -> KSHMR_Cello	KSHMR_Cello_09_Melody_110_Am	
Splice Sounds	Sounds of KSHMR Vol. 3	KSHMR_Instruments -> KSHMR_Main_Instruments -> KSHMR_Cello	KSHMR_Cello_10_Melody_110_Em	
Splice Sounds	Sounds of KSHMR Vol. 3	KSHMR_Instruments -> KSHMR_Main_Instruments -> KSHMR_Cello	KSHMR_Cello_11_Melody_110_G	
Splice Sounds	Sounds of KSHMR Vol. 3	KSHMR_Instruments -> KSHMR_Main_Instruments -> KSHMR_Cello	KSHMR_Cello_12_Melody_115_C_Arabic	
Splice Sounds	Sounds of KSHMR Vol. 3	KSHMR_Instruments -> KSHMR_Main_Instruments -> KSHMR_Cello	KSHMR_Cello_13_Melody_115_Fm	
Splice Sounds	Sounds of KSHMR Vol. 3	KSHMR_Instruments -> KSHMR_Main_Instruments -> KSHMR_Cello	KSHMR_Cello_14_Melody_120_Dm	
Splice Sounds	Sounds of KSHMR Vol. 3	KSHMR_Instruments -> KSHMR_Main_Instruments -> KSHMR_Cello	KSHMR_Cello_15_Melody_120_Dm	
Splice Sounds	Sounds of KSHMR Vol. 3	KSHMR_Instruments -> KSHMR_Main_Instruments -> KSHMR_Cello	KSHMR_Cello_16_Melody_120_Dm	
Splice Sounds	Sounds of KSHMR Vol. 3	KSHMR_Instruments -> KSHMR_Main_Instruments -> KSHMR_Cello	KSHMR_Cello_17_Melody_120_Dm	
Splice Sounds	Sounds of KSHMR Vol. 3	KSHMR_Instruments -> KSHMR_Main_Instruments -> KSHMR_Cello	KSHMR_Cello_18_Melody_120_Dm	
Splice Sounds	Sounds of KSHMR Vol. 3	KSHMR_Instruments -> KSHMR_Main_Instruments -> KSHMR_Cello	KSHMR_Cello_19_Melody_125_F#m	
Splice Sounds	Sounds of KSHMR Vol. 3	KSHMR_Instruments -> KSHMR_Main_Instruments -> KSHMR_Cello	KSHMR_Cello_20_Melody_128_Dm	
Splice Sounds	Sounds of KSHMR Vol. 3	KSHMR_Instruments -> KSHMR_Main_Instruments -> KSHMR_Cello	KSHMR_Cello_21_Melody_128_Dm	
Splice Sounds	Sounds of KSHMR Vol. 3	KSHMR_Instruments -> KSHMR_Main_Instruments -> KSHMR_Cello	KSHMR_Cello_22_Melody_129_G#m	
Splice Sounds	Sounds of KSHMR Vol. 3	KSHMR_Instruments -> KSHMR_Main_Instruments -> KSHMR_Guitar -> KSHMR_Guitar_Chords -> KSHMR_Acoustic_Chords	KSHMR_Acoustic_Guitar_Chords_01_80_G#m	
Splice Sounds	Sounds of KSHMR Vol. 3	KSHMR_Instruments -> KSHMR_Main_Instruments -> KSHMR_Guitar -> KSHMR_Guitar_Chords -> KSHMR_Acoustic_Chords	KSHMR_Acoustic_Guitar_Chords_02_88_C#m-F#m-E-D	
Splice Sounds	Sounds of KSHMR Vol. 3	KSHMR_Instruments -> KSHMR_Main_Instruments -> KSHMR_Guitar -> KSHMR_Guitar_Chords -> KSHMR_Acoustic_Chords	KSHMR_Acoustic_Guitar_Chords_03_92_Fm-C#-D#-C	
Splice Sounds	Sounds of KSHMR Vol. 3	KSHMR_Instruments -> KSHMR_Main_Instruments -> KSHMR_Guitar -> KSHMR_Guitar_Chords -> KSHMR_Acoustic_Chords	KSHMR_Acoustic_Guitar_Chords_04_100_Dm-A#-A-Dm-Gm-A	
Splice Sounds	Sounds of KSHMR Vol. 3	KSHMR_Instruments -> KSHMR_Main_Instruments -> KSHMR_Guitar -> KSHMR_Guitar_Chords -> KSHMR_Acoustic_Chords	KSHMR_Acoustic_Guitar_Chords_05_100_Fm-A#m-C	
Splice Sounds	Sounds of KSHMR Vol. 3	KSHMR_Instruments -> KSHMR_Main_Instruments -> KSHMR_Guitar -> KSHMR_Guitar_Chords -> KSHMR_Acoustic_Chords	KSHMR_Acoustic_Guitar_Chords_06_100_Fm-G#Maj7-A#m	
Splice Sounds	Sounds of KSHMR Vol. 3	KSHMR_Instruments -> KSHMR_Main_Instruments -> KSHMR_Guitar -> KSHMR_Guitar_Chords -> KSHMR_Acoustic_Chords	KSHMR_Acoustic_Guitar_Chords_07_100_F#m-D-A-C#	
Splice Sounds	Sounds of KSHMR Vol. 3	KSHMR_Instruments -> KSHMR_Main_Instruments -> KSHMR_Guitar -> KSHMR_Guitar_Chords -> KSHMR_Acoustic_Chords	KSHMR_Acoustic_Guitar_Chords_08_100_Gm	
Splice Sounds	Sounds of KSHMR Vol. 3	KSHMR_Instruments -> KSHMR_Main_Instruments -> KSHMR_Guitar -> KSHMR_Guitar_Chords -> KSHMR_Acoustic_Chords	KSHMR_Acoustic_Guitar_Chords_09_108_G-B-Em-C_High	
Splice Sounds	Sounds of KSHMR Vol. 3	KSHMR_Instruments -> KSHMR_Main_Instruments -> KSHMR_Guitar -> KSHMR_Guitar_Chords -> KSHMR_Acoustic_Chords	KSHMR_Acoustic_Guitar_Chords_10_108_G-B-Em-C_Low	
Splice Sounds	Sounds of KSHMR Vol. 3	KSHMR_Instruments -> KSHMR_Main_Instruments -> KSHMR_Guitar -> KSHMR_Guitar_Chords -> KSHMR_Acoustic_Chords	KSHMR_Acoustic_Guitar_Chords_11_110_Em7-A	
Splice Sounds	Sounds of KSHMR Vol. 3	KSHMR_Instruments -> KSHMR_Main_Instruments -> KSHMR_Guitar -> KSHMR_Guitar_Chords -> KSHMR_Acoustic_Chords	KSHMR_Acoustic_Guitar_Chords_12_110_G	
Splice Sounds	Sounds of KSHMR Vol. 3	KSHMR_Instruments -> KSHMR_Main_Instruments -> KSHMR_Guitar -> KSHMR_Guitar_Chords -> KSHMR_Acoustic_Chords	KSHMR_Acoustic_Guitar_Chords_13_112_Cm-A#-G#-Cm-D#-Fm	
Splice Sounds	Sounds of KSHMR Vol. 3	KSHMR_Instruments -> KSHMR_Main_Instruments -> KSHMR_Guitar -> KSHMR_Guitar_Chords -> KSHMR_Acoustic_Chords	KSHMR_Acoustic_Guitar_Chords_14_115_D#m-F#Maj7-F#-BMaj7	
Splice Sounds	Sounds of KSHMR Vol. 3	KSHMR_Instruments -> KSHMR_Main_Instruments -> KSHMR_Guitar -> KSHMR_Guitar_Chords -> KSHMR_Acoustic_Chords	KSHMR_Acoustic_Guitar_Chords_15_115_D#m-F#Maj7-F#-BMaj7	
Splice Sounds	Sounds of KSHMR Vol. 3	KSHMR_Instruments -> KSHMR_Main_Instruments -> KSHMR_Guitar -> KSHMR_Guitar_Chords -> KSHMR_Acoustic_Chords	KSHMR_Acoustic_Guitar_Chords_16_115_Fm-A#m_G#-D#	
Splice Sounds	Sounds of KSHMR Vol. 3	KSHMR_Instruments -> KSHMR_Main_Instruments -> KSHMR_Guitar -> KSHMR_Guitar_Chords -> KSHMR_Acoustic_Chords	KSHMR_Acoustic_Guitar_Chords_17_118_Fm-C#-G#-D#_2X_C#-D#-G#-D#-A#m-C	
Splice Sounds	Sounds of KSHMR Vol. 3	KSHMR_Instruments -> KSHMR_Main_Instruments -> KSHMR_Guitar -> KSHMR_Guitar_Chords -> KSHMR_Acoustic_Chords	KSHMR_Acoustic_Guitar_Chords_18_118_Fm-C#-G#-D#_2X_C#-D#-G#-D#-A#m-C	
Splice Sounds	Sounds of KSHMR Vol. 3	KSHMR_Instruments -> KSHMR_Main_Instruments -> KSHMR_Guitar -> KSHMR_Guitar_Chords -> KSHMR_Acoustic_Chords	KSHMR_Acoustic_Guitar_Chords_19_128_Am-G-Em7-FMaj7	
Splice Sounds	Sounds of KSHMR Vol. 3	KSHMR_Instruments -> KSHMR_Main_Instruments -> KSHMR_Guitar -> KSHMR_Guitar_Chords -> KSHMR_Acoustic_Chords	KSHMR_Acoustic_Guitar_Chords_20_128_A#m-D#-Fm	
Splice Sounds	Sounds of KSHMR Vol. 3	KSHMR_Instruments -> KSHMR_Main_Instruments -> KSHMR_Guitar -> KSHMR_Guitar_Chords -> KSHMR_Acoustic_Chords	KSHMR_Acoustic_Guitar_Chords_21_128_A#m-D#-Fm	
Splice Sounds	Sounds of KSHMR Vol. 3	KSHMR_Instruments -> KSHMR_Main_Instruments -> KSHMR_Guitar -> KSHMR_Guitar_Chords -> KSHMR_Acoustic_Chords	KSHMR_Acoustic_Guitar_Chords_22_128_A#m-D#-Fm_Muted	
Splice Sounds	Sounds of KSHMR Vol. 3	KSHMR_Instruments -> KSHMR_Main_Instruments -> KSHMR_Guitar -> KSHMR_Guitar_Chords -> KSHMR_Acoustic_Chords	KSHMR_Acoustic_Guitar_Chords_23_128_C-G-Em	
Splice Sounds	Sounds of KSHMR Vol. 3	KSHMR_Instruments -> KSHMR_Main_Instruments -> KSHMR_Guitar -> KSHMR_Guitar_Chords -> KSHMR_Acoustic_Chords	KSHMR_Acoustic_Guitar_Chords_24_128_Cm7-Eb-Gm-F	
Splice Sounds	Sounds of KSHMR Vol. 3	KSHMR_Instruments -> KSHMR_Main_Instruments -> KSHMR_Guitar -> KSHMR_Guitar_Chords -> KSHMR_Acoustic_Chords	KSHMR_Acoustic_Guitar_Chords_25_128_C#-A#m-Fm-G#	
Splice Sounds	Sounds of KSHMR Vol. 3	KSHMR_Instruments -> KSHMR_Main_Instruments -> KSHMR_Guitar -> KSHMR_Guitar_Chords -> KSHMR_Acoustic_Chords	KSHMR_Acoustic_Guitar_Chords_26_128_C#-D#-Fm-C#-D#-G#-C#-C-Fm-C#-C	
Splice Sounds	Sounds of KSHMR Vol. 3	KSHMR_Instruments -> KSHMR_Main_Instruments -> KSHMR_Guitar -> KSHMR_Guitar_Chords -> KSHMR_Acoustic_Chords	KSHMR_Acoustic_Guitar_Chords_27_128_D-Bm-F#m-A	
Splice Sounds	Sounds of KSHMR Vol. 3	KSHMR_Instruments -> KSHMR_Main_Instruments -> KSHMR_Guitar -> KSHMR_Guitar_Chords -> KSHMR_Acoustic_Chords	KSHMR_Acoustic_Guitar_Chords_28_128_D-Bm-F#m-A_Open	
Splice Sounds	Sounds of KSHMR Vol. 3	KSHMR_Instruments -> KSHMR_Main_Instruments -> KSHMR_Guitar -> KSHMR_Guitar_Chords -> KSHMR_Acoustic_Chords	KSHMR_Acoustic_Guitar_Chords_29_128_D-Bm-F#m-A_Muted	
Splice Sounds	Sounds of KSHMR Vol. 3	KSHMR_Instruments -> KSHMR_Main_Instruments -> KSHMR_Guitar -> KSHMR_Guitar_Chords -> KSHMR_Acoustic_Chords	KSHMR_Acoustic_Guitar_Chords_30_128_D#m-Em	
Splice Sounds	Sounds of KSHMR Vol. 3	KSHMR_Instruments -> KSHMR_Main_Instruments -> KSHMR_Guitar -> KSHMR_Guitar_Chords -> KSHMR_Acoustic_Chords	KSHMR_Acoustic_Guitar_Chords_31_128_F-Am-G-F	
Splice Sounds	Sounds of KSHMR Vol. 3	KSHMR_Instruments -> KSHMR_Main_Instruments -> KSHMR_Guitar -> KSHMR_Guitar_Chords -> KSHMR_Acoustic_Chords	KSHMR_Acoustic_Guitar_Chords_32_128_Gm-D#-A#-F	
Splice Sounds	Sounds of KSHMR Vol. 3	KSHMR_Instruments -> KSHMR_Main_Instruments -> KSHMR_Guitar -> KSHMR_Guitar_Chords -> KSHMR_Acoustic_Chords	KSHMR_Acoustic_Guitar_Chords_33_129_G#-D#-A#-Cm	
Splice Sounds	Sounds of KSHMR Vol. 3	KSHMR_Instruments -> KSHMR_Main_Instruments -> KSHMR_Guitar -> KSHMR_Guitar_Chords -> KSHMR_Acoustic_Chords	KSHMR_Acoustic_Guitar_Chords_34_140_Am-G-F-G	
Splice Sounds	Sounds of KSHMR Vol. 3	KSHMR_Instruments -> KSHMR_Main_Instruments -> KSHMR_Guitar -> KSHMR_Guitar_Chords -> KSHMR_Acoustic_Chords	KSHMR_Acoustic_Guitar_Chords_35_140_Em	
Splice Sounds	Sounds of KSHMR Vol. 3	KSHMR_Instruments -> KSHMR_Main_Instruments -> KSHMR_Guitar -> KSHMR_Guitar_Chords -> KSHMR_Acoustic_Chords	KSHMR_Acoustic_Guitar_Chords_36_140_E-A-C#m-A	
Splice Sounds	Sounds of KSHMR Vol. 3	KSHMR_Instruments -> KSHMR_Main_Instruments -> KSHMR_Guitar -> KSHMR_Guitar_Chords -> KSHMR_Acoustic_Chords	KSHMR_Acoustic_Guitar_Chords_37_160_G#-Fm	
Splice Sounds	Sounds of KSHMR Vol. 3	KSHMR_Instruments -> KSHMR_Main_Instruments -> KSHMR_Guitar -> KSHMR_Guitar_Chords -> KSHMR_Electric_Chords	KSHMR_Electric_Guitar_Chords_01_95_Em-D-CMaj7	
Splice Sounds	Sounds of KSHMR Vol. 3	KSHMR_Instruments -> KSHMR_Main_Instruments -> KSHMR_Guitar -> KSHMR_Guitar_Chords -> KSHMR_Electric_Chords	KSHMR_Electric_Guitar_Chords_02_100_D#-F-Gm-F-D	
Splice Sounds	Sounds of KSHMR Vol. 3	KSHMR_Instruments -> KSHMR_Main_Instruments -> KSHMR_Guitar -> KSHMR_Guitar_Chords -> KSHMR_Electric_Chords	KSHMR_Electric_Guitar_Chords_03_100_Em-Bm-D-G-Em-Am	
Splice Sounds	Sounds of KSHMR Vol. 3	KSHMR_Instruments -> KSHMR_Main_Instruments -> KSHMR_Guitar -> KSHMR_Guitar_Chords -> KSHMR_Electric_Chords	KSHMR_Electric_Guitar_Chords_04_100_F-C-Dm-C	
Splice Sounds	Sounds of KSHMR Vol. 3	KSHMR_Instruments -> KSHMR_Main_Instruments -> KSHMR_Guitar -> KSHMR_Guitar_Chords -> KSHMR_Electric_Chords	KSHMR_Electric_Guitar_Chords_05_100_Fm-G#-D#-C#	
Splice Sounds	Sounds of KSHMR Vol. 3	KSHMR_Instruments -> KSHMR_Main_Instruments -> KSHMR_Guitar -> KSHMR_Guitar_Chords -> KSHMR_Electric_Chords	KSHMR_Electric_Guitar_Chords_06_105_Dm-Gm-Am7-F	
Splice Sounds	Sounds of KSHMR Vol. 3	KSHMR_Instruments -> KSHMR_Main_Instruments -> KSHMR_Guitar -> KSHMR_Guitar_Chords -> KSHMR_Electric_Chords	KSHMR_Electric_Guitar_Chords_07_105_Em-Am-G-Bm	
Splice Sounds	Sounds of KSHMR Vol. 3	KSHMR_Instruments -> KSHMR_Main_Instruments -> KSHMR_Guitar -> KSHMR_Guitar_Chords -> KSHMR_Electric_Chords	KSHMR_Electric_Guitar_Chords_08_105_Em-C-D_Am	
Splice Sounds	Sounds of KSHMR Vol. 3	KSHMR_Instruments -> KSHMR_Main_Instruments -> KSHMR_Guitar -> KSHMR_Guitar_Chords -> KSHMR_Electric_Chords	KSHMR_Electric_Guitar_Chords_09_105_G#-A#m-D#-Fm	
Splice Sounds	Sounds of KSHMR Vol. 3	KSHMR_Instruments -> KSHMR_Main_Instruments -> KSHMR_Guitar -> KSHMR_Guitar_Chords -> KSHMR_Electric_Chords	KSHMR_Electric_Guitar_Chords_10_107_Cm-D#m7-Gm-A#	
Splice Sounds	Sounds of KSHMR Vol. 3	KSHMR_Instruments -> KSHMR_Main_Instruments -> KSHMR_Guitar -> KSHMR_Guitar_Chords -> KSHMR_Electric_Chords	KSHMR_Electric_Guitar_Chords_11_110_C#m-A-G#-E-C#m-B-E	
Splice Sounds	Sounds of KSHMR Vol. 3	KSHMR_Instruments -> KSHMR_Main_Instruments -> KSHMR_Guitar -> KSHMR_Guitar_Chords -> KSHMR_Electric_Chords	KSHMR_Electric_Guitar_Chords_12_110_Fm7-G#-C#	
Splice Sounds	Sounds of KSHMR Vol. 3	KSHMR_Instruments -> KSHMR_Main_Instruments -> KSHMR_Guitar -> KSHMR_Guitar_Chords -> KSHMR_Electric_Chords	KSHMR_Electric_Guitar_Chords_13_110_G-A-F#m7-G	
Splice Sounds	Sounds of KSHMR Vol. 3	KSHMR_Instruments -> KSHMR_Main_Instruments -> KSHMR_Guitar -> KSHMR_Guitar_Chords -> KSHMR_Electric_Chords	KSHMR_Electric_Guitar_Chords_14_128_Em-D-C	
Splice Sounds	Sounds of KSHMR Vol. 3	KSHMR_Instruments -> KSHMR_Main_Instruments -> KSHMR_Guitar -> KSHMR_Guitar_Chords -> KSHMR_Electric_Chords	KSHMR_Electric_Guitar_Chords_15_128_Em-D-CMaj7_Triplet	
Splice Sounds	Sounds of KSHMR Vol. 3	KSHMR_Instruments -> KSHMR_Main_Instruments -> KSHMR_Guitar -> KSHMR_Guitar_Chords -> KSHMR_Electric_Chords	KSHMR_Electric_Guitar_Chords_16_128_F-Gm-Dm-A#	
Splice Sounds	Sounds of KSHMR Vol. 3	KSHMR_Instruments -> KSHMR_Main_Instruments -> KSHMR_Guitar -> KSHMR_Guitar_Chords -> KSHMR_Electric_Chords	KSHMR_Electric_Guitar_Chords_17_128_Fm-A#m-D#-Cm	
Splice Sounds	Sounds of KSHMR Vol. 3	KSHMR_Instruments -> KSHMR_Main_Instruments -> KSHMR_Guitar -> KSHMR_Guitar_Chords -> KSHMR_Electric_Chords	KSHMR_Electric_Guitar_Chords_18_128_Fm-C#-G#-Fm-C#-D#	
Splice Sounds	Sounds of KSHMR Vol. 3	KSHMR_Instruments -> KSHMR_Main_Instruments -> KSHMR_Guitar -> KSHMR_Guitar_Chords -> KSHMR_Electric_Chords	KSHMR_Electric_Guitar_Chords_19_128_Fm-D#-Fm-C#-C-Fm	
Splice Sounds	Sounds of KSHMR Vol. 3	KSHMR_Instruments -> KSHMR_Main_Instruments -> KSHMR_Guitar -> KSHMR_Guitar_Chords -> KSHMR_Electric_Chords	KSHMR_Electric_Guitar_Chords_20_128_Fm-Fsus2	
Splice Sounds	Sounds of KSHMR Vol. 3	KSHMR_Instruments -> KSHMR_Main_Instruments -> KSHMR_Guitar -> KSHMR_Guitar_Chords -> KSHMR_Electric_Chords	KSHMR_Electric_Guitar_Chords_21_128_Fm7-Cm7-A#m-Cm7	
Splice Sounds	Sounds of KSHMR Vol. 3	KSHMR_Instruments -> KSHMR_Main_Instruments -> KSHMR_Guitar -> KSHMR_Guitar_Chords -> KSHMR_Electric_Chords	KSHMR_Electric_Guitar_Chords_22_128_F#-D#m-A#m-G#	
Splice Sounds	Sounds of KSHMR Vol. 3	KSHMR_Instruments -> KSHMR_Main_Instruments -> KSHMR_Guitar -> KSHMR_Guitar_Chords -> KSHMR_Electric_Chords	KSHMR_Electric_Guitar_Chords_23_130_Gm	
Splice Sounds	Sounds of KSHMR Vol. 3	KSHMR_Instruments -> KSHMR_Main_Instruments -> KSHMR_Guitar -> KSHMR_Guitar_FX	KSHMR_Guitar_FX_01_Feedback_A#	
Splice Sounds	Sounds of KSHMR Vol. 3	KSHMR_Instruments -> KSHMR_Main_Instruments -> KSHMR_Guitar -> KSHMR_Guitar_FX	KSHMR_Guitar_FX_02_Mute_Strum_104_	
Splice Sounds	Sounds of KSHMR Vol. 3	KSHMR_Instruments -> KSHMR_Main_Instruments -> KSHMR_Guitar -> KSHMR_Guitar_FX	KSHMR_Guitar_FX_03_Powerchord_A	
Splice Sounds	Sounds of KSHMR Vol. 3	KSHMR_Instruments -> KSHMR_Main_Instruments -> KSHMR_Guitar -> KSHMR_Guitar_FX	KSHMR_Guitar_FX_04_Powerchord_B	
Splice Sounds	Sounds of KSHMR Vol. 3	KSHMR_Instruments -> KSHMR_Main_Instruments -> KSHMR_Guitar -> KSHMR_Guitar_FX	KSHMR_Guitar_FX_05_Powerchord_D	
Splice Sounds	Sounds of KSHMR Vol. 3	KSHMR_Instruments -> KSHMR_Main_Instruments -> KSHMR_Guitar -> KSHMR_Guitar_FX	KSHMR_Guitar_FX_06_Powerchord_G	
Splice Sounds	Sounds of KSHMR Vol. 3	KSHMR_Instruments -> KSHMR_Main_Instruments -> KSHMR_Guitar -> KSHMR_Guitar_FX	KSHMR_Guitar_FX_07_Scrape_D#	
Splice Sounds	Sounds of KSHMR Vol. 3	KSHMR_Instruments -> KSHMR_Main_Instruments -> KSHMR_Guitar -> KSHMR_Guitar_FX	KSHMR_Guitar_FX_08_Tap	
Splice Sounds	Sounds of KSHMR Vol. 3	KSHMR_Instruments -> KSHMR_Main_Instruments -> KSHMR_Guitar -> KSHMR_Guitar_Melodies	KSHMR_Guitar_Melody_01_75_F#m	
Splice Sounds	Sounds of KSHMR Vol. 3	KSHMR_Instruments -> KSHMR_Main_Instruments -> KSHMR_Guitar -> KSHMR_Guitar_Melodies	KSHMR_Guitar_Melody_02_90_Gm	
Splice Sounds	Sounds of KSHMR Vol. 3	KSHMR_Instruments -> KSHMR_Main_Instruments -> KSHMR_Guitar -> KSHMR_Guitar_Melodies	KSHMR_Guitar_Melody_03_97_Am_Chords	
Splice Sounds	Sounds of KSHMR Vol. 3	KSHMR_Instruments -> KSHMR_Main_Instruments -> KSHMR_Guitar -> KSHMR_Guitar_Melodies	KSHMR_Guitar_Melody_03_97_Am_Melody_Acoustic	
Splice Sounds	Sounds of KSHMR Vol. 3	KSHMR_Instruments -> KSHMR_Main_Instruments -> KSHMR_Guitar -> KSHMR_Guitar_Melodies	KSHMR_Guitar_Melody_03_97_Am_Melody_Electric	
Splice Sounds	Sounds of KSHMR Vol. 3	KSHMR_Instruments -> KSHMR_Main_Instruments -> KSHMR_Guitar -> KSHMR_Guitar_Melodies	KSHMR_Guitar_Melody_04_100_A#	
Splice Sounds	Sounds of KSHMR Vol. 3	KSHMR_Instruments -> KSHMR_Main_Instruments -> KSHMR_Guitar -> KSHMR_Guitar_Melodies	KSHMR_Guitar_Melody_05_100_D	
Splice Sounds	Sounds of KSHMR Vol. 3	KSHMR_Instruments -> KSHMR_Main_Instruments -> KSHMR_Guitar -> KSHMR_Guitar_Melodies	KSHMR_Guitar_Melody_06_100_F#	
Splice Sounds	Sounds of KSHMR Vol. 3	KSHMR_Instruments -> KSHMR_Main_Instruments -> KSHMR_Guitar -> KSHMR_Guitar_Melodies	KSHMR_Guitar_Melody_07_100_G#m	
Splice Sounds	Sounds of KSHMR Vol. 3	KSHMR_Instruments -> KSHMR_Main_Instruments -> KSHMR_Guitar -> KSHMR_Guitar_Melodies	KSHMR_Guitar_Melody_08_102_Am_Chords	
Splice Sounds	Sounds of KSHMR Vol. 3	KSHMR_Instruments -> KSHMR_Main_Instruments -> KSHMR_Guitar -> KSHMR_Guitar_Melodies	KSHMR_Guitar_Melody_08_102_Am_Melody	
Splice Sounds	Sounds of KSHMR Vol. 3	KSHMR_Instruments -> KSHMR_Main_Instruments -> KSHMR_Guitar -> KSHMR_Guitar_Melodies	KSHMR_Guitar_Melody_09_102_Gm	
Splice Sounds	Sounds of KSHMR Vol. 3	KSHMR_Instruments -> KSHMR_Main_Instruments -> KSHMR_Guitar -> KSHMR_Guitar_Melodies	KSHMR_Guitar_Melody_10_105_Am	
Splice Sounds	Sounds of KSHMR Vol. 3	KSHMR_Instruments -> KSHMR_Main_Instruments -> KSHMR_Guitar -> KSHMR_Guitar_Melodies	KSHMR_Guitar_Melody_11_105_Am	
Splice Sounds	Sounds of KSHMR Vol. 3	KSHMR_Instruments -> KSHMR_Main_Instruments -> KSHMR_Guitar -> KSHMR_Guitar_Melodies	KSHMR_Guitar_Melody_12_105_Am	
Splice Sounds	Sounds of KSHMR Vol. 3	KSHMR_Instruments -> KSHMR_Main_Instruments -> KSHMR_Guitar -> KSHMR_Guitar_Melodies	KSHMR_Guitar_Melody_13_110_Em	
Splice Sounds	Sounds of KSHMR Vol. 3	KSHMR_Instruments -> KSHMR_Main_Instruments -> KSHMR_Guitar -> KSHMR_Guitar_Melodies	KSHMR_Guitar_Melody_14_115_Fm	
Splice Sounds	Sounds of KSHMR Vol. 3	KSHMR_Instruments -> KSHMR_Main_Instruments -> KSHMR_Guitar -> KSHMR_Guitar_Melodies	KSHMR_Guitar_Melody_15_115_Fm	
Splice Sounds	Sounds of KSHMR Vol. 3	KSHMR_Instruments -> KSHMR_Main_Instruments -> KSHMR_Guitar -> KSHMR_Guitar_Melodies	KSHMR_Guitar_Melody_16_126_F#m	
Splice Sounds	Sounds of KSHMR Vol. 3	KSHMR_Instruments -> KSHMR_Main_Instruments -> KSHMR_Guitar -> KSHMR_Guitar_Melodies	KSHMR_Guitar_Melody_17_128_Dm	
Splice Sounds	Sounds of KSHMR Vol. 3	KSHMR_Instruments -> KSHMR_Main_Instruments -> KSHMR_Guitar -> KSHMR_Guitar_Melodies	KSHMR_Guitar_Melody_18_128_Em	
Splice Sounds	Sounds of KSHMR Vol. 3	KSHMR_Instruments -> KSHMR_Main_Instruments -> KSHMR_Guitar -> KSHMR_Guitar_Melodies	KSHMR_Guitar_Melody_19_128_Fm	
Splice Sounds	Sounds of KSHMR Vol. 3	KSHMR_Instruments -> KSHMR_Main_Instruments -> KSHMR_Reverse_Instruments	KSHMR_Reverse_Instrument_01_Guitar_100_F	
Splice Sounds	Sounds of KSHMR Vol. 3	KSHMR_Instruments -> KSHMR_Main_Instruments -> KSHMR_Reverse_Instruments	KSHMR_Reverse_Instrument_02_Guitar_102_A	
Splice Sounds	Sounds of KSHMR Vol. 3	KSHMR_Instruments -> KSHMR_Main_Instruments -> KSHMR_Reverse_Instruments	KSHMR_Reverse_Instrument_03_Strings_128_C	
Splice Sounds	Sounds of KSHMR Vol. 3	KSHMR_Instruments -> KSHMR_Main_Instruments -> KSHMR_Reverse_Instruments	KSHMR_Reverse_Instrument_04_Cello_128_Em	
Splice Sounds	Sounds of KSHMR Vol. 3	KSHMR_Instruments -> KSHMR_Main_Instruments -> KSHMR_Reverse_Instruments	KSHMR_Reverse_Instrument_05_Guitar_and_Voice_128_F	
Splice Sounds	Sounds of KSHMR Vol. 3	KSHMR_Instruments -> KSHMR_Main_Instruments -> KSHMR_Reverse_Instruments	KSHMR_Reverse_Instrument_06_Rhodes_128_Fm	
Splice Sounds	Sounds of KSHMR Vol. 3	KSHMR_Instruments -> KSHMR_Main_Instruments -> KSHMR_Reverse_Instruments	KSHMR_Reverse_Instrument_07_Strings_128_F#m	
Splice Sounds	Sounds of KSHMR Vol. 3	KSHMR_Instruments -> KSHMR_Main_Instruments -> KSHMR_Reverse_Instruments	KSHMR_Reverse_Instrument_08_Guitar_128_G	
Splice Sounds	Sounds of KSHMR Vol. 3	KSHMR_Instruments -> KSHMR_Main_Instruments -> KSHMR_Reverse_Instruments	KSHMR_Reverse_Instrument_09_Guitar_128_G	
Splice Sounds	Sounds of KSHMR Vol. 3	KSHMR_Instruments -> KSHMR_Main_Instruments -> KSHMR_Saxophone	KSHMR_Sax_01_One_Shot_Bend_Down_D	
Splice Sounds	Sounds of KSHMR Vol. 3	KSHMR_Instruments -> KSHMR_Main_Instruments -> KSHMR_Saxophone	KSHMR_Sax_02_One_Shot_Long_Solo_Am	
Splice Sounds	Sounds of KSHMR Vol. 3	KSHMR_Instruments -> KSHMR_Main_Instruments -> KSHMR_Saxophone	KSHMR_Sax_03_Melody_89_Cm	
Splice Sounds	Sounds of KSHMR Vol. 3	KSHMR_Instruments -> KSHMR_Main_Instruments -> KSHMR_Saxophone	KSHMR_Sax_04_Melody_89_D#	
Splice Sounds	Sounds of KSHMR Vol. 3	KSHMR_Instruments -> KSHMR_Main_Instruments -> KSHMR_Saxophone	KSHMR_Sax_05_Melody_100_Bm	
Splice Sounds	Sounds of KSHMR Vol. 3	KSHMR_Instruments -> KSHMR_Main_Instruments -> KSHMR_Saxophone	KSHMR_Sax_06_Melody_100_C#m	
Splice Sounds	Sounds of KSHMR Vol. 3	KSHMR_Instruments -> KSHMR_Main_Instruments -> KSHMR_Saxophone	KSHMR_Sax_07_Melody_110_Cm	
Splice Sounds	Sounds of KSHMR Vol. 3	KSHMR_Instruments -> KSHMR_Main_Instruments -> KSHMR_Saxophone	KSHMR_Sax_08_Melody_110_Cm	
Splice Sounds	Sounds of KSHMR Vol. 3	KSHMR_Instruments -> KSHMR_Main_Instruments -> KSHMR_Saxophone	KSHMR_Sax_09_Melody_110_Cm	
Splice Sounds	Sounds of KSHMR Vol. 3	KSHMR_Instruments -> KSHMR_Main_Instruments -> KSHMR_Saxophone	KSHMR_Sax_10_Melody_110_F#m	
Splice Sounds	Sounds of KSHMR Vol. 3	KSHMR_Instruments -> KSHMR_Main_Instruments -> KSHMR_Saxophone	KSHMR_Sax_11_Melody_110_F#m	
Splice Sounds	Sounds of KSHMR Vol. 3	KSHMR_Instruments -> KSHMR_Main_Instruments -> KSHMR_Saxophone	KSHMR_Sax_12_Melody_110_F#m	
Splice Sounds	Sounds of KSHMR Vol. 3	KSHMR_Instruments -> KSHMR_Main_Instruments -> KSHMR_Saxophone	KSHMR_Sax_13_Melody_110_Gm	
Splice Sounds	Sounds of KSHMR Vol. 3	KSHMR_Instruments -> KSHMR_Main_Instruments -> KSHMR_Saxophone	KSHMR_Sax_14_Melody_110_Gm	
Splice Sounds	Sounds of KSHMR Vol. 3	KSHMR_Instruments -> KSHMR_Main_Instruments -> KSHMR_Saxophone	KSHMR_Sax_15_Melody_110_Gm	
Splice Sounds	Sounds of KSHMR Vol. 3	KSHMR_Instruments -> KSHMR_Main_Instruments -> KSHMR_Saxophone	KSHMR_Sax_16_Melody_115_Cm	
Splice Sounds	Sounds of KSHMR Vol. 3	KSHMR_Instruments -> KSHMR_Main_Instruments -> KSHMR_Saxophone	KSHMR_Sax_17_Melody_115_Cm	
Splice Sounds	Sounds of KSHMR Vol. 3	KSHMR_Instruments -> KSHMR_Main_Instruments -> KSHMR_Saxophone	KSHMR_Sax_18_Melody_120_Gm	
Splice Sounds	Sounds of KSHMR Vol. 3	KSHMR_Instruments -> KSHMR_Main_Instruments -> KSHMR_Saxophone	KSHMR_Sax_19_Melody_120_Gm	
Splice Sounds	Sounds of KSHMR Vol. 3	KSHMR_Instruments -> KSHMR_Main_Instruments -> KSHMR_Saxophone	KSHMR_Sax_20_Melody_120_Gm	
Splice Sounds	Sounds of KSHMR Vol. 3	KSHMR_Instruments -> KSHMR_Main_Instruments -> KSHMR_Saxophone	KSHMR_Sax_21_Melody_120_Gm	
Splice Sounds	Sounds of KSHMR Vol. 3	KSHMR_Instruments -> KSHMR_Main_Instruments -> KSHMR_Saxophone	KSHMR_Sax_22_Melody_120_Gm	
Splice Sounds	Sounds of KSHMR Vol. 3	KSHMR_Instruments -> KSHMR_Main_Instruments -> KSHMR_Saxophone	KSHMR_Sax_23_Melody_130_Gm	
Splice Sounds	Sounds of KSHMR Vol. 3	KSHMR_Instruments -> KSHMR_Main_Instruments -> KSHMR_Saxophone	KSHMR_Sax_24_Melody_140_Am	
Splice Sounds	Sounds of KSHMR Vol. 3	KSHMR_Instruments -> KSHMR_Main_Instruments -> KSHMR_Saxophone	KSHMR_Sax_25_Melody_140_Dm	
Splice Sounds	Sounds of KSHMR Vol. 3	KSHMR_Instruments -> KSHMR_Main_Instruments -> KSHMR_Saxophone	KSHMR_Sax_26_Melody_140_Dm	
Splice Sounds	Sounds of KSHMR Vol. 3	KSHMR_Instruments -> KSHMR_Main_Instruments -> KSHMR_Saxophone	KSHMR_Sax_27_Melody_140_Dm_Triplet	
Splice Sounds	Sounds of KSHMR Vol. 3	KSHMR_Instruments -> KSHMR_Main_Instruments -> KSHMR_Trumpet	KSHMR_Trumpet_01_89_Fm	
Splice Sounds	Sounds of KSHMR Vol. 3	KSHMR_Instruments -> KSHMR_Main_Instruments -> KSHMR_Trumpet	KSHMR_Trumpet_02_89_G#	
Splice Sounds	Sounds of KSHMR Vol. 3	KSHMR_Instruments -> KSHMR_Main_Instruments -> KSHMR_Trumpet	KSHMR_Trumpet_03_89_G#	
Splice Sounds	Sounds of KSHMR Vol. 3	KSHMR_Instruments -> KSHMR_Main_Instruments -> KSHMR_Trumpet	KSHMR_Trumpet_04_104_Bm	
Splice Sounds	Sounds of KSHMR Vol. 3	KSHMR_Instruments -> KSHMR_Main_Instruments -> KSHMR_Trumpet	KSHMR_Trumpet_05_112_Am	
Splice Sounds	Sounds of KSHMR Vol. 3	KSHMR_Instruments -> KSHMR_Main_Instruments -> KSHMR_Trumpet	KSHMR_Trumpet_06_120_F_Arabic	
Splice Sounds	Sounds of KSHMR Vol. 3	KSHMR_Instruments -> KSHMR_Main_Instruments -> KSHMR_Trumpet	KSHMR_Trumpet_07_124_Em	
Splice Sounds	Sounds of KSHMR Vol. 3	KSHMR_Instruments -> KSHMR_Main_Instruments -> KSHMR_Trumpet	KSHMR_Trumpet_08_124_Em	
Splice Sounds	Sounds of KSHMR Vol. 3	KSHMR_Instruments -> KSHMR_Main_Instruments -> KSHMR_Trumpet	KSHMR_Trumpet_09_124_Em	
Splice Sounds	Sounds of KSHMR Vol. 3	KSHMR_Instruments -> KSHMR_Main_Instruments -> KSHMR_Trumpet	KSHMR_Trumpet_10_124_G	
Splice Sounds	Sounds of KSHMR Vol. 3	KSHMR_Instruments -> KSHMR_Main_Instruments -> KSHMR_Violin	KSHMR_Violin_01_100_C#	
Splice Sounds	Sounds of KSHMR Vol. 3	KSHMR_Instruments -> KSHMR_Main_Instruments -> KSHMR_Violin	KSHMR_Violin_02_100_C#m	
Splice Sounds	Sounds of KSHMR Vol. 3	KSHMR_Instruments -> KSHMR_Main_Instruments -> KSHMR_Violin	KSHMR_Violin_03_100_Pizzicato_C#m	
Splice Sounds	Sounds of KSHMR Vol. 3	KSHMR_Instruments -> KSHMR_Main_Instruments -> KSHMR_Violin	KSHMR_Violin_04_100_Gm	
Splice Sounds	Sounds of KSHMR Vol. 3	KSHMR_Instruments -> KSHMR_Main_Instruments -> KSHMR_Violin	KSHMR_Violin_05_100_Gm	
Splice Sounds	Sounds of KSHMR Vol. 3	KSHMR_Instruments -> KSHMR_Main_Instruments -> KSHMR_Violin	KSHMR_Violin_06_104_F#m	
Splice Sounds	Sounds of KSHMR Vol. 3	KSHMR_Instruments -> KSHMR_Main_Instruments -> KSHMR_Violin	KSHMR_Violin_07_105_Am	
Splice Sounds	Sounds of KSHMR Vol. 3	KSHMR_Instruments -> KSHMR_Main_Instruments -> KSHMR_Violin	KSHMR_Violin_08_105_Am	
Splice Sounds	Sounds of KSHMR Vol. 3	KSHMR_Instruments -> KSHMR_Main_Instruments -> KSHMR_Violin	KSHMR_Violin_09_106_Fm	
Splice Sounds	Sounds of KSHMR Vol. 3	KSHMR_Instruments -> KSHMR_Main_Instruments -> KSHMR_Violin	KSHMR_Violin_10_110_Gm	
Splice Sounds	Sounds of KSHMR Vol. 3	KSHMR_Instruments -> KSHMR_Main_Instruments -> KSHMR_Violin	KSHMR_Violin_11_115_Fm	
Splice Sounds	Sounds of KSHMR Vol. 3	KSHMR_Instruments -> KSHMR_Main_Instruments -> KSHMR_Violin	KSHMR_Violin_12_115_Fm	
Splice Sounds	Sounds of KSHMR Vol. 3	KSHMR_Instruments -> KSHMR_Main_Instruments -> KSHMR_Violin	KSHMR_Violin_13_120_G#m	
Splice Sounds	Sounds of KSHMR Vol. 3	KSHMR_Instruments -> KSHMR_Main_Instruments -> KSHMR_Violin	KSHMR_Violin_14_128_C#m	
Splice Sounds	Sounds of KSHMR Vol. 3	KSHMR_Instruments -> KSHMR_Main_Instruments -> KSHMR_Violin	KSHMR_Violin_15_128_Dm	
Splice Sounds	Sounds of KSHMR Vol. 3	KSHMR_Instruments -> KSHMR_Main_Instruments -> KSHMR_Violin	KSHMR_Violin_16_128_Em	
Splice Sounds	Sounds of KSHMR Vol. 3	KSHMR_Instruments -> KSHMR_Main_Instruments -> KSHMR_Violin	KSHMR_Violin_FX_01_Power_Chord_A	
Splice Sounds	Sounds of KSHMR Vol. 3	KSHMR_Instruments -> KSHMR_Main_Instruments -> KSHMR_Violin	KSHMR_Violin_FX_02_Riser	
Splice Sounds	Sounds of KSHMR Vol. 3	KSHMR_Instruments -> KSHMR_Main_Instruments -> KSHMR_Violin	KSHMR_Violin_FX_03_Scary_A	
Splice Sounds	Sounds of KSHMR Vol. 3	KSHMR_Instruments -> KSHMR_Main_Instruments -> KSHMR_Violin	KSHMR_Violin_FX_04_Scary_C	
Splice Sounds	Sounds of KSHMR Vol. 3	KSHMR_Instruments -> KSHMR_Main_Instruments -> KSHMR_Violin	KSHMR_Violin_FX_05_Wah_Wah_100_Am	
Splice Sounds	Sounds of KSHMR Vol. 3	KSHMR_Song_Starters -> KSHMR_Song_Starters_Hip_Hop	KSHMR_Song_Starter_Hip_Hop_Angels_Falling_126_Dm	
Splice Sounds	Sounds of KSHMR Vol. 3	KSHMR_Song_Starters -> KSHMR_Song_Starters_Hip_Hop	KSHMR_Song_Starter_Hip_Hop_Bobble_Head_125_A#m	
Splice Sounds	Sounds of KSHMR Vol. 3	KSHMR_Song_Starters -> KSHMR_Song_Starters_Hip_Hop	KSHMR_Song_Starter_Hip_Hop_Bollywood_After_Dark_141_F_Arabic	
Splice Sounds	Sounds of KSHMR Vol. 3	KSHMR_Song_Starters -> KSHMR_Song_Starters_Hip_Hop	KSHMR_Song_Starter_Hip_Hop_Criminal_157_F	
Splice Sounds	Sounds of KSHMR Vol. 3	KSHMR_Song_Starters -> KSHMR_Song_Starters_Hip_Hop	KSHMR_Song_Starter_Hip_Hop_Fancy_Shmancy_94_C#m	
Splice Sounds	Sounds of KSHMR Vol. 3	KSHMR_Song_Starters -> KSHMR_Song_Starters_Hip_Hop	KSHMR_Song_Starter_Hip_Hop_Final_Stand_170_Fm	
Splice Sounds	Sounds of KSHMR Vol. 3	KSHMR_Song_Starters -> KSHMR_Song_Starters_Hip_Hop	KSHMR_Song_Starter_Hip_Hop_Fine_Wine_90_Em_Full	
Splice Sounds	Sounds of KSHMR Vol. 3	KSHMR_Song_Starters -> KSHMR_Song_Starters_Hip_Hop	KSHMR_Song_Starter_Hip_Hop_Fine_Wine_90_Em_No_Drums	
Splice Sounds	Sounds of KSHMR Vol. 3	KSHMR_Song_Starters -> KSHMR_Song_Starters_Hip_Hop	KSHMR_Song_Starter_Hip_Hop_Ghost_Dog_120_Am	
Splice Sounds	Sounds of KSHMR Vol. 3	KSHMR_Song_Starters -> KSHMR_Song_Starters_Hip_Hop	KSHMR_Song_Starter_Hip_Hop_Hells_Kitchen_148_Bm	
Splice Sounds	Sounds of KSHMR Vol. 3	KSHMR_Song_Starters -> KSHMR_Song_Starters_Hip_Hop	KSHMR_Song_Starter_Hip_Hop_Holy_Water_104_Dm	
Splice Sounds	Sounds of KSHMR Vol. 3	KSHMR_Song_Starters -> KSHMR_Song_Starters_Hip_Hop	KSHMR_Song_Starter_Hip_Hop_Lavish_140_Fm_Bass	
Splice Sounds	Sounds of KSHMR Vol. 3	KSHMR_Song_Starters -> KSHMR_Song_Starters_Hip_Hop	KSHMR_Song_Starter_Hip_Hop_Lavish_140_Fm_Lead	
Splice Sounds	Sounds of KSHMR Vol. 3	KSHMR_Song_Starters -> KSHMR_Song_Starters_Hip_Hop	KSHMR_Song_Starter_Hip_Hop_Lavish_140_Fm_Strings	
Splice Sounds	Sounds of KSHMR Vol. 3	KSHMR_Song_Starters -> KSHMR_Song_Starters_Hip_Hop	KSHMR_Song_Starter_Hip_Hop_Lord_Help_Me_170_G#m_A	
Splice Sounds	Sounds of KSHMR Vol. 3	KSHMR_Song_Starters -> KSHMR_Song_Starters_Hip_Hop	KSHMR_Song_Starter_Hip_Hop_Lord_Help_Me_170_G#m_B	
Splice Sounds	Sounds of KSHMR Vol. 3	KSHMR_Song_Starters -> KSHMR_Song_Starters_Hip_Hop	KSHMR_Song_Starter_Hip_Hop_Lost_in_Space_150_Fm	
Splice Sounds	Sounds of KSHMR Vol. 3	KSHMR_Song_Starters -> KSHMR_Song_Starters_Hip_Hop	KSHMR_Song_Starter_Hip_Hop_Majesty_80_Am	
Splice Sounds	Sounds of KSHMR Vol. 3	KSHMR_Song_Starters -> KSHMR_Song_Starters_Hip_Hop	KSHMR_Song_Starter_Hip_Hop_Mind_Hunter_128_Em	
Splice Sounds	Sounds of KSHMR Vol. 3	KSHMR_Song_Starters -> KSHMR_Song_Starters_Hip_Hop	KSHMR_Song_Starter_Hip_Hop_Mustard_90_Am	
Splice Sounds	Sounds of KSHMR Vol. 3	KSHMR_Song_Starters -> KSHMR_Song_Starters_Hip_Hop	KSHMR_Song_Starter_Hip_Hop_Old_Piano_150_F#m	
Splice Sounds	Sounds of KSHMR Vol. 3	KSHMR_Song_Starters -> KSHMR_Song_Starters_Hip_Hop	KSHMR_Song_Starter_Hip_Hop_Piano_Murder_90_F	
Splice Sounds	Sounds of KSHMR Vol. 3	KSHMR_Song_Starters -> KSHMR_Song_Starters_Hip_Hop	KSHMR_Song_Starter_Hip_Hop_Rattle_Snake_110_Dm	
Splice Sounds	Sounds of KSHMR Vol. 3	KSHMR_Song_Starters -> KSHMR_Song_Starters_Hip_Hop	KSHMR_Song_Starter_Hip_Hop_Rattle_Tale_100_Am	
Splice Sounds	Sounds of KSHMR Vol. 3	KSHMR_Song_Starters -> KSHMR_Song_Starters_Hip_Hop	KSHMR_Song_Starter_Hip_Hop_Sleeping_Beauty_120_Fm	
Splice Sounds	Sounds of KSHMR Vol. 3	KSHMR_Song_Starters -> KSHMR_Song_Starters_Hip_Hop	KSHMR_Song_Starter_Hip_Hop_Smoke_In_The_Air_120_Am	
Splice Sounds	Sounds of KSHMR Vol. 3	KSHMR_Song_Starters -> KSHMR_Song_Starters_Hip_Hop	KSHMR_Song_Starter_Hip_Hop_Tip_Toeing_128_Em	
Splice Sounds	Sounds of KSHMR Vol. 3	KSHMR_Song_Starters -> KSHMR_Song_Starters_Hip_Hop	KSHMR_Song_Starter_Hip_Hop_Unsolved_Mystery_80_Am	
Splice Sounds	Sounds of KSHMR Vol. 3	KSHMR_Song_Starters -> KSHMR_Song_Starters_Hip_Hop	KSHMR_Song_Starter_Hip_Hop_Wandering_Ghost_124_Fm	
Splice Sounds	Sounds of KSHMR Vol. 3	KSHMR_Song_Starters -> KSHMR_Song_Starters_Hip_Hop	KSHMR_Song_Starter_Hip_Hop_War_March_140_Cm	
Splice Sounds	Sounds of KSHMR Vol. 3	KSHMR_Song_Starters -> KSHMR_Song_Starters_Hip_Hop	KSHMR_Song_Starter_Hip_Hop_Warning_120_Em	
Splice Sounds	Sounds of KSHMR Vol. 3	KSHMR_Song_Starters -> KSHMR_Song_Starters_Hip_Hop	KSHMR_Song_Starter_Hip_Hop_Wild_Winds_126_Fm	
Splice Sounds	Sounds of KSHMR Vol. 3	KSHMR_Song_Starters -> KSHMR_Song_Starters_Main	KSHMR_Song_Starter_01_80s_Eternal_Flame_117_F#m	
Splice Sounds	Sounds of KSHMR Vol. 3	KSHMR_Song_Starters -> KSHMR_Song_Starters_Main	KSHMR_Song_Starter_02_80s_Love_Scene_90_G-Em-C-A-D	
Splice Sounds	Sounds of KSHMR Vol. 3	KSHMR_Song_Starters -> KSHMR_Song_Starters_Main	KSHMR_Song_Starter_03_A_Perfect_Summer_90_Em	
Splice Sounds	Sounds of KSHMR Vol. 3	KSHMR_Song_Starters -> KSHMR_Song_Starters_Main	KSHMR_Song_Starter_04_Back_To_The_Future_100_F-Am-G-Dm	
Splice Sounds	Sounds of KSHMR Vol. 3	KSHMR_Song_Starters -> KSHMR_Song_Starters_Main	KSHMR_Song_Starter_05_Beach_Brochure_115_Fm	
Splice Sounds	Sounds of KSHMR Vol. 3	KSHMR_Song_Starters -> KSHMR_Song_Starters_Main	KSHMR_Song_Starter_06_Beautiful_Mind_174_Em-G-D	
Splice Sounds	Sounds of KSHMR Vol. 3	KSHMR_Song_Starters -> KSHMR_Song_Starters_Main	KSHMR_Song_Starter_07_Bedtime_Story_100_Dm7-Bb	
Splice Sounds	Sounds of KSHMR Vol. 3	KSHMR_Song_Starters -> KSHMR_Song_Starters_Main	KSHMR_Song_Starter_08_Bonus_Life_160_C#m-E-A-F#m	
Splice Sounds	Sounds of KSHMR Vol. 3	KSHMR_Song_Starters -> KSHMR_Song_Starters_Main	KSHMR_Song_Starter_09_Breathing_Texture_140_Dm-F-Em-D#	
Splice Sounds	Sounds of KSHMR Vol. 3	KSHMR_Song_Starters -> KSHMR_Song_Starters_Main	KSHMR_Song_Starter_10_Brilliance_110_D-Bm-Em	
Splice Sounds	Sounds of KSHMR Vol. 3	KSHMR_Song_Starters -> KSHMR_Song_Starters_Main	KSHMR_Song_Starter_11_Childhood_Friends_120_Fm	
Splice Sounds	Sounds of KSHMR Vol. 3	KSHMR_Song_Starters -> KSHMR_Song_Starters_Main	KSHMR_Song_Starter_12_Distasterpiece_90_G-Em-B-C	
Splice Sounds	Sounds of KSHMR Vol. 3	KSHMR_Song_Starters -> KSHMR_Song_Starters_Main	KSHMR_Song_Starter_13_Dragon_Flute_100_Gm	
Splice Sounds	Sounds of KSHMR Vol. 3	KSHMR_Song_Starters -> KSHMR_Song_Starters_Main	KSHMR_Song_Starter_14_Dust_Off_Your_Love_90_Fm-C#-Fm-Cm7	
Splice Sounds	Sounds of KSHMR Vol. 3	KSHMR_Song_Starters -> KSHMR_Song_Starters_Main	KSHMR_Song_Starter_15_Eleventh_Hour_102_Bm-F#m-Em7-G	
Splice Sounds	Sounds of KSHMR Vol. 3	KSHMR_Song_Starters -> KSHMR_Song_Starters_Main	KSHMR_Song_Starter_16_Emotional_Vacancy_150_Fm-D#-Cm7-C#	
Splice Sounds	Sounds of KSHMR Vol. 3	KSHMR_Song_Starters -> KSHMR_Song_Starters_Main	KSHMR_Song_Starter_17_Endless_Horizon_135_Fm	
Splice Sounds	Sounds of KSHMR Vol. 3	KSHMR_Song_Starters -> KSHMR_Song_Starters_Main	KSHMR_Song_Starter_18_First_Crush_90_A#m	
Splice Sounds	Sounds of KSHMR Vol. 3	KSHMR_Song_Starters -> KSHMR_Song_Starters_Main	KSHMR_Song_Starter_19_Flicker_Of_The_Heart_100_Cm	
Splice Sounds	Sounds of KSHMR Vol. 3	KSHMR_Song_Starters -> KSHMR_Song_Starters_Main	KSHMR_Song_Starter_20_Flow_of_Life_130_Em-G-D	
Splice Sounds	Sounds of KSHMR Vol. 3	KSHMR_Song_Starters -> KSHMR_Song_Starters_Main	KSHMR_Song_Starter_21_Golden_Era_148_Fm-G	
Splice Sounds	Sounds of KSHMR Vol. 3	KSHMR_Song_Starters -> KSHMR_Song_Starters_Main	KSHMR_Song_Starter_22_Guitars_Dream_Of_Space_127_Em	
Splice Sounds	Sounds of KSHMR Vol. 3	KSHMR_Song_Starters -> KSHMR_Song_Starters_Main	KSHMR_Song_Starter_23_House_Feels_126_Fm	
Splice Sounds	Sounds of KSHMR Vol. 3	KSHMR_Song_Starters -> KSHMR_Song_Starters_Main	KSHMR_Song_Starter_24_Infinite_Dreamstate_128_Gm	
Splice Sounds	Sounds of KSHMR Vol. 3	KSHMR_Song_Starters -> KSHMR_Song_Starters_Main	KSHMR_Song_Starter_25_Inhale_Slow_140_G-Em7-F#m7-G-Em7-F#m7-Am7-D	
Splice Sounds	Sounds of KSHMR Vol. 3	KSHMR_Song_Starters -> KSHMR_Song_Starters_Main	KSHMR_Song_Starter_26_Intruder_Of_The_Heart_146_Am-F-Em7	
Splice Sounds	Sounds of KSHMR Vol. 3	KSHMR_Song_Starters -> KSHMR_Song_Starters_Main	KSHMR_Song_Starter_27_Lovely_Day_96_F#-Fm7-D#m7-Fm7	
Splice Sounds	Sounds of KSHMR Vol. 3	KSHMR_Song_Starters -> KSHMR_Song_Starters_Main	KSHMR_Song_Starter_28_Memory_Lane_100_F#m	
Splice Sounds	Sounds of KSHMR Vol. 3	KSHMR_Song_Starters -> KSHMR_Song_Starters_Main	KSHMR_Song_Starter_29_Oceans_of_Emotions_127_F-Dm-A#	
Splice Sounds	Sounds of KSHMR Vol. 3	KSHMR_Song_Starters -> KSHMR_Song_Starters_Main	KSHMR_Song_Starter_30_Old_Dirt_Roads_135_E-B-A-E	
Splice Sounds	Sounds of KSHMR Vol. 3	KSHMR_Song_Starters -> KSHMR_Song_Starters_Main	KSHMR_Song_Starter_31_Piano_In_The_Dark_128_Gm	
Splice Sounds	Sounds of KSHMR Vol. 3	KSHMR_Song_Starters -> KSHMR_Song_Starters_Main	KSHMR_Song_Starter_32_Polaroids_Of_You_98_Fm	
Splice Sounds	Sounds of KSHMR Vol. 3	KSHMR_Song_Starters -> KSHMR_Song_Starters_Main	KSHMR_Song_Starter_33_Raindrops_140_Fm-E-G#-C#	
Splice Sounds	Sounds of KSHMR Vol. 3	KSHMR_Song_Starters -> KSHMR_Song_Starters_Main	KSHMR_Song_Starter_34_Screaming_Silence_90_Cm	
Splice Sounds	Sounds of KSHMR Vol. 3	KSHMR_Song_Starters -> KSHMR_Song_Starters_Main	KSHMR_Song_Starter_35_Silent_Assassin_150_Gm-D	
Splice Sounds	Sounds of KSHMR Vol. 3	KSHMR_Song_Starters -> KSHMR_Song_Starters_Main	KSHMR_Song_Starter_36_Take_Me_Home-_154_Am7-C-G	
Splice Sounds	Sounds of KSHMR Vol. 3	KSHMR_Song_Starters -> KSHMR_Song_Starters_Main	KSHMR_Song_Starter_37_Tears_On_A_Harp_120_Cm-A#-Fm	
Splice Sounds	Sounds of KSHMR Vol. 3	KSHMR_Song_Starters -> KSHMR_Song_Starters_Main	KSHMR_Song_Starter_38_Villager_Dreams_128_Fm	
Splice Sounds	Sounds of KSHMR Vol. 3	KSHMR_Song_Starters -> KSHMR_Song_Starters_Main	KSHMR_Song_Starter_39_Visions_of_Then_96_G-D-A-Bm7	
Splice Sounds	Sounds of KSHMR Vol. 3	KSHMR_Song_Starters -> KSHMR_Song_Starters_Main	KSHMR_Song_Starter_40_Wah_Me_Down_140_Dm-F-A#-Gm	
Splice Sounds	Sounds of KSHMR Vol. 3	KSHMR_Song_Starters -> KSHMR_Song_Starters_Main	KSHMR_Song_Starter_41_Waltz_of_The_Mouse_100_Fm	
Splice Sounds	Sounds of KSHMR Vol. 3	KSHMR_Song_Starters -> KSHMR_Song_Starters_Main	KSHMR_Song_Starter_42_What_You_Mean_100_F#m-C#m-D	
Splice Sounds	Sounds of KSHMR Vol. 3	KSHMR_Song_Starters -> KSHMR_Song_Starters_Main	KSHMR_Song_Starter_43_Young_Hearts_Be_Free_128_F-Am7-Dm-A#-C-F-A-Dm-A#-C	
Splice Sounds	Sounds of KSHMR Vol. 3	KSHMR_Synths -> KSHMR_Bass_One_Shots -> KSHMR_Bass_FX	KSHMR_Bass_FX_01_A	
Splice Sounds	Sounds of KSHMR Vol. 3	KSHMR_Synths -> KSHMR_Bass_One_Shots -> KSHMR_Bass_FX	KSHMR_Bass_FX_02_A	
Splice Sounds	Sounds of KSHMR Vol. 3	KSHMR_Synths -> KSHMR_Bass_One_Shots -> KSHMR_Bass_FX	KSHMR_Bass_FX_03_D	
Splice Sounds	Sounds of KSHMR Vol. 3	KSHMR_Synths -> KSHMR_Bass_One_Shots -> KSHMR_Bass_FX	KSHMR_Bass_FX_04_D	
Splice Sounds	Sounds of KSHMR Vol. 3	KSHMR_Synths -> KSHMR_Bass_One_Shots -> KSHMR_Bass_FX	KSHMR_Bass_FX_05_E	
Splice Sounds	Sounds of KSHMR Vol. 3	KSHMR_Synths -> KSHMR_Bass_One_Shots -> KSHMR_Bass_FX	KSHMR_Bass_FX_06_F	
Splice Sounds	Sounds of KSHMR Vol. 3	KSHMR_Synths -> KSHMR_Bass_One_Shots -> KSHMR_Bass_FX	KSHMR_Bass_FX_07_G#	
Splice Sounds	Sounds of KSHMR Vol. 3	KSHMR_Synths -> KSHMR_Bass_One_Shots -> KSHMR_Bass_FX	KSHMR_Bass_FX_08_G#	
Splice Sounds	Sounds of KSHMR Vol. 3	KSHMR_Synths -> KSHMR_Bass_One_Shots -> KSHMR_Bass_Growl	KSHMR_Bass_Growl_01_A	
Splice Sounds	Sounds of KSHMR Vol. 3	KSHMR_Synths -> KSHMR_Bass_One_Shots -> KSHMR_Bass_Growl	KSHMR_Bass_Growl_02_D	
Splice Sounds	Sounds of KSHMR Vol. 3	KSHMR_Synths -> KSHMR_Bass_One_Shots -> KSHMR_Bass_Growl	KSHMR_Bass_Growl_03_D	
Splice Sounds	Sounds of KSHMR Vol. 3	KSHMR_Synths -> KSHMR_Bass_One_Shots -> KSHMR_Bass_Growl	KSHMR_Bass_Growl_04_D	
Splice Sounds	Sounds of KSHMR Vol. 3	KSHMR_Synths -> KSHMR_Bass_One_Shots -> KSHMR_Bass_Growl	KSHMR_Bass_Growl_05_D#	
Splice Sounds	Sounds of KSHMR Vol. 3	KSHMR_Synths -> KSHMR_Bass_One_Shots -> KSHMR_Bass_Growl	KSHMR_Bass_Growl_06_D#	
Splice Sounds	Sounds of KSHMR Vol. 3	KSHMR_Synths -> KSHMR_Bass_One_Shots -> KSHMR_Bass_Growl	KSHMR_Bass_Growl_07_D#	
Splice Sounds	Sounds of KSHMR Vol. 3	KSHMR_Synths -> KSHMR_Bass_One_Shots -> KSHMR_Bass_Growl	KSHMR_Bass_Growl_08_D#	
Splice Sounds	Sounds of KSHMR Vol. 3	KSHMR_Synths -> KSHMR_Bass_One_Shots -> KSHMR_Bass_Growl	KSHMR_Bass_Growl_09_D#	
Splice Sounds	Sounds of KSHMR Vol. 3	KSHMR_Synths -> KSHMR_Bass_One_Shots -> KSHMR_Bass_Growl	KSHMR_Bass_Growl_10_D#	
Splice Sounds	Sounds of KSHMR Vol. 3	KSHMR_Synths -> KSHMR_Bass_One_Shots -> KSHMR_Bass_Growl	KSHMR_Bass_Growl_11_D#	
Splice Sounds	Sounds of KSHMR Vol. 3	KSHMR_Synths -> KSHMR_Bass_One_Shots -> KSHMR_Bass_Growl	KSHMR_Bass_Growl_12_D#	
Splice Sounds	Sounds of KSHMR Vol. 3	KSHMR_Synths -> KSHMR_Bass_One_Shots -> KSHMR_Bass_Growl	KSHMR_Bass_Growl_13_E	
Splice Sounds	Sounds of KSHMR Vol. 3	KSHMR_Synths -> KSHMR_Bass_One_Shots -> KSHMR_Bass_Growl	KSHMR_Bass_Growl_14_E	
Splice Sounds	Sounds of KSHMR Vol. 3	KSHMR_Synths -> KSHMR_Bass_One_Shots -> KSHMR_Bass_Growl	KSHMR_Bass_Growl_15_E	
Splice Sounds	Sounds of KSHMR Vol. 3	KSHMR_Synths -> KSHMR_Bass_One_Shots -> KSHMR_Bass_Growl	KSHMR_Bass_Growl_16_E	
Splice Sounds	Sounds of KSHMR Vol. 3	KSHMR_Synths -> KSHMR_Bass_One_Shots -> KSHMR_Bass_Growl	KSHMR_Bass_Growl_17_E	
Splice Sounds	Sounds of KSHMR Vol. 3	KSHMR_Synths -> KSHMR_Bass_One_Shots -> KSHMR_Bass_Growl	KSHMR_Bass_Growl_18_E	
Splice Sounds	Sounds of KSHMR Vol. 3	KSHMR_Synths -> KSHMR_Bass_One_Shots -> KSHMR_Bass_Growl	KSHMR_Bass_Growl_19_E	
Splice Sounds	Sounds of KSHMR Vol. 3	KSHMR_Synths -> KSHMR_Bass_One_Shots -> KSHMR_Bass_Growl	KSHMR_Bass_Growl_20_E	
Splice Sounds	Sounds of KSHMR Vol. 3	KSHMR_Synths -> KSHMR_Bass_One_Shots -> KSHMR_Bass_Growl	KSHMR_Bass_Growl_21_E	
Splice Sounds	Sounds of KSHMR Vol. 3	KSHMR_Synths -> KSHMR_Bass_One_Shots -> KSHMR_Bass_Growl	KSHMR_Bass_Growl_22_F	
Splice Sounds	Sounds of KSHMR Vol. 3	KSHMR_Synths -> KSHMR_Bass_One_Shots -> KSHMR_Bass_Growl	KSHMR_Bass_Growl_23_F	
Splice Sounds	Sounds of KSHMR Vol. 3	KSHMR_Synths -> KSHMR_Bass_One_Shots -> KSHMR_Bass_Growl	KSHMR_Bass_Growl_24_F	
Splice Sounds	Sounds of KSHMR Vol. 3	KSHMR_Synths -> KSHMR_Bass_One_Shots -> KSHMR_Bass_Growl	KSHMR_Bass_Growl_25_F	
Splice Sounds	Sounds of KSHMR Vol. 3	KSHMR_Synths -> KSHMR_Bass_One_Shots -> KSHMR_Bass_Growl	KSHMR_Bass_Growl_26_F	
Splice Sounds	Sounds of KSHMR Vol. 3	KSHMR_Synths -> KSHMR_Bass_One_Shots -> KSHMR_Bass_Growl	KSHMR_Bass_Growl_27_F	
Splice Sounds	Sounds of KSHMR Vol. 3	KSHMR_Synths -> KSHMR_Bass_One_Shots -> KSHMR_Bass_Growl	KSHMR_Bass_Growl_28_F	
Splice Sounds	Sounds of KSHMR Vol. 3	KSHMR_Synths -> KSHMR_Bass_One_Shots -> KSHMR_Bass_Growl	KSHMR_Bass_Growl_29_F	
Splice Sounds	Sounds of KSHMR Vol. 3	KSHMR_Synths -> KSHMR_Bass_One_Shots -> KSHMR_Bass_Growl	KSHMR_Bass_Growl_30_F	
Splice Sounds	Sounds of KSHMR Vol. 3	KSHMR_Synths -> KSHMR_Bass_One_Shots -> KSHMR_Bass_Growl	KSHMR_Bass_Growl_31_F	
Splice Sounds	Sounds of KSHMR Vol. 3	KSHMR_Synths -> KSHMR_Bass_One_Shots -> KSHMR_Bass_Growl	KSHMR_Bass_Growl_32_F	
Splice Sounds	Sounds of KSHMR Vol. 3	KSHMR_Synths -> KSHMR_Bass_One_Shots -> KSHMR_Bass_Growl	KSHMR_Bass_Growl_33_F	
Splice Sounds	Sounds of KSHMR Vol. 3	KSHMR_Synths -> KSHMR_Bass_One_Shots -> KSHMR_Bass_Growl	KSHMR_Bass_Growl_34_F	
Splice Sounds	Sounds of KSHMR Vol. 3	KSHMR_Synths -> KSHMR_Bass_One_Shots -> KSHMR_Bass_Growl	KSHMR_Bass_Growl_35_F	
Splice Sounds	Sounds of KSHMR Vol. 3	KSHMR_Synths -> KSHMR_Bass_One_Shots -> KSHMR_Bass_Growl	KSHMR_Bass_Growl_36_F	
Splice Sounds	Sounds of KSHMR Vol. 3	KSHMR_Synths -> KSHMR_Bass_One_Shots -> KSHMR_Bass_Growl	KSHMR_Bass_Growl_37_F#	
Splice Sounds	Sounds of KSHMR Vol. 3	KSHMR_Synths -> KSHMR_Bass_One_Shots -> KSHMR_Bass_Growl	KSHMR_Bass_Growl_38_G	
Splice Sounds	Sounds of KSHMR Vol. 3	KSHMR_Synths -> KSHMR_Bass_One_Shots -> KSHMR_Bass_Growl	KSHMR_Bass_Growl_39_G	
Splice Sounds	Sounds of KSHMR Vol. 3	KSHMR_Synths -> KSHMR_Bass_One_Shots -> KSHMR_Bass_Growl	KSHMR_Bass_Growl_40_G	
Splice Sounds	Sounds of KSHMR Vol. 3	KSHMR_Synths -> KSHMR_Bass_One_Shots -> KSHMR_Bass_Pluck	KSHMR_Bass_Pluck_01_A#	
Splice Sounds	Sounds of KSHMR Vol. 3	KSHMR_Synths -> KSHMR_Bass_One_Shots -> KSHMR_Bass_Pluck	KSHMR_Bass_Pluck_02_A#	
Splice Sounds	Sounds of KSHMR Vol. 3	KSHMR_Synths -> KSHMR_Bass_One_Shots -> KSHMR_Bass_Pluck	KSHMR_Bass_Pluck_03_B	
Splice Sounds	Sounds of KSHMR Vol. 3	KSHMR_Synths -> KSHMR_Bass_One_Shots -> KSHMR_Bass_Pluck	KSHMR_Bass_Pluck_04_C	
Splice Sounds	Sounds of KSHMR Vol. 3	KSHMR_Synths -> KSHMR_Bass_One_Shots -> KSHMR_Bass_Pluck	KSHMR_Bass_Pluck_05_C	
Splice Sounds	Sounds of KSHMR Vol. 3	KSHMR_Synths -> KSHMR_Bass_One_Shots -> KSHMR_Bass_Pluck	KSHMR_Bass_Pluck_06_D	
Splice Sounds	Sounds of KSHMR Vol. 3	KSHMR_Synths -> KSHMR_Bass_One_Shots -> KSHMR_Bass_Pluck	KSHMR_Bass_Pluck_07_D#	
Splice Sounds	Sounds of KSHMR Vol. 3	KSHMR_Synths -> KSHMR_Bass_One_Shots -> KSHMR_Bass_Pluck	KSHMR_Bass_Pluck_08_D#	
Splice Sounds	Sounds of KSHMR Vol. 3	KSHMR_Synths -> KSHMR_Bass_One_Shots -> KSHMR_Bass_Pluck	KSHMR_Bass_Pluck_09_E	
Splice Sounds	Sounds of KSHMR Vol. 3	KSHMR_Synths -> KSHMR_Bass_One_Shots -> KSHMR_Bass_Pluck	KSHMR_Bass_Pluck_10_E	
Splice Sounds	Sounds of KSHMR Vol. 3	KSHMR_Synths -> KSHMR_Bass_One_Shots -> KSHMR_Bass_Pluck	KSHMR_Bass_Pluck_11_E	
Splice Sounds	Sounds of KSHMR Vol. 3	KSHMR_Synths -> KSHMR_Bass_One_Shots -> KSHMR_Bass_Pluck	KSHMR_Bass_Pluck_12_E	
Splice Sounds	Sounds of KSHMR Vol. 3	KSHMR_Synths -> KSHMR_Bass_One_Shots -> KSHMR_Bass_Pluck	KSHMR_Bass_Pluck_13_Invisible_Children_E	
Splice Sounds	Sounds of KSHMR Vol. 3	KSHMR_Synths -> KSHMR_Bass_One_Shots -> KSHMR_Bass_Pluck	KSHMR_Bass_Pluck_14_G	
Splice Sounds	Sounds of KSHMR Vol. 3	KSHMR_Synths -> KSHMR_Bass_One_Shots -> KSHMR_Bass_Pluck	KSHMR_Bass_Pluck_15_G	
Splice Sounds	Sounds of KSHMR Vol. 3	KSHMR_Synths -> KSHMR_Bass_One_Shots -> KSHMR_Bass_Stab	KSHMR_Bass_Shot_01_D#	
Splice Sounds	Sounds of KSHMR Vol. 3	KSHMR_Synths -> KSHMR_Bass_One_Shots -> KSHMR_Bass_Stab	KSHMR_Bass_Shot_02_C	
Splice Sounds	Sounds of KSHMR Vol. 3	KSHMR_Synths -> KSHMR_Bass_One_Shots -> KSHMR_Bass_Stab	KSHMR_Bass_Shot_03_D#	
Splice Sounds	Sounds of KSHMR Vol. 3	KSHMR_Synths -> KSHMR_Bass_One_Shots -> KSHMR_Bass_Stab	KSHMR_Bass_Shot_04_A	
Splice Sounds	Sounds of KSHMR Vol. 3	KSHMR_Synths -> KSHMR_Bass_One_Shots -> KSHMR_Bass_Stab	KSHMR_Bass_Shot_05_A	
Splice Sounds	Sounds of KSHMR Vol. 3	KSHMR_Synths -> KSHMR_Bass_One_Shots -> KSHMR_Bass_Stab	KSHMR_Bass_Shot_06_F	
Splice Sounds	Sounds of KSHMR Vol. 3	KSHMR_Synths -> KSHMR_Bass_One_Shots -> KSHMR_Bass_Stab	KSHMR_Bass_Shot_07_C#	
Splice Sounds	Sounds of KSHMR Vol. 3	KSHMR_Synths -> KSHMR_Bass_One_Shots -> KSHMR_Bass_Stab	KSHMR_Bass_Shot_07_G	
Splice Sounds	Sounds of KSHMR Vol. 3	KSHMR_Synths -> KSHMR_Bass_One_Shots -> KSHMR_Bass_Stab	KSHMR_Bass_Shot_08_F#	
Splice Sounds	Sounds of KSHMR Vol. 3	KSHMR_Synths -> KSHMR_Bass_One_Shots -> KSHMR_Bass_Stab	KSHMR_Bass_Shot_09_E	
Splice Sounds	Sounds of KSHMR Vol. 3	KSHMR_Synths -> KSHMR_Bass_One_Shots -> KSHMR_Bass_Stab	KSHMR_Bass_Stab_01_E	
Splice Sounds	Sounds of KSHMR Vol. 3	KSHMR_Synths -> KSHMR_Bass_One_Shots -> KSHMR_Bass_Stab	KSHMR_Bass_Stab_02_E	
Splice Sounds	Sounds of KSHMR Vol. 3	KSHMR_Synths -> KSHMR_Bass_One_Shots -> KSHMR_Bass_Stab	KSHMR_Bass_Stab_03_E	
Splice Sounds	Sounds of KSHMR Vol. 3	KSHMR_Synths -> KSHMR_Bass_One_Shots -> KSHMR_Bass_Stab	KSHMR_Bass_Stab_04_E	
Splice Sounds	Sounds of KSHMR Vol. 3	KSHMR_Synths -> KSHMR_Bass_One_Shots -> KSHMR_Bass_Stab	KSHMR_Bass_Stab_05_F	
Splice Sounds	Sounds of KSHMR Vol. 3	KSHMR_Synths -> KSHMR_Bass_One_Shots -> KSHMR_Bass_Stab	KSHMR_Bass_Stab_06_F	
Splice Sounds	Sounds of KSHMR Vol. 3	KSHMR_Synths -> KSHMR_Bass_One_Shots -> KSHMR_Bass_Stab	KSHMR_Bass_Stab_07_F	
Splice Sounds	Sounds of KSHMR Vol. 3	KSHMR_Synths -> KSHMR_Bass_One_Shots -> KSHMR_Bass_Stab	KSHMR_Bass_Stab_08_F	
Splice Sounds	Sounds of KSHMR Vol. 3	KSHMR_Synths -> KSHMR_Bass_One_Shots -> KSHMR_Bass_Stab	KSHMR_Bass_Stab_09_F	
Splice Sounds	Sounds of KSHMR Vol. 3	KSHMR_Synths -> KSHMR_Bass_One_Shots -> KSHMR_Bass_Stab	KSHMR_Bass_Stab_10_F	
Splice Sounds	Sounds of KSHMR Vol. 3	KSHMR_Synths -> KSHMR_Bass_One_Shots -> KSHMR_Bass_Stab	KSHMR_Bass_Stab_11_F#	
Splice Sounds	Sounds of KSHMR Vol. 3	KSHMR_Synths -> KSHMR_Bass_One_Shots -> KSHMR_Bass_Stab	KSHMR_Bass_Stab_12_G	
Splice Sounds	Sounds of KSHMR Vol. 3	KSHMR_Synths -> KSHMR_Bass_One_Shots -> KSHMR_Bass_Whomp	KSHMR_Bass_Whomp_01_A	
Splice Sounds	Sounds of KSHMR Vol. 3	KSHMR_Synths -> KSHMR_Bass_One_Shots -> KSHMR_Bass_Whomp	KSHMR_Bass_Whomp_02_D#	
Splice Sounds	Sounds of KSHMR Vol. 3	KSHMR_Synths -> KSHMR_Bass_One_Shots -> KSHMR_Bass_Whomp	KSHMR_Bass_Whomp_03_E	
Splice Sounds	Sounds of KSHMR Vol. 3	KSHMR_Synths -> KSHMR_Bass_One_Shots -> KSHMR_Bass_Whomp	KSHMR_Bass_Whomp_04_E	
Splice Sounds	Sounds of KSHMR Vol. 3	KSHMR_Synths -> KSHMR_Bass_One_Shots -> KSHMR_Bass_Whomp	KSHMR_Bass_Whomp_05_E	
Splice Sounds	Sounds of KSHMR Vol. 3	KSHMR_Synths -> KSHMR_Bass_One_Shots -> KSHMR_Bass_Whomp	KSHMR_Bass_Whomp_06_F	
Splice Sounds	Sounds of KSHMR Vol. 3	KSHMR_Synths -> KSHMR_Bass_One_Shots -> KSHMR_Bass_Whomp	KSHMR_Bass_Whomp_07_F	
Splice Sounds	Sounds of KSHMR Vol. 3	KSHMR_Synths -> KSHMR_Bass_One_Shots -> KSHMR_Bass_Whomp	KSHMR_Bass_Whomp_08_F	
Splice Sounds	Sounds of KSHMR Vol. 3	KSHMR_Synths -> KSHMR_Bass_One_Shots -> KSHMR_Bass_Whomp	KSHMR_Bass_Whomp_09_F	
Splice Sounds	Sounds of KSHMR Vol. 3	KSHMR_Synths -> KSHMR_Bass_One_Shots -> KSHMR_Bass_Whomp	KSHMR_Bass_Whomp_10_F#	
Splice Sounds	Sounds of KSHMR Vol. 3	KSHMR_Synths -> KSHMR_Bass_One_Shots -> KSHMR_Bass_Whomp	KSHMR_Bass_Whomp_11_G	
Splice Sounds	Sounds of KSHMR Vol. 3	KSHMR_Synths -> KSHMR_Bass_One_Shots -> KSHMR_Bass_Whomp	KSHMR_Bass_Whomp_12_G	
Splice Sounds	Sounds of KSHMR Vol. 3	KSHMR_Synths -> KSHMR_Bass_One_Shots -> KSHMR_Bass_Whomp	KSHMR_Bass_Whomp_13_G#	
Splice Sounds	Sounds of KSHMR Vol. 3	KSHMR_Synths -> KSHMR_Bass_Psytrance -> KSHMR_Psy_Bass_FX	KSHMR_Psy_Bass_Bend_01_D#	
Splice Sounds	Sounds of KSHMR Vol. 3	KSHMR_Synths -> KSHMR_Bass_Psytrance -> KSHMR_Psy_Bass_FX	KSHMR_Psy_Bass_Bend_02_D#	
Splice Sounds	Sounds of KSHMR Vol. 3	KSHMR_Synths -> KSHMR_Bass_Psytrance -> KSHMR_Psy_Bass_FX	KSHMR_Psy_Bass_Bend_03_E	
Splice Sounds	Sounds of KSHMR Vol. 3	KSHMR_Synths -> KSHMR_Bass_Psytrance -> KSHMR_Psy_Bass_FX	KSHMR_Psy_Bass_Bend_04_F	
Splice Sounds	Sounds of KSHMR Vol. 3	KSHMR_Synths -> KSHMR_Bass_Psytrance -> KSHMR_Psy_Bass_FX	KSHMR_Psy_Bass_Bend_05_F	
Splice Sounds	Sounds of KSHMR Vol. 3	KSHMR_Synths -> KSHMR_Bass_Psytrance -> KSHMR_Psy_Bass_FX	KSHMR_Psy_Bass_Bend_06_F	
Splice Sounds	Sounds of KSHMR Vol. 3	KSHMR_Synths -> KSHMR_Bass_Psytrance -> KSHMR_Psy_Bass_FX	KSHMR_Psy_Bass_Bend_07_G	
Splice Sounds	Sounds of KSHMR Vol. 3	KSHMR_Synths -> KSHMR_Bass_Psytrance -> KSHMR_Psy_Bass_FX	KSHMR_Psy_Bass_Walkup_F	
Splice Sounds	Sounds of KSHMR Vol. 3	KSHMR_Synths -> KSHMR_Bass_Psytrance -> KSHMR_Psy_Bass_FX	KSHMR_Psy_Bass_Wobble_F	
Splice Sounds	Sounds of KSHMR Vol. 3	KSHMR_Synths -> KSHMR_Bass_Psytrance -> KSHMR_Psy_Bass_Loops	KSHMR_Psy_Bass_Loop_01_138_E	
Splice Sounds	Sounds of KSHMR Vol. 3	KSHMR_Synths -> KSHMR_Bass_Psytrance -> KSHMR_Psy_Bass_Loops	KSHMR_Psy_Bass_Loop_02_138_E	
Splice Sounds	Sounds of KSHMR Vol. 3	KSHMR_Synths -> KSHMR_Bass_Psytrance -> KSHMR_Psy_Bass_Loops	KSHMR_Psy_Bass_Loop_03_138_E_Triplet	
Splice Sounds	Sounds of KSHMR Vol. 3	KSHMR_Synths -> KSHMR_Bass_Psytrance -> KSHMR_Psy_Bass_Loops	KSHMR_Psy_Bass_Loop_04_138_F	
Splice Sounds	Sounds of KSHMR Vol. 3	KSHMR_Synths -> KSHMR_Bass_Psytrance -> KSHMR_Psy_Bass_Loops	KSHMR_Psy_Bass_Loop_05_138_F	
Splice Sounds	Sounds of KSHMR Vol. 3	KSHMR_Synths -> KSHMR_Bass_Psytrance -> KSHMR_Psy_Bass_Loops	KSHMR_Psy_Bass_Loop_06_138_F	
Splice Sounds	Sounds of KSHMR Vol. 3	KSHMR_Synths -> KSHMR_Bass_Psytrance -> KSHMR_Psy_Bass_Loops	KSHMR_Psy_Bass_Loop_07_138_F	
Splice Sounds	Sounds of KSHMR Vol. 3	KSHMR_Synths -> KSHMR_Bass_Psytrance -> KSHMR_Psy_Bass_Loops	KSHMR_Psy_Bass_Loop_08_138_F_Triplet	
Splice Sounds	Sounds of KSHMR Vol. 3	KSHMR_Synths -> KSHMR_Bass_Psytrance -> KSHMR_Psy_Bass_Loops	KSHMR_Psy_Bass_Loop_09_138_F_Triplet	
Splice Sounds	Sounds of KSHMR Vol. 3	KSHMR_Synths -> KSHMR_Bass_Psytrance -> KSHMR_Psy_Bass_Loops	KSHMR_Psy_Bass_Loop_10_138_F_Triplet	
Splice Sounds	Sounds of KSHMR Vol. 3	KSHMR_Synths -> KSHMR_Bass_Psytrance -> KSHMR_Psy_Bass_Loops	KSHMR_Psy_Bass_Loop_11_138_F#_Triplet	
Splice Sounds	Sounds of KSHMR Vol. 3	KSHMR_Synths -> KSHMR_Bass_Psytrance -> KSHMR_Psy_Bass_Loops	KSHMR_Psy_Bass_Loop_12_140_E_Triplet	
Splice Sounds	Sounds of KSHMR Vol. 3	KSHMR_Synths -> KSHMR_Bass_Psytrance -> KSHMR_Psy_Bass_Loops	KSHMR_Psy_Bass_Loop_13_140_F_Triplet	
Splice Sounds	Sounds of KSHMR Vol. 3	KSHMR_Synths -> KSHMR_Bass_Psytrance -> KSHMR_Psy_Bass_Loops	KSHMR_Psy_Bass_Loop_14_140_F_Triplet	
Splice Sounds	Sounds of KSHMR Vol. 3	KSHMR_Synths -> KSHMR_Bass_Psytrance -> KSHMR_Psy_Bass_Loops	KSHMR_Psy_Bass_Loop_15_140_F_Triplet	
Splice Sounds	Sounds of KSHMR Vol. 3	KSHMR_Synths -> KSHMR_Bass_Psytrance -> KSHMR_Psy_Bass_One_Shots	KSHMR_Psy_Bass_01_A	
Splice Sounds	Sounds of KSHMR Vol. 3	KSHMR_Synths -> KSHMR_Bass_Psytrance -> KSHMR_Psy_Bass_One_Shots	KSHMR_Psy_Bass_02_A	
Splice Sounds	Sounds of KSHMR Vol. 3	KSHMR_Synths -> KSHMR_Bass_Psytrance -> KSHMR_Psy_Bass_One_Shots	KSHMR_Psy_Bass_03_A	
Splice Sounds	Sounds of KSHMR Vol. 3	KSHMR_Synths -> KSHMR_Bass_Psytrance -> KSHMR_Psy_Bass_One_Shots	KSHMR_Psy_Bass_04_A	
Splice Sounds	Sounds of KSHMR Vol. 3	KSHMR_Synths -> KSHMR_Bass_Psytrance -> KSHMR_Psy_Bass_One_Shots	KSHMR_Psy_Bass_05_A#	
Splice Sounds	Sounds of KSHMR Vol. 3	KSHMR_Synths -> KSHMR_Bass_Psytrance -> KSHMR_Psy_Bass_One_Shots	KSHMR_Psy_Bass_06_B	
Splice Sounds	Sounds of KSHMR Vol. 3	KSHMR_Synths -> KSHMR_Bass_Psytrance -> KSHMR_Psy_Bass_One_Shots	KSHMR_Psy_Bass_07_C	
Splice Sounds	Sounds of KSHMR Vol. 3	KSHMR_Synths -> KSHMR_Bass_Psytrance -> KSHMR_Psy_Bass_One_Shots	KSHMR_Psy_Bass_08_C#	
Splice Sounds	Sounds of KSHMR Vol. 3	KSHMR_Synths -> KSHMR_Bass_Psytrance -> KSHMR_Psy_Bass_One_Shots	KSHMR_Psy_Bass_09_C#	
Splice Sounds	Sounds of KSHMR Vol. 3	KSHMR_Synths -> KSHMR_Bass_Psytrance -> KSHMR_Psy_Bass_One_Shots	KSHMR_Psy_Bass_10_D	
Splice Sounds	Sounds of KSHMR Vol. 3	KSHMR_Synths -> KSHMR_Bass_Psytrance -> KSHMR_Psy_Bass_One_Shots	KSHMR_Psy_Bass_11_D	
Splice Sounds	Sounds of KSHMR Vol. 3	KSHMR_Synths -> KSHMR_Bass_Psytrance -> KSHMR_Psy_Bass_One_Shots	KSHMR_Psy_Bass_12_D#	
Splice Sounds	Sounds of KSHMR Vol. 3	KSHMR_Synths -> KSHMR_Bass_Psytrance -> KSHMR_Psy_Bass_One_Shots	KSHMR_Psy_Bass_13_D#	
Splice Sounds	Sounds of KSHMR Vol. 3	KSHMR_Synths -> KSHMR_Bass_Psytrance -> KSHMR_Psy_Bass_One_Shots	KSHMR_Psy_Bass_14_D#	
Splice Sounds	Sounds of KSHMR Vol. 3	KSHMR_Synths -> KSHMR_Bass_Psytrance -> KSHMR_Psy_Bass_One_Shots	KSHMR_Psy_Bass_15_D#	
Splice Sounds	Sounds of KSHMR Vol. 3	KSHMR_Synths -> KSHMR_Bass_Psytrance -> KSHMR_Psy_Bass_One_Shots	KSHMR_Psy_Bass_16_E	
Splice Sounds	Sounds of KSHMR Vol. 3	KSHMR_Synths -> KSHMR_Bass_Psytrance -> KSHMR_Psy_Bass_One_Shots	KSHMR_Psy_Bass_17_E	
Splice Sounds	Sounds of KSHMR Vol. 3	KSHMR_Synths -> KSHMR_Bass_Psytrance -> KSHMR_Psy_Bass_One_Shots	KSHMR_Psy_Bass_18_E	
Splice Sounds	Sounds of KSHMR Vol. 3	KSHMR_Synths -> KSHMR_Bass_Psytrance -> KSHMR_Psy_Bass_One_Shots	KSHMR_Psy_Bass_19_E	
Splice Sounds	Sounds of KSHMR Vol. 3	KSHMR_Synths -> KSHMR_Bass_Psytrance -> KSHMR_Psy_Bass_One_Shots	KSHMR_Psy_Bass_20_E	
Splice Sounds	Sounds of KSHMR Vol. 3	KSHMR_Synths -> KSHMR_Bass_Psytrance -> KSHMR_Psy_Bass_One_Shots	KSHMR_Psy_Bass_21_E	
Splice Sounds	Sounds of KSHMR Vol. 3	KSHMR_Synths -> KSHMR_Bass_Psytrance -> KSHMR_Psy_Bass_One_Shots	KSHMR_Psy_Bass_22_E	
Splice Sounds	Sounds of KSHMR Vol. 3	KSHMR_Synths -> KSHMR_Bass_Psytrance -> KSHMR_Psy_Bass_One_Shots	KSHMR_Psy_Bass_23_E	
Splice Sounds	Sounds of KSHMR Vol. 3	KSHMR_Synths -> KSHMR_Bass_Psytrance -> KSHMR_Psy_Bass_One_Shots	KSHMR_Psy_Bass_24_E	
Splice Sounds	Sounds of KSHMR Vol. 3	KSHMR_Synths -> KSHMR_Bass_Psytrance -> KSHMR_Psy_Bass_One_Shots	KSHMR_Psy_Bass_25_E	
Splice Sounds	Sounds of KSHMR Vol. 3	KSHMR_Synths -> KSHMR_Bass_Psytrance -> KSHMR_Psy_Bass_One_Shots	KSHMR_Psy_Bass_26_E	
Splice Sounds	Sounds of KSHMR Vol. 3	KSHMR_Synths -> KSHMR_Bass_Psytrance -> KSHMR_Psy_Bass_One_Shots	KSHMR_Psy_Bass_27_E	
Splice Sounds	Sounds of KSHMR Vol. 3	KSHMR_Synths -> KSHMR_Bass_Psytrance -> KSHMR_Psy_Bass_One_Shots	KSHMR_Psy_Bass_28_E	
Splice Sounds	Sounds of KSHMR Vol. 3	KSHMR_Synths -> KSHMR_Bass_Psytrance -> KSHMR_Psy_Bass_One_Shots	KSHMR_Psy_Bass_29_E	
Splice Sounds	Sounds of KSHMR Vol. 3	KSHMR_Synths -> KSHMR_Bass_Psytrance -> KSHMR_Psy_Bass_One_Shots	KSHMR_Psy_Bass_30_E	
Splice Sounds	Sounds of KSHMR Vol. 3	KSHMR_Synths -> KSHMR_Bass_Psytrance -> KSHMR_Psy_Bass_One_Shots	KSHMR_Psy_Bass_31_E	
Splice Sounds	Sounds of KSHMR Vol. 3	KSHMR_Synths -> KSHMR_Bass_Psytrance -> KSHMR_Psy_Bass_One_Shots	KSHMR_Psy_Bass_32_E	
Splice Sounds	Sounds of KSHMR Vol. 3	KSHMR_Synths -> KSHMR_Bass_Psytrance -> KSHMR_Psy_Bass_One_Shots	KSHMR_Psy_Bass_33_E	
Splice Sounds	Sounds of KSHMR Vol. 3	KSHMR_Synths -> KSHMR_Bass_Psytrance -> KSHMR_Psy_Bass_One_Shots	KSHMR_Psy_Bass_34_E	
Splice Sounds	Sounds of KSHMR Vol. 3	KSHMR_Synths -> KSHMR_Bass_Psytrance -> KSHMR_Psy_Bass_One_Shots	KSHMR_Psy_Bass_35_F	
Splice Sounds	Sounds of KSHMR Vol. 3	KSHMR_Synths -> KSHMR_Bass_Psytrance -> KSHMR_Psy_Bass_One_Shots	KSHMR_Psy_Bass_36_F	
Splice Sounds	Sounds of KSHMR Vol. 3	KSHMR_Synths -> KSHMR_Bass_Psytrance -> KSHMR_Psy_Bass_One_Shots	KSHMR_Psy_Bass_37_F	
Splice Sounds	Sounds of KSHMR Vol. 3	KSHMR_Synths -> KSHMR_Bass_Psytrance -> KSHMR_Psy_Bass_One_Shots	KSHMR_Psy_Bass_38_F	
Splice Sounds	Sounds of KSHMR Vol. 3	KSHMR_Synths -> KSHMR_Bass_Psytrance -> KSHMR_Psy_Bass_One_Shots	KSHMR_Psy_Bass_39_F	
Splice Sounds	Sounds of KSHMR Vol. 3	KSHMR_Synths -> KSHMR_Bass_Psytrance -> KSHMR_Psy_Bass_One_Shots	KSHMR_Psy_Bass_40_F	
Splice Sounds	Sounds of KSHMR Vol. 3	KSHMR_Synths -> KSHMR_Bass_Psytrance -> KSHMR_Psy_Bass_One_Shots	KSHMR_Psy_Bass_41_F	
Splice Sounds	Sounds of KSHMR Vol. 3	KSHMR_Synths -> KSHMR_Bass_Psytrance -> KSHMR_Psy_Bass_One_Shots	KSHMR_Psy_Bass_42_F	
Splice Sounds	Sounds of KSHMR Vol. 3	KSHMR_Synths -> KSHMR_Bass_Psytrance -> KSHMR_Psy_Bass_One_Shots	KSHMR_Psy_Bass_43_F	
Splice Sounds	Sounds of KSHMR Vol. 3	KSHMR_Synths -> KSHMR_Bass_Psytrance -> KSHMR_Psy_Bass_One_Shots	KSHMR_Psy_Bass_44_F	
Splice Sounds	Sounds of KSHMR Vol. 3	KSHMR_Synths -> KSHMR_Bass_Psytrance -> KSHMR_Psy_Bass_One_Shots	KSHMR_Psy_Bass_45_F	
Splice Sounds	Sounds of KSHMR Vol. 3	KSHMR_Synths -> KSHMR_Bass_Psytrance -> KSHMR_Psy_Bass_One_Shots	KSHMR_Psy_Bass_46_F#	
Splice Sounds	Sounds of KSHMR Vol. 3	KSHMR_Synths -> KSHMR_Bass_Psytrance -> KSHMR_Psy_Bass_One_Shots	KSHMR_Psy_Bass_47_F#	
Splice Sounds	Sounds of KSHMR Vol. 3	KSHMR_Synths -> KSHMR_Bass_Psytrance -> KSHMR_Psy_Bass_One_Shots	KSHMR_Psy_Bass_48_F#	
Splice Sounds	Sounds of KSHMR Vol. 3	KSHMR_Synths -> KSHMR_Bass_Psytrance -> KSHMR_Psy_Bass_One_Shots	KSHMR_Psy_Bass_49_F#	
Splice Sounds	Sounds of KSHMR Vol. 3	KSHMR_Synths -> KSHMR_Bass_Psytrance -> KSHMR_Psy_Bass_One_Shots	KSHMR_Psy_Bass_50_F#	
Splice Sounds	Sounds of KSHMR Vol. 3	KSHMR_Synths -> KSHMR_Bass_Psytrance -> KSHMR_Psy_Bass_One_Shots	KSHMR_Psy_Bass_51_F#	
Splice Sounds	Sounds of KSHMR Vol. 3	KSHMR_Synths -> KSHMR_Bass_Psytrance -> KSHMR_Psy_Bass_One_Shots	KSHMR_Psy_Bass_52_G	
Splice Sounds	Sounds of KSHMR Vol. 3	KSHMR_Synths -> KSHMR_Bass_Psytrance -> KSHMR_Psy_Bass_One_Shots	KSHMR_Psy_Bass_53_G	
Splice Sounds	Sounds of KSHMR Vol. 3	KSHMR_Synths -> KSHMR_Bass_Psytrance -> KSHMR_Psy_Bass_One_Shots	KSHMR_Psy_Bass_54_G	
Splice Sounds	Sounds of KSHMR Vol. 3	KSHMR_Synths -> KSHMR_Bass_Psytrance -> KSHMR_Psy_Bass_One_Shots	KSHMR_Psy_Bass_55_G	
Splice Sounds	Sounds of KSHMR Vol. 3	KSHMR_Synths -> KSHMR_Bass_Psytrance -> KSHMR_Psy_Bass_One_Shots	KSHMR_Psy_Bass_56_G	
Splice Sounds	Sounds of KSHMR Vol. 3	KSHMR_Synths -> KSHMR_Bass_Psytrance -> KSHMR_Psy_Bass_One_Shots	KSHMR_Psy_Bass_57_G	
Splice Sounds	Sounds of KSHMR Vol. 3	KSHMR_Synths -> KSHMR_Bass_Psytrance -> KSHMR_Psy_Bass_One_Shots	KSHMR_Psy_Bass_58_G	
Splice Sounds	Sounds of KSHMR Vol. 3	KSHMR_Synths -> KSHMR_Bass_Psytrance -> KSHMR_Psy_Bass_One_Shots	KSHMR_Psy_Bass_59_G	
Splice Sounds	Sounds of KSHMR Vol. 3	KSHMR_Synths -> KSHMR_Bass_Psytrance -> KSHMR_Psy_Bass_One_Shots	KSHMR_Psy_Bass_60_G	
Splice Sounds	Sounds of KSHMR Vol. 3	KSHMR_Synths -> KSHMR_Bass_Psytrance -> KSHMR_Psy_Bass_One_Shots	KSHMR_Psy_Bass_61_G	
Splice Sounds	Sounds of KSHMR Vol. 3	KSHMR_Synths -> KSHMR_Bass_Psytrance -> KSHMR_Psy_Bass_One_Shots	KSHMR_Psy_Bass_62_G	
Splice Sounds	Sounds of KSHMR Vol. 3	KSHMR_Synths -> KSHMR_Bass_Psytrance -> KSHMR_Psy_Bass_One_Shots	KSHMR_Psy_Bass_63_G	
Splice Sounds	Sounds of KSHMR Vol. 3	KSHMR_Synths -> KSHMR_Bass_Psytrance -> KSHMR_Psy_Bass_One_Shots	KSHMR_Psy_Bass_64_G	
Splice Sounds	Sounds of KSHMR Vol. 3	KSHMR_Synths -> KSHMR_Bass_Psytrance -> KSHMR_Psy_Bass_One_Shots	KSHMR_Psy_Bass_65_G	
Splice Sounds	Sounds of KSHMR Vol. 3	KSHMR_Synths -> KSHMR_Bass_Psytrance -> KSHMR_Psy_Bass_One_Shots	KSHMR_Psy_Bass_66_G#	
Splice Sounds	Sounds of KSHMR Vol. 3	KSHMR_Synths -> KSHMR_Synth_Arps	KSHMR_Synth_Arp_01_90_D	
Splice Sounds	Sounds of KSHMR Vol. 3	KSHMR_Synths -> KSHMR_Synth_Arps	KSHMR_Synth_Arp_02_110_Fm	
Splice Sounds	Sounds of KSHMR Vol. 3	KSHMR_Synths -> KSHMR_Synth_Arps	KSHMR_Synth_Arp_03_115_Bm	
Splice Sounds	Sounds of KSHMR Vol. 3	KSHMR_Synths -> KSHMR_Synth_Arps	KSHMR_Synth_Arp_04_115_Cm	
Splice Sounds	Sounds of KSHMR Vol. 3	KSHMR_Synths -> KSHMR_Synth_Arps	KSHMR_Synth_Arp_05_115_C#m	
Splice Sounds	Sounds of KSHMR Vol. 3	KSHMR_Synths -> KSHMR_Synth_Arps	KSHMR_Synth_Arp_06_115_D#m	
Splice Sounds	Sounds of KSHMR Vol. 3	KSHMR_Synths -> KSHMR_Synth_Arps	KSHMR_Synth_Arp_07_128_Bm_	
Splice Sounds	Sounds of KSHMR Vol. 3	KSHMR_Synths -> KSHMR_Synth_Arps	KSHMR_Synth_Arp_08_128_Dm	
Splice Sounds	Sounds of KSHMR Vol. 3	KSHMR_Synths -> KSHMR_Synth_Arps	KSHMR_Synth_Arp_09_128_Dm	
Splice Sounds	Sounds of KSHMR Vol. 3	KSHMR_Synths -> KSHMR_Synth_Arps	KSHMR_Synth_Arp_10_128_E	
Splice Sounds	Sounds of KSHMR Vol. 3	KSHMR_Synths -> KSHMR_Synth_Arps	KSHMR_Synth_Arp_11_128_E	
Splice Sounds	Sounds of KSHMR Vol. 3	KSHMR_Synths -> KSHMR_Synth_Arps	KSHMR_Synth_Arp_12_128_E	
Splice Sounds	Sounds of KSHMR Vol. 3	KSHMR_Synths -> KSHMR_Synth_Arps	KSHMR_Synth_Arp_13_128_Fm	
Splice Sounds	Sounds of KSHMR Vol. 3	KSHMR_Synths -> KSHMR_Synth_Arps	KSHMR_Synth_Arp_14_128_Gm	
Splice Sounds	Sounds of KSHMR Vol. 3	KSHMR_Synths -> KSHMR_Synth_Arps	KSHMR_Synth_Arp_15_128_G#m	
Splice Sounds	Sounds of KSHMR Vol. 3	KSHMR_Synths -> KSHMR_Synth_Arps	KSHMR_Synth_Arp_16_135_A#	
Splice Sounds	Sounds of KSHMR Vol. 3	KSHMR_Synths -> KSHMR_Synth_Arps	KSHMR_Synth_Arp_17_135_D#	
Splice Sounds	Sounds of KSHMR Vol. 3	KSHMR_Synths -> KSHMR_Synth_Arps	KSHMR_Synth_Arp_18_135_Fm	
Splice Sounds	Sounds of KSHMR Vol. 3	KSHMR_Synths -> KSHMR_Synth_Arps	KSHMR_Synth_Arp_19_135_F#m	
Splice Sounds	Sounds of KSHMR Vol. 3	KSHMR_Synths -> KSHMR_Synth_Arps	KSHMR_Synth_Arp_20_150_Cm	
Splice Sounds	Sounds of KSHMR Vol. 3	KSHMR_Synths -> KSHMR_Synth_Arps	KSHMR_Synth_Arp_21_150_D	
Splice Sounds	Sounds of KSHMR Vol. 3	KSHMR_Synths -> KSHMR_Synth_Arps	KSHMR_Synth_Arp_22_150_Fm	
Splice Sounds	Sounds of KSHMR Vol. 3	KSHMR_Synths -> KSHMR_Synth_Fills	KSHMR_Synth_Fill_01_106_F	
Splice Sounds	Sounds of KSHMR Vol. 3	KSHMR_Synths -> KSHMR_Synth_Fills	KSHMR_Synth_Fill_02_128_A#	
Splice Sounds	Sounds of KSHMR Vol. 3	KSHMR_Synths -> KSHMR_Synth_Fills	KSHMR_Synth_Fill_03_128_Em	
Splice Sounds	Sounds of KSHMR Vol. 3	KSHMR_Synths -> KSHMR_Synth_Fills	KSHMR_Synth_Fill_04_128_Em	
Splice Sounds	Sounds of KSHMR Vol. 3	KSHMR_Synths -> KSHMR_Synth_Fills	KSHMR_Synth_Fill_05_128_F	
Splice Sounds	Sounds of KSHMR Vol. 3	KSHMR_Synths -> KSHMR_Synth_Fills	KSHMR_Synth_Fill_06_128_Fm	
Splice Sounds	Sounds of KSHMR Vol. 3	KSHMR_Synths -> KSHMR_Synth_Fills	KSHMR_Synth_Fill_07_128_Fm	
Splice Sounds	Sounds of KSHMR Vol. 3	KSHMR_Synths -> KSHMR_Synth_Fills	KSHMR_Synth_Fill_08_128_Fm	
Splice Sounds	Sounds of KSHMR Vol. 3	KSHMR_Synths -> KSHMR_Synth_Fills	KSHMR_Synth_Fill_09_128_F#m	
Splice Sounds	Sounds of KSHMR Vol. 3	KSHMR_Synths -> KSHMR_Synth_Fills	KSHMR_Synth_Fill_10_128_Gm	
Splice Sounds	Sounds of KSHMR Vol. 3	KSHMR_Synths -> KSHMR_Synth_Fills	KSHMR_Synth_Fill_11_128_Gm	
Splice Sounds	Sounds of KSHMR Vol. 3	KSHMR_Synths -> KSHMR_Synth_Fills	KSHMR_Synth_Fill_12_128_G#m	
Splice Sounds	Sounds of KSHMR Vol. 3	KSHMR_Synths -> KSHMR_Synth_Fills	KSHMR_Synth_Fill_13_135_F	
Splice Sounds	Sounds of KSHMR Vol. 3	KSHMR_Synths -> KSHMR_Synth_Fills	KSHMR_Synth_Fill_14_140_F	
Splice Sounds	Sounds of KSHMR Vol. 3	KSHMR_Synths -> KSHMR_Synth_Fills	KSHMR_Synth_Fill_15_140_Fm	
Splice Sounds	Sounds of KSHMR Vol. 3	KSHMR_Synths -> KSHMR_Synth_Fills	KSHMR_Synth_Fill_16_150_Dm	
Splice Sounds	Sounds of KSHMR Vol. 3	KSHMR_Synths -> KSHMR_Synth_Fills	KSHMR_Synth_Fill_17_150_F_Triplet	
Splice Sounds	Sounds of KSHMR Vol. 3	KSHMR_Synths -> KSHMR_Synth_Fills	KSHMR_Synth_Fill_18_150_F_Triplet	
Splice Sounds	Sounds of KSHMR Vol. 3	KSHMR_Synths -> KSHMR_Synth_Fills	KSHMR_Synth_Fill_19_150_F_Triplet	
Splice Sounds	Sounds of KSHMR Vol. 3	KSHMR_Synths -> KSHMR_Synth_Fills	KSHMR_Synth_Fill_20_152_G#	
Splice Sounds	Sounds of KSHMR Vol. 3	KSHMR_Synths -> KSHMR_Synth_Fills	KSHMR_Synth_Fill_21_155_Dm	
Splice Sounds	Sounds of KSHMR Vol. 3	KSHMR_Synths -> KSHMR_Synth_Fills	KSHMR_Synth_Fill_22_155_F	
Splice Sounds	Sounds of KSHMR Vol. 3	KSHMR_Synths -> KSHMR_Synth_Fills	KSHMR_Synth_Fill_23_155_F	
Splice Sounds	Sounds of KSHMR Vol. 3	KSHMR_Synths -> KSHMR_Synth_Fills	KSHMR_Synth_Fill_24_174_F	
Splice Sounds	Sounds of KSHMR Vol. 3	KSHMR_Synths -> KSHMR_Synth_Loops	KSHMR_Synth_Loop_01_90_Gm	
Splice Sounds	Sounds of KSHMR Vol. 3	KSHMR_Synths -> KSHMR_Synth_Loops	KSHMR_Synth_Loop_02_92_F_Phrygian	
Splice Sounds	Sounds of KSHMR Vol. 3	KSHMR_Synths -> KSHMR_Synth_Loops	KSHMR_Synth_Loop_03_92_Fm	
Splice Sounds	Sounds of KSHMR Vol. 3	KSHMR_Synths -> KSHMR_Synth_Loops	KSHMR_Synth_Loop_04_95_Em	
Splice Sounds	Sounds of KSHMR Vol. 3	KSHMR_Synths -> KSHMR_Synth_Loops	KSHMR_Synth_Loop_05_97_Am	
Splice Sounds	Sounds of KSHMR Vol. 3	KSHMR_Synths -> KSHMR_Synth_Loops	KSHMR_Synth_Loop_06_100_F#m	
Splice Sounds	Sounds of KSHMR Vol. 3	KSHMR_Synths -> KSHMR_Synth_Loops	KSHMR_Synth_Loop_07_100_F#m	
Splice Sounds	Sounds of KSHMR Vol. 3	KSHMR_Synths -> KSHMR_Synth_Loops	KSHMR_Synth_Loop_08A_102_Gm	
Splice Sounds	Sounds of KSHMR Vol. 3	KSHMR_Synths -> KSHMR_Synth_Loops	KSHMR_Synth_Loop_08B_102_Gm	
Splice Sounds	Sounds of KSHMR Vol. 3	KSHMR_Synths -> KSHMR_Synth_Loops	KSHMR_Synth_Loop_09_102_Gm	
Splice Sounds	Sounds of KSHMR Vol. 3	KSHMR_Synths -> KSHMR_Synth_Loops	KSHMR_Synth_Loop_10_111_Dm	
Splice Sounds	Sounds of KSHMR Vol. 3	KSHMR_Synths -> KSHMR_Synth_Loops	KSHMR_Synth_Loop_10_111_Dm_Chords	
Splice Sounds	Sounds of KSHMR Vol. 3	KSHMR_Synths -> KSHMR_Synth_Loops	KSHMR_Synth_Loop_11_120_Bbm	
Splice Sounds	Sounds of KSHMR Vol. 3	KSHMR_Synths -> KSHMR_Synth_Loops	KSHMR_Synth_Loop_12_120_F#m	
Splice Sounds	Sounds of KSHMR Vol. 3	KSHMR_Synths -> KSHMR_Synth_Loops	KSHMR_Synth_Loop_13_121_F#m	
Splice Sounds	Sounds of KSHMR Vol. 3	KSHMR_Synths -> KSHMR_Synth_Loops	KSHMR_Synth_Loop_14_125_Em	
Splice Sounds	Sounds of KSHMR Vol. 3	KSHMR_Synths -> KSHMR_Synth_Loops	KSHMR_Synth_Loop_15A_125_Fm	
Splice Sounds	Sounds of KSHMR Vol. 3	KSHMR_Synths -> KSHMR_Synth_Loops	KSHMR_Synth_Loop_15B_125_Fm	
Splice Sounds	Sounds of KSHMR Vol. 3	KSHMR_Synths -> KSHMR_Synth_Loops	KSHMR_Synth_Loop_16_125_F#m	
Splice Sounds	Sounds of KSHMR Vol. 3	KSHMR_Synths -> KSHMR_Synth_Loops	KSHMR_Synth_Loop_17_126_Fm	
Splice Sounds	Sounds of KSHMR Vol. 3	KSHMR_Synths -> KSHMR_Synth_Loops	KSHMR_Synth_Loop_18_128_D#	
Splice Sounds	Sounds of KSHMR Vol. 3	KSHMR_Synths -> KSHMR_Synth_Loops	KSHMR_Synth_Loop_19_128_D#	
Splice Sounds	Sounds of KSHMR Vol. 3	KSHMR_Synths -> KSHMR_Synth_Loops	KSHMR_Synth_Loop_20_128_D#m	
Splice Sounds	Sounds of KSHMR Vol. 3	KSHMR_Synths -> KSHMR_Synth_Loops	KSHMR_Synth_Loop_21_128_Em	
Splice Sounds	Sounds of KSHMR Vol. 3	KSHMR_Synths -> KSHMR_Synth_Loops	KSHMR_Synth_Loop_22_128_Fm	
Splice Sounds	Sounds of KSHMR Vol. 3	KSHMR_Synths -> KSHMR_Synth_Loops	KSHMR_Synth_Loop_23_128_Fm	
Splice Sounds	Sounds of KSHMR Vol. 3	KSHMR_Synths -> KSHMR_Synth_Loops	KSHMR_Synth_Loop_24_128_Fm	
Splice Sounds	Sounds of KSHMR Vol. 3	KSHMR_Synths -> KSHMR_Synth_Loops	KSHMR_Synth_Loop_25_128_Fm	
Splice Sounds	Sounds of KSHMR Vol. 3	KSHMR_Synths -> KSHMR_Synth_Loops	KSHMR_Synth_Loop_26_128_Fm	
Splice Sounds	Sounds of KSHMR Vol. 3	KSHMR_Synths -> KSHMR_Synth_Loops	KSHMR_Synth_Loop_27_128_Fm	
Splice Sounds	Sounds of KSHMR Vol. 3	KSHMR_Synths -> KSHMR_Synth_Loops	KSHMR_Synth_Loop_28_128_F#m	
Splice Sounds	Sounds of KSHMR Vol. 3	KSHMR_Synths -> KSHMR_Synth_Loops	KSHMR_Synth_Loop_29_128_F#m	
Splice Sounds	Sounds of KSHMR Vol. 3	KSHMR_Synths -> KSHMR_Synth_Loops	KSHMR_Synth_Loop_30_128_F#m	
Splice Sounds	Sounds of KSHMR Vol. 3	KSHMR_Synths -> KSHMR_Synth_Loops	KSHMR_Synth_Loop_31_128_F#m	
Splice Sounds	Sounds of KSHMR Vol. 3	KSHMR_Synths -> KSHMR_Synth_Loops	KSHMR_Synth_Loop_32_128_F#m	
Splice Sounds	Sounds of KSHMR Vol. 3	KSHMR_Synths -> KSHMR_Synth_Loops	KSHMR_Synth_Loop_33_128_F#m	
Splice Sounds	Sounds of KSHMR Vol. 3	KSHMR_Synths -> KSHMR_Synth_Loops	KSHMR_Synth_Loop_34_128_Gm	
Splice Sounds	Sounds of KSHMR Vol. 3	KSHMR_Synths -> KSHMR_Synth_Loops	KSHMR_Synth_Loop_35_128_Gm	
Splice Sounds	Sounds of KSHMR Vol. 3	KSHMR_Synths -> KSHMR_Synth_Loops	KSHMR_Synth_Loop_36_128_G#m	
Splice Sounds	Sounds of KSHMR Vol. 3	KSHMR_Synths -> KSHMR_Synth_Loops	KSHMR_Synth_Loop_37_128_G#m	
Splice Sounds	Sounds of KSHMR Vol. 3	KSHMR_Synths -> KSHMR_Synth_Loops	KSHMR_Synth_Loop_38_130_Fm	
Splice Sounds	Sounds of KSHMR Vol. 3	KSHMR_Synths -> KSHMR_Synth_Loops	KSHMR_Synth_Loop_39A_132_F#m	
Splice Sounds	Sounds of KSHMR Vol. 3	KSHMR_Synths -> KSHMR_Synth_Loops	KSHMR_Synth_Loop_39B_132_F#m	
Splice Sounds	Sounds of KSHMR Vol. 3	KSHMR_Synths -> KSHMR_Synth_Loops	KSHMR_Synth_Loop_40_135_Em	
Splice Sounds	Sounds of KSHMR Vol. 3	KSHMR_Synths -> KSHMR_Synth_Loops	KSHMR_Synth_Loop_41_140_Em	
Splice Sounds	Sounds of KSHMR Vol. 3	KSHMR_Synths -> KSHMR_Synth_Loops	KSHMR_Synth_Loop_42_140_F#m	
Splice Sounds	Sounds of KSHMR Vol. 3	KSHMR_Synths -> KSHMR_Synth_Loops	KSHMR_Synth_Loop_43_147_Am	
Splice Sounds	Sounds of KSHMR Vol. 3	KSHMR_Synths -> KSHMR_Synth_Shots	KSHMR_Synth_Shot_01_A	
Splice Sounds	Sounds of KSHMR Vol. 3	KSHMR_Synths -> KSHMR_Synth_Shots	KSHMR_Synth_Shot_02_A	
Splice Sounds	Sounds of KSHMR Vol. 3	KSHMR_Synths -> KSHMR_Synth_Shots	KSHMR_Synth_Shot_03_A	
Splice Sounds	Sounds of KSHMR Vol. 3	KSHMR_Synths -> KSHMR_Synth_Shots	KSHMR_Synth_Shot_04_A#	
Splice Sounds	Sounds of KSHMR Vol. 3	KSHMR_Synths -> KSHMR_Synth_Shots	KSHMR_Synth_Shot_05_B	
Splice Sounds	Sounds of KSHMR Vol. 3	KSHMR_Synths -> KSHMR_Synth_Shots	KSHMR_Synth_Shot_06_C	
Splice Sounds	Sounds of KSHMR Vol. 3	KSHMR_Synths -> KSHMR_Synth_Shots	KSHMR_Synth_Shot_07_C	
Splice Sounds	Sounds of KSHMR Vol. 3	KSHMR_Synths -> KSHMR_Synth_Shots	KSHMR_Synth_Shot_08_C	
Splice Sounds	Sounds of KSHMR Vol. 3	KSHMR_Synths -> KSHMR_Synth_Shots	KSHMR_Synth_Shot_09_C#	
Splice Sounds	Sounds of KSHMR Vol. 3	KSHMR_Synths -> KSHMR_Synth_Shots	KSHMR_Synth_Shot_10_D#	
Splice Sounds	Sounds of KSHMR Vol. 3	KSHMR_Synths -> KSHMR_Synth_Shots	KSHMR_Synth_Shot_11_D#	
Splice Sounds	Sounds of KSHMR Vol. 3	KSHMR_Synths -> KSHMR_Synth_Shots	KSHMR_Synth_Shot_12_D#	
Splice Sounds	Sounds of KSHMR Vol. 3	KSHMR_Synths -> KSHMR_Synth_Shots	KSHMR_Synth_Shot_13_E	
Splice Sounds	Sounds of KSHMR Vol. 3	KSHMR_Synths -> KSHMR_Synth_Shots	KSHMR_Synth_Shot_14_E	
Splice Sounds	Sounds of KSHMR Vol. 3	KSHMR_Synths -> KSHMR_Synth_Shots	KSHMR_Synth_Shot_15_E	
Splice Sounds	Sounds of KSHMR Vol. 3	KSHMR_Synths -> KSHMR_Synth_Shots	KSHMR_Synth_Shot_16_E	
Splice Sounds	Sounds of KSHMR Vol. 3	KSHMR_Synths -> KSHMR_Synth_Shots	KSHMR_Synth_Shot_17_E	
Splice Sounds	Sounds of KSHMR Vol. 3	KSHMR_Synths -> KSHMR_Synth_Shots	KSHMR_Synth_Shot_18_E	
Splice Sounds	Sounds of KSHMR Vol. 3	KSHMR_Synths -> KSHMR_Synth_Shots	KSHMR_Synth_Shot_19_E	
Splice Sounds	Sounds of KSHMR Vol. 3	KSHMR_Synths -> KSHMR_Synth_Shots	KSHMR_Synth_Shot_20_E	
Splice Sounds	Sounds of KSHMR Vol. 3	KSHMR_Synths -> KSHMR_Synth_Shots	KSHMR_Synth_Shot_21_E	
Splice Sounds	Sounds of KSHMR Vol. 3	KSHMR_Synths -> KSHMR_Synth_Shots	KSHMR_Synth_Shot_22_E	
Splice Sounds	Sounds of KSHMR Vol. 3	KSHMR_Synths -> KSHMR_Synth_Shots	KSHMR_Synth_Shot_23_E	
Splice Sounds	Sounds of KSHMR Vol. 3	KSHMR_Synths -> KSHMR_Synth_Shots	KSHMR_Synth_Shot_24_E	
Splice Sounds	Sounds of KSHMR Vol. 3	KSHMR_Synths -> KSHMR_Synth_Shots	KSHMR_Synth_Shot_25_E	
Splice Sounds	Sounds of KSHMR Vol. 3	KSHMR_Synths -> KSHMR_Synth_Shots	KSHMR_Synth_Shot_26_F	
Splice Sounds	Sounds of KSHMR Vol. 3	KSHMR_Synths -> KSHMR_Synth_Shots	KSHMR_Synth_Shot_27_F	
Splice Sounds	Sounds of KSHMR Vol. 3	KSHMR_Synths -> KSHMR_Synth_Shots	KSHMR_Synth_Shot_28_F	
Splice Sounds	Sounds of KSHMR Vol. 3	KSHMR_Synths -> KSHMR_Synth_Shots	KSHMR_Synth_Shot_29_F	
Splice Sounds	Sounds of KSHMR Vol. 3	KSHMR_Synths -> KSHMR_Synth_Shots	KSHMR_Synth_Shot_30_F	
Splice Sounds	Sounds of KSHMR Vol. 3	KSHMR_Synths -> KSHMR_Synth_Shots	KSHMR_Synth_Shot_31_F	
Splice Sounds	Sounds of KSHMR Vol. 3	KSHMR_Synths -> KSHMR_Synth_Shots	KSHMR_Synth_Shot_32_F	
Splice Sounds	Sounds of KSHMR Vol. 3	KSHMR_Synths -> KSHMR_Synth_Shots	KSHMR_Synth_Shot_33_F#	
Splice Sounds	Sounds of KSHMR Vol. 3	KSHMR_Synths -> KSHMR_Synth_Shots	KSHMR_Synth_Shot_34_F#	
Splice Sounds	Sounds of KSHMR Vol. 3	KSHMR_Synths -> KSHMR_Synth_Shots	KSHMR_Synth_Shot_35_G#	
Splice Sounds	Sounds of KSHMR Vol. 3	KSHMR_Synths -> KSHMR_Synth_Shots	KSHMR_Synth_Shot_36_G	
Splice Sounds	Sounds of KSHMR Vol. 3	KSHMR_Synths -> KSHMR_Synth_Shots	KSHMR_Synth_Shot_37_G	
Splice Sounds	Sounds of KSHMR Vol. 3	KSHMR_Synths -> KSHMR_Synth_Shots	KSHMR_Synth_Shot_38_G	
Splice Sounds	Sounds of KSHMR Vol. 3	KSHMR_Synths -> KSHMR_Synth_Shots	KSHMR_Synth_Shot_39_G#	
Splice Sounds	Sounds of KSHMR Vol. 3	KSHMR_Synths -> KSHMR_Synth_Shots	KSHMR_Synth_Shot_40_G#	
Splice Sounds	Sounds of KSHMR Vol. 3	KSHMR_VIP_Friends -> Bassjackers	Bassjackers - BassShot Dork (F)	
Splice Sounds	Sounds of KSHMR Vol. 3	KSHMR_VIP_Friends -> Bassjackers	Bassjackers - BassShot Zeke (F)	
Splice Sounds	Sounds of KSHMR Vol. 3	KSHMR_VIP_Friends -> Bassjackers	Bassjackers - Clap Zero	
Splice Sounds	Sounds of KSHMR Vol. 3	KSHMR_VIP_Friends -> Bassjackers	Bassjackers - Crash Cho	
Splice Sounds	Sounds of KSHMR Vol. 3	KSHMR_VIP_Friends -> Bassjackers	Bassjackers - Drumfill 16bar Dark	
Splice Sounds	Sounds of KSHMR Vol. 3	KSHMR_VIP_Friends -> Bassjackers	Bassjackers - Fill Tom 2beat	
Splice Sounds	Sounds of KSHMR Vol. 3	KSHMR_VIP_Friends -> Bassjackers	Bassjackers - Fill Tom 3beat	
Splice Sounds	Sounds of KSHMR Vol. 3	KSHMR_VIP_Friends -> Bassjackers	Bassjackers - FX Dough (D)	
Splice Sounds	Sounds of KSHMR Vol. 3	KSHMR_VIP_Friends -> Bassjackers	Bassjackers - Kick Zero	
Splice Sounds	Sounds of KSHMR Vol. 3	KSHMR_VIP_Friends -> Bassjackers	Bassjackers - Snare 01	
Splice Sounds	Sounds of KSHMR Vol. 3	KSHMR_VIP_Friends -> Bassjackers	Bassjackers - SynthShot Bassie (D)	
Splice Sounds	Sounds of KSHMR Vol. 3	KSHMR_VIP_Friends -> Bassjackers	Bassjackers - SynthShot Classic (C)	
Splice Sounds	Sounds of KSHMR Vol. 3	KSHMR_VIP_Friends -> Bassjackers	Bassjackers - SynthShot Henk (C)	
Splice Sounds	Sounds of KSHMR Vol. 3	KSHMR_VIP_Friends -> Crossnaders	Crossnaders - 808 Damn (F#)	
Splice Sounds	Sounds of KSHMR Vol. 3	KSHMR_VIP_Friends -> Crossnaders	Crossnaders - Bass Shot Damn 1 (E)	
Splice Sounds	Sounds of KSHMR Vol. 3	KSHMR_VIP_Friends -> Crossnaders	Crossnaders - Bass Shot Damn 2 (F)	
Splice Sounds	Sounds of KSHMR Vol. 3	KSHMR_VIP_Friends -> Crossnaders	Crossnaders - Bass Shot Instinct Killa	
Splice Sounds	Sounds of KSHMR Vol. 3	KSHMR_VIP_Friends -> Crossnaders	Crossnaders - Bass Shot Pound That (E)	
Splice Sounds	Sounds of KSHMR Vol. 3	KSHMR_VIP_Friends -> Crossnaders	Crossnaders - Bass Shot That Freak 1 (G#)	
Splice Sounds	Sounds of KSHMR Vol. 3	KSHMR_VIP_Friends -> Crossnaders	Crossnaders - Bass Shot That Freak 2 (G#)	
Splice Sounds	Sounds of KSHMR Vol. 3	KSHMR_VIP_Friends -> Crossnaders	Crossnaders - Bass Shot That Freak 3a (G#)	
Splice Sounds	Sounds of KSHMR Vol. 3	KSHMR_VIP_Friends -> Crossnaders	Crossnaders - Bass Shot That Freak 3b (G#)	
Splice Sounds	Sounds of KSHMR Vol. 3	KSHMR_VIP_Friends -> Crossnaders	Crossnaders - Bass Shot That Freak 4a (G#)	
Splice Sounds	Sounds of KSHMR Vol. 3	KSHMR_VIP_Friends -> Crossnaders	Crossnaders - Bass Shot That Freak 4b (G#)	
Splice Sounds	Sounds of KSHMR Vol. 3	KSHMR_VIP_Friends -> Crossnaders	Crossnaders - Brass Stab Damn (F#)	
Splice Sounds	Sounds of KSHMR Vol. 3	KSHMR_VIP_Friends -> Crossnaders	Crossnaders - Brass Stab Haunted (A)	
Splice Sounds	Sounds of KSHMR Vol. 3	KSHMR_VIP_Friends -> Crossnaders	Crossnaders - Brass Stab Haunted (E)	
Splice Sounds	Sounds of KSHMR Vol. 3	KSHMR_VIP_Friends -> Crossnaders	Crossnaders - Breakbeat Poizen (128 bpm)	
Splice Sounds	Sounds of KSHMR Vol. 3	KSHMR_VIP_Friends -> Crossnaders	Crossnaders - Clap Instinct Killa	
Splice Sounds	Sounds of KSHMR Vol. 3	KSHMR_VIP_Friends -> Crossnaders	Crossnaders - Hey Hey Instinct Killa (150 bpm)	
Splice Sounds	Sounds of KSHMR Vol. 3	KSHMR_VIP_Friends -> Crossnaders	Crossnaders - Kick Damn	
Splice Sounds	Sounds of KSHMR Vol. 3	KSHMR_VIP_Friends -> Crossnaders	Crossnaders - Kick Instinct Killa	
Splice Sounds	Sounds of KSHMR Vol. 3	KSHMR_VIP_Friends -> Crossnaders	Crossnaders - Kick Poizen (F)	
Splice Sounds	Sounds of KSHMR Vol. 3	KSHMR_VIP_Friends -> Crossnaders	Crossnaders - Lead Instinct Killa (F)	
Splice Sounds	Sounds of KSHMR Vol. 3	KSHMR_VIP_Friends -> Crossnaders	Crossnaders - Lead Pound That (E high 1)	
Splice Sounds	Sounds of KSHMR Vol. 3	KSHMR_VIP_Friends -> Crossnaders	Crossnaders - Lead Pound That (E high 2)	
Splice Sounds	Sounds of KSHMR Vol. 3	KSHMR_VIP_Friends -> Crossnaders	Crossnaders - Lead Pound That (E low 1)	
Splice Sounds	Sounds of KSHMR Vol. 3	KSHMR_VIP_Friends -> Crossnaders	Crossnaders - Lead Pound That (E low 2)	
Splice Sounds	Sounds of KSHMR Vol. 3	KSHMR_VIP_Friends -> Crossnaders	Crossnaders - Lead Pound That (E mid 1)	
Splice Sounds	Sounds of KSHMR Vol. 3	KSHMR_VIP_Friends -> Crossnaders	Crossnaders - Lead Pound That (E mid 2)	
Splice Sounds	Sounds of KSHMR Vol. 3	KSHMR_VIP_Friends -> Crossnaders	Crossnaders - Open HH Instinct Killa	
Splice Sounds	Sounds of KSHMR Vol. 3	KSHMR_VIP_Friends -> Crossnaders	Crossnaders - Perc Loop Instinct Killa (150 bpm)	
Splice Sounds	Sounds of KSHMR Vol. 3	KSHMR_VIP_Friends -> Crossnaders	Crossnaders - Snare Damn	
Splice Sounds	Sounds of KSHMR Vol. 3	KSHMR_VIP_Friends -> Crossnaders	Crossnaders - Snare Roll That Freak	
Splice Sounds	Sounds of KSHMR Vol. 3	KSHMR_VIP_Friends -> Crossnaders	Crossnaders - White Noise Damn	
Splice Sounds	Sounds of KSHMR Vol. 3	KSHMR_VIP_Friends -> Hardwell	Hardwell - Dutch Snare 01	
Splice Sounds	Sounds of KSHMR Vol. 3	KSHMR_VIP_Friends -> Hardwell	Hardwell - Dutch Snare 02	
Splice Sounds	Sounds of KSHMR Vol. 3	KSHMR_VIP_Friends -> Hardwell	Hardwell - Shaker Loop 128bpm	
Splice Sounds	Sounds of KSHMR Vol. 3	KSHMR_VIP_Friends -> Hardwell	Hardwell - Signature Tom	
Splice Sounds	Sounds of KSHMR Vol. 3	KSHMR_VIP_Friends -> Hardwell	Hardwell - Spaceman KICK	
Splice Sounds	Sounds of KSHMR Vol. 3	KSHMR_VIP_Friends -> Marnik	MARNIK - Breathe (Mandala) Em 128 Bpm	
Splice Sounds	Sounds of KSHMR Vol. 3	KSHMR_VIP_Friends -> Marnik	MARNIK - Ethno violin (Shiva) A# 100 Bpm	
Splice Sounds	Sounds of KSHMR Vol. 3	KSHMR_VIP_Friends -> Marnik	MARNIK - Kick (Shiva)	
Splice Sounds	Sounds of KSHMR Vol. 3	KSHMR_VIP_Friends -> Marnik	MARNIK - Pad (Shiva) D#	
Splice Sounds	Sounds of KSHMR Vol. 3	KSHMR_VIP_Friends -> Marnik	MARNIK - Perc (Hymn)	
Splice Sounds	Sounds of KSHMR Vol. 3	KSHMR_VIP_Friends -> Marnik	MARNIK - Stab (Hymn) Fm 138 bpm	
Splice Sounds	Sounds of KSHMR Vol. 3	KSHMR_VIP_Friends -> Maurice West	Maurice West - Festival Of Lights Fill	
Splice Sounds	Sounds of KSHMR Vol. 3	KSHMR_VIP_Friends -> Maurice West	Maurice West - Synth and Drum Fill (F)	
Splice Sounds	Sounds of KSHMR Vol. 3	KSHMR_VIP_Friends -> Maurice West	Maurice West - Tonal Reverb FX (F#)	
Splice Sounds	Sounds of KSHMR Vol. 3	KSHMR_VIP_Friends -> Maurice West	Maurice West - Voices In My Head Kick (G#)	
Splice Sounds	Sounds of KSHMR Vol. 3	KSHMR_VIP_Friends -> Maurice West	Maurice West - Yin Yang Kick (D#)	
Splice Sounds	Sounds of KSHMR Vol. 3	KSHMR_VIP_Friends -> Mr Black	MR.BLACK - Arp (E)	
Splice Sounds	Sounds of KSHMR Vol. 3	KSHMR_VIP_Friends -> Mr Black	MR.BLACK - Bass (D#)	
Splice Sounds	Sounds of KSHMR Vol. 3	KSHMR_VIP_Friends -> Mr Black	MR.BLACK - Bass (D#)	
Splice Sounds	Sounds of KSHMR Vol. 3	KSHMR_VIP_Friends -> Mr Black	MR.BLACK - Bassline (F#)	
Splice Sounds	Sounds of KSHMR Vol. 3	KSHMR_VIP_Friends -> Mr Black	MR.BLACK - Boom Psy Bass (D)	
Splice Sounds	Sounds of KSHMR Vol. 3	KSHMR_VIP_Friends -> Mr Black	MR.BLACK - Minmal (F)	
Splice Sounds	Sounds of KSHMR Vol. 3	KSHMR_VIP_Friends -> Mr Black	MR.BLACK - Pluck (F#)	
Splice Sounds	Sounds of KSHMR Vol. 3	KSHMR_VIP_Friends -> Mr Black	MR.BLACK - Pluck Drop (B)	
Splice Sounds	Sounds of KSHMR Vol. 3	KSHMR_VIP_Friends -> Mr Black	MR.BLACK - Pluk you (G)	
Splice Sounds	Sounds of KSHMR Vol. 3	KSHMR_VIP_Friends -> Mr Black	MR.BLACK - Psy Bass Mid (A#)	
Splice Sounds	Sounds of KSHMR Vol. 3	KSHMR_VIP_Friends -> Mr Black	MR.BLACK - Psy Kick	
Splice Sounds	Sounds of KSHMR Vol. 3	KSHMR_VIP_Friends -> Mr Black	MR.BLACK - Psy loop	
Splice Sounds	Sounds of KSHMR Vol. 3	KSHMR_VIP_Friends -> Mr Black	MR.BLACK - TB (A#)	
Splice Sounds	Sounds of KSHMR Vol. 3	KSHMR_VIP_Friends -> Mr Black	MR.BLACK - Top Bass (F#)	
Splice Sounds	Sounds of KSHMR Vol. 3	KSHMR_VIP_Friends -> Mr Black	MR.BLACK - Top Kick	
Splice Sounds	Sounds of KSHMR Vol. 3	KSHMR_VIP_Friends -> Nicky Romero	Nicky Romero - Clap NextLevel1	
Splice Sounds	Sounds of KSHMR Vol. 3	KSHMR_VIP_Friends -> Nicky Romero	Nicky Romero - Clap NextLevel2	
Splice Sounds	Sounds of KSHMR Vol. 3	KSHMR_VIP_Friends -> Nicky Romero	Nicky Romero - Clap Toulouse	
Splice Sounds	Sounds of KSHMR Vol. 3	KSHMR_VIP_Friends -> Nicky Romero	Nicky Romero - Kick Legacy	
Splice Sounds	Sounds of KSHMR Vol. 3	KSHMR_VIP_Friends -> Nicky Romero	Nicky Romero - Kick Professor (F#)	
Splice Sounds	Sounds of KSHMR Vol. 3	KSHMR_VIP_Friends -> Nicky Romero	Nicky Romero - Novell Noise Ride	
Splice Sounds	Sounds of KSHMR Vol. 3	KSHMR_VIP_Friends -> Nicky Romero	Nicky Romero - Toulouse Big Snare	
Splice Sounds	Sounds of KSHMR Vol. 3	KSHMR_VIP_Friends -> Nicky Romero	Nicky Romero - Young Clap Dry	
Splice Sounds	Sounds of KSHMR Vol. 3	KSHMR_VIP_Friends -> Padé	Padé - 2Claps (110bpm)	
Splice Sounds	Sounds of KSHMR Vol. 3	KSHMR_VIP_Friends -> Padé	Padé - Coin Sweep	
Splice Sounds	Sounds of KSHMR Vol. 3	KSHMR_VIP_Friends -> Padé	Padé - Deep Bass (C)	
Splice Sounds	Sounds of KSHMR Vol. 3	KSHMR_VIP_Friends -> Padé	Padé - Onero Fill (90bpm)	
Splice Sounds	Sounds of KSHMR Vol. 3	KSHMR_VIP_Friends -> Padé	Padé - Vocal Shot (F)	
Splice Sounds	Sounds of KSHMR Vol. 3	KSHMR_VIP_Friends -> Radiology	Radiology - Monsta Kick (G)	
Splice Sounds	Sounds of KSHMR Vol. 3	KSHMR_VIP_Friends -> Radiology	Radiology - Phobia Drop (F# High)	
Splice Sounds	Sounds of KSHMR Vol. 3	KSHMR_VIP_Friends -> Radiology	Radiology - Phobia Drop (F# Low)	
Splice Sounds	Sounds of KSHMR Vol. 3	KSHMR_VIP_Friends -> Radiology	Radiology - Phobia Kick (A)	
Splice Sounds	Sounds of KSHMR Vol. 3	KSHMR_VIP_Friends -> Radiology	Radiology - Phobia Stab (F#)	
Splice Sounds	Sounds of KSHMR Vol. 3	KSHMR_VIP_Friends -> Radiology	Radiology - Phobia Sub (F#)	
Splice Sounds	Sounds of KSHMR Vol. 3	KSHMR_VIP_Friends -> Shaun Frank	Shaun Frank - Big Snare	
Splice Sounds	Sounds of KSHMR Vol. 3	KSHMR_VIP_Friends -> Shaun Frank	Shaun Frank - Chord 1	
Splice Sounds	Sounds of KSHMR Vol. 3	KSHMR_VIP_Friends -> Shaun Frank	Shaun Frank - Chord 2	
Splice Sounds	Sounds of KSHMR Vol. 3	KSHMR_VIP_Friends -> Shaun Frank	Shaun Frank - Clap 1	
Splice Sounds	Sounds of KSHMR Vol. 3	KSHMR_VIP_Friends -> Shaun Frank	Shaun Frank - Clap 2	
Splice Sounds	Sounds of KSHMR Vol. 3	KSHMR_VIP_Friends -> Shaun Frank	Shaun Frank - FX Drum Loop - 122 BPM	
Splice Sounds	Sounds of KSHMR Vol. 3	KSHMR_VIP_Friends -> Shaun Frank	Shaun Frank - FX Reverse Tone	
Splice Sounds	Sounds of KSHMR Vol. 3	KSHMR_VIP_Friends -> Shaun Frank	Shaun Frank - Get Away Bend (F#)	
Splice Sounds	Sounds of KSHMR Vol. 3	KSHMR_VIP_Friends -> Shaun Frank	Shaun Frank - Get Away Cowbell Impact	
Splice Sounds	Sounds of KSHMR Vol. 3	KSHMR_VIP_Friends -> Shaun Frank	Shaun Frank - Get Away Horn Stab (F#)	
Splice Sounds	Sounds of KSHMR Vol. 3	KSHMR_VIP_Friends -> Shaun Frank	Shaun Frank - Guitar Loop - 122BPM	
Splice Sounds	Sounds of KSHMR Vol. 3	KSHMR_VIP_Friends -> Shaun Frank	Shaun Frank - Hat	
Splice Sounds	Sounds of KSHMR Vol. 3	KSHMR_VIP_Friends -> Shaun Frank	Shaun Frank - Heaven Womp (C)	
Splice Sounds	Sounds of KSHMR Vol. 3	KSHMR_VIP_Friends -> Shaun Frank	Shaun Frank - Kick	
Splice Sounds	Sounds of KSHMR Vol. 3	KSHMR_VIP_Friends -> Shaun Frank	Shaun Frank - Perc Fill	
Splice Sounds	Sounds of KSHMR Vol. 3	KSHMR_VIP_Friends -> Shaun Frank	Shaun Frank - Rimshot	
Splice Sounds	Sounds of KSHMR Vol. 3	KSHMR_VIP_Friends -> Shaun Frank	Shaun Frank - Swing Fill - 122 BPM	
Splice Sounds	Sounds of KSHMR Vol. 3	KSHMR_VIP_Friends -> Shaun Frank	Shaun Frank - Top Loop 1 - 119 BPM	
Splice Sounds	Sounds of KSHMR Vol. 3	KSHMR_VIP_Friends -> Shaun Frank	Shaun Frank - Top Loop 2 - 122 BPM	
Splice Sounds	Sounds of KSHMR Vol. 3	KSHMR_VIP_Friends -> Shaun Frank	Shaun Frank - Top Loop 3 - 122 BPM	
Splice Sounds	Sounds of KSHMR Vol. 3	KSHMR_VIP_Friends -> Shaun Frank	Shaun Frank - Woodblock	
Splice Sounds	Sounds of KSHMR Vol. 3	KSHMR_VIP_Friends -> The Golden Army	The Golden Army - Bass (G)	
Splice Sounds	Sounds of KSHMR Vol. 3	KSHMR_VIP_Friends -> The Golden Army	The Golden Army - Hi-Hat Loop (140, Triplets)	
Splice Sounds	Sounds of KSHMR Vol. 3	KSHMR_VIP_Friends -> The Golden Army	The Golden Army - Riser (G)	
Splice Sounds	Sounds of KSHMR Vol. 3	KSHMR_VIP_Friends -> The Golden Army	The Golden Army - Strings Loop (G, 140)	
Splice Sounds	Sounds of KSHMR Vol. 3	KSHMR_VIP_Friends -> The Golden Army	The Golden Army - Strings Riser (G, 140)	
Splice Sounds	Sounds of KSHMR Vol. 3	KSHMR_VIP_Friends -> The Golden Army	The Golden Army - Synth (G)	
Splice Sounds	Sounds of KSHMR Vol. 3	KSHMR_VIP_Friends -> The Golden Army	The Golden Army - Synth FX (F)	
Splice Sounds	Sounds of KSHMR Vol. 3	KSHMR_VIP_Friends -> The Golden Army	The Golden Army - Trailer Hit (F)	
Splice Sounds	Sounds of KSHMR Vol. 3	KSHMR_VIP_Friends -> The Golden Army	The Golden Army - Trailer Hit (G)	
Splice Sounds	Sounds of KSHMR Vol. 3	KSHMR_VIP_Friends -> Zedd	Zedd - 303 (Stache)	
Splice Sounds	Sounds of KSHMR Vol. 3	KSHMR_VIP_Friends -> Zedd	Zedd - Bass (Stache)	
Splice Sounds	Sounds of KSHMR Vol. 3	KSHMR_VIP_Friends -> Zedd	Zedd - Bass E (Shotgun)	
Splice Sounds	Sounds of KSHMR Vol. 3	KSHMR_VIP_Friends -> Zedd	Zedd - Claps + Snare (Done with Love ) 128bpm	
Splice Sounds	Sounds of KSHMR Vol. 3	KSHMR_VIP_Friends -> Zedd	Zedd - Crazy Bass C1 (Spectrum)	
Splice Sounds	Sounds of KSHMR Vol. 3	KSHMR_VIP_Friends -> Zedd	Zedd - G4	
Splice Sounds	Sounds of KSHMR Vol. 3	KSHMR_VIP_Friends -> Zedd	Zedd - Guitar (Break Free)	
Splice Sounds	Sounds of KSHMR Vol. 3	KSHMR_VIP_Friends -> Zedd	Zedd - Kick + Clap (Shotgun)	
Splice Sounds	Sounds of KSHMR Vol. 3	KSHMR_VIP_Friends -> Zedd	Zedd - Kick 1 (I Want You to Know)	
Splice Sounds	Sounds of KSHMR Vol. 3	KSHMR_VIP_Friends -> Zedd	Zedd - Kick 2	
Splice Sounds	Sounds of KSHMR Vol. 3	KSHMR_VIP_Friends -> Zedd	Zedd - Kick, clean (Happy Now)	
Splice Sounds	Sounds of KSHMR Vol. 3	KSHMR_VIP_Friends -> Zedd	Zedd - Melochoir, clean (Spectrum)	
Splice Sounds	Sounds of KSHMR Vol. 3	KSHMR_VIP_Friends -> Zedd	Zedd - Reverb Clap (Shotgun)	
Splice Sounds	Sounds of KSHMR Vol. 3	KSHMR_VIP_Friends -> Zedd	Zedd - Snare 1 (Beautiful Now)	
Splice Sounds	Sounds of KSHMR Vol. 3	KSHMR_VIP_Friends -> Zedd	Zedd - Snare 2 (Walk on Water)	
Splice Sounds	Sounds of KSHMR Vol. 3	KSHMR_VIP_Friends -> Zedd	Zedd - Snare 3 (Dangerous Night)	
Splice Sounds	Sounds of KSHMR Vol. 3	KSHMR_VIP_Friends -> Zedd	Zedd - Snow Stomps (Addicted to a Memory) 128bpm	
Splice Sounds	Sounds of KSHMR Vol. 3	KSHMR_Vocals -> KSHMR_Shouts -> KSHMR_Shouts_Long	KSHMR_Long_Shout_01_Ahhhh_G	
Splice Sounds	Sounds of KSHMR Vol. 3	KSHMR_Vocals -> KSHMR_Shouts -> KSHMR_Shouts_Long	KSHMR_Long_Shout_02_Bwayoo_Gm	
Splice Sounds	Sounds of KSHMR Vol. 3	KSHMR_Vocals -> KSHMR_Shouts -> KSHMR_Shouts_Long	KSHMR_Long_Shout_03_Hey_G#	
Splice Sounds	Sounds of KSHMR Vol. 3	KSHMR_Vocals -> KSHMR_Shouts -> KSHMR_Shouts_Long	KSHMR_Long_Shout_04_Long_Ohhh_A#	
Splice Sounds	Sounds of KSHMR Vol. 3	KSHMR_Vocals -> KSHMR_Shouts -> KSHMR_Shouts_Long	KSHMR_Long_Shout_05_Nuu_D	
Splice Sounds	Sounds of KSHMR Vol. 3	KSHMR_Vocals -> KSHMR_Shouts -> KSHMR_Shouts_Long	KSHMR_Long_Shout_06_Oo_D	
Splice Sounds	Sounds of KSHMR Vol. 3	KSHMR_Vocals -> KSHMR_Shouts -> KSHMR_Shouts_Long	KSHMR_Long_Shout_07_Raa_D#	
Splice Sounds	Sounds of KSHMR Vol. 3	KSHMR_Vocals -> KSHMR_Shouts -> KSHMR_Shouts_Long	KSHMR_Long_Shout_08_Yell_A#	
Splice Sounds	Sounds of KSHMR Vol. 3	KSHMR_Vocals -> KSHMR_Shouts -> KSHMR_Shouts_Single	KSHMR_Vocal_Shout_01_Ah_A	
Splice Sounds	Sounds of KSHMR Vol. 3	KSHMR_Vocals -> KSHMR_Shouts -> KSHMR_Shouts_Single	KSHMR_Vocal_Shout_02_Ah_D	
Splice Sounds	Sounds of KSHMR Vol. 3	KSHMR_Vocals -> KSHMR_Shouts -> KSHMR_Shouts_Single	KSHMR_Vocal_Shout_03_Aye_D#	
Splice Sounds	Sounds of KSHMR Vol. 3	KSHMR_Vocals -> KSHMR_Shouts -> KSHMR_Shouts_Single	KSHMR_Vocal_Shout_04_Aye_G	
Splice Sounds	Sounds of KSHMR Vol. 3	KSHMR_Vocals -> KSHMR_Shouts -> KSHMR_Shouts_Single	KSHMR_Vocal_Shout_05_Aye_G	
Splice Sounds	Sounds of KSHMR Vol. 3	KSHMR_Vocals -> KSHMR_Shouts -> KSHMR_Shouts_Single	KSHMR_Vocal_Shout_06_Blau_A	
Splice Sounds	Sounds of KSHMR Vol. 3	KSHMR_Vocals -> KSHMR_Shouts -> KSHMR_Shouts_Single	KSHMR_Vocal_Shout_07_Brra	
Splice Sounds	Sounds of KSHMR Vol. 3	KSHMR_Vocals -> KSHMR_Shouts -> KSHMR_Shouts_Single	KSHMR_Vocal_Shout_08_Brra_Wide	
Splice Sounds	Sounds of KSHMR Vol. 3	KSHMR_Vocals -> KSHMR_Shouts -> KSHMR_Shouts_Single	KSHMR_Vocal_Shout_09_Brra_Stutter	
Splice Sounds	Sounds of KSHMR Vol. 3	KSHMR_Vocals -> KSHMR_Shouts -> KSHMR_Shouts_Single	KSHMR_Vocal_Shout_10_Brra_Machine_Gun	
Splice Sounds	Sounds of KSHMR Vol. 3	KSHMR_Vocals -> KSHMR_Shouts -> KSHMR_Shouts_Single	KSHMR_Vocal_Shout_11_Brrra_E	
Splice Sounds	Sounds of KSHMR Vol. 3	KSHMR_Vocals -> KSHMR_Shouts -> KSHMR_Shouts_Single	KSHMR_Vocal_Shout_12_Ha_E	
Splice Sounds	Sounds of KSHMR Vol. 3	KSHMR_Vocals -> KSHMR_Shouts -> KSHMR_Shouts_Single	KSHMR_Vocal_Shout_13_Ha_C#	
Splice Sounds	Sounds of KSHMR Vol. 3	KSHMR_Vocals -> KSHMR_Shouts -> KSHMR_Shouts_Single	KSHMR_Vocal_Shout_14_Hey_A	
Splice Sounds	Sounds of KSHMR Vol. 3	KSHMR_Vocals -> KSHMR_Shouts -> KSHMR_Shouts_Single	KSHMR_Vocal_Shout_15_Hey_C	
Splice Sounds	Sounds of KSHMR Vol. 3	KSHMR_Vocals -> KSHMR_Shouts -> KSHMR_Shouts_Single	KSHMR_Vocal_Shout_16_Hey_E	
Splice Sounds	Sounds of KSHMR Vol. 3	KSHMR_Vocals -> KSHMR_Shouts -> KSHMR_Shouts_Single	KSHMR_Vocal_Shout_17_Hey_F#	
Splice Sounds	Sounds of KSHMR Vol. 3	KSHMR_Vocals -> KSHMR_Shouts -> KSHMR_Shouts_Single	KSHMR_Vocal_Shout_18_Hey_F#	
Splice Sounds	Sounds of KSHMR Vol. 3	KSHMR_Vocals -> KSHMR_Shouts -> KSHMR_Shouts_Single	KSHMR_Vocal_Shout_19_Ho_C	
Splice Sounds	Sounds of KSHMR Vol. 3	KSHMR_Vocals -> KSHMR_Shouts -> KSHMR_Shouts_Single	KSHMR_Vocal_Shout_20_Ho_D	
Splice Sounds	Sounds of KSHMR Vol. 3	KSHMR_Vocals -> KSHMR_Shouts -> KSHMR_Shouts_Single	KSHMR_Vocal_Shout_21_Huaa_C#	
Splice Sounds	Sounds of KSHMR Vol. 3	KSHMR_Vocals -> KSHMR_Shouts -> KSHMR_Shouts_Single	KSHMR_Vocal_Shout_22_Human_Bird_Ooo_Ooo_F-ish	
Splice Sounds	Sounds of KSHMR Vol. 3	KSHMR_Vocals -> KSHMR_Shouts -> KSHMR_Shouts_Single	KSHMR_Vocal_Shout_23_Human_Bird_Pua_Pua_F#-E	
Splice Sounds	Sounds of KSHMR Vol. 3	KSHMR_Vocals -> KSHMR_Shouts -> KSHMR_Shouts_Single	KSHMR_Vocal_Shout_24_Moan_C#	
Splice Sounds	Sounds of KSHMR Vol. 3	KSHMR_Vocals -> KSHMR_Shouts -> KSHMR_Shouts_Single	KSHMR_Vocal_Shout_25_Moan_D#	
Splice Sounds	Sounds of KSHMR Vol. 3	KSHMR_Vocals -> KSHMR_Shouts -> KSHMR_Shouts_Single	KSHMR_Vocal_Shout_26_Oh_A#	
Splice Sounds	Sounds of KSHMR Vol. 3	KSHMR_Vocals -> KSHMR_Shouts -> KSHMR_Shouts_Single	KSHMR_Vocal_Shout_27_Scream_A	
Splice Sounds	Sounds of KSHMR Vol. 3	KSHMR_Vocals -> KSHMR_Shouts -> KSHMR_Shouts_Single	KSHMR_Vocal_Shout_28_Scream_Ooo_B	
Splice Sounds	Sounds of KSHMR Vol. 3	KSHMR_Vocals -> KSHMR_Shouts -> KSHMR_Shouts_Single	KSHMR_Vocal_Shout_29_Scream	
Splice Sounds	Sounds of KSHMR Vol. 3	KSHMR_Vocals -> KSHMR_Shouts -> KSHMR_Shouts_Single	KSHMR_Vocal_Shout_30_Scream	
Splice Sounds	Sounds of KSHMR Vol. 3	KSHMR_Vocals -> KSHMR_Shouts -> KSHMR_Shouts_Single	KSHMR_Vocal_Shout_31_Wahp_G#	
Splice Sounds	Sounds of KSHMR Vol. 3	KSHMR_Vocals -> KSHMR_Shouts -> KSHMR_Shouts_Single	KSHMR_Vocal_Shout_32_Whoa	
Splice Sounds	Sounds of KSHMR Vol. 3	KSHMR_Vocals -> KSHMR_Shouts -> KSHMR_Shouts_Single	KSHMR_Vocal_Shout_33_Whoo_C#	
Splice Sounds	Sounds of KSHMR Vol. 3	KSHMR_Vocals -> KSHMR_Shouts -> KSHMR_Shouts_Single	KSHMR_Vocal_Shout_34_Whoo_D	
Splice Sounds	Sounds of KSHMR Vol. 3	KSHMR_Vocals -> KSHMR_Shouts -> KSHMR_Shouts_Single	KSHMR_Vocal_Shout_35_Whoo_D#	
Splice Sounds	Sounds of KSHMR Vol. 3	KSHMR_Vocals -> KSHMR_Shouts -> KSHMR_Shouts_Single	KSHMR_Vocal_Shout_36_Whoo_E	
Splice Sounds	Sounds of KSHMR Vol. 3	KSHMR_Vocals -> KSHMR_Shouts -> KSHMR_Shouts_Single	KSHMR_Vocal_Shout_37_Whoo_E	
Splice Sounds	Sounds of KSHMR Vol. 3	KSHMR_Vocals -> KSHMR_Shouts -> KSHMR_Shouts_Single	KSHMR_Vocal_Shout_38_Whoo_F	
Splice Sounds	Sounds of KSHMR Vol. 3	KSHMR_Vocals -> KSHMR_Shouts -> KSHMR_Shouts_Single	KSHMR_Vocal_Shout_39_Whoo_F#	
Splice Sounds	Sounds of KSHMR Vol. 3	KSHMR_Vocals -> KSHMR_Shouts -> KSHMR_Shouts_Single	KSHMR_Vocal_Shout_40_Yeah_C#	
Splice Sounds	Sounds of KSHMR Vol. 3	KSHMR_Vocals -> KSHMR_Shouts -> KSHMR_Shouts_Single	KSHMR_Vocal_Shout_41_Yelp_D	
Splice Sounds	Sounds of KSHMR Vol. 3	KSHMR_Vocals -> KSHMR_Shouts -> KSHMR_Shouts_Single	KSHMR_Vocal_Shout_42_Yo_A#	
Splice Sounds	Sounds of KSHMR Vol. 3	KSHMR_Vocals -> KSHMR_Shouts -> KSHMR_Shouts_Single	KSHMR_Vocal_Shout_43_Yuh_C	
Splice Sounds	Sounds of KSHMR Vol. 3	KSHMR_Vocals -> KSHMR_Shouts -> KSHMR_Shouts_Single	KSHMR_Vocal_Shout_44_Yuh_E	
Splice Sounds	Sounds of KSHMR Vol. 3	KSHMR_Vocals -> KSHMR_Shouts -> KSHMR_Shouts_Single	KSHMR_Vocal_Shout_45_Yup_C#	
Splice Sounds	Sounds of KSHMR Vol. 3	KSHMR_Vocals -> KSHMR_Vocal_Fills	KSHMR_Vocal_Fill_01_90_A	
Splice Sounds	Sounds of KSHMR Vol. 3	KSHMR_Vocals -> KSHMR_Vocal_Fills	KSHMR_Vocal_Fill_02_128_Em	
Splice Sounds	Sounds of KSHMR Vol. 3	KSHMR_Vocals -> KSHMR_Vocal_Fills	KSHMR_Vocal_Fill_03_128_Em	
Splice Sounds	Sounds of KSHMR Vol. 3	KSHMR_Vocals -> KSHMR_Vocal_Fills	KSHMR_Vocal_Fill_04_128_Em	
Splice Sounds	Sounds of KSHMR Vol. 3	KSHMR_Vocals -> KSHMR_Vocal_Fills	KSHMR_Vocal_Fill_05_128_F	
Splice Sounds	Sounds of KSHMR Vol. 3	KSHMR_Vocals -> KSHMR_Vocal_Fills	KSHMR_Vocal_Fill_06_128_Fm	
Splice Sounds	Sounds of KSHMR Vol. 3	KSHMR_Vocals -> KSHMR_Vocal_Fills	KSHMR_Vocal_Fill_07_128_F#m	
Splice Sounds	Sounds of KSHMR Vol. 3	KSHMR_Vocals -> KSHMR_Vocal_Fills	KSHMR_Vocal_Fill_08_128_F#m	
Splice Sounds	Sounds of KSHMR Vol. 3	KSHMR_Vocals -> KSHMR_Vocal_Fills	KSHMR_Vocal_Fill_09_128_Gm	
Splice Sounds	Sounds of KSHMR Vol. 3	KSHMR_Vocals -> KSHMR_Vocal_Fills	KSHMR_Vocal_Fill_10_138_D#m	
Splice Sounds	Sounds of KSHMR Vol. 3	KSHMR_Vocals -> KSHMR_Vocals_Adlibs_and_Tones -> KSHMR_Adlibs	KSHMR_Adlib_01_A	
Splice Sounds	Sounds of KSHMR Vol. 3	KSHMR_Vocals -> KSHMR_Vocals_Adlibs_and_Tones -> KSHMR_Adlibs	KSHMR_Adlib_02_A	
Splice Sounds	Sounds of KSHMR Vol. 3	KSHMR_Vocals -> KSHMR_Vocals_Adlibs_and_Tones -> KSHMR_Adlibs	KSHMR_Adlib_03_Am	
Splice Sounds	Sounds of KSHMR Vol. 3	KSHMR_Vocals -> KSHMR_Vocals_Adlibs_and_Tones -> KSHMR_Adlibs	KSHMR_Adlib_04_Am	
Splice Sounds	Sounds of KSHMR Vol. 3	KSHMR_Vocals -> KSHMR_Vocals_Adlibs_and_Tones -> KSHMR_Adlibs	KSHMR_Adlib_05_Am	
Splice Sounds	Sounds of KSHMR Vol. 3	KSHMR_Vocals -> KSHMR_Vocals_Adlibs_and_Tones -> KSHMR_Adlibs	KSHMR_Adlib_06_A#m	
Splice Sounds	Sounds of KSHMR Vol. 3	KSHMR_Vocals -> KSHMR_Vocals_Adlibs_and_Tones -> KSHMR_Adlibs	KSHMR_Adlib_07_Cm	
Splice Sounds	Sounds of KSHMR Vol. 3	KSHMR_Vocals -> KSHMR_Vocals_Adlibs_and_Tones -> KSHMR_Adlibs	KSHMR_Adlib_08_D	
Splice Sounds	Sounds of KSHMR Vol. 3	KSHMR_Vocals -> KSHMR_Vocals_Adlibs_and_Tones -> KSHMR_Adlibs	KSHMR_Adlib_09_D	
Splice Sounds	Sounds of KSHMR Vol. 3	KSHMR_Vocals -> KSHMR_Vocals_Adlibs_and_Tones -> KSHMR_Adlibs	KSHMR_Adlib_10_Dm	
Splice Sounds	Sounds of KSHMR Vol. 3	KSHMR_Vocals -> KSHMR_Vocals_Adlibs_and_Tones -> KSHMR_Adlibs	KSHMR_Adlib_11_D#m	
Splice Sounds	Sounds of KSHMR Vol. 3	KSHMR_Vocals -> KSHMR_Vocals_Adlibs_and_Tones -> KSHMR_Adlibs	KSHMR_Adlib_12_Em	
Splice Sounds	Sounds of KSHMR Vol. 3	KSHMR_Vocals -> KSHMR_Vocals_Adlibs_and_Tones -> KSHMR_Adlibs	KSHMR_Adlib_13_Em	
Splice Sounds	Sounds of KSHMR Vol. 3	KSHMR_Vocals -> KSHMR_Vocals_Adlibs_and_Tones -> KSHMR_Adlibs	KSHMR_Adlib_14_Fm	
Splice Sounds	Sounds of KSHMR Vol. 3	KSHMR_Vocals -> KSHMR_Vocals_Adlibs_and_Tones -> KSHMR_Adlibs	KSHMR_Adlib_15_Fm	
Splice Sounds	Sounds of KSHMR Vol. 3	KSHMR_Vocals -> KSHMR_Vocals_Adlibs_and_Tones -> KSHMR_Adlibs	KSHMR_Adlib_16_Fm	
Splice Sounds	Sounds of KSHMR Vol. 3	KSHMR_Vocals -> KSHMR_Vocals_Adlibs_and_Tones -> KSHMR_Adlibs	KSHMR_Adlib_17_F#m	
Splice Sounds	Sounds of KSHMR Vol. 3	KSHMR_Vocals -> KSHMR_Vocals_Adlibs_and_Tones -> KSHMR_Adlibs	KSHMR_Adlib_18_F#m	
Splice Sounds	Sounds of KSHMR Vol. 3	KSHMR_Vocals -> KSHMR_Vocals_Adlibs_and_Tones -> KSHMR_Adlibs	KSHMR_Adlib_19_F#m	
Splice Sounds	Sounds of KSHMR Vol. 3	KSHMR_Vocals -> KSHMR_Vocals_Adlibs_and_Tones -> KSHMR_Adlibs	KSHMR_Adlib_20_F#m	
Splice Sounds	Sounds of KSHMR Vol. 3	KSHMR_Vocals -> KSHMR_Vocals_Adlibs_and_Tones -> KSHMR_Adlibs	KSHMR_Adlib_21_G	
Splice Sounds	Sounds of KSHMR Vol. 3	KSHMR_Vocals -> KSHMR_Vocals_Adlibs_and_Tones -> KSHMR_Adlibs	KSHMR_Adlib_22_G	
Splice Sounds	Sounds of KSHMR Vol. 3	KSHMR_Vocals -> KSHMR_Vocals_Adlibs_and_Tones -> KSHMR_Adlibs	KSHMR_Adlib_23_Gm	
Splice Sounds	Sounds of KSHMR Vol. 3	KSHMR_Vocals -> KSHMR_Vocals_Adlibs_and_Tones -> KSHMR_Adlibs	KSHMR_Adlib_24_G#	
Splice Sounds	Sounds of KSHMR Vol. 3	KSHMR_Vocals -> KSHMR_Vocals_Adlibs_and_Tones -> KSHMR_Choirs	KSHMR_Choir_01_Choir_Riser	
Splice Sounds	Sounds of KSHMR Vol. 3	KSHMR_Vocals -> KSHMR_Vocals_Adlibs_and_Tones -> KSHMR_Choirs	KSHMR_Choir_02_KSHMR_C	
Splice Sounds	Sounds of KSHMR Vol. 3	KSHMR_Vocals -> KSHMR_Vocals_Adlibs_and_Tones -> KSHMR_Choirs	KSHMR_Choir_03_Opera_Duet_Dm	
Splice Sounds	Sounds of KSHMR Vol. 3	KSHMR_Vocals -> KSHMR_Vocals_Adlibs_and_Tones -> KSHMR_Choirs	KSHMR_Choir_04_Opera_Soloist_C	
Splice Sounds	Sounds of KSHMR Vol. 3	KSHMR_Vocals -> KSHMR_Vocals_Adlibs_and_Tones -> KSHMR_Choirs	KSHMR_Choir_05_Opera_Stab_Em	
Splice Sounds	Sounds of KSHMR Vol. 3	KSHMR_Vocals -> KSHMR_Vocals_Adlibs_and_Tones -> KSHMR_Choirs	KSHMR_Choir_06_Sustain_A#m	
Splice Sounds	Sounds of KSHMR Vol. 3	KSHMR_Vocals -> KSHMR_Vocals_Adlibs_and_Tones -> KSHMR_Choirs	KSHMR_Choir_07_Sustain_C	
Splice Sounds	Sounds of KSHMR Vol. 3	KSHMR_Vocals -> KSHMR_Vocals_Adlibs_and_Tones -> KSHMR_Choirs	KSHMR_Choir_08_Sustain_Csus4	
Splice Sounds	Sounds of KSHMR Vol. 3	KSHMR_Vocals -> KSHMR_Vocals_Adlibs_and_Tones -> KSHMR_Choirs	KSHMR_Choir_09_Sutain_C#	
Splice Sounds	Sounds of KSHMR Vol. 3	KSHMR_Vocals -> KSHMR_Vocals_Adlibs_and_Tones -> KSHMR_Choirs	KSHMR_Choir_10_Sustain_D#	
Splice Sounds	Sounds of KSHMR Vol. 3	KSHMR_Vocals -> KSHMR_Vocals_Adlibs_and_Tones -> KSHMR_Choirs	KSHMR_Choir_11_Sustain_F	
Splice Sounds	Sounds of KSHMR Vol. 3	KSHMR_Vocals -> KSHMR_Vocals_Adlibs_and_Tones -> KSHMR_Choirs	KSHMR_Choir_12_Sustain_Fm	
Splice Sounds	Sounds of KSHMR Vol. 3	KSHMR_Vocals -> KSHMR_Vocals_Adlibs_and_Tones -> KSHMR_Choirs	KSHMR_Choir_13_Walk_Down_F_to_D	
Splice Sounds	Sounds of KSHMR Vol. 3	KSHMR_Vocals -> KSHMR_Vocals_Adlibs_and_Tones -> KSHMR_Choirs	KSHMR_Choir_Loop_01_95_Em	
Splice Sounds	Sounds of KSHMR Vol. 3	KSHMR_Vocals -> KSHMR_Vocals_Adlibs_and_Tones -> KSHMR_Choirs	KSHMR_Choir_Loop_02_100_Fm	
Splice Sounds	Sounds of KSHMR Vol. 3	KSHMR_Vocals -> KSHMR_Vocals_Adlibs_and_Tones -> KSHMR_Choirs	KSHMR_Choir_Loop_03_110_Em	
Splice Sounds	Sounds of KSHMR Vol. 3	KSHMR_Vocals -> KSHMR_Vocals_Adlibs_and_Tones -> KSHMR_Choirs	KSHMR_Choir_Loop_04_115_Fm	
Splice Sounds	Sounds of KSHMR Vol. 3	KSHMR_Vocals -> KSHMR_Vocals_Adlibs_and_Tones -> KSHMR_Choirs	KSHMR_Choir_Loop_05_125_Fm	
Splice Sounds	Sounds of KSHMR Vol. 3	KSHMR_Vocals -> KSHMR_Vocals_Adlibs_and_Tones -> KSHMR_Choirs	KSHMR_Choir_Loop_06_140_F#m-D-A-E	
Splice Sounds	Sounds of KSHMR Vol. 3	KSHMR_Vocals -> KSHMR_Vocals_Adlibs_and_Tones -> KSHMR_Vocal_Lead_Layers	KSHMR_Lead_Enhancer_01_A	
Splice Sounds	Sounds of KSHMR Vol. 3	KSHMR_Vocals -> KSHMR_Vocals_Adlibs_and_Tones -> KSHMR_Vocal_Lead_Layers	KSHMR_Lead_Enhancer_02_F	
Splice Sounds	Sounds of KSHMR Vol. 3	KSHMR_Vocals -> KSHMR_Vocals_Adlibs_and_Tones -> KSHMR_Vocal_Lead_Layers	KSHMR_Lead_Enhancer_03_F	
Splice Sounds	Sounds of KSHMR Vol. 3	KSHMR_Vocals -> KSHMR_Vocals_Adlibs_and_Tones -> KSHMR_Vocal_Lead_Layers	KSHMR_Lead_Enhancer_04_F	
Splice Sounds	Sounds of KSHMR Vol. 3	KSHMR_Vocals -> KSHMR_Vocals_Adlibs_and_Tones -> KSHMR_Vocal_Lead_Layers	KSHMR_Lead_Enhancer_05_G	
Splice Sounds	Sounds of KSHMR Vol. 3	KSHMR_Vocals -> KSHMR_Vocals_Adlibs_and_Tones -> KSHMR_Vocal_Lead_Layers	KSHMR_Lead_Enhancer_06_G	
Splice Sounds	Sounds of KSHMR Vol. 3	KSHMR_Vocals -> KSHMR_Vocals_Adlibs_and_Tones -> KSHMR_Vocal_Lead_Layers	KSHMR_Lead_Enhancer_07_G	
Splice Sounds	Sounds of KSHMR Vol. 3	KSHMR_Vocals -> KSHMR_Vocals_Adlibs_and_Tones -> KSHMR_Vocal_Tones	KSHMR_Vocal_Tone_01_Ahh_G#	
Splice Sounds	Sounds of KSHMR Vol. 3	KSHMR_Vocals -> KSHMR_Vocals_Adlibs_and_Tones -> KSHMR_Vocal_Tones	KSHMR_Vocal_Tone_02_Aye_A#	
Splice Sounds	Sounds of KSHMR Vol. 3	KSHMR_Vocals -> KSHMR_Vocals_Adlibs_and_Tones -> KSHMR_Vocal_Tones	KSHMR_Vocal_Tone_03_Aye_C	
Splice Sounds	Sounds of KSHMR Vol. 3	KSHMR_Vocals -> KSHMR_Vocals_Adlibs_and_Tones -> KSHMR_Vocal_Tones	KSHMR_Vocal_Tone_04_Aye_E	
Splice Sounds	Sounds of KSHMR Vol. 3	KSHMR_Vocals -> KSHMR_Vocals_Adlibs_and_Tones -> KSHMR_Vocal_Tones	KSHMR_Vocal_Tone_05_Aye_G	
Splice Sounds	Sounds of KSHMR Vol. 3	KSHMR_Vocals -> KSHMR_Vocals_Adlibs_and_Tones -> KSHMR_Vocal_Tones	KSHMR_Vocal_Tone_06_Aye_G	
Splice Sounds	Sounds of KSHMR Vol. 3	KSHMR_Vocals -> KSHMR_Vocals_Adlibs_and_Tones -> KSHMR_Vocal_Tones	KSHMR_Vocal_Tone_07_Distorted_A	
Splice Sounds	Sounds of KSHMR Vol. 3	KSHMR_Vocals -> KSHMR_Vocals_Adlibs_and_Tones -> KSHMR_Vocal_Tones	KSHMR_Vocal_Tone_08_Hey_C#	
Splice Sounds	Sounds of KSHMR Vol. 3	KSHMR_Vocals -> KSHMR_Vocals_Adlibs_and_Tones -> KSHMR_Vocal_Tones	KSHMR_Vocal_Tone_09_Oo_F	
Splice Sounds	Sounds of KSHMR Vol. 3	KSHMR_Vocals -> KSHMR_Vocals_Adlibs_and_Tones -> KSHMR_Vocal_Tones	KSHMR_Vocal_Tone_10_Oo_Gdim-G#m	
Splice Sounds	Sounds of KSHMR Vol. 3	KSHMR_Vocals -> KSHMR_Vocals_Adlibs_and_Tones -> KSHMR_Vocal_Tones	KSHMR_Vocal_Tone_11_Do_G#	
Splice Sounds	Sounds of KSHMR Vol. 3	KSHMR_Vocals -> KSHMR_Vocals_Ethnic -> KSHMR_Indian_Vocals -> KSHMR_Bhangra_Shouts	KSHMR_Bhangra_Shout_01_Aha_F	
Splice Sounds	Sounds of KSHMR Vol. 3	KSHMR_Vocals -> KSHMR_Vocals_Ethnic -> KSHMR_Indian_Vocals -> KSHMR_Bhangra_Shouts	KSHMR_Bhangra_Shout_02_Hey	
Splice Sounds	Sounds of KSHMR Vol. 3	KSHMR_Vocals -> KSHMR_Vocals_Ethnic -> KSHMR_Indian_Vocals -> KSHMR_Bhangra_Shouts	KSHMR_Bhangra_Shout_03_Hey_A	
Splice Sounds	Sounds of KSHMR Vol. 3	KSHMR_Vocals -> KSHMR_Vocals_Ethnic -> KSHMR_Indian_Vocals -> KSHMR_Bhangra_Shouts	KSHMR_Bhangra_Shout_04_Huht_G	
Splice Sounds	Sounds of KSHMR Vol. 3	KSHMR_Vocals -> KSHMR_Vocals_Ethnic -> KSHMR_Indian_Vocals -> KSHMR_Bhangra_Shouts	KSHMR_Bhangra_Shout_06_Hoy_G#	
Splice Sounds	Sounds of KSHMR Vol. 3	KSHMR_Vocals -> KSHMR_Vocals_Ethnic -> KSHMR_Indian_Vocals -> KSHMR_Bhangra_Shouts	KSHMR_Bhangra_Shout_07_Hoy	
Splice Sounds	Sounds of KSHMR Vol. 3	KSHMR_Vocals -> KSHMR_Vocals_Ethnic -> KSHMR_Indian_Vocals -> KSHMR_Bhangra_Shouts	KSHMR_Bhangra_Shout_09_Kurria_Kay_F#	
Splice Sounds	Sounds of KSHMR Vol. 3	KSHMR_Vocals -> KSHMR_Vocals_Ethnic -> KSHMR_Indian_Vocals -> KSHMR_Bhangra_Shouts	KSHMR_Bhangra_Shout_10_Ohh_Ha_F	
Splice Sounds	Sounds of KSHMR Vol. 3	KSHMR_Vocals -> KSHMR_Vocals_Ethnic -> KSHMR_Indian_Vocals -> KSHMR_Bhangra_Shouts	KSHMR_Bhangra_Shout_11_Ombilay_A#	
Splice Sounds	Sounds of KSHMR Vol. 3	KSHMR_Vocals -> KSHMR_Vocals_Ethnic -> KSHMR_Indian_Vocals -> KSHMR_Indian_Vocal_Freestyles	KSHMR_Indian_Freestyle_Vocal_01_Am	
Splice Sounds	Sounds of KSHMR Vol. 3	KSHMR_Vocals -> KSHMR_Vocals_Ethnic -> KSHMR_Indian_Vocals -> KSHMR_Indian_Vocal_Freestyles	KSHMR_Indian_Freestyle_Vocal_02_C	
Splice Sounds	Sounds of KSHMR Vol. 3	KSHMR_Vocals -> KSHMR_Vocals_Ethnic -> KSHMR_Indian_Vocals -> KSHMR_Indian_Vocal_Freestyles	KSHMR_Indian_Freestyle_Vocal_03_Dm	
Splice Sounds	Sounds of KSHMR Vol. 3	KSHMR_Vocals -> KSHMR_Vocals_Ethnic -> KSHMR_Indian_Vocals -> KSHMR_Indian_Vocal_Freestyles	KSHMR_Indian_Freestyle_Vocal_04_D#m	
Splice Sounds	Sounds of KSHMR Vol. 3	KSHMR_Vocals -> KSHMR_Vocals_Ethnic -> KSHMR_Indian_Vocals -> KSHMR_Indian_Vocal_Freestyles	KSHMR_Indian_Freestyle_Vocal_05_D#m	
Splice Sounds	Sounds of KSHMR Vol. 3	KSHMR_Vocals -> KSHMR_Vocals_Ethnic -> KSHMR_Indian_Vocals -> KSHMR_Indian_Vocal_Freestyles	KSHMR_Indian_Freestyle_Vocal_06_D#m	
Splice Sounds	Sounds of KSHMR Vol. 3	KSHMR_Vocals -> KSHMR_Vocals_Ethnic -> KSHMR_Indian_Vocals -> KSHMR_Indian_Vocal_Freestyles	KSHMR_Indian_Freestyle_Vocal_07_D#m	
Splice Sounds	Sounds of KSHMR Vol. 3	KSHMR_Vocals -> KSHMR_Vocals_Ethnic -> KSHMR_Indian_Vocals -> KSHMR_Indian_Vocal_Freestyles	KSHMR_Indian_Freestyle_Vocal_08_D#m	
Splice Sounds	Sounds of KSHMR Vol. 3	KSHMR_Vocals -> KSHMR_Vocals_Ethnic -> KSHMR_Indian_Vocals -> KSHMR_Indian_Vocal_Freestyles	KSHMR_Indian_Freestyle_Vocal_09_Em	
Splice Sounds	Sounds of KSHMR Vol. 3	KSHMR_Vocals -> KSHMR_Vocals_Ethnic -> KSHMR_Indian_Vocals -> KSHMR_Indian_Vocal_Freestyles	KSHMR_Indian_Freestyle_Vocal_10_Em	
Splice Sounds	Sounds of KSHMR Vol. 3	KSHMR_Vocals -> KSHMR_Vocals_Ethnic -> KSHMR_Indian_Vocals -> KSHMR_Indian_Vocal_Freestyles	KSHMR_Indian_Freestyle_Vocal_11_Em	
Splice Sounds	Sounds of KSHMR Vol. 3	KSHMR_Vocals -> KSHMR_Vocals_Ethnic -> KSHMR_Indian_Vocals -> KSHMR_Indian_Vocal_Freestyles	KSHMR_Indian_Freestyle_Vocal_12_Fm	
Splice Sounds	Sounds of KSHMR Vol. 3	KSHMR_Vocals -> KSHMR_Vocals_Ethnic -> KSHMR_Indian_Vocals -> KSHMR_Indian_Vocal_Freestyles	KSHMR_Indian_Freestyle_Vocal_13_Fm	
Splice Sounds	Sounds of KSHMR Vol. 3	KSHMR_Vocals -> KSHMR_Vocals_Ethnic -> KSHMR_Indian_Vocals -> KSHMR_Indian_Vocal_Freestyles	KSHMR_Indian_Freestyle_Vocal_14_Fm	
Splice Sounds	Sounds of KSHMR Vol. 3	KSHMR_Vocals -> KSHMR_Vocals_Ethnic -> KSHMR_Indian_Vocals -> KSHMR_Indian_Vocal_Freestyles	KSHMR_Indian_Freestyle_Vocal_15_Fm	
Splice Sounds	Sounds of KSHMR Vol. 3	KSHMR_Vocals -> KSHMR_Vocals_Ethnic -> KSHMR_Indian_Vocals -> KSHMR_Indian_Vocal_Freestyles	KSHMR_Indian_Freestyle_Vocal_16_Fm	
Splice Sounds	Sounds of KSHMR Vol. 3	KSHMR_Vocals -> KSHMR_Vocals_Ethnic -> KSHMR_Indian_Vocals -> KSHMR_Indian_Vocal_Freestyles	KSHMR_Indian_Freestyle_Vocal_17_Fm	
Splice Sounds	Sounds of KSHMR Vol. 3	KSHMR_Vocals -> KSHMR_Vocals_Ethnic -> KSHMR_Indian_Vocals -> KSHMR_Indian_Vocal_Freestyles	KSHMR_Indian_Freestyle_Vocal_18_Fm	
Splice Sounds	Sounds of KSHMR Vol. 3	KSHMR_Vocals -> KSHMR_Vocals_Ethnic -> KSHMR_Indian_Vocals -> KSHMR_Indian_Vocal_Freestyles	KSHMR_Indian_Freestyle_Vocal_19_Fm	
Splice Sounds	Sounds of KSHMR Vol. 3	KSHMR_Vocals -> KSHMR_Vocals_Ethnic -> KSHMR_Indian_Vocals -> KSHMR_Indian_Vocal_Freestyles	KSHMR_Indian_Freestyle_Vocal_20_Fm	
Splice Sounds	Sounds of KSHMR Vol. 3	KSHMR_Vocals -> KSHMR_Vocals_Ethnic -> KSHMR_Indian_Vocals -> KSHMR_Indian_Vocal_Freestyles	KSHMR_Indian_Freestyle_Vocal_21_Fm	
Splice Sounds	Sounds of KSHMR Vol. 3	KSHMR_Vocals -> KSHMR_Vocals_Ethnic -> KSHMR_Indian_Vocals -> KSHMR_Indian_Vocal_Freestyles	KSHMR_Indian_Freestyle_Vocal_22_F#	
Splice Sounds	Sounds of KSHMR Vol. 3	KSHMR_Vocals -> KSHMR_Vocals_Ethnic -> KSHMR_Indian_Vocals -> KSHMR_Indian_Vocal_Freestyles	KSHMR_Indian_Freestyle_Vocal_23_F#m	
Splice Sounds	Sounds of KSHMR Vol. 3	KSHMR_Vocals -> KSHMR_Vocals_Ethnic -> KSHMR_Indian_Vocals -> KSHMR_Indian_Vocal_Freestyles	KSHMR_Indian_Freestyle_Vocal_24_F#m	
Splice Sounds	Sounds of KSHMR Vol. 3	KSHMR_Vocals -> KSHMR_Vocals_Ethnic -> KSHMR_Indian_Vocals -> KSHMR_Indian_Vocal_Freestyles	KSHMR_Indian_Freestyle_Vocal_25_Gm	
Splice Sounds	Sounds of KSHMR Vol. 3	KSHMR_Vocals -> KSHMR_Vocals_Ethnic -> KSHMR_Indian_Vocals -> KSHMR_Indian_Vocal_Freestyles	KSHMR_Indian_Freestyle_Vocal_26_Gm	
Splice Sounds	Sounds of KSHMR Vol. 3	KSHMR_Vocals -> KSHMR_Vocals_Ethnic -> KSHMR_Indian_Vocals -> KSHMR_Indian_Vocal_Freestyles	KSHMR_Indian_Freestyle_Vocal_27_Gm	
Splice Sounds	Sounds of KSHMR Vol. 3	KSHMR_Vocals -> KSHMR_Vocals_Ethnic -> KSHMR_Indian_Vocals -> KSHMR_Indian_Vocal_Freestyles	KSHMR_Indian_Freestyle_Vocal_28_Gm	
Splice Sounds	Sounds of KSHMR Vol. 3	KSHMR_Vocals -> KSHMR_Vocals_Ethnic -> KSHMR_Indian_Vocals -> KSHMR_Indian_Vocal_Freestyles	KSHMR_Indian_Freestyle_Vocal_29_Gm	
Splice Sounds	Sounds of KSHMR Vol. 3	KSHMR_Vocals -> KSHMR_Vocals_Ethnic -> KSHMR_Indian_Vocals -> KSHMR_Indian_Vocal_Freestyles	KSHMR_Indian_Freestyle_Vocal_30_Gm	
Splice Sounds	Sounds of KSHMR Vol. 3	KSHMR_Vocals -> KSHMR_Vocals_Ethnic -> KSHMR_Indian_Vocals -> KSHMR_Indian_Vocal_Freestyles	KSHMR_Indian_Freestyle_Vocal_31_Gm	
Splice Sounds	Sounds of KSHMR Vol. 3	KSHMR_Vocals -> KSHMR_Vocals_Ethnic -> KSHMR_Indian_Vocals -> KSHMR_Indian_Vocal_Freestyles	KSHMR_Indian_Freestyle_Vocal_32_Gm	
Splice Sounds	Sounds of KSHMR Vol. 3	KSHMR_Vocals -> KSHMR_Vocals_Ethnic -> KSHMR_Indian_Vocals -> KSHMR_Indian_Vocal_Freestyles	KSHMR_Indian_Freestyle_Vocal_33_Gm	
Splice Sounds	Sounds of KSHMR Vol. 3	KSHMR_Vocals -> KSHMR_Vocals_Ethnic -> KSHMR_Indian_Vocals -> KSHMR_Indian_Vocal_One_Shots	KSHMR_Indian_Vocal_01_Ahh_F#	
Splice Sounds	Sounds of KSHMR Vol. 3	KSHMR_Vocals -> KSHMR_Vocals_Ethnic -> KSHMR_Indian_Vocals -> KSHMR_Indian_Vocal_One_Shots	KSHMR_Indian_Vocal_02_Ariba_D	
Splice Sounds	Sounds of KSHMR Vol. 3	KSHMR_Vocals -> KSHMR_Vocals_Ethnic -> KSHMR_Indian_Vocals -> KSHMR_Indian_Vocal_One_Shots	KSHMR_Indian_Vocal_03_Ay_B	
Splice Sounds	Sounds of KSHMR Vol. 3	KSHMR_Vocals -> KSHMR_Vocals_Ethnic -> KSHMR_Indian_Vocals -> KSHMR_Indian_Vocal_One_Shots	KSHMR_Indian_Vocal_04_Ay_Haa_D#	
Splice Sounds	Sounds of KSHMR Vol. 3	KSHMR_Vocals -> KSHMR_Vocals_Ethnic -> KSHMR_Indian_Vocals -> KSHMR_Indian_Vocal_One_Shots	KSHMR_Indian_Vocal_05_Ayah_F#	
Splice Sounds	Sounds of KSHMR Vol. 3	KSHMR_Vocals -> KSHMR_Vocals_Ethnic -> KSHMR_Indian_Vocals -> KSHMR_Indian_Vocal_One_Shots	KSHMR_Indian_Vocal_06_Ayva_D_to_B	
Splice Sounds	Sounds of KSHMR Vol. 3	KSHMR_Vocals -> KSHMR_Vocals_Ethnic -> KSHMR_Indian_Vocals -> KSHMR_Indian_Vocal_One_Shots	KSHMR_Indian_Vocal_07_Ayy_D#	
Splice Sounds	Sounds of KSHMR Vol. 3	KSHMR_Vocals -> KSHMR_Vocals_Ethnic -> KSHMR_Indian_Vocals -> KSHMR_Indian_Vocal_One_Shots	KSHMR_Indian_Vocal_08_Ayy_Gm	
Splice Sounds	Sounds of KSHMR Vol. 3	KSHMR_Vocals -> KSHMR_Vocals_Ethnic -> KSHMR_Indian_Vocals -> KSHMR_Indian_Vocal_One_Shots	KSHMR_Indian_Vocal_09_Ayy_Gm	
Splice Sounds	Sounds of KSHMR Vol. 3	KSHMR_Vocals -> KSHMR_Vocals_Ethnic -> KSHMR_Indian_Vocals -> KSHMR_Indian_Vocal_One_Shots	KSHMR_Indian_Vocal_10_Chinoh_A#m	
Splice Sounds	Sounds of KSHMR Vol. 3	KSHMR_Vocals -> KSHMR_Vocals_Ethnic -> KSHMR_Indian_Vocals -> KSHMR_Indian_Vocal_One_Shots	KSHMR_Indian_Vocal_11_Daa_C#m	
Splice Sounds	Sounds of KSHMR Vol. 3	KSHMR_Vocals -> KSHMR_Vocals_Ethnic -> KSHMR_Indian_Vocals -> KSHMR_Indian_Vocal_One_Shots	KSHMR_Indian_Vocal_12_Dededa_128_Fm	
Splice Sounds	Sounds of KSHMR Vol. 3	KSHMR_Vocals -> KSHMR_Vocals_Ethnic -> KSHMR_Indian_Vocals -> KSHMR_Indian_Vocal_One_Shots	KSHMR_Indian_Vocal_13_Degana_C	
Splice Sounds	Sounds of KSHMR Vol. 3	KSHMR_Vocals -> KSHMR_Vocals_Ethnic -> KSHMR_Indian_Vocals -> KSHMR_Indian_Vocal_One_Shots	KSHMR_Indian_Vocal_14_Growl	
Splice Sounds	Sounds of KSHMR Vol. 3	KSHMR_Vocals -> KSHMR_Vocals_Ethnic -> KSHMR_Indian_Vocals -> KSHMR_Indian_Vocal_One_Shots	KSHMR_Indian_Vocal_15_Hey_C	
Splice Sounds	Sounds of KSHMR Vol. 3	KSHMR_Vocals -> KSHMR_Vocals_Ethnic -> KSHMR_Indian_Vocals -> KSHMR_Indian_Vocal_One_Shots	KSHMR_Indian_Vocal_16_Hum_A	
Splice Sounds	Sounds of KSHMR Vol. 3	KSHMR_Vocals -> KSHMR_Vocals_Ethnic -> KSHMR_Indian_Vocals -> KSHMR_Indian_Vocal_One_Shots	KSHMR_Indian_Vocal_17_Hum_G	
Splice Sounds	Sounds of KSHMR Vol. 3	KSHMR_Vocals -> KSHMR_Vocals_Ethnic -> KSHMR_Indian_Vocals -> KSHMR_Indian_Vocal_One_Shots	KSHMR_Indian_Vocal_18_Hey_Gm	
Splice Sounds	Sounds of KSHMR Vol. 3	KSHMR_Vocals -> KSHMR_Vocals_Ethnic -> KSHMR_Indian_Vocals -> KSHMR_Indian_Vocal_One_Shots	KSHMR_Indian_Vocal_19_Ho_Rise_C#_G#	
Splice Sounds	Sounds of KSHMR Vol. 3	KSHMR_Vocals -> KSHMR_Vocals_Ethnic -> KSHMR_Indian_Vocals -> KSHMR_Indian_Vocal_One_Shots	KSHMR_Indian_Vocal_20_Hoo_G	
Splice Sounds	Sounds of KSHMR Vol. 3	KSHMR_Vocals -> KSHMR_Vocals_Ethnic -> KSHMR_Indian_Vocals -> KSHMR_Indian_Vocal_One_Shots	KSHMR_Indian_Vocal_21_Hoo_G#	
Splice Sounds	Sounds of KSHMR Vol. 3	KSHMR_Vocals -> KSHMR_Vocals_Ethnic -> KSHMR_Indian_Vocals -> KSHMR_Indian_Vocal_One_Shots	KSHMR_Indian_Vocal_22_Kayrooo_E	
Splice Sounds	Sounds of KSHMR Vol. 3	KSHMR_Vocals -> KSHMR_Vocals_Ethnic -> KSHMR_Indian_Vocals -> KSHMR_Indian_Vocal_One_Shots	KSHMR_Indian_Vocal_23_Moonda_C#	
Splice Sounds	Sounds of KSHMR Vol. 3	KSHMR_Vocals -> KSHMR_Vocals_Ethnic -> KSHMR_Indian_Vocals -> KSHMR_Indian_Vocal_One_Shots	KSHMR_Indian_Vocal_24_Moondiwa_C	
Splice Sounds	Sounds of KSHMR Vol. 3	KSHMR_Vocals -> KSHMR_Vocals_Ethnic -> KSHMR_Indian_Vocals -> KSHMR_Indian_Vocal_One_Shots	KSHMR_Indian_Vocal_25_New_Ruler_Fm	
Splice Sounds	Sounds of KSHMR Vol. 3	KSHMR_Vocals -> KSHMR_Vocals_Ethnic -> KSHMR_Indian_Vocals -> KSHMR_Indian_Vocal_One_Shots	KSHMR_Indian_Vocal_26_Ocooree_C#	
Splice Sounds	Sounds of KSHMR Vol. 3	KSHMR_Vocals -> KSHMR_Vocals_Ethnic -> KSHMR_Indian_Vocals -> KSHMR_Indian_Vocal_One_Shots	KSHMR_Indian_Vocal_27_Oh_Ahh_C	
Splice Sounds	Sounds of KSHMR Vol. 3	KSHMR_Vocals -> KSHMR_Vocals_Ethnic -> KSHMR_Indian_Vocals -> KSHMR_Indian_Vocal_One_Shots	KSHMR_Indian_Vocal_28_Oh_Fall_D	
Splice Sounds	Sounds of KSHMR Vol. 3	KSHMR_Vocals -> KSHMR_Vocals_Ethnic -> KSHMR_Indian_Vocals -> KSHMR_Indian_Vocal_One_Shots	KSHMR_Indian_Vocal_29_Oo_Em	
Splice Sounds	Sounds of KSHMR Vol. 3	KSHMR_Vocals -> KSHMR_Vocals_Ethnic -> KSHMR_Indian_Vocals -> KSHMR_Indian_Vocal_One_Shots	KSHMR_Indian_Vocal_30_Ooahh_G_Arabic	
Splice Sounds	Sounds of KSHMR Vol. 3	KSHMR_Vocals -> KSHMR_Vocals_Ethnic -> KSHMR_Indian_Vocals -> KSHMR_Indian_Vocal_One_Shots	KSHMR_Indian_Vocal_31_Opale_D	
Splice Sounds	Sounds of KSHMR Vol. 3	KSHMR_Vocals -> KSHMR_Vocals_Ethnic -> KSHMR_Indian_Vocals -> KSHMR_Indian_Vocal_One_Shots	KSHMR_Indian_Vocal_32_Po_Gam_Gee_F	
Splice Sounds	Sounds of KSHMR Vol. 3	KSHMR_Vocals -> KSHMR_Vocals_Ethnic -> KSHMR_Indian_Vocals -> KSHMR_Indian_Vocal_One_Shots	KSHMR_Indian_Vocal_33_Shout_G	
Splice Sounds	Sounds of KSHMR Vol. 3	KSHMR_Vocals -> KSHMR_Vocals_Ethnic -> KSHMR_Indian_Vocals -> KSHMR_Indian_Vocal_One_Shots	KSHMR_Indian_Vocal_34_Singing_128_Fm	
Splice Sounds	Sounds of KSHMR Vol. 3	KSHMR_Vocals -> KSHMR_Vocals_Ethnic -> KSHMR_Indian_Vocals -> KSHMR_Indian_Vocal_One_Shots	KSHMR_Indian_Vocal_35_Waa_A#	
Splice Sounds	Sounds of KSHMR Vol. 3	KSHMR_Vocals -> KSHMR_Vocals_Ethnic -> KSHMR_Indian_Vocals -> KSHMR_Indian_Vocal_One_Shots	KSHMR_Indian_Vocal_36_Wee_G	
Splice Sounds	Sounds of KSHMR Vol. 3	KSHMR_Vocals -> KSHMR_Vocals_Ethnic -> KSHMR_Indian_Vocals -> KSHMR_Indian_Vocal_One_Shots	KSHMR_Indian_Vocal_37_Yaa_A	
Splice Sounds	Sounds of KSHMR Vol. 3	KSHMR_Vocals -> KSHMR_Vocals_Ethnic -> KSHMR_Indian_Vocals -> KSHMR_Indian_Vocal_One_Shots	KSHMR_Indian_Vocal_38_Yee_A#	
Splice Sounds	Sounds of KSHMR Vol. 3	KSHMR_Vocals -> KSHMR_Vocals_Ethnic -> KSHMR_Latin_Vocals	KSHMR_Latin_Vocal_01_Aah_Eee_Shout	
Splice Sounds	Sounds of KSHMR Vol. 3	KSHMR_Vocals -> KSHMR_Vocals_Ethnic -> KSHMR_Latin_Vocals	KSHMR_Latin_Vocal_02_Ah_Ha_Hae	
Splice Sounds	Sounds of KSHMR Vol. 3	KSHMR_Vocals -> KSHMR_Vocals_Ethnic -> KSHMR_Latin_Vocals	KSHMR_Latin_Vocal_03_Ah_Hah_Question	
Splice Sounds	Sounds of KSHMR Vol. 3	KSHMR_Vocals -> KSHMR_Vocals_Ethnic -> KSHMR_Latin_Vocals	KSHMR_Latin_Vocal_04_Anda_Pues	
Splice Sounds	Sounds of KSHMR Vol. 3	KSHMR_Vocals -> KSHMR_Vocals_Ethnic -> KSHMR_Latin_Vocals	KSHMR_Latin_Vocal_05_Andale	
Splice Sounds	Sounds of KSHMR Vol. 3	KSHMR_Vocals -> KSHMR_Vocals_Ethnic -> KSHMR_Latin_Vocals	KSHMR_Latin_Vocal_06_Ay_Ay_Oo	
Splice Sounds	Sounds of KSHMR Vol. 3	KSHMR_Vocals -> KSHMR_Vocals_Ethnic -> KSHMR_Latin_Vocals	KSHMR_Latin_Vocal_07_Ayy_Sexy	
Splice Sounds	Sounds of KSHMR Vol. 3	KSHMR_Vocals -> KSHMR_Vocals_Ethnic -> KSHMR_Latin_Vocals	KSHMR_Latin_Vocal_08_Ayyy_Bubble_Mouth	
Splice Sounds	Sounds of KSHMR Vol. 3	KSHMR_Vocals -> KSHMR_Vocals_Ethnic -> KSHMR_Latin_Vocals	KSHMR_Latin_Vocal_09_Bajalo	
Splice Sounds	Sounds of KSHMR Vol. 3	KSHMR_Vocals -> KSHMR_Vocals_Ethnic -> KSHMR_Latin_Vocals	KSHMR_Latin_Vocal_10_Calentura	
Splice Sounds	Sounds of KSHMR Vol. 3	KSHMR_Vocals -> KSHMR_Vocals_Ethnic -> KSHMR_Latin_Vocals	KSHMR_Latin_Vocal_11_Caliente_1	
Splice Sounds	Sounds of KSHMR Vol. 3	KSHMR_Vocals -> KSHMR_Vocals_Ethnic -> KSHMR_Latin_Vocals	KSHMR_Latin_Vocal_12_Caliente_2	
Splice Sounds	Sounds of KSHMR Vol. 3	KSHMR_Vocals -> KSHMR_Vocals_Ethnic -> KSHMR_Latin_Vocals	KSHMR_Latin_Vocal_13_Canta_Conmigo	
Splice Sounds	Sounds of KSHMR Vol. 3	KSHMR_Vocals -> KSHMR_Vocals_Ethnic -> KSHMR_Latin_Vocals	KSHMR_Latin_Vocal_14_Cerrooooooo	
Splice Sounds	Sounds of KSHMR Vol. 3	KSHMR_Vocals -> KSHMR_Vocals_Ethnic -> KSHMR_Latin_Vocals	KSHMR_Latin_Vocal_15_Conmigo	
Splice Sounds	Sounds of KSHMR Vol. 3	KSHMR_Vocals -> KSHMR_Vocals_Ethnic -> KSHMR_Latin_Vocals	KSHMR_Latin_Vocal_16_Cuban_Kids_Singing_01	
Splice Sounds	Sounds of KSHMR Vol. 3	KSHMR_Vocals -> KSHMR_Vocals_Ethnic -> KSHMR_Latin_Vocals	KSHMR_Latin_Vocal_17_Cuban_Kids_Singing_02	
Splice Sounds	Sounds of KSHMR Vol. 3	KSHMR_Vocals -> KSHMR_Vocals_Ethnic -> KSHMR_Latin_Vocals	KSHMR_Latin_Vocal_18_Cuban_Kids_Singing_03	
Splice Sounds	Sounds of KSHMR Vol. 3	KSHMR_Vocals -> KSHMR_Vocals_Ethnic -> KSHMR_Latin_Vocals	KSHMR_Latin_Vocal_19_Cuban_Kids_Singing_04	
Splice Sounds	Sounds of KSHMR Vol. 3	KSHMR_Vocals -> KSHMR_Vocals_Ethnic -> KSHMR_Latin_Vocals	KSHMR_Latin_Vocal_20_Eeee	
Splice Sounds	Sounds of KSHMR Vol. 3	KSHMR_Vocals -> KSHMR_Vocals_Ethnic -> KSHMR_Latin_Vocals	KSHMR_Latin_Vocal_21_Female_Melody_120_Am	
Splice Sounds	Sounds of KSHMR Vol. 3	KSHMR_Vocals -> KSHMR_Vocals_Ethnic -> KSHMR_Latin_Vocals	KSHMR_Latin_Vocal_22_Hooey	
Splice Sounds	Sounds of KSHMR Vol. 3	KSHMR_Vocals -> KSHMR_Vocals_Ethnic -> KSHMR_Latin_Vocals	KSHMR_Latin_Vocal_23_Hoo_Ya_Yae	
Splice Sounds	Sounds of KSHMR Vol. 3	KSHMR_Vocals -> KSHMR_Vocals_Ethnic -> KSHMR_Latin_Vocals	KSHMR_Latin_Vocal_24_Hui_Shout	
Splice Sounds	Sounds of KSHMR Vol. 3	KSHMR_Vocals -> KSHMR_Vocals_Ethnic -> KSHMR_Latin_Vocals	KSHMR_Latin_Vocal_25_Male_Melody_133_Em	
Splice Sounds	Sounds of KSHMR Vol. 3	KSHMR_Vocals -> KSHMR_Vocals_Ethnic -> KSHMR_Latin_Vocals	KSHMR_Latin_Vocal_26_Mamita	
Splice Sounds	Sounds of KSHMR Vol. 3	KSHMR_Vocals -> KSHMR_Vocals_Ethnic -> KSHMR_Latin_Vocals	KSHMR_Latin_Vocal_27_Mexicanos	
Splice Sounds	Sounds of KSHMR Vol. 3	KSHMR_Vocals -> KSHMR_Vocals_Ethnic -> KSHMR_Latin_Vocals	KSHMR_Latin_Vocal_28_Mhmm_Mhmm	
Splice Sounds	Sounds of KSHMR Vol. 3	KSHMR_Vocals -> KSHMR_Vocals_Ethnic -> KSHMR_Latin_Vocals	KSHMR_Latin_Vocal_29_Muevete_Group	
Splice Sounds	Sounds of KSHMR Vol. 3	KSHMR_Vocals -> KSHMR_Vocals_Ethnic -> KSHMR_Latin_Vocals	KSHMR_Latin_Vocal_30_Muevete	
Splice Sounds	Sounds of KSHMR Vol. 3	KSHMR_Vocals -> KSHMR_Vocals_Ethnic -> KSHMR_Latin_Vocals	KSHMR_Latin_Vocal_31_Oye_	
Splice Sounds	Sounds of KSHMR Vol. 3	KSHMR_Vocals -> KSHMR_Vocals_Ethnic -> KSHMR_Latin_Vocals	KSHMR_Latin_Vocal_32_Oy_Yaaa	
Splice Sounds	Sounds of KSHMR Vol. 3	KSHMR_Vocals -> KSHMR_Vocals_Ethnic -> KSHMR_Latin_Vocals	KSHMR_Latin_Vocal_33_Papi	
Splice Sounds	Sounds of KSHMR Vol. 3	KSHMR_Vocals -> KSHMR_Vocals_Ethnic -> KSHMR_Latin_Vocals	KSHMR_Latin_Vocal_34_Ritmo	
Splice Sounds	Sounds of KSHMR Vol. 3	KSHMR_Vocals -> KSHMR_Vocals_Ethnic -> KSHMR_Latin_Vocals	KSHMR_Latin_Vocal_35_Suave	
Splice Sounds	Sounds of KSHMR Vol. 3	KSHMR_Vocals -> KSHMR_Vocals_Ethnic -> KSHMR_Latin_Vocals	KSHMR_Latin_Vocal_36_Toca	
Splice Sounds	Sounds of KSHMR Vol. 3	KSHMR_Vocals -> KSHMR_Vocals_Ethnic -> KSHMR_Latin_Vocals	KSHMR_Latin_Vocal_37_Uno_Dos_Tres_Female	
Splice Sounds	Sounds of KSHMR Vol. 3	KSHMR_Vocals -> KSHMR_Vocals_Ethnic -> KSHMR_Latin_Vocals	KSHMR_Latin_Vocal_38_Uno_Dos_Tres_01	
Splice Sounds	Sounds of KSHMR Vol. 3	KSHMR_Vocals -> KSHMR_Vocals_Ethnic -> KSHMR_Latin_Vocals	KSHMR_Latin_Vocal_39_Uno_Dos_Tres_02	
Splice Sounds	Sounds of KSHMR Vol. 3	KSHMR_Vocals -> KSHMR_Vocals_Ethnic -> KSHMR_Latin_Vocals	KSHMR_Latin_Vocal_40_Uno_Dos_Tres_03	
Splice Sounds	Sounds of KSHMR Vol. 3	KSHMR_Vocals -> KSHMR_Vocals_Ethnic -> KSHMR_Latin_Vocals	KSHMR_Latin_Vocal_41_Uno_Dos_Tres_04	
Splice Sounds	Sounds of KSHMR Vol. 3	KSHMR_Vocals -> KSHMR_Vocals_Ethnic -> KSHMR_Latin_Vocals	KSHMR_Latin_Vocal_42_Vamos_a_Bailar	
Splice Sounds	Sounds of KSHMR Vol. 3	KSHMR_Vocals -> KSHMR_Vocals_Ethnic -> KSHMR_Latin_Vocals	KSHMR_Latin_Vocal_43_Vamos	
Splice Sounds	Sounds of KSHMR Vol. 3	KSHMR_Vocals -> KSHMR_Vocals_Ethnic -> KSHMR_Latin_Vocals	KSHMR_Latin_Vocal_44_Vamos	
Splice Sounds	Sounds of KSHMR Vol. 3	KSHMR_Vocals -> KSHMR_Vocals_Ethnic -> KSHMR_Latin_Vocals	KSHMR_Latin_Vocal_45_Vamos	
Splice Sounds	Sounds of KSHMR Vol. 3	KSHMR_Vocals -> KSHMR_Vocals_Ethnic -> KSHMR_Tribal_Vocals	KSHMR_Tribal_Vocal_16_War_Cry	
Splice Sounds	Sounds of KSHMR Vol. 3	KSHMR_Vocals -> KSHMR_Vocals_Ethnic -> KSHMR_Tribal_Vocals	KSHMR_Tribal_Vocal_17_War_Cry_F	
Splice Sounds	Sounds of KSHMR Vol. 3	KSHMR_Vocals -> KSHMR_Vocals_Ethnic -> KSHMR_Tribal_Vocals	KSHMR_Tribal_Vocal_18_War_Cry_F#	
Splice Sounds	Sounds of KSHMR Vol. 3	KSHMR_Vocals -> KSHMR_Vocals_Ethnic -> KSHMR_Tribal_Vocals	KSHMR_Tribal_Vocal_19_War_Cry_F#	
Splice Sounds	Sounds of KSHMR Vol. 3	KSHMR_Vocals -> KSHMR_Vocals_Ethnic -> KSHMR_Tribal_Vocals	KSHMR_Tribal_Vocal_20_War_Cry_G	
Splice Sounds	Sounds of KSHMR Vol. 3	KSHMR_Vocals -> KSHMR_Vocals_FX -> KSHMR_Breathing	KSHMR_Breathing_01_Ch_Kaa	
Splice Sounds	Sounds of KSHMR Vol. 3	KSHMR_Vocals -> KSHMR_Vocals_FX -> KSHMR_Breathing	KSHMR_Breathing_02_Gasp	
Splice Sounds	Sounds of KSHMR Vol. 3	KSHMR_Vocals -> KSHMR_Vocals_FX -> KSHMR_Breathing	KSHMR_Breathing_03_Ghosts	
Splice Sounds	Sounds of KSHMR Vol. 3	KSHMR_Vocals -> KSHMR_Vocals_FX -> KSHMR_Breathing	KSHMR_Breathing_04_Impact	
Splice Sounds	Sounds of KSHMR Vol. 3	KSHMR_Vocals -> KSHMR_Vocals_FX -> KSHMR_Breathing	KSHMR_Breathing_05_Long_Exhale	
Splice Sounds	Sounds of KSHMR Vol. 3	KSHMR_Vocals -> KSHMR_Vocals_FX -> KSHMR_Breathing	KSHMR_Breathing_06_Shhh	
Splice Sounds	Sounds of KSHMR Vol. 3	KSHMR_Vocals -> KSHMR_Vocals_FX -> KSHMR_Breathing	KSHMR_Breathing_07_Short_Breath	
Splice Sounds	Sounds of KSHMR Vol. 3	KSHMR_Vocals -> KSHMR_Vocals_FX -> KSHMR_Breathing	KSHMR_Breathing_08_Short_Breath	
Splice Sounds	Sounds of KSHMR Vol. 3	KSHMR_Vocals -> KSHMR_Vocals_FX -> KSHMR_Breathing	KSHMR_Breathing_09_Short_Breath	
Splice Sounds	Sounds of KSHMR Vol. 3	KSHMR_Vocals -> KSHMR_Vocals_FX -> KSHMR_Breathing	KSHMR_Breathing_10_Xtra_Hard_Khah_C#	
Splice Sounds	Sounds of KSHMR Vol. 3	KSHMR_Vocals -> KSHMR_Vocals_FX -> KSHMR_Breathing	KSHMR_Breathing_Loop_01_110	
Splice Sounds	Sounds of KSHMR Vol. 3	KSHMR_Vocals -> KSHMR_Vocals_FX -> KSHMR_Breathing	KSHMR_Breathing_Loop_02_128	
Splice Sounds	Sounds of KSHMR Vol. 3	KSHMR_Vocals -> KSHMR_Vocals_FX -> KSHMR_Breathing	KSHMR_Breathing_Loop_03_130_Triplet	
Splice Sounds	Sounds of KSHMR Vol. 3	KSHMR_Vocals -> KSHMR_Vocals_FX -> KSHMR_Crowd -> KSHMR_Crowd_Chant	KSHMR_Crowd_Chant_01_Action_Crowd_Slap_F#	
Splice Sounds	Sounds of KSHMR Vol. 3	KSHMR_Vocals -> KSHMR_Vocals_FX -> KSHMR_Crowd -> KSHMR_Crowd_Chant	KSHMR_Crowd_Chant_02_Ayy_Do_D#-C	
Splice Sounds	Sounds of KSHMR Vol. 3	KSHMR_Vocals -> KSHMR_Vocals_FX -> KSHMR_Crowd -> KSHMR_Crowd_Chant	KSHMR_Crowd_Chant_03_Ayy_Do_G#-E	
Splice Sounds	Sounds of KSHMR Vol. 3	KSHMR_Vocals -> KSHMR_Vocals_FX -> KSHMR_Crowd -> KSHMR_Crowd_Chant	KSHMR_Crowd_Chant_04_Crowd_Singing_F#	
Splice Sounds	Sounds of KSHMR Vol. 3	KSHMR_Vocals -> KSHMR_Vocals_FX -> KSHMR_Crowd -> KSHMR_Crowd_Chant	KSHMR_Crowd_Chant_05_Crowd_Singing_F#-A-F#	
Splice Sounds	Sounds of KSHMR Vol. 3	KSHMR_Vocals -> KSHMR_Vocals_FX -> KSHMR_Crowd -> KSHMR_Crowd_Chant	KSHMR_Crowd_Chant_06_Crowd_Singing_G-E-F#-D	
Splice Sounds	Sounds of KSHMR Vol. 3	KSHMR_Vocals -> KSHMR_Vocals_FX -> KSHMR_Crowd -> KSHMR_Crowd_Chant	KSHMR_Crowd_Chant_07_Yea_Yea_A#m	
Splice Sounds	Sounds of KSHMR Vol. 3	KSHMR_Vocals -> KSHMR_Vocals_FX -> KSHMR_Crowd -> KSHMR_Crowd_Chant	KSHMR_Crowd_Chant_Loop_01_Ohh_Ohh_124	
Splice Sounds	Sounds of KSHMR Vol. 3	KSHMR_Vocals -> KSHMR_Vocals_FX -> KSHMR_Crowd -> KSHMR_Crowd_Chant	KSHMR_Crowd_Chant_Loop_02_Ohh_Ohh_124_C#m	
Splice Sounds	Sounds of KSHMR Vol. 3	KSHMR_Vocals -> KSHMR_Vocals_FX -> KSHMR_Crowd -> KSHMR_Crowd_Chant	KSHMR_Crowd_Chant_Loop_03_Ohh_Ohh_124_C#m	
Splice Sounds	Sounds of KSHMR Vol. 3	KSHMR_Vocals -> KSHMR_Vocals_FX -> KSHMR_Crowd -> KSHMR_Crowd_Chant	KSHMR_Crowd_Chant_Loop_04_Yeah_Yeah_Yeah_127_Dm	
Splice Sounds	Sounds of KSHMR Vol. 3	KSHMR_Vocals -> KSHMR_Vocals_FX -> KSHMR_Crowd -> KSHMR_Crowd_Chant	KSHMR_Crowd_Chant_Loop_05_Yeah_Yeah_Yeah_127_Dm	
Splice Sounds	Sounds of KSHMR Vol. 3	KSHMR_Vocals -> KSHMR_Vocals_FX -> KSHMR_Crowd -> KSHMR_Crowd_Chant	KSHMR_Crowd_Chant_Loop_06_Hey_Ho_134	
Splice Sounds	Sounds of KSHMR Vol. 3	KSHMR_Vocals -> KSHMR_Vocals_FX -> KSHMR_Crowd -> KSHMR_Crowd_Chant	KSHMR_Crowd_Chant_Loop_07_Hey_Ho_134_Centered	
Splice Sounds	Sounds of KSHMR Vol. 3	KSHMR_Vocals -> KSHMR_Vocals_FX -> KSHMR_Crowd -> KSHMR_Crowd_Roar	KSHMR_Crowd_Roar_01_Crowd_Cheer_Looping	
Splice Sounds	Sounds of KSHMR Vol. 3	KSHMR_Vocals -> KSHMR_Vocals_FX -> KSHMR_Crowd -> KSHMR_Crowd_Roar	KSHMR_Crowd_Roar_02_Crowd_Noise_Lo_Fi_Looping	
Splice Sounds	Sounds of KSHMR Vol. 3	KSHMR_Vocals -> KSHMR_Vocals_FX -> KSHMR_Crowd -> KSHMR_Crowd_Roar	KSHMR_Crowd_Roar_03_Crowd_Roller_Coaster	
Splice Sounds	Sounds of KSHMR Vol. 3	KSHMR_Vocals -> KSHMR_Vocals_FX -> KSHMR_Crowd -> KSHMR_Crowd_Roar	KSHMR_Crowd_Roar_04_Crowd_Singing	
Splice Sounds	Sounds of KSHMR Vol. 3	KSHMR_Vocals -> KSHMR_Vocals_FX -> KSHMR_Crowd -> KSHMR_Crowd_Roar	KSHMR_Crowd_Roar_05_Crowd_Yell	
Splice Sounds	Sounds of KSHMR Vol. 3	KSHMR_Vocals -> KSHMR_Vocals_FX -> KSHMR_Crowd -> KSHMR_Crowd_Roar	KSHMR_Crowd_Roar_06_Goal	
Splice Sounds	Sounds of KSHMR Vol. 3	KSHMR_Vocals -> KSHMR_Vocals_FX -> KSHMR_Crowd -> KSHMR_Crowd_Roar	KSHMR_Crowd_Roar_07_Mega_Crowd_Roar	
Splice Sounds	Sounds of KSHMR Vol. 3	KSHMR_Vocals -> KSHMR_Vocals_FX -> KSHMR_Vocal_Awakenings	KSHMR_Vocal_Awakening_01_Am	
Splice Sounds	Sounds of KSHMR Vol. 3	KSHMR_Vocals -> KSHMR_Vocals_FX -> KSHMR_Vocal_Awakenings	KSHMR_Vocal_Awakening_02_Em	
Splice Sounds	Sounds of KSHMR Vol. 3	KSHMR_Vocals -> KSHMR_Vocals_FX -> KSHMR_Vocal_Awakenings	KSHMR_Vocal_Awakening_03_Fm	
Splice Sounds	Sounds of KSHMR Vol. 3	KSHMR_Vocals -> KSHMR_Vocals_FX -> KSHMR_Vocal_Textures	KSHMR_Vocal_Texture_01_A	
Splice Sounds	Sounds of KSHMR Vol. 3	KSHMR_Vocals -> KSHMR_Vocals_FX -> KSHMR_Vocal_Textures	KSHMR_Vocal_Texture_02_A#	
Splice Sounds	Sounds of KSHMR Vol. 3	KSHMR_Vocals -> KSHMR_Vocals_FX -> KSHMR_Vocal_Textures	KSHMR_Vocal_Texture_03_D	
Splice Sounds	Sounds of KSHMR Vol. 3	KSHMR_Vocals -> KSHMR_Vocals_FX -> KSHMR_Vocal_Textures	KSHMR_Vocal_Texture_04_F	
Splice Sounds	Sounds of KSHMR Vol. 3	KSHMR_Vocals -> KSHMR_Vocals_FX -> KSHMR_Vocal_Textures	KSHMR_Vocal_Texture_05_F	
Splice Sounds	Sounds of KSHMR Vol. 3	KSHMR_Vocals -> KSHMR_Vocals_FX -> KSHMR_Vocal_Textures	KSHMR_Vocal_Texture_06_F#	
Splice Sounds	Sounds of KSHMR Vol. 3	KSHMR_Vocals -> KSHMR_Vocals_FX -> KSHMR_Vocal_Textures	KSHMR_Vocal_Texture_07_G	
Splice Sounds	Sounds of KSHMR Vol. 3	KSHMR_Vocals -> KSHMR_Vocals_FX -> KSHMR_Whistles	KSHMR_Whistle_01_A#	
Splice Sounds	Sounds of KSHMR Vol. 3	KSHMR_Vocals -> KSHMR_Vocals_FX -> KSHMR_Whistles	KSHMR_Whistle_02_B	
Splice Sounds	Sounds of KSHMR Vol. 3	KSHMR_Vocals -> KSHMR_Vocals_FX -> KSHMR_Whistles	KSHMR_Whistle_03_B	
Splice Sounds	Sounds of KSHMR Vol. 3	KSHMR_Vocals -> KSHMR_Vocals_FX -> KSHMR_Whistles	KSHMR_Whistle_04_D#	
Splice Sounds	Sounds of KSHMR Vol. 3	KSHMR_Vocals -> KSHMR_Vocals_FX -> KSHMR_Whistles	KSHMR_Whistle_05_E	
Splice Sounds	Sounds of KSHMR Vol. 3	KSHMR_Vocals -> KSHMR_Vocals_FX -> KSHMR_Whistles	KSHMR_Whistle_06_G	
Splice Sounds	Sounds of KSHMR Vol. 3	KSHMR_Vocals -> KSHMR_Vocals_FX -> KSHMR_Whistles	KSHMR_Whistle_07_Short_Whistle	
Splice Sounds	Sounds of KSHMR Vol. 3	KSHMR_Vocals -> KSHMR_Vocals_Loops_and_Melodies -> KSHMR_Vocal_Energy_Booster	KSHMR_Vocal_Energy_Booster_01_Ahh_128_D	
Splice Sounds	Sounds of KSHMR Vol. 3	KSHMR_Vocals -> KSHMR_Vocals_Loops_and_Melodies -> KSHMR_Vocal_Energy_Booster	KSHMR_Vocal_Energy_Booster_02_Go_128_E	
Splice Sounds	Sounds of KSHMR Vol. 3	KSHMR_Vocals -> KSHMR_Vocals_Loops_and_Melodies -> KSHMR_Vocal_Energy_Booster	KSHMR_Vocal_Energy_Booster_03_Go_128_F	
Splice Sounds	Sounds of KSHMR Vol. 3	KSHMR_Vocals -> KSHMR_Vocals_Loops_and_Melodies -> KSHMR_Vocal_Energy_Booster	KSHMR_Vocal_Energy_Booster_04_Hey_128_G	
Splice Sounds	Sounds of KSHMR Vol. 3	KSHMR_Vocals -> KSHMR_Vocals_Loops_and_Melodies -> KSHMR_Vocal_Energy_Booster	KSHMR_Vocal_Energy_Booster_05_Woo_128_D#	
Splice Sounds	Sounds of KSHMR Vol. 3	KSHMR_Vocals -> KSHMR_Vocals_Loops_and_Melodies -> KSHMR_Vocal_Energy_Booster	KSHMR_Vocal_Energy_Booster_06_Woo_128_D#	
Splice Sounds	Sounds of KSHMR Vol. 3	KSHMR_Vocals -> KSHMR_Vocals_Loops_and_Melodies -> KSHMR_Vocal_Energy_Booster	KSHMR_Vocal_Energy_Booster_07_Alarm_152_D#	
Splice Sounds	Sounds of KSHMR Vol. 3	KSHMR_Vocals -> KSHMR_Vocals_Loops_and_Melodies -> KSHMR_Vocal_Melodies	KSHMR_Vocal_Melody_01_88_C#m	
Splice Sounds	Sounds of KSHMR Vol. 3	KSHMR_Vocals -> KSHMR_Vocals_Loops_and_Melodies -> KSHMR_Vocal_Melodies	KSHMR_Vocal_Melody_02_88_C#m	
Splice Sounds	Sounds of KSHMR Vol. 3	KSHMR_Vocals -> KSHMR_Vocals_Loops_and_Melodies -> KSHMR_Vocal_Melodies	KSHMR_Vocal_Melody_03_90_Cm	
Splice Sounds	Sounds of KSHMR Vol. 3	KSHMR_Vocals -> KSHMR_Vocals_Loops_and_Melodies -> KSHMR_Vocal_Melodies	KSHMR_Vocal_Melody_04_90_Gm	
Splice Sounds	Sounds of KSHMR Vol. 3	KSHMR_Vocals -> KSHMR_Vocals_Loops_and_Melodies -> KSHMR_Vocal_Melodies	KSHMR_Vocal_Melody_05_91_C#m	
Splice Sounds	Sounds of KSHMR Vol. 3	KSHMR_Vocals -> KSHMR_Vocals_Loops_and_Melodies -> KSHMR_Vocal_Melodies	KSHMR_Vocal_Melody_06_91_C#m	
Splice Sounds	Sounds of KSHMR Vol. 3	KSHMR_Vocals -> KSHMR_Vocals_Loops_and_Melodies -> KSHMR_Vocal_Melodies	KSHMR_Vocal_Melody_07_100_D#	
Splice Sounds	Sounds of KSHMR Vol. 3	KSHMR_Vocals -> KSHMR_Vocals_Loops_and_Melodies -> KSHMR_Vocal_Melodies	KSHMR_Vocal_Melody_08_100_Fm	
Splice Sounds	Sounds of KSHMR Vol. 3	KSHMR_Vocals -> KSHMR_Vocals_Loops_and_Melodies -> KSHMR_Vocal_Melodies	KSHMR_Vocal_Melody_09_100_G	
Splice Sounds	Sounds of KSHMR Vol. 3	KSHMR_Vocals -> KSHMR_Vocals_Loops_and_Melodies -> KSHMR_Vocal_Melodies	KSHMR_Vocal_Melody_10_100_G#m	
Splice Sounds	Sounds of KSHMR Vol. 3	KSHMR_Vocals -> KSHMR_Vocals_Loops_and_Melodies -> KSHMR_Vocal_Melodies	KSHMR_Vocal_Melody_11_102_Gm	
Splice Sounds	Sounds of KSHMR Vol. 3	KSHMR_Vocals -> KSHMR_Vocals_Loops_and_Melodies -> KSHMR_Vocal_Melodies	KSHMR_Vocal_Melody_12_104_F#m	
Splice Sounds	Sounds of KSHMR Vol. 3	KSHMR_Vocals -> KSHMR_Vocals_Loops_and_Melodies -> KSHMR_Vocal_Melodies	KSHMR_Vocal_Melody_13_109_Gm_Part_1	
Splice Sounds	Sounds of KSHMR Vol. 3	KSHMR_Vocals -> KSHMR_Vocals_Loops_and_Melodies -> KSHMR_Vocal_Melodies	KSHMR_Vocal_Melody_14_109_Gm_Part_2	
Splice Sounds	Sounds of KSHMR Vol. 3	KSHMR_Vocals -> KSHMR_Vocals_Loops_and_Melodies -> KSHMR_Vocal_Melodies	KSHMR_Vocal_Melody_15_110_D	
Splice Sounds	Sounds of KSHMR Vol. 3	KSHMR_Vocals -> KSHMR_Vocals_Loops_and_Melodies -> KSHMR_Vocal_Melodies	KSHMR_Vocal_Melody_16_118_Am	
Splice Sounds	Sounds of KSHMR Vol. 3	KSHMR_Vocals -> KSHMR_Vocals_Loops_and_Melodies -> KSHMR_Vocal_Melodies	KSHMR_Vocal_Melody_17_120_F#m	
Splice Sounds	Sounds of KSHMR Vol. 3	KSHMR_Vocals -> KSHMR_Vocals_Loops_and_Melodies -> KSHMR_Vocal_Melodies	KSHMR_Vocal_Melody_18_123_C#m	
Splice Sounds	Sounds of KSHMR Vol. 3	KSHMR_Vocals -> KSHMR_Vocals_Loops_and_Melodies -> KSHMR_Vocal_Melodies	KSHMR_Vocal_Melody_19_123_C#m	
Splice Sounds	Sounds of KSHMR Vol. 3	KSHMR_Vocals -> KSHMR_Vocals_Loops_and_Melodies -> KSHMR_Vocal_Melodies	KSHMR_Vocal_Melody_20_128_Am	
Splice Sounds	Sounds of KSHMR Vol. 3	KSHMR_Vocals -> KSHMR_Vocals_Loops_and_Melodies -> KSHMR_Vocal_Melodies	KSHMR_Vocal_Melody_21_128_Am	
Splice Sounds	Sounds of KSHMR Vol. 3	KSHMR_Vocals -> KSHMR_Vocals_Loops_and_Melodies -> KSHMR_Vocal_Melodies	KSHMR_Vocal_Melody_22_128_B	
Splice Sounds	Sounds of KSHMR Vol. 3	KSHMR_Vocals -> KSHMR_Vocals_Loops_and_Melodies -> KSHMR_Vocal_Melodies	KSHMR_Vocal_Melody_23_128_C	
Splice Sounds	Sounds of KSHMR Vol. 3	KSHMR_Vocals -> KSHMR_Vocals_Loops_and_Melodies -> KSHMR_Vocal_Melodies	KSHMR_Vocal_Melody_24_128_C#	
Splice Sounds	Sounds of KSHMR Vol. 3	KSHMR_Vocals -> KSHMR_Vocals_Loops_and_Melodies -> KSHMR_Vocal_Melodies	KSHMR_Vocal_Melody_25_128_D	
Splice Sounds	Sounds of KSHMR Vol. 3	KSHMR_Vocals -> KSHMR_Vocals_Loops_and_Melodies -> KSHMR_Vocal_Melodies	KSHMR_Vocal_Melody_26_128_D#m	
Splice Sounds	Sounds of KSHMR Vol. 3	KSHMR_Vocals -> KSHMR_Vocals_Loops_and_Melodies -> KSHMR_Vocal_Melodies	KSHMR_Vocal_Melody_27_128_Em	
Splice Sounds	Sounds of KSHMR Vol. 3	KSHMR_Vocals -> KSHMR_Vocals_Loops_and_Melodies -> KSHMR_Vocal_Melodies	KSHMR_Vocal_Melody_28_128_Em	
Splice Sounds	Sounds of KSHMR Vol. 3	KSHMR_Vocals -> KSHMR_Vocals_Loops_and_Melodies -> KSHMR_Vocal_Melodies	KSHMR_Vocal_Melody_29_128_Em	
Splice Sounds	Sounds of KSHMR Vol. 3	KSHMR_Vocals -> KSHMR_Vocals_Loops_and_Melodies -> KSHMR_Vocal_Melodies	KSHMR_Vocal_Melody_30_128_Fm	
Splice Sounds	Sounds of KSHMR Vol. 3	KSHMR_Vocals -> KSHMR_Vocals_Loops_and_Melodies -> KSHMR_Vocal_Melodies	KSHMR_Vocal_Melody_31_128_Fm	
Splice Sounds	Sounds of KSHMR Vol. 3	KSHMR_Vocals -> KSHMR_Vocals_Loops_and_Melodies -> KSHMR_Vocal_Melodies	KSHMR_Vocal_Melody_32_128_F#	
Splice Sounds	Sounds of KSHMR Vol. 3	KSHMR_Vocals -> KSHMR_Vocals_Loops_and_Melodies -> KSHMR_Vocal_Melodies	KSHMR_Vocal_Melody_33_128_G	
Splice Sounds	Sounds of KSHMR Vol. 3	KSHMR_Vocals -> KSHMR_Vocals_Loops_and_Melodies -> KSHMR_Vocal_Melodies	KSHMR_Vocal_Melody_34_128_G	
Splice Sounds	Sounds of KSHMR Vol. 3	KSHMR_Vocals -> KSHMR_Vocals_Loops_and_Melodies -> KSHMR_Vocal_Melodies	KSHMR_Vocal_Melody_35_128_Gm_Triplet	
Splice Sounds	Sounds of KSHMR Vol. 3	KSHMR_Vocals -> KSHMR_Vocals_Loops_and_Melodies -> KSHMR_Vocal_Melodies	KSHMR_Vocal_Melody_36_128_G#	
Splice Sounds	Sounds of KSHMR Vol. 3	KSHMR_Vocals -> KSHMR_Vocals_Loops_and_Melodies -> KSHMR_Vocal_Melodies	KSHMR_Vocal_Melody_37_140_Dm	
Splice Sounds	Sounds of KSHMR Vol. 3	KSHMR_Vocals -> KSHMR_Vocals_Loops_and_Melodies -> KSHMR_Vocal_Melodies	KSHMR_Vocal_Melody_38_140_Em	
Splice Sounds	Sounds of KSHMR Vol. 3	KSHMR_Vocals -> KSHMR_Vocals_Loops_and_Melodies -> KSHMR_Vocal_Melodies	KSHMR_Vocal_Melody_39_160_D#m	
Splice Sounds	Sounds of KSHMR Vol. 3	KSHMR_Vocals -> KSHMR_Vocals_Loops_and_Melodies -> KSHMR_Whistle_Loops	KSHMR_Whistle_01_Fm	
Splice Sounds	Sounds of KSHMR Vol. 3	KSHMR_Vocals -> KSHMR_Vocals_Loops_and_Melodies -> KSHMR_Whistle_Loops	KSHMR_Whistle_02_85_Dm	
Splice Sounds	Sounds of KSHMR Vol. 3	KSHMR_Vocals -> KSHMR_Vocals_Loops_and_Melodies -> KSHMR_Whistle_Loops	KSHMR_Whistle_03_86_Dm	
Splice Sounds	Sounds of KSHMR Vol. 3	KSHMR_Vocals -> KSHMR_Vocals_Loops_and_Melodies -> KSHMR_Whistle_Loops	KSHMR_Whistle_04_92_Fm	
Splice Sounds	Sounds of KSHMR Vol. 3	KSHMR_Vocals -> KSHMR_Vocals_Loops_and_Melodies -> KSHMR_Whistle_Loops	KSHMR_Whistle_05_104_Am	
Splice Sounds	Sounds of KSHMR Vol. 3	KSHMR_Vocals -> KSHMR_Vocals_Loops_and_Melodies -> KSHMR_Whistle_Loops	KSHMR_Whistle_06_125_Cm	
Splice Sounds	Sounds of KSHMR Vol. 3	KSHMR_Vocals -> KSHMR_Vocals_Loops_and_Melodies -> KSHMR_Whistle_Loops	KSHMR_Whistle_07_128_Fm	
Splice Sounds	Sounds of KSHMR Vol. 3	KSHMR_Vocals -> KSHMR_Vocals_Words_And_Phrases -> KHSMR_Numbers	KSHMR_Numbers_123_Cmon_115	
Splice Sounds	Sounds of KSHMR Vol. 3	KSHMR_Vocals -> KSHMR_Vocals_Words_And_Phrases -> KHSMR_Numbers	KSHMR_Numbers_123_Cmon_128	
Splice Sounds	Sounds of KSHMR Vol. 3	KSHMR_Vocals -> KSHMR_Vocals_Words_And_Phrases -> KHSMR_Numbers	KSHMR_Numbers_123_Lets_Go_128	
Splice Sounds	Sounds of KSHMR Vol. 3	KSHMR_Vocals -> KSHMR_Vocals_Words_And_Phrases -> KHSMR_Numbers	KSHMR_Numbers_123_Like_This	
Splice Sounds	Sounds of KSHMR Vol. 3	KSHMR_Vocals -> KSHMR_Vocals_Words_And_Phrases -> KHSMR_Numbers	KSHMR_Numbers_123_Live-Long	
Splice Sounds	Sounds of KSHMR Vol. 3	KSHMR_Vocals -> KSHMR_Vocals_Words_And_Phrases -> KHSMR_Numbers	KSHMR_Numbers_123_Live-Short	
Splice Sounds	Sounds of KSHMR Vol. 3	KSHMR_Vocals -> KSHMR_Vocals_Words_And_Phrases -> KHSMR_Numbers	KSHMR_Numbers_321_Deep_Voice	
Splice Sounds	Sounds of KSHMR Vol. 3	KSHMR_Vocals -> KSHMR_Vocals_Words_And_Phrases -> KHSMR_Numbers	KSHMR_Numbers_321_Go_01	
Splice Sounds	Sounds of KSHMR Vol. 3	KSHMR_Vocals -> KSHMR_Vocals_Words_And_Phrases -> KHSMR_Numbers	KSHMR_Numbers_321_Go_02	
Splice Sounds	Sounds of KSHMR Vol. 3	KSHMR_Vocals -> KSHMR_Vocals_Words_And_Phrases -> KHSMR_Numbers	KSHMR_Numbers_321_Let_s_Go	
Splice Sounds	Sounds of KSHMR Vol. 3	KSHMR_Vocals -> KSHMR_Vocals_Words_And_Phrases -> KHSMR_Numbers	KSHMR_Numbers_321_Like_This_128	
Splice Sounds	Sounds of KSHMR Vol. 3	KSHMR_Vocals -> KSHMR_Vocals_Words_And_Phrases -> KHSMR_Numbers	KSHMR_Numbers_321_Long_with_Crowd	
Splice Sounds	Sounds of KSHMR Vol. 3	KSHMR_Vocals -> KSHMR_Vocals_Words_And_Phrases -> KHSMR_Numbers	KSHMR_Numbers_321_Stutter	
Splice Sounds	Sounds of KSHMR Vol. 3	KSHMR_Vocals -> KSHMR_Vocals_Words_And_Phrases -> KHSMR_Numbers -> KSHMR_Numbers_Countdown	KSHMR_Countdown_01	
Splice Sounds	Sounds of KSHMR Vol. 3	KSHMR_Vocals -> KSHMR_Vocals_Words_And_Phrases -> KHSMR_Numbers -> KSHMR_Numbers_Countdown	KSHMR_Countdown_02	
Splice Sounds	Sounds of KSHMR Vol. 3	KSHMR_Vocals -> KSHMR_Vocals_Words_And_Phrases -> KHSMR_Numbers -> KSHMR_Numbers_Countdown	KSHMR_Countdown_03	
Splice Sounds	Sounds of KSHMR Vol. 3	KSHMR_Vocals -> KSHMR_Vocals_Words_And_Phrases -> KHSMR_Numbers -> KSHMR_Numbers_Countdown	KSHMR_Countdown_04	
Splice Sounds	Sounds of KSHMR Vol. 3	KSHMR_Vocals -> KSHMR_Vocals_Words_And_Phrases -> KHSMR_Numbers -> KSHMR_Numbers_Countdown	KSHMR_Countdown_05	
Splice Sounds	Sounds of KSHMR Vol. 3	KSHMR_Vocals -> KSHMR_Vocals_Words_And_Phrases -> KHSMR_Numbers -> KSHMR_Numbers_Countdown	KSHMR_Countdown_06	
Splice Sounds	Sounds of KSHMR Vol. 3	KSHMR_Vocals -> KSHMR_Vocals_Words_And_Phrases -> KHSMR_Numbers -> KSHMR_Numbers_Countdown	KSHMR_Countdown_07	
Splice Sounds	Sounds of KSHMR Vol. 3	KSHMR_Vocals -> KSHMR_Vocals_Words_And_Phrases -> KHSMR_Numbers -> KSHMR_Numbers_Countdown	KSHMR_Countdown_08	
Splice Sounds	Sounds of KSHMR Vol. 3	KSHMR_Vocals -> KSHMR_Vocals_Words_And_Phrases -> KHSMR_Numbers -> KSHMR_Numbers_Countdown	KSHMR_Countdown_09	
Splice Sounds	Sounds of KSHMR Vol. 3	KSHMR_Vocals -> KSHMR_Vocals_Words_And_Phrases -> KHSMR_Numbers -> KSHMR_Numbers_Countdown	KSHMR_Countdown_10	
Splice Sounds	Sounds of KSHMR Vol. 3	KSHMR_Vocals -> KSHMR_Vocals_Words_And_Phrases -> KSHMR_Hype_Vocals	KSHMR_Hype_Vocal_01_Are_You_Ready_Calm	
Splice Sounds	Sounds of KSHMR Vol. 3	KSHMR_Vocals -> KSHMR_Vocals_Words_And_Phrases -> KSHMR_Hype_Vocals	KSHMR_Hype_Vocal_02_Are_You_Ready_High	
Splice Sounds	Sounds of KSHMR Vol. 3	KSHMR_Vocals -> KSHMR_Vocals_Words_And_Phrases -> KSHMR_Hype_Vocals	KSHMR_Hype_Vocal_03_Are_You_Ready_Long	
Splice Sounds	Sounds of KSHMR Vol. 3	KSHMR_Vocals -> KSHMR_Vocals_Words_And_Phrases -> KSHMR_Hype_Vocals	KSHMR_Hype_Vocal_04_Are_You_Ready_Low	
Splice Sounds	Sounds of KSHMR Vol. 3	KSHMR_Vocals -> KSHMR_Vocals_Words_And_Phrases -> KSHMR_Hype_Vocals	KSHMR_Hype_Vocal_05_Are_You_Ready_Mean	
Splice Sounds	Sounds of KSHMR Vol. 3	KSHMR_Vocals -> KSHMR_Vocals_Words_And_Phrases -> KSHMR_Hype_Vocals	KSHMR_Hype_Vocal_06_Clap_Clap_Clap_Clap	
Splice Sounds	Sounds of KSHMR Vol. 3	KSHMR_Vocals -> KSHMR_Vocals_Words_And_Phrases -> KSHMR_Hype_Vocals	KSHMR_Hype_Vocal_07_Cmon_Baby	
Splice Sounds	Sounds of KSHMR Vol. 3	KSHMR_Vocals -> KSHMR_Vocals_Words_And_Phrases -> KSHMR_Hype_Vocals	KSHMR_Hype_Vocal_08_Drop_That_Shit	
Splice Sounds	Sounds of KSHMR Vol. 3	KSHMR_Vocals -> KSHMR_Vocals_Words_And_Phrases -> KSHMR_Hype_Vocals	KSHMR_Hype_Vocal_09_Everybody_Come_On-Lets_Get_Down_115	
Splice Sounds	Sounds of KSHMR Vol. 3	KSHMR_Vocals -> KSHMR_Vocals_Words_And_Phrases -> KSHMR_Hype_Vocals	KSHMR_Hype_Vocal_10_Everybody_Hands_Up	
Splice Sounds	Sounds of KSHMR Vol. 3	KSHMR_Vocals -> KSHMR_Vocals_Words_And_Phrases -> KSHMR_Hype_Vocals	KSHMR_Hype_Vocal_11_Everybody_If_You_Ready_Go	
Splice Sounds	Sounds of KSHMR Vol. 3	KSHMR_Vocals -> KSHMR_Vocals_Words_And_Phrases -> KSHMR_Hype_Vocals	KSHMR_Hype_Vocal_12_Everybody_In_This_Muthafuck	
Splice Sounds	Sounds of KSHMR Vol. 3	KSHMR_Vocals -> KSHMR_Vocals_Words_And_Phrases -> KSHMR_Hype_Vocals	KSHMR_Hype_Vocal_13_Everybody_Jump_Up_When_You_Hear_This	
Splice Sounds	Sounds of KSHMR Vol. 3	KSHMR_Vocals -> KSHMR_Vocals_Words_And_Phrases -> KSHMR_Hype_Vocals	KSHMR_Hype_Vocal_14_Everybody_Put_Em_Up_Now	
Splice Sounds	Sounds of KSHMR Vol. 3	KSHMR_Vocals -> KSHMR_Vocals_Words_And_Phrases -> KSHMR_Hype_Vocals	KSHMR_Hype_Vocal_15_Everybody_Put_You_Hands_Up	
Splice Sounds	Sounds of KSHMR Vol. 3	KSHMR_Vocals -> KSHMR_Vocals_Words_And_Phrases -> KSHMR_Hype_Vocals	KSHMR_Hype_Vocal_16_Everybody	
Splice Sounds	Sounds of KSHMR Vol. 3	KSHMR_Vocals -> KSHMR_Vocals_Words_And_Phrases -> KSHMR_Hype_Vocals	KSHMR_Hype_Vocal_17_Everybody	
Splice Sounds	Sounds of KSHMR Vol. 3	KSHMR_Vocals -> KSHMR_Vocals_Words_And_Phrases -> KSHMR_Hype_Vocals	KSHMR_Hype_Vocal_18_Everybody	
Splice Sounds	Sounds of KSHMR Vol. 3	KSHMR_Vocals -> KSHMR_Vocals_Words_And_Phrases -> KSHMR_Hype_Vocals	KSHMR_Hype_Vocal_19_Everybody	
Splice Sounds	Sounds of KSHMR Vol. 3	KSHMR_Vocals -> KSHMR_Vocals_Words_And_Phrases -> KSHMR_Hype_Vocals	KSHMR_Hype_Vocal_20_Get_Louder	
Splice Sounds	Sounds of KSHMR Vol. 3	KSHMR_Vocals -> KSHMR_Vocals_Words_And_Phrases -> KSHMR_Hype_Vocals	KSHMR_Hype_Vocal_21_Hands_Up-Keep_Em_Up_Now	
Splice Sounds	Sounds of KSHMR Vol. 3	KSHMR_Vocals -> KSHMR_Vocals_Words_And_Phrases -> KSHMR_Hype_Vocals	KSHMR_Hype_Vocal_22_If_Ya_Ready_Go_Ooooh	
Splice Sounds	Sounds of KSHMR Vol. 3	KSHMR_Vocals -> KSHMR_Vocals_Words_And_Phrases -> KSHMR_Hype_Vocals	KSHMR_Hype_Vocal_23_Let_Me_Hear_You_Say	
Splice Sounds	Sounds of KSHMR Vol. 3	KSHMR_Vocals -> KSHMR_Vocals_Words_And_Phrases -> KSHMR_Hype_Vocals	KSHMR_Hype_Vocal_24_Let_Me_See_Ya_Go	
Splice Sounds	Sounds of KSHMR Vol. 3	KSHMR_Vocals -> KSHMR_Vocals_Words_And_Phrases -> KSHMR_Hype_Vocals	KSHMR_Hype_Vocal_25_Let_Me_See_You_Bounce_To_This	
Splice Sounds	Sounds of KSHMR Vol. 3	KSHMR_Vocals -> KSHMR_Vocals_Words_And_Phrases -> KSHMR_Hype_Vocals	KSHMR_Hype_Vocal_26_Let_Me_See_You_Bounce_To_This	
Splice Sounds	Sounds of KSHMR Vol. 3	KSHMR_Vocals -> KSHMR_Vocals_Words_And_Phrases -> KSHMR_Hype_Vocals	KSHMR_Hype_Vocal_27_Let_Me_See_You_Turn_It_Up_Louder	
Splice Sounds	Sounds of KSHMR Vol. 3	KSHMR_Vocals -> KSHMR_Vocals_Words_And_Phrases -> KSHMR_Hype_Vocals	KSHMR_Hype_Vocal_28_Let_Me_See_Your_Hands_Up_Now_High	
Splice Sounds	Sounds of KSHMR Vol. 3	KSHMR_Vocals -> KSHMR_Vocals_Words_And_Phrases -> KSHMR_Hype_Vocals	KSHMR_Hype_Vocal_29_Let_Me_See_Your_Hands_Up_Now_Low	
Splice Sounds	Sounds of KSHMR Vol. 3	KSHMR_Vocals -> KSHMR_Vocals_Words_And_Phrases -> KSHMR_Hype_Vocals	KSHMR_Hype_Vocal_30_Lets_Go	
Splice Sounds	Sounds of KSHMR Vol. 3	KSHMR_Vocals -> KSHMR_Vocals_Words_And_Phrases -> KSHMR_Hype_Vocals	KSHMR_Hype_Vocal_31_Lets_Go	
Splice Sounds	Sounds of KSHMR Vol. 3	KSHMR_Vocals -> KSHMR_Vocals_Words_And_Phrases -> KSHMR_Hype_Vocals	KSHMR_Hype_Vocal_32_Lets_Go	
Splice Sounds	Sounds of KSHMR Vol. 3	KSHMR_Vocals -> KSHMR_Vocals_Words_And_Phrases -> KSHMR_Hype_Vocals	KSHMR_Hype_Vocal_33_Lets_Go	
Splice Sounds	Sounds of KSHMR Vol. 3	KSHMR_Vocals -> KSHMR_Vocals_Words_And_Phrases -> KSHMR_Hype_Vocals	KSHMR_Hype_Vocal_34_Lets_Go_A#	
Splice Sounds	Sounds of KSHMR Vol. 3	KSHMR_Vocals -> KSHMR_Vocals_Words_And_Phrases -> KSHMR_Hype_Vocals	KSHMR_Hype_Vocal_35_Make_That_Mutha_Go_Boom	
Splice Sounds	Sounds of KSHMR Vol. 3	KSHMR_Vocals -> KSHMR_Vocals_Words_And_Phrases -> KSHMR_Hype_Vocals	KSHMR_Hype_Vocal_36_Make_That_Mutha_Go_Boom	
Splice Sounds	Sounds of KSHMR Vol. 3	KSHMR_Vocals -> KSHMR_Vocals_Words_And_Phrases -> KSHMR_Hype_Vocals	KSHMR_Hype_Vocal_37_Make_That_Mutha_Go_Boom	
Splice Sounds	Sounds of KSHMR Vol. 3	KSHMR_Vocals -> KSHMR_Vocals_Words_And_Phrases -> KSHMR_Hype_Vocals	KSHMR_Hype_Vocal_38_Make_The_Bass_In_The_Place_Go_Boom	
Splice Sounds	Sounds of KSHMR Vol. 3	KSHMR_Vocals -> KSHMR_Vocals_Words_And_Phrases -> KSHMR_Hype_Vocals	KSHMR_Hype_Vocal_39_Make_Your_Body_Shake	
Splice Sounds	Sounds of KSHMR Vol. 3	KSHMR_Vocals -> KSHMR_Vocals_Words_And_Phrases -> KSHMR_Hype_Vocals	KSHMR_Hype_Vocal_40_Mr_Deejay	
Splice Sounds	Sounds of KSHMR Vol. 3	KSHMR_Vocals -> KSHMR_Vocals_Words_And_Phrases -> KSHMR_Hype_Vocals	KSHMR_Hype_Vocal_41_Oooh	
Splice Sounds	Sounds of KSHMR Vol. 3	KSHMR_Vocals -> KSHMR_Vocals_Words_And_Phrases -> KSHMR_Hype_Vocals	KSHMR_Hype_Vocal_42_People_Are_You_Ready	
Splice Sounds	Sounds of KSHMR Vol. 3	KSHMR_Vocals -> KSHMR_Vocals_Words_And_Phrases -> KSHMR_Hype_Vocals	KSHMR_Hype_Vocal_43_Put_Yo_Fuckin_Hands_Up_Now	
Splice Sounds	Sounds of KSHMR Vol. 3	KSHMR_Vocals -> KSHMR_Vocals_Words_And_Phrases -> KSHMR_Hype_Vocals	KSHMR_Hype_Vocal_44_Put_Yo_Fuckin_Hands_Up	
Splice Sounds	Sounds of KSHMR Vol. 3	KSHMR_Vocals -> KSHMR_Vocals_Words_And_Phrases -> KSHMR_Hype_Vocals	KSHMR_Hype_Vocal_45_Put_Yo_Hands_Up_Now	
Splice Sounds	Sounds of KSHMR Vol. 3	KSHMR_Vocals -> KSHMR_Vocals_Words_And_Phrases -> KSHMR_Hype_Vocals	KSHMR_Hype_Vocal_46_They_Love_It_When_I_Turn_Up_The_Bass	
Splice Sounds	Sounds of KSHMR Vol. 3	KSHMR_Vocals -> KSHMR_Vocals_Words_And_Phrases -> KSHMR_Hype_Vocals	KSHMR_Hype_Vocal_47_Ugh	
Splice Sounds	Sounds of KSHMR Vol. 3	KSHMR_Vocals -> KSHMR_Vocals_Words_And_Phrases -> KSHMR_Hype_Vocals	KSHMR_Hype_Vocal_48_Ugh	
Splice Sounds	Sounds of KSHMR Vol. 3	KSHMR_Vocals -> KSHMR_Vocals_Words_And_Phrases -> KSHMR_Hype_Vocals	KSHMR_Hype_Vocal_49_Unknown_C	
Splice Sounds	Sounds of KSHMR Vol. 3	KSHMR_World_Sounds -> KSHMR_Africa	KSHMR_Africa_FX_African_Market	
Splice Sounds	Sounds of KSHMR Vol. 3	KSHMR_World_Sounds -> KSHMR_Africa	KSHMR_Africa_PL_Kalimba_01_110_F	
Splice Sounds	Sounds of KSHMR Vol. 3	KSHMR_World_Sounds -> KSHMR_Africa	KSHMR_Africa_PL_Kalimba_02_130_C#m	
Splice Sounds	Sounds of KSHMR Vol. 3	KSHMR_World_Sounds -> KSHMR_Africa	KSHMR_Africa_PL_Kora_120_G	
Splice Sounds	Sounds of KSHMR Vol. 3	KSHMR_World_Sounds -> KSHMR_Africa	KSHMR_Africa_PL_ZimBira_110_E	
Splice Sounds	Sounds of KSHMR Vol. 3	KSHMR_World_Sounds -> KSHMR_Africa	KSHMR_Africa_WW_Didgeridoo_150_G	
Splice Sounds	Sounds of KSHMR Vol. 3	KSHMR_World_Sounds -> KSHMR_Africa	KSHMR_Africa_WW_Fula_Flute_01_115_Dm	
Splice Sounds	Sounds of KSHMR Vol. 3	KSHMR_World_Sounds -> KSHMR_Africa	KSHMR_Africa_WW_Fula_Flute_02_115_Bm	
Splice Sounds	Sounds of KSHMR Vol. 3	KSHMR_World_Sounds -> KSHMR_Africa	KSHMR_Africa_WW_Fula_Flute_03_150_Dm	
Splice Sounds	Sounds of KSHMR Vol. 3	KSHMR_World_Sounds -> KSHMR_Australia	KSHMR_Australia_FX_Outback	
Splice Sounds	Sounds of KSHMR Vol. 3	KSHMR_World_Sounds -> KSHMR_Australia	KSHMR_Australia_PL_Jaw_Harp_01_87_Em	
Splice Sounds	Sounds of KSHMR Vol. 3	KSHMR_World_Sounds -> KSHMR_Australia	KSHMR_Australia_PL_Jaw_Harp_02_97_C	
Splice Sounds	Sounds of KSHMR Vol. 3	KSHMR_World_Sounds -> KSHMR_Australia	KSHMR_Australia_PL_Jaw_Harp_03_106_C	
Splice Sounds	Sounds of KSHMR Vol. 3	KSHMR_World_Sounds -> KSHMR_Australia	KSHMR_Australia_PL_Jaw_Harp_04_119_G	
Splice Sounds	Sounds of KSHMR Vol. 3	KSHMR_World_Sounds -> KSHMR_Australia	KSHMR_Australia_PL_Jaw_Harp_05_150_A#	
Splice Sounds	Sounds of KSHMR Vol. 3	KSHMR_World_Sounds -> KSHMR_Australia	KSHMR_Australia_WW_Didgeridoo_01_One_Shot_D#	
Splice Sounds	Sounds of KSHMR Vol. 3	KSHMR_World_Sounds -> KSHMR_Australia	KSHMR_Australia_WW_Didgeridoo_02_One_Shot_D#	
Splice Sounds	Sounds of KSHMR Vol. 3	KSHMR_World_Sounds -> KSHMR_Australia	KSHMR_Australia_WW_Didgeridoo_03_One_Shot_D#	
Splice Sounds	Sounds of KSHMR Vol. 3	KSHMR_World_Sounds -> KSHMR_Australia	KSHMR_Australia_WW_Didgeridoo_04_115_C#	
Splice Sounds	Sounds of KSHMR Vol. 3	KSHMR_World_Sounds -> KSHMR_Australia	KSHMR_Australia_WW_Didgeridoo_05_120_D#	
Splice Sounds	Sounds of KSHMR Vol. 3	KSHMR_World_Sounds -> KSHMR_Australia	KSHMR_Australia_WW_Didgeridoo_06_130_A#	
Splice Sounds	Sounds of KSHMR Vol. 3	KSHMR_World_Sounds -> KSHMR_Australia	KSHMR_Australia_WW_Didgeridoo_07_140_Cm	
Splice Sounds	Sounds of KSHMR Vol. 3	KSHMR_World_Sounds -> KSHMR_East_Asia	KSHMR_Asia_FX_Shanghai_Ambiance	
Splice Sounds	Sounds of KSHMR Vol. 3	KSHMR_World_Sounds -> KSHMR_East_Asia	KSHMR_Asia_FX_Shibuya_Crossing_Ambiance	
Splice Sounds	Sounds of KSHMR Vol. 3	KSHMR_World_Sounds -> KSHMR_East_Asia	KSHMR_Asia_MX_Japanese_Rodeo_124_Em	
Splice Sounds	Sounds of KSHMR Vol. 3	KSHMR_World_Sounds -> KSHMR_East_Asia	KSHMR_Asia_PL_Guzheng_100_C	
Splice Sounds	Sounds of KSHMR Vol. 3	KSHMR_World_Sounds -> KSHMR_East_Asia	KSHMR_Asia_PL_Guzheng_Arp_01_A#	
Splice Sounds	Sounds of KSHMR Vol. 3	KSHMR_World_Sounds -> KSHMR_East_Asia	KSHMR_Asia_PL_Guzheng_Arp_02_D	
Splice Sounds	Sounds of KSHMR Vol. 3	KSHMR_World_Sounds -> KSHMR_East_Asia	KSHMR_Asia_PL_Harp_01_B	
Splice Sounds	Sounds of KSHMR Vol. 3	KSHMR_World_Sounds -> KSHMR_East_Asia	KSHMR_Asia_PL_Harp_02_One_Shot_F	
Splice Sounds	Sounds of KSHMR Vol. 3	KSHMR_World_Sounds -> KSHMR_East_Asia	KSHMR_Asia_PL_Koto_01_A	
Splice Sounds	Sounds of KSHMR Vol. 3	KSHMR_World_Sounds -> KSHMR_East_Asia	KSHMR_Asia_PL_Koto_02_D	
Splice Sounds	Sounds of KSHMR Vol. 3	KSHMR_World_Sounds -> KSHMR_East_Asia	KSHMR_Asia_PL_Pipa_01_90_F	
Splice Sounds	Sounds of KSHMR Vol. 3	KSHMR_World_Sounds -> KSHMR_East_Asia	KSHMR_Asia_PL_Pipa_02_100_F	
Splice Sounds	Sounds of KSHMR Vol. 3	KSHMR_World_Sounds -> KSHMR_East_Asia	KSHMR_Asia_PL_Pipa_03_100_C#	
Splice Sounds	Sounds of KSHMR Vol. 3	KSHMR_World_Sounds -> KSHMR_East_Asia	KSHMR_Asia_PL_Pipa_04_115_Em_FX	
Splice Sounds	Sounds of KSHMR Vol. 3	KSHMR_World_Sounds -> KSHMR_East_Asia	KSHMR_Asia_PL_Pipa_05_115_Em_Dry	
Splice Sounds	Sounds of KSHMR Vol. 3	KSHMR_World_Sounds -> KSHMR_East_Asia	KSHMR_Asia_PL_Pipa_06_150_Dm	
Splice Sounds	Sounds of KSHMR Vol. 3	KSHMR_World_Sounds -> KSHMR_East_Asia	KSHMR_Asia_ST_Erhu_01_120_F	
Splice Sounds	Sounds of KSHMR Vol. 3	KSHMR_World_Sounds -> KSHMR_East_Asia	KSHMR_Asia_ST_Erhu_02_110_G#	
Splice Sounds	Sounds of KSHMR Vol. 3	KSHMR_World_Sounds -> KSHMR_East_Asia	KSHMR_Asia_ST_Erhu_03_110_Dm	
Splice Sounds	Sounds of KSHMR Vol. 3	KSHMR_World_Sounds -> KSHMR_East_Asia	KSHMR_Asia_ST_Zhong_Hu_01_130_Fm	
Splice Sounds	Sounds of KSHMR Vol. 3	KSHMR_World_Sounds -> KSHMR_East_Asia	KSHMR_Asia_ST_Zhong_Hu_02_One_Shot_01	
Splice Sounds	Sounds of KSHMR Vol. 3	KSHMR_World_Sounds -> KSHMR_East_Asia	KSHMR_Asia_ST_Zhong_Hu_03_One_Shot_02	
Splice Sounds	Sounds of KSHMR Vol. 3	KSHMR_World_Sounds -> KSHMR_East_Asia	KSHMR_Asia_ST_Zhong_Hu_04_One_Shot_03	
Splice Sounds	Sounds of KSHMR Vol. 3	KSHMR_World_Sounds -> KSHMR_East_Asia	KSHMR_Asia_WW_Flute_01_128_Fm_Dry	
Splice Sounds	Sounds of KSHMR Vol. 3	KSHMR_World_Sounds -> KSHMR_East_Asia	KSHMR_Asia_WW_Flute_02_128_Fm_FX	
Splice Sounds	Sounds of KSHMR Vol. 3	KSHMR_World_Sounds -> KSHMR_East_Asia	KSHMR_Asia_WW_Shakuhachi_Flute_Blast_01_B	
Splice Sounds	Sounds of KSHMR Vol. 3	KSHMR_World_Sounds -> KSHMR_East_Asia	KSHMR_Asia_WW_Shakuhachi_Flute_Blast_02_C#	
Splice Sounds	Sounds of KSHMR Vol. 3	KSHMR_World_Sounds -> KSHMR_East_Asia	KSHMR_Asia_WW_Shakuhachi_Flute_Blast_03_D	
Splice Sounds	Sounds of KSHMR Vol. 3	KSHMR_World_Sounds -> KSHMR_East_Asia	KSHMR_Asia_WW_Shakuhachi_Flute_Blast_04_E	
Splice Sounds	Sounds of KSHMR Vol. 3	KSHMR_World_Sounds -> KSHMR_East_Asia	KSHMR_Asia_WW_Shakuhachi_Flute_Blast_05_F#	
Splice Sounds	Sounds of KSHMR Vol. 3	KSHMR_World_Sounds -> KSHMR_East_Asia	KSHMR_Asia_WW_Shakuhachi_Flute_Blast_06_G	
Splice Sounds	Sounds of KSHMR Vol. 3	KSHMR_World_Sounds -> KSHMR_East_Asia	KSHMR_Asia_WW_Shakuhachi_Flute_Blast_07_G#	
Splice Sounds	Sounds of KSHMR Vol. 3	KSHMR_World_Sounds -> KSHMR_East_Asia	KSHMR_Asia_WW_Shakuhachi_Loop_110_Fm	
Splice Sounds	Sounds of KSHMR Vol. 3	KSHMR_World_Sounds -> KSHMR_Europe	KSHMR_France_FX_Downtown_Paris	
Splice Sounds	Sounds of KSHMR Vol. 3	KSHMR_World_Sounds -> KSHMR_Europe	KSHMR_Greece_KEY_Accordion_122_F_E_Am_E_Am	
Splice Sounds	Sounds of KSHMR Vol. 3	KSHMR_World_Sounds -> KSHMR_Europe	KSHMR_Greece_ST_Bouzouki_100_Gm_Hi	
Splice Sounds	Sounds of KSHMR Vol. 3	KSHMR_World_Sounds -> KSHMR_Europe	KSHMR_Greece_ST_Bouzouki_100_Gm_Lo	
Splice Sounds	Sounds of KSHMR Vol. 3	KSHMR_World_Sounds -> KSHMR_Europe	KSHMR_Greece_ST_Bouzouki_94_F#m	
Splice Sounds	Sounds of KSHMR Vol. 3	KSHMR_World_Sounds -> KSHMR_Europe	KSHMR_Ireland_WW_Bagpipe_75_F#m	
Splice Sounds	Sounds of KSHMR Vol. 3	KSHMR_World_Sounds -> KSHMR_Europe	KSHMR_Ireland_WW_Flute_01_140_D#	
Splice Sounds	Sounds of KSHMR Vol. 3	KSHMR_World_Sounds -> KSHMR_Europe	KSHMR_Italy_KEY_Accordion_128_Em	
Splice Sounds	Sounds of KSHMR Vol. 3	KSHMR_World_Sounds -> KSHMR_Europe	KSHMR_Italy_KEY_Accordion_128_Fm	
Splice Sounds	Sounds of KSHMR Vol. 3	KSHMR_World_Sounds -> KSHMR_Europe	KSHMR_Italy_PL_Mandolino_110_Em	
Splice Sounds	Sounds of KSHMR Vol. 3	KSHMR_World_Sounds -> KSHMR_Europe	KSHMR_Italy_PL_Mandolino_110_Em_Melody	
Splice Sounds	Sounds of KSHMR Vol. 3	KSHMR_World_Sounds -> KSHMR_Europe	KSHMR_Italy_PL_Mandolino_128_A#m	
Splice Sounds	Sounds of KSHMR Vol. 3	KSHMR_World_Sounds -> KSHMR_Europe	KSHMR_Russia_KEY_Accordion_70_Em	
Splice Sounds	Sounds of KSHMR Vol. 3	KSHMR_World_Sounds -> KSHMR_Europe	KSHMR_Russia_KEY_Piano_70_Gm	
Splice Sounds	Sounds of KSHMR Vol. 3	KSHMR_World_Sounds -> KSHMR_Europe	KSHMR_Russia_ST_Orchestra_120_Fm	
Splice Sounds	Sounds of KSHMR Vol. 3	KSHMR_World_Sounds -> KSHMR_Europe	KSHMR_Russia_ST_Orchestra_Fill_124_Gm	
Splice Sounds	Sounds of KSHMR Vol. 3	KSHMR_World_Sounds -> KSHMR_Europe	KSHMR_Russia_ST_Quartet_110_Cm	
Splice Sounds	Sounds of KSHMR Vol. 3	KSHMR_World_Sounds -> KSHMR_Europe	KSHMR_Russia_WW_Piccolo_01_120_F_Arabic	
Splice Sounds	Sounds of KSHMR Vol. 3	KSHMR_World_Sounds -> KSHMR_India	KSHMR_India_DR_Drum_Loop_90_A	
Splice Sounds	Sounds of KSHMR Vol. 3	KSHMR_World_Sounds -> KSHMR_India	KSHMR_India_FX_Janpath_Market	
Splice Sounds	Sounds of KSHMR Vol. 3	KSHMR_World_Sounds -> KSHMR_India	KSHMR_India_FX_Pandara_Market	
Splice Sounds	Sounds of KSHMR Vol. 3	KSHMR_World_Sounds -> KSHMR_India	KSHMR_India_MX_Bollywood_Fill_109_Gm	
Splice Sounds	Sounds of KSHMR Vol. 3	KSHMR_World_Sounds -> KSHMR_India	KSHMR_India_MX_Bollywood_Fill_2_109_Gm_	
Splice Sounds	Sounds of KSHMR Vol. 3	KSHMR_World_Sounds -> KSHMR_India	KSHMR_India_MX_Disco_Dancer_124_Gm_Full_Mix	
Splice Sounds	Sounds of KSHMR Vol. 3	KSHMR_World_Sounds -> KSHMR_India	KSHMR_India_MX_Disco_Dancer_124_Gm_Strings	
Splice Sounds	Sounds of KSHMR Vol. 3	KSHMR_World_Sounds -> KSHMR_India	KSHMR_India_MX_Santoor_Dance_118_Cm	
Splice Sounds	Sounds of KSHMR Vol. 3	KSHMR_World_Sounds -> KSHMR_India	KSHMR_India_PL_Santoor_100_Cm	
Splice Sounds	Sounds of KSHMR Vol. 3	KSHMR_World_Sounds -> KSHMR_India	KSHMR_India_PL_Santoor_140_Cm	
Splice Sounds	Sounds of KSHMR Vol. 3	KSHMR_World_Sounds -> KSHMR_India	KSHMR_India_PL_Santoor_Intro_Gm	
Splice Sounds	Sounds of KSHMR Vol. 3	KSHMR_World_Sounds -> KSHMR_India	KSHMR_India_PL_Sitar_01_C	
Splice Sounds	Sounds of KSHMR Vol. 3	KSHMR_World_Sounds -> KSHMR_India	KSHMR_India_PL_Sitar_02_D	
Splice Sounds	Sounds of KSHMR Vol. 3	KSHMR_World_Sounds -> KSHMR_India	KSHMR_India_PL_Sitar_03_D	
Splice Sounds	Sounds of KSHMR Vol. 3	KSHMR_World_Sounds -> KSHMR_India	KSHMR_India_PL_Sitar_04_Bend_E_to_F	
Splice Sounds	Sounds of KSHMR Vol. 3	KSHMR_World_Sounds -> KSHMR_India	KSHMR_India_PL_Sitar_05_F	
Splice Sounds	Sounds of KSHMR Vol. 3	KSHMR_World_Sounds -> KSHMR_India	KSHMR_India_PL_Sitar_06_100_D#	
Splice Sounds	Sounds of KSHMR Vol. 3	KSHMR_World_Sounds -> KSHMR_India	KSHMR_India_PL_Sitar_07_130_F_Arabic	
Splice Sounds	Sounds of KSHMR Vol. 3	KSHMR_World_Sounds -> KSHMR_India	KSHMR_India_PL_Sitar_100_D#m	
Splice Sounds	Sounds of KSHMR Vol. 3	KSHMR_World_Sounds -> KSHMR_India	KSHMR_India_PL_Sitar_117_C	
Splice Sounds	Sounds of KSHMR Vol. 3	KSHMR_World_Sounds -> KSHMR_India	KSHMR_India_PL_Sitar_150_Cm	
Splice Sounds	Sounds of KSHMR Vol. 3	KSHMR_World_Sounds -> KSHMR_India	KSHMR_India_PL_Sitar_Am	
Splice Sounds	Sounds of KSHMR Vol. 3	KSHMR_World_Sounds -> KSHMR_India	KSHMR_India_PL_Sitar_and_Percussion_Loop_80_C#	
Splice Sounds	Sounds of KSHMR Vol. 3	KSHMR_World_Sounds -> KSHMR_India	KSHMR_India_PL_Tumbi_128_A#m	
Splice Sounds	Sounds of KSHMR Vol. 3	KSHMR_World_Sounds -> KSHMR_India	KSHMR_India_PL_Tumbi_and_Orchestra_128_E_Arabic	
Splice Sounds	Sounds of KSHMR Vol. 3	KSHMR_World_Sounds -> KSHMR_India	KSHMR_India_PL_Tumbi_Loop_100_A_Arabic	
Splice Sounds	Sounds of KSHMR Vol. 3	KSHMR_World_Sounds -> KSHMR_India	KSHMR_India_PL_Tumbi_Loop_104_Dm	
Splice Sounds	Sounds of KSHMR Vol. 3	KSHMR_World_Sounds -> KSHMR_India	KSHMR_India_ST_Bollywood_Fill_115_C_Arabic	
Splice Sounds	Sounds of KSHMR Vol. 3	KSHMR_World_Sounds -> KSHMR_India	KSHMR_India_ST_Bollywood_String_Fill_C#_Arabic	
Splice Sounds	Sounds of KSHMR Vol. 3	KSHMR_World_Sounds -> KSHMR_India	KSHMR_India_ST_Bollywood_String_Fill_F#_Arabic	
Splice Sounds	Sounds of KSHMR Vol. 3	KSHMR_World_Sounds -> KSHMR_India	KSHMR_India_ST_Bollywood_String_Loop_160_G#_Arabic	
Splice Sounds	Sounds of KSHMR Vol. 3	KSHMR_World_Sounds -> KSHMR_India	KSHMR_India_ST_Bollywood_Strings_125_D#m	
Splice Sounds	Sounds of KSHMR Vol. 3	KSHMR_World_Sounds -> KSHMR_India	KSHMR_India_ST_Bollywood_Strings_128_F_Arabic	
Splice Sounds	Sounds of KSHMR Vol. 3	KSHMR_World_Sounds -> KSHMR_India	KSHMR_India_ST_Bollywood_Strings_Am_128	
Splice Sounds	Sounds of KSHMR Vol. 3	KSHMR_World_Sounds -> KSHMR_India	KSHMR_India_ST_Bollywood_Strings_F_Arabic_115	
Splice Sounds	Sounds of KSHMR Vol. 3	KSHMR_World_Sounds -> KSHMR_India	KSHMR_India_WW_Bansuri_01_D#	
Splice Sounds	Sounds of KSHMR Vol. 3	KSHMR_World_Sounds -> KSHMR_India	KSHMR_India_WW_Bansuri_02_150_Dm	
Splice Sounds	Sounds of KSHMR Vol. 3	KSHMR_World_Sounds -> KSHMR_India	KSHMR_India_WW_Bansuri_03_160_C#m	
Splice Sounds	Sounds of KSHMR Vol. 3	KSHMR_World_Sounds -> KSHMR_India	KSHMR_India_WW_Bansuri_04_181_Dm	
Splice Sounds	Sounds of KSHMR Vol. 3	KSHMR_World_Sounds -> KSHMR_India	KSHMR_India_WW_Bansuri_140_Dm	
Splice Sounds	Sounds of KSHMR Vol. 3	KSHMR_World_Sounds -> KSHMR_India	KSHMR_India_WW_Bansuri_Blast_E	
Splice Sounds	Sounds of KSHMR Vol. 3	KSHMR_World_Sounds -> KSHMR_Latin_America	KSHMR_Latin_BR_Brazil_Brass_106_Am	
Splice Sounds	Sounds of KSHMR Vol. 3	KSHMR_World_Sounds -> KSHMR_Latin_America	KSHMR_Latin_BR_Brazil_Brass_115_Fm	
Splice Sounds	Sounds of KSHMR Vol. 3	KSHMR_World_Sounds -> KSHMR_Latin_America	KSHMR_Latin_BR_Cuba_Air_Horn_D	
Splice Sounds	Sounds of KSHMR Vol. 3	KSHMR_World_Sounds -> KSHMR_Latin_America	KSHMR_Latin_BR_Cuba_Air_Horn_G#	
Splice Sounds	Sounds of KSHMR Vol. 3	KSHMR_World_Sounds -> KSHMR_Latin_America	KSHMR_Latin_BR_Cuba_Street_Horn_110_Fm	
Splice Sounds	Sounds of KSHMR Vol. 3	KSHMR_World_Sounds -> KSHMR_Latin_America	KSHMR_Latin_DR_Brazillian_Cuica_E	
Splice Sounds	Sounds of KSHMR Vol. 3	KSHMR_World_Sounds -> KSHMR_Latin_America	KSHMR_Latin_FX_Zocalo	
Splice Sounds	Sounds of KSHMR Vol. 3	KSHMR_World_Sounds -> KSHMR_Latin_America	KSHMR_Latin_GTR_Cuba_Crazy_Guitar_G	
Splice Sounds	Sounds of KSHMR Vol. 3	KSHMR_World_Sounds -> KSHMR_Latin_America	KSHMR_Latin_GTR_Cuba_Guitar_Fill_100_Em	
Splice Sounds	Sounds of KSHMR Vol. 3	KSHMR_World_Sounds -> KSHMR_Latin_America	KSHMR_Latin_GTR_Cuba_Guitar_Loop_100_D#m	
Splice Sounds	Sounds of KSHMR Vol. 3	KSHMR_World_Sounds -> KSHMR_Latin_America	KSHMR_Latin_GTR_Guitar_90_Am	
Splice Sounds	Sounds of KSHMR Vol. 3	KSHMR_World_Sounds -> KSHMR_Latin_America	KSHMR_Latin_GTR_Peruvian_Guitar_100_Am_Em	
Splice Sounds	Sounds of KSHMR Vol. 3	KSHMR_World_Sounds -> KSHMR_Latin_America	KSHMR_Latin_KEY_Colombia_Piano_Bass_100_E	
Splice Sounds	Sounds of KSHMR Vol. 3	KSHMR_World_Sounds -> KSHMR_Latin_America	KSHMR_Latin_MX_Carnival_Anthem_115_Fm_Full_Mix	
Splice Sounds	Sounds of KSHMR Vol. 3	KSHMR_World_Sounds -> KSHMR_Latin_America	KSHMR_Latin_MX_Carnival_Anthem_115_Fm_Guitar	
Splice Sounds	Sounds of KSHMR Vol. 3	KSHMR_World_Sounds -> KSHMR_Latin_America	KSHMR_Latin_MX_Carnival_Anthem_115_Fm_Horns	
Splice Sounds	Sounds of KSHMR Vol. 3	KSHMR_World_Sounds -> KSHMR_Latin_America	KSHMR_Latin_MX_Carnival_Anthem_115_Fm_Piano	
Splice Sounds	Sounds of KSHMR Vol. 3	KSHMR_World_Sounds -> KSHMR_Latin_America	KSHMR_Latin_PL_Brazillian_Berimbau_01_C	
Splice Sounds	Sounds of KSHMR Vol. 3	KSHMR_World_Sounds -> KSHMR_Latin_America	KSHMR_Latin_PL_Brazillian_Berimbau_02_D	
Splice Sounds	Sounds of KSHMR Vol. 3	KSHMR_World_Sounds -> KSHMR_Latin_America	KSHMR_Latin_PL_Brazillian_Berimbau_Loop_01_160_C#	
Splice Sounds	Sounds of KSHMR Vol. 3	KSHMR_World_Sounds -> KSHMR_Latin_America	KSHMR_Latin_PL_Brazillian_Cavachino_Riff_170_Em	
Splice Sounds	Sounds of KSHMR Vol. 3	KSHMR_World_Sounds -> KSHMR_Latin_America	KSHMR_Latin_WW_Brazil_Vuvuzuela_01_F	
Splice Sounds	Sounds of KSHMR Vol. 3	KSHMR_World_Sounds -> KSHMR_Latin_America	KSHMR_Latin_WW_Brazil_Vuvuzuela_02_G	
Splice Sounds	Sounds of KSHMR Vol. 3	KSHMR_World_Sounds -> KSHMR_Latin_America	KSHMR_Latin_WW_Brazil_Vuvuzuela_03_G	
Splice Sounds	Sounds of KSHMR Vol. 3	KSHMR_World_Sounds -> KSHMR_Latin_America	KSHMR_Latin_WW_Peruvian_Flute_100_Am	
Splice Sounds	Sounds of KSHMR Vol. 3	KSHMR_World_Sounds -> KSHMR_Latin_America	KSHMR_Latin_WW_Peruvian_Panflute_110_Am	
Splice Sounds	Sounds of KSHMR Vol. 3	KSHMR_World_Sounds -> KSHMR_Latin_America	KSHMR_Latin_WW_Peruvian_Panflute_150_Gm	
Splice Sounds	Sounds of KSHMR Vol. 3	KSHMR_World_Sounds -> KSHMR_Latin_America	KSHMR_Latin_WW_Sax_122_Fm	
Splice Sounds	Sounds of KSHMR Vol. 3	KSHMR_World_Sounds -> KSHMR_Middle_East	KSHMR_Middle_East_FX_Egyptian_Market	
Splice Sounds	Sounds of KSHMR Vol. 3	KSHMR_World_Sounds -> KSHMR_Middle_East	KSHMR_Middle_East_FX_Turkish_Bazaar	
Splice Sounds	Sounds of KSHMR Vol. 3	KSHMR_World_Sounds -> KSHMR_Middle_East	KSHMR_Middle_East_GTR_Banjo_128_C_Arabic	
Splice Sounds	Sounds of KSHMR Vol. 3	KSHMR_World_Sounds -> KSHMR_Middle_East	KSHMR_Middle_East_GTR_Guitar_100_D_Arabic	
Splice Sounds	Sounds of KSHMR Vol. 3	KSHMR_World_Sounds -> KSHMR_Middle_East	KSHMR_Middle_East_GTR_Guitar_110_G#_Arabic_Dry	
Splice Sounds	Sounds of KSHMR Vol. 3	KSHMR_World_Sounds -> KSHMR_Middle_East	KSHMR_Middle_East_GTR_Guitar_110_G#_Arabic_FX	
Splice Sounds	Sounds of KSHMR Vol. 3	KSHMR_World_Sounds -> KSHMR_Middle_East	KSHMR_Middle_East_GTR_Guitar_128_C	
Splice Sounds	Sounds of KSHMR Vol. 3	KSHMR_World_Sounds -> KSHMR_Middle_East	KSHMR_Middle_East_GTR_Guitar_128_E_Arabic	
Splice Sounds	Sounds of KSHMR Vol. 3	KSHMR_World_Sounds -> KSHMR_Middle_East	KSHMR_Middle_East_GTR_Guitar_90_Em	
Splice Sounds	Sounds of KSHMR Vol. 3	KSHMR_World_Sounds -> KSHMR_Middle_East	KSHMR_Middle_East_GTR_Guitar_Ambiance_E_Arabic	
Splice Sounds	Sounds of KSHMR Vol. 3	KSHMR_World_Sounds -> KSHMR_Middle_East	KSHMR_Middle_East_GTR_Sarod_117_Fm	
Splice Sounds	Sounds of KSHMR Vol. 3	KSHMR_World_Sounds -> KSHMR_Middle_East	KSHMR_Middle_East_MX_Arabian_Night_128_F#m	
Splice Sounds	Sounds of KSHMR Vol. 3	KSHMR_World_Sounds -> KSHMR_Middle_East	KSHMR_Middle_East_MX_Desert_Traveler_105_Em	
Splice Sounds	Sounds of KSHMR Vol. 3	KSHMR_World_Sounds -> KSHMR_Middle_East	KSHMR_Middle_East_PL_Dra_Ngen_Am_128	
Splice Sounds	Sounds of KSHMR Vol. 3	KSHMR_World_Sounds -> KSHMR_Middle_East	KSHMR_Middle_East_PL_Kanoun_100_Dm	
Splice Sounds	Sounds of KSHMR Vol. 3	KSHMR_World_Sounds -> KSHMR_Middle_East	KSHMR_Middle_East_PL_Kanoun_128_Em	
Splice Sounds	Sounds of KSHMR Vol. 3	KSHMR_World_Sounds -> KSHMR_Middle_East	KSHMR_Middle_East_PL_Kanun_01_90_Fm	
Splice Sounds	Sounds of KSHMR Vol. 3	KSHMR_World_Sounds -> KSHMR_Middle_East	KSHMR_Middle_East_ST_Kanun_F_Arabic_90	
Splice Sounds	Sounds of KSHMR Vol. 3	KSHMR_World_Sounds -> KSHMR_Middle_East	KSHMR_Middle_East_ST_Kemence_Em_120	
Splice Sounds	Sounds of KSHMR Vol. 3	KSHMR_World_Sounds -> KSHMR_Middle_East	KSHMR_Middle_East_ST_Santoor_Tremolo_A	
Splice Sounds	Sounds of KSHMR Vol. 3	KSHMR_World_Sounds -> KSHMR_Middle_East	KSHMR_Middle_East_ST_Sarangi_70_F_Arabic	
Splice Sounds	Sounds of KSHMR Vol. 3	KSHMR_World_Sounds -> KSHMR_Middle_East	KSHMR_Middle_East_ST_Turkish_Violin_110_F#m	
Splice Sounds	Sounds of KSHMR Vol. 3	KSHMR_World_Sounds -> KSHMR_Middle_East	KSHMR_Middle_East_ST_Turkish_Violin_110_Fm	
Splice Sounds	Sounds of KSHMR Vol. 3	KSHMR_World_Sounds -> KSHMR_Middle_East	KSHMR_Middle_East_ST_Turkish_Violin_60_G_Arabic	
Splice Sounds	Sounds of KSHMR Vol. 3	KSHMR_World_Sounds -> KSHMR_Middle_East	KSHMR_Middle_East_ST_Turkish_Violin_78_Dm	
Splice Sounds	Sounds of KSHMR Vol. 3	KSHMR_World_Sounds -> KSHMR_Middle_East	KSHMR_Middle_East_ST_Turkish_Violin_80_D_Arabic	
Splice Sounds	Sounds of KSHMR Vol. 3	KSHMR_World_Sounds -> KSHMR_Middle_East	KSHMR_Middle_East_ST_Turkish_Violin_Small_Riff_1_Fm	
Splice Sounds	Sounds of KSHMR Vol. 3	KSHMR_World_Sounds -> KSHMR_Middle_East	KSHMR_Middle_East_ST_Turkish_Violin_Small_Riff_2_Fm	
Splice Sounds	Sounds of KSHMR Vol. 3	KSHMR_World_Sounds -> KSHMR_Middle_East	KSHMR_Middle_East_ST_Turkish_Violin_Small_Riff_3_D#m	
Splice Sounds	Sounds of KSHMR Vol. 3	KSHMR_World_Sounds -> KSHMR_Middle_East	KSHMR_Middle_East_WW_Israeli_Sax_01_75_F_Arabic	
Splice Sounds	Sounds of KSHMR Vol. 3	KSHMR_World_Sounds -> KSHMR_Middle_East	KSHMR_Middle_East_WW_Israeli_Sax_02_75_Em	
Splice Sounds	Sounds of KSHMR Vol. 3	KSHMR_World_Sounds -> KSHMR_Middle_East	KSHMR_Middle_East_WW_Israeli_Sax_03_91_E_Arabic	
Splice Sounds	Sounds of KSHMR Vol. 3	KSHMR_World_Sounds -> KSHMR_Middle_East	KSHMR_Middle_East_WW_Israeli_Sax_04_94_E_Arabic	
Splice Sounds	Sounds of KSHMR Vol. 3	KSHMR_World_Sounds -> KSHMR_Middle_East	KSHMR_Middle_East_WW_Israeli_Sax_05_131_G#_Arabic	
Splice Sounds	Sounds of KSHMR Vol. 3	KSHMR_World_Sounds -> KSHMR_Middle_East	KSHMR_Middle_East_WW_Kaval_01_E	
Splice Sounds	Sounds of KSHMR Vol. 3	KSHMR_World_Sounds -> KSHMR_Middle_East	KSHMR_Middle_East_WW_Kaval_140_D#m	
Splice Sounds	Sounds of KSHMR Vol. 3	KSHMR_World_Sounds -> KSHMR_Middle_East	KSHMR_Middle_East_WW_Kawala_01_104_Am	
Splice Sounds	Sounds of KSHMR Vol. 3	KSHMR_World_Sounds -> KSHMR_Middle_East	KSHMR_Middle_East_WW_Shawm_01_100_Em	
Splice Sounds	Sounds of KSHMR Vol. 3	KSHMR_World_Sounds -> KSHMR_Middle_East	KSHMR_Middle_East_WW_Zurna_B	
Splice Sounds	Sounds of KSHMR Vol. 3	KSHMR_World_Sounds -> KSHMR_Middle_East	KSHMR_Middle_East_WW_Zurna_E_to_B	
Splice Sounds	Sounds of KSHMR Vol. 3	KSHMR_World_Sounds -> KSHMR_Middle_East	KSHMR_Middle_East_WW_Zurna_F	
Splice Sounds	Sounds of KSHMR Vol. 3	KSHMR_World_Sounds -> KSHMR_Middle_East	KSHMR_Middle_East_WW_Zurna_F_to_C	
Splice Sounds	Sounds of KSHMR Vol. 3	KSHMR_World_Sounds -> KSHMR_Middle_East	KSHMR_Middle_East_WW_Zurna_Fm	
Splice Sounds	Sounds of KSHMR Vol. 3	KSHMR_World_Sounds -> KSHMR_Native_America	KSHMR_Native_America_DR_Battle_Drums_138	
Splice Sounds	Sounds of KSHMR Vol. 3	KSHMR_World_Sounds -> KSHMR_Native_America	KSHMR_Native_America_DR_Deep_Drums_100	
Splice Sounds	Sounds of KSHMR Vol. 3	KSHMR_World_Sounds -> KSHMR_Native_America	KSHMR_Native_America_FX_Forest_Dance	
Splice Sounds	Sounds of KSHMR Vol. 3	KSHMR_World_Sounds -> KSHMR_Native_America	KSHMR_Native_America_WW_Flute_Fm	