Miroslav Vitous	Woodwind & Brass Ensembles	F00 Wood Winds -> B00 Flutes -> Preset	P000 Flutes *	
Miroslav Vitous	Woodwind & Brass Ensembles	F00 Wood Winds -> B00 Flutes -> Preset	P001 Flutes	
Miroslav Vitous	Woodwind & Brass Ensembles	F00 Wood Winds -> B00 Flutes -> Preset	P002 Flutes Lite	
Miroslav Vitous	Woodwind & Brass Ensembles	F00 Wood Winds -> B00 Flutes -> Preset	P003 Flutes Port	
Miroslav Vitous	Woodwind & Brass Ensembles	F00 Wood Winds -> B00 Flutes -> Preset	P004 Flutes Stac	
Miroslav Vitous	Woodwind & Brass Ensembles	F00 Wood Winds -> B00 Flutes -> Preset	P005 %Flutes LN/Port	
Miroslav Vitous	Woodwind & Brass Ensembles	F00 Wood Winds -> B00 Flutes -> Preset	P006 %Flutes Port/Sta	
Miroslav Vitous	Woodwind & Brass Ensembles	F00 Wood Winds -> B00 Flutes -> Preset	P007 %Flutes LN/Po/St	
Miroslav Vitous	Woodwind & Brass Ensembles	F00 Wood Winds -> B00 Flutes -> Sample	S000 FLT:FltsD#41*-	
Miroslav Vitous	Woodwind & Brass Ensembles	F00 Wood Winds -> B00 Flutes -> Sample	S001 FLT:FltsF_41*-	
Miroslav Vitous	Woodwind & Brass Ensembles	F00 Wood Winds -> B00 Flutes -> Sample	S002 FLT:FltsC#51*-	
Miroslav Vitous	Woodwind & Brass Ensembles	F00 Wood Winds -> B00 Flutes -> Sample	S003 FLT:FltsG#51*-	
Miroslav Vitous	Woodwind & Brass Ensembles	F00 Wood Winds -> B00 Flutes -> Sample	S004 FLT:FltsE_61*-	
Miroslav Vitous	Woodwind & Brass Ensembles	F00 Wood Winds -> B00 Flutes -> Sample	S005 FLT:FltsC#4 2-	
Miroslav Vitous	Woodwind & Brass Ensembles	F00 Wood Winds -> B00 Flutes -> Sample	S006 FLT:FltsD#4 2-	
Miroslav Vitous	Woodwind & Brass Ensembles	F00 Wood Winds -> B00 Flutes -> Sample	S007 FLT:FltsF_4 2-	
Miroslav Vitous	Woodwind & Brass Ensembles	F00 Wood Winds -> B00 Flutes -> Sample	S008 FLT:FltsG#4 2-	
Miroslav Vitous	Woodwind & Brass Ensembles	F00 Wood Winds -> B00 Flutes -> Sample	S009 FLT:FltsC#5 2-	
Miroslav Vitous	Woodwind & Brass Ensembles	F00 Wood Winds -> B00 Flutes -> Sample	S010 FLT:FltsE_5 2-	
Miroslav Vitous	Woodwind & Brass Ensembles	F00 Wood Winds -> B00 Flutes -> Sample	S011 FLT:FltsF#5 2-	
Miroslav Vitous	Woodwind & Brass Ensembles	F00 Wood Winds -> B00 Flutes -> Sample	S012 FLT:FltsG#5 2-	
Miroslav Vitous	Woodwind & Brass Ensembles	F00 Wood Winds -> B00 Flutes -> Sample	S013 FLT:FltsC#6 2-	
Miroslav Vitous	Woodwind & Brass Ensembles	F00 Wood Winds -> B00 Flutes -> Sample	S014 FLT:FltsE_6 2-	
Miroslav Vitous	Woodwind & Brass Ensembles	F00 Wood Winds -> B00 Flutes -> Sample	S015 FLT:FltsF#6 2-	
Miroslav Vitous	Woodwind & Brass Ensembles	F00 Wood Winds -> B00 Flutes -> Sample	S016 FLT:FltsC#4 3-	
Miroslav Vitous	Woodwind & Brass Ensembles	F00 Wood Winds -> B00 Flutes -> Sample	S017 FLT:FltsE_4 3-	
Miroslav Vitous	Woodwind & Brass Ensembles	F00 Wood Winds -> B00 Flutes -> Sample	S018 FLT:FltsG_4 3-	
Miroslav Vitous	Woodwind & Brass Ensembles	F00 Wood Winds -> B00 Flutes -> Sample	S019 FLT:FltsB_4 3-	
Miroslav Vitous	Woodwind & Brass Ensembles	F00 Wood Winds -> B00 Flutes -> Sample	S020 FLT:FltsD_5 3-	
Miroslav Vitous	Woodwind & Brass Ensembles	F00 Wood Winds -> B00 Flutes -> Sample	S021 FLT:FltsF_5 3-	
Miroslav Vitous	Woodwind & Brass Ensembles	F00 Wood Winds -> B00 Flutes -> Sample	S022 FLT:FltsG#5 3-	
Miroslav Vitous	Woodwind & Brass Ensembles	F00 Wood Winds -> B00 Flutes -> Sample	S023 FLT:FltsA#5 3-	
Miroslav Vitous	Woodwind & Brass Ensembles	F00 Wood Winds -> B00 Flutes -> Sample	S024 FLT:FltsC_6 3-	
Miroslav Vitous	Woodwind & Brass Ensembles	F00 Wood Winds -> B00 Flutes -> Sample	S025 FLT:FltsE_6 3-	
Miroslav Vitous	Woodwind & Brass Ensembles	F00 Wood Winds -> B00 Flutes -> Sample	S026 FLT:FltsC#4St-	
Miroslav Vitous	Woodwind & Brass Ensembles	F00 Wood Winds -> B00 Flutes -> Sample	S027 FLT:FltsD_4St-	
Miroslav Vitous	Woodwind & Brass Ensembles	F00 Wood Winds -> B00 Flutes -> Sample	S028 FLT:FltsF#4St-	
Miroslav Vitous	Woodwind & Brass Ensembles	F00 Wood Winds -> B00 Flutes -> Sample	S029 FLT:FltsG#4St-	
Miroslav Vitous	Woodwind & Brass Ensembles	F00 Wood Winds -> B00 Flutes -> Sample	S030 FLT:FltsB_4St-	
Miroslav Vitous	Woodwind & Brass Ensembles	F00 Wood Winds -> B00 Flutes -> Sample	S031 FLT:FltsD#5St-	
Miroslav Vitous	Woodwind & Brass Ensembles	F00 Wood Winds -> B00 Flutes -> Sample	S032 FLT:FltsF_5St-	
Miroslav Vitous	Woodwind & Brass Ensembles	F00 Wood Winds -> B00 Flutes -> Sample	S033 FLT:FltsG_5St-	
Miroslav Vitous	Woodwind & Brass Ensembles	F00 Wood Winds -> B00 Flutes -> Sample	S034 FLT:FltsA#5St-	
Miroslav Vitous	Woodwind & Brass Ensembles	F00 Wood Winds -> B00 Flutes -> Sample	S035 FLT:FltsB_5St-	
Miroslav Vitous	Woodwind & Brass Ensembles	F00 Wood Winds -> B00 Flutes -> Sample	S036 FLT:FltsC_6St-	
Miroslav Vitous	Woodwind & Brass Ensembles	F00 Wood Winds -> B00 Flutes -> Sample	S037 FLT:FltsE_6St-	
Miroslav Vitous	Woodwind & Brass Ensembles	F00 Wood Winds -> B00 Flutes -> Sample	S038 FLT:FltsF_6St-	
Miroslav Vitous	Woodwind & Brass Ensembles	F00 Wood Winds -> B00 Flutes -> Sample	S039 FLT:FltsF#6St-	
Miroslav Vitous	Woodwind & Brass Ensembles	F00 Wood Winds -> B00 Flutes -> Sample	S040 FLT:FltsG#6St-	
Miroslav Vitous	Woodwind & Brass Ensembles	F00 Wood Winds -> B01 Oboes -> Preset	P000 Oboes *	
Miroslav Vitous	Woodwind & Brass Ensembles	F00 Wood Winds -> B01 Oboes -> Preset	P001 Oboes	
Miroslav Vitous	Woodwind & Brass Ensembles	F00 Wood Winds -> B01 Oboes -> Preset	P002 Oboes Port	
Miroslav Vitous	Woodwind & Brass Ensembles	F00 Wood Winds -> B01 Oboes -> Preset	P003 Oboes Stacc	
Miroslav Vitous	Woodwind & Brass Ensembles	F00 Wood Winds -> B01 Oboes -> Preset	P004 %Oboes LN/Port	
Miroslav Vitous	Woodwind & Brass Ensembles	F00 Wood Winds -> B01 Oboes -> Preset	P005 %Oboes/Port/Stac	
Miroslav Vitous	Woodwind & Brass Ensembles	F00 Wood Winds -> B01 Oboes -> Preset	P006 %Oboes LN/Por/St	
Miroslav Vitous	Woodwind & Brass Ensembles	F00 Wood Winds -> B01 Oboes -> Sample	S000 OboesC#41-	
Miroslav Vitous	Woodwind & Brass Ensembles	F00 Wood Winds -> B01 Oboes -> Sample	S001 OboesF#41-	
Miroslav Vitous	Woodwind & Brass Ensembles	F00 Wood Winds -> B01 Oboes -> Sample	S002 OboesG#41-	
Miroslav Vitous	Woodwind & Brass Ensembles	F00 Wood Winds -> B01 Oboes -> Sample	S003 OboesB_41-	
Miroslav Vitous	Woodwind & Brass Ensembles	F00 Wood Winds -> B01 Oboes -> Sample	S004 OboesC#51-	
Miroslav Vitous	Woodwind & Brass Ensembles	F00 Wood Winds -> B01 Oboes -> Sample	S005 OboesF_51-	
Miroslav Vitous	Woodwind & Brass Ensembles	F00 Wood Winds -> B01 Oboes -> Sample	S006 OboesB_51-	
Miroslav Vitous	Woodwind & Brass Ensembles	F00 Wood Winds -> B01 Oboes -> Sample	S007 OboesC_61-	
Miroslav Vitous	Woodwind & Brass Ensembles	F00 Wood Winds -> B01 Oboes -> Sample	S008 OboesC#42-	
Miroslav Vitous	Woodwind & Brass Ensembles	F00 Wood Winds -> B01 Oboes -> Sample	S009 OboesF#42-	
Miroslav Vitous	Woodwind & Brass Ensembles	F00 Wood Winds -> B01 Oboes -> Sample	S010 OboesG#42-	
Miroslav Vitous	Woodwind & Brass Ensembles	F00 Wood Winds -> B01 Oboes -> Sample	S011 OboesB_42-	
Miroslav Vitous	Woodwind & Brass Ensembles	F00 Wood Winds -> B01 Oboes -> Sample	S012 OboesC#52-	
Miroslav Vitous	Woodwind & Brass Ensembles	F00 Wood Winds -> B01 Oboes -> Sample	S013 OboesF_52-	
Miroslav Vitous	Woodwind & Brass Ensembles	F00 Wood Winds -> B01 Oboes -> Sample	S014 OboesB_52-	
Miroslav Vitous	Woodwind & Brass Ensembles	F00 Wood Winds -> B01 Oboes -> Sample	S015 OboesC_62-	
Miroslav Vitous	Woodwind & Brass Ensembles	F00 Wood Winds -> B01 Oboes -> Sample	S016 OboesD_43-	
Miroslav Vitous	Woodwind & Brass Ensembles	F00 Wood Winds -> B01 Oboes -> Sample	S017 OboesD#43-	
Miroslav Vitous	Woodwind & Brass Ensembles	F00 Wood Winds -> B01 Oboes -> Sample	S018 OboesF#43-	
Miroslav Vitous	Woodwind & Brass Ensembles	F00 Wood Winds -> B01 Oboes -> Sample	S019 OboesA_43-	
Miroslav Vitous	Woodwind & Brass Ensembles	F00 Wood Winds -> B01 Oboes -> Sample	S020 OboesA#43-	
Miroslav Vitous	Woodwind & Brass Ensembles	F00 Wood Winds -> B01 Oboes -> Sample	S021 OboesD_53-	
Miroslav Vitous	Woodwind & Brass Ensembles	F00 Wood Winds -> B01 Oboes -> Sample	S022 OboesD#53-	
Miroslav Vitous	Woodwind & Brass Ensembles	F00 Wood Winds -> B01 Oboes -> Sample	S023 OboesF_53-	
Miroslav Vitous	Woodwind & Brass Ensembles	F00 Wood Winds -> B01 Oboes -> Sample	S024 OboesF#53-	
Miroslav Vitous	Woodwind & Brass Ensembles	F00 Wood Winds -> B01 Oboes -> Sample	S025 OboesG_53-	
Miroslav Vitous	Woodwind & Brass Ensembles	F00 Wood Winds -> B01 Oboes -> Sample	S026 OboesB_53-	
Miroslav Vitous	Woodwind & Brass Ensembles	F00 Wood Winds -> B01 Oboes -> Sample	S027 OboesC_63-	
Miroslav Vitous	Woodwind & Brass Ensembles	F00 Wood Winds -> B01 Oboes -> Sample	S028 OboesC_4Stc-	
Miroslav Vitous	Woodwind & Brass Ensembles	F00 Wood Winds -> B01 Oboes -> Sample	S029 ObsD_4Stc-	
Miroslav Vitous	Woodwind & Brass Ensembles	F00 Wood Winds -> B01 Oboes -> Sample	S030 ObsF#4Stc-	
Miroslav Vitous	Woodwind & Brass Ensembles	F00 Wood Winds -> B01 Oboes -> Sample	S031 ObsG#4Stc-	
Miroslav Vitous	Woodwind & Brass Ensembles	F00 Wood Winds -> B01 Oboes -> Sample	S032 ObsA#4Stc-	
Miroslav Vitous	Woodwind & Brass Ensembles	F00 Wood Winds -> B01 Oboes -> Sample	S033 ObsD#5Stc-	
Miroslav Vitous	Woodwind & Brass Ensembles	F00 Wood Winds -> B01 Oboes -> Sample	S034 ObsF_5Stc-	
Miroslav Vitous	Woodwind & Brass Ensembles	F00 Wood Winds -> B01 Oboes -> Sample	S035 ObsA_5Stc-	
Miroslav Vitous	Woodwind & Brass Ensembles	F00 Wood Winds -> B01 Oboes -> Sample	S036 ObsC_6Stc-	
Miroslav Vitous	Woodwind & Brass Ensembles	F00 Wood Winds -> B01 Oboes -> Sample	S037 ObsE_6Stc-	
Miroslav Vitous	Woodwind & Brass Ensembles	F00 Wood Winds -> B02 Flutes Links -> Preset	P000 %Flutes LN/Port	
Miroslav Vitous	Woodwind & Brass Ensembles	F00 Wood Winds -> B02 Flutes Links -> Preset	P001 %Flutes Port/Sta	
Miroslav Vitous	Woodwind & Brass Ensembles	F00 Wood Winds -> B02 Flutes Links -> Preset	P002 %Flutes LN/Po/St	
Miroslav Vitous	Woodwind & Brass Ensembles	F00 Wood Winds -> B02 Flutes Links -> Preset	P003 Untitled Preset	
Miroslav Vitous	Woodwind & Brass Ensembles	F00 Wood Winds -> B02 Flutes Links -> Preset	P004 Untitled Preset	
Miroslav Vitous	Woodwind & Brass Ensembles	F00 Wood Winds -> B02 Flutes Links -> Preset	P005 Untitled Preset	
Miroslav Vitous	Woodwind & Brass Ensembles	F00 Wood Winds -> B02 Flutes Links -> Preset	P006 Untitled Preset	
Miroslav Vitous	Woodwind & Brass Ensembles	F00 Wood Winds -> B02 Flutes Links -> Preset	P007 Untitled Preset	
Miroslav Vitous	Woodwind & Brass Ensembles	F00 Wood Winds -> B02 Flutes Links -> Preset	P008 Untitled Preset	
Miroslav Vitous	Woodwind & Brass Ensembles	F00 Wood Winds -> B02 Flutes Links -> Preset	P009 Untitled Preset	
Miroslav Vitous	Woodwind & Brass Ensembles	F00 Wood Winds -> B02 Flutes Links -> Preset	P010 Untitled Preset	
Miroslav Vitous	Woodwind & Brass Ensembles	F00 Wood Winds -> B02 Flutes Links -> Preset	P011 Flutes *	
Miroslav Vitous	Woodwind & Brass Ensembles	F00 Wood Winds -> B02 Flutes Links -> Preset	P012 Flutes Port	
Miroslav Vitous	Woodwind & Brass Ensembles	F00 Wood Winds -> B02 Flutes Links -> Preset	P013 Flutes Stac	
Miroslav Vitous	Woodwind & Brass Ensembles	F00 Wood Winds -> B02 Flutes Links -> Sample	S000 FLT:FltsD#41*-	
Miroslav Vitous	Woodwind & Brass Ensembles	F00 Wood Winds -> B02 Flutes Links -> Sample	S001 FLT:FltsF_41*-	
Miroslav Vitous	Woodwind & Brass Ensembles	F00 Wood Winds -> B02 Flutes Links -> Sample	S002 FLT:FltsC#51*-	
Miroslav Vitous	Woodwind & Brass Ensembles	F00 Wood Winds -> B02 Flutes Links -> Sample	S003 FLT:FltsG#51*-	
Miroslav Vitous	Woodwind & Brass Ensembles	F00 Wood Winds -> B02 Flutes Links -> Sample	S004 FLT:FltsE_61*-	
Miroslav Vitous	Woodwind & Brass Ensembles	F00 Wood Winds -> B02 Flutes Links -> Sample	S005 FLT:FltsC#4 3-	
Miroslav Vitous	Woodwind & Brass Ensembles	F00 Wood Winds -> B02 Flutes Links -> Sample	S006 FLT:FltsE_4 3-	
Miroslav Vitous	Woodwind & Brass Ensembles	F00 Wood Winds -> B02 Flutes Links -> Sample	S007 FLT:FltsG_4 3-	
Miroslav Vitous	Woodwind & Brass Ensembles	F00 Wood Winds -> B02 Flutes Links -> Sample	S008 FLT:FltsB_4 3-	
Miroslav Vitous	Woodwind & Brass Ensembles	F00 Wood Winds -> B02 Flutes Links -> Sample	S009 FLT:FltsD_5 3-	
Miroslav Vitous	Woodwind & Brass Ensembles	F00 Wood Winds -> B02 Flutes Links -> Sample	S010 FLT:FltsF_5 3-	
Miroslav Vitous	Woodwind & Brass Ensembles	F00 Wood Winds -> B02 Flutes Links -> Sample	S011 FLT:FltsG#5 3-	
Miroslav Vitous	Woodwind & Brass Ensembles	F00 Wood Winds -> B02 Flutes Links -> Sample	S012 FLT:FltsA#5 3-	
Miroslav Vitous	Woodwind & Brass Ensembles	F00 Wood Winds -> B02 Flutes Links -> Sample	S013 FLT:FltsC_6 3-	
Miroslav Vitous	Woodwind & Brass Ensembles	F00 Wood Winds -> B02 Flutes Links -> Sample	S014 FLT:FltsE_6 3-	
Miroslav Vitous	Woodwind & Brass Ensembles	F00 Wood Winds -> B02 Flutes Links -> Sample	S015 FLT:FltsC#4St-	
Miroslav Vitous	Woodwind & Brass Ensembles	F00 Wood Winds -> B02 Flutes Links -> Sample	S016 FLT:FltsD_4St-	
Miroslav Vitous	Woodwind & Brass Ensembles	F00 Wood Winds -> B02 Flutes Links -> Sample	S017 FLT:FltsF#4St-	
Miroslav Vitous	Woodwind & Brass Ensembles	F00 Wood Winds -> B02 Flutes Links -> Sample	S018 FLT:FltsG#4St-	
Miroslav Vitous	Woodwind & Brass Ensembles	F00 Wood Winds -> B02 Flutes Links -> Sample	S019 FLT:FltsB_4St-	
Miroslav Vitous	Woodwind & Brass Ensembles	F00 Wood Winds -> B02 Flutes Links -> Sample	S020 FLT:FltsD#5St-	
Miroslav Vitous	Woodwind & Brass Ensembles	F00 Wood Winds -> B02 Flutes Links -> Sample	S021 FLT:FltsF_5St-	
Miroslav Vitous	Woodwind & Brass Ensembles	F00 Wood Winds -> B02 Flutes Links -> Sample	S022 FLT:FltsG_5St-	
Miroslav Vitous	Woodwind & Brass Ensembles	F00 Wood Winds -> B02 Flutes Links -> Sample	S023 FLT:FltsA#5St-	
Miroslav Vitous	Woodwind & Brass Ensembles	F00 Wood Winds -> B02 Flutes Links -> Sample	S024 FLT:FltsB_5St-	
Miroslav Vitous	Woodwind & Brass Ensembles	F00 Wood Winds -> B02 Flutes Links -> Sample	S025 FLT:FltsC_6St-	
Miroslav Vitous	Woodwind & Brass Ensembles	F00 Wood Winds -> B02 Flutes Links -> Sample	S026 FLT:FltsE_6St-	
Miroslav Vitous	Woodwind & Brass Ensembles	F00 Wood Winds -> B02 Flutes Links -> Sample	S027 FLT:FltsF_6St-	
Miroslav Vitous	Woodwind & Brass Ensembles	F00 Wood Winds -> B02 Flutes Links -> Sample	S028 FLT:FltsF#6St-	
Miroslav Vitous	Woodwind & Brass Ensembles	F00 Wood Winds -> B02 Flutes Links -> Sample	S029 FLT:FltsG#6St-	
Miroslav Vitous	Woodwind & Brass Ensembles	F00 Wood Winds -> B03 Clarinets -> Preset	P000 Clars *	
Miroslav Vitous	Woodwind & Brass Ensembles	F00 Wood Winds -> B03 Clarinets -> Preset	P001 Clars 1	
Miroslav Vitous	Woodwind & Brass Ensembles	F00 Wood Winds -> B03 Clarinets -> Preset	P002 Clars 2	
Miroslav Vitous	Woodwind & Brass Ensembles	F00 Wood Winds -> B03 Clarinets -> Preset	P003 Clars Port	
Miroslav Vitous	Woodwind & Brass Ensembles	F00 Wood Winds -> B03 Clarinets -> Preset	P004 Clars Stac1	
Miroslav Vitous	Woodwind & Brass Ensembles	F00 Wood Winds -> B03 Clarinets -> Preset	P005 Clars Stac2	
Miroslav Vitous	Woodwind & Brass Ensembles	F00 Wood Winds -> B03 Clarinets -> Preset	P006 %Cls LN/Port	
Miroslav Vitous	Woodwind & Brass Ensembles	F00 Wood Winds -> B03 Clarinets -> Preset	P007 %Cls Port/Stac	
Miroslav Vitous	Woodwind & Brass Ensembles	F00 Wood Winds -> B03 Clarinets -> Preset	P008 %Cls LN/PO/Stac1	
Miroslav Vitous	Woodwind & Brass Ensembles	F00 Wood Winds -> B03 Clarinets -> Sample	S000 WND:ClrsG_31*-	
Miroslav Vitous	Woodwind & Brass Ensembles	F00 Wood Winds -> B03 Clarinets -> Sample	S001 WND:ClrsC_41*-	
Miroslav Vitous	Woodwind & Brass Ensembles	F00 Wood Winds -> B03 Clarinets -> Sample	S002 WND:ClrsE_41*-	
Miroslav Vitous	Woodwind & Brass Ensembles	F00 Wood Winds -> B03 Clarinets -> Sample	S003 WND:ClrsA_41*-	
Miroslav Vitous	Woodwind & Brass Ensembles	F00 Wood Winds -> B03 Clarinets -> Sample	S004 WND:ClrsD_51*-	
Miroslav Vitous	Woodwind & Brass Ensembles	F00 Wood Winds -> B03 Clarinets -> Sample	S005 WND:ClrsG_51*-	
Miroslav Vitous	Woodwind & Brass Ensembles	F00 Wood Winds -> B03 Clarinets -> Sample	S006 WND:ClrsB_51*-	
Miroslav Vitous	Woodwind & Brass Ensembles	F00 Wood Winds -> B03 Clarinets -> Sample	S007 WND:ClrsG_3 2-	
Miroslav Vitous	Woodwind & Brass Ensembles	F00 Wood Winds -> B03 Clarinets -> Sample	S008 WND:ClrsC_4 2-	
Miroslav Vitous	Woodwind & Brass Ensembles	F00 Wood Winds -> B03 Clarinets -> Sample	S009 WND:ClrsE_4 2-	
Miroslav Vitous	Woodwind & Brass Ensembles	F00 Wood Winds -> B03 Clarinets -> Sample	S010 WND:ClrsA_4 2-	
Miroslav Vitous	Woodwind & Brass Ensembles	F00 Wood Winds -> B03 Clarinets -> Sample	S011 WND:ClrsD_5 2-	
Miroslav Vitous	Woodwind & Brass Ensembles	F00 Wood Winds -> B03 Clarinets -> Sample	S012 WND:ClrsG_5 2-	
Miroslav Vitous	Woodwind & Brass Ensembles	F00 Wood Winds -> B03 Clarinets -> Sample	S013 WND:ClrsB_5 2-	
Miroslav Vitous	Woodwind & Brass Ensembles	F00 Wood Winds -> B03 Clarinets -> Sample	S014 WND:ClrsD_3 2-	
Miroslav Vitous	Woodwind & Brass Ensembles	F00 Wood Winds -> B03 Clarinets -> Sample	S015 WND:ClrsF_3 2-	
Miroslav Vitous	Woodwind & Brass Ensembles	F00 Wood Winds -> B03 Clarinets -> Sample	S016 WND:ClrsC#4 2-	
Miroslav Vitous	Woodwind & Brass Ensembles	F00 Wood Winds -> B03 Clarinets -> Sample	S017 WND:ClrsD#4 2-	
Miroslav Vitous	Woodwind & Brass Ensembles	F00 Wood Winds -> B03 Clarinets -> Sample	S018 WND:ClrsE_5 2-	
Miroslav Vitous	Woodwind & Brass Ensembles	F00 Wood Winds -> B03 Clarinets -> Sample	S019 WND:ClrsC_6 2-	
Miroslav Vitous	Woodwind & Brass Ensembles	F00 Wood Winds -> B03 Clarinets -> Sample	S020 WND:ClrsD#3Pr-	
Miroslav Vitous	Woodwind & Brass Ensembles	F00 Wood Winds -> B03 Clarinets -> Sample	S021 WND:ClrsE_3Pr-	
Miroslav Vitous	Woodwind & Brass Ensembles	F00 Wood Winds -> B03 Clarinets -> Sample	S022 WND:ClrsG_3Pr-	
Miroslav Vitous	Woodwind & Brass Ensembles	F00 Wood Winds -> B03 Clarinets -> Sample	S023 WND:ClrsB_3Pr-	
Miroslav Vitous	Woodwind & Brass Ensembles	F00 Wood Winds -> B03 Clarinets -> Sample	S024 WND:ClrsD#4Pr-	
Miroslav Vitous	Woodwind & Brass Ensembles	F00 Wood Winds -> B03 Clarinets -> Sample	S025 WND:ClrsF_4Pr-	
Miroslav Vitous	Woodwind & Brass Ensembles	F00 Wood Winds -> B03 Clarinets -> Sample	S026 WND:ClrsA_4Pr-	
Miroslav Vitous	Woodwind & Brass Ensembles	F00 Wood Winds -> B03 Clarinets -> Sample	S027 WND:ClrsE_5Pr-	
Miroslav Vitous	Woodwind & Brass Ensembles	F00 Wood Winds -> B03 Clarinets -> Sample	S028 WND:ClrsF#5Pr-	
Miroslav Vitous	Woodwind & Brass Ensembles	F00 Wood Winds -> B03 Clarinets -> Sample	S029 WND:ClrsG_5Pr-	
Miroslav Vitous	Woodwind & Brass Ensembles	F00 Wood Winds -> B03 Clarinets -> Sample	S030 WND:ClrsE_3St-	
Miroslav Vitous	Woodwind & Brass Ensembles	F00 Wood Winds -> B03 Clarinets -> Sample	S031 WND:ClrsF_3St-	
Miroslav Vitous	Woodwind & Brass Ensembles	F00 Wood Winds -> B03 Clarinets -> Sample	S032 WND:ClrsG#3St-	
Miroslav Vitous	Woodwind & Brass Ensembles	F00 Wood Winds -> B03 Clarinets -> Sample	S033 WND:ClrsA_3St-	
Miroslav Vitous	Woodwind & Brass Ensembles	F00 Wood Winds -> B03 Clarinets -> Sample	S034 WND:ClrsB_3St-	
Miroslav Vitous	Woodwind & Brass Ensembles	F00 Wood Winds -> B03 Clarinets -> Sample	S035 WND:ClrsD#4St-	
Miroslav Vitous	Woodwind & Brass Ensembles	F00 Wood Winds -> B03 Clarinets -> Sample	S036 WND:ClrsE_4St-	
Miroslav Vitous	Woodwind & Brass Ensembles	F00 Wood Winds -> B03 Clarinets -> Sample	S037 WND:ClrsF_4St-	
Miroslav Vitous	Woodwind & Brass Ensembles	F00 Wood Winds -> B03 Clarinets -> Sample	S038 WND:ClrsA#4St-	
Miroslav Vitous	Woodwind & Brass Ensembles	F00 Wood Winds -> B03 Clarinets -> Sample	S039 WND:ClrsE_5St-	
Miroslav Vitous	Woodwind & Brass Ensembles	F00 Wood Winds -> B03 Clarinets -> Sample	S040 WND:ClrsF_5St-	
Miroslav Vitous	Woodwind & Brass Ensembles	F00 Wood Winds -> B03 Clarinets -> Sample	S041 WND:ClrsG_5St-	
Miroslav Vitous	Woodwind & Brass Ensembles	F00 Wood Winds -> B03 Clarinets -> Sample	S042 WND:ClrsB_5St-	
Miroslav Vitous	Woodwind & Brass Ensembles	F00 Wood Winds -> B03 Clarinets -> Sample	S043 WND:ClrsC_6St-	
Miroslav Vitous	Woodwind & Brass Ensembles	F00 Wood Winds -> B03 Clarinets -> Sample	S044 WND:ClrsD#3SC-	
Miroslav Vitous	Woodwind & Brass Ensembles	F00 Wood Winds -> B03 Clarinets -> Sample	S045 WND:ClrsF_3SC-	
Miroslav Vitous	Woodwind & Brass Ensembles	F00 Wood Winds -> B03 Clarinets -> Sample	S046 WND:ClrsG_3SC-	
Miroslav Vitous	Woodwind & Brass Ensembles	F00 Wood Winds -> B03 Clarinets -> Sample	S047 WND:ClrsB_3SC-	
Miroslav Vitous	Woodwind & Brass Ensembles	F00 Wood Winds -> B03 Clarinets -> Sample	S048 WND:ClrsD_4SC-	
Miroslav Vitous	Woodwind & Brass Ensembles	F00 Wood Winds -> B03 Clarinets -> Sample	S049 WND:ClrsG_4SC-	
Miroslav Vitous	Woodwind & Brass Ensembles	F00 Wood Winds -> B03 Clarinets -> Sample	S050 WND:ClrsA_4SC-	
Miroslav Vitous	Woodwind & Brass Ensembles	F00 Wood Winds -> B03 Clarinets -> Sample	S051 WND:ClrsB_4SC-	
Miroslav Vitous	Woodwind & Brass Ensembles	F00 Wood Winds -> B03 Clarinets -> Sample	S052 WND:ClrsC_5SC-	
Miroslav Vitous	Woodwind & Brass Ensembles	F00 Wood Winds -> B03 Clarinets -> Sample	S053 WND:ClrsE_5SC-	
Miroslav Vitous	Woodwind & Brass Ensembles	F00 Wood Winds -> B03 Clarinets -> Sample	S054 WND:ClrsA#5SC-	
Miroslav Vitous	Woodwind & Brass Ensembles	F00 Wood Winds -> B03 Clarinets -> Sample	S055 WND:ClrsB_5SC-	
Miroslav Vitous	Woodwind & Brass Ensembles	F00 Wood Winds -> B04 Oboes Links -> Preset	P000 %Oboes LN/Port	
Miroslav Vitous	Woodwind & Brass Ensembles	F00 Wood Winds -> B04 Oboes Links -> Preset	P001 %Oboes/Port/Stac	
Miroslav Vitous	Woodwind & Brass Ensembles	F00 Wood Winds -> B04 Oboes Links -> Preset	P002 %Oboes LN/Por/St	
Miroslav Vitous	Woodwind & Brass Ensembles	F00 Wood Winds -> B04 Oboes Links -> Preset	P003 Untitled Preset	
Miroslav Vitous	Woodwind & Brass Ensembles	F00 Wood Winds -> B04 Oboes Links -> Preset	P004 Untitled Preset	
Miroslav Vitous	Woodwind & Brass Ensembles	F00 Wood Winds -> B04 Oboes Links -> Preset	P005 Untitled Preset	
Miroslav Vitous	Woodwind & Brass Ensembles	F00 Wood Winds -> B04 Oboes Links -> Preset	P006 Untitled Preset	
Miroslav Vitous	Woodwind & Brass Ensembles	F00 Wood Winds -> B04 Oboes Links -> Preset	P007 Untitled Preset	
Miroslav Vitous	Woodwind & Brass Ensembles	F00 Wood Winds -> B04 Oboes Links -> Preset	P008 Untitled Preset	
Miroslav Vitous	Woodwind & Brass Ensembles	F00 Wood Winds -> B04 Oboes Links -> Preset	P009 Untitled Preset	
Miroslav Vitous	Woodwind & Brass Ensembles	F00 Wood Winds -> B04 Oboes Links -> Preset	P010 Untitled Preset	
Miroslav Vitous	Woodwind & Brass Ensembles	F00 Wood Winds -> B04 Oboes Links -> Preset	P011 Oboes *	
Miroslav Vitous	Woodwind & Brass Ensembles	F00 Wood Winds -> B04 Oboes Links -> Preset	P012 Oboes Port	
Miroslav Vitous	Woodwind & Brass Ensembles	F00 Wood Winds -> B04 Oboes Links -> Preset	P013 Oboes Stacc	
Miroslav Vitous	Woodwind & Brass Ensembles	F00 Wood Winds -> B04 Oboes Links -> Sample	S000 OboesC#41-	
Miroslav Vitous	Woodwind & Brass Ensembles	F00 Wood Winds -> B04 Oboes Links -> Sample	S001 OboesF#41-	
Miroslav Vitous	Woodwind & Brass Ensembles	F00 Wood Winds -> B04 Oboes Links -> Sample	S002 OboesG#41-	
Miroslav Vitous	Woodwind & Brass Ensembles	F00 Wood Winds -> B04 Oboes Links -> Sample	S003 OboesB_41-	
Miroslav Vitous	Woodwind & Brass Ensembles	F00 Wood Winds -> B04 Oboes Links -> Sample	S004 OboesC#51-	
Miroslav Vitous	Woodwind & Brass Ensembles	F00 Wood Winds -> B04 Oboes Links -> Sample	S005 OboesF_51-	
Miroslav Vitous	Woodwind & Brass Ensembles	F00 Wood Winds -> B04 Oboes Links -> Sample	S006 OboesB_51-	
Miroslav Vitous	Woodwind & Brass Ensembles	F00 Wood Winds -> B04 Oboes Links -> Sample	S007 OboesC_61-	
Miroslav Vitous	Woodwind & Brass Ensembles	F00 Wood Winds -> B04 Oboes Links -> Sample	S008 OboesC#42-	
Miroslav Vitous	Woodwind & Brass Ensembles	F00 Wood Winds -> B04 Oboes Links -> Sample	S009 OboesF#42-	
Miroslav Vitous	Woodwind & Brass Ensembles	F00 Wood Winds -> B04 Oboes Links -> Sample	S010 OboesG#42-	
Miroslav Vitous	Woodwind & Brass Ensembles	F00 Wood Winds -> B04 Oboes Links -> Sample	S011 OboesB_42-	
Miroslav Vitous	Woodwind & Brass Ensembles	F00 Wood Winds -> B04 Oboes Links -> Sample	S012 OboesC#52-	
Miroslav Vitous	Woodwind & Brass Ensembles	F00 Wood Winds -> B04 Oboes Links -> Sample	S013 OboesF_52-	
Miroslav Vitous	Woodwind & Brass Ensembles	F00 Wood Winds -> B04 Oboes Links -> Sample	S014 OboesB_52-	
Miroslav Vitous	Woodwind & Brass Ensembles	F00 Wood Winds -> B04 Oboes Links -> Sample	S015 OboesC_62-	
Miroslav Vitous	Woodwind & Brass Ensembles	F00 Wood Winds -> B04 Oboes Links -> Sample	S016 OboesD_43-	
Miroslav Vitous	Woodwind & Brass Ensembles	F00 Wood Winds -> B04 Oboes Links -> Sample	S017 OboesD#43-	
Miroslav Vitous	Woodwind & Brass Ensembles	F00 Wood Winds -> B04 Oboes Links -> Sample	S018 OboesF#43-	
Miroslav Vitous	Woodwind & Brass Ensembles	F00 Wood Winds -> B04 Oboes Links -> Sample	S019 OboesA_43-	
Miroslav Vitous	Woodwind & Brass Ensembles	F00 Wood Winds -> B04 Oboes Links -> Sample	S020 OboesA#43-	
Miroslav Vitous	Woodwind & Brass Ensembles	F00 Wood Winds -> B04 Oboes Links -> Sample	S021 OboesD_53-	
Miroslav Vitous	Woodwind & Brass Ensembles	F00 Wood Winds -> B04 Oboes Links -> Sample	S022 OboesD#53-	
Miroslav Vitous	Woodwind & Brass Ensembles	F00 Wood Winds -> B04 Oboes Links -> Sample	S023 OboesF_53-	
Miroslav Vitous	Woodwind & Brass Ensembles	F00 Wood Winds -> B04 Oboes Links -> Sample	S024 OboesF#53-	
Miroslav Vitous	Woodwind & Brass Ensembles	F00 Wood Winds -> B04 Oboes Links -> Sample	S025 OboesG_53-	
Miroslav Vitous	Woodwind & Brass Ensembles	F00 Wood Winds -> B04 Oboes Links -> Sample	S026 OboesB_53-	
Miroslav Vitous	Woodwind & Brass Ensembles	F00 Wood Winds -> B04 Oboes Links -> Sample	S027 OboesC_63-	
Miroslav Vitous	Woodwind & Brass Ensembles	F00 Wood Winds -> B04 Oboes Links -> Sample	S028 OboesC_4Stc-	
Miroslav Vitous	Woodwind & Brass Ensembles	F00 Wood Winds -> B04 Oboes Links -> Sample	S029 ObsD_4Stc-	
Miroslav Vitous	Woodwind & Brass Ensembles	F00 Wood Winds -> B04 Oboes Links -> Sample	S030 ObsF#4Stc-	
Miroslav Vitous	Woodwind & Brass Ensembles	F00 Wood Winds -> B04 Oboes Links -> Sample	S031 ObsG#4Stc-	
Miroslav Vitous	Woodwind & Brass Ensembles	F00 Wood Winds -> B04 Oboes Links -> Sample	S032 ObsA#4Stc-	
Miroslav Vitous	Woodwind & Brass Ensembles	F00 Wood Winds -> B04 Oboes Links -> Sample	S033 ObsD#5Stc-	
Miroslav Vitous	Woodwind & Brass Ensembles	F00 Wood Winds -> B04 Oboes Links -> Sample	S034 ObsF_5Stc-	
Miroslav Vitous	Woodwind & Brass Ensembles	F00 Wood Winds -> B04 Oboes Links -> Sample	S035 ObsA_5Stc-	
Miroslav Vitous	Woodwind & Brass Ensembles	F00 Wood Winds -> B04 Oboes Links -> Sample	S036 ObsC_6Stc-	
Miroslav Vitous	Woodwind & Brass Ensembles	F00 Wood Winds -> B04 Oboes Links -> Sample	S037 ObsE_6Stc-	
Miroslav Vitous	Woodwind & Brass Ensembles	F00 Wood Winds -> B05 Bassoons -> Preset	P000 BNS *	
Miroslav Vitous	Woodwind & Brass Ensembles	F00 Wood Winds -> B05 Bassoons -> Preset	P001 BNS	
Miroslav Vitous	Woodwind & Brass Ensembles	F00 Wood Winds -> B05 Bassoons -> Preset	P002 BNS Lite	
Miroslav Vitous	Woodwind & Brass Ensembles	F00 Wood Winds -> B05 Bassoons -> Preset	P003 BNS Port	
Miroslav Vitous	Woodwind & Brass Ensembles	F00 Wood Winds -> B05 Bassoons -> Preset	P004 BNS Stacc	
Miroslav Vitous	Woodwind & Brass Ensembles	F00 Wood Winds -> B05 Bassoons -> Preset	P005 %BNS LN/Porta	
Miroslav Vitous	Woodwind & Brass Ensembles	F00 Wood Winds -> B05 Bassoons -> Preset	P006 %BNS Porta/Stacc	
Miroslav Vitous	Woodwind & Brass Ensembles	F00 Wood Winds -> B05 Bassoons -> Preset	P007 %BNS LN/Po/Stac	
Miroslav Vitous	Woodwind & Brass Ensembles	F00 Wood Winds -> B05 Bassoons -> Sample	S000 Bns D#21*-	
Miroslav Vitous	Woodwind & Brass Ensembles	F00 Wood Winds -> B05 Bassoons -> Sample	S001 Bns G_21*-	
Miroslav Vitous	Woodwind & Brass Ensembles	F00 Wood Winds -> B05 Bassoons -> Sample	S002 Bns B_21*-	
Miroslav Vitous	Woodwind & Brass Ensembles	F00 Wood Winds -> B05 Bassoons -> Sample	S003 Bns G_31*-	
Miroslav Vitous	Woodwind & Brass Ensembles	F00 Wood Winds -> B05 Bassoons -> Sample	S004 Bns C#41*-	
Miroslav Vitous	Woodwind & Brass Ensembles	F00 Wood Winds -> B05 Bassoons -> Sample	S005 Bns F#41*-	
Miroslav Vitous	Woodwind & Brass Ensembles	F00 Wood Winds -> B05 Bassoons -> Sample	S006 Bns D_51*-	
Miroslav Vitous	Woodwind & Brass Ensembles	F00 Wood Winds -> B05 Bassoons -> Sample	S007 Bns A#1 1-	
Miroslav Vitous	Woodwind & Brass Ensembles	F00 Wood Winds -> B05 Bassoons -> Sample	S008 Bns C#2 1-	
Miroslav Vitous	Woodwind & Brass Ensembles	F00 Wood Winds -> B05 Bassoons -> Sample	S009 Bns F_2 1-	
Miroslav Vitous	Woodwind & Brass Ensembles	F00 Wood Winds -> B05 Bassoons -> Sample	S010 Bns G#2 1-	
Miroslav Vitous	Woodwind & Brass Ensembles	F00 Wood Winds -> B05 Bassoons -> Sample	S011 Bns A#2 1-	
Miroslav Vitous	Woodwind & Brass Ensembles	F00 Wood Winds -> B05 Bassoons -> Sample	S012 Bns C_3 1-	
Miroslav Vitous	Woodwind & Brass Ensembles	F00 Wood Winds -> B05 Bassoons -> Sample	S013 Bns F_3 1-	
Miroslav Vitous	Woodwind & Brass Ensembles	F00 Wood Winds -> B05 Bassoons -> Sample	S014 Bns G_3 1-	
Miroslav Vitous	Woodwind & Brass Ensembles	F00 Wood Winds -> B05 Bassoons -> Sample	S015 Bns C_4 1-	
Miroslav Vitous	Woodwind & Brass Ensembles	F00 Wood Winds -> B05 Bassoons -> Sample	S016 Bns C#4 1-	
Miroslav Vitous	Woodwind & Brass Ensembles	F00 Wood Winds -> B05 Bassoons -> Sample	S017 Bns F#4 1-	
Miroslav Vitous	Woodwind & Brass Ensembles	F00 Wood Winds -> B05 Bassoons -> Sample	S018 Bns A#4 1-	
Miroslav Vitous	Woodwind & Brass Ensembles	F00 Wood Winds -> B05 Bassoons -> Sample	S019 Bns D_5 1-	
Miroslav Vitous	Woodwind & Brass Ensembles	F00 Wood Winds -> B05 Bassoons -> Sample	S020 Bns D#2 1-	
Miroslav Vitous	Woodwind & Brass Ensembles	F00 Wood Winds -> B05 Bassoons -> Sample	S021 Bns G_2 1-	
Miroslav Vitous	Woodwind & Brass Ensembles	F00 Wood Winds -> B05 Bassoons -> Sample	S022 Bns B_2 1-	
Miroslav Vitous	Woodwind & Brass Ensembles	F00 Wood Winds -> B05 Bassoons -> Sample	S023 Bns A#1 3-	
Miroslav Vitous	Woodwind & Brass Ensembles	F00 Wood Winds -> B05 Bassoons -> Sample	S024 Bns C_2 3-	
Miroslav Vitous	Woodwind & Brass Ensembles	F00 Wood Winds -> B05 Bassoons -> Sample	S025 Bns C#2 3-	
Miroslav Vitous	Woodwind & Brass Ensembles	F00 Wood Winds -> B05 Bassoons -> Sample	S026 Bns E_2 3-	
Miroslav Vitous	Woodwind & Brass Ensembles	F00 Wood Winds -> B05 Bassoons -> Sample	S027 Bns F#2 3-	
Miroslav Vitous	Woodwind & Brass Ensembles	F00 Wood Winds -> B05 Bassoons -> Sample	S028 Bns A_2 3-	
Miroslav Vitous	Woodwind & Brass Ensembles	F00 Wood Winds -> B05 Bassoons -> Sample	S029 Bns C_3 3-	
Miroslav Vitous	Woodwind & Brass Ensembles	F00 Wood Winds -> B05 Bassoons -> Sample	S030 Bns D_3 3-	
Miroslav Vitous	Woodwind & Brass Ensembles	F00 Wood Winds -> B05 Bassoons -> Sample	S031 Bns E_3 3-	
Miroslav Vitous	Woodwind & Brass Ensembles	F00 Wood Winds -> B05 Bassoons -> Sample	S032 Bns G#3 3-	
Miroslav Vitous	Woodwind & Brass Ensembles	F00 Wood Winds -> B05 Bassoons -> Sample	S033 Bns A_3 3-	
Miroslav Vitous	Woodwind & Brass Ensembles	F00 Wood Winds -> B05 Bassoons -> Sample	S034 Bns C_4 3-	
Miroslav Vitous	Woodwind & Brass Ensembles	F00 Wood Winds -> B05 Bassoons -> Sample	S035 Bns E_4 3-	
Miroslav Vitous	Woodwind & Brass Ensembles	F00 Wood Winds -> B05 Bassoons -> Sample	S036 Bns G_4 3-	
Miroslav Vitous	Woodwind & Brass Ensembles	F00 Wood Winds -> B05 Bassoons -> Sample	S037 Bns B_4 3-	
Miroslav Vitous	Woodwind & Brass Ensembles	F00 Wood Winds -> B05 Bassoons -> Sample	S038 Bns A#1Sc-	
Miroslav Vitous	Woodwind & Brass Ensembles	F00 Wood Winds -> B05 Bassoons -> Sample	S039 Bns C#2Sc-	
Miroslav Vitous	Woodwind & Brass Ensembles	F00 Wood Winds -> B05 Bassoons -> Sample	S040 Bns D#2Sc-	
Miroslav Vitous	Woodwind & Brass Ensembles	F00 Wood Winds -> B05 Bassoons -> Sample	S041 Bns G_2Sc-	
Miroslav Vitous	Woodwind & Brass Ensembles	F00 Wood Winds -> B05 Bassoons -> Sample	S042 Bns G#2Sc-	
Miroslav Vitous	Woodwind & Brass Ensembles	F00 Wood Winds -> B05 Bassoons -> Sample	S043 Bns C_3Sc-	
Miroslav Vitous	Woodwind & Brass Ensembles	F00 Wood Winds -> B05 Bassoons -> Sample	S044 Bns D_3Sc-	
Miroslav Vitous	Woodwind & Brass Ensembles	F00 Wood Winds -> B05 Bassoons -> Sample	S045 Bns G_3Sc-	
Miroslav Vitous	Woodwind & Brass Ensembles	F00 Wood Winds -> B05 Bassoons -> Sample	S046 Bns G#3Sc-	
Miroslav Vitous	Woodwind & Brass Ensembles	F00 Wood Winds -> B05 Bassoons -> Sample	S047 Bns B_3Sc-	
Miroslav Vitous	Woodwind & Brass Ensembles	F00 Wood Winds -> B05 Bassoons -> Sample	S048 Bns C#4Sc-	
Miroslav Vitous	Woodwind & Brass Ensembles	F00 Wood Winds -> B05 Bassoons -> Sample	S049 Bns E_4Sc-	
Miroslav Vitous	Woodwind & Brass Ensembles	F00 Wood Winds -> B05 Bassoons -> Sample	S050 Bns G_4Sc-	
Miroslav Vitous	Woodwind & Brass Ensembles	F00 Wood Winds -> B05 Bassoons -> Sample	S051 Bns A_4Sc-	
Miroslav Vitous	Woodwind & Brass Ensembles	F00 Wood Winds -> B06 Clarinets Links -> Preset	P000 %Cls LN/Port	
Miroslav Vitous	Woodwind & Brass Ensembles	F00 Wood Winds -> B06 Clarinets Links -> Preset	P001 %Cls Porta/Stacc	
Miroslav Vitous	Woodwind & Brass Ensembles	F00 Wood Winds -> B06 Clarinets Links -> Preset	P002 %Cls LN/PO/Stac1	
Miroslav Vitous	Woodwind & Brass Ensembles	F00 Wood Winds -> B06 Clarinets Links -> Preset	P003 Untitled Preset	
Miroslav Vitous	Woodwind & Brass Ensembles	F00 Wood Winds -> B06 Clarinets Links -> Preset	P004 Untitled Preset	
Miroslav Vitous	Woodwind & Brass Ensembles	F00 Wood Winds -> B06 Clarinets Links -> Preset	P005 Untitled Preset	
Miroslav Vitous	Woodwind & Brass Ensembles	F00 Wood Winds -> B06 Clarinets Links -> Preset	P006 Untitled Preset	
Miroslav Vitous	Woodwind & Brass Ensembles	F00 Wood Winds -> B06 Clarinets Links -> Preset	P007 Untitled Preset	
Miroslav Vitous	Woodwind & Brass Ensembles	F00 Wood Winds -> B06 Clarinets Links -> Preset	P008 Untitled Preset	
Miroslav Vitous	Woodwind & Brass Ensembles	F00 Wood Winds -> B06 Clarinets Links -> Preset	P009 Untitled Preset	
Miroslav Vitous	Woodwind & Brass Ensembles	F00 Wood Winds -> B06 Clarinets Links -> Preset	P010 Untitled Preset	
Miroslav Vitous	Woodwind & Brass Ensembles	F00 Wood Winds -> B06 Clarinets Links -> Preset	P011 Clars *	
Miroslav Vitous	Woodwind & Brass Ensembles	F00 Wood Winds -> B06 Clarinets Links -> Preset	P012 Clars Port	
Miroslav Vitous	Woodwind & Brass Ensembles	F00 Wood Winds -> B06 Clarinets Links -> Preset	P013 Clars Stac1	
Miroslav Vitous	Woodwind & Brass Ensembles	F00 Wood Winds -> B06 Clarinets Links -> Sample	S000 WND:ClrsG_31*-	
Miroslav Vitous	Woodwind & Brass Ensembles	F00 Wood Winds -> B06 Clarinets Links -> Sample	S001 WND:ClrsC_41*-	
Miroslav Vitous	Woodwind & Brass Ensembles	F00 Wood Winds -> B06 Clarinets Links -> Sample	S002 WND:ClrsE_41*-	
Miroslav Vitous	Woodwind & Brass Ensembles	F00 Wood Winds -> B06 Clarinets Links -> Sample	S003 WND:ClrsA_41*-	
Miroslav Vitous	Woodwind & Brass Ensembles	F00 Wood Winds -> B06 Clarinets Links -> Sample	S004 WND:ClrsD_51*-	
Miroslav Vitous	Woodwind & Brass Ensembles	F00 Wood Winds -> B06 Clarinets Links -> Sample	S005 WND:ClrsG_51*-	
Miroslav Vitous	Woodwind & Brass Ensembles	F00 Wood Winds -> B06 Clarinets Links -> Sample	S006 WND:ClrsB_51*-	
Miroslav Vitous	Woodwind & Brass Ensembles	F00 Wood Winds -> B06 Clarinets Links -> Sample	S007 WND:ClrsG_3 2-	
Miroslav Vitous	Woodwind & Brass Ensembles	F00 Wood Winds -> B06 Clarinets Links -> Sample	S008 WND:ClrsC_4 2-	
Miroslav Vitous	Woodwind & Brass Ensembles	F00 Wood Winds -> B06 Clarinets Links -> Sample	S009 WND:ClrsE_4 2-	
Miroslav Vitous	Woodwind & Brass Ensembles	F00 Wood Winds -> B06 Clarinets Links -> Sample	S010 WND:ClrsA_4 2-	
Miroslav Vitous	Woodwind & Brass Ensembles	F00 Wood Winds -> B06 Clarinets Links -> Sample	S011 WND:ClrsD_5 2-	
Miroslav Vitous	Woodwind & Brass Ensembles	F00 Wood Winds -> B06 Clarinets Links -> Sample	S012 WND:ClrsG_5 2-	
Miroslav Vitous	Woodwind & Brass Ensembles	F00 Wood Winds -> B06 Clarinets Links -> Sample	S013 WND:ClrsB_5 2-	
Miroslav Vitous	Woodwind & Brass Ensembles	F00 Wood Winds -> B06 Clarinets Links -> Sample	S014 WND:ClrsD#3Pr-	
Miroslav Vitous	Woodwind & Brass Ensembles	F00 Wood Winds -> B06 Clarinets Links -> Sample	S015 WND:ClrsE_3Pr-	
Miroslav Vitous	Woodwind & Brass Ensembles	F00 Wood Winds -> B06 Clarinets Links -> Sample	S016 WND:ClrsG_3Pr-	
Miroslav Vitous	Woodwind & Brass Ensembles	F00 Wood Winds -> B06 Clarinets Links -> Sample	S017 WND:ClrsB_3Pr-	
Miroslav Vitous	Woodwind & Brass Ensembles	F00 Wood Winds -> B06 Clarinets Links -> Sample	S018 WND:ClrsD#4Pr-	
Miroslav Vitous	Woodwind & Brass Ensembles	F00 Wood Winds -> B06 Clarinets Links -> Sample	S019 WND:ClrsF_4Pr-	
Miroslav Vitous	Woodwind & Brass Ensembles	F00 Wood Winds -> B06 Clarinets Links -> Sample	S020 WND:ClrsA_4Pr-	
Miroslav Vitous	Woodwind & Brass Ensembles	F00 Wood Winds -> B06 Clarinets Links -> Sample	S021 WND:ClrsE_5Pr-	
Miroslav Vitous	Woodwind & Brass Ensembles	F00 Wood Winds -> B06 Clarinets Links -> Sample	S022 WND:ClrsF#5Pr-	
Miroslav Vitous	Woodwind & Brass Ensembles	F00 Wood Winds -> B06 Clarinets Links -> Sample	S023 WND:ClrsG_5Pr-	
Miroslav Vitous	Woodwind & Brass Ensembles	F00 Wood Winds -> B06 Clarinets Links -> Sample	S024 WND:ClrsE_3St-	
Miroslav Vitous	Woodwind & Brass Ensembles	F00 Wood Winds -> B06 Clarinets Links -> Sample	S025 WND:ClrsF_3St-	
Miroslav Vitous	Woodwind & Brass Ensembles	F00 Wood Winds -> B06 Clarinets Links -> Sample	S026 WND:ClrsG#3St-	
Miroslav Vitous	Woodwind & Brass Ensembles	F00 Wood Winds -> B06 Clarinets Links -> Sample	S027 WND:ClrsA_3St-	
Miroslav Vitous	Woodwind & Brass Ensembles	F00 Wood Winds -> B06 Clarinets Links -> Sample	S028 WND:ClrsB_3St-	
Miroslav Vitous	Woodwind & Brass Ensembles	F00 Wood Winds -> B06 Clarinets Links -> Sample	S029 WND:ClrsD#4St-	
Miroslav Vitous	Woodwind & Brass Ensembles	F00 Wood Winds -> B06 Clarinets Links -> Sample	S030 WND:ClrsE_4St-	
Miroslav Vitous	Woodwind & Brass Ensembles	F00 Wood Winds -> B06 Clarinets Links -> Sample	S031 WND:ClrsF_4St-	
Miroslav Vitous	Woodwind & Brass Ensembles	F00 Wood Winds -> B06 Clarinets Links -> Sample	S032 WND:ClrsA#4St-	
Miroslav Vitous	Woodwind & Brass Ensembles	F00 Wood Winds -> B06 Clarinets Links -> Sample	S033 WND:ClrsE_5St-	
Miroslav Vitous	Woodwind & Brass Ensembles	F00 Wood Winds -> B06 Clarinets Links -> Sample	S034 WND:ClrsF_5St-	
Miroslav Vitous	Woodwind & Brass Ensembles	F00 Wood Winds -> B06 Clarinets Links -> Sample	S035 WND:ClrsG_5St-	
Miroslav Vitous	Woodwind & Brass Ensembles	F00 Wood Winds -> B06 Clarinets Links -> Sample	S036 WND:ClrsB_5St-	
Miroslav Vitous	Woodwind & Brass Ensembles	F00 Wood Winds -> B06 Clarinets Links -> Sample	S037 WND:ClrsC_6St-	
Miroslav Vitous	Woodwind & Brass Ensembles	F00 Wood Winds -> B07 Bassoons Links -> Preset	P000 %BNS LN/Porta	
Miroslav Vitous	Woodwind & Brass Ensembles	F00 Wood Winds -> B07 Bassoons Links -> Preset	P001 %BNS Porta/Stacc	
Miroslav Vitous	Woodwind & Brass Ensembles	F00 Wood Winds -> B07 Bassoons Links -> Preset	P002 %BNS LN/Po/Stac	
Miroslav Vitous	Woodwind & Brass Ensembles	F00 Wood Winds -> B07 Bassoons Links -> Preset	P003 Untitled Preset	
Miroslav Vitous	Woodwind & Brass Ensembles	F00 Wood Winds -> B07 Bassoons Links -> Preset	P004 Untitled Preset	
Miroslav Vitous	Woodwind & Brass Ensembles	F00 Wood Winds -> B07 Bassoons Links -> Preset	P005 Untitled Preset	
Miroslav Vitous	Woodwind & Brass Ensembles	F00 Wood Winds -> B07 Bassoons Links -> Preset	P006 Untitled Preset	
Miroslav Vitous	Woodwind & Brass Ensembles	F00 Wood Winds -> B07 Bassoons Links -> Preset	P007 Untitled Preset	
Miroslav Vitous	Woodwind & Brass Ensembles	F00 Wood Winds -> B07 Bassoons Links -> Preset	P008 Untitled Preset	
Miroslav Vitous	Woodwind & Brass Ensembles	F00 Wood Winds -> B07 Bassoons Links -> Preset	P009 Untitled Preset	
Miroslav Vitous	Woodwind & Brass Ensembles	F00 Wood Winds -> B07 Bassoons Links -> Preset	P010 Untitled Preset	
Miroslav Vitous	Woodwind & Brass Ensembles	F00 Wood Winds -> B07 Bassoons Links -> Preset	P011 BNS *	
Miroslav Vitous	Woodwind & Brass Ensembles	F00 Wood Winds -> B07 Bassoons Links -> Preset	P012 BNS Port	
Miroslav Vitous	Woodwind & Brass Ensembles	F00 Wood Winds -> B07 Bassoons Links -> Preset	P013 BNS Stacc	
Miroslav Vitous	Woodwind & Brass Ensembles	F00 Wood Winds -> B07 Bassoons Links -> Sample	S000 Bns D#21*-	
Miroslav Vitous	Woodwind & Brass Ensembles	F00 Wood Winds -> B07 Bassoons Links -> Sample	S001 Bns G_21*-	
Miroslav Vitous	Woodwind & Brass Ensembles	F00 Wood Winds -> B07 Bassoons Links -> Sample	S002 Bns B_21*-	
Miroslav Vitous	Woodwind & Brass Ensembles	F00 Wood Winds -> B07 Bassoons Links -> Sample	S003 Bns G_31*-	
Miroslav Vitous	Woodwind & Brass Ensembles	F00 Wood Winds -> B07 Bassoons Links -> Sample	S004 Bns C#41*-	
Miroslav Vitous	Woodwind & Brass Ensembles	F00 Wood Winds -> B07 Bassoons Links -> Sample	S005 Bns F#41*-	
Miroslav Vitous	Woodwind & Brass Ensembles	F00 Wood Winds -> B07 Bassoons Links -> Sample	S006 Bns D_51*-	
Miroslav Vitous	Woodwind & Brass Ensembles	F00 Wood Winds -> B07 Bassoons Links -> Sample	S007 Bns A#1 3-	
Miroslav Vitous	Woodwind & Brass Ensembles	F00 Wood Winds -> B07 Bassoons Links -> Sample	S008 Bns C_2 3-	
Miroslav Vitous	Woodwind & Brass Ensembles	F00 Wood Winds -> B07 Bassoons Links -> Sample	S009 Bns C#2 3-	
Miroslav Vitous	Woodwind & Brass Ensembles	F00 Wood Winds -> B07 Bassoons Links -> Sample	S010 Bns E_2 3-	
Miroslav Vitous	Woodwind & Brass Ensembles	F00 Wood Winds -> B07 Bassoons Links -> Sample	S011 Bns F#2 3-	
Miroslav Vitous	Woodwind & Brass Ensembles	F00 Wood Winds -> B07 Bassoons Links -> Sample	S012 Bns A_2 3-	
Miroslav Vitous	Woodwind & Brass Ensembles	F00 Wood Winds -> B07 Bassoons Links -> Sample	S013 Bns C_3 3-	
Miroslav Vitous	Woodwind & Brass Ensembles	F00 Wood Winds -> B07 Bassoons Links -> Sample	S014 Bns D_3 3-	
Miroslav Vitous	Woodwind & Brass Ensembles	F00 Wood Winds -> B07 Bassoons Links -> Sample	S015 Bns E_3 3-	
Miroslav Vitous	Woodwind & Brass Ensembles	F00 Wood Winds -> B07 Bassoons Links -> Sample	S016 Bns G#3 3-	
Miroslav Vitous	Woodwind & Brass Ensembles	F00 Wood Winds -> B07 Bassoons Links -> Sample	S017 Bns A_3 3-	
Miroslav Vitous	Woodwind & Brass Ensembles	F00 Wood Winds -> B07 Bassoons Links -> Sample	S018 Bns C_4 3-	
Miroslav Vitous	Woodwind & Brass Ensembles	F00 Wood Winds -> B07 Bassoons Links -> Sample	S019 Bns E_4 3-	
Miroslav Vitous	Woodwind & Brass Ensembles	F00 Wood Winds -> B07 Bassoons Links -> Sample	S020 Bns G_4 3-	
Miroslav Vitous	Woodwind & Brass Ensembles	F00 Wood Winds -> B07 Bassoons Links -> Sample	S021 Bns B_4 3-	
Miroslav Vitous	Woodwind & Brass Ensembles	F00 Wood Winds -> B07 Bassoons Links -> Sample	S022 Bns A#1Sc-	
Miroslav Vitous	Woodwind & Brass Ensembles	F00 Wood Winds -> B07 Bassoons Links -> Sample	S023 Bns C#2Sc-	
Miroslav Vitous	Woodwind & Brass Ensembles	F00 Wood Winds -> B07 Bassoons Links -> Sample	S024 Bns D#2Sc-	
Miroslav Vitous	Woodwind & Brass Ensembles	F00 Wood Winds -> B07 Bassoons Links -> Sample	S025 Bns G_2Sc-	
Miroslav Vitous	Woodwind & Brass Ensembles	F00 Wood Winds -> B07 Bassoons Links -> Sample	S026 Bns G#2Sc-	
Miroslav Vitous	Woodwind & Brass Ensembles	F00 Wood Winds -> B07 Bassoons Links -> Sample	S027 Bns C_3Sc-	
Miroslav Vitous	Woodwind & Brass Ensembles	F00 Wood Winds -> B07 Bassoons Links -> Sample	S028 Bns D_3Sc-	
Miroslav Vitous	Woodwind & Brass Ensembles	F00 Wood Winds -> B07 Bassoons Links -> Sample	S029 Bns G_3Sc-	
Miroslav Vitous	Woodwind & Brass Ensembles	F00 Wood Winds -> B07 Bassoons Links -> Sample	S030 Bns G#3Sc-	
Miroslav Vitous	Woodwind & Brass Ensembles	F00 Wood Winds -> B07 Bassoons Links -> Sample	S031 Bns B_3Sc-	
Miroslav Vitous	Woodwind & Brass Ensembles	F00 Wood Winds -> B07 Bassoons Links -> Sample	S032 Bns C#4Sc-	
Miroslav Vitous	Woodwind & Brass Ensembles	F00 Wood Winds -> B07 Bassoons Links -> Sample	S033 Bns E_4Sc-	
Miroslav Vitous	Woodwind & Brass Ensembles	F00 Wood Winds -> B07 Bassoons Links -> Sample	S034 Bns G_4Sc-	
Miroslav Vitous	Woodwind & Brass Ensembles	F00 Wood Winds -> B07 Bassoons Links -> Sample	S035 Bns A_4Sc-	
Miroslav Vitous	Woodwind & Brass Ensembles	F01 Brass -> B00 F.Hrns * -> Preset	P000 F.Hns *	
Miroslav Vitous	Woodwind & Brass Ensembles	F01 Brass -> B00 F.Hrns * -> Preset	P001 F.Hns ff *	
Miroslav Vitous	Woodwind & Brass Ensembles	F01 Brass -> B00 F.Hrns * -> Preset	P002 F.HnsMute*	
Miroslav Vitous	Woodwind & Brass Ensembles	F01 Brass -> B00 F.Hrns * -> Preset	P003 F.Hns Port	
Miroslav Vitous	Woodwind & Brass Ensembles	F01 Brass -> B00 F.Hrns * -> Preset	P004 F.Hns Stacc	
Miroslav Vitous	Woodwind & Brass Ensembles	F01 Brass -> B00 F.Hrns * -> Preset	P005 %Fr.Hns LN/Porta	
Miroslav Vitous	Woodwind & Brass Ensembles	F01 Brass -> B00 F.Hrns * -> Preset	P006 %Fr.Hns Port/St	
Miroslav Vitous	Woodwind & Brass Ensembles	F01 Brass -> B00 F.Hrns * -> Preset	P007 %Fr.Hns LN/Po/St	
Miroslav Vitous	Woodwind & Brass Ensembles	F01 Brass -> B00 F.Hrns * -> Sample	S000 BRS:FHnsF#2 1-	
Miroslav Vitous	Woodwind & Brass Ensembles	F01 Brass -> B00 F.Hrns * -> Sample	S001 BRS:FHnsB_2 1-	
Miroslav Vitous	Woodwind & Brass Ensembles	F01 Brass -> B00 F.Hrns * -> Sample	S002 BRS:FHnsG_3 1-	
Miroslav Vitous	Woodwind & Brass Ensembles	F01 Brass -> B00 F.Hrns * -> Sample	S003 BRS:FHnsB_3 1-	
Miroslav Vitous	Woodwind & Brass Ensembles	F01 Brass -> B00 F.Hrns * -> Sample	S004 BRS:FHnsD#4 1-	
Miroslav Vitous	Woodwind & Brass Ensembles	F01 Brass -> B00 F.Hrns * -> Sample	S005 BRS:FHnsG_4 1-	
Miroslav Vitous	Woodwind & Brass Ensembles	F01 Brass -> B00 F.Hrns * -> Sample	S006 BRS:FHnsB_4 1-	
Miroslav Vitous	Woodwind & Brass Ensembles	F01 Brass -> B00 F.Hrns * -> Sample	S007 BRS:HnsF#2ff1-	
Miroslav Vitous	Woodwind & Brass Ensembles	F01 Brass -> B00 F.Hrns * -> Sample	S008 BRS:HnsG#2ff1-	
Miroslav Vitous	Woodwind & Brass Ensembles	F01 Brass -> B00 F.Hrns * -> Sample	S009 BRS:HnsB_2ff1-	
Miroslav Vitous	Woodwind & Brass Ensembles	F01 Brass -> B00 F.Hrns * -> Sample	S010 BRS:HnsD_3ff1-	
Miroslav Vitous	Woodwind & Brass Ensembles	F01 Brass -> B00 F.Hrns * -> Sample	S011 BRS:HnsF_3ff1-	
Miroslav Vitous	Woodwind & Brass Ensembles	F01 Brass -> B00 F.Hrns * -> Sample	S012 BRS:HnsG_3ff1-	
Miroslav Vitous	Woodwind & Brass Ensembles	F01 Brass -> B00 F.Hrns * -> Sample	S013 BRS:HnsA#3ff1-	
Miroslav Vitous	Woodwind & Brass Ensembles	F01 Brass -> B00 F.Hrns * -> Sample	S014 BRS:HnsB_3ff1-	
Miroslav Vitous	Woodwind & Brass Ensembles	F01 Brass -> B00 F.Hrns * -> Sample	S015 BRS:HnsC_4ff1-	
Miroslav Vitous	Woodwind & Brass Ensembles	F01 Brass -> B00 F.Hrns * -> Sample	S016 BRS:HnsE_4ff1-	
Miroslav Vitous	Woodwind & Brass Ensembles	F01 Brass -> B00 F.Hrns * -> Sample	S017 BRS:HnsF#4ff1-	
Miroslav Vitous	Woodwind & Brass Ensembles	F01 Brass -> B00 F.Hrns * -> Sample	S018 BRS:HnsD#3Mt1-	
Miroslav Vitous	Woodwind & Brass Ensembles	F01 Brass -> B00 F.Hrns * -> Sample	S019 BRS:HnsF_3Mt1-	
Miroslav Vitous	Woodwind & Brass Ensembles	F01 Brass -> B00 F.Hrns * -> Sample	S020 BRS:HnsG#3Mt1-	
Miroslav Vitous	Woodwind & Brass Ensembles	F01 Brass -> B00 F.Hrns * -> Sample	S021 BRS:HnsE_4Mt1-	
Miroslav Vitous	Woodwind & Brass Ensembles	F01 Brass -> B00 F.Hrns * -> Sample	S022 BRS:HnsG#4Mt1-	
Miroslav Vitous	Woodwind & Brass Ensembles	F01 Brass -> B00 F.Hrns * -> Sample	S023 BRS:HnsA#4Mt1-	
Miroslav Vitous	Woodwind & Brass Ensembles	F01 Brass -> B00 F.Hrns * -> Sample	S024 BRS:HnsF_2Prt-	
Miroslav Vitous	Woodwind & Brass Ensembles	F01 Brass -> B00 F.Hrns * -> Sample	S025 BRS:HnsG#2Prt-	
Miroslav Vitous	Woodwind & Brass Ensembles	F01 Brass -> B00 F.Hrns * -> Sample	S026 BRS:HnsC_3Prt-	
Miroslav Vitous	Woodwind & Brass Ensembles	F01 Brass -> B00 F.Hrns * -> Sample	S027 BRS:HnsD_3Prt-	
Miroslav Vitous	Woodwind & Brass Ensembles	F01 Brass -> B00 F.Hrns * -> Sample	S028 BRS:HnsF_3Prt-	
Miroslav Vitous	Woodwind & Brass Ensembles	F01 Brass -> B00 F.Hrns * -> Sample	S029 BRS:HnsA_3Prt-	
Miroslav Vitous	Woodwind & Brass Ensembles	F01 Brass -> B00 F.Hrns * -> Sample	S030 BRS:HnsB_3Prt-	
Miroslav Vitous	Woodwind & Brass Ensembles	F01 Brass -> B00 F.Hrns * -> Sample	S031 BRS:HnsC#4Prt-	
Miroslav Vitous	Woodwind & Brass Ensembles	F01 Brass -> B00 F.Hrns * -> Sample	S032 BRS:HnsE_4Prt-	
Miroslav Vitous	Woodwind & Brass Ensembles	F01 Brass -> B00 F.Hrns * -> Sample	S033 BRS:HnsG_4Prt-	
Miroslav Vitous	Woodwind & Brass Ensembles	F01 Brass -> B00 F.Hrns * -> Sample	S034 BRS:HnsB_4Prt-	
Miroslav Vitous	Woodwind & Brass Ensembles	F01 Brass -> B00 F.Hrns * -> Sample	S035 BRS:HnsF#2Stc-	
Miroslav Vitous	Woodwind & Brass Ensembles	F01 Brass -> B00 F.Hrns * -> Sample	S036 BRS:HnsB_2Stc-	
Miroslav Vitous	Woodwind & Brass Ensembles	F01 Brass -> B00 F.Hrns * -> Sample	S037 BRS:HnsC#3Stc-	
Miroslav Vitous	Woodwind & Brass Ensembles	F01 Brass -> B00 F.Hrns * -> Sample	S038 BRS:HnsD#3Stc-	
Miroslav Vitous	Woodwind & Brass Ensembles	F01 Brass -> B00 F.Hrns * -> Sample	S039 BRS:HnsG_3Stc-	
Miroslav Vitous	Woodwind & Brass Ensembles	F01 Brass -> B00 F.Hrns * -> Sample	S040 BRS:HnsB_3Stc-	
Miroslav Vitous	Woodwind & Brass Ensembles	F01 Brass -> B00 F.Hrns * -> Sample	S041 BRS:HnsC#4Stc-	
Miroslav Vitous	Woodwind & Brass Ensembles	F01 Brass -> B00 F.Hrns * -> Sample	S042 BRS:HnsD#4Stc-	
Miroslav Vitous	Woodwind & Brass Ensembles	F01 Brass -> B00 F.Hrns * -> Sample	S043 BRS:HnsF_4Stc-	
Miroslav Vitous	Woodwind & Brass Ensembles	F01 Brass -> B00 F.Hrns * -> Sample	S044 BRS:HnsA_4Stc-	
Miroslav Vitous	Woodwind & Brass Ensembles	F01 Brass -> B00 F.Hrns * -> Sample	S045 BRS:HnsC#5Stc-	
Miroslav Vitous	Woodwind & Brass Ensembles	F01 Brass -> B01 F.Horns -> Preset	P000 F.Hns	
Miroslav Vitous	Woodwind & Brass Ensembles	F01 Brass -> B01 F.Horns -> Preset	P001 F.Hns Lite	
Miroslav Vitous	Woodwind & Brass Ensembles	F01 Brass -> B01 F.Horns -> Preset	P002 F.Hns ff	
Miroslav Vitous	Woodwind & Brass Ensembles	F01 Brass -> B01 F.Horns -> Preset	P003 F.HnsMute	
Miroslav Vitous	Woodwind & Brass Ensembles	F01 Brass -> B01 F.Horns -> Preset	P004 F.Hns Port	
Miroslav Vitous	Woodwind & Brass Ensembles	F01 Brass -> B01 F.Horns -> Preset	P005 F.Hns Stacc	
Miroslav Vitous	Woodwind & Brass Ensembles	F01 Brass -> B01 F.Horns -> Preset	P006 F.Hns StcMt	
Miroslav Vitous	Woodwind & Brass Ensembles	F01 Brass -> B01 F.Horns -> Sample	S000 BRS:FHnsF#2 2-	
Miroslav Vitous	Woodwind & Brass Ensembles	F01 Brass -> B01 F.Horns -> Sample	S001 BRS:FHnsA#2 2-	
Miroslav Vitous	Woodwind & Brass Ensembles	F01 Brass -> B01 F.Horns -> Sample	S002 BRS:FHnsB_2 2-	
Miroslav Vitous	Woodwind & Brass Ensembles	F01 Brass -> B01 F.Horns -> Sample	S003 BRS:FHnsD_3 2-	
Miroslav Vitous	Woodwind & Brass Ensembles	F01 Brass -> B01 F.Horns -> Sample	S004 BRS:FHnsG_3 2-	
Miroslav Vitous	Woodwind & Brass Ensembles	F01 Brass -> B01 F.Horns -> Sample	S005 BRS:FHnsB_3 2-	
Miroslav Vitous	Woodwind & Brass Ensembles	F01 Brass -> B01 F.Horns -> Sample	S006 BRS:FHnsC#4 2-	
Miroslav Vitous	Woodwind & Brass Ensembles	F01 Brass -> B01 F.Horns -> Sample	S007 BRS:FHnsD#4 2-	
Miroslav Vitous	Woodwind & Brass Ensembles	F01 Brass -> B01 F.Horns -> Sample	S008 BRS:FHnsG_4 2-	
Miroslav Vitous	Woodwind & Brass Ensembles	F01 Brass -> B01 F.Horns -> Sample	S009 BRS:FHnsB_4 2-	
Miroslav Vitous	Woodwind & Brass Ensembles	F01 Brass -> B01 F.Horns -> Sample	S010 BRS:HnsF#2ff2-	
Miroslav Vitous	Woodwind & Brass Ensembles	F01 Brass -> B01 F.Horns -> Sample	S011 BRS:HnsG#2ff2-	
Miroslav Vitous	Woodwind & Brass Ensembles	F01 Brass -> B01 F.Horns -> Sample	S012 BRS:HnsB_2ff2-	
Miroslav Vitous	Woodwind & Brass Ensembles	F01 Brass -> B01 F.Horns -> Sample	S013 BRS:HnsC#3ff2-	
Miroslav Vitous	Woodwind & Brass Ensembles	F01 Brass -> B01 F.Horns -> Sample	S014 BRS:HnsD_3ff2-	
Miroslav Vitous	Woodwind & Brass Ensembles	F01 Brass -> B01 F.Horns -> Sample	S015 BRS:HnsF_3ff2-	
Miroslav Vitous	Woodwind & Brass Ensembles	F01 Brass -> B01 F.Horns -> Sample	S016 BRS:HnsG_3ff2-	
Miroslav Vitous	Woodwind & Brass Ensembles	F01 Brass -> B01 F.Horns -> Sample	S017 BRS:HnsA#3ff2-	
Miroslav Vitous	Woodwind & Brass Ensembles	F01 Brass -> B01 F.Horns -> Sample	S018 BRS:HnsB_3ff2-	
Miroslav Vitous	Woodwind & Brass Ensembles	F01 Brass -> B01 F.Horns -> Sample	S019 BRS:HnsC_4ff2-	
Miroslav Vitous	Woodwind & Brass Ensembles	F01 Brass -> B01 F.Horns -> Sample	S020 BRS:HnsE_4ff2-	
Miroslav Vitous	Woodwind & Brass Ensembles	F01 Brass -> B01 F.Horns -> Sample	S021 BRS:HnsF#4ff2-	
Miroslav Vitous	Woodwind & Brass Ensembles	F01 Brass -> B01 F.Horns -> Sample	S022 BRS:HnsD#3Mt2-	
Miroslav Vitous	Woodwind & Brass Ensembles	F01 Brass -> B01 F.Horns -> Sample	S023 BRS:HnsF_3Mt2-	
Miroslav Vitous	Woodwind & Brass Ensembles	F01 Brass -> B01 F.Horns -> Sample	S024 BRS:HnsG#3Mt2-	
Miroslav Vitous	Woodwind & Brass Ensembles	F01 Brass -> B01 F.Horns -> Sample	S025 BRS:HnsE_4Mt2-	
Miroslav Vitous	Woodwind & Brass Ensembles	F01 Brass -> B01 F.Horns -> Sample	S026 BRS:HnsG#4Mt2-	
Miroslav Vitous	Woodwind & Brass Ensembles	F01 Brass -> B01 F.Horns -> Sample	S027 BRS:HnsA#4Mt2-	
Miroslav Vitous	Woodwind & Brass Ensembles	F01 Brass -> B01 F.Horns -> Sample	S028 BRS:HnsF_2Prt-	
Miroslav Vitous	Woodwind & Brass Ensembles	F01 Brass -> B01 F.Horns -> Sample	S029 BRS:HnsG#2Prt-	
Miroslav Vitous	Woodwind & Brass Ensembles	F01 Brass -> B01 F.Horns -> Sample	S030 BRS:HnsC_3Prt-	
Miroslav Vitous	Woodwind & Brass Ensembles	F01 Brass -> B01 F.Horns -> Sample	S031 BRS:HnsD_3Prt-	
Miroslav Vitous	Woodwind & Brass Ensembles	F01 Brass -> B01 F.Horns -> Sample	S032 BRS:HnsF_3Prt-	
Miroslav Vitous	Woodwind & Brass Ensembles	F01 Brass -> B01 F.Horns -> Sample	S033 BRS:HnsA_3Prt-	
Miroslav Vitous	Woodwind & Brass Ensembles	F01 Brass -> B01 F.Horns -> Sample	S034 BRS:HnsB_3Prt-	
Miroslav Vitous	Woodwind & Brass Ensembles	F01 Brass -> B01 F.Horns -> Sample	S035 BRS:HnsC#4Prt-	
Miroslav Vitous	Woodwind & Brass Ensembles	F01 Brass -> B01 F.Horns -> Sample	S036 BRS:HnsE_4Prt-	
Miroslav Vitous	Woodwind & Brass Ensembles	F01 Brass -> B01 F.Horns -> Sample	S037 BRS:HnsG_4Prt-	
Miroslav Vitous	Woodwind & Brass Ensembles	F01 Brass -> B01 F.Horns -> Sample	S038 BRS:HnsB_4Prt-	
Miroslav Vitous	Woodwind & Brass Ensembles	F01 Brass -> B01 F.Horns -> Sample	S039 BRS:HnsF#2Stc-	
Miroslav Vitous	Woodwind & Brass Ensembles	F01 Brass -> B01 F.Horns -> Sample	S040 BRS:HnsB_2Stc-	
Miroslav Vitous	Woodwind & Brass Ensembles	F01 Brass -> B01 F.Horns -> Sample	S041 BRS:HnsC#3Stc-	
Miroslav Vitous	Woodwind & Brass Ensembles	F01 Brass -> B01 F.Horns -> Sample	S042 BRS:HnsD#3Stc-	
Miroslav Vitous	Woodwind & Brass Ensembles	F01 Brass -> B01 F.Horns -> Sample	S043 BRS:HnsG_3Stc-	
Miroslav Vitous	Woodwind & Brass Ensembles	F01 Brass -> B01 F.Horns -> Sample	S044 BRS:HnsB_3Stc-	
Miroslav Vitous	Woodwind & Brass Ensembles	F01 Brass -> B01 F.Horns -> Sample	S045 BRS:HnsC#4Stc-	
Miroslav Vitous	Woodwind & Brass Ensembles	F01 Brass -> B01 F.Horns -> Sample	S046 BRS:HnsD#4Stc-	
Miroslav Vitous	Woodwind & Brass Ensembles	F01 Brass -> B01 F.Horns -> Sample	S047 BRS:HnsF_4Stc-	
Miroslav Vitous	Woodwind & Brass Ensembles	F01 Brass -> B01 F.Horns -> Sample	S048 BRS:HnsA_4Stc-	
Miroslav Vitous	Woodwind & Brass Ensembles	F01 Brass -> B01 F.Horns -> Sample	S049 BRS:HnsC#5Stc-	
Miroslav Vitous	Woodwind & Brass Ensembles	F01 Brass -> B01 F.Horns -> Sample	S050 BRS:HnsF_3STC-	
Miroslav Vitous	Woodwind & Brass Ensembles	F01 Brass -> B01 F.Horns -> Sample	S051 BRS:HnsA_3STC-	
Miroslav Vitous	Woodwind & Brass Ensembles	F01 Brass -> B01 F.Horns -> Sample	S052 BRS:HnsC_4STC-	
Miroslav Vitous	Woodwind & Brass Ensembles	F01 Brass -> B01 F.Horns -> Sample	S053 BRS:HnsD_4STC-	
Miroslav Vitous	Woodwind & Brass Ensembles	F01 Brass -> B01 F.Horns -> Sample	S054 BRS:HnsE_4STC-	
Miroslav Vitous	Woodwind & Brass Ensembles	F01 Brass -> B01 F.Horns -> Sample	S055 BRS:HnsG_4STC-	
Miroslav Vitous	Woodwind & Brass Ensembles	F01 Brass -> B01 F.Horns -> Sample	S056 BRS:HnsG#4STC-	
Miroslav Vitous	Woodwind & Brass Ensembles	F01 Brass -> B01 F.Horns -> Sample	S057 BRS:HnsA#4STC-	
Miroslav Vitous	Woodwind & Brass Ensembles	F01 Brass -> B01 F.Horns -> Sample	S058 BRS:HnsC_5STC-	
Miroslav Vitous	Woodwind & Brass Ensembles	F01 Brass -> B02 Tps -> Preset	P000 Tps *	
Miroslav Vitous	Woodwind & Brass Ensembles	F01 Brass -> B02 Tps -> Preset	P001 Tps	
Miroslav Vitous	Woodwind & Brass Ensembles	F01 Brass -> B02 Tps -> Preset	P002 Tps Port 1	
Miroslav Vitous	Woodwind & Brass Ensembles	F01 Brass -> B02 Tps -> Preset	P003 Tps Port 2	
Miroslav Vitous	Woodwind & Brass Ensembles	F01 Brass -> B02 Tps -> Preset	P004 Tps Port 3	
Miroslav Vitous	Woodwind & Brass Ensembles	F01 Brass -> B02 Tps -> Preset	P005 Tps Stacc 1	
Miroslav Vitous	Woodwind & Brass Ensembles	F01 Brass -> B02 Tps -> Preset	P006 Tps Stacc 2	
Miroslav Vitous	Woodwind & Brass Ensembles	F01 Brass -> B02 Tps -> Sample	S000 BRS:Tps G_31*-	
Miroslav Vitous	Woodwind & Brass Ensembles	F01 Brass -> B02 Tps -> Sample	S001 BRS:Tps C#41*-	
Miroslav Vitous	Woodwind & Brass Ensembles	F01 Brass -> B02 Tps -> Sample	S002 BRS:Tps F#41*-	
Miroslav Vitous	Woodwind & Brass Ensembles	F01 Brass -> B02 Tps -> Sample	S003 BRS:Tps B_41*-	
Miroslav Vitous	Woodwind & Brass Ensembles	F01 Brass -> B02 Tps -> Sample	S004 BRS:Tps C#51*-	
Miroslav Vitous	Woodwind & Brass Ensembles	F01 Brass -> B02 Tps -> Sample	S005 BRS:Tps F#51*-	
Miroslav Vitous	Woodwind & Brass Ensembles	F01 Brass -> B02 Tps -> Sample	S006 BRS:Tps G_3 2-	
Miroslav Vitous	Woodwind & Brass Ensembles	F01 Brass -> B02 Tps -> Sample	S007 BRS:Tps C#4 2-	
Miroslav Vitous	Woodwind & Brass Ensembles	F01 Brass -> B02 Tps -> Sample	S008 BRS:Tps F#4 2-	
Miroslav Vitous	Woodwind & Brass Ensembles	F01 Brass -> B02 Tps -> Sample	S009 BRS:Tps B_4 2-	
Miroslav Vitous	Woodwind & Brass Ensembles	F01 Brass -> B02 Tps -> Sample	S010 BRS:Tps C#5 2-	
Miroslav Vitous	Woodwind & Brass Ensembles	F01 Brass -> B02 Tps -> Sample	S011 BRS:Tps F#5 2-	
Miroslav Vitous	Woodwind & Brass Ensembles	F01 Brass -> B02 Tps -> Sample	S012 BRS:TpsE_3Pt1-	
Miroslav Vitous	Woodwind & Brass Ensembles	F01 Brass -> B02 Tps -> Sample	S013 BRS:TpsF_3Pt1-	
Miroslav Vitous	Woodwind & Brass Ensembles	F01 Brass -> B02 Tps -> Sample	S014 BRS:TpsF#3Pt1-	
Miroslav Vitous	Woodwind & Brass Ensembles	F01 Brass -> B02 Tps -> Sample	S015 BRS:TpsG_3Pt1-	
Miroslav Vitous	Woodwind & Brass Ensembles	F01 Brass -> B02 Tps -> Sample	S016 BRS:TpsA_3Pt1-	
Miroslav Vitous	Woodwind & Brass Ensembles	F01 Brass -> B02 Tps -> Sample	S017 BRS:TpsB_3Pt1-	
Miroslav Vitous	Woodwind & Brass Ensembles	F01 Brass -> B02 Tps -> Sample	S018 BRS:TpsD#4Pt1-	
Miroslav Vitous	Woodwind & Brass Ensembles	F01 Brass -> B02 Tps -> Sample	S019 BRS:TpsF_4Pt1-	
Miroslav Vitous	Woodwind & Brass Ensembles	F01 Brass -> B02 Tps -> Sample	S020 BRS:TpsF#4Pt1-	
Miroslav Vitous	Woodwind & Brass Ensembles	F01 Brass -> B02 Tps -> Sample	S021 BRS:TpsG_4Pt1-	
Miroslav Vitous	Woodwind & Brass Ensembles	F01 Brass -> B02 Tps -> Sample	S022 BRS:TpsA#4Pt1-	
Miroslav Vitous	Woodwind & Brass Ensembles	F01 Brass -> B02 Tps -> Sample	S023 BRS:TpsC#5Pt1-	
Miroslav Vitous	Woodwind & Brass Ensembles	F01 Brass -> B02 Tps -> Sample	S024 BRS:TpsD_5Pt1-	
Miroslav Vitous	Woodwind & Brass Ensembles	F01 Brass -> B02 Tps -> Sample	S025 BRS:TpsE_5Pt1-	
Miroslav Vitous	Woodwind & Brass Ensembles	F01 Brass -> B02 Tps -> Sample	S026 BRS:TpsF_5Pt1-	
Miroslav Vitous	Woodwind & Brass Ensembles	F01 Brass -> B02 Tps -> Sample	S027 BRS:TpsA#5Pt1-	
Miroslav Vitous	Woodwind & Brass Ensembles	F01 Brass -> B02 Tps -> Sample	S028 BRS:TpsB_5Pt1-	
Miroslav Vitous	Woodwind & Brass Ensembles	F01 Brass -> B02 Tps -> Sample	S029 BRS:TpsE_3Pt2-	
Miroslav Vitous	Woodwind & Brass Ensembles	F01 Brass -> B02 Tps -> Sample	S030 BRS:TpsF#3Pt2-	
Miroslav Vitous	Woodwind & Brass Ensembles	F01 Brass -> B02 Tps -> Sample	S031 BRS:TpsG#3Pt2-	
Miroslav Vitous	Woodwind & Brass Ensembles	F01 Brass -> B02 Tps -> Sample	S032 BRS:TpsA#3Pt2-	
Miroslav Vitous	Woodwind & Brass Ensembles	F01 Brass -> B02 Tps -> Sample	S033 BRS:TpsC#4Pt2-	
Miroslav Vitous	Woodwind & Brass Ensembles	F01 Brass -> B02 Tps -> Sample	S034 BRS:TpsD#4Pt2-	
Miroslav Vitous	Woodwind & Brass Ensembles	F01 Brass -> B02 Tps -> Sample	S035 BRS:TpsF#4Pt2-	
Miroslav Vitous	Woodwind & Brass Ensembles	F01 Brass -> B02 Tps -> Sample	S036 BRS:TpsG#4Pt2-	
Miroslav Vitous	Woodwind & Brass Ensembles	F01 Brass -> B02 Tps -> Sample	S037 BRS:TpsC_5Pt2-	
Miroslav Vitous	Woodwind & Brass Ensembles	F01 Brass -> B02 Tps -> Sample	S038 BRS:TpsD#5Pt2-	
Miroslav Vitous	Woodwind & Brass Ensembles	F01 Brass -> B02 Tps -> Sample	S039 BRS:TpsF#5Pt2-	
Miroslav Vitous	Woodwind & Brass Ensembles	F01 Brass -> B02 Tps -> Sample	S040 BRS:TpsG#5Pt2-	
Miroslav Vitous	Woodwind & Brass Ensembles	F01 Brass -> B02 Tps -> Sample	S041 BRS:TpsB_5Pt2-	
Miroslav Vitous	Woodwind & Brass Ensembles	F01 Brass -> B02 Tps -> Sample	S042 BRS:TpsF_3Pt3-	
Miroslav Vitous	Woodwind & Brass Ensembles	F01 Brass -> B02 Tps -> Sample	S043 BRS:TpsG#3Pt3-	
Miroslav Vitous	Woodwind & Brass Ensembles	F01 Brass -> B02 Tps -> Sample	S044 BRS:TpsC_4Pt3-	
Miroslav Vitous	Woodwind & Brass Ensembles	F01 Brass -> B02 Tps -> Sample	S045 BRS:TpsD#4Pt3-	
Miroslav Vitous	Woodwind & Brass Ensembles	F01 Brass -> B02 Tps -> Sample	S046 BRS:TpsF#4Pt3-	
Miroslav Vitous	Woodwind & Brass Ensembles	F01 Brass -> B02 Tps -> Sample	S047 BRS:TpsA_4Pt3-	
Miroslav Vitous	Woodwind & Brass Ensembles	F01 Brass -> B02 Tps -> Sample	S048 BRS:TpsC_5Pt3-	
Miroslav Vitous	Woodwind & Brass Ensembles	F01 Brass -> B02 Tps -> Sample	S049 BRS:TpsF_5Pt3-	
Miroslav Vitous	Woodwind & Brass Ensembles	F01 Brass -> B02 Tps -> Sample	S050 BRS:TpsB_5Pt3-	
Miroslav Vitous	Woodwind & Brass Ensembles	F01 Brass -> B02 Tps -> Sample	S051 BRS:TpsF#3Sc1-	
Miroslav Vitous	Woodwind & Brass Ensembles	F01 Brass -> B02 Tps -> Sample	S052 BRS:TpsA_3Sc1-	
Miroslav Vitous	Woodwind & Brass Ensembles	F01 Brass -> B02 Tps -> Sample	S053 BRS:TpsB_3Sc1-	
Miroslav Vitous	Woodwind & Brass Ensembles	F01 Brass -> B02 Tps -> Sample	S054 BRS:TpsC#4Sc1-	
Miroslav Vitous	Woodwind & Brass Ensembles	F01 Brass -> B02 Tps -> Sample	S055 BRS:TpsE_4Sc1-	
Miroslav Vitous	Woodwind & Brass Ensembles	F01 Brass -> B02 Tps -> Sample	S056 BRS:TpsG#4Sc1-	
Miroslav Vitous	Woodwind & Brass Ensembles	F01 Brass -> B02 Tps -> Sample	S057 BRS:TpsC_5Sc1-	
Miroslav Vitous	Woodwind & Brass Ensembles	F01 Brass -> B02 Tps -> Sample	S058 BRS:TpsD#5Sc1-	
Miroslav Vitous	Woodwind & Brass Ensembles	F01 Brass -> B02 Tps -> Sample	S059 BRS:TpsE_5Sc1-	
Miroslav Vitous	Woodwind & Brass Ensembles	F01 Brass -> B02 Tps -> Sample	S060 BRS:TpsF#5Sc1-	
Miroslav Vitous	Woodwind & Brass Ensembles	F01 Brass -> B02 Tps -> Sample	S061 BRS:TpsB_5Sc1-	
Miroslav Vitous	Woodwind & Brass Ensembles	F01 Brass -> B02 Tps -> Sample	S062 BRS:TpsF#3Sc2-	
Miroslav Vitous	Woodwind & Brass Ensembles	F01 Brass -> B02 Tps -> Sample	S063 BRS:TpsG#3Sc2-	
Miroslav Vitous	Woodwind & Brass Ensembles	F01 Brass -> B02 Tps -> Sample	S064 BRS:TpsA_3Sc2-	
Miroslav Vitous	Woodwind & Brass Ensembles	F01 Brass -> B02 Tps -> Sample	S065 BRS:TpsC_4Sc2-	
Miroslav Vitous	Woodwind & Brass Ensembles	F01 Brass -> B02 Tps -> Sample	S066 BRS:TpsD_4Sc2-	
Miroslav Vitous	Woodwind & Brass Ensembles	F01 Brass -> B02 Tps -> Sample	S067 BRS:TpsD#4Sc2-	
Miroslav Vitous	Woodwind & Brass Ensembles	F01 Brass -> B02 Tps -> Sample	S068 BRS:TpsF_4Sc2-	
Miroslav Vitous	Woodwind & Brass Ensembles	F01 Brass -> B02 Tps -> Sample	S069 BRS:TpsA_4Sc2-	
Miroslav Vitous	Woodwind & Brass Ensembles	F01 Brass -> B02 Tps -> Sample	S070 BRS:TpsC_5Sc2-	
Miroslav Vitous	Woodwind & Brass Ensembles	F01 Brass -> B02 Tps -> Sample	S071 BRS:TpsD_5Sc2-	
Miroslav Vitous	Woodwind & Brass Ensembles	F01 Brass -> B02 Tps -> Sample	S072 BRS:TpsE_5Sc2-	
Miroslav Vitous	Woodwind & Brass Ensembles	F01 Brass -> B02 Tps -> Sample	S073 BRS:TpsF#5Sc2-	
Miroslav Vitous	Woodwind & Brass Ensembles	F01 Brass -> B02 Tps -> Sample	S074 BRS:TpsG#5Sc2-	
Miroslav Vitous	Woodwind & Brass Ensembles	F01 Brass -> B02 Tps -> Sample	S075 BRS:TpsA#5Sc2-	
Miroslav Vitous	Woodwind & Brass Ensembles	F01 Brass -> B02 Tps -> Sample	S076 BRS:TpsC_6Sc2-	
Miroslav Vitous	Woodwind & Brass Ensembles	F01 Brass -> B03 Tps Mute -> Preset	P000 Tps Mute	
Miroslav Vitous	Woodwind & Brass Ensembles	F01 Brass -> B03 Tps Mute -> Preset	P001 Tps Mute Stacc	
Miroslav Vitous	Woodwind & Brass Ensembles	F01 Brass -> B03 Tps Mute -> Sample	S000 BRS:TpsG_3Mt1-	
Miroslav Vitous	Woodwind & Brass Ensembles	F01 Brass -> B03 Tps Mute -> Sample	S001 BRS:TpsG#3Mt1-	
Miroslav Vitous	Woodwind & Brass Ensembles	F01 Brass -> B03 Tps Mute -> Sample	S002 BRS:TpsD_4Mt1-	
Miroslav Vitous	Woodwind & Brass Ensembles	F01 Brass -> B03 Tps Mute -> Sample	S003 BRS:TpsG_4Mt1-	
Miroslav Vitous	Woodwind & Brass Ensembles	F01 Brass -> B03 Tps Mute -> Sample	S004 BRS:TpsA#4Mt1-	
Miroslav Vitous	Woodwind & Brass Ensembles	F01 Brass -> B03 Tps Mute -> Sample	S005 BRS:TpsC#5Mt1-	
Miroslav Vitous	Woodwind & Brass Ensembles	F01 Brass -> B03 Tps Mute -> Sample	S006 BRS:TpsD#5Mt1-	
Miroslav Vitous	Woodwind & Brass Ensembles	F01 Brass -> B03 Tps Mute -> Sample	S007 BRS:TpsF#5Mt1-	
Miroslav Vitous	Woodwind & Brass Ensembles	F01 Brass -> B03 Tps Mute -> Sample	S008 BRS:TpsA#5Mt1-	
Miroslav Vitous	Woodwind & Brass Ensembles	F01 Brass -> B03 Tps Mute -> Sample	S009 BRS:TpsF#3Sc3-	
Miroslav Vitous	Woodwind & Brass Ensembles	F01 Brass -> B03 Tps Mute -> Sample	S010 BRS:TpsG_3Sc3-	
Miroslav Vitous	Woodwind & Brass Ensembles	F01 Brass -> B03 Tps Mute -> Sample	S011 BRS:TpsA_3Sc3-	
Miroslav Vitous	Woodwind & Brass Ensembles	F01 Brass -> B03 Tps Mute -> Sample	S012 BRS:TpsC#4Sc3-	
Miroslav Vitous	Woodwind & Brass Ensembles	F01 Brass -> B03 Tps Mute -> Sample	S013 BRS:TpsD#4Sc3-	
Miroslav Vitous	Woodwind & Brass Ensembles	F01 Brass -> B03 Tps Mute -> Sample	S014 BRS:TpsE_4Sc3-	
Miroslav Vitous	Woodwind & Brass Ensembles	F01 Brass -> B03 Tps Mute -> Sample	S015 BRS:TpsF#4Sc3-	
Miroslav Vitous	Woodwind & Brass Ensembles	F01 Brass -> B03 Tps Mute -> Sample	S016 BRS:TpsG#4Sc3-	
Miroslav Vitous	Woodwind & Brass Ensembles	F01 Brass -> B03 Tps Mute -> Sample	S017 BRS:TpsA_4Sc3-	
Miroslav Vitous	Woodwind & Brass Ensembles	F01 Brass -> B03 Tps Mute -> Sample	S018 BRS:TpsA#4Sc3-	
Miroslav Vitous	Woodwind & Brass Ensembles	F01 Brass -> B03 Tps Mute -> Sample	S019 BRS:TpsD#5Sc3-	
Miroslav Vitous	Woodwind & Brass Ensembles	F01 Brass -> B03 Tps Mute -> Sample	S020 BRS:TpsF_5Sc3-	
Miroslav Vitous	Woodwind & Brass Ensembles	F01 Brass -> B03 Tps Mute -> Sample	S021 BRS:TpsF#5Sc3-	
Miroslav Vitous	Woodwind & Brass Ensembles	F01 Brass -> B03 Tps Mute -> Sample	S022 BRS:TpsA#5Sc3-	
Miroslav Vitous	Woodwind & Brass Ensembles	F01 Brass -> B03 Tps Mute -> Sample	S023 BRS:TpsB_5Sc3-	
Miroslav Vitous	Woodwind & Brass Ensembles	F01 Brass -> B03 Tps Mute -> Sample	S024 BRS:TpsC#6Sc3-	
Miroslav Vitous	Woodwind & Brass Ensembles	F01 Brass -> B03 Tps Mute -> Sample	S025 BRS:TpsD_6Sc3-	
Miroslav Vitous	Woodwind & Brass Ensembles	F01 Brass -> B04 Tbs * -> Preset	P000 Tbs Lite *	
Miroslav Vitous	Woodwind & Brass Ensembles	F01 Brass -> B04 Tbs * -> Preset	P001 Tbs ff *	
Miroslav Vitous	Woodwind & Brass Ensembles	F01 Brass -> B04 Tbs * -> Preset	P002 Tbs Port	
Miroslav Vitous	Woodwind & Brass Ensembles	F01 Brass -> B04 Tbs * -> Preset	P003 Tbs Stacc	
Miroslav Vitous	Woodwind & Brass Ensembles	F01 Brass -> B04 Tbs * -> Preset	P004 %Tbs LN/Porta	
Miroslav Vitous	Woodwind & Brass Ensembles	F01 Brass -> B04 Tbs * -> Preset	P005 %Tbs Porta/Stac	
Miroslav Vitous	Woodwind & Brass Ensembles	F01 Brass -> B04 Tbs * -> Preset	P006 %Tbs LN/Po/Stac	
Miroslav Vitous	Woodwind & Brass Ensembles	F01 Brass -> B04 Tbs * -> Sample	S000 BRS:TbsB_1 1*-	
Miroslav Vitous	Woodwind & Brass Ensembles	F01 Brass -> B04 Tbs * -> Sample	S001 BRS:TbsD_2 1*-	
Miroslav Vitous	Woodwind & Brass Ensembles	F01 Brass -> B04 Tbs * -> Sample	S002 BRS:TbsG_2 1*-	
Miroslav Vitous	Woodwind & Brass Ensembles	F01 Brass -> B04 Tbs * -> Sample	S003 BRS:TbsD_3 1*-	
Miroslav Vitous	Woodwind & Brass Ensembles	F01 Brass -> B04 Tbs * -> Sample	S004 BRS:TbsF_3 1*-	
Miroslav Vitous	Woodwind & Brass Ensembles	F01 Brass -> B04 Tbs * -> Sample	S005 BRS:TbsA_3 1*-	
Miroslav Vitous	Woodwind & Brass Ensembles	F01 Brass -> B04 Tbs * -> Sample	S006 BRS:TbsD_4 1*-	
Miroslav Vitous	Woodwind & Brass Ensembles	F01 Brass -> B04 Tbs * -> Sample	S007 BRS:TbsG_4 1*-	
Miroslav Vitous	Woodwind & Brass Ensembles	F01 Brass -> B04 Tbs * -> Sample	S008 BRS:TbsF_2 2*-	
Miroslav Vitous	Woodwind & Brass Ensembles	F01 Brass -> B04 Tbs * -> Sample	S009 BRS:TbsG_2 2*-	
Miroslav Vitous	Woodwind & Brass Ensembles	F01 Brass -> B04 Tbs * -> Sample	S010 BRS:TbsA#2 2*-	
Miroslav Vitous	Woodwind & Brass Ensembles	F01 Brass -> B04 Tbs * -> Sample	S011 BRS:TbsB_2 2*-	
Miroslav Vitous	Woodwind & Brass Ensembles	F01 Brass -> B04 Tbs * -> Sample	S012 BRS:TbsC#3 2*-	
Miroslav Vitous	Woodwind & Brass Ensembles	F01 Brass -> B04 Tbs * -> Sample	S013 BRS:TbsD#3 2*-	
Miroslav Vitous	Woodwind & Brass Ensembles	F01 Brass -> B04 Tbs * -> Sample	S014 BRS:TbsF_3 2*-	
Miroslav Vitous	Woodwind & Brass Ensembles	F01 Brass -> B04 Tbs * -> Sample	S015 BRS:TbsF#3 2*-	
Miroslav Vitous	Woodwind & Brass Ensembles	F01 Brass -> B04 Tbs * -> Sample	S016 BRS:TbsG#3 2*-	
Miroslav Vitous	Woodwind & Brass Ensembles	F01 Brass -> B04 Tbs * -> Sample	S017 BRS:TbsC_4 2*-	
Miroslav Vitous	Woodwind & Brass Ensembles	F01 Brass -> B04 Tbs * -> Sample	S018 BRS:TbsC#4 2*-	
Miroslav Vitous	Woodwind & Brass Ensembles	F01 Brass -> B04 Tbs * -> Sample	S019 BRS:TbsF#4 2*-	
Miroslav Vitous	Woodwind & Brass Ensembles	F01 Brass -> B04 Tbs * -> Sample	S020 BRS:TbsG#4 2*-	
Miroslav Vitous	Woodwind & Brass Ensembles	F01 Brass -> B04 Tbs * -> Sample	S021 BRS:TbsA_4 2*-	
Miroslav Vitous	Woodwind & Brass Ensembles	F01 Brass -> B04 Tbs * -> Sample	S022 BRS:TbsA#1 Pt-	
Miroslav Vitous	Woodwind & Brass Ensembles	F01 Brass -> B04 Tbs * -> Sample	S023 BRS:TbsC_2 Pt-	
Miroslav Vitous	Woodwind & Brass Ensembles	F01 Brass -> B04 Tbs * -> Sample	S024 BRS:TbsD#2 Pt-	
Miroslav Vitous	Woodwind & Brass Ensembles	F01 Brass -> B04 Tbs * -> Sample	S025 BRS:TbsF_2 Pt-	
Miroslav Vitous	Woodwind & Brass Ensembles	F01 Brass -> B04 Tbs * -> Sample	S026 BRS:TbsG_2 Pt-	
Miroslav Vitous	Woodwind & Brass Ensembles	F01 Brass -> B04 Tbs * -> Sample	S027 BRS:TbsA_2 Pt-	
Miroslav Vitous	Woodwind & Brass Ensembles	F01 Brass -> B04 Tbs * -> Sample	S028 BRS:TbsD_3 Pt-	
Miroslav Vitous	Woodwind & Brass Ensembles	F01 Brass -> B04 Tbs * -> Sample	S029 BRS:TbsD#3 Pt-	
Miroslav Vitous	Woodwind & Brass Ensembles	F01 Brass -> B04 Tbs * -> Sample	S030 BRS:TbsG#3 Pt-	
Miroslav Vitous	Woodwind & Brass Ensembles	F01 Brass -> B04 Tbs * -> Sample	S031 BRS:TbsA#3 Pt-	
Miroslav Vitous	Woodwind & Brass Ensembles	F01 Brass -> B04 Tbs * -> Sample	S032 BRS:TbsC#4 Pt-	
Miroslav Vitous	Woodwind & Brass Ensembles	F01 Brass -> B04 Tbs * -> Sample	S033 BRS:TbsD#4 Pt-	
Miroslav Vitous	Woodwind & Brass Ensembles	F01 Brass -> B04 Tbs * -> Sample	S034 BRS:TbsF_4 Pt-	
Miroslav Vitous	Woodwind & Brass Ensembles	F01 Brass -> B04 Tbs * -> Sample	S035 BRS:TbsG_4 Pt-	
Miroslav Vitous	Woodwind & Brass Ensembles	F01 Brass -> B04 Tbs * -> Sample	S036 BRS:TbsC_5 Pt-	
Miroslav Vitous	Woodwind & Brass Ensembles	F01 Brass -> B04 Tbs * -> Sample	S037 BRS:TbsA#1Stc-	
Miroslav Vitous	Woodwind & Brass Ensembles	F01 Brass -> B04 Tbs * -> Sample	S038 BRS:TbsC#2Stc-	
Miroslav Vitous	Woodwind & Brass Ensembles	F01 Brass -> B04 Tbs * -> Sample	S039 BRS:TbsD_2Stc-	
Miroslav Vitous	Woodwind & Brass Ensembles	F01 Brass -> B04 Tbs * -> Sample	S040 BRS:TbsG#2Stc-	
Miroslav Vitous	Woodwind & Brass Ensembles	F01 Brass -> B04 Tbs * -> Sample	S041 BRS:TbsA_2Stc-	
Miroslav Vitous	Woodwind & Brass Ensembles	F01 Brass -> B04 Tbs * -> Sample	S042 BRS:TbsA#2Stc-	
Miroslav Vitous	Woodwind & Brass Ensembles	F01 Brass -> B04 Tbs * -> Sample	S043 BRS:TbsC_3Stc-	
Miroslav Vitous	Woodwind & Brass Ensembles	F01 Brass -> B04 Tbs * -> Sample	S044 BRS:TbsD_3Stc-	
Miroslav Vitous	Woodwind & Brass Ensembles	F01 Brass -> B04 Tbs * -> Sample	S045 BRS:TbsE_3Stc-	
Miroslav Vitous	Woodwind & Brass Ensembles	F01 Brass -> B04 Tbs * -> Sample	S046 BRS:TbsF#3Stc-	
Miroslav Vitous	Woodwind & Brass Ensembles	F01 Brass -> B04 Tbs * -> Sample	S047 BRS:TbsG#3Stc-	
Miroslav Vitous	Woodwind & Brass Ensembles	F01 Brass -> B04 Tbs * -> Sample	S048 BRS:TbsB_3Stc-	
Miroslav Vitous	Woodwind & Brass Ensembles	F01 Brass -> B04 Tbs * -> Sample	S049 BRS:TbsC_4Stc-	
Miroslav Vitous	Woodwind & Brass Ensembles	F01 Brass -> B04 Tbs * -> Sample	S050 BRS:TbsE_4Stc-	
Miroslav Vitous	Woodwind & Brass Ensembles	F01 Brass -> B04 Tbs * -> Sample	S051 BRS:TbsF_4Stc-	
Miroslav Vitous	Woodwind & Brass Ensembles	F01 Brass -> B05 Tbs -> Preset	P000 Tbs	
Miroslav Vitous	Woodwind & Brass Ensembles	F01 Brass -> B05 Tbs -> Preset	P001 Tbs Lite	
Miroslav Vitous	Woodwind & Brass Ensembles	F01 Brass -> B05 Tbs -> Preset	P002 Tbs ff	
Miroslav Vitous	Woodwind & Brass Ensembles	F01 Brass -> B05 Tbs -> Preset	P003 Tbs Port	
Miroslav Vitous	Woodwind & Brass Ensembles	F01 Brass -> B05 Tbs -> Preset	P004 Tbs Stacc	
Miroslav Vitous	Woodwind & Brass Ensembles	F01 Brass -> B05 Tbs -> Sample	S000 BRS:TbsB_1 1 -	
Miroslav Vitous	Woodwind & Brass Ensembles	F01 Brass -> B05 Tbs -> Sample	S001 BRS:TbsD_2 1 -	
Miroslav Vitous	Woodwind & Brass Ensembles	F01 Brass -> B05 Tbs -> Sample	S002 BRS:TbsG_2 1 -	
Miroslav Vitous	Woodwind & Brass Ensembles	F01 Brass -> B05 Tbs -> Sample	S003 BRS:TbsA#2 1 -	
Miroslav Vitous	Woodwind & Brass Ensembles	F01 Brass -> B05 Tbs -> Sample	S004 BRS:TbsD_3 1 -	
Miroslav Vitous	Woodwind & Brass Ensembles	F01 Brass -> B05 Tbs -> Sample	S005 BRS:TbsE_3 1 -	
Miroslav Vitous	Woodwind & Brass Ensembles	F01 Brass -> B05 Tbs -> Sample	S006 BRS:TbsF_3 1 -	
Miroslav Vitous	Woodwind & Brass Ensembles	F01 Brass -> B05 Tbs -> Sample	S007 BRS:TbsG_3 1 -	
Miroslav Vitous	Woodwind & Brass Ensembles	F01 Brass -> B05 Tbs -> Sample	S008 BRS:TbsA_3 1 -	
Miroslav Vitous	Woodwind & Brass Ensembles	F01 Brass -> B05 Tbs -> Sample	S009 BRS:TbsC_4 1 -	
Miroslav Vitous	Woodwind & Brass Ensembles	F01 Brass -> B05 Tbs -> Sample	S010 BRS:TbsD_4 1 -	
Miroslav Vitous	Woodwind & Brass Ensembles	F01 Brass -> B05 Tbs -> Sample	S011 BRS:TbsG_4 1 -	
Miroslav Vitous	Woodwind & Brass Ensembles	F01 Brass -> B05 Tbs -> Sample	S012 BRS:TbsF_2 2 -	
Miroslav Vitous	Woodwind & Brass Ensembles	F01 Brass -> B05 Tbs -> Sample	S013 BRS:TbsG_2 2 -	
Miroslav Vitous	Woodwind & Brass Ensembles	F01 Brass -> B05 Tbs -> Sample	S014 BRS:TbsA#2 2 -	
Miroslav Vitous	Woodwind & Brass Ensembles	F01 Brass -> B05 Tbs -> Sample	S015 BRS:TbsB_2 2 -	
Miroslav Vitous	Woodwind & Brass Ensembles	F01 Brass -> B05 Tbs -> Sample	S016 BRS:TbsC#3 2 -	
Miroslav Vitous	Woodwind & Brass Ensembles	F01 Brass -> B05 Tbs -> Sample	S017 BRS:TbsD#3 2 -	
Miroslav Vitous	Woodwind & Brass Ensembles	F01 Brass -> B05 Tbs -> Sample	S018 BRS:TbsE_3 2 -	
Miroslav Vitous	Woodwind & Brass Ensembles	F01 Brass -> B05 Tbs -> Sample	S019 BRS:TbsF_3 2 -	
Miroslav Vitous	Woodwind & Brass Ensembles	F01 Brass -> B05 Tbs -> Sample	S020 BRS:TbsF#3 2 -	
Miroslav Vitous	Woodwind & Brass Ensembles	F01 Brass -> B05 Tbs -> Sample	S021 BRS:TbsG#3 2 -	
Miroslav Vitous	Woodwind & Brass Ensembles	F01 Brass -> B05 Tbs -> Sample	S022 BRS:TbsC_4 2 -	
Miroslav Vitous	Woodwind & Brass Ensembles	F01 Brass -> B05 Tbs -> Sample	S023 BRS:TbsC#4 2 -	
Miroslav Vitous	Woodwind & Brass Ensembles	F01 Brass -> B05 Tbs -> Sample	S024 BRS:TbsF#4 2 -	
Miroslav Vitous	Woodwind & Brass Ensembles	F01 Brass -> B05 Tbs -> Sample	S025 BRS:TbsG#4 2 -	
Miroslav Vitous	Woodwind & Brass Ensembles	F01 Brass -> B05 Tbs -> Sample	S026 BRS:TbsA_4 2 -	
Miroslav Vitous	Woodwind & Brass Ensembles	F01 Brass -> B05 Tbs -> Sample	S027 BRS:TbsA#1 Pt-	
Miroslav Vitous	Woodwind & Brass Ensembles	F01 Brass -> B05 Tbs -> Sample	S028 BRS:TbsC_2 Pt-	
Miroslav Vitous	Woodwind & Brass Ensembles	F01 Brass -> B05 Tbs -> Sample	S029 BRS:TbsD#2 Pt-	
Miroslav Vitous	Woodwind & Brass Ensembles	F01 Brass -> B05 Tbs -> Sample	S030 BRS:TbsF_2 Pt-	
Miroslav Vitous	Woodwind & Brass Ensembles	F01 Brass -> B05 Tbs -> Sample	S031 BRS:TbsG_2 Pt-	
Miroslav Vitous	Woodwind & Brass Ensembles	F01 Brass -> B05 Tbs -> Sample	S032 BRS:TbsA_2 Pt-	
Miroslav Vitous	Woodwind & Brass Ensembles	F01 Brass -> B05 Tbs -> Sample	S033 BRS:TbsD_3 Pt-	
Miroslav Vitous	Woodwind & Brass Ensembles	F01 Brass -> B05 Tbs -> Sample	S034 BRS:TbsD#3 Pt-	
Miroslav Vitous	Woodwind & Brass Ensembles	F01 Brass -> B05 Tbs -> Sample	S035 BRS:TbsG#3 Pt-	
Miroslav Vitous	Woodwind & Brass Ensembles	F01 Brass -> B05 Tbs -> Sample	S036 BRS:TbsA#3 Pt-	
Miroslav Vitous	Woodwind & Brass Ensembles	F01 Brass -> B05 Tbs -> Sample	S037 BRS:TbsC#4 Pt-	
Miroslav Vitous	Woodwind & Brass Ensembles	F01 Brass -> B05 Tbs -> Sample	S038 BRS:TbsD#4 Pt-	
Miroslav Vitous	Woodwind & Brass Ensembles	F01 Brass -> B05 Tbs -> Sample	S039 BRS:TbsF_4 Pt-	
Miroslav Vitous	Woodwind & Brass Ensembles	F01 Brass -> B05 Tbs -> Sample	S040 BRS:TbsG_4 Pt-	
Miroslav Vitous	Woodwind & Brass Ensembles	F01 Brass -> B05 Tbs -> Sample	S041 BRS:TbsC_5 Pt-	
Miroslav Vitous	Woodwind & Brass Ensembles	F01 Brass -> B05 Tbs -> Sample	S042 BRS:TbsA#1Stc-	
Miroslav Vitous	Woodwind & Brass Ensembles	F01 Brass -> B05 Tbs -> Sample	S043 BRS:TbsC#2Stc-	
Miroslav Vitous	Woodwind & Brass Ensembles	F01 Brass -> B05 Tbs -> Sample	S044 BRS:TbsD_2Stc-	
Miroslav Vitous	Woodwind & Brass Ensembles	F01 Brass -> B05 Tbs -> Sample	S045 BRS:TbsG#2Stc-	
Miroslav Vitous	Woodwind & Brass Ensembles	F01 Brass -> B05 Tbs -> Sample	S046 BRS:TbsA_2Stc-	
Miroslav Vitous	Woodwind & Brass Ensembles	F01 Brass -> B05 Tbs -> Sample	S047 BRS:TbsA#2Stc-	
Miroslav Vitous	Woodwind & Brass Ensembles	F01 Brass -> B05 Tbs -> Sample	S048 BRS:TbsC_3Stc-	
Miroslav Vitous	Woodwind & Brass Ensembles	F01 Brass -> B05 Tbs -> Sample	S049 BRS:TbsD_3Stc-	
Miroslav Vitous	Woodwind & Brass Ensembles	F01 Brass -> B05 Tbs -> Sample	S050 BRS:TbsE_3Stc-	
Miroslav Vitous	Woodwind & Brass Ensembles	F01 Brass -> B05 Tbs -> Sample	S051 BRS:TbsF#3Stc-	
Miroslav Vitous	Woodwind & Brass Ensembles	F01 Brass -> B05 Tbs -> Sample	S052 BRS:TbsG#3Stc-	
Miroslav Vitous	Woodwind & Brass Ensembles	F01 Brass -> B05 Tbs -> Sample	S053 BRS:TbsB_3Stc-	
Miroslav Vitous	Woodwind & Brass Ensembles	F01 Brass -> B05 Tbs -> Sample	S054 BRS:TbsC_4Stc-	
Miroslav Vitous	Woodwind & Brass Ensembles	F01 Brass -> B05 Tbs -> Sample	S055 BRS:TbsE_4Stc-	
Miroslav Vitous	Woodwind & Brass Ensembles	F01 Brass -> B05 Tbs -> Sample	S056 BRS:TbsF_4Stc-	
Miroslav Vitous	Woodwind & Brass Ensembles	F01 Brass -> B06 Tbs Mute -> Preset	P000 Tbs Mute	
Miroslav Vitous	Woodwind & Brass Ensembles	F01 Brass -> B06 Tbs Mute -> Preset	P001 Tbs Mute Stacc	
Miroslav Vitous	Woodwind & Brass Ensembles	F01 Brass -> B06 Tbs Mute -> Sample	S000 BRS:TbsE_2 Mt-	
Miroslav Vitous	Woodwind & Brass Ensembles	F01 Brass -> B06 Tbs Mute -> Sample	S001 BRS:TbsG_2 Mt-	
Miroslav Vitous	Woodwind & Brass Ensembles	F01 Brass -> B06 Tbs Mute -> Sample	S002 BRS:TbsA#2 Mt-	
Miroslav Vitous	Woodwind & Brass Ensembles	F01 Brass -> B06 Tbs Mute -> Sample	S003 BRS:TbsD_3 Mt-	
Miroslav Vitous	Woodwind & Brass Ensembles	F01 Brass -> B06 Tbs Mute -> Sample	S004 BRS:TbsF#3 Mt-	
Miroslav Vitous	Woodwind & Brass Ensembles	F01 Brass -> B06 Tbs Mute -> Sample	S005 BRS:TbsA#3 Mt-	
Miroslav Vitous	Woodwind & Brass Ensembles	F01 Brass -> B06 Tbs Mute -> Sample	S006 BRS:TbsD_4 Mt-	
Miroslav Vitous	Woodwind & Brass Ensembles	F01 Brass -> B06 Tbs Mute -> Sample	S007 BRS:TbsF_4 Mt-	
Miroslav Vitous	Woodwind & Brass Ensembles	F01 Brass -> B06 Tbs Mute -> Sample	S008 BRS:TbsA_4 Mt-	
Miroslav Vitous	Woodwind & Brass Ensembles	F01 Brass -> B06 Tbs Mute -> Sample	S009 BRS:TbsC_5 Mt-	
Miroslav Vitous	Woodwind & Brass Ensembles	F01 Brass -> B06 Tbs Mute -> Sample	S010 BRS:TbsF_2STC-	
Miroslav Vitous	Woodwind & Brass Ensembles	F01 Brass -> B06 Tbs Mute -> Sample	S011 BRS:TbsA_2STC-	
Miroslav Vitous	Woodwind & Brass Ensembles	F01 Brass -> B06 Tbs Mute -> Sample	S012 BRS:TbsC#3STC-	
Miroslav Vitous	Woodwind & Brass Ensembles	F01 Brass -> B06 Tbs Mute -> Sample	S013 BRS:TbsD#3STC-	
Miroslav Vitous	Woodwind & Brass Ensembles	F01 Brass -> B06 Tbs Mute -> Sample	S014 BRS:TbsE_3STC-	
Miroslav Vitous	Woodwind & Brass Ensembles	F01 Brass -> B06 Tbs Mute -> Sample	S015 BRS:TbsF#3STC-	
Miroslav Vitous	Woodwind & Brass Ensembles	F01 Brass -> B06 Tbs Mute -> Sample	S016 BRS:TbsA_3STC-	
Miroslav Vitous	Woodwind & Brass Ensembles	F01 Brass -> B06 Tbs Mute -> Sample	S017 BRS:TbsB_3STC-	
Miroslav Vitous	Woodwind & Brass Ensembles	F01 Brass -> B06 Tbs Mute -> Sample	S018 BRS:TbsC#4STC-	
Miroslav Vitous	Woodwind & Brass Ensembles	F01 Brass -> B06 Tbs Mute -> Sample	S019 BRS:TbsF_4STC-	
Miroslav Vitous	Woodwind & Brass Ensembles	F01 Brass -> B06 Tbs Mute -> Sample	S020 BRS:TbsC_5STC-	
Miroslav Vitous	Woodwind & Brass Ensembles	F01 Brass -> B07 F.Hrns Links -> Preset	P000 %Fr.Hns LN/Porta	
Miroslav Vitous	Woodwind & Brass Ensembles	F01 Brass -> B07 F.Hrns Links -> Preset	P001 %Fr.Hns Port/St	
Miroslav Vitous	Woodwind & Brass Ensembles	F01 Brass -> B07 F.Hrns Links -> Preset	P002 %Fr.Hns LN/Po/St	
Miroslav Vitous	Woodwind & Brass Ensembles	F01 Brass -> B07 F.Hrns Links -> Preset	P003 Untitled Preset	
Miroslav Vitous	Woodwind & Brass Ensembles	F01 Brass -> B07 F.Hrns Links -> Preset	P004 Untitled Preset	
Miroslav Vitous	Woodwind & Brass Ensembles	F01 Brass -> B07 F.Hrns Links -> Preset	P005 Untitled Preset	
Miroslav Vitous	Woodwind & Brass Ensembles	F01 Brass -> B07 F.Hrns Links -> Preset	P006 Untitled Preset	
Miroslav Vitous	Woodwind & Brass Ensembles	F01 Brass -> B07 F.Hrns Links -> Preset	P007 Untitled Preset	
Miroslav Vitous	Woodwind & Brass Ensembles	F01 Brass -> B07 F.Hrns Links -> Preset	P008 Untitled Preset	
Miroslav Vitous	Woodwind & Brass Ensembles	F01 Brass -> B07 F.Hrns Links -> Preset	P009 Untitled Preset	
Miroslav Vitous	Woodwind & Brass Ensembles	F01 Brass -> B07 F.Hrns Links -> Preset	P010 Untitled Preset	
Miroslav Vitous	Woodwind & Brass Ensembles	F01 Brass -> B07 F.Hrns Links -> Preset	P011 F.Hns *	
Miroslav Vitous	Woodwind & Brass Ensembles	F01 Brass -> B07 F.Hrns Links -> Preset	P012 F.Hns Port	
Miroslav Vitous	Woodwind & Brass Ensembles	F01 Brass -> B07 F.Hrns Links -> Preset	P013 F.Hns Stacc	
Miroslav Vitous	Woodwind & Brass Ensembles	F01 Brass -> B07 F.Hrns Links -> Sample	S000 BRS:FHnsF#2 1-	
Miroslav Vitous	Woodwind & Brass Ensembles	F01 Brass -> B07 F.Hrns Links -> Sample	S001 BRS:FHnsB_2 1-	
Miroslav Vitous	Woodwind & Brass Ensembles	F01 Brass -> B07 F.Hrns Links -> Sample	S002 BRS:FHnsG_3 1-	
Miroslav Vitous	Woodwind & Brass Ensembles	F01 Brass -> B07 F.Hrns Links -> Sample	S003 BRS:FHnsB_3 1-	
Miroslav Vitous	Woodwind & Brass Ensembles	F01 Brass -> B07 F.Hrns Links -> Sample	S004 BRS:FHnsD#4 1-	
Miroslav Vitous	Woodwind & Brass Ensembles	F01 Brass -> B07 F.Hrns Links -> Sample	S005 BRS:FHnsG_4 1-	
Miroslav Vitous	Woodwind & Brass Ensembles	F01 Brass -> B07 F.Hrns Links -> Sample	S006 BRS:FHnsB_4 1-	
Miroslav Vitous	Woodwind & Brass Ensembles	F01 Brass -> B07 F.Hrns Links -> Sample	S007 BRS:HnsF_2Prt-	
Miroslav Vitous	Woodwind & Brass Ensembles	F01 Brass -> B07 F.Hrns Links -> Sample	S008 BRS:HnsG#2Prt-	
Miroslav Vitous	Woodwind & Brass Ensembles	F01 Brass -> B07 F.Hrns Links -> Sample	S009 BRS:HnsC_3Prt-	
Miroslav Vitous	Woodwind & Brass Ensembles	F01 Brass -> B07 F.Hrns Links -> Sample	S010 BRS:HnsD_3Prt-	
Miroslav Vitous	Woodwind & Brass Ensembles	F01 Brass -> B07 F.Hrns Links -> Sample	S011 BRS:HnsF_3Prt-	
Miroslav Vitous	Woodwind & Brass Ensembles	F01 Brass -> B07 F.Hrns Links -> Sample	S012 BRS:HnsA_3Prt-	
Miroslav Vitous	Woodwind & Brass Ensembles	F01 Brass -> B07 F.Hrns Links -> Sample	S013 BRS:HnsB_3Prt-	
Miroslav Vitous	Woodwind & Brass Ensembles	F01 Brass -> B07 F.Hrns Links -> Sample	S014 BRS:HnsC#4Prt-	
Miroslav Vitous	Woodwind & Brass Ensembles	F01 Brass -> B07 F.Hrns Links -> Sample	S015 BRS:HnsE_4Prt-	
Miroslav Vitous	Woodwind & Brass Ensembles	F01 Brass -> B07 F.Hrns Links -> Sample	S016 BRS:HnsG_4Prt-	
Miroslav Vitous	Woodwind & Brass Ensembles	F01 Brass -> B07 F.Hrns Links -> Sample	S017 BRS:HnsB_4Prt-	
Miroslav Vitous	Woodwind & Brass Ensembles	F01 Brass -> B07 F.Hrns Links -> Sample	S018 BRS:HnsF#2Stc-	
Miroslav Vitous	Woodwind & Brass Ensembles	F01 Brass -> B07 F.Hrns Links -> Sample	S019 BRS:HnsB_2Stc-	
Miroslav Vitous	Woodwind & Brass Ensembles	F01 Brass -> B07 F.Hrns Links -> Sample	S020 BRS:HnsC#3Stc-	
Miroslav Vitous	Woodwind & Brass Ensembles	F01 Brass -> B07 F.Hrns Links -> Sample	S021 BRS:HnsD#3Stc-	
Miroslav Vitous	Woodwind & Brass Ensembles	F01 Brass -> B07 F.Hrns Links -> Sample	S022 BRS:HnsG_3Stc-	
Miroslav Vitous	Woodwind & Brass Ensembles	F01 Brass -> B07 F.Hrns Links -> Sample	S023 BRS:HnsB_3Stc-	
Miroslav Vitous	Woodwind & Brass Ensembles	F01 Brass -> B07 F.Hrns Links -> Sample	S024 BRS:HnsC#4Stc-	
Miroslav Vitous	Woodwind & Brass Ensembles	F01 Brass -> B07 F.Hrns Links -> Sample	S025 BRS:HnsD#4Stc-	
Miroslav Vitous	Woodwind & Brass Ensembles	F01 Brass -> B07 F.Hrns Links -> Sample	S026 BRS:HnsF_4Stc-	
Miroslav Vitous	Woodwind & Brass Ensembles	F01 Brass -> B07 F.Hrns Links -> Sample	S027 BRS:HnsA_4Stc-	
Miroslav Vitous	Woodwind & Brass Ensembles	F01 Brass -> B07 F.Hrns Links -> Sample	S028 BRS:HnsC#5Stc-	
Miroslav Vitous	Woodwind & Brass Ensembles	F01 Brass -> B08 Tps Links -> Preset	P000 %Tps LN/Porta	
Miroslav Vitous	Woodwind & Brass Ensembles	F01 Brass -> B08 Tps Links -> Preset	P001 %Tps Porta/Stacc	
Miroslav Vitous	Woodwind & Brass Ensembles	F01 Brass -> B08 Tps Links -> Preset	P002 %Tps LN/Po/Stacc	
Miroslav Vitous	Woodwind & Brass Ensembles	F01 Brass -> B08 Tps Links -> Preset	P003 Untitled Preset	
Miroslav Vitous	Woodwind & Brass Ensembles	F01 Brass -> B08 Tps Links -> Preset	P004 Untitled Preset	
Miroslav Vitous	Woodwind & Brass Ensembles	F01 Brass -> B08 Tps Links -> Preset	P005 Untitled Preset	
Miroslav Vitous	Woodwind & Brass Ensembles	F01 Brass -> B08 Tps Links -> Preset	P006 Untitled Preset	
Miroslav Vitous	Woodwind & Brass Ensembles	F01 Brass -> B08 Tps Links -> Preset	P007 Untitled Preset	
Miroslav Vitous	Woodwind & Brass Ensembles	F01 Brass -> B08 Tps Links -> Preset	P008 Untitled Preset	
Miroslav Vitous	Woodwind & Brass Ensembles	F01 Brass -> B08 Tps Links -> Preset	P009 Untitled Preset	
Miroslav Vitous	Woodwind & Brass Ensembles	F01 Brass -> B08 Tps Links -> Preset	P010 Untitled Preset	
Miroslav Vitous	Woodwind & Brass Ensembles	F01 Brass -> B08 Tps Links -> Preset	P011 Tps *	
Miroslav Vitous	Woodwind & Brass Ensembles	F01 Brass -> B08 Tps Links -> Preset	P012 Tps Port 1	
Miroslav Vitous	Woodwind & Brass Ensembles	F01 Brass -> B08 Tps Links -> Preset	P013 Tps Stacc 1	
Miroslav Vitous	Woodwind & Brass Ensembles	F01 Brass -> B08 Tps Links -> Sample	S000 BRS:Tps G_31*-	
Miroslav Vitous	Woodwind & Brass Ensembles	F01 Brass -> B08 Tps Links -> Sample	S001 BRS:Tps C#41*-	
Miroslav Vitous	Woodwind & Brass Ensembles	F01 Brass -> B08 Tps Links -> Sample	S002 BRS:Tps F#41*-	
Miroslav Vitous	Woodwind & Brass Ensembles	F01 Brass -> B08 Tps Links -> Sample	S003 BRS:Tps B_41*-	
Miroslav Vitous	Woodwind & Brass Ensembles	F01 Brass -> B08 Tps Links -> Sample	S004 BRS:Tps C#51*-	
Miroslav Vitous	Woodwind & Brass Ensembles	F01 Brass -> B08 Tps Links -> Sample	S005 BRS:Tps F#51*-	
Miroslav Vitous	Woodwind & Brass Ensembles	F01 Brass -> B08 Tps Links -> Sample	S006 BRS:TpsE_3Pt1-	
Miroslav Vitous	Woodwind & Brass Ensembles	F01 Brass -> B08 Tps Links -> Sample	S007 BRS:TpsF_3Pt1-	
Miroslav Vitous	Woodwind & Brass Ensembles	F01 Brass -> B08 Tps Links -> Sample	S008 BRS:TpsF#3Pt1-	
Miroslav Vitous	Woodwind & Brass Ensembles	F01 Brass -> B08 Tps Links -> Sample	S009 BRS:TpsG_3Pt1-	
Miroslav Vitous	Woodwind & Brass Ensembles	F01 Brass -> B08 Tps Links -> Sample	S010 BRS:TpsA_3Pt1-	
Miroslav Vitous	Woodwind & Brass Ensembles	F01 Brass -> B08 Tps Links -> Sample	S011 BRS:TpsB_3Pt1-	
Miroslav Vitous	Woodwind & Brass Ensembles	F01 Brass -> B08 Tps Links -> Sample	S012 BRS:TpsD#4Pt1-	
Miroslav Vitous	Woodwind & Brass Ensembles	F01 Brass -> B08 Tps Links -> Sample	S013 BRS:TpsF_4Pt1-	
Miroslav Vitous	Woodwind & Brass Ensembles	F01 Brass -> B08 Tps Links -> Sample	S014 BRS:TpsF#4Pt1-	
Miroslav Vitous	Woodwind & Brass Ensembles	F01 Brass -> B08 Tps Links -> Sample	S015 BRS:TpsG_4Pt1-	
Miroslav Vitous	Woodwind & Brass Ensembles	F01 Brass -> B08 Tps Links -> Sample	S016 BRS:TpsA#4Pt1-	
Miroslav Vitous	Woodwind & Brass Ensembles	F01 Brass -> B08 Tps Links -> Sample	S017 BRS:TpsC#5Pt1-	
Miroslav Vitous	Woodwind & Brass Ensembles	F01 Brass -> B08 Tps Links -> Sample	S018 BRS:TpsD_5Pt1-	
Miroslav Vitous	Woodwind & Brass Ensembles	F01 Brass -> B08 Tps Links -> Sample	S019 BRS:TpsE_5Pt1-	
Miroslav Vitous	Woodwind & Brass Ensembles	F01 Brass -> B08 Tps Links -> Sample	S020 BRS:TpsF_5Pt1-	
Miroslav Vitous	Woodwind & Brass Ensembles	F01 Brass -> B08 Tps Links -> Sample	S021 BRS:TpsA#5Pt1-	
Miroslav Vitous	Woodwind & Brass Ensembles	F01 Brass -> B08 Tps Links -> Sample	S022 BRS:TpsB_5Pt1-	
Miroslav Vitous	Woodwind & Brass Ensembles	F01 Brass -> B08 Tps Links -> Sample	S023 BRS:TpsF#3Sc1-	
Miroslav Vitous	Woodwind & Brass Ensembles	F01 Brass -> B08 Tps Links -> Sample	S024 BRS:TpsA_3Sc1-	
Miroslav Vitous	Woodwind & Brass Ensembles	F01 Brass -> B08 Tps Links -> Sample	S025 BRS:TpsB_3Sc1-	
Miroslav Vitous	Woodwind & Brass Ensembles	F01 Brass -> B08 Tps Links -> Sample	S026 BRS:TpsC#4Sc1-	
Miroslav Vitous	Woodwind & Brass Ensembles	F01 Brass -> B08 Tps Links -> Sample	S027 BRS:TpsE_4Sc1-	
Miroslav Vitous	Woodwind & Brass Ensembles	F01 Brass -> B08 Tps Links -> Sample	S028 BRS:TpsG#4Sc1-	
Miroslav Vitous	Woodwind & Brass Ensembles	F01 Brass -> B08 Tps Links -> Sample	S029 BRS:TpsC_5Sc1-	
Miroslav Vitous	Woodwind & Brass Ensembles	F01 Brass -> B08 Tps Links -> Sample	S030 BRS:TpsD#5Sc1-	
Miroslav Vitous	Woodwind & Brass Ensembles	F01 Brass -> B08 Tps Links -> Sample	S031 BRS:TpsE_5Sc1-	
Miroslav Vitous	Woodwind & Brass Ensembles	F01 Brass -> B08 Tps Links -> Sample	S032 BRS:TpsF#5Sc1-	
Miroslav Vitous	Woodwind & Brass Ensembles	F01 Brass -> B08 Tps Links -> Sample	S033 BRS:TpsB_5Sc1-	
Miroslav Vitous	Woodwind & Brass Ensembles	F01 Brass -> B09 Tbs Links -> Preset	P000 %Tbs LN/Porta	
Miroslav Vitous	Woodwind & Brass Ensembles	F01 Brass -> B09 Tbs Links -> Preset	P001 %Tbs Porta/Stac	
Miroslav Vitous	Woodwind & Brass Ensembles	F01 Brass -> B09 Tbs Links -> Preset	P002 %Tbs LN/Po/Stac	
Miroslav Vitous	Woodwind & Brass Ensembles	F01 Brass -> B09 Tbs Links -> Preset	P003 Untitled Preset	
Miroslav Vitous	Woodwind & Brass Ensembles	F01 Brass -> B09 Tbs Links -> Preset	P004 Untitled Preset	
Miroslav Vitous	Woodwind & Brass Ensembles	F01 Brass -> B09 Tbs Links -> Preset	P005 Untitled Preset	
Miroslav Vitous	Woodwind & Brass Ensembles	F01 Brass -> B09 Tbs Links -> Preset	P006 Untitled Preset	
Miroslav Vitous	Woodwind & Brass Ensembles	F01 Brass -> B09 Tbs Links -> Preset	P007 Untitled Preset	
Miroslav Vitous	Woodwind & Brass Ensembles	F01 Brass -> B09 Tbs Links -> Preset	P008 Untitled Preset	
Miroslav Vitous	Woodwind & Brass Ensembles	F01 Brass -> B09 Tbs Links -> Preset	P009 Untitled Preset	
Miroslav Vitous	Woodwind & Brass Ensembles	F01 Brass -> B09 Tbs Links -> Preset	P010 Untitled Preset	
Miroslav Vitous	Woodwind & Brass Ensembles	F01 Brass -> B09 Tbs Links -> Preset	P011 Tbs Lite *	
Miroslav Vitous	Woodwind & Brass Ensembles	F01 Brass -> B09 Tbs Links -> Preset	P012 Tbs Port	
Miroslav Vitous	Woodwind & Brass Ensembles	F01 Brass -> B09 Tbs Links -> Preset	P013 Tbs Stacc	
Miroslav Vitous	Woodwind & Brass Ensembles	F01 Brass -> B09 Tbs Links -> Sample	S000 BRS:TbsB_1 1*-	
Miroslav Vitous	Woodwind & Brass Ensembles	F01 Brass -> B09 Tbs Links -> Sample	S001 BRS:TbsD_2 1*-	
Miroslav Vitous	Woodwind & Brass Ensembles	F01 Brass -> B09 Tbs Links -> Sample	S002 BRS:TbsG_2 1*-	
Miroslav Vitous	Woodwind & Brass Ensembles	F01 Brass -> B09 Tbs Links -> Sample	S003 BRS:TbsD_3 1*-	
Miroslav Vitous	Woodwind & Brass Ensembles	F01 Brass -> B09 Tbs Links -> Sample	S004 BRS:TbsF_3 1*-	
Miroslav Vitous	Woodwind & Brass Ensembles	F01 Brass -> B09 Tbs Links -> Sample	S005 BRS:TbsA_3 1*-	
Miroslav Vitous	Woodwind & Brass Ensembles	F01 Brass -> B09 Tbs Links -> Sample	S006 BRS:TbsD_4 1*-	
Miroslav Vitous	Woodwind & Brass Ensembles	F01 Brass -> B09 Tbs Links -> Sample	S007 BRS:TbsG_4 1*-	
Miroslav Vitous	Woodwind & Brass Ensembles	F01 Brass -> B09 Tbs Links -> Sample	S008 BRS:TbsA#1 Pt-	
Miroslav Vitous	Woodwind & Brass Ensembles	F01 Brass -> B09 Tbs Links -> Sample	S009 BRS:TbsC_2 Pt-	
Miroslav Vitous	Woodwind & Brass Ensembles	F01 Brass -> B09 Tbs Links -> Sample	S010 BRS:TbsD#2 Pt-	
Miroslav Vitous	Woodwind & Brass Ensembles	F01 Brass -> B09 Tbs Links -> Sample	S011 BRS:TbsF_2 Pt-	
Miroslav Vitous	Woodwind & Brass Ensembles	F01 Brass -> B09 Tbs Links -> Sample	S012 BRS:TbsG_2 Pt-	
Miroslav Vitous	Woodwind & Brass Ensembles	F01 Brass -> B09 Tbs Links -> Sample	S013 BRS:TbsA_2 Pt-	
Miroslav Vitous	Woodwind & Brass Ensembles	F01 Brass -> B09 Tbs Links -> Sample	S014 BRS:TbsD_3 Pt-	
Miroslav Vitous	Woodwind & Brass Ensembles	F01 Brass -> B09 Tbs Links -> Sample	S015 BRS:TbsD#3 Pt-	
Miroslav Vitous	Woodwind & Brass Ensembles	F01 Brass -> B09 Tbs Links -> Sample	S016 BRS:TbsG#3 Pt-	
Miroslav Vitous	Woodwind & Brass Ensembles	F01 Brass -> B09 Tbs Links -> Sample	S017 BRS:TbsA#3 Pt-	
Miroslav Vitous	Woodwind & Brass Ensembles	F01 Brass -> B09 Tbs Links -> Sample	S018 BRS:TbsC#4 Pt-	
Miroslav Vitous	Woodwind & Brass Ensembles	F01 Brass -> B09 Tbs Links -> Sample	S019 BRS:TbsD#4 Pt-	
Miroslav Vitous	Woodwind & Brass Ensembles	F01 Brass -> B09 Tbs Links -> Sample	S020 BRS:TbsF_4 Pt-	
Miroslav Vitous	Woodwind & Brass Ensembles	F01 Brass -> B09 Tbs Links -> Sample	S021 BRS:TbsG_4 Pt-	
Miroslav Vitous	Woodwind & Brass Ensembles	F01 Brass -> B09 Tbs Links -> Sample	S022 BRS:TbsC_5 Pt-	
Miroslav Vitous	Woodwind & Brass Ensembles	F01 Brass -> B09 Tbs Links -> Sample	S023 BRS:TbsA#1Stc-	
Miroslav Vitous	Woodwind & Brass Ensembles	F01 Brass -> B09 Tbs Links -> Sample	S024 BRS:TbsC#2Stc-	
Miroslav Vitous	Woodwind & Brass Ensembles	F01 Brass -> B09 Tbs Links -> Sample	S025 BRS:TbsD_2Stc-	
Miroslav Vitous	Woodwind & Brass Ensembles	F01 Brass -> B09 Tbs Links -> Sample	S026 BRS:TbsG#2Stc-	
Miroslav Vitous	Woodwind & Brass Ensembles	F01 Brass -> B09 Tbs Links -> Sample	S027 BRS:TbsA_2Stc-	
Miroslav Vitous	Woodwind & Brass Ensembles	F01 Brass -> B09 Tbs Links -> Sample	S028 BRS:TbsA#2Stc-	
Miroslav Vitous	Woodwind & Brass Ensembles	F01 Brass -> B09 Tbs Links -> Sample	S029 BRS:TbsC_3Stc-	
Miroslav Vitous	Woodwind & Brass Ensembles	F01 Brass -> B09 Tbs Links -> Sample	S030 BRS:TbsD_3Stc-	
Miroslav Vitous	Woodwind & Brass Ensembles	F01 Brass -> B09 Tbs Links -> Sample	S031 BRS:TbsE_3Stc-	
Miroslav Vitous	Woodwind & Brass Ensembles	F01 Brass -> B09 Tbs Links -> Sample	S032 BRS:TbsF#3Stc-	
Miroslav Vitous	Woodwind & Brass Ensembles	F01 Brass -> B09 Tbs Links -> Sample	S033 BRS:TbsG#3Stc-	
Miroslav Vitous	Woodwind & Brass Ensembles	F01 Brass -> B09 Tbs Links -> Sample	S034 BRS:TbsB_3Stc-	
Miroslav Vitous	Woodwind & Brass Ensembles	F01 Brass -> B09 Tbs Links -> Sample	S035 BRS:TbsC_4Stc-	
Miroslav Vitous	Woodwind & Brass Ensembles	F01 Brass -> B09 Tbs Links -> Sample	S036 BRS:TbsE_4Stc-	
Miroslav Vitous	Woodwind & Brass Ensembles	F01 Brass -> B09 Tbs Links -> Sample	S037 BRS:TbsF_4Stc-	
Miroslav Vitous	Woodwind & Brass Ensembles	F02 Banks W&B -> B00 Woodwinds -> Preset	P000 Fls/Obs	
Miroslav Vitous	Woodwind & Brass Ensembles	F02 Banks W&B -> B00 Woodwinds -> Preset	P001 Fls/Obs/Cls	
Miroslav Vitous	Woodwind & Brass Ensembles	F02 Banks W&B -> B00 Woodwinds -> Preset	P002 Fls/Cls	
Miroslav Vitous	Woodwind & Brass Ensembles	F02 Banks W&B -> B00 Woodwinds -> Preset	P003 Fls/Bns	
Miroslav Vitous	Woodwind & Brass Ensembles	F02 Banks W&B -> B00 Woodwinds -> Preset	P004 Obs/Cls	
Miroslav Vitous	Woodwind & Brass Ensembles	F02 Banks W&B -> B00 Woodwinds -> Preset	P005 Bns/Obs/Fls	
Miroslav Vitous	Woodwind & Brass Ensembles	F02 Banks W&B -> B00 Woodwinds -> Preset	P006 Bns/Obs	
Miroslav Vitous	Woodwind & Brass Ensembles	F02 Banks W&B -> B00 Woodwinds -> Preset	P007 Bns/Obs/Cls	
Miroslav Vitous	Woodwind & Brass Ensembles	F02 Banks W&B -> B00 Woodwinds -> Preset	P008 Bns/Fls/Cls	
Miroslav Vitous	Woodwind & Brass Ensembles	F02 Banks W&B -> B00 Woodwinds -> Preset	P009 Bns/Cls	
Miroslav Vitous	Woodwind & Brass Ensembles	F02 Banks W&B -> B00 Woodwinds -> Preset	P010 Wood Stacc Tutti	
Miroslav Vitous	Woodwind & Brass Ensembles	F02 Banks W&B -> B00 Woodwinds -> Preset	P011 Flutes *	
Miroslav Vitous	Woodwind & Brass Ensembles	F02 Banks W&B -> B00 Woodwinds -> Preset	P012 Oboes *	
Miroslav Vitous	Woodwind & Brass Ensembles	F02 Banks W&B -> B00 Woodwinds -> Preset	P013 Clars *	
Miroslav Vitous	Woodwind & Brass Ensembles	F02 Banks W&B -> B00 Woodwinds -> Preset	P014 BNS *	
Miroslav Vitous	Woodwind & Brass Ensembles	F02 Banks W&B -> B00 Woodwinds -> Preset	P015 Flutes Stac	
Miroslav Vitous	Woodwind & Brass Ensembles	F02 Banks W&B -> B00 Woodwinds -> Preset	P016 Oboes Stacc	
Miroslav Vitous	Woodwind & Brass Ensembles	F02 Banks W&B -> B00 Woodwinds -> Preset	P017 Clars Stac1	
Miroslav Vitous	Woodwind & Brass Ensembles	F02 Banks W&B -> B00 Woodwinds -> Preset	P018 BNS Stacc	
Miroslav Vitous	Woodwind & Brass Ensembles	F02 Banks W&B -> B00 Woodwinds -> Sample	S000 FLT:FltsD#41*-	
Miroslav Vitous	Woodwind & Brass Ensembles	F02 Banks W&B -> B00 Woodwinds -> Sample	S001 FLT:FltsF_41*-	
Miroslav Vitous	Woodwind & Brass Ensembles	F02 Banks W&B -> B00 Woodwinds -> Sample	S002 FLT:FltsC#51*-	
Miroslav Vitous	Woodwind & Brass Ensembles	F02 Banks W&B -> B00 Woodwinds -> Sample	S003 FLT:FltsG#51*-	
Miroslav Vitous	Woodwind & Brass Ensembles	F02 Banks W&B -> B00 Woodwinds -> Sample	S004 FLT:FltsE_61*-	
Miroslav Vitous	Woodwind & Brass Ensembles	F02 Banks W&B -> B00 Woodwinds -> Sample	S005 OboesC#41-	
Miroslav Vitous	Woodwind & Brass Ensembles	F02 Banks W&B -> B00 Woodwinds -> Sample	S006 OboesF#41-	
Miroslav Vitous	Woodwind & Brass Ensembles	F02 Banks W&B -> B00 Woodwinds -> Sample	S007 OboesG#41-	
Miroslav Vitous	Woodwind & Brass Ensembles	F02 Banks W&B -> B00 Woodwinds -> Sample	S008 OboesB_41-	
Miroslav Vitous	Woodwind & Brass Ensembles	F02 Banks W&B -> B00 Woodwinds -> Sample	S009 OboesC#51-	
Miroslav Vitous	Woodwind & Brass Ensembles	F02 Banks W&B -> B00 Woodwinds -> Sample	S010 OboesF_51-	
Miroslav Vitous	Woodwind & Brass Ensembles	F02 Banks W&B -> B00 Woodwinds -> Sample	S011 OboesB_51-	
Miroslav Vitous	Woodwind & Brass Ensembles	F02 Banks W&B -> B00 Woodwinds -> Sample	S012 OboesC_61-	
Miroslav Vitous	Woodwind & Brass Ensembles	F02 Banks W&B -> B00 Woodwinds -> Sample	S013 WND:ClrsG_31*-	
Miroslav Vitous	Woodwind & Brass Ensembles	F02 Banks W&B -> B00 Woodwinds -> Sample	S014 WND:ClrsC_41*-	
Miroslav Vitous	Woodwind & Brass Ensembles	F02 Banks W&B -> B00 Woodwinds -> Sample	S015 WND:ClrsE_41*-	
Miroslav Vitous	Woodwind & Brass Ensembles	F02 Banks W&B -> B00 Woodwinds -> Sample	S016 WND:ClrsA_41*-	
Miroslav Vitous	Woodwind & Brass Ensembles	F02 Banks W&B -> B00 Woodwinds -> Sample	S017 WND:ClrsD_51*-	
Miroslav Vitous	Woodwind & Brass Ensembles	F02 Banks W&B -> B00 Woodwinds -> Sample	S018 WND:ClrsG_51*-	
Miroslav Vitous	Woodwind & Brass Ensembles	F02 Banks W&B -> B00 Woodwinds -> Sample	S019 WND:ClrsB_51*-	
Miroslav Vitous	Woodwind & Brass Ensembles	F02 Banks W&B -> B00 Woodwinds -> Sample	S020 Bns D#21*-	
Miroslav Vitous	Woodwind & Brass Ensembles	F02 Banks W&B -> B00 Woodwinds -> Sample	S021 Bns G_21*-	
Miroslav Vitous	Woodwind & Brass Ensembles	F02 Banks W&B -> B00 Woodwinds -> Sample	S022 Bns B_21*-	
Miroslav Vitous	Woodwind & Brass Ensembles	F02 Banks W&B -> B00 Woodwinds -> Sample	S023 Bns G_31*-	
Miroslav Vitous	Woodwind & Brass Ensembles	F02 Banks W&B -> B00 Woodwinds -> Sample	S024 Bns C#41*-	
Miroslav Vitous	Woodwind & Brass Ensembles	F02 Banks W&B -> B00 Woodwinds -> Sample	S025 Bns F#41*-	
Miroslav Vitous	Woodwind & Brass Ensembles	F02 Banks W&B -> B00 Woodwinds -> Sample	S026 Bns D_51*-	
Miroslav Vitous	Woodwind & Brass Ensembles	F02 Banks W&B -> B00 Woodwinds -> Sample	S027 FLT:FltsC#4St-	
Miroslav Vitous	Woodwind & Brass Ensembles	F02 Banks W&B -> B00 Woodwinds -> Sample	S028 FLT:FltsD_4St-	
Miroslav Vitous	Woodwind & Brass Ensembles	F02 Banks W&B -> B00 Woodwinds -> Sample	S029 FLT:FltsF#4St-	
Miroslav Vitous	Woodwind & Brass Ensembles	F02 Banks W&B -> B00 Woodwinds -> Sample	S030 FLT:FltsG#4St-	
Miroslav Vitous	Woodwind & Brass Ensembles	F02 Banks W&B -> B00 Woodwinds -> Sample	S031 FLT:FltsB_4St-	
Miroslav Vitous	Woodwind & Brass Ensembles	F02 Banks W&B -> B00 Woodwinds -> Sample	S032 FLT:FltsD#5St-	
Miroslav Vitous	Woodwind & Brass Ensembles	F02 Banks W&B -> B00 Woodwinds -> Sample	S033 FLT:FltsF_5St-	
Miroslav Vitous	Woodwind & Brass Ensembles	F02 Banks W&B -> B00 Woodwinds -> Sample	S034 FLT:FltsG_5St-	
Miroslav Vitous	Woodwind & Brass Ensembles	F02 Banks W&B -> B00 Woodwinds -> Sample	S035 FLT:FltsA#5St-	
Miroslav Vitous	Woodwind & Brass Ensembles	F02 Banks W&B -> B00 Woodwinds -> Sample	S036 FLT:FltsB_5St-	
Miroslav Vitous	Woodwind & Brass Ensembles	F02 Banks W&B -> B00 Woodwinds -> Sample	S037 FLT:FltsC_6St-	
Miroslav Vitous	Woodwind & Brass Ensembles	F02 Banks W&B -> B00 Woodwinds -> Sample	S038 FLT:FltsE_6St-	
Miroslav Vitous	Woodwind & Brass Ensembles	F02 Banks W&B -> B00 Woodwinds -> Sample	S039 FLT:FltsF_6St-	
Miroslav Vitous	Woodwind & Brass Ensembles	F02 Banks W&B -> B00 Woodwinds -> Sample	S040 FLT:FltsF#6St-	
Miroslav Vitous	Woodwind & Brass Ensembles	F02 Banks W&B -> B00 Woodwinds -> Sample	S041 FLT:FltsG#6St-	
Miroslav Vitous	Woodwind & Brass Ensembles	F02 Banks W&B -> B00 Woodwinds -> Sample	S042 OboesC_4Stc-	
Miroslav Vitous	Woodwind & Brass Ensembles	F02 Banks W&B -> B00 Woodwinds -> Sample	S043 ObsD_4Stc-	
Miroslav Vitous	Woodwind & Brass Ensembles	F02 Banks W&B -> B00 Woodwinds -> Sample	S044 ObsF#4Stc-	
Miroslav Vitous	Woodwind & Brass Ensembles	F02 Banks W&B -> B00 Woodwinds -> Sample	S045 ObsG#4Stc-	
Miroslav Vitous	Woodwind & Brass Ensembles	F02 Banks W&B -> B00 Woodwinds -> Sample	S046 ObsA#4Stc-	
Miroslav Vitous	Woodwind & Brass Ensembles	F02 Banks W&B -> B00 Woodwinds -> Sample	S047 ObsD#5Stc-	
Miroslav Vitous	Woodwind & Brass Ensembles	F02 Banks W&B -> B00 Woodwinds -> Sample	S048 ObsF_5Stc-	
Miroslav Vitous	Woodwind & Brass Ensembles	F02 Banks W&B -> B00 Woodwinds -> Sample	S049 ObsA_5Stc-	
Miroslav Vitous	Woodwind & Brass Ensembles	F02 Banks W&B -> B00 Woodwinds -> Sample	S050 ObsC_6Stc-	
Miroslav Vitous	Woodwind & Brass Ensembles	F02 Banks W&B -> B00 Woodwinds -> Sample	S051 ObsE_6Stc-	
Miroslav Vitous	Woodwind & Brass Ensembles	F02 Banks W&B -> B00 Woodwinds -> Sample	S052 WND:ClrsE_3St-	
Miroslav Vitous	Woodwind & Brass Ensembles	F02 Banks W&B -> B00 Woodwinds -> Sample	S053 WND:ClrsF_3St-	
Miroslav Vitous	Woodwind & Brass Ensembles	F02 Banks W&B -> B00 Woodwinds -> Sample	S054 WND:ClrsG#3St-	
Miroslav Vitous	Woodwind & Brass Ensembles	F02 Banks W&B -> B00 Woodwinds -> Sample	S055 WND:ClrsA_3St-	
Miroslav Vitous	Woodwind & Brass Ensembles	F02 Banks W&B -> B00 Woodwinds -> Sample	S056 WND:ClrsB_3St-	
Miroslav Vitous	Woodwind & Brass Ensembles	F02 Banks W&B -> B00 Woodwinds -> Sample	S057 WND:ClrsD#4St-	
Miroslav Vitous	Woodwind & Brass Ensembles	F02 Banks W&B -> B00 Woodwinds -> Sample	S058 WND:ClrsE_4St-	
Miroslav Vitous	Woodwind & Brass Ensembles	F02 Banks W&B -> B00 Woodwinds -> Sample	S059 WND:ClrsF_4St-	
Miroslav Vitous	Woodwind & Brass Ensembles	F02 Banks W&B -> B00 Woodwinds -> Sample	S060 WND:ClrsA#4St-	
Miroslav Vitous	Woodwind & Brass Ensembles	F02 Banks W&B -> B00 Woodwinds -> Sample	S061 WND:ClrsE_5St-	
Miroslav Vitous	Woodwind & Brass Ensembles	F02 Banks W&B -> B00 Woodwinds -> Sample	S062 WND:ClrsF_5St-	
Miroslav Vitous	Woodwind & Brass Ensembles	F02 Banks W&B -> B00 Woodwinds -> Sample	S063 WND:ClrsG_5St-	
Miroslav Vitous	Woodwind & Brass Ensembles	F02 Banks W&B -> B00 Woodwinds -> Sample	S064 WND:ClrsB_5St-	
Miroslav Vitous	Woodwind & Brass Ensembles	F02 Banks W&B -> B00 Woodwinds -> Sample	S065 WND:ClrsC_6St-	
Miroslav Vitous	Woodwind & Brass Ensembles	F02 Banks W&B -> B00 Woodwinds -> Sample	S066 Bns A#1Sc-	
Miroslav Vitous	Woodwind & Brass Ensembles	F02 Banks W&B -> B00 Woodwinds -> Sample	S067 Bns C#2Sc-	
Miroslav Vitous	Woodwind & Brass Ensembles	F02 Banks W&B -> B00 Woodwinds -> Sample	S068 Bns D#2Sc-	
Miroslav Vitous	Woodwind & Brass Ensembles	F02 Banks W&B -> B00 Woodwinds -> Sample	S069 Bns G_2Sc-	
Miroslav Vitous	Woodwind & Brass Ensembles	F02 Banks W&B -> B00 Woodwinds -> Sample	S070 Bns G#2Sc-	
Miroslav Vitous	Woodwind & Brass Ensembles	F02 Banks W&B -> B00 Woodwinds -> Sample	S071 Bns C_3Sc-	
Miroslav Vitous	Woodwind & Brass Ensembles	F02 Banks W&B -> B00 Woodwinds -> Sample	S072 Bns D_3Sc-	
Miroslav Vitous	Woodwind & Brass Ensembles	F02 Banks W&B -> B01 Wood/Brass 1* -> Preset	P000 F.hns/Cls	
Miroslav Vitous	Woodwind & Brass Ensembles	F02 Banks W&B -> B01 Wood/Brass 1* -> Preset	P001 F.hns/Cls/Fls1	
Miroslav Vitous	Woodwind & Brass Ensembles	F02 Banks W&B -> B01 Wood/Brass 1* -> Preset	P002 F.hns/Cls/Fls 2	
Miroslav Vitous	Woodwind & Brass Ensembles	F02 Banks W&B -> B01 Wood/Brass 1* -> Preset	P003 Untitled Preset	
Miroslav Vitous	Woodwind & Brass Ensembles	F02 Banks W&B -> B01 Wood/Brass 1* -> Preset	P004 Untitled Preset	
Miroslav Vitous	Woodwind & Brass Ensembles	F02 Banks W&B -> B01 Wood/Brass 1* -> Preset	P005 Untitled Preset	
Miroslav Vitous	Woodwind & Brass Ensembles	F02 Banks W&B -> B01 Wood/Brass 1* -> Preset	P006 Untitled Preset	
Miroslav Vitous	Woodwind & Brass Ensembles	F02 Banks W&B -> B01 Wood/Brass 1* -> Preset	P007 Untitled Preset	
Miroslav Vitous	Woodwind & Brass Ensembles	F02 Banks W&B -> B01 Wood/Brass 1* -> Preset	P008 Untitled Preset	
Miroslav Vitous	Woodwind & Brass Ensembles	F02 Banks W&B -> B01 Wood/Brass 1* -> Preset	P009 Untitled Preset	
Miroslav Vitous	Woodwind & Brass Ensembles	F02 Banks W&B -> B01 Wood/Brass 1* -> Preset	P010 Untitled Preset	
Miroslav Vitous	Woodwind & Brass Ensembles	F02 Banks W&B -> B01 Wood/Brass 1* -> Preset	P011 F.Hns *	
Miroslav Vitous	Woodwind & Brass Ensembles	F02 Banks W&B -> B01 Wood/Brass 1* -> Preset	P012 Clars *	
Miroslav Vitous	Woodwind & Brass Ensembles	F02 Banks W&B -> B01 Wood/Brass 1* -> Preset	P013 Flutes	
Miroslav Vitous	Woodwind & Brass Ensembles	F02 Banks W&B -> B01 Wood/Brass 1* -> Preset	P014 Flutes Stac	
Miroslav Vitous	Woodwind & Brass Ensembles	F02 Banks W&B -> B01 Wood/Brass 1* -> Sample	S000 BRS:FHnsF#2 1-	
Miroslav Vitous	Woodwind & Brass Ensembles	F02 Banks W&B -> B01 Wood/Brass 1* -> Sample	S001 BRS:FHnsB_2 1-	
Miroslav Vitous	Woodwind & Brass Ensembles	F02 Banks W&B -> B01 Wood/Brass 1* -> Sample	S002 BRS:FHnsG_3 1-	
Miroslav Vitous	Woodwind & Brass Ensembles	F02 Banks W&B -> B01 Wood/Brass 1* -> Sample	S003 BRS:FHnsB_3 1-	
Miroslav Vitous	Woodwind & Brass Ensembles	F02 Banks W&B -> B01 Wood/Brass 1* -> Sample	S004 BRS:FHnsD#4 1-	
Miroslav Vitous	Woodwind & Brass Ensembles	F02 Banks W&B -> B01 Wood/Brass 1* -> Sample	S005 BRS:FHnsG_4 1-	
Miroslav Vitous	Woodwind & Brass Ensembles	F02 Banks W&B -> B01 Wood/Brass 1* -> Sample	S006 BRS:FHnsB_4 1-	
Miroslav Vitous	Woodwind & Brass Ensembles	F02 Banks W&B -> B01 Wood/Brass 1* -> Sample	S007 WND:ClrsG_31*-	
Miroslav Vitous	Woodwind & Brass Ensembles	F02 Banks W&B -> B01 Wood/Brass 1* -> Sample	S008 WND:ClrsC_41*-	
Miroslav Vitous	Woodwind & Brass Ensembles	F02 Banks W&B -> B01 Wood/Brass 1* -> Sample	S009 WND:ClrsE_41*-	
Miroslav Vitous	Woodwind & Brass Ensembles	F02 Banks W&B -> B01 Wood/Brass 1* -> Sample	S010 WND:ClrsA_41*-	
Miroslav Vitous	Woodwind & Brass Ensembles	F02 Banks W&B -> B01 Wood/Brass 1* -> Sample	S011 WND:ClrsD_51*-	
Miroslav Vitous	Woodwind & Brass Ensembles	F02 Banks W&B -> B01 Wood/Brass 1* -> Sample	S012 WND:ClrsG_51*-	
Miroslav Vitous	Woodwind & Brass Ensembles	F02 Banks W&B -> B01 Wood/Brass 1* -> Sample	S013 WND:ClrsB_51*-	
Miroslav Vitous	Woodwind & Brass Ensembles	F02 Banks W&B -> B01 Wood/Brass 1* -> Sample	S014 FLT:FltsC#4 2-	
Miroslav Vitous	Woodwind & Brass Ensembles	F02 Banks W&B -> B01 Wood/Brass 1* -> Sample	S015 FLT:FltsD#4 2-	
Miroslav Vitous	Woodwind & Brass Ensembles	F02 Banks W&B -> B01 Wood/Brass 1* -> Sample	S016 FLT:FltsF_4 2-	
Miroslav Vitous	Woodwind & Brass Ensembles	F02 Banks W&B -> B01 Wood/Brass 1* -> Sample	S017 FLT:FltsG#4 2-	
Miroslav Vitous	Woodwind & Brass Ensembles	F02 Banks W&B -> B01 Wood/Brass 1* -> Sample	S018 FLT:FltsC#5 2-	
Miroslav Vitous	Woodwind & Brass Ensembles	F02 Banks W&B -> B01 Wood/Brass 1* -> Sample	S019 FLT:FltsE_5 2-	
Miroslav Vitous	Woodwind & Brass Ensembles	F02 Banks W&B -> B01 Wood/Brass 1* -> Sample	S020 FLT:FltsF#5 2-	
Miroslav Vitous	Woodwind & Brass Ensembles	F02 Banks W&B -> B01 Wood/Brass 1* -> Sample	S021 FLT:FltsG#5 2-	
Miroslav Vitous	Woodwind & Brass Ensembles	F02 Banks W&B -> B01 Wood/Brass 1* -> Sample	S022 FLT:FltsC#6 2-	
Miroslav Vitous	Woodwind & Brass Ensembles	F02 Banks W&B -> B01 Wood/Brass 1* -> Sample	S023 FLT:FltsE_6 2-	
Miroslav Vitous	Woodwind & Brass Ensembles	F02 Banks W&B -> B01 Wood/Brass 1* -> Sample	S024 FLT:FltsF#6 2-	
Miroslav Vitous	Woodwind & Brass Ensembles	F02 Banks W&B -> B01 Wood/Brass 1* -> Sample	S025 FLT:FltsC#4St-	
Miroslav Vitous	Woodwind & Brass Ensembles	F02 Banks W&B -> B01 Wood/Brass 1* -> Sample	S026 FLT:FltsD_4St-	
Miroslav Vitous	Woodwind & Brass Ensembles	F02 Banks W&B -> B01 Wood/Brass 1* -> Sample	S027 FLT:FltsF#4St-	
Miroslav Vitous	Woodwind & Brass Ensembles	F02 Banks W&B -> B01 Wood/Brass 1* -> Sample	S028 FLT:FltsG#4St-	
Miroslav Vitous	Woodwind & Brass Ensembles	F02 Banks W&B -> B01 Wood/Brass 1* -> Sample	S029 FLT:FltsB_4St-	
Miroslav Vitous	Woodwind & Brass Ensembles	F02 Banks W&B -> B01 Wood/Brass 1* -> Sample	S030 FLT:FltsD#5St-	
Miroslav Vitous	Woodwind & Brass Ensembles	F02 Banks W&B -> B01 Wood/Brass 1* -> Sample	S031 FLT:FltsF_5St-	
Miroslav Vitous	Woodwind & Brass Ensembles	F02 Banks W&B -> B01 Wood/Brass 1* -> Sample	S032 FLT:FltsG_5St-	
Miroslav Vitous	Woodwind & Brass Ensembles	F02 Banks W&B -> B01 Wood/Brass 1* -> Sample	S033 FLT:FltsA#5St-	
Miroslav Vitous	Woodwind & Brass Ensembles	F02 Banks W&B -> B01 Wood/Brass 1* -> Sample	S034 FLT:FltsB_5St-	
Miroslav Vitous	Woodwind & Brass Ensembles	F02 Banks W&B -> B01 Wood/Brass 1* -> Sample	S035 FLT:FltsC_6St-	
Miroslav Vitous	Woodwind & Brass Ensembles	F02 Banks W&B -> B01 Wood/Brass 1* -> Sample	S036 FLT:FltsE_6St-	
Miroslav Vitous	Woodwind & Brass Ensembles	F02 Banks W&B -> B01 Wood/Brass 1* -> Sample	S037 FLT:FltsF_6St-	
Miroslav Vitous	Woodwind & Brass Ensembles	F02 Banks W&B -> B01 Wood/Brass 1* -> Sample	S038 FLT:FltsF#6St-	
Miroslav Vitous	Woodwind & Brass Ensembles	F02 Banks W&B -> B01 Wood/Brass 1* -> Sample	S039 FLT:FltsG#6St-	
Miroslav Vitous	Woodwind & Brass Ensembles	F02 Banks W&B -> B02 Wood/Brass 2 -> Preset	P000 Tbs/Tps/Obs	
Miroslav Vitous	Woodwind & Brass Ensembles	F02 Banks W&B -> B02 Wood/Brass 2 -> Preset	P001 Stacc Tutti	
Miroslav Vitous	Woodwind & Brass Ensembles	F02 Banks W&B -> B02 Wood/Brass 2 -> Preset	P002 Untitled Preset	
Miroslav Vitous	Woodwind & Brass Ensembles	F02 Banks W&B -> B02 Wood/Brass 2 -> Preset	P003 Untitled Preset	
Miroslav Vitous	Woodwind & Brass Ensembles	F02 Banks W&B -> B02 Wood/Brass 2 -> Preset	P004 Untitled Preset	
Miroslav Vitous	Woodwind & Brass Ensembles	F02 Banks W&B -> B02 Wood/Brass 2 -> Preset	P005 Untitled Preset	
Miroslav Vitous	Woodwind & Brass Ensembles	F02 Banks W&B -> B02 Wood/Brass 2 -> Preset	P006 Untitled Preset	
Miroslav Vitous	Woodwind & Brass Ensembles	F02 Banks W&B -> B02 Wood/Brass 2 -> Preset	P007 Untitled Preset	
Miroslav Vitous	Woodwind & Brass Ensembles	F02 Banks W&B -> B02 Wood/Brass 2 -> Preset	P008 Untitled Preset	
Miroslav Vitous	Woodwind & Brass Ensembles	F02 Banks W&B -> B02 Wood/Brass 2 -> Preset	P009 Untitled Preset	
Miroslav Vitous	Woodwind & Brass Ensembles	F02 Banks W&B -> B02 Wood/Brass 2 -> Preset	P010 Untitled Preset	
Miroslav Vitous	Woodwind & Brass Ensembles	F02 Banks W&B -> B02 Wood/Brass 2 -> Preset	P011 Tbs Lite *	
Miroslav Vitous	Woodwind & Brass Ensembles	F02 Banks W&B -> B02 Wood/Brass 2 -> Preset	P012 Tps *	
Miroslav Vitous	Woodwind & Brass Ensembles	F02 Banks W&B -> B02 Wood/Brass 2 -> Preset	P013 Oboes *	
Miroslav Vitous	Woodwind & Brass Ensembles	F02 Banks W&B -> B02 Wood/Brass 2 -> Preset	P014 Oboes Stacc	
Miroslav Vitous	Woodwind & Brass Ensembles	F02 Banks W&B -> B02 Wood/Brass 2 -> Preset	P015 Clars Stac1	
Miroslav Vitous	Woodwind & Brass Ensembles	F02 Banks W&B -> B02 Wood/Brass 2 -> Preset	P016 BNS Stacc	
Miroslav Vitous	Woodwind & Brass Ensembles	F02 Banks W&B -> B02 Wood/Brass 2 -> Preset	P017 F.Hns Stacc	
Miroslav Vitous	Woodwind & Brass Ensembles	F02 Banks W&B -> B02 Wood/Brass 2 -> Preset	P018 Tps Port 1	
Miroslav Vitous	Woodwind & Brass Ensembles	F02 Banks W&B -> B02 Wood/Brass 2 -> Preset	P019 Tbs Stacc	
Miroslav Vitous	Woodwind & Brass Ensembles	F02 Banks W&B -> B02 Wood/Brass 2 -> Sample	S000 BRS:TbsB_1 1*-	
Miroslav Vitous	Woodwind & Brass Ensembles	F02 Banks W&B -> B02 Wood/Brass 2 -> Sample	S001 BRS:TbsD_2 1*-	
Miroslav Vitous	Woodwind & Brass Ensembles	F02 Banks W&B -> B02 Wood/Brass 2 -> Sample	S002 BRS:TbsG_2 1*-	
Miroslav Vitous	Woodwind & Brass Ensembles	F02 Banks W&B -> B02 Wood/Brass 2 -> Sample	S003 BRS:TbsD_3 1*-	
Miroslav Vitous	Woodwind & Brass Ensembles	F02 Banks W&B -> B02 Wood/Brass 2 -> Sample	S004 BRS:TbsF_3 1*-	
Miroslav Vitous	Woodwind & Brass Ensembles	F02 Banks W&B -> B02 Wood/Brass 2 -> Sample	S005 BRS:TbsA_3 1*-	
Miroslav Vitous	Woodwind & Brass Ensembles	F02 Banks W&B -> B02 Wood/Brass 2 -> Sample	S006 BRS:TbsD_4 1*-	
Miroslav Vitous	Woodwind & Brass Ensembles	F02 Banks W&B -> B02 Wood/Brass 2 -> Sample	S007 BRS:TbsG_4 1*-	
Miroslav Vitous	Woodwind & Brass Ensembles	F02 Banks W&B -> B02 Wood/Brass 2 -> Sample	S008 BRS:Tps G_31*-	
Miroslav Vitous	Woodwind & Brass Ensembles	F02 Banks W&B -> B02 Wood/Brass 2 -> Sample	S009 BRS:Tps C#41*-	
Miroslav Vitous	Woodwind & Brass Ensembles	F02 Banks W&B -> B02 Wood/Brass 2 -> Sample	S010 BRS:Tps F#41*-	
Miroslav Vitous	Woodwind & Brass Ensembles	F02 Banks W&B -> B02 Wood/Brass 2 -> Sample	S011 BRS:Tps B_41*-	
Miroslav Vitous	Woodwind & Brass Ensembles	F02 Banks W&B -> B02 Wood/Brass 2 -> Sample	S012 BRS:Tps C#51*-	
Miroslav Vitous	Woodwind & Brass Ensembles	F02 Banks W&B -> B02 Wood/Brass 2 -> Sample	S013 BRS:Tps F#51*-	
Miroslav Vitous	Woodwind & Brass Ensembles	F02 Banks W&B -> B02 Wood/Brass 2 -> Sample	S014 OboesC#41-	
Miroslav Vitous	Woodwind & Brass Ensembles	F02 Banks W&B -> B02 Wood/Brass 2 -> Sample	S015 OboesF#41-	
Miroslav Vitous	Woodwind & Brass Ensembles	F02 Banks W&B -> B02 Wood/Brass 2 -> Sample	S016 OboesG#41-	
Miroslav Vitous	Woodwind & Brass Ensembles	F02 Banks W&B -> B02 Wood/Brass 2 -> Sample	S017 OboesB_41-	
Miroslav Vitous	Woodwind & Brass Ensembles	F02 Banks W&B -> B02 Wood/Brass 2 -> Sample	S018 OboesC#51-	
Miroslav Vitous	Woodwind & Brass Ensembles	F02 Banks W&B -> B02 Wood/Brass 2 -> Sample	S019 OboesF_51-	
Miroslav Vitous	Woodwind & Brass Ensembles	F02 Banks W&B -> B02 Wood/Brass 2 -> Sample	S020 OboesB_51-	
Miroslav Vitous	Woodwind & Brass Ensembles	F02 Banks W&B -> B02 Wood/Brass 2 -> Sample	S021 OboesC_61-	
Miroslav Vitous	Woodwind & Brass Ensembles	F02 Banks W&B -> B02 Wood/Brass 2 -> Sample	S022 OboesC_4Stc-	
Miroslav Vitous	Woodwind & Brass Ensembles	F02 Banks W&B -> B02 Wood/Brass 2 -> Sample	S023 ObsD_4Stc-	
Miroslav Vitous	Woodwind & Brass Ensembles	F02 Banks W&B -> B02 Wood/Brass 2 -> Sample	S024 ObsF#4Stc-	
Miroslav Vitous	Woodwind & Brass Ensembles	F02 Banks W&B -> B02 Wood/Brass 2 -> Sample	S025 ObsG#4Stc-	
Miroslav Vitous	Woodwind & Brass Ensembles	F02 Banks W&B -> B02 Wood/Brass 2 -> Sample	S026 ObsA#4Stc-	
Miroslav Vitous	Woodwind & Brass Ensembles	F02 Banks W&B -> B02 Wood/Brass 2 -> Sample	S027 ObsD#5Stc-	
Miroslav Vitous	Woodwind & Brass Ensembles	F02 Banks W&B -> B02 Wood/Brass 2 -> Sample	S028 ObsF_5Stc-	
Miroslav Vitous	Woodwind & Brass Ensembles	F02 Banks W&B -> B02 Wood/Brass 2 -> Sample	S029 ObsA_5Stc-	
Miroslav Vitous	Woodwind & Brass Ensembles	F02 Banks W&B -> B02 Wood/Brass 2 -> Sample	S030 ObsC_6Stc-	
Miroslav Vitous	Woodwind & Brass Ensembles	F02 Banks W&B -> B02 Wood/Brass 2 -> Sample	S031 ObsE_6Stc-	
Miroslav Vitous	Woodwind & Brass Ensembles	F02 Banks W&B -> B02 Wood/Brass 2 -> Sample	S032 WND:ClrsE_3St-	
Miroslav Vitous	Woodwind & Brass Ensembles	F02 Banks W&B -> B02 Wood/Brass 2 -> Sample	S033 WND:ClrsF_3St-	
Miroslav Vitous	Woodwind & Brass Ensembles	F02 Banks W&B -> B02 Wood/Brass 2 -> Sample	S034 WND:ClrsG#3St-	
Miroslav Vitous	Woodwind & Brass Ensembles	F02 Banks W&B -> B02 Wood/Brass 2 -> Sample	S035 WND:ClrsA_3St-	
Miroslav Vitous	Woodwind & Brass Ensembles	F02 Banks W&B -> B02 Wood/Brass 2 -> Sample	S036 WND:ClrsB_3St-	
Miroslav Vitous	Woodwind & Brass Ensembles	F02 Banks W&B -> B02 Wood/Brass 2 -> Sample	S037 WND:ClrsD#4St-	
Miroslav Vitous	Woodwind & Brass Ensembles	F02 Banks W&B -> B02 Wood/Brass 2 -> Sample	S038 WND:ClrsE_4St-	
Miroslav Vitous	Woodwind & Brass Ensembles	F02 Banks W&B -> B02 Wood/Brass 2 -> Sample	S039 WND:ClrsF_4St-	
Miroslav Vitous	Woodwind & Brass Ensembles	F02 Banks W&B -> B02 Wood/Brass 2 -> Sample	S040 WND:ClrsA#4St-	
Miroslav Vitous	Woodwind & Brass Ensembles	F02 Banks W&B -> B02 Wood/Brass 2 -> Sample	S041 WND:ClrsE_5St-	
Miroslav Vitous	Woodwind & Brass Ensembles	F02 Banks W&B -> B02 Wood/Brass 2 -> Sample	S042 WND:ClrsF_5St-	
Miroslav Vitous	Woodwind & Brass Ensembles	F02 Banks W&B -> B02 Wood/Brass 2 -> Sample	S043 WND:ClrsG_5St-	
Miroslav Vitous	Woodwind & Brass Ensembles	F02 Banks W&B -> B02 Wood/Brass 2 -> Sample	S044 WND:ClrsB_5St-	
Miroslav Vitous	Woodwind & Brass Ensembles	F02 Banks W&B -> B02 Wood/Brass 2 -> Sample	S045 WND:ClrsC_6St-	
Miroslav Vitous	Woodwind & Brass Ensembles	F02 Banks W&B -> B02 Wood/Brass 2 -> Sample	S046 Bns A#1Sc-	
Miroslav Vitous	Woodwind & Brass Ensembles	F02 Banks W&B -> B02 Wood/Brass 2 -> Sample	S047 Bns C#2Sc-	
Miroslav Vitous	Woodwind & Brass Ensembles	F02 Banks W&B -> B02 Wood/Brass 2 -> Sample	S048 Bns D#2Sc-	
Miroslav Vitous	Woodwind & Brass Ensembles	F02 Banks W&B -> B02 Wood/Brass 2 -> Sample	S049 Bns G_2Sc-	
Miroslav Vitous	Woodwind & Brass Ensembles	F02 Banks W&B -> B02 Wood/Brass 2 -> Sample	S050 Bns G#2Sc-	
Miroslav Vitous	Woodwind & Brass Ensembles	F02 Banks W&B -> B02 Wood/Brass 2 -> Sample	S051 Bns C_3Sc-	
Miroslav Vitous	Woodwind & Brass Ensembles	F02 Banks W&B -> B02 Wood/Brass 2 -> Sample	S052 Bns D_3Sc-	
Miroslav Vitous	Woodwind & Brass Ensembles	F02 Banks W&B -> B02 Wood/Brass 2 -> Sample	S053 Bns G_3Sc-	
Miroslav Vitous	Woodwind & Brass Ensembles	F02 Banks W&B -> B02 Wood/Brass 2 -> Sample	S054 Bns G#3Sc-	
Miroslav Vitous	Woodwind & Brass Ensembles	F02 Banks W&B -> B02 Wood/Brass 2 -> Sample	S055 Bns B_3Sc-	
Miroslav Vitous	Woodwind & Brass Ensembles	F02 Banks W&B -> B02 Wood/Brass 2 -> Sample	S056 Bns C#4Sc-	
Miroslav Vitous	Woodwind & Brass Ensembles	F02 Banks W&B -> B02 Wood/Brass 2 -> Sample	S057 Bns E_4Sc-	
Miroslav Vitous	Woodwind & Brass Ensembles	F02 Banks W&B -> B02 Wood/Brass 2 -> Sample	S058 Bns G_4Sc-	
Miroslav Vitous	Woodwind & Brass Ensembles	F02 Banks W&B -> B02 Wood/Brass 2 -> Sample	S059 Bns A_4Sc-	
Miroslav Vitous	Woodwind & Brass Ensembles	F02 Banks W&B -> B02 Wood/Brass 2 -> Sample	S060 BRS:HnsF#2Stc-	
Miroslav Vitous	Woodwind & Brass Ensembles	F02 Banks W&B -> B02 Wood/Brass 2 -> Sample	S061 BRS:HnsB_2Stc-	
Miroslav Vitous	Woodwind & Brass Ensembles	F02 Banks W&B -> B02 Wood/Brass 2 -> Sample	S062 BRS:HnsC#3Stc-	
Miroslav Vitous	Woodwind & Brass Ensembles	F02 Banks W&B -> B02 Wood/Brass 2 -> Sample	S063 BRS:HnsD#3Stc-	
Miroslav Vitous	Woodwind & Brass Ensembles	F02 Banks W&B -> B02 Wood/Brass 2 -> Sample	S064 BRS:HnsG_3Stc-	
Miroslav Vitous	Woodwind & Brass Ensembles	F02 Banks W&B -> B02 Wood/Brass 2 -> Sample	S065 BRS:HnsB_3Stc-	
Miroslav Vitous	Woodwind & Brass Ensembles	F02 Banks W&B -> B02 Wood/Brass 2 -> Sample	S066 BRS:HnsC#4Stc-	
Miroslav Vitous	Woodwind & Brass Ensembles	F02 Banks W&B -> B02 Wood/Brass 2 -> Sample	S067 BRS:HnsD#4Stc-	
Miroslav Vitous	Woodwind & Brass Ensembles	F02 Banks W&B -> B02 Wood/Brass 2 -> Sample	S068 BRS:HnsF_4Stc-	
Miroslav Vitous	Woodwind & Brass Ensembles	F02 Banks W&B -> B02 Wood/Brass 2 -> Sample	S069 BRS:HnsA_4Stc-	
Miroslav Vitous	Woodwind & Brass Ensembles	F02 Banks W&B -> B02 Wood/Brass 2 -> Sample	S070 BRS:HnsC#5Stc-	
Miroslav Vitous	Woodwind & Brass Ensembles	F02 Banks W&B -> B02 Wood/Brass 2 -> Sample	S071 BRS:TpsE_3Pt1-	
Miroslav Vitous	Woodwind & Brass Ensembles	F02 Banks W&B -> B02 Wood/Brass 2 -> Sample	S072 BRS:TpsF_3Pt1-	
Miroslav Vitous	Woodwind & Brass Ensembles	F02 Banks W&B -> B02 Wood/Brass 2 -> Sample	S073 BRS:TpsF#3Pt1-	
Miroslav Vitous	Woodwind & Brass Ensembles	F02 Banks W&B -> B02 Wood/Brass 2 -> Sample	S074 BRS:TpsG_3Pt1-	
Miroslav Vitous	Woodwind & Brass Ensembles	F02 Banks W&B -> B02 Wood/Brass 2 -> Sample	S075 BRS:TpsA_3Pt1-	
Miroslav Vitous	Woodwind & Brass Ensembles	F02 Banks W&B -> B02 Wood/Brass 2 -> Sample	S076 BRS:TpsB_3Pt1-	
Miroslav Vitous	Woodwind & Brass Ensembles	F02 Banks W&B -> B02 Wood/Brass 2 -> Sample	S077 BRS:TpsD#4Pt1-	
Miroslav Vitous	Woodwind & Brass Ensembles	F02 Banks W&B -> B02 Wood/Brass 2 -> Sample	S078 BRS:TpsF_4Pt1-	
Miroslav Vitous	Woodwind & Brass Ensembles	F02 Banks W&B -> B02 Wood/Brass 2 -> Sample	S079 BRS:TpsF#4Pt1-	
Miroslav Vitous	Woodwind & Brass Ensembles	F02 Banks W&B -> B02 Wood/Brass 2 -> Sample	S080 BRS:TpsG_4Pt1-	
Miroslav Vitous	Woodwind & Brass Ensembles	F02 Banks W&B -> B02 Wood/Brass 2 -> Sample	S081 BRS:TpsA#4Pt1-	
Miroslav Vitous	Woodwind & Brass Ensembles	F02 Banks W&B -> B02 Wood/Brass 2 -> Sample	S082 BRS:TbsA#1Stc-	
Miroslav Vitous	Woodwind & Brass Ensembles	F02 Banks W&B -> B02 Wood/Brass 2 -> Sample	S083 BRS:TbsC#2Stc-	
Miroslav Vitous	Woodwind & Brass Ensembles	F02 Banks W&B -> B02 Wood/Brass 2 -> Sample	S084 BRS:TbsD_2Stc-	
Miroslav Vitous	Woodwind & Brass Ensembles	F02 Banks W&B -> B02 Wood/Brass 2 -> Sample	S085 BRS:TbsG#2Stc-	
Miroslav Vitous	Woodwind & Brass Ensembles	F02 Banks W&B -> B02 Wood/Brass 2 -> Sample	S086 BRS:TbsA_2Stc-	
Miroslav Vitous	Woodwind & Brass Ensembles	F02 Banks W&B -> B02 Wood/Brass 2 -> Sample	S087 BRS:TbsA#2Stc-	
Miroslav Vitous	Woodwind & Brass Ensembles	F02 Banks W&B -> B02 Wood/Brass 2 -> Sample	S088 BRS:TbsC_3Stc-	
Miroslav Vitous	Woodwind & Brass Ensembles	F02 Banks W&B -> B02 Wood/Brass 2 -> Sample	S089 BRS:TbsD_3Stc-	
Miroslav Vitous	Woodwind & Brass Ensembles	F02 Banks W&B -> B02 Wood/Brass 2 -> Sample	S090 BRS:TbsE_3Stc-	
Miroslav Vitous	Woodwind & Brass Ensembles	F02 Banks W&B -> B02 Wood/Brass 2 -> Sample	S091 BRS:TbsF#3Stc-	
Miroslav Vitous	Woodwind & Brass Ensembles	F02 Banks W&B -> B02 Wood/Brass 2 -> Sample	S092 BRS:TbsG#3Stc-	
Miroslav Vitous	Woodwind & Brass Ensembles	F02 Banks W&B -> B02 Wood/Brass 2 -> Sample	S093 BRS:TbsB_3Stc-	
Miroslav Vitous	Woodwind & Brass Ensembles	F02 Banks W&B -> B02 Wood/Brass 2 -> Sample	S094 BRS:TbsC_4Stc-	
Miroslav Vitous	Woodwind & Brass Ensembles	F02 Banks W&B -> B02 Wood/Brass 2 -> Sample	S095 BRS:TbsE_4Stc-	
Miroslav Vitous	Woodwind & Brass Ensembles	F02 Banks W&B -> B02 Wood/Brass 2 -> Sample	S096 BRS:TbsF_4Stc-	
Miroslav Vitous	Woodwind & Brass Ensembles	F02 Banks W&B -> B02 Wood/Brass 2 -> Sample	S097 BRS:TpsC#5Pt1-	
Miroslav Vitous	Woodwind & Brass Ensembles	F02 Banks W&B -> B02 Wood/Brass 2 -> Sample	S098 BRS:TpsD_5Pt1-	
Miroslav Vitous	Woodwind & Brass Ensembles	F02 Banks W&B -> B02 Wood/Brass 2 -> Sample	S099 BRS:TpsE_5Pt1-	
Miroslav Vitous	Woodwind & Brass Ensembles	F02 Banks W&B -> B02 Wood/Brass 2 -> Sample	S100 BRS:TpsF_5Pt1-	
Miroslav Vitous	Woodwind & Brass Ensembles	F02 Banks W&B -> B02 Wood/Brass 2 -> Sample	S101 BRS:TpsA#5Pt1-	
Miroslav Vitous	Woodwind & Brass Ensembles	F02 Banks W&B -> B02 Wood/Brass 2 -> Sample	S102 BRS:TpsB_5Pt1-	
Miroslav Vitous	Woodwind & Brass Ensembles	F02 Banks W&B -> B03 Brass Finale -> Preset	P000 Brass Finale	
Miroslav Vitous	Woodwind & Brass Ensembles	F02 Banks W&B -> B03 Brass Finale -> Preset	P001 Brass Finale shp	
Miroslav Vitous	Woodwind & Brass Ensembles	F02 Banks W&B -> B03 Brass Finale -> Preset	P002 Brass/Fr.Hns +	
Miroslav Vitous	Woodwind & Brass Ensembles	F02 Banks W&B -> B03 Brass Finale -> Preset	P003 Brass/Bottom	
Miroslav Vitous	Woodwind & Brass Ensembles	F02 Banks W&B -> B03 Brass Finale -> Preset	P004 Brass/Top	
Miroslav Vitous	Woodwind & Brass Ensembles	F02 Banks W&B -> B03 Brass Finale -> Preset	P005 Brass- Tps/Fr.Hs	
Miroslav Vitous	Woodwind & Brass Ensembles	F02 Banks W&B -> B03 Brass Finale -> Preset	P006 Brass Stac Tutti	
Miroslav Vitous	Woodwind & Brass Ensembles	F02 Banks W&B -> B03 Brass Finale -> Preset	P007 Untitled Preset	
Miroslav Vitous	Woodwind & Brass Ensembles	F02 Banks W&B -> B03 Brass Finale -> Preset	P008 Untitled Preset	
Miroslav Vitous	Woodwind & Brass Ensembles	F02 Banks W&B -> B03 Brass Finale -> Preset	P009 Untitled Preset	
Miroslav Vitous	Woodwind & Brass Ensembles	F02 Banks W&B -> B03 Brass Finale -> Preset	P010 Untitled Preset	
Miroslav Vitous	Woodwind & Brass Ensembles	F02 Banks W&B -> B03 Brass Finale -> Preset	P011 F.Hns ff	
Miroslav Vitous	Woodwind & Brass Ensembles	F02 Banks W&B -> B03 Brass Finale -> Preset	P012 Tps *	
Miroslav Vitous	Woodwind & Brass Ensembles	F02 Banks W&B -> B03 Brass Finale -> Preset	P013 Tbs Lite *	
Miroslav Vitous	Woodwind & Brass Ensembles	F02 Banks W&B -> B03 Brass Finale -> Preset	P014 Tbs ff	
Miroslav Vitous	Woodwind & Brass Ensembles	F02 Banks W&B -> B03 Brass Finale -> Preset	P015 Tps Mute	
Miroslav Vitous	Woodwind & Brass Ensembles	F02 Banks W&B -> B03 Brass Finale -> Preset	P016 F.HnsMute	
Miroslav Vitous	Woodwind & Brass Ensembles	F02 Banks W&B -> B03 Brass Finale -> Preset	P017 Tbs Stacc	
Miroslav Vitous	Woodwind & Brass Ensembles	F02 Banks W&B -> B03 Brass Finale -> Preset	P018 Tps Port 3	
Miroslav Vitous	Woodwind & Brass Ensembles	F02 Banks W&B -> B03 Brass Finale -> Preset	P019 Tps Stacc 2	
Miroslav Vitous	Woodwind & Brass Ensembles	F02 Banks W&B -> B03 Brass Finale -> Preset	P020 F.Hns Stacc	
Miroslav Vitous	Woodwind & Brass Ensembles	F02 Banks W&B -> B03 Brass Finale -> Sample	S000 BRS:HnsF#2ff2-	
Miroslav Vitous	Woodwind & Brass Ensembles	F02 Banks W&B -> B03 Brass Finale -> Sample	S001 BRS:HnsG#2ff2-	
Miroslav Vitous	Woodwind & Brass Ensembles	F02 Banks W&B -> B03 Brass Finale -> Sample	S002 BRS:HnsB_2ff2-	
Miroslav Vitous	Woodwind & Brass Ensembles	F02 Banks W&B -> B03 Brass Finale -> Sample	S003 BRS:HnsC#3ff2-	
Miroslav Vitous	Woodwind & Brass Ensembles	F02 Banks W&B -> B03 Brass Finale -> Sample	S004 BRS:HnsD_3ff2-	
Miroslav Vitous	Woodwind & Brass Ensembles	F02 Banks W&B -> B03 Brass Finale -> Sample	S005 BRS:HnsF_3ff2-	
Miroslav Vitous	Woodwind & Brass Ensembles	F02 Banks W&B -> B03 Brass Finale -> Sample	S006 BRS:HnsG_3ff2-	
Miroslav Vitous	Woodwind & Brass Ensembles	F02 Banks W&B -> B03 Brass Finale -> Sample	S007 BRS:HnsA#3ff2-	
Miroslav Vitous	Woodwind & Brass Ensembles	F02 Banks W&B -> B03 Brass Finale -> Sample	S008 BRS:HnsB_3ff2-	
Miroslav Vitous	Woodwind & Brass Ensembles	F02 Banks W&B -> B03 Brass Finale -> Sample	S009 BRS:HnsC_4ff2-	
Miroslav Vitous	Woodwind & Brass Ensembles	F02 Banks W&B -> B03 Brass Finale -> Sample	S010 BRS:HnsE_4ff2-	
Miroslav Vitous	Woodwind & Brass Ensembles	F02 Banks W&B -> B03 Brass Finale -> Sample	S011 BRS:HnsF#4ff2-	
Miroslav Vitous	Woodwind & Brass Ensembles	F02 Banks W&B -> B03 Brass Finale -> Sample	S012 BRS:Tps G_31*-	
Miroslav Vitous	Woodwind & Brass Ensembles	F02 Banks W&B -> B03 Brass Finale -> Sample	S013 BRS:Tps C#41*-	
Miroslav Vitous	Woodwind & Brass Ensembles	F02 Banks W&B -> B03 Brass Finale -> Sample	S014 BRS:Tps F#41*-	
Miroslav Vitous	Woodwind & Brass Ensembles	F02 Banks W&B -> B03 Brass Finale -> Sample	S015 BRS:Tps B_41*-	
Miroslav Vitous	Woodwind & Brass Ensembles	F02 Banks W&B -> B03 Brass Finale -> Sample	S016 BRS:Tps C#51*-	
Miroslav Vitous	Woodwind & Brass Ensembles	F02 Banks W&B -> B03 Brass Finale -> Sample	S017 BRS:Tps F#51*-	
Miroslav Vitous	Woodwind & Brass Ensembles	F02 Banks W&B -> B03 Brass Finale -> Sample	S018 BRS:TbsB_1 1*-	
Miroslav Vitous	Woodwind & Brass Ensembles	F02 Banks W&B -> B03 Brass Finale -> Sample	S019 BRS:TbsD_2 1*-	
Miroslav Vitous	Woodwind & Brass Ensembles	F02 Banks W&B -> B03 Brass Finale -> Sample	S020 BRS:TbsG_2 1*-	
Miroslav Vitous	Woodwind & Brass Ensembles	F02 Banks W&B -> B03 Brass Finale -> Sample	S021 BRS:TbsD_3 1*-	
Miroslav Vitous	Woodwind & Brass Ensembles	F02 Banks W&B -> B03 Brass Finale -> Sample	S022 BRS:TbsF_3 1*-	
Miroslav Vitous	Woodwind & Brass Ensembles	F02 Banks W&B -> B03 Brass Finale -> Sample	S023 BRS:TbsA_3 1*-	
Miroslav Vitous	Woodwind & Brass Ensembles	F02 Banks W&B -> B03 Brass Finale -> Sample	S024 BRS:TbsD_4 1*-	
Miroslav Vitous	Woodwind & Brass Ensembles	F02 Banks W&B -> B03 Brass Finale -> Sample	S025 BRS:TbsG_4 1*-	
Miroslav Vitous	Woodwind & Brass Ensembles	F02 Banks W&B -> B03 Brass Finale -> Sample	S026 BRS:TbsF_2 2 -	
Miroslav Vitous	Woodwind & Brass Ensembles	F02 Banks W&B -> B03 Brass Finale -> Sample	S027 BRS:TbsG_2 2 -	
Miroslav Vitous	Woodwind & Brass Ensembles	F02 Banks W&B -> B03 Brass Finale -> Sample	S028 BRS:TbsA#2 2 -	
Miroslav Vitous	Woodwind & Brass Ensembles	F02 Banks W&B -> B03 Brass Finale -> Sample	S029 BRS:TbsB_2 2 -	
Miroslav Vitous	Woodwind & Brass Ensembles	F02 Banks W&B -> B03 Brass Finale -> Sample	S030 BRS:TbsC#3 2 -	
Miroslav Vitous	Woodwind & Brass Ensembles	F02 Banks W&B -> B03 Brass Finale -> Sample	S031 BRS:TbsD#3 2 -	
Miroslav Vitous	Woodwind & Brass Ensembles	F02 Banks W&B -> B03 Brass Finale -> Sample	S032 BRS:TbsE_3 2 -	
Miroslav Vitous	Woodwind & Brass Ensembles	F02 Banks W&B -> B03 Brass Finale -> Sample	S033 BRS:TbsF_3 2 -	
Miroslav Vitous	Woodwind & Brass Ensembles	F02 Banks W&B -> B03 Brass Finale -> Sample	S034 BRS:TbsF#3 2 -	
Miroslav Vitous	Woodwind & Brass Ensembles	F02 Banks W&B -> B03 Brass Finale -> Sample	S035 BRS:TbsG#3 2 -	
Miroslav Vitous	Woodwind & Brass Ensembles	F02 Banks W&B -> B03 Brass Finale -> Sample	S036 BRS:TbsC_4 2 -	
Miroslav Vitous	Woodwind & Brass Ensembles	F02 Banks W&B -> B03 Brass Finale -> Sample	S037 BRS:TbsC#4 2 -	
Miroslav Vitous	Woodwind & Brass Ensembles	F02 Banks W&B -> B03 Brass Finale -> Sample	S038 BRS:TbsF#4 2 -	
Miroslav Vitous	Woodwind & Brass Ensembles	F02 Banks W&B -> B03 Brass Finale -> Sample	S039 BRS:TbsG#4 2 -	
Miroslav Vitous	Woodwind & Brass Ensembles	F02 Banks W&B -> B03 Brass Finale -> Sample	S040 BRS:TbsA_4 2 -	
Miroslav Vitous	Woodwind & Brass Ensembles	F02 Banks W&B -> B03 Brass Finale -> Sample	S041 BRS:TpsG_3Mt1-	
Miroslav Vitous	Woodwind & Brass Ensembles	F02 Banks W&B -> B03 Brass Finale -> Sample	S042 BRS:TpsG#3Mt1-	
Miroslav Vitous	Woodwind & Brass Ensembles	F02 Banks W&B -> B03 Brass Finale -> Sample	S043 BRS:TpsD_4Mt1-	
Miroslav Vitous	Woodwind & Brass Ensembles	F02 Banks W&B -> B03 Brass Finale -> Sample	S044 BRS:TpsG_4Mt1-	
Miroslav Vitous	Woodwind & Brass Ensembles	F02 Banks W&B -> B03 Brass Finale -> Sample	S045 BRS:TpsA#4Mt1-	
Miroslav Vitous	Woodwind & Brass Ensembles	F02 Banks W&B -> B03 Brass Finale -> Sample	S046 BRS:TpsC#5Mt1-	
Miroslav Vitous	Woodwind & Brass Ensembles	F02 Banks W&B -> B03 Brass Finale -> Sample	S047 BRS:TpsD#5Mt1-	
Miroslav Vitous	Woodwind & Brass Ensembles	F02 Banks W&B -> B03 Brass Finale -> Sample	S048 BRS:TpsF#5Mt1-	
Miroslav Vitous	Woodwind & Brass Ensembles	F02 Banks W&B -> B03 Brass Finale -> Sample	S049 BRS:TpsA#5Mt1-	
Miroslav Vitous	Woodwind & Brass Ensembles	F02 Banks W&B -> B03 Brass Finale -> Sample	S050 BRS:HnsD#3Mt2-	
Miroslav Vitous	Woodwind & Brass Ensembles	F02 Banks W&B -> B03 Brass Finale -> Sample	S051 BRS:HnsF_3Mt2-	
Miroslav Vitous	Woodwind & Brass Ensembles	F02 Banks W&B -> B03 Brass Finale -> Sample	S052 BRS:HnsG#3Mt2-	
Miroslav Vitous	Woodwind & Brass Ensembles	F02 Banks W&B -> B03 Brass Finale -> Sample	S053 BRS:HnsE_4Mt2-	
Miroslav Vitous	Woodwind & Brass Ensembles	F02 Banks W&B -> B03 Brass Finale -> Sample	S054 BRS:HnsG#4Mt2-	
Miroslav Vitous	Woodwind & Brass Ensembles	F02 Banks W&B -> B03 Brass Finale -> Sample	S055 BRS:HnsA#4Mt2-	
Miroslav Vitous	Woodwind & Brass Ensembles	F02 Banks W&B -> B03 Brass Finale -> Sample	S056 BRS:TbsA#1Stc-	
Miroslav Vitous	Woodwind & Brass Ensembles	F02 Banks W&B -> B03 Brass Finale -> Sample	S057 BRS:TbsC#2Stc-	
Miroslav Vitous	Woodwind & Brass Ensembles	F02 Banks W&B -> B03 Brass Finale -> Sample	S058 BRS:TbsD_2Stc-	
Miroslav Vitous	Woodwind & Brass Ensembles	F02 Banks W&B -> B03 Brass Finale -> Sample	S059 BRS:TbsG#2Stc-	
Miroslav Vitous	Woodwind & Brass Ensembles	F02 Banks W&B -> B03 Brass Finale -> Sample	S060 BRS:TbsA_2Stc-	
Miroslav Vitous	Woodwind & Brass Ensembles	F02 Banks W&B -> B03 Brass Finale -> Sample	S061 BRS:TbsA#2Stc-	
Miroslav Vitous	Woodwind & Brass Ensembles	F02 Banks W&B -> B03 Brass Finale -> Sample	S062 BRS:TbsC_3Stc-	
Miroslav Vitous	Woodwind & Brass Ensembles	F02 Banks W&B -> B03 Brass Finale -> Sample	S063 BRS:TbsD_3Stc-	
Miroslav Vitous	Woodwind & Brass Ensembles	F02 Banks W&B -> B03 Brass Finale -> Sample	S064 BRS:TbsE_3Stc-	
Miroslav Vitous	Woodwind & Brass Ensembles	F02 Banks W&B -> B03 Brass Finale -> Sample	S065 BRS:TbsF#3Stc-	
Miroslav Vitous	Woodwind & Brass Ensembles	F02 Banks W&B -> B03 Brass Finale -> Sample	S066 BRS:TbsG#3Stc-	
Miroslav Vitous	Woodwind & Brass Ensembles	F02 Banks W&B -> B03 Brass Finale -> Sample	S067 BRS:TbsB_3Stc-	
Miroslav Vitous	Woodwind & Brass Ensembles	F02 Banks W&B -> B03 Brass Finale -> Sample	S068 BRS:TbsC_4Stc-	
Miroslav Vitous	Woodwind & Brass Ensembles	F02 Banks W&B -> B03 Brass Finale -> Sample	S069 BRS:TbsE_4Stc-	
Miroslav Vitous	Woodwind & Brass Ensembles	F02 Banks W&B -> B03 Brass Finale -> Sample	S070 BRS:TbsF_4Stc-	
Miroslav Vitous	Woodwind & Brass Ensembles	F02 Banks W&B -> B03 Brass Finale -> Sample	S071 BRS:TpsF_3Pt3-	
Miroslav Vitous	Woodwind & Brass Ensembles	F02 Banks W&B -> B03 Brass Finale -> Sample	S072 BRS:TpsG#3Pt3-	
Miroslav Vitous	Woodwind & Brass Ensembles	F02 Banks W&B -> B03 Brass Finale -> Sample	S073 BRS:TpsC_4Pt3-	
Miroslav Vitous	Woodwind & Brass Ensembles	F02 Banks W&B -> B03 Brass Finale -> Sample	S074 BRS:TpsD#4Pt3-	
Miroslav Vitous	Woodwind & Brass Ensembles	F02 Banks W&B -> B03 Brass Finale -> Sample	S075 BRS:TpsF#4Pt3-	
Miroslav Vitous	Woodwind & Brass Ensembles	F02 Banks W&B -> B03 Brass Finale -> Sample	S076 BRS:TpsA_4Pt3-	
Miroslav Vitous	Woodwind & Brass Ensembles	F02 Banks W&B -> B03 Brass Finale -> Sample	S077 BRS:TpsC_5Pt3-	
Miroslav Vitous	Woodwind & Brass Ensembles	F02 Banks W&B -> B03 Brass Finale -> Sample	S078 BRS:TpsF_5Pt3-	
Miroslav Vitous	Woodwind & Brass Ensembles	F02 Banks W&B -> B03 Brass Finale -> Sample	S079 BRS:TpsB_5Pt3-	
Miroslav Vitous	Woodwind & Brass Ensembles	F02 Banks W&B -> B03 Brass Finale -> Sample	S080 BRS:TpsF#3Sc2-	
Miroslav Vitous	Woodwind & Brass Ensembles	F02 Banks W&B -> B03 Brass Finale -> Sample	S081 BRS:TpsG#3Sc2-	
Miroslav Vitous	Woodwind & Brass Ensembles	F02 Banks W&B -> B03 Brass Finale -> Sample	S082 BRS:TpsA_3Sc2-	
Miroslav Vitous	Woodwind & Brass Ensembles	F02 Banks W&B -> B03 Brass Finale -> Sample	S083 BRS:TpsC_4Sc2-	
Miroslav Vitous	Woodwind & Brass Ensembles	F02 Banks W&B -> B03 Brass Finale -> Sample	S084 BRS:TpsD_4Sc2-	
Miroslav Vitous	Woodwind & Brass Ensembles	F02 Banks W&B -> B03 Brass Finale -> Sample	S085 BRS:TpsD#4Sc2-	
Miroslav Vitous	Woodwind & Brass Ensembles	F02 Banks W&B -> B03 Brass Finale -> Sample	S086 BRS:TpsF_4Sc2-	
Miroslav Vitous	Woodwind & Brass Ensembles	F02 Banks W&B -> B03 Brass Finale -> Sample	S087 BRS:TpsA_4Sc2-	
Miroslav Vitous	Woodwind & Brass Ensembles	F02 Banks W&B -> B03 Brass Finale -> Sample	S088 BRS:TpsC_5Sc2-	
Miroslav Vitous	Woodwind & Brass Ensembles	F02 Banks W&B -> B03 Brass Finale -> Sample	S089 BRS:TpsD_5Sc2-	
Miroslav Vitous	Woodwind & Brass Ensembles	F02 Banks W&B -> B03 Brass Finale -> Sample	S090 BRS:TpsE_5Sc2-	
Miroslav Vitous	Woodwind & Brass Ensembles	F02 Banks W&B -> B03 Brass Finale -> Sample	S091 BRS:TpsF#5Sc2-	
Miroslav Vitous	Woodwind & Brass Ensembles	F02 Banks W&B -> B03 Brass Finale -> Sample	S092 BRS:TpsG#5Sc2-	
Miroslav Vitous	Woodwind & Brass Ensembles	F02 Banks W&B -> B03 Brass Finale -> Sample	S093 BRS:TpsA#5Sc2-	
Miroslav Vitous	Woodwind & Brass Ensembles	F02 Banks W&B -> B03 Brass Finale -> Sample	S094 BRS:TpsC_6Sc2-	
Miroslav Vitous	Woodwind & Brass Ensembles	F02 Banks W&B -> B03 Brass Finale -> Sample	S095 BRS:HnsF#2Stc-	
Miroslav Vitous	Woodwind & Brass Ensembles	F02 Banks W&B -> B03 Brass Finale -> Sample	S096 BRS:HnsB_2Stc-	
Miroslav Vitous	Woodwind & Brass Ensembles	F02 Banks W&B -> B03 Brass Finale -> Sample	S097 BRS:HnsC#3Stc-	
Miroslav Vitous	Woodwind & Brass Ensembles	F02 Banks W&B -> B03 Brass Finale -> Sample	S098 BRS:HnsD#3Stc-	
Miroslav Vitous	Woodwind & Brass Ensembles	F02 Banks W&B -> B03 Brass Finale -> Sample	S099 BRS:HnsG_3Stc-	
Miroslav Vitous	Woodwind & Brass Ensembles	F02 Banks W&B -> B03 Brass Finale -> Sample	S100 BRS:HnsB_3Stc-	
Miroslav Vitous	Woodwind & Brass Ensembles	F02 Banks W&B -> B03 Brass Finale -> Sample	S101 BRS:HnsC#4Stc-	
Miroslav Vitous	Woodwind & Brass Ensembles	F02 Banks W&B -> B03 Brass Finale -> Sample	S102 BRS:HnsD#4Stc-	
Miroslav Vitous	Woodwind & Brass Ensembles	F02 Banks W&B -> B03 Brass Finale -> Sample	S103 BRS:HnsF_4Stc-	
Miroslav Vitous	Woodwind & Brass Ensembles	F02 Banks W&B -> B03 Brass Finale -> Sample	S104 BRS:HnsA_4Stc-	
Miroslav Vitous	Woodwind & Brass Ensembles	F02 Banks W&B -> B03 Brass Finale -> Sample	S105 BRS:HnsC#5Stc-	