Northstar Productions	Drumscapes	CMB:Fast Rock -> CMB:Fast Rock  * -> Patch	BTS:Fast Rock  *	
Northstar Productions	Drumscapes	CMB:Fast Rock -> CMB:Fast Rock  * -> Patch	KIK:F/R K2     *	
Northstar Productions	Drumscapes	CMB:Fast Rock -> CMB:Fast Rock  * -> Patch	SNR:F/R Sn Wet *	
Northstar Productions	Drumscapes	CMB:Fast Rock -> CMB:Fast Rock  * -> Patch	SNR:F/R Stick  *	
Northstar Productions	Drumscapes	CMB:Fast Rock -> CMB:Fast Rock  * -> Patch	SNR:F/R Sn Flm1*	
Northstar Productions	Drumscapes	CMB:Fast Rock -> CMB:Fast Rock  * -> Patch	TOM:F/R Toms 2 *	
Northstar Productions	Drumscapes	CMB:Fast Rock -> CMB:Fast Rock  * -> Patch	CYM:F/R Bell1  *	
Northstar Productions	Drumscapes	CMB:Fast Rock -> CMB:Fast Rock  * -> Patch	CYM:F/R Crsh2  *	
Northstar Productions	Drumscapes	CMB:Fast Rock -> CMB:Fast Rock  * -> Patch	CYM:F/R Crsh3  *	
Northstar Productions	Drumscapes	CMB:Fast Rock -> CMB:Fast Rock  * -> Patch	HAT:F/R HH 8S  *	
Northstar Productions	Drumscapes	CMB:Fast Rock -> CMB:Fast Rock  * -> Sample	BTS:FstRckIF1*	
Northstar Productions	Drumscapes	CMB:Fast Rock -> CMB:Fast Rock  * -> Sample	BTS:FstRckIF2*	
Northstar Productions	Drumscapes	CMB:Fast Rock -> CMB:Fast Rock  * -> Sample	BTS:FstRckVL1*	
Northstar Productions	Drumscapes	CMB:Fast Rock -> CMB:Fast Rock  * -> Sample	BTS:FstRckVF1*	
Northstar Productions	Drumscapes	CMB:Fast Rock -> CMB:Fast Rock  * -> Sample	BTS:FstRckBL1*	
Northstar Productions	Drumscapes	CMB:Fast Rock -> CMB:Fast Rock  * -> Sample	BTS:FstRckVF2*	
Northstar Productions	Drumscapes	CMB:Fast Rock -> CMB:Fast Rock  * -> Sample	BTS:FstRckCL1*	
Northstar Productions	Drumscapes	CMB:Fast Rock -> CMB:Fast Rock  * -> Sample	BTS:FstRckBL2*	
Northstar Productions	Drumscapes	CMB:Fast Rock -> CMB:Fast Rock  * -> Sample	BTS:FstRckCF1*	
Northstar Productions	Drumscapes	CMB:Fast Rock -> CMB:Fast Rock  * -> Sample	BTS:FstRckCF2*	
Northstar Productions	Drumscapes	CMB:Fast Rock -> CMB:Fast Rock  * -> Sample	BTS:FstRckBF1*	
Northstar Productions	Drumscapes	CMB:Fast Rock -> CMB:Fast Rock  * -> Sample	BTS:FstRckBF2*	
Northstar Productions	Drumscapes	CMB:Fast Rock -> CMB:Fast Rock  * -> Sample	BTS:FstRckBF3*	
Northstar Productions	Drumscapes	CMB:Fast Rock -> CMB:Fast Rock  * -> Sample	BTS:FstRckBF4*	
Northstar Productions	Drumscapes	CMB:Fast Rock -> CMB:Fast Rock  * -> Sample	KIK:F/R K2a*	
Northstar Productions	Drumscapes	CMB:Fast Rock -> CMB:Fast Rock  * -> Sample	KIK:F/R K2b*	
Northstar Productions	Drumscapes	CMB:Fast Rock -> CMB:Fast Rock  * -> Sample	SNR:F/R Sn1*	
Northstar Productions	Drumscapes	CMB:Fast Rock -> CMB:Fast Rock  * -> Sample	SNR:F/R Sn5*	
Northstar Productions	Drumscapes	CMB:Fast Rock -> CMB:Fast Rock  * -> Sample	SNR:F/R Sn3*	
Northstar Productions	Drumscapes	CMB:Fast Rock -> CMB:Fast Rock  * -> Sample	SNR:F/R Sn6*	
Northstar Productions	Drumscapes	CMB:Fast Rock -> CMB:Fast Rock  * -> Sample	SNR:F/R Stk1*	
Northstar Productions	Drumscapes	CMB:Fast Rock -> CMB:Fast Rock  * -> Sample	SNR:F/RSnFlm1*	
Northstar Productions	Drumscapes	CMB:Fast Rock -> CMB:Fast Rock  * -> Sample	TOM:F/RLoTom2*	
Northstar Productions	Drumscapes	CMB:Fast Rock -> CMB:Fast Rock  * -> Sample	TOM:F/RLoTom3*	
Northstar Productions	Drumscapes	CMB:Fast Rock -> CMB:Fast Rock  * -> Sample	TOM:F/RLMTom2*	
Northstar Productions	Drumscapes	CMB:Fast Rock -> CMB:Fast Rock  * -> Sample	TOM:F/RLMTom3*	
Northstar Productions	Drumscapes	CMB:Fast Rock -> CMB:Fast Rock  * -> Sample	TOM:F/RHMTom2*	
Northstar Productions	Drumscapes	CMB:Fast Rock -> CMB:Fast Rock  * -> Sample	TOM:F/RHMTom3*	
Northstar Productions	Drumscapes	CMB:Fast Rock -> CMB:Fast Rock  * -> Sample	TOM:F/RHiTom1*	
Northstar Productions	Drumscapes	CMB:Fast Rock -> CMB:Fast Rock  * -> Sample	TOM:F/RHiTom3*	
Northstar Productions	Drumscapes	CMB:Fast Rock -> CMB:Fast Rock  * -> Sample	CYM:F/R Bell2*	
Northstar Productions	Drumscapes	CMB:Fast Rock -> CMB:Fast Rock  * -> Sample	CYM:F/R Crsh2*	
Northstar Productions	Drumscapes	CMB:Fast Rock -> CMB:Fast Rock  * -> Sample	CYM:F/R Crsh3*	
Northstar Productions	Drumscapes	CMB:Fast Rock -> CMB:Fast Rock  * -> Sample	HAT:F/R HatP1*	
Northstar Productions	Drumscapes	CMB:Fast Rock -> CMB:Fast Rock  * -> Sample	HAT:F/R HatP2*	
Northstar Productions	Drumscapes	CMB:Fast Rock -> CMB:Fast Rock  * -> Sample	HAT:F/R HatC5*	
Northstar Productions	Drumscapes	CMB:Fast Rock -> CMB:Fast Rock  * -> Sample	HAT:F/R HatC1*	
Northstar Productions	Drumscapes	CMB:Fast Rock -> CMB:Fast Rock  * -> Sample	HAT:F/R HatC2*	
Northstar Productions	Drumscapes	CMB:Fast Rock -> CMB:Fast Rock  * -> Sample	HAT:F/R HatC3*	
Northstar Productions	Drumscapes	CMB:Fast Rock -> CMB:Fast Rock  * -> Sample	HAT:F/R HatO1*	
Northstar Productions	Drumscapes	CMB:Fast Rock -> CMB:Fast Rock  * -> Sample	HAT:F/R HatL2*	
Northstar Productions	Drumscapes	CMB:Med. Rock -> CMB:Med. Rock  * -> Patch	BTS:Med.Rock   *	
Northstar Productions	Drumscapes	CMB:Med. Rock -> CMB:Med. Rock  * -> Patch	KIK:M/R K2     *	
Northstar Productions	Drumscapes	CMB:Med. Rock -> CMB:Med. Rock  * -> Patch	SNR:M/R Sn4    *	
Northstar Productions	Drumscapes	CMB:Med. Rock -> CMB:Med. Rock  * -> Patch	SNR:M/R Sn Flam*	
Northstar Productions	Drumscapes	CMB:Med. Rock -> CMB:Med. Rock  * -> Patch	HAT:M/R Hat 1  *	
Northstar Productions	Drumscapes	CMB:Med. Rock -> CMB:Med. Rock  * -> Patch	CYM:M/R Ride1  *	
Northstar Productions	Drumscapes	CMB:Med. Rock -> CMB:Med. Rock  * -> Patch	CYM:M/R Crsh1  *	
Northstar Productions	Drumscapes	CMB:Med. Rock -> CMB:Med. Rock  * -> Patch	CYM:M/R Crsh2  *	
Northstar Productions	Drumscapes	CMB:Med. Rock -> CMB:Med. Rock  * -> Patch	TOM:M/R Toms 1 *	
Northstar Productions	Drumscapes	CMB:Med. Rock -> CMB:Med. Rock  * -> Patch	SNR:M/R Stick  *	
Northstar Productions	Drumscapes	CMB:Med. Rock -> CMB:Med. Rock  * -> Sample	BTS:MedRckIF1*	
Northstar Productions	Drumscapes	CMB:Med. Rock -> CMB:Med. Rock  * -> Sample	BTS:MedRckIF2*	
Northstar Productions	Drumscapes	CMB:Med. Rock -> CMB:Med. Rock  * -> Sample	BTS:MedRckIL1*	
Northstar Productions	Drumscapes	CMB:Med. Rock -> CMB:Med. Rock  * -> Sample	BTS:MedRckVL1*	
Northstar Productions	Drumscapes	CMB:Med. Rock -> CMB:Med. Rock  * -> Sample	BTS:MedRckBL1*	
Northstar Productions	Drumscapes	CMB:Med. Rock -> CMB:Med. Rock  * -> Sample	BTS:MedRckCF1*	
Northstar Productions	Drumscapes	CMB:Med. Rock -> CMB:Med. Rock  * -> Sample	BTS:MedRckCL1*	
Northstar Productions	Drumscapes	CMB:Med. Rock -> CMB:Med. Rock  * -> Sample	BTS:MedRckBL2*	
Northstar Productions	Drumscapes	CMB:Med. Rock -> CMB:Med. Rock  * -> Sample	BTS:MedRckCF2*	
Northstar Productions	Drumscapes	CMB:Med. Rock -> CMB:Med. Rock  * -> Sample	BTS:MedRckBF2*	
Northstar Productions	Drumscapes	CMB:Med. Rock -> CMB:Med. Rock  * -> Sample	BTS:MedRckBF4*	
Northstar Productions	Drumscapes	CMB:Med. Rock -> CMB:Med. Rock  * -> Sample	BTS:MedRckBF1*	
Northstar Productions	Drumscapes	CMB:Med. Rock -> CMB:Med. Rock  * -> Sample	BTS:MedRckBF3*	
Northstar Productions	Drumscapes	CMB:Med. Rock -> CMB:Med. Rock  * -> Sample	KIK:M/R K1*	
Northstar Productions	Drumscapes	CMB:Med. Rock -> CMB:Med. Rock  * -> Sample	KIK:M/R K1d  *	
Northstar Productions	Drumscapes	CMB:Med. Rock -> CMB:Med. Rock  * -> Sample	SNR:M/R SnM1 *	
Northstar Productions	Drumscapes	CMB:Med. Rock -> CMB:Med. Rock  * -> Sample	SNR:M/R Sn2  *	
Northstar Productions	Drumscapes	CMB:Med. Rock -> CMB:Med. Rock  * -> Sample	SNR:M/R Sn2 *	
Northstar Productions	Drumscapes	CMB:Med. Rock -> CMB:Med. Rock  * -> Sample	SNR:M/R SnH1 *	
Northstar Productions	Drumscapes	CMB:Med. Rock -> CMB:Med. Rock  * -> Sample	SNR:M/R SnFl1*	
Northstar Productions	Drumscapes	CMB:Med. Rock -> CMB:Med. Rock  * -> Sample	HAT:M/R Ped 1  *	
Northstar Productions	Drumscapes	CMB:Med. Rock -> CMB:Med. Rock  * -> Sample	HAT:M/R CHH1a  *	
Northstar Productions	Drumscapes	CMB:Med. Rock -> CMB:Med. Rock  * -> Sample	HAT:M/R CHH1b  *	
Northstar Productions	Drumscapes	CMB:Med. Rock -> CMB:Med. Rock  * -> Sample	HAT:M/R CHH1c  *	
Northstar Productions	Drumscapes	CMB:Med. Rock -> CMB:Med. Rock  * -> Sample	HAT:M/R CHH2a  *	
Northstar Productions	Drumscapes	CMB:Med. Rock -> CMB:Med. Rock  * -> Sample	HAT:M/R OHH 1  *	
Northstar Productions	Drumscapes	CMB:Med. Rock -> CMB:Med. Rock  * -> Sample	CYM:M/R CYM 1*-L	
Northstar Productions	Drumscapes	CMB:Med. Rock -> CMB:Med. Rock  * -> Sample	CYM:M/R Crsh 1 *	
Northstar Productions	Drumscapes	CMB:Med. Rock -> CMB:Med. Rock  * -> Sample	CYM:M/R Crsh 2 *	
Northstar Productions	Drumscapes	CMB:Med. Rock -> CMB:Med. Rock  * -> Sample	TOM:M/R LoT1a*	
Northstar Productions	Drumscapes	CMB:Med. Rock -> CMB:Med. Rock  * -> Sample	TOM:M/R LoT1b*	
Northstar Productions	Drumscapes	CMB:Med. Rock -> CMB:Med. Rock  * -> Sample	TOM:M/R MT1a *	
Northstar Productions	Drumscapes	CMB:Med. Rock -> CMB:Med. Rock  * -> Sample	SNR:M/R MT1b *	
Northstar Productions	Drumscapes	CMB:Med. Rock -> CMB:Med. Rock  * -> Sample	TOM:M/R HiT1a*	
Northstar Productions	Drumscapes	CMB:Med. Rock -> CMB:Med. Rock  * -> Sample	TOM:M/R HiT1b*	
Northstar Productions	Drumscapes	CMB:Med. Rock -> CMB:Med. Rock  * -> Sample	SNR:A/C Stk1 *	
Northstar Productions	Drumscapes	CMB:Pwr Ballad -> CMB:Pwr Ballad * -> Patch	BTS:Power Bal  *	
Northstar Productions	Drumscapes	CMB:Pwr Ballad -> CMB:Pwr Ballad * -> Patch	KIK:P/B K2     *	
Northstar Productions	Drumscapes	CMB:Pwr Ballad -> CMB:Pwr Ballad * -> Patch	SNR:P/B Sn1    *	
Northstar Productions	Drumscapes	CMB:Pwr Ballad -> CMB:Pwr Ballad * -> Patch	SNR:P/B Stick  *	
Northstar Productions	Drumscapes	CMB:Pwr Ballad -> CMB:Pwr Ballad * -> Patch	HAT:P/B Hat 2S *	
Northstar Productions	Drumscapes	CMB:Pwr Ballad -> CMB:Pwr Ballad * -> Patch	CYM:P/B Ride1  *	
Northstar Productions	Drumscapes	CMB:Pwr Ballad -> CMB:Pwr Ballad * -> Patch	CYM:P/B Crsh2  *	
Northstar Productions	Drumscapes	CMB:Pwr Ballad -> CMB:Pwr Ballad * -> Patch	CYM:P/B Crsh4  *	
Northstar Productions	Drumscapes	CMB:Pwr Ballad -> CMB:Pwr Ballad * -> Patch	TOM:P/B Toms 1 *	
Northstar Productions	Drumscapes	CMB:Pwr Ballad -> CMB:Pwr Ballad * -> Patch	SNR:M/R Sn Flam*	
Northstar Productions	Drumscapes	CMB:Pwr Ballad -> CMB:Pwr Ballad * -> Sample	BTS:PwrBalIF1*	
Northstar Productions	Drumscapes	CMB:Pwr Ballad -> CMB:Pwr Ballad * -> Sample	BTS:PwrBalIF2*	
Northstar Productions	Drumscapes	CMB:Pwr Ballad -> CMB:Pwr Ballad * -> Sample	BTS:PwrBalVL1*	
Northstar Productions	Drumscapes	CMB:Pwr Ballad -> CMB:Pwr Ballad * -> Sample	BTS:PwrBalVF1*	
Northstar Productions	Drumscapes	CMB:Pwr Ballad -> CMB:Pwr Ballad * -> Sample	BTS:PwrBalIL1*	
Northstar Productions	Drumscapes	CMB:Pwr Ballad -> CMB:Pwr Ballad * -> Sample	BTS:PwrBalCF1*	
Northstar Productions	Drumscapes	CMB:Pwr Ballad -> CMB:Pwr Ballad * -> Sample	BTS:PwrBalBL1*	
Northstar Productions	Drumscapes	CMB:Pwr Ballad -> CMB:Pwr Ballad * -> Sample	BTS:PwrBalBL2*	
Northstar Productions	Drumscapes	CMB:Pwr Ballad -> CMB:Pwr Ballad * -> Sample	BTS:PwrBalCF2*	
Northstar Productions	Drumscapes	CMB:Pwr Ballad -> CMB:Pwr Ballad * -> Sample	BTS:PwrBalCL1*	
Northstar Productions	Drumscapes	CMB:Pwr Ballad -> CMB:Pwr Ballad * -> Sample	BTS:PwrBalBF1*	
Northstar Productions	Drumscapes	CMB:Pwr Ballad -> CMB:Pwr Ballad * -> Sample	BTS:PwrBalBF3*	
Northstar Productions	Drumscapes	CMB:Pwr Ballad -> CMB:Pwr Ballad * -> Sample	BTS:PwrBalBF2*	
Northstar Productions	Drumscapes	CMB:Pwr Ballad -> CMB:Pwr Ballad * -> Sample	BTS:PwrBalBF4*	
Northstar Productions	Drumscapes	CMB:Pwr Ballad -> CMB:Pwr Ballad * -> Sample	KIK:P/B K3*	
Northstar Productions	Drumscapes	CMB:Pwr Ballad -> CMB:Pwr Ballad * -> Sample	KIK:P/B K2*	
Northstar Productions	Drumscapes	CMB:Pwr Ballad -> CMB:Pwr Ballad * -> Sample	SNR:P/B Sn3*	
Northstar Productions	Drumscapes	CMB:Pwr Ballad -> CMB:Pwr Ballad * -> Sample	SNR:P/B Sn5*	
Northstar Productions	Drumscapes	CMB:Pwr Ballad -> CMB:Pwr Ballad * -> Sample	SNR:P/B Sn1*	
Northstar Productions	Drumscapes	CMB:Pwr Ballad -> CMB:Pwr Ballad * -> Sample	SNR:P/B Sn4*	
Northstar Productions	Drumscapes	CMB:Pwr Ballad -> CMB:Pwr Ballad * -> Sample	SNR:A/C Stk1 *	
Northstar Productions	Drumscapes	CMB:Pwr Ballad -> CMB:Pwr Ballad * -> Sample	HAT:P/B PHat1*	
Northstar Productions	Drumscapes	CMB:Pwr Ballad -> CMB:Pwr Ballad * -> Sample	HAT:P/B CHat1*	
Northstar Productions	Drumscapes	CMB:Pwr Ballad -> CMB:Pwr Ballad * -> Sample	HAT:P/B LHat2*	
Northstar Productions	Drumscapes	CMB:Pwr Ballad -> CMB:Pwr Ballad * -> Sample	HAT:P/B CHat2*	
Northstar Productions	Drumscapes	CMB:Pwr Ballad -> CMB:Pwr Ballad * -> Sample	HAT:P/B SHat1*	
Northstar Productions	Drumscapes	CMB:Pwr Ballad -> CMB:Pwr Ballad * -> Sample	HAT:P/B OHat1*	
Northstar Productions	Drumscapes	CMB:Pwr Ballad -> CMB:Pwr Ballad * -> Sample	HAT:P/B LHat3*	
Northstar Productions	Drumscapes	CMB:Pwr Ballad -> CMB:Pwr Ballad * -> Sample	CYM:P/B Ride1*	
Northstar Productions	Drumscapes	CMB:Pwr Ballad -> CMB:Pwr Ballad * -> Sample	CYM:P/B RdBl1*	
Northstar Productions	Drumscapes	CMB:Pwr Ballad -> CMB:Pwr Ballad * -> Sample	CYM:P/B Crs2*	
Northstar Productions	Drumscapes	CMB:Pwr Ballad -> CMB:Pwr Ballad * -> Sample	CYM:P/B Crs4*	
Northstar Productions	Drumscapes	CMB:Pwr Ballad -> CMB:Pwr Ballad * -> Sample	TOM:P/B LTm1c*	
Northstar Productions	Drumscapes	CMB:Pwr Ballad -> CMB:Pwr Ballad * -> Sample	TOM:P/B LTm1d*	
Northstar Productions	Drumscapes	CMB:Pwr Ballad -> CMB:Pwr Ballad * -> Sample	TOM:P/BLMTm1c*	
Northstar Productions	Drumscapes	CMB:Pwr Ballad -> CMB:Pwr Ballad * -> Sample	TOM:P/BLMTm1d*	
Northstar Productions	Drumscapes	CMB:Pwr Ballad -> CMB:Pwr Ballad * -> Sample	TOM:P/BHMTm1c*	
Northstar Productions	Drumscapes	CMB:Pwr Ballad -> CMB:Pwr Ballad * -> Sample	TOM:P/BHMTm1d*	
Northstar Productions	Drumscapes	CMB:Pwr Ballad -> CMB:Pwr Ballad * -> Sample	TOM:P/B HTm1c*	
Northstar Productions	Drumscapes	CMB:Pwr Ballad -> CMB:Pwr Ballad * -> Sample	TOM:P/B HTm1d*	
Northstar Productions	Drumscapes	CMB:Pwr Ballad -> CMB:Pwr Ballad * -> Sample	SNR:M/R SnFl1*	
Northstar Productions	Drumscapes	CMB:Fast Shuff -> CMB:Fast Shuff * -> Patch	BTS:Fast Shuff *	
Northstar Productions	Drumscapes	CMB:Fast Shuff -> CMB:Fast Shuff * -> Patch	KIK:F/S K2     *	
Northstar Productions	Drumscapes	CMB:Fast Shuff -> CMB:Fast Shuff * -> Patch	SNR:F/S Sn1    *	
Northstar Productions	Drumscapes	CMB:Fast Shuff -> CMB:Fast Shuff * -> Patch	SNR:F/S SnFlam *	
Northstar Productions	Drumscapes	CMB:Fast Shuff -> CMB:Fast Shuff * -> Patch	HAT:F/S Hat 2S *	
Northstar Productions	Drumscapes	CMB:Fast Shuff -> CMB:Fast Shuff * -> Patch	CYM:F/S Ride1  *	
Northstar Productions	Drumscapes	CMB:Fast Shuff -> CMB:Fast Shuff * -> Patch	CYM:F/S Crsh3S *	
Northstar Productions	Drumscapes	CMB:Fast Shuff -> CMB:Fast Shuff * -> Patch	CYM:F/S Crsh4S *	
Northstar Productions	Drumscapes	CMB:Fast Shuff -> CMB:Fast Shuff * -> Patch	TOM:F/S Toms 2 *	
Northstar Productions	Drumscapes	CMB:Fast Shuff -> CMB:Fast Shuff * -> Patch	SNR:P/B Stick  *	
Northstar Productions	Drumscapes	CMB:Fast Shuff -> CMB:Fast Shuff * -> Sample	BTS:FstShfIF1*	
Northstar Productions	Drumscapes	CMB:Fast Shuff -> CMB:Fast Shuff * -> Sample	BTS:FstShfIL1*	
Northstar Productions	Drumscapes	CMB:Fast Shuff -> CMB:Fast Shuff * -> Sample	BTS:FstShfVL1*	
Northstar Productions	Drumscapes	CMB:Fast Shuff -> CMB:Fast Shuff * -> Sample	BTS:FstShfVF1*	
Northstar Productions	Drumscapes	CMB:Fast Shuff -> CMB:Fast Shuff * -> Sample	BTS:FstShfBL1*	
Northstar Productions	Drumscapes	CMB:Fast Shuff -> CMB:Fast Shuff * -> Sample	BTS:FstShfVF2*	
Northstar Productions	Drumscapes	CMB:Fast Shuff -> CMB:Fast Shuff * -> Sample	BTS:FstShfBL2*	
Northstar Productions	Drumscapes	CMB:Fast Shuff -> CMB:Fast Shuff * -> Sample	BTS:FstShfCL1*	
Northstar Productions	Drumscapes	CMB:Fast Shuff -> CMB:Fast Shuff * -> Sample	BTS:FstShfCF1*	
Northstar Productions	Drumscapes	CMB:Fast Shuff -> CMB:Fast Shuff * -> Sample	BTS:FstShfCF2*	
Northstar Productions	Drumscapes	CMB:Fast Shuff -> CMB:Fast Shuff * -> Sample	BTS:FstShfCF3*	
Northstar Productions	Drumscapes	CMB:Fast Shuff -> CMB:Fast Shuff * -> Sample	BTS:FstShfBF1*	
Northstar Productions	Drumscapes	CMB:Fast Shuff -> CMB:Fast Shuff * -> Sample	BTS:FstShfBF2*	
Northstar Productions	Drumscapes	CMB:Fast Shuff -> CMB:Fast Shuff * -> Sample	BTS:FstShfBF3*	
Northstar Productions	Drumscapes	CMB:Fast Shuff -> CMB:Fast Shuff * -> Sample	KIK:F/S K2*	
Northstar Productions	Drumscapes	CMB:Fast Shuff -> CMB:Fast Shuff * -> Sample	KIK:F/S K2a*	
Northstar Productions	Drumscapes	CMB:Fast Shuff -> CMB:Fast Shuff * -> Sample	SNR:F/S Sn1*	
Northstar Productions	Drumscapes	CMB:Fast Shuff -> CMB:Fast Shuff * -> Sample	SNR:F/S Sn1a*	
Northstar Productions	Drumscapes	CMB:Fast Shuff -> CMB:Fast Shuff * -> Sample	SNR:F/S Sn2*	
Northstar Productions	Drumscapes	CMB:Fast Shuff -> CMB:Fast Shuff * -> Sample	SNR:F/S Sn2a*	
Northstar Productions	Drumscapes	CMB:Fast Shuff -> CMB:Fast Shuff * -> Sample	SNR:F/S SnFl1*	
Northstar Productions	Drumscapes	CMB:Fast Shuff -> CMB:Fast Shuff * -> Sample	HAT:F/S Ped1 *	
Northstar Productions	Drumscapes	CMB:Fast Shuff -> CMB:Fast Shuff * -> Sample	HAT:F/S CHH1*	
Northstar Productions	Drumscapes	CMB:Fast Shuff -> CMB:Fast Shuff * -> Sample	HAT:F/S CHH3*	
Northstar Productions	Drumscapes	CMB:Fast Shuff -> CMB:Fast Shuff * -> Sample	HAT:F/S CHH2*	
Northstar Productions	Drumscapes	CMB:Fast Shuff -> CMB:Fast Shuff * -> Sample	HAT:F/S LHH4*	
Northstar Productions	Drumscapes	CMB:Fast Shuff -> CMB:Fast Shuff * -> Sample	HAT:F/S OHH1*	
Northstar Productions	Drumscapes	CMB:Fast Shuff -> CMB:Fast Shuff * -> Sample	HAT:F/S LHH2*	
Northstar Productions	Drumscapes	CMB:Fast Shuff -> CMB:Fast Shuff * -> Sample	CYM:F/S Ride1*	
Northstar Productions	Drumscapes	CMB:Fast Shuff -> CMB:Fast Shuff * -> Sample	CYM:F/S Bell1*	
Northstar Productions	Drumscapes	CMB:Fast Shuff -> CMB:Fast Shuff * -> Sample	CYM:F/S Cym 3*	
Northstar Productions	Drumscapes	CMB:Fast Shuff -> CMB:Fast Shuff * -> Sample	CYM:F/S Cym 4*	
Northstar Productions	Drumscapes	CMB:Fast Shuff -> CMB:Fast Shuff * -> Sample	TOM:F/S LTm2 *	
Northstar Productions	Drumscapes	CMB:Fast Shuff -> CMB:Fast Shuff * -> Sample	TOM:F/S LTm3 *	
Northstar Productions	Drumscapes	CMB:Fast Shuff -> CMB:Fast Shuff * -> Sample	TOM:F/S MTm2 *	
Northstar Productions	Drumscapes	CMB:Fast Shuff -> CMB:Fast Shuff * -> Sample	TOM:F/S MTm3 *	
Northstar Productions	Drumscapes	CMB:Fast Shuff -> CMB:Fast Shuff * -> Sample	TOM:F/S HTm2 *	
Northstar Productions	Drumscapes	CMB:Fast Shuff -> CMB:Fast Shuff * -> Sample	TOM:F/S HTm3 *	
Northstar Productions	Drumscapes	CMB:Fast Shuff -> CMB:Fast Shuff * -> Sample	SNR:A/C Stk1 *	
Northstar Productions	Drumscapes	CMB:Slow Shuff -> CMB:Slow Shuff * -> Patch	BTS:Slow Shuff *	
Northstar Productions	Drumscapes	CMB:Slow Shuff -> CMB:Slow Shuff * -> Patch	KIK:S/S K2     *	
Northstar Productions	Drumscapes	CMB:Slow Shuff -> CMB:Slow Shuff * -> Patch	SNR:S/S Sn2    *	
Northstar Productions	Drumscapes	CMB:Slow Shuff -> CMB:Slow Shuff * -> Patch	SNR:F/R Sn Flm1*	
Northstar Productions	Drumscapes	CMB:Slow Shuff -> CMB:Slow Shuff * -> Patch	HAT:S/S Hat 4S *	
Northstar Productions	Drumscapes	CMB:Slow Shuff -> CMB:Slow Shuff * -> Patch	CYM:S/S Ride 1 *	
Northstar Productions	Drumscapes	CMB:Slow Shuff -> CMB:Slow Shuff * -> Patch	CYM:S/S Crash1 *	
Northstar Productions	Drumscapes	CMB:Slow Shuff -> CMB:Slow Shuff * -> Patch	CYM:S/S Crash2 *	
Northstar Productions	Drumscapes	CMB:Slow Shuff -> CMB:Slow Shuff * -> Patch	TOM:S/S Toms 1 *	
Northstar Productions	Drumscapes	CMB:Slow Shuff -> CMB:Slow Shuff * -> Patch	SNR:P/B Stick  *	
Northstar Productions	Drumscapes	CMB:Slow Shuff -> CMB:Slow Shuff * -> Sample	BTS:SlwShfIF1*	
Northstar Productions	Drumscapes	CMB:Slow Shuff -> CMB:Slow Shuff * -> Sample	BTS:SlwShfIF2*	
Northstar Productions	Drumscapes	CMB:Slow Shuff -> CMB:Slow Shuff * -> Sample	BTS:SlwShfIF3*	
Northstar Productions	Drumscapes	CMB:Slow Shuff -> CMB:Slow Shuff * -> Sample	BTS:SlwShfVL1*	
Northstar Productions	Drumscapes	CMB:Slow Shuff -> CMB:Slow Shuff * -> Sample	BTS:SlwShfVF1*	
Northstar Productions	Drumscapes	CMB:Slow Shuff -> CMB:Slow Shuff * -> Sample	BTS:SlwShfBL1*	
Northstar Productions	Drumscapes	CMB:Slow Shuff -> CMB:Slow Shuff * -> Sample	BTS:SlwShfVF2*	
Northstar Productions	Drumscapes	CMB:Slow Shuff -> CMB:Slow Shuff * -> Sample	BTS:SlwShfBL2*	
Northstar Productions	Drumscapes	CMB:Slow Shuff -> CMB:Slow Shuff * -> Sample	BTS:SlwShfCL1*	
Northstar Productions	Drumscapes	CMB:Slow Shuff -> CMB:Slow Shuff * -> Sample	BTS:SlwShfCF1*	
Northstar Productions	Drumscapes	CMB:Slow Shuff -> CMB:Slow Shuff * -> Sample	BTS:SlwShfCF2*	
Northstar Productions	Drumscapes	CMB:Slow Shuff -> CMB:Slow Shuff * -> Sample	BTS:SlwShfBF1*	
Northstar Productions	Drumscapes	CMB:Slow Shuff -> CMB:Slow Shuff * -> Sample	BTS:SlwShfBF3*	
Northstar Productions	Drumscapes	CMB:Slow Shuff -> CMB:Slow Shuff * -> Sample	BTS:SlwShfBF2*	
Northstar Productions	Drumscapes	CMB:Slow Shuff -> CMB:Slow Shuff * -> Sample	BTS:SlwShfBF4*	
Northstar Productions	Drumscapes	CMB:Slow Shuff -> CMB:Slow Shuff * -> Sample	BTS:SlwShfBF5*	
Northstar Productions	Drumscapes	CMB:Slow Shuff -> CMB:Slow Shuff * -> Sample	KIK:S/S K2*	
Northstar Productions	Drumscapes	CMB:Slow Shuff -> CMB:Slow Shuff * -> Sample	KIK:S/S K3*	
Northstar Productions	Drumscapes	CMB:Slow Shuff -> CMB:Slow Shuff * -> Sample	SNR:S/S Sn3*	
Northstar Productions	Drumscapes	CMB:Slow Shuff -> CMB:Slow Shuff * -> Sample	SNR:S/S Sn3a*	
Northstar Productions	Drumscapes	CMB:Slow Shuff -> CMB:Slow Shuff * -> Sample	SNR:S/S Sn1*	
Northstar Productions	Drumscapes	CMB:Slow Shuff -> CMB:Slow Shuff * -> Sample	SNR:S/S Sn1a*	
Northstar Productions	Drumscapes	CMB:Slow Shuff -> CMB:Slow Shuff * -> Sample	SNR:F/RSnFlm1*	
Northstar Productions	Drumscapes	CMB:Slow Shuff -> CMB:Slow Shuff * -> Sample	HAT:S/S Ped1*	
Northstar Productions	Drumscapes	CMB:Slow Shuff -> CMB:Slow Shuff * -> Sample	HAT:S/S HH/T3*	
Northstar Productions	Drumscapes	CMB:Slow Shuff -> CMB:Slow Shuff * -> Sample	HAT:S/S HH/S1*	
Northstar Productions	Drumscapes	CMB:Slow Shuff -> CMB:Slow Shuff * -> Sample	HAT:S/S HH/S2*	
Northstar Productions	Drumscapes	CMB:Slow Shuff -> CMB:Slow Shuff * -> Sample	HAT:S/S HH/L1*	
Northstar Productions	Drumscapes	CMB:Slow Shuff -> CMB:Slow Shuff * -> Sample	HAT:S/S OHat1*	
Northstar Productions	Drumscapes	CMB:Slow Shuff -> CMB:Slow Shuff * -> Sample	CYM:S/S Ride1a*	
Northstar Productions	Drumscapes	CMB:Slow Shuff -> CMB:Slow Shuff * -> Sample	CYM:S/S Ride1b*	
Northstar Productions	Drumscapes	CMB:Slow Shuff -> CMB:Slow Shuff * -> Sample	CYM:S/S Crsh1*	
Northstar Productions	Drumscapes	CMB:Slow Shuff -> CMB:Slow Shuff * -> Sample	CYM:S/S Crsh2*	
Northstar Productions	Drumscapes	CMB:Slow Shuff -> CMB:Slow Shuff * -> Sample	TOM:S/S LT1b*	
Northstar Productions	Drumscapes	CMB:Slow Shuff -> CMB:Slow Shuff * -> Sample	TOM:S/S LT1a*	
Northstar Productions	Drumscapes	CMB:Slow Shuff -> CMB:Slow Shuff * -> Sample	TOM:S/S MT1a*	
Northstar Productions	Drumscapes	CMB:Slow Shuff -> CMB:Slow Shuff * -> Sample	TOM:S/S MT1b*	
Northstar Productions	Drumscapes	CMB:Slow Shuff -> CMB:Slow Shuff * -> Sample	TOM:S/S HT1a*	
Northstar Productions	Drumscapes	CMB:Slow Shuff -> CMB:Slow Shuff * -> Sample	TOM:S/S HT1b*	
Northstar Productions	Drumscapes	CMB:Slow Shuff -> CMB:Slow Shuff * -> Sample	SNR:A/C Stk1 *	
Northstar Productions	Drumscapes	CMB:Fast Tekno -> CMB:Fast Tekno * -> Patch	BTS:Tek Rock   *	
Northstar Productions	Drumscapes	CMB:Fast Tekno -> CMB:Fast Tekno * -> Patch	KIK:Tek K2     *	
Northstar Productions	Drumscapes	CMB:Fast Tekno -> CMB:Fast Tekno * -> Patch	SNR:F/T Sn1    *	
Northstar Productions	Drumscapes	CMB:Fast Tekno -> CMB:Fast Tekno * -> Patch	TOM:F/T Toms 2 *	
Northstar Productions	Drumscapes	CMB:Fast Tekno -> CMB:Fast Tekno * -> Patch	HAT:F/T Hat 3  *	
Northstar Productions	Drumscapes	CMB:Fast Tekno -> CMB:Fast Tekno * -> Patch	CYM:Tek Ride1  *	
Northstar Productions	Drumscapes	CMB:Fast Tekno -> CMB:Fast Tekno * -> Patch	CYM:Tek Crsh1  *	
Northstar Productions	Drumscapes	CMB:Fast Tekno -> CMB:Fast Tekno * -> Patch	CYM:Tek Crsh3  *	
Northstar Productions	Drumscapes	CMB:Fast Tekno -> CMB:Fast Tekno * -> Patch	SNR:P/C Stick 2*	
Northstar Productions	Drumscapes	CMB:Fast Tekno -> CMB:Fast Tekno * -> Patch	SNR:F/R Sn Flm1*	
Northstar Productions	Drumscapes	CMB:Fast Tekno -> CMB:Fast Tekno * -> Sample	BTS:TekRckIF2*	
Northstar Productions	Drumscapes	CMB:Fast Tekno -> CMB:Fast Tekno * -> Sample	BTS:TekRckIF1*	
Northstar Productions	Drumscapes	CMB:Fast Tekno -> CMB:Fast Tekno * -> Sample	BTS:TekRckIF3*	
Northstar Productions	Drumscapes	CMB:Fast Tekno -> CMB:Fast Tekno * -> Sample	BTS:TekRckVL1*	
Northstar Productions	Drumscapes	CMB:Fast Tekno -> CMB:Fast Tekno * -> Sample	BTS:TekRckVF1*	
Northstar Productions	Drumscapes	CMB:Fast Tekno -> CMB:Fast Tekno * -> Sample	BTS:TekRckBL2*	
Northstar Productions	Drumscapes	CMB:Fast Tekno -> CMB:Fast Tekno * -> Sample	BTS:TekRckVF2*	
Northstar Productions	Drumscapes	CMB:Fast Tekno -> CMB:Fast Tekno * -> Sample	BTS:TekRckIL1*	
Northstar Productions	Drumscapes	CMB:Fast Tekno -> CMB:Fast Tekno * -> Sample	BTS:TekRckCL1*	
Northstar Productions	Drumscapes	CMB:Fast Tekno -> CMB:Fast Tekno * -> Sample	BTS:TekRckCF1*	
Northstar Productions	Drumscapes	CMB:Fast Tekno -> CMB:Fast Tekno * -> Sample	BTS:TekRckBL1*	
Northstar Productions	Drumscapes	CMB:Fast Tekno -> CMB:Fast Tekno * -> Sample	BTS:TekRckCF2*	
Northstar Productions	Drumscapes	CMB:Fast Tekno -> CMB:Fast Tekno * -> Sample	BTS:TekRckBF2*	
Northstar Productions	Drumscapes	CMB:Fast Tekno -> CMB:Fast Tekno * -> Sample	BTS:TekRckBF4*	
Northstar Productions	Drumscapes	CMB:Fast Tekno -> CMB:Fast Tekno * -> Sample	BTS:TekRckBF1*	
Northstar Productions	Drumscapes	CMB:Fast Tekno -> CMB:Fast Tekno * -> Sample	BTS:TekRckBF3*	
Northstar Productions	Drumscapes	CMB:Fast Tekno -> CMB:Fast Tekno * -> Sample	KIK:F/T K2a  *	
Northstar Productions	Drumscapes	CMB:Fast Tekno -> CMB:Fast Tekno * -> Sample	KIK:F/T K2b  *	
Northstar Productions	Drumscapes	CMB:Fast Tekno -> CMB:Fast Tekno * -> Sample	SNR:F/T Sn1a *	
Northstar Productions	Drumscapes	CMB:Fast Tekno -> CMB:Fast Tekno * -> Sample	SNR:F/T Sn1b *	
Northstar Productions	Drumscapes	CMB:Fast Tekno -> CMB:Fast Tekno * -> Sample	SNR:F/T Sn2a *	
Northstar Productions	Drumscapes	CMB:Fast Tekno -> CMB:Fast Tekno * -> Sample	SNR:F/T Sn2b *	
Northstar Productions	Drumscapes	CMB:Fast Tekno -> CMB:Fast Tekno * -> Sample	TOM:F/T LoT1a*	
Northstar Productions	Drumscapes	CMB:Fast Tekno -> CMB:Fast Tekno * -> Sample	TOM:F/T LoT2 *	
Northstar Productions	Drumscapes	CMB:Fast Tekno -> CMB:Fast Tekno * -> Sample	TOM:F/T LMT1a*	
Northstar Productions	Drumscapes	CMB:Fast Tekno -> CMB:Fast Tekno * -> Sample	TOM:F/T LMT2 *	
Northstar Productions	Drumscapes	CMB:Fast Tekno -> CMB:Fast Tekno * -> Sample	TOM:F/T HMT1a*	
Northstar Productions	Drumscapes	CMB:Fast Tekno -> CMB:Fast Tekno * -> Sample	TOM:F/T HMT2 *	
Northstar Productions	Drumscapes	CMB:Fast Tekno -> CMB:Fast Tekno * -> Sample	TOM:F/T HiT1a*	
Northstar Productions	Drumscapes	CMB:Fast Tekno -> CMB:Fast Tekno * -> Sample	TOM:F/T HiT2 *	
Northstar Productions	Drumscapes	CMB:Fast Tekno -> CMB:Fast Tekno * -> Sample	HAT:F/T Ped 1  *	
Northstar Productions	Drumscapes	CMB:Fast Tekno -> CMB:Fast Tekno * -> Sample	HAT:F/T CHH 1a *	
Northstar Productions	Drumscapes	CMB:Fast Tekno -> CMB:Fast Tekno * -> Sample	HAT:F/T CHH 1b *	
Northstar Productions	Drumscapes	CMB:Fast Tekno -> CMB:Fast Tekno * -> Sample	HAT:F/T LHH 1  *	
Northstar Productions	Drumscapes	CMB:Fast Tekno -> CMB:Fast Tekno * -> Sample	HAT:F/T CHH 3  *	
Northstar Productions	Drumscapes	CMB:Fast Tekno -> CMB:Fast Tekno * -> Sample	HAT:F/T LHH 3  *	
Northstar Productions	Drumscapes	CMB:Fast Tekno -> CMB:Fast Tekno * -> Sample	HAT:F/T OHH 1  *	
Northstar Productions	Drumscapes	CMB:Fast Tekno -> CMB:Fast Tekno * -> Sample	CYM:F/T Ride   *	
Northstar Productions	Drumscapes	CMB:Fast Tekno -> CMB:Fast Tekno * -> Sample	CYM:F/T RideBl1*	
Northstar Productions	Drumscapes	CMB:Fast Tekno -> CMB:Fast Tekno * -> Sample	CYM:Tek Cym 2*-R	
Northstar Productions	Drumscapes	CMB:Fast Tekno -> CMB:Fast Tekno * -> Sample	CYM:Tek Cym 3*-R	
Northstar Productions	Drumscapes	CMB:Fast Tekno -> CMB:Fast Tekno * -> Sample	SNR:P/C Stk2 *	
Northstar Productions	Drumscapes	CMB:Fast Tekno -> CMB:Fast Tekno * -> Sample	SNR:P/C Stk1 *	
Northstar Productions	Drumscapes	CMB:Fast Tekno -> CMB:Fast Tekno * -> Sample	SNR:F/RSnFlm1*	
Northstar Productions	Drumscapes	CMB:Med. Tekno -> CMB:Med. Tekno * -> Patch	BTS:Med.Tek    *	
Northstar Productions	Drumscapes	CMB:Med. Tekno -> CMB:Med. Tekno * -> Patch	KIK:Tek K1     *	
Northstar Productions	Drumscapes	CMB:Med. Tekno -> CMB:Med. Tekno * -> Patch	SNR:F/T Sn2    *	
Northstar Productions	Drumscapes	CMB:Med. Tekno -> CMB:Med. Tekno * -> Patch	CYM:Tek Ride1S *	
Northstar Productions	Drumscapes	CMB:Med. Tekno -> CMB:Med. Tekno * -> Patch	HAT:F/T Hat 1  *	
Northstar Productions	Drumscapes	CMB:Med. Tekno -> CMB:Med. Tekno * -> Patch	CYM:Tek Crsh1S *	
Northstar Productions	Drumscapes	CMB:Med. Tekno -> CMB:Med. Tekno * -> Patch	CYM:Tek Crsh3S *	
Northstar Productions	Drumscapes	CMB:Med. Tekno -> CMB:Med. Tekno * -> Patch	TOM:F/T Toms 1 *	
Northstar Productions	Drumscapes	CMB:Med. Tekno -> CMB:Med. Tekno * -> Patch	SNR:F/R Sn Flm1*	
Northstar Productions	Drumscapes	CMB:Med. Tekno -> CMB:Med. Tekno * -> Patch	SNR:P/C Stick 2*	
Northstar Productions	Drumscapes	CMB:Med. Tekno -> CMB:Med. Tekno * -> Sample	BTS:MedTekIF1*	
Northstar Productions	Drumscapes	CMB:Med. Tekno -> CMB:Med. Tekno * -> Sample	BTS:MedTekIF2*	
Northstar Productions	Drumscapes	CMB:Med. Tekno -> CMB:Med. Tekno * -> Sample	BTS:MedTekIF3*	
Northstar Productions	Drumscapes	CMB:Med. Tekno -> CMB:Med. Tekno * -> Sample	BTS:MedTekIL1*	
Northstar Productions	Drumscapes	CMB:Med. Tekno -> CMB:Med. Tekno * -> Sample	BTS:MedTekVL1*	
Northstar Productions	Drumscapes	CMB:Med. Tekno -> CMB:Med. Tekno * -> Sample	BTS:MedTekVF1*	
Northstar Productions	Drumscapes	CMB:Med. Tekno -> CMB:Med. Tekno * -> Sample	BTS:MedTekBL2*	
Northstar Productions	Drumscapes	CMB:Med. Tekno -> CMB:Med. Tekno * -> Sample	BTS:MedTekVF2*	
Northstar Productions	Drumscapes	CMB:Med. Tekno -> CMB:Med. Tekno * -> Sample	BTS:MedTekCL1*	
Northstar Productions	Drumscapes	CMB:Med. Tekno -> CMB:Med. Tekno * -> Sample	BTS:MedTekBL1*	
Northstar Productions	Drumscapes	CMB:Med. Tekno -> CMB:Med. Tekno * -> Sample	BTS:MedTekCF1*	
Northstar Productions	Drumscapes	CMB:Med. Tekno -> CMB:Med. Tekno * -> Sample	BTS:MedTekCF2*	
Northstar Productions	Drumscapes	CMB:Med. Tekno -> CMB:Med. Tekno * -> Sample	BTS:MedTekBF1*	
Northstar Productions	Drumscapes	CMB:Med. Tekno -> CMB:Med. Tekno * -> Sample	BTS:MedTekBF3*	
Northstar Productions	Drumscapes	CMB:Med. Tekno -> CMB:Med. Tekno * -> Sample	BTS:MedTekBF2*	
Northstar Productions	Drumscapes	CMB:Med. Tekno -> CMB:Med. Tekno * -> Sample	BTS:MedTekBF4*	
Northstar Productions	Drumscapes	CMB:Med. Tekno -> CMB:Med. Tekno * -> Sample	KIK:F/T K1a  *	
Northstar Productions	Drumscapes	CMB:Med. Tekno -> CMB:Med. Tekno * -> Sample	KIK:F/T K1b  *	
Northstar Productions	Drumscapes	CMB:Med. Tekno -> CMB:Med. Tekno * -> Sample	SNR:M/T Sn1b*	
Northstar Productions	Drumscapes	CMB:Med. Tekno -> CMB:Med. Tekno * -> Sample	SNR:M/T SnH2*	
Northstar Productions	Drumscapes	CMB:Med. Tekno -> CMB:Med. Tekno * -> Sample	SNR:F/T Sn2a *	
Northstar Productions	Drumscapes	CMB:Med. Tekno -> CMB:Med. Tekno * -> Sample	SNR:F/T Sn2b *	
Northstar Productions	Drumscapes	CMB:Med. Tekno -> CMB:Med. Tekno * -> Sample	CYM:Tek CYM 1*	
Northstar Productions	Drumscapes	CMB:Med. Tekno -> CMB:Med. Tekno * -> Sample	HAT:F/T Ped 1  *	
Northstar Productions	Drumscapes	CMB:Med. Tekno -> CMB:Med. Tekno * -> Sample	HAT:F/T CHH 1a *	
Northstar Productions	Drumscapes	CMB:Med. Tekno -> CMB:Med. Tekno * -> Sample	HAT:F/T CHH 1b *	
Northstar Productions	Drumscapes	CMB:Med. Tekno -> CMB:Med. Tekno * -> Sample	HAT:F/T LHH 1  *	
Northstar Productions	Drumscapes	CMB:Med. Tekno -> CMB:Med. Tekno * -> Sample	HAT:F/T CHH 2a *	
Northstar Productions	Drumscapes	CMB:Med. Tekno -> CMB:Med. Tekno * -> Sample	HAT:F/T CHH 2b *	
Northstar Productions	Drumscapes	CMB:Med. Tekno -> CMB:Med. Tekno * -> Sample	HAT:F/T LHH 2  *	
Northstar Productions	Drumscapes	CMB:Med. Tekno -> CMB:Med. Tekno * -> Sample	HAT:F/T OHH 1  *	
Northstar Productions	Drumscapes	CMB:Med. Tekno -> CMB:Med. Tekno * -> Sample	CYM:Tek Cym 2*	
Northstar Productions	Drumscapes	CMB:Med. Tekno -> CMB:Med. Tekno * -> Sample	CYM:Tek Cym 3*	
Northstar Productions	Drumscapes	CMB:Med. Tekno -> CMB:Med. Tekno * -> Sample	TOM:F/T LoT1a*	
Northstar Productions	Drumscapes	CMB:Med. Tekno -> CMB:Med. Tekno * -> Sample	TOM:F/T LoT1b*	
Northstar Productions	Drumscapes	CMB:Med. Tekno -> CMB:Med. Tekno * -> Sample	TOM:F/T LMT1a*	
Northstar Productions	Drumscapes	CMB:Med. Tekno -> CMB:Med. Tekno * -> Sample	TOM:F/T LMT1b*	
Northstar Productions	Drumscapes	CMB:Med. Tekno -> CMB:Med. Tekno * -> Sample	TOM:F/T HMT1a*	
Northstar Productions	Drumscapes	CMB:Med. Tekno -> CMB:Med. Tekno * -> Sample	TOM:F/T HMT1b*	
Northstar Productions	Drumscapes	CMB:Med. Tekno -> CMB:Med. Tekno * -> Sample	TOM:F/T HiT1a*	
Northstar Productions	Drumscapes	CMB:Med. Tekno -> CMB:Med. Tekno * -> Sample	TOM:F/T HiT1b*	
Northstar Productions	Drumscapes	CMB:Med. Tekno -> CMB:Med. Tekno * -> Sample	SNR:F/RSnFlm1*	
Northstar Productions	Drumscapes	CMB:Med. Tekno -> CMB:Med. Tekno * -> Sample	SNR:P/C Stk2 *	
Northstar Productions	Drumscapes	CMB:Med. Tekno -> CMB:Med. Tekno * -> Sample	SNR:P/C Stk1 *	
Northstar Productions	Drumscapes	CMB:R&B Groove -> CMB:R&B Groove * -> Patch	BTS:R&B        *	
Northstar Productions	Drumscapes	CMB:R&B Groove -> CMB:R&B Groove * -> Patch	KIK:R&B K1     *	
Northstar Productions	Drumscapes	CMB:R&B Groove -> CMB:R&B Groove * -> Patch	SNR:R&B Sn2    *	
Northstar Productions	Drumscapes	CMB:R&B Groove -> CMB:R&B Groove * -> Patch	HAT:R&B Hat 1  *	
Northstar Productions	Drumscapes	CMB:R&B Groove -> CMB:R&B Groove * -> Patch	CYM:R&B Rd/Cp M*	
Northstar Productions	Drumscapes	CMB:R&B Groove -> CMB:R&B Groove * -> Patch	CYM:R&B Cr4    *	
Northstar Productions	Drumscapes	CMB:R&B Groove -> CMB:R&B Groove * -> Patch	CYM:R&B Cr1    *	
Northstar Productions	Drumscapes	CMB:R&B Groove -> CMB:R&B Groove * -> Patch	TOM:R&B Toms 1 *	
Northstar Productions	Drumscapes	CMB:R&B Groove -> CMB:R&B Groove * -> Patch	SNR:P/C Stick1 *	
Northstar Productions	Drumscapes	CMB:R&B Groove -> CMB:R&B Groove * -> Patch	SNR:R&B SnBuz2 *	
Northstar Productions	Drumscapes	CMB:R&B Groove -> CMB:R&B Groove * -> Sample	BTS:R&B  IF1*	
Northstar Productions	Drumscapes	CMB:R&B Groove -> CMB:R&B Groove * -> Sample	BTS:R&B  IF2*	
Northstar Productions	Drumscapes	CMB:R&B Groove -> CMB:R&B Groove * -> Sample	BTS:R&B  IF3*	
Northstar Productions	Drumscapes	CMB:R&B Groove -> CMB:R&B Groove * -> Sample	BTS:R&B  IL1*	
Northstar Productions	Drumscapes	CMB:R&B Groove -> CMB:R&B Groove * -> Sample	BTS:R&B  VL1*	
Northstar Productions	Drumscapes	CMB:R&B Groove -> CMB:R&B Groove * -> Sample	BTS:R&B  CF1*	
Northstar Productions	Drumscapes	CMB:R&B Groove -> CMB:R&B Groove * -> Sample	BTS:R&B  BL1*	
Northstar Productions	Drumscapes	CMB:R&B Groove -> CMB:R&B Groove * -> Sample	BTS:R&B  CL1*	
Northstar Productions	Drumscapes	CMB:R&B Groove -> CMB:R&B Groove * -> Sample	BTS:R&B  CF3*	
Northstar Productions	Drumscapes	CMB:R&B Groove -> CMB:R&B Groove * -> Sample	BTS:R&B  CL2*	
Northstar Productions	Drumscapes	CMB:R&B Groove -> CMB:R&B Groove * -> Sample	BTS:R&B  CF2*	
Northstar Productions	Drumscapes	CMB:R&B Groove -> CMB:R&B Groove * -> Sample	BTS:R&B  BL2*	
Northstar Productions	Drumscapes	CMB:R&B Groove -> CMB:R&B Groove * -> Sample	BTS:R&B  CF4*	
Northstar Productions	Drumscapes	CMB:R&B Groove -> CMB:R&B Groove * -> Sample	BTS:R&B  BF1*	
Northstar Productions	Drumscapes	CMB:R&B Groove -> CMB:R&B Groove * -> Sample	BTS:R&B  BF3*	
Northstar Productions	Drumscapes	CMB:R&B Groove -> CMB:R&B Groove * -> Sample	BTS:R&B  BF2*	
Northstar Productions	Drumscapes	CMB:R&B Groove -> CMB:R&B Groove * -> Sample	BTS:R&B  BF4*	
Northstar Productions	Drumscapes	CMB:R&B Groove -> CMB:R&B Groove * -> Sample	KIK:R&B K1   *	
Northstar Productions	Drumscapes	CMB:R&B Groove -> CMB:R&B Groove * -> Sample	KIK:R&B K2   *	
Northstar Productions	Drumscapes	CMB:R&B Groove -> CMB:R&B Groove * -> Sample	SNR:R&B Sn3 A*	
Northstar Productions	Drumscapes	CMB:R&B Groove -> CMB:R&B Groove * -> Sample	SNR:R&B Sn10 *	
Northstar Productions	Drumscapes	CMB:R&B Groove -> CMB:R&B Groove * -> Sample	SNR:R&B Sn8  *	
Northstar Productions	Drumscapes	CMB:R&B Groove -> CMB:R&B Groove * -> Sample	SNR:R&B Sn9  *	
Northstar Productions	Drumscapes	CMB:R&B Groove -> CMB:R&B Groove * -> Sample	HAT:R&B PHH1 *	
Northstar Productions	Drumscapes	CMB:R&B Groove -> CMB:R&B Groove * -> Sample	HAT:R&B CHH1 *	
Northstar Productions	Drumscapes	CMB:R&B Groove -> CMB:R&B Groove * -> Sample	HAT:R&B CHH2 *	
Northstar Productions	Drumscapes	CMB:R&B Groove -> CMB:R&B Groove * -> Sample	HAT:R&B CHH3 *	
Northstar Productions	Drumscapes	CMB:R&B Groove -> CMB:R&B Groove * -> Sample	HAT:R&B CHH4 *	
Northstar Productions	Drumscapes	CMB:R&B Groove -> CMB:R&B Groove * -> Sample	HAT:R&B LHH1 *	
Northstar Productions	Drumscapes	CMB:R&B Groove -> CMB:R&B Groove * -> Sample	HAT:R&B OHH2 *	
Northstar Productions	Drumscapes	CMB:R&B Groove -> CMB:R&B Groove * -> Sample	HAT:R&B OHH1 *	
Northstar Productions	Drumscapes	CMB:R&B Groove -> CMB:R&B Groove * -> Sample	HAT:R&B LHH2 *	
Northstar Productions	Drumscapes	CMB:R&B Groove -> CMB:R&B Groove * -> Sample	CYM:R&B Ride1*	
Northstar Productions	Drumscapes	CMB:R&B Groove -> CMB:R&B Groove * -> Sample	CYM:R&B RdBl1*	
Northstar Productions	Drumscapes	CMB:R&B Groove -> CMB:R&B Groove * -> Sample	CYM:R&B Crsh4*	
Northstar Productions	Drumscapes	CMB:R&B Groove -> CMB:R&B Groove * -> Sample	CYM:R&B Crsh1*	
Northstar Productions	Drumscapes	CMB:R&B Groove -> CMB:R&B Groove * -> Sample	TOM:R&B LTom2*	
Northstar Productions	Drumscapes	CMB:R&B Groove -> CMB:R&B Groove * -> Sample	TOM:R&B LTom3*	
Northstar Productions	Drumscapes	CMB:R&B Groove -> CMB:R&B Groove * -> Sample	TOM:R&B LTom1*	
Northstar Productions	Drumscapes	CMB:R&B Groove -> CMB:R&B Groove * -> Sample	TOM:R&B MTom1*	
Northstar Productions	Drumscapes	CMB:R&B Groove -> CMB:R&B Groove * -> Sample	TOM:R&B MTom2*	
Northstar Productions	Drumscapes	CMB:R&B Groove -> CMB:R&B Groove * -> Sample	TOM:R&B HTom1*	
Northstar Productions	Drumscapes	CMB:R&B Groove -> CMB:R&B Groove * -> Sample	TOM:R&B HTom2*	
Northstar Productions	Drumscapes	CMB:R&B Groove -> CMB:R&B Groove * -> Sample	SNR:P/C Stk1 *	
Northstar Productions	Drumscapes	CMB:R&B Groove -> CMB:R&B Groove * -> Sample	SNR:R&B SnBz2*	
Northstar Productions	Drumscapes	CMB:Hip Hop -> CMB:Hip Hop    * -> Patch	BTS:Hip Hop    *	
Northstar Productions	Drumscapes	CMB:Hip Hop -> CMB:Hip Hop    * -> Patch	KIK:H/H K1     *	
Northstar Productions	Drumscapes	CMB:Hip Hop -> CMB:Hip Hop    * -> Patch	SNR:H/H Sn4    *	
Northstar Productions	Drumscapes	CMB:Hip Hop -> CMB:Hip Hop    * -> Patch	SNR:H/H Sn Buzz*	
Northstar Productions	Drumscapes	CMB:Hip Hop -> CMB:Hip Hop    * -> Patch	HAT:H/H Hat 2  *	
Northstar Productions	Drumscapes	CMB:Hip Hop -> CMB:Hip Hop    * -> Patch	CYM:H/H Rd/Cp1 *	
Northstar Productions	Drumscapes	CMB:Hip Hop -> CMB:Hip Hop    * -> Patch	CYM:H/H Crsh 4 *	
Northstar Productions	Drumscapes	CMB:Hip Hop -> CMB:Hip Hop    * -> Patch	CYM:H/H Crsh 2 *	
Northstar Productions	Drumscapes	CMB:Hip Hop -> CMB:Hip Hop    * -> Patch	TOM:H/H Tom 1  *	
Northstar Productions	Drumscapes	CMB:Hip Hop -> CMB:Hip Hop    * -> Patch	SNR:H/H Stick  *	
Northstar Productions	Drumscapes	CMB:Hip Hop -> CMB:Hip Hop    * -> Sample	BTS:HipHopIF1*	
Northstar Productions	Drumscapes	CMB:Hip Hop -> CMB:Hip Hop    * -> Sample	BTS:HipHopIF2*	
Northstar Productions	Drumscapes	CMB:Hip Hop -> CMB:Hip Hop    * -> Sample	BTS:HipHopIF3*	
Northstar Productions	Drumscapes	CMB:Hip Hop -> CMB:Hip Hop    * -> Sample	BTS:HipHopVL1*	
Northstar Productions	Drumscapes	CMB:Hip Hop -> CMB:Hip Hop    * -> Sample	BTS:HipHopVF1*	
Northstar Productions	Drumscapes	CMB:Hip Hop -> CMB:Hip Hop    * -> Sample	BTS:HipHopIL1*	
Northstar Productions	Drumscapes	CMB:Hip Hop -> CMB:Hip Hop    * -> Sample	BTS:HipHopVF2*	
Northstar Productions	Drumscapes	CMB:Hip Hop -> CMB:Hip Hop    * -> Sample	BTS:HipHopBL1*	
Northstar Productions	Drumscapes	CMB:Hip Hop -> CMB:Hip Hop    * -> Sample	BTS:HipHopBL2*	
Northstar Productions	Drumscapes	CMB:Hip Hop -> CMB:Hip Hop    * -> Sample	BTS:HipHopBF6*	
Northstar Productions	Drumscapes	CMB:Hip Hop -> CMB:Hip Hop    * -> Sample	BTS:HipHopCL1*	
Northstar Productions	Drumscapes	CMB:Hip Hop -> CMB:Hip Hop    * -> Sample	BTS:HipHopCF1*	
Northstar Productions	Drumscapes	CMB:Hip Hop -> CMB:Hip Hop    * -> Sample	BTS:HipHopCF2*	
Northstar Productions	Drumscapes	CMB:Hip Hop -> CMB:Hip Hop    * -> Sample	BTS:HipHopBF1*	
Northstar Productions	Drumscapes	CMB:Hip Hop -> CMB:Hip Hop    * -> Sample	BTS:HipHopBF5*	
Northstar Productions	Drumscapes	CMB:Hip Hop -> CMB:Hip Hop    * -> Sample	BTS:HipHopBF3*	
Northstar Productions	Drumscapes	CMB:Hip Hop -> CMB:Hip Hop    * -> Sample	BTS:HipHopBF2*	
Northstar Productions	Drumscapes	CMB:Hip Hop -> CMB:Hip Hop    * -> Sample	BTS:HipHopBF4*	
Northstar Productions	Drumscapes	CMB:Hip Hop -> CMB:Hip Hop    * -> Sample	KIK:H/H RapK1a *	
Northstar Productions	Drumscapes	CMB:Hip Hop -> CMB:Hip Hop    * -> Sample	KIK:H/H RapK1c *	
Northstar Productions	Drumscapes	CMB:Hip Hop -> CMB:Hip Hop    * -> Sample	KIK:H/H K1a  *	
Northstar Productions	Drumscapes	CMB:Hip Hop -> CMB:Hip Hop    * -> Sample	KIK:H/H K1b  *	
Northstar Productions	Drumscapes	CMB:Hip Hop -> CMB:Hip Hop    * -> Sample	SNR:H/H Sn3*	
Northstar Productions	Drumscapes	CMB:Hip Hop -> CMB:Hip Hop    * -> Sample	SNR:H/H Sn6*	
Northstar Productions	Drumscapes	CMB:Hip Hop -> CMB:Hip Hop    * -> Sample	SNR:H/H Sn2*	
Northstar Productions	Drumscapes	CMB:Hip Hop -> CMB:Hip Hop    * -> Sample	SNR:H/H Sn5*	
Northstar Productions	Drumscapes	CMB:Hip Hop -> CMB:Hip Hop    * -> Sample	SNR:R&B SnBz2*	
Northstar Productions	Drumscapes	CMB:Hip Hop -> CMB:Hip Hop    * -> Sample	HAT:H/H Ped 1  *	
Northstar Productions	Drumscapes	CMB:Hip Hop -> CMB:Hip Hop    * -> Sample	HAT:H/H CHH1a  *	
Northstar Productions	Drumscapes	CMB:Hip Hop -> CMB:Hip Hop    * -> Sample	HAT:H/H CHH1b  *	
Northstar Productions	Drumscapes	CMB:Hip Hop -> CMB:Hip Hop    * -> Sample	HAT:H/H CHH1c  *	
Northstar Productions	Drumscapes	CMB:Hip Hop -> CMB:Hip Hop    * -> Sample	HAT:H/H LHH1a  *	
Northstar Productions	Drumscapes	CMB:Hip Hop -> CMB:Hip Hop    * -> Sample	HAT:H/H OHH 1  *	
Northstar Productions	Drumscapes	CMB:Hip Hop -> CMB:Hip Hop    * -> Sample	HAT:H/H LHH1c  *	
Northstar Productions	Drumscapes	CMB:Hip Hop -> CMB:Hip Hop    * -> Sample	CYM:R&B Ride1*	
Northstar Productions	Drumscapes	CMB:Hip Hop -> CMB:Hip Hop    * -> Sample	CYM:R&B RdBl1*	
Northstar Productions	Drumscapes	CMB:Hip Hop -> CMB:Hip Hop    * -> Sample	CYM:H/H Cym 4*-R	
Northstar Productions	Drumscapes	CMB:Hip Hop -> CMB:Hip Hop    * -> Sample	CYM:H/H Cym 3*-L	
Northstar Productions	Drumscapes	CMB:Hip Hop -> CMB:Hip Hop    * -> Sample	CYM:H/H Cym 2*-L	
Northstar Productions	Drumscapes	CMB:Hip Hop -> CMB:Hip Hop    * -> Sample	TOM:H/H HiT1a  *	
Northstar Productions	Drumscapes	CMB:Hip Hop -> CMB:Hip Hop    * -> Sample	TOM:H/H HiT1b  *	
Northstar Productions	Drumscapes	CMB:Hip Hop -> CMB:Hip Hop    * -> Sample	SNR:P/C Stk2 *	
Northstar Productions	Drumscapes	CMB:Funk -> CMB:Funk       * -> Patch	BTS:Funk       *	
Northstar Productions	Drumscapes	CMB:Funk -> CMB:Funk       * -> Patch	KIK:Funk K1    *	
Northstar Productions	Drumscapes	CMB:Funk -> CMB:Funk       * -> Patch	SNR:Funk Sn1   *	
Northstar Productions	Drumscapes	CMB:Funk -> CMB:Funk       * -> Patch	SNR:Funk SnBuzz*	
Northstar Productions	Drumscapes	CMB:Funk -> CMB:Funk       * -> Patch	HAT:R&B Hat 1  *	
Northstar Productions	Drumscapes	CMB:Funk -> CMB:Funk       * -> Patch	CYM:R&B Rd/Cp M*	
Northstar Productions	Drumscapes	CMB:Funk -> CMB:Funk       * -> Patch	CYM:R&B Cr4    *	
Northstar Productions	Drumscapes	CMB:Funk -> CMB:Funk       * -> Patch	CYM:R&B Cr1    *	
Northstar Productions	Drumscapes	CMB:Funk -> CMB:Funk       * -> Patch	TOM:R&B Toms 1 *	
Northstar Productions	Drumscapes	CMB:Funk -> CMB:Funk       * -> Patch	SNR:P/C Stick1 *	
Northstar Productions	Drumscapes	CMB:Funk -> CMB:Funk       * -> Sample	BTS:Funk  IF1*	
Northstar Productions	Drumscapes	CMB:Funk -> CMB:Funk       * -> Sample	BTS:Funk  L1 *	
Northstar Productions	Drumscapes	CMB:Funk -> CMB:Funk       * -> Sample	BTS:Funk  F1 *	
Northstar Productions	Drumscapes	CMB:Funk -> CMB:Funk       * -> Sample	BTS:Funk  L2 *	
Northstar Productions	Drumscapes	CMB:Funk -> CMB:Funk       * -> Sample	BTS:Funk  F5 *	
Northstar Productions	Drumscapes	CMB:Funk -> CMB:Funk       * -> Sample	BTS:Funk  L3 *	
Northstar Productions	Drumscapes	CMB:Funk -> CMB:Funk       * -> Sample	BTS:Funk  L4 *	
Northstar Productions	Drumscapes	CMB:Funk -> CMB:Funk       * -> Sample	BTS:Funk  F2 *	
Northstar Productions	Drumscapes	CMB:Funk -> CMB:Funk       * -> Sample	BTS:Funk  F6 *	
Northstar Productions	Drumscapes	CMB:Funk -> CMB:Funk       * -> Sample	BTS:Funk  F3 *	
Northstar Productions	Drumscapes	CMB:Funk -> CMB:Funk       * -> Sample	BTS:Funk  F7 *	
Northstar Productions	Drumscapes	CMB:Funk -> CMB:Funk       * -> Sample	BTS:Funk  F4 *	
Northstar Productions	Drumscapes	CMB:Funk -> CMB:Funk       * -> Sample	BTS:Funk  F8 *	
Northstar Productions	Drumscapes	CMB:Funk -> CMB:Funk       * -> Sample	KIK:Fnk K1   *	
Northstar Productions	Drumscapes	CMB:Funk -> CMB:Funk       * -> Sample	KIK:Fnk K2   *	
Northstar Productions	Drumscapes	CMB:Funk -> CMB:Funk       * -> Sample	SNR:Fnk Sn1a*	
Northstar Productions	Drumscapes	CMB:Funk -> CMB:Funk       * -> Sample	SNR:Fnk Sn1b*	
Northstar Productions	Drumscapes	CMB:Funk -> CMB:Funk       * -> Sample	SNR:Fnk Sn1 *	
Northstar Productions	Drumscapes	CMB:Funk -> CMB:Funk       * -> Sample	SNR:Fnk Sn1c*	
Northstar Productions	Drumscapes	CMB:Funk -> CMB:Funk       * -> Sample	SNR:Fnk Sn1d*	
Northstar Productions	Drumscapes	CMB:Funk -> CMB:Funk       * -> Sample	HAT:R&B PHH1 *	
Northstar Productions	Drumscapes	CMB:Funk -> CMB:Funk       * -> Sample	HAT:R&B CHH1 *	
Northstar Productions	Drumscapes	CMB:Funk -> CMB:Funk       * -> Sample	HAT:R&B CHH2 *	
Northstar Productions	Drumscapes	CMB:Funk -> CMB:Funk       * -> Sample	HAT:R&B CHH3 *	
Northstar Productions	Drumscapes	CMB:Funk -> CMB:Funk       * -> Sample	HAT:R&B CHH4 *	
Northstar Productions	Drumscapes	CMB:Funk -> CMB:Funk       * -> Sample	HAT:R&B LHH1 *	
Northstar Productions	Drumscapes	CMB:Funk -> CMB:Funk       * -> Sample	HAT:R&B OHH2 *	
Northstar Productions	Drumscapes	CMB:Funk -> CMB:Funk       * -> Sample	HAT:R&B OHH1 *	
Northstar Productions	Drumscapes	CMB:Funk -> CMB:Funk       * -> Sample	HAT:R&B LHH2 *	
Northstar Productions	Drumscapes	CMB:Funk -> CMB:Funk       * -> Sample	CYM:R&B Ride1*	
Northstar Productions	Drumscapes	CMB:Funk -> CMB:Funk       * -> Sample	CYM:R&B RdBl1*	
Northstar Productions	Drumscapes	CMB:Funk -> CMB:Funk       * -> Sample	CYM:R&B Crsh4*	
Northstar Productions	Drumscapes	CMB:Funk -> CMB:Funk       * -> Sample	CYM:R&B Crsh1*	
Northstar Productions	Drumscapes	CMB:Funk -> CMB:Funk       * -> Sample	TOM:R&B LTom2*	
Northstar Productions	Drumscapes	CMB:Funk -> CMB:Funk       * -> Sample	TOM:R&B LTom3*	
Northstar Productions	Drumscapes	CMB:Funk -> CMB:Funk       * -> Sample	TOM:R&B LTom1*	
Northstar Productions	Drumscapes	CMB:Funk -> CMB:Funk       * -> Sample	TOM:R&B MTom1*	
Northstar Productions	Drumscapes	CMB:Funk -> CMB:Funk       * -> Sample	TOM:R&B MTom2*	
Northstar Productions	Drumscapes	CMB:Funk -> CMB:Funk       * -> Sample	TOM:R&B HTom1*	
Northstar Productions	Drumscapes	CMB:Funk -> CMB:Funk       * -> Sample	TOM:R&B HTom2*	
Northstar Productions	Drumscapes	CMB:Funk -> CMB:Funk       * -> Sample	SNR:P/C Stk1 *	
Northstar Productions	Drumscapes	CMB:Motown -> CMB:Motown     * -> Patch	BTS:Motown     *	
Northstar Productions	Drumscapes	CMB:Motown -> CMB:Motown     * -> Patch	KIK:Motown K1  *	
Northstar Productions	Drumscapes	CMB:Motown -> CMB:Motown     * -> Patch	SNR:Motown Sn4 *	
Northstar Productions	Drumscapes	CMB:Motown -> CMB:Motown     * -> Patch	SNR:Motown SnBz*	
Northstar Productions	Drumscapes	CMB:Motown -> CMB:Motown     * -> Patch	HAT:R&B Hat 1  *	
Northstar Productions	Drumscapes	CMB:Motown -> CMB:Motown     * -> Patch	CYM:H/H Rd/Cp1 *	
Northstar Productions	Drumscapes	CMB:Motown -> CMB:Motown     * -> Patch	CYM:R&B Cr4    *	
Northstar Productions	Drumscapes	CMB:Motown -> CMB:Motown     * -> Patch	CYM:R&B Cr1    *	
Northstar Productions	Drumscapes	CMB:Motown -> CMB:Motown     * -> Patch	TOM:H/H Toms 2 *	
Northstar Productions	Drumscapes	CMB:Motown -> CMB:Motown     * -> Patch	SNR:H/H Stick  *	
Northstar Productions	Drumscapes	CMB:Motown -> CMB:Motown     * -> Sample	BTS:MoTownF1 *	
Northstar Productions	Drumscapes	CMB:Motown -> CMB:Motown     * -> Sample	BTS:MoTownL1 *	
Northstar Productions	Drumscapes	CMB:Motown -> CMB:Motown     * -> Sample	BTS:MoTownF2 *	
Northstar Productions	Drumscapes	CMB:Motown -> CMB:Motown     * -> Sample	BTS:MoTownL2 *	
Northstar Productions	Drumscapes	CMB:Motown -> CMB:Motown     * -> Sample	BTS:MoTownF6 *	
Northstar Productions	Drumscapes	CMB:Motown -> CMB:Motown     * -> Sample	BTS:MoTownL5 *	
Northstar Productions	Drumscapes	CMB:Motown -> CMB:Motown     * -> Sample	BTS:MoTownL4 *	
Northstar Productions	Drumscapes	CMB:Motown -> CMB:Motown     * -> Sample	BTS:MoTownF3 *	
Northstar Productions	Drumscapes	CMB:Motown -> CMB:Motown     * -> Sample	BTS:MoTownL3 *	
Northstar Productions	Drumscapes	CMB:Motown -> CMB:Motown     * -> Sample	BTS:MoTownF7 *	
Northstar Productions	Drumscapes	CMB:Motown -> CMB:Motown     * -> Sample	BTS:MoTownF4 *	
Northstar Productions	Drumscapes	CMB:Motown -> CMB:Motown     * -> Sample	BTS:MoTownF8 *	
Northstar Productions	Drumscapes	CMB:Motown -> CMB:Motown     * -> Sample	BTS:MoTownF5 *	
Northstar Productions	Drumscapes	CMB:Motown -> CMB:Motown     * -> Sample	BTS:MoTownF9 *	
Northstar Productions	Drumscapes	CMB:Motown -> CMB:Motown     * -> Sample	KIK:Fnk K2   *	
Northstar Productions	Drumscapes	CMB:Motown -> CMB:Motown     * -> Sample	SNR:Mtwn Sn1 *	
Northstar Productions	Drumscapes	CMB:Motown -> CMB:Motown     * -> Sample	SNR:Mtwn Sn8 *	
Northstar Productions	Drumscapes	CMB:Motown -> CMB:Motown     * -> Sample	SNR:Mtwn Sn3 *	
Northstar Productions	Drumscapes	CMB:Motown -> CMB:Motown     * -> Sample	SNR:Mtwn Sn7 *	
Northstar Productions	Drumscapes	CMB:Motown -> CMB:Motown     * -> Sample	SNR:R&B SnBz2*	
Northstar Productions	Drumscapes	CMB:Motown -> CMB:Motown     * -> Sample	HAT:R&B PHH1 *	
Northstar Productions	Drumscapes	CMB:Motown -> CMB:Motown     * -> Sample	HAT:R&B CHH1 *	
Northstar Productions	Drumscapes	CMB:Motown -> CMB:Motown     * -> Sample	HAT:R&B CHH2 *	
Northstar Productions	Drumscapes	CMB:Motown -> CMB:Motown     * -> Sample	HAT:R&B CHH3 *	
Northstar Productions	Drumscapes	CMB:Motown -> CMB:Motown     * -> Sample	HAT:R&B CHH4 *	
Northstar Productions	Drumscapes	CMB:Motown -> CMB:Motown     * -> Sample	HAT:R&B LHH1 *	
Northstar Productions	Drumscapes	CMB:Motown -> CMB:Motown     * -> Sample	HAT:R&B OHH2 *	
Northstar Productions	Drumscapes	CMB:Motown -> CMB:Motown     * -> Sample	HAT:R&B OHH1 *	
Northstar Productions	Drumscapes	CMB:Motown -> CMB:Motown     * -> Sample	HAT:R&B LHH2 *	
Northstar Productions	Drumscapes	CMB:Motown -> CMB:Motown     * -> Sample	CYM:R&B Ride1*	
Northstar Productions	Drumscapes	CMB:Motown -> CMB:Motown     * -> Sample	CYM:R&B RdBl1*	
Northstar Productions	Drumscapes	CMB:Motown -> CMB:Motown     * -> Sample	CYM:R&B Crsh4*	
Northstar Productions	Drumscapes	CMB:Motown -> CMB:Motown     * -> Sample	CYM:R&B Crsh1*	
Northstar Productions	Drumscapes	CMB:Motown -> CMB:Motown     * -> Sample	TOM:H/H HiT2a*	
Northstar Productions	Drumscapes	CMB:Motown -> CMB:Motown     * -> Sample	TOM:H/H HiT2b*	
Northstar Productions	Drumscapes	CMB:Motown -> CMB:Motown     * -> Sample	SNR:P/C Stk2 *	
Northstar Productions	Drumscapes	CMB:A/C Jazz -> CMB:A/C Jazz   * -> Patch	BTS:A/CJazz    *	
Northstar Productions	Drumscapes	CMB:A/C Jazz -> CMB:A/C Jazz   * -> Patch	KIK:A/C K3     *	
Northstar Productions	Drumscapes	CMB:A/C Jazz -> CMB:A/C Jazz   * -> Patch	SNR:A/C Sn8    *	
Northstar Productions	Drumscapes	CMB:A/C Jazz -> CMB:A/C Jazz   * -> Patch	SNR:A/C Stick2 *	
Northstar Productions	Drumscapes	CMB:A/C Jazz -> CMB:A/C Jazz   * -> Patch	HAT:A/C Hat 1  *	
Northstar Productions	Drumscapes	CMB:A/C Jazz -> CMB:A/C Jazz   * -> Patch	CYM:A/C Ride 1 *	
Northstar Productions	Drumscapes	CMB:A/C Jazz -> CMB:A/C Jazz   * -> Patch	CYM:A/C Crsh 1 *	
Northstar Productions	Drumscapes	CMB:A/C Jazz -> CMB:A/C Jazz   * -> Patch	CYM:A/C Crsh 5 *	
Northstar Productions	Drumscapes	CMB:A/C Jazz -> CMB:A/C Jazz   * -> Patch	TOM:A/C Toms 1 *	
Northstar Productions	Drumscapes	CMB:A/C Jazz -> CMB:A/C Jazz   * -> Patch	SNR:A/C SnRoll1*	
Northstar Productions	Drumscapes	CMB:A/C Jazz -> CMB:A/C Jazz   * -> Patch	CYM:A/C Crsh 3 *	
Northstar Productions	Drumscapes	CMB:A/C Jazz -> CMB:A/C Jazz   * -> Sample	BTS:A/CJazIF1*	
Northstar Productions	Drumscapes	CMB:A/C Jazz -> CMB:A/C Jazz   * -> Sample	BTS:A/CJazIF2*	
Northstar Productions	Drumscapes	CMB:A/C Jazz -> CMB:A/C Jazz   * -> Sample	BTS:A/CJazIF3*	
Northstar Productions	Drumscapes	CMB:A/C Jazz -> CMB:A/C Jazz   * -> Sample	BTS:A/CJazBL1*	
Northstar Productions	Drumscapes	CMB:A/C Jazz -> CMB:A/C Jazz   * -> Sample	BTS:A/CJazVL1*	
Northstar Productions	Drumscapes	CMB:A/C Jazz -> CMB:A/C Jazz   * -> Sample	BTS:A/CJazCF1*	
Northstar Productions	Drumscapes	CMB:A/C Jazz -> CMB:A/C Jazz   * -> Sample	BTS:A/CJazBL2*	
Northstar Productions	Drumscapes	CMB:A/C Jazz -> CMB:A/C Jazz   * -> Sample	BTS:A/CJazCL1*	
Northstar Productions	Drumscapes	CMB:A/C Jazz -> CMB:A/C Jazz   * -> Sample	BTS:A/CJazCF2*	
Northstar Productions	Drumscapes	CMB:A/C Jazz -> CMB:A/C Jazz   * -> Sample	BTS:A/CJazIL1*	
Northstar Productions	Drumscapes	CMB:A/C Jazz -> CMB:A/C Jazz   * -> Sample	BTS:A/CJazBF1*	
Northstar Productions	Drumscapes	CMB:A/C Jazz -> CMB:A/C Jazz   * -> Sample	BTS:A/CJazBF3*	
Northstar Productions	Drumscapes	CMB:A/C Jazz -> CMB:A/C Jazz   * -> Sample	BTS:A/CJazBF2*	
Northstar Productions	Drumscapes	CMB:A/C Jazz -> CMB:A/C Jazz   * -> Sample	BTS:A/CJazBF4*	
Northstar Productions	Drumscapes	CMB:A/C Jazz -> CMB:A/C Jazz   * -> Sample	KIK:A/C K3a    *	
Northstar Productions	Drumscapes	CMB:A/C Jazz -> CMB:A/C Jazz   * -> Sample	KIK:A/C K3b    *	
Northstar Productions	Drumscapes	CMB:A/C Jazz -> CMB:A/C Jazz   * -> Sample	SNR:A/C Sn3  *	
Northstar Productions	Drumscapes	CMB:A/C Jazz -> CMB:A/C Jazz   * -> Sample	SNR:A/C Sn5  *	
Northstar Productions	Drumscapes	CMB:A/C Jazz -> CMB:A/C Jazz   * -> Sample	SNR:A/C Sn4  *	
Northstar Productions	Drumscapes	CMB:A/C Jazz -> CMB:A/C Jazz   * -> Sample	SNR:A/C Sn6  *	
Northstar Productions	Drumscapes	CMB:A/C Jazz -> CMB:A/C Jazz   * -> Sample	SNR:A/C Stik2*	
Northstar Productions	Drumscapes	CMB:A/C Jazz -> CMB:A/C Jazz   * -> Sample	HAT:A/C Ped 1  *	
Northstar Productions	Drumscapes	CMB:A/C Jazz -> CMB:A/C Jazz   * -> Sample	HAT:A/C CHH 1  *	
Northstar Productions	Drumscapes	CMB:A/C Jazz -> CMB:A/C Jazz   * -> Sample	HAT:A/C CHH 3  *	
Northstar Productions	Drumscapes	CMB:A/C Jazz -> CMB:A/C Jazz   * -> Sample	HAT:A/C CHH 5  *	
Northstar Productions	Drumscapes	CMB:A/C Jazz -> CMB:A/C Jazz   * -> Sample	HAT:A/C CHH 2  *	
Northstar Productions	Drumscapes	CMB:A/C Jazz -> CMB:A/C Jazz   * -> Sample	HAT:A/C CHH 4  *	
Northstar Productions	Drumscapes	CMB:A/C Jazz -> CMB:A/C Jazz   * -> Sample	HAT:A/C OHH 1  *	
Northstar Productions	Drumscapes	CMB:A/C Jazz -> CMB:A/C Jazz   * -> Sample	HAT:A/C OHH 3  *	
Northstar Productions	Drumscapes	CMB:A/C Jazz -> CMB:A/C Jazz   * -> Sample	CYM:A/C Ride1*-L	
Northstar Productions	Drumscapes	CMB:A/C Jazz -> CMB:A/C Jazz   * -> Sample	CYM:A/C Ride2*-L	
Northstar Productions	Drumscapes	CMB:A/C Jazz -> CMB:A/C Jazz   * -> Sample	CYM:A/C Cr3  *-R	
Northstar Productions	Drumscapes	CMB:A/C Jazz -> CMB:A/C Jazz   * -> Sample	CYM:A/C Cr 3 *-L	
Northstar Productions	Drumscapes	CMB:A/C Jazz -> CMB:A/C Jazz   * -> Sample	CYM:A/C 16Cr4*-L	
Northstar Productions	Drumscapes	CMB:A/C Jazz -> CMB:A/C Jazz   * -> Sample	TOM:A/C FlrT1*	
Northstar Productions	Drumscapes	CMB:A/C Jazz -> CMB:A/C Jazz   * -> Sample	TOM:A/C FlrT2*	
Northstar Productions	Drumscapes	CMB:A/C Jazz -> CMB:A/C Jazz   * -> Sample	TOM:A/C LoT2 *	
Northstar Productions	Drumscapes	CMB:A/C Jazz -> CMB:A/C Jazz   * -> Sample	TOM:A/C LoT3 *	
Northstar Productions	Drumscapes	CMB:A/C Jazz -> CMB:A/C Jazz   * -> Sample	TOM:A/C MdT1 *	
Northstar Productions	Drumscapes	CMB:A/C Jazz -> CMB:A/C Jazz   * -> Sample	TOM:A/C MdT2 *	
Northstar Productions	Drumscapes	CMB:A/C Jazz -> CMB:A/C Jazz   * -> Sample	TOM:A/C MdT3 *	
Northstar Productions	Drumscapes	CMB:A/C Jazz -> CMB:A/C Jazz   * -> Sample	TOM:A/C HiT2 *	
Northstar Productions	Drumscapes	CMB:A/C Jazz -> CMB:A/C Jazz   * -> Sample	TOM:A/C HiT3 *	
Northstar Productions	Drumscapes	CMB:A/C Jazz -> CMB:A/C Jazz   * -> Sample	TOM:A/C HiT1 *	
Northstar Productions	Drumscapes	CMB:A/C Jazz -> CMB:A/C Jazz   * -> Sample	SNR:A/C SnRll*	
Northstar Productions	Drumscapes	CMB:A/C Jazz -> CMB:A/C Jazz   * -> Sample	CYM:A/C 18Cr5*-R	
Northstar Productions	Drumscapes	CMB:P/C Ballad -> CMB:P/C Ballad * -> Patch	BTS:P/C Ballad *	
Northstar Productions	Drumscapes	CMB:P/C Ballad -> CMB:P/C Ballad * -> Patch	KIK:P/C K4     *	
Northstar Productions	Drumscapes	CMB:P/C Ballad -> CMB:P/C Ballad * -> Patch	SNR:P/C Sn2    *	
Northstar Productions	Drumscapes	CMB:P/C Ballad -> CMB:P/C Ballad * -> Patch	SNR:P/C Stick 3*	
Northstar Productions	Drumscapes	CMB:P/C Ballad -> CMB:P/C Ballad * -> Patch	HAT:P/C Hat 3  *	
Northstar Productions	Drumscapes	CMB:P/C Ballad -> CMB:P/C Ballad * -> Patch	CYM:P/C Ride1  *	
Northstar Productions	Drumscapes	CMB:P/C Ballad -> CMB:P/C Ballad * -> Patch	CYM:P/C Crsh2  *	
Northstar Productions	Drumscapes	CMB:P/C Ballad -> CMB:P/C Ballad * -> Patch	CYM:P/C Crsh4  *	
Northstar Productions	Drumscapes	CMB:P/C Ballad -> CMB:P/C Ballad * -> Patch	TOM:P/C Toms 2 *	
Northstar Productions	Drumscapes	CMB:P/C Ballad -> CMB:P/C Ballad * -> Sample	BTS:PopBalIL1*	
Northstar Productions	Drumscapes	CMB:P/C Ballad -> CMB:P/C Ballad * -> Sample	BTS:PopBalVL1*	
Northstar Productions	Drumscapes	CMB:P/C Ballad -> CMB:P/C Ballad * -> Sample	BTS:PopBalBL3*	
Northstar Productions	Drumscapes	CMB:P/C Ballad -> CMB:P/C Ballad * -> Sample	BTS:PopBalCF1*	
Northstar Productions	Drumscapes	CMB:P/C Ballad -> CMB:P/C Ballad * -> Sample	BTS:PopBalBL1*	
Northstar Productions	Drumscapes	CMB:P/C Ballad -> CMB:P/C Ballad * -> Sample	BTS:PopBalCL1*	
Northstar Productions	Drumscapes	CMB:P/C Ballad -> CMB:P/C Ballad * -> Sample	BTS:PopBalCF2*	
Northstar Productions	Drumscapes	CMB:P/C Ballad -> CMB:P/C Ballad * -> Sample	BTS:PopBalBL2*	
Northstar Productions	Drumscapes	CMB:P/C Ballad -> CMB:P/C Ballad * -> Sample	BTS:PopBalBF2*	
Northstar Productions	Drumscapes	CMB:P/C Ballad -> CMB:P/C Ballad * -> Sample	BTS:PopBalBF4*	
Northstar Productions	Drumscapes	CMB:P/C Ballad -> CMB:P/C Ballad * -> Sample	BTS:PopBalBF1*	
Northstar Productions	Drumscapes	CMB:P/C Ballad -> CMB:P/C Ballad * -> Sample	BTS:PopBalBF3*	
Northstar Productions	Drumscapes	CMB:P/C Ballad -> CMB:P/C Ballad * -> Sample	KIK:P/C K3b  *	
Northstar Productions	Drumscapes	CMB:P/C Ballad -> CMB:P/C Ballad * -> Sample	KIK:P/C Kick4*	
Northstar Productions	Drumscapes	CMB:P/C Ballad -> CMB:P/C Ballad * -> Sample	SNR:P/C Sn3  *	
Northstar Productions	Drumscapes	CMB:P/C Ballad -> CMB:P/C Ballad * -> Sample	SNR:P/C Sn4a *	
Northstar Productions	Drumscapes	CMB:P/C Ballad -> CMB:P/C Ballad * -> Sample	SNR:P/C Sn2  *	
Northstar Productions	Drumscapes	CMB:P/C Ballad -> CMB:P/C Ballad * -> Sample	SNR:P/C Sn4b *	
Northstar Productions	Drumscapes	CMB:P/C Ballad -> CMB:P/C Ballad * -> Sample	SNR:P/C Stk2 *	
Northstar Productions	Drumscapes	CMB:P/C Ballad -> CMB:P/C Ballad * -> Sample	HAT:P/C PHH 1*	
Northstar Productions	Drumscapes	CMB:P/C Ballad -> CMB:P/C Ballad * -> Sample	HAT:P/C CHH 2*	
Northstar Productions	Drumscapes	CMB:P/C Ballad -> CMB:P/C Ballad * -> Sample	HAT:P/C LHH 2*	
Northstar Productions	Drumscapes	CMB:P/C Ballad -> CMB:P/C Ballad * -> Sample	HAT:P/C LHH 1*	
Northstar Productions	Drumscapes	CMB:P/C Ballad -> CMB:P/C Ballad * -> Sample	HAT:P/C LHH 3*	
Northstar Productions	Drumscapes	CMB:P/C Ballad -> CMB:P/C Ballad * -> Sample	HAT:P/C OHH 1*	
Northstar Productions	Drumscapes	CMB:P/C Ballad -> CMB:P/C Ballad * -> Sample	CYM:P/C Ride1a *	
Northstar Productions	Drumscapes	CMB:P/C Ballad -> CMB:P/C Ballad * -> Sample	CYM:P/C Ride1b *	
Northstar Productions	Drumscapes	CMB:P/C Ballad -> CMB:P/C Ballad * -> Sample	CYM:P/C Crsh2  *	
Northstar Productions	Drumscapes	CMB:P/C Ballad -> CMB:P/C Ballad * -> Sample	CYM:P/C Crsh4  *	
Northstar Productions	Drumscapes	CMB:P/C Ballad -> CMB:P/C Ballad * -> Sample	TOM:P/C LOT1b*	
Northstar Productions	Drumscapes	CMB:P/C Ballad -> CMB:P/C Ballad * -> Sample	TOM:P/C LoT2 *	
Northstar Productions	Drumscapes	CMB:P/C Ballad -> CMB:P/C Ballad * -> Sample	TOM:P/C LMT1b*	
Northstar Productions	Drumscapes	CMB:P/C Ballad -> CMB:P/C Ballad * -> Sample	TOM:P/C LMT2 *	
Northstar Productions	Drumscapes	CMB:P/C Ballad -> CMB:P/C Ballad * -> Sample	TOM:P/C HMT1b*	
Northstar Productions	Drumscapes	CMB:P/C Ballad -> CMB:P/C Ballad * -> Sample	TOM:P/C HMT2 *	
Northstar Productions	Drumscapes	CMB:P/C Ballad -> CMB:P/C Ballad * -> Sample	TOM:P/C HiT1b*	
Northstar Productions	Drumscapes	CMB:P/C Ballad -> CMB:P/C Ballad * -> Sample	TOM:P/C HiT2 *	
Northstar Productions	Drumscapes	DRM:Fast Rock -> KIT:F/R Kit Wet* -> Patch	KIK:F/R K2     *	
Northstar Productions	Drumscapes	DRM:Fast Rock -> KIT:F/R Kit Wet* -> Patch	SNR:F/R Sn Wet *	
Northstar Productions	Drumscapes	DRM:Fast Rock -> KIT:F/R Kit Wet* -> Patch	SNR:F/R Stick  *	
Northstar Productions	Drumscapes	DRM:Fast Rock -> KIT:F/R Kit Wet* -> Patch	SNR:F/R Sn Flm1*	
Northstar Productions	Drumscapes	DRM:Fast Rock -> KIT:F/R Kit Wet* -> Patch	TOM:F/R Toms 2 *	
Northstar Productions	Drumscapes	DRM:Fast Rock -> KIT:F/R Kit Wet* -> Patch	TOM:F/R TomFlam*	
Northstar Productions	Drumscapes	DRM:Fast Rock -> KIT:F/R Kit Wet* -> Patch	CYM:F/R Bell1  *	
Northstar Productions	Drumscapes	DRM:Fast Rock -> KIT:F/R Kit Wet* -> Patch	CYM:F/R Crsh2  *	
Northstar Productions	Drumscapes	DRM:Fast Rock -> KIT:F/R Kit Wet* -> Patch	CYM:F/R Crsh3  *	
Northstar Productions	Drumscapes	DRM:Fast Rock -> KIT:F/R Kit Wet* -> Patch	HAT:F/R HH 8S  *	
Northstar Productions	Drumscapes	DRM:Fast Rock -> KIT:F/R Kit Wet* -> Sample	KIK:F/R K2a*	
Northstar Productions	Drumscapes	DRM:Fast Rock -> KIT:F/R Kit Wet* -> Sample	KIK:F/R K2b*	
Northstar Productions	Drumscapes	DRM:Fast Rock -> KIT:F/R Kit Wet* -> Sample	SNR:F/R Sn1*	
Northstar Productions	Drumscapes	DRM:Fast Rock -> KIT:F/R Kit Wet* -> Sample	SNR:F/R Sn5*	
Northstar Productions	Drumscapes	DRM:Fast Rock -> KIT:F/R Kit Wet* -> Sample	SNR:F/R Sn3*	
Northstar Productions	Drumscapes	DRM:Fast Rock -> KIT:F/R Kit Wet* -> Sample	SNR:F/R Sn6*	
Northstar Productions	Drumscapes	DRM:Fast Rock -> KIT:F/R Kit Wet* -> Sample	SNR:F/R Stk1*	
Northstar Productions	Drumscapes	DRM:Fast Rock -> KIT:F/R Kit Wet* -> Sample	SNR:F/RSnFlm1*	
Northstar Productions	Drumscapes	DRM:Fast Rock -> KIT:F/R Kit Wet* -> Sample	TOM:F/RLoTom2*	
Northstar Productions	Drumscapes	DRM:Fast Rock -> KIT:F/R Kit Wet* -> Sample	TOM:F/RLoTom3*	
Northstar Productions	Drumscapes	DRM:Fast Rock -> KIT:F/R Kit Wet* -> Sample	TOM:F/RLMTom2*	
Northstar Productions	Drumscapes	DRM:Fast Rock -> KIT:F/R Kit Wet* -> Sample	TOM:F/RLMTom3*	
Northstar Productions	Drumscapes	DRM:Fast Rock -> KIT:F/R Kit Wet* -> Sample	TOM:F/RHMTom2*	
Northstar Productions	Drumscapes	DRM:Fast Rock -> KIT:F/R Kit Wet* -> Sample	TOM:F/RHMTom3*	
Northstar Productions	Drumscapes	DRM:Fast Rock -> KIT:F/R Kit Wet* -> Sample	TOM:F/RHiTom1*	
Northstar Productions	Drumscapes	DRM:Fast Rock -> KIT:F/R Kit Wet* -> Sample	TOM:F/RHiTom3*	
Northstar Productions	Drumscapes	DRM:Fast Rock -> KIT:F/R Kit Wet* -> Sample	TOM:F/RTomFl4*	
Northstar Productions	Drumscapes	DRM:Fast Rock -> KIT:F/R Kit Wet* -> Sample	TOM:F/RTomFl3*	
Northstar Productions	Drumscapes	DRM:Fast Rock -> KIT:F/R Kit Wet* -> Sample	TOM:F/RTomFl2*	
Northstar Productions	Drumscapes	DRM:Fast Rock -> KIT:F/R Kit Wet* -> Sample	TOM:F/RTomFl1*	
Northstar Productions	Drumscapes	DRM:Fast Rock -> KIT:F/R Kit Wet* -> Sample	CYM:F/R Bell2*	
Northstar Productions	Drumscapes	DRM:Fast Rock -> KIT:F/R Kit Wet* -> Sample	CYM:F/R Crsh2*	
Northstar Productions	Drumscapes	DRM:Fast Rock -> KIT:F/R Kit Wet* -> Sample	CYM:F/R Crsh3*	
Northstar Productions	Drumscapes	DRM:Fast Rock -> KIT:F/R Kit Wet* -> Sample	HAT:F/R HatP1*	
Northstar Productions	Drumscapes	DRM:Fast Rock -> KIT:F/R Kit Wet* -> Sample	HAT:F/R HatP2*	
Northstar Productions	Drumscapes	DRM:Fast Rock -> KIT:F/R Kit Wet* -> Sample	HAT:F/R HatC5*	
Northstar Productions	Drumscapes	DRM:Fast Rock -> KIT:F/R Kit Wet* -> Sample	HAT:F/R HatC1*	
Northstar Productions	Drumscapes	DRM:Fast Rock -> KIT:F/R Kit Wet* -> Sample	HAT:F/R HatC2*	
Northstar Productions	Drumscapes	DRM:Fast Rock -> KIT:F/R Kit Wet* -> Sample	HAT:F/R HatC3*	
Northstar Productions	Drumscapes	DRM:Fast Rock -> KIT:F/R Kit Wet* -> Sample	HAT:F/R HatO1*	
Northstar Productions	Drumscapes	DRM:Fast Rock -> KIT:F/R Kit Wet* -> Sample	HAT:F/R HatL2*	
Northstar Productions	Drumscapes	DRM:Fast Rock -> KIT:F/R Kit Dry* -> Patch	KIK:F/R K4     *	
Northstar Productions	Drumscapes	DRM:Fast Rock -> KIT:F/R Kit Dry* -> Patch	SNR:F/R Sn Dry *	
Northstar Productions	Drumscapes	DRM:Fast Rock -> KIT:F/R Kit Dry* -> Patch	SNR:F/R Stick  *	
Northstar Productions	Drumscapes	DRM:Fast Rock -> KIT:F/R Kit Dry* -> Patch	SNR:F/R Sn Flm2*	
Northstar Productions	Drumscapes	DRM:Fast Rock -> KIT:F/R Kit Dry* -> Patch	TOM:F/R Toms 3 *	
Northstar Productions	Drumscapes	DRM:Fast Rock -> KIT:F/R Kit Dry* -> Patch	TOM:F/R TomFlam*	
Northstar Productions	Drumscapes	DRM:Fast Rock -> KIT:F/R Kit Dry* -> Patch	CYM:F/R Ride1  *	
Northstar Productions	Drumscapes	DRM:Fast Rock -> KIT:F/R Kit Dry* -> Patch	CYM:F/R Crsh1  *	
Northstar Productions	Drumscapes	DRM:Fast Rock -> KIT:F/R Kit Dry* -> Patch	CYM:F/R Crsh3  *	
Northstar Productions	Drumscapes	DRM:Fast Rock -> KIT:F/R Kit Dry* -> Patch	HAT:F/R HH 8M  *	
Northstar Productions	Drumscapes	DRM:Fast Rock -> KIT:F/R Kit Dry* -> Sample	KIK:F/R K4a*	
Northstar Productions	Drumscapes	DRM:Fast Rock -> KIT:F/R Kit Dry* -> Sample	KIK:F/R K4b*	
Northstar Productions	Drumscapes	DRM:Fast Rock -> KIT:F/R Kit Dry* -> Sample	SNR:F/RDrySn1*	
Northstar Productions	Drumscapes	DRM:Fast Rock -> KIT:F/R Kit Dry* -> Sample	SNR:F/RDrySn2*	
Northstar Productions	Drumscapes	DRM:Fast Rock -> KIT:F/R Kit Dry* -> Sample	SNR:F/RDrySn3*	
Northstar Productions	Drumscapes	DRM:Fast Rock -> KIT:F/R Kit Dry* -> Sample	SNR:F/RDrySn4*	
Northstar Productions	Drumscapes	DRM:Fast Rock -> KIT:F/R Kit Dry* -> Sample	SNR:F/R Stk1*	
Northstar Productions	Drumscapes	DRM:Fast Rock -> KIT:F/R Kit Dry* -> Sample	SNR:F/RSnFlm2*	
Northstar Productions	Drumscapes	DRM:Fast Rock -> KIT:F/R Kit Dry* -> Sample	TOM:F/RLoTom1*	
Northstar Productions	Drumscapes	DRM:Fast Rock -> KIT:F/R Kit Dry* -> Sample	TOM:F/RLoTom2*	
Northstar Productions	Drumscapes	DRM:Fast Rock -> KIT:F/R Kit Dry* -> Sample	TOM:F/RLMTom1*	
Northstar Productions	Drumscapes	DRM:Fast Rock -> KIT:F/R Kit Dry* -> Sample	TOM:F/RLMTom2*	
Northstar Productions	Drumscapes	DRM:Fast Rock -> KIT:F/R Kit Dry* -> Sample	TOM:F/RHMTom1*	
Northstar Productions	Drumscapes	DRM:Fast Rock -> KIT:F/R Kit Dry* -> Sample	TOM:F/RHMTom2*	
Northstar Productions	Drumscapes	DRM:Fast Rock -> KIT:F/R Kit Dry* -> Sample	TOM:F/RHiTom1*	
Northstar Productions	Drumscapes	DRM:Fast Rock -> KIT:F/R Kit Dry* -> Sample	TOM:F/RHiTom2*	
Northstar Productions	Drumscapes	DRM:Fast Rock -> KIT:F/R Kit Dry* -> Sample	TOM:F/RTomFl4*	
Northstar Productions	Drumscapes	DRM:Fast Rock -> KIT:F/R Kit Dry* -> Sample	TOM:F/RTomFl3*	
Northstar Productions	Drumscapes	DRM:Fast Rock -> KIT:F/R Kit Dry* -> Sample	TOM:F/RTomFl2*	
Northstar Productions	Drumscapes	DRM:Fast Rock -> KIT:F/R Kit Dry* -> Sample	TOM:F/RTomFl1*	
Northstar Productions	Drumscapes	DRM:Fast Rock -> KIT:F/R Kit Dry* -> Sample	CYM:F/R Ride1*	
Northstar Productions	Drumscapes	DRM:Fast Rock -> KIT:F/R Kit Dry* -> Sample	CYM:F/R Bell2*	
Northstar Productions	Drumscapes	DRM:Fast Rock -> KIT:F/R Kit Dry* -> Sample	CYM:F/R Crsh1*	
Northstar Productions	Drumscapes	DRM:Fast Rock -> KIT:F/R Kit Dry* -> Sample	CYM:F/R Crsh3*	
Northstar Productions	Drumscapes	DRM:Fast Rock -> KIT:F/R Kit Dry* -> Sample	HAT:F/R HatP2*-R	
Northstar Productions	Drumscapes	DRM:Fast Rock -> KIT:F/R Kit Dry* -> Sample	HAT:F/R HatC5*-R	
Northstar Productions	Drumscapes	DRM:Fast Rock -> KIT:F/R Kit Dry* -> Sample	HAT:F/R HatC1*-R	
Northstar Productions	Drumscapes	DRM:Fast Rock -> KIT:F/R Kit Dry* -> Sample	HAT:F/R HatC2*-R	
Northstar Productions	Drumscapes	DRM:Fast Rock -> KIT:F/R Kit Dry* -> Sample	HAT:F/R HatC3*-R	
Northstar Productions	Drumscapes	DRM:Fast Rock -> KIT:F/R Kit Dry* -> Sample	HAT:F/R HatO1*-R	
Northstar Productions	Drumscapes	DRM:Fast Rock -> KIT:F/R Kit Dry* -> Sample	HAT:F/R HatL2*-R	
Northstar Productions	Drumscapes	DRM:Fast Rock -> KIK:F/R Kicks  * -> Patch	KIK:F/R KikMenu*	
Northstar Productions	Drumscapes	DRM:Fast Rock -> KIK:F/R Kicks  * -> Patch	KIK:F/R K1     *	
Northstar Productions	Drumscapes	DRM:Fast Rock -> KIK:F/R Kicks  * -> Patch	KIK:F/R K2     *	
Northstar Productions	Drumscapes	DRM:Fast Rock -> KIK:F/R Kicks  * -> Patch	KIK:F/R K3     *	
Northstar Productions	Drumscapes	DRM:Fast Rock -> KIK:F/R Kicks  * -> Patch	KIK:F/R K4     *	
Northstar Productions	Drumscapes	DRM:Fast Rock -> KIK:F/R Kicks  * -> Sample	KIK:F/R K1a*	
Northstar Productions	Drumscapes	DRM:Fast Rock -> KIK:F/R Kicks  * -> Sample	KIK:F/R K1b*	
Northstar Productions	Drumscapes	DRM:Fast Rock -> KIK:F/R Kicks  * -> Sample	KIK:F/R K2a*	
Northstar Productions	Drumscapes	DRM:Fast Rock -> KIK:F/R Kicks  * -> Sample	KIK:F/R K2b*	
Northstar Productions	Drumscapes	DRM:Fast Rock -> KIK:F/R Kicks  * -> Sample	KIK:F/R K3a*	
Northstar Productions	Drumscapes	DRM:Fast Rock -> KIK:F/R Kicks  * -> Sample	KIK:F/R K3b*	
Northstar Productions	Drumscapes	DRM:Fast Rock -> KIK:F/R Kicks  * -> Sample	KIK:F/R K4a*	
Northstar Productions	Drumscapes	DRM:Fast Rock -> KIK:F/R Kicks  * -> Sample	KIK:F/R K4b*	
Northstar Productions	Drumscapes	DRM:Fast Rock -> SNR:F/R Snares * -> Patch	SNR:F/R Sn Menu*	
Northstar Productions	Drumscapes	DRM:Fast Rock -> SNR:F/R Snares * -> Patch	SNR:F/R Sn1    *	
Northstar Productions	Drumscapes	DRM:Fast Rock -> SNR:F/R Snares * -> Patch	SNR:F/R Sn2    *	
Northstar Productions	Drumscapes	DRM:Fast Rock -> SNR:F/R Snares * -> Patch	SNR:F/R Sn3    *	
Northstar Productions	Drumscapes	DRM:Fast Rock -> SNR:F/R Snares * -> Patch	SNR:F/R Sn4    *	
Northstar Productions	Drumscapes	DRM:Fast Rock -> SNR:F/R Snares * -> Patch	SNR:F/R Sn5    *	
Northstar Productions	Drumscapes	DRM:Fast Rock -> SNR:F/R Snares * -> Patch	SNR:F/R Sn6    *	
Northstar Productions	Drumscapes	DRM:Fast Rock -> SNR:F/R Snares * -> Patch	SNR:F/R Sn7    *	
Northstar Productions	Drumscapes	DRM:Fast Rock -> SNR:F/R Snares * -> Patch	SNR:F/R Sn8    *	
Northstar Productions	Drumscapes	DRM:Fast Rock -> SNR:F/R Snares * -> Sample	SNR:F/R Sn1*	
Northstar Productions	Drumscapes	DRM:Fast Rock -> SNR:F/R Snares * -> Sample	SNR:F/R Sn5*	
Northstar Productions	Drumscapes	DRM:Fast Rock -> SNR:F/R Snares * -> Sample	SNR:F/R Sn2*	
Northstar Productions	Drumscapes	DRM:Fast Rock -> SNR:F/R Snares * -> Sample	SNR:F/R Sn3*	
Northstar Productions	Drumscapes	DRM:Fast Rock -> SNR:F/R Snares * -> Sample	SNR:F/R Sn4*	
Northstar Productions	Drumscapes	DRM:Fast Rock -> SNR:F/R Snares * -> Sample	SNR:F/R Sn6*	
Northstar Productions	Drumscapes	DRM:Fast Rock -> SNR:F/R Snares * -> Sample	SNR:F/RDrySn1*	
Northstar Productions	Drumscapes	DRM:Fast Rock -> SNR:F/R Snares * -> Sample	SNR:F/RDrySn2*	
Northstar Productions	Drumscapes	DRM:Fast Rock -> SNR:F/R Snares * -> Sample	SNR:F/RDrySn3*	
Northstar Productions	Drumscapes	DRM:Fast Rock -> SNR:F/R Snares * -> Sample	SNR:F/RDrySn4*	
Northstar Productions	Drumscapes	DRM:Fast Rock -> SNR:F/R Snares * -> Sample	SNR:F/RSnFlm1*	
Northstar Productions	Drumscapes	DRM:Fast Rock -> SNR:F/R Snares * -> Sample	SNR:F/RSnFlm2*	
Northstar Productions	Drumscapes	DRM:Fast Rock -> SNR:F/R Snares * -> Sample	SNR:F/R Stk1*	
Northstar Productions	Drumscapes	DRM:Fast Rock -> TOM:F/R Toms   * -> Patch	TOM:F/R TomMenu*	
Northstar Productions	Drumscapes	DRM:Fast Rock -> TOM:F/R Toms   * -> Patch	TOM:F/R Toms 1 *	
Northstar Productions	Drumscapes	DRM:Fast Rock -> TOM:F/R Toms   * -> Patch	TOM:F/R Toms 2 *	
Northstar Productions	Drumscapes	DRM:Fast Rock -> TOM:F/R Toms   * -> Patch	TOM:F/R Toms 3 *	
Northstar Productions	Drumscapes	DRM:Fast Rock -> TOM:F/R Toms   * -> Patch	TOM:F/R TomFlam*	
Northstar Productions	Drumscapes	DRM:Fast Rock -> TOM:F/R Toms   * -> Sample	TOM:F/RLoTom2*	
Northstar Productions	Drumscapes	DRM:Fast Rock -> TOM:F/R Toms   * -> Sample	TOM:F/RLoTom3*	
Northstar Productions	Drumscapes	DRM:Fast Rock -> TOM:F/R Toms   * -> Sample	TOM:F/RLMTom2*	
Northstar Productions	Drumscapes	DRM:Fast Rock -> TOM:F/R Toms   * -> Sample	TOM:F/RLMTom3*	
Northstar Productions	Drumscapes	DRM:Fast Rock -> TOM:F/R Toms   * -> Sample	TOM:F/RHMTom2*	
Northstar Productions	Drumscapes	DRM:Fast Rock -> TOM:F/R Toms   * -> Sample	TOM:F/RHMTom3*	
Northstar Productions	Drumscapes	DRM:Fast Rock -> TOM:F/R Toms   * -> Sample	TOM:F/RHiTom1*	
Northstar Productions	Drumscapes	DRM:Fast Rock -> TOM:F/R Toms   * -> Sample	TOM:F/RHiTom3*	
Northstar Productions	Drumscapes	DRM:Fast Rock -> TOM:F/R Toms   * -> Sample	TOM:F/RLoTom1*	
Northstar Productions	Drumscapes	DRM:Fast Rock -> TOM:F/R Toms   * -> Sample	TOM:F/RLMTom1*	
Northstar Productions	Drumscapes	DRM:Fast Rock -> TOM:F/R Toms   * -> Sample	TOM:F/RHMTom1*	
Northstar Productions	Drumscapes	DRM:Fast Rock -> TOM:F/R Toms   * -> Sample	TOM:F/RHiTom2*	
Northstar Productions	Drumscapes	DRM:Fast Rock -> TOM:F/R Toms   * -> Sample	TOM:F/RTomFl4*	
Northstar Productions	Drumscapes	DRM:Fast Rock -> TOM:F/R Toms   * -> Sample	TOM:F/RTomFl3*	
Northstar Productions	Drumscapes	DRM:Fast Rock -> TOM:F/R Toms   * -> Sample	TOM:F/RTomFl2*	
Northstar Productions	Drumscapes	DRM:Fast Rock -> TOM:F/R Toms   * -> Sample	TOM:F/RTomFl1*	
Northstar Productions	Drumscapes	DRM:Fast Rock -> HAT:F/R Hi-Hats* -> Patch	HAT:F/R HH Menu*	
Northstar Productions	Drumscapes	DRM:Fast Rock -> HAT:F/R Hi-Hats* -> Patch	HAT:F/R Hat 1  *	
Northstar Productions	Drumscapes	DRM:Fast Rock -> HAT:F/R Hi-Hats* -> Patch	HAT:F/R Hat 2  *	
Northstar Productions	Drumscapes	DRM:Fast Rock -> HAT:F/R Hi-Hats* -> Patch	HAT:F/R Hat 3  *	
Northstar Productions	Drumscapes	DRM:Fast Rock -> HAT:F/R Hi-Hats* -> Patch	HAT:F/R Hat 4  *	
Northstar Productions	Drumscapes	DRM:Fast Rock -> HAT:F/R Hi-Hats* -> Patch	HAT:F/R Hat 5  *	
Northstar Productions	Drumscapes	DRM:Fast Rock -> HAT:F/R Hi-Hats* -> Patch	HAT:F/R Hat 6  *	
Northstar Productions	Drumscapes	DRM:Fast Rock -> HAT:F/R Hi-Hats* -> Patch	HAT:F/R Hat 7  *	
Northstar Productions	Drumscapes	DRM:Fast Rock -> HAT:F/R Hi-Hats* -> Patch	HAT:F/R HH 8S  *	
Northstar Productions	Drumscapes	DRM:Fast Rock -> HAT:F/R Hi-Hats* -> Patch	HAT:F/R HH 8M  *	
Northstar Productions	Drumscapes	DRM:Fast Rock -> HAT:F/R Hi-Hats* -> Sample	HAT:F/R HatP1*	
Northstar Productions	Drumscapes	DRM:Fast Rock -> HAT:F/R Hi-Hats* -> Sample	HAT:F/R HatP2*	
Northstar Productions	Drumscapes	DRM:Fast Rock -> HAT:F/R Hi-Hats* -> Sample	HAT:F/R HatC5*	
Northstar Productions	Drumscapes	DRM:Fast Rock -> HAT:F/R Hi-Hats* -> Sample	HAT:F/R HatC1*	
Northstar Productions	Drumscapes	DRM:Fast Rock -> HAT:F/R Hi-Hats* -> Sample	HAT:F/R HatC3*	
Northstar Productions	Drumscapes	DRM:Fast Rock -> HAT:F/R Hi-Hats* -> Sample	HAT:F/R HatC2*	
Northstar Productions	Drumscapes	DRM:Fast Rock -> HAT:F/R Hi-Hats* -> Sample	HAT:F/R HatC4*	
Northstar Productions	Drumscapes	DRM:Fast Rock -> HAT:F/R Hi-Hats* -> Sample	HAT:P/B CHat2*	
Northstar Productions	Drumscapes	DRM:Fast Rock -> HAT:F/R Hi-Hats* -> Sample	HAT:F/R HatL1*	
Northstar Productions	Drumscapes	DRM:Fast Rock -> HAT:F/R Hi-Hats* -> Sample	HAT:F/R HatL2*	
Northstar Productions	Drumscapes	DRM:Fast Rock -> HAT:F/R Hi-Hats* -> Sample	HAT:F/R HatO1*	
Northstar Productions	Drumscapes	DRM:Fast Rock -> HAT:F/R Hi-Hats* -> Sample	HAT:F/R HatL4*	
Northstar Productions	Drumscapes	DRM:Fast Rock -> CYM:F/R Cymbals* -> Patch	CYM:F/R CymMenu*	
Northstar Productions	Drumscapes	DRM:Fast Rock -> CYM:F/R Cymbals* -> Patch	CYM:F/R Crsh1  *	
Northstar Productions	Drumscapes	DRM:Fast Rock -> CYM:F/R Cymbals* -> Patch	CYM:F/R Crsh2  *	
Northstar Productions	Drumscapes	DRM:Fast Rock -> CYM:F/R Cymbals* -> Patch	CYM:F/R Crsh3  *	
Northstar Productions	Drumscapes	DRM:Fast Rock -> CYM:F/R Cymbals* -> Patch	CYM:F/R Crsh4  *	
Northstar Productions	Drumscapes	DRM:Fast Rock -> CYM:F/R Cymbals* -> Patch	CYM:F/R Ride1  *	
Northstar Productions	Drumscapes	DRM:Fast Rock -> CYM:F/R Cymbals* -> Patch	CYM:F/R Ride2  *	
Northstar Productions	Drumscapes	DRM:Fast Rock -> CYM:F/R Cymbals* -> Patch	CYM:F/R Bell1  *	
Northstar Productions	Drumscapes	DRM:Fast Rock -> CYM:F/R Cymbals* -> Sample	CYM:F/R Crsh1*	
Northstar Productions	Drumscapes	DRM:Fast Rock -> CYM:F/R Cymbals* -> Sample	CYM:F/R Crsh2*	
Northstar Productions	Drumscapes	DRM:Fast Rock -> CYM:F/R Cymbals* -> Sample	CYM:F/R Crsh3*	
Northstar Productions	Drumscapes	DRM:Fast Rock -> CYM:F/R Cymbals* -> Sample	CYM:F/R Crsh4*	
Northstar Productions	Drumscapes	DRM:Fast Rock -> CYM:F/R Cymbals* -> Sample	CYM:F/R Ride1*	
Northstar Productions	Drumscapes	DRM:Fast Rock -> CYM:F/R Cymbals* -> Sample	CYM:F/R Bell2*	
Northstar Productions	Drumscapes	DRM:Medium Rock -> KIT:M/R Kit 1  * -> Patch	KIK:M/R K2     *	
Northstar Productions	Drumscapes	DRM:Medium Rock -> KIT:M/R Kit 1  * -> Patch	SNR:M/R Sn4    *	
Northstar Productions	Drumscapes	DRM:Medium Rock -> KIT:M/R Kit 1  * -> Patch	SNR:M/R Sn Flam*	
Northstar Productions	Drumscapes	DRM:Medium Rock -> KIT:M/R Kit 1  * -> Patch	HAT:M/R Hat 1  *	
Northstar Productions	Drumscapes	DRM:Medium Rock -> KIT:M/R Kit 1  * -> Patch	CYM:M/R Ride1  *	
Northstar Productions	Drumscapes	DRM:Medium Rock -> KIT:M/R Kit 1  * -> Patch	CYM:M/R Crsh1  *	
Northstar Productions	Drumscapes	DRM:Medium Rock -> KIT:M/R Kit 1  * -> Patch	CYM:M/R Crsh2  *	
Northstar Productions	Drumscapes	DRM:Medium Rock -> KIT:M/R Kit 1  * -> Patch	TOM:M/R Toms 1 *	
Northstar Productions	Drumscapes	DRM:Medium Rock -> KIT:M/R Kit 1  * -> Patch	TOM:M/R TomFlam*	
Northstar Productions	Drumscapes	DRM:Medium Rock -> KIT:M/R Kit 1  * -> Patch	SNR:M/R Stick  *	
Northstar Productions	Drumscapes	DRM:Medium Rock -> KIT:M/R Kit 1  * -> Sample	KIK:M/R K1*	
Northstar Productions	Drumscapes	DRM:Medium Rock -> KIT:M/R Kit 1  * -> Sample	KIK:M/R K1d  *	
Northstar Productions	Drumscapes	DRM:Medium Rock -> KIT:M/R Kit 1  * -> Sample	SNR:M/R SnM1 *	
Northstar Productions	Drumscapes	DRM:Medium Rock -> KIT:M/R Kit 1  * -> Sample	SNR:M/R Sn2  *	
Northstar Productions	Drumscapes	DRM:Medium Rock -> KIT:M/R Kit 1  * -> Sample	SNR:M/R Sn2 *	
Northstar Productions	Drumscapes	DRM:Medium Rock -> KIT:M/R Kit 1  * -> Sample	SNR:M/R SnH1 *	
Northstar Productions	Drumscapes	DRM:Medium Rock -> KIT:M/R Kit 1  * -> Sample	SNR:M/R SnFl1*	
Northstar Productions	Drumscapes	DRM:Medium Rock -> KIT:M/R Kit 1  * -> Sample	HAT:M/R Ped 1  *	
Northstar Productions	Drumscapes	DRM:Medium Rock -> KIT:M/R Kit 1  * -> Sample	HAT:M/R CHH1a  *	
Northstar Productions	Drumscapes	DRM:Medium Rock -> KIT:M/R Kit 1  * -> Sample	HAT:M/R CHH1b  *	
Northstar Productions	Drumscapes	DRM:Medium Rock -> KIT:M/R Kit 1  * -> Sample	HAT:M/R CHH1c  *	
Northstar Productions	Drumscapes	DRM:Medium Rock -> KIT:M/R Kit 1  * -> Sample	HAT:M/R CHH2a  *	
Northstar Productions	Drumscapes	DRM:Medium Rock -> KIT:M/R Kit 1  * -> Sample	HAT:M/R OHH 1  *	
Northstar Productions	Drumscapes	DRM:Medium Rock -> KIT:M/R Kit 1  * -> Sample	CYM:M/R CYM 1*-L	
Northstar Productions	Drumscapes	DRM:Medium Rock -> KIT:M/R Kit 1  * -> Sample	CYM:M/R Crsh 1 *	
Northstar Productions	Drumscapes	DRM:Medium Rock -> KIT:M/R Kit 1  * -> Sample	CYM:M/R Crsh 2 *	
Northstar Productions	Drumscapes	DRM:Medium Rock -> KIT:M/R Kit 1  * -> Sample	TOM:M/R LoT1a*	
Northstar Productions	Drumscapes	DRM:Medium Rock -> KIT:M/R Kit 1  * -> Sample	TOM:M/R LoT1b*	
Northstar Productions	Drumscapes	DRM:Medium Rock -> KIT:M/R Kit 1  * -> Sample	TOM:M/R MT1a *	
Northstar Productions	Drumscapes	DRM:Medium Rock -> KIT:M/R Kit 1  * -> Sample	SNR:M/R MT1b *	
Northstar Productions	Drumscapes	DRM:Medium Rock -> KIT:M/R Kit 1  * -> Sample	TOM:M/R HiT1a*	
Northstar Productions	Drumscapes	DRM:Medium Rock -> KIT:M/R Kit 1  * -> Sample	TOM:M/R HiT1b*	
Northstar Productions	Drumscapes	DRM:Medium Rock -> KIT:M/R Kit 1  * -> Sample	TOM:M/R LoTFl*	
Northstar Productions	Drumscapes	DRM:Medium Rock -> KIT:M/R Kit 1  * -> Sample	TOM:M/R MTFl *	
Northstar Productions	Drumscapes	DRM:Medium Rock -> KIT:M/R Kit 1  * -> Sample	TOM:M/R HiTFl*	
Northstar Productions	Drumscapes	DRM:Medium Rock -> KIT:M/R Kit 1  * -> Sample	SNR:A/C Stk1 *	
Northstar Productions	Drumscapes	DRM:Medium Rock -> KIT:M/R Kit 2  * -> Patch	KIK:M/R K1     *	
Northstar Productions	Drumscapes	DRM:Medium Rock -> KIT:M/R Kit 2  * -> Patch	SNR:M/R Sn5    *	
Northstar Productions	Drumscapes	DRM:Medium Rock -> KIT:M/R Kit 2  * -> Patch	SNR:M/R Sn Flam*	
Northstar Productions	Drumscapes	DRM:Medium Rock -> KIT:M/R Kit 2  * -> Patch	HAT:M/R Hat 2  *	
Northstar Productions	Drumscapes	DRM:Medium Rock -> KIT:M/R Kit 2  * -> Patch	CYM:M/R Ride1  *	
Northstar Productions	Drumscapes	DRM:Medium Rock -> KIT:M/R Kit 2  * -> Patch	CYM:M/R Crsh1  *	
Northstar Productions	Drumscapes	DRM:Medium Rock -> KIT:M/R Kit 2  * -> Patch	CYM:M/R Crsh2  *	
Northstar Productions	Drumscapes	DRM:Medium Rock -> KIT:M/R Kit 2  * -> Patch	TOM:M/R Toms 2 *	
Northstar Productions	Drumscapes	DRM:Medium Rock -> KIT:M/R Kit 2  * -> Patch	TOM:M/R TomFlam*	
Northstar Productions	Drumscapes	DRM:Medium Rock -> KIT:M/R Kit 2  * -> Patch	SNR:M/R Stick  *	
Northstar Productions	Drumscapes	DRM:Medium Rock -> KIT:M/R Kit 2  * -> Sample	KIK:M/R K1*	
Northstar Productions	Drumscapes	DRM:Medium Rock -> KIT:M/R Kit 2  * -> Sample	KIK:M/R K2*	
Northstar Productions	Drumscapes	DRM:Medium Rock -> KIT:M/R Kit 2  * -> Sample	SNR:M/R Sn1  *	
Northstar Productions	Drumscapes	DRM:Medium Rock -> KIT:M/R Kit 2  * -> Sample	SNR:M/R SnO2 *	
Northstar Productions	Drumscapes	DRM:Medium Rock -> KIT:M/R Kit 2  * -> Sample	SNR:M/R SnM1 *	
Northstar Productions	Drumscapes	DRM:Medium Rock -> KIT:M/R Kit 2  * -> Sample	SNR:M/R Sn2  *	
Northstar Productions	Drumscapes	DRM:Medium Rock -> KIT:M/R Kit 2  * -> Sample	SNR:M/R SnFl1*	
Northstar Productions	Drumscapes	DRM:Medium Rock -> KIT:M/R Kit 2  * -> Sample	HAT:M/R Ped 1  *	
Northstar Productions	Drumscapes	DRM:Medium Rock -> KIT:M/R Kit 2  * -> Sample	HAT:M/R CHH1b  *	
Northstar Productions	Drumscapes	DRM:Medium Rock -> KIT:M/R Kit 2  * -> Sample	HAT:M/R CHH1c  *	
Northstar Productions	Drumscapes	DRM:Medium Rock -> KIT:M/R Kit 2  * -> Sample	HAT:M/R CHH2a  *	
Northstar Productions	Drumscapes	DRM:Medium Rock -> KIT:M/R Kit 2  * -> Sample	HAT:M/R LHH1   *	
Northstar Productions	Drumscapes	DRM:Medium Rock -> KIT:M/R Kit 2  * -> Sample	HAT:M/R OHH 1  *	
Northstar Productions	Drumscapes	DRM:Medium Rock -> KIT:M/R Kit 2  * -> Sample	CYM:M/R CYM 1*-L	
Northstar Productions	Drumscapes	DRM:Medium Rock -> KIT:M/R Kit 2  * -> Sample	CYM:M/R Crsh 1 *	
Northstar Productions	Drumscapes	DRM:Medium Rock -> KIT:M/R Kit 2  * -> Sample	CYM:M/R Crsh 2 *	
Northstar Productions	Drumscapes	DRM:Medium Rock -> KIT:M/R Kit 2  * -> Sample	TOM:M/R LoT1a*	
Northstar Productions	Drumscapes	DRM:Medium Rock -> KIT:M/R Kit 2  * -> Sample	TOM:M/R LoT1c*	
Northstar Productions	Drumscapes	DRM:Medium Rock -> KIT:M/R Kit 2  * -> Sample	TOM:M/R MT1a *	
Northstar Productions	Drumscapes	DRM:Medium Rock -> KIT:M/R Kit 2  * -> Sample	TOM:M/R MT1c *	
Northstar Productions	Drumscapes	DRM:Medium Rock -> KIT:M/R Kit 2  * -> Sample	TOM:M/R HiT1a*	
Northstar Productions	Drumscapes	DRM:Medium Rock -> KIT:M/R Kit 2  * -> Sample	TOM:M/R HiT1c*	
Northstar Productions	Drumscapes	DRM:Medium Rock -> KIT:M/R Kit 2  * -> Sample	TOM:M/R LoTFl*	
Northstar Productions	Drumscapes	DRM:Medium Rock -> KIT:M/R Kit 2  * -> Sample	TOM:M/R MTFl *	
Northstar Productions	Drumscapes	DRM:Medium Rock -> KIT:M/R Kit 2  * -> Sample	TOM:M/R HiTFl*	
Northstar Productions	Drumscapes	DRM:Medium Rock -> KIT:M/R Kit 2  * -> Sample	SNR:A/C Stk1 *	
Northstar Productions	Drumscapes	DRM:Medium Rock -> KIK:M/R Kicks  * -> Patch	KIK:M/R KikMenu*	
Northstar Productions	Drumscapes	DRM:Medium Rock -> KIK:M/R Kicks  * -> Patch	KIK:M/R K1     *	
Northstar Productions	Drumscapes	DRM:Medium Rock -> KIK:M/R Kicks  * -> Patch	KIK:M/R K2     *	
Northstar Productions	Drumscapes	DRM:Medium Rock -> KIK:M/R Kicks  * -> Patch	KIK:M/R K3     *	
Northstar Productions	Drumscapes	DRM:Medium Rock -> KIK:M/R Kicks  * -> Patch	KIK:M/R K4     *	
Northstar Productions	Drumscapes	DRM:Medium Rock -> KIK:M/R Kicks  * -> Sample	KIK:M/R K1*	
Northstar Productions	Drumscapes	DRM:Medium Rock -> KIK:M/R Kicks  * -> Sample	KIK:M/R K2*	
Northstar Productions	Drumscapes	DRM:Medium Rock -> KIK:M/R Kicks  * -> Sample	KIK:M/R K1d  *	
Northstar Productions	Drumscapes	DRM:Medium Rock -> KIK:M/R Kicks  * -> Sample	KIK:M/R K1b  *	
Northstar Productions	Drumscapes	DRM:Medium Rock -> KIK:M/R Kicks  * -> Sample	KIK:M/R K1a  *	
Northstar Productions	Drumscapes	DRM:Medium Rock -> SNR:M/R Snrs   * -> Patch	SNR:M/R Sn Menu*	
Northstar Productions	Drumscapes	DRM:Medium Rock -> SNR:M/R Snrs   * -> Patch	SNR:M/R Sn1    *	
Northstar Productions	Drumscapes	DRM:Medium Rock -> SNR:M/R Snrs   * -> Patch	SNR:M/R Sn2    *	
Northstar Productions	Drumscapes	DRM:Medium Rock -> SNR:M/R Snrs   * -> Patch	SNR:M/R Sn3    *	
Northstar Productions	Drumscapes	DRM:Medium Rock -> SNR:M/R Snrs   * -> Patch	SNR:M/R Sn4    *	
Northstar Productions	Drumscapes	DRM:Medium Rock -> SNR:M/R Snrs   * -> Patch	SNR:M/R Sn5    *	
Northstar Productions	Drumscapes	DRM:Medium Rock -> SNR:M/R Snrs   * -> Sample	SNR:M/R SnM1 *	
Northstar Productions	Drumscapes	DRM:Medium Rock -> SNR:M/R Snrs   * -> Sample	SNR:M/R Sn4 *	
Northstar Productions	Drumscapes	DRM:Medium Rock -> SNR:M/R Snrs   * -> Sample	SNR:M/R Sn1 *	
Northstar Productions	Drumscapes	DRM:Medium Rock -> SNR:M/R Snrs   * -> Sample	SNR:M/R Sn3 *	
Northstar Productions	Drumscapes	DRM:Medium Rock -> SNR:M/R Snrs   * -> Sample	SNR:M/R Sn2 *	
Northstar Productions	Drumscapes	DRM:Medium Rock -> SNR:M/R Snrs   * -> Sample	SNR:M/R SnH1 *	
Northstar Productions	Drumscapes	DRM:Medium Rock -> SNR:M/R Snrs   * -> Sample	SNR:M/R SnS1 *	
Northstar Productions	Drumscapes	DRM:Medium Rock -> SNR:M/R Snrs   * -> Sample	SNR:M/R Sn1  *	
Northstar Productions	Drumscapes	DRM:Medium Rock -> SNR:M/R Snrs   * -> Sample	SNR:M/R Sn2  *	
Northstar Productions	Drumscapes	DRM:Medium Rock -> SNR:M/R Snrs   * -> Sample	SNR:M/R SnO2 *	
Northstar Productions	Drumscapes	DRM:Medium Rock -> SNR:M/R Snrs   * -> Sample	SNR:M/R SnFl1*	
Northstar Productions	Drumscapes	DRM:Medium Rock -> SNR:M/R Snrs   * -> Sample	SNR:M/R SnFl2*	
Northstar Productions	Drumscapes	DRM:Medium Rock -> TOM:M/R Toms   * -> Patch	TOM:M/R TomMenu*	
Northstar Productions	Drumscapes	DRM:Medium Rock -> TOM:M/R Toms   * -> Patch	TOM:M/R Toms 1 *	
Northstar Productions	Drumscapes	DRM:Medium Rock -> TOM:M/R Toms   * -> Patch	TOM:M/R Toms 2 *	
Northstar Productions	Drumscapes	DRM:Medium Rock -> TOM:M/R Toms   * -> Patch	TOM:M/R TomFlam*	
Northstar Productions	Drumscapes	DRM:Medium Rock -> TOM:M/R Toms   * -> Sample	TOM:M/R LoT1a*	
Northstar Productions	Drumscapes	DRM:Medium Rock -> TOM:M/R Toms   * -> Sample	TOM:M/R LoT1b*	
Northstar Productions	Drumscapes	DRM:Medium Rock -> TOM:M/R Toms   * -> Sample	TOM:M/R MT1a *	
Northstar Productions	Drumscapes	DRM:Medium Rock -> TOM:M/R Toms   * -> Sample	SNR:M/R MT1b *	
Northstar Productions	Drumscapes	DRM:Medium Rock -> TOM:M/R Toms   * -> Sample	TOM:M/R HiT1a*	
Northstar Productions	Drumscapes	DRM:Medium Rock -> TOM:M/R Toms   * -> Sample	TOM:M/R HiT1b*	
Northstar Productions	Drumscapes	DRM:Medium Rock -> TOM:M/R Toms   * -> Sample	TOM:M/R LoT1c*	
Northstar Productions	Drumscapes	DRM:Medium Rock -> TOM:M/R Toms   * -> Sample	TOM:M/R MT1c *	
Northstar Productions	Drumscapes	DRM:Medium Rock -> TOM:M/R Toms   * -> Sample	TOM:M/R HiT1c*	
Northstar Productions	Drumscapes	DRM:Medium Rock -> TOM:M/R Toms   * -> Sample	TOM:M/R LoTFl*	
Northstar Productions	Drumscapes	DRM:Medium Rock -> TOM:M/R Toms   * -> Sample	TOM:M/R MTFl *	
Northstar Productions	Drumscapes	DRM:Medium Rock -> TOM:M/R Toms   * -> Sample	TOM:M/R HiTFl*	
Northstar Productions	Drumscapes	DRM:Medium Rock -> HAT:M/R Hats   * -> Patch	HAT:M/R HatMenu*	
Northstar Productions	Drumscapes	DRM:Medium Rock -> HAT:M/R Hats   * -> Patch	HAT:M/R Hat 1  *	
Northstar Productions	Drumscapes	DRM:Medium Rock -> HAT:M/R Hats   * -> Patch	HAT:M/R Hat 2  *	
Northstar Productions	Drumscapes	DRM:Medium Rock -> HAT:M/R Hats   * -> Patch	HAT:M/R Hat 3  *	
Northstar Productions	Drumscapes	DRM:Medium Rock -> HAT:M/R Hats   * -> Patch	HAT:M/R Hat 4  *	
Northstar Productions	Drumscapes	DRM:Medium Rock -> HAT:M/R Hats   * -> Patch	HAT:M/R Hat 5  *	
Northstar Productions	Drumscapes	DRM:Medium Rock -> HAT:M/R Hats   * -> Sample	HAT:M/R Ped 1  *	
Northstar Productions	Drumscapes	DRM:Medium Rock -> HAT:M/R Hats   * -> Sample	HAT:M/R CHH1a  *	
Northstar Productions	Drumscapes	DRM:Medium Rock -> HAT:M/R Hats   * -> Sample	HAT:M/R CHH1b  *	
Northstar Productions	Drumscapes	DRM:Medium Rock -> HAT:M/R Hats   * -> Sample	HAT:M/R CHH1c  *	
Northstar Productions	Drumscapes	DRM:Medium Rock -> HAT:M/R Hats   * -> Sample	HAT:M/R CHH2a  *	
Northstar Productions	Drumscapes	DRM:Medium Rock -> HAT:M/R Hats   * -> Sample	HAT:M/R CHH2b  *	
Northstar Productions	Drumscapes	DRM:Medium Rock -> HAT:M/R Hats   * -> Sample	HAT:M/R LHH1   *	
Northstar Productions	Drumscapes	DRM:Medium Rock -> HAT:M/R Hats   * -> Sample	HAT:M/R OHH 1  *	
Northstar Productions	Drumscapes	DRM:Medium Rock -> HAT:M/R Hats   * -> Sample	HAT:M/R OHH 2  *	
Northstar Productions	Drumscapes	DRM:Medium Rock -> CYM:M/R Cyms   * -> Patch	CYM:M/R CymMenu*	
Northstar Productions	Drumscapes	DRM:Medium Rock -> CYM:M/R Cyms   * -> Patch	CYM:M/R Crsh1  *	
Northstar Productions	Drumscapes	DRM:Medium Rock -> CYM:M/R Cyms   * -> Patch	CYM:M/R Crsh2  *	
Northstar Productions	Drumscapes	DRM:Medium Rock -> CYM:M/R Cyms   * -> Patch	CYM:M/R Crsh3  *	
Northstar Productions	Drumscapes	DRM:Medium Rock -> CYM:M/R Cyms   * -> Patch	CYM:M/R Ride1  *	
Northstar Productions	Drumscapes	DRM:Medium Rock -> CYM:M/R Cyms   * -> Sample	CYM:M/R Crsh 1 *	
Northstar Productions	Drumscapes	DRM:Medium Rock -> CYM:M/R Cyms   * -> Sample	CYM:M/R Crsh 2 *	
Northstar Productions	Drumscapes	DRM:Medium Rock -> CYM:M/R Cyms   * -> Sample	CYM:M/R Crsh 3 *	
Northstar Productions	Drumscapes	DRM:Medium Rock -> CYM:M/R Cyms   * -> Sample	CYM:M/R CYM 1*	
Northstar Productions	Drumscapes	DRM:Medium Rock -> CYM:M/R Cyms   * -> Sample	CYM:M/R CYM 2*	
Northstar Productions	Drumscapes	DRM:Medium Rock -> CYM:M/R Cyms   * -> Sample	CYM:M/R CYM 3*	
Northstar Productions	Drumscapes	DRM:Power Ballad -> KIT:P/B Kit 1  * -> Patch	KIK:P/B K2     *	
Northstar Productions	Drumscapes	DRM:Power Ballad -> KIT:P/B Kit 1  * -> Patch	SNR:P/B Sn1    *	
Northstar Productions	Drumscapes	DRM:Power Ballad -> KIT:P/B Kit 1  * -> Patch	SNR:P/B Stick  *	
Northstar Productions	Drumscapes	DRM:Power Ballad -> KIT:P/B Kit 1  * -> Patch	HAT:P/B Hat 2S *	
Northstar Productions	Drumscapes	DRM:Power Ballad -> KIT:P/B Kit 1  * -> Patch	CYM:P/B Ride1  *	
Northstar Productions	Drumscapes	DRM:Power Ballad -> KIT:P/B Kit 1  * -> Patch	CYM:P/B Crsh2  *	
Northstar Productions	Drumscapes	DRM:Power Ballad -> KIT:P/B Kit 1  * -> Patch	CYM:P/B Crsh4  *	
Northstar Productions	Drumscapes	DRM:Power Ballad -> KIT:P/B Kit 1  * -> Patch	TOM:P/B Toms 1 *	
Northstar Productions	Drumscapes	DRM:Power Ballad -> KIT:P/B Kit 1  * -> Patch	TOM:P/B TomFlam*	
Northstar Productions	Drumscapes	DRM:Power Ballad -> KIT:P/B Kit 1  * -> Patch	SNR:M/R Sn Flam*	
Northstar Productions	Drumscapes	DRM:Power Ballad -> KIT:P/B Kit 1  * -> Sample	KIK:P/B K3*	
Northstar Productions	Drumscapes	DRM:Power Ballad -> KIT:P/B Kit 1  * -> Sample	KIK:P/B K2*	
Northstar Productions	Drumscapes	DRM:Power Ballad -> KIT:P/B Kit 1  * -> Sample	SNR:P/B Sn3*	
Northstar Productions	Drumscapes	DRM:Power Ballad -> KIT:P/B Kit 1  * -> Sample	SNR:P/B Sn5*	
Northstar Productions	Drumscapes	DRM:Power Ballad -> KIT:P/B Kit 1  * -> Sample	SNR:P/B Sn1*	
Northstar Productions	Drumscapes	DRM:Power Ballad -> KIT:P/B Kit 1  * -> Sample	SNR:P/B Sn4*	
Northstar Productions	Drumscapes	DRM:Power Ballad -> KIT:P/B Kit 1  * -> Sample	SNR:A/C Stk1 *	
Northstar Productions	Drumscapes	DRM:Power Ballad -> KIT:P/B Kit 1  * -> Sample	HAT:P/B PHat1*	
Northstar Productions	Drumscapes	DRM:Power Ballad -> KIT:P/B Kit 1  * -> Sample	HAT:P/B CHat1*	
Northstar Productions	Drumscapes	DRM:Power Ballad -> KIT:P/B Kit 1  * -> Sample	HAT:P/B LHat2*	
Northstar Productions	Drumscapes	DRM:Power Ballad -> KIT:P/B Kit 1  * -> Sample	HAT:P/B CHat2*	
Northstar Productions	Drumscapes	DRM:Power Ballad -> KIT:P/B Kit 1  * -> Sample	HAT:P/B SHat1*	
Northstar Productions	Drumscapes	DRM:Power Ballad -> KIT:P/B Kit 1  * -> Sample	HAT:P/B OHat1*	
Northstar Productions	Drumscapes	DRM:Power Ballad -> KIT:P/B Kit 1  * -> Sample	HAT:P/B LHat3*	
Northstar Productions	Drumscapes	DRM:Power Ballad -> KIT:P/B Kit 1  * -> Sample	CYM:P/B Ride1*	
Northstar Productions	Drumscapes	DRM:Power Ballad -> KIT:P/B Kit 1  * -> Sample	CYM:P/B RdBl1*	
Northstar Productions	Drumscapes	DRM:Power Ballad -> KIT:P/B Kit 1  * -> Sample	CYM:P/B Crs2*	
Northstar Productions	Drumscapes	DRM:Power Ballad -> KIT:P/B Kit 1  * -> Sample	CYM:P/B Crs4*	
Northstar Productions	Drumscapes	DRM:Power Ballad -> KIT:P/B Kit 1  * -> Sample	TOM:P/B LTm1c*	
Northstar Productions	Drumscapes	DRM:Power Ballad -> KIT:P/B Kit 1  * -> Sample	TOM:P/B LTm1d*	
Northstar Productions	Drumscapes	DRM:Power Ballad -> KIT:P/B Kit 1  * -> Sample	TOM:P/BLMTm1c*	
Northstar Productions	Drumscapes	DRM:Power Ballad -> KIT:P/B Kit 1  * -> Sample	TOM:P/BLMTm1d*	
Northstar Productions	Drumscapes	DRM:Power Ballad -> KIT:P/B Kit 1  * -> Sample	TOM:P/BHMTm1c*	
Northstar Productions	Drumscapes	DRM:Power Ballad -> KIT:P/B Kit 1  * -> Sample	TOM:P/BHMTm1d*	
Northstar Productions	Drumscapes	DRM:Power Ballad -> KIT:P/B Kit 1  * -> Sample	TOM:P/B HTm1c*	
Northstar Productions	Drumscapes	DRM:Power Ballad -> KIT:P/B Kit 1  * -> Sample	TOM:P/B HTm1d*	
Northstar Productions	Drumscapes	DRM:Power Ballad -> KIT:P/B Kit 1  * -> Sample	TOM:P/BLTmFl1*	
Northstar Productions	Drumscapes	DRM:Power Ballad -> KIT:P/B Kit 1  * -> Sample	TOM:P/BLMTFl1*	
Northstar Productions	Drumscapes	DRM:Power Ballad -> KIT:P/B Kit 1  * -> Sample	TOM:P/BHMTFl1*	
Northstar Productions	Drumscapes	DRM:Power Ballad -> KIT:P/B Kit 1  * -> Sample	TOM:P/BHTmFl1*	
Northstar Productions	Drumscapes	DRM:Power Ballad -> KIT:P/B Kit 1  * -> Sample	SNR:M/R SnFl1*	
Northstar Productions	Drumscapes	DRM:Power Ballad -> KIT:P/B Kit 2  * -> Patch	KIK:P/B K1     *	
Northstar Productions	Drumscapes	DRM:Power Ballad -> KIT:P/B Kit 2  * -> Patch	SNR:P/B Sn3    *	
Northstar Productions	Drumscapes	DRM:Power Ballad -> KIT:P/B Kit 2  * -> Patch	SNR:P/B Stick  *	
Northstar Productions	Drumscapes	DRM:Power Ballad -> KIT:P/B Kit 2  * -> Patch	HAT:P/B Hat 1S *	
Northstar Productions	Drumscapes	DRM:Power Ballad -> KIT:P/B Kit 2  * -> Patch	CYM:P/B Bell1  *	
Northstar Productions	Drumscapes	DRM:Power Ballad -> KIT:P/B Kit 2  * -> Patch	CYM:P/B Crsh1  *	
Northstar Productions	Drumscapes	DRM:Power Ballad -> KIT:P/B Kit 2  * -> Patch	CYM:P/B Crsh4  *	
Northstar Productions	Drumscapes	DRM:Power Ballad -> KIT:P/B Kit 2  * -> Patch	TOM:P/B Toms 2 *	
Northstar Productions	Drumscapes	DRM:Power Ballad -> KIT:P/B Kit 2  * -> Patch	TOM:P/B TomFlam*	
Northstar Productions	Drumscapes	DRM:Power Ballad -> KIT:P/B Kit 2  * -> Patch	SNR:M/R Sn Flam*	
Northstar Productions	Drumscapes	DRM:Power Ballad -> KIT:P/B Kit 2  * -> Sample	KIK:P/B K3*	
Northstar Productions	Drumscapes	DRM:Power Ballad -> KIT:P/B Kit 2  * -> Sample	KIK:P/B K1*	
Northstar Productions	Drumscapes	DRM:Power Ballad -> KIT:P/B Kit 2  * -> Sample	SNR:P/B Sn6*	
Northstar Productions	Drumscapes	DRM:Power Ballad -> KIT:P/B Kit 2  * -> Sample	SNR:P/B Sn3*	
Northstar Productions	Drumscapes	DRM:Power Ballad -> KIT:P/B Kit 2  * -> Sample	SNR:P/B Sn4*	
Northstar Productions	Drumscapes	DRM:Power Ballad -> KIT:P/B Kit 2  * -> Sample	SNR:P/B Sn5*	
Northstar Productions	Drumscapes	DRM:Power Ballad -> KIT:P/B Kit 2  * -> Sample	SNR:A/C Stk1 *	
Northstar Productions	Drumscapes	DRM:Power Ballad -> KIT:P/B Kit 2  * -> Sample	HAT:P/B PHat1*	
Northstar Productions	Drumscapes	DRM:Power Ballad -> KIT:P/B Kit 2  * -> Sample	HAT:P/B SHat1*	
Northstar Productions	Drumscapes	DRM:Power Ballad -> KIT:P/B Kit 2  * -> Sample	HAT:P/B SHat3*	
Northstar Productions	Drumscapes	DRM:Power Ballad -> KIT:P/B Kit 2  * -> Sample	HAT:P/B LHat2*	
Northstar Productions	Drumscapes	DRM:Power Ballad -> KIT:P/B Kit 2  * -> Sample	HAT:P/B LHat1*	
Northstar Productions	Drumscapes	DRM:Power Ballad -> KIT:P/B Kit 2  * -> Sample	HAT:P/B OHat1*	
Northstar Productions	Drumscapes	DRM:Power Ballad -> KIT:P/B Kit 2  * -> Sample	HAT:P/B LHat3*	
Northstar Productions	Drumscapes	DRM:Power Ballad -> KIT:P/B Kit 2  * -> Sample	CYM:P/B RdBl1*	
Northstar Productions	Drumscapes	DRM:Power Ballad -> KIT:P/B Kit 2  * -> Sample	CYM:P/B Crs1*	
Northstar Productions	Drumscapes	DRM:Power Ballad -> KIT:P/B Kit 2  * -> Sample	CYM:P/B Crs4*	
Northstar Productions	Drumscapes	DRM:Power Ballad -> KIT:P/B Kit 2  * -> Sample	TOM:P/BLTom1b*	
Northstar Productions	Drumscapes	DRM:Power Ballad -> KIT:P/B Kit 2  * -> Sample	TOM:P/BLMTm1b*	
Northstar Productions	Drumscapes	DRM:Power Ballad -> KIT:P/B Kit 2  * -> Sample	TOM:P/BHMTm1a*	
Northstar Productions	Drumscapes	DRM:Power Ballad -> KIT:P/B Kit 2  * -> Sample	TOM:P/B HTm1b*	
Northstar Productions	Drumscapes	DRM:Power Ballad -> KIT:P/B Kit 2  * -> Sample	TOM:P/BLTmFl1*	
Northstar Productions	Drumscapes	DRM:Power Ballad -> KIT:P/B Kit 2  * -> Sample	TOM:P/BLMTFl1*	
Northstar Productions	Drumscapes	DRM:Power Ballad -> KIT:P/B Kit 2  * -> Sample	TOM:P/BHMTFl1*	
Northstar Productions	Drumscapes	DRM:Power Ballad -> KIT:P/B Kit 2  * -> Sample	TOM:P/BHTmFl1*	
Northstar Productions	Drumscapes	DRM:Power Ballad -> KIT:P/B Kit 2  * -> Sample	SNR:M/R SnFl1*	
Northstar Productions	Drumscapes	DRM:Power Ballad -> KIK:P/B Kicks  * -> Patch	KIK:P/B KikMenu*	
Northstar Productions	Drumscapes	DRM:Power Ballad -> KIK:P/B Kicks  * -> Patch	KIK:P/B K1     *	
Northstar Productions	Drumscapes	DRM:Power Ballad -> KIK:P/B Kicks  * -> Patch	KIK:P/B K2     *	
Northstar Productions	Drumscapes	DRM:Power Ballad -> KIK:P/B Kicks  * -> Patch	KIK:P/B K3     *	
Northstar Productions	Drumscapes	DRM:Power Ballad -> KIK:P/B Kicks  * -> Sample	KIK:P/B K2*	
Northstar Productions	Drumscapes	DRM:Power Ballad -> KIK:P/B Kicks  * -> Sample	KIK:P/B K1*	
Northstar Productions	Drumscapes	DRM:Power Ballad -> KIK:P/B Kicks  * -> Sample	KIK:P/B K3*	
Northstar Productions	Drumscapes	DRM:Power Ballad -> SNR:P/B Snares * -> Patch	SNR:P/B Sn Menu*	
Northstar Productions	Drumscapes	DRM:Power Ballad -> SNR:P/B Snares * -> Patch	SNR:P/B Sn1    *	
Northstar Productions	Drumscapes	DRM:Power Ballad -> SNR:P/B Snares * -> Patch	SNR:P/B Sn2    *	
Northstar Productions	Drumscapes	DRM:Power Ballad -> SNR:P/B Snares * -> Patch	SNR:P/B Sn3    *	
Northstar Productions	Drumscapes	DRM:Power Ballad -> SNR:P/B Snares * -> Sample	SNR:P/B Sn3*	
Northstar Productions	Drumscapes	DRM:Power Ballad -> SNR:P/B Snares * -> Sample	SNR:P/B Sn5*	
Northstar Productions	Drumscapes	DRM:Power Ballad -> SNR:P/B Snares * -> Sample	SNR:P/B Sn1*	
Northstar Productions	Drumscapes	DRM:Power Ballad -> SNR:P/B Snares * -> Sample	SNR:P/B Sn4*	
Northstar Productions	Drumscapes	DRM:Power Ballad -> SNR:P/B Snares * -> Sample	SNR:P/B Sn6*	
Northstar Productions	Drumscapes	DRM:Power Ballad -> TOM:P/B Toms   * -> Patch	TOM:P/B TomMenu*	
Northstar Productions	Drumscapes	DRM:Power Ballad -> TOM:P/B Toms   * -> Patch	TOM:P/B Toms 1 *	
Northstar Productions	Drumscapes	DRM:Power Ballad -> TOM:P/B Toms   * -> Patch	TOM:P/B Toms 2 *	
Northstar Productions	Drumscapes	DRM:Power Ballad -> TOM:P/B Toms   * -> Patch	TOM:P/B TomFlam*	
Northstar Productions	Drumscapes	DRM:Power Ballad -> TOM:P/B Toms   * -> Sample	TOM:P/BLTom1b*	
Northstar Productions	Drumscapes	DRM:Power Ballad -> TOM:P/B Toms   * -> Sample	TOM:P/BLMTm1b*	
Northstar Productions	Drumscapes	DRM:Power Ballad -> TOM:P/B Toms   * -> Sample	TOM:P/BHMTm1a*	
Northstar Productions	Drumscapes	DRM:Power Ballad -> TOM:P/B Toms   * -> Sample	TOM:P/B HTm1b*	
Northstar Productions	Drumscapes	DRM:Power Ballad -> TOM:P/B Toms   * -> Sample	TOM:P/B LTm1c*	
Northstar Productions	Drumscapes	DRM:Power Ballad -> TOM:P/B Toms   * -> Sample	TOM:P/B LTm1d*	
Northstar Productions	Drumscapes	DRM:Power Ballad -> TOM:P/B Toms   * -> Sample	TOM:P/BLMTm1c*	
Northstar Productions	Drumscapes	DRM:Power Ballad -> TOM:P/B Toms   * -> Sample	TOM:P/BLMTm1d*	
Northstar Productions	Drumscapes	DRM:Power Ballad -> TOM:P/B Toms   * -> Sample	TOM:P/BHMTm1c*	
Northstar Productions	Drumscapes	DRM:Power Ballad -> TOM:P/B Toms   * -> Sample	TOM:P/BHMTm1d*	
Northstar Productions	Drumscapes	DRM:Power Ballad -> TOM:P/B Toms   * -> Sample	TOM:P/B HTm1c*	
Northstar Productions	Drumscapes	DRM:Power Ballad -> TOM:P/B Toms   * -> Sample	TOM:P/B HTm1d*	
Northstar Productions	Drumscapes	DRM:Power Ballad -> TOM:P/B Toms   * -> Sample	TOM:P/BLTmFl1*	
Northstar Productions	Drumscapes	DRM:Power Ballad -> TOM:P/B Toms   * -> Sample	TOM:P/BLMTFl1*	
Northstar Productions	Drumscapes	DRM:Power Ballad -> TOM:P/B Toms   * -> Sample	TOM:P/BHMTFl1*	
Northstar Productions	Drumscapes	DRM:Power Ballad -> TOM:P/B Toms   * -> Sample	TOM:P/BHTmFl1*	
Northstar Productions	Drumscapes	DRM:Power Ballad -> HAT:P/B Hats   * -> Patch	HAT:P/B HH Menu*	
Northstar Productions	Drumscapes	DRM:Power Ballad -> HAT:P/B Hats   * -> Patch	HAT:P/B Hat 1S *	
Northstar Productions	Drumscapes	DRM:Power Ballad -> HAT:P/B Hats   * -> Patch	HAT:P/B Hat 2S *	
Northstar Productions	Drumscapes	DRM:Power Ballad -> HAT:P/B Hats   * -> Patch	HAT:P/B Hat 3S *	
Northstar Productions	Drumscapes	DRM:Power Ballad -> HAT:P/B Hats   * -> Patch	HAT:P/B Hat 4S *	
Northstar Productions	Drumscapes	DRM:Power Ballad -> HAT:P/B Hats   * -> Patch	HAT:P/B Hat 5S *	
Northstar Productions	Drumscapes	DRM:Power Ballad -> HAT:P/B Hats   * -> Patch	HAT:P/B Hat 1M *	
Northstar Productions	Drumscapes	DRM:Power Ballad -> HAT:P/B Hats   * -> Patch	HAT:P/B Hat 2M *	
Northstar Productions	Drumscapes	DRM:Power Ballad -> HAT:P/B Hats   * -> Sample	HAT:P/B CHat1*	
Northstar Productions	Drumscapes	DRM:Power Ballad -> HAT:P/B Hats   * -> Sample	HAT:P/B PHat1*	
Northstar Productions	Drumscapes	DRM:Power Ballad -> HAT:P/B Hats   * -> Sample	HAT:P/B CHat3*	
Northstar Productions	Drumscapes	DRM:Power Ballad -> HAT:P/B Hats   * -> Sample	HAT:P/B CHat2*	
Northstar Productions	Drumscapes	DRM:Power Ballad -> HAT:P/B Hats   * -> Sample	HAT:P/B LHat1*	
Northstar Productions	Drumscapes	DRM:Power Ballad -> HAT:P/B Hats   * -> Sample	HAT:P/B SHat1*	
Northstar Productions	Drumscapes	DRM:Power Ballad -> HAT:P/B Hats   * -> Sample	HAT:P/B OHat1*	
Northstar Productions	Drumscapes	DRM:Power Ballad -> HAT:P/B Hats   * -> Sample	HAT:P/B SHat3*	
Northstar Productions	Drumscapes	DRM:Power Ballad -> HAT:P/B Hats   * -> Sample	HAT:P/B SHat4*	
Northstar Productions	Drumscapes	DRM:Power Ballad -> HAT:P/B Hats   * -> Sample	HAT:P/B LHat2*	
Northstar Productions	Drumscapes	DRM:Power Ballad -> HAT:P/B Hats   * -> Sample	HAT:P/B LHat3*	
Northstar Productions	Drumscapes	DRM:Power Ballad -> CYM:P/B Cymbals* -> Patch	CYM:P/B CymMenu*	
Northstar Productions	Drumscapes	DRM:Power Ballad -> CYM:P/B Cymbals* -> Patch	CYM:P/B Crsh1  *	
Northstar Productions	Drumscapes	DRM:Power Ballad -> CYM:P/B Cymbals* -> Patch	CYM:P/B Crsh2  *	
Northstar Productions	Drumscapes	DRM:Power Ballad -> CYM:P/B Cymbals* -> Patch	CYM:P/B Crsh3  *	
Northstar Productions	Drumscapes	DRM:Power Ballad -> CYM:P/B Cymbals* -> Patch	CYM:P/B Crsh4  *	
Northstar Productions	Drumscapes	DRM:Power Ballad -> CYM:P/B Cymbals* -> Patch	CYM:P/B Ride1  *	
Northstar Productions	Drumscapes	DRM:Power Ballad -> CYM:P/B Cymbals* -> Patch	CYM:P/B Bell1  *	
Northstar Productions	Drumscapes	DRM:Power Ballad -> CYM:P/B Cymbals* -> Patch	CYM:P/B Crsh3  *	
Northstar Productions	Drumscapes	DRM:Power Ballad -> CYM:P/B Cymbals* -> Sample	CYM:P/B Crs1*	
Northstar Productions	Drumscapes	DRM:Power Ballad -> CYM:P/B Cymbals* -> Sample	CYM:P/B Crs2*	
Northstar Productions	Drumscapes	DRM:Power Ballad -> CYM:P/B Cymbals* -> Sample	CYM:P/B Crs3*	
Northstar Productions	Drumscapes	DRM:Power Ballad -> CYM:P/B Cymbals* -> Sample	CYM:P/B Crs4*	
Northstar Productions	Drumscapes	DRM:Power Ballad -> CYM:P/B Cymbals* -> Sample	CYM:P/B Ride1*	
Northstar Productions	Drumscapes	DRM:Power Ballad -> CYM:P/B Cymbals* -> Sample	CYM:P/B RdBl1*	
Northstar Productions	Drumscapes	DRM:Fast Shuffle -> KIT:F/S Kit 1  * -> Patch	KIK:F/S K2     *	
Northstar Productions	Drumscapes	DRM:Fast Shuffle -> KIT:F/S Kit 1  * -> Patch	SNR:F/S Sn1    *	
Northstar Productions	Drumscapes	DRM:Fast Shuffle -> KIT:F/S Kit 1  * -> Patch	SNR:F/S SnFlam *	
Northstar Productions	Drumscapes	DRM:Fast Shuffle -> KIT:F/S Kit 1  * -> Patch	HAT:F/S Hat 2S *	
Northstar Productions	Drumscapes	DRM:Fast Shuffle -> KIT:F/S Kit 1  * -> Patch	CYM:F/S Ride1  *	
Northstar Productions	Drumscapes	DRM:Fast Shuffle -> KIT:F/S Kit 1  * -> Patch	CYM:F/S Crsh3S *	
Northstar Productions	Drumscapes	DRM:Fast Shuffle -> KIT:F/S Kit 1  * -> Patch	CYM:F/S Crsh4S *	
Northstar Productions	Drumscapes	DRM:Fast Shuffle -> KIT:F/S Kit 1  * -> Patch	TOM:F/S Toms 2 *	
Northstar Productions	Drumscapes	DRM:Fast Shuffle -> KIT:F/S Kit 1  * -> Patch	TOM:F/S TomFlam*	
Northstar Productions	Drumscapes	DRM:Fast Shuffle -> KIT:F/S Kit 1  * -> Patch	SNR:P/B Stick  *	
Northstar Productions	Drumscapes	DRM:Fast Shuffle -> KIT:F/S Kit 1  * -> Sample	KIK:F/S K2*	
Northstar Productions	Drumscapes	DRM:Fast Shuffle -> KIT:F/S Kit 1  * -> Sample	KIK:F/S K2a*	
Northstar Productions	Drumscapes	DRM:Fast Shuffle -> KIT:F/S Kit 1  * -> Sample	SNR:F/S Sn1*	
Northstar Productions	Drumscapes	DRM:Fast Shuffle -> KIT:F/S Kit 1  * -> Sample	SNR:F/S Sn1a*	
Northstar Productions	Drumscapes	DRM:Fast Shuffle -> KIT:F/S Kit 1  * -> Sample	SNR:F/S Sn2*	
Northstar Productions	Drumscapes	DRM:Fast Shuffle -> KIT:F/S Kit 1  * -> Sample	SNR:F/S Sn2a*	
Northstar Productions	Drumscapes	DRM:Fast Shuffle -> KIT:F/S Kit 1  * -> Sample	SNR:F/S SnFl1*	
Northstar Productions	Drumscapes	DRM:Fast Shuffle -> KIT:F/S Kit 1  * -> Sample	HAT:F/S Ped1 *	
Northstar Productions	Drumscapes	DRM:Fast Shuffle -> KIT:F/S Kit 1  * -> Sample	HAT:F/S CHH1*	
Northstar Productions	Drumscapes	DRM:Fast Shuffle -> KIT:F/S Kit 1  * -> Sample	HAT:F/S CHH3*	
Northstar Productions	Drumscapes	DRM:Fast Shuffle -> KIT:F/S Kit 1  * -> Sample	HAT:F/S CHH2*	
Northstar Productions	Drumscapes	DRM:Fast Shuffle -> KIT:F/S Kit 1  * -> Sample	HAT:F/S LHH4*	
Northstar Productions	Drumscapes	DRM:Fast Shuffle -> KIT:F/S Kit 1  * -> Sample	HAT:F/S OHH1*	
Northstar Productions	Drumscapes	DRM:Fast Shuffle -> KIT:F/S Kit 1  * -> Sample	HAT:F/S LHH2*	
Northstar Productions	Drumscapes	DRM:Fast Shuffle -> KIT:F/S Kit 1  * -> Sample	CYM:F/S Ride1*	
Northstar Productions	Drumscapes	DRM:Fast Shuffle -> KIT:F/S Kit 1  * -> Sample	CYM:F/S Bell1*	
Northstar Productions	Drumscapes	DRM:Fast Shuffle -> KIT:F/S Kit 1  * -> Sample	CYM:F/S Cym 3*	
Northstar Productions	Drumscapes	DRM:Fast Shuffle -> KIT:F/S Kit 1  * -> Sample	CYM:F/S Cym 4*	
Northstar Productions	Drumscapes	DRM:Fast Shuffle -> KIT:F/S Kit 1  * -> Sample	TOM:F/S LTm2 *	
Northstar Productions	Drumscapes	DRM:Fast Shuffle -> KIT:F/S Kit 1  * -> Sample	TOM:F/S LTm3 *	
Northstar Productions	Drumscapes	DRM:Fast Shuffle -> KIT:F/S Kit 1  * -> Sample	TOM:F/S MTm2 *	
Northstar Productions	Drumscapes	DRM:Fast Shuffle -> KIT:F/S Kit 1  * -> Sample	TOM:F/S MTm3 *	
Northstar Productions	Drumscapes	DRM:Fast Shuffle -> KIT:F/S Kit 1  * -> Sample	TOM:F/S HTm2 *	
Northstar Productions	Drumscapes	DRM:Fast Shuffle -> KIT:F/S Kit 1  * -> Sample	TOM:F/S HTm3 *	
Northstar Productions	Drumscapes	DRM:Fast Shuffle -> KIT:F/S Kit 1  * -> Sample	TOM:F/S LTmFl*	
Northstar Productions	Drumscapes	DRM:Fast Shuffle -> KIT:F/S Kit 1  * -> Sample	TOM:F/S MTmFl*	
Northstar Productions	Drumscapes	DRM:Fast Shuffle -> KIT:F/S Kit 1  * -> Sample	TOM:F/S HTmFl*	
Northstar Productions	Drumscapes	DRM:Fast Shuffle -> KIT:F/S Kit 1  * -> Sample	SNR:A/C Stk1 *	
Northstar Productions	Drumscapes	DRM:Fast Shuffle -> KIT:F/S Kit 2  * -> Patch	KIK:F/S K3     *	
Northstar Productions	Drumscapes	DRM:Fast Shuffle -> KIT:F/S Kit 2  * -> Patch	SNR:F/S Sn1    *	
Northstar Productions	Drumscapes	DRM:Fast Shuffle -> KIT:F/S Kit 2  * -> Patch	SNR:F/S SnFlam *	
Northstar Productions	Drumscapes	DRM:Fast Shuffle -> KIT:F/S Kit 2  * -> Patch	HAT:F/S Hat 1S *	
Northstar Productions	Drumscapes	DRM:Fast Shuffle -> KIT:F/S Kit 2  * -> Patch	CYM:F/S Bell   *	
Northstar Productions	Drumscapes	DRM:Fast Shuffle -> KIT:F/S Kit 2  * -> Patch	CYM:F/S Crsh1  *	
Northstar Productions	Drumscapes	DRM:Fast Shuffle -> KIT:F/S Kit 2  * -> Patch	CYM:F/S Crsh2  *	
Northstar Productions	Drumscapes	DRM:Fast Shuffle -> KIT:F/S Kit 2  * -> Patch	TOM:F/S Toms 1 *	
Northstar Productions	Drumscapes	DRM:Fast Shuffle -> KIT:F/S Kit 2  * -> Patch	TOM:F/S TomFlam*	
Northstar Productions	Drumscapes	DRM:Fast Shuffle -> KIT:F/S Kit 2  * -> Patch	SNR:P/B Stick  *	
Northstar Productions	Drumscapes	DRM:Fast Shuffle -> KIT:F/S Kit 2  * -> Sample	KIK:F/S K1*	
Northstar Productions	Drumscapes	DRM:Fast Shuffle -> KIT:F/S Kit 2  * -> Sample	KIK:F/S K2a*	
Northstar Productions	Drumscapes	DRM:Fast Shuffle -> KIT:F/S Kit 2  * -> Sample	SNR:F/S Sn1*	
Northstar Productions	Drumscapes	DRM:Fast Shuffle -> KIT:F/S Kit 2  * -> Sample	SNR:F/S Sn1a*	
Northstar Productions	Drumscapes	DRM:Fast Shuffle -> KIT:F/S Kit 2  * -> Sample	SNR:F/S Sn2*	
Northstar Productions	Drumscapes	DRM:Fast Shuffle -> KIT:F/S Kit 2  * -> Sample	SNR:F/S Sn2a*	
Northstar Productions	Drumscapes	DRM:Fast Shuffle -> KIT:F/S Kit 2  * -> Sample	SNR:F/S SnFl1*	
Northstar Productions	Drumscapes	DRM:Fast Shuffle -> KIT:F/S Kit 2  * -> Sample	HAT:F/S Ped1 *	
Northstar Productions	Drumscapes	DRM:Fast Shuffle -> KIT:F/S Kit 2  * -> Sample	HAT:F/S CHH2*	
Northstar Productions	Drumscapes	DRM:Fast Shuffle -> KIT:F/S Kit 2  * -> Sample	HAT:F/S LHH4*	
Northstar Productions	Drumscapes	DRM:Fast Shuffle -> KIT:F/S Kit 2  * -> Sample	HAT:F/S LHH1*	
Northstar Productions	Drumscapes	DRM:Fast Shuffle -> KIT:F/S Kit 2  * -> Sample	HAT:F/S LHH2*	
Northstar Productions	Drumscapes	DRM:Fast Shuffle -> KIT:F/S Kit 2  * -> Sample	CYM:F/S Bell1*	
Northstar Productions	Drumscapes	DRM:Fast Shuffle -> KIT:F/S Kit 2  * -> Sample	CYM:F/S Crs1   *	
Northstar Productions	Drumscapes	DRM:Fast Shuffle -> KIT:F/S Kit 2  * -> Sample	CYM:F/S Crs2   *	
Northstar Productions	Drumscapes	DRM:Fast Shuffle -> KIT:F/S Kit 2  * -> Sample	TOM:F/S LTm1 *	
Northstar Productions	Drumscapes	DRM:Fast Shuffle -> KIT:F/S Kit 2  * -> Sample	TOM:F/S LTm2 *	
Northstar Productions	Drumscapes	DRM:Fast Shuffle -> KIT:F/S Kit 2  * -> Sample	TOM:F/S MTm1 *	
Northstar Productions	Drumscapes	DRM:Fast Shuffle -> KIT:F/S Kit 2  * -> Sample	TOM:F/S MTm3 *	
Northstar Productions	Drumscapes	DRM:Fast Shuffle -> KIT:F/S Kit 2  * -> Sample	TOM:F/S HTm1 *	
Northstar Productions	Drumscapes	DRM:Fast Shuffle -> KIT:F/S Kit 2  * -> Sample	TOM:F/S HTm2 *	
Northstar Productions	Drumscapes	DRM:Fast Shuffle -> KIT:F/S Kit 2  * -> Sample	TOM:F/S LTmFl*	
Northstar Productions	Drumscapes	DRM:Fast Shuffle -> KIT:F/S Kit 2  * -> Sample	TOM:F/S MTmFl*	
Northstar Productions	Drumscapes	DRM:Fast Shuffle -> KIT:F/S Kit 2  * -> Sample	TOM:F/S HTmFl*	
Northstar Productions	Drumscapes	DRM:Fast Shuffle -> KIT:F/S Kit 2  * -> Sample	SNR:A/C Stk1 *	
Northstar Productions	Drumscapes	DRM:Fast Shuffle -> KIK:F/S Kicks  * -> Patch	KIK:F/S KikMenu*	
Northstar Productions	Drumscapes	DRM:Fast Shuffle -> KIK:F/S Kicks  * -> Patch	KIK:F/S K1     *	
Northstar Productions	Drumscapes	DRM:Fast Shuffle -> KIK:F/S Kicks  * -> Patch	KIK:F/S K2     *	
Northstar Productions	Drumscapes	DRM:Fast Shuffle -> KIK:F/S Kicks  * -> Patch	KIK:F/S K3     *	
Northstar Productions	Drumscapes	DRM:Fast Shuffle -> KIK:F/S Kicks  * -> Sample	KIK:F/S K1*	
Northstar Productions	Drumscapes	DRM:Fast Shuffle -> KIK:F/S Kicks  * -> Sample	KIK:F/S K1a*	
Northstar Productions	Drumscapes	DRM:Fast Shuffle -> KIK:F/S Kicks  * -> Sample	KIK:F/S K2*	
Northstar Productions	Drumscapes	DRM:Fast Shuffle -> KIK:F/S Kicks  * -> Sample	KIK:F/S K2a*	
Northstar Productions	Drumscapes	DRM:Fast Shuffle -> SNR:F/S Snares * -> Patch	SNR:F/S Sn Menu*	
Northstar Productions	Drumscapes	DRM:Fast Shuffle -> SNR:F/S Snares * -> Patch	SNR:F/S Sn1    *	
Northstar Productions	Drumscapes	DRM:Fast Shuffle -> SNR:F/S Snares * -> Patch	SNR:F/S Sn2    *	
Northstar Productions	Drumscapes	DRM:Fast Shuffle -> SNR:F/S Snares * -> Sample	SNR:F/S Sn1*	
Northstar Productions	Drumscapes	DRM:Fast Shuffle -> SNR:F/S Snares * -> Sample	SNR:F/S Sn1a*	
Northstar Productions	Drumscapes	DRM:Fast Shuffle -> SNR:F/S Snares * -> Sample	SNR:F/S Sn2*	
Northstar Productions	Drumscapes	DRM:Fast Shuffle -> SNR:F/S Snares * -> Sample	SNR:F/S Sn2a*	
Northstar Productions	Drumscapes	DRM:Fast Shuffle -> SNR:F/S Snares * -> Sample	SNR:F/S SnFl1*	
Northstar Productions	Drumscapes	DRM:Fast Shuffle -> TOM:F/S Toms   * -> Patch	TOM:F/S TomMenu*	
Northstar Productions	Drumscapes	DRM:Fast Shuffle -> TOM:F/S Toms   * -> Patch	TOM:F/S Toms 1 *	
Northstar Productions	Drumscapes	DRM:Fast Shuffle -> TOM:F/S Toms   * -> Patch	TOM:F/S Toms 2 *	
Northstar Productions	Drumscapes	DRM:Fast Shuffle -> TOM:F/S Toms   * -> Patch	TOM:F/S TomFlam*	
Northstar Productions	Drumscapes	DRM:Fast Shuffle -> TOM:F/S Toms   * -> Sample	TOM:F/S LTm1 *	
Northstar Productions	Drumscapes	DRM:Fast Shuffle -> TOM:F/S Toms   * -> Sample	TOM:F/S LTm2 *	
Northstar Productions	Drumscapes	DRM:Fast Shuffle -> TOM:F/S Toms   * -> Sample	TOM:F/S MTm1 *	
Northstar Productions	Drumscapes	DRM:Fast Shuffle -> TOM:F/S Toms   * -> Sample	TOM:F/S MTm3 *	
Northstar Productions	Drumscapes	DRM:Fast Shuffle -> TOM:F/S Toms   * -> Sample	TOM:F/S HTm1 *	
Northstar Productions	Drumscapes	DRM:Fast Shuffle -> TOM:F/S Toms   * -> Sample	TOM:F/S HTm2 *	
Northstar Productions	Drumscapes	DRM:Fast Shuffle -> TOM:F/S Toms   * -> Sample	TOM:F/S LTm3 *	
Northstar Productions	Drumscapes	DRM:Fast Shuffle -> TOM:F/S Toms   * -> Sample	TOM:F/S MTm2 *	
Northstar Productions	Drumscapes	DRM:Fast Shuffle -> TOM:F/S Toms   * -> Sample	TOM:F/S HTm3 *	
Northstar Productions	Drumscapes	DRM:Fast Shuffle -> TOM:F/S Toms   * -> Sample	TOM:F/S LTmFl*	
Northstar Productions	Drumscapes	DRM:Fast Shuffle -> TOM:F/S Toms   * -> Sample	TOM:F/S MTmFl*	
Northstar Productions	Drumscapes	DRM:Fast Shuffle -> TOM:F/S Toms   * -> Sample	TOM:F/S HTmFl*	
Northstar Productions	Drumscapes	DRM:Fast Shuffle -> HAT:F/S Hats   * -> Patch	HAT:F/S HH Menu*	
Northstar Productions	Drumscapes	DRM:Fast Shuffle -> HAT:F/S Hats   * -> Patch	HAT:F/S Hat 1S *	
Northstar Productions	Drumscapes	DRM:Fast Shuffle -> HAT:F/S Hats   * -> Patch	HAT:F/S Hat 2S *	
Northstar Productions	Drumscapes	DRM:Fast Shuffle -> HAT:F/S Hats   * -> Patch	HAT:F/S Hat 3S *	
Northstar Productions	Drumscapes	DRM:Fast Shuffle -> HAT:F/S Hats   * -> Patch	HAT:F/S Hat 4S *	
Northstar Productions	Drumscapes	DRM:Fast Shuffle -> HAT:F/S Hats   * -> Patch	HAT:F/S Hat 5S *	
Northstar Productions	Drumscapes	DRM:Fast Shuffle -> HAT:F/S Hats   * -> Patch	HAT:F/S Hat 6S *	
Northstar Productions	Drumscapes	DRM:Fast Shuffle -> HAT:F/S Hats   * -> Patch	HAT:F/S Hat 1M *	
Northstar Productions	Drumscapes	DRM:Fast Shuffle -> HAT:F/S Hats   * -> Patch	HAT:F/S Hat 2M *	
Northstar Productions	Drumscapes	DRM:Fast Shuffle -> HAT:F/S Hats   * -> Sample	HAT:F/S Ped1 *	
Northstar Productions	Drumscapes	DRM:Fast Shuffle -> HAT:F/S Hats   * -> Sample	HAT:F/S CHH2*	
Northstar Productions	Drumscapes	DRM:Fast Shuffle -> HAT:F/S Hats   * -> Sample	HAT:F/S CHH1*	
Northstar Productions	Drumscapes	DRM:Fast Shuffle -> HAT:F/S Hats   * -> Sample	HAT:F/S LHH1*	
Northstar Productions	Drumscapes	DRM:Fast Shuffle -> HAT:F/S Hats   * -> Sample	HAT:F/S CHH3*	
Northstar Productions	Drumscapes	DRM:Fast Shuffle -> HAT:F/S Hats   * -> Sample	HAT:F/S LHH2*	
Northstar Productions	Drumscapes	DRM:Fast Shuffle -> HAT:F/S Hats   * -> Sample	HAT:F/S LHH3*	
Northstar Productions	Drumscapes	DRM:Fast Shuffle -> HAT:F/S Hats   * -> Sample	HAT:F/S LHH4*	
Northstar Productions	Drumscapes	DRM:Fast Shuffle -> HAT:F/S Hats   * -> Sample	HAT:F/S OHH1*	
Northstar Productions	Drumscapes	DRM:Fast Shuffle -> CYM:F/S Cymbals* -> Patch	CYM:F/S CymMenu*	
Northstar Productions	Drumscapes	DRM:Fast Shuffle -> CYM:F/S Cymbals* -> Patch	CYM:F/S Crsh1  *	
Northstar Productions	Drumscapes	DRM:Fast Shuffle -> CYM:F/S Cymbals* -> Patch	CYM:F/S Crsh2  *	
Northstar Productions	Drumscapes	DRM:Fast Shuffle -> CYM:F/S Cymbals* -> Patch	CYM:F/S Crsh3S *	
Northstar Productions	Drumscapes	DRM:Fast Shuffle -> CYM:F/S Cymbals* -> Patch	CYM:F/S Crsh4S *	
Northstar Productions	Drumscapes	DRM:Fast Shuffle -> CYM:F/S Cymbals* -> Patch	CYM:F/S Ride1  *	
Northstar Productions	Drumscapes	DRM:Fast Shuffle -> CYM:F/S Cymbals* -> Patch	CYM:F/S Ride2S *	
Northstar Productions	Drumscapes	DRM:Fast Shuffle -> CYM:F/S Cymbals* -> Patch	CYM:F/S Bell   *	
Northstar Productions	Drumscapes	DRM:Fast Shuffle -> CYM:F/S Cymbals* -> Patch	CYM:F/S Bell2S *	
Northstar Productions	Drumscapes	DRM:Fast Shuffle -> CYM:F/S Cymbals* -> Sample	CYM:F/S Crs1   *	
Northstar Productions	Drumscapes	DRM:Fast Shuffle -> CYM:F/S Cymbals* -> Sample	CYM:F/S Crs2   *	
Northstar Productions	Drumscapes	DRM:Fast Shuffle -> CYM:F/S Cymbals* -> Sample	CYM:F/S Ride1*	
Northstar Productions	Drumscapes	DRM:Fast Shuffle -> CYM:F/S Cymbals* -> Sample	CYM:F/S Bell1*	
Northstar Productions	Drumscapes	DRM:Fast Shuffle -> CYM:F/S Cymbals* -> Sample	CYM:F/S Cym 1*	
Northstar Productions	Drumscapes	DRM:Fast Shuffle -> CYM:F/S Cymbals* -> Sample	CYM:F/S Cym 2*	
Northstar Productions	Drumscapes	DRM:Fast Shuffle -> CYM:F/S Cymbals* -> Sample	CYM:F/S Cym 3*	
Northstar Productions	Drumscapes	DRM:Fast Shuffle -> CYM:F/S Cymbals* -> Sample	CYM:F/S Cym 4*	
Northstar Productions	Drumscapes	DRM:Slow Shuffle -> KIT:S/S Kit 1  * -> Patch	KIK:S/S K2     *	
Northstar Productions	Drumscapes	DRM:Slow Shuffle -> KIT:S/S Kit 1  * -> Patch	SNR:S/S Sn2    *	
Northstar Productions	Drumscapes	DRM:Slow Shuffle -> KIT:S/S Kit 1  * -> Patch	SNR:F/R Sn Flm1*	
Northstar Productions	Drumscapes	DRM:Slow Shuffle -> KIT:S/S Kit 1  * -> Patch	HAT:S/S Hat 4S *	
Northstar Productions	Drumscapes	DRM:Slow Shuffle -> KIT:S/S Kit 1  * -> Patch	CYM:S/S Ride 1 *	
Northstar Productions	Drumscapes	DRM:Slow Shuffle -> KIT:S/S Kit 1  * -> Patch	CYM:S/S Crash1 *	
Northstar Productions	Drumscapes	DRM:Slow Shuffle -> KIT:S/S Kit 1  * -> Patch	CYM:S/S Crash2 *	
Northstar Productions	Drumscapes	DRM:Slow Shuffle -> KIT:S/S Kit 1  * -> Patch	TOM:S/S Toms 1 *	
Northstar Productions	Drumscapes	DRM:Slow Shuffle -> KIT:S/S Kit 1  * -> Patch	TOM:S/S TomFlam*	
Northstar Productions	Drumscapes	DRM:Slow Shuffle -> KIT:S/S Kit 1  * -> Patch	SNR:P/B Stick  *	
Northstar Productions	Drumscapes	DRM:Slow Shuffle -> KIT:S/S Kit 1  * -> Sample	KIK:S/S K2*	
Northstar Productions	Drumscapes	DRM:Slow Shuffle -> KIT:S/S Kit 1  * -> Sample	KIK:S/S K3*	
Northstar Productions	Drumscapes	DRM:Slow Shuffle -> KIT:S/S Kit 1  * -> Sample	SNR:S/S Sn3*	
Northstar Productions	Drumscapes	DRM:Slow Shuffle -> KIT:S/S Kit 1  * -> Sample	SNR:S/S Sn3a*	
Northstar Productions	Drumscapes	DRM:Slow Shuffle -> KIT:S/S Kit 1  * -> Sample	SNR:S/S Sn1*	
Northstar Productions	Drumscapes	DRM:Slow Shuffle -> KIT:S/S Kit 1  * -> Sample	SNR:S/S Sn1a*	
Northstar Productions	Drumscapes	DRM:Slow Shuffle -> KIT:S/S Kit 1  * -> Sample	SNR:F/RSnFlm1*	
Northstar Productions	Drumscapes	DRM:Slow Shuffle -> KIT:S/S Kit 1  * -> Sample	HAT:S/S Ped1*	
Northstar Productions	Drumscapes	DRM:Slow Shuffle -> KIT:S/S Kit 1  * -> Sample	HAT:S/S HH/T3*	
Northstar Productions	Drumscapes	DRM:Slow Shuffle -> KIT:S/S Kit 1  * -> Sample	HAT:S/S HH/S1*	
Northstar Productions	Drumscapes	DRM:Slow Shuffle -> KIT:S/S Kit 1  * -> Sample	HAT:S/S HH/S2*	
Northstar Productions	Drumscapes	DRM:Slow Shuffle -> KIT:S/S Kit 1  * -> Sample	HAT:S/S HH/L1*	
Northstar Productions	Drumscapes	DRM:Slow Shuffle -> KIT:S/S Kit 1  * -> Sample	HAT:S/S OHat1*	
Northstar Productions	Drumscapes	DRM:Slow Shuffle -> KIT:S/S Kit 1  * -> Sample	CYM:S/S Ride1a*	
Northstar Productions	Drumscapes	DRM:Slow Shuffle -> KIT:S/S Kit 1  * -> Sample	CYM:S/S Ride1b*	
Northstar Productions	Drumscapes	DRM:Slow Shuffle -> KIT:S/S Kit 1  * -> Sample	CYM:S/S Crsh1*	
Northstar Productions	Drumscapes	DRM:Slow Shuffle -> KIT:S/S Kit 1  * -> Sample	CYM:S/S Crsh2*	
Northstar Productions	Drumscapes	DRM:Slow Shuffle -> KIT:S/S Kit 1  * -> Sample	TOM:S/S LT1b*	
Northstar Productions	Drumscapes	DRM:Slow Shuffle -> KIT:S/S Kit 1  * -> Sample	TOM:S/S LT1a*	
Northstar Productions	Drumscapes	DRM:Slow Shuffle -> KIT:S/S Kit 1  * -> Sample	TOM:S/S MT1a*	
Northstar Productions	Drumscapes	DRM:Slow Shuffle -> KIT:S/S Kit 1  * -> Sample	TOM:S/S MT1b*	
Northstar Productions	Drumscapes	DRM:Slow Shuffle -> KIT:S/S Kit 1  * -> Sample	TOM:S/S HT1a*	
Northstar Productions	Drumscapes	DRM:Slow Shuffle -> KIT:S/S Kit 1  * -> Sample	TOM:S/S HT1b*	
Northstar Productions	Drumscapes	DRM:Slow Shuffle -> KIT:S/S Kit 1  * -> Sample	TOM:S/S LTFl*	
Northstar Productions	Drumscapes	DRM:Slow Shuffle -> KIT:S/S Kit 1  * -> Sample	TOM:S/S MTFl*	
Northstar Productions	Drumscapes	DRM:Slow Shuffle -> KIT:S/S Kit 1  * -> Sample	TOM:S/S HTFl*	
Northstar Productions	Drumscapes	DRM:Slow Shuffle -> KIT:S/S Kit 1  * -> Sample	SNR:A/C Stk1 *	
Northstar Productions	Drumscapes	DRM:Slow Shuffle -> KIT:S/S Kit 2  * -> Patch	KIK:S/S K1     *	
Northstar Productions	Drumscapes	DRM:Slow Shuffle -> KIT:S/S Kit 2  * -> Patch	SNR:S/S Sn3    *	
Northstar Productions	Drumscapes	DRM:Slow Shuffle -> KIT:S/S Kit 2  * -> Patch	SNR:F/R Sn Flm1*	
Northstar Productions	Drumscapes	DRM:Slow Shuffle -> KIT:S/S Kit 2  * -> Patch	HAT:S/S Hat 1S *	
Northstar Productions	Drumscapes	DRM:Slow Shuffle -> KIT:S/S Kit 2  * -> Patch	CYM:P/B Bell1  *	
Northstar Productions	Drumscapes	DRM:Slow Shuffle -> KIT:S/S Kit 2  * -> Patch	CYM:S/S Crash1 *	
Northstar Productions	Drumscapes	DRM:Slow Shuffle -> KIT:S/S Kit 2  * -> Patch	CYM:S/S Crash2 *	
Northstar Productions	Drumscapes	DRM:Slow Shuffle -> KIT:S/S Kit 2  * -> Patch	TOM:S/S Toms 2 *	
Northstar Productions	Drumscapes	DRM:Slow Shuffle -> KIT:S/S Kit 2  * -> Patch	TOM:S/S TomFlam*	
Northstar Productions	Drumscapes	DRM:Slow Shuffle -> KIT:S/S Kit 2  * -> Patch	SNR:P/B Stick  *	
Northstar Productions	Drumscapes	DRM:Slow Shuffle -> KIT:S/S Kit 2  * -> Sample	KIK:S/S K1*	
Northstar Productions	Drumscapes	DRM:Slow Shuffle -> KIT:S/S Kit 2  * -> Sample	KIK:S/S K2*	
Northstar Productions	Drumscapes	DRM:Slow Shuffle -> KIT:S/S Kit 2  * -> Sample	SNR:S/S Sn3*	
Northstar Productions	Drumscapes	DRM:Slow Shuffle -> KIT:S/S Kit 2  * -> Sample	SNR:S/S Sn3a*	
Northstar Productions	Drumscapes	DRM:Slow Shuffle -> KIT:S/S Kit 2  * -> Sample	SNR:S/S Sn1 *	
Northstar Productions	Drumscapes	DRM:Slow Shuffle -> KIT:S/S Kit 2  * -> Sample	SNR:S/S Sn2*	
Northstar Productions	Drumscapes	DRM:Slow Shuffle -> KIT:S/S Kit 2  * -> Sample	SNR:F/RSnFlm1*	
Northstar Productions	Drumscapes	DRM:Slow Shuffle -> KIT:S/S Kit 2  * -> Sample	HAT:S/S Ped1*	
Northstar Productions	Drumscapes	DRM:Slow Shuffle -> KIT:S/S Kit 2  * -> Sample	HAT:S/S HH/T1*	
Northstar Productions	Drumscapes	DRM:Slow Shuffle -> KIT:S/S Kit 2  * -> Sample	HAT:S/S HH/T2*	
Northstar Productions	Drumscapes	DRM:Slow Shuffle -> KIT:S/S Kit 2  * -> Sample	HAT:S/S HH/T3*	
Northstar Productions	Drumscapes	DRM:Slow Shuffle -> KIT:S/S Kit 2  * -> Sample	HAT:S/S HH/S1*	
Northstar Productions	Drumscapes	DRM:Slow Shuffle -> KIT:S/S Kit 2  * -> Sample	HAT:S/S HH/L1*	
Northstar Productions	Drumscapes	DRM:Slow Shuffle -> KIT:S/S Kit 2  * -> Sample	HAT:S/S OHat1*	
Northstar Productions	Drumscapes	DRM:Slow Shuffle -> KIT:S/S Kit 2  * -> Sample	CYM:P/B RdBl1*	
Northstar Productions	Drumscapes	DRM:Slow Shuffle -> KIT:S/S Kit 2  * -> Sample	CYM:S/S Crsh1*	
Northstar Productions	Drumscapes	DRM:Slow Shuffle -> KIT:S/S Kit 2  * -> Sample	CYM:S/S Crsh2*	
Northstar Productions	Drumscapes	DRM:Slow Shuffle -> KIT:S/S Kit 2  * -> Sample	TOM:S/S LTH2*	
Northstar Productions	Drumscapes	DRM:Slow Shuffle -> KIT:S/S Kit 2  * -> Sample	TOM:S/S LT1b*	
Northstar Productions	Drumscapes	DRM:Slow Shuffle -> KIT:S/S Kit 2  * -> Sample	TOM:S/S MT1b*	
Northstar Productions	Drumscapes	DRM:Slow Shuffle -> KIT:S/S Kit 2  * -> Sample	TOM:S/S MTH2*	
Northstar Productions	Drumscapes	DRM:Slow Shuffle -> KIT:S/S Kit 2  * -> Sample	TOM:S/S HT1b*	
Northstar Productions	Drumscapes	DRM:Slow Shuffle -> KIT:S/S Kit 2  * -> Sample	TOM:S/S HTH2*	
Northstar Productions	Drumscapes	DRM:Slow Shuffle -> KIT:S/S Kit 2  * -> Sample	TOM:S/S LTFl*	
Northstar Productions	Drumscapes	DRM:Slow Shuffle -> KIT:S/S Kit 2  * -> Sample	TOM:S/S MTFl*	
Northstar Productions	Drumscapes	DRM:Slow Shuffle -> KIT:S/S Kit 2  * -> Sample	TOM:S/S HTFl*	
Northstar Productions	Drumscapes	DRM:Slow Shuffle -> KIT:S/S Kit 2  * -> Sample	SNR:A/C Stk1 *	
Northstar Productions	Drumscapes	DRM:Slow Shuffle -> KIK:S/S Kicks  * -> Patch	KIK:S/S KikMenu*	
Northstar Productions	Drumscapes	DRM:Slow Shuffle -> KIK:S/S Kicks  * -> Patch	KIK:S/S K1     *	
Northstar Productions	Drumscapes	DRM:Slow Shuffle -> KIK:S/S Kicks  * -> Patch	KIK:S/S K2     *	
Northstar Productions	Drumscapes	DRM:Slow Shuffle -> KIK:S/S Kicks  * -> Sample	KIK:S/S K1*	
Northstar Productions	Drumscapes	DRM:Slow Shuffle -> KIK:S/S Kicks  * -> Sample	KIK:S/S K2*	
Northstar Productions	Drumscapes	DRM:Slow Shuffle -> KIK:S/S Kicks  * -> Sample	KIK:S/S K3*	
Northstar Productions	Drumscapes	DRM:Slow Shuffle -> SNR:S/S Snares * -> Patch	SNR:S/S Sn Menu*	
Northstar Productions	Drumscapes	DRM:Slow Shuffle -> SNR:S/S Snares * -> Patch	SNR:S/S Sn1    *	
Northstar Productions	Drumscapes	DRM:Slow Shuffle -> SNR:S/S Snares * -> Patch	SNR:S/S Sn2    *	
Northstar Productions	Drumscapes	DRM:Slow Shuffle -> SNR:S/S Snares * -> Patch	SNR:S/S Sn3    *	
Northstar Productions	Drumscapes	DRM:Slow Shuffle -> SNR:S/S Snares * -> Sample	SNR:S/S Sn3*	
Northstar Productions	Drumscapes	DRM:Slow Shuffle -> SNR:S/S Snares * -> Sample	SNR:S/S Sn1*	
Northstar Productions	Drumscapes	DRM:Slow Shuffle -> SNR:S/S Snares * -> Sample	SNR:S/S Sn1a*	
Northstar Productions	Drumscapes	DRM:Slow Shuffle -> SNR:S/S Snares * -> Sample	SNR:S/S Sn1 *	
Northstar Productions	Drumscapes	DRM:Slow Shuffle -> SNR:S/S Snares * -> Sample	SNR:S/S Sn2*	
Northstar Productions	Drumscapes	DRM:Slow Shuffle -> SNR:S/S Snares * -> Sample	SNR:S/S Sn3a*	
Northstar Productions	Drumscapes	DRM:Slow Shuffle -> TOM:S/S Toms   * -> Patch	TOM:S/S TomMenu*	
Northstar Productions	Drumscapes	DRM:Slow Shuffle -> TOM:S/S Toms   * -> Patch	TOM:S/S Toms 1 *	
Northstar Productions	Drumscapes	DRM:Slow Shuffle -> TOM:S/S Toms   * -> Patch	TOM:S/S Toms 2 *	
Northstar Productions	Drumscapes	DRM:Slow Shuffle -> TOM:S/S Toms   * -> Patch	TOM:S/S TomFlam*	
Northstar Productions	Drumscapes	DRM:Slow Shuffle -> TOM:S/S Toms   * -> Sample	TOM:S/S LT1b*	
Northstar Productions	Drumscapes	DRM:Slow Shuffle -> TOM:S/S Toms   * -> Sample	TOM:S/S LT1a*	
Northstar Productions	Drumscapes	DRM:Slow Shuffle -> TOM:S/S Toms   * -> Sample	TOM:S/S MT1a*	
Northstar Productions	Drumscapes	DRM:Slow Shuffle -> TOM:S/S Toms   * -> Sample	TOM:S/S MT1b*	
Northstar Productions	Drumscapes	DRM:Slow Shuffle -> TOM:S/S Toms   * -> Sample	TOM:S/S HT1a*	
Northstar Productions	Drumscapes	DRM:Slow Shuffle -> TOM:S/S Toms   * -> Sample	TOM:S/S HT1b*	
Northstar Productions	Drumscapes	DRM:Slow Shuffle -> TOM:S/S Toms   * -> Sample	TOM:S/S LTH2*	
Northstar Productions	Drumscapes	DRM:Slow Shuffle -> TOM:S/S Toms   * -> Sample	TOM:S/S MTH2*	
Northstar Productions	Drumscapes	DRM:Slow Shuffle -> TOM:S/S Toms   * -> Sample	TOM:S/S HTH2*	
Northstar Productions	Drumscapes	DRM:Slow Shuffle -> TOM:S/S Toms   * -> Sample	TOM:S/S LTFl*	
Northstar Productions	Drumscapes	DRM:Slow Shuffle -> TOM:S/S Toms   * -> Sample	TOM:S/S MTFl*	
Northstar Productions	Drumscapes	DRM:Slow Shuffle -> TOM:S/S Toms   * -> Sample	TOM:S/S HTFl*	
Northstar Productions	Drumscapes	DRM:Slow Shuffle -> HAT:S/S Hi-Hats* -> Patch	HAT:S/S HH Menu*	
Northstar Productions	Drumscapes	DRM:Slow Shuffle -> HAT:S/S Hi-Hats* -> Patch	HAT:S/S Hat 1S *	
Northstar Productions	Drumscapes	DRM:Slow Shuffle -> HAT:S/S Hi-Hats* -> Patch	HAT:S/S Hat 2S *	
Northstar Productions	Drumscapes	DRM:Slow Shuffle -> HAT:S/S Hi-Hats* -> Patch	HAT:S/S Hat 3S *	
Northstar Productions	Drumscapes	DRM:Slow Shuffle -> HAT:S/S Hi-Hats* -> Patch	HAT:S/S Hat 4S *	
Northstar Productions	Drumscapes	DRM:Slow Shuffle -> HAT:S/S Hi-Hats* -> Patch	HAT:S/S Hat 1M *	
Northstar Productions	Drumscapes	DRM:Slow Shuffle -> HAT:S/S Hi-Hats* -> Patch	HAT:S/S Hat 4M *	
Northstar Productions	Drumscapes	DRM:Slow Shuffle -> HAT:S/S Hi-Hats* -> Sample	HAT:S/S Ped1*	
Northstar Productions	Drumscapes	DRM:Slow Shuffle -> HAT:S/S Hi-Hats* -> Sample	HAT:S/S HH/T1*	
Northstar Productions	Drumscapes	DRM:Slow Shuffle -> HAT:S/S Hi-Hats* -> Sample	HAT:S/S HH/T2*	
Northstar Productions	Drumscapes	DRM:Slow Shuffle -> HAT:S/S Hi-Hats* -> Sample	HAT:S/S HH/S1*	
Northstar Productions	Drumscapes	DRM:Slow Shuffle -> HAT:S/S Hi-Hats* -> Sample	HAT:S/S HH/T3*	
Northstar Productions	Drumscapes	DRM:Slow Shuffle -> HAT:S/S Hi-Hats* -> Sample	HAT:S/S HH/S2*	
Northstar Productions	Drumscapes	DRM:Slow Shuffle -> HAT:S/S Hi-Hats* -> Sample	HAT:S/S HH/L1*	
Northstar Productions	Drumscapes	DRM:Slow Shuffle -> HAT:S/S Hi-Hats* -> Sample	HAT:S/S OHat1*	
Northstar Productions	Drumscapes	DRM:Slow Shuffle -> CYM:S/S Cymbals* -> Patch	CYM:S/S CymMenu*	
Northstar Productions	Drumscapes	DRM:Slow Shuffle -> CYM:S/S Cymbals* -> Patch	CYM:S/S Crash1 *	
Northstar Productions	Drumscapes	DRM:Slow Shuffle -> CYM:S/S Cymbals* -> Patch	CYM:S/S Crash2 *	
Northstar Productions	Drumscapes	DRM:Slow Shuffle -> CYM:S/S Cymbals* -> Patch	CYM:S/S Crsh 3S*	
Northstar Productions	Drumscapes	DRM:Slow Shuffle -> CYM:S/S Cymbals* -> Patch	CYM:S/S Ride 1 *	
Northstar Productions	Drumscapes	DRM:Slow Shuffle -> CYM:S/S Cymbals* -> Patch	CYM:S/S Ride 2 *	
Northstar Productions	Drumscapes	DRM:Slow Shuffle -> CYM:S/S Cymbals* -> Patch	CYM:S/S Ride2S *	
Northstar Productions	Drumscapes	DRM:Slow Shuffle -> CYM:S/S Cymbals* -> Patch	CYM:S/S Ride3S *	
Northstar Productions	Drumscapes	DRM:Slow Shuffle -> CYM:S/S Cymbals* -> Patch	CYM:P/B Bell1  *	
Northstar Productions	Drumscapes	DRM:Slow Shuffle -> CYM:S/S Cymbals* -> Patch	CYM:S/S China1 *	
Northstar Productions	Drumscapes	DRM:Slow Shuffle -> CYM:S/S Cymbals* -> Patch	CYM:S/S China2 *	
Northstar Productions	Drumscapes	DRM:Slow Shuffle -> CYM:S/S Cymbals* -> Sample	CYM:S/S Crsh1*	
Northstar Productions	Drumscapes	DRM:Slow Shuffle -> CYM:S/S Cymbals* -> Sample	CYM:S/S Crsh2*	
Northstar Productions	Drumscapes	DRM:Slow Shuffle -> CYM:S/S Cymbals* -> Sample	CYM:S/S Ride1a*	
Northstar Productions	Drumscapes	DRM:Slow Shuffle -> CYM:S/S Cymbals* -> Sample	CYM:S/S Ride1b*	
Northstar Productions	Drumscapes	DRM:Slow Shuffle -> CYM:S/S Cymbals* -> Sample	CYM:S/S Cym 1*	
Northstar Productions	Drumscapes	DRM:Slow Shuffle -> CYM:S/S Cymbals* -> Sample	CYM:S/S Cym 2*	
Northstar Productions	Drumscapes	DRM:Slow Shuffle -> CYM:S/S Cymbals* -> Sample	CYM:S/S Cym 3*	
Northstar Productions	Drumscapes	DRM:Slow Shuffle -> CYM:S/S Cymbals* -> Sample	CYM:S/S Cym 4*	
Northstar Productions	Drumscapes	DRM:Slow Shuffle -> CYM:S/S Cymbals* -> Sample	CYM:S/S Cym 5*	
Northstar Productions	Drumscapes	DRM:Slow Shuffle -> CYM:S/S Cymbals* -> Sample	CYM:P/B RdBl1*	
Northstar Productions	Drumscapes	DRM:Techno Rock -> KIT:F/T Kit 1  * -> Patch	KIK:Tek K2     *	
Northstar Productions	Drumscapes	DRM:Techno Rock -> KIT:F/T Kit 1  * -> Patch	SNR:F/T Sn1    *	
Northstar Productions	Drumscapes	DRM:Techno Rock -> KIT:F/T Kit 1  * -> Patch	SNR:P/C Stick 2*	
Northstar Productions	Drumscapes	DRM:Techno Rock -> KIT:F/T Kit 1  * -> Patch	CYM:Tek Ride1  *	
Northstar Productions	Drumscapes	DRM:Techno Rock -> KIT:F/T Kit 1  * -> Patch	HAT:F/T Hat 3  *	
Northstar Productions	Drumscapes	DRM:Techno Rock -> KIT:F/T Kit 1  * -> Patch	CYM:Tek Crsh1  *	
Northstar Productions	Drumscapes	DRM:Techno Rock -> KIT:F/T Kit 1  * -> Patch	CYM:Tek Crsh3  *	
Northstar Productions	Drumscapes	DRM:Techno Rock -> KIT:F/T Kit 1  * -> Patch	TOM:F/T Toms 2 *	
Northstar Productions	Drumscapes	DRM:Techno Rock -> KIT:F/T Kit 1  * -> Patch	SNR:F/R Sn Flm1*	
Northstar Productions	Drumscapes	DRM:Techno Rock -> KIT:F/T Kit 1  * -> Sample	KIK:F/T K2a  *	
Northstar Productions	Drumscapes	DRM:Techno Rock -> KIT:F/T Kit 1  * -> Sample	KIK:F/T K2b  *	
Northstar Productions	Drumscapes	DRM:Techno Rock -> KIT:F/T Kit 1  * -> Sample	SNR:F/T Sn1a *	
Northstar Productions	Drumscapes	DRM:Techno Rock -> KIT:F/T Kit 1  * -> Sample	SNR:F/T Sn1b *	
Northstar Productions	Drumscapes	DRM:Techno Rock -> KIT:F/T Kit 1  * -> Sample	SNR:F/T Sn2a *	
Northstar Productions	Drumscapes	DRM:Techno Rock -> KIT:F/T Kit 1  * -> Sample	SNR:F/T Sn2b *	
Northstar Productions	Drumscapes	DRM:Techno Rock -> KIT:F/T Kit 1  * -> Sample	SNR:P/C Stk2 *	
Northstar Productions	Drumscapes	DRM:Techno Rock -> KIT:F/T Kit 1  * -> Sample	SNR:P/C Stk1 *	
Northstar Productions	Drumscapes	DRM:Techno Rock -> KIT:F/T Kit 1  * -> Sample	CYM:F/T Ride   *	
Northstar Productions	Drumscapes	DRM:Techno Rock -> KIT:F/T Kit 1  * -> Sample	CYM:F/T RideBl1*	
Northstar Productions	Drumscapes	DRM:Techno Rock -> KIT:F/T Kit 1  * -> Sample	HAT:F/T Ped 1  *	
Northstar Productions	Drumscapes	DRM:Techno Rock -> KIT:F/T Kit 1  * -> Sample	HAT:F/T CHH 1a *	
Northstar Productions	Drumscapes	DRM:Techno Rock -> KIT:F/T Kit 1  * -> Sample	HAT:F/T CHH 1b *	
Northstar Productions	Drumscapes	DRM:Techno Rock -> KIT:F/T Kit 1  * -> Sample	HAT:F/T LHH 1  *	
Northstar Productions	Drumscapes	DRM:Techno Rock -> KIT:F/T Kit 1  * -> Sample	HAT:F/T CHH 3  *	
Northstar Productions	Drumscapes	DRM:Techno Rock -> KIT:F/T Kit 1  * -> Sample	HAT:F/T LHH 3  *	
Northstar Productions	Drumscapes	DRM:Techno Rock -> KIT:F/T Kit 1  * -> Sample	HAT:F/T OHH 1  *	
Northstar Productions	Drumscapes	DRM:Techno Rock -> KIT:F/T Kit 1  * -> Sample	CYM:Tek Cym 2*-R	
Northstar Productions	Drumscapes	DRM:Techno Rock -> KIT:F/T Kit 1  * -> Sample	CYM:Tek Cym 3*-R	
Northstar Productions	Drumscapes	DRM:Techno Rock -> KIT:F/T Kit 1  * -> Sample	TOM:F/T LoT1a*	
Northstar Productions	Drumscapes	DRM:Techno Rock -> KIT:F/T Kit 1  * -> Sample	TOM:F/T LoT2 *	
Northstar Productions	Drumscapes	DRM:Techno Rock -> KIT:F/T Kit 1  * -> Sample	TOM:F/T LMT1a*	
Northstar Productions	Drumscapes	DRM:Techno Rock -> KIT:F/T Kit 1  * -> Sample	TOM:F/T LMT2 *	
Northstar Productions	Drumscapes	DRM:Techno Rock -> KIT:F/T Kit 1  * -> Sample	TOM:F/T HMT1a*	
Northstar Productions	Drumscapes	DRM:Techno Rock -> KIT:F/T Kit 1  * -> Sample	TOM:F/T HMT2 *	
Northstar Productions	Drumscapes	DRM:Techno Rock -> KIT:F/T Kit 1  * -> Sample	TOM:F/T HiT1a*	
Northstar Productions	Drumscapes	DRM:Techno Rock -> KIT:F/T Kit 1  * -> Sample	TOM:F/T HiT2 *	
Northstar Productions	Drumscapes	DRM:Techno Rock -> KIT:F/T Kit 1  * -> Sample	SNR:F/RSnFlm1*	
Northstar Productions	Drumscapes	DRM:Techno Rock -> KIT:F/T Kit 2  * -> Patch	KIK:Tek K1     *	
Northstar Productions	Drumscapes	DRM:Techno Rock -> KIT:F/T Kit 2  * -> Patch	SNR:F/T Sn2    *	
Northstar Productions	Drumscapes	DRM:Techno Rock -> KIT:F/T Kit 2  * -> Patch	SNR:P/C Stick 2*	
Northstar Productions	Drumscapes	DRM:Techno Rock -> KIT:F/T Kit 2  * -> Patch	CYM:Tek Ride1S *	
Northstar Productions	Drumscapes	DRM:Techno Rock -> KIT:F/T Kit 2  * -> Patch	HAT:F/T Hat 1  *	
Northstar Productions	Drumscapes	DRM:Techno Rock -> KIT:F/T Kit 2  * -> Patch	CYM:Tek Crsh1S *	
Northstar Productions	Drumscapes	DRM:Techno Rock -> KIT:F/T Kit 2  * -> Patch	CYM:Tek Crsh3S *	
Northstar Productions	Drumscapes	DRM:Techno Rock -> KIT:F/T Kit 2  * -> Patch	TOM:F/T Toms 1 *	
Northstar Productions	Drumscapes	DRM:Techno Rock -> KIT:F/T Kit 2  * -> Patch	SNR:F/R Sn Flm1*	
Northstar Productions	Drumscapes	DRM:Techno Rock -> KIT:F/T Kit 2  * -> Sample	KIK:F/T K1a  *	
Northstar Productions	Drumscapes	DRM:Techno Rock -> KIT:F/T Kit 2  * -> Sample	KIK:F/T K1b  *	
Northstar Productions	Drumscapes	DRM:Techno Rock -> KIT:F/T Kit 2  * -> Sample	SNR:M/T Sn1b*	
Northstar Productions	Drumscapes	DRM:Techno Rock -> KIT:F/T Kit 2  * -> Sample	SNR:M/T SnH2*	
Northstar Productions	Drumscapes	DRM:Techno Rock -> KIT:F/T Kit 2  * -> Sample	SNR:F/T Sn2a *	
Northstar Productions	Drumscapes	DRM:Techno Rock -> KIT:F/T Kit 2  * -> Sample	SNR:F/T Sn2b *	
Northstar Productions	Drumscapes	DRM:Techno Rock -> KIT:F/T Kit 2  * -> Sample	SNR:P/C Stk2 *	
Northstar Productions	Drumscapes	DRM:Techno Rock -> KIT:F/T Kit 2  * -> Sample	SNR:P/C Stk1 *	
Northstar Productions	Drumscapes	DRM:Techno Rock -> KIT:F/T Kit 2  * -> Sample	CYM:Tek CYM 1*	
Northstar Productions	Drumscapes	DRM:Techno Rock -> KIT:F/T Kit 2  * -> Sample	HAT:F/T Ped 1  *	
Northstar Productions	Drumscapes	DRM:Techno Rock -> KIT:F/T Kit 2  * -> Sample	HAT:F/T CHH 1a *	
Northstar Productions	Drumscapes	DRM:Techno Rock -> KIT:F/T Kit 2  * -> Sample	HAT:F/T CHH 1b *	
Northstar Productions	Drumscapes	DRM:Techno Rock -> KIT:F/T Kit 2  * -> Sample	HAT:F/T LHH 1  *	
Northstar Productions	Drumscapes	DRM:Techno Rock -> KIT:F/T Kit 2  * -> Sample	HAT:F/T CHH 2a *	
Northstar Productions	Drumscapes	DRM:Techno Rock -> KIT:F/T Kit 2  * -> Sample	HAT:F/T CHH 2b *	
Northstar Productions	Drumscapes	DRM:Techno Rock -> KIT:F/T Kit 2  * -> Sample	HAT:F/T LHH 2  *	
Northstar Productions	Drumscapes	DRM:Techno Rock -> KIT:F/T Kit 2  * -> Sample	HAT:F/T OHH 1  *	
Northstar Productions	Drumscapes	DRM:Techno Rock -> KIT:F/T Kit 2  * -> Sample	CYM:Tek Cym 2*	
Northstar Productions	Drumscapes	DRM:Techno Rock -> KIT:F/T Kit 2  * -> Sample	CYM:Tek Cym 3*	
Northstar Productions	Drumscapes	DRM:Techno Rock -> KIT:F/T Kit 2  * -> Sample	TOM:F/T LoT1a*	
Northstar Productions	Drumscapes	DRM:Techno Rock -> KIT:F/T Kit 2  * -> Sample	TOM:F/T LoT1b*	
Northstar Productions	Drumscapes	DRM:Techno Rock -> KIT:F/T Kit 2  * -> Sample	TOM:F/T LMT1a*	
Northstar Productions	Drumscapes	DRM:Techno Rock -> KIT:F/T Kit 2  * -> Sample	TOM:F/T LMT1b*	
Northstar Productions	Drumscapes	DRM:Techno Rock -> KIT:F/T Kit 2  * -> Sample	TOM:F/T HMT1a*	
Northstar Productions	Drumscapes	DRM:Techno Rock -> KIT:F/T Kit 2  * -> Sample	TOM:F/T HMT1b*	
Northstar Productions	Drumscapes	DRM:Techno Rock -> KIT:F/T Kit 2  * -> Sample	TOM:F/T HiT1a*	
Northstar Productions	Drumscapes	DRM:Techno Rock -> KIT:F/T Kit 2  * -> Sample	TOM:F/T HiT1b*	
Northstar Productions	Drumscapes	DRM:Techno Rock -> KIT:F/T Kit 2  * -> Sample	SNR:F/RSnFlm1*	
Northstar Productions	Drumscapes	DRM:Techno Rock -> KIK:F/T Kicks  * -> Patch	KIK:Tek KikMenu*	
Northstar Productions	Drumscapes	DRM:Techno Rock -> KIK:F/T Kicks  * -> Patch	KIK:Tek K1     *	
Northstar Productions	Drumscapes	DRM:Techno Rock -> KIK:F/T Kicks  * -> Patch	KIK:Tek K2     *	
Northstar Productions	Drumscapes	DRM:Techno Rock -> KIK:F/T Kicks  * -> Sample	KIK:F/T K1a  *	
Northstar Productions	Drumscapes	DRM:Techno Rock -> KIK:F/T Kicks  * -> Sample	KIK:F/T K1b  *	
Northstar Productions	Drumscapes	DRM:Techno Rock -> KIK:F/T Kicks  * -> Sample	KIK:F/T K2a  *	
Northstar Productions	Drumscapes	DRM:Techno Rock -> KIK:F/T Kicks  * -> Sample	KIK:F/T K2b  *	
Northstar Productions	Drumscapes	DRM:Techno Rock -> SNR:F/T Snrs   * -> Patch	SNR:F/T Sn Menu*	
Northstar Productions	Drumscapes	DRM:Techno Rock -> SNR:F/T Snrs   * -> Patch	SNR:F/T Sn1    *	
Northstar Productions	Drumscapes	DRM:Techno Rock -> SNR:F/T Snrs   * -> Patch	SNR:F/T Sn2    *	
Northstar Productions	Drumscapes	DRM:Techno Rock -> SNR:F/T Snrs   * -> Patch	SNR:M/T Sn3    *	
Northstar Productions	Drumscapes	DRM:Techno Rock -> SNR:F/T Snrs   * -> Patch	SNR:M/T Sn4    *	
Northstar Productions	Drumscapes	DRM:Techno Rock -> SNR:F/T Snrs   * -> Patch	SNR:M/T Sn5    *	
Northstar Productions	Drumscapes	DRM:Techno Rock -> SNR:F/T Snrs   * -> Patch	SNR:M/T Sn6    *	
Northstar Productions	Drumscapes	DRM:Techno Rock -> SNR:F/T Snrs   * -> Sample	SNR:F/T Sn1a *	
Northstar Productions	Drumscapes	DRM:Techno Rock -> SNR:F/T Snrs   * -> Sample	SNR:F/T Sn1b *	
Northstar Productions	Drumscapes	DRM:Techno Rock -> SNR:F/T Snrs   * -> Sample	SNR:F/T Sn2a *	
Northstar Productions	Drumscapes	DRM:Techno Rock -> SNR:F/T Snrs   * -> Sample	SNR:F/T Sn2b *	
Northstar Productions	Drumscapes	DRM:Techno Rock -> SNR:F/T Snrs   * -> Sample	SNR:M/T Sn1a*	
Northstar Productions	Drumscapes	DRM:Techno Rock -> SNR:F/T Snrs   * -> Sample	SNR:M/T SnH1*	
Northstar Productions	Drumscapes	DRM:Techno Rock -> SNR:F/T Snrs   * -> Sample	SNR:M/T Sn1b*	
Northstar Productions	Drumscapes	DRM:Techno Rock -> SNR:F/T Snrs   * -> Sample	SNR:M/T SnH2*	
Northstar Productions	Drumscapes	DRM:Techno Rock -> SNR:F/T Snrs   * -> Sample	SNR:M/T SnH3*	
Northstar Productions	Drumscapes	DRM:Techno Rock -> SNR:F/T Snrs   * -> Sample	SNR:M/T SnH4*	
Northstar Productions	Drumscapes	DRM:Techno Rock -> TOM:F/T Toms   * -> Patch	TOM:F/T TomMenu*	
Northstar Productions	Drumscapes	DRM:Techno Rock -> TOM:F/T Toms   * -> Patch	TOM:F/T Toms 1 *	
Northstar Productions	Drumscapes	DRM:Techno Rock -> TOM:F/T Toms   * -> Patch	TOM:F/T Toms 2 *	
Northstar Productions	Drumscapes	DRM:Techno Rock -> TOM:F/T Toms   * -> Sample	TOM:F/T LoT1a*	
Northstar Productions	Drumscapes	DRM:Techno Rock -> TOM:F/T Toms   * -> Sample	TOM:F/T LoT1b*	
Northstar Productions	Drumscapes	DRM:Techno Rock -> TOM:F/T Toms   * -> Sample	TOM:F/T LMT1a*	
Northstar Productions	Drumscapes	DRM:Techno Rock -> TOM:F/T Toms   * -> Sample	TOM:F/T LMT1b*	
Northstar Productions	Drumscapes	DRM:Techno Rock -> TOM:F/T Toms   * -> Sample	TOM:F/T HMT1a*	
Northstar Productions	Drumscapes	DRM:Techno Rock -> TOM:F/T Toms   * -> Sample	TOM:F/T HMT1b*	
Northstar Productions	Drumscapes	DRM:Techno Rock -> TOM:F/T Toms   * -> Sample	TOM:F/T HiT1a*	
Northstar Productions	Drumscapes	DRM:Techno Rock -> TOM:F/T Toms   * -> Sample	TOM:F/T HiT1b*	
Northstar Productions	Drumscapes	DRM:Techno Rock -> TOM:F/T Toms   * -> Sample	TOM:F/T LoT2 *	
Northstar Productions	Drumscapes	DRM:Techno Rock -> TOM:F/T Toms   * -> Sample	TOM:F/T LMT2 *	
Northstar Productions	Drumscapes	DRM:Techno Rock -> TOM:F/T Toms   * -> Sample	TOM:F/T HMT2 *	
Northstar Productions	Drumscapes	DRM:Techno Rock -> TOM:F/T Toms   * -> Sample	TOM:F/T HiT2 *	
Northstar Productions	Drumscapes	DRM:Techno Rock -> HAT:F/T Hats   * -> Patch	HAT:F/T HatMenu*	
Northstar Productions	Drumscapes	DRM:Techno Rock -> HAT:F/T Hats   * -> Patch	HAT:F/T Hat 1  *	
Northstar Productions	Drumscapes	DRM:Techno Rock -> HAT:F/T Hats   * -> Patch	HAT:F/T Hat 2  *	
Northstar Productions	Drumscapes	DRM:Techno Rock -> HAT:F/T Hats   * -> Patch	HAT:F/T Hat 3  *	
Northstar Productions	Drumscapes	DRM:Techno Rock -> HAT:F/T Hats   * -> Patch	HAT:F/T Hat 4  *	
Northstar Productions	Drumscapes	DRM:Techno Rock -> HAT:F/T Hats   * -> Patch	HAT:F/T Hat 5  *	
Northstar Productions	Drumscapes	DRM:Techno Rock -> HAT:F/T Hats   * -> Sample	HAT:Tek Hat 1*	
Northstar Productions	Drumscapes	DRM:Techno Rock -> HAT:F/T Hats   * -> Sample	HAT:F/T Ped 1  *	
Northstar Productions	Drumscapes	DRM:Techno Rock -> HAT:F/T Hats   * -> Sample	HAT:Tek Hat 2*	
Northstar Productions	Drumscapes	DRM:Techno Rock -> HAT:F/T Hats   * -> Sample	HAT:F/T CHH 1a *	
Northstar Productions	Drumscapes	DRM:Techno Rock -> HAT:F/T Hats   * -> Sample	HAT:F/T CHH 1b *	
Northstar Productions	Drumscapes	DRM:Techno Rock -> HAT:F/T Hats   * -> Sample	HAT:F/T LHH 1  *	
Northstar Productions	Drumscapes	DRM:Techno Rock -> HAT:F/T Hats   * -> Sample	HAT:Tek Hat 3*	
Northstar Productions	Drumscapes	DRM:Techno Rock -> HAT:F/T Hats   * -> Sample	HAT:F/T CHH 2a *	
Northstar Productions	Drumscapes	DRM:Techno Rock -> HAT:F/T Hats   * -> Sample	HAT:F/T CHH 2b *	
Northstar Productions	Drumscapes	DRM:Techno Rock -> HAT:F/T Hats   * -> Sample	HAT:F/T LHH 2  *	
Northstar Productions	Drumscapes	DRM:Techno Rock -> HAT:F/T Hats   * -> Sample	HAT:F/T CHH 3  *	
Northstar Productions	Drumscapes	DRM:Techno Rock -> HAT:F/T Hats   * -> Sample	HAT:F/T LHH 3  *	
Northstar Productions	Drumscapes	DRM:Techno Rock -> HAT:F/T Hats   * -> Sample	HAT:Tek Hat 4*	
Northstar Productions	Drumscapes	DRM:Techno Rock -> HAT:F/T Hats   * -> Sample	HAT:F/T CHH 4  *	
Northstar Productions	Drumscapes	DRM:Techno Rock -> HAT:F/T Hats   * -> Sample	HAT:F/T LHH 4  *	
Northstar Productions	Drumscapes	DRM:Techno Rock -> HAT:F/T Hats   * -> Sample	HAT:Tek Hat 5*	
Northstar Productions	Drumscapes	DRM:Techno Rock -> HAT:F/T Hats   * -> Sample	HAT:F/T OHH 1  *	
Northstar Productions	Drumscapes	DRM:Techno Rock -> HAT:F/T Hats   * -> Sample	HAT:Tek Hat 6*	
Northstar Productions	Drumscapes	DRM:Techno Rock -> HAT:F/T Hats   * -> Sample	HAT:F/T OHH 2  *	
Northstar Productions	Drumscapes	DRM:Techno Rock -> CYM:F/T Cyms   * -> Patch	CYM:Tek CymMenu*	
Northstar Productions	Drumscapes	DRM:Techno Rock -> CYM:F/T Cyms   * -> Patch	CYM:Tek Crsh1  *	
Northstar Productions	Drumscapes	DRM:Techno Rock -> CYM:F/T Cyms   * -> Patch	CYM:Tek Crsh1S *	
Northstar Productions	Drumscapes	DRM:Techno Rock -> CYM:F/T Cyms   * -> Patch	CYM:Tek Crsh2  *	
Northstar Productions	Drumscapes	DRM:Techno Rock -> CYM:F/T Cyms   * -> Patch	CYM:Tek Crsh3  *	
Northstar Productions	Drumscapes	DRM:Techno Rock -> CYM:F/T Cyms   * -> Patch	CYM:Tek Crsh3S *	
Northstar Productions	Drumscapes	DRM:Techno Rock -> CYM:F/T Cyms   * -> Patch	CYM:Tek Ride1  *	
Northstar Productions	Drumscapes	DRM:Techno Rock -> CYM:F/T Cyms   * -> Patch	CYM:Tek Ride1S *	
Northstar Productions	Drumscapes	DRM:Techno Rock -> CYM:F/T Cyms   * -> Patch	CYM:Tek Ride2  *	
Northstar Productions	Drumscapes	DRM:Techno Rock -> CYM:F/T Cyms   * -> Patch	CYM:Tek Bell   *	
Northstar Productions	Drumscapes	DRM:Techno Rock -> CYM:F/T Cyms   * -> Sample	CYM:F/T Crsh 2 *	
Northstar Productions	Drumscapes	DRM:Techno Rock -> CYM:F/T Cyms   * -> Sample	CYM:F/T Ride   *	
Northstar Productions	Drumscapes	DRM:Techno Rock -> CYM:F/T Cyms   * -> Sample	CYM:F/T RideBl1*	
Northstar Productions	Drumscapes	DRM:Techno Rock -> CYM:F/T Cyms   * -> Sample	CYM:F/T RideBl2*	
Northstar Productions	Drumscapes	DRM:Techno Rock -> CYM:F/T Cyms   * -> Sample	CYM:Tek CYM 1*	
Northstar Productions	Drumscapes	DRM:Techno Rock -> CYM:F/T Cyms   * -> Sample	CYM:Tek Cym 2*	
Northstar Productions	Drumscapes	DRM:Techno Rock -> CYM:F/T Cyms   * -> Sample	CYM:Tek Cym 3*	
Northstar Productions	Drumscapes	DRM:R&B Groove -> KIT:R&B Wet Kit* -> Patch	KIK:R&B K1     *	
Northstar Productions	Drumscapes	DRM:R&B Groove -> KIT:R&B Wet Kit* -> Patch	SNR:R&B Sn2    *	
Northstar Productions	Drumscapes	DRM:R&B Groove -> KIT:R&B Wet Kit* -> Patch	SNR:R&B SnBuz2 *	
Northstar Productions	Drumscapes	DRM:R&B Groove -> KIT:R&B Wet Kit* -> Patch	HAT:R&B Hat 1  *	
Northstar Productions	Drumscapes	DRM:R&B Groove -> KIT:R&B Wet Kit* -> Patch	CYM:R&B Rd/Cp M*	
Northstar Productions	Drumscapes	DRM:R&B Groove -> KIT:R&B Wet Kit* -> Patch	CYM:R&B Cr4    *	
Northstar Productions	Drumscapes	DRM:R&B Groove -> KIT:R&B Wet Kit* -> Patch	CYM:R&B Cr1    *	
Northstar Productions	Drumscapes	DRM:R&B Groove -> KIT:R&B Wet Kit* -> Patch	TOM:R&B Toms 2 *	
Northstar Productions	Drumscapes	DRM:R&B Groove -> KIT:R&B Wet Kit* -> Patch	SNR:P/C Stick1 *	
Northstar Productions	Drumscapes	DRM:R&B Groove -> KIT:R&B Wet Kit* -> Sample	KIK:R&B K1   *	
Northstar Productions	Drumscapes	DRM:R&B Groove -> KIT:R&B Wet Kit* -> Sample	KIK:R&B K2   *	
Northstar Productions	Drumscapes	DRM:R&B Groove -> KIT:R&B Wet Kit* -> Sample	SNR:R&B Sn3 A*	
Northstar Productions	Drumscapes	DRM:R&B Groove -> KIT:R&B Wet Kit* -> Sample	SNR:R&B Sn10 *	
Northstar Productions	Drumscapes	DRM:R&B Groove -> KIT:R&B Wet Kit* -> Sample	SNR:R&B Sn8  *	
Northstar Productions	Drumscapes	DRM:R&B Groove -> KIT:R&B Wet Kit* -> Sample	SNR:R&B Sn9  *	
Northstar Productions	Drumscapes	DRM:R&B Groove -> KIT:R&B Wet Kit* -> Sample	SNR:R&B SnBz2*	
Northstar Productions	Drumscapes	DRM:R&B Groove -> KIT:R&B Wet Kit* -> Sample	HAT:R&B PHH1 *	
Northstar Productions	Drumscapes	DRM:R&B Groove -> KIT:R&B Wet Kit* -> Sample	HAT:R&B CHH1 *	
Northstar Productions	Drumscapes	DRM:R&B Groove -> KIT:R&B Wet Kit* -> Sample	HAT:R&B CHH2 *	
Northstar Productions	Drumscapes	DRM:R&B Groove -> KIT:R&B Wet Kit* -> Sample	HAT:R&B CHH3 *	
Northstar Productions	Drumscapes	DRM:R&B Groove -> KIT:R&B Wet Kit* -> Sample	HAT:R&B CHH4 *	
Northstar Productions	Drumscapes	DRM:R&B Groove -> KIT:R&B Wet Kit* -> Sample	HAT:R&B LHH1 *	
Northstar Productions	Drumscapes	DRM:R&B Groove -> KIT:R&B Wet Kit* -> Sample	HAT:R&B OHH2 *	
Northstar Productions	Drumscapes	DRM:R&B Groove -> KIT:R&B Wet Kit* -> Sample	HAT:R&B OHH1 *	
Northstar Productions	Drumscapes	DRM:R&B Groove -> KIT:R&B Wet Kit* -> Sample	HAT:R&B LHH2 *	
Northstar Productions	Drumscapes	DRM:R&B Groove -> KIT:R&B Wet Kit* -> Sample	CYM:R&B Ride1*	
Northstar Productions	Drumscapes	DRM:R&B Groove -> KIT:R&B Wet Kit* -> Sample	CYM:R&B RdBl1*	
Northstar Productions	Drumscapes	DRM:R&B Groove -> KIT:R&B Wet Kit* -> Sample	CYM:R&B Crsh4*	
Northstar Productions	Drumscapes	DRM:R&B Groove -> KIT:R&B Wet Kit* -> Sample	CYM:R&B Crsh1*	
Northstar Productions	Drumscapes	DRM:R&B Groove -> KIT:R&B Wet Kit* -> Sample	TOM:R&B LTom2*	
Northstar Productions	Drumscapes	DRM:R&B Groove -> KIT:R&B Wet Kit* -> Sample	TOM:R&B LTom3*	
Northstar Productions	Drumscapes	DRM:R&B Groove -> KIT:R&B Wet Kit* -> Sample	TOM:R&B LTom1*	
Northstar Productions	Drumscapes	DRM:R&B Groove -> KIT:R&B Wet Kit* -> Sample	TOM:R&B MTom1*	
Northstar Productions	Drumscapes	DRM:R&B Groove -> KIT:R&B Wet Kit* -> Sample	TOM:R&B MTom3*	
Northstar Productions	Drumscapes	DRM:R&B Groove -> KIT:R&B Wet Kit* -> Sample	TOM:R&B HTom1*	
Northstar Productions	Drumscapes	DRM:R&B Groove -> KIT:R&B Wet Kit* -> Sample	TOM:R&B HTom3*	
Northstar Productions	Drumscapes	DRM:R&B Groove -> KIT:R&B Wet Kit* -> Sample	SNR:P/C Stk1 *	
Northstar Productions	Drumscapes	DRM:R&B Groove -> KIT:R&B Dry Kit* -> Patch	KIK:Funk K1    *	
Northstar Productions	Drumscapes	DRM:R&B Groove -> KIT:R&B Dry Kit* -> Patch	SNR:R&B Sn5    *	
Northstar Productions	Drumscapes	DRM:R&B Groove -> KIT:R&B Dry Kit* -> Patch	SNR:R&B SnBuz5 *	
Northstar Productions	Drumscapes	DRM:R&B Groove -> KIT:R&B Dry Kit* -> Patch	HAT:R&B Hat 1  *	
Northstar Productions	Drumscapes	DRM:R&B Groove -> KIT:R&B Dry Kit* -> Patch	CYM:R&B Rd/Cp M*	
Northstar Productions	Drumscapes	DRM:R&B Groove -> KIT:R&B Dry Kit* -> Patch	CYM:R&B Cr4    *	
Northstar Productions	Drumscapes	DRM:R&B Groove -> KIT:R&B Dry Kit* -> Patch	CYM:R&B Cr1    *	
Northstar Productions	Drumscapes	DRM:R&B Groove -> KIT:R&B Dry Kit* -> Patch	TOM:R&B Toms 4 *	
Northstar Productions	Drumscapes	DRM:R&B Groove -> KIT:R&B Dry Kit* -> Patch	SNR:H/H Stick  *	
Northstar Productions	Drumscapes	DRM:R&B Groove -> KIT:R&B Dry Kit* -> Sample	KIK:Fnk K1   *	
Northstar Productions	Drumscapes	DRM:R&B Groove -> KIT:R&B Dry Kit* -> Sample	KIK:Fnk K2   *	
Northstar Productions	Drumscapes	DRM:R&B Groove -> KIT:R&B Dry Kit* -> Sample	SNR:R&B Sn4  *	
Northstar Productions	Drumscapes	DRM:R&B Groove -> KIT:R&B Dry Kit* -> Sample	SNR:R&B Sn5b *	
Northstar Productions	Drumscapes	DRM:R&B Groove -> KIT:R&B Dry Kit* -> Sample	SNR:R&B Sn5  *	
Northstar Productions	Drumscapes	DRM:R&B Groove -> KIT:R&B Dry Kit* -> Sample	SNR:R&B Sn4  *	
Northstar Productions	Drumscapes	DRM:R&B Groove -> KIT:R&B Dry Kit* -> Sample	SNR:R&B Sn2  *	
Northstar Productions	Drumscapes	DRM:R&B Groove -> KIT:R&B Dry Kit* -> Sample	HAT:R&B PHH1 *	
Northstar Productions	Drumscapes	DRM:R&B Groove -> KIT:R&B Dry Kit* -> Sample	HAT:R&B CHH1 *	
Northstar Productions	Drumscapes	DRM:R&B Groove -> KIT:R&B Dry Kit* -> Sample	HAT:R&B CHH2 *	
Northstar Productions	Drumscapes	DRM:R&B Groove -> KIT:R&B Dry Kit* -> Sample	HAT:R&B CHH3 *	
Northstar Productions	Drumscapes	DRM:R&B Groove -> KIT:R&B Dry Kit* -> Sample	HAT:R&B CHH4 *	
Northstar Productions	Drumscapes	DRM:R&B Groove -> KIT:R&B Dry Kit* -> Sample	HAT:R&B LHH1 *	
Northstar Productions	Drumscapes	DRM:R&B Groove -> KIT:R&B Dry Kit* -> Sample	HAT:R&B OHH2 *	
Northstar Productions	Drumscapes	DRM:R&B Groove -> KIT:R&B Dry Kit* -> Sample	HAT:R&B OHH1 *	
Northstar Productions	Drumscapes	DRM:R&B Groove -> KIT:R&B Dry Kit* -> Sample	HAT:R&B LHH2 *	
Northstar Productions	Drumscapes	DRM:R&B Groove -> KIT:R&B Dry Kit* -> Sample	CYM:R&B Ride1*	
Northstar Productions	Drumscapes	DRM:R&B Groove -> KIT:R&B Dry Kit* -> Sample	CYM:R&B RdBl1*	
Northstar Productions	Drumscapes	DRM:R&B Groove -> KIT:R&B Dry Kit* -> Sample	CYM:R&B Crsh4*	
Northstar Productions	Drumscapes	DRM:R&B Groove -> KIT:R&B Dry Kit* -> Sample	CYM:R&B Crsh1*	
Northstar Productions	Drumscapes	DRM:R&B Groove -> KIT:R&B Dry Kit* -> Sample	TOM:H/H HiT2a*	
Northstar Productions	Drumscapes	DRM:R&B Groove -> KIT:R&B Dry Kit* -> Sample	TOM:H/H HiT2b*	
Northstar Productions	Drumscapes	DRM:R&B Groove -> KIT:R&B Dry Kit* -> Sample	TOM:R&B LTom2*	
Northstar Productions	Drumscapes	DRM:R&B Groove -> KIT:R&B Dry Kit* -> Sample	TOM:R&B MTom2*	
Northstar Productions	Drumscapes	DRM:R&B Groove -> KIT:R&B Dry Kit* -> Sample	TOM:R&B HTom2*	
Northstar Productions	Drumscapes	DRM:R&B Groove -> KIT:R&B Dry Kit* -> Sample	SNR:P/C Stk2 *	
Northstar Productions	Drumscapes	DRM:R&B Groove -> KIK:R&B Kicks  * -> Patch	KIK:R&B K menu *	
Northstar Productions	Drumscapes	DRM:R&B Groove -> KIK:R&B Kicks  * -> Patch	KIK:R&B K1     *	
Northstar Productions	Drumscapes	DRM:R&B Groove -> KIK:R&B Kicks  * -> Patch	KIK:R&B K2     *	
Northstar Productions	Drumscapes	DRM:R&B Groove -> KIK:R&B Kicks  * -> Patch	KIK:R&B K3     *	
Northstar Productions	Drumscapes	DRM:R&B Groove -> KIK:R&B Kicks  * -> Sample	KIK:R&B K1   *	
Northstar Productions	Drumscapes	DRM:R&B Groove -> KIK:R&B Kicks  * -> Sample	KIK:R&B K2   *	
Northstar Productions	Drumscapes	DRM:R&B Groove -> KIK:R&B Kicks  * -> Sample	KIK:R&B K3   *	
Northstar Productions	Drumscapes	DRM:R&B Groove -> SNR:R&B Snares * -> Patch	SNR:R&B Sn menu*	
Northstar Productions	Drumscapes	DRM:R&B Groove -> SNR:R&B Snares * -> Patch	SNR:R&B Sn1    *	
Northstar Productions	Drumscapes	DRM:R&B Groove -> SNR:R&B Snares * -> Patch	SNR:R&B Sn2    *	
Northstar Productions	Drumscapes	DRM:R&B Groove -> SNR:R&B Snares * -> Patch	SNR:R&B Sn3    *	
Northstar Productions	Drumscapes	DRM:R&B Groove -> SNR:R&B Snares * -> Patch	SNR:R&B Sn4    *	
Northstar Productions	Drumscapes	DRM:R&B Groove -> SNR:R&B Snares * -> Patch	SNR:R&B Sn5    *	
Northstar Productions	Drumscapes	DRM:R&B Groove -> SNR:R&B Snares * -> Sample	SNR:R&B Sn1a *	
Northstar Productions	Drumscapes	DRM:R&B Groove -> SNR:R&B Snares * -> Sample	SNR:R&B Sn1b *	
Northstar Productions	Drumscapes	DRM:R&B Groove -> SNR:R&B Snares * -> Sample	SNR:R&B Sn2a *	
Northstar Productions	Drumscapes	DRM:R&B Groove -> SNR:R&B Snares * -> Sample	SNR:R&B Sn2b *	
Northstar Productions	Drumscapes	DRM:R&B Groove -> SNR:R&B Snares * -> Sample	SNR:R&B Sn3 A*	
Northstar Productions	Drumscapes	DRM:R&B Groove -> SNR:R&B Snares * -> Sample	SNR:R&B Sn4  *	
Northstar Productions	Drumscapes	DRM:R&B Groove -> SNR:R&B Snares * -> Sample	SNR:R&B Sn5a *	
Northstar Productions	Drumscapes	DRM:R&B Groove -> SNR:R&B Snares * -> Sample	SNR:R&B Sn3  *	
Northstar Productions	Drumscapes	DRM:R&B Groove -> SNR:R&B Snares * -> Sample	SNR:R&B Sn5b *	
Northstar Productions	Drumscapes	DRM:R&B Groove -> SNR:R&B Snares * -> Sample	SNR:R&B Sn4  *	
Northstar Productions	Drumscapes	DRM:R&B Groove -> SNR:R&B Snares * -> Sample	SNR:R&B Sn5  *	
Northstar Productions	Drumscapes	DRM:R&B Groove -> SNR:R&B Snares * -> Sample	SNR:R&B SnBz2*	
Northstar Productions	Drumscapes	DRM:R&B Groove -> SNR:R&B Snares * -> Sample	SNR:R&B SnBz3*	
Northstar Productions	Drumscapes	DRM:R&B Groove -> SNR:R&B Snares * -> Sample	SNR:R&B Sn1  *	
Northstar Productions	Drumscapes	DRM:R&B Groove -> SNR:R&B Snares * -> Sample	SNR:R&B Sn2  *	
Northstar Productions	Drumscapes	DRM:R&B Groove -> SNR:R&B Snares * -> Sample	SNR:R&B SnBz1*	
Northstar Productions	Drumscapes	DRM:R&B Groove -> SNR:R&B Snares * -> Sample	SNR:R&B Sn6  *	
Northstar Productions	Drumscapes	DRM:R&B Groove -> SNR:R&B Snares * -> Sample	SNR:R&B Sn10 *	
Northstar Productions	Drumscapes	DRM:R&B Groove -> SNR:R&B Snares * -> Sample	SNR:R&B Sn8  *	
Northstar Productions	Drumscapes	DRM:R&B Groove -> SNR:R&B Snares * -> Sample	SNR:R&B Sn9  *	
Northstar Productions	Drumscapes	DRM:R&B Groove -> TOM:R&B Toms   * -> Patch	TOM:R&B TomMenu*	
Northstar Productions	Drumscapes	DRM:R&B Groove -> TOM:R&B Toms   * -> Patch	TOM:R&B Toms 1 *	
Northstar Productions	Drumscapes	DRM:R&B Groove -> TOM:R&B Toms   * -> Patch	TOM:R&B Toms 2 *	
Northstar Productions	Drumscapes	DRM:R&B Groove -> TOM:R&B Toms   * -> Patch	TOM:R&B Toms 3 *	
Northstar Productions	Drumscapes	DRM:R&B Groove -> TOM:R&B Toms   * -> Patch	TOM:R&B Toms 4 *	
Northstar Productions	Drumscapes	DRM:R&B Groove -> TOM:R&B Toms   * -> Sample	TOM:R&B LTom2*	
Northstar Productions	Drumscapes	DRM:R&B Groove -> TOM:R&B Toms   * -> Sample	TOM:R&B LTom3*	
Northstar Productions	Drumscapes	DRM:R&B Groove -> TOM:R&B Toms   * -> Sample	TOM:R&B LTom1*	
Northstar Productions	Drumscapes	DRM:R&B Groove -> TOM:R&B Toms   * -> Sample	TOM:R&B MTom1*	
Northstar Productions	Drumscapes	DRM:R&B Groove -> TOM:R&B Toms   * -> Sample	TOM:R&B MTom2*	
Northstar Productions	Drumscapes	DRM:R&B Groove -> TOM:R&B Toms   * -> Sample	TOM:R&B HTom1*	
Northstar Productions	Drumscapes	DRM:R&B Groove -> TOM:R&B Toms   * -> Sample	TOM:R&B HTom2*	
Northstar Productions	Drumscapes	DRM:R&B Groove -> TOM:R&B Toms   * -> Sample	TOM:R&B MTom3*	
Northstar Productions	Drumscapes	DRM:R&B Groove -> TOM:R&B Toms   * -> Sample	TOM:R&B HTom3*	
Northstar Productions	Drumscapes	DRM:R&B Groove -> TOM:R&B Toms   * -> Sample	TOM:H/H HiT2a*	
Northstar Productions	Drumscapes	DRM:R&B Groove -> TOM:R&B Toms   * -> Sample	TOM:H/H HiT2b*	
Northstar Productions	Drumscapes	DRM:R&B Groove -> HAT:R&B Hats   * -> Patch	HAT:R&B HH menu*	
Northstar Productions	Drumscapes	DRM:R&B Groove -> HAT:R&B Hats   * -> Patch	HAT:R&B Hat 1  *	
Northstar Productions	Drumscapes	DRM:R&B Groove -> HAT:R&B Hats   * -> Patch	HAT:R&B Hat 2  *	
Northstar Productions	Drumscapes	DRM:R&B Groove -> HAT:R&B Hats   * -> Patch	HAT:R&B Hat 3  *	
Northstar Productions	Drumscapes	DRM:R&B Groove -> HAT:R&B Hats   * -> Patch	HAT:R&B Hat 4  *	
Northstar Productions	Drumscapes	DRM:R&B Groove -> HAT:R&B Hats   * -> Sample	HAT:R&B PHH1 *	
Northstar Productions	Drumscapes	DRM:R&B Groove -> HAT:R&B Hats   * -> Sample	HAT:R&B CHH3 *	
Northstar Productions	Drumscapes	DRM:R&B Groove -> HAT:R&B Hats   * -> Sample	HAT:R&B CHH1 *	
Northstar Productions	Drumscapes	DRM:R&B Groove -> HAT:R&B Hats   * -> Sample	HAT:R&B LHH2 *	
Northstar Productions	Drumscapes	DRM:R&B Groove -> HAT:R&B Hats   * -> Sample	HAT:R&B CHH2 *	
Northstar Productions	Drumscapes	DRM:R&B Groove -> HAT:R&B Hats   * -> Sample	HAT:R&B LHH1 *	
Northstar Productions	Drumscapes	DRM:R&B Groove -> HAT:R&B Hats   * -> Sample	HAT:R&B CHH4 *	
Northstar Productions	Drumscapes	DRM:R&B Groove -> HAT:R&B Hats   * -> Sample	HAT:R&B OHH2 *	
Northstar Productions	Drumscapes	DRM:R&B Groove -> HAT:R&B Hats   * -> Sample	HAT:R&B LHH3 *	
Northstar Productions	Drumscapes	DRM:R&B Groove -> HAT:R&B Hats   * -> Sample	HAT:R&B OHH1 *	
Northstar Productions	Drumscapes	DRM:R&B Groove -> CYM:R&B Cymbals* -> Patch	CYM:R&B menu   *	
Northstar Productions	Drumscapes	DRM:R&B Groove -> CYM:R&B Cymbals* -> Patch	CYM:R&B Cr1    *	
Northstar Productions	Drumscapes	DRM:R&B Groove -> CYM:R&B Cymbals* -> Patch	CYM:R&B Cr2    *	
Northstar Productions	Drumscapes	DRM:R&B Groove -> CYM:R&B Cymbals* -> Patch	CYM:R&B Cr3    *	
Northstar Productions	Drumscapes	DRM:R&B Groove -> CYM:R&B Cymbals* -> Patch	CYM:R&B Cr4    *	
Northstar Productions	Drumscapes	DRM:R&B Groove -> CYM:R&B Cymbals* -> Patch	CYM:R&B Rd/Cp M*	
Northstar Productions	Drumscapes	DRM:R&B Groove -> CYM:R&B Cymbals* -> Patch	CYM:R&B Cup1   *	
Northstar Productions	Drumscapes	DRM:R&B Groove -> CYM:R&B Cymbals* -> Patch	CYM:R&B Rd/Cp S*	
Northstar Productions	Drumscapes	DRM:R&B Groove -> CYM:R&B Cymbals* -> Sample	CYM:R&B Crsh1*	
Northstar Productions	Drumscapes	DRM:R&B Groove -> CYM:R&B Cymbals* -> Sample	CYM:R&B Crsh2*	
Northstar Productions	Drumscapes	DRM:R&B Groove -> CYM:R&B Cymbals* -> Sample	CYM:R&B Crsh3*	
Northstar Productions	Drumscapes	DRM:R&B Groove -> CYM:R&B Cymbals* -> Sample	CYM:R&B Crsh4*	
Northstar Productions	Drumscapes	DRM:R&B Groove -> CYM:R&B Cymbals* -> Sample	CYM:R&B Ride1*	
Northstar Productions	Drumscapes	DRM:R&B Groove -> CYM:R&B Cymbals* -> Sample	CYM:R&B RdBl1*	
Northstar Productions	Drumscapes	DRM:R&B Groove -> CYM:R&B Cymbals* -> Sample	CYM:R&B Cym 1*	
Northstar Productions	Drumscapes	DRM:R&B Groove -> CYM:R&B Cymbals* -> Sample	CYM:R&B Cym 2*	
Northstar Productions	Drumscapes	DRM:Hip-Hop/Rap -> KIT:Hip-Hop Kit* -> Patch	KIK:H/H K1     *	
Northstar Productions	Drumscapes	DRM:Hip-Hop/Rap -> KIT:Hip-Hop Kit* -> Patch	SNR:H/H Sn4    *	
Northstar Productions	Drumscapes	DRM:Hip-Hop/Rap -> KIT:Hip-Hop Kit* -> Patch	SNR:H/H Sn Buzz*	
Northstar Productions	Drumscapes	DRM:Hip-Hop/Rap -> KIT:Hip-Hop Kit* -> Patch	HAT:H/H Hat 2  *	
Northstar Productions	Drumscapes	DRM:Hip-Hop/Rap -> KIT:Hip-Hop Kit* -> Patch	CYM:H/H Rd/Cp1 *	
Northstar Productions	Drumscapes	DRM:Hip-Hop/Rap -> KIT:Hip-Hop Kit* -> Patch	CYM:H/H Crsh 4 *	
Northstar Productions	Drumscapes	DRM:Hip-Hop/Rap -> KIT:Hip-Hop Kit* -> Patch	CYM:H/H Crsh 2 *	
Northstar Productions	Drumscapes	DRM:Hip-Hop/Rap -> KIT:Hip-Hop Kit* -> Patch	TOM:H/H Tom 1  *	
Northstar Productions	Drumscapes	DRM:Hip-Hop/Rap -> KIT:Hip-Hop Kit* -> Patch	SNR:H/H Stick  *	
Northstar Productions	Drumscapes	DRM:Hip-Hop/Rap -> KIT:Hip-Hop Kit* -> Sample	KIK:H/H RapK1a *	
Northstar Productions	Drumscapes	DRM:Hip-Hop/Rap -> KIT:Hip-Hop Kit* -> Sample	KIK:H/H RapK1c *	
Northstar Productions	Drumscapes	DRM:Hip-Hop/Rap -> KIT:Hip-Hop Kit* -> Sample	KIK:H/H K1a  *	
Northstar Productions	Drumscapes	DRM:Hip-Hop/Rap -> KIT:Hip-Hop Kit* -> Sample	KIK:H/H K1b  *	
Northstar Productions	Drumscapes	DRM:Hip-Hop/Rap -> KIT:Hip-Hop Kit* -> Sample	SNR:H/H Sn3*	
Northstar Productions	Drumscapes	DRM:Hip-Hop/Rap -> KIT:Hip-Hop Kit* -> Sample	SNR:H/H Sn6*	
Northstar Productions	Drumscapes	DRM:Hip-Hop/Rap -> KIT:Hip-Hop Kit* -> Sample	SNR:H/H Sn2*	
Northstar Productions	Drumscapes	DRM:Hip-Hop/Rap -> KIT:Hip-Hop Kit* -> Sample	SNR:H/H Sn5*	
Northstar Productions	Drumscapes	DRM:Hip-Hop/Rap -> KIT:Hip-Hop Kit* -> Sample	SNR:R&B SnBz2*	
Northstar Productions	Drumscapes	DRM:Hip-Hop/Rap -> KIT:Hip-Hop Kit* -> Sample	HAT:H/H Ped 1  *	
Northstar Productions	Drumscapes	DRM:Hip-Hop/Rap -> KIT:Hip-Hop Kit* -> Sample	HAT:H/H CHH1a  *	
Northstar Productions	Drumscapes	DRM:Hip-Hop/Rap -> KIT:Hip-Hop Kit* -> Sample	HAT:H/H CHH1b  *	
Northstar Productions	Drumscapes	DRM:Hip-Hop/Rap -> KIT:Hip-Hop Kit* -> Sample	HAT:H/H CHH1c  *	
Northstar Productions	Drumscapes	DRM:Hip-Hop/Rap -> KIT:Hip-Hop Kit* -> Sample	HAT:H/H LHH1a  *	
Northstar Productions	Drumscapes	DRM:Hip-Hop/Rap -> KIT:Hip-Hop Kit* -> Sample	HAT:H/H OHH 1  *	
Northstar Productions	Drumscapes	DRM:Hip-Hop/Rap -> KIT:Hip-Hop Kit* -> Sample	HAT:H/H LHH1c  *	
Northstar Productions	Drumscapes	DRM:Hip-Hop/Rap -> KIT:Hip-Hop Kit* -> Sample	CYM:R&B Ride1*	
Northstar Productions	Drumscapes	DRM:Hip-Hop/Rap -> KIT:Hip-Hop Kit* -> Sample	CYM:R&B RdBl1*	
Northstar Productions	Drumscapes	DRM:Hip-Hop/Rap -> KIT:Hip-Hop Kit* -> Sample	CYM:H/H Cym 4*-R	
Northstar Productions	Drumscapes	DRM:Hip-Hop/Rap -> KIT:Hip-Hop Kit* -> Sample	CYM:H/H Cym 3*-L	
Northstar Productions	Drumscapes	DRM:Hip-Hop/Rap -> KIT:Hip-Hop Kit* -> Sample	CYM:H/H Cym 2*-L	
Northstar Productions	Drumscapes	DRM:Hip-Hop/Rap -> KIT:Hip-Hop Kit* -> Sample	TOM:H/H HiT1a  *	
Northstar Productions	Drumscapes	DRM:Hip-Hop/Rap -> KIT:Hip-Hop Kit* -> Sample	TOM:H/H HiT1b  *	
Northstar Productions	Drumscapes	DRM:Hip-Hop/Rap -> KIT:Hip-Hop Kit* -> Sample	SNR:P/C Stk2 *	
Northstar Productions	Drumscapes	DRM:Hip-Hop/Rap -> KIT:Rap Kit 1  * -> Patch	KIK:H/H Rap K3 *	
Northstar Productions	Drumscapes	DRM:Hip-Hop/Rap -> KIT:Rap Kit 1  * -> Patch	SNR:H/H Sn3    *	
Northstar Productions	Drumscapes	DRM:Hip-Hop/Rap -> KIT:Rap Kit 1  * -> Patch	SNR:H/H Sn Buzz*	
Northstar Productions	Drumscapes	DRM:Hip-Hop/Rap -> KIT:Rap Kit 1  * -> Patch	HAT:H/H Hat 1  *	
Northstar Productions	Drumscapes	DRM:Hip-Hop/Rap -> KIT:Rap Kit 1  * -> Patch	CYM:H/H Rd/Cp1 *	
Northstar Productions	Drumscapes	DRM:Hip-Hop/Rap -> KIT:Rap Kit 1  * -> Patch	CYM:H/H Crsh 3 *	
Northstar Productions	Drumscapes	DRM:Hip-Hop/Rap -> KIT:Rap Kit 1  * -> Patch	CYM:H/H Crsh 1 *	
Northstar Productions	Drumscapes	DRM:Hip-Hop/Rap -> KIT:Rap Kit 1  * -> Patch	TOM:H/H Toms 2 *	
Northstar Productions	Drumscapes	DRM:Hip-Hop/Rap -> KIT:Rap Kit 1  * -> Patch	SNR:H/H Stick  *	
Northstar Productions	Drumscapes	DRM:Hip-Hop/Rap -> KIT:Rap Kit 1  * -> Sample	KIK:H/H RapK2a *	
Northstar Productions	Drumscapes	DRM:Hip-Hop/Rap -> KIT:Rap Kit 1  * -> Sample	KIK:H/H RapK2b *	
Northstar Productions	Drumscapes	DRM:Hip-Hop/Rap -> KIT:Rap Kit 1  * -> Sample	SNR:H/H Sn2 *	
Northstar Productions	Drumscapes	DRM:Hip-Hop/Rap -> KIT:Rap Kit 1  * -> Sample	SNR:H/H Sn4*	
Northstar Productions	Drumscapes	DRM:Hip-Hop/Rap -> KIT:Rap Kit 1  * -> Sample	SNR:H/H Sn3 *	
Northstar Productions	Drumscapes	DRM:Hip-Hop/Rap -> KIT:Rap Kit 1  * -> Sample	SNR:H/H Sn3*	
Northstar Productions	Drumscapes	DRM:Hip-Hop/Rap -> KIT:Rap Kit 1  * -> Sample	SNR:R&B SnBz2*	
Northstar Productions	Drumscapes	DRM:Hip-Hop/Rap -> KIT:Rap Kit 1  * -> Sample	HAT:H/H Ped 1  *	
Northstar Productions	Drumscapes	DRM:Hip-Hop/Rap -> KIT:Rap Kit 1  * -> Sample	HAT:H/H LHH1a  *	
Northstar Productions	Drumscapes	DRM:Hip-Hop/Rap -> KIT:Rap Kit 1  * -> Sample	HAT:H/H LHH1b  *	
Northstar Productions	Drumscapes	DRM:Hip-Hop/Rap -> KIT:Rap Kit 1  * -> Sample	HAT:H/H LHH1c  *	
Northstar Productions	Drumscapes	DRM:Hip-Hop/Rap -> KIT:Rap Kit 1  * -> Sample	HAT:H/H OHH 1  *	
Northstar Productions	Drumscapes	DRM:Hip-Hop/Rap -> KIT:Rap Kit 1  * -> Sample	CYM:R&B Ride1*	
Northstar Productions	Drumscapes	DRM:Hip-Hop/Rap -> KIT:Rap Kit 1  * -> Sample	CYM:R&B RdBl1*	
Northstar Productions	Drumscapes	DRM:Hip-Hop/Rap -> KIT:Rap Kit 1  * -> Sample	CYM:H/H Cym 5*-L	
Northstar Productions	Drumscapes	DRM:Hip-Hop/Rap -> KIT:Rap Kit 1  * -> Sample	CYM:H/H Cym 1*-R	
Northstar Productions	Drumscapes	DRM:Hip-Hop/Rap -> KIT:Rap Kit 1  * -> Sample	TOM:H/H HiT2a*	
Northstar Productions	Drumscapes	DRM:Hip-Hop/Rap -> KIT:Rap Kit 1  * -> Sample	TOM:H/H HiT2b*	
Northstar Productions	Drumscapes	DRM:Hip-Hop/Rap -> KIT:Rap Kit 1  * -> Sample	SNR:P/C Stk2 *	
Northstar Productions	Drumscapes	DRM:Hip-Hop/Rap -> KIT:Rap Kit 2  * -> Patch	KIK:H/H Rap K2 *	
Northstar Productions	Drumscapes	DRM:Hip-Hop/Rap -> KIT:Rap Kit 2  * -> Patch	SNR:H/H Sn6    *	
Northstar Productions	Drumscapes	DRM:Hip-Hop/Rap -> KIT:Rap Kit 2  * -> Patch	SNR:H/H Sn Roll*	
Northstar Productions	Drumscapes	DRM:Hip-Hop/Rap -> KIT:Rap Kit 2  * -> Patch	HAT:H/H Hat 7  *	
Northstar Productions	Drumscapes	DRM:Hip-Hop/Rap -> KIT:Rap Kit 2  * -> Patch	CYM:H/H Rd/Cp1 *	
Northstar Productions	Drumscapes	DRM:Hip-Hop/Rap -> KIT:Rap Kit 2  * -> Patch	CYM:H/H Crsh 4 *	
Northstar Productions	Drumscapes	DRM:Hip-Hop/Rap -> KIT:Rap Kit 2  * -> Patch	CYM:H/H Crsh 2 *	
Northstar Productions	Drumscapes	DRM:Hip-Hop/Rap -> KIT:Rap Kit 2  * -> Patch	TOM:H/H Toms 2 *	
Northstar Productions	Drumscapes	DRM:Hip-Hop/Rap -> KIT:Rap Kit 2  * -> Patch	SNR:H/H Stick  *	
Northstar Productions	Drumscapes	DRM:Hip-Hop/Rap -> KIT:Rap Kit 2  * -> Sample	KIK:H/H RapK1a *	
Northstar Productions	Drumscapes	DRM:Hip-Hop/Rap -> KIT:Rap Kit 2  * -> Sample	KIK:H/H RapK1c *	
Northstar Productions	Drumscapes	DRM:Hip-Hop/Rap -> KIT:Rap Kit 2  * -> Sample	SNR:H/H Sn6 *	
Northstar Productions	Drumscapes	DRM:Hip-Hop/Rap -> KIT:Rap Kit 2  * -> Sample	SNR:H/H Sn5 *	
Northstar Productions	Drumscapes	DRM:Hip-Hop/Rap -> KIT:Rap Kit 2  * -> Sample	SNR:H/H SnRll*	
Northstar Productions	Drumscapes	DRM:Hip-Hop/Rap -> KIT:Rap Kit 2  * -> Sample	HAT:R&B PHH1 *	
Northstar Productions	Drumscapes	DRM:Hip-Hop/Rap -> KIT:Rap Kit 2  * -> Sample	HAT:R&B CHH1 *	
Northstar Productions	Drumscapes	DRM:Hip-Hop/Rap -> KIT:Rap Kit 2  * -> Sample	HAT:R&B CHH2 *	
Northstar Productions	Drumscapes	DRM:Hip-Hop/Rap -> KIT:Rap Kit 2  * -> Sample	HAT:R&B CHH3 *	
Northstar Productions	Drumscapes	DRM:Hip-Hop/Rap -> KIT:Rap Kit 2  * -> Sample	HAT:R&B CHH4 *	
Northstar Productions	Drumscapes	DRM:Hip-Hop/Rap -> KIT:Rap Kit 2  * -> Sample	HAT:R&B LHH1 *	
Northstar Productions	Drumscapes	DRM:Hip-Hop/Rap -> KIT:Rap Kit 2  * -> Sample	HAT:R&B OHH2 *	
Northstar Productions	Drumscapes	DRM:Hip-Hop/Rap -> KIT:Rap Kit 2  * -> Sample	HAT:R&B OHH1 *	
Northstar Productions	Drumscapes	DRM:Hip-Hop/Rap -> KIT:Rap Kit 2  * -> Sample	HAT:R&B LHH2 *	
Northstar Productions	Drumscapes	DRM:Hip-Hop/Rap -> KIT:Rap Kit 2  * -> Sample	CYM:R&B Ride1*	
Northstar Productions	Drumscapes	DRM:Hip-Hop/Rap -> KIT:Rap Kit 2  * -> Sample	CYM:R&B RdBl1*	
Northstar Productions	Drumscapes	DRM:Hip-Hop/Rap -> KIT:Rap Kit 2  * -> Sample	CYM:H/H Cym 4*-R	
Northstar Productions	Drumscapes	DRM:Hip-Hop/Rap -> KIT:Rap Kit 2  * -> Sample	CYM:H/H Cym 3*-L	
Northstar Productions	Drumscapes	DRM:Hip-Hop/Rap -> KIT:Rap Kit 2  * -> Sample	CYM:H/H Cym 2*-L	
Northstar Productions	Drumscapes	DRM:Hip-Hop/Rap -> KIT:Rap Kit 2  * -> Sample	TOM:H/H HiT2a*	
Northstar Productions	Drumscapes	DRM:Hip-Hop/Rap -> KIT:Rap Kit 2  * -> Sample	TOM:H/H HiT2b*	
Northstar Productions	Drumscapes	DRM:Hip-Hop/Rap -> KIT:Rap Kit 2  * -> Sample	SNR:P/C Stk2 *	
Northstar Productions	Drumscapes	DRM:Hip-Hop/Rap -> KIT:Rap Kit 3  * -> Patch	KIK:H/H K2     *	
Northstar Productions	Drumscapes	DRM:Hip-Hop/Rap -> KIT:Rap Kit 3  * -> Patch	SNR:H/H Sn1    *	
Northstar Productions	Drumscapes	DRM:Hip-Hop/Rap -> KIT:Rap Kit 3  * -> Patch	SNR:H/H Sn Roll*	
Northstar Productions	Drumscapes	DRM:Hip-Hop/Rap -> KIT:Rap Kit 3  * -> Patch	HAT:H/H Hat 6  *	
Northstar Productions	Drumscapes	DRM:Hip-Hop/Rap -> KIT:Rap Kit 3  * -> Patch	CYM:H/H Rd/Cp1 *	
Northstar Productions	Drumscapes	DRM:Hip-Hop/Rap -> KIT:Rap Kit 3  * -> Patch	CYM:H/H Crsh 3 *	
Northstar Productions	Drumscapes	DRM:Hip-Hop/Rap -> KIT:Rap Kit 3  * -> Patch	CYM:H/H Crsh 5S*	
Northstar Productions	Drumscapes	DRM:Hip-Hop/Rap -> KIT:Rap Kit 3  * -> Patch	TOM:H/H Toms 2 *	
Northstar Productions	Drumscapes	DRM:Hip-Hop/Rap -> KIT:Rap Kit 3  * -> Patch	SNR:H/H Stick  *	
Northstar Productions	Drumscapes	DRM:Hip-Hop/Rap -> KIT:Rap Kit 3  * -> Sample	KIK:H/H RapK1a *	
Northstar Productions	Drumscapes	DRM:Hip-Hop/Rap -> KIT:Rap Kit 3  * -> Sample	KIK:H/H RapK1b *	
Northstar Productions	Drumscapes	DRM:Hip-Hop/Rap -> KIT:Rap Kit 3  * -> Sample	KIK:H/H K2a    *	
Northstar Productions	Drumscapes	DRM:Hip-Hop/Rap -> KIT:Rap Kit 3  * -> Sample	KIK:H/H K2b    *	
Northstar Productions	Drumscapes	DRM:Hip-Hop/Rap -> KIT:Rap Kit 3  * -> Sample	SNR:H/H Sn1 *	
Northstar Productions	Drumscapes	DRM:Hip-Hop/Rap -> KIT:Rap Kit 3  * -> Sample	SNR:H/H Sn1*	
Northstar Productions	Drumscapes	DRM:Hip-Hop/Rap -> KIT:Rap Kit 3  * -> Sample	SNR:H/H Sn2*	
Northstar Productions	Drumscapes	DRM:Hip-Hop/Rap -> KIT:Rap Kit 3  * -> Sample	SNR:H/H SnRll*	
Northstar Productions	Drumscapes	DRM:Hip-Hop/Rap -> KIT:Rap Kit 3  * -> Sample	HAT:F/S Ped1 *-R	
Northstar Productions	Drumscapes	DRM:Hip-Hop/Rap -> KIT:Rap Kit 3  * -> Sample	HAT:F/S CHH2* -R	
Northstar Productions	Drumscapes	DRM:Hip-Hop/Rap -> KIT:Rap Kit 3  * -> Sample	HAT:F/S LHH4* -R	
Northstar Productions	Drumscapes	DRM:Hip-Hop/Rap -> KIT:Rap Kit 3  * -> Sample	HAT:F/S LHH1*	
Northstar Productions	Drumscapes	DRM:Hip-Hop/Rap -> KIT:Rap Kit 3  * -> Sample	HAT:F/S LHH2* -R	
Northstar Productions	Drumscapes	DRM:Hip-Hop/Rap -> KIT:Rap Kit 3  * -> Sample	CYM:R&B Ride1*	
Northstar Productions	Drumscapes	DRM:Hip-Hop/Rap -> KIT:Rap Kit 3  * -> Sample	CYM:R&B RdBl1*	
Northstar Productions	Drumscapes	DRM:Hip-Hop/Rap -> KIT:Rap Kit 3  * -> Sample	CYM:H/H Cym 5*	
Northstar Productions	Drumscapes	DRM:Hip-Hop/Rap -> KIT:Rap Kit 3  * -> Sample	TOM:H/H HiT2a*	
Northstar Productions	Drumscapes	DRM:Hip-Hop/Rap -> KIT:Rap Kit 3  * -> Sample	TOM:H/H HiT2b*	
Northstar Productions	Drumscapes	DRM:Hip-Hop/Rap -> KIT:Rap Kit 3  * -> Sample	SNR:P/C Stk2 *	
Northstar Productions	Drumscapes	DRM:Hip-Hop/Rap -> KIK:H/H Kicks  * -> Patch	KIK:H/H KikMenu*	
Northstar Productions	Drumscapes	DRM:Hip-Hop/Rap -> KIK:H/H Kicks  * -> Patch	KIK:H/H K1     *	
Northstar Productions	Drumscapes	DRM:Hip-Hop/Rap -> KIK:H/H Kicks  * -> Patch	KIK:H/H K2     *	
Northstar Productions	Drumscapes	DRM:Hip-Hop/Rap -> KIK:H/H Kicks  * -> Patch	KIK:H/H K3     *	
Northstar Productions	Drumscapes	DRM:Hip-Hop/Rap -> KIK:H/H Kicks  * -> Patch	KIK:H/H K4     *	
Northstar Productions	Drumscapes	DRM:Hip-Hop/Rap -> KIK:H/H Kicks  * -> Patch	KIK:H/H Rap K1 *	
Northstar Productions	Drumscapes	DRM:Hip-Hop/Rap -> KIK:H/H Kicks  * -> Patch	KIK:H/H Rap K2 *	
Northstar Productions	Drumscapes	DRM:Hip-Hop/Rap -> KIK:H/H Kicks  * -> Patch	KIK:H/H Rap K3 *	
Northstar Productions	Drumscapes	DRM:Hip-Hop/Rap -> KIK:H/H Kicks  * -> Patch	KIK:H/H Rap K4 *	
Northstar Productions	Drumscapes	DRM:Hip-Hop/Rap -> KIK:H/H Kicks  * -> Sample	KIK:H/H K3*	
Northstar Productions	Drumscapes	DRM:Hip-Hop/Rap -> KIK:H/H Kicks  * -> Sample	KIK:H/H K2*	
Northstar Productions	Drumscapes	DRM:Hip-Hop/Rap -> KIK:H/H Kicks  * -> Sample	KIK:H/H K1a  *	
Northstar Productions	Drumscapes	DRM:Hip-Hop/Rap -> KIK:H/H Kicks  * -> Sample	KIK:H/H K1b  *	
Northstar Productions	Drumscapes	DRM:Hip-Hop/Rap -> KIK:H/H Kicks  * -> Sample	KIK:H/H K2a    *	
Northstar Productions	Drumscapes	DRM:Hip-Hop/Rap -> KIK:H/H Kicks  * -> Sample	KIK:H/H K2b    *	
Northstar Productions	Drumscapes	DRM:Hip-Hop/Rap -> KIK:H/H Kicks  * -> Sample	KIK:H/H RapK1a *	
Northstar Productions	Drumscapes	DRM:Hip-Hop/Rap -> KIK:H/H Kicks  * -> Sample	KIK:H/H RapK1b *	
Northstar Productions	Drumscapes	DRM:Hip-Hop/Rap -> KIK:H/H Kicks  * -> Sample	KIK:H/H RapK1c *	
Northstar Productions	Drumscapes	DRM:Hip-Hop/Rap -> KIK:H/H Kicks  * -> Sample	KIK:H/H RapK2a *	
Northstar Productions	Drumscapes	DRM:Hip-Hop/Rap -> KIK:H/H Kicks  * -> Sample	KIK:H/H RapK2b *	
Northstar Productions	Drumscapes	DRM:Hip-Hop/Rap -> KIK:H/H Kicks  * -> Sample	KIK:H/H RapK2c *	
Northstar Productions	Drumscapes	DRM:Hip-Hop/Rap -> SNR:H/H Snares * -> Patch	SNR:H/H Sn Menu*	
Northstar Productions	Drumscapes	DRM:Hip-Hop/Rap -> SNR:H/H Snares * -> Patch	SNR:H/H Sn1    *	
Northstar Productions	Drumscapes	DRM:Hip-Hop/Rap -> SNR:H/H Snares * -> Patch	SNR:H/H Sn2    *	
Northstar Productions	Drumscapes	DRM:Hip-Hop/Rap -> SNR:H/H Snares * -> Patch	SNR:H/H Sn3    *	
Northstar Productions	Drumscapes	DRM:Hip-Hop/Rap -> SNR:H/H Snares * -> Patch	SNR:H/H Sn4    *	
Northstar Productions	Drumscapes	DRM:Hip-Hop/Rap -> SNR:H/H Snares * -> Patch	SNR:H/H Sn5    *	
Northstar Productions	Drumscapes	DRM:Hip-Hop/Rap -> SNR:H/H Snares * -> Patch	SNR:H/H Sn6    *	
Northstar Productions	Drumscapes	DRM:Hip-Hop/Rap -> SNR:H/H Snares * -> Patch	SNR:H/H Sn7    *	
Northstar Productions	Drumscapes	DRM:Hip-Hop/Rap -> SNR:H/H Snares * -> Sample	SNR:H/H SnRll*	
Northstar Productions	Drumscapes	DRM:Hip-Hop/Rap -> SNR:H/H Snares * -> Sample	SNR:H/H Sn7 *	
Northstar Productions	Drumscapes	DRM:Hip-Hop/Rap -> SNR:H/H Snares * -> Sample	SNR:H/H Sn8 *	
Northstar Productions	Drumscapes	DRM:Hip-Hop/Rap -> SNR:H/H Snares * -> Sample	SNR:H/H Sn6 *	
Northstar Productions	Drumscapes	DRM:Hip-Hop/Rap -> SNR:H/H Snares * -> Sample	SNR:H/H Sn4 *	
Northstar Productions	Drumscapes	DRM:Hip-Hop/Rap -> SNR:H/H Snares * -> Sample	SNR:H/H Sn5 *	
Northstar Productions	Drumscapes	DRM:Hip-Hop/Rap -> SNR:H/H Snares * -> Sample	SNR:H/H Sn3 *	
Northstar Productions	Drumscapes	DRM:Hip-Hop/Rap -> SNR:H/H Snares * -> Sample	SNR:H/H Sn2 *	
Northstar Productions	Drumscapes	DRM:Hip-Hop/Rap -> SNR:H/H Snares * -> Sample	SNR:H/H Sn1 *	
Northstar Productions	Drumscapes	DRM:Hip-Hop/Rap -> SNR:H/H Snares * -> Sample	SNR:H/H Sn1*	
Northstar Productions	Drumscapes	DRM:Hip-Hop/Rap -> SNR:H/H Snares * -> Sample	SNR:H/H Sn2*	
Northstar Productions	Drumscapes	DRM:Hip-Hop/Rap -> SNR:H/H Snares * -> Sample	SNR:H/H Sn3*	
Northstar Productions	Drumscapes	DRM:Hip-Hop/Rap -> SNR:H/H Snares * -> Sample	SNR:H/H Sn4*	
Northstar Productions	Drumscapes	DRM:Hip-Hop/Rap -> SNR:H/H Snares * -> Sample	SNR:H/H Sn5*	
Northstar Productions	Drumscapes	DRM:Hip-Hop/Rap -> SNR:H/H Snares * -> Sample	SNR:H/H Sn6*	
Northstar Productions	Drumscapes	DRM:Hip-Hop/Rap -> TOM:H/H Toms   * -> Patch	TOM:H/H TomMenu*	
Northstar Productions	Drumscapes	DRM:Hip-Hop/Rap -> TOM:H/H Toms   * -> Patch	TOM:H/H Tom 1  *	
Northstar Productions	Drumscapes	DRM:Hip-Hop/Rap -> TOM:H/H Toms   * -> Patch	TOM:H/H Toms 2 *	
Northstar Productions	Drumscapes	DRM:Hip-Hop/Rap -> TOM:H/H Toms   * -> Sample	TOM:H/H HiT2a*	
Northstar Productions	Drumscapes	DRM:Hip-Hop/Rap -> TOM:H/H Toms   * -> Sample	TOM:H/H HiT2b*	
Northstar Productions	Drumscapes	DRM:Hip-Hop/Rap -> TOM:H/H Toms   * -> Sample	TOM:H/H HiT1a  *	
Northstar Productions	Drumscapes	DRM:Hip-Hop/Rap -> TOM:H/H Toms   * -> Sample	TOM:H/H HiT1b  *	
Northstar Productions	Drumscapes	DRM:Hip-Hop/Rap -> HAT:H/H Hats   * -> Patch	HAT:H/H HatMenu*	
Northstar Productions	Drumscapes	DRM:Hip-Hop/Rap -> HAT:H/H Hats   * -> Patch	HAT:H/H Hat 1  *	
Northstar Productions	Drumscapes	DRM:Hip-Hop/Rap -> HAT:H/H Hats   * -> Patch	HAT:H/H Hat 2  *	
Northstar Productions	Drumscapes	DRM:Hip-Hop/Rap -> HAT:H/H Hats   * -> Patch	HAT:H/H Hat 3  *	
Northstar Productions	Drumscapes	DRM:Hip-Hop/Rap -> HAT:H/H Hats   * -> Patch	HAT:H/H Hat 4  *	
Northstar Productions	Drumscapes	DRM:Hip-Hop/Rap -> HAT:H/H Hats   * -> Patch	HAT:H/H Hat 5  *	
Northstar Productions	Drumscapes	DRM:Hip-Hop/Rap -> HAT:H/H Hats   * -> Patch	HAT:H/H Hat 6  *	
Northstar Productions	Drumscapes	DRM:Hip-Hop/Rap -> HAT:H/H Hats   * -> Patch	HAT:H/H Hat 7  *	
Northstar Productions	Drumscapes	DRM:Hip-Hop/Rap -> HAT:H/H Hats   * -> Sample	HAT:H/H Ped 1  *	
Northstar Productions	Drumscapes	DRM:Hip-Hop/Rap -> HAT:H/H Hats   * -> Sample	HAT:H/H CHH1a  *	
Northstar Productions	Drumscapes	DRM:Hip-Hop/Rap -> HAT:H/H Hats   * -> Sample	HAT:H/H CHH1b  *	
Northstar Productions	Drumscapes	DRM:Hip-Hop/Rap -> HAT:H/H Hats   * -> Sample	HAT:H/H CHH1c  *	
Northstar Productions	Drumscapes	DRM:Hip-Hop/Rap -> HAT:H/H Hats   * -> Sample	HAT:H/H LHH1a  *	
Northstar Productions	Drumscapes	DRM:Hip-Hop/Rap -> HAT:H/H Hats   * -> Sample	HAT:H/H LHH1b  *	
Northstar Productions	Drumscapes	DRM:Hip-Hop/Rap -> HAT:H/H Hats   * -> Sample	HAT:H/H LHH1c  *	
Northstar Productions	Drumscapes	DRM:Hip-Hop/Rap -> HAT:H/H Hats   * -> Sample	HAT:H/H OHH 1  *	
Northstar Productions	Drumscapes	DRM:Hip-Hop/Rap -> HAT:H/H Hats   * -> Sample	HAT:H/H OHH 2  *	
Northstar Productions	Drumscapes	DRM:Hip-Hop/Rap -> HAT:H/H Hats   * -> Sample	HAT:F/S Ped1 *-R	
Northstar Productions	Drumscapes	DRM:Hip-Hop/Rap -> HAT:H/H Hats   * -> Sample	HAT:F/S CHH2* -R	
Northstar Productions	Drumscapes	DRM:Hip-Hop/Rap -> HAT:H/H Hats   * -> Sample	HAT:F/S LHH4* -R	
Northstar Productions	Drumscapes	DRM:Hip-Hop/Rap -> HAT:H/H Hats   * -> Sample	HAT:F/S LHH1*	
Northstar Productions	Drumscapes	DRM:Hip-Hop/Rap -> HAT:H/H Hats   * -> Sample	HAT:F/S LHH2* -R	
Northstar Productions	Drumscapes	DRM:Hip-Hop/Rap -> HAT:H/H Hats   * -> Sample	HAT:R&B PHH1 *	
Northstar Productions	Drumscapes	DRM:Hip-Hop/Rap -> HAT:H/H Hats   * -> Sample	HAT:R&B CHH1 *	
Northstar Productions	Drumscapes	DRM:Hip-Hop/Rap -> HAT:H/H Hats   * -> Sample	HAT:R&B CHH2 *	
Northstar Productions	Drumscapes	DRM:Hip-Hop/Rap -> HAT:H/H Hats   * -> Sample	HAT:R&B CHH3 *	
Northstar Productions	Drumscapes	DRM:Hip-Hop/Rap -> HAT:H/H Hats   * -> Sample	HAT:R&B CHH4 *	
Northstar Productions	Drumscapes	DRM:Hip-Hop/Rap -> HAT:H/H Hats   * -> Sample	HAT:R&B LHH1 *	
Northstar Productions	Drumscapes	DRM:Hip-Hop/Rap -> HAT:H/H Hats   * -> Sample	HAT:R&B OHH2 *	
Northstar Productions	Drumscapes	DRM:Hip-Hop/Rap -> HAT:H/H Hats   * -> Sample	HAT:R&B OHH1 *	
Northstar Productions	Drumscapes	DRM:Hip-Hop/Rap -> HAT:H/H Hats   * -> Sample	HAT:R&B LHH2 *	
Northstar Productions	Drumscapes	DRM:Hip-Hop/Rap -> CYM:H/H Cymbals* -> Patch	CYM:H/H CymMenu*	
Northstar Productions	Drumscapes	DRM:Hip-Hop/Rap -> CYM:H/H Cymbals* -> Patch	CYM:H/H Crsh 1 *	
Northstar Productions	Drumscapes	DRM:Hip-Hop/Rap -> CYM:H/H Cymbals* -> Patch	CYM:H/H Crsh 2 *	
Northstar Productions	Drumscapes	DRM:Hip-Hop/Rap -> CYM:H/H Cymbals* -> Patch	CYM:H/H Crsh 3 *	
Northstar Productions	Drumscapes	DRM:Hip-Hop/Rap -> CYM:H/H Cymbals* -> Patch	CYM:H/H Crsh 4 *	
Northstar Productions	Drumscapes	DRM:Hip-Hop/Rap -> CYM:H/H Cymbals* -> Patch	CYM:H/H Crsh 1S*	
Northstar Productions	Drumscapes	DRM:Hip-Hop/Rap -> CYM:H/H Cymbals* -> Patch	CYM:H/H Crsh 2S*	
Northstar Productions	Drumscapes	DRM:Hip-Hop/Rap -> CYM:H/H Cymbals* -> Patch	CYM:H/H Crsh 3S*	
Northstar Productions	Drumscapes	DRM:Hip-Hop/Rap -> CYM:H/H Cymbals* -> Patch	CYM:H/H Crsh 4S*	
Northstar Productions	Drumscapes	DRM:Hip-Hop/Rap -> CYM:H/H Cymbals* -> Patch	CYM:H/H Crsh 5S*	
Northstar Productions	Drumscapes	DRM:Hip-Hop/Rap -> CYM:H/H Cymbals* -> Patch	CYM:H/H Rd/Cp1 *	
Northstar Productions	Drumscapes	DRM:Hip-Hop/Rap -> CYM:H/H Cymbals* -> Sample	CYM:H/H Cym 3*	
Northstar Productions	Drumscapes	DRM:Hip-Hop/Rap -> CYM:H/H Cymbals* -> Sample	CYM:H/H Cym 2*	
Northstar Productions	Drumscapes	DRM:Hip-Hop/Rap -> CYM:H/H Cymbals* -> Sample	CYM:H/H Cym 5*	
Northstar Productions	Drumscapes	DRM:Hip-Hop/Rap -> CYM:H/H Cymbals* -> Sample	CYM:H/H Cym 1*	
Northstar Productions	Drumscapes	DRM:Hip-Hop/Rap -> CYM:H/H Cymbals* -> Sample	CYM:H/H Cym 4*	
Northstar Productions	Drumscapes	DRM:Hip-Hop/Rap -> CYM:H/H Cymbals* -> Sample	CYM:R&B Ride1*	
Northstar Productions	Drumscapes	DRM:Hip-Hop/Rap -> CYM:H/H Cymbals* -> Sample	CYM:R&B RdBl1*	
Northstar Productions	Drumscapes	DRM:Funk -> KIT:Funk Kit 1 * -> Patch	KIK:Funk K1    *	
Northstar Productions	Drumscapes	DRM:Funk -> KIT:Funk Kit 1 * -> Patch	SNR:Funk Sn1   *	
Northstar Productions	Drumscapes	DRM:Funk -> KIT:Funk Kit 1 * -> Patch	SNR:Funk SnBuzz*	
Northstar Productions	Drumscapes	DRM:Funk -> KIT:Funk Kit 1 * -> Patch	HAT:R&B Hat 1  *	
Northstar Productions	Drumscapes	DRM:Funk -> KIT:Funk Kit 1 * -> Patch	CYM:R&B Rd/Cp M*	
Northstar Productions	Drumscapes	DRM:Funk -> KIT:Funk Kit 1 * -> Patch	CYM:R&B Cr4    *	
Northstar Productions	Drumscapes	DRM:Funk -> KIT:Funk Kit 1 * -> Patch	CYM:R&B Cr1    *	
Northstar Productions	Drumscapes	DRM:Funk -> KIT:Funk Kit 1 * -> Patch	TOM:R&B Toms 1 *	
Northstar Productions	Drumscapes	DRM:Funk -> KIT:Funk Kit 1 * -> Patch	SNR:P/C Stick1 *	
Northstar Productions	Drumscapes	DRM:Funk -> KIT:Funk Kit 1 * -> Sample	KIK:Fnk K1   *	
Northstar Productions	Drumscapes	DRM:Funk -> KIT:Funk Kit 1 * -> Sample	KIK:Fnk K2   *	
Northstar Productions	Drumscapes	DRM:Funk -> KIT:Funk Kit 1 * -> Sample	SNR:Fnk Sn1a*	
Northstar Productions	Drumscapes	DRM:Funk -> KIT:Funk Kit 1 * -> Sample	SNR:Fnk Sn1b*	
Northstar Productions	Drumscapes	DRM:Funk -> KIT:Funk Kit 1 * -> Sample	SNR:Fnk Sn1 *	
Northstar Productions	Drumscapes	DRM:Funk -> KIT:Funk Kit 1 * -> Sample	SNR:Fnk Sn1c*	
Northstar Productions	Drumscapes	DRM:Funk -> KIT:Funk Kit 1 * -> Sample	SNR:Fnk Sn1d*	
Northstar Productions	Drumscapes	DRM:Funk -> KIT:Funk Kit 1 * -> Sample	HAT:R&B PHH1 *	
Northstar Productions	Drumscapes	DRM:Funk -> KIT:Funk Kit 1 * -> Sample	HAT:R&B CHH1 *	
Northstar Productions	Drumscapes	DRM:Funk -> KIT:Funk Kit 1 * -> Sample	HAT:R&B CHH2 *	
Northstar Productions	Drumscapes	DRM:Funk -> KIT:Funk Kit 1 * -> Sample	HAT:R&B CHH3 *	
Northstar Productions	Drumscapes	DRM:Funk -> KIT:Funk Kit 1 * -> Sample	HAT:R&B CHH4 *	
Northstar Productions	Drumscapes	DRM:Funk -> KIT:Funk Kit 1 * -> Sample	HAT:R&B LHH1 *	
Northstar Productions	Drumscapes	DRM:Funk -> KIT:Funk Kit 1 * -> Sample	HAT:R&B OHH2 *	
Northstar Productions	Drumscapes	DRM:Funk -> KIT:Funk Kit 1 * -> Sample	HAT:R&B OHH1 *	
Northstar Productions	Drumscapes	DRM:Funk -> KIT:Funk Kit 1 * -> Sample	HAT:R&B LHH2 *	
Northstar Productions	Drumscapes	DRM:Funk -> KIT:Funk Kit 1 * -> Sample	CYM:R&B Ride1*	
Northstar Productions	Drumscapes	DRM:Funk -> KIT:Funk Kit 1 * -> Sample	CYM:R&B RdBl1*	
Northstar Productions	Drumscapes	DRM:Funk -> KIT:Funk Kit 1 * -> Sample	CYM:R&B Crsh4*	
Northstar Productions	Drumscapes	DRM:Funk -> KIT:Funk Kit 1 * -> Sample	CYM:R&B Crsh1*	
Northstar Productions	Drumscapes	DRM:Funk -> KIT:Funk Kit 1 * -> Sample	TOM:R&B LTom2*	
Northstar Productions	Drumscapes	DRM:Funk -> KIT:Funk Kit 1 * -> Sample	TOM:R&B LTom3*	
Northstar Productions	Drumscapes	DRM:Funk -> KIT:Funk Kit 1 * -> Sample	TOM:R&B LTom1*	
Northstar Productions	Drumscapes	DRM:Funk -> KIT:Funk Kit 1 * -> Sample	TOM:R&B MTom1*	
Northstar Productions	Drumscapes	DRM:Funk -> KIT:Funk Kit 1 * -> Sample	TOM:R&B MTom2*	
Northstar Productions	Drumscapes	DRM:Funk -> KIT:Funk Kit 1 * -> Sample	TOM:R&B HTom1*	
Northstar Productions	Drumscapes	DRM:Funk -> KIT:Funk Kit 1 * -> Sample	TOM:R&B HTom2*	
Northstar Productions	Drumscapes	DRM:Funk -> KIT:Funk Kit 1 * -> Sample	SNR:P/C Stk1 *	
Northstar Productions	Drumscapes	DRM:Funk -> KIT:Funk Kit 2 * -> Patch	KIK:Funk K2    *	
Northstar Productions	Drumscapes	DRM:Funk -> KIT:Funk Kit 2 * -> Patch	SNR:Funk Sn2   *	
Northstar Productions	Drumscapes	DRM:Funk -> KIT:Funk Kit 2 * -> Patch	SNR:H/H Sn Buzz*	
Northstar Productions	Drumscapes	DRM:Funk -> KIT:Funk Kit 2 * -> Patch	HAT:R&B Hat 1  *	
Northstar Productions	Drumscapes	DRM:Funk -> KIT:Funk Kit 2 * -> Patch	CYM:R&B Rd/Cp M*	
Northstar Productions	Drumscapes	DRM:Funk -> KIT:Funk Kit 2 * -> Patch	CYM:R&B Cr4    *	
Northstar Productions	Drumscapes	DRM:Funk -> KIT:Funk Kit 2 * -> Patch	CYM:R&B Cr1    *	
Northstar Productions	Drumscapes	DRM:Funk -> KIT:Funk Kit 2 * -> Patch	TOM:R&B Toms 1 *	
Northstar Productions	Drumscapes	DRM:Funk -> KIT:Funk Kit 2 * -> Patch	SNR:P/C Stick1 *	
Northstar Productions	Drumscapes	DRM:Funk -> KIT:Funk Kit 2 * -> Sample	KIK:Fnk K4*	
Northstar Productions	Drumscapes	DRM:Funk -> KIT:Funk Kit 2 * -> Sample	KIK:Fnk K5*	
Northstar Productions	Drumscapes	DRM:Funk -> KIT:Funk Kit 2 * -> Sample	SNR:Fnk Sn2 *	
Northstar Productions	Drumscapes	DRM:Funk -> KIT:Funk Kit 2 * -> Sample	SNR:Fnk Sn6 *	
Northstar Productions	Drumscapes	DRM:Funk -> KIT:Funk Kit 2 * -> Sample	SNR:Fnk Sn1 *	
Northstar Productions	Drumscapes	DRM:Funk -> KIT:Funk Kit 2 * -> Sample	SNR:Fnk Sn7 *	
Northstar Productions	Drumscapes	DRM:Funk -> KIT:Funk Kit 2 * -> Sample	SNR:R&B SnBz2*	
Northstar Productions	Drumscapes	DRM:Funk -> KIT:Funk Kit 2 * -> Sample	HAT:R&B PHH1 *	
Northstar Productions	Drumscapes	DRM:Funk -> KIT:Funk Kit 2 * -> Sample	HAT:R&B CHH1 *	
Northstar Productions	Drumscapes	DRM:Funk -> KIT:Funk Kit 2 * -> Sample	HAT:R&B CHH2 *	
Northstar Productions	Drumscapes	DRM:Funk -> KIT:Funk Kit 2 * -> Sample	HAT:R&B CHH3 *	
Northstar Productions	Drumscapes	DRM:Funk -> KIT:Funk Kit 2 * -> Sample	HAT:R&B CHH4 *	
Northstar Productions	Drumscapes	DRM:Funk -> KIT:Funk Kit 2 * -> Sample	HAT:R&B LHH1 *	
Northstar Productions	Drumscapes	DRM:Funk -> KIT:Funk Kit 2 * -> Sample	HAT:R&B OHH2 *	
Northstar Productions	Drumscapes	DRM:Funk -> KIT:Funk Kit 2 * -> Sample	HAT:R&B OHH1 *	
Northstar Productions	Drumscapes	DRM:Funk -> KIT:Funk Kit 2 * -> Sample	HAT:R&B LHH2 *	
Northstar Productions	Drumscapes	DRM:Funk -> KIT:Funk Kit 2 * -> Sample	CYM:R&B Ride1*	
Northstar Productions	Drumscapes	DRM:Funk -> KIT:Funk Kit 2 * -> Sample	CYM:R&B RdBl1*	
Northstar Productions	Drumscapes	DRM:Funk -> KIT:Funk Kit 2 * -> Sample	CYM:R&B Crsh4*	
Northstar Productions	Drumscapes	DRM:Funk -> KIT:Funk Kit 2 * -> Sample	CYM:R&B Crsh1*	
Northstar Productions	Drumscapes	DRM:Funk -> KIT:Funk Kit 2 * -> Sample	TOM:R&B LTom2*	
Northstar Productions	Drumscapes	DRM:Funk -> KIT:Funk Kit 2 * -> Sample	TOM:R&B LTom3*	
Northstar Productions	Drumscapes	DRM:Funk -> KIT:Funk Kit 2 * -> Sample	TOM:R&B LTom1*	
Northstar Productions	Drumscapes	DRM:Funk -> KIT:Funk Kit 2 * -> Sample	TOM:R&B MTom1*	
Northstar Productions	Drumscapes	DRM:Funk -> KIT:Funk Kit 2 * -> Sample	TOM:R&B MTom2*	
Northstar Productions	Drumscapes	DRM:Funk -> KIT:Funk Kit 2 * -> Sample	TOM:R&B HTom1*	
Northstar Productions	Drumscapes	DRM:Funk -> KIT:Funk Kit 2 * -> Sample	TOM:R&B HTom2*	
Northstar Productions	Drumscapes	DRM:Funk -> KIT:Funk Kit 2 * -> Sample	SNR:P/C Stk1 *	
Northstar Productions	Drumscapes	DRM:Funk -> KIT:Funk Kit 3 * -> Patch	KIK:Funk K6    *	
Northstar Productions	Drumscapes	DRM:Funk -> KIT:Funk Kit 3 * -> Patch	SNR:Funk Sn6   *	
Northstar Productions	Drumscapes	DRM:Funk -> KIT:Funk Kit 3 * -> Patch	SNR:H/H Sn Buzz*	
Northstar Productions	Drumscapes	DRM:Funk -> KIT:Funk Kit 3 * -> Patch	HAT:R&B Hat 1  *	
Northstar Productions	Drumscapes	DRM:Funk -> KIT:Funk Kit 3 * -> Patch	CYM:R&B Rd/Cp M*	
Northstar Productions	Drumscapes	DRM:Funk -> KIT:Funk Kit 3 * -> Patch	CYM:R&B Cr4    *	
Northstar Productions	Drumscapes	DRM:Funk -> KIT:Funk Kit 3 * -> Patch	CYM:R&B Cr1    *	
Northstar Productions	Drumscapes	DRM:Funk -> KIT:Funk Kit 3 * -> Patch	TOM:R&B Toms 1 *	
Northstar Productions	Drumscapes	DRM:Funk -> KIT:Funk Kit 3 * -> Patch	SNR:P/C Stick1 *	
Northstar Productions	Drumscapes	DRM:Funk -> KIT:Funk Kit 3 * -> Sample	KIK:Fnk K11*	
Northstar Productions	Drumscapes	DRM:Funk -> KIT:Funk Kit 3 * -> Sample	KIK:Fnk K2   *	
Northstar Productions	Drumscapes	DRM:Funk -> KIT:Funk Kit 3 * -> Sample	SNR:Fnk Sn7 *	
Northstar Productions	Drumscapes	DRM:Funk -> KIT:Funk Kit 3 * -> Sample	SNR:Fnk Sn8 *	
Northstar Productions	Drumscapes	DRM:Funk -> KIT:Funk Kit 3 * -> Sample	SNR:R&B SnBz2*	
Northstar Productions	Drumscapes	DRM:Funk -> KIT:Funk Kit 3 * -> Sample	HAT:R&B PHH1 *	
Northstar Productions	Drumscapes	DRM:Funk -> KIT:Funk Kit 3 * -> Sample	HAT:R&B CHH1 *	
Northstar Productions	Drumscapes	DRM:Funk -> KIT:Funk Kit 3 * -> Sample	HAT:R&B CHH2 *	
Northstar Productions	Drumscapes	DRM:Funk -> KIT:Funk Kit 3 * -> Sample	HAT:R&B CHH3 *	
Northstar Productions	Drumscapes	DRM:Funk -> KIT:Funk Kit 3 * -> Sample	HAT:R&B CHH4 *	
Northstar Productions	Drumscapes	DRM:Funk -> KIT:Funk Kit 3 * -> Sample	HAT:R&B LHH1 *	
Northstar Productions	Drumscapes	DRM:Funk -> KIT:Funk Kit 3 * -> Sample	HAT:R&B OHH2 *	
Northstar Productions	Drumscapes	DRM:Funk -> KIT:Funk Kit 3 * -> Sample	HAT:R&B OHH1 *	
Northstar Productions	Drumscapes	DRM:Funk -> KIT:Funk Kit 3 * -> Sample	HAT:R&B LHH2 *	
Northstar Productions	Drumscapes	DRM:Funk -> KIT:Funk Kit 3 * -> Sample	CYM:R&B Ride1*	
Northstar Productions	Drumscapes	DRM:Funk -> KIT:Funk Kit 3 * -> Sample	CYM:R&B RdBl1*	
Northstar Productions	Drumscapes	DRM:Funk -> KIT:Funk Kit 3 * -> Sample	CYM:R&B Crsh4*	
Northstar Productions	Drumscapes	DRM:Funk -> KIT:Funk Kit 3 * -> Sample	CYM:R&B Crsh1*	
Northstar Productions	Drumscapes	DRM:Funk -> KIT:Funk Kit 3 * -> Sample	TOM:R&B LTom2*	
Northstar Productions	Drumscapes	DRM:Funk -> KIT:Funk Kit 3 * -> Sample	TOM:R&B LTom3*	
Northstar Productions	Drumscapes	DRM:Funk -> KIT:Funk Kit 3 * -> Sample	TOM:R&B LTom1*	
Northstar Productions	Drumscapes	DRM:Funk -> KIT:Funk Kit 3 * -> Sample	TOM:R&B MTom1*	
Northstar Productions	Drumscapes	DRM:Funk -> KIT:Funk Kit 3 * -> Sample	TOM:R&B MTom2*	
Northstar Productions	Drumscapes	DRM:Funk -> KIT:Funk Kit 3 * -> Sample	TOM:R&B HTom1*	
Northstar Productions	Drumscapes	DRM:Funk -> KIT:Funk Kit 3 * -> Sample	TOM:R&B HTom2*	
Northstar Productions	Drumscapes	DRM:Funk -> KIT:Funk Kit 3 * -> Sample	SNR:P/C Stk1 *	
Northstar Productions	Drumscapes	DRM:Funk -> KIT:Funk Kit 4 * -> Patch	KIK:Funk K5    *	
Northstar Productions	Drumscapes	DRM:Funk -> KIT:Funk Kit 4 * -> Patch	SNR:Funk Sn4   *	
Northstar Productions	Drumscapes	DRM:Funk -> KIT:Funk Kit 4 * -> Patch	SNR:H/H Sn Buzz*	
Northstar Productions	Drumscapes	DRM:Funk -> KIT:Funk Kit 4 * -> Patch	HAT:R&B Hat 1  *	
Northstar Productions	Drumscapes	DRM:Funk -> KIT:Funk Kit 4 * -> Patch	CYM:R&B Rd/Cp M*	
Northstar Productions	Drumscapes	DRM:Funk -> KIT:Funk Kit 4 * -> Patch	CYM:R&B Cr4    *	
Northstar Productions	Drumscapes	DRM:Funk -> KIT:Funk Kit 4 * -> Patch	CYM:R&B Cr1    *	
Northstar Productions	Drumscapes	DRM:Funk -> KIT:Funk Kit 4 * -> Patch	TOM:R&B Toms 1 *	
Northstar Productions	Drumscapes	DRM:Funk -> KIT:Funk Kit 4 * -> Patch	SNR:P/C Stick1 *	
Northstar Productions	Drumscapes	DRM:Funk -> KIT:Funk Kit 4 * -> Sample	KIK:Fnk K9*	
Northstar Productions	Drumscapes	DRM:Funk -> KIT:Funk Kit 4 * -> Sample	KIK:Fnk K10*	
Northstar Productions	Drumscapes	DRM:Funk -> KIT:Funk Kit 4 * -> Sample	SNR:Fnk Sn3 *	
Northstar Productions	Drumscapes	DRM:Funk -> KIT:Funk Kit 4 * -> Sample	SNR:Fnk Sn4 *	
Northstar Productions	Drumscapes	DRM:Funk -> KIT:Funk Kit 4 * -> Sample	SNR:R&B SnBz2*	
Northstar Productions	Drumscapes	DRM:Funk -> KIT:Funk Kit 4 * -> Sample	HAT:R&B PHH1 *	
Northstar Productions	Drumscapes	DRM:Funk -> KIT:Funk Kit 4 * -> Sample	HAT:R&B CHH1 *	
Northstar Productions	Drumscapes	DRM:Funk -> KIT:Funk Kit 4 * -> Sample	HAT:R&B CHH2 *	
Northstar Productions	Drumscapes	DRM:Funk -> KIT:Funk Kit 4 * -> Sample	HAT:R&B CHH3 *	
Northstar Productions	Drumscapes	DRM:Funk -> KIT:Funk Kit 4 * -> Sample	HAT:R&B CHH4 *	
Northstar Productions	Drumscapes	DRM:Funk -> KIT:Funk Kit 4 * -> Sample	HAT:R&B LHH1 *	
Northstar Productions	Drumscapes	DRM:Funk -> KIT:Funk Kit 4 * -> Sample	HAT:R&B OHH2 *	
Northstar Productions	Drumscapes	DRM:Funk -> KIT:Funk Kit 4 * -> Sample	HAT:R&B OHH1 *	
Northstar Productions	Drumscapes	DRM:Funk -> KIT:Funk Kit 4 * -> Sample	HAT:R&B LHH2 *	
Northstar Productions	Drumscapes	DRM:Funk -> KIT:Funk Kit 4 * -> Sample	CYM:R&B Ride1*	
Northstar Productions	Drumscapes	DRM:Funk -> KIT:Funk Kit 4 * -> Sample	CYM:R&B RdBl1*	
Northstar Productions	Drumscapes	DRM:Funk -> KIT:Funk Kit 4 * -> Sample	CYM:R&B Crsh4*	
Northstar Productions	Drumscapes	DRM:Funk -> KIT:Funk Kit 4 * -> Sample	CYM:R&B Crsh1*	
Northstar Productions	Drumscapes	DRM:Funk -> KIT:Funk Kit 4 * -> Sample	TOM:R&B LTom2*	
Northstar Productions	Drumscapes	DRM:Funk -> KIT:Funk Kit 4 * -> Sample	TOM:R&B LTom3*	
Northstar Productions	Drumscapes	DRM:Funk -> KIT:Funk Kit 4 * -> Sample	TOM:R&B LTom1*	
Northstar Productions	Drumscapes	DRM:Funk -> KIT:Funk Kit 4 * -> Sample	TOM:R&B MTom1*	
Northstar Productions	Drumscapes	DRM:Funk -> KIT:Funk Kit 4 * -> Sample	TOM:R&B MTom2*	
Northstar Productions	Drumscapes	DRM:Funk -> KIT:Funk Kit 4 * -> Sample	TOM:R&B HTom1*	
Northstar Productions	Drumscapes	DRM:Funk -> KIT:Funk Kit 4 * -> Sample	TOM:R&B HTom2*	
Northstar Productions	Drumscapes	DRM:Funk -> KIT:Funk Kit 4 * -> Sample	SNR:P/C Stk1 *	
Northstar Productions	Drumscapes	DRM:Funk -> KIK:Funk Kicks * -> Patch	KIK:Funk K1    *	
Northstar Productions	Drumscapes	DRM:Funk -> KIK:Funk Kicks * -> Patch	KIK:Funk K2    *	
Northstar Productions	Drumscapes	DRM:Funk -> KIK:Funk Kicks * -> Patch	KIK:Funk K3    *	
Northstar Productions	Drumscapes	DRM:Funk -> KIK:Funk Kicks * -> Patch	KIK:Funk K4    *	
Northstar Productions	Drumscapes	DRM:Funk -> KIK:Funk Kicks * -> Patch	KIK:Funk K5    *	
Northstar Productions	Drumscapes	DRM:Funk -> KIK:Funk Kicks * -> Patch	KIK:Funk K6    *	
Northstar Productions	Drumscapes	DRM:Funk -> KIK:Funk Kicks * -> Patch	KIK:Funk K7    *	
Northstar Productions	Drumscapes	DRM:Funk -> KIK:Funk Kicks * -> Sample	KIK:Fnk K1   *	
Northstar Productions	Drumscapes	DRM:Funk -> KIK:Funk Kicks * -> Sample	KIK:Fnk K2   *	
Northstar Productions	Drumscapes	DRM:Funk -> KIK:Funk Kicks * -> Sample	KIK:Fnk K4*	
Northstar Productions	Drumscapes	DRM:Funk -> KIK:Funk Kicks * -> Sample	KIK:Fnk K5*	
Northstar Productions	Drumscapes	DRM:Funk -> KIK:Funk Kicks * -> Sample	KIK:Fnk K6*	
Northstar Productions	Drumscapes	DRM:Funk -> KIK:Funk Kicks * -> Sample	KIK:Fnk K7*	
Northstar Productions	Drumscapes	DRM:Funk -> KIK:Funk Kicks * -> Sample	KIK:Fnk K9*	
Northstar Productions	Drumscapes	DRM:Funk -> KIK:Funk Kicks * -> Sample	KIK:Fnk K8*	
Northstar Productions	Drumscapes	DRM:Funk -> KIK:Funk Kicks * -> Sample	KIK:Fnk K10*	
Northstar Productions	Drumscapes	DRM:Funk -> KIK:Funk Kicks * -> Sample	KIK:Fnk K11*	
Northstar Productions	Drumscapes	DRM:Funk -> KIK:Funk Kicks * -> Sample	KIK:Fnk K12*	
Northstar Productions	Drumscapes	DRM:Funk -> SNR:Funk Snares* -> Patch	SNR:Funk Sn1   *	
Northstar Productions	Drumscapes	DRM:Funk -> SNR:Funk Snares* -> Patch	SNR:Funk Sn2   *	
Northstar Productions	Drumscapes	DRM:Funk -> SNR:Funk Snares* -> Patch	SNR:Funk Sn3   *	
Northstar Productions	Drumscapes	DRM:Funk -> SNR:Funk Snares* -> Patch	SNR:Funk Sn4   *	
Northstar Productions	Drumscapes	DRM:Funk -> SNR:Funk Snares* -> Patch	SNR:Funk Sn5   *	
Northstar Productions	Drumscapes	DRM:Funk -> SNR:Funk Snares* -> Patch	SNR:Funk Sn6   *	
Northstar Productions	Drumscapes	DRM:Funk -> SNR:Funk Snares* -> Sample	SNR:Fnk Sn1a*	
Northstar Productions	Drumscapes	DRM:Funk -> SNR:Funk Snares* -> Sample	SNR:Fnk Sn1b*	
Northstar Productions	Drumscapes	DRM:Funk -> SNR:Funk Snares* -> Sample	SNR:Fnk Sn1 *	
Northstar Productions	Drumscapes	DRM:Funk -> SNR:Funk Snares* -> Sample	SNR:Fnk Sn1c*	
Northstar Productions	Drumscapes	DRM:Funk -> SNR:Funk Snares* -> Sample	SNR:Fnk Sn2 *	
Northstar Productions	Drumscapes	DRM:Funk -> SNR:Funk Snares* -> Sample	SNR:Fnk Sn6 *	
Northstar Productions	Drumscapes	DRM:Funk -> SNR:Funk Snares* -> Sample	SNR:Fnk Sn7 *	
Northstar Productions	Drumscapes	DRM:Funk -> SNR:Funk Snares* -> Sample	SNR:Fnk Sn3 *	
Northstar Productions	Drumscapes	DRM:Funk -> SNR:Funk Snares* -> Sample	SNR:Fnk Sn4 *	
Northstar Productions	Drumscapes	DRM:Funk -> SNR:Funk Snares* -> Sample	SNR:Fnk Sn5 *	
Northstar Productions	Drumscapes	DRM:Funk -> SNR:Funk Snares* -> Sample	SNR:Fnk Sn8 *	
Northstar Productions	Drumscapes	DRM:Motown -> KIT:Motown Kit1* -> Patch	KIK:Motown K1  *	
Northstar Productions	Drumscapes	DRM:Motown -> KIT:Motown Kit1* -> Patch	SNR:Motown Sn4 *	
Northstar Productions	Drumscapes	DRM:Motown -> KIT:Motown Kit1* -> Patch	SNR:Motown SnBz*	
Northstar Productions	Drumscapes	DRM:Motown -> KIT:Motown Kit1* -> Patch	HAT:R&B Hat 1  *	
Northstar Productions	Drumscapes	DRM:Motown -> KIT:Motown Kit1* -> Patch	CYM:H/H Rd/Cp1 *	
Northstar Productions	Drumscapes	DRM:Motown -> KIT:Motown Kit1* -> Patch	CYM:R&B Cr4    *	
Northstar Productions	Drumscapes	DRM:Motown -> KIT:Motown Kit1* -> Patch	CYM:R&B Cr1    *	
Northstar Productions	Drumscapes	DRM:Motown -> KIT:Motown Kit1* -> Patch	TOM:H/H Toms 2 *	
Northstar Productions	Drumscapes	DRM:Motown -> KIT:Motown Kit1* -> Patch	SNR:H/H Stick  *	
Northstar Productions	Drumscapes	DRM:Motown -> KIT:Motown Kit1* -> Sample	KIK:Fnk K2   *	
Northstar Productions	Drumscapes	DRM:Motown -> KIT:Motown Kit1* -> Sample	SNR:Mtwn Sn1 *	
Northstar Productions	Drumscapes	DRM:Motown -> KIT:Motown Kit1* -> Sample	SNR:Mtwn Sn8 *	
Northstar Productions	Drumscapes	DRM:Motown -> KIT:Motown Kit1* -> Sample	SNR:Mtwn Sn3 *	
Northstar Productions	Drumscapes	DRM:Motown -> KIT:Motown Kit1* -> Sample	SNR:Mtwn Sn7 *	
Northstar Productions	Drumscapes	DRM:Motown -> KIT:Motown Kit1* -> Sample	SNR:R&B SnBz2*	
Northstar Productions	Drumscapes	DRM:Motown -> KIT:Motown Kit1* -> Sample	HAT:R&B PHH1 *	
Northstar Productions	Drumscapes	DRM:Motown -> KIT:Motown Kit1* -> Sample	HAT:R&B CHH1 *	
Northstar Productions	Drumscapes	DRM:Motown -> KIT:Motown Kit1* -> Sample	HAT:R&B CHH2 *	
Northstar Productions	Drumscapes	DRM:Motown -> KIT:Motown Kit1* -> Sample	HAT:R&B CHH3 *	
Northstar Productions	Drumscapes	DRM:Motown -> KIT:Motown Kit1* -> Sample	HAT:R&B CHH4 *	
Northstar Productions	Drumscapes	DRM:Motown -> KIT:Motown Kit1* -> Sample	HAT:R&B LHH1 *	
Northstar Productions	Drumscapes	DRM:Motown -> KIT:Motown Kit1* -> Sample	HAT:R&B OHH2 *	
Northstar Productions	Drumscapes	DRM:Motown -> KIT:Motown Kit1* -> Sample	HAT:R&B OHH1 *	
Northstar Productions	Drumscapes	DRM:Motown -> KIT:Motown Kit1* -> Sample	HAT:R&B LHH2 *	
Northstar Productions	Drumscapes	DRM:Motown -> KIT:Motown Kit1* -> Sample	CYM:R&B Ride1*	
Northstar Productions	Drumscapes	DRM:Motown -> KIT:Motown Kit1* -> Sample	CYM:R&B RdBl1*	
Northstar Productions	Drumscapes	DRM:Motown -> KIT:Motown Kit1* -> Sample	CYM:R&B Crsh4*	
Northstar Productions	Drumscapes	DRM:Motown -> KIT:Motown Kit1* -> Sample	CYM:R&B Crsh1*	
Northstar Productions	Drumscapes	DRM:Motown -> KIT:Motown Kit1* -> Sample	TOM:H/H HiT2a*	
Northstar Productions	Drumscapes	DRM:Motown -> KIT:Motown Kit1* -> Sample	TOM:H/H HiT2b*	
Northstar Productions	Drumscapes	DRM:Motown -> KIT:Motown Kit1* -> Sample	SNR:P/C Stk2 *	
Northstar Productions	Drumscapes	DRM:Motown -> KIT:Motown Kit2* -> Patch	KIK:H/H Rap K2 *	
Northstar Productions	Drumscapes	DRM:Motown -> KIT:Motown Kit2* -> Patch	SNR:Motown Sn1 *	
Northstar Productions	Drumscapes	DRM:Motown -> KIT:Motown Kit2* -> Patch	SNR:Motown SnBz*	
Northstar Productions	Drumscapes	DRM:Motown -> KIT:Motown Kit2* -> Patch	HAT:F/S Hat 1M *	
Northstar Productions	Drumscapes	DRM:Motown -> KIT:Motown Kit2* -> Patch	CYM:H/H Rd/Cp1 *	
Northstar Productions	Drumscapes	DRM:Motown -> KIT:Motown Kit2* -> Patch	CYM:R&B Cr4    *	
Northstar Productions	Drumscapes	DRM:Motown -> KIT:Motown Kit2* -> Patch	CYM:R&B Cr1    *	
Northstar Productions	Drumscapes	DRM:Motown -> KIT:Motown Kit2* -> Patch	TOM:H/H Toms 2 *	
Northstar Productions	Drumscapes	DRM:Motown -> KIT:Motown Kit2* -> Patch	SNR:H/H Stick  *	
Northstar Productions	Drumscapes	DRM:Motown -> KIT:Motown Kit2* -> Sample	KIK:H/H RapK1a *	
Northstar Productions	Drumscapes	DRM:Motown -> KIT:Motown Kit2* -> Sample	KIK:H/H RapK1c *	
Northstar Productions	Drumscapes	DRM:Motown -> KIT:Motown Kit2* -> Sample	SNR:Mtwn Sn/s*	
Northstar Productions	Drumscapes	DRM:Motown -> KIT:Motown Kit2* -> Sample	SNR:Mtwn Sn1a*	
Northstar Productions	Drumscapes	DRM:Motown -> KIT:Motown Kit2* -> Sample	SNR:Mtwn Sn2 *	
Northstar Productions	Drumscapes	DRM:Motown -> KIT:Motown Kit2* -> Sample	SNR:Mtwn Sn2a*	
Northstar Productions	Drumscapes	DRM:Motown -> KIT:Motown Kit2* -> Sample	SNR:R&B SnBz2*	
Northstar Productions	Drumscapes	DRM:Motown -> KIT:Motown Kit2* -> Sample	HAT:F/S Ped1 *-R	
Northstar Productions	Drumscapes	DRM:Motown -> KIT:Motown Kit2* -> Sample	HAT:F/S CHH2* -R	
Northstar Productions	Drumscapes	DRM:Motown -> KIT:Motown Kit2* -> Sample	HAT:F/S LHH4* -R	
Northstar Productions	Drumscapes	DRM:Motown -> KIT:Motown Kit2* -> Sample	HAT:F/S LHH1*	
Northstar Productions	Drumscapes	DRM:Motown -> KIT:Motown Kit2* -> Sample	HAT:F/S LHH2* -R	
Northstar Productions	Drumscapes	DRM:Motown -> KIT:Motown Kit2* -> Sample	CYM:R&B Ride1*	
Northstar Productions	Drumscapes	DRM:Motown -> KIT:Motown Kit2* -> Sample	CYM:R&B RdBl1*	
Northstar Productions	Drumscapes	DRM:Motown -> KIT:Motown Kit2* -> Sample	CYM:R&B Crsh4*	
Northstar Productions	Drumscapes	DRM:Motown -> KIT:Motown Kit2* -> Sample	CYM:R&B Crsh1*	
Northstar Productions	Drumscapes	DRM:Motown -> KIT:Motown Kit2* -> Sample	TOM:H/H HiT2a*	
Northstar Productions	Drumscapes	DRM:Motown -> KIT:Motown Kit2* -> Sample	TOM:H/H HiT2b*	
Northstar Productions	Drumscapes	DRM:Motown -> KIT:Motown Kit2* -> Sample	SNR:P/C Stk2 *	
Northstar Productions	Drumscapes	DRM:Motown -> KIT:Motown Kit3* -> Patch	KIK:Motown K1  *	
Northstar Productions	Drumscapes	DRM:Motown -> KIT:Motown Kit3* -> Patch	SNR:Motown Sn2 *	
Northstar Productions	Drumscapes	DRM:Motown -> KIT:Motown Kit3* -> Patch	SNR:Motown SnBz*	
Northstar Productions	Drumscapes	DRM:Motown -> KIT:Motown Kit3* -> Patch	HAT:R&B Hat 1  *	
Northstar Productions	Drumscapes	DRM:Motown -> KIT:Motown Kit3* -> Patch	CYM:R&B Rd/Cp M*	
Northstar Productions	Drumscapes	DRM:Motown -> KIT:Motown Kit3* -> Patch	CYM:R&B Cr4    *	
Northstar Productions	Drumscapes	DRM:Motown -> KIT:Motown Kit3* -> Patch	CYM:R&B Cr1    *	
Northstar Productions	Drumscapes	DRM:Motown -> KIT:Motown Kit3* -> Patch	TOM:R&B Toms 1 *	
Northstar Productions	Drumscapes	DRM:Motown -> KIT:Motown Kit3* -> Patch	SNR:H/H Stick  *	
Northstar Productions	Drumscapes	DRM:Motown -> KIT:Motown Kit3* -> Sample	KIK:Fnk K2   *	
Northstar Productions	Drumscapes	DRM:Motown -> KIT:Motown Kit3* -> Sample	SNR:Mtwn Sn1b*	
Northstar Productions	Drumscapes	DRM:Motown -> KIT:Motown Kit3* -> Sample	SNR:Mtwn Sn2b*	
Northstar Productions	Drumscapes	DRM:Motown -> KIT:Motown Kit3* -> Sample	SNR:Mtwn Sn1a*	
Northstar Productions	Drumscapes	DRM:Motown -> KIT:Motown Kit3* -> Sample	SNR:Mtwn Sn2a*	
Northstar Productions	Drumscapes	DRM:Motown -> KIT:Motown Kit3* -> Sample	SNR:R&B SnBz2*	
Northstar Productions	Drumscapes	DRM:Motown -> KIT:Motown Kit3* -> Sample	HAT:R&B PHH1 *	
Northstar Productions	Drumscapes	DRM:Motown -> KIT:Motown Kit3* -> Sample	HAT:R&B CHH1 *	
Northstar Productions	Drumscapes	DRM:Motown -> KIT:Motown Kit3* -> Sample	HAT:R&B CHH2 *	
Northstar Productions	Drumscapes	DRM:Motown -> KIT:Motown Kit3* -> Sample	HAT:R&B CHH3 *	
Northstar Productions	Drumscapes	DRM:Motown -> KIT:Motown Kit3* -> Sample	HAT:R&B CHH4 *	
Northstar Productions	Drumscapes	DRM:Motown -> KIT:Motown Kit3* -> Sample	HAT:R&B LHH1 *	
Northstar Productions	Drumscapes	DRM:Motown -> KIT:Motown Kit3* -> Sample	HAT:R&B OHH2 *	
Northstar Productions	Drumscapes	DRM:Motown -> KIT:Motown Kit3* -> Sample	HAT:R&B OHH1 *	
Northstar Productions	Drumscapes	DRM:Motown -> KIT:Motown Kit3* -> Sample	HAT:R&B LHH2 *	
Northstar Productions	Drumscapes	DRM:Motown -> KIT:Motown Kit3* -> Sample	CYM:R&B Ride1*	
Northstar Productions	Drumscapes	DRM:Motown -> KIT:Motown Kit3* -> Sample	CYM:R&B RdBl1*	
Northstar Productions	Drumscapes	DRM:Motown -> KIT:Motown Kit3* -> Sample	CYM:R&B Crsh4*	
Northstar Productions	Drumscapes	DRM:Motown -> KIT:Motown Kit3* -> Sample	CYM:R&B Crsh1*	
Northstar Productions	Drumscapes	DRM:Motown -> KIT:Motown Kit3* -> Sample	TOM:R&B LTom2*	
Northstar Productions	Drumscapes	DRM:Motown -> KIT:Motown Kit3* -> Sample	TOM:R&B LTom3*	
Northstar Productions	Drumscapes	DRM:Motown -> KIT:Motown Kit3* -> Sample	TOM:R&B LTom1*	
Northstar Productions	Drumscapes	DRM:Motown -> KIT:Motown Kit3* -> Sample	TOM:R&B MTom1*	
Northstar Productions	Drumscapes	DRM:Motown -> KIT:Motown Kit3* -> Sample	TOM:R&B MTom2*	
Northstar Productions	Drumscapes	DRM:Motown -> KIT:Motown Kit3* -> Sample	TOM:R&B HTom1*	
Northstar Productions	Drumscapes	DRM:Motown -> KIT:Motown Kit3* -> Sample	TOM:R&B HTom2*	
Northstar Productions	Drumscapes	DRM:Motown -> KIT:Motown Kit3* -> Sample	SNR:P/C Stk2 *	
Northstar Productions	Drumscapes	DRM:Motown -> SNR:Motown Snrs* -> Patch	SNR:Motown Sn1 *	
Northstar Productions	Drumscapes	DRM:Motown -> SNR:Motown Snrs* -> Patch	SNR:Motown Sn2 *	
Northstar Productions	Drumscapes	DRM:Motown -> SNR:Motown Snrs* -> Patch	SNR:Motown Sn3 *	
Northstar Productions	Drumscapes	DRM:Motown -> SNR:Motown Snrs* -> Patch	SNR:Motown Sn4 *	
Northstar Productions	Drumscapes	DRM:Motown -> SNR:Motown Snrs* -> Patch	SNR:Motown Sn5 *	
Northstar Productions	Drumscapes	DRM:Motown -> SNR:Motown Snrs* -> Patch	SNR:Motown Sn6 *	
Northstar Productions	Drumscapes	DRM:Motown -> SNR:Motown Snrs* -> Sample	SNR:Mtwn Sn/s*	
Northstar Productions	Drumscapes	DRM:Motown -> SNR:Motown Snrs* -> Sample	SNR:Mtwn Sn1a*	
Northstar Productions	Drumscapes	DRM:Motown -> SNR:Motown Snrs* -> Sample	SNR:Mtwn Sn2 *	
Northstar Productions	Drumscapes	DRM:Motown -> SNR:Motown Snrs* -> Sample	SNR:Mtwn Sn2a*	
Northstar Productions	Drumscapes	DRM:Motown -> SNR:Motown Snrs* -> Sample	SNR:Mtwn Sn1b*	
Northstar Productions	Drumscapes	DRM:Motown -> SNR:Motown Snrs* -> Sample	SNR:Mtwn Sn2b*	
Northstar Productions	Drumscapes	DRM:Motown -> SNR:Motown Snrs* -> Sample	SNR:Mtwn Sn6 *	
Northstar Productions	Drumscapes	DRM:Motown -> SNR:Motown Snrs* -> Sample	SNR:Mtwn Sn3 *	
Northstar Productions	Drumscapes	DRM:Motown -> SNR:Motown Snrs* -> Sample	SNR:Mtwn Sn5 *	
Northstar Productions	Drumscapes	DRM:Motown -> SNR:Motown Snrs* -> Sample	SNR:Mtwn Sn1 *	
Northstar Productions	Drumscapes	DRM:Motown -> SNR:Motown Snrs* -> Sample	SNR:Mtwn Sn8 *	
Northstar Productions	Drumscapes	DRM:Motown -> SNR:Motown Snrs* -> Sample	SNR:Mtwn Sn7 *	
Northstar Productions	Drumscapes	DRM:AC Lite Jazz -> KIT:A/C Kit 1  * -> Patch	KIK:A/C K3     *	
Northstar Productions	Drumscapes	DRM:AC Lite Jazz -> KIT:A/C Kit 1  * -> Patch	SNR:A/C Sn8    *	
Northstar Productions	Drumscapes	DRM:AC Lite Jazz -> KIT:A/C Kit 1  * -> Patch	SNR:A/C Stick2 *	
Northstar Productions	Drumscapes	DRM:AC Lite Jazz -> KIT:A/C Kit 1  * -> Patch	HAT:A/C Hat 1  *	
Northstar Productions	Drumscapes	DRM:AC Lite Jazz -> KIT:A/C Kit 1  * -> Patch	CYM:A/C Ride 1 *	
Northstar Productions	Drumscapes	DRM:AC Lite Jazz -> KIT:A/C Kit 1  * -> Patch	CYM:A/C Crsh 1 *	
Northstar Productions	Drumscapes	DRM:AC Lite Jazz -> KIT:A/C Kit 1  * -> Patch	CYM:A/C Crsh 5 *	
Northstar Productions	Drumscapes	DRM:AC Lite Jazz -> KIT:A/C Kit 1  * -> Patch	TOM:A/C Toms 1 *	
Northstar Productions	Drumscapes	DRM:AC Lite Jazz -> KIT:A/C Kit 1  * -> Patch	CYM:A/C Crsh 2 *	
Northstar Productions	Drumscapes	DRM:AC Lite Jazz -> KIT:A/C Kit 1  * -> Patch	CYM:A/C Crsh 3 *	
Northstar Productions	Drumscapes	DRM:AC Lite Jazz -> KIT:A/C Kit 1  * -> Patch	CYM:A/C Crsh 6 *	
Northstar Productions	Drumscapes	DRM:AC Lite Jazz -> KIT:A/C Kit 1  * -> Patch	SNR:A/C SnRoll1*	
Northstar Productions	Drumscapes	DRM:AC Lite Jazz -> KIT:A/C Kit 1  * -> Sample	KIK:A/C K3a    *	
Northstar Productions	Drumscapes	DRM:AC Lite Jazz -> KIT:A/C Kit 1  * -> Sample	KIK:A/C K3b    *	
Northstar Productions	Drumscapes	DRM:AC Lite Jazz -> KIT:A/C Kit 1  * -> Sample	SNR:A/C Sn3  *	
Northstar Productions	Drumscapes	DRM:AC Lite Jazz -> KIT:A/C Kit 1  * -> Sample	SNR:A/C Sn5  *	
Northstar Productions	Drumscapes	DRM:AC Lite Jazz -> KIT:A/C Kit 1  * -> Sample	SNR:A/C Sn4  *	
Northstar Productions	Drumscapes	DRM:AC Lite Jazz -> KIT:A/C Kit 1  * -> Sample	SNR:A/C Sn6  *	
Northstar Productions	Drumscapes	DRM:AC Lite Jazz -> KIT:A/C Kit 1  * -> Sample	SNR:A/C Stik2*	
Northstar Productions	Drumscapes	DRM:AC Lite Jazz -> KIT:A/C Kit 1  * -> Sample	HAT:A/C Ped 1  *	
Northstar Productions	Drumscapes	DRM:AC Lite Jazz -> KIT:A/C Kit 1  * -> Sample	HAT:A/C CHH 1  *	
Northstar Productions	Drumscapes	DRM:AC Lite Jazz -> KIT:A/C Kit 1  * -> Sample	HAT:A/C CHH 3  *	
Northstar Productions	Drumscapes	DRM:AC Lite Jazz -> KIT:A/C Kit 1  * -> Sample	HAT:A/C CHH 5  *	
Northstar Productions	Drumscapes	DRM:AC Lite Jazz -> KIT:A/C Kit 1  * -> Sample	HAT:A/C CHH 2  *	
Northstar Productions	Drumscapes	DRM:AC Lite Jazz -> KIT:A/C Kit 1  * -> Sample	HAT:A/C CHH 4  *	
Northstar Productions	Drumscapes	DRM:AC Lite Jazz -> KIT:A/C Kit 1  * -> Sample	HAT:A/C OHH 1  *	
Northstar Productions	Drumscapes	DRM:AC Lite Jazz -> KIT:A/C Kit 1  * -> Sample	HAT:A/C OHH 3  *	
Northstar Productions	Drumscapes	DRM:AC Lite Jazz -> KIT:A/C Kit 1  * -> Sample	CYM:A/C Ride1*-L	
Northstar Productions	Drumscapes	DRM:AC Lite Jazz -> KIT:A/C Kit 1  * -> Sample	CYM:A/C Ride2*-L	
Northstar Productions	Drumscapes	DRM:AC Lite Jazz -> KIT:A/C Kit 1  * -> Sample	CYM:A/C Cr3  *-R	
Northstar Productions	Drumscapes	DRM:AC Lite Jazz -> KIT:A/C Kit 1  * -> Sample	CYM:A/C Cr 3 *-L	
Northstar Productions	Drumscapes	DRM:AC Lite Jazz -> KIT:A/C Kit 1  * -> Sample	CYM:A/C 16Cr4*-L	
Northstar Productions	Drumscapes	DRM:AC Lite Jazz -> KIT:A/C Kit 1  * -> Sample	TOM:A/C FlrT1*	
Northstar Productions	Drumscapes	DRM:AC Lite Jazz -> KIT:A/C Kit 1  * -> Sample	TOM:A/C FlrT2*	
Northstar Productions	Drumscapes	DRM:AC Lite Jazz -> KIT:A/C Kit 1  * -> Sample	TOM:A/C LoT2 *	
Northstar Productions	Drumscapes	DRM:AC Lite Jazz -> KIT:A/C Kit 1  * -> Sample	TOM:A/C LoT3 *	
Northstar Productions	Drumscapes	DRM:AC Lite Jazz -> KIT:A/C Kit 1  * -> Sample	TOM:A/C MdT1 *	
Northstar Productions	Drumscapes	DRM:AC Lite Jazz -> KIT:A/C Kit 1  * -> Sample	TOM:A/C MdT2 *	
Northstar Productions	Drumscapes	DRM:AC Lite Jazz -> KIT:A/C Kit 1  * -> Sample	TOM:A/C MdT3 *	
Northstar Productions	Drumscapes	DRM:AC Lite Jazz -> KIT:A/C Kit 1  * -> Sample	TOM:A/C HiT2 *	
Northstar Productions	Drumscapes	DRM:AC Lite Jazz -> KIT:A/C Kit 1  * -> Sample	TOM:A/C HiT3 *	
Northstar Productions	Drumscapes	DRM:AC Lite Jazz -> KIT:A/C Kit 1  * -> Sample	TOM:A/C HiT1 *	
Northstar Productions	Drumscapes	DRM:AC Lite Jazz -> KIT:A/C Kit 1  * -> Sample	CYM:A/C 18Cr1*-L	
Northstar Productions	Drumscapes	DRM:AC Lite Jazz -> KIT:A/C Kit 1  * -> Sample	CYM:A/C 18Cr2*-R	
Northstar Productions	Drumscapes	DRM:AC Lite Jazz -> KIT:A/C Kit 1  * -> Sample	CYM:A/C 18Cr5*-R	
Northstar Productions	Drumscapes	DRM:AC Lite Jazz -> KIT:A/C Kit 1  * -> Sample	CYM:A/C 16Cr2*-R	
Northstar Productions	Drumscapes	DRM:AC Lite Jazz -> KIT:A/C Kit 1  * -> Sample	CYM:A/C 16Cr1*-L	
Northstar Productions	Drumscapes	DRM:AC Lite Jazz -> KIT:A/C Kit 1  * -> Sample	SNR:A/C SnRll*	
Northstar Productions	Drumscapes	DRM:AC Lite Jazz -> KIT:A/C Kit 2  * -> Patch	KIK:A/C K1     *	
Northstar Productions	Drumscapes	DRM:AC Lite Jazz -> KIT:A/C Kit 2  * -> Patch	SNR:A/C Sn1    *	
Northstar Productions	Drumscapes	DRM:AC Lite Jazz -> KIT:A/C Kit 2  * -> Patch	SNR:A/C Stick2 *	
Northstar Productions	Drumscapes	DRM:AC Lite Jazz -> KIT:A/C Kit 2  * -> Patch	HAT:A/C Hat 2  *	
Northstar Productions	Drumscapes	DRM:AC Lite Jazz -> KIT:A/C Kit 2  * -> Patch	CYM:A/C Ride 1 *	
Northstar Productions	Drumscapes	DRM:AC Lite Jazz -> KIT:A/C Kit 2  * -> Patch	CYM:A/C Crsh 1 *	
Northstar Productions	Drumscapes	DRM:AC Lite Jazz -> KIT:A/C Kit 2  * -> Patch	CYM:A/C Crsh 5 *	
Northstar Productions	Drumscapes	DRM:AC Lite Jazz -> KIT:A/C Kit 2  * -> Patch	TOM:A/C Toms 2 *	
Northstar Productions	Drumscapes	DRM:AC Lite Jazz -> KIT:A/C Kit 2  * -> Patch	SNR:A/C SnRoll2*	
Northstar Productions	Drumscapes	DRM:AC Lite Jazz -> KIT:A/C Kit 2  * -> Sample	KIK:A/C K1a    *	
Northstar Productions	Drumscapes	DRM:AC Lite Jazz -> KIT:A/C Kit 2  * -> Sample	KIK:A/C K1b    *	
Northstar Productions	Drumscapes	DRM:AC Lite Jazz -> KIT:A/C Kit 2  * -> Sample	SNR:A/C Sn4  *	
Northstar Productions	Drumscapes	DRM:AC Lite Jazz -> KIT:A/C Kit 2  * -> Sample	SNR:A/C Sn3  *	
Northstar Productions	Drumscapes	DRM:AC Lite Jazz -> KIT:A/C Kit 2  * -> Sample	SNR:A/C Sn5  *	
Northstar Productions	Drumscapes	DRM:AC Lite Jazz -> KIT:A/C Kit 2  * -> Sample	SNR:A/C Stik2*	
Northstar Productions	Drumscapes	DRM:AC Lite Jazz -> KIT:A/C Kit 2  * -> Sample	HAT:A/C Ped 1  *	
Northstar Productions	Drumscapes	DRM:AC Lite Jazz -> KIT:A/C Kit 2  * -> Sample	HAT:A/C CHH 1  *	
Northstar Productions	Drumscapes	DRM:AC Lite Jazz -> KIT:A/C Kit 2  * -> Sample	HAT:A/C CHH 3  *	
Northstar Productions	Drumscapes	DRM:AC Lite Jazz -> KIT:A/C Kit 2  * -> Sample	HAT:A/C CHH 5  *	
Northstar Productions	Drumscapes	DRM:AC Lite Jazz -> KIT:A/C Kit 2  * -> Sample	HAT:A/C CHH 2  *	
Northstar Productions	Drumscapes	DRM:AC Lite Jazz -> KIT:A/C Kit 2  * -> Sample	HAT:A/C CHH 4  *	
Northstar Productions	Drumscapes	DRM:AC Lite Jazz -> KIT:A/C Kit 2  * -> Sample	HAT:A/C OHH 1  *	
Northstar Productions	Drumscapes	DRM:AC Lite Jazz -> KIT:A/C Kit 2  * -> Sample	HAT:A/C OHH 3  *	
Northstar Productions	Drumscapes	DRM:AC Lite Jazz -> KIT:A/C Kit 2  * -> Sample	HAT:A/C OHH 2  *	
Northstar Productions	Drumscapes	DRM:AC Lite Jazz -> KIT:A/C Kit 2  * -> Sample	CYM:A/C Ride1*-L	
Northstar Productions	Drumscapes	DRM:AC Lite Jazz -> KIT:A/C Kit 2  * -> Sample	CYM:A/C Ride2*-L	
Northstar Productions	Drumscapes	DRM:AC Lite Jazz -> KIT:A/C Kit 2  * -> Sample	CYM:A/C Cr3  *-R	
Northstar Productions	Drumscapes	DRM:AC Lite Jazz -> KIT:A/C Kit 2  * -> Sample	CYM:A/C Cr 3 *-L	
Northstar Productions	Drumscapes	DRM:AC Lite Jazz -> KIT:A/C Kit 2  * -> Sample	CYM:A/C 16Cr4*-L	
Northstar Productions	Drumscapes	DRM:AC Lite Jazz -> KIT:A/C Kit 2  * -> Sample	TOM:A/C LoT1 *	
Northstar Productions	Drumscapes	DRM:AC Lite Jazz -> KIT:A/C Kit 2  * -> Sample	TOM:A/C LoT3 *	
Northstar Productions	Drumscapes	DRM:AC Lite Jazz -> KIT:A/C Kit 2  * -> Sample	TOM:A/C LoT2 *	
Northstar Productions	Drumscapes	DRM:AC Lite Jazz -> KIT:A/C Kit 2  * -> Sample	TOM:A/C MdT2 *	
Northstar Productions	Drumscapes	DRM:AC Lite Jazz -> KIT:A/C Kit 2  * -> Sample	TOM:A/C MdT3 *	
Northstar Productions	Drumscapes	DRM:AC Lite Jazz -> KIT:A/C Kit 2  * -> Sample	TOM:A/C HiT1 *	
Northstar Productions	Drumscapes	DRM:AC Lite Jazz -> KIT:A/C Kit 2  * -> Sample	TOM:A/C HiT2 *	
Northstar Productions	Drumscapes	DRM:AC Lite Jazz -> KIT:A/C Kit 2  * -> Sample	SNR:A/C SnRl2*	
Northstar Productions	Drumscapes	DRM:AC Lite Jazz -> KIK:A/C Kicks  * -> Patch	KIK:A/C KikMenu*	
Northstar Productions	Drumscapes	DRM:AC Lite Jazz -> KIK:A/C Kicks  * -> Patch	KIK:A/C K1     *	
Northstar Productions	Drumscapes	DRM:AC Lite Jazz -> KIK:A/C Kicks  * -> Patch	KIK:A/C K2     *	
Northstar Productions	Drumscapes	DRM:AC Lite Jazz -> KIK:A/C Kicks  * -> Patch	KIK:A/C K3     *	
Northstar Productions	Drumscapes	DRM:AC Lite Jazz -> KIK:A/C Kicks  * -> Patch	KIK:A/C K4     *	
Northstar Productions	Drumscapes	DRM:AC Lite Jazz -> KIK:A/C Kicks  * -> Patch	KIK:A/C K5     *	
Northstar Productions	Drumscapes	DRM:AC Lite Jazz -> KIK:A/C Kicks  * -> Patch	KIK:A/C K6     *	
Northstar Productions	Drumscapes	DRM:AC Lite Jazz -> KIK:A/C Kicks  * -> Patch	KIK:A/C K7     *	
Northstar Productions	Drumscapes	DRM:AC Lite Jazz -> KIK:A/C Kicks  * -> Patch	KIK:A/C K8     *	
Northstar Productions	Drumscapes	DRM:AC Lite Jazz -> KIK:A/C Kicks  * -> Patch	KIK:A/C K9     *	
Northstar Productions	Drumscapes	DRM:AC Lite Jazz -> KIK:A/C Kicks  * -> Sample	KIK:A/C K1a    *	
Northstar Productions	Drumscapes	DRM:AC Lite Jazz -> KIK:A/C Kicks  * -> Sample	KIK:A/C K1b    *	
Northstar Productions	Drumscapes	DRM:AC Lite Jazz -> KIK:A/C Kicks  * -> Sample	KIK:A/C K2a    *	
Northstar Productions	Drumscapes	DRM:AC Lite Jazz -> KIK:A/C Kicks  * -> Sample	KIK:A/C K2b    *	
Northstar Productions	Drumscapes	DRM:AC Lite Jazz -> KIK:A/C Kicks  * -> Sample	KIK:A/C K3a    *	
Northstar Productions	Drumscapes	DRM:AC Lite Jazz -> KIK:A/C Kicks  * -> Sample	KIK:A/C K3b    *	
Northstar Productions	Drumscapes	DRM:AC Lite Jazz -> KIK:A/C Kicks  * -> Sample	KIK:A/C K1*	
Northstar Productions	Drumscapes	DRM:AC Lite Jazz -> KIK:A/C Kicks  * -> Sample	KIK:A/C K2*	
Northstar Productions	Drumscapes	DRM:AC Lite Jazz -> KIK:A/C Kicks  * -> Sample	KIK:A/C K3*	
Northstar Productions	Drumscapes	DRM:AC Lite Jazz -> KIK:A/C Kicks  * -> Sample	KIK:A/C K4*	
Northstar Productions	Drumscapes	DRM:AC Lite Jazz -> KIK:A/C Kicks  * -> Sample	KIK:A/C K5*	
Northstar Productions	Drumscapes	DRM:AC Lite Jazz -> KIK:A/C Kicks  * -> Sample	KIK:A/C K6*	
Northstar Productions	Drumscapes	DRM:AC Lite Jazz -> SNR:A/C Snares * -> Patch	SNR:A/C Sn Menu*	
Northstar Productions	Drumscapes	DRM:AC Lite Jazz -> SNR:A/C Snares * -> Patch	SNR:A/C Sn1    *	
Northstar Productions	Drumscapes	DRM:AC Lite Jazz -> SNR:A/C Snares * -> Patch	SNR:A/C Sn2    *	
Northstar Productions	Drumscapes	DRM:AC Lite Jazz -> SNR:A/C Snares * -> Patch	SNR:A/C Sn3    *	
Northstar Productions	Drumscapes	DRM:AC Lite Jazz -> SNR:A/C Snares * -> Patch	SNR:A/C Sn4    *	
Northstar Productions	Drumscapes	DRM:AC Lite Jazz -> SNR:A/C Snares * -> Patch	SNR:A/C Sn5    *	
Northstar Productions	Drumscapes	DRM:AC Lite Jazz -> SNR:A/C Snares * -> Patch	SNR:A/C Sn6    *	
Northstar Productions	Drumscapes	DRM:AC Lite Jazz -> SNR:A/C Snares * -> Patch	SNR:A/C Sn7    *	
Northstar Productions	Drumscapes	DRM:AC Lite Jazz -> SNR:A/C Snares * -> Patch	SNR:A/C Sn8    *	
Northstar Productions	Drumscapes	DRM:AC Lite Jazz -> SNR:A/C Snares * -> Sample	SNR:A/C SnRl2*	
Northstar Productions	Drumscapes	DRM:AC Lite Jazz -> SNR:A/C Snares * -> Sample	SNR:A/C Sn4  *	
Northstar Productions	Drumscapes	DRM:AC Lite Jazz -> SNR:A/C Snares * -> Sample	SNR:A/C Sn6  *	
Northstar Productions	Drumscapes	DRM:AC Lite Jazz -> SNR:A/C Snares * -> Sample	SNR:A/C Sn3  *	
Northstar Productions	Drumscapes	DRM:AC Lite Jazz -> SNR:A/C Snares * -> Sample	SNR:A/C Sn5  *	
Northstar Productions	Drumscapes	DRM:AC Lite Jazz -> SNR:A/C Snares * -> Sample	SNR:A/C SnRll*	
Northstar Productions	Drumscapes	DRM:AC Lite Jazz -> SNR:A/C Snares * -> Sample	SNR:A/C Sn2  *	
Northstar Productions	Drumscapes	DRM:AC Lite Jazz -> SNR:A/C Snares * -> Sample	SNR:A/C Stk1 *	
Northstar Productions	Drumscapes	DRM:AC Lite Jazz -> SNR:A/C Snares * -> Sample	SNR:A/C Stik2*	
Northstar Productions	Drumscapes	DRM:AC Lite Jazz -> SNR:A/C Snares * -> Sample	SNR:A/C Sn2 *	
Northstar Productions	Drumscapes	DRM:AC Lite Jazz -> SNR:A/C Snares * -> Sample	SNR:A/C Sn3 *	
Northstar Productions	Drumscapes	DRM:AC Lite Jazz -> SNR:A/C Snares * -> Sample	SNR:A/C Sn4*	
Northstar Productions	Drumscapes	DRM:AC Lite Jazz -> SNR:A/C Snares * -> Sample	SNR:A/C Sn5 *	
Northstar Productions	Drumscapes	DRM:AC Lite Jazz -> SNR:A/C Snares * -> Sample	SNR:A/C Sn6 *	
Northstar Productions	Drumscapes	DRM:AC Lite Jazz -> SNR:A/C Snares * -> Sample	SNR:A/C Sn7 *	
Northstar Productions	Drumscapes	DRM:AC Lite Jazz -> SNR:A/C Snares * -> Sample	SNR:A/C Sn8 *	
Northstar Productions	Drumscapes	DRM:AC Lite Jazz -> TOM:A/C Toms   * -> Patch	TOM:A/C TomMenu*	
Northstar Productions	Drumscapes	DRM:AC Lite Jazz -> TOM:A/C Toms   * -> Patch	TOM:A/C Toms 1 *	
Northstar Productions	Drumscapes	DRM:AC Lite Jazz -> TOM:A/C Toms   * -> Patch	TOM:A/C Toms 2 *	
Northstar Productions	Drumscapes	DRM:AC Lite Jazz -> TOM:A/C Toms   * -> Patch	CYM:A/C Ride 2 *	
Northstar Productions	Drumscapes	DRM:AC Lite Jazz -> TOM:A/C Toms   * -> Patch	CYM:A/C Crsh 7 *	
Northstar Productions	Drumscapes	DRM:AC Lite Jazz -> TOM:A/C Toms   * -> Patch	CYM:A/C Crsh 4 *	
Northstar Productions	Drumscapes	DRM:AC Lite Jazz -> TOM:A/C Toms   * -> Sample	TOM:A/C FlrT1*	
Northstar Productions	Drumscapes	DRM:AC Lite Jazz -> TOM:A/C Toms   * -> Sample	TOM:A/C FlrT2*	
Northstar Productions	Drumscapes	DRM:AC Lite Jazz -> TOM:A/C Toms   * -> Sample	TOM:A/C LoT2 *	
Northstar Productions	Drumscapes	DRM:AC Lite Jazz -> TOM:A/C Toms   * -> Sample	TOM:A/C LoT3 *	
Northstar Productions	Drumscapes	DRM:AC Lite Jazz -> TOM:A/C Toms   * -> Sample	TOM:A/C MdT2 *	
Northstar Productions	Drumscapes	DRM:AC Lite Jazz -> TOM:A/C Toms   * -> Sample	TOM:A/C MdT3 *	
Northstar Productions	Drumscapes	DRM:AC Lite Jazz -> TOM:A/C Toms   * -> Sample	TOM:A/C HiT1 *	
Northstar Productions	Drumscapes	DRM:AC Lite Jazz -> TOM:A/C Toms   * -> Sample	TOM:A/C HiT2 *	
Northstar Productions	Drumscapes	DRM:AC Lite Jazz -> TOM:A/C Toms   * -> Sample	TOM:A/C LoT1 *	
Northstar Productions	Drumscapes	DRM:AC Lite Jazz -> TOM:A/C Toms   * -> Sample	TOM:A/C MdT1 *	
Northstar Productions	Drumscapes	DRM:AC Lite Jazz -> TOM:A/C Toms   * -> Sample	TOM:A/C HiT3 *	
Northstar Productions	Drumscapes	DRM:AC Lite Jazz -> TOM:A/C Toms   * -> Sample	CYM:A/C Ride2*-L	
Northstar Productions	Drumscapes	DRM:AC Lite Jazz -> TOM:A/C Toms   * -> Sample	CYM:A/C 16Cr4*-L	
Northstar Productions	Drumscapes	DRM:AC Lite Jazz -> TOM:A/C Toms   * -> Sample	CYM:A/C 18Cr4*-L	
Northstar Productions	Drumscapes	DRM:AC Lite Jazz -> HAT:A/C Hats   * -> Patch	HAT:A/C HatMenu*	
Northstar Productions	Drumscapes	DRM:AC Lite Jazz -> HAT:A/C Hats   * -> Patch	HAT:A/C Hat 1  *	
Northstar Productions	Drumscapes	DRM:AC Lite Jazz -> HAT:A/C Hats   * -> Patch	HAT:A/C Hat 2  *	
Northstar Productions	Drumscapes	DRM:AC Lite Jazz -> HAT:A/C Hats   * -> Sample	HAT:A/C Ped 1  *	
Northstar Productions	Drumscapes	DRM:AC Lite Jazz -> HAT:A/C Hats   * -> Sample	HAT:A/C CHH 1  *	
Northstar Productions	Drumscapes	DRM:AC Lite Jazz -> HAT:A/C Hats   * -> Sample	HAT:A/C CHH 3  *	
Northstar Productions	Drumscapes	DRM:AC Lite Jazz -> HAT:A/C Hats   * -> Sample	HAT:A/C CHH 5  *	
Northstar Productions	Drumscapes	DRM:AC Lite Jazz -> HAT:A/C Hats   * -> Sample	HAT:A/C CHH 2  *	
Northstar Productions	Drumscapes	DRM:AC Lite Jazz -> HAT:A/C Hats   * -> Sample	HAT:A/C CHH 4  *	
Northstar Productions	Drumscapes	DRM:AC Lite Jazz -> HAT:A/C Hats   * -> Sample	HAT:A/C OHH 1  *	
Northstar Productions	Drumscapes	DRM:AC Lite Jazz -> HAT:A/C Hats   * -> Sample	HAT:A/C OHH 3  *	
Northstar Productions	Drumscapes	DRM:AC Lite Jazz -> HAT:A/C Hats   * -> Sample	HAT:A/C OHH 2  *	
Northstar Productions	Drumscapes	DRM:AC Lite Jazz -> CYM:A/C Cymbals* -> Patch	CYM:A/C CymMenu*	
Northstar Productions	Drumscapes	DRM:AC Lite Jazz -> CYM:A/C Cymbals* -> Patch	CYM:A/C Crsh 1 *	
Northstar Productions	Drumscapes	DRM:AC Lite Jazz -> CYM:A/C Cymbals* -> Patch	CYM:A/C Crsh 2 *	
Northstar Productions	Drumscapes	DRM:AC Lite Jazz -> CYM:A/C Cymbals* -> Patch	CYM:A/C Crsh 3 *	
Northstar Productions	Drumscapes	DRM:AC Lite Jazz -> CYM:A/C Cymbals* -> Patch	CYM:A/C Crsh 4 *	
Northstar Productions	Drumscapes	DRM:AC Lite Jazz -> CYM:A/C Cymbals* -> Patch	CYM:A/C Crsh 5 *	
Northstar Productions	Drumscapes	DRM:AC Lite Jazz -> CYM:A/C Cymbals* -> Patch	CYM:A/C Crsh 6 *	
Northstar Productions	Drumscapes	DRM:AC Lite Jazz -> CYM:A/C Cymbals* -> Patch	CYM:A/C Crsh 7 *	
Northstar Productions	Drumscapes	DRM:AC Lite Jazz -> CYM:A/C Cymbals* -> Patch	CYM:A/C Ride 1 *	
Northstar Productions	Drumscapes	DRM:AC Lite Jazz -> CYM:A/C Cymbals* -> Patch	CYM:A/C Ride 2 *	
Northstar Productions	Drumscapes	DRM:AC Lite Jazz -> CYM:A/C Cymbals* -> Sample	CYM:A/C Cr3  *-R	
Northstar Productions	Drumscapes	DRM:AC Lite Jazz -> CYM:A/C Cymbals* -> Sample	CYM:A/C 18Cr2*-R	
Northstar Productions	Drumscapes	DRM:AC Lite Jazz -> CYM:A/C Cymbals* -> Sample	CYM:A/C 18Cr5*-R	
Northstar Productions	Drumscapes	DRM:AC Lite Jazz -> CYM:A/C Cymbals* -> Sample	CYM:A/C 18Cr4*-L	
Northstar Productions	Drumscapes	DRM:AC Lite Jazz -> CYM:A/C Cymbals* -> Sample	CYM:A/C Cr 3 *-L	
Northstar Productions	Drumscapes	DRM:AC Lite Jazz -> CYM:A/C Cymbals* -> Sample	CYM:A/C 16Cr4*-L	
Northstar Productions	Drumscapes	DRM:AC Lite Jazz -> CYM:A/C Cymbals* -> Sample	CYM:A/C 16Cr1*-L	
Northstar Productions	Drumscapes	DRM:AC Lite Jazz -> CYM:A/C Cymbals* -> Sample	CYM:A/C Ride1*-L	
Northstar Productions	Drumscapes	DRM:AC Lite Jazz -> CYM:A/C Cymbals* -> Sample	CYM:A/C Ride2*-L	
Northstar Productions	Drumscapes	DRM:AC Lite Jazz -> CYM:A/C Cymbals* -> Sample	CYM:A/C 18Cr1*-L	
Northstar Productions	Drumscapes	DRM:AC Lite Jazz -> CYM:A/C Cymbals* -> Sample	CYM:A/C 16Cr2*-R	
Northstar Productions	Drumscapes	DRM:Pop/Country -> KIT:P/C Wet 1  * -> Patch	KIK:P/C K3     *	
Northstar Productions	Drumscapes	DRM:Pop/Country -> KIT:P/C Wet 1  * -> Patch	SNR:P/C Sn1    *	
Northstar Productions	Drumscapes	DRM:Pop/Country -> KIT:P/C Wet 1  * -> Patch	SNR:P/C Stick1 *	
Northstar Productions	Drumscapes	DRM:Pop/Country -> KIT:P/C Wet 1  * -> Patch	HAT:P/C Hat 1  *	
Northstar Productions	Drumscapes	DRM:Pop/Country -> KIT:P/C Wet 1  * -> Patch	CYM:P/C Ride1  *	
Northstar Productions	Drumscapes	DRM:Pop/Country -> KIT:P/C Wet 1  * -> Patch	CYM:P/C Crsh2  *	
Northstar Productions	Drumscapes	DRM:Pop/Country -> KIT:P/C Wet 1  * -> Patch	CYM:P/C Crsh1  *	
Northstar Productions	Drumscapes	DRM:Pop/Country -> KIT:P/C Wet 1  * -> Patch	TOM:P/C Toms 1 *	
Northstar Productions	Drumscapes	DRM:Pop/Country -> KIT:P/C Wet 1  * -> Patch	TOM:P/C TomFlm2*	
Northstar Productions	Drumscapes	DRM:Pop/Country -> KIT:P/C Wet 1  * -> Sample	KIK:P/C K3a  *	
Northstar Productions	Drumscapes	DRM:Pop/Country -> KIT:P/C Wet 1  * -> Sample	KIK:P/C K3b  *	
Northstar Productions	Drumscapes	DRM:Pop/Country -> KIT:P/C Wet 1  * -> Sample	SNR:P/C Sn1  *	
Northstar Productions	Drumscapes	DRM:Pop/Country -> KIT:P/C Wet 1  * -> Sample	SNR:P/C Sn2  *	
Northstar Productions	Drumscapes	DRM:Pop/Country -> KIT:P/C Wet 1  * -> Sample	SNR:P/C Sn3  *	
Northstar Productions	Drumscapes	DRM:Pop/Country -> KIT:P/C Wet 1  * -> Sample	SNR:P/C Sn4a *	
Northstar Productions	Drumscapes	DRM:Pop/Country -> KIT:P/C Wet 1  * -> Sample	SNR:P/C Stk1 *	
Northstar Productions	Drumscapes	DRM:Pop/Country -> KIT:P/C Wet 1  * -> Sample	HAT:P/C PHH 1*	
Northstar Productions	Drumscapes	DRM:Pop/Country -> KIT:P/C Wet 1  * -> Sample	HAT:P/C CHH 1*	
Northstar Productions	Drumscapes	DRM:Pop/Country -> KIT:P/C Wet 1  * -> Sample	HAT:P/C CHH 3*	
Northstar Productions	Drumscapes	DRM:Pop/Country -> KIT:P/C Wet 1  * -> Sample	HAT:P/C CHH 2*	
Northstar Productions	Drumscapes	DRM:Pop/Country -> KIT:P/C Wet 1  * -> Sample	HAT:P/C LHH 2*	
Northstar Productions	Drumscapes	DRM:Pop/Country -> KIT:P/C Wet 1  * -> Sample	HAT:P/C OHH 1*	
Northstar Productions	Drumscapes	DRM:Pop/Country -> KIT:P/C Wet 1  * -> Sample	HAT:P/C LHH 3*	
Northstar Productions	Drumscapes	DRM:Pop/Country -> KIT:P/C Wet 1  * -> Sample	CYM:P/C Ride1a *	
Northstar Productions	Drumscapes	DRM:Pop/Country -> KIT:P/C Wet 1  * -> Sample	CYM:P/C Ride1b *	
Northstar Productions	Drumscapes	DRM:Pop/Country -> KIT:P/C Wet 1  * -> Sample	CYM:P/C Crsh2  *	
Northstar Productions	Drumscapes	DRM:Pop/Country -> KIT:P/C Wet 1  * -> Sample	CYM:P/C Crsh1  *	
Northstar Productions	Drumscapes	DRM:Pop/Country -> KIT:P/C Wet 1  * -> Sample	TOM:P/C LOT1a*	
Northstar Productions	Drumscapes	DRM:Pop/Country -> KIT:P/C Wet 1  * -> Sample	TOM:P/C LOT1b*	
Northstar Productions	Drumscapes	DRM:Pop/Country -> KIT:P/C Wet 1  * -> Sample	TOM:P/C LMT1a*	
Northstar Productions	Drumscapes	DRM:Pop/Country -> KIT:P/C Wet 1  * -> Sample	TOM:P/C LMT1b*	
Northstar Productions	Drumscapes	DRM:Pop/Country -> KIT:P/C Wet 1  * -> Sample	TOM:P/C HMT1a*	
Northstar Productions	Drumscapes	DRM:Pop/Country -> KIT:P/C Wet 1  * -> Sample	TOM:P/C HMT1b*	
Northstar Productions	Drumscapes	DRM:Pop/Country -> KIT:P/C Wet 1  * -> Sample	TOM:P/C HiT1a*	
Northstar Productions	Drumscapes	DRM:Pop/Country -> KIT:P/C Wet 1  * -> Sample	TOM:P/C HiT1b*	
Northstar Productions	Drumscapes	DRM:Pop/Country -> KIT:P/C Wet 1  * -> Sample	TOM:P/CLoT1Fl*	
Northstar Productions	Drumscapes	DRM:Pop/Country -> KIT:P/C Wet 1  * -> Sample	TOM:P/CLMT1Fl*	
Northstar Productions	Drumscapes	DRM:Pop/Country -> KIT:P/C Wet 1  * -> Sample	TOM:P/CHMT1Fl*	
Northstar Productions	Drumscapes	DRM:Pop/Country -> KIT:P/C Wet 1  * -> Sample	TOM:P/CHiT1Fl*	
Northstar Productions	Drumscapes	DRM:Pop/Country -> KIT:P/C Wet 2  * -> Patch	KIK:P/C K4     *	
Northstar Productions	Drumscapes	DRM:Pop/Country -> KIT:P/C Wet 2  * -> Patch	SNR:P/C Sn2    *	
Northstar Productions	Drumscapes	DRM:Pop/Country -> KIT:P/C Wet 2  * -> Patch	SNR:P/C Stick 2*	
Northstar Productions	Drumscapes	DRM:Pop/Country -> KIT:P/C Wet 2  * -> Patch	HAT:P/C Hat 3  *	
Northstar Productions	Drumscapes	DRM:Pop/Country -> KIT:P/C Wet 2  * -> Patch	CYM:P/C Ride1  *	
Northstar Productions	Drumscapes	DRM:Pop/Country -> KIT:P/C Wet 2  * -> Patch	CYM:P/C Crsh2  *	
Northstar Productions	Drumscapes	DRM:Pop/Country -> KIT:P/C Wet 2  * -> Patch	CYM:P/C Crsh4  *	
Northstar Productions	Drumscapes	DRM:Pop/Country -> KIT:P/C Wet 2  * -> Patch	TOM:P/C Toms 2 *	
Northstar Productions	Drumscapes	DRM:Pop/Country -> KIT:P/C Wet 2  * -> Patch	TOM:P/C TomFlm2*	
Northstar Productions	Drumscapes	DRM:Pop/Country -> KIT:P/C Wet 2  * -> Sample	KIK:P/C K3b  *	
Northstar Productions	Drumscapes	DRM:Pop/Country -> KIT:P/C Wet 2  * -> Sample	KIK:P/C Kick4*	
Northstar Productions	Drumscapes	DRM:Pop/Country -> KIT:P/C Wet 2  * -> Sample	SNR:P/C Sn3  *	
Northstar Productions	Drumscapes	DRM:Pop/Country -> KIT:P/C Wet 2  * -> Sample	SNR:P/C Sn4a *	
Northstar Productions	Drumscapes	DRM:Pop/Country -> KIT:P/C Wet 2  * -> Sample	SNR:P/C Sn2  *	
Northstar Productions	Drumscapes	DRM:Pop/Country -> KIT:P/C Wet 2  * -> Sample	SNR:P/C Sn4b *	
Northstar Productions	Drumscapes	DRM:Pop/Country -> KIT:P/C Wet 2  * -> Sample	SNR:P/C Stk2 *	
Northstar Productions	Drumscapes	DRM:Pop/Country -> KIT:P/C Wet 2  * -> Sample	SNR:P/C Stk1 *	
Northstar Productions	Drumscapes	DRM:Pop/Country -> KIT:P/C Wet 2  * -> Sample	HAT:P/C PHH 1*	
Northstar Productions	Drumscapes	DRM:Pop/Country -> KIT:P/C Wet 2  * -> Sample	HAT:P/C CHH 2*	
Northstar Productions	Drumscapes	DRM:Pop/Country -> KIT:P/C Wet 2  * -> Sample	HAT:P/C LHH 2*	
Northstar Productions	Drumscapes	DRM:Pop/Country -> KIT:P/C Wet 2  * -> Sample	HAT:P/C LHH 1*	
Northstar Productions	Drumscapes	DRM:Pop/Country -> KIT:P/C Wet 2  * -> Sample	HAT:P/C LHH 3*	
Northstar Productions	Drumscapes	DRM:Pop/Country -> KIT:P/C Wet 2  * -> Sample	HAT:P/C OHH 1*	
Northstar Productions	Drumscapes	DRM:Pop/Country -> KIT:P/C Wet 2  * -> Sample	CYM:P/C Ride1a *	
Northstar Productions	Drumscapes	DRM:Pop/Country -> KIT:P/C Wet 2  * -> Sample	CYM:P/C Ride1b *	
Northstar Productions	Drumscapes	DRM:Pop/Country -> KIT:P/C Wet 2  * -> Sample	CYM:P/C Crsh2  *	
Northstar Productions	Drumscapes	DRM:Pop/Country -> KIT:P/C Wet 2  * -> Sample	CYM:P/C Crsh4  *	
Northstar Productions	Drumscapes	DRM:Pop/Country -> KIT:P/C Wet 2  * -> Sample	TOM:P/C LOT1b*	
Northstar Productions	Drumscapes	DRM:Pop/Country -> KIT:P/C Wet 2  * -> Sample	TOM:P/C LoT2 *	
Northstar Productions	Drumscapes	DRM:Pop/Country -> KIT:P/C Wet 2  * -> Sample	TOM:P/C LMT1b*	
Northstar Productions	Drumscapes	DRM:Pop/Country -> KIT:P/C Wet 2  * -> Sample	TOM:P/C LMT2 *	
Northstar Productions	Drumscapes	DRM:Pop/Country -> KIT:P/C Wet 2  * -> Sample	TOM:P/C HMT1b*	
Northstar Productions	Drumscapes	DRM:Pop/Country -> KIT:P/C Wet 2  * -> Sample	TOM:P/C HMT2 *	
Northstar Productions	Drumscapes	DRM:Pop/Country -> KIT:P/C Wet 2  * -> Sample	TOM:P/C HiT1b*	
Northstar Productions	Drumscapes	DRM:Pop/Country -> KIT:P/C Wet 2  * -> Sample	TOM:P/C HiT2 *	
Northstar Productions	Drumscapes	DRM:Pop/Country -> KIT:P/C Wet 2  * -> Sample	TOM:P/CLoT1Fl*	
Northstar Productions	Drumscapes	DRM:Pop/Country -> KIT:P/C Wet 2  * -> Sample	TOM:P/CLMT1Fl*	
Northstar Productions	Drumscapes	DRM:Pop/Country -> KIT:P/C Wet 2  * -> Sample	TOM:P/CHMT1Fl*	
Northstar Productions	Drumscapes	DRM:Pop/Country -> KIT:P/C Wet 2  * -> Sample	TOM:P/CHiT1Fl*	
Northstar Productions	Drumscapes	DRM:Pop/Country -> KIT:P/C Dry 1  * -> Patch	KIK:P/C K1     *	
Northstar Productions	Drumscapes	DRM:Pop/Country -> KIT:P/C Dry 1  * -> Patch	SNR:P/C Sn3    *	
Northstar Productions	Drumscapes	DRM:Pop/Country -> KIT:P/C Dry 1  * -> Patch	SNR:P/C Stick 3*	
Northstar Productions	Drumscapes	DRM:Pop/Country -> KIT:P/C Dry 1  * -> Patch	HAT:P/C Hat 1  *	
Northstar Productions	Drumscapes	DRM:Pop/Country -> KIT:P/C Dry 1  * -> Patch	CYM:P/C Ride1  *	
Northstar Productions	Drumscapes	DRM:Pop/Country -> KIT:P/C Dry 1  * -> Patch	CYM:P/C Crsh2  *	
Northstar Productions	Drumscapes	DRM:Pop/Country -> KIT:P/C Dry 1  * -> Patch	CYM:P/C Crsh4  *	
Northstar Productions	Drumscapes	DRM:Pop/Country -> KIT:P/C Dry 1  * -> Patch	TOM:P/C Toms 5S*	
Northstar Productions	Drumscapes	DRM:Pop/Country -> KIT:P/C Dry 1  * -> Patch	TOM:P/C TomFlm1*	
Northstar Productions	Drumscapes	DRM:Pop/Country -> KIT:P/C Dry 1  * -> Sample	KIK:P/C K1a    *	
Northstar Productions	Drumscapes	DRM:Pop/Country -> KIT:P/C Dry 1  * -> Sample	KIK:P/C K1b    *	
Northstar Productions	Drumscapes	DRM:Pop/Country -> KIT:P/C Dry 1  * -> Sample	KIK:P/C K1c    *	
Northstar Productions	Drumscapes	DRM:Pop/Country -> KIT:P/C Dry 1  * -> Sample	SNR:P/C Sn5a*	
Northstar Productions	Drumscapes	DRM:Pop/Country -> KIT:P/C Dry 1  * -> Sample	SNR:P/C Sn5c*	
Northstar Productions	Drumscapes	DRM:Pop/Country -> KIT:P/C Dry 1  * -> Sample	SNR:P/C Sn5b*	
Northstar Productions	Drumscapes	DRM:Pop/Country -> KIT:P/C Dry 1  * -> Sample	SNR:P/C Sn5d*	
Northstar Productions	Drumscapes	DRM:Pop/Country -> KIT:P/C Dry 1  * -> Sample	SNR:P/C Stk2 *	
Northstar Productions	Drumscapes	DRM:Pop/Country -> KIT:P/C Dry 1  * -> Sample	HAT:P/C PHH 1*	
Northstar Productions	Drumscapes	DRM:Pop/Country -> KIT:P/C Dry 1  * -> Sample	HAT:P/C CHH 1*	
Northstar Productions	Drumscapes	DRM:Pop/Country -> KIT:P/C Dry 1  * -> Sample	HAT:P/C CHH 3*	
Northstar Productions	Drumscapes	DRM:Pop/Country -> KIT:P/C Dry 1  * -> Sample	HAT:P/C CHH 2*	
Northstar Productions	Drumscapes	DRM:Pop/Country -> KIT:P/C Dry 1  * -> Sample	HAT:P/C LHH 2*	
Northstar Productions	Drumscapes	DRM:Pop/Country -> KIT:P/C Dry 1  * -> Sample	HAT:P/C OHH 1*	
Northstar Productions	Drumscapes	DRM:Pop/Country -> KIT:P/C Dry 1  * -> Sample	HAT:P/C LHH 3*	
Northstar Productions	Drumscapes	DRM:Pop/Country -> KIT:P/C Dry 1  * -> Sample	CYM:P/C Ride1a *	
Northstar Productions	Drumscapes	DRM:Pop/Country -> KIT:P/C Dry 1  * -> Sample	CYM:P/C Ride1b *	
Northstar Productions	Drumscapes	DRM:Pop/Country -> KIT:P/C Dry 1  * -> Sample	CYM:P/C Crsh2  *	
Northstar Productions	Drumscapes	DRM:Pop/Country -> KIT:P/C Dry 1  * -> Sample	CYM:P/C Crsh4  *	
Northstar Productions	Drumscapes	DRM:Pop/Country -> KIT:P/C Dry 1  * -> Sample	TOM:P/C LoT3a*	
Northstar Productions	Drumscapes	DRM:Pop/Country -> KIT:P/C Dry 1  * -> Sample	TOM:P/C LoT3b*	
Northstar Productions	Drumscapes	DRM:Pop/Country -> KIT:P/C Dry 1  * -> Sample	TOM:P/C LMT3a*	
Northstar Productions	Drumscapes	DRM:Pop/Country -> KIT:P/C Dry 1  * -> Sample	TOM:P/C LMT3b*	
Northstar Productions	Drumscapes	DRM:Pop/Country -> KIT:P/C Dry 1  * -> Sample	TOM:P/C HMT3a*	
Northstar Productions	Drumscapes	DRM:Pop/Country -> KIT:P/C Dry 1  * -> Sample	TOM:P/C HMT3b*	
Northstar Productions	Drumscapes	DRM:Pop/Country -> KIT:P/C Dry 1  * -> Sample	TOM:P/C HiT3a*	
Northstar Productions	Drumscapes	DRM:Pop/Country -> KIT:P/C Dry 1  * -> Sample	TOM:P/C HiT3b*	
Northstar Productions	Drumscapes	DRM:Pop/Country -> KIT:P/C Dry 1  * -> Sample	TOM:P/C LMT3Fl *	
Northstar Productions	Drumscapes	DRM:Pop/Country -> KIT:P/C Dry 1  * -> Sample	TOM:P/C HMT3Fl *	
Northstar Productions	Drumscapes	DRM:Pop/Country -> KIT:P/C Dry 1  * -> Sample	TOM:P/C HiT3Fl *	
Northstar Productions	Drumscapes	DRM:Pop/Country -> KIT:P/C Dry 2  * -> Patch	KIK:P/C K2     *	
Northstar Productions	Drumscapes	DRM:Pop/Country -> KIT:P/C Dry 2  * -> Patch	SNR:P/C Sn6    *	
Northstar Productions	Drumscapes	DRM:Pop/Country -> KIT:P/C Dry 2  * -> Patch	SNR:P/C Stick 3*	
Northstar Productions	Drumscapes	DRM:Pop/Country -> KIT:P/C Dry 2  * -> Patch	HAT:P/C Hat 1  *	
Northstar Productions	Drumscapes	DRM:Pop/Country -> KIT:P/C Dry 2  * -> Patch	CYM:P/C Ride1  *	
Northstar Productions	Drumscapes	DRM:Pop/Country -> KIT:P/C Dry 2  * -> Patch	CYM:P/C Crsh2  *	
Northstar Productions	Drumscapes	DRM:Pop/Country -> KIT:P/C Dry 2  * -> Patch	CYM:P/C Crsh4  *	
Northstar Productions	Drumscapes	DRM:Pop/Country -> KIT:P/C Dry 2  * -> Patch	TOM:P/C Toms 4S*	
Northstar Productions	Drumscapes	DRM:Pop/Country -> KIT:P/C Dry 2  * -> Patch	TOM:P/C TomFlm1*	
Northstar Productions	Drumscapes	DRM:Pop/Country -> KIT:P/C Dry 2  * -> Sample	KIK:P/C K2a    *	
Northstar Productions	Drumscapes	DRM:Pop/Country -> KIT:P/C Dry 2  * -> Sample	KIK:P/C K2b    *	
Northstar Productions	Drumscapes	DRM:Pop/Country -> KIT:P/C Dry 2  * -> Sample	KIK:P/C K2c    *	
Northstar Productions	Drumscapes	DRM:Pop/Country -> KIT:P/C Dry 2  * -> Sample	SNR:P/C Sn5c*	
Northstar Productions	Drumscapes	DRM:Pop/Country -> KIT:P/C Dry 2  * -> Sample	SNR:P/C Sn8 *	
Northstar Productions	Drumscapes	DRM:Pop/Country -> KIT:P/C Dry 2  * -> Sample	SNR:P/C Sn5d*	
Northstar Productions	Drumscapes	DRM:Pop/Country -> KIT:P/C Dry 2  * -> Sample	SNR:P/C Sn7 *	
Northstar Productions	Drumscapes	DRM:Pop/Country -> KIT:P/C Dry 2  * -> Sample	SNR:P/C Stk2 *	
Northstar Productions	Drumscapes	DRM:Pop/Country -> KIT:P/C Dry 2  * -> Sample	HAT:P/C PHH 1*	
Northstar Productions	Drumscapes	DRM:Pop/Country -> KIT:P/C Dry 2  * -> Sample	HAT:P/C CHH 1*	
Northstar Productions	Drumscapes	DRM:Pop/Country -> KIT:P/C Dry 2  * -> Sample	HAT:P/C CHH 3*	
Northstar Productions	Drumscapes	DRM:Pop/Country -> KIT:P/C Dry 2  * -> Sample	HAT:P/C CHH 2*	
Northstar Productions	Drumscapes	DRM:Pop/Country -> KIT:P/C Dry 2  * -> Sample	HAT:P/C LHH 2*	
Northstar Productions	Drumscapes	DRM:Pop/Country -> KIT:P/C Dry 2  * -> Sample	HAT:P/C OHH 1*	
Northstar Productions	Drumscapes	DRM:Pop/Country -> KIT:P/C Dry 2  * -> Sample	HAT:P/C LHH 3*	
Northstar Productions	Drumscapes	DRM:Pop/Country -> KIT:P/C Dry 2  * -> Sample	CYM:P/C Ride1a *	
Northstar Productions	Drumscapes	DRM:Pop/Country -> KIT:P/C Dry 2  * -> Sample	CYM:P/C Ride1b *	
Northstar Productions	Drumscapes	DRM:Pop/Country -> KIT:P/C Dry 2  * -> Sample	CYM:P/C Crsh2  *	
Northstar Productions	Drumscapes	DRM:Pop/Country -> KIT:P/C Dry 2  * -> Sample	CYM:P/C Crsh4  *	
Northstar Productions	Drumscapes	DRM:Pop/Country -> KIT:P/C Dry 2  * -> Sample	TOM:P/C LoT3a*	
Northstar Productions	Drumscapes	DRM:Pop/Country -> KIT:P/C Dry 2  * -> Sample	TOM:P/C LoT3c*	
Northstar Productions	Drumscapes	DRM:Pop/Country -> KIT:P/C Dry 2  * -> Sample	TOM:P/C LMT3a*	
Northstar Productions	Drumscapes	DRM:Pop/Country -> KIT:P/C Dry 2  * -> Sample	TOM:P/C LMT3c*	
Northstar Productions	Drumscapes	DRM:Pop/Country -> KIT:P/C Dry 2  * -> Sample	TOM:P/C HMT3a*	
Northstar Productions	Drumscapes	DRM:Pop/Country -> KIT:P/C Dry 2  * -> Sample	TOM:P/C HMT3c*	
Northstar Productions	Drumscapes	DRM:Pop/Country -> KIT:P/C Dry 2  * -> Sample	TOM:P/C HiT3a*	
Northstar Productions	Drumscapes	DRM:Pop/Country -> KIT:P/C Dry 2  * -> Sample	TOM:P/C HiT3c*	
Northstar Productions	Drumscapes	DRM:Pop/Country -> KIT:P/C Dry 2  * -> Sample	TOM:P/C LMT3Fl *	
Northstar Productions	Drumscapes	DRM:Pop/Country -> KIT:P/C Dry 2  * -> Sample	TOM:P/C HMT3Fl *	
Northstar Productions	Drumscapes	DRM:Pop/Country -> KIT:P/C Dry 2  * -> Sample	TOM:P/C HiT3Fl *	
Northstar Productions	Drumscapes	DRM:Pop/Country -> KIK:P/C Kicks  * -> Patch	KIK:P/C KikMenu*	
Northstar Productions	Drumscapes	DRM:Pop/Country -> KIK:P/C Kicks  * -> Patch	KIK:P/C K1     *	
Northstar Productions	Drumscapes	DRM:Pop/Country -> KIK:P/C Kicks  * -> Patch	KIK:P/C K2     *	
Northstar Productions	Drumscapes	DRM:Pop/Country -> KIK:P/C Kicks  * -> Patch	KIK:P/C K3     *	
Northstar Productions	Drumscapes	DRM:Pop/Country -> KIK:P/C Kicks  * -> Patch	KIK:P/C K4     *	
Northstar Productions	Drumscapes	DRM:Pop/Country -> KIK:P/C Kicks  * -> Sample	KIK:P/C K1a    *	
Northstar Productions	Drumscapes	DRM:Pop/Country -> KIK:P/C Kicks  * -> Sample	KIK:P/C K1b    *	
Northstar Productions	Drumscapes	DRM:Pop/Country -> KIK:P/C Kicks  * -> Sample	KIK:P/C K1c    *	
Northstar Productions	Drumscapes	DRM:Pop/Country -> KIK:P/C Kicks  * -> Sample	KIK:P/C K2a    *	
Northstar Productions	Drumscapes	DRM:Pop/Country -> KIK:P/C Kicks  * -> Sample	KIK:P/C K2b    *	
Northstar Productions	Drumscapes	DRM:Pop/Country -> KIK:P/C Kicks  * -> Sample	KIK:P/C K2c    *	
Northstar Productions	Drumscapes	DRM:Pop/Country -> KIK:P/C Kicks  * -> Sample	KIK:P/C K3a  *	
Northstar Productions	Drumscapes	DRM:Pop/Country -> KIK:P/C Kicks  * -> Sample	KIK:P/C K3b  *	
Northstar Productions	Drumscapes	DRM:Pop/Country -> KIK:P/C Kicks  * -> Sample	KIK:P/C Kick4*	
Northstar Productions	Drumscapes	DRM:Pop/Country -> SNR:P/C Snares * -> Patch	SNR:P/C Sn Menu*	
Northstar Productions	Drumscapes	DRM:Pop/Country -> SNR:P/C Snares * -> Patch	SNR:P/C Sn1    *	
Northstar Productions	Drumscapes	DRM:Pop/Country -> SNR:P/C Snares * -> Patch	SNR:P/C Sn2    *	
Northstar Productions	Drumscapes	DRM:Pop/Country -> SNR:P/C Snares * -> Patch	SNR:P/C Sn3    *	
Northstar Productions	Drumscapes	DRM:Pop/Country -> SNR:P/C Snares * -> Patch	SNR:P/C Sn4    *	
Northstar Productions	Drumscapes	DRM:Pop/Country -> SNR:P/C Snares * -> Patch	SNR:P/C Sn5    *	
Northstar Productions	Drumscapes	DRM:Pop/Country -> SNR:P/C Snares * -> Patch	SNR:P/C Sn6    *	
Northstar Productions	Drumscapes	DRM:Pop/Country -> SNR:P/C Snares * -> Sample	SNR:P/C Stk1 *	
Northstar Productions	Drumscapes	DRM:Pop/Country -> SNR:P/C Snares * -> Sample	SNR:P/C Stk2 *	
Northstar Productions	Drumscapes	DRM:Pop/Country -> SNR:P/C Snares * -> Sample	SNR:P/C Sn1  *	
Northstar Productions	Drumscapes	DRM:Pop/Country -> SNR:P/C Snares * -> Sample	SNR:P/C Sn2  *	
Northstar Productions	Drumscapes	DRM:Pop/Country -> SNR:P/C Snares * -> Sample	SNR:P/C Sn3  *	
Northstar Productions	Drumscapes	DRM:Pop/Country -> SNR:P/C Snares * -> Sample	SNR:P/C Sn4a *	
Northstar Productions	Drumscapes	DRM:Pop/Country -> SNR:P/C Snares * -> Sample	SNR:P/C Sn4b *	
Northstar Productions	Drumscapes	DRM:Pop/Country -> SNR:P/C Snares * -> Sample	SNR:P/C Sn5a*	
Northstar Productions	Drumscapes	DRM:Pop/Country -> SNR:P/C Snares * -> Sample	SNR:P/C Sn5c*	
Northstar Productions	Drumscapes	DRM:Pop/Country -> SNR:P/C Snares * -> Sample	SNR:P/C Sn5b*	
Northstar Productions	Drumscapes	DRM:Pop/Country -> SNR:P/C Snares * -> Sample	SNR:P/C Sn5d*	
Northstar Productions	Drumscapes	DRM:Pop/Country -> SNR:P/C Snares * -> Sample	SNR:P/C Sn8 *	
Northstar Productions	Drumscapes	DRM:Pop/Country -> SNR:P/C Snares * -> Sample	SNR:P/C Sn7 *	
Northstar Productions	Drumscapes	DRM:Pop/Country -> TOM:P/C Toms   * -> Patch	TOM:P/C TomMenu*	
Northstar Productions	Drumscapes	DRM:Pop/Country -> TOM:P/C Toms   * -> Patch	TOM:P/C Toms 1 *	
Northstar Productions	Drumscapes	DRM:Pop/Country -> TOM:P/C Toms   * -> Patch	TOM:P/C Toms 2 *	
Northstar Productions	Drumscapes	DRM:Pop/Country -> TOM:P/C Toms   * -> Patch	TOM:P/C Toms 3M*	
Northstar Productions	Drumscapes	DRM:Pop/Country -> TOM:P/C Toms   * -> Patch	TOM:P/C Toms 4S*	
Northstar Productions	Drumscapes	DRM:Pop/Country -> TOM:P/C Toms   * -> Patch	TOM:P/C Toms 5S*	
Northstar Productions	Drumscapes	DRM:Pop/Country -> TOM:P/C Toms   * -> Patch	TOM:P/C TomFlm1*	
Northstar Productions	Drumscapes	DRM:Pop/Country -> TOM:P/C Toms   * -> Patch	TOM:P/C TomFlm2*	
Northstar Productions	Drumscapes	DRM:Pop/Country -> TOM:P/C Toms   * -> Sample	TOM:P/C LMT3Fl *	
Northstar Productions	Drumscapes	DRM:Pop/Country -> TOM:P/C Toms   * -> Sample	TOM:P/C HMT3Fl *	
Northstar Productions	Drumscapes	DRM:Pop/Country -> TOM:P/C Toms   * -> Sample	TOM:P/C HiT3Fl *	
Northstar Productions	Drumscapes	DRM:Pop/Country -> TOM:P/C Toms   * -> Sample	TOM:P/C LoT3a*	
Northstar Productions	Drumscapes	DRM:Pop/Country -> TOM:P/C Toms   * -> Sample	TOM:P/C LoT3b*	
Northstar Productions	Drumscapes	DRM:Pop/Country -> TOM:P/C Toms   * -> Sample	TOM:P/C LoT3c*	
Northstar Productions	Drumscapes	DRM:Pop/Country -> TOM:P/C Toms   * -> Sample	TOM:P/C LMT3a*	
Northstar Productions	Drumscapes	DRM:Pop/Country -> TOM:P/C Toms   * -> Sample	TOM:P/C LMT3b*	
Northstar Productions	Drumscapes	DRM:Pop/Country -> TOM:P/C Toms   * -> Sample	TOM:P/C LMT3c*	
Northstar Productions	Drumscapes	DRM:Pop/Country -> TOM:P/C Toms   * -> Sample	TOM:P/C LOT1a*	
Northstar Productions	Drumscapes	DRM:Pop/Country -> TOM:P/C Toms   * -> Sample	TOM:P/C LOT1b*	
Northstar Productions	Drumscapes	DRM:Pop/Country -> TOM:P/C Toms   * -> Sample	TOM:P/C LMT1a*	
Northstar Productions	Drumscapes	DRM:Pop/Country -> TOM:P/C Toms   * -> Sample	TOM:P/C LMT1b*	
Northstar Productions	Drumscapes	DRM:Pop/Country -> TOM:P/C Toms   * -> Sample	TOM:P/C HMT1a*	
Northstar Productions	Drumscapes	DRM:Pop/Country -> TOM:P/C Toms   * -> Sample	TOM:P/C HMT1b*	
Northstar Productions	Drumscapes	DRM:Pop/Country -> TOM:P/C Toms   * -> Sample	TOM:P/C HiT1a*	
Northstar Productions	Drumscapes	DRM:Pop/Country -> TOM:P/C Toms   * -> Sample	TOM:P/C HiT1b*	
Northstar Productions	Drumscapes	DRM:Pop/Country -> TOM:P/C Toms   * -> Sample	TOM:P/C LoT2 *	
Northstar Productions	Drumscapes	DRM:Pop/Country -> TOM:P/C Toms   * -> Sample	TOM:P/C LMT2 *	
Northstar Productions	Drumscapes	DRM:Pop/Country -> TOM:P/C Toms   * -> Sample	TOM:P/C HMT2 *	
Northstar Productions	Drumscapes	DRM:Pop/Country -> TOM:P/C Toms   * -> Sample	TOM:P/C HiT2 *	
Northstar Productions	Drumscapes	DRM:Pop/Country -> TOM:P/C Toms   * -> Sample	TOM:P/CLoT1Fl*	
Northstar Productions	Drumscapes	DRM:Pop/Country -> TOM:P/C Toms   * -> Sample	TOM:P/CLMT1Fl*	
Northstar Productions	Drumscapes	DRM:Pop/Country -> TOM:P/C Toms   * -> Sample	TOM:P/CHMT1Fl*	
Northstar Productions	Drumscapes	DRM:Pop/Country -> TOM:P/C Toms   * -> Sample	TOM:P/CHiT1Fl*	
Northstar Productions	Drumscapes	DRM:Pop/Country -> TOM:P/C Toms   * -> Sample	TOM:P/C HMT3a*	
Northstar Productions	Drumscapes	DRM:Pop/Country -> TOM:P/C Toms   * -> Sample	TOM:P/C HMT3c*	
Northstar Productions	Drumscapes	DRM:Pop/Country -> TOM:P/C Toms   * -> Sample	TOM:P/C HiT3a*	
Northstar Productions	Drumscapes	DRM:Pop/Country -> TOM:P/C Toms   * -> Sample	TOM:P/C HiT3c*	
Northstar Productions	Drumscapes	DRM:Pop/Country -> TOM:P/C Toms   * -> Sample	TOM:P/C HMT3b*	
Northstar Productions	Drumscapes	DRM:Pop/Country -> TOM:P/C Toms   * -> Sample	TOM:P/C HiT3b*	
Northstar Productions	Drumscapes	DRM:Pop/Country -> HAT:P/C Hats   * -> Patch	HAT:P/C HatMenu*	
Northstar Productions	Drumscapes	DRM:Pop/Country -> HAT:P/C Hats   * -> Patch	HAT:P/C Hat 1  *	
Northstar Productions	Drumscapes	DRM:Pop/Country -> HAT:P/C Hats   * -> Patch	HAT:P/C Hat 2  *	
Northstar Productions	Drumscapes	DRM:Pop/Country -> HAT:P/C Hats   * -> Patch	HAT:P/C Hat 3  *	
Northstar Productions	Drumscapes	DRM:Pop/Country -> HAT:P/C Hats   * -> Patch	HAT:P/C Hat 4  *	
Northstar Productions	Drumscapes	DRM:Pop/Country -> HAT:P/C Hats   * -> Sample	HAT:P/C PHH 1*	
Northstar Productions	Drumscapes	DRM:Pop/Country -> HAT:P/C Hats   * -> Sample	HAT:P/C CHH 1*	
Northstar Productions	Drumscapes	DRM:Pop/Country -> HAT:P/C Hats   * -> Sample	HAT:P/C CHH 3*	
Northstar Productions	Drumscapes	DRM:Pop/Country -> HAT:P/C Hats   * -> Sample	HAT:P/C CHH 2*	
Northstar Productions	Drumscapes	DRM:Pop/Country -> HAT:P/C Hats   * -> Sample	HAT:P/C LHH 1*	
Northstar Productions	Drumscapes	DRM:Pop/Country -> HAT:P/C Hats   * -> Sample	HAT:P/C LHH 2*	
Northstar Productions	Drumscapes	DRM:Pop/Country -> HAT:P/C Hats   * -> Sample	HAT:P/C LHH 3*	
Northstar Productions	Drumscapes	DRM:Pop/Country -> HAT:P/C Hats   * -> Sample	HAT:P/C OHH 1*	
Northstar Productions	Drumscapes	KIT:F/R Kits -> KIT:F/R Kit Wet* -> Patch	KIK:F/R K2     *	
Northstar Productions	Drumscapes	KIT:F/R Kits -> KIT:F/R Kit Wet* -> Patch	SNR:F/R Sn Wet *	
Northstar Productions	Drumscapes	KIT:F/R Kits -> KIT:F/R Kit Wet* -> Patch	SNR:F/R Stick  *	
Northstar Productions	Drumscapes	KIT:F/R Kits -> KIT:F/R Kit Wet* -> Patch	SNR:F/R Sn Flm1*	
Northstar Productions	Drumscapes	KIT:F/R Kits -> KIT:F/R Kit Wet* -> Patch	TOM:F/R Toms 2 *	
Northstar Productions	Drumscapes	KIT:F/R Kits -> KIT:F/R Kit Wet* -> Patch	TOM:F/R TomFlam*	
Northstar Productions	Drumscapes	KIT:F/R Kits -> KIT:F/R Kit Wet* -> Patch	CYM:F/R Bell1  *	
Northstar Productions	Drumscapes	KIT:F/R Kits -> KIT:F/R Kit Wet* -> Patch	CYM:F/R Crsh2  *	
Northstar Productions	Drumscapes	KIT:F/R Kits -> KIT:F/R Kit Wet* -> Patch	CYM:F/R Crsh3  *	
Northstar Productions	Drumscapes	KIT:F/R Kits -> KIT:F/R Kit Wet* -> Patch	HAT:F/R HH 8S  *	
Northstar Productions	Drumscapes	KIT:F/R Kits -> KIT:F/R Kit Wet* -> Sample	KIK:F/R K2a*	
Northstar Productions	Drumscapes	KIT:F/R Kits -> KIT:F/R Kit Wet* -> Sample	KIK:F/R K2b*	
Northstar Productions	Drumscapes	KIT:F/R Kits -> KIT:F/R Kit Wet* -> Sample	SNR:F/R Sn1*	
Northstar Productions	Drumscapes	KIT:F/R Kits -> KIT:F/R Kit Wet* -> Sample	SNR:F/R Sn5*	
Northstar Productions	Drumscapes	KIT:F/R Kits -> KIT:F/R Kit Wet* -> Sample	SNR:F/R Sn3*	
Northstar Productions	Drumscapes	KIT:F/R Kits -> KIT:F/R Kit Wet* -> Sample	SNR:F/R Sn6*	
Northstar Productions	Drumscapes	KIT:F/R Kits -> KIT:F/R Kit Wet* -> Sample	SNR:F/R Stk1*	
Northstar Productions	Drumscapes	KIT:F/R Kits -> KIT:F/R Kit Wet* -> Sample	SNR:F/RSnFlm1*	
Northstar Productions	Drumscapes	KIT:F/R Kits -> KIT:F/R Kit Wet* -> Sample	TOM:F/RLoTom2*	
Northstar Productions	Drumscapes	KIT:F/R Kits -> KIT:F/R Kit Wet* -> Sample	TOM:F/RLoTom3*	
Northstar Productions	Drumscapes	KIT:F/R Kits -> KIT:F/R Kit Wet* -> Sample	TOM:F/RLMTom2*	
Northstar Productions	Drumscapes	KIT:F/R Kits -> KIT:F/R Kit Wet* -> Sample	TOM:F/RLMTom3*	
Northstar Productions	Drumscapes	KIT:F/R Kits -> KIT:F/R Kit Wet* -> Sample	TOM:F/RHMTom2*	
Northstar Productions	Drumscapes	KIT:F/R Kits -> KIT:F/R Kit Wet* -> Sample	TOM:F/RHMTom3*	
Northstar Productions	Drumscapes	KIT:F/R Kits -> KIT:F/R Kit Wet* -> Sample	TOM:F/RHiTom1*	
Northstar Productions	Drumscapes	KIT:F/R Kits -> KIT:F/R Kit Wet* -> Sample	TOM:F/RHiTom3*	
Northstar Productions	Drumscapes	KIT:F/R Kits -> KIT:F/R Kit Wet* -> Sample	TOM:F/RTomFl4*	
Northstar Productions	Drumscapes	KIT:F/R Kits -> KIT:F/R Kit Wet* -> Sample	TOM:F/RTomFl3*	
Northstar Productions	Drumscapes	KIT:F/R Kits -> KIT:F/R Kit Wet* -> Sample	TOM:F/RTomFl2*	
Northstar Productions	Drumscapes	KIT:F/R Kits -> KIT:F/R Kit Wet* -> Sample	TOM:F/RTomFl1*	
Northstar Productions	Drumscapes	KIT:F/R Kits -> KIT:F/R Kit Wet* -> Sample	CYM:F/R Bell2*	
Northstar Productions	Drumscapes	KIT:F/R Kits -> KIT:F/R Kit Wet* -> Sample	CYM:F/R Crsh2*	
Northstar Productions	Drumscapes	KIT:F/R Kits -> KIT:F/R Kit Wet* -> Sample	CYM:F/R Crsh3*	
Northstar Productions	Drumscapes	KIT:F/R Kits -> KIT:F/R Kit Wet* -> Sample	HAT:F/R HatP1*	
Northstar Productions	Drumscapes	KIT:F/R Kits -> KIT:F/R Kit Wet* -> Sample	HAT:F/R HatP2*	
Northstar Productions	Drumscapes	KIT:F/R Kits -> KIT:F/R Kit Wet* -> Sample	HAT:F/R HatC5*	
Northstar Productions	Drumscapes	KIT:F/R Kits -> KIT:F/R Kit Wet* -> Sample	HAT:F/R HatC1*	
Northstar Productions	Drumscapes	KIT:F/R Kits -> KIT:F/R Kit Wet* -> Sample	HAT:F/R HatC2*	
Northstar Productions	Drumscapes	KIT:F/R Kits -> KIT:F/R Kit Wet* -> Sample	HAT:F/R HatC3*	
Northstar Productions	Drumscapes	KIT:F/R Kits -> KIT:F/R Kit Wet* -> Sample	HAT:F/R HatO1*	
Northstar Productions	Drumscapes	KIT:F/R Kits -> KIT:F/R Kit Wet* -> Sample	HAT:F/R HatL2*	
Northstar Productions	Drumscapes	KIT:F/R Kits -> KIT:F/R Kit Dry* -> Patch	KIK:F/R K4     *	
Northstar Productions	Drumscapes	KIT:F/R Kits -> KIT:F/R Kit Dry* -> Patch	SNR:F/R Sn Dry *	
Northstar Productions	Drumscapes	KIT:F/R Kits -> KIT:F/R Kit Dry* -> Patch	SNR:F/R Stick  *	
Northstar Productions	Drumscapes	KIT:F/R Kits -> KIT:F/R Kit Dry* -> Patch	SNR:F/R Sn Flm2*	
Northstar Productions	Drumscapes	KIT:F/R Kits -> KIT:F/R Kit Dry* -> Patch	TOM:F/R Toms 3 *	
Northstar Productions	Drumscapes	KIT:F/R Kits -> KIT:F/R Kit Dry* -> Patch	TOM:F/R TomFlam*	
Northstar Productions	Drumscapes	KIT:F/R Kits -> KIT:F/R Kit Dry* -> Patch	CYM:F/R Ride1  *	
Northstar Productions	Drumscapes	KIT:F/R Kits -> KIT:F/R Kit Dry* -> Patch	CYM:F/R Crsh1  *	
Northstar Productions	Drumscapes	KIT:F/R Kits -> KIT:F/R Kit Dry* -> Patch	CYM:F/R Crsh3  *	
Northstar Productions	Drumscapes	KIT:F/R Kits -> KIT:F/R Kit Dry* -> Patch	HAT:F/R HH 8M  *	
Northstar Productions	Drumscapes	KIT:F/R Kits -> KIT:F/R Kit Dry* -> Sample	KIK:F/R K4a*	
Northstar Productions	Drumscapes	KIT:F/R Kits -> KIT:F/R Kit Dry* -> Sample	KIK:F/R K4b*	
Northstar Productions	Drumscapes	KIT:F/R Kits -> KIT:F/R Kit Dry* -> Sample	SNR:F/RDrySn1*	
Northstar Productions	Drumscapes	KIT:F/R Kits -> KIT:F/R Kit Dry* -> Sample	SNR:F/RDrySn2*	
Northstar Productions	Drumscapes	KIT:F/R Kits -> KIT:F/R Kit Dry* -> Sample	SNR:F/RDrySn3*	
Northstar Productions	Drumscapes	KIT:F/R Kits -> KIT:F/R Kit Dry* -> Sample	SNR:F/RDrySn4*	
Northstar Productions	Drumscapes	KIT:F/R Kits -> KIT:F/R Kit Dry* -> Sample	SNR:F/R Stk1*	
Northstar Productions	Drumscapes	KIT:F/R Kits -> KIT:F/R Kit Dry* -> Sample	SNR:F/RSnFlm2*	
Northstar Productions	Drumscapes	KIT:F/R Kits -> KIT:F/R Kit Dry* -> Sample	TOM:F/RLoTom1*	
Northstar Productions	Drumscapes	KIT:F/R Kits -> KIT:F/R Kit Dry* -> Sample	TOM:F/RLoTom2*	
Northstar Productions	Drumscapes	KIT:F/R Kits -> KIT:F/R Kit Dry* -> Sample	TOM:F/RLMTom1*	
Northstar Productions	Drumscapes	KIT:F/R Kits -> KIT:F/R Kit Dry* -> Sample	TOM:F/RLMTom2*	
Northstar Productions	Drumscapes	KIT:F/R Kits -> KIT:F/R Kit Dry* -> Sample	TOM:F/RHMTom1*	
Northstar Productions	Drumscapes	KIT:F/R Kits -> KIT:F/R Kit Dry* -> Sample	TOM:F/RHMTom2*	
Northstar Productions	Drumscapes	KIT:F/R Kits -> KIT:F/R Kit Dry* -> Sample	TOM:F/RHiTom1*	
Northstar Productions	Drumscapes	KIT:F/R Kits -> KIT:F/R Kit Dry* -> Sample	TOM:F/RHiTom2*	
Northstar Productions	Drumscapes	KIT:F/R Kits -> KIT:F/R Kit Dry* -> Sample	TOM:F/RTomFl4*	
Northstar Productions	Drumscapes	KIT:F/R Kits -> KIT:F/R Kit Dry* -> Sample	TOM:F/RTomFl3*	
Northstar Productions	Drumscapes	KIT:F/R Kits -> KIT:F/R Kit Dry* -> Sample	TOM:F/RTomFl2*	
Northstar Productions	Drumscapes	KIT:F/R Kits -> KIT:F/R Kit Dry* -> Sample	TOM:F/RTomFl1*	
Northstar Productions	Drumscapes	KIT:F/R Kits -> KIT:F/R Kit Dry* -> Sample	CYM:F/R Ride1*	
Northstar Productions	Drumscapes	KIT:F/R Kits -> KIT:F/R Kit Dry* -> Sample	CYM:F/R Bell2*	
Northstar Productions	Drumscapes	KIT:F/R Kits -> KIT:F/R Kit Dry* -> Sample	CYM:F/R Crsh1*	
Northstar Productions	Drumscapes	KIT:F/R Kits -> KIT:F/R Kit Dry* -> Sample	CYM:F/R Crsh3*	
Northstar Productions	Drumscapes	KIT:F/R Kits -> KIT:F/R Kit Dry* -> Sample	HAT:F/R HatP2*-R	
Northstar Productions	Drumscapes	KIT:F/R Kits -> KIT:F/R Kit Dry* -> Sample	HAT:F/R HatC5*-R	
Northstar Productions	Drumscapes	KIT:F/R Kits -> KIT:F/R Kit Dry* -> Sample	HAT:F/R HatC1*-R	
Northstar Productions	Drumscapes	KIT:F/R Kits -> KIT:F/R Kit Dry* -> Sample	HAT:F/R HatC2*-R	
Northstar Productions	Drumscapes	KIT:F/R Kits -> KIT:F/R Kit Dry* -> Sample	HAT:F/R HatC3*-R	
Northstar Productions	Drumscapes	KIT:F/R Kits -> KIT:F/R Kit Dry* -> Sample	HAT:F/R HatO1*-R	
Northstar Productions	Drumscapes	KIT:F/R Kits -> KIT:F/R Kit Dry* -> Sample	HAT:F/R HatL2*-R	
Northstar Productions	Drumscapes	KIT:M/R Kits -> KIT:M/R Kit 1  * -> Patch	KIK:M/R K2     *	
Northstar Productions	Drumscapes	KIT:M/R Kits -> KIT:M/R Kit 1  * -> Patch	SNR:M/R Sn4    *	
Northstar Productions	Drumscapes	KIT:M/R Kits -> KIT:M/R Kit 1  * -> Patch	SNR:M/R Sn Flam*	
Northstar Productions	Drumscapes	KIT:M/R Kits -> KIT:M/R Kit 1  * -> Patch	HAT:M/R Hat 1  *	
Northstar Productions	Drumscapes	KIT:M/R Kits -> KIT:M/R Kit 1  * -> Patch	CYM:M/R Ride1  *	
Northstar Productions	Drumscapes	KIT:M/R Kits -> KIT:M/R Kit 1  * -> Patch	CYM:M/R Crsh1  *	
Northstar Productions	Drumscapes	KIT:M/R Kits -> KIT:M/R Kit 1  * -> Patch	CYM:M/R Crsh2  *	
Northstar Productions	Drumscapes	KIT:M/R Kits -> KIT:M/R Kit 1  * -> Patch	TOM:M/R Toms 1 *	
Northstar Productions	Drumscapes	KIT:M/R Kits -> KIT:M/R Kit 1  * -> Patch	TOM:M/R TomFlam*	
Northstar Productions	Drumscapes	KIT:M/R Kits -> KIT:M/R Kit 1  * -> Patch	SNR:M/R Stick  *	
Northstar Productions	Drumscapes	KIT:M/R Kits -> KIT:M/R Kit 1  * -> Sample	KIK:M/R K1*	
Northstar Productions	Drumscapes	KIT:M/R Kits -> KIT:M/R Kit 1  * -> Sample	KIK:M/R K1d  *	
Northstar Productions	Drumscapes	KIT:M/R Kits -> KIT:M/R Kit 1  * -> Sample	SNR:M/R SnM1 *	
Northstar Productions	Drumscapes	KIT:M/R Kits -> KIT:M/R Kit 1  * -> Sample	SNR:M/R Sn2  *	
Northstar Productions	Drumscapes	KIT:M/R Kits -> KIT:M/R Kit 1  * -> Sample	SNR:M/R Sn2 *	
Northstar Productions	Drumscapes	KIT:M/R Kits -> KIT:M/R Kit 1  * -> Sample	SNR:M/R SnH1 *	
Northstar Productions	Drumscapes	KIT:M/R Kits -> KIT:M/R Kit 1  * -> Sample	SNR:M/R SnFl1*	
Northstar Productions	Drumscapes	KIT:M/R Kits -> KIT:M/R Kit 1  * -> Sample	HAT:M/R Ped 1  *	
Northstar Productions	Drumscapes	KIT:M/R Kits -> KIT:M/R Kit 1  * -> Sample	HAT:M/R CHH1a  *	
Northstar Productions	Drumscapes	KIT:M/R Kits -> KIT:M/R Kit 1  * -> Sample	HAT:M/R CHH1b  *	
Northstar Productions	Drumscapes	KIT:M/R Kits -> KIT:M/R Kit 1  * -> Sample	HAT:M/R CHH1c  *	
Northstar Productions	Drumscapes	KIT:M/R Kits -> KIT:M/R Kit 1  * -> Sample	HAT:M/R CHH2a  *	
Northstar Productions	Drumscapes	KIT:M/R Kits -> KIT:M/R Kit 1  * -> Sample	HAT:M/R OHH 1  *	
Northstar Productions	Drumscapes	KIT:M/R Kits -> KIT:M/R Kit 1  * -> Sample	CYM:M/R CYM 1*-L	
Northstar Productions	Drumscapes	KIT:M/R Kits -> KIT:M/R Kit 1  * -> Sample	CYM:M/R Crsh 1 *	
Northstar Productions	Drumscapes	KIT:M/R Kits -> KIT:M/R Kit 1  * -> Sample	CYM:M/R Crsh 2 *	
Northstar Productions	Drumscapes	KIT:M/R Kits -> KIT:M/R Kit 1  * -> Sample	TOM:M/R LoT1a*	
Northstar Productions	Drumscapes	KIT:M/R Kits -> KIT:M/R Kit 1  * -> Sample	TOM:M/R LoT1b*	
Northstar Productions	Drumscapes	KIT:M/R Kits -> KIT:M/R Kit 1  * -> Sample	TOM:M/R MT1a *	
Northstar Productions	Drumscapes	KIT:M/R Kits -> KIT:M/R Kit 1  * -> Sample	SNR:M/R MT1b *	
Northstar Productions	Drumscapes	KIT:M/R Kits -> KIT:M/R Kit 1  * -> Sample	TOM:M/R HiT1a*	
Northstar Productions	Drumscapes	KIT:M/R Kits -> KIT:M/R Kit 1  * -> Sample	TOM:M/R HiT1b*	
Northstar Productions	Drumscapes	KIT:M/R Kits -> KIT:M/R Kit 1  * -> Sample	TOM:M/R LoTFl*	
Northstar Productions	Drumscapes	KIT:M/R Kits -> KIT:M/R Kit 1  * -> Sample	TOM:M/R MTFl *	
Northstar Productions	Drumscapes	KIT:M/R Kits -> KIT:M/R Kit 1  * -> Sample	TOM:M/R HiTFl*	
Northstar Productions	Drumscapes	KIT:M/R Kits -> KIT:M/R Kit 1  * -> Sample	SNR:A/C Stk1 *	
Northstar Productions	Drumscapes	KIT:M/R Kits -> KIT:M/R Kit 2  * -> Patch	KIK:M/R K1     *	
Northstar Productions	Drumscapes	KIT:M/R Kits -> KIT:M/R Kit 2  * -> Patch	SNR:M/R Sn5    *	
Northstar Productions	Drumscapes	KIT:M/R Kits -> KIT:M/R Kit 2  * -> Patch	SNR:M/R Sn Flam*	
Northstar Productions	Drumscapes	KIT:M/R Kits -> KIT:M/R Kit 2  * -> Patch	HAT:M/R Hat 2  *	
Northstar Productions	Drumscapes	KIT:M/R Kits -> KIT:M/R Kit 2  * -> Patch	CYM:M/R Ride1  *	
Northstar Productions	Drumscapes	KIT:M/R Kits -> KIT:M/R Kit 2  * -> Patch	CYM:M/R Crsh1  *	
Northstar Productions	Drumscapes	KIT:M/R Kits -> KIT:M/R Kit 2  * -> Patch	CYM:M/R Crsh2  *	
Northstar Productions	Drumscapes	KIT:M/R Kits -> KIT:M/R Kit 2  * -> Patch	TOM:M/R Toms 2 *	
Northstar Productions	Drumscapes	KIT:M/R Kits -> KIT:M/R Kit 2  * -> Patch	TOM:M/R TomFlam*	
Northstar Productions	Drumscapes	KIT:M/R Kits -> KIT:M/R Kit 2  * -> Patch	SNR:M/R Stick  *	
Northstar Productions	Drumscapes	KIT:M/R Kits -> KIT:M/R Kit 2  * -> Sample	KIK:M/R K1*	
Northstar Productions	Drumscapes	KIT:M/R Kits -> KIT:M/R Kit 2  * -> Sample	KIK:M/R K2*	
Northstar Productions	Drumscapes	KIT:M/R Kits -> KIT:M/R Kit 2  * -> Sample	SNR:M/R Sn1  *	
Northstar Productions	Drumscapes	KIT:M/R Kits -> KIT:M/R Kit 2  * -> Sample	SNR:M/R SnO2 *	
Northstar Productions	Drumscapes	KIT:M/R Kits -> KIT:M/R Kit 2  * -> Sample	SNR:M/R SnM1 *	
Northstar Productions	Drumscapes	KIT:M/R Kits -> KIT:M/R Kit 2  * -> Sample	SNR:M/R Sn2  *	
Northstar Productions	Drumscapes	KIT:M/R Kits -> KIT:M/R Kit 2  * -> Sample	SNR:M/R SnFl1*	
Northstar Productions	Drumscapes	KIT:M/R Kits -> KIT:M/R Kit 2  * -> Sample	HAT:M/R Ped 1  *	
Northstar Productions	Drumscapes	KIT:M/R Kits -> KIT:M/R Kit 2  * -> Sample	HAT:M/R CHH1b  *	
Northstar Productions	Drumscapes	KIT:M/R Kits -> KIT:M/R Kit 2  * -> Sample	HAT:M/R CHH1c  *	
Northstar Productions	Drumscapes	KIT:M/R Kits -> KIT:M/R Kit 2  * -> Sample	HAT:M/R CHH2a  *	
Northstar Productions	Drumscapes	KIT:M/R Kits -> KIT:M/R Kit 2  * -> Sample	HAT:M/R LHH1   *	
Northstar Productions	Drumscapes	KIT:M/R Kits -> KIT:M/R Kit 2  * -> Sample	HAT:M/R OHH 1  *	
Northstar Productions	Drumscapes	KIT:M/R Kits -> KIT:M/R Kit 2  * -> Sample	CYM:M/R CYM 1*-L	
Northstar Productions	Drumscapes	KIT:M/R Kits -> KIT:M/R Kit 2  * -> Sample	CYM:M/R Crsh 1 *	
Northstar Productions	Drumscapes	KIT:M/R Kits -> KIT:M/R Kit 2  * -> Sample	CYM:M/R Crsh 2 *	
Northstar Productions	Drumscapes	KIT:M/R Kits -> KIT:M/R Kit 2  * -> Sample	TOM:M/R LoT1a*	
Northstar Productions	Drumscapes	KIT:M/R Kits -> KIT:M/R Kit 2  * -> Sample	TOM:M/R LoT1c*	
Northstar Productions	Drumscapes	KIT:M/R Kits -> KIT:M/R Kit 2  * -> Sample	TOM:M/R MT1a *	
Northstar Productions	Drumscapes	KIT:M/R Kits -> KIT:M/R Kit 2  * -> Sample	TOM:M/R MT1c *	
Northstar Productions	Drumscapes	KIT:M/R Kits -> KIT:M/R Kit 2  * -> Sample	TOM:M/R HiT1a*	
Northstar Productions	Drumscapes	KIT:M/R Kits -> KIT:M/R Kit 2  * -> Sample	TOM:M/R HiT1c*	
Northstar Productions	Drumscapes	KIT:M/R Kits -> KIT:M/R Kit 2  * -> Sample	TOM:M/R LoTFl*	
Northstar Productions	Drumscapes	KIT:M/R Kits -> KIT:M/R Kit 2  * -> Sample	TOM:M/R MTFl *	
Northstar Productions	Drumscapes	KIT:M/R Kits -> KIT:M/R Kit 2  * -> Sample	TOM:M/R HiTFl*	
Northstar Productions	Drumscapes	KIT:M/R Kits -> KIT:M/R Kit 2  * -> Sample	SNR:A/C Stk1 *	
Northstar Productions	Drumscapes	KIT:P/B Kits -> KIT:P/B Kit 1  * -> Patch	KIK:P/B K2     *	
Northstar Productions	Drumscapes	KIT:P/B Kits -> KIT:P/B Kit 1  * -> Patch	SNR:P/B Sn1    *	
Northstar Productions	Drumscapes	KIT:P/B Kits -> KIT:P/B Kit 1  * -> Patch	SNR:P/B Stick  *	
Northstar Productions	Drumscapes	KIT:P/B Kits -> KIT:P/B Kit 1  * -> Patch	HAT:P/B Hat 2S *	
Northstar Productions	Drumscapes	KIT:P/B Kits -> KIT:P/B Kit 1  * -> Patch	CYM:P/B Ride1  *	
Northstar Productions	Drumscapes	KIT:P/B Kits -> KIT:P/B Kit 1  * -> Patch	CYM:P/B Crsh2  *	
Northstar Productions	Drumscapes	KIT:P/B Kits -> KIT:P/B Kit 1  * -> Patch	CYM:P/B Crsh4  *	
Northstar Productions	Drumscapes	KIT:P/B Kits -> KIT:P/B Kit 1  * -> Patch	TOM:P/B Toms 1 *	
Northstar Productions	Drumscapes	KIT:P/B Kits -> KIT:P/B Kit 1  * -> Patch	TOM:P/B TomFlam*	
Northstar Productions	Drumscapes	KIT:P/B Kits -> KIT:P/B Kit 1  * -> Patch	SNR:M/R Sn Flam*	
Northstar Productions	Drumscapes	KIT:P/B Kits -> KIT:P/B Kit 1  * -> Sample	KIK:P/B K3*	
Northstar Productions	Drumscapes	KIT:P/B Kits -> KIT:P/B Kit 1  * -> Sample	KIK:P/B K2*	
Northstar Productions	Drumscapes	KIT:P/B Kits -> KIT:P/B Kit 1  * -> Sample	SNR:P/B Sn3*	
Northstar Productions	Drumscapes	KIT:P/B Kits -> KIT:P/B Kit 1  * -> Sample	SNR:P/B Sn5*	
Northstar Productions	Drumscapes	KIT:P/B Kits -> KIT:P/B Kit 1  * -> Sample	SNR:P/B Sn1*	
Northstar Productions	Drumscapes	KIT:P/B Kits -> KIT:P/B Kit 1  * -> Sample	SNR:P/B Sn4*	
Northstar Productions	Drumscapes	KIT:P/B Kits -> KIT:P/B Kit 1  * -> Sample	SNR:A/C Stk1 *	
Northstar Productions	Drumscapes	KIT:P/B Kits -> KIT:P/B Kit 1  * -> Sample	HAT:P/B PHat1*	
Northstar Productions	Drumscapes	KIT:P/B Kits -> KIT:P/B Kit 1  * -> Sample	HAT:P/B CHat1*	
Northstar Productions	Drumscapes	KIT:P/B Kits -> KIT:P/B Kit 1  * -> Sample	HAT:P/B LHat2*	
Northstar Productions	Drumscapes	KIT:P/B Kits -> KIT:P/B Kit 1  * -> Sample	HAT:P/B CHat2*	
Northstar Productions	Drumscapes	KIT:P/B Kits -> KIT:P/B Kit 1  * -> Sample	HAT:P/B SHat1*	
Northstar Productions	Drumscapes	KIT:P/B Kits -> KIT:P/B Kit 1  * -> Sample	HAT:P/B OHat1*	
Northstar Productions	Drumscapes	KIT:P/B Kits -> KIT:P/B Kit 1  * -> Sample	HAT:P/B LHat3*	
Northstar Productions	Drumscapes	KIT:P/B Kits -> KIT:P/B Kit 1  * -> Sample	CYM:P/B Ride1*	
Northstar Productions	Drumscapes	KIT:P/B Kits -> KIT:P/B Kit 1  * -> Sample	CYM:P/B RdBl1*	
Northstar Productions	Drumscapes	KIT:P/B Kits -> KIT:P/B Kit 1  * -> Sample	CYM:P/B Crs2*	
Northstar Productions	Drumscapes	KIT:P/B Kits -> KIT:P/B Kit 1  * -> Sample	CYM:P/B Crs4*	
Northstar Productions	Drumscapes	KIT:P/B Kits -> KIT:P/B Kit 1  * -> Sample	TOM:P/B LTm1c*	
Northstar Productions	Drumscapes	KIT:P/B Kits -> KIT:P/B Kit 1  * -> Sample	TOM:P/B LTm1d*	
Northstar Productions	Drumscapes	KIT:P/B Kits -> KIT:P/B Kit 1  * -> Sample	TOM:P/BLMTm1c*	
Northstar Productions	Drumscapes	KIT:P/B Kits -> KIT:P/B Kit 1  * -> Sample	TOM:P/BLMTm1d*	
Northstar Productions	Drumscapes	KIT:P/B Kits -> KIT:P/B Kit 1  * -> Sample	TOM:P/BHMTm1c*	
Northstar Productions	Drumscapes	KIT:P/B Kits -> KIT:P/B Kit 1  * -> Sample	TOM:P/BHMTm1d*	
Northstar Productions	Drumscapes	KIT:P/B Kits -> KIT:P/B Kit 1  * -> Sample	TOM:P/B HTm1c*	
Northstar Productions	Drumscapes	KIT:P/B Kits -> KIT:P/B Kit 1  * -> Sample	TOM:P/B HTm1d*	
Northstar Productions	Drumscapes	KIT:P/B Kits -> KIT:P/B Kit 1  * -> Sample	TOM:P/BLTmFl1*	
Northstar Productions	Drumscapes	KIT:P/B Kits -> KIT:P/B Kit 1  * -> Sample	TOM:P/BLMTFl1*	
Northstar Productions	Drumscapes	KIT:P/B Kits -> KIT:P/B Kit 1  * -> Sample	TOM:P/BHMTFl1*	
Northstar Productions	Drumscapes	KIT:P/B Kits -> KIT:P/B Kit 1  * -> Sample	TOM:P/BHTmFl1*	
Northstar Productions	Drumscapes	KIT:P/B Kits -> KIT:P/B Kit 1  * -> Sample	SNR:M/R SnFl1*	
Northstar Productions	Drumscapes	KIT:P/B Kits -> KIT:P/B Kit 2  * -> Patch	KIK:P/B K1     *	
Northstar Productions	Drumscapes	KIT:P/B Kits -> KIT:P/B Kit 2  * -> Patch	SNR:P/B Sn3    *	
Northstar Productions	Drumscapes	KIT:P/B Kits -> KIT:P/B Kit 2  * -> Patch	SNR:P/B Stick  *	
Northstar Productions	Drumscapes	KIT:P/B Kits -> KIT:P/B Kit 2  * -> Patch	HAT:P/B Hat 1S *	
Northstar Productions	Drumscapes	KIT:P/B Kits -> KIT:P/B Kit 2  * -> Patch	CYM:P/B Bell1  *	
Northstar Productions	Drumscapes	KIT:P/B Kits -> KIT:P/B Kit 2  * -> Patch	CYM:P/B Crsh1  *	
Northstar Productions	Drumscapes	KIT:P/B Kits -> KIT:P/B Kit 2  * -> Patch	CYM:P/B Crsh4  *	
Northstar Productions	Drumscapes	KIT:P/B Kits -> KIT:P/B Kit 2  * -> Patch	TOM:P/B Toms 2 *	
Northstar Productions	Drumscapes	KIT:P/B Kits -> KIT:P/B Kit 2  * -> Patch	TOM:P/B TomFlam*	
Northstar Productions	Drumscapes	KIT:P/B Kits -> KIT:P/B Kit 2  * -> Patch	SNR:M/R Sn Flam*	
Northstar Productions	Drumscapes	KIT:P/B Kits -> KIT:P/B Kit 2  * -> Sample	KIK:P/B K3*	
Northstar Productions	Drumscapes	KIT:P/B Kits -> KIT:P/B Kit 2  * -> Sample	KIK:P/B K1*	
Northstar Productions	Drumscapes	KIT:P/B Kits -> KIT:P/B Kit 2  * -> Sample	SNR:P/B Sn6*	
Northstar Productions	Drumscapes	KIT:P/B Kits -> KIT:P/B Kit 2  * -> Sample	SNR:P/B Sn3*	
Northstar Productions	Drumscapes	KIT:P/B Kits -> KIT:P/B Kit 2  * -> Sample	SNR:P/B Sn4*	
Northstar Productions	Drumscapes	KIT:P/B Kits -> KIT:P/B Kit 2  * -> Sample	SNR:P/B Sn5*	
Northstar Productions	Drumscapes	KIT:P/B Kits -> KIT:P/B Kit 2  * -> Sample	SNR:A/C Stk1 *	
Northstar Productions	Drumscapes	KIT:P/B Kits -> KIT:P/B Kit 2  * -> Sample	HAT:P/B PHat1*	
Northstar Productions	Drumscapes	KIT:P/B Kits -> KIT:P/B Kit 2  * -> Sample	HAT:P/B SHat1*	
Northstar Productions	Drumscapes	KIT:P/B Kits -> KIT:P/B Kit 2  * -> Sample	HAT:P/B SHat3*	
Northstar Productions	Drumscapes	KIT:P/B Kits -> KIT:P/B Kit 2  * -> Sample	HAT:P/B LHat2*	
Northstar Productions	Drumscapes	KIT:P/B Kits -> KIT:P/B Kit 2  * -> Sample	HAT:P/B LHat1*	
Northstar Productions	Drumscapes	KIT:P/B Kits -> KIT:P/B Kit 2  * -> Sample	HAT:P/B OHat1*	
Northstar Productions	Drumscapes	KIT:P/B Kits -> KIT:P/B Kit 2  * -> Sample	HAT:P/B LHat3*	
Northstar Productions	Drumscapes	KIT:P/B Kits -> KIT:P/B Kit 2  * -> Sample	CYM:P/B RdBl1*	
Northstar Productions	Drumscapes	KIT:P/B Kits -> KIT:P/B Kit 2  * -> Sample	CYM:P/B Crs1*	
Northstar Productions	Drumscapes	KIT:P/B Kits -> KIT:P/B Kit 2  * -> Sample	CYM:P/B Crs4*	
Northstar Productions	Drumscapes	KIT:P/B Kits -> KIT:P/B Kit 2  * -> Sample	TOM:P/BLTom1b*	
Northstar Productions	Drumscapes	KIT:P/B Kits -> KIT:P/B Kit 2  * -> Sample	TOM:P/BLMTm1b*	
Northstar Productions	Drumscapes	KIT:P/B Kits -> KIT:P/B Kit 2  * -> Sample	TOM:P/BHMTm1a*	
Northstar Productions	Drumscapes	KIT:P/B Kits -> KIT:P/B Kit 2  * -> Sample	TOM:P/B HTm1b*	
Northstar Productions	Drumscapes	KIT:P/B Kits -> KIT:P/B Kit 2  * -> Sample	TOM:P/BLTmFl1*	
Northstar Productions	Drumscapes	KIT:P/B Kits -> KIT:P/B Kit 2  * -> Sample	TOM:P/BLMTFl1*	
Northstar Productions	Drumscapes	KIT:P/B Kits -> KIT:P/B Kit 2  * -> Sample	TOM:P/BHMTFl1*	
Northstar Productions	Drumscapes	KIT:P/B Kits -> KIT:P/B Kit 2  * -> Sample	TOM:P/BHTmFl1*	
Northstar Productions	Drumscapes	KIT:P/B Kits -> KIT:P/B Kit 2  * -> Sample	SNR:M/R SnFl1*	
Northstar Productions	Drumscapes	KIT:F/S Kits -> KIT:F/S Kit 1  * -> Patch	KIK:F/S K2     *	
Northstar Productions	Drumscapes	KIT:F/S Kits -> KIT:F/S Kit 1  * -> Patch	SNR:F/S Sn1    *	
Northstar Productions	Drumscapes	KIT:F/S Kits -> KIT:F/S Kit 1  * -> Patch	SNR:F/S SnFlam *	
Northstar Productions	Drumscapes	KIT:F/S Kits -> KIT:F/S Kit 1  * -> Patch	HAT:F/S Hat 2S *	
Northstar Productions	Drumscapes	KIT:F/S Kits -> KIT:F/S Kit 1  * -> Patch	CYM:F/S Ride1  *	
Northstar Productions	Drumscapes	KIT:F/S Kits -> KIT:F/S Kit 1  * -> Patch	CYM:F/S Crsh3S *	
Northstar Productions	Drumscapes	KIT:F/S Kits -> KIT:F/S Kit 1  * -> Patch	CYM:F/S Crsh4S *	
Northstar Productions	Drumscapes	KIT:F/S Kits -> KIT:F/S Kit 1  * -> Patch	TOM:F/S Toms 2 *	
Northstar Productions	Drumscapes	KIT:F/S Kits -> KIT:F/S Kit 1  * -> Patch	TOM:F/S TomFlam*	
Northstar Productions	Drumscapes	KIT:F/S Kits -> KIT:F/S Kit 1  * -> Patch	SNR:P/B Stick  *	
Northstar Productions	Drumscapes	KIT:F/S Kits -> KIT:F/S Kit 1  * -> Sample	KIK:F/S K2*	
Northstar Productions	Drumscapes	KIT:F/S Kits -> KIT:F/S Kit 1  * -> Sample	KIK:F/S K2a*	
Northstar Productions	Drumscapes	KIT:F/S Kits -> KIT:F/S Kit 1  * -> Sample	SNR:F/S Sn1*	
Northstar Productions	Drumscapes	KIT:F/S Kits -> KIT:F/S Kit 1  * -> Sample	SNR:F/S Sn1a*	
Northstar Productions	Drumscapes	KIT:F/S Kits -> KIT:F/S Kit 1  * -> Sample	SNR:F/S Sn2*	
Northstar Productions	Drumscapes	KIT:F/S Kits -> KIT:F/S Kit 1  * -> Sample	SNR:F/S Sn2a*	
Northstar Productions	Drumscapes	KIT:F/S Kits -> KIT:F/S Kit 1  * -> Sample	SNR:F/S SnFl1*	
Northstar Productions	Drumscapes	KIT:F/S Kits -> KIT:F/S Kit 1  * -> Sample	HAT:F/S Ped1 *	
Northstar Productions	Drumscapes	KIT:F/S Kits -> KIT:F/S Kit 1  * -> Sample	HAT:F/S CHH1*	
Northstar Productions	Drumscapes	KIT:F/S Kits -> KIT:F/S Kit 1  * -> Sample	HAT:F/S CHH3*	
Northstar Productions	Drumscapes	KIT:F/S Kits -> KIT:F/S Kit 1  * -> Sample	HAT:F/S CHH2*	
Northstar Productions	Drumscapes	KIT:F/S Kits -> KIT:F/S Kit 1  * -> Sample	HAT:F/S LHH4*	
Northstar Productions	Drumscapes	KIT:F/S Kits -> KIT:F/S Kit 1  * -> Sample	HAT:F/S OHH1*	
Northstar Productions	Drumscapes	KIT:F/S Kits -> KIT:F/S Kit 1  * -> Sample	HAT:F/S LHH2*	
Northstar Productions	Drumscapes	KIT:F/S Kits -> KIT:F/S Kit 1  * -> Sample	CYM:F/S Ride1*	
Northstar Productions	Drumscapes	KIT:F/S Kits -> KIT:F/S Kit 1  * -> Sample	CYM:F/S Bell1*	
Northstar Productions	Drumscapes	KIT:F/S Kits -> KIT:F/S Kit 1  * -> Sample	CYM:F/S Cym 3*	
Northstar Productions	Drumscapes	KIT:F/S Kits -> KIT:F/S Kit 1  * -> Sample	CYM:F/S Cym 4*	
Northstar Productions	Drumscapes	KIT:F/S Kits -> KIT:F/S Kit 1  * -> Sample	TOM:F/S LTm2 *	
Northstar Productions	Drumscapes	KIT:F/S Kits -> KIT:F/S Kit 1  * -> Sample	TOM:F/S LTm3 *	
Northstar Productions	Drumscapes	KIT:F/S Kits -> KIT:F/S Kit 1  * -> Sample	TOM:F/S MTm2 *	
Northstar Productions	Drumscapes	KIT:F/S Kits -> KIT:F/S Kit 1  * -> Sample	TOM:F/S MTm3 *	
Northstar Productions	Drumscapes	KIT:F/S Kits -> KIT:F/S Kit 1  * -> Sample	TOM:F/S HTm2 *	
Northstar Productions	Drumscapes	KIT:F/S Kits -> KIT:F/S Kit 1  * -> Sample	TOM:F/S HTm3 *	
Northstar Productions	Drumscapes	KIT:F/S Kits -> KIT:F/S Kit 1  * -> Sample	TOM:F/S LTmFl*	
Northstar Productions	Drumscapes	KIT:F/S Kits -> KIT:F/S Kit 1  * -> Sample	TOM:F/S MTmFl*	
Northstar Productions	Drumscapes	KIT:F/S Kits -> KIT:F/S Kit 1  * -> Sample	TOM:F/S HTmFl*	
Northstar Productions	Drumscapes	KIT:F/S Kits -> KIT:F/S Kit 1  * -> Sample	SNR:A/C Stk1 *	
Northstar Productions	Drumscapes	KIT:F/S Kits -> KIT:F/S Kit 2  * -> Patch	KIK:F/S K3     *	
Northstar Productions	Drumscapes	KIT:F/S Kits -> KIT:F/S Kit 2  * -> Patch	SNR:F/S Sn1    *	
Northstar Productions	Drumscapes	KIT:F/S Kits -> KIT:F/S Kit 2  * -> Patch	SNR:F/S SnFlam *	
Northstar Productions	Drumscapes	KIT:F/S Kits -> KIT:F/S Kit 2  * -> Patch	HAT:F/S Hat 1S *	
Northstar Productions	Drumscapes	KIT:F/S Kits -> KIT:F/S Kit 2  * -> Patch	CYM:F/S Bell   *	
Northstar Productions	Drumscapes	KIT:F/S Kits -> KIT:F/S Kit 2  * -> Patch	CYM:F/S Crsh1  *	
Northstar Productions	Drumscapes	KIT:F/S Kits -> KIT:F/S Kit 2  * -> Patch	CYM:F/S Crsh2  *	
Northstar Productions	Drumscapes	KIT:F/S Kits -> KIT:F/S Kit 2  * -> Patch	TOM:F/S Toms 1 *	
Northstar Productions	Drumscapes	KIT:F/S Kits -> KIT:F/S Kit 2  * -> Patch	TOM:F/S TomFlam*	
Northstar Productions	Drumscapes	KIT:F/S Kits -> KIT:F/S Kit 2  * -> Patch	SNR:P/B Stick  *	
Northstar Productions	Drumscapes	KIT:F/S Kits -> KIT:F/S Kit 2  * -> Sample	KIK:F/S K1*	
Northstar Productions	Drumscapes	KIT:F/S Kits -> KIT:F/S Kit 2  * -> Sample	KIK:F/S K2a*	
Northstar Productions	Drumscapes	KIT:F/S Kits -> KIT:F/S Kit 2  * -> Sample	SNR:F/S Sn1*	
Northstar Productions	Drumscapes	KIT:F/S Kits -> KIT:F/S Kit 2  * -> Sample	SNR:F/S Sn1a*	
Northstar Productions	Drumscapes	KIT:F/S Kits -> KIT:F/S Kit 2  * -> Sample	SNR:F/S Sn2*	
Northstar Productions	Drumscapes	KIT:F/S Kits -> KIT:F/S Kit 2  * -> Sample	SNR:F/S Sn2a*	
Northstar Productions	Drumscapes	KIT:F/S Kits -> KIT:F/S Kit 2  * -> Sample	SNR:F/S SnFl1*	
Northstar Productions	Drumscapes	KIT:F/S Kits -> KIT:F/S Kit 2  * -> Sample	HAT:F/S Ped1 *	
Northstar Productions	Drumscapes	KIT:F/S Kits -> KIT:F/S Kit 2  * -> Sample	HAT:F/S CHH2*	
Northstar Productions	Drumscapes	KIT:F/S Kits -> KIT:F/S Kit 2  * -> Sample	HAT:F/S LHH4*	
Northstar Productions	Drumscapes	KIT:F/S Kits -> KIT:F/S Kit 2  * -> Sample	HAT:F/S LHH1*	
Northstar Productions	Drumscapes	KIT:F/S Kits -> KIT:F/S Kit 2  * -> Sample	HAT:F/S LHH2*	
Northstar Productions	Drumscapes	KIT:F/S Kits -> KIT:F/S Kit 2  * -> Sample	CYM:F/S Bell1*	
Northstar Productions	Drumscapes	KIT:F/S Kits -> KIT:F/S Kit 2  * -> Sample	CYM:F/S Crs1   *	
Northstar Productions	Drumscapes	KIT:F/S Kits -> KIT:F/S Kit 2  * -> Sample	CYM:F/S Crs2   *	
Northstar Productions	Drumscapes	KIT:F/S Kits -> KIT:F/S Kit 2  * -> Sample	TOM:F/S LTm1 *	
Northstar Productions	Drumscapes	KIT:F/S Kits -> KIT:F/S Kit 2  * -> Sample	TOM:F/S LTm2 *	
Northstar Productions	Drumscapes	KIT:F/S Kits -> KIT:F/S Kit 2  * -> Sample	TOM:F/S MTm1 *	
Northstar Productions	Drumscapes	KIT:F/S Kits -> KIT:F/S Kit 2  * -> Sample	TOM:F/S MTm3 *	
Northstar Productions	Drumscapes	KIT:F/S Kits -> KIT:F/S Kit 2  * -> Sample	TOM:F/S HTm1 *	
Northstar Productions	Drumscapes	KIT:F/S Kits -> KIT:F/S Kit 2  * -> Sample	TOM:F/S HTm2 *	
Northstar Productions	Drumscapes	KIT:F/S Kits -> KIT:F/S Kit 2  * -> Sample	TOM:F/S LTmFl*	
Northstar Productions	Drumscapes	KIT:F/S Kits -> KIT:F/S Kit 2  * -> Sample	TOM:F/S MTmFl*	
Northstar Productions	Drumscapes	KIT:F/S Kits -> KIT:F/S Kit 2  * -> Sample	TOM:F/S HTmFl*	
Northstar Productions	Drumscapes	KIT:F/S Kits -> KIT:F/S Kit 2  * -> Sample	SNR:A/C Stk1 *	
Northstar Productions	Drumscapes	KIT:S/S Kits -> KIT:S/S Kit 1  * -> Patch	KIK:S/S K2     *	
Northstar Productions	Drumscapes	KIT:S/S Kits -> KIT:S/S Kit 1  * -> Patch	SNR:S/S Sn2    *	
Northstar Productions	Drumscapes	KIT:S/S Kits -> KIT:S/S Kit 1  * -> Patch	SNR:F/R Sn Flm1*	
Northstar Productions	Drumscapes	KIT:S/S Kits -> KIT:S/S Kit 1  * -> Patch	HAT:S/S Hat 4S *	
Northstar Productions	Drumscapes	KIT:S/S Kits -> KIT:S/S Kit 1  * -> Patch	CYM:S/S Ride 1 *	
Northstar Productions	Drumscapes	KIT:S/S Kits -> KIT:S/S Kit 1  * -> Patch	CYM:S/S Crash1 *	
Northstar Productions	Drumscapes	KIT:S/S Kits -> KIT:S/S Kit 1  * -> Patch	CYM:S/S Crash2 *	
Northstar Productions	Drumscapes	KIT:S/S Kits -> KIT:S/S Kit 1  * -> Patch	TOM:S/S Toms 1 *	
Northstar Productions	Drumscapes	KIT:S/S Kits -> KIT:S/S Kit 1  * -> Patch	TOM:S/S TomFlam*	
Northstar Productions	Drumscapes	KIT:S/S Kits -> KIT:S/S Kit 1  * -> Patch	SNR:P/B Stick  *	
Northstar Productions	Drumscapes	KIT:S/S Kits -> KIT:S/S Kit 1  * -> Sample	KIK:S/S K2*	
Northstar Productions	Drumscapes	KIT:S/S Kits -> KIT:S/S Kit 1  * -> Sample	KIK:S/S K3*	
Northstar Productions	Drumscapes	KIT:S/S Kits -> KIT:S/S Kit 1  * -> Sample	SNR:S/S Sn3*	
Northstar Productions	Drumscapes	KIT:S/S Kits -> KIT:S/S Kit 1  * -> Sample	SNR:S/S Sn3a*	
Northstar Productions	Drumscapes	KIT:S/S Kits -> KIT:S/S Kit 1  * -> Sample	SNR:S/S Sn1*	
Northstar Productions	Drumscapes	KIT:S/S Kits -> KIT:S/S Kit 1  * -> Sample	SNR:S/S Sn1a*	
Northstar Productions	Drumscapes	KIT:S/S Kits -> KIT:S/S Kit 1  * -> Sample	SNR:F/RSnFlm1*	
Northstar Productions	Drumscapes	KIT:S/S Kits -> KIT:S/S Kit 1  * -> Sample	HAT:S/S Ped1*	
Northstar Productions	Drumscapes	KIT:S/S Kits -> KIT:S/S Kit 1  * -> Sample	HAT:S/S HH/T3*	
Northstar Productions	Drumscapes	KIT:S/S Kits -> KIT:S/S Kit 1  * -> Sample	HAT:S/S HH/S1*	
Northstar Productions	Drumscapes	KIT:S/S Kits -> KIT:S/S Kit 1  * -> Sample	HAT:S/S HH/S2*	
Northstar Productions	Drumscapes	KIT:S/S Kits -> KIT:S/S Kit 1  * -> Sample	HAT:S/S HH/L1*	
Northstar Productions	Drumscapes	KIT:S/S Kits -> KIT:S/S Kit 1  * -> Sample	HAT:S/S OHat1*	
Northstar Productions	Drumscapes	KIT:S/S Kits -> KIT:S/S Kit 1  * -> Sample	CYM:S/S Ride1a*	
Northstar Productions	Drumscapes	KIT:S/S Kits -> KIT:S/S Kit 1  * -> Sample	CYM:S/S Ride1b*	
Northstar Productions	Drumscapes	KIT:S/S Kits -> KIT:S/S Kit 1  * -> Sample	CYM:S/S Crsh1*	
Northstar Productions	Drumscapes	KIT:S/S Kits -> KIT:S/S Kit 1  * -> Sample	CYM:S/S Crsh2*	
Northstar Productions	Drumscapes	KIT:S/S Kits -> KIT:S/S Kit 1  * -> Sample	TOM:S/S LT1b*	
Northstar Productions	Drumscapes	KIT:S/S Kits -> KIT:S/S Kit 1  * -> Sample	TOM:S/S LT1a*	
Northstar Productions	Drumscapes	KIT:S/S Kits -> KIT:S/S Kit 1  * -> Sample	TOM:S/S MT1a*	
Northstar Productions	Drumscapes	KIT:S/S Kits -> KIT:S/S Kit 1  * -> Sample	TOM:S/S MT1b*	
Northstar Productions	Drumscapes	KIT:S/S Kits -> KIT:S/S Kit 1  * -> Sample	TOM:S/S HT1a*	
Northstar Productions	Drumscapes	KIT:S/S Kits -> KIT:S/S Kit 1  * -> Sample	TOM:S/S HT1b*	
Northstar Productions	Drumscapes	KIT:S/S Kits -> KIT:S/S Kit 1  * -> Sample	TOM:S/S LTFl*	
Northstar Productions	Drumscapes	KIT:S/S Kits -> KIT:S/S Kit 1  * -> Sample	TOM:S/S MTFl*	
Northstar Productions	Drumscapes	KIT:S/S Kits -> KIT:S/S Kit 1  * -> Sample	TOM:S/S HTFl*	
Northstar Productions	Drumscapes	KIT:S/S Kits -> KIT:S/S Kit 1  * -> Sample	SNR:A/C Stk1 *	
Northstar Productions	Drumscapes	KIT:S/S Kits -> KIT:S/S Kit 2  * -> Patch	KIK:S/S K1     *	
Northstar Productions	Drumscapes	KIT:S/S Kits -> KIT:S/S Kit 2  * -> Patch	SNR:S/S Sn3    *	
Northstar Productions	Drumscapes	KIT:S/S Kits -> KIT:S/S Kit 2  * -> Patch	SNR:F/R Sn Flm1*	
Northstar Productions	Drumscapes	KIT:S/S Kits -> KIT:S/S Kit 2  * -> Patch	HAT:S/S Hat 1S *	
Northstar Productions	Drumscapes	KIT:S/S Kits -> KIT:S/S Kit 2  * -> Patch	CYM:P/B Bell1  *	
Northstar Productions	Drumscapes	KIT:S/S Kits -> KIT:S/S Kit 2  * -> Patch	CYM:S/S Crash1 *	
Northstar Productions	Drumscapes	KIT:S/S Kits -> KIT:S/S Kit 2  * -> Patch	CYM:S/S Crash2 *	
Northstar Productions	Drumscapes	KIT:S/S Kits -> KIT:S/S Kit 2  * -> Patch	TOM:S/S Toms 2 *	
Northstar Productions	Drumscapes	KIT:S/S Kits -> KIT:S/S Kit 2  * -> Patch	TOM:S/S TomFlam*	
Northstar Productions	Drumscapes	KIT:S/S Kits -> KIT:S/S Kit 2  * -> Patch	SNR:P/B Stick  *	
Northstar Productions	Drumscapes	KIT:S/S Kits -> KIT:S/S Kit 2  * -> Sample	KIK:S/S K1*	
Northstar Productions	Drumscapes	KIT:S/S Kits -> KIT:S/S Kit 2  * -> Sample	KIK:S/S K2*	
Northstar Productions	Drumscapes	KIT:S/S Kits -> KIT:S/S Kit 2  * -> Sample	SNR:S/S Sn3*	
Northstar Productions	Drumscapes	KIT:S/S Kits -> KIT:S/S Kit 2  * -> Sample	SNR:S/S Sn3a*	
Northstar Productions	Drumscapes	KIT:S/S Kits -> KIT:S/S Kit 2  * -> Sample	SNR:S/S Sn1 *	
Northstar Productions	Drumscapes	KIT:S/S Kits -> KIT:S/S Kit 2  * -> Sample	SNR:S/S Sn2*	
Northstar Productions	Drumscapes	KIT:S/S Kits -> KIT:S/S Kit 2  * -> Sample	SNR:F/RSnFlm1*	
Northstar Productions	Drumscapes	KIT:S/S Kits -> KIT:S/S Kit 2  * -> Sample	HAT:S/S Ped1*	
Northstar Productions	Drumscapes	KIT:S/S Kits -> KIT:S/S Kit 2  * -> Sample	HAT:S/S HH/T1*	
Northstar Productions	Drumscapes	KIT:S/S Kits -> KIT:S/S Kit 2  * -> Sample	HAT:S/S HH/T2*	
Northstar Productions	Drumscapes	KIT:S/S Kits -> KIT:S/S Kit 2  * -> Sample	HAT:S/S HH/T3*	
Northstar Productions	Drumscapes	KIT:S/S Kits -> KIT:S/S Kit 2  * -> Sample	HAT:S/S HH/S1*	
Northstar Productions	Drumscapes	KIT:S/S Kits -> KIT:S/S Kit 2  * -> Sample	HAT:S/S HH/L1*	
Northstar Productions	Drumscapes	KIT:S/S Kits -> KIT:S/S Kit 2  * -> Sample	HAT:S/S OHat1*	
Northstar Productions	Drumscapes	KIT:S/S Kits -> KIT:S/S Kit 2  * -> Sample	CYM:P/B RdBl1*	
Northstar Productions	Drumscapes	KIT:S/S Kits -> KIT:S/S Kit 2  * -> Sample	CYM:S/S Crsh1*	
Northstar Productions	Drumscapes	KIT:S/S Kits -> KIT:S/S Kit 2  * -> Sample	CYM:S/S Crsh2*	
Northstar Productions	Drumscapes	KIT:S/S Kits -> KIT:S/S Kit 2  * -> Sample	TOM:S/S LTH2*	
Northstar Productions	Drumscapes	KIT:S/S Kits -> KIT:S/S Kit 2  * -> Sample	TOM:S/S LT1b*	
Northstar Productions	Drumscapes	KIT:S/S Kits -> KIT:S/S Kit 2  * -> Sample	TOM:S/S MT1b*	
Northstar Productions	Drumscapes	KIT:S/S Kits -> KIT:S/S Kit 2  * -> Sample	TOM:S/S MTH2*	
Northstar Productions	Drumscapes	KIT:S/S Kits -> KIT:S/S Kit 2  * -> Sample	TOM:S/S HT1b*	
Northstar Productions	Drumscapes	KIT:S/S Kits -> KIT:S/S Kit 2  * -> Sample	TOM:S/S HTH2*	
Northstar Productions	Drumscapes	KIT:S/S Kits -> KIT:S/S Kit 2  * -> Sample	TOM:S/S LTFl*	
Northstar Productions	Drumscapes	KIT:S/S Kits -> KIT:S/S Kit 2  * -> Sample	TOM:S/S MTFl*	
Northstar Productions	Drumscapes	KIT:S/S Kits -> KIT:S/S Kit 2  * -> Sample	TOM:S/S HTFl*	
Northstar Productions	Drumscapes	KIT:S/S Kits -> KIT:S/S Kit 2  * -> Sample	SNR:A/C Stk1 *	
Northstar Productions	Drumscapes	KIT:F/T Kits -> KIT:F/T Kit 1  * -> Patch	KIK:Tek K2     *	
Northstar Productions	Drumscapes	KIT:F/T Kits -> KIT:F/T Kit 1  * -> Patch	SNR:F/T Sn1    *	
Northstar Productions	Drumscapes	KIT:F/T Kits -> KIT:F/T Kit 1  * -> Patch	SNR:P/C Stick 2*	
Northstar Productions	Drumscapes	KIT:F/T Kits -> KIT:F/T Kit 1  * -> Patch	CYM:Tek Ride1  *	
Northstar Productions	Drumscapes	KIT:F/T Kits -> KIT:F/T Kit 1  * -> Patch	HAT:F/T Hat 3  *	
Northstar Productions	Drumscapes	KIT:F/T Kits -> KIT:F/T Kit 1  * -> Patch	CYM:Tek Crsh1  *	
Northstar Productions	Drumscapes	KIT:F/T Kits -> KIT:F/T Kit 1  * -> Patch	CYM:Tek Crsh3  *	
Northstar Productions	Drumscapes	KIT:F/T Kits -> KIT:F/T Kit 1  * -> Patch	TOM:F/T Toms 2 *	
Northstar Productions	Drumscapes	KIT:F/T Kits -> KIT:F/T Kit 1  * -> Patch	SNR:F/R Sn Flm1*	
Northstar Productions	Drumscapes	KIT:F/T Kits -> KIT:F/T Kit 1  * -> Sample	KIK:F/T K2a  *	
Northstar Productions	Drumscapes	KIT:F/T Kits -> KIT:F/T Kit 1  * -> Sample	KIK:F/T K2b  *	
Northstar Productions	Drumscapes	KIT:F/T Kits -> KIT:F/T Kit 1  * -> Sample	SNR:F/T Sn1a *	
Northstar Productions	Drumscapes	KIT:F/T Kits -> KIT:F/T Kit 1  * -> Sample	SNR:F/T Sn1b *	
Northstar Productions	Drumscapes	KIT:F/T Kits -> KIT:F/T Kit 1  * -> Sample	SNR:F/T Sn2a *	
Northstar Productions	Drumscapes	KIT:F/T Kits -> KIT:F/T Kit 1  * -> Sample	SNR:F/T Sn2b *	
Northstar Productions	Drumscapes	KIT:F/T Kits -> KIT:F/T Kit 1  * -> Sample	SNR:P/C Stk2 *	
Northstar Productions	Drumscapes	KIT:F/T Kits -> KIT:F/T Kit 1  * -> Sample	SNR:P/C Stk1 *	
Northstar Productions	Drumscapes	KIT:F/T Kits -> KIT:F/T Kit 1  * -> Sample	CYM:F/T Ride   *	
Northstar Productions	Drumscapes	KIT:F/T Kits -> KIT:F/T Kit 1  * -> Sample	CYM:F/T RideBl1*	
Northstar Productions	Drumscapes	KIT:F/T Kits -> KIT:F/T Kit 1  * -> Sample	HAT:F/T Ped 1  *	
Northstar Productions	Drumscapes	KIT:F/T Kits -> KIT:F/T Kit 1  * -> Sample	HAT:F/T CHH 1a *	
Northstar Productions	Drumscapes	KIT:F/T Kits -> KIT:F/T Kit 1  * -> Sample	HAT:F/T CHH 1b *	
Northstar Productions	Drumscapes	KIT:F/T Kits -> KIT:F/T Kit 1  * -> Sample	HAT:F/T LHH 1  *	
Northstar Productions	Drumscapes	KIT:F/T Kits -> KIT:F/T Kit 1  * -> Sample	HAT:F/T CHH 3  *	
Northstar Productions	Drumscapes	KIT:F/T Kits -> KIT:F/T Kit 1  * -> Sample	HAT:F/T LHH 3  *	
Northstar Productions	Drumscapes	KIT:F/T Kits -> KIT:F/T Kit 1  * -> Sample	HAT:F/T OHH 1  *	
Northstar Productions	Drumscapes	KIT:F/T Kits -> KIT:F/T Kit 1  * -> Sample	CYM:Tek Cym 2*-R	
Northstar Productions	Drumscapes	KIT:F/T Kits -> KIT:F/T Kit 1  * -> Sample	CYM:Tek Cym 3*-R	
Northstar Productions	Drumscapes	KIT:F/T Kits -> KIT:F/T Kit 1  * -> Sample	TOM:F/T LoT1a*	
Northstar Productions	Drumscapes	KIT:F/T Kits -> KIT:F/T Kit 1  * -> Sample	TOM:F/T LoT2 *	
Northstar Productions	Drumscapes	KIT:F/T Kits -> KIT:F/T Kit 1  * -> Sample	TOM:F/T LMT1a*	
Northstar Productions	Drumscapes	KIT:F/T Kits -> KIT:F/T Kit 1  * -> Sample	TOM:F/T LMT2 *	
Northstar Productions	Drumscapes	KIT:F/T Kits -> KIT:F/T Kit 1  * -> Sample	TOM:F/T HMT1a*	
Northstar Productions	Drumscapes	KIT:F/T Kits -> KIT:F/T Kit 1  * -> Sample	TOM:F/T HMT2 *	
Northstar Productions	Drumscapes	KIT:F/T Kits -> KIT:F/T Kit 1  * -> Sample	TOM:F/T HiT1a*	
Northstar Productions	Drumscapes	KIT:F/T Kits -> KIT:F/T Kit 1  * -> Sample	TOM:F/T HiT2 *	
Northstar Productions	Drumscapes	KIT:F/T Kits -> KIT:F/T Kit 1  * -> Sample	SNR:F/RSnFlm1*	
Northstar Productions	Drumscapes	KIT:F/T Kits -> KIT:F/T Kit 2  * -> Patch	KIK:Tek K1     *	
Northstar Productions	Drumscapes	KIT:F/T Kits -> KIT:F/T Kit 2  * -> Patch	SNR:F/T Sn2    *	
Northstar Productions	Drumscapes	KIT:F/T Kits -> KIT:F/T Kit 2  * -> Patch	SNR:P/C Stick 2*	
Northstar Productions	Drumscapes	KIT:F/T Kits -> KIT:F/T Kit 2  * -> Patch	CYM:Tek Ride1S *	
Northstar Productions	Drumscapes	KIT:F/T Kits -> KIT:F/T Kit 2  * -> Patch	HAT:F/T Hat 1  *	
Northstar Productions	Drumscapes	KIT:F/T Kits -> KIT:F/T Kit 2  * -> Patch	CYM:Tek Crsh1S *	
Northstar Productions	Drumscapes	KIT:F/T Kits -> KIT:F/T Kit 2  * -> Patch	CYM:Tek Crsh3S *	
Northstar Productions	Drumscapes	KIT:F/T Kits -> KIT:F/T Kit 2  * -> Patch	TOM:F/T Toms 1 *	
Northstar Productions	Drumscapes	KIT:F/T Kits -> KIT:F/T Kit 2  * -> Patch	SNR:F/R Sn Flm1*	
Northstar Productions	Drumscapes	KIT:F/T Kits -> KIT:F/T Kit 2  * -> Sample	KIK:F/T K1a  *	
Northstar Productions	Drumscapes	KIT:F/T Kits -> KIT:F/T Kit 2  * -> Sample	KIK:F/T K1b  *	
Northstar Productions	Drumscapes	KIT:F/T Kits -> KIT:F/T Kit 2  * -> Sample	SNR:M/T Sn1b*	
Northstar Productions	Drumscapes	KIT:F/T Kits -> KIT:F/T Kit 2  * -> Sample	SNR:M/T SnH2*	
Northstar Productions	Drumscapes	KIT:F/T Kits -> KIT:F/T Kit 2  * -> Sample	SNR:F/T Sn2a *	
Northstar Productions	Drumscapes	KIT:F/T Kits -> KIT:F/T Kit 2  * -> Sample	SNR:F/T Sn2b *	
Northstar Productions	Drumscapes	KIT:F/T Kits -> KIT:F/T Kit 2  * -> Sample	SNR:P/C Stk2 *	
Northstar Productions	Drumscapes	KIT:F/T Kits -> KIT:F/T Kit 2  * -> Sample	SNR:P/C Stk1 *	
Northstar Productions	Drumscapes	KIT:F/T Kits -> KIT:F/T Kit 2  * -> Sample	CYM:Tek CYM 1*	
Northstar Productions	Drumscapes	KIT:F/T Kits -> KIT:F/T Kit 2  * -> Sample	HAT:F/T Ped 1  *	
Northstar Productions	Drumscapes	KIT:F/T Kits -> KIT:F/T Kit 2  * -> Sample	HAT:F/T CHH 1a *	
Northstar Productions	Drumscapes	KIT:F/T Kits -> KIT:F/T Kit 2  * -> Sample	HAT:F/T CHH 1b *	
Northstar Productions	Drumscapes	KIT:F/T Kits -> KIT:F/T Kit 2  * -> Sample	HAT:F/T LHH 1  *	
Northstar Productions	Drumscapes	KIT:F/T Kits -> KIT:F/T Kit 2  * -> Sample	HAT:F/T CHH 2a *	
Northstar Productions	Drumscapes	KIT:F/T Kits -> KIT:F/T Kit 2  * -> Sample	HAT:F/T CHH 2b *	
Northstar Productions	Drumscapes	KIT:F/T Kits -> KIT:F/T Kit 2  * -> Sample	HAT:F/T LHH 2  *	
Northstar Productions	Drumscapes	KIT:F/T Kits -> KIT:F/T Kit 2  * -> Sample	HAT:F/T OHH 1  *	
Northstar Productions	Drumscapes	KIT:F/T Kits -> KIT:F/T Kit 2  * -> Sample	CYM:Tek Cym 2*	
Northstar Productions	Drumscapes	KIT:F/T Kits -> KIT:F/T Kit 2  * -> Sample	CYM:Tek Cym 3*	
Northstar Productions	Drumscapes	KIT:F/T Kits -> KIT:F/T Kit 2  * -> Sample	TOM:F/T LoT1a*	
Northstar Productions	Drumscapes	KIT:F/T Kits -> KIT:F/T Kit 2  * -> Sample	TOM:F/T LoT1b*	
Northstar Productions	Drumscapes	KIT:F/T Kits -> KIT:F/T Kit 2  * -> Sample	TOM:F/T LMT1a*	
Northstar Productions	Drumscapes	KIT:F/T Kits -> KIT:F/T Kit 2  * -> Sample	TOM:F/T LMT1b*	
Northstar Productions	Drumscapes	KIT:F/T Kits -> KIT:F/T Kit 2  * -> Sample	TOM:F/T HMT1a*	
Northstar Productions	Drumscapes	KIT:F/T Kits -> KIT:F/T Kit 2  * -> Sample	TOM:F/T HMT1b*	
Northstar Productions	Drumscapes	KIT:F/T Kits -> KIT:F/T Kit 2  * -> Sample	TOM:F/T HiT1a*	
Northstar Productions	Drumscapes	KIT:F/T Kits -> KIT:F/T Kit 2  * -> Sample	TOM:F/T HiT1b*	
Northstar Productions	Drumscapes	KIT:F/T Kits -> KIT:F/T Kit 2  * -> Sample	SNR:F/RSnFlm1*	
Northstar Productions	Drumscapes	KIT:R&B Kits -> KIT:R&B Wet Kit* -> Patch	KIK:R&B K1     *	
Northstar Productions	Drumscapes	KIT:R&B Kits -> KIT:R&B Wet Kit* -> Patch	SNR:R&B Sn2    *	
Northstar Productions	Drumscapes	KIT:R&B Kits -> KIT:R&B Wet Kit* -> Patch	SNR:R&B SnBuz2 *	
Northstar Productions	Drumscapes	KIT:R&B Kits -> KIT:R&B Wet Kit* -> Patch	HAT:R&B Hat 1  *	
Northstar Productions	Drumscapes	KIT:R&B Kits -> KIT:R&B Wet Kit* -> Patch	CYM:R&B Rd/Cp M*	
Northstar Productions	Drumscapes	KIT:R&B Kits -> KIT:R&B Wet Kit* -> Patch	CYM:R&B Cr4    *	
Northstar Productions	Drumscapes	KIT:R&B Kits -> KIT:R&B Wet Kit* -> Patch	CYM:R&B Cr1    *	
Northstar Productions	Drumscapes	KIT:R&B Kits -> KIT:R&B Wet Kit* -> Patch	TOM:R&B Toms 2 *	
Northstar Productions	Drumscapes	KIT:R&B Kits -> KIT:R&B Wet Kit* -> Patch	SNR:P/C Stick1 *	
Northstar Productions	Drumscapes	KIT:R&B Kits -> KIT:R&B Wet Kit* -> Sample	KIK:R&B K1   *	
Northstar Productions	Drumscapes	KIT:R&B Kits -> KIT:R&B Wet Kit* -> Sample	KIK:R&B K2   *	
Northstar Productions	Drumscapes	KIT:R&B Kits -> KIT:R&B Wet Kit* -> Sample	SNR:R&B Sn3 A*	
Northstar Productions	Drumscapes	KIT:R&B Kits -> KIT:R&B Wet Kit* -> Sample	SNR:R&B Sn10 *	
Northstar Productions	Drumscapes	KIT:R&B Kits -> KIT:R&B Wet Kit* -> Sample	SNR:R&B Sn8  *	
Northstar Productions	Drumscapes	KIT:R&B Kits -> KIT:R&B Wet Kit* -> Sample	SNR:R&B Sn9  *	
Northstar Productions	Drumscapes	KIT:R&B Kits -> KIT:R&B Wet Kit* -> Sample	SNR:R&B SnBz2*	
Northstar Productions	Drumscapes	KIT:R&B Kits -> KIT:R&B Wet Kit* -> Sample	HAT:R&B PHH1 *	
Northstar Productions	Drumscapes	KIT:R&B Kits -> KIT:R&B Wet Kit* -> Sample	HAT:R&B CHH1 *	
Northstar Productions	Drumscapes	KIT:R&B Kits -> KIT:R&B Wet Kit* -> Sample	HAT:R&B CHH2 *	
Northstar Productions	Drumscapes	KIT:R&B Kits -> KIT:R&B Wet Kit* -> Sample	HAT:R&B CHH3 *	
Northstar Productions	Drumscapes	KIT:R&B Kits -> KIT:R&B Wet Kit* -> Sample	HAT:R&B CHH4 *	
Northstar Productions	Drumscapes	KIT:R&B Kits -> KIT:R&B Wet Kit* -> Sample	HAT:R&B LHH1 *	
Northstar Productions	Drumscapes	KIT:R&B Kits -> KIT:R&B Wet Kit* -> Sample	HAT:R&B OHH2 *	
Northstar Productions	Drumscapes	KIT:R&B Kits -> KIT:R&B Wet Kit* -> Sample	HAT:R&B OHH1 *	
Northstar Productions	Drumscapes	KIT:R&B Kits -> KIT:R&B Wet Kit* -> Sample	HAT:R&B LHH2 *	
Northstar Productions	Drumscapes	KIT:R&B Kits -> KIT:R&B Wet Kit* -> Sample	CYM:R&B Ride1*	
Northstar Productions	Drumscapes	KIT:R&B Kits -> KIT:R&B Wet Kit* -> Sample	CYM:R&B RdBl1*	
Northstar Productions	Drumscapes	KIT:R&B Kits -> KIT:R&B Wet Kit* -> Sample	CYM:R&B Crsh4*	
Northstar Productions	Drumscapes	KIT:R&B Kits -> KIT:R&B Wet Kit* -> Sample	CYM:R&B Crsh1*	
Northstar Productions	Drumscapes	KIT:R&B Kits -> KIT:R&B Wet Kit* -> Sample	TOM:R&B LTom2*	
Northstar Productions	Drumscapes	KIT:R&B Kits -> KIT:R&B Wet Kit* -> Sample	TOM:R&B LTom3*	
Northstar Productions	Drumscapes	KIT:R&B Kits -> KIT:R&B Wet Kit* -> Sample	TOM:R&B LTom1*	
Northstar Productions	Drumscapes	KIT:R&B Kits -> KIT:R&B Wet Kit* -> Sample	TOM:R&B MTom1*	
Northstar Productions	Drumscapes	KIT:R&B Kits -> KIT:R&B Wet Kit* -> Sample	TOM:R&B MTom3*	
Northstar Productions	Drumscapes	KIT:R&B Kits -> KIT:R&B Wet Kit* -> Sample	TOM:R&B HTom1*	
Northstar Productions	Drumscapes	KIT:R&B Kits -> KIT:R&B Wet Kit* -> Sample	TOM:R&B HTom3*	
Northstar Productions	Drumscapes	KIT:R&B Kits -> KIT:R&B Wet Kit* -> Sample	SNR:P/C Stk1 *	
Northstar Productions	Drumscapes	KIT:R&B Kits -> KIT:R&B Dry Kit* -> Patch	KIK:Funk K1    *	
Northstar Productions	Drumscapes	KIT:R&B Kits -> KIT:R&B Dry Kit* -> Patch	SNR:R&B Sn5    *	
Northstar Productions	Drumscapes	KIT:R&B Kits -> KIT:R&B Dry Kit* -> Patch	SNR:R&B SnBuz5 *	
Northstar Productions	Drumscapes	KIT:R&B Kits -> KIT:R&B Dry Kit* -> Patch	HAT:R&B Hat 1  *	
Northstar Productions	Drumscapes	KIT:R&B Kits -> KIT:R&B Dry Kit* -> Patch	CYM:R&B Rd/Cp M*	
Northstar Productions	Drumscapes	KIT:R&B Kits -> KIT:R&B Dry Kit* -> Patch	CYM:R&B Cr4    *	
Northstar Productions	Drumscapes	KIT:R&B Kits -> KIT:R&B Dry Kit* -> Patch	CYM:R&B Cr1    *	
Northstar Productions	Drumscapes	KIT:R&B Kits -> KIT:R&B Dry Kit* -> Patch	TOM:R&B Toms 4 *	
Northstar Productions	Drumscapes	KIT:R&B Kits -> KIT:R&B Dry Kit* -> Patch	SNR:H/H Stick  *	
Northstar Productions	Drumscapes	KIT:R&B Kits -> KIT:R&B Dry Kit* -> Sample	KIK:Fnk K1   *	
Northstar Productions	Drumscapes	KIT:R&B Kits -> KIT:R&B Dry Kit* -> Sample	KIK:Fnk K2   *	
Northstar Productions	Drumscapes	KIT:R&B Kits -> KIT:R&B Dry Kit* -> Sample	SNR:R&B Sn4  *	
Northstar Productions	Drumscapes	KIT:R&B Kits -> KIT:R&B Dry Kit* -> Sample	SNR:R&B Sn5b *	
Northstar Productions	Drumscapes	KIT:R&B Kits -> KIT:R&B Dry Kit* -> Sample	SNR:R&B Sn5  *	
Northstar Productions	Drumscapes	KIT:R&B Kits -> KIT:R&B Dry Kit* -> Sample	SNR:R&B Sn4  *	
Northstar Productions	Drumscapes	KIT:R&B Kits -> KIT:R&B Dry Kit* -> Sample	SNR:R&B Sn2  *	
Northstar Productions	Drumscapes	KIT:R&B Kits -> KIT:R&B Dry Kit* -> Sample	HAT:R&B PHH1 *	
Northstar Productions	Drumscapes	KIT:R&B Kits -> KIT:R&B Dry Kit* -> Sample	HAT:R&B CHH1 *	
Northstar Productions	Drumscapes	KIT:R&B Kits -> KIT:R&B Dry Kit* -> Sample	HAT:R&B CHH2 *	
Northstar Productions	Drumscapes	KIT:R&B Kits -> KIT:R&B Dry Kit* -> Sample	HAT:R&B CHH3 *	
Northstar Productions	Drumscapes	KIT:R&B Kits -> KIT:R&B Dry Kit* -> Sample	HAT:R&B CHH4 *	
Northstar Productions	Drumscapes	KIT:R&B Kits -> KIT:R&B Dry Kit* -> Sample	HAT:R&B LHH1 *	
Northstar Productions	Drumscapes	KIT:R&B Kits -> KIT:R&B Dry Kit* -> Sample	HAT:R&B OHH2 *	
Northstar Productions	Drumscapes	KIT:R&B Kits -> KIT:R&B Dry Kit* -> Sample	HAT:R&B OHH1 *	
Northstar Productions	Drumscapes	KIT:R&B Kits -> KIT:R&B Dry Kit* -> Sample	HAT:R&B LHH2 *	
Northstar Productions	Drumscapes	KIT:R&B Kits -> KIT:R&B Dry Kit* -> Sample	CYM:R&B Ride1*	
Northstar Productions	Drumscapes	KIT:R&B Kits -> KIT:R&B Dry Kit* -> Sample	CYM:R&B RdBl1*	
Northstar Productions	Drumscapes	KIT:R&B Kits -> KIT:R&B Dry Kit* -> Sample	CYM:R&B Crsh4*	
Northstar Productions	Drumscapes	KIT:R&B Kits -> KIT:R&B Dry Kit* -> Sample	CYM:R&B Crsh1*	
Northstar Productions	Drumscapes	KIT:R&B Kits -> KIT:R&B Dry Kit* -> Sample	TOM:H/H HiT2a*	
Northstar Productions	Drumscapes	KIT:R&B Kits -> KIT:R&B Dry Kit* -> Sample	TOM:H/H HiT2b*	
Northstar Productions	Drumscapes	KIT:R&B Kits -> KIT:R&B Dry Kit* -> Sample	TOM:R&B LTom2*	
Northstar Productions	Drumscapes	KIT:R&B Kits -> KIT:R&B Dry Kit* -> Sample	TOM:R&B MTom2*	
Northstar Productions	Drumscapes	KIT:R&B Kits -> KIT:R&B Dry Kit* -> Sample	TOM:R&B HTom2*	
Northstar Productions	Drumscapes	KIT:R&B Kits -> KIT:R&B Dry Kit* -> Sample	SNR:P/C Stk2 *	
Northstar Productions	Drumscapes	KIT:Hip-Hop Kits -> KIT:Hip-Hop Kit* -> Patch	KIK:H/H K1     *	
Northstar Productions	Drumscapes	KIT:Hip-Hop Kits -> KIT:Hip-Hop Kit* -> Patch	SNR:H/H Sn4    *	
Northstar Productions	Drumscapes	KIT:Hip-Hop Kits -> KIT:Hip-Hop Kit* -> Patch	SNR:H/H Sn Buzz*	
Northstar Productions	Drumscapes	KIT:Hip-Hop Kits -> KIT:Hip-Hop Kit* -> Patch	HAT:H/H Hat 2  *	
Northstar Productions	Drumscapes	KIT:Hip-Hop Kits -> KIT:Hip-Hop Kit* -> Patch	CYM:H/H Rd/Cp1 *	
Northstar Productions	Drumscapes	KIT:Hip-Hop Kits -> KIT:Hip-Hop Kit* -> Patch	CYM:H/H Crsh 4 *	
Northstar Productions	Drumscapes	KIT:Hip-Hop Kits -> KIT:Hip-Hop Kit* -> Patch	CYM:H/H Crsh 2 *	
Northstar Productions	Drumscapes	KIT:Hip-Hop Kits -> KIT:Hip-Hop Kit* -> Patch	TOM:H/H Tom 1  *	
Northstar Productions	Drumscapes	KIT:Hip-Hop Kits -> KIT:Hip-Hop Kit* -> Patch	SNR:H/H Stick  *	
Northstar Productions	Drumscapes	KIT:Hip-Hop Kits -> KIT:Hip-Hop Kit* -> Sample	KIK:H/H RapK1a *	
Northstar Productions	Drumscapes	KIT:Hip-Hop Kits -> KIT:Hip-Hop Kit* -> Sample	KIK:H/H RapK1c *	
Northstar Productions	Drumscapes	KIT:Hip-Hop Kits -> KIT:Hip-Hop Kit* -> Sample	KIK:H/H K1a  *	
Northstar Productions	Drumscapes	KIT:Hip-Hop Kits -> KIT:Hip-Hop Kit* -> Sample	KIK:H/H K1b  *	
Northstar Productions	Drumscapes	KIT:Hip-Hop Kits -> KIT:Hip-Hop Kit* -> Sample	SNR:H/H Sn3*	
Northstar Productions	Drumscapes	KIT:Hip-Hop Kits -> KIT:Hip-Hop Kit* -> Sample	SNR:H/H Sn6*	
Northstar Productions	Drumscapes	KIT:Hip-Hop Kits -> KIT:Hip-Hop Kit* -> Sample	SNR:H/H Sn2*	
Northstar Productions	Drumscapes	KIT:Hip-Hop Kits -> KIT:Hip-Hop Kit* -> Sample	SNR:H/H Sn5*	
Northstar Productions	Drumscapes	KIT:Hip-Hop Kits -> KIT:Hip-Hop Kit* -> Sample	SNR:R&B SnBz2*	
Northstar Productions	Drumscapes	KIT:Hip-Hop Kits -> KIT:Hip-Hop Kit* -> Sample	HAT:H/H Ped 1  *	
Northstar Productions	Drumscapes	KIT:Hip-Hop Kits -> KIT:Hip-Hop Kit* -> Sample	HAT:H/H CHH1a  *	
Northstar Productions	Drumscapes	KIT:Hip-Hop Kits -> KIT:Hip-Hop Kit* -> Sample	HAT:H/H CHH1b  *	
Northstar Productions	Drumscapes	KIT:Hip-Hop Kits -> KIT:Hip-Hop Kit* -> Sample	HAT:H/H CHH1c  *	
Northstar Productions	Drumscapes	KIT:Hip-Hop Kits -> KIT:Hip-Hop Kit* -> Sample	HAT:H/H LHH1a  *	
Northstar Productions	Drumscapes	KIT:Hip-Hop Kits -> KIT:Hip-Hop Kit* -> Sample	HAT:H/H OHH 1  *	
Northstar Productions	Drumscapes	KIT:Hip-Hop Kits -> KIT:Hip-Hop Kit* -> Sample	HAT:H/H LHH1c  *	
Northstar Productions	Drumscapes	KIT:Hip-Hop Kits -> KIT:Hip-Hop Kit* -> Sample	CYM:R&B Ride1*	
Northstar Productions	Drumscapes	KIT:Hip-Hop Kits -> KIT:Hip-Hop Kit* -> Sample	CYM:R&B RdBl1*	
Northstar Productions	Drumscapes	KIT:Hip-Hop Kits -> KIT:Hip-Hop Kit* -> Sample	CYM:H/H Cym 4*-R	
Northstar Productions	Drumscapes	KIT:Hip-Hop Kits -> KIT:Hip-Hop Kit* -> Sample	CYM:H/H Cym 3*-L	
Northstar Productions	Drumscapes	KIT:Hip-Hop Kits -> KIT:Hip-Hop Kit* -> Sample	CYM:H/H Cym 2*-L	
Northstar Productions	Drumscapes	KIT:Hip-Hop Kits -> KIT:Hip-Hop Kit* -> Sample	TOM:H/H HiT1a  *	
Northstar Productions	Drumscapes	KIT:Hip-Hop Kits -> KIT:Hip-Hop Kit* -> Sample	TOM:H/H HiT1b  *	
Northstar Productions	Drumscapes	KIT:Hip-Hop Kits -> KIT:Hip-Hop Kit* -> Sample	SNR:P/C Stk2 *	
Northstar Productions	Drumscapes	KIT:Hip-Hop Kits -> KIT:Rap Kit 1  * -> Patch	KIK:H/H Rap K3 *	
Northstar Productions	Drumscapes	KIT:Hip-Hop Kits -> KIT:Rap Kit 1  * -> Patch	SNR:H/H Sn3    *	
Northstar Productions	Drumscapes	KIT:Hip-Hop Kits -> KIT:Rap Kit 1  * -> Patch	SNR:H/H Sn Buzz*	
Northstar Productions	Drumscapes	KIT:Hip-Hop Kits -> KIT:Rap Kit 1  * -> Patch	HAT:H/H Hat 1  *	
Northstar Productions	Drumscapes	KIT:Hip-Hop Kits -> KIT:Rap Kit 1  * -> Patch	CYM:H/H Rd/Cp1 *	
Northstar Productions	Drumscapes	KIT:Hip-Hop Kits -> KIT:Rap Kit 1  * -> Patch	CYM:H/H Crsh 3 *	
Northstar Productions	Drumscapes	KIT:Hip-Hop Kits -> KIT:Rap Kit 1  * -> Patch	CYM:H/H Crsh 1 *	
Northstar Productions	Drumscapes	KIT:Hip-Hop Kits -> KIT:Rap Kit 1  * -> Patch	TOM:H/H Toms 2 *	
Northstar Productions	Drumscapes	KIT:Hip-Hop Kits -> KIT:Rap Kit 1  * -> Patch	SNR:H/H Stick  *	
Northstar Productions	Drumscapes	KIT:Hip-Hop Kits -> KIT:Rap Kit 1  * -> Sample	KIK:H/H RapK2a *	
Northstar Productions	Drumscapes	KIT:Hip-Hop Kits -> KIT:Rap Kit 1  * -> Sample	KIK:H/H RapK2b *	
Northstar Productions	Drumscapes	KIT:Hip-Hop Kits -> KIT:Rap Kit 1  * -> Sample	SNR:H/H Sn2 *	
Northstar Productions	Drumscapes	KIT:Hip-Hop Kits -> KIT:Rap Kit 1  * -> Sample	SNR:H/H Sn4*	
Northstar Productions	Drumscapes	KIT:Hip-Hop Kits -> KIT:Rap Kit 1  * -> Sample	SNR:H/H Sn3 *	
Northstar Productions	Drumscapes	KIT:Hip-Hop Kits -> KIT:Rap Kit 1  * -> Sample	SNR:H/H Sn3*	
Northstar Productions	Drumscapes	KIT:Hip-Hop Kits -> KIT:Rap Kit 1  * -> Sample	SNR:R&B SnBz2*	
Northstar Productions	Drumscapes	KIT:Hip-Hop Kits -> KIT:Rap Kit 1  * -> Sample	HAT:H/H Ped 1  *	
Northstar Productions	Drumscapes	KIT:Hip-Hop Kits -> KIT:Rap Kit 1  * -> Sample	HAT:H/H LHH1a  *	
Northstar Productions	Drumscapes	KIT:Hip-Hop Kits -> KIT:Rap Kit 1  * -> Sample	HAT:H/H LHH1b  *	
Northstar Productions	Drumscapes	KIT:Hip-Hop Kits -> KIT:Rap Kit 1  * -> Sample	HAT:H/H LHH1c  *	
Northstar Productions	Drumscapes	KIT:Hip-Hop Kits -> KIT:Rap Kit 1  * -> Sample	HAT:H/H OHH 1  *	
Northstar Productions	Drumscapes	KIT:Hip-Hop Kits -> KIT:Rap Kit 1  * -> Sample	CYM:R&B Ride1*	
Northstar Productions	Drumscapes	KIT:Hip-Hop Kits -> KIT:Rap Kit 1  * -> Sample	CYM:R&B RdBl1*	
Northstar Productions	Drumscapes	KIT:Hip-Hop Kits -> KIT:Rap Kit 1  * -> Sample	CYM:H/H Cym 5*-L	
Northstar Productions	Drumscapes	KIT:Hip-Hop Kits -> KIT:Rap Kit 1  * -> Sample	CYM:H/H Cym 1*-R	
Northstar Productions	Drumscapes	KIT:Hip-Hop Kits -> KIT:Rap Kit 1  * -> Sample	TOM:H/H HiT2a*	
Northstar Productions	Drumscapes	KIT:Hip-Hop Kits -> KIT:Rap Kit 1  * -> Sample	TOM:H/H HiT2b*	
Northstar Productions	Drumscapes	KIT:Hip-Hop Kits -> KIT:Rap Kit 1  * -> Sample	SNR:P/C Stk2 *	
Northstar Productions	Drumscapes	KIT:Hip-Hop Kits -> KIT:Rap Kit 2  * -> Patch	KIK:H/H Rap K2 *	
Northstar Productions	Drumscapes	KIT:Hip-Hop Kits -> KIT:Rap Kit 2  * -> Patch	SNR:H/H Sn6    *	
Northstar Productions	Drumscapes	KIT:Hip-Hop Kits -> KIT:Rap Kit 2  * -> Patch	SNR:H/H Sn Roll*	
Northstar Productions	Drumscapes	KIT:Hip-Hop Kits -> KIT:Rap Kit 2  * -> Patch	HAT:H/H Hat 7  *	
Northstar Productions	Drumscapes	KIT:Hip-Hop Kits -> KIT:Rap Kit 2  * -> Patch	CYM:H/H Rd/Cp1 *	
Northstar Productions	Drumscapes	KIT:Hip-Hop Kits -> KIT:Rap Kit 2  * -> Patch	CYM:H/H Crsh 4 *	
Northstar Productions	Drumscapes	KIT:Hip-Hop Kits -> KIT:Rap Kit 2  * -> Patch	CYM:H/H Crsh 2 *	
Northstar Productions	Drumscapes	KIT:Hip-Hop Kits -> KIT:Rap Kit 2  * -> Patch	TOM:H/H Toms 2 *	
Northstar Productions	Drumscapes	KIT:Hip-Hop Kits -> KIT:Rap Kit 2  * -> Patch	SNR:H/H Stick  *	
Northstar Productions	Drumscapes	KIT:Hip-Hop Kits -> KIT:Rap Kit 2  * -> Sample	KIK:H/H RapK1a *	
Northstar Productions	Drumscapes	KIT:Hip-Hop Kits -> KIT:Rap Kit 2  * -> Sample	KIK:H/H RapK1c *	
Northstar Productions	Drumscapes	KIT:Hip-Hop Kits -> KIT:Rap Kit 2  * -> Sample	SNR:H/H Sn6 *	
Northstar Productions	Drumscapes	KIT:Hip-Hop Kits -> KIT:Rap Kit 2  * -> Sample	SNR:H/H Sn5 *	
Northstar Productions	Drumscapes	KIT:Hip-Hop Kits -> KIT:Rap Kit 2  * -> Sample	SNR:H/H SnRll*	
Northstar Productions	Drumscapes	KIT:Hip-Hop Kits -> KIT:Rap Kit 2  * -> Sample	HAT:R&B PHH1 *	
Northstar Productions	Drumscapes	KIT:Hip-Hop Kits -> KIT:Rap Kit 2  * -> Sample	HAT:R&B CHH1 *	
Northstar Productions	Drumscapes	KIT:Hip-Hop Kits -> KIT:Rap Kit 2  * -> Sample	HAT:R&B CHH2 *	
Northstar Productions	Drumscapes	KIT:Hip-Hop Kits -> KIT:Rap Kit 2  * -> Sample	HAT:R&B CHH3 *	
Northstar Productions	Drumscapes	KIT:Hip-Hop Kits -> KIT:Rap Kit 2  * -> Sample	HAT:R&B CHH4 *	
Northstar Productions	Drumscapes	KIT:Hip-Hop Kits -> KIT:Rap Kit 2  * -> Sample	HAT:R&B LHH1 *	
Northstar Productions	Drumscapes	KIT:Hip-Hop Kits -> KIT:Rap Kit 2  * -> Sample	HAT:R&B OHH2 *	
Northstar Productions	Drumscapes	KIT:Hip-Hop Kits -> KIT:Rap Kit 2  * -> Sample	HAT:R&B OHH1 *	
Northstar Productions	Drumscapes	KIT:Hip-Hop Kits -> KIT:Rap Kit 2  * -> Sample	HAT:R&B LHH2 *	
Northstar Productions	Drumscapes	KIT:Hip-Hop Kits -> KIT:Rap Kit 2  * -> Sample	CYM:R&B Ride1*	
Northstar Productions	Drumscapes	KIT:Hip-Hop Kits -> KIT:Rap Kit 2  * -> Sample	CYM:R&B RdBl1*	
Northstar Productions	Drumscapes	KIT:Hip-Hop Kits -> KIT:Rap Kit 2  * -> Sample	CYM:H/H Cym 4*-R	
Northstar Productions	Drumscapes	KIT:Hip-Hop Kits -> KIT:Rap Kit 2  * -> Sample	CYM:H/H Cym 3*-L	
Northstar Productions	Drumscapes	KIT:Hip-Hop Kits -> KIT:Rap Kit 2  * -> Sample	CYM:H/H Cym 2*-L	
Northstar Productions	Drumscapes	KIT:Hip-Hop Kits -> KIT:Rap Kit 2  * -> Sample	TOM:H/H HiT2a*	
Northstar Productions	Drumscapes	KIT:Hip-Hop Kits -> KIT:Rap Kit 2  * -> Sample	TOM:H/H HiT2b*	
Northstar Productions	Drumscapes	KIT:Hip-Hop Kits -> KIT:Rap Kit 2  * -> Sample	SNR:P/C Stk2 *	
Northstar Productions	Drumscapes	KIT:Hip-Hop Kits -> KIT:Rap Kit 3  * -> Patch	KIK:H/H K2     *	
Northstar Productions	Drumscapes	KIT:Hip-Hop Kits -> KIT:Rap Kit 3  * -> Patch	SNR:H/H Sn1    *	
Northstar Productions	Drumscapes	KIT:Hip-Hop Kits -> KIT:Rap Kit 3  * -> Patch	SNR:H/H Sn Roll*	
Northstar Productions	Drumscapes	KIT:Hip-Hop Kits -> KIT:Rap Kit 3  * -> Patch	HAT:H/H Hat 6  *	
Northstar Productions	Drumscapes	KIT:Hip-Hop Kits -> KIT:Rap Kit 3  * -> Patch	CYM:H/H Rd/Cp1 *	
Northstar Productions	Drumscapes	KIT:Hip-Hop Kits -> KIT:Rap Kit 3  * -> Patch	CYM:H/H Crsh 3 *	
Northstar Productions	Drumscapes	KIT:Hip-Hop Kits -> KIT:Rap Kit 3  * -> Patch	CYM:H/H Crsh 5S*	
Northstar Productions	Drumscapes	KIT:Hip-Hop Kits -> KIT:Rap Kit 3  * -> Patch	TOM:H/H Toms 2 *	
Northstar Productions	Drumscapes	KIT:Hip-Hop Kits -> KIT:Rap Kit 3  * -> Patch	SNR:H/H Stick  *	
Northstar Productions	Drumscapes	KIT:Hip-Hop Kits -> KIT:Rap Kit 3  * -> Sample	KIK:H/H RapK1a *	
Northstar Productions	Drumscapes	KIT:Hip-Hop Kits -> KIT:Rap Kit 3  * -> Sample	KIK:H/H RapK1b *	
Northstar Productions	Drumscapes	KIT:Hip-Hop Kits -> KIT:Rap Kit 3  * -> Sample	KIK:H/H K2a    *	
Northstar Productions	Drumscapes	KIT:Hip-Hop Kits -> KIT:Rap Kit 3  * -> Sample	KIK:H/H K2b    *	
Northstar Productions	Drumscapes	KIT:Hip-Hop Kits -> KIT:Rap Kit 3  * -> Sample	SNR:H/H Sn1 *	
Northstar Productions	Drumscapes	KIT:Hip-Hop Kits -> KIT:Rap Kit 3  * -> Sample	SNR:H/H Sn1*	
Northstar Productions	Drumscapes	KIT:Hip-Hop Kits -> KIT:Rap Kit 3  * -> Sample	SNR:H/H Sn2*	
Northstar Productions	Drumscapes	KIT:Hip-Hop Kits -> KIT:Rap Kit 3  * -> Sample	SNR:H/H SnRll*	
Northstar Productions	Drumscapes	KIT:Hip-Hop Kits -> KIT:Rap Kit 3  * -> Sample	HAT:F/S Ped1 *-R	
Northstar Productions	Drumscapes	KIT:Hip-Hop Kits -> KIT:Rap Kit 3  * -> Sample	HAT:F/S CHH2* -R	
Northstar Productions	Drumscapes	KIT:Hip-Hop Kits -> KIT:Rap Kit 3  * -> Sample	HAT:F/S LHH4* -R	
Northstar Productions	Drumscapes	KIT:Hip-Hop Kits -> KIT:Rap Kit 3  * -> Sample	HAT:F/S LHH1*	
Northstar Productions	Drumscapes	KIT:Hip-Hop Kits -> KIT:Rap Kit 3  * -> Sample	HAT:F/S LHH2* -R	
Northstar Productions	Drumscapes	KIT:Hip-Hop Kits -> KIT:Rap Kit 3  * -> Sample	CYM:R&B Ride1*	
Northstar Productions	Drumscapes	KIT:Hip-Hop Kits -> KIT:Rap Kit 3  * -> Sample	CYM:R&B RdBl1*	
Northstar Productions	Drumscapes	KIT:Hip-Hop Kits -> KIT:Rap Kit 3  * -> Sample	CYM:H/H Cym 5*	
Northstar Productions	Drumscapes	KIT:Hip-Hop Kits -> KIT:Rap Kit 3  * -> Sample	TOM:H/H HiT2a*	
Northstar Productions	Drumscapes	KIT:Hip-Hop Kits -> KIT:Rap Kit 3  * -> Sample	TOM:H/H HiT2b*	
Northstar Productions	Drumscapes	KIT:Hip-Hop Kits -> KIT:Rap Kit 3  * -> Sample	SNR:P/C Stk2 *	
Northstar Productions	Drumscapes	KIT:Funk Kits -> KIT:Funk Kit 1 * -> Patch	KIK:Funk K1    *	
Northstar Productions	Drumscapes	KIT:Funk Kits -> KIT:Funk Kit 1 * -> Patch	SNR:Funk Sn1   *	
Northstar Productions	Drumscapes	KIT:Funk Kits -> KIT:Funk Kit 1 * -> Patch	SNR:Funk SnBuzz*	
Northstar Productions	Drumscapes	KIT:Funk Kits -> KIT:Funk Kit 1 * -> Patch	HAT:R&B Hat 1  *	
Northstar Productions	Drumscapes	KIT:Funk Kits -> KIT:Funk Kit 1 * -> Patch	CYM:R&B Rd/Cp M*	
Northstar Productions	Drumscapes	KIT:Funk Kits -> KIT:Funk Kit 1 * -> Patch	CYM:R&B Cr4    *	
Northstar Productions	Drumscapes	KIT:Funk Kits -> KIT:Funk Kit 1 * -> Patch	CYM:R&B Cr1    *	
Northstar Productions	Drumscapes	KIT:Funk Kits -> KIT:Funk Kit 1 * -> Patch	TOM:R&B Toms 1 *	
Northstar Productions	Drumscapes	KIT:Funk Kits -> KIT:Funk Kit 1 * -> Patch	SNR:P/C Stick1 *	
Northstar Productions	Drumscapes	KIT:Funk Kits -> KIT:Funk Kit 1 * -> Sample	KIK:Fnk K1   *	
Northstar Productions	Drumscapes	KIT:Funk Kits -> KIT:Funk Kit 1 * -> Sample	KIK:Fnk K2   *	
Northstar Productions	Drumscapes	KIT:Funk Kits -> KIT:Funk Kit 1 * -> Sample	SNR:Fnk Sn1a*	
Northstar Productions	Drumscapes	KIT:Funk Kits -> KIT:Funk Kit 1 * -> Sample	SNR:Fnk Sn1b*	
Northstar Productions	Drumscapes	KIT:Funk Kits -> KIT:Funk Kit 1 * -> Sample	SNR:Fnk Sn1 *	
Northstar Productions	Drumscapes	KIT:Funk Kits -> KIT:Funk Kit 1 * -> Sample	SNR:Fnk Sn1c*	
Northstar Productions	Drumscapes	KIT:Funk Kits -> KIT:Funk Kit 1 * -> Sample	SNR:Fnk Sn1d*	
Northstar Productions	Drumscapes	KIT:Funk Kits -> KIT:Funk Kit 1 * -> Sample	HAT:R&B PHH1 *	
Northstar Productions	Drumscapes	KIT:Funk Kits -> KIT:Funk Kit 1 * -> Sample	HAT:R&B CHH1 *	
Northstar Productions	Drumscapes	KIT:Funk Kits -> KIT:Funk Kit 1 * -> Sample	HAT:R&B CHH2 *	
Northstar Productions	Drumscapes	KIT:Funk Kits -> KIT:Funk Kit 1 * -> Sample	HAT:R&B CHH3 *	
Northstar Productions	Drumscapes	KIT:Funk Kits -> KIT:Funk Kit 1 * -> Sample	HAT:R&B CHH4 *	
Northstar Productions	Drumscapes	KIT:Funk Kits -> KIT:Funk Kit 1 * -> Sample	HAT:R&B LHH1 *	
Northstar Productions	Drumscapes	KIT:Funk Kits -> KIT:Funk Kit 1 * -> Sample	HAT:R&B OHH2 *	
Northstar Productions	Drumscapes	KIT:Funk Kits -> KIT:Funk Kit 1 * -> Sample	HAT:R&B OHH1 *	
Northstar Productions	Drumscapes	KIT:Funk Kits -> KIT:Funk Kit 1 * -> Sample	HAT:R&B LHH2 *	
Northstar Productions	Drumscapes	KIT:Funk Kits -> KIT:Funk Kit 1 * -> Sample	CYM:R&B Ride1*	
Northstar Productions	Drumscapes	KIT:Funk Kits -> KIT:Funk Kit 1 * -> Sample	CYM:R&B RdBl1*	
Northstar Productions	Drumscapes	KIT:Funk Kits -> KIT:Funk Kit 1 * -> Sample	CYM:R&B Crsh4*	
Northstar Productions	Drumscapes	KIT:Funk Kits -> KIT:Funk Kit 1 * -> Sample	CYM:R&B Crsh1*	
Northstar Productions	Drumscapes	KIT:Funk Kits -> KIT:Funk Kit 1 * -> Sample	TOM:R&B LTom2*	
Northstar Productions	Drumscapes	KIT:Funk Kits -> KIT:Funk Kit 1 * -> Sample	TOM:R&B LTom3*	
Northstar Productions	Drumscapes	KIT:Funk Kits -> KIT:Funk Kit 1 * -> Sample	TOM:R&B LTom1*	
Northstar Productions	Drumscapes	KIT:Funk Kits -> KIT:Funk Kit 1 * -> Sample	TOM:R&B MTom1*	
Northstar Productions	Drumscapes	KIT:Funk Kits -> KIT:Funk Kit 1 * -> Sample	TOM:R&B MTom2*	
Northstar Productions	Drumscapes	KIT:Funk Kits -> KIT:Funk Kit 1 * -> Sample	TOM:R&B HTom1*	
Northstar Productions	Drumscapes	KIT:Funk Kits -> KIT:Funk Kit 1 * -> Sample	TOM:R&B HTom2*	
Northstar Productions	Drumscapes	KIT:Funk Kits -> KIT:Funk Kit 1 * -> Sample	SNR:P/C Stk1 *	
Northstar Productions	Drumscapes	KIT:Funk Kits -> KIT:Funk Kit 2 * -> Patch	KIK:Funk K2    *	
Northstar Productions	Drumscapes	KIT:Funk Kits -> KIT:Funk Kit 2 * -> Patch	SNR:Funk Sn2   *	
Northstar Productions	Drumscapes	KIT:Funk Kits -> KIT:Funk Kit 2 * -> Patch	SNR:H/H Sn Buzz*	
Northstar Productions	Drumscapes	KIT:Funk Kits -> KIT:Funk Kit 2 * -> Patch	HAT:R&B Hat 1  *	
Northstar Productions	Drumscapes	KIT:Funk Kits -> KIT:Funk Kit 2 * -> Patch	CYM:R&B Rd/Cp M*	
Northstar Productions	Drumscapes	KIT:Funk Kits -> KIT:Funk Kit 2 * -> Patch	CYM:R&B Cr4    *	
Northstar Productions	Drumscapes	KIT:Funk Kits -> KIT:Funk Kit 2 * -> Patch	CYM:R&B Cr1    *	
Northstar Productions	Drumscapes	KIT:Funk Kits -> KIT:Funk Kit 2 * -> Patch	TOM:R&B Toms 1 *	
Northstar Productions	Drumscapes	KIT:Funk Kits -> KIT:Funk Kit 2 * -> Patch	SNR:P/C Stick1 *	
Northstar Productions	Drumscapes	KIT:Funk Kits -> KIT:Funk Kit 2 * -> Sample	KIK:Fnk K4*	
Northstar Productions	Drumscapes	KIT:Funk Kits -> KIT:Funk Kit 2 * -> Sample	KIK:Fnk K5*	
Northstar Productions	Drumscapes	KIT:Funk Kits -> KIT:Funk Kit 2 * -> Sample	SNR:Fnk Sn2 *	
Northstar Productions	Drumscapes	KIT:Funk Kits -> KIT:Funk Kit 2 * -> Sample	SNR:Fnk Sn6 *	
Northstar Productions	Drumscapes	KIT:Funk Kits -> KIT:Funk Kit 2 * -> Sample	SNR:Fnk Sn1 *	
Northstar Productions	Drumscapes	KIT:Funk Kits -> KIT:Funk Kit 2 * -> Sample	SNR:Fnk Sn7 *	
Northstar Productions	Drumscapes	KIT:Funk Kits -> KIT:Funk Kit 2 * -> Sample	SNR:R&B SnBz2*	
Northstar Productions	Drumscapes	KIT:Funk Kits -> KIT:Funk Kit 2 * -> Sample	HAT:R&B PHH1 *	
Northstar Productions	Drumscapes	KIT:Funk Kits -> KIT:Funk Kit 2 * -> Sample	HAT:R&B CHH1 *	
Northstar Productions	Drumscapes	KIT:Funk Kits -> KIT:Funk Kit 2 * -> Sample	HAT:R&B CHH2 *	
Northstar Productions	Drumscapes	KIT:Funk Kits -> KIT:Funk Kit 2 * -> Sample	HAT:R&B CHH3 *	
Northstar Productions	Drumscapes	KIT:Funk Kits -> KIT:Funk Kit 2 * -> Sample	HAT:R&B CHH4 *	
Northstar Productions	Drumscapes	KIT:Funk Kits -> KIT:Funk Kit 2 * -> Sample	HAT:R&B LHH1 *	
Northstar Productions	Drumscapes	KIT:Funk Kits -> KIT:Funk Kit 2 * -> Sample	HAT:R&B OHH2 *	
Northstar Productions	Drumscapes	KIT:Funk Kits -> KIT:Funk Kit 2 * -> Sample	HAT:R&B OHH1 *	
Northstar Productions	Drumscapes	KIT:Funk Kits -> KIT:Funk Kit 2 * -> Sample	HAT:R&B LHH2 *	
Northstar Productions	Drumscapes	KIT:Funk Kits -> KIT:Funk Kit 2 * -> Sample	CYM:R&B Ride1*	
Northstar Productions	Drumscapes	KIT:Funk Kits -> KIT:Funk Kit 2 * -> Sample	CYM:R&B RdBl1*	
Northstar Productions	Drumscapes	KIT:Funk Kits -> KIT:Funk Kit 2 * -> Sample	CYM:R&B Crsh4*	
Northstar Productions	Drumscapes	KIT:Funk Kits -> KIT:Funk Kit 2 * -> Sample	CYM:R&B Crsh1*	
Northstar Productions	Drumscapes	KIT:Funk Kits -> KIT:Funk Kit 2 * -> Sample	TOM:R&B LTom2*	
Northstar Productions	Drumscapes	KIT:Funk Kits -> KIT:Funk Kit 2 * -> Sample	TOM:R&B LTom3*	
Northstar Productions	Drumscapes	KIT:Funk Kits -> KIT:Funk Kit 2 * -> Sample	TOM:R&B LTom1*	
Northstar Productions	Drumscapes	KIT:Funk Kits -> KIT:Funk Kit 2 * -> Sample	TOM:R&B MTom1*	
Northstar Productions	Drumscapes	KIT:Funk Kits -> KIT:Funk Kit 2 * -> Sample	TOM:R&B MTom2*	
Northstar Productions	Drumscapes	KIT:Funk Kits -> KIT:Funk Kit 2 * -> Sample	TOM:R&B HTom1*	
Northstar Productions	Drumscapes	KIT:Funk Kits -> KIT:Funk Kit 2 * -> Sample	TOM:R&B HTom2*	
Northstar Productions	Drumscapes	KIT:Funk Kits -> KIT:Funk Kit 2 * -> Sample	SNR:P/C Stk1 *	
Northstar Productions	Drumscapes	KIT:Funk Kits -> KIT:Funk Kit 3 * -> Patch	KIK:Funk K6    *	
Northstar Productions	Drumscapes	KIT:Funk Kits -> KIT:Funk Kit 3 * -> Patch	SNR:Funk Sn6   *	
Northstar Productions	Drumscapes	KIT:Funk Kits -> KIT:Funk Kit 3 * -> Patch	SNR:H/H Sn Buzz*	
Northstar Productions	Drumscapes	KIT:Funk Kits -> KIT:Funk Kit 3 * -> Patch	HAT:R&B Hat 1  *	
Northstar Productions	Drumscapes	KIT:Funk Kits -> KIT:Funk Kit 3 * -> Patch	CYM:R&B Rd/Cp M*	
Northstar Productions	Drumscapes	KIT:Funk Kits -> KIT:Funk Kit 3 * -> Patch	CYM:R&B Cr4    *	
Northstar Productions	Drumscapes	KIT:Funk Kits -> KIT:Funk Kit 3 * -> Patch	CYM:R&B Cr1    *	
Northstar Productions	Drumscapes	KIT:Funk Kits -> KIT:Funk Kit 3 * -> Patch	TOM:R&B Toms 1 *	
Northstar Productions	Drumscapes	KIT:Funk Kits -> KIT:Funk Kit 3 * -> Patch	SNR:P/C Stick1 *	
Northstar Productions	Drumscapes	KIT:Funk Kits -> KIT:Funk Kit 3 * -> Sample	KIK:Fnk K11*	
Northstar Productions	Drumscapes	KIT:Funk Kits -> KIT:Funk Kit 3 * -> Sample	KIK:Fnk K2   *	
Northstar Productions	Drumscapes	KIT:Funk Kits -> KIT:Funk Kit 3 * -> Sample	SNR:Fnk Sn7 *	
Northstar Productions	Drumscapes	KIT:Funk Kits -> KIT:Funk Kit 3 * -> Sample	SNR:Fnk Sn8 *	
Northstar Productions	Drumscapes	KIT:Funk Kits -> KIT:Funk Kit 3 * -> Sample	SNR:R&B SnBz2*	
Northstar Productions	Drumscapes	KIT:Funk Kits -> KIT:Funk Kit 3 * -> Sample	HAT:R&B PHH1 *	
Northstar Productions	Drumscapes	KIT:Funk Kits -> KIT:Funk Kit 3 * -> Sample	HAT:R&B CHH1 *	
Northstar Productions	Drumscapes	KIT:Funk Kits -> KIT:Funk Kit 3 * -> Sample	HAT:R&B CHH2 *	
Northstar Productions	Drumscapes	KIT:Funk Kits -> KIT:Funk Kit 3 * -> Sample	HAT:R&B CHH3 *	
Northstar Productions	Drumscapes	KIT:Funk Kits -> KIT:Funk Kit 3 * -> Sample	HAT:R&B CHH4 *	
Northstar Productions	Drumscapes	KIT:Funk Kits -> KIT:Funk Kit 3 * -> Sample	HAT:R&B LHH1 *	
Northstar Productions	Drumscapes	KIT:Funk Kits -> KIT:Funk Kit 3 * -> Sample	HAT:R&B OHH2 *	
Northstar Productions	Drumscapes	KIT:Funk Kits -> KIT:Funk Kit 3 * -> Sample	HAT:R&B OHH1 *	
Northstar Productions	Drumscapes	KIT:Funk Kits -> KIT:Funk Kit 3 * -> Sample	HAT:R&B LHH2 *	
Northstar Productions	Drumscapes	KIT:Funk Kits -> KIT:Funk Kit 3 * -> Sample	CYM:R&B Ride1*	
Northstar Productions	Drumscapes	KIT:Funk Kits -> KIT:Funk Kit 3 * -> Sample	CYM:R&B RdBl1*	
Northstar Productions	Drumscapes	KIT:Funk Kits -> KIT:Funk Kit 3 * -> Sample	CYM:R&B Crsh4*	
Northstar Productions	Drumscapes	KIT:Funk Kits -> KIT:Funk Kit 3 * -> Sample	CYM:R&B Crsh1*	
Northstar Productions	Drumscapes	KIT:Funk Kits -> KIT:Funk Kit 3 * -> Sample	TOM:R&B LTom2*	
Northstar Productions	Drumscapes	KIT:Funk Kits -> KIT:Funk Kit 3 * -> Sample	TOM:R&B LTom3*	
Northstar Productions	Drumscapes	KIT:Funk Kits -> KIT:Funk Kit 3 * -> Sample	TOM:R&B LTom1*	
Northstar Productions	Drumscapes	KIT:Funk Kits -> KIT:Funk Kit 3 * -> Sample	TOM:R&B MTom1*	
Northstar Productions	Drumscapes	KIT:Funk Kits -> KIT:Funk Kit 3 * -> Sample	TOM:R&B MTom2*	
Northstar Productions	Drumscapes	KIT:Funk Kits -> KIT:Funk Kit 3 * -> Sample	TOM:R&B HTom1*	
Northstar Productions	Drumscapes	KIT:Funk Kits -> KIT:Funk Kit 3 * -> Sample	TOM:R&B HTom2*	
Northstar Productions	Drumscapes	KIT:Funk Kits -> KIT:Funk Kit 3 * -> Sample	SNR:P/C Stk1 *	
Northstar Productions	Drumscapes	KIT:Funk Kits -> KIT:Funk Kit 4 * -> Patch	KIK:Funk K5    *	
Northstar Productions	Drumscapes	KIT:Funk Kits -> KIT:Funk Kit 4 * -> Patch	SNR:Funk Sn4   *	
Northstar Productions	Drumscapes	KIT:Funk Kits -> KIT:Funk Kit 4 * -> Patch	SNR:H/H Sn Buzz*	
Northstar Productions	Drumscapes	KIT:Funk Kits -> KIT:Funk Kit 4 * -> Patch	HAT:R&B Hat 1  *	
Northstar Productions	Drumscapes	KIT:Funk Kits -> KIT:Funk Kit 4 * -> Patch	CYM:R&B Rd/Cp M*	
Northstar Productions	Drumscapes	KIT:Funk Kits -> KIT:Funk Kit 4 * -> Patch	CYM:R&B Cr4    *	
Northstar Productions	Drumscapes	KIT:Funk Kits -> KIT:Funk Kit 4 * -> Patch	CYM:R&B Cr1    *	
Northstar Productions	Drumscapes	KIT:Funk Kits -> KIT:Funk Kit 4 * -> Patch	TOM:R&B Toms 1 *	
Northstar Productions	Drumscapes	KIT:Funk Kits -> KIT:Funk Kit 4 * -> Patch	SNR:P/C Stick1 *	
Northstar Productions	Drumscapes	KIT:Funk Kits -> KIT:Funk Kit 4 * -> Sample	KIK:Fnk K9*	
Northstar Productions	Drumscapes	KIT:Funk Kits -> KIT:Funk Kit 4 * -> Sample	KIK:Fnk K10*	
Northstar Productions	Drumscapes	KIT:Funk Kits -> KIT:Funk Kit 4 * -> Sample	SNR:Fnk Sn3 *	
Northstar Productions	Drumscapes	KIT:Funk Kits -> KIT:Funk Kit 4 * -> Sample	SNR:Fnk Sn4 *	
Northstar Productions	Drumscapes	KIT:Funk Kits -> KIT:Funk Kit 4 * -> Sample	SNR:R&B SnBz2*	
Northstar Productions	Drumscapes	KIT:Funk Kits -> KIT:Funk Kit 4 * -> Sample	HAT:R&B PHH1 *	
Northstar Productions	Drumscapes	KIT:Funk Kits -> KIT:Funk Kit 4 * -> Sample	HAT:R&B CHH1 *	
Northstar Productions	Drumscapes	KIT:Funk Kits -> KIT:Funk Kit 4 * -> Sample	HAT:R&B CHH2 *	
Northstar Productions	Drumscapes	KIT:Funk Kits -> KIT:Funk Kit 4 * -> Sample	HAT:R&B CHH3 *	
Northstar Productions	Drumscapes	KIT:Funk Kits -> KIT:Funk Kit 4 * -> Sample	HAT:R&B CHH4 *	
Northstar Productions	Drumscapes	KIT:Funk Kits -> KIT:Funk Kit 4 * -> Sample	HAT:R&B LHH1 *	
Northstar Productions	Drumscapes	KIT:Funk Kits -> KIT:Funk Kit 4 * -> Sample	HAT:R&B OHH2 *	
Northstar Productions	Drumscapes	KIT:Funk Kits -> KIT:Funk Kit 4 * -> Sample	HAT:R&B OHH1 *	
Northstar Productions	Drumscapes	KIT:Funk Kits -> KIT:Funk Kit 4 * -> Sample	HAT:R&B LHH2 *	
Northstar Productions	Drumscapes	KIT:Funk Kits -> KIT:Funk Kit 4 * -> Sample	CYM:R&B Ride1*	
Northstar Productions	Drumscapes	KIT:Funk Kits -> KIT:Funk Kit 4 * -> Sample	CYM:R&B RdBl1*	
Northstar Productions	Drumscapes	KIT:Funk Kits -> KIT:Funk Kit 4 * -> Sample	CYM:R&B Crsh4*	
Northstar Productions	Drumscapes	KIT:Funk Kits -> KIT:Funk Kit 4 * -> Sample	CYM:R&B Crsh1*	
Northstar Productions	Drumscapes	KIT:Funk Kits -> KIT:Funk Kit 4 * -> Sample	TOM:R&B LTom2*	
Northstar Productions	Drumscapes	KIT:Funk Kits -> KIT:Funk Kit 4 * -> Sample	TOM:R&B LTom3*	
Northstar Productions	Drumscapes	KIT:Funk Kits -> KIT:Funk Kit 4 * -> Sample	TOM:R&B LTom1*	
Northstar Productions	Drumscapes	KIT:Funk Kits -> KIT:Funk Kit 4 * -> Sample	TOM:R&B MTom1*	
Northstar Productions	Drumscapes	KIT:Funk Kits -> KIT:Funk Kit 4 * -> Sample	TOM:R&B MTom2*	
Northstar Productions	Drumscapes	KIT:Funk Kits -> KIT:Funk Kit 4 * -> Sample	TOM:R&B HTom1*	
Northstar Productions	Drumscapes	KIT:Funk Kits -> KIT:Funk Kit 4 * -> Sample	TOM:R&B HTom2*	
Northstar Productions	Drumscapes	KIT:Funk Kits -> KIT:Funk Kit 4 * -> Sample	SNR:P/C Stk1 *	
Northstar Productions	Drumscapes	KIT:Motown Kits -> KIT:Motown Kit1* -> Patch	KIK:Motown K1  *	
Northstar Productions	Drumscapes	KIT:Motown Kits -> KIT:Motown Kit1* -> Patch	SNR:Motown Sn4 *	
Northstar Productions	Drumscapes	KIT:Motown Kits -> KIT:Motown Kit1* -> Patch	SNR:Motown SnBz*	
Northstar Productions	Drumscapes	KIT:Motown Kits -> KIT:Motown Kit1* -> Patch	HAT:R&B Hat 1  *	
Northstar Productions	Drumscapes	KIT:Motown Kits -> KIT:Motown Kit1* -> Patch	CYM:H/H Rd/Cp1 *	
Northstar Productions	Drumscapes	KIT:Motown Kits -> KIT:Motown Kit1* -> Patch	CYM:R&B Cr4    *	
Northstar Productions	Drumscapes	KIT:Motown Kits -> KIT:Motown Kit1* -> Patch	CYM:R&B Cr1    *	
Northstar Productions	Drumscapes	KIT:Motown Kits -> KIT:Motown Kit1* -> Patch	TOM:H/H Toms 2 *	
Northstar Productions	Drumscapes	KIT:Motown Kits -> KIT:Motown Kit1* -> Patch	SNR:H/H Stick  *	
Northstar Productions	Drumscapes	KIT:Motown Kits -> KIT:Motown Kit1* -> Sample	KIK:Fnk K2   *	
Northstar Productions	Drumscapes	KIT:Motown Kits -> KIT:Motown Kit1* -> Sample	SNR:Mtwn Sn1 *	
Northstar Productions	Drumscapes	KIT:Motown Kits -> KIT:Motown Kit1* -> Sample	SNR:Mtwn Sn8 *	
Northstar Productions	Drumscapes	KIT:Motown Kits -> KIT:Motown Kit1* -> Sample	SNR:Mtwn Sn3 *	
Northstar Productions	Drumscapes	KIT:Motown Kits -> KIT:Motown Kit1* -> Sample	SNR:Mtwn Sn7 *	
Northstar Productions	Drumscapes	KIT:Motown Kits -> KIT:Motown Kit1* -> Sample	SNR:R&B SnBz2*	
Northstar Productions	Drumscapes	KIT:Motown Kits -> KIT:Motown Kit1* -> Sample	HAT:R&B PHH1 *	
Northstar Productions	Drumscapes	KIT:Motown Kits -> KIT:Motown Kit1* -> Sample	HAT:R&B CHH1 *	
Northstar Productions	Drumscapes	KIT:Motown Kits -> KIT:Motown Kit1* -> Sample	HAT:R&B CHH2 *	
Northstar Productions	Drumscapes	KIT:Motown Kits -> KIT:Motown Kit1* -> Sample	HAT:R&B CHH3 *	
Northstar Productions	Drumscapes	KIT:Motown Kits -> KIT:Motown Kit1* -> Sample	HAT:R&B CHH4 *	
Northstar Productions	Drumscapes	KIT:Motown Kits -> KIT:Motown Kit1* -> Sample	HAT:R&B LHH1 *	
Northstar Productions	Drumscapes	KIT:Motown Kits -> KIT:Motown Kit1* -> Sample	HAT:R&B OHH2 *	
Northstar Productions	Drumscapes	KIT:Motown Kits -> KIT:Motown Kit1* -> Sample	HAT:R&B OHH1 *	
Northstar Productions	Drumscapes	KIT:Motown Kits -> KIT:Motown Kit1* -> Sample	HAT:R&B LHH2 *	
Northstar Productions	Drumscapes	KIT:Motown Kits -> KIT:Motown Kit1* -> Sample	CYM:R&B Ride1*	
Northstar Productions	Drumscapes	KIT:Motown Kits -> KIT:Motown Kit1* -> Sample	CYM:R&B RdBl1*	
Northstar Productions	Drumscapes	KIT:Motown Kits -> KIT:Motown Kit1* -> Sample	CYM:R&B Crsh4*	
Northstar Productions	Drumscapes	KIT:Motown Kits -> KIT:Motown Kit1* -> Sample	CYM:R&B Crsh1*	
Northstar Productions	Drumscapes	KIT:Motown Kits -> KIT:Motown Kit1* -> Sample	TOM:H/H HiT2a*	
Northstar Productions	Drumscapes	KIT:Motown Kits -> KIT:Motown Kit1* -> Sample	TOM:H/H HiT2b*	
Northstar Productions	Drumscapes	KIT:Motown Kits -> KIT:Motown Kit1* -> Sample	SNR:P/C Stk2 *	
Northstar Productions	Drumscapes	KIT:Motown Kits -> KIT:Motown Kit2* -> Patch	KIK:H/H Rap K2 *	
Northstar Productions	Drumscapes	KIT:Motown Kits -> KIT:Motown Kit2* -> Patch	SNR:Motown Sn1 *	
Northstar Productions	Drumscapes	KIT:Motown Kits -> KIT:Motown Kit2* -> Patch	SNR:Motown SnBz*	
Northstar Productions	Drumscapes	KIT:Motown Kits -> KIT:Motown Kit2* -> Patch	HAT:F/S Hat 1M *	
Northstar Productions	Drumscapes	KIT:Motown Kits -> KIT:Motown Kit2* -> Patch	CYM:H/H Rd/Cp1 *	
Northstar Productions	Drumscapes	KIT:Motown Kits -> KIT:Motown Kit2* -> Patch	CYM:R&B Cr4    *	
Northstar Productions	Drumscapes	KIT:Motown Kits -> KIT:Motown Kit2* -> Patch	CYM:R&B Cr1    *	
Northstar Productions	Drumscapes	KIT:Motown Kits -> KIT:Motown Kit2* -> Patch	TOM:H/H Toms 2 *	
Northstar Productions	Drumscapes	KIT:Motown Kits -> KIT:Motown Kit2* -> Patch	SNR:H/H Stick  *	
Northstar Productions	Drumscapes	KIT:Motown Kits -> KIT:Motown Kit2* -> Sample	KIK:H/H RapK1a *	
Northstar Productions	Drumscapes	KIT:Motown Kits -> KIT:Motown Kit2* -> Sample	KIK:H/H RapK1c *	
Northstar Productions	Drumscapes	KIT:Motown Kits -> KIT:Motown Kit2* -> Sample	SNR:Mtwn Sn/s*	
Northstar Productions	Drumscapes	KIT:Motown Kits -> KIT:Motown Kit2* -> Sample	SNR:Mtwn Sn1a*	
Northstar Productions	Drumscapes	KIT:Motown Kits -> KIT:Motown Kit2* -> Sample	SNR:Mtwn Sn2 *	
Northstar Productions	Drumscapes	KIT:Motown Kits -> KIT:Motown Kit2* -> Sample	SNR:Mtwn Sn2a*	
Northstar Productions	Drumscapes	KIT:Motown Kits -> KIT:Motown Kit2* -> Sample	SNR:R&B SnBz2*	
Northstar Productions	Drumscapes	KIT:Motown Kits -> KIT:Motown Kit2* -> Sample	HAT:F/S Ped1 *-R	
Northstar Productions	Drumscapes	KIT:Motown Kits -> KIT:Motown Kit2* -> Sample	HAT:F/S CHH2* -R	
Northstar Productions	Drumscapes	KIT:Motown Kits -> KIT:Motown Kit2* -> Sample	HAT:F/S LHH4* -R	
Northstar Productions	Drumscapes	KIT:Motown Kits -> KIT:Motown Kit2* -> Sample	HAT:F/S LHH1*	
Northstar Productions	Drumscapes	KIT:Motown Kits -> KIT:Motown Kit2* -> Sample	HAT:F/S LHH2* -R	
Northstar Productions	Drumscapes	KIT:Motown Kits -> KIT:Motown Kit2* -> Sample	CYM:R&B Ride1*	
Northstar Productions	Drumscapes	KIT:Motown Kits -> KIT:Motown Kit2* -> Sample	CYM:R&B RdBl1*	
Northstar Productions	Drumscapes	KIT:Motown Kits -> KIT:Motown Kit2* -> Sample	CYM:R&B Crsh4*	
Northstar Productions	Drumscapes	KIT:Motown Kits -> KIT:Motown Kit2* -> Sample	CYM:R&B Crsh1*	
Northstar Productions	Drumscapes	KIT:Motown Kits -> KIT:Motown Kit2* -> Sample	TOM:H/H HiT2a*	
Northstar Productions	Drumscapes	KIT:Motown Kits -> KIT:Motown Kit2* -> Sample	TOM:H/H HiT2b*	
Northstar Productions	Drumscapes	KIT:Motown Kits -> KIT:Motown Kit2* -> Sample	SNR:P/C Stk2 *	
Northstar Productions	Drumscapes	KIT:Motown Kits -> KIT:Motown Kit3* -> Patch	KIK:Motown K1  *	
Northstar Productions	Drumscapes	KIT:Motown Kits -> KIT:Motown Kit3* -> Patch	SNR:Motown Sn2 *	
Northstar Productions	Drumscapes	KIT:Motown Kits -> KIT:Motown Kit3* -> Patch	SNR:Motown SnBz*	
Northstar Productions	Drumscapes	KIT:Motown Kits -> KIT:Motown Kit3* -> Patch	HAT:R&B Hat 1  *	
Northstar Productions	Drumscapes	KIT:Motown Kits -> KIT:Motown Kit3* -> Patch	CYM:R&B Rd/Cp M*	
Northstar Productions	Drumscapes	KIT:Motown Kits -> KIT:Motown Kit3* -> Patch	CYM:R&B Cr4    *	
Northstar Productions	Drumscapes	KIT:Motown Kits -> KIT:Motown Kit3* -> Patch	CYM:R&B Cr1    *	
Northstar Productions	Drumscapes	KIT:Motown Kits -> KIT:Motown Kit3* -> Patch	TOM:R&B Toms 1 *	
Northstar Productions	Drumscapes	KIT:Motown Kits -> KIT:Motown Kit3* -> Patch	SNR:H/H Stick  *	
Northstar Productions	Drumscapes	KIT:Motown Kits -> KIT:Motown Kit3* -> Sample	KIK:Fnk K2   *	
Northstar Productions	Drumscapes	KIT:Motown Kits -> KIT:Motown Kit3* -> Sample	SNR:Mtwn Sn1b*	
Northstar Productions	Drumscapes	KIT:Motown Kits -> KIT:Motown Kit3* -> Sample	SNR:Mtwn Sn2b*	
Northstar Productions	Drumscapes	KIT:Motown Kits -> KIT:Motown Kit3* -> Sample	SNR:Mtwn Sn1a*	
Northstar Productions	Drumscapes	KIT:Motown Kits -> KIT:Motown Kit3* -> Sample	SNR:Mtwn Sn2a*	
Northstar Productions	Drumscapes	KIT:Motown Kits -> KIT:Motown Kit3* -> Sample	SNR:R&B SnBz2*	
Northstar Productions	Drumscapes	KIT:Motown Kits -> KIT:Motown Kit3* -> Sample	HAT:R&B PHH1 *	
Northstar Productions	Drumscapes	KIT:Motown Kits -> KIT:Motown Kit3* -> Sample	HAT:R&B CHH1 *	
Northstar Productions	Drumscapes	KIT:Motown Kits -> KIT:Motown Kit3* -> Sample	HAT:R&B CHH2 *	
Northstar Productions	Drumscapes	KIT:Motown Kits -> KIT:Motown Kit3* -> Sample	HAT:R&B CHH3 *	
Northstar Productions	Drumscapes	KIT:Motown Kits -> KIT:Motown Kit3* -> Sample	HAT:R&B CHH4 *	
Northstar Productions	Drumscapes	KIT:Motown Kits -> KIT:Motown Kit3* -> Sample	HAT:R&B LHH1 *	
Northstar Productions	Drumscapes	KIT:Motown Kits -> KIT:Motown Kit3* -> Sample	HAT:R&B OHH2 *	
Northstar Productions	Drumscapes	KIT:Motown Kits -> KIT:Motown Kit3* -> Sample	HAT:R&B OHH1 *	
Northstar Productions	Drumscapes	KIT:Motown Kits -> KIT:Motown Kit3* -> Sample	HAT:R&B LHH2 *	
Northstar Productions	Drumscapes	KIT:Motown Kits -> KIT:Motown Kit3* -> Sample	CYM:R&B Ride1*	
Northstar Productions	Drumscapes	KIT:Motown Kits -> KIT:Motown Kit3* -> Sample	CYM:R&B RdBl1*	
Northstar Productions	Drumscapes	KIT:Motown Kits -> KIT:Motown Kit3* -> Sample	CYM:R&B Crsh4*	
Northstar Productions	Drumscapes	KIT:Motown Kits -> KIT:Motown Kit3* -> Sample	CYM:R&B Crsh1*	
Northstar Productions	Drumscapes	KIT:Motown Kits -> KIT:Motown Kit3* -> Sample	TOM:R&B LTom2*	
Northstar Productions	Drumscapes	KIT:Motown Kits -> KIT:Motown Kit3* -> Sample	TOM:R&B LTom3*	
Northstar Productions	Drumscapes	KIT:Motown Kits -> KIT:Motown Kit3* -> Sample	TOM:R&B LTom1*	
Northstar Productions	Drumscapes	KIT:Motown Kits -> KIT:Motown Kit3* -> Sample	TOM:R&B MTom1*	
Northstar Productions	Drumscapes	KIT:Motown Kits -> KIT:Motown Kit3* -> Sample	TOM:R&B MTom2*	
Northstar Productions	Drumscapes	KIT:Motown Kits -> KIT:Motown Kit3* -> Sample	TOM:R&B HTom1*	
Northstar Productions	Drumscapes	KIT:Motown Kits -> KIT:Motown Kit3* -> Sample	TOM:R&B HTom2*	
Northstar Productions	Drumscapes	KIT:Motown Kits -> KIT:Motown Kit3* -> Sample	SNR:P/C Stk2 *	
Northstar Productions	Drumscapes	KIT:A/C Kits -> KIT:A/C Kit 1  * -> Patch	KIK:A/C K3     *	
Northstar Productions	Drumscapes	KIT:A/C Kits -> KIT:A/C Kit 1  * -> Patch	SNR:A/C Sn8    *	
Northstar Productions	Drumscapes	KIT:A/C Kits -> KIT:A/C Kit 1  * -> Patch	SNR:A/C Stick2 *	
Northstar Productions	Drumscapes	KIT:A/C Kits -> KIT:A/C Kit 1  * -> Patch	HAT:A/C Hat 1  *	
Northstar Productions	Drumscapes	KIT:A/C Kits -> KIT:A/C Kit 1  * -> Patch	CYM:A/C Ride 1 *	
Northstar Productions	Drumscapes	KIT:A/C Kits -> KIT:A/C Kit 1  * -> Patch	CYM:A/C Crsh 1 *	
Northstar Productions	Drumscapes	KIT:A/C Kits -> KIT:A/C Kit 1  * -> Patch	CYM:A/C Crsh 5 *	
Northstar Productions	Drumscapes	KIT:A/C Kits -> KIT:A/C Kit 1  * -> Patch	TOM:A/C Toms 1 *	
Northstar Productions	Drumscapes	KIT:A/C Kits -> KIT:A/C Kit 1  * -> Patch	CYM:A/C Crsh 2 *	
Northstar Productions	Drumscapes	KIT:A/C Kits -> KIT:A/C Kit 1  * -> Patch	CYM:A/C Crsh 3 *	
Northstar Productions	Drumscapes	KIT:A/C Kits -> KIT:A/C Kit 1  * -> Patch	CYM:A/C Crsh 6 *	
Northstar Productions	Drumscapes	KIT:A/C Kits -> KIT:A/C Kit 1  * -> Patch	SNR:A/C SnRoll1*	
Northstar Productions	Drumscapes	KIT:A/C Kits -> KIT:A/C Kit 1  * -> Sample	KIK:A/C K3a    *	
Northstar Productions	Drumscapes	KIT:A/C Kits -> KIT:A/C Kit 1  * -> Sample	KIK:A/C K3b    *	
Northstar Productions	Drumscapes	KIT:A/C Kits -> KIT:A/C Kit 1  * -> Sample	SNR:A/C Sn3  *	
Northstar Productions	Drumscapes	KIT:A/C Kits -> KIT:A/C Kit 1  * -> Sample	SNR:A/C Sn5  *	
Northstar Productions	Drumscapes	KIT:A/C Kits -> KIT:A/C Kit 1  * -> Sample	SNR:A/C Sn4  *	
Northstar Productions	Drumscapes	KIT:A/C Kits -> KIT:A/C Kit 1  * -> Sample	SNR:A/C Sn6  *	
Northstar Productions	Drumscapes	KIT:A/C Kits -> KIT:A/C Kit 1  * -> Sample	SNR:A/C Stik2*	
Northstar Productions	Drumscapes	KIT:A/C Kits -> KIT:A/C Kit 1  * -> Sample	HAT:A/C Ped 1  *	
Northstar Productions	Drumscapes	KIT:A/C Kits -> KIT:A/C Kit 1  * -> Sample	HAT:A/C CHH 1  *	
Northstar Productions	Drumscapes	KIT:A/C Kits -> KIT:A/C Kit 1  * -> Sample	HAT:A/C CHH 3  *	
Northstar Productions	Drumscapes	KIT:A/C Kits -> KIT:A/C Kit 1  * -> Sample	HAT:A/C CHH 5  *	
Northstar Productions	Drumscapes	KIT:A/C Kits -> KIT:A/C Kit 1  * -> Sample	HAT:A/C CHH 2  *	
Northstar Productions	Drumscapes	KIT:A/C Kits -> KIT:A/C Kit 1  * -> Sample	HAT:A/C CHH 4  *	
Northstar Productions	Drumscapes	KIT:A/C Kits -> KIT:A/C Kit 1  * -> Sample	HAT:A/C OHH 1  *	
Northstar Productions	Drumscapes	KIT:A/C Kits -> KIT:A/C Kit 1  * -> Sample	HAT:A/C OHH 3  *	
Northstar Productions	Drumscapes	KIT:A/C Kits -> KIT:A/C Kit 1  * -> Sample	CYM:A/C Ride1*-L	
Northstar Productions	Drumscapes	KIT:A/C Kits -> KIT:A/C Kit 1  * -> Sample	CYM:A/C Ride2*-L	
Northstar Productions	Drumscapes	KIT:A/C Kits -> KIT:A/C Kit 1  * -> Sample	CYM:A/C Cr3  *-R	
Northstar Productions	Drumscapes	KIT:A/C Kits -> KIT:A/C Kit 1  * -> Sample	CYM:A/C Cr 3 *-L	
Northstar Productions	Drumscapes	KIT:A/C Kits -> KIT:A/C Kit 1  * -> Sample	CYM:A/C 16Cr4*-L	
Northstar Productions	Drumscapes	KIT:A/C Kits -> KIT:A/C Kit 1  * -> Sample	TOM:A/C FlrT1*	
Northstar Productions	Drumscapes	KIT:A/C Kits -> KIT:A/C Kit 1  * -> Sample	TOM:A/C FlrT2*	
Northstar Productions	Drumscapes	KIT:A/C Kits -> KIT:A/C Kit 1  * -> Sample	TOM:A/C LoT2 *	
Northstar Productions	Drumscapes	KIT:A/C Kits -> KIT:A/C Kit 1  * -> Sample	TOM:A/C LoT3 *	
Northstar Productions	Drumscapes	KIT:A/C Kits -> KIT:A/C Kit 1  * -> Sample	TOM:A/C MdT1 *	
Northstar Productions	Drumscapes	KIT:A/C Kits -> KIT:A/C Kit 1  * -> Sample	TOM:A/C MdT2 *	
Northstar Productions	Drumscapes	KIT:A/C Kits -> KIT:A/C Kit 1  * -> Sample	TOM:A/C MdT3 *	
Northstar Productions	Drumscapes	KIT:A/C Kits -> KIT:A/C Kit 1  * -> Sample	TOM:A/C HiT2 *	
Northstar Productions	Drumscapes	KIT:A/C Kits -> KIT:A/C Kit 1  * -> Sample	TOM:A/C HiT3 *	
Northstar Productions	Drumscapes	KIT:A/C Kits -> KIT:A/C Kit 1  * -> Sample	TOM:A/C HiT1 *	
Northstar Productions	Drumscapes	KIT:A/C Kits -> KIT:A/C Kit 1  * -> Sample	CYM:A/C 18Cr1*-L	
Northstar Productions	Drumscapes	KIT:A/C Kits -> KIT:A/C Kit 1  * -> Sample	CYM:A/C 18Cr2*-R	
Northstar Productions	Drumscapes	KIT:A/C Kits -> KIT:A/C Kit 1  * -> Sample	CYM:A/C 18Cr5*-R	
Northstar Productions	Drumscapes	KIT:A/C Kits -> KIT:A/C Kit 1  * -> Sample	CYM:A/C 16Cr2*-R	
Northstar Productions	Drumscapes	KIT:A/C Kits -> KIT:A/C Kit 1  * -> Sample	CYM:A/C 16Cr1*-L	
Northstar Productions	Drumscapes	KIT:A/C Kits -> KIT:A/C Kit 1  * -> Sample	SNR:A/C SnRll*	
Northstar Productions	Drumscapes	KIT:A/C Kits -> KIT:A/C Kit 2  * -> Patch	KIK:A/C K1     *	
Northstar Productions	Drumscapes	KIT:A/C Kits -> KIT:A/C Kit 2  * -> Patch	SNR:A/C Sn1    *	
Northstar Productions	Drumscapes	KIT:A/C Kits -> KIT:A/C Kit 2  * -> Patch	SNR:A/C Stick2 *	
Northstar Productions	Drumscapes	KIT:A/C Kits -> KIT:A/C Kit 2  * -> Patch	HAT:A/C Hat 2  *	
Northstar Productions	Drumscapes	KIT:A/C Kits -> KIT:A/C Kit 2  * -> Patch	CYM:A/C Ride 1 *	
Northstar Productions	Drumscapes	KIT:A/C Kits -> KIT:A/C Kit 2  * -> Patch	CYM:A/C Crsh 1 *	
Northstar Productions	Drumscapes	KIT:A/C Kits -> KIT:A/C Kit 2  * -> Patch	CYM:A/C Crsh 5 *	
Northstar Productions	Drumscapes	KIT:A/C Kits -> KIT:A/C Kit 2  * -> Patch	TOM:A/C Toms 2 *	
Northstar Productions	Drumscapes	KIT:A/C Kits -> KIT:A/C Kit 2  * -> Patch	SNR:A/C SnRoll2*	
Northstar Productions	Drumscapes	KIT:A/C Kits -> KIT:A/C Kit 2  * -> Sample	KIK:A/C K1a    *	
Northstar Productions	Drumscapes	KIT:A/C Kits -> KIT:A/C Kit 2  * -> Sample	KIK:A/C K1b    *	
Northstar Productions	Drumscapes	KIT:A/C Kits -> KIT:A/C Kit 2  * -> Sample	SNR:A/C Sn4  *	
Northstar Productions	Drumscapes	KIT:A/C Kits -> KIT:A/C Kit 2  * -> Sample	SNR:A/C Sn3  *	
Northstar Productions	Drumscapes	KIT:A/C Kits -> KIT:A/C Kit 2  * -> Sample	SNR:A/C Sn5  *	
Northstar Productions	Drumscapes	KIT:A/C Kits -> KIT:A/C Kit 2  * -> Sample	SNR:A/C Stik2*	
Northstar Productions	Drumscapes	KIT:A/C Kits -> KIT:A/C Kit 2  * -> Sample	HAT:A/C Ped 1  *	
Northstar Productions	Drumscapes	KIT:A/C Kits -> KIT:A/C Kit 2  * -> Sample	HAT:A/C CHH 1  *	
Northstar Productions	Drumscapes	KIT:A/C Kits -> KIT:A/C Kit 2  * -> Sample	HAT:A/C CHH 3  *	
Northstar Productions	Drumscapes	KIT:A/C Kits -> KIT:A/C Kit 2  * -> Sample	HAT:A/C CHH 5  *	
Northstar Productions	Drumscapes	KIT:A/C Kits -> KIT:A/C Kit 2  * -> Sample	HAT:A/C CHH 2  *	
Northstar Productions	Drumscapes	KIT:A/C Kits -> KIT:A/C Kit 2  * -> Sample	HAT:A/C CHH 4  *	
Northstar Productions	Drumscapes	KIT:A/C Kits -> KIT:A/C Kit 2  * -> Sample	HAT:A/C OHH 1  *	
Northstar Productions	Drumscapes	KIT:A/C Kits -> KIT:A/C Kit 2  * -> Sample	HAT:A/C OHH 3  *	
Northstar Productions	Drumscapes	KIT:A/C Kits -> KIT:A/C Kit 2  * -> Sample	HAT:A/C OHH 2  *	
Northstar Productions	Drumscapes	KIT:A/C Kits -> KIT:A/C Kit 2  * -> Sample	CYM:A/C Ride1*-L	
Northstar Productions	Drumscapes	KIT:A/C Kits -> KIT:A/C Kit 2  * -> Sample	CYM:A/C Ride2*-L	
Northstar Productions	Drumscapes	KIT:A/C Kits -> KIT:A/C Kit 2  * -> Sample	CYM:A/C Cr3  *-R	
Northstar Productions	Drumscapes	KIT:A/C Kits -> KIT:A/C Kit 2  * -> Sample	CYM:A/C Cr 3 *-L	
Northstar Productions	Drumscapes	KIT:A/C Kits -> KIT:A/C Kit 2  * -> Sample	CYM:A/C 16Cr4*-L	
Northstar Productions	Drumscapes	KIT:A/C Kits -> KIT:A/C Kit 2  * -> Sample	TOM:A/C LoT1 *	
Northstar Productions	Drumscapes	KIT:A/C Kits -> KIT:A/C Kit 2  * -> Sample	TOM:A/C LoT3 *	
Northstar Productions	Drumscapes	KIT:A/C Kits -> KIT:A/C Kit 2  * -> Sample	TOM:A/C LoT2 *	
Northstar Productions	Drumscapes	KIT:A/C Kits -> KIT:A/C Kit 2  * -> Sample	TOM:A/C MdT2 *	
Northstar Productions	Drumscapes	KIT:A/C Kits -> KIT:A/C Kit 2  * -> Sample	TOM:A/C MdT3 *	
Northstar Productions	Drumscapes	KIT:A/C Kits -> KIT:A/C Kit 2  * -> Sample	TOM:A/C HiT1 *	
Northstar Productions	Drumscapes	KIT:A/C Kits -> KIT:A/C Kit 2  * -> Sample	TOM:A/C HiT2 *	
Northstar Productions	Drumscapes	KIT:A/C Kits -> KIT:A/C Kit 2  * -> Sample	SNR:A/C SnRl2*	
Northstar Productions	Drumscapes	KIT:P/C Kits 1 -> KIT:P/C Wet 1  * -> Patch	KIK:P/C K3     *	
Northstar Productions	Drumscapes	KIT:P/C Kits 1 -> KIT:P/C Wet 1  * -> Patch	SNR:P/C Sn1    *	
Northstar Productions	Drumscapes	KIT:P/C Kits 1 -> KIT:P/C Wet 1  * -> Patch	SNR:P/C Stick1 *	
Northstar Productions	Drumscapes	KIT:P/C Kits 1 -> KIT:P/C Wet 1  * -> Patch	HAT:P/C Hat 1  *	
Northstar Productions	Drumscapes	KIT:P/C Kits 1 -> KIT:P/C Wet 1  * -> Patch	CYM:P/C Ride1  *	
Northstar Productions	Drumscapes	KIT:P/C Kits 1 -> KIT:P/C Wet 1  * -> Patch	CYM:P/C Crsh2  *	
Northstar Productions	Drumscapes	KIT:P/C Kits 1 -> KIT:P/C Wet 1  * -> Patch	CYM:P/C Crsh1  *	
Northstar Productions	Drumscapes	KIT:P/C Kits 1 -> KIT:P/C Wet 1  * -> Patch	TOM:P/C Toms 1 *	
Northstar Productions	Drumscapes	KIT:P/C Kits 1 -> KIT:P/C Wet 1  * -> Patch	TOM:P/C TomFlm2*	
Northstar Productions	Drumscapes	KIT:P/C Kits 1 -> KIT:P/C Wet 1  * -> Sample	KIK:P/C K3a  *	
Northstar Productions	Drumscapes	KIT:P/C Kits 1 -> KIT:P/C Wet 1  * -> Sample	KIK:P/C K3b  *	
Northstar Productions	Drumscapes	KIT:P/C Kits 1 -> KIT:P/C Wet 1  * -> Sample	SNR:P/C Sn1  *	
Northstar Productions	Drumscapes	KIT:P/C Kits 1 -> KIT:P/C Wet 1  * -> Sample	SNR:P/C Sn2  *	
Northstar Productions	Drumscapes	KIT:P/C Kits 1 -> KIT:P/C Wet 1  * -> Sample	SNR:P/C Sn3  *	
Northstar Productions	Drumscapes	KIT:P/C Kits 1 -> KIT:P/C Wet 1  * -> Sample	SNR:P/C Sn4a *	
Northstar Productions	Drumscapes	KIT:P/C Kits 1 -> KIT:P/C Wet 1  * -> Sample	SNR:P/C Stk1 *	
Northstar Productions	Drumscapes	KIT:P/C Kits 1 -> KIT:P/C Wet 1  * -> Sample	HAT:P/C PHH 1*	
Northstar Productions	Drumscapes	KIT:P/C Kits 1 -> KIT:P/C Wet 1  * -> Sample	HAT:P/C CHH 1*	
Northstar Productions	Drumscapes	KIT:P/C Kits 1 -> KIT:P/C Wet 1  * -> Sample	HAT:P/C CHH 3*	
Northstar Productions	Drumscapes	KIT:P/C Kits 1 -> KIT:P/C Wet 1  * -> Sample	HAT:P/C CHH 2*	
Northstar Productions	Drumscapes	KIT:P/C Kits 1 -> KIT:P/C Wet 1  * -> Sample	HAT:P/C LHH 2*	
Northstar Productions	Drumscapes	KIT:P/C Kits 1 -> KIT:P/C Wet 1  * -> Sample	HAT:P/C OHH 1*	
Northstar Productions	Drumscapes	KIT:P/C Kits 1 -> KIT:P/C Wet 1  * -> Sample	HAT:P/C LHH 3*	
Northstar Productions	Drumscapes	KIT:P/C Kits 1 -> KIT:P/C Wet 1  * -> Sample	CYM:P/C Ride1a *	
Northstar Productions	Drumscapes	KIT:P/C Kits 1 -> KIT:P/C Wet 1  * -> Sample	CYM:P/C Ride1b *	
Northstar Productions	Drumscapes	KIT:P/C Kits 1 -> KIT:P/C Wet 1  * -> Sample	CYM:P/C Crsh2  *	
Northstar Productions	Drumscapes	KIT:P/C Kits 1 -> KIT:P/C Wet 1  * -> Sample	CYM:P/C Crsh1  *	
Northstar Productions	Drumscapes	KIT:P/C Kits 1 -> KIT:P/C Wet 1  * -> Sample	TOM:P/C LOT1a*	
Northstar Productions	Drumscapes	KIT:P/C Kits 1 -> KIT:P/C Wet 1  * -> Sample	TOM:P/C LOT1b*	
Northstar Productions	Drumscapes	KIT:P/C Kits 1 -> KIT:P/C Wet 1  * -> Sample	TOM:P/C LMT1a*	
Northstar Productions	Drumscapes	KIT:P/C Kits 1 -> KIT:P/C Wet 1  * -> Sample	TOM:P/C LMT1b*	
Northstar Productions	Drumscapes	KIT:P/C Kits 1 -> KIT:P/C Wet 1  * -> Sample	TOM:P/C HMT1a*	
Northstar Productions	Drumscapes	KIT:P/C Kits 1 -> KIT:P/C Wet 1  * -> Sample	TOM:P/C HMT1b*	
Northstar Productions	Drumscapes	KIT:P/C Kits 1 -> KIT:P/C Wet 1  * -> Sample	TOM:P/C HiT1a*	
Northstar Productions	Drumscapes	KIT:P/C Kits 1 -> KIT:P/C Wet 1  * -> Sample	TOM:P/C HiT1b*	
Northstar Productions	Drumscapes	KIT:P/C Kits 1 -> KIT:P/C Wet 1  * -> Sample	TOM:P/CLoT1Fl*	
Northstar Productions	Drumscapes	KIT:P/C Kits 1 -> KIT:P/C Wet 1  * -> Sample	TOM:P/CLMT1Fl*	
Northstar Productions	Drumscapes	KIT:P/C Kits 1 -> KIT:P/C Wet 1  * -> Sample	TOM:P/CHMT1Fl*	
Northstar Productions	Drumscapes	KIT:P/C Kits 1 -> KIT:P/C Wet 1  * -> Sample	TOM:P/CHiT1Fl*	
Northstar Productions	Drumscapes	KIT:P/C Kits 1 -> KIT:P/C Wet 2  * -> Patch	KIK:P/C K4     *	
Northstar Productions	Drumscapes	KIT:P/C Kits 1 -> KIT:P/C Wet 2  * -> Patch	SNR:P/C Sn2    *	
Northstar Productions	Drumscapes	KIT:P/C Kits 1 -> KIT:P/C Wet 2  * -> Patch	SNR:P/C Stick 2*	
Northstar Productions	Drumscapes	KIT:P/C Kits 1 -> KIT:P/C Wet 2  * -> Patch	HAT:P/C Hat 3  *	
Northstar Productions	Drumscapes	KIT:P/C Kits 1 -> KIT:P/C Wet 2  * -> Patch	CYM:P/C Ride1  *	
Northstar Productions	Drumscapes	KIT:P/C Kits 1 -> KIT:P/C Wet 2  * -> Patch	CYM:P/C Crsh2  *	
Northstar Productions	Drumscapes	KIT:P/C Kits 1 -> KIT:P/C Wet 2  * -> Patch	CYM:P/C Crsh4  *	
Northstar Productions	Drumscapes	KIT:P/C Kits 1 -> KIT:P/C Wet 2  * -> Patch	TOM:P/C Toms 2 *	
Northstar Productions	Drumscapes	KIT:P/C Kits 1 -> KIT:P/C Wet 2  * -> Patch	TOM:P/C TomFlm2*	
Northstar Productions	Drumscapes	KIT:P/C Kits 1 -> KIT:P/C Wet 2  * -> Sample	KIK:P/C K3b  *	
Northstar Productions	Drumscapes	KIT:P/C Kits 1 -> KIT:P/C Wet 2  * -> Sample	KIK:P/C Kick4*	
Northstar Productions	Drumscapes	KIT:P/C Kits 1 -> KIT:P/C Wet 2  * -> Sample	SNR:P/C Sn3  *	
Northstar Productions	Drumscapes	KIT:P/C Kits 1 -> KIT:P/C Wet 2  * -> Sample	SNR:P/C Sn4a *	
Northstar Productions	Drumscapes	KIT:P/C Kits 1 -> KIT:P/C Wet 2  * -> Sample	SNR:P/C Sn2  *	
Northstar Productions	Drumscapes	KIT:P/C Kits 1 -> KIT:P/C Wet 2  * -> Sample	SNR:P/C Sn4b *	
Northstar Productions	Drumscapes	KIT:P/C Kits 1 -> KIT:P/C Wet 2  * -> Sample	SNR:P/C Stk2 *	
Northstar Productions	Drumscapes	KIT:P/C Kits 1 -> KIT:P/C Wet 2  * -> Sample	SNR:P/C Stk1 *	
Northstar Productions	Drumscapes	KIT:P/C Kits 1 -> KIT:P/C Wet 2  * -> Sample	HAT:P/C PHH 1*	
Northstar Productions	Drumscapes	KIT:P/C Kits 1 -> KIT:P/C Wet 2  * -> Sample	HAT:P/C CHH 2*	
Northstar Productions	Drumscapes	KIT:P/C Kits 1 -> KIT:P/C Wet 2  * -> Sample	HAT:P/C LHH 2*	
Northstar Productions	Drumscapes	KIT:P/C Kits 1 -> KIT:P/C Wet 2  * -> Sample	HAT:P/C LHH 1*	
Northstar Productions	Drumscapes	KIT:P/C Kits 1 -> KIT:P/C Wet 2  * -> Sample	HAT:P/C LHH 3*	
Northstar Productions	Drumscapes	KIT:P/C Kits 1 -> KIT:P/C Wet 2  * -> Sample	HAT:P/C OHH 1*	
Northstar Productions	Drumscapes	KIT:P/C Kits 1 -> KIT:P/C Wet 2  * -> Sample	CYM:P/C Ride1a *	
Northstar Productions	Drumscapes	KIT:P/C Kits 1 -> KIT:P/C Wet 2  * -> Sample	CYM:P/C Ride1b *	
Northstar Productions	Drumscapes	KIT:P/C Kits 1 -> KIT:P/C Wet 2  * -> Sample	CYM:P/C Crsh2  *	
Northstar Productions	Drumscapes	KIT:P/C Kits 1 -> KIT:P/C Wet 2  * -> Sample	CYM:P/C Crsh4  *	
Northstar Productions	Drumscapes	KIT:P/C Kits 1 -> KIT:P/C Wet 2  * -> Sample	TOM:P/C LOT1b*	
Northstar Productions	Drumscapes	KIT:P/C Kits 1 -> KIT:P/C Wet 2  * -> Sample	TOM:P/C LoT2 *	
Northstar Productions	Drumscapes	KIT:P/C Kits 1 -> KIT:P/C Wet 2  * -> Sample	TOM:P/C LMT1b*	
Northstar Productions	Drumscapes	KIT:P/C Kits 1 -> KIT:P/C Wet 2  * -> Sample	TOM:P/C LMT2 *	
Northstar Productions	Drumscapes	KIT:P/C Kits 1 -> KIT:P/C Wet 2  * -> Sample	TOM:P/C HMT1b*	
Northstar Productions	Drumscapes	KIT:P/C Kits 1 -> KIT:P/C Wet 2  * -> Sample	TOM:P/C HMT2 *	
Northstar Productions	Drumscapes	KIT:P/C Kits 1 -> KIT:P/C Wet 2  * -> Sample	TOM:P/C HiT1b*	
Northstar Productions	Drumscapes	KIT:P/C Kits 1 -> KIT:P/C Wet 2  * -> Sample	TOM:P/C HiT2 *	
Northstar Productions	Drumscapes	KIT:P/C Kits 1 -> KIT:P/C Wet 2  * -> Sample	TOM:P/CLoT1Fl*	
Northstar Productions	Drumscapes	KIT:P/C Kits 1 -> KIT:P/C Wet 2  * -> Sample	TOM:P/CLMT1Fl*	
Northstar Productions	Drumscapes	KIT:P/C Kits 1 -> KIT:P/C Wet 2  * -> Sample	TOM:P/CHMT1Fl*	
Northstar Productions	Drumscapes	KIT:P/C Kits 1 -> KIT:P/C Wet 2  * -> Sample	TOM:P/CHiT1Fl*	
Northstar Productions	Drumscapes	KIT:P/C Kits 2 -> KIT:P/C Dry 1  * -> Patch	KIK:P/C K1     *	
Northstar Productions	Drumscapes	KIT:P/C Kits 2 -> KIT:P/C Dry 1  * -> Patch	SNR:P/C Sn3    *	
Northstar Productions	Drumscapes	KIT:P/C Kits 2 -> KIT:P/C Dry 1  * -> Patch	SNR:P/C Stick 3*	
Northstar Productions	Drumscapes	KIT:P/C Kits 2 -> KIT:P/C Dry 1  * -> Patch	HAT:P/C Hat 1  *	
Northstar Productions	Drumscapes	KIT:P/C Kits 2 -> KIT:P/C Dry 1  * -> Patch	CYM:P/C Ride1  *	
Northstar Productions	Drumscapes	KIT:P/C Kits 2 -> KIT:P/C Dry 1  * -> Patch	CYM:P/C Crsh2  *	
Northstar Productions	Drumscapes	KIT:P/C Kits 2 -> KIT:P/C Dry 1  * -> Patch	CYM:P/C Crsh4  *	
Northstar Productions	Drumscapes	KIT:P/C Kits 2 -> KIT:P/C Dry 1  * -> Patch	TOM:P/C Toms 5S*	
Northstar Productions	Drumscapes	KIT:P/C Kits 2 -> KIT:P/C Dry 1  * -> Patch	TOM:P/C TomFlm1*	
Northstar Productions	Drumscapes	KIT:P/C Kits 2 -> KIT:P/C Dry 1  * -> Sample	KIK:P/C K1a    *	
Northstar Productions	Drumscapes	KIT:P/C Kits 2 -> KIT:P/C Dry 1  * -> Sample	KIK:P/C K1b    *	
Northstar Productions	Drumscapes	KIT:P/C Kits 2 -> KIT:P/C Dry 1  * -> Sample	KIK:P/C K1c    *	
Northstar Productions	Drumscapes	KIT:P/C Kits 2 -> KIT:P/C Dry 1  * -> Sample	SNR:P/C Sn5a*	
Northstar Productions	Drumscapes	KIT:P/C Kits 2 -> KIT:P/C Dry 1  * -> Sample	SNR:P/C Sn5c*	
Northstar Productions	Drumscapes	KIT:P/C Kits 2 -> KIT:P/C Dry 1  * -> Sample	SNR:P/C Sn5b*	
Northstar Productions	Drumscapes	KIT:P/C Kits 2 -> KIT:P/C Dry 1  * -> Sample	SNR:P/C Sn5d*	
Northstar Productions	Drumscapes	KIT:P/C Kits 2 -> KIT:P/C Dry 1  * -> Sample	SNR:P/C Stk2 *	
Northstar Productions	Drumscapes	KIT:P/C Kits 2 -> KIT:P/C Dry 1  * -> Sample	HAT:P/C PHH 1*	
Northstar Productions	Drumscapes	KIT:P/C Kits 2 -> KIT:P/C Dry 1  * -> Sample	HAT:P/C CHH 1*	
Northstar Productions	Drumscapes	KIT:P/C Kits 2 -> KIT:P/C Dry 1  * -> Sample	HAT:P/C CHH 3*	
Northstar Productions	Drumscapes	KIT:P/C Kits 2 -> KIT:P/C Dry 1  * -> Sample	HAT:P/C CHH 2*	
Northstar Productions	Drumscapes	KIT:P/C Kits 2 -> KIT:P/C Dry 1  * -> Sample	HAT:P/C LHH 2*	
Northstar Productions	Drumscapes	KIT:P/C Kits 2 -> KIT:P/C Dry 1  * -> Sample	HAT:P/C OHH 1*	
Northstar Productions	Drumscapes	KIT:P/C Kits 2 -> KIT:P/C Dry 1  * -> Sample	HAT:P/C LHH 3*	
Northstar Productions	Drumscapes	KIT:P/C Kits 2 -> KIT:P/C Dry 1  * -> Sample	CYM:P/C Ride1a *	
Northstar Productions	Drumscapes	KIT:P/C Kits 2 -> KIT:P/C Dry 1  * -> Sample	CYM:P/C Ride1b *	
Northstar Productions	Drumscapes	KIT:P/C Kits 2 -> KIT:P/C Dry 1  * -> Sample	CYM:P/C Crsh2  *	
Northstar Productions	Drumscapes	KIT:P/C Kits 2 -> KIT:P/C Dry 1  * -> Sample	CYM:P/C Crsh4  *	
Northstar Productions	Drumscapes	KIT:P/C Kits 2 -> KIT:P/C Dry 1  * -> Sample	TOM:P/C LoT3a*	
Northstar Productions	Drumscapes	KIT:P/C Kits 2 -> KIT:P/C Dry 1  * -> Sample	TOM:P/C LoT3b*	
Northstar Productions	Drumscapes	KIT:P/C Kits 2 -> KIT:P/C Dry 1  * -> Sample	TOM:P/C LMT3a*	
Northstar Productions	Drumscapes	KIT:P/C Kits 2 -> KIT:P/C Dry 1  * -> Sample	TOM:P/C LMT3b*	
Northstar Productions	Drumscapes	KIT:P/C Kits 2 -> KIT:P/C Dry 1  * -> Sample	TOM:P/C HMT3a*	
Northstar Productions	Drumscapes	KIT:P/C Kits 2 -> KIT:P/C Dry 1  * -> Sample	TOM:P/C HMT3b*	
Northstar Productions	Drumscapes	KIT:P/C Kits 2 -> KIT:P/C Dry 1  * -> Sample	TOM:P/C HiT3a*	
Northstar Productions	Drumscapes	KIT:P/C Kits 2 -> KIT:P/C Dry 1  * -> Sample	TOM:P/C HiT3b*	
Northstar Productions	Drumscapes	KIT:P/C Kits 2 -> KIT:P/C Dry 1  * -> Sample	TOM:P/C LMT3Fl *	
Northstar Productions	Drumscapes	KIT:P/C Kits 2 -> KIT:P/C Dry 1  * -> Sample	TOM:P/C HMT3Fl *	
Northstar Productions	Drumscapes	KIT:P/C Kits 2 -> KIT:P/C Dry 1  * -> Sample	TOM:P/C HiT3Fl *	
Northstar Productions	Drumscapes	KIT:P/C Kits 2 -> KIT:P/C Dry 2  * -> Patch	KIK:P/C K2     *	
Northstar Productions	Drumscapes	KIT:P/C Kits 2 -> KIT:P/C Dry 2  * -> Patch	SNR:P/C Sn6    *	
Northstar Productions	Drumscapes	KIT:P/C Kits 2 -> KIT:P/C Dry 2  * -> Patch	SNR:P/C Stick 3*	
Northstar Productions	Drumscapes	KIT:P/C Kits 2 -> KIT:P/C Dry 2  * -> Patch	HAT:P/C Hat 1  *	
Northstar Productions	Drumscapes	KIT:P/C Kits 2 -> KIT:P/C Dry 2  * -> Patch	CYM:P/C Ride1  *	
Northstar Productions	Drumscapes	KIT:P/C Kits 2 -> KIT:P/C Dry 2  * -> Patch	CYM:P/C Crsh2  *	
Northstar Productions	Drumscapes	KIT:P/C Kits 2 -> KIT:P/C Dry 2  * -> Patch	CYM:P/C Crsh4  *	
Northstar Productions	Drumscapes	KIT:P/C Kits 2 -> KIT:P/C Dry 2  * -> Patch	TOM:P/C Toms 4S*	
Northstar Productions	Drumscapes	KIT:P/C Kits 2 -> KIT:P/C Dry 2  * -> Patch	TOM:P/C TomFlm1*	
Northstar Productions	Drumscapes	KIT:P/C Kits 2 -> KIT:P/C Dry 2  * -> Sample	KIK:P/C K2a    *	
Northstar Productions	Drumscapes	KIT:P/C Kits 2 -> KIT:P/C Dry 2  * -> Sample	KIK:P/C K2b    *	
Northstar Productions	Drumscapes	KIT:P/C Kits 2 -> KIT:P/C Dry 2  * -> Sample	KIK:P/C K2c    *	
Northstar Productions	Drumscapes	KIT:P/C Kits 2 -> KIT:P/C Dry 2  * -> Sample	SNR:P/C Sn5c*	
Northstar Productions	Drumscapes	KIT:P/C Kits 2 -> KIT:P/C Dry 2  * -> Sample	SNR:P/C Sn8 *	
Northstar Productions	Drumscapes	KIT:P/C Kits 2 -> KIT:P/C Dry 2  * -> Sample	SNR:P/C Sn5d*	
Northstar Productions	Drumscapes	KIT:P/C Kits 2 -> KIT:P/C Dry 2  * -> Sample	SNR:P/C Sn7 *	
Northstar Productions	Drumscapes	KIT:P/C Kits 2 -> KIT:P/C Dry 2  * -> Sample	SNR:P/C Stk2 *	
Northstar Productions	Drumscapes	KIT:P/C Kits 2 -> KIT:P/C Dry 2  * -> Sample	HAT:P/C PHH 1*	
Northstar Productions	Drumscapes	KIT:P/C Kits 2 -> KIT:P/C Dry 2  * -> Sample	HAT:P/C CHH 1*	
Northstar Productions	Drumscapes	KIT:P/C Kits 2 -> KIT:P/C Dry 2  * -> Sample	HAT:P/C CHH 3*	
Northstar Productions	Drumscapes	KIT:P/C Kits 2 -> KIT:P/C Dry 2  * -> Sample	HAT:P/C CHH 2*	
Northstar Productions	Drumscapes	KIT:P/C Kits 2 -> KIT:P/C Dry 2  * -> Sample	HAT:P/C LHH 2*	
Northstar Productions	Drumscapes	KIT:P/C Kits 2 -> KIT:P/C Dry 2  * -> Sample	HAT:P/C OHH 1*	
Northstar Productions	Drumscapes	KIT:P/C Kits 2 -> KIT:P/C Dry 2  * -> Sample	HAT:P/C LHH 3*	
Northstar Productions	Drumscapes	KIT:P/C Kits 2 -> KIT:P/C Dry 2  * -> Sample	CYM:P/C Ride1a *	
Northstar Productions	Drumscapes	KIT:P/C Kits 2 -> KIT:P/C Dry 2  * -> Sample	CYM:P/C Ride1b *	
Northstar Productions	Drumscapes	KIT:P/C Kits 2 -> KIT:P/C Dry 2  * -> Sample	CYM:P/C Crsh2  *	
Northstar Productions	Drumscapes	KIT:P/C Kits 2 -> KIT:P/C Dry 2  * -> Sample	CYM:P/C Crsh4  *	
Northstar Productions	Drumscapes	KIT:P/C Kits 2 -> KIT:P/C Dry 2  * -> Sample	TOM:P/C LoT3a*	
Northstar Productions	Drumscapes	KIT:P/C Kits 2 -> KIT:P/C Dry 2  * -> Sample	TOM:P/C LoT3c*	
Northstar Productions	Drumscapes	KIT:P/C Kits 2 -> KIT:P/C Dry 2  * -> Sample	TOM:P/C LMT3a*	
Northstar Productions	Drumscapes	KIT:P/C Kits 2 -> KIT:P/C Dry 2  * -> Sample	TOM:P/C LMT3c*	
Northstar Productions	Drumscapes	KIT:P/C Kits 2 -> KIT:P/C Dry 2  * -> Sample	TOM:P/C HMT3a*	
Northstar Productions	Drumscapes	KIT:P/C Kits 2 -> KIT:P/C Dry 2  * -> Sample	TOM:P/C HMT3c*	
Northstar Productions	Drumscapes	KIT:P/C Kits 2 -> KIT:P/C Dry 2  * -> Sample	TOM:P/C HiT3a*	
Northstar Productions	Drumscapes	KIT:P/C Kits 2 -> KIT:P/C Dry 2  * -> Sample	TOM:P/C HiT3c*	
Northstar Productions	Drumscapes	KIT:P/C Kits 2 -> KIT:P/C Dry 2  * -> Sample	TOM:P/C LMT3Fl *	
Northstar Productions	Drumscapes	KIT:P/C Kits 2 -> KIT:P/C Dry 2  * -> Sample	TOM:P/C HMT3Fl *	
Northstar Productions	Drumscapes	KIT:P/C Kits 2 -> KIT:P/C Dry 2  * -> Sample	TOM:P/C HiT3Fl *	
Northstar Productions	Drumscapes	BTS:Fast Rock -> BTS:Fast Rock  * -> Patch	BTS:Fast Rock  *	
Northstar Productions	Drumscapes	BTS:Fast Rock -> BTS:Fast Rock  * -> Patch	BTS:FastRockIF1*	
Northstar Productions	Drumscapes	BTS:Fast Rock -> BTS:Fast Rock  * -> Patch	BTS:FastRockIF2*	
Northstar Productions	Drumscapes	BTS:Fast Rock -> BTS:Fast Rock  * -> Patch	BTS:FastRockVL1*	
Northstar Productions	Drumscapes	BTS:Fast Rock -> BTS:Fast Rock  * -> Patch	BTS:FastRockVF1*	
Northstar Productions	Drumscapes	BTS:Fast Rock -> BTS:Fast Rock  * -> Patch	BTS:FastRockVF2*	
Northstar Productions	Drumscapes	BTS:Fast Rock -> BTS:Fast Rock  * -> Patch	BTS:FastRockCL1*	
Northstar Productions	Drumscapes	BTS:Fast Rock -> BTS:Fast Rock  * -> Patch	BTS:FastRockCF1*	
Northstar Productions	Drumscapes	BTS:Fast Rock -> BTS:Fast Rock  * -> Patch	BTS:FastRockCF2*	
Northstar Productions	Drumscapes	BTS:Fast Rock -> BTS:Fast Rock  * -> Patch	BTS:FastRockBL1*	
Northstar Productions	Drumscapes	BTS:Fast Rock -> BTS:Fast Rock  * -> Patch	BTS:FastRockBF1*	
Northstar Productions	Drumscapes	BTS:Fast Rock -> BTS:Fast Rock  * -> Patch	BTS:FastRockBL2*	
Northstar Productions	Drumscapes	BTS:Fast Rock -> BTS:Fast Rock  * -> Patch	BTS:FastRockBF2*	
Northstar Productions	Drumscapes	BTS:Fast Rock -> BTS:Fast Rock  * -> Patch	BTS:FastRockBF3*	
Northstar Productions	Drumscapes	BTS:Fast Rock -> BTS:Fast Rock  * -> Patch	BTS:FastRockBF4*	
Northstar Productions	Drumscapes	BTS:Fast Rock -> BTS:Fast Rock  * -> Sample	BTS:FstRckIF1*	
Northstar Productions	Drumscapes	BTS:Fast Rock -> BTS:Fast Rock  * -> Sample	BTS:FstRckIF2*	
Northstar Productions	Drumscapes	BTS:Fast Rock -> BTS:Fast Rock  * -> Sample	BTS:FstRckVL1*	
Northstar Productions	Drumscapes	BTS:Fast Rock -> BTS:Fast Rock  * -> Sample	BTS:FstRckVF1*	
Northstar Productions	Drumscapes	BTS:Fast Rock -> BTS:Fast Rock  * -> Sample	BTS:FstRckBL1*	
Northstar Productions	Drumscapes	BTS:Fast Rock -> BTS:Fast Rock  * -> Sample	BTS:FstRckVF2*	
Northstar Productions	Drumscapes	BTS:Fast Rock -> BTS:Fast Rock  * -> Sample	BTS:FstRckCL1*	
Northstar Productions	Drumscapes	BTS:Fast Rock -> BTS:Fast Rock  * -> Sample	BTS:FstRckBL2*	
Northstar Productions	Drumscapes	BTS:Fast Rock -> BTS:Fast Rock  * -> Sample	BTS:FstRckCF1*	
Northstar Productions	Drumscapes	BTS:Fast Rock -> BTS:Fast Rock  * -> Sample	BTS:FstRckCF2*	
Northstar Productions	Drumscapes	BTS:Fast Rock -> BTS:Fast Rock  * -> Sample	BTS:FstRckBF1*	
Northstar Productions	Drumscapes	BTS:Fast Rock -> BTS:Fast Rock  * -> Sample	BTS:FstRckBF2*	
Northstar Productions	Drumscapes	BTS:Fast Rock -> BTS:Fast Rock  * -> Sample	BTS:FstRckBF3*	
Northstar Productions	Drumscapes	BTS:Fast Rock -> BTS:Fast Rock  * -> Sample	BTS:FstRckBF4*	
Northstar Productions	Drumscapes	BTS:Medium Rock -> BTS:Med.Rock   * -> Patch	BTS:Med.Rock   *	
Northstar Productions	Drumscapes	BTS:Medium Rock -> BTS:Med.Rock   * -> Patch	BTS:Med.Rck IF1*	
Northstar Productions	Drumscapes	BTS:Medium Rock -> BTS:Med.Rock   * -> Patch	BTS:Med.Rck IF2*	
Northstar Productions	Drumscapes	BTS:Medium Rock -> BTS:Med.Rock   * -> Patch	BTS:Med.Rck IL1*	
Northstar Productions	Drumscapes	BTS:Medium Rock -> BTS:Med.Rock   * -> Patch	BTS:Med.Rck VL1*	
Northstar Productions	Drumscapes	BTS:Medium Rock -> BTS:Med.Rock   * -> Patch	BTS:Med.Rck CL1*	
Northstar Productions	Drumscapes	BTS:Medium Rock -> BTS:Med.Rock   * -> Patch	BTS:Med.Rck CF1*	
Northstar Productions	Drumscapes	BTS:Medium Rock -> BTS:Med.Rock   * -> Patch	BTS:Med.Rck CF2*	
Northstar Productions	Drumscapes	BTS:Medium Rock -> BTS:Med.Rock   * -> Patch	BTS:Med.Rck BL1*	
Northstar Productions	Drumscapes	BTS:Medium Rock -> BTS:Med.Rock   * -> Patch	BTS:Med.Rck BF1*	
Northstar Productions	Drumscapes	BTS:Medium Rock -> BTS:Med.Rock   * -> Patch	BTS:Med.Rck BL2*	
Northstar Productions	Drumscapes	BTS:Medium Rock -> BTS:Med.Rock   * -> Patch	BTS:Med.Rck BF2*	
Northstar Productions	Drumscapes	BTS:Medium Rock -> BTS:Med.Rock   * -> Patch	BTS:Med.Rck BF3*	
Northstar Productions	Drumscapes	BTS:Medium Rock -> BTS:Med.Rock   * -> Patch	BTS:Med.Rck BF4*	
Northstar Productions	Drumscapes	BTS:Medium Rock -> BTS:Med.Rock   * -> Sample	BTS:MedRckIF1*	
Northstar Productions	Drumscapes	BTS:Medium Rock -> BTS:Med.Rock   * -> Sample	BTS:MedRckIF2*	
Northstar Productions	Drumscapes	BTS:Medium Rock -> BTS:Med.Rock   * -> Sample	BTS:MedRckIL1*	
Northstar Productions	Drumscapes	BTS:Medium Rock -> BTS:Med.Rock   * -> Sample	BTS:MedRckVL1*	
Northstar Productions	Drumscapes	BTS:Medium Rock -> BTS:Med.Rock   * -> Sample	BTS:MedRckBL1*	
Northstar Productions	Drumscapes	BTS:Medium Rock -> BTS:Med.Rock   * -> Sample	BTS:MedRckCF1*	
Northstar Productions	Drumscapes	BTS:Medium Rock -> BTS:Med.Rock   * -> Sample	BTS:MedRckCL1*	
Northstar Productions	Drumscapes	BTS:Medium Rock -> BTS:Med.Rock   * -> Sample	BTS:MedRckBL2*	
Northstar Productions	Drumscapes	BTS:Medium Rock -> BTS:Med.Rock   * -> Sample	BTS:MedRckCF2*	
Northstar Productions	Drumscapes	BTS:Medium Rock -> BTS:Med.Rock   * -> Sample	BTS:MedRckBF2*	
Northstar Productions	Drumscapes	BTS:Medium Rock -> BTS:Med.Rock   * -> Sample	BTS:MedRckBF4*	
Northstar Productions	Drumscapes	BTS:Medium Rock -> BTS:Med.Rock   * -> Sample	BTS:MedRckBF1*	
Northstar Productions	Drumscapes	BTS:Medium Rock -> BTS:Med.Rock   * -> Sample	BTS:MedRckBF3*	
Northstar Productions	Drumscapes	BTS:Power Ballad -> BTS:Pwr Ballad * -> Patch	BTS:Power Bal  *	
Northstar Productions	Drumscapes	BTS:Power Ballad -> BTS:Pwr Ballad * -> Patch	BTS:Pwr Bal IF1*	
Northstar Productions	Drumscapes	BTS:Power Ballad -> BTS:Pwr Ballad * -> Patch	BTS:Pwr Bal IF2*	
Northstar Productions	Drumscapes	BTS:Power Ballad -> BTS:Pwr Ballad * -> Patch	BTS:Pwr Bal IL1*	
Northstar Productions	Drumscapes	BTS:Power Ballad -> BTS:Pwr Ballad * -> Patch	BTS:Pwr Bal VL1*	
Northstar Productions	Drumscapes	BTS:Power Ballad -> BTS:Pwr Ballad * -> Patch	BTS:Pwr Bal VF1*	
Northstar Productions	Drumscapes	BTS:Power Ballad -> BTS:Pwr Ballad * -> Patch	BTS:Pwr Bal CL1*	
Northstar Productions	Drumscapes	BTS:Power Ballad -> BTS:Pwr Ballad * -> Patch	BTS:Pwr Bal CF1*	
Northstar Productions	Drumscapes	BTS:Power Ballad -> BTS:Pwr Ballad * -> Patch	BTS:Pwr Bal CF2*	
Northstar Productions	Drumscapes	BTS:Power Ballad -> BTS:Pwr Ballad * -> Patch	BTS:Pwr Bal BL1*	
Northstar Productions	Drumscapes	BTS:Power Ballad -> BTS:Pwr Ballad * -> Patch	BTS:Pwr Bal BL2*	
Northstar Productions	Drumscapes	BTS:Power Ballad -> BTS:Pwr Ballad * -> Patch	BTS:Pwr Bal BF1*	
Northstar Productions	Drumscapes	BTS:Power Ballad -> BTS:Pwr Ballad * -> Patch	BTS:Pwr Bal BF2*	
Northstar Productions	Drumscapes	BTS:Power Ballad -> BTS:Pwr Ballad * -> Patch	BTS:Pwr Bal BF3*	
Northstar Productions	Drumscapes	BTS:Power Ballad -> BTS:Pwr Ballad * -> Patch	BTS:Pwr Bal BF4*	
Northstar Productions	Drumscapes	BTS:Power Ballad -> BTS:Pwr Ballad * -> Sample	BTS:PwrBalIF1*	
Northstar Productions	Drumscapes	BTS:Power Ballad -> BTS:Pwr Ballad * -> Sample	BTS:PwrBalIF2*	
Northstar Productions	Drumscapes	BTS:Power Ballad -> BTS:Pwr Ballad * -> Sample	BTS:PwrBalVL1*	
Northstar Productions	Drumscapes	BTS:Power Ballad -> BTS:Pwr Ballad * -> Sample	BTS:PwrBalVF1*	
Northstar Productions	Drumscapes	BTS:Power Ballad -> BTS:Pwr Ballad * -> Sample	BTS:PwrBalIL1*	
Northstar Productions	Drumscapes	BTS:Power Ballad -> BTS:Pwr Ballad * -> Sample	BTS:PwrBalCF1*	
Northstar Productions	Drumscapes	BTS:Power Ballad -> BTS:Pwr Ballad * -> Sample	BTS:PwrBalBL1*	
Northstar Productions	Drumscapes	BTS:Power Ballad -> BTS:Pwr Ballad * -> Sample	BTS:PwrBalBL2*	
Northstar Productions	Drumscapes	BTS:Power Ballad -> BTS:Pwr Ballad * -> Sample	BTS:PwrBalCF2*	
Northstar Productions	Drumscapes	BTS:Power Ballad -> BTS:Pwr Ballad * -> Sample	BTS:PwrBalCL1*	
Northstar Productions	Drumscapes	BTS:Power Ballad -> BTS:Pwr Ballad * -> Sample	BTS:PwrBalBF1*	
Northstar Productions	Drumscapes	BTS:Power Ballad -> BTS:Pwr Ballad * -> Sample	BTS:PwrBalBF3*	
Northstar Productions	Drumscapes	BTS:Power Ballad -> BTS:Pwr Ballad * -> Sample	BTS:PwrBalBF2*	
Northstar Productions	Drumscapes	BTS:Power Ballad -> BTS:Pwr Ballad * -> Sample	BTS:PwrBalBF4*	
Northstar Productions	Drumscapes	BTS:Fast Shuffle -> BTS:Fast Shuff * -> Patch	BTS:Fast Shuff *	
Northstar Productions	Drumscapes	BTS:Fast Shuffle -> BTS:Fast Shuff * -> Patch	BTS:FastShffIF1*	
Northstar Productions	Drumscapes	BTS:Fast Shuffle -> BTS:Fast Shuff * -> Patch	BTS:FastShffIL1*	
Northstar Productions	Drumscapes	BTS:Fast Shuffle -> BTS:Fast Shuff * -> Patch	BTS:FastShffVL1*	
Northstar Productions	Drumscapes	BTS:Fast Shuffle -> BTS:Fast Shuff * -> Patch	BTS:FastShffVF1*	
Northstar Productions	Drumscapes	BTS:Fast Shuffle -> BTS:Fast Shuff * -> Patch	BTS:FastShffVF2*	
Northstar Productions	Drumscapes	BTS:Fast Shuffle -> BTS:Fast Shuff * -> Patch	BTS:FastShffCL1*	
Northstar Productions	Drumscapes	BTS:Fast Shuffle -> BTS:Fast Shuff * -> Patch	BTS:FastShffCF1*	
Northstar Productions	Drumscapes	BTS:Fast Shuffle -> BTS:Fast Shuff * -> Patch	BTS:FastShffCF2*	
Northstar Productions	Drumscapes	BTS:Fast Shuffle -> BTS:Fast Shuff * -> Patch	BTS:FastShffCF3*	
Northstar Productions	Drumscapes	BTS:Fast Shuffle -> BTS:Fast Shuff * -> Patch	BTS:FastShffBL1*	
Northstar Productions	Drumscapes	BTS:Fast Shuffle -> BTS:Fast Shuff * -> Patch	BTS:FastShffBL2*	
Northstar Productions	Drumscapes	BTS:Fast Shuffle -> BTS:Fast Shuff * -> Patch	BTS:FastShffBF1*	
Northstar Productions	Drumscapes	BTS:Fast Shuffle -> BTS:Fast Shuff * -> Patch	BTS:FastShffBF2*	
Northstar Productions	Drumscapes	BTS:Fast Shuffle -> BTS:Fast Shuff * -> Patch	BTS:FastShffBF3*	
Northstar Productions	Drumscapes	BTS:Fast Shuffle -> BTS:Fast Shuff * -> Sample	BTS:FstShfIF1*	
Northstar Productions	Drumscapes	BTS:Fast Shuffle -> BTS:Fast Shuff * -> Sample	BTS:FstShfIL1*	
Northstar Productions	Drumscapes	BTS:Fast Shuffle -> BTS:Fast Shuff * -> Sample	BTS:FstShfVL1*	
Northstar Productions	Drumscapes	BTS:Fast Shuffle -> BTS:Fast Shuff * -> Sample	BTS:FstShfVF1*	
Northstar Productions	Drumscapes	BTS:Fast Shuffle -> BTS:Fast Shuff * -> Sample	BTS:FstShfBL1*	
Northstar Productions	Drumscapes	BTS:Fast Shuffle -> BTS:Fast Shuff * -> Sample	BTS:FstShfVF2*	
Northstar Productions	Drumscapes	BTS:Fast Shuffle -> BTS:Fast Shuff * -> Sample	BTS:FstShfBL2*	
Northstar Productions	Drumscapes	BTS:Fast Shuffle -> BTS:Fast Shuff * -> Sample	BTS:FstShfCL1*	
Northstar Productions	Drumscapes	BTS:Fast Shuffle -> BTS:Fast Shuff * -> Sample	BTS:FstShfCF1*	
Northstar Productions	Drumscapes	BTS:Fast Shuffle -> BTS:Fast Shuff * -> Sample	BTS:FstShfCF2*	
Northstar Productions	Drumscapes	BTS:Fast Shuffle -> BTS:Fast Shuff * -> Sample	BTS:FstShfCF3*	
Northstar Productions	Drumscapes	BTS:Fast Shuffle -> BTS:Fast Shuff * -> Sample	BTS:FstShfBF1*	
Northstar Productions	Drumscapes	BTS:Fast Shuffle -> BTS:Fast Shuff * -> Sample	BTS:FstShfBF2*	
Northstar Productions	Drumscapes	BTS:Fast Shuffle -> BTS:Fast Shuff * -> Sample	BTS:FstShfBF3*	
Northstar Productions	Drumscapes	BTS:Slow Shuffle -> BTS:Slow Shuff * -> Patch	BTS:Slow Shuff *	
Northstar Productions	Drumscapes	BTS:Slow Shuffle -> BTS:Slow Shuff * -> Patch	BTS:Slw Shf IF1*	
Northstar Productions	Drumscapes	BTS:Slow Shuffle -> BTS:Slow Shuff * -> Patch	BTS:Slw Shf IF2*	
Northstar Productions	Drumscapes	BTS:Slow Shuffle -> BTS:Slow Shuff * -> Patch	BTS:Slw Shf IF3*	
Northstar Productions	Drumscapes	BTS:Slow Shuffle -> BTS:Slow Shuff * -> Patch	BTS:Slw Shf VL1*	
Northstar Productions	Drumscapes	BTS:Slow Shuffle -> BTS:Slow Shuff * -> Patch	BTS:Slw Shf VF1*	
Northstar Productions	Drumscapes	BTS:Slow Shuffle -> BTS:Slow Shuff * -> Patch	BTS:Slw Shf VF2*	
Northstar Productions	Drumscapes	BTS:Slow Shuffle -> BTS:Slow Shuff * -> Patch	BTS:Slw Shf CL1*	
Northstar Productions	Drumscapes	BTS:Slow Shuffle -> BTS:Slow Shuff * -> Patch	BTS:Slw Shf CF1*	
Northstar Productions	Drumscapes	BTS:Slow Shuffle -> BTS:Slow Shuff * -> Patch	BTS:Slw Shf CF2*	
Northstar Productions	Drumscapes	BTS:Slow Shuffle -> BTS:Slow Shuff * -> Patch	BTS:Slw Shf BL1*	
Northstar Productions	Drumscapes	BTS:Slow Shuffle -> BTS:Slow Shuff * -> Patch	BTS:Slw Shf BF1*	
Northstar Productions	Drumscapes	BTS:Slow Shuffle -> BTS:Slow Shuff * -> Patch	BTS:Slw Shf BL2*	
Northstar Productions	Drumscapes	BTS:Slow Shuffle -> BTS:Slow Shuff * -> Patch	BTS:Slw Shf BF2*	
Northstar Productions	Drumscapes	BTS:Slow Shuffle -> BTS:Slow Shuff * -> Patch	BTS:Slw Shf BF3*	
Northstar Productions	Drumscapes	BTS:Slow Shuffle -> BTS:Slow Shuff * -> Patch	BTS:Slw Shf BF4*	
Northstar Productions	Drumscapes	BTS:Slow Shuffle -> BTS:Slow Shuff * -> Patch	BTS:Slw Shf BF5*	
Northstar Productions	Drumscapes	BTS:Slow Shuffle -> BTS:Slow Shuff * -> Sample	BTS:SlwShfIF1*	
Northstar Productions	Drumscapes	BTS:Slow Shuffle -> BTS:Slow Shuff * -> Sample	BTS:SlwShfIF2*	
Northstar Productions	Drumscapes	BTS:Slow Shuffle -> BTS:Slow Shuff * -> Sample	BTS:SlwShfIF3*	
Northstar Productions	Drumscapes	BTS:Slow Shuffle -> BTS:Slow Shuff * -> Sample	BTS:SlwShfVL1*	
Northstar Productions	Drumscapes	BTS:Slow Shuffle -> BTS:Slow Shuff * -> Sample	BTS:SlwShfVF1*	
Northstar Productions	Drumscapes	BTS:Slow Shuffle -> BTS:Slow Shuff * -> Sample	BTS:SlwShfBL1*	
Northstar Productions	Drumscapes	BTS:Slow Shuffle -> BTS:Slow Shuff * -> Sample	BTS:SlwShfVF2*	
Northstar Productions	Drumscapes	BTS:Slow Shuffle -> BTS:Slow Shuff * -> Sample	BTS:SlwShfBL2*	
Northstar Productions	Drumscapes	BTS:Slow Shuffle -> BTS:Slow Shuff * -> Sample	BTS:SlwShfCL1*	
Northstar Productions	Drumscapes	BTS:Slow Shuffle -> BTS:Slow Shuff * -> Sample	BTS:SlwShfCF1*	
Northstar Productions	Drumscapes	BTS:Slow Shuffle -> BTS:Slow Shuff * -> Sample	BTS:SlwShfCF2*	
Northstar Productions	Drumscapes	BTS:Slow Shuffle -> BTS:Slow Shuff * -> Sample	BTS:SlwShfBF1*	
Northstar Productions	Drumscapes	BTS:Slow Shuffle -> BTS:Slow Shuff * -> Sample	BTS:SlwShfBF3*	
Northstar Productions	Drumscapes	BTS:Slow Shuffle -> BTS:Slow Shuff * -> Sample	BTS:SlwShfBF2*	
Northstar Productions	Drumscapes	BTS:Slow Shuffle -> BTS:Slow Shuff * -> Sample	BTS:SlwShfBF4*	
Northstar Productions	Drumscapes	BTS:Slow Shuffle -> BTS:Slow Shuff * -> Sample	BTS:SlwShfBF5*	
Northstar Productions	Drumscapes	BTS:Fast Tekno -> BTS:Tek Rock   * -> Patch	BTS:Tek Rock   *	
Northstar Productions	Drumscapes	BTS:Fast Tekno -> BTS:Tek Rock   * -> Patch	BTS:TekRock IF1*	
Northstar Productions	Drumscapes	BTS:Fast Tekno -> BTS:Tek Rock   * -> Patch	BTS:TekRock IF2*	
Northstar Productions	Drumscapes	BTS:Fast Tekno -> BTS:Tek Rock   * -> Patch	BTS:TekRock IF3*	
Northstar Productions	Drumscapes	BTS:Fast Tekno -> BTS:Tek Rock   * -> Patch	BTS:TekRock IL1*	
Northstar Productions	Drumscapes	BTS:Fast Tekno -> BTS:Tek Rock   * -> Patch	BTS:TekRock VL1*	
Northstar Productions	Drumscapes	BTS:Fast Tekno -> BTS:Tek Rock   * -> Patch	BTS:TekRock VF1*	
Northstar Productions	Drumscapes	BTS:Fast Tekno -> BTS:Tek Rock   * -> Patch	BTS:TekRock VF2*	
Northstar Productions	Drumscapes	BTS:Fast Tekno -> BTS:Tek Rock   * -> Patch	BTS:TekRock CL1*	
Northstar Productions	Drumscapes	BTS:Fast Tekno -> BTS:Tek Rock   * -> Patch	BTS:TekRock CF1*	
Northstar Productions	Drumscapes	BTS:Fast Tekno -> BTS:Tek Rock   * -> Patch	BTS:TekRock CF2*	
Northstar Productions	Drumscapes	BTS:Fast Tekno -> BTS:Tek Rock   * -> Patch	BTS:TekRock BL1*	
Northstar Productions	Drumscapes	BTS:Fast Tekno -> BTS:Tek Rock   * -> Patch	BTS:TekRock BF1*	
Northstar Productions	Drumscapes	BTS:Fast Tekno -> BTS:Tek Rock   * -> Patch	BTS:TekRock BL2*	
Northstar Productions	Drumscapes	BTS:Fast Tekno -> BTS:Tek Rock   * -> Patch	BTS:TekRock BF2*	
Northstar Productions	Drumscapes	BTS:Fast Tekno -> BTS:Tek Rock   * -> Patch	BTS:TekRock BF3*	
Northstar Productions	Drumscapes	BTS:Fast Tekno -> BTS:Tek Rock   * -> Patch	BTS:TekRock BF4*	
Northstar Productions	Drumscapes	BTS:Fast Tekno -> BTS:Tek Rock   * -> Sample	BTS:TekRckIF2*	
Northstar Productions	Drumscapes	BTS:Fast Tekno -> BTS:Tek Rock   * -> Sample	BTS:TekRckIF1*	
Northstar Productions	Drumscapes	BTS:Fast Tekno -> BTS:Tek Rock   * -> Sample	BTS:TekRckIF3*	
Northstar Productions	Drumscapes	BTS:Fast Tekno -> BTS:Tek Rock   * -> Sample	BTS:TekRckVL1*	
Northstar Productions	Drumscapes	BTS:Fast Tekno -> BTS:Tek Rock   * -> Sample	BTS:TekRckVF1*	
Northstar Productions	Drumscapes	BTS:Fast Tekno -> BTS:Tek Rock   * -> Sample	BTS:TekRckBL2*	
Northstar Productions	Drumscapes	BTS:Fast Tekno -> BTS:Tek Rock   * -> Sample	BTS:TekRckVF2*	
Northstar Productions	Drumscapes	BTS:Fast Tekno -> BTS:Tek Rock   * -> Sample	BTS:TekRckIL1*	
Northstar Productions	Drumscapes	BTS:Fast Tekno -> BTS:Tek Rock   * -> Sample	BTS:TekRckCL1*	
Northstar Productions	Drumscapes	BTS:Fast Tekno -> BTS:Tek Rock   * -> Sample	BTS:TekRckCF1*	
Northstar Productions	Drumscapes	BTS:Fast Tekno -> BTS:Tek Rock   * -> Sample	BTS:TekRckBL1*	
Northstar Productions	Drumscapes	BTS:Fast Tekno -> BTS:Tek Rock   * -> Sample	BTS:TekRckCF2*	
Northstar Productions	Drumscapes	BTS:Fast Tekno -> BTS:Tek Rock   * -> Sample	BTS:TekRckBF2*	
Northstar Productions	Drumscapes	BTS:Fast Tekno -> BTS:Tek Rock   * -> Sample	BTS:TekRckBF4*	
Northstar Productions	Drumscapes	BTS:Fast Tekno -> BTS:Tek Rock   * -> Sample	BTS:TekRckBF1*	
Northstar Productions	Drumscapes	BTS:Fast Tekno -> BTS:Tek Rock   * -> Sample	BTS:TekRckBF3*	
Northstar Productions	Drumscapes	BTS:Medium Tekno -> BTS:Med.Techno * -> Patch	BTS:Med.Tek    *	
Northstar Productions	Drumscapes	BTS:Medium Tekno -> BTS:Med.Techno * -> Patch	BTS:Med.Tek IF1*	
Northstar Productions	Drumscapes	BTS:Medium Tekno -> BTS:Med.Techno * -> Patch	BTS:Med.Tek IF2*	
Northstar Productions	Drumscapes	BTS:Medium Tekno -> BTS:Med.Techno * -> Patch	BTS:Med.Tek IF3*	
Northstar Productions	Drumscapes	BTS:Medium Tekno -> BTS:Med.Techno * -> Patch	BTS:Med.Tek IL1*	
Northstar Productions	Drumscapes	BTS:Medium Tekno -> BTS:Med.Techno * -> Patch	BTS:Med.Tek VL1*	
Northstar Productions	Drumscapes	BTS:Medium Tekno -> BTS:Med.Techno * -> Patch	BTS:Med.Tek VF1*	
Northstar Productions	Drumscapes	BTS:Medium Tekno -> BTS:Med.Techno * -> Patch	BTS:Med.Tek VF2*	
Northstar Productions	Drumscapes	BTS:Medium Tekno -> BTS:Med.Techno * -> Patch	BTS:Med.Tek CL1*	
Northstar Productions	Drumscapes	BTS:Medium Tekno -> BTS:Med.Techno * -> Patch	BTS:Med.Tek CF1*	
Northstar Productions	Drumscapes	BTS:Medium Tekno -> BTS:Med.Techno * -> Patch	BTS:Med.Tek CF2*	
Northstar Productions	Drumscapes	BTS:Medium Tekno -> BTS:Med.Techno * -> Patch	BTS:Med.Tek BL1*	
Northstar Productions	Drumscapes	BTS:Medium Tekno -> BTS:Med.Techno * -> Patch	BTS:Med.Tek BL2*	
Northstar Productions	Drumscapes	BTS:Medium Tekno -> BTS:Med.Techno * -> Patch	BTS:Med.Tek BF1*	
Northstar Productions	Drumscapes	BTS:Medium Tekno -> BTS:Med.Techno * -> Patch	BTS:Med.Tek BF2*	
Northstar Productions	Drumscapes	BTS:Medium Tekno -> BTS:Med.Techno * -> Patch	BTS:Med.Tek BF3*	
Northstar Productions	Drumscapes	BTS:Medium Tekno -> BTS:Med.Techno * -> Patch	BTS:Med.Tek BF4*	
Northstar Productions	Drumscapes	BTS:Medium Tekno -> BTS:Med.Techno * -> Sample	BTS:MedTekIF1*	
Northstar Productions	Drumscapes	BTS:Medium Tekno -> BTS:Med.Techno * -> Sample	BTS:MedTekIF2*	
Northstar Productions	Drumscapes	BTS:Medium Tekno -> BTS:Med.Techno * -> Sample	BTS:MedTekIF3*	
Northstar Productions	Drumscapes	BTS:Medium Tekno -> BTS:Med.Techno * -> Sample	BTS:MedTekIL1*	
Northstar Productions	Drumscapes	BTS:Medium Tekno -> BTS:Med.Techno * -> Sample	BTS:MedTekVL1*	
Northstar Productions	Drumscapes	BTS:Medium Tekno -> BTS:Med.Techno * -> Sample	BTS:MedTekVF1*	
Northstar Productions	Drumscapes	BTS:Medium Tekno -> BTS:Med.Techno * -> Sample	BTS:MedTekBL2*	
Northstar Productions	Drumscapes	BTS:Medium Tekno -> BTS:Med.Techno * -> Sample	BTS:MedTekVF2*	
Northstar Productions	Drumscapes	BTS:Medium Tekno -> BTS:Med.Techno * -> Sample	BTS:MedTekCL1*	
Northstar Productions	Drumscapes	BTS:Medium Tekno -> BTS:Med.Techno * -> Sample	BTS:MedTekBL1*	
Northstar Productions	Drumscapes	BTS:Medium Tekno -> BTS:Med.Techno * -> Sample	BTS:MedTekCF1*	
Northstar Productions	Drumscapes	BTS:Medium Tekno -> BTS:Med.Techno * -> Sample	BTS:MedTekCF2*	
Northstar Productions	Drumscapes	BTS:Medium Tekno -> BTS:Med.Techno * -> Sample	BTS:MedTekBF1*	
Northstar Productions	Drumscapes	BTS:Medium Tekno -> BTS:Med.Techno * -> Sample	BTS:MedTekBF3*	
Northstar Productions	Drumscapes	BTS:Medium Tekno -> BTS:Med.Techno * -> Sample	BTS:MedTekBF2*	
Northstar Productions	Drumscapes	BTS:Medium Tekno -> BTS:Med.Techno * -> Sample	BTS:MedTekBF4*	
Northstar Productions	Drumscapes	BTS:R&B Groove -> BTS:R&B        * -> Patch	BTS:R&B     *	
Northstar Productions	Drumscapes	BTS:R&B Groove -> BTS:R&B        * -> Patch	BTS:R&B  IF1*	
Northstar Productions	Drumscapes	BTS:R&B Groove -> BTS:R&B        * -> Patch	BTS:R&B  IF2*	
Northstar Productions	Drumscapes	BTS:R&B Groove -> BTS:R&B        * -> Patch	BTS:R&B  IF3*	
Northstar Productions	Drumscapes	BTS:R&B Groove -> BTS:R&B        * -> Patch	BTS:R&B  IL1*	
Northstar Productions	Drumscapes	BTS:R&B Groove -> BTS:R&B        * -> Patch	BTS:R&B  VL1*	
Northstar Productions	Drumscapes	BTS:R&B Groove -> BTS:R&B        * -> Patch	BTS:R&B  CL1*	
Northstar Productions	Drumscapes	BTS:R&B Groove -> BTS:R&B        * -> Patch	BTS:R&B  CF1*	
Northstar Productions	Drumscapes	BTS:R&B Groove -> BTS:R&B        * -> Patch	BTS:R&B  CL2*	
Northstar Productions	Drumscapes	BTS:R&B Groove -> BTS:R&B        * -> Patch	BTS:R&B  CF2*	
Northstar Productions	Drumscapes	BTS:R&B Groove -> BTS:R&B        * -> Patch	BTS:R&B  CF3*	
Northstar Productions	Drumscapes	BTS:R&B Groove -> BTS:R&B        * -> Patch	BTS:R&B  CF4*	
Northstar Productions	Drumscapes	BTS:R&B Groove -> BTS:R&B        * -> Patch	BTS:R&B  BL1*	
Northstar Productions	Drumscapes	BTS:R&B Groove -> BTS:R&B        * -> Patch	BTS:R&B  BL2*	
Northstar Productions	Drumscapes	BTS:R&B Groove -> BTS:R&B        * -> Patch	BTS:R&B  BF1*	
Northstar Productions	Drumscapes	BTS:R&B Groove -> BTS:R&B        * -> Patch	BTS:R&B  BF2*	
Northstar Productions	Drumscapes	BTS:R&B Groove -> BTS:R&B        * -> Patch	BTS:R&B  BF3*	
Northstar Productions	Drumscapes	BTS:R&B Groove -> BTS:R&B        * -> Patch	BTS:R&B  BF4*	
Northstar Productions	Drumscapes	BTS:R&B Groove -> BTS:R&B        * -> Sample	BTS:R&B  IF1*	
Northstar Productions	Drumscapes	BTS:R&B Groove -> BTS:R&B        * -> Sample	BTS:R&B  IF2*	
Northstar Productions	Drumscapes	BTS:R&B Groove -> BTS:R&B        * -> Sample	BTS:R&B  IF3*	
Northstar Productions	Drumscapes	BTS:R&B Groove -> BTS:R&B        * -> Sample	BTS:R&B  IL1*	
Northstar Productions	Drumscapes	BTS:R&B Groove -> BTS:R&B        * -> Sample	BTS:R&B  VL1*	
Northstar Productions	Drumscapes	BTS:R&B Groove -> BTS:R&B        * -> Sample	BTS:R&B  CF1*	
Northstar Productions	Drumscapes	BTS:R&B Groove -> BTS:R&B        * -> Sample	BTS:R&B  BL1*	
Northstar Productions	Drumscapes	BTS:R&B Groove -> BTS:R&B        * -> Sample	BTS:R&B  CL1*	
Northstar Productions	Drumscapes	BTS:R&B Groove -> BTS:R&B        * -> Sample	BTS:R&B  CF3*	
Northstar Productions	Drumscapes	BTS:R&B Groove -> BTS:R&B        * -> Sample	BTS:R&B  CL2*	
Northstar Productions	Drumscapes	BTS:R&B Groove -> BTS:R&B        * -> Sample	BTS:R&B  CF2*	
Northstar Productions	Drumscapes	BTS:R&B Groove -> BTS:R&B        * -> Sample	BTS:R&B  BL2*	
Northstar Productions	Drumscapes	BTS:R&B Groove -> BTS:R&B        * -> Sample	BTS:R&B  CF4*	
Northstar Productions	Drumscapes	BTS:R&B Groove -> BTS:R&B        * -> Sample	BTS:R&B  BF1*	
Northstar Productions	Drumscapes	BTS:R&B Groove -> BTS:R&B        * -> Sample	BTS:R&B  BF3*	
Northstar Productions	Drumscapes	BTS:R&B Groove -> BTS:R&B        * -> Sample	BTS:R&B  BF2*	
Northstar Productions	Drumscapes	BTS:R&B Groove -> BTS:R&B        * -> Sample	BTS:R&B  BF4*	
Northstar Productions	Drumscapes	BTS:Hip Hop -> BTS:Hip Hop    * -> Patch	BTS:Hip Hop    *	
Northstar Productions	Drumscapes	BTS:Hip Hop -> BTS:Hip Hop    * -> Patch	BTS:Hip Hop IF1*	
Northstar Productions	Drumscapes	BTS:Hip Hop -> BTS:Hip Hop    * -> Patch	BTS:Hip Hop IF2*	
Northstar Productions	Drumscapes	BTS:Hip Hop -> BTS:Hip Hop    * -> Patch	BTS:Hip Hop IF3*	
Northstar Productions	Drumscapes	BTS:Hip Hop -> BTS:Hip Hop    * -> Patch	BTS:Hip Hop IL1*	
Northstar Productions	Drumscapes	BTS:Hip Hop -> BTS:Hip Hop    * -> Patch	BTS:Hip Hop VL1*	
Northstar Productions	Drumscapes	BTS:Hip Hop -> BTS:Hip Hop    * -> Patch	BTS:Hip Hop VF1*	
Northstar Productions	Drumscapes	BTS:Hip Hop -> BTS:Hip Hop    * -> Patch	BTS:Hip Hop VF2*	
Northstar Productions	Drumscapes	BTS:Hip Hop -> BTS:Hip Hop    * -> Patch	BTS:Hip Hop CL1*	
Northstar Productions	Drumscapes	BTS:Hip Hop -> BTS:Hip Hop    * -> Patch	BTS:Hip Hop CF1*	
Northstar Productions	Drumscapes	BTS:Hip Hop -> BTS:Hip Hop    * -> Patch	BTS:Hip Hop CF2*	
Northstar Productions	Drumscapes	BTS:Hip Hop -> BTS:Hip Hop    * -> Patch	BTS:Hip Hop BL1*	
Northstar Productions	Drumscapes	BTS:Hip Hop -> BTS:Hip Hop    * -> Patch	BTS:Hip Hop BF1*	
Northstar Productions	Drumscapes	BTS:Hip Hop -> BTS:Hip Hop    * -> Patch	BTS:Hip Hop BL2*	
Northstar Productions	Drumscapes	BTS:Hip Hop -> BTS:Hip Hop    * -> Patch	BTS:Hip Hop BF2*	
Northstar Productions	Drumscapes	BTS:Hip Hop -> BTS:Hip Hop    * -> Patch	BTS:Hip Hop BF3*	
Northstar Productions	Drumscapes	BTS:Hip Hop -> BTS:Hip Hop    * -> Patch	BTS:Hip Hop BF4*	
Northstar Productions	Drumscapes	BTS:Hip Hop -> BTS:Hip Hop    * -> Sample	BTS:HipHopIF1*	
Northstar Productions	Drumscapes	BTS:Hip Hop -> BTS:Hip Hop    * -> Sample	BTS:HipHopIF2*	
Northstar Productions	Drumscapes	BTS:Hip Hop -> BTS:Hip Hop    * -> Sample	BTS:HipHopIF3*	
Northstar Productions	Drumscapes	BTS:Hip Hop -> BTS:Hip Hop    * -> Sample	BTS:HipHopVL1*	
Northstar Productions	Drumscapes	BTS:Hip Hop -> BTS:Hip Hop    * -> Sample	BTS:HipHopVF1*	
Northstar Productions	Drumscapes	BTS:Hip Hop -> BTS:Hip Hop    * -> Sample	BTS:HipHopIL1*	
Northstar Productions	Drumscapes	BTS:Hip Hop -> BTS:Hip Hop    * -> Sample	BTS:HipHopVF2*	
Northstar Productions	Drumscapes	BTS:Hip Hop -> BTS:Hip Hop    * -> Sample	BTS:HipHopBL1*	
Northstar Productions	Drumscapes	BTS:Hip Hop -> BTS:Hip Hop    * -> Sample	BTS:HipHopBL2*	
Northstar Productions	Drumscapes	BTS:Hip Hop -> BTS:Hip Hop    * -> Sample	BTS:HipHopBF6*	
Northstar Productions	Drumscapes	BTS:Hip Hop -> BTS:Hip Hop    * -> Sample	BTS:HipHopCL1*	
Northstar Productions	Drumscapes	BTS:Hip Hop -> BTS:Hip Hop    * -> Sample	BTS:HipHopCF1*	
Northstar Productions	Drumscapes	BTS:Hip Hop -> BTS:Hip Hop    * -> Sample	BTS:HipHopCF2*	
Northstar Productions	Drumscapes	BTS:Hip Hop -> BTS:Hip Hop    * -> Sample	BTS:HipHopBF1*	
Northstar Productions	Drumscapes	BTS:Hip Hop -> BTS:Hip Hop    * -> Sample	BTS:HipHopBF5*	
Northstar Productions	Drumscapes	BTS:Hip Hop -> BTS:Hip Hop    * -> Sample	BTS:HipHopBF3*	
Northstar Productions	Drumscapes	BTS:Hip Hop -> BTS:Hip Hop    * -> Sample	BTS:HipHopBF2*	
Northstar Productions	Drumscapes	BTS:Hip Hop -> BTS:Hip Hop    * -> Sample	BTS:HipHopBF4*	
Northstar Productions	Drumscapes	BTS:Uptempo Funk -> BTS:Funk       * -> Patch	BTS:Funk       *	
Northstar Productions	Drumscapes	BTS:Uptempo Funk -> BTS:Funk       * -> Patch	BTS:Funk    IF1*	
Northstar Productions	Drumscapes	BTS:Uptempo Funk -> BTS:Funk       * -> Patch	BTS:Funk    L1 *	
Northstar Productions	Drumscapes	BTS:Uptempo Funk -> BTS:Funk       * -> Patch	BTS:Funk    L2 *	
Northstar Productions	Drumscapes	BTS:Uptempo Funk -> BTS:Funk       * -> Patch	BTS:Funk    L3 *	
Northstar Productions	Drumscapes	BTS:Uptempo Funk -> BTS:Funk       * -> Patch	BTS:Funk    L4 *	
Northstar Productions	Drumscapes	BTS:Uptempo Funk -> BTS:Funk       * -> Patch	BTS:Funk    F1 *	
Northstar Productions	Drumscapes	BTS:Uptempo Funk -> BTS:Funk       * -> Patch	BTS:Funk    F2 *	
Northstar Productions	Drumscapes	BTS:Uptempo Funk -> BTS:Funk       * -> Patch	BTS:Funk    F3 *	
Northstar Productions	Drumscapes	BTS:Uptempo Funk -> BTS:Funk       * -> Patch	BTS:Funk    F4 *	
Northstar Productions	Drumscapes	BTS:Uptempo Funk -> BTS:Funk       * -> Patch	BTS:Funk    F5 *	
Northstar Productions	Drumscapes	BTS:Uptempo Funk -> BTS:Funk       * -> Patch	BTS:Funk    F6 *	
Northstar Productions	Drumscapes	BTS:Uptempo Funk -> BTS:Funk       * -> Patch	BTS:Funk    F7 *	
Northstar Productions	Drumscapes	BTS:Uptempo Funk -> BTS:Funk       * -> Patch	BTS:Funk    F8 *	
Northstar Productions	Drumscapes	BTS:Uptempo Funk -> BTS:Funk       * -> Sample	BTS:Funk  IF1*	
Northstar Productions	Drumscapes	BTS:Uptempo Funk -> BTS:Funk       * -> Sample	BTS:Funk  L1 *	
Northstar Productions	Drumscapes	BTS:Uptempo Funk -> BTS:Funk       * -> Sample	BTS:Funk  F1 *	
Northstar Productions	Drumscapes	BTS:Uptempo Funk -> BTS:Funk       * -> Sample	BTS:Funk  L2 *	
Northstar Productions	Drumscapes	BTS:Uptempo Funk -> BTS:Funk       * -> Sample	BTS:Funk  F5 *	
Northstar Productions	Drumscapes	BTS:Uptempo Funk -> BTS:Funk       * -> Sample	BTS:Funk  L3 *	
Northstar Productions	Drumscapes	BTS:Uptempo Funk -> BTS:Funk       * -> Sample	BTS:Funk  L4 *	
Northstar Productions	Drumscapes	BTS:Uptempo Funk -> BTS:Funk       * -> Sample	BTS:Funk  F2 *	
Northstar Productions	Drumscapes	BTS:Uptempo Funk -> BTS:Funk       * -> Sample	BTS:Funk  F6 *	
Northstar Productions	Drumscapes	BTS:Uptempo Funk -> BTS:Funk       * -> Sample	BTS:Funk  F3 *	
Northstar Productions	Drumscapes	BTS:Uptempo Funk -> BTS:Funk       * -> Sample	BTS:Funk  F7 *	
Northstar Productions	Drumscapes	BTS:Uptempo Funk -> BTS:Funk       * -> Sample	BTS:Funk  F4 *	
Northstar Productions	Drumscapes	BTS:Uptempo Funk -> BTS:Funk       * -> Sample	BTS:Funk  F8 *	
Northstar Productions	Drumscapes	BTS:Slow Motown -> BTS:Motown     * -> Patch	BTS:Motown     *	
Northstar Productions	Drumscapes	BTS:Slow Motown -> BTS:Motown     * -> Patch	BTS:MoTown   L1*	
Northstar Productions	Drumscapes	BTS:Slow Motown -> BTS:Motown     * -> Patch	BTS:MoTown   L2*	
Northstar Productions	Drumscapes	BTS:Slow Motown -> BTS:Motown     * -> Patch	BTS:MoTown   L3*	
Northstar Productions	Drumscapes	BTS:Slow Motown -> BTS:Motown     * -> Patch	BTS:MoTown   L4*	
Northstar Productions	Drumscapes	BTS:Slow Motown -> BTS:Motown     * -> Patch	BTS:MoTown   L5*	
Northstar Productions	Drumscapes	BTS:Slow Motown -> BTS:Motown     * -> Patch	BTS:MoTown   F1*	
Northstar Productions	Drumscapes	BTS:Slow Motown -> BTS:Motown     * -> Patch	BTS:MoTown   F2*	
Northstar Productions	Drumscapes	BTS:Slow Motown -> BTS:Motown     * -> Patch	BTS:MoTown   F3*	
Northstar Productions	Drumscapes	BTS:Slow Motown -> BTS:Motown     * -> Patch	BTS:MoTown   F4*	
Northstar Productions	Drumscapes	BTS:Slow Motown -> BTS:Motown     * -> Patch	BTS:MoTown   F5*	
Northstar Productions	Drumscapes	BTS:Slow Motown -> BTS:Motown     * -> Patch	BTS:MoTown   F6*	
Northstar Productions	Drumscapes	BTS:Slow Motown -> BTS:Motown     * -> Patch	BTS:MoTown   F7*	
Northstar Productions	Drumscapes	BTS:Slow Motown -> BTS:Motown     * -> Patch	BTS:MoTown   F8*	
Northstar Productions	Drumscapes	BTS:Slow Motown -> BTS:Motown     * -> Patch	BTS:MoTown   F9*	
Northstar Productions	Drumscapes	BTS:Slow Motown -> BTS:Motown     * -> Sample	BTS:MoTownF1 *	
Northstar Productions	Drumscapes	BTS:Slow Motown -> BTS:Motown     * -> Sample	BTS:MoTownL1 *	
Northstar Productions	Drumscapes	BTS:Slow Motown -> BTS:Motown     * -> Sample	BTS:MoTownF2 *	
Northstar Productions	Drumscapes	BTS:Slow Motown -> BTS:Motown     * -> Sample	BTS:MoTownL2 *	
Northstar Productions	Drumscapes	BTS:Slow Motown -> BTS:Motown     * -> Sample	BTS:MoTownF6 *	
Northstar Productions	Drumscapes	BTS:Slow Motown -> BTS:Motown     * -> Sample	BTS:MoTownL5 *	
Northstar Productions	Drumscapes	BTS:Slow Motown -> BTS:Motown     * -> Sample	BTS:MoTownL4 *	
Northstar Productions	Drumscapes	BTS:Slow Motown -> BTS:Motown     * -> Sample	BTS:MoTownF3 *	
Northstar Productions	Drumscapes	BTS:Slow Motown -> BTS:Motown     * -> Sample	BTS:MoTownL3 *	
Northstar Productions	Drumscapes	BTS:Slow Motown -> BTS:Motown     * -> Sample	BTS:MoTownF7 *	
Northstar Productions	Drumscapes	BTS:Slow Motown -> BTS:Motown     * -> Sample	BTS:MoTownF4 *	
Northstar Productions	Drumscapes	BTS:Slow Motown -> BTS:Motown     * -> Sample	BTS:MoTownF8 *	
Northstar Productions	Drumscapes	BTS:Slow Motown -> BTS:Motown     * -> Sample	BTS:MoTownF5 *	
Northstar Productions	Drumscapes	BTS:Slow Motown -> BTS:Motown     * -> Sample	BTS:MoTownF9 *	
Northstar Productions	Drumscapes	BTS:A/C Jazz -> BTS:A/C Jazz   * -> Patch	BTS:A/CJazz    *	
Northstar Productions	Drumscapes	BTS:A/C Jazz -> BTS:A/C Jazz   * -> Patch	BTS:A/CJazz IF1*	
Northstar Productions	Drumscapes	BTS:A/C Jazz -> BTS:A/C Jazz   * -> Patch	BTS:A/CJazz IF2*	
Northstar Productions	Drumscapes	BTS:A/C Jazz -> BTS:A/C Jazz   * -> Patch	BTS:A/CJazz IF3*	
Northstar Productions	Drumscapes	BTS:A/C Jazz -> BTS:A/C Jazz   * -> Patch	BTS:A/CJazz IL1*	
Northstar Productions	Drumscapes	BTS:A/C Jazz -> BTS:A/C Jazz   * -> Patch	BTS:A/CJazz VL1*	
Northstar Productions	Drumscapes	BTS:A/C Jazz -> BTS:A/C Jazz   * -> Patch	BTS:A/CJazz CL1*	
Northstar Productions	Drumscapes	BTS:A/C Jazz -> BTS:A/C Jazz   * -> Patch	BTS:A/CJazz CF1*	
Northstar Productions	Drumscapes	BTS:A/C Jazz -> BTS:A/C Jazz   * -> Patch	BTS:A/CJazz CF2*	
Northstar Productions	Drumscapes	BTS:A/C Jazz -> BTS:A/C Jazz   * -> Patch	BTS:A/CJazz BL1*	
Northstar Productions	Drumscapes	BTS:A/C Jazz -> BTS:A/C Jazz   * -> Patch	BTS:A/CJazz BL2*	
Northstar Productions	Drumscapes	BTS:A/C Jazz -> BTS:A/C Jazz   * -> Patch	BTS:A/CJazz BF1*	
Northstar Productions	Drumscapes	BTS:A/C Jazz -> BTS:A/C Jazz   * -> Patch	BTS:A/CJazz BF2*	
Northstar Productions	Drumscapes	BTS:A/C Jazz -> BTS:A/C Jazz   * -> Patch	BTS:A/CJazz BF3*	
Northstar Productions	Drumscapes	BTS:A/C Jazz -> BTS:A/C Jazz   * -> Patch	BTS:A/CJazz BF4*	
Northstar Productions	Drumscapes	BTS:A/C Jazz -> BTS:A/C Jazz   * -> Sample	BTS:A/CJazIF1*	
Northstar Productions	Drumscapes	BTS:A/C Jazz -> BTS:A/C Jazz   * -> Sample	BTS:A/CJazIF2*	
Northstar Productions	Drumscapes	BTS:A/C Jazz -> BTS:A/C Jazz   * -> Sample	BTS:A/CJazIF3*	
Northstar Productions	Drumscapes	BTS:A/C Jazz -> BTS:A/C Jazz   * -> Sample	BTS:A/CJazBL1*	
Northstar Productions	Drumscapes	BTS:A/C Jazz -> BTS:A/C Jazz   * -> Sample	BTS:A/CJazVL1*	
Northstar Productions	Drumscapes	BTS:A/C Jazz -> BTS:A/C Jazz   * -> Sample	BTS:A/CJazCF1*	
Northstar Productions	Drumscapes	BTS:A/C Jazz -> BTS:A/C Jazz   * -> Sample	BTS:A/CJazBL2*	
Northstar Productions	Drumscapes	BTS:A/C Jazz -> BTS:A/C Jazz   * -> Sample	BTS:A/CJazCL1*	
Northstar Productions	Drumscapes	BTS:A/C Jazz -> BTS:A/C Jazz   * -> Sample	BTS:A/CJazCF2*	
Northstar Productions	Drumscapes	BTS:A/C Jazz -> BTS:A/C Jazz   * -> Sample	BTS:A/CJazIL1*	
Northstar Productions	Drumscapes	BTS:A/C Jazz -> BTS:A/C Jazz   * -> Sample	BTS:A/CJazBF1*	
Northstar Productions	Drumscapes	BTS:A/C Jazz -> BTS:A/C Jazz   * -> Sample	BTS:A/CJazBF3*	
Northstar Productions	Drumscapes	BTS:A/C Jazz -> BTS:A/C Jazz   * -> Sample	BTS:A/CJazBF2*	
Northstar Productions	Drumscapes	BTS:A/C Jazz -> BTS:A/C Jazz   * -> Sample	BTS:A/CJazBF4*	
Northstar Productions	Drumscapes	BTS:P/C Ballad -> BTS:P/C Ballad * -> Patch	BTS:Pop Bal    *	
Northstar Productions	Drumscapes	BTS:P/C Ballad -> BTS:P/C Ballad * -> Patch	BTS:Pop Bal IL1*	
Northstar Productions	Drumscapes	BTS:P/C Ballad -> BTS:P/C Ballad * -> Patch	BTS:Pop Bal VL1*	
Northstar Productions	Drumscapes	BTS:P/C Ballad -> BTS:P/C Ballad * -> Patch	BTS:Pop Bal CL1*	
Northstar Productions	Drumscapes	BTS:P/C Ballad -> BTS:P/C Ballad * -> Patch	BTS:Pop Bal CF1*	
Northstar Productions	Drumscapes	BTS:P/C Ballad -> BTS:P/C Ballad * -> Patch	BTS:Pop Bal CF2*	
Northstar Productions	Drumscapes	BTS:P/C Ballad -> BTS:P/C Ballad * -> Patch	BTS:Pop Bal BL1*	
Northstar Productions	Drumscapes	BTS:P/C Ballad -> BTS:P/C Ballad * -> Patch	BTS:Pop Bal BF1*	
Northstar Productions	Drumscapes	BTS:P/C Ballad -> BTS:P/C Ballad * -> Patch	BTS:Pop Bal BL2*	
Northstar Productions	Drumscapes	BTS:P/C Ballad -> BTS:P/C Ballad * -> Patch	BTS:Pop Bal BF2*	
Northstar Productions	Drumscapes	BTS:P/C Ballad -> BTS:P/C Ballad * -> Patch	BTS:Pop Bal BL3*	
Northstar Productions	Drumscapes	BTS:P/C Ballad -> BTS:P/C Ballad * -> Patch	BTS:Pop Bal BF3*	
Northstar Productions	Drumscapes	BTS:P/C Ballad -> BTS:P/C Ballad * -> Patch	BTS:Pop Bal BF4*	
Northstar Productions	Drumscapes	BTS:P/C Ballad -> BTS:P/C Ballad * -> Sample	BTS:PopBalIL1*	
Northstar Productions	Drumscapes	BTS:P/C Ballad -> BTS:P/C Ballad * -> Sample	BTS:PopBalVL1*	
Northstar Productions	Drumscapes	BTS:P/C Ballad -> BTS:P/C Ballad * -> Sample	BTS:PopBalBL3*	
Northstar Productions	Drumscapes	BTS:P/C Ballad -> BTS:P/C Ballad * -> Sample	BTS:PopBalCF1*	
Northstar Productions	Drumscapes	BTS:P/C Ballad -> BTS:P/C Ballad * -> Sample	BTS:PopBalBL1*	
Northstar Productions	Drumscapes	BTS:P/C Ballad -> BTS:P/C Ballad * -> Sample	BTS:PopBalCL1*	
Northstar Productions	Drumscapes	BTS:P/C Ballad -> BTS:P/C Ballad * -> Sample	BTS:PopBalCF2*	
Northstar Productions	Drumscapes	BTS:P/C Ballad -> BTS:P/C Ballad * -> Sample	BTS:PopBalBL2*	
Northstar Productions	Drumscapes	BTS:P/C Ballad -> BTS:P/C Ballad * -> Sample	BTS:PopBalBF2*	
Northstar Productions	Drumscapes	BTS:P/C Ballad -> BTS:P/C Ballad * -> Sample	BTS:PopBalBF4*	
Northstar Productions	Drumscapes	BTS:P/C Ballad -> BTS:P/C Ballad * -> Sample	BTS:PopBalBF1*	
Northstar Productions	Drumscapes	BTS:P/C Ballad -> BTS:P/C Ballad * -> Sample	BTS:PopBalBF3*	
Northstar Productions	Drumscapes	KIK:Kicks -> KIK:F/R Kicks  * -> Patch	KIK:F/R KikMenu*	
Northstar Productions	Drumscapes	KIK:Kicks -> KIK:F/R Kicks  * -> Patch	KIK:F/R K1     *	
Northstar Productions	Drumscapes	KIK:Kicks -> KIK:F/R Kicks  * -> Patch	KIK:F/R K2     *	
Northstar Productions	Drumscapes	KIK:Kicks -> KIK:F/R Kicks  * -> Patch	KIK:F/R K3     *	
Northstar Productions	Drumscapes	KIK:Kicks -> KIK:F/R Kicks  * -> Patch	KIK:F/R K4     *	
Northstar Productions	Drumscapes	KIK:Kicks -> KIK:F/R Kicks  * -> Sample	KIK:F/R K1a*	
Northstar Productions	Drumscapes	KIK:Kicks -> KIK:F/R Kicks  * -> Sample	KIK:F/R K1b*	
Northstar Productions	Drumscapes	KIK:Kicks -> KIK:F/R Kicks  * -> Sample	KIK:F/R K2a*	
Northstar Productions	Drumscapes	KIK:Kicks -> KIK:F/R Kicks  * -> Sample	KIK:F/R K2b*	
Northstar Productions	Drumscapes	KIK:Kicks -> KIK:F/R Kicks  * -> Sample	KIK:F/R K3a*	
Northstar Productions	Drumscapes	KIK:Kicks -> KIK:F/R Kicks  * -> Sample	KIK:F/R K3b*	
Northstar Productions	Drumscapes	KIK:Kicks -> KIK:F/R Kicks  * -> Sample	KIK:F/R K4a*	
Northstar Productions	Drumscapes	KIK:Kicks -> KIK:F/R Kicks  * -> Sample	KIK:F/R K4b*	
Northstar Productions	Drumscapes	KIK:Kicks -> KIK:M/R Kicks  * -> Patch	KIK:M/R KikMenu*	
Northstar Productions	Drumscapes	KIK:Kicks -> KIK:M/R Kicks  * -> Patch	KIK:M/R K1     *	
Northstar Productions	Drumscapes	KIK:Kicks -> KIK:M/R Kicks  * -> Patch	KIK:M/R K2     *	
Northstar Productions	Drumscapes	KIK:Kicks -> KIK:M/R Kicks  * -> Patch	KIK:M/R K3     *	
Northstar Productions	Drumscapes	KIK:Kicks -> KIK:M/R Kicks  * -> Patch	KIK:M/R K4     *	
Northstar Productions	Drumscapes	KIK:Kicks -> KIK:M/R Kicks  * -> Sample	KIK:M/R K1*	
Northstar Productions	Drumscapes	KIK:Kicks -> KIK:M/R Kicks  * -> Sample	KIK:M/R K2*	
Northstar Productions	Drumscapes	KIK:Kicks -> KIK:M/R Kicks  * -> Sample	KIK:M/R K1d  *	
Northstar Productions	Drumscapes	KIK:Kicks -> KIK:M/R Kicks  * -> Sample	KIK:M/R K1b  *	
Northstar Productions	Drumscapes	KIK:Kicks -> KIK:M/R Kicks  * -> Sample	KIK:M/R K1a  *	
Northstar Productions	Drumscapes	KIK:Kicks -> KIK:P/B Kicks  * -> Patch	KIK:P/B KikMenu*	
Northstar Productions	Drumscapes	KIK:Kicks -> KIK:P/B Kicks  * -> Patch	KIK:P/B K1     *	
Northstar Productions	Drumscapes	KIK:Kicks -> KIK:P/B Kicks  * -> Patch	KIK:P/B K2     *	
Northstar Productions	Drumscapes	KIK:Kicks -> KIK:P/B Kicks  * -> Patch	KIK:P/B K3     *	
Northstar Productions	Drumscapes	KIK:Kicks -> KIK:P/B Kicks  * -> Sample	KIK:P/B K2*	
Northstar Productions	Drumscapes	KIK:Kicks -> KIK:P/B Kicks  * -> Sample	KIK:P/B K1*	
Northstar Productions	Drumscapes	KIK:Kicks -> KIK:P/B Kicks  * -> Sample	KIK:P/B K3*	
Northstar Productions	Drumscapes	KIK:Kicks -> KIK:F/S Kicks  * -> Patch	KIK:F/S KikMenu*	
Northstar Productions	Drumscapes	KIK:Kicks -> KIK:F/S Kicks  * -> Patch	KIK:F/S K1     *	
Northstar Productions	Drumscapes	KIK:Kicks -> KIK:F/S Kicks  * -> Patch	KIK:F/S K2     *	
Northstar Productions	Drumscapes	KIK:Kicks -> KIK:F/S Kicks  * -> Patch	KIK:F/S K3     *	
Northstar Productions	Drumscapes	KIK:Kicks -> KIK:F/S Kicks  * -> Sample	KIK:F/S K1*	
Northstar Productions	Drumscapes	KIK:Kicks -> KIK:F/S Kicks  * -> Sample	KIK:F/S K1a*	
Northstar Productions	Drumscapes	KIK:Kicks -> KIK:F/S Kicks  * -> Sample	KIK:F/S K2*	
Northstar Productions	Drumscapes	KIK:Kicks -> KIK:F/S Kicks  * -> Sample	KIK:F/S K2a*	
Northstar Productions	Drumscapes	KIK:Kicks -> KIK:S/S Kicks  * -> Patch	KIK:S/S KikMenu*	
Northstar Productions	Drumscapes	KIK:Kicks -> KIK:S/S Kicks  * -> Patch	KIK:S/S K1     *	
Northstar Productions	Drumscapes	KIK:Kicks -> KIK:S/S Kicks  * -> Patch	KIK:S/S K2     *	
Northstar Productions	Drumscapes	KIK:Kicks -> KIK:S/S Kicks  * -> Sample	KIK:S/S K1*	
Northstar Productions	Drumscapes	KIK:Kicks -> KIK:S/S Kicks  * -> Sample	KIK:S/S K2*	
Northstar Productions	Drumscapes	KIK:Kicks -> KIK:S/S Kicks  * -> Sample	KIK:S/S K3*	
Northstar Productions	Drumscapes	KIK:Kicks -> KIK:F/T Kicks  * -> Patch	KIK:Tek KikMenu*	
Northstar Productions	Drumscapes	KIK:Kicks -> KIK:F/T Kicks  * -> Patch	KIK:Tek K1     *	
Northstar Productions	Drumscapes	KIK:Kicks -> KIK:F/T Kicks  * -> Patch	KIK:Tek K2     *	
Northstar Productions	Drumscapes	KIK:Kicks -> KIK:F/T Kicks  * -> Sample	KIK:F/T K1a  *	
Northstar Productions	Drumscapes	KIK:Kicks -> KIK:F/T Kicks  * -> Sample	KIK:F/T K1b  *	
Northstar Productions	Drumscapes	KIK:Kicks -> KIK:F/T Kicks  * -> Sample	KIK:F/T K2a  *	
Northstar Productions	Drumscapes	KIK:Kicks -> KIK:F/T Kicks  * -> Sample	KIK:F/T K2b  *	
Northstar Productions	Drumscapes	KIK:Kicks -> KIK:R&B Kicks  * -> Patch	KIK:R&B K menu *	
Northstar Productions	Drumscapes	KIK:Kicks -> KIK:R&B Kicks  * -> Patch	KIK:R&B K1     *	
Northstar Productions	Drumscapes	KIK:Kicks -> KIK:R&B Kicks  * -> Patch	KIK:R&B K2     *	
Northstar Productions	Drumscapes	KIK:Kicks -> KIK:R&B Kicks  * -> Patch	KIK:R&B K3     *	
Northstar Productions	Drumscapes	KIK:Kicks -> KIK:R&B Kicks  * -> Sample	KIK:R&B K1   *	
Northstar Productions	Drumscapes	KIK:Kicks -> KIK:R&B Kicks  * -> Sample	KIK:R&B K2   *	
Northstar Productions	Drumscapes	KIK:Kicks -> KIK:R&B Kicks  * -> Sample	KIK:R&B K3   *	
Northstar Productions	Drumscapes	KIK:Kicks -> KIK:H/H Kicks  * -> Patch	KIK:H/H KikMenu*	
Northstar Productions	Drumscapes	KIK:Kicks -> KIK:H/H Kicks  * -> Patch	KIK:H/H K1     *	
Northstar Productions	Drumscapes	KIK:Kicks -> KIK:H/H Kicks  * -> Patch	KIK:H/H K2     *	
Northstar Productions	Drumscapes	KIK:Kicks -> KIK:H/H Kicks  * -> Patch	KIK:H/H K3     *	
Northstar Productions	Drumscapes	KIK:Kicks -> KIK:H/H Kicks  * -> Patch	KIK:H/H K4     *	
Northstar Productions	Drumscapes	KIK:Kicks -> KIK:H/H Kicks  * -> Patch	KIK:H/H Rap K1 *	
Northstar Productions	Drumscapes	KIK:Kicks -> KIK:H/H Kicks  * -> Patch	KIK:H/H Rap K2 *	
Northstar Productions	Drumscapes	KIK:Kicks -> KIK:H/H Kicks  * -> Patch	KIK:H/H Rap K3 *	
Northstar Productions	Drumscapes	KIK:Kicks -> KIK:H/H Kicks  * -> Patch	KIK:H/H Rap K4 *	
Northstar Productions	Drumscapes	KIK:Kicks -> KIK:H/H Kicks  * -> Sample	KIK:H/H K3*	
Northstar Productions	Drumscapes	KIK:Kicks -> KIK:H/H Kicks  * -> Sample	KIK:H/H K2*	
Northstar Productions	Drumscapes	KIK:Kicks -> KIK:H/H Kicks  * -> Sample	KIK:H/H K1a  *	
Northstar Productions	Drumscapes	KIK:Kicks -> KIK:H/H Kicks  * -> Sample	KIK:H/H K1b  *	
Northstar Productions	Drumscapes	KIK:Kicks -> KIK:H/H Kicks  * -> Sample	KIK:H/H K2a    *	
Northstar Productions	Drumscapes	KIK:Kicks -> KIK:H/H Kicks  * -> Sample	KIK:H/H K2b    *	
Northstar Productions	Drumscapes	KIK:Kicks -> KIK:H/H Kicks  * -> Sample	KIK:H/H RapK1a *	
Northstar Productions	Drumscapes	KIK:Kicks -> KIK:H/H Kicks  * -> Sample	KIK:H/H RapK1b *	
Northstar Productions	Drumscapes	KIK:Kicks -> KIK:H/H Kicks  * -> Sample	KIK:H/H RapK1c *	
Northstar Productions	Drumscapes	KIK:Kicks -> KIK:H/H Kicks  * -> Sample	KIK:H/H RapK2a *	
Northstar Productions	Drumscapes	KIK:Kicks -> KIK:H/H Kicks  * -> Sample	KIK:H/H RapK2b *	
Northstar Productions	Drumscapes	KIK:Kicks -> KIK:H/H Kicks  * -> Sample	KIK:H/H RapK2c *	
Northstar Productions	Drumscapes	KIK:Kicks -> KIK:Funk Kicks * -> Patch	KIK:Funk K1    *	
Northstar Productions	Drumscapes	KIK:Kicks -> KIK:Funk Kicks * -> Patch	KIK:Funk K2    *	
Northstar Productions	Drumscapes	KIK:Kicks -> KIK:Funk Kicks * -> Patch	KIK:Funk K3    *	
Northstar Productions	Drumscapes	KIK:Kicks -> KIK:Funk Kicks * -> Patch	KIK:Funk K4    *	
Northstar Productions	Drumscapes	KIK:Kicks -> KIK:Funk Kicks * -> Patch	KIK:Funk K5    *	
Northstar Productions	Drumscapes	KIK:Kicks -> KIK:Funk Kicks * -> Patch	KIK:Funk K6    *	
Northstar Productions	Drumscapes	KIK:Kicks -> KIK:Funk Kicks * -> Patch	KIK:Funk K7    *	
Northstar Productions	Drumscapes	KIK:Kicks -> KIK:Funk Kicks * -> Sample	KIK:Fnk K1   *	
Northstar Productions	Drumscapes	KIK:Kicks -> KIK:Funk Kicks * -> Sample	KIK:Fnk K2   *	
Northstar Productions	Drumscapes	KIK:Kicks -> KIK:Funk Kicks * -> Sample	KIK:Fnk K4*	
Northstar Productions	Drumscapes	KIK:Kicks -> KIK:Funk Kicks * -> Sample	KIK:Fnk K5*	
Northstar Productions	Drumscapes	KIK:Kicks -> KIK:Funk Kicks * -> Sample	KIK:Fnk K6*	
Northstar Productions	Drumscapes	KIK:Kicks -> KIK:Funk Kicks * -> Sample	KIK:Fnk K7*	
Northstar Productions	Drumscapes	KIK:Kicks -> KIK:Funk Kicks * -> Sample	KIK:Fnk K9*	
Northstar Productions	Drumscapes	KIK:Kicks -> KIK:Funk Kicks * -> Sample	KIK:Fnk K8*	
Northstar Productions	Drumscapes	KIK:Kicks -> KIK:Funk Kicks * -> Sample	KIK:Fnk K10*	
Northstar Productions	Drumscapes	KIK:Kicks -> KIK:Funk Kicks * -> Sample	KIK:Fnk K11*	
Northstar Productions	Drumscapes	KIK:Kicks -> KIK:Funk Kicks * -> Sample	KIK:Fnk K12*	
Northstar Productions	Drumscapes	KIK:Kicks -> KIK:Motown Kick* -> Patch	KIK:Motown K1  *	
Northstar Productions	Drumscapes	KIK:Kicks -> KIK:Motown Kick* -> Sample	KIK:Fnk K2   *	
Northstar Productions	Drumscapes	KIK:Kicks -> KIK:A/C Kicks  * -> Patch	KIK:A/C KikMenu*	
Northstar Productions	Drumscapes	KIK:Kicks -> KIK:A/C Kicks  * -> Patch	KIK:A/C K1     *	
Northstar Productions	Drumscapes	KIK:Kicks -> KIK:A/C Kicks  * -> Patch	KIK:A/C K2     *	
Northstar Productions	Drumscapes	KIK:Kicks -> KIK:A/C Kicks  * -> Patch	KIK:A/C K3     *	
Northstar Productions	Drumscapes	KIK:Kicks -> KIK:A/C Kicks  * -> Patch	KIK:A/C K4     *	
Northstar Productions	Drumscapes	KIK:Kicks -> KIK:A/C Kicks  * -> Patch	KIK:A/C K5     *	
Northstar Productions	Drumscapes	KIK:Kicks -> KIK:A/C Kicks  * -> Patch	KIK:A/C K6     *	
Northstar Productions	Drumscapes	KIK:Kicks -> KIK:A/C Kicks  * -> Patch	KIK:A/C K7     *	
Northstar Productions	Drumscapes	KIK:Kicks -> KIK:A/C Kicks  * -> Patch	KIK:A/C K8     *	
Northstar Productions	Drumscapes	KIK:Kicks -> KIK:A/C Kicks  * -> Patch	KIK:A/C K9     *	
Northstar Productions	Drumscapes	KIK:Kicks -> KIK:A/C Kicks  * -> Sample	KIK:A/C K1a    *	
Northstar Productions	Drumscapes	KIK:Kicks -> KIK:A/C Kicks  * -> Sample	KIK:A/C K1b    *	
Northstar Productions	Drumscapes	KIK:Kicks -> KIK:A/C Kicks  * -> Sample	KIK:A/C K2a    *	
Northstar Productions	Drumscapes	KIK:Kicks -> KIK:A/C Kicks  * -> Sample	KIK:A/C K2b    *	
Northstar Productions	Drumscapes	KIK:Kicks -> KIK:A/C Kicks  * -> Sample	KIK:A/C K3a    *	
Northstar Productions	Drumscapes	KIK:Kicks -> KIK:A/C Kicks  * -> Sample	KIK:A/C K3b    *	
Northstar Productions	Drumscapes	KIK:Kicks -> KIK:A/C Kicks  * -> Sample	KIK:A/C K1*	
Northstar Productions	Drumscapes	KIK:Kicks -> KIK:A/C Kicks  * -> Sample	KIK:A/C K2*	
Northstar Productions	Drumscapes	KIK:Kicks -> KIK:A/C Kicks  * -> Sample	KIK:A/C K3*	
Northstar Productions	Drumscapes	KIK:Kicks -> KIK:A/C Kicks  * -> Sample	KIK:A/C K4*	
Northstar Productions	Drumscapes	KIK:Kicks -> KIK:A/C Kicks  * -> Sample	KIK:A/C K5*	
Northstar Productions	Drumscapes	KIK:Kicks -> KIK:A/C Kicks  * -> Sample	KIK:A/C K6*	
Northstar Productions	Drumscapes	KIK:Kicks -> KIK:P/C Kicks  * -> Patch	KIK:P/C KikMenu*	
Northstar Productions	Drumscapes	KIK:Kicks -> KIK:P/C Kicks  * -> Patch	KIK:P/C K1     *	
Northstar Productions	Drumscapes	KIK:Kicks -> KIK:P/C Kicks  * -> Patch	KIK:P/C K2     *	
Northstar Productions	Drumscapes	KIK:Kicks -> KIK:P/C Kicks  * -> Patch	KIK:P/C K3     *	
Northstar Productions	Drumscapes	KIK:Kicks -> KIK:P/C Kicks  * -> Patch	KIK:P/C K4     *	
Northstar Productions	Drumscapes	KIK:Kicks -> KIK:P/C Kicks  * -> Sample	KIK:P/C K1a    *	
Northstar Productions	Drumscapes	KIK:Kicks -> KIK:P/C Kicks  * -> Sample	KIK:P/C K1b    *	
Northstar Productions	Drumscapes	KIK:Kicks -> KIK:P/C Kicks  * -> Sample	KIK:P/C K1c    *	
Northstar Productions	Drumscapes	KIK:Kicks -> KIK:P/C Kicks  * -> Sample	KIK:P/C K2a    *	
Northstar Productions	Drumscapes	KIK:Kicks -> KIK:P/C Kicks  * -> Sample	KIK:P/C K2b    *	
Northstar Productions	Drumscapes	KIK:Kicks -> KIK:P/C Kicks  * -> Sample	KIK:P/C K2c    *	
Northstar Productions	Drumscapes	KIK:Kicks -> KIK:P/C Kicks  * -> Sample	KIK:P/C K3a  *	
Northstar Productions	Drumscapes	KIK:Kicks -> KIK:P/C Kicks  * -> Sample	KIK:P/C K3b  *	
Northstar Productions	Drumscapes	KIK:Kicks -> KIK:P/C Kicks  * -> Sample	KIK:P/C Kick4*	
Northstar Productions	Drumscapes	SNR:Snares 1 -> SNR:F/R Snares * -> Patch	SNR:F/R Sn Menu*	
Northstar Productions	Drumscapes	SNR:Snares 1 -> SNR:F/R Snares * -> Patch	SNR:F/R Sn1    *	
Northstar Productions	Drumscapes	SNR:Snares 1 -> SNR:F/R Snares * -> Patch	SNR:F/R Sn2    *	
Northstar Productions	Drumscapes	SNR:Snares 1 -> SNR:F/R Snares * -> Patch	SNR:F/R Sn3    *	
Northstar Productions	Drumscapes	SNR:Snares 1 -> SNR:F/R Snares * -> Patch	SNR:F/R Sn4    *	
Northstar Productions	Drumscapes	SNR:Snares 1 -> SNR:F/R Snares * -> Patch	SNR:F/R Sn5    *	
Northstar Productions	Drumscapes	SNR:Snares 1 -> SNR:F/R Snares * -> Patch	SNR:F/R Sn6    *	
Northstar Productions	Drumscapes	SNR:Snares 1 -> SNR:F/R Snares * -> Patch	SNR:F/R Sn7    *	
Northstar Productions	Drumscapes	SNR:Snares 1 -> SNR:F/R Snares * -> Patch	SNR:F/R Sn8    *	
Northstar Productions	Drumscapes	SNR:Snares 1 -> SNR:F/R Snares * -> Sample	SNR:F/R Sn1*	
Northstar Productions	Drumscapes	SNR:Snares 1 -> SNR:F/R Snares * -> Sample	SNR:F/R Sn5*	
Northstar Productions	Drumscapes	SNR:Snares 1 -> SNR:F/R Snares * -> Sample	SNR:F/R Sn2*	
Northstar Productions	Drumscapes	SNR:Snares 1 -> SNR:F/R Snares * -> Sample	SNR:F/R Sn3*	
Northstar Productions	Drumscapes	SNR:Snares 1 -> SNR:F/R Snares * -> Sample	SNR:F/R Sn4*	
Northstar Productions	Drumscapes	SNR:Snares 1 -> SNR:F/R Snares * -> Sample	SNR:F/R Sn6*	
Northstar Productions	Drumscapes	SNR:Snares 1 -> SNR:F/R Snares * -> Sample	SNR:F/RDrySn1*	
Northstar Productions	Drumscapes	SNR:Snares 1 -> SNR:F/R Snares * -> Sample	SNR:F/RDrySn2*	
Northstar Productions	Drumscapes	SNR:Snares 1 -> SNR:F/R Snares * -> Sample	SNR:F/RDrySn3*	
Northstar Productions	Drumscapes	SNR:Snares 1 -> SNR:F/R Snares * -> Sample	SNR:F/RDrySn4*	
Northstar Productions	Drumscapes	SNR:Snares 1 -> SNR:F/R Snares * -> Sample	SNR:F/RSnFlm1*	
Northstar Productions	Drumscapes	SNR:Snares 1 -> SNR:F/R Snares * -> Sample	SNR:F/RSnFlm2*	
Northstar Productions	Drumscapes	SNR:Snares 1 -> SNR:F/R Snares * -> Sample	SNR:F/R Stk1*	
Northstar Productions	Drumscapes	SNR:Snares 1 -> SNR:F/R Sn Flms* -> Patch	SNR:F/R Sn Flm1*	
Northstar Productions	Drumscapes	SNR:Snares 1 -> SNR:F/R Sn Flms* -> Patch	SNR:F/R Sn Flm2*	
Northstar Productions	Drumscapes	SNR:Snares 1 -> SNR:F/R Sn Flms* -> Sample	SNR:F/RSnFlm1*	
Northstar Productions	Drumscapes	SNR:Snares 1 -> SNR:F/R Sn Flms* -> Sample	SNR:F/RSnFlm2*	
Northstar Productions	Drumscapes	SNR:Snares 1 -> SNR:F/R Stick  * -> Patch	SNR:F/R Stick  *	
Northstar Productions	Drumscapes	SNR:Snares 1 -> SNR:F/R Stick  * -> Sample	SNR:F/R Stk1*	
Northstar Productions	Drumscapes	SNR:Snares 1 -> SNR:M/R Snrs   * -> Patch	SNR:M/R Sn Menu*	
Northstar Productions	Drumscapes	SNR:Snares 1 -> SNR:M/R Snrs   * -> Patch	SNR:M/R Sn1    *	
Northstar Productions	Drumscapes	SNR:Snares 1 -> SNR:M/R Snrs   * -> Patch	SNR:M/R Sn2    *	
Northstar Productions	Drumscapes	SNR:Snares 1 -> SNR:M/R Snrs   * -> Patch	SNR:M/R Sn3    *	
Northstar Productions	Drumscapes	SNR:Snares 1 -> SNR:M/R Snrs   * -> Patch	SNR:M/R Sn4    *	
Northstar Productions	Drumscapes	SNR:Snares 1 -> SNR:M/R Snrs   * -> Patch	SNR:M/R Sn5    *	
Northstar Productions	Drumscapes	SNR:Snares 1 -> SNR:M/R Snrs   * -> Sample	SNR:M/R SnM1 *	
Northstar Productions	Drumscapes	SNR:Snares 1 -> SNR:M/R Snrs   * -> Sample	SNR:M/R Sn4 *	
Northstar Productions	Drumscapes	SNR:Snares 1 -> SNR:M/R Snrs   * -> Sample	SNR:M/R Sn1 *	
Northstar Productions	Drumscapes	SNR:Snares 1 -> SNR:M/R Snrs   * -> Sample	SNR:M/R Sn3 *	
Northstar Productions	Drumscapes	SNR:Snares 1 -> SNR:M/R Snrs   * -> Sample	SNR:M/R Sn2 *	
Northstar Productions	Drumscapes	SNR:Snares 1 -> SNR:M/R Snrs   * -> Sample	SNR:M/R SnH1 *	
Northstar Productions	Drumscapes	SNR:Snares 1 -> SNR:M/R Snrs   * -> Sample	SNR:M/R SnS1 *	
Northstar Productions	Drumscapes	SNR:Snares 1 -> SNR:M/R Snrs   * -> Sample	SNR:M/R Sn1  *	
Northstar Productions	Drumscapes	SNR:Snares 1 -> SNR:M/R Snrs   * -> Sample	SNR:M/R Sn2  *	
Northstar Productions	Drumscapes	SNR:Snares 1 -> SNR:M/R Snrs   * -> Sample	SNR:M/R SnO2 *	
Northstar Productions	Drumscapes	SNR:Snares 1 -> SNR:M/R Snrs   * -> Sample	SNR:M/R SnFl1*	
Northstar Productions	Drumscapes	SNR:Snares 1 -> SNR:M/R Snrs   * -> Sample	SNR:M/R SnFl2*	
Northstar Productions	Drumscapes	SNR:Snares 1 -> SNR:M/R Sn Flam* -> Patch	SNR:M/R Sn Flam*	
Northstar Productions	Drumscapes	SNR:Snares 1 -> SNR:M/R Sn Flam* -> Sample	SNR:M/R SnFl1*	
Northstar Productions	Drumscapes	SNR:Snares 1 -> SNR:M/R Stick  * -> Patch	SNR:M/R Stick  *	
Northstar Productions	Drumscapes	SNR:Snares 1 -> SNR:M/R Stick  * -> Sample	SNR:A/C Stk1 *	
Northstar Productions	Drumscapes	SNR:Snares 1 -> SNR:P/B Snares * -> Patch	SNR:P/B Sn Menu*	
Northstar Productions	Drumscapes	SNR:Snares 1 -> SNR:P/B Snares * -> Patch	SNR:P/B Sn1    *	
Northstar Productions	Drumscapes	SNR:Snares 1 -> SNR:P/B Snares * -> Patch	SNR:P/B Sn2    *	
Northstar Productions	Drumscapes	SNR:Snares 1 -> SNR:P/B Snares * -> Patch	SNR:P/B Sn3    *	
Northstar Productions	Drumscapes	SNR:Snares 1 -> SNR:P/B Snares * -> Sample	SNR:P/B Sn3*	
Northstar Productions	Drumscapes	SNR:Snares 1 -> SNR:P/B Snares * -> Sample	SNR:P/B Sn5*	
Northstar Productions	Drumscapes	SNR:Snares 1 -> SNR:P/B Snares * -> Sample	SNR:P/B Sn1*	
Northstar Productions	Drumscapes	SNR:Snares 1 -> SNR:P/B Snares * -> Sample	SNR:P/B Sn4*	
Northstar Productions	Drumscapes	SNR:Snares 1 -> SNR:P/B Snares * -> Sample	SNR:P/B Sn6*	
Northstar Productions	Drumscapes	SNR:Snares 1 -> SNR:F/S Snares * -> Patch	SNR:F/S Sn Menu*	
Northstar Productions	Drumscapes	SNR:Snares 1 -> SNR:F/S Snares * -> Patch	SNR:F/S Sn1    *	
Northstar Productions	Drumscapes	SNR:Snares 1 -> SNR:F/S Snares * -> Patch	SNR:F/S Sn2    *	
Northstar Productions	Drumscapes	SNR:Snares 1 -> SNR:F/S Snares * -> Sample	SNR:F/S Sn1*	
Northstar Productions	Drumscapes	SNR:Snares 1 -> SNR:F/S Snares * -> Sample	SNR:F/S Sn1a*	
Northstar Productions	Drumscapes	SNR:Snares 1 -> SNR:F/S Snares * -> Sample	SNR:F/S Sn2*	
Northstar Productions	Drumscapes	SNR:Snares 1 -> SNR:F/S Snares * -> Sample	SNR:F/S Sn2a*	
Northstar Productions	Drumscapes	SNR:Snares 1 -> SNR:F/S Snares * -> Sample	SNR:F/S SnFl1*	
Northstar Productions	Drumscapes	SNR:Snares 1 -> SNR:F/S SnFlam * -> Patch	SNR:F/S SnFlam *	
Northstar Productions	Drumscapes	SNR:Snares 1 -> SNR:F/S SnFlam * -> Sample	SNR:F/S SnFl1*	
Northstar Productions	Drumscapes	SNR:Snares 1 -> SNR:S/S Snares * -> Patch	SNR:S/S Sn Menu*	
Northstar Productions	Drumscapes	SNR:Snares 1 -> SNR:S/S Snares * -> Patch	SNR:S/S Sn1    *	
Northstar Productions	Drumscapes	SNR:Snares 1 -> SNR:S/S Snares * -> Patch	SNR:S/S Sn2    *	
Northstar Productions	Drumscapes	SNR:Snares 1 -> SNR:S/S Snares * -> Patch	SNR:S/S Sn3    *	
Northstar Productions	Drumscapes	SNR:Snares 1 -> SNR:S/S Snares * -> Sample	SNR:S/S Sn3*	
Northstar Productions	Drumscapes	SNR:Snares 1 -> SNR:S/S Snares * -> Sample	SNR:S/S Sn1*	
Northstar Productions	Drumscapes	SNR:Snares 1 -> SNR:S/S Snares * -> Sample	SNR:S/S Sn1a*	
Northstar Productions	Drumscapes	SNR:Snares 1 -> SNR:S/S Snares * -> Sample	SNR:S/S Sn1 *	
Northstar Productions	Drumscapes	SNR:Snares 1 -> SNR:S/S Snares * -> Sample	SNR:S/S Sn2*	
Northstar Productions	Drumscapes	SNR:Snares 1 -> SNR:S/S Snares * -> Sample	SNR:S/S Sn3a*	
Northstar Productions	Drumscapes	SNR:Snares 1 -> SNR:F/T Snrs   * -> Patch	SNR:F/T Sn Menu*	
Northstar Productions	Drumscapes	SNR:Snares 1 -> SNR:F/T Snrs   * -> Patch	SNR:F/T Sn1    *	
Northstar Productions	Drumscapes	SNR:Snares 1 -> SNR:F/T Snrs   * -> Patch	SNR:F/T Sn2    *	
Northstar Productions	Drumscapes	SNR:Snares 1 -> SNR:F/T Snrs   * -> Patch	SNR:M/T Sn3    *	
Northstar Productions	Drumscapes	SNR:Snares 1 -> SNR:F/T Snrs   * -> Patch	SNR:M/T Sn4    *	
Northstar Productions	Drumscapes	SNR:Snares 1 -> SNR:F/T Snrs   * -> Patch	SNR:M/T Sn5    *	
Northstar Productions	Drumscapes	SNR:Snares 1 -> SNR:F/T Snrs   * -> Patch	SNR:M/T Sn6    *	
Northstar Productions	Drumscapes	SNR:Snares 1 -> SNR:F/T Snrs   * -> Sample	SNR:F/T Sn1a *	
Northstar Productions	Drumscapes	SNR:Snares 1 -> SNR:F/T Snrs   * -> Sample	SNR:F/T Sn1b *	
Northstar Productions	Drumscapes	SNR:Snares 1 -> SNR:F/T Snrs   * -> Sample	SNR:F/T Sn2a *	
Northstar Productions	Drumscapes	SNR:Snares 1 -> SNR:F/T Snrs   * -> Sample	SNR:F/T Sn2b *	
Northstar Productions	Drumscapes	SNR:Snares 1 -> SNR:F/T Snrs   * -> Sample	SNR:M/T Sn1a*	
Northstar Productions	Drumscapes	SNR:Snares 1 -> SNR:F/T Snrs   * -> Sample	SNR:M/T SnH1*	
Northstar Productions	Drumscapes	SNR:Snares 1 -> SNR:F/T Snrs   * -> Sample	SNR:M/T Sn1b*	
Northstar Productions	Drumscapes	SNR:Snares 1 -> SNR:F/T Snrs   * -> Sample	SNR:M/T SnH2*	
Northstar Productions	Drumscapes	SNR:Snares 1 -> SNR:F/T Snrs   * -> Sample	SNR:M/T SnH3*	
Northstar Productions	Drumscapes	SNR:Snares 1 -> SNR:F/T Snrs   * -> Sample	SNR:M/T SnH4*	
Northstar Productions	Drumscapes	SNR:Snares 1 -> SNR:R&B Snares * -> Patch	SNR:R&B Sn menu*	
Northstar Productions	Drumscapes	SNR:Snares 1 -> SNR:R&B Snares * -> Patch	SNR:R&B Sn1    *	
Northstar Productions	Drumscapes	SNR:Snares 1 -> SNR:R&B Snares * -> Patch	SNR:R&B Sn2    *	
Northstar Productions	Drumscapes	SNR:Snares 1 -> SNR:R&B Snares * -> Patch	SNR:R&B Sn3    *	
Northstar Productions	Drumscapes	SNR:Snares 1 -> SNR:R&B Snares * -> Patch	SNR:R&B Sn4    *	
Northstar Productions	Drumscapes	SNR:Snares 1 -> SNR:R&B Snares * -> Patch	SNR:R&B Sn5    *	
Northstar Productions	Drumscapes	SNR:Snares 1 -> SNR:R&B Snares * -> Sample	SNR:R&B Sn1a *	
Northstar Productions	Drumscapes	SNR:Snares 1 -> SNR:R&B Snares * -> Sample	SNR:R&B Sn1b *	
Northstar Productions	Drumscapes	SNR:Snares 1 -> SNR:R&B Snares * -> Sample	SNR:R&B Sn2a *	
Northstar Productions	Drumscapes	SNR:Snares 1 -> SNR:R&B Snares * -> Sample	SNR:R&B Sn2b *	
Northstar Productions	Drumscapes	SNR:Snares 1 -> SNR:R&B Snares * -> Sample	SNR:R&B Sn3 A*	
Northstar Productions	Drumscapes	SNR:Snares 1 -> SNR:R&B Snares * -> Sample	SNR:R&B Sn4  *	
Northstar Productions	Drumscapes	SNR:Snares 1 -> SNR:R&B Snares * -> Sample	SNR:R&B Sn5a *	
Northstar Productions	Drumscapes	SNR:Snares 1 -> SNR:R&B Snares * -> Sample	SNR:R&B Sn3  *	
Northstar Productions	Drumscapes	SNR:Snares 1 -> SNR:R&B Snares * -> Sample	SNR:R&B Sn5b *	
Northstar Productions	Drumscapes	SNR:Snares 1 -> SNR:R&B Snares * -> Sample	SNR:R&B Sn4  *	
Northstar Productions	Drumscapes	SNR:Snares 1 -> SNR:R&B Snares * -> Sample	SNR:R&B Sn5  *	
Northstar Productions	Drumscapes	SNR:Snares 1 -> SNR:R&B Snares * -> Sample	SNR:R&B SnBz2*	
Northstar Productions	Drumscapes	SNR:Snares 1 -> SNR:R&B Snares * -> Sample	SNR:R&B SnBz3*	
Northstar Productions	Drumscapes	SNR:Snares 1 -> SNR:R&B Snares * -> Sample	SNR:R&B Sn1  *	
Northstar Productions	Drumscapes	SNR:Snares 1 -> SNR:R&B Snares * -> Sample	SNR:R&B Sn2  *	
Northstar Productions	Drumscapes	SNR:Snares 1 -> SNR:R&B Snares * -> Sample	SNR:R&B SnBz1*	
Northstar Productions	Drumscapes	SNR:Snares 1 -> SNR:R&B Snares * -> Sample	SNR:R&B Sn6  *	
Northstar Productions	Drumscapes	SNR:Snares 1 -> SNR:R&B Snares * -> Sample	SNR:R&B Sn10 *	
Northstar Productions	Drumscapes	SNR:Snares 1 -> SNR:R&B Snares * -> Sample	SNR:R&B Sn8  *	
Northstar Productions	Drumscapes	SNR:Snares 1 -> SNR:R&B Snares * -> Sample	SNR:R&B Sn9  *	
Northstar Productions	Drumscapes	SNR:Snares 1 -> SNR:R&B Sn Buzz* -> Patch	SNR:R&B Sn Buz1*	
Northstar Productions	Drumscapes	SNR:Snares 1 -> SNR:R&B Sn Buzz* -> Patch	SNR:R&B SnBuz2 *	
Northstar Productions	Drumscapes	SNR:Snares 1 -> SNR:R&B Sn Buzz* -> Patch	SNR:R&B Sn Buz3*	
Northstar Productions	Drumscapes	SNR:Snares 1 -> SNR:R&B Sn Buzz* -> Patch	SNR:R&B SnBuzz4*	
Northstar Productions	Drumscapes	SNR:Snares 1 -> SNR:R&B Sn Buzz* -> Patch	SNR:R&B SnBuz5 *	
Northstar Productions	Drumscapes	SNR:Snares 1 -> SNR:R&B Sn Buzz* -> Patch	SNR:R&B SnBuzz6*	
Northstar Productions	Drumscapes	SNR:Snares 1 -> SNR:R&B Sn Buzz* -> Sample	SNR:R&B SnBz1*	
Northstar Productions	Drumscapes	SNR:Snares 1 -> SNR:R&B Sn Buzz* -> Sample	SNR:R&B SnBz2*	
Northstar Productions	Drumscapes	SNR:Snares 1 -> SNR:R&B Sn Buzz* -> Sample	SNR:R&B SnBz3*	
Northstar Productions	Drumscapes	SNR:Snares 1 -> SNR:R&B Sn Buzz* -> Sample	SNR:R&B Sn1  *	
Northstar Productions	Drumscapes	SNR:Snares 1 -> SNR:R&B Sn Buzz* -> Sample	SNR:R&B Sn2  *	
Northstar Productions	Drumscapes	SNR:Snares 1 -> SNR:R&B Sn Buzz* -> Sample	SNR:R&B Sn6  *	
Northstar Productions	Drumscapes	SNR:Snares 1 -> SNR:H/H Snares * -> Patch	SNR:H/H Sn Menu*	
Northstar Productions	Drumscapes	SNR:Snares 1 -> SNR:H/H Snares * -> Patch	SNR:H/H Sn1    *	
Northstar Productions	Drumscapes	SNR:Snares 1 -> SNR:H/H Snares * -> Patch	SNR:H/H Sn2    *	
Northstar Productions	Drumscapes	SNR:Snares 1 -> SNR:H/H Snares * -> Patch	SNR:H/H Sn3    *	
Northstar Productions	Drumscapes	SNR:Snares 1 -> SNR:H/H Snares * -> Patch	SNR:H/H Sn4    *	
Northstar Productions	Drumscapes	SNR:Snares 1 -> SNR:H/H Snares * -> Patch	SNR:H/H Sn5    *	
Northstar Productions	Drumscapes	SNR:Snares 1 -> SNR:H/H Snares * -> Patch	SNR:H/H Sn6    *	
Northstar Productions	Drumscapes	SNR:Snares 1 -> SNR:H/H Snares * -> Patch	SNR:H/H Sn7    *	
Northstar Productions	Drumscapes	SNR:Snares 1 -> SNR:H/H Snares * -> Sample	SNR:H/H SnRll*	
Northstar Productions	Drumscapes	SNR:Snares 1 -> SNR:H/H Snares * -> Sample	SNR:H/H Sn7 *	
Northstar Productions	Drumscapes	SNR:Snares 1 -> SNR:H/H Snares * -> Sample	SNR:H/H Sn8 *	
Northstar Productions	Drumscapes	SNR:Snares 1 -> SNR:H/H Snares * -> Sample	SNR:H/H Sn6 *	
Northstar Productions	Drumscapes	SNR:Snares 1 -> SNR:H/H Snares * -> Sample	SNR:H/H Sn4 *	
Northstar Productions	Drumscapes	SNR:Snares 1 -> SNR:H/H Snares * -> Sample	SNR:H/H Sn5 *	
Northstar Productions	Drumscapes	SNR:Snares 1 -> SNR:H/H Snares * -> Sample	SNR:H/H Sn3 *	
Northstar Productions	Drumscapes	SNR:Snares 1 -> SNR:H/H Snares * -> Sample	SNR:H/H Sn2 *	
Northstar Productions	Drumscapes	SNR:Snares 1 -> SNR:H/H Snares * -> Sample	SNR:H/H Sn1 *	
Northstar Productions	Drumscapes	SNR:Snares 1 -> SNR:H/H Snares * -> Sample	SNR:H/H Sn1*	
Northstar Productions	Drumscapes	SNR:Snares 1 -> SNR:H/H Snares * -> Sample	SNR:H/H Sn2*	
Northstar Productions	Drumscapes	SNR:Snares 1 -> SNR:H/H Snares * -> Sample	SNR:H/H Sn3*	
Northstar Productions	Drumscapes	SNR:Snares 1 -> SNR:H/H Snares * -> Sample	SNR:H/H Sn4*	
Northstar Productions	Drumscapes	SNR:Snares 1 -> SNR:H/H Snares * -> Sample	SNR:H/H Sn5*	
Northstar Productions	Drumscapes	SNR:Snares 1 -> SNR:H/H Snares * -> Sample	SNR:H/H Sn6*	
Northstar Productions	Drumscapes	SNR:Snares 1 -> SNR:H/H Sn Roll* -> Patch	SNR:H/H Sn Roll*	
Northstar Productions	Drumscapes	SNR:Snares 1 -> SNR:H/H Sn Roll* -> Sample	SNR:H/H SnRll*	
Northstar Productions	Drumscapes	SNR:Snares 1 -> SNR:Funk Snares* -> Patch	SNR:Funk Sn1   *	
Northstar Productions	Drumscapes	SNR:Snares 1 -> SNR:Funk Snares* -> Patch	SNR:Funk Sn2   *	
Northstar Productions	Drumscapes	SNR:Snares 1 -> SNR:Funk Snares* -> Patch	SNR:Funk Sn3   *	
Northstar Productions	Drumscapes	SNR:Snares 1 -> SNR:Funk Snares* -> Patch	SNR:Funk Sn4   *	
Northstar Productions	Drumscapes	SNR:Snares 1 -> SNR:Funk Snares* -> Patch	SNR:Funk Sn5   *	
Northstar Productions	Drumscapes	SNR:Snares 1 -> SNR:Funk Snares* -> Patch	SNR:Funk Sn6   *	
Northstar Productions	Drumscapes	SNR:Snares 1 -> SNR:Funk Snares* -> Sample	SNR:Fnk Sn1a*	
Northstar Productions	Drumscapes	SNR:Snares 1 -> SNR:Funk Snares* -> Sample	SNR:Fnk Sn1b*	
Northstar Productions	Drumscapes	SNR:Snares 1 -> SNR:Funk Snares* -> Sample	SNR:Fnk Sn1 *	
Northstar Productions	Drumscapes	SNR:Snares 1 -> SNR:Funk Snares* -> Sample	SNR:Fnk Sn1c*	
Northstar Productions	Drumscapes	SNR:Snares 1 -> SNR:Funk Snares* -> Sample	SNR:Fnk Sn2 *	
Northstar Productions	Drumscapes	SNR:Snares 1 -> SNR:Funk Snares* -> Sample	SNR:Fnk Sn6 *	
Northstar Productions	Drumscapes	SNR:Snares 1 -> SNR:Funk Snares* -> Sample	SNR:Fnk Sn7 *	
Northstar Productions	Drumscapes	SNR:Snares 1 -> SNR:Funk Snares* -> Sample	SNR:Fnk Sn3 *	
Northstar Productions	Drumscapes	SNR:Snares 1 -> SNR:Funk Snares* -> Sample	SNR:Fnk Sn4 *	
Northstar Productions	Drumscapes	SNR:Snares 1 -> SNR:Funk Snares* -> Sample	SNR:Fnk Sn5 *	
Northstar Productions	Drumscapes	SNR:Snares 1 -> SNR:Funk Snares* -> Sample	SNR:Fnk Sn8 *	
Northstar Productions	Drumscapes	SNR:Snares 1 -> SNR:Funk SnBuzz* -> Patch	SNR:Funk SnBuzz*	
Northstar Productions	Drumscapes	SNR:Snares 1 -> SNR:Funk SnBuzz* -> Sample	SNR:Fnk Sn1d*	
Northstar Productions	Drumscapes	SNR:Snares 1 -> SNR:Motown Snrs* -> Patch	SNR:Motown Sn1 *	
Northstar Productions	Drumscapes	SNR:Snares 1 -> SNR:Motown Snrs* -> Patch	SNR:Motown Sn2 *	
Northstar Productions	Drumscapes	SNR:Snares 1 -> SNR:Motown Snrs* -> Patch	SNR:Motown Sn3 *	
Northstar Productions	Drumscapes	SNR:Snares 1 -> SNR:Motown Snrs* -> Patch	SNR:Motown Sn4 *	
Northstar Productions	Drumscapes	SNR:Snares 1 -> SNR:Motown Snrs* -> Patch	SNR:Motown Sn5 *	
Northstar Productions	Drumscapes	SNR:Snares 1 -> SNR:Motown Snrs* -> Patch	SNR:Motown Sn6 *	
Northstar Productions	Drumscapes	SNR:Snares 1 -> SNR:Motown Snrs* -> Sample	SNR:Mtwn Sn/s*	
Northstar Productions	Drumscapes	SNR:Snares 1 -> SNR:Motown Snrs* -> Sample	SNR:Mtwn Sn1a*	
Northstar Productions	Drumscapes	SNR:Snares 1 -> SNR:Motown Snrs* -> Sample	SNR:Mtwn Sn2 *	
Northstar Productions	Drumscapes	SNR:Snares 1 -> SNR:Motown Snrs* -> Sample	SNR:Mtwn Sn2a*	
Northstar Productions	Drumscapes	SNR:Snares 1 -> SNR:Motown Snrs* -> Sample	SNR:Mtwn Sn1b*	
Northstar Productions	Drumscapes	SNR:Snares 1 -> SNR:Motown Snrs* -> Sample	SNR:Mtwn Sn2b*	
Northstar Productions	Drumscapes	SNR:Snares 1 -> SNR:Motown Snrs* -> Sample	SNR:Mtwn Sn6 *	
Northstar Productions	Drumscapes	SNR:Snares 1 -> SNR:Motown Snrs* -> Sample	SNR:Mtwn Sn3 *	
Northstar Productions	Drumscapes	SNR:Snares 1 -> SNR:Motown Snrs* -> Sample	SNR:Mtwn Sn5 *	
Northstar Productions	Drumscapes	SNR:Snares 1 -> SNR:Motown Snrs* -> Sample	SNR:Mtwn Sn1 *	
Northstar Productions	Drumscapes	SNR:Snares 1 -> SNR:Motown Snrs* -> Sample	SNR:Mtwn Sn8 *	
Northstar Productions	Drumscapes	SNR:Snares 1 -> SNR:Motown Snrs* -> Sample	SNR:Mtwn Sn7 *	
Northstar Productions	Drumscapes	SNR:Snares 2 -> SNR:Sidesticks -> Patch	SNR:F/R Stick  *	
Northstar Productions	Drumscapes	SNR:Snares 2 -> SNR:Sidesticks -> Patch	SNR:M/R Stick  *	
Northstar Productions	Drumscapes	SNR:Snares 2 -> SNR:Sidesticks -> Patch	SNR:P/B Stick  *	
Northstar Productions	Drumscapes	SNR:Snares 2 -> SNR:Sidesticks -> Patch	SNR:H/H Stick  *	
Northstar Productions	Drumscapes	SNR:Snares 2 -> SNR:Sidesticks -> Patch	SNR:P/C Stick1 *	
Northstar Productions	Drumscapes	SNR:Snares 2 -> SNR:Sidesticks -> Patch	SNR:P/C Stick 2*	
Northstar Productions	Drumscapes	SNR:Snares 2 -> SNR:Sidesticks -> Patch	SNR:P/C Stick 3*	
Northstar Productions	Drumscapes	SNR:Snares 2 -> SNR:Sidesticks -> Patch	SNR:A/C Stick1 *	
Northstar Productions	Drumscapes	SNR:Snares 2 -> SNR:Sidesticks -> Patch	SNR:A/C Stick2 *	
Northstar Productions	Drumscapes	SNR:Snares 2 -> SNR:Sidesticks -> Sample	SNR:F/R Stk1*	
Northstar Productions	Drumscapes	SNR:Snares 2 -> SNR:Sidesticks -> Sample	SNR:A/C Stk1 *	
Northstar Productions	Drumscapes	SNR:Snares 2 -> SNR:Sidesticks -> Sample	SNR:P/C Stk2 *	
Northstar Productions	Drumscapes	SNR:Snares 2 -> SNR:Sidesticks -> Sample	SNR:P/C Stk1 *	
Northstar Productions	Drumscapes	SNR:Snares 2 -> SNR:Sidesticks -> Sample	SNR:A/C Stik2*	
Northstar Productions	Drumscapes	SNR:Snares 2 -> SNR:A/C Snares * -> Patch	SNR:A/C Sn Menu*	
Northstar Productions	Drumscapes	SNR:Snares 2 -> SNR:A/C Snares * -> Patch	SNR:A/C Sn1    *	
Northstar Productions	Drumscapes	SNR:Snares 2 -> SNR:A/C Snares * -> Patch	SNR:A/C Sn2    *	
Northstar Productions	Drumscapes	SNR:Snares 2 -> SNR:A/C Snares * -> Patch	SNR:A/C Sn3    *	
Northstar Productions	Drumscapes	SNR:Snares 2 -> SNR:A/C Snares * -> Patch	SNR:A/C Sn4    *	
Northstar Productions	Drumscapes	SNR:Snares 2 -> SNR:A/C Snares * -> Patch	SNR:A/C Sn5    *	
Northstar Productions	Drumscapes	SNR:Snares 2 -> SNR:A/C Snares * -> Patch	SNR:A/C Sn6    *	
Northstar Productions	Drumscapes	SNR:Snares 2 -> SNR:A/C Snares * -> Patch	SNR:A/C Sn7    *	
Northstar Productions	Drumscapes	SNR:Snares 2 -> SNR:A/C Snares * -> Patch	SNR:A/C Sn8    *	
Northstar Productions	Drumscapes	SNR:Snares 2 -> SNR:A/C Snares * -> Sample	SNR:A/C SnRl2*	
Northstar Productions	Drumscapes	SNR:Snares 2 -> SNR:A/C Snares * -> Sample	SNR:A/C Sn4  *	
Northstar Productions	Drumscapes	SNR:Snares 2 -> SNR:A/C Snares * -> Sample	SNR:A/C Sn6  *	
Northstar Productions	Drumscapes	SNR:Snares 2 -> SNR:A/C Snares * -> Sample	SNR:A/C Sn3  *	
Northstar Productions	Drumscapes	SNR:Snares 2 -> SNR:A/C Snares * -> Sample	SNR:A/C Sn5  *	
Northstar Productions	Drumscapes	SNR:Snares 2 -> SNR:A/C Snares * -> Sample	SNR:A/C SnRll*	
Northstar Productions	Drumscapes	SNR:Snares 2 -> SNR:A/C Snares * -> Sample	SNR:A/C Sn2  *	
Northstar Productions	Drumscapes	SNR:Snares 2 -> SNR:A/C Snares * -> Sample	SNR:A/C Stk1 *	
Northstar Productions	Drumscapes	SNR:Snares 2 -> SNR:A/C Snares * -> Sample	SNR:A/C Stik2*	
Northstar Productions	Drumscapes	SNR:Snares 2 -> SNR:A/C Snares * -> Sample	SNR:A/C Sn2 *	
Northstar Productions	Drumscapes	SNR:Snares 2 -> SNR:A/C Snares * -> Sample	SNR:A/C Sn3 *	
Northstar Productions	Drumscapes	SNR:Snares 2 -> SNR:A/C Snares * -> Sample	SNR:A/C Sn4*	
Northstar Productions	Drumscapes	SNR:Snares 2 -> SNR:A/C Snares * -> Sample	SNR:A/C Sn5 *	
Northstar Productions	Drumscapes	SNR:Snares 2 -> SNR:A/C Snares * -> Sample	SNR:A/C Sn6 *	
Northstar Productions	Drumscapes	SNR:Snares 2 -> SNR:A/C Snares * -> Sample	SNR:A/C Sn7 *	
Northstar Productions	Drumscapes	SNR:Snares 2 -> SNR:A/C Snares * -> Sample	SNR:A/C Sn8 *	
Northstar Productions	Drumscapes	SNR:Snares 2 -> SNR:A/C SnRolls* -> Patch	SNR:A/C SnRoll1*	
Northstar Productions	Drumscapes	SNR:Snares 2 -> SNR:A/C SnRolls* -> Patch	SNR:A/C SnRoll2*	
Northstar Productions	Drumscapes	SNR:Snares 2 -> SNR:A/C SnRolls* -> Sample	SNR:A/C SnRll*	
Northstar Productions	Drumscapes	SNR:Snares 2 -> SNR:A/C SnRolls* -> Sample	SNR:A/C SnRl2*	
Northstar Productions	Drumscapes	SNR:Snares 2 -> SNR:A/C Sticks * -> Patch	SNR:A/C Stick1 *	
Northstar Productions	Drumscapes	SNR:Snares 2 -> SNR:A/C Sticks * -> Patch	SNR:A/C Stick2 *	
Northstar Productions	Drumscapes	SNR:Snares 2 -> SNR:A/C Sticks * -> Sample	SNR:A/C Stk1 *	
Northstar Productions	Drumscapes	SNR:Snares 2 -> SNR:A/C Sticks * -> Sample	SNR:A/C Stik2*	
Northstar Productions	Drumscapes	SNR:Snares 2 -> SNR:P/C Snares * -> Patch	SNR:P/C Sn Menu*	
Northstar Productions	Drumscapes	SNR:Snares 2 -> SNR:P/C Snares * -> Patch	SNR:P/C Sn1    *	
Northstar Productions	Drumscapes	SNR:Snares 2 -> SNR:P/C Snares * -> Patch	SNR:P/C Sn2    *	
Northstar Productions	Drumscapes	SNR:Snares 2 -> SNR:P/C Snares * -> Patch	SNR:P/C Sn3    *	
Northstar Productions	Drumscapes	SNR:Snares 2 -> SNR:P/C Snares * -> Patch	SNR:P/C Sn4    *	
Northstar Productions	Drumscapes	SNR:Snares 2 -> SNR:P/C Snares * -> Patch	SNR:P/C Sn5    *	
Northstar Productions	Drumscapes	SNR:Snares 2 -> SNR:P/C Snares * -> Patch	SNR:P/C Sn6    *	
Northstar Productions	Drumscapes	SNR:Snares 2 -> SNR:P/C Snares * -> Sample	SNR:P/C Stk1 *	
Northstar Productions	Drumscapes	SNR:Snares 2 -> SNR:P/C Snares * -> Sample	SNR:P/C Stk2 *	
Northstar Productions	Drumscapes	SNR:Snares 2 -> SNR:P/C Snares * -> Sample	SNR:P/C Sn1  *	
Northstar Productions	Drumscapes	SNR:Snares 2 -> SNR:P/C Snares * -> Sample	SNR:P/C Sn2  *	
Northstar Productions	Drumscapes	SNR:Snares 2 -> SNR:P/C Snares * -> Sample	SNR:P/C Sn3  *	
Northstar Productions	Drumscapes	SNR:Snares 2 -> SNR:P/C Snares * -> Sample	SNR:P/C Sn4a *	
Northstar Productions	Drumscapes	SNR:Snares 2 -> SNR:P/C Snares * -> Sample	SNR:P/C Sn4b *	
Northstar Productions	Drumscapes	SNR:Snares 2 -> SNR:P/C Snares * -> Sample	SNR:P/C Sn5a*	
Northstar Productions	Drumscapes	SNR:Snares 2 -> SNR:P/C Snares * -> Sample	SNR:P/C Sn5c*	
Northstar Productions	Drumscapes	SNR:Snares 2 -> SNR:P/C Snares * -> Sample	SNR:P/C Sn5b*	
Northstar Productions	Drumscapes	SNR:Snares 2 -> SNR:P/C Snares * -> Sample	SNR:P/C Sn5d*	
Northstar Productions	Drumscapes	SNR:Snares 2 -> SNR:P/C Snares * -> Sample	SNR:P/C Sn8 *	
Northstar Productions	Drumscapes	SNR:Snares 2 -> SNR:P/C Snares * -> Sample	SNR:P/C Sn7 *	
Northstar Productions	Drumscapes	SNR:Snares 2 -> SNR:P/C Sticks * -> Patch	SNR:P/C Stick1 *	
Northstar Productions	Drumscapes	SNR:Snares 2 -> SNR:P/C Sticks * -> Patch	SNR:P/C Stick 2*	
Northstar Productions	Drumscapes	SNR:Snares 2 -> SNR:P/C Sticks * -> Patch	SNR:P/C Stick 3*	
Northstar Productions	Drumscapes	SNR:Snares 2 -> SNR:P/C Sticks * -> Sample	SNR:P/C Stk1 *	
Northstar Productions	Drumscapes	SNR:Snares 2 -> SNR:P/C Sticks * -> Sample	SNR:P/C Stk2 *	
Northstar Productions	Drumscapes	TOM:Toms 1 -> TOM:F/R Toms   * -> Patch	TOM:F/R TomMenu*	
Northstar Productions	Drumscapes	TOM:Toms 1 -> TOM:F/R Toms   * -> Patch	TOM:F/R Toms 1 *	
Northstar Productions	Drumscapes	TOM:Toms 1 -> TOM:F/R Toms   * -> Patch	TOM:F/R Toms 2 *	
Northstar Productions	Drumscapes	TOM:Toms 1 -> TOM:F/R Toms   * -> Patch	TOM:F/R Toms 3 *	
Northstar Productions	Drumscapes	TOM:Toms 1 -> TOM:F/R Toms   * -> Patch	TOM:F/R TomFlam*	
Northstar Productions	Drumscapes	TOM:Toms 1 -> TOM:F/R Toms   * -> Sample	TOM:F/RLoTom2*	
Northstar Productions	Drumscapes	TOM:Toms 1 -> TOM:F/R Toms   * -> Sample	TOM:F/RLoTom3*	
Northstar Productions	Drumscapes	TOM:Toms 1 -> TOM:F/R Toms   * -> Sample	TOM:F/RLMTom2*	
Northstar Productions	Drumscapes	TOM:Toms 1 -> TOM:F/R Toms   * -> Sample	TOM:F/RLMTom3*	
Northstar Productions	Drumscapes	TOM:Toms 1 -> TOM:F/R Toms   * -> Sample	TOM:F/RHMTom2*	
Northstar Productions	Drumscapes	TOM:Toms 1 -> TOM:F/R Toms   * -> Sample	TOM:F/RHMTom3*	
Northstar Productions	Drumscapes	TOM:Toms 1 -> TOM:F/R Toms   * -> Sample	TOM:F/RHiTom1*	
Northstar Productions	Drumscapes	TOM:Toms 1 -> TOM:F/R Toms   * -> Sample	TOM:F/RHiTom3*	
Northstar Productions	Drumscapes	TOM:Toms 1 -> TOM:F/R Toms   * -> Sample	TOM:F/RLoTom1*	
Northstar Productions	Drumscapes	TOM:Toms 1 -> TOM:F/R Toms   * -> Sample	TOM:F/RLMTom1*	
Northstar Productions	Drumscapes	TOM:Toms 1 -> TOM:F/R Toms   * -> Sample	TOM:F/RHMTom1*	
Northstar Productions	Drumscapes	TOM:Toms 1 -> TOM:F/R Toms   * -> Sample	TOM:F/RHiTom2*	
Northstar Productions	Drumscapes	TOM:Toms 1 -> TOM:F/R Toms   * -> Sample	TOM:F/RTomFl4*	
Northstar Productions	Drumscapes	TOM:Toms 1 -> TOM:F/R Toms   * -> Sample	TOM:F/RTomFl3*	
Northstar Productions	Drumscapes	TOM:Toms 1 -> TOM:F/R Toms   * -> Sample	TOM:F/RTomFl2*	
Northstar Productions	Drumscapes	TOM:Toms 1 -> TOM:F/R Toms   * -> Sample	TOM:F/RTomFl1*	
Northstar Productions	Drumscapes	TOM:Toms 1 -> TOM:M/R Toms   * -> Patch	TOM:M/R TomMenu*	
Northstar Productions	Drumscapes	TOM:Toms 1 -> TOM:M/R Toms   * -> Patch	TOM:M/R Toms 1 *	
Northstar Productions	Drumscapes	TOM:Toms 1 -> TOM:M/R Toms   * -> Patch	TOM:M/R Toms 2 *	
Northstar Productions	Drumscapes	TOM:Toms 1 -> TOM:M/R Toms   * -> Patch	TOM:M/R TomFlam*	
Northstar Productions	Drumscapes	TOM:Toms 1 -> TOM:M/R Toms   * -> Sample	TOM:M/R LoT1a*	
Northstar Productions	Drumscapes	TOM:Toms 1 -> TOM:M/R Toms   * -> Sample	TOM:M/R LoT1b*	
Northstar Productions	Drumscapes	TOM:Toms 1 -> TOM:M/R Toms   * -> Sample	TOM:M/R MT1a *	
Northstar Productions	Drumscapes	TOM:Toms 1 -> TOM:M/R Toms   * -> Sample	SNR:M/R MT1b *	
Northstar Productions	Drumscapes	TOM:Toms 1 -> TOM:M/R Toms   * -> Sample	TOM:M/R HiT1a*	
Northstar Productions	Drumscapes	TOM:Toms 1 -> TOM:M/R Toms   * -> Sample	TOM:M/R HiT1b*	
Northstar Productions	Drumscapes	TOM:Toms 1 -> TOM:M/R Toms   * -> Sample	TOM:M/R LoT1c*	
Northstar Productions	Drumscapes	TOM:Toms 1 -> TOM:M/R Toms   * -> Sample	TOM:M/R MT1c *	
Northstar Productions	Drumscapes	TOM:Toms 1 -> TOM:M/R Toms   * -> Sample	TOM:M/R HiT1c*	
Northstar Productions	Drumscapes	TOM:Toms 1 -> TOM:M/R Toms   * -> Sample	TOM:M/R LoTFl*	
Northstar Productions	Drumscapes	TOM:Toms 1 -> TOM:M/R Toms   * -> Sample	TOM:M/R MTFl *	
Northstar Productions	Drumscapes	TOM:Toms 1 -> TOM:M/R Toms   * -> Sample	TOM:M/R HiTFl*	
Northstar Productions	Drumscapes	TOM:Toms 1 -> TOM:P/B Toms   * -> Patch	TOM:P/B TomMenu*	
Northstar Productions	Drumscapes	TOM:Toms 1 -> TOM:P/B Toms   * -> Patch	TOM:P/B Toms 1 *	
Northstar Productions	Drumscapes	TOM:Toms 1 -> TOM:P/B Toms   * -> Patch	TOM:P/B Toms 2 *	
Northstar Productions	Drumscapes	TOM:Toms 1 -> TOM:P/B Toms   * -> Patch	TOM:P/B TomFlam*	
Northstar Productions	Drumscapes	TOM:Toms 1 -> TOM:P/B Toms   * -> Sample	TOM:P/BLTom1b*	
Northstar Productions	Drumscapes	TOM:Toms 1 -> TOM:P/B Toms   * -> Sample	TOM:P/BLMTm1b*	
Northstar Productions	Drumscapes	TOM:Toms 1 -> TOM:P/B Toms   * -> Sample	TOM:P/BHMTm1a*	
Northstar Productions	Drumscapes	TOM:Toms 1 -> TOM:P/B Toms   * -> Sample	TOM:P/B HTm1b*	
Northstar Productions	Drumscapes	TOM:Toms 1 -> TOM:P/B Toms   * -> Sample	TOM:P/B LTm1c*	
Northstar Productions	Drumscapes	TOM:Toms 1 -> TOM:P/B Toms   * -> Sample	TOM:P/B LTm1d*	
Northstar Productions	Drumscapes	TOM:Toms 1 -> TOM:P/B Toms   * -> Sample	TOM:P/BLMTm1c*	
Northstar Productions	Drumscapes	TOM:Toms 1 -> TOM:P/B Toms   * -> Sample	TOM:P/BLMTm1d*	
Northstar Productions	Drumscapes	TOM:Toms 1 -> TOM:P/B Toms   * -> Sample	TOM:P/BHMTm1c*	
Northstar Productions	Drumscapes	TOM:Toms 1 -> TOM:P/B Toms   * -> Sample	TOM:P/BHMTm1d*	
Northstar Productions	Drumscapes	TOM:Toms 1 -> TOM:P/B Toms   * -> Sample	TOM:P/B HTm1c*	
Northstar Productions	Drumscapes	TOM:Toms 1 -> TOM:P/B Toms   * -> Sample	TOM:P/B HTm1d*	
Northstar Productions	Drumscapes	TOM:Toms 1 -> TOM:P/B Toms   * -> Sample	TOM:P/BLTmFl1*	
Northstar Productions	Drumscapes	TOM:Toms 1 -> TOM:P/B Toms   * -> Sample	TOM:P/BLMTFl1*	
Northstar Productions	Drumscapes	TOM:Toms 1 -> TOM:P/B Toms   * -> Sample	TOM:P/BHMTFl1*	
Northstar Productions	Drumscapes	TOM:Toms 1 -> TOM:P/B Toms   * -> Sample	TOM:P/BHTmFl1*	
Northstar Productions	Drumscapes	TOM:Toms 1 -> TOM:F/S Toms   * -> Patch	TOM:F/S TomMenu*	
Northstar Productions	Drumscapes	TOM:Toms 1 -> TOM:F/S Toms   * -> Patch	TOM:F/S Toms 1 *	
Northstar Productions	Drumscapes	TOM:Toms 1 -> TOM:F/S Toms   * -> Patch	TOM:F/S Toms 2 *	
Northstar Productions	Drumscapes	TOM:Toms 1 -> TOM:F/S Toms   * -> Patch	TOM:F/S TomFlam*	
Northstar Productions	Drumscapes	TOM:Toms 1 -> TOM:F/S Toms   * -> Sample	TOM:F/S LTm1 *	
Northstar Productions	Drumscapes	TOM:Toms 1 -> TOM:F/S Toms   * -> Sample	TOM:F/S LTm2 *	
Northstar Productions	Drumscapes	TOM:Toms 1 -> TOM:F/S Toms   * -> Sample	TOM:F/S MTm1 *	
Northstar Productions	Drumscapes	TOM:Toms 1 -> TOM:F/S Toms   * -> Sample	TOM:F/S MTm3 *	
Northstar Productions	Drumscapes	TOM:Toms 1 -> TOM:F/S Toms   * -> Sample	TOM:F/S HTm1 *	
Northstar Productions	Drumscapes	TOM:Toms 1 -> TOM:F/S Toms   * -> Sample	TOM:F/S HTm2 *	
Northstar Productions	Drumscapes	TOM:Toms 1 -> TOM:F/S Toms   * -> Sample	TOM:F/S LTm3 *	
Northstar Productions	Drumscapes	TOM:Toms 1 -> TOM:F/S Toms   * -> Sample	TOM:F/S MTm2 *	
Northstar Productions	Drumscapes	TOM:Toms 1 -> TOM:F/S Toms   * -> Sample	TOM:F/S HTm3 *	
Northstar Productions	Drumscapes	TOM:Toms 1 -> TOM:F/S Toms   * -> Sample	TOM:F/S LTmFl*	
Northstar Productions	Drumscapes	TOM:Toms 1 -> TOM:F/S Toms   * -> Sample	TOM:F/S MTmFl*	
Northstar Productions	Drumscapes	TOM:Toms 1 -> TOM:F/S Toms   * -> Sample	TOM:F/S HTmFl*	
Northstar Productions	Drumscapes	TOM:Toms 1 -> TOM:S/S Toms   * -> Patch	TOM:S/S TomMenu*	
Northstar Productions	Drumscapes	TOM:Toms 1 -> TOM:S/S Toms   * -> Patch	TOM:S/S Toms 1 *	
Northstar Productions	Drumscapes	TOM:Toms 1 -> TOM:S/S Toms   * -> Patch	TOM:S/S Toms 2 *	
Northstar Productions	Drumscapes	TOM:Toms 1 -> TOM:S/S Toms   * -> Patch	TOM:S/S TomFlam*	
Northstar Productions	Drumscapes	TOM:Toms 1 -> TOM:S/S Toms   * -> Sample	TOM:S/S LT1b*	
Northstar Productions	Drumscapes	TOM:Toms 1 -> TOM:S/S Toms   * -> Sample	TOM:S/S LT1a*	
Northstar Productions	Drumscapes	TOM:Toms 1 -> TOM:S/S Toms   * -> Sample	TOM:S/S MT1a*	
Northstar Productions	Drumscapes	TOM:Toms 1 -> TOM:S/S Toms   * -> Sample	TOM:S/S MT1b*	
Northstar Productions	Drumscapes	TOM:Toms 1 -> TOM:S/S Toms   * -> Sample	TOM:S/S HT1a*	
Northstar Productions	Drumscapes	TOM:Toms 1 -> TOM:S/S Toms   * -> Sample	TOM:S/S HT1b*	
Northstar Productions	Drumscapes	TOM:Toms 1 -> TOM:S/S Toms   * -> Sample	TOM:S/S LTH2*	
Northstar Productions	Drumscapes	TOM:Toms 1 -> TOM:S/S Toms   * -> Sample	TOM:S/S MTH2*	
Northstar Productions	Drumscapes	TOM:Toms 1 -> TOM:S/S Toms   * -> Sample	TOM:S/S HTH2*	
Northstar Productions	Drumscapes	TOM:Toms 1 -> TOM:S/S Toms   * -> Sample	TOM:S/S LTFl*	
Northstar Productions	Drumscapes	TOM:Toms 1 -> TOM:S/S Toms   * -> Sample	TOM:S/S MTFl*	
Northstar Productions	Drumscapes	TOM:Toms 1 -> TOM:S/S Toms   * -> Sample	TOM:S/S HTFl*	
Northstar Productions	Drumscapes	TOM:Toms 2 -> TOM:F/T Toms   * -> Patch	TOM:F/T TomMenu*	
Northstar Productions	Drumscapes	TOM:Toms 2 -> TOM:F/T Toms   * -> Patch	TOM:F/T Toms 1 *	
Northstar Productions	Drumscapes	TOM:Toms 2 -> TOM:F/T Toms   * -> Patch	TOM:F/T Toms 2 *	
Northstar Productions	Drumscapes	TOM:Toms 2 -> TOM:F/T Toms   * -> Sample	TOM:F/T LoT1a*	
Northstar Productions	Drumscapes	TOM:Toms 2 -> TOM:F/T Toms   * -> Sample	TOM:F/T LoT1b*	
Northstar Productions	Drumscapes	TOM:Toms 2 -> TOM:F/T Toms   * -> Sample	TOM:F/T LMT1a*	
Northstar Productions	Drumscapes	TOM:Toms 2 -> TOM:F/T Toms   * -> Sample	TOM:F/T LMT1b*	
Northstar Productions	Drumscapes	TOM:Toms 2 -> TOM:F/T Toms   * -> Sample	TOM:F/T HMT1a*	
Northstar Productions	Drumscapes	TOM:Toms 2 -> TOM:F/T Toms   * -> Sample	TOM:F/T HMT1b*	
Northstar Productions	Drumscapes	TOM:Toms 2 -> TOM:F/T Toms   * -> Sample	TOM:F/T HiT1a*	
Northstar Productions	Drumscapes	TOM:Toms 2 -> TOM:F/T Toms   * -> Sample	TOM:F/T HiT1b*	
Northstar Productions	Drumscapes	TOM:Toms 2 -> TOM:F/T Toms   * -> Sample	TOM:F/T LoT2 *	
Northstar Productions	Drumscapes	TOM:Toms 2 -> TOM:F/T Toms   * -> Sample	TOM:F/T LMT2 *	
Northstar Productions	Drumscapes	TOM:Toms 2 -> TOM:F/T Toms   * -> Sample	TOM:F/T HMT2 *	
Northstar Productions	Drumscapes	TOM:Toms 2 -> TOM:F/T Toms   * -> Sample	TOM:F/T HiT2 *	
Northstar Productions	Drumscapes	TOM:Toms 2 -> TOM:R&B Toms   * -> Patch	TOM:R&B TomMenu*	
Northstar Productions	Drumscapes	TOM:Toms 2 -> TOM:R&B Toms   * -> Patch	TOM:R&B Toms 1 *	
Northstar Productions	Drumscapes	TOM:Toms 2 -> TOM:R&B Toms   * -> Patch	TOM:R&B Toms 2 *	
Northstar Productions	Drumscapes	TOM:Toms 2 -> TOM:R&B Toms   * -> Patch	TOM:R&B Toms 3 *	
Northstar Productions	Drumscapes	TOM:Toms 2 -> TOM:R&B Toms   * -> Patch	TOM:R&B Toms 4 *	
Northstar Productions	Drumscapes	TOM:Toms 2 -> TOM:R&B Toms   * -> Sample	TOM:R&B LTom2*	
Northstar Productions	Drumscapes	TOM:Toms 2 -> TOM:R&B Toms   * -> Sample	TOM:R&B LTom3*	
Northstar Productions	Drumscapes	TOM:Toms 2 -> TOM:R&B Toms   * -> Sample	TOM:R&B LTom1*	
Northstar Productions	Drumscapes	TOM:Toms 2 -> TOM:R&B Toms   * -> Sample	TOM:R&B MTom1*	
Northstar Productions	Drumscapes	TOM:Toms 2 -> TOM:R&B Toms   * -> Sample	TOM:R&B MTom2*	
Northstar Productions	Drumscapes	TOM:Toms 2 -> TOM:R&B Toms   * -> Sample	TOM:R&B HTom1*	
Northstar Productions	Drumscapes	TOM:Toms 2 -> TOM:R&B Toms   * -> Sample	TOM:R&B HTom2*	
Northstar Productions	Drumscapes	TOM:Toms 2 -> TOM:R&B Toms   * -> Sample	TOM:R&B MTom3*	
Northstar Productions	Drumscapes	TOM:Toms 2 -> TOM:R&B Toms   * -> Sample	TOM:R&B HTom3*	
Northstar Productions	Drumscapes	TOM:Toms 2 -> TOM:R&B Toms   * -> Sample	TOM:H/H HiT2a*	
Northstar Productions	Drumscapes	TOM:Toms 2 -> TOM:R&B Toms   * -> Sample	TOM:H/H HiT2b*	
Northstar Productions	Drumscapes	TOM:Toms 2 -> TOM:H/H Toms   * -> Patch	TOM:H/H TomMenu*	
Northstar Productions	Drumscapes	TOM:Toms 2 -> TOM:H/H Toms   * -> Patch	TOM:H/H Tom 1  *	
Northstar Productions	Drumscapes	TOM:Toms 2 -> TOM:H/H Toms   * -> Patch	TOM:H/H Toms 2 *	
Northstar Productions	Drumscapes	TOM:Toms 2 -> TOM:H/H Toms   * -> Sample	TOM:H/H HiT2a*	
Northstar Productions	Drumscapes	TOM:Toms 2 -> TOM:H/H Toms   * -> Sample	TOM:H/H HiT2b*	
Northstar Productions	Drumscapes	TOM:Toms 2 -> TOM:H/H Toms   * -> Sample	TOM:H/H HiT1a  *	
Northstar Productions	Drumscapes	TOM:Toms 2 -> TOM:H/H Toms   * -> Sample	TOM:H/H HiT1b  *	
Northstar Productions	Drumscapes	TOM:Toms 2 -> TOM:A/C Toms   * -> Patch	TOM:A/C TomMenu*	
Northstar Productions	Drumscapes	TOM:Toms 2 -> TOM:A/C Toms   * -> Patch	TOM:A/C Toms 1 *	
Northstar Productions	Drumscapes	TOM:Toms 2 -> TOM:A/C Toms   * -> Patch	TOM:A/C Toms 2 *	
Northstar Productions	Drumscapes	TOM:Toms 2 -> TOM:A/C Toms   * -> Patch	CYM:A/C Ride 2 *	
Northstar Productions	Drumscapes	TOM:Toms 2 -> TOM:A/C Toms   * -> Patch	CYM:A/C Crsh 7 *	
Northstar Productions	Drumscapes	TOM:Toms 2 -> TOM:A/C Toms   * -> Patch	CYM:A/C Crsh 4 *	
Northstar Productions	Drumscapes	TOM:Toms 2 -> TOM:A/C Toms   * -> Sample	TOM:A/C FlrT1*	
Northstar Productions	Drumscapes	TOM:Toms 2 -> TOM:A/C Toms   * -> Sample	TOM:A/C FlrT2*	
Northstar Productions	Drumscapes	TOM:Toms 2 -> TOM:A/C Toms   * -> Sample	TOM:A/C LoT2 *	
Northstar Productions	Drumscapes	TOM:Toms 2 -> TOM:A/C Toms   * -> Sample	TOM:A/C LoT3 *	
Northstar Productions	Drumscapes	TOM:Toms 2 -> TOM:A/C Toms   * -> Sample	TOM:A/C MdT2 *	
Northstar Productions	Drumscapes	TOM:Toms 2 -> TOM:A/C Toms   * -> Sample	TOM:A/C MdT3 *	
Northstar Productions	Drumscapes	TOM:Toms 2 -> TOM:A/C Toms   * -> Sample	TOM:A/C HiT1 *	
Northstar Productions	Drumscapes	TOM:Toms 2 -> TOM:A/C Toms   * -> Sample	TOM:A/C HiT2 *	
Northstar Productions	Drumscapes	TOM:Toms 2 -> TOM:A/C Toms   * -> Sample	TOM:A/C LoT1 *	
Northstar Productions	Drumscapes	TOM:Toms 2 -> TOM:A/C Toms   * -> Sample	TOM:A/C MdT1 *	
Northstar Productions	Drumscapes	TOM:Toms 2 -> TOM:A/C Toms   * -> Sample	TOM:A/C HiT3 *	
Northstar Productions	Drumscapes	TOM:Toms 2 -> TOM:A/C Toms   * -> Sample	CYM:A/C Ride2*-L	
Northstar Productions	Drumscapes	TOM:Toms 2 -> TOM:A/C Toms   * -> Sample	CYM:A/C 16Cr4*-L	
Northstar Productions	Drumscapes	TOM:Toms 2 -> TOM:A/C Toms   * -> Sample	CYM:A/C 18Cr4*-L	
Northstar Productions	Drumscapes	TOM:Toms 2 -> TOM:P/C Toms   * -> Patch	TOM:P/C TomMenu*	
Northstar Productions	Drumscapes	TOM:Toms 2 -> TOM:P/C Toms   * -> Patch	TOM:P/C Toms 1 *	
Northstar Productions	Drumscapes	TOM:Toms 2 -> TOM:P/C Toms   * -> Patch	TOM:P/C Toms 2 *	
Northstar Productions	Drumscapes	TOM:Toms 2 -> TOM:P/C Toms   * -> Patch	TOM:P/C Toms 3M*	
Northstar Productions	Drumscapes	TOM:Toms 2 -> TOM:P/C Toms   * -> Patch	TOM:P/C Toms 4S*	
Northstar Productions	Drumscapes	TOM:Toms 2 -> TOM:P/C Toms   * -> Patch	TOM:P/C Toms 5S*	
Northstar Productions	Drumscapes	TOM:Toms 2 -> TOM:P/C Toms   * -> Patch	TOM:P/C TomFlm1*	
Northstar Productions	Drumscapes	TOM:Toms 2 -> TOM:P/C Toms   * -> Patch	TOM:P/C TomFlm2*	
Northstar Productions	Drumscapes	TOM:Toms 2 -> TOM:P/C Toms   * -> Sample	TOM:P/C LMT3Fl *	
Northstar Productions	Drumscapes	TOM:Toms 2 -> TOM:P/C Toms   * -> Sample	TOM:P/C HMT3Fl *	
Northstar Productions	Drumscapes	TOM:Toms 2 -> TOM:P/C Toms   * -> Sample	TOM:P/C HiT3Fl *	
Northstar Productions	Drumscapes	TOM:Toms 2 -> TOM:P/C Toms   * -> Sample	TOM:P/C LoT3a*	
Northstar Productions	Drumscapes	TOM:Toms 2 -> TOM:P/C Toms   * -> Sample	TOM:P/C LoT3b*	
Northstar Productions	Drumscapes	TOM:Toms 2 -> TOM:P/C Toms   * -> Sample	TOM:P/C LoT3c*	
Northstar Productions	Drumscapes	TOM:Toms 2 -> TOM:P/C Toms   * -> Sample	TOM:P/C LMT3a*	
Northstar Productions	Drumscapes	TOM:Toms 2 -> TOM:P/C Toms   * -> Sample	TOM:P/C LMT3b*	
Northstar Productions	Drumscapes	TOM:Toms 2 -> TOM:P/C Toms   * -> Sample	TOM:P/C LMT3c*	
Northstar Productions	Drumscapes	TOM:Toms 2 -> TOM:P/C Toms   * -> Sample	TOM:P/C LOT1a*	
Northstar Productions	Drumscapes	TOM:Toms 2 -> TOM:P/C Toms   * -> Sample	TOM:P/C LOT1b*	
Northstar Productions	Drumscapes	TOM:Toms 2 -> TOM:P/C Toms   * -> Sample	TOM:P/C LMT1a*	
Northstar Productions	Drumscapes	TOM:Toms 2 -> TOM:P/C Toms   * -> Sample	TOM:P/C LMT1b*	
Northstar Productions	Drumscapes	TOM:Toms 2 -> TOM:P/C Toms   * -> Sample	TOM:P/C HMT1a*	
Northstar Productions	Drumscapes	TOM:Toms 2 -> TOM:P/C Toms   * -> Sample	TOM:P/C HMT1b*	
Northstar Productions	Drumscapes	TOM:Toms 2 -> TOM:P/C Toms   * -> Sample	TOM:P/C HiT1a*	
Northstar Productions	Drumscapes	TOM:Toms 2 -> TOM:P/C Toms   * -> Sample	TOM:P/C HiT1b*	
Northstar Productions	Drumscapes	TOM:Toms 2 -> TOM:P/C Toms   * -> Sample	TOM:P/C LoT2 *	
Northstar Productions	Drumscapes	TOM:Toms 2 -> TOM:P/C Toms   * -> Sample	TOM:P/C LMT2 *	
Northstar Productions	Drumscapes	TOM:Toms 2 -> TOM:P/C Toms   * -> Sample	TOM:P/C HMT2 *	
Northstar Productions	Drumscapes	TOM:Toms 2 -> TOM:P/C Toms   * -> Sample	TOM:P/C HiT2 *	
Northstar Productions	Drumscapes	TOM:Toms 2 -> TOM:P/C Toms   * -> Sample	TOM:P/CLoT1Fl*	
Northstar Productions	Drumscapes	TOM:Toms 2 -> TOM:P/C Toms   * -> Sample	TOM:P/CLMT1Fl*	
Northstar Productions	Drumscapes	TOM:Toms 2 -> TOM:P/C Toms   * -> Sample	TOM:P/CHMT1Fl*	
Northstar Productions	Drumscapes	TOM:Toms 2 -> TOM:P/C Toms   * -> Sample	TOM:P/CHiT1Fl*	
Northstar Productions	Drumscapes	TOM:Toms 2 -> TOM:P/C Toms   * -> Sample	TOM:P/C HMT3a*	
Northstar Productions	Drumscapes	TOM:Toms 2 -> TOM:P/C Toms   * -> Sample	TOM:P/C HMT3c*	
Northstar Productions	Drumscapes	TOM:Toms 2 -> TOM:P/C Toms   * -> Sample	TOM:P/C HiT3a*	
Northstar Productions	Drumscapes	TOM:Toms 2 -> TOM:P/C Toms   * -> Sample	TOM:P/C HiT3c*	
Northstar Productions	Drumscapes	TOM:Toms 2 -> TOM:P/C Toms   * -> Sample	TOM:P/C HMT3b*	
Northstar Productions	Drumscapes	TOM:Toms 2 -> TOM:P/C Toms   * -> Sample	TOM:P/C HiT3b*	
Northstar Productions	Drumscapes	HAT:Hi-Hats -> HAT:F/R Hi-Hats* -> Patch	HAT:F/R HH Menu*	
Northstar Productions	Drumscapes	HAT:Hi-Hats -> HAT:F/R Hi-Hats* -> Patch	HAT:F/R Hat 1  *	
Northstar Productions	Drumscapes	HAT:Hi-Hats -> HAT:F/R Hi-Hats* -> Patch	HAT:F/R Hat 2  *	
Northstar Productions	Drumscapes	HAT:Hi-Hats -> HAT:F/R Hi-Hats* -> Patch	HAT:F/R Hat 3  *	
Northstar Productions	Drumscapes	HAT:Hi-Hats -> HAT:F/R Hi-Hats* -> Patch	HAT:F/R Hat 4  *	
Northstar Productions	Drumscapes	HAT:Hi-Hats -> HAT:F/R Hi-Hats* -> Patch	HAT:F/R Hat 5  *	
Northstar Productions	Drumscapes	HAT:Hi-Hats -> HAT:F/R Hi-Hats* -> Patch	HAT:F/R Hat 6  *	
Northstar Productions	Drumscapes	HAT:Hi-Hats -> HAT:F/R Hi-Hats* -> Patch	HAT:F/R Hat 7  *	
Northstar Productions	Drumscapes	HAT:Hi-Hats -> HAT:F/R Hi-Hats* -> Patch	HAT:F/R HH 8S  *	
Northstar Productions	Drumscapes	HAT:Hi-Hats -> HAT:F/R Hi-Hats* -> Patch	HAT:F/R HH 8M  *	
Northstar Productions	Drumscapes	HAT:Hi-Hats -> HAT:F/R Hi-Hats* -> Sample	HAT:F/R HatP1*	
Northstar Productions	Drumscapes	HAT:Hi-Hats -> HAT:F/R Hi-Hats* -> Sample	HAT:F/R HatP2*	
Northstar Productions	Drumscapes	HAT:Hi-Hats -> HAT:F/R Hi-Hats* -> Sample	HAT:F/R HatC5*	
Northstar Productions	Drumscapes	HAT:Hi-Hats -> HAT:F/R Hi-Hats* -> Sample	HAT:F/R HatC1*	
Northstar Productions	Drumscapes	HAT:Hi-Hats -> HAT:F/R Hi-Hats* -> Sample	HAT:F/R HatC3*	
Northstar Productions	Drumscapes	HAT:Hi-Hats -> HAT:F/R Hi-Hats* -> Sample	HAT:F/R HatC2*	
Northstar Productions	Drumscapes	HAT:Hi-Hats -> HAT:F/R Hi-Hats* -> Sample	HAT:F/R HatC4*	
Northstar Productions	Drumscapes	HAT:Hi-Hats -> HAT:F/R Hi-Hats* -> Sample	HAT:P/B CHat2*	
Northstar Productions	Drumscapes	HAT:Hi-Hats -> HAT:F/R Hi-Hats* -> Sample	HAT:F/R HatL1*	
Northstar Productions	Drumscapes	HAT:Hi-Hats -> HAT:F/R Hi-Hats* -> Sample	HAT:F/R HatL2*	
Northstar Productions	Drumscapes	HAT:Hi-Hats -> HAT:F/R Hi-Hats* -> Sample	HAT:F/R HatO1*	
Northstar Productions	Drumscapes	HAT:Hi-Hats -> HAT:F/R Hi-Hats* -> Sample	HAT:F/R HatL4*	
Northstar Productions	Drumscapes	HAT:Hi-Hats -> HAT:M/R Hats   * -> Patch	HAT:M/R HatMenu*	
Northstar Productions	Drumscapes	HAT:Hi-Hats -> HAT:M/R Hats   * -> Patch	HAT:M/R Hat 1  *	
Northstar Productions	Drumscapes	HAT:Hi-Hats -> HAT:M/R Hats   * -> Patch	HAT:M/R Hat 2  *	
Northstar Productions	Drumscapes	HAT:Hi-Hats -> HAT:M/R Hats   * -> Patch	HAT:M/R Hat 3  *	
Northstar Productions	Drumscapes	HAT:Hi-Hats -> HAT:M/R Hats   * -> Patch	HAT:M/R Hat 4  *	
Northstar Productions	Drumscapes	HAT:Hi-Hats -> HAT:M/R Hats   * -> Patch	HAT:M/R Hat 5  *	
Northstar Productions	Drumscapes	HAT:Hi-Hats -> HAT:M/R Hats   * -> Sample	HAT:M/R Ped 1  *	
Northstar Productions	Drumscapes	HAT:Hi-Hats -> HAT:M/R Hats   * -> Sample	HAT:M/R CHH1a  *	
Northstar Productions	Drumscapes	HAT:Hi-Hats -> HAT:M/R Hats   * -> Sample	HAT:M/R CHH1b  *	
Northstar Productions	Drumscapes	HAT:Hi-Hats -> HAT:M/R Hats   * -> Sample	HAT:M/R CHH1c  *	
Northstar Productions	Drumscapes	HAT:Hi-Hats -> HAT:M/R Hats   * -> Sample	HAT:M/R CHH2a  *	
Northstar Productions	Drumscapes	HAT:Hi-Hats -> HAT:M/R Hats   * -> Sample	HAT:M/R CHH2b  *	
Northstar Productions	Drumscapes	HAT:Hi-Hats -> HAT:M/R Hats   * -> Sample	HAT:M/R LHH1   *	
Northstar Productions	Drumscapes	HAT:Hi-Hats -> HAT:M/R Hats   * -> Sample	HAT:M/R OHH 1  *	
Northstar Productions	Drumscapes	HAT:Hi-Hats -> HAT:M/R Hats   * -> Sample	HAT:M/R OHH 2  *	
Northstar Productions	Drumscapes	HAT:Hi-Hats -> HAT:P/B Hats   * -> Patch	HAT:P/B HH Menu*	
Northstar Productions	Drumscapes	HAT:Hi-Hats -> HAT:P/B Hats   * -> Patch	HAT:P/B Hat 1S *	
Northstar Productions	Drumscapes	HAT:Hi-Hats -> HAT:P/B Hats   * -> Patch	HAT:P/B Hat 2S *	
Northstar Productions	Drumscapes	HAT:Hi-Hats -> HAT:P/B Hats   * -> Patch	HAT:P/B Hat 3S *	
Northstar Productions	Drumscapes	HAT:Hi-Hats -> HAT:P/B Hats   * -> Patch	HAT:P/B Hat 4S *	
Northstar Productions	Drumscapes	HAT:Hi-Hats -> HAT:P/B Hats   * -> Patch	HAT:P/B Hat 5S *	
Northstar Productions	Drumscapes	HAT:Hi-Hats -> HAT:P/B Hats   * -> Patch	HAT:P/B Hat 1M *	
Northstar Productions	Drumscapes	HAT:Hi-Hats -> HAT:P/B Hats   * -> Patch	HAT:P/B Hat 2M *	
Northstar Productions	Drumscapes	HAT:Hi-Hats -> HAT:P/B Hats   * -> Sample	HAT:P/B CHat1*	
Northstar Productions	Drumscapes	HAT:Hi-Hats -> HAT:P/B Hats   * -> Sample	HAT:P/B PHat1*	
Northstar Productions	Drumscapes	HAT:Hi-Hats -> HAT:P/B Hats   * -> Sample	HAT:P/B CHat3*	
Northstar Productions	Drumscapes	HAT:Hi-Hats -> HAT:P/B Hats   * -> Sample	HAT:P/B CHat2*	
Northstar Productions	Drumscapes	HAT:Hi-Hats -> HAT:P/B Hats   * -> Sample	HAT:P/B LHat1*	
Northstar Productions	Drumscapes	HAT:Hi-Hats -> HAT:P/B Hats   * -> Sample	HAT:P/B SHat1*	
Northstar Productions	Drumscapes	HAT:Hi-Hats -> HAT:P/B Hats   * -> Sample	HAT:P/B OHat1*	
Northstar Productions	Drumscapes	HAT:Hi-Hats -> HAT:P/B Hats   * -> Sample	HAT:P/B SHat3*	
Northstar Productions	Drumscapes	HAT:Hi-Hats -> HAT:P/B Hats   * -> Sample	HAT:P/B SHat4*	
Northstar Productions	Drumscapes	HAT:Hi-Hats -> HAT:P/B Hats   * -> Sample	HAT:P/B LHat2*	
Northstar Productions	Drumscapes	HAT:Hi-Hats -> HAT:P/B Hats   * -> Sample	HAT:P/B LHat3*	
Northstar Productions	Drumscapes	HAT:Hi-Hats -> HAT:F/S Hats   * -> Patch	HAT:F/S HH Menu*	
Northstar Productions	Drumscapes	HAT:Hi-Hats -> HAT:F/S Hats   * -> Patch	HAT:F/S Hat 1S *	
Northstar Productions	Drumscapes	HAT:Hi-Hats -> HAT:F/S Hats   * -> Patch	HAT:F/S Hat 2S *	
Northstar Productions	Drumscapes	HAT:Hi-Hats -> HAT:F/S Hats   * -> Patch	HAT:F/S Hat 3S *	
Northstar Productions	Drumscapes	HAT:Hi-Hats -> HAT:F/S Hats   * -> Patch	HAT:F/S Hat 4S *	
Northstar Productions	Drumscapes	HAT:Hi-Hats -> HAT:F/S Hats   * -> Patch	HAT:F/S Hat 5S *	
Northstar Productions	Drumscapes	HAT:Hi-Hats -> HAT:F/S Hats   * -> Patch	HAT:F/S Hat 6S *	
Northstar Productions	Drumscapes	HAT:Hi-Hats -> HAT:F/S Hats   * -> Patch	HAT:F/S Hat 1M *	
Northstar Productions	Drumscapes	HAT:Hi-Hats -> HAT:F/S Hats   * -> Patch	HAT:F/S Hat 2M *	
Northstar Productions	Drumscapes	HAT:Hi-Hats -> HAT:F/S Hats   * -> Sample	HAT:F/S Ped1 *	
Northstar Productions	Drumscapes	HAT:Hi-Hats -> HAT:F/S Hats   * -> Sample	HAT:F/S CHH2*	
Northstar Productions	Drumscapes	HAT:Hi-Hats -> HAT:F/S Hats   * -> Sample	HAT:F/S CHH1*	
Northstar Productions	Drumscapes	HAT:Hi-Hats -> HAT:F/S Hats   * -> Sample	HAT:F/S LHH1*	
Northstar Productions	Drumscapes	HAT:Hi-Hats -> HAT:F/S Hats   * -> Sample	HAT:F/S CHH3*	
Northstar Productions	Drumscapes	HAT:Hi-Hats -> HAT:F/S Hats   * -> Sample	HAT:F/S LHH2*	
Northstar Productions	Drumscapes	HAT:Hi-Hats -> HAT:F/S Hats   * -> Sample	HAT:F/S LHH3*	
Northstar Productions	Drumscapes	HAT:Hi-Hats -> HAT:F/S Hats   * -> Sample	HAT:F/S LHH4*	
Northstar Productions	Drumscapes	HAT:Hi-Hats -> HAT:F/S Hats   * -> Sample	HAT:F/S OHH1*	
Northstar Productions	Drumscapes	HAT:Hi-Hats -> HAT:S/S Hi-Hats* -> Patch	HAT:S/S HH Menu*	
Northstar Productions	Drumscapes	HAT:Hi-Hats -> HAT:S/S Hi-Hats* -> Patch	HAT:S/S Hat 1S *	
Northstar Productions	Drumscapes	HAT:Hi-Hats -> HAT:S/S Hi-Hats* -> Patch	HAT:S/S Hat 2S *	
Northstar Productions	Drumscapes	HAT:Hi-Hats -> HAT:S/S Hi-Hats* -> Patch	HAT:S/S Hat 3S *	
Northstar Productions	Drumscapes	HAT:Hi-Hats -> HAT:S/S Hi-Hats* -> Patch	HAT:S/S Hat 4S *	
Northstar Productions	Drumscapes	HAT:Hi-Hats -> HAT:S/S Hi-Hats* -> Patch	HAT:S/S Hat 1M *	
Northstar Productions	Drumscapes	HAT:Hi-Hats -> HAT:S/S Hi-Hats* -> Patch	HAT:S/S Hat 4M *	
Northstar Productions	Drumscapes	HAT:Hi-Hats -> HAT:S/S Hi-Hats* -> Sample	HAT:S/S Ped1*	
Northstar Productions	Drumscapes	HAT:Hi-Hats -> HAT:S/S Hi-Hats* -> Sample	HAT:S/S HH/T1*	
Northstar Productions	Drumscapes	HAT:Hi-Hats -> HAT:S/S Hi-Hats* -> Sample	HAT:S/S HH/T2*	
Northstar Productions	Drumscapes	HAT:Hi-Hats -> HAT:S/S Hi-Hats* -> Sample	HAT:S/S HH/S1*	
Northstar Productions	Drumscapes	HAT:Hi-Hats -> HAT:S/S Hi-Hats* -> Sample	HAT:S/S HH/T3*	
Northstar Productions	Drumscapes	HAT:Hi-Hats -> HAT:S/S Hi-Hats* -> Sample	HAT:S/S HH/S2*	
Northstar Productions	Drumscapes	HAT:Hi-Hats -> HAT:S/S Hi-Hats* -> Sample	HAT:S/S HH/L1*	
Northstar Productions	Drumscapes	HAT:Hi-Hats -> HAT:S/S Hi-Hats* -> Sample	HAT:S/S OHat1*	
Northstar Productions	Drumscapes	HAT:Hi-Hats -> HAT:F/T Hats   * -> Patch	HAT:F/T HatMenu*	
Northstar Productions	Drumscapes	HAT:Hi-Hats -> HAT:F/T Hats   * -> Patch	HAT:F/T Hat 1  *	
Northstar Productions	Drumscapes	HAT:Hi-Hats -> HAT:F/T Hats   * -> Patch	HAT:F/T Hat 2  *	
Northstar Productions	Drumscapes	HAT:Hi-Hats -> HAT:F/T Hats   * -> Patch	HAT:F/T Hat 3  *	
Northstar Productions	Drumscapes	HAT:Hi-Hats -> HAT:F/T Hats   * -> Patch	HAT:F/T Hat 4  *	
Northstar Productions	Drumscapes	HAT:Hi-Hats -> HAT:F/T Hats   * -> Patch	HAT:F/T Hat 5  *	
Northstar Productions	Drumscapes	HAT:Hi-Hats -> HAT:F/T Hats   * -> Sample	HAT:Tek Hat 1*	
Northstar Productions	Drumscapes	HAT:Hi-Hats -> HAT:F/T Hats   * -> Sample	HAT:F/T Ped 1  *	
Northstar Productions	Drumscapes	HAT:Hi-Hats -> HAT:F/T Hats   * -> Sample	HAT:Tek Hat 2*	
Northstar Productions	Drumscapes	HAT:Hi-Hats -> HAT:F/T Hats   * -> Sample	HAT:F/T CHH 1a *	
Northstar Productions	Drumscapes	HAT:Hi-Hats -> HAT:F/T Hats   * -> Sample	HAT:F/T CHH 1b *	
Northstar Productions	Drumscapes	HAT:Hi-Hats -> HAT:F/T Hats   * -> Sample	HAT:F/T LHH 1  *	
Northstar Productions	Drumscapes	HAT:Hi-Hats -> HAT:F/T Hats   * -> Sample	HAT:Tek Hat 3*	
Northstar Productions	Drumscapes	HAT:Hi-Hats -> HAT:F/T Hats   * -> Sample	HAT:F/T CHH 2a *	
Northstar Productions	Drumscapes	HAT:Hi-Hats -> HAT:F/T Hats   * -> Sample	HAT:F/T CHH 2b *	
Northstar Productions	Drumscapes	HAT:Hi-Hats -> HAT:F/T Hats   * -> Sample	HAT:F/T LHH 2  *	
Northstar Productions	Drumscapes	HAT:Hi-Hats -> HAT:F/T Hats   * -> Sample	HAT:F/T CHH 3  *	
Northstar Productions	Drumscapes	HAT:Hi-Hats -> HAT:F/T Hats   * -> Sample	HAT:F/T LHH 3  *	
Northstar Productions	Drumscapes	HAT:Hi-Hats -> HAT:F/T Hats   * -> Sample	HAT:Tek Hat 4*	
Northstar Productions	Drumscapes	HAT:Hi-Hats -> HAT:F/T Hats   * -> Sample	HAT:F/T CHH 4  *	
Northstar Productions	Drumscapes	HAT:Hi-Hats -> HAT:F/T Hats   * -> Sample	HAT:F/T LHH 4  *	
Northstar Productions	Drumscapes	HAT:Hi-Hats -> HAT:F/T Hats   * -> Sample	HAT:Tek Hat 5*	
Northstar Productions	Drumscapes	HAT:Hi-Hats -> HAT:F/T Hats   * -> Sample	HAT:F/T OHH 1  *	
Northstar Productions	Drumscapes	HAT:Hi-Hats -> HAT:F/T Hats   * -> Sample	HAT:Tek Hat 6*	
Northstar Productions	Drumscapes	HAT:Hi-Hats -> HAT:F/T Hats   * -> Sample	HAT:F/T OHH 2  *	
Northstar Productions	Drumscapes	HAT:Hi-Hats -> HAT:R&B Hats   * -> Patch	HAT:R&B HH menu*	
Northstar Productions	Drumscapes	HAT:Hi-Hats -> HAT:R&B Hats   * -> Patch	HAT:R&B Hat 1  *	
Northstar Productions	Drumscapes	HAT:Hi-Hats -> HAT:R&B Hats   * -> Patch	HAT:R&B Hat 2  *	
Northstar Productions	Drumscapes	HAT:Hi-Hats -> HAT:R&B Hats   * -> Patch	HAT:R&B Hat 3  *	
Northstar Productions	Drumscapes	HAT:Hi-Hats -> HAT:R&B Hats   * -> Patch	HAT:R&B Hat 4  *	
Northstar Productions	Drumscapes	HAT:Hi-Hats -> HAT:R&B Hats   * -> Sample	HAT:R&B PHH1 *	
Northstar Productions	Drumscapes	HAT:Hi-Hats -> HAT:R&B Hats   * -> Sample	HAT:R&B CHH3 *	
Northstar Productions	Drumscapes	HAT:Hi-Hats -> HAT:R&B Hats   * -> Sample	HAT:R&B CHH1 *	
Northstar Productions	Drumscapes	HAT:Hi-Hats -> HAT:R&B Hats   * -> Sample	HAT:R&B LHH2 *	
Northstar Productions	Drumscapes	HAT:Hi-Hats -> HAT:R&B Hats   * -> Sample	HAT:R&B CHH2 *	
Northstar Productions	Drumscapes	HAT:Hi-Hats -> HAT:R&B Hats   * -> Sample	HAT:R&B LHH1 *	
Northstar Productions	Drumscapes	HAT:Hi-Hats -> HAT:R&B Hats   * -> Sample	HAT:R&B CHH4 *	
Northstar Productions	Drumscapes	HAT:Hi-Hats -> HAT:R&B Hats   * -> Sample	HAT:R&B OHH2 *	
Northstar Productions	Drumscapes	HAT:Hi-Hats -> HAT:R&B Hats   * -> Sample	HAT:R&B LHH3 *	
Northstar Productions	Drumscapes	HAT:Hi-Hats -> HAT:R&B Hats   * -> Sample	HAT:R&B OHH1 *	
Northstar Productions	Drumscapes	HAT:Hi-Hats -> HAT:H/H Hats   * -> Patch	HAT:H/H HatMenu*	
Northstar Productions	Drumscapes	HAT:Hi-Hats -> HAT:H/H Hats   * -> Patch	HAT:H/H Hat 1  *	
Northstar Productions	Drumscapes	HAT:Hi-Hats -> HAT:H/H Hats   * -> Patch	HAT:H/H Hat 2  *	
Northstar Productions	Drumscapes	HAT:Hi-Hats -> HAT:H/H Hats   * -> Patch	HAT:H/H Hat 3  *	
Northstar Productions	Drumscapes	HAT:Hi-Hats -> HAT:H/H Hats   * -> Patch	HAT:H/H Hat 4  *	
Northstar Productions	Drumscapes	HAT:Hi-Hats -> HAT:H/H Hats   * -> Patch	HAT:H/H Hat 5  *	
Northstar Productions	Drumscapes	HAT:Hi-Hats -> HAT:H/H Hats   * -> Patch	HAT:H/H Hat 6  *	
Northstar Productions	Drumscapes	HAT:Hi-Hats -> HAT:H/H Hats   * -> Patch	HAT:H/H Hat 7  *	
Northstar Productions	Drumscapes	HAT:Hi-Hats -> HAT:H/H Hats   * -> Sample	HAT:H/H Ped 1  *	
Northstar Productions	Drumscapes	HAT:Hi-Hats -> HAT:H/H Hats   * -> Sample	HAT:H/H CHH1a  *	
Northstar Productions	Drumscapes	HAT:Hi-Hats -> HAT:H/H Hats   * -> Sample	HAT:H/H CHH1b  *	
Northstar Productions	Drumscapes	HAT:Hi-Hats -> HAT:H/H Hats   * -> Sample	HAT:H/H CHH1c  *	
Northstar Productions	Drumscapes	HAT:Hi-Hats -> HAT:H/H Hats   * -> Sample	HAT:H/H LHH1a  *	
Northstar Productions	Drumscapes	HAT:Hi-Hats -> HAT:H/H Hats   * -> Sample	HAT:H/H LHH1b  *	
Northstar Productions	Drumscapes	HAT:Hi-Hats -> HAT:H/H Hats   * -> Sample	HAT:H/H LHH1c  *	
Northstar Productions	Drumscapes	HAT:Hi-Hats -> HAT:H/H Hats   * -> Sample	HAT:H/H OHH 1  *	
Northstar Productions	Drumscapes	HAT:Hi-Hats -> HAT:H/H Hats   * -> Sample	HAT:H/H OHH 2  *	
Northstar Productions	Drumscapes	HAT:Hi-Hats -> HAT:H/H Hats   * -> Sample	HAT:F/S Ped1 *-R	
Northstar Productions	Drumscapes	HAT:Hi-Hats -> HAT:H/H Hats   * -> Sample	HAT:F/S CHH2* -R	
Northstar Productions	Drumscapes	HAT:Hi-Hats -> HAT:H/H Hats   * -> Sample	HAT:F/S LHH4* -R	
Northstar Productions	Drumscapes	HAT:Hi-Hats -> HAT:H/H Hats   * -> Sample	HAT:F/S LHH1*	
Northstar Productions	Drumscapes	HAT:Hi-Hats -> HAT:H/H Hats   * -> Sample	HAT:F/S LHH2* -R	
Northstar Productions	Drumscapes	HAT:Hi-Hats -> HAT:H/H Hats   * -> Sample	HAT:R&B PHH1 *	
Northstar Productions	Drumscapes	HAT:Hi-Hats -> HAT:H/H Hats   * -> Sample	HAT:R&B CHH1 *	
Northstar Productions	Drumscapes	HAT:Hi-Hats -> HAT:H/H Hats   * -> Sample	HAT:R&B CHH2 *	
Northstar Productions	Drumscapes	HAT:Hi-Hats -> HAT:H/H Hats   * -> Sample	HAT:R&B CHH3 *	
Northstar Productions	Drumscapes	HAT:Hi-Hats -> HAT:H/H Hats   * -> Sample	HAT:R&B CHH4 *	
Northstar Productions	Drumscapes	HAT:Hi-Hats -> HAT:H/H Hats   * -> Sample	HAT:R&B LHH1 *	
Northstar Productions	Drumscapes	HAT:Hi-Hats -> HAT:H/H Hats   * -> Sample	HAT:R&B OHH2 *	
Northstar Productions	Drumscapes	HAT:Hi-Hats -> HAT:H/H Hats   * -> Sample	HAT:R&B OHH1 *	
Northstar Productions	Drumscapes	HAT:Hi-Hats -> HAT:H/H Hats   * -> Sample	HAT:R&B LHH2 *	
Northstar Productions	Drumscapes	HAT:Hi-Hats -> HAT:A/C Hats   * -> Patch	HAT:A/C HatMenu*	
Northstar Productions	Drumscapes	HAT:Hi-Hats -> HAT:A/C Hats   * -> Patch	HAT:A/C Hat 1  *	
Northstar Productions	Drumscapes	HAT:Hi-Hats -> HAT:A/C Hats   * -> Patch	HAT:A/C Hat 2  *	
Northstar Productions	Drumscapes	HAT:Hi-Hats -> HAT:A/C Hats   * -> Sample	HAT:A/C Ped 1  *	
Northstar Productions	Drumscapes	HAT:Hi-Hats -> HAT:A/C Hats   * -> Sample	HAT:A/C CHH 1  *	
Northstar Productions	Drumscapes	HAT:Hi-Hats -> HAT:A/C Hats   * -> Sample	HAT:A/C CHH 3  *	
Northstar Productions	Drumscapes	HAT:Hi-Hats -> HAT:A/C Hats   * -> Sample	HAT:A/C CHH 5  *	
Northstar Productions	Drumscapes	HAT:Hi-Hats -> HAT:A/C Hats   * -> Sample	HAT:A/C CHH 2  *	
Northstar Productions	Drumscapes	HAT:Hi-Hats -> HAT:A/C Hats   * -> Sample	HAT:A/C CHH 4  *	
Northstar Productions	Drumscapes	HAT:Hi-Hats -> HAT:A/C Hats   * -> Sample	HAT:A/C OHH 1  *	
Northstar Productions	Drumscapes	HAT:Hi-Hats -> HAT:A/C Hats   * -> Sample	HAT:A/C OHH 3  *	
Northstar Productions	Drumscapes	HAT:Hi-Hats -> HAT:A/C Hats   * -> Sample	HAT:A/C OHH 2  *	
Northstar Productions	Drumscapes	HAT:Hi-Hats -> HAT:P/C Hats   * -> Patch	HAT:P/C HatMenu*	
Northstar Productions	Drumscapes	HAT:Hi-Hats -> HAT:P/C Hats   * -> Patch	HAT:P/C Hat 1  *	
Northstar Productions	Drumscapes	HAT:Hi-Hats -> HAT:P/C Hats   * -> Patch	HAT:P/C Hat 2  *	
Northstar Productions	Drumscapes	HAT:Hi-Hats -> HAT:P/C Hats   * -> Patch	HAT:P/C Hat 3  *	
Northstar Productions	Drumscapes	HAT:Hi-Hats -> HAT:P/C Hats   * -> Patch	HAT:P/C Hat 4  *	
Northstar Productions	Drumscapes	HAT:Hi-Hats -> HAT:P/C Hats   * -> Sample	HAT:P/C PHH 1*	
Northstar Productions	Drumscapes	HAT:Hi-Hats -> HAT:P/C Hats   * -> Sample	HAT:P/C CHH 1*	
Northstar Productions	Drumscapes	HAT:Hi-Hats -> HAT:P/C Hats   * -> Sample	HAT:P/C CHH 3*	
Northstar Productions	Drumscapes	HAT:Hi-Hats -> HAT:P/C Hats   * -> Sample	HAT:P/C CHH 2*	
Northstar Productions	Drumscapes	HAT:Hi-Hats -> HAT:P/C Hats   * -> Sample	HAT:P/C LHH 1*	
Northstar Productions	Drumscapes	HAT:Hi-Hats -> HAT:P/C Hats   * -> Sample	HAT:P/C LHH 2*	
Northstar Productions	Drumscapes	HAT:Hi-Hats -> HAT:P/C Hats   * -> Sample	HAT:P/C LHH 3*	
Northstar Productions	Drumscapes	HAT:Hi-Hats -> HAT:P/C Hats   * -> Sample	HAT:P/C OHH 1*	
Northstar Productions	Drumscapes	CYM:Cymbals 1 -> CYM:F/R Cymbals* -> Patch	CYM:F/R CymMenu*	
Northstar Productions	Drumscapes	CYM:Cymbals 1 -> CYM:F/R Cymbals* -> Patch	CYM:F/R Crsh1  *	
Northstar Productions	Drumscapes	CYM:Cymbals 1 -> CYM:F/R Cymbals* -> Patch	CYM:F/R Crsh2  *	
Northstar Productions	Drumscapes	CYM:Cymbals 1 -> CYM:F/R Cymbals* -> Patch	CYM:F/R Crsh3  *	
Northstar Productions	Drumscapes	CYM:Cymbals 1 -> CYM:F/R Cymbals* -> Patch	CYM:F/R Crsh4  *	
Northstar Productions	Drumscapes	CYM:Cymbals 1 -> CYM:F/R Cymbals* -> Patch	CYM:F/R Ride1  *	
Northstar Productions	Drumscapes	CYM:Cymbals 1 -> CYM:F/R Cymbals* -> Patch	CYM:F/R Ride2  *	
Northstar Productions	Drumscapes	CYM:Cymbals 1 -> CYM:F/R Cymbals* -> Patch	CYM:F/R Bell1  *	
Northstar Productions	Drumscapes	CYM:Cymbals 1 -> CYM:F/R Cymbals* -> Sample	CYM:F/R Crsh1*	
Northstar Productions	Drumscapes	CYM:Cymbals 1 -> CYM:F/R Cymbals* -> Sample	CYM:F/R Crsh2*	
Northstar Productions	Drumscapes	CYM:Cymbals 1 -> CYM:F/R Cymbals* -> Sample	CYM:F/R Crsh3*	
Northstar Productions	Drumscapes	CYM:Cymbals 1 -> CYM:F/R Cymbals* -> Sample	CYM:F/R Crsh4*	
Northstar Productions	Drumscapes	CYM:Cymbals 1 -> CYM:F/R Cymbals* -> Sample	CYM:F/R Ride1*	
Northstar Productions	Drumscapes	CYM:Cymbals 1 -> CYM:F/R Cymbals* -> Sample	CYM:F/R Bell2*	
Northstar Productions	Drumscapes	CYM:Cymbals 1 -> CYM:F/R Crash  * -> Patch	CYM:F/R Crsh1  *	
Northstar Productions	Drumscapes	CYM:Cymbals 1 -> CYM:F/R Crash  * -> Patch	CYM:F/R Crsh2  *	
Northstar Productions	Drumscapes	CYM:Cymbals 1 -> CYM:F/R Crash  * -> Patch	CYM:F/R Crsh3  *	
Northstar Productions	Drumscapes	CYM:Cymbals 1 -> CYM:F/R Crash  * -> Patch	CYM:F/R Crsh4  *	
Northstar Productions	Drumscapes	CYM:Cymbals 1 -> CYM:F/R Crash  * -> Sample	CYM:F/R Crsh1*	
Northstar Productions	Drumscapes	CYM:Cymbals 1 -> CYM:F/R Crash  * -> Sample	CYM:F/R Crsh2*	
Northstar Productions	Drumscapes	CYM:Cymbals 1 -> CYM:F/R Crash  * -> Sample	CYM:F/R Crsh3*	
Northstar Productions	Drumscapes	CYM:Cymbals 1 -> CYM:F/R Crash  * -> Sample	CYM:F/R Crsh4*	
Northstar Productions	Drumscapes	CYM:Cymbals 1 -> CYM:F/R Ride   * -> Patch	CYM:F/R Ride1  *	
Northstar Productions	Drumscapes	CYM:Cymbals 1 -> CYM:F/R Ride   * -> Patch	CYM:F/R Ride2  *	
Northstar Productions	Drumscapes	CYM:Cymbals 1 -> CYM:F/R Ride   * -> Patch	CYM:F/R Bell1  *	
Northstar Productions	Drumscapes	CYM:Cymbals 1 -> CYM:F/R Ride   * -> Sample	CYM:F/R Ride1*	
Northstar Productions	Drumscapes	CYM:Cymbals 1 -> CYM:F/R Ride   * -> Sample	CYM:F/R Bell2*	
Northstar Productions	Drumscapes	CYM:Cymbals 1 -> CYM:M/R Cyms   * -> Patch	CYM:M/R CymMenu*	
Northstar Productions	Drumscapes	CYM:Cymbals 1 -> CYM:M/R Cyms   * -> Patch	CYM:M/R Crsh1  *	
Northstar Productions	Drumscapes	CYM:Cymbals 1 -> CYM:M/R Cyms   * -> Patch	CYM:M/R Crsh2  *	
Northstar Productions	Drumscapes	CYM:Cymbals 1 -> CYM:M/R Cyms   * -> Patch	CYM:M/R Crsh3  *	
Northstar Productions	Drumscapes	CYM:Cymbals 1 -> CYM:M/R Cyms   * -> Patch	CYM:M/R Ride1  *	
Northstar Productions	Drumscapes	CYM:Cymbals 1 -> CYM:M/R Cyms   * -> Sample	CYM:M/R Crsh 1 *	
Northstar Productions	Drumscapes	CYM:Cymbals 1 -> CYM:M/R Cyms   * -> Sample	CYM:M/R Crsh 2 *	
Northstar Productions	Drumscapes	CYM:Cymbals 1 -> CYM:M/R Cyms   * -> Sample	CYM:M/R Crsh 3 *	
Northstar Productions	Drumscapes	CYM:Cymbals 1 -> CYM:M/R Cyms   * -> Sample	CYM:M/R CYM 1*	
Northstar Productions	Drumscapes	CYM:Cymbals 1 -> CYM:M/R Cyms   * -> Sample	CYM:M/R CYM 2*	
Northstar Productions	Drumscapes	CYM:Cymbals 1 -> CYM:M/R Cyms   * -> Sample	CYM:M/R CYM 3*	
Northstar Productions	Drumscapes	CYM:Cymbals 1 -> CYM:M/R Crash  * -> Patch	CYM:M/R Crsh1  *	
Northstar Productions	Drumscapes	CYM:Cymbals 1 -> CYM:M/R Crash  * -> Patch	CYM:M/R Crsh2  *	
Northstar Productions	Drumscapes	CYM:Cymbals 1 -> CYM:M/R Crash  * -> Patch	CYM:M/R Crsh3  *	
Northstar Productions	Drumscapes	CYM:Cymbals 1 -> CYM:M/R Crash  * -> Sample	CYM:M/R Crsh 1 *	
Northstar Productions	Drumscapes	CYM:Cymbals 1 -> CYM:M/R Crash  * -> Sample	CYM:M/R Crsh 2 *	
Northstar Productions	Drumscapes	CYM:Cymbals 1 -> CYM:M/R Crash  * -> Sample	CYM:M/R Crsh 3 *	
Northstar Productions	Drumscapes	CYM:Cymbals 1 -> CYM:M/R Ride   * -> Patch	CYM:M/R Ride1  *	
Northstar Productions	Drumscapes	CYM:Cymbals 1 -> CYM:M/R Ride   * -> Sample	CYM:M/R CYM 1*-L	
Northstar Productions	Drumscapes	CYM:Cymbals 1 -> CYM:P/B Cymbals* -> Patch	CYM:P/B CymMenu*	
Northstar Productions	Drumscapes	CYM:Cymbals 1 -> CYM:P/B Cymbals* -> Patch	CYM:P/B Crsh1  *	
Northstar Productions	Drumscapes	CYM:Cymbals 1 -> CYM:P/B Cymbals* -> Patch	CYM:P/B Crsh2  *	
Northstar Productions	Drumscapes	CYM:Cymbals 1 -> CYM:P/B Cymbals* -> Patch	CYM:P/B Crsh3  *	
Northstar Productions	Drumscapes	CYM:Cymbals 1 -> CYM:P/B Cymbals* -> Patch	CYM:P/B Crsh4  *	
Northstar Productions	Drumscapes	CYM:Cymbals 1 -> CYM:P/B Cymbals* -> Patch	CYM:P/B Ride1  *	
Northstar Productions	Drumscapes	CYM:Cymbals 1 -> CYM:P/B Cymbals* -> Patch	CYM:P/B Bell1  *	
Northstar Productions	Drumscapes	CYM:Cymbals 1 -> CYM:P/B Cymbals* -> Patch	CYM:P/B Crsh3  *	
Northstar Productions	Drumscapes	CYM:Cymbals 1 -> CYM:P/B Cymbals* -> Sample	CYM:P/B Crs1*	
Northstar Productions	Drumscapes	CYM:Cymbals 1 -> CYM:P/B Cymbals* -> Sample	CYM:P/B Crs2*	
Northstar Productions	Drumscapes	CYM:Cymbals 1 -> CYM:P/B Cymbals* -> Sample	CYM:P/B Crs3*	
Northstar Productions	Drumscapes	CYM:Cymbals 1 -> CYM:P/B Cymbals* -> Sample	CYM:P/B Crs4*	
Northstar Productions	Drumscapes	CYM:Cymbals 1 -> CYM:P/B Cymbals* -> Sample	CYM:P/B Ride1*	
Northstar Productions	Drumscapes	CYM:Cymbals 1 -> CYM:P/B Cymbals* -> Sample	CYM:P/B RdBl1*	
Northstar Productions	Drumscapes	CYM:Cymbals 1 -> CYM:P/B Crash  * -> Patch	CYM:P/B Crsh1  *	
Northstar Productions	Drumscapes	CYM:Cymbals 1 -> CYM:P/B Crash  * -> Patch	CYM:P/B Crsh2  *	
Northstar Productions	Drumscapes	CYM:Cymbals 1 -> CYM:P/B Crash  * -> Patch	CYM:P/B Crsh3  *	
Northstar Productions	Drumscapes	CYM:Cymbals 1 -> CYM:P/B Crash  * -> Patch	CYM:P/B Crsh4  *	
Northstar Productions	Drumscapes	CYM:Cymbals 1 -> CYM:P/B Crash  * -> Sample	CYM:P/B Crs1*	
Northstar Productions	Drumscapes	CYM:Cymbals 1 -> CYM:P/B Crash  * -> Sample	CYM:P/B Crs2*	
Northstar Productions	Drumscapes	CYM:Cymbals 1 -> CYM:P/B Crash  * -> Sample	CYM:P/B Crs3*	
Northstar Productions	Drumscapes	CYM:Cymbals 1 -> CYM:P/B Crash  * -> Sample	CYM:P/B Crs4*	
Northstar Productions	Drumscapes	CYM:Cymbals 1 -> CYM:P/B Ride   * -> Patch	CYM:P/B Ride1  *	
Northstar Productions	Drumscapes	CYM:Cymbals 1 -> CYM:P/B Ride   * -> Patch	CYM:P/B Bell1  *	
Northstar Productions	Drumscapes	CYM:Cymbals 1 -> CYM:P/B Ride   * -> Sample	CYM:P/B Ride1*	
Northstar Productions	Drumscapes	CYM:Cymbals 1 -> CYM:P/B Ride   * -> Sample	CYM:P/B RdBl1*	
Northstar Productions	Drumscapes	CYM:Cymbals 1 -> CYM:F/S Cymbals* -> Patch	CYM:F/S CymMenu*	
Northstar Productions	Drumscapes	CYM:Cymbals 1 -> CYM:F/S Cymbals* -> Patch	CYM:F/S Crsh1  *	
Northstar Productions	Drumscapes	CYM:Cymbals 1 -> CYM:F/S Cymbals* -> Patch	CYM:F/S Crsh2  *	
Northstar Productions	Drumscapes	CYM:Cymbals 1 -> CYM:F/S Cymbals* -> Patch	CYM:F/S Crsh3S *	
Northstar Productions	Drumscapes	CYM:Cymbals 1 -> CYM:F/S Cymbals* -> Patch	CYM:F/S Crsh4S *	
Northstar Productions	Drumscapes	CYM:Cymbals 1 -> CYM:F/S Cymbals* -> Patch	CYM:F/S Ride1  *	
Northstar Productions	Drumscapes	CYM:Cymbals 1 -> CYM:F/S Cymbals* -> Patch	CYM:F/S Ride2S *	
Northstar Productions	Drumscapes	CYM:Cymbals 1 -> CYM:F/S Cymbals* -> Patch	CYM:F/S Bell   *	
Northstar Productions	Drumscapes	CYM:Cymbals 1 -> CYM:F/S Cymbals* -> Patch	CYM:F/S Bell2S *	
Northstar Productions	Drumscapes	CYM:Cymbals 1 -> CYM:F/S Cymbals* -> Sample	CYM:F/S Crs1   *	
Northstar Productions	Drumscapes	CYM:Cymbals 1 -> CYM:F/S Cymbals* -> Sample	CYM:F/S Crs2   *	
Northstar Productions	Drumscapes	CYM:Cymbals 1 -> CYM:F/S Cymbals* -> Sample	CYM:F/S Ride1*	
Northstar Productions	Drumscapes	CYM:Cymbals 1 -> CYM:F/S Cymbals* -> Sample	CYM:F/S Bell1*	
Northstar Productions	Drumscapes	CYM:Cymbals 1 -> CYM:F/S Cymbals* -> Sample	CYM:F/S Cym 1*	
Northstar Productions	Drumscapes	CYM:Cymbals 1 -> CYM:F/S Cymbals* -> Sample	CYM:F/S Cym 2*	
Northstar Productions	Drumscapes	CYM:Cymbals 1 -> CYM:F/S Cymbals* -> Sample	CYM:F/S Cym 3*	
Northstar Productions	Drumscapes	CYM:Cymbals 1 -> CYM:F/S Cymbals* -> Sample	CYM:F/S Cym 4*	
Northstar Productions	Drumscapes	CYM:Cymbals 1 -> CYM:F/S Crash  * -> Patch	CYM:F/S Crsh1  *	
Northstar Productions	Drumscapes	CYM:Cymbals 1 -> CYM:F/S Crash  * -> Patch	CYM:F/S Crsh2  *	
Northstar Productions	Drumscapes	CYM:Cymbals 1 -> CYM:F/S Crash  * -> Patch	CYM:F/S Crsh3S *	
Northstar Productions	Drumscapes	CYM:Cymbals 1 -> CYM:F/S Crash  * -> Patch	CYM:F/S Crsh4S *	
Northstar Productions	Drumscapes	CYM:Cymbals 1 -> CYM:F/S Crash  * -> Sample	CYM:F/S Crs1   *	
Northstar Productions	Drumscapes	CYM:Cymbals 1 -> CYM:F/S Crash  * -> Sample	CYM:F/S Crs2   *	
Northstar Productions	Drumscapes	CYM:Cymbals 1 -> CYM:F/S Crash  * -> Sample	CYM:F/S Cym 3*	
Northstar Productions	Drumscapes	CYM:Cymbals 1 -> CYM:F/S Crash  * -> Sample	CYM:F/S Cym 4*	
Northstar Productions	Drumscapes	CYM:Cymbals 1 -> CYM:F/S Ride   * -> Patch	CYM:F/S Ride1  *	
Northstar Productions	Drumscapes	CYM:Cymbals 1 -> CYM:F/S Ride   * -> Patch	CYM:F/S Ride2S *	
Northstar Productions	Drumscapes	CYM:Cymbals 1 -> CYM:F/S Ride   * -> Patch	CYM:F/S Bell   *	
Northstar Productions	Drumscapes	CYM:Cymbals 1 -> CYM:F/S Ride   * -> Patch	CYM:F/S Bell2S *	
Northstar Productions	Drumscapes	CYM:Cymbals 1 -> CYM:F/S Ride   * -> Sample	CYM:F/S Ride1*	
Northstar Productions	Drumscapes	CYM:Cymbals 1 -> CYM:F/S Ride   * -> Sample	CYM:F/S Bell1*	
Northstar Productions	Drumscapes	CYM:Cymbals 1 -> CYM:F/S Ride   * -> Sample	CYM:F/S Cym 1*	
Northstar Productions	Drumscapes	CYM:Cymbals 1 -> CYM:F/S Ride   * -> Sample	CYM:F/S Cym 2*	
Northstar Productions	Drumscapes	CYM:Cymbals 2 -> CYM:S/S Cymbals* -> Patch	CYM:S/S CymMenu*	
Northstar Productions	Drumscapes	CYM:Cymbals 2 -> CYM:S/S Cymbals* -> Patch	CYM:S/S Crash1 *	
Northstar Productions	Drumscapes	CYM:Cymbals 2 -> CYM:S/S Cymbals* -> Patch	CYM:S/S Crash2 *	
Northstar Productions	Drumscapes	CYM:Cymbals 2 -> CYM:S/S Cymbals* -> Patch	CYM:S/S Crsh 3S*	
Northstar Productions	Drumscapes	CYM:Cymbals 2 -> CYM:S/S Cymbals* -> Patch	CYM:S/S Ride 1 *	
Northstar Productions	Drumscapes	CYM:Cymbals 2 -> CYM:S/S Cymbals* -> Patch	CYM:S/S Ride 2 *	
Northstar Productions	Drumscapes	CYM:Cymbals 2 -> CYM:S/S Cymbals* -> Patch	CYM:S/S Ride2S *	
Northstar Productions	Drumscapes	CYM:Cymbals 2 -> CYM:S/S Cymbals* -> Patch	CYM:S/S Ride3S *	
Northstar Productions	Drumscapes	CYM:Cymbals 2 -> CYM:S/S Cymbals* -> Patch	CYM:P/B Bell1  *	
Northstar Productions	Drumscapes	CYM:Cymbals 2 -> CYM:S/S Cymbals* -> Patch	CYM:S/S China1 *	
Northstar Productions	Drumscapes	CYM:Cymbals 2 -> CYM:S/S Cymbals* -> Patch	CYM:S/S China2 *	
Northstar Productions	Drumscapes	CYM:Cymbals 2 -> CYM:S/S Cymbals* -> Sample	CYM:S/S Crsh1*	
Northstar Productions	Drumscapes	CYM:Cymbals 2 -> CYM:S/S Cymbals* -> Sample	CYM:S/S Crsh2*	
Northstar Productions	Drumscapes	CYM:Cymbals 2 -> CYM:S/S Cymbals* -> Sample	CYM:S/S Ride1a*	
Northstar Productions	Drumscapes	CYM:Cymbals 2 -> CYM:S/S Cymbals* -> Sample	CYM:S/S Ride1b*	
Northstar Productions	Drumscapes	CYM:Cymbals 2 -> CYM:S/S Cymbals* -> Sample	CYM:S/S Cym 1*	
Northstar Productions	Drumscapes	CYM:Cymbals 2 -> CYM:S/S Cymbals* -> Sample	CYM:S/S Cym 2*	
Northstar Productions	Drumscapes	CYM:Cymbals 2 -> CYM:S/S Cymbals* -> Sample	CYM:S/S Cym 3*	
Northstar Productions	Drumscapes	CYM:Cymbals 2 -> CYM:S/S Cymbals* -> Sample	CYM:S/S Cym 4*	
Northstar Productions	Drumscapes	CYM:Cymbals 2 -> CYM:S/S Cymbals* -> Sample	CYM:S/S Cym 5*	
Northstar Productions	Drumscapes	CYM:Cymbals 2 -> CYM:S/S Cymbals* -> Sample	CYM:P/B RdBl1*	
Northstar Productions	Drumscapes	CYM:Cymbals 2 -> CYM:S/S Crash  * -> Patch	CYM:S/S Crash1 *	
Northstar Productions	Drumscapes	CYM:Cymbals 2 -> CYM:S/S Crash  * -> Patch	CYM:S/S Crash2 *	
Northstar Productions	Drumscapes	CYM:Cymbals 2 -> CYM:S/S Crash  * -> Patch	CYM:S/S Crsh 3S*	
Northstar Productions	Drumscapes	CYM:Cymbals 2 -> CYM:S/S Crash  * -> Sample	CYM:S/S Crsh1*	
Northstar Productions	Drumscapes	CYM:Cymbals 2 -> CYM:S/S Crash  * -> Sample	CYM:S/S Crsh2*	
Northstar Productions	Drumscapes	CYM:Cymbals 2 -> CYM:S/S Crash  * -> Sample	CYM:S/S Cym 3*	
Northstar Productions	Drumscapes	CYM:Cymbals 2 -> CYM:S/S Ride   * -> Patch	CYM:S/S Ride 1 *	
Northstar Productions	Drumscapes	CYM:Cymbals 2 -> CYM:S/S Ride   * -> Patch	CYM:S/S Ride 2 *	
Northstar Productions	Drumscapes	CYM:Cymbals 2 -> CYM:S/S Ride   * -> Patch	CYM:S/S Ride2S *	
Northstar Productions	Drumscapes	CYM:Cymbals 2 -> CYM:S/S Ride   * -> Patch	CYM:S/S Ride3S *	
Northstar Productions	Drumscapes	CYM:Cymbals 2 -> CYM:S/S Ride   * -> Patch	CYM:P/B Bell1  *	
Northstar Productions	Drumscapes	CYM:Cymbals 2 -> CYM:S/S Ride   * -> Sample	CYM:S/S Ride1a*	
Northstar Productions	Drumscapes	CYM:Cymbals 2 -> CYM:S/S Ride   * -> Sample	CYM:S/S Ride1b*	
Northstar Productions	Drumscapes	CYM:Cymbals 2 -> CYM:S/S Ride   * -> Sample	CYM:S/S Cym 2*	
Northstar Productions	Drumscapes	CYM:Cymbals 2 -> CYM:S/S Ride   * -> Sample	CYM:S/S Cym 1*	
Northstar Productions	Drumscapes	CYM:Cymbals 2 -> CYM:S/S Ride   * -> Sample	CYM:P/B RdBl1*	
Northstar Productions	Drumscapes	CYM:Cymbals 2 -> CYM:S/S China  * -> Patch	CYM:S/S China1 *	
Northstar Productions	Drumscapes	CYM:Cymbals 2 -> CYM:S/S China  * -> Patch	CYM:S/S China2 *	
Northstar Productions	Drumscapes	CYM:Cymbals 2 -> CYM:S/S China  * -> Sample	CYM:S/S Cym 4*	
Northstar Productions	Drumscapes	CYM:Cymbals 2 -> CYM:S/S China  * -> Sample	CYM:S/S Cym 5*	
Northstar Productions	Drumscapes	CYM:Cymbals 2 -> CYM:F/T Cyms   * -> Patch	CYM:Tek CymMenu*	
Northstar Productions	Drumscapes	CYM:Cymbals 2 -> CYM:F/T Cyms   * -> Patch	CYM:Tek Crsh1  *	
Northstar Productions	Drumscapes	CYM:Cymbals 2 -> CYM:F/T Cyms   * -> Patch	CYM:Tek Crsh1S *	
Northstar Productions	Drumscapes	CYM:Cymbals 2 -> CYM:F/T Cyms   * -> Patch	CYM:Tek Crsh2  *	
Northstar Productions	Drumscapes	CYM:Cymbals 2 -> CYM:F/T Cyms   * -> Patch	CYM:Tek Crsh3  *	
Northstar Productions	Drumscapes	CYM:Cymbals 2 -> CYM:F/T Cyms   * -> Patch	CYM:Tek Crsh3S *	
Northstar Productions	Drumscapes	CYM:Cymbals 2 -> CYM:F/T Cyms   * -> Patch	CYM:Tek Ride1  *	
Northstar Productions	Drumscapes	CYM:Cymbals 2 -> CYM:F/T Cyms   * -> Patch	CYM:Tek Ride1S *	
Northstar Productions	Drumscapes	CYM:Cymbals 2 -> CYM:F/T Cyms   * -> Patch	CYM:Tek Ride2  *	
Northstar Productions	Drumscapes	CYM:Cymbals 2 -> CYM:F/T Cyms   * -> Patch	CYM:Tek Bell   *	
Northstar Productions	Drumscapes	CYM:Cymbals 2 -> CYM:F/T Cyms   * -> Sample	CYM:F/T Crsh 2 *	
Northstar Productions	Drumscapes	CYM:Cymbals 2 -> CYM:F/T Cyms   * -> Sample	CYM:F/T Ride   *	
Northstar Productions	Drumscapes	CYM:Cymbals 2 -> CYM:F/T Cyms   * -> Sample	CYM:F/T RideBl1*	
Northstar Productions	Drumscapes	CYM:Cymbals 2 -> CYM:F/T Cyms   * -> Sample	CYM:F/T RideBl2*	
Northstar Productions	Drumscapes	CYM:Cymbals 2 -> CYM:F/T Cyms   * -> Sample	CYM:Tek CYM 1*	
Northstar Productions	Drumscapes	CYM:Cymbals 2 -> CYM:F/T Cyms   * -> Sample	CYM:Tek Cym 2*	
Northstar Productions	Drumscapes	CYM:Cymbals 2 -> CYM:F/T Cyms   * -> Sample	CYM:Tek Cym 3*	
Northstar Productions	Drumscapes	CYM:Cymbals 2 -> CYM:F/T Crash  * -> Patch	CYM:Tek Crsh1  *	
Northstar Productions	Drumscapes	CYM:Cymbals 2 -> CYM:F/T Crash  * -> Patch	CYM:Tek Crsh1S *	
Northstar Productions	Drumscapes	CYM:Cymbals 2 -> CYM:F/T Crash  * -> Patch	CYM:Tek Crsh2  *	
Northstar Productions	Drumscapes	CYM:Cymbals 2 -> CYM:F/T Crash  * -> Patch	CYM:Tek Crsh3  *	
Northstar Productions	Drumscapes	CYM:Cymbals 2 -> CYM:F/T Crash  * -> Patch	CYM:Tek Crsh3S *	
Northstar Productions	Drumscapes	CYM:Cymbals 2 -> CYM:F/T Crash  * -> Sample	CYM:Tek Cym 2*	
Northstar Productions	Drumscapes	CYM:Cymbals 2 -> CYM:F/T Crash  * -> Sample	CYM:F/T Crsh 2 *	
Northstar Productions	Drumscapes	CYM:Cymbals 2 -> CYM:F/T Crash  * -> Sample	CYM:Tek Cym 3*	
Northstar Productions	Drumscapes	CYM:Cymbals 2 -> CYM:F/T Ride   * -> Patch	CYM:Tek Ride1  *	
Northstar Productions	Drumscapes	CYM:Cymbals 2 -> CYM:F/T Ride   * -> Patch	CYM:Tek Ride1S *	
Northstar Productions	Drumscapes	CYM:Cymbals 2 -> CYM:F/T Ride   * -> Patch	CYM:Tek Ride2  *	
Northstar Productions	Drumscapes	CYM:Cymbals 2 -> CYM:F/T Ride   * -> Patch	CYM:Tek Bell   *	
Northstar Productions	Drumscapes	CYM:Cymbals 2 -> CYM:F/T Ride   * -> Sample	CYM:F/T Ride   *	
Northstar Productions	Drumscapes	CYM:Cymbals 2 -> CYM:F/T Ride   * -> Sample	CYM:F/T RideBl1*	
Northstar Productions	Drumscapes	CYM:Cymbals 2 -> CYM:F/T Ride   * -> Sample	CYM:Tek CYM 1*	
Northstar Productions	Drumscapes	CYM:Cymbals 2 -> CYM:F/T Ride   * -> Sample	CYM:F/T RideBl2*	
Northstar Productions	Drumscapes	CYM:Cymbals 2 -> CYM:R&B Cymbals* -> Patch	CYM:R&B menu   *	
Northstar Productions	Drumscapes	CYM:Cymbals 2 -> CYM:R&B Cymbals* -> Patch	CYM:R&B Cr1    *	
Northstar Productions	Drumscapes	CYM:Cymbals 2 -> CYM:R&B Cymbals* -> Patch	CYM:R&B Cr2    *	
Northstar Productions	Drumscapes	CYM:Cymbals 2 -> CYM:R&B Cymbals* -> Patch	CYM:R&B Cr3    *	
Northstar Productions	Drumscapes	CYM:Cymbals 2 -> CYM:R&B Cymbals* -> Patch	CYM:R&B Cr4    *	
Northstar Productions	Drumscapes	CYM:Cymbals 2 -> CYM:R&B Cymbals* -> Patch	CYM:R&B Rd/Cp M*	
Northstar Productions	Drumscapes	CYM:Cymbals 2 -> CYM:R&B Cymbals* -> Patch	CYM:R&B Cup1   *	
Northstar Productions	Drumscapes	CYM:Cymbals 2 -> CYM:R&B Cymbals* -> Patch	CYM:R&B Rd/Cp S*	
Northstar Productions	Drumscapes	CYM:Cymbals 2 -> CYM:R&B Cymbals* -> Sample	CYM:R&B Crsh1*	
Northstar Productions	Drumscapes	CYM:Cymbals 2 -> CYM:R&B Cymbals* -> Sample	CYM:R&B Crsh2*	
Northstar Productions	Drumscapes	CYM:Cymbals 2 -> CYM:R&B Cymbals* -> Sample	CYM:R&B Crsh3*	
Northstar Productions	Drumscapes	CYM:Cymbals 2 -> CYM:R&B Cymbals* -> Sample	CYM:R&B Crsh4*	
Northstar Productions	Drumscapes	CYM:Cymbals 2 -> CYM:R&B Cymbals* -> Sample	CYM:R&B Ride1*	
Northstar Productions	Drumscapes	CYM:Cymbals 2 -> CYM:R&B Cymbals* -> Sample	CYM:R&B RdBl1*	
Northstar Productions	Drumscapes	CYM:Cymbals 2 -> CYM:R&B Cymbals* -> Sample	CYM:R&B Cym 1*	
Northstar Productions	Drumscapes	CYM:Cymbals 2 -> CYM:R&B Cymbals* -> Sample	CYM:R&B Cym 2*	
Northstar Productions	Drumscapes	CYM:Cymbals 2 -> CYM:R&B Crash  * -> Patch	CYM:R&B Cr1    *	
Northstar Productions	Drumscapes	CYM:Cymbals 2 -> CYM:R&B Crash  * -> Patch	CYM:R&B Cr2    *	
Northstar Productions	Drumscapes	CYM:Cymbals 2 -> CYM:R&B Crash  * -> Patch	CYM:R&B Cr3    *	
Northstar Productions	Drumscapes	CYM:Cymbals 2 -> CYM:R&B Crash  * -> Patch	CYM:R&B Cr4    *	
Northstar Productions	Drumscapes	CYM:Cymbals 2 -> CYM:R&B Crash  * -> Sample	CYM:R&B Crsh1*	
Northstar Productions	Drumscapes	CYM:Cymbals 2 -> CYM:R&B Crash  * -> Sample	CYM:R&B Crsh2*	
Northstar Productions	Drumscapes	CYM:Cymbals 2 -> CYM:R&B Crash  * -> Sample	CYM:R&B Crsh3*	
Northstar Productions	Drumscapes	CYM:Cymbals 2 -> CYM:R&B Crash  * -> Sample	CYM:R&B Crsh4*	
Northstar Productions	Drumscapes	CYM:Cymbals 2 -> CYM:R&B Ride   * -> Patch	CYM:R&B Rd/Cp M*	
Northstar Productions	Drumscapes	CYM:Cymbals 2 -> CYM:R&B Ride   * -> Patch	CYM:R&B Rd/Cp S*	
Northstar Productions	Drumscapes	CYM:Cymbals 2 -> CYM:R&B Ride   * -> Patch	CYM:R&B Cup1   *	
Northstar Productions	Drumscapes	CYM:Cymbals 2 -> CYM:R&B Ride   * -> Sample	CYM:R&B Ride1*	
Northstar Productions	Drumscapes	CYM:Cymbals 2 -> CYM:R&B Ride   * -> Sample	CYM:R&B RdBl1*	
Northstar Productions	Drumscapes	CYM:Cymbals 2 -> CYM:R&B Ride   * -> Sample	CYM:R&B Cym 1*	
Northstar Productions	Drumscapes	CYM:Cymbals 2 -> CYM:R&B Ride   * -> Sample	CYM:R&B Cym 2*	
Northstar Productions	Drumscapes	CYM:Cymbals 3 -> CYM:H/H Cymbals* -> Patch	CYM:H/H CymMenu*	
Northstar Productions	Drumscapes	CYM:Cymbals 3 -> CYM:H/H Cymbals* -> Patch	CYM:H/H Crsh 1 *	
Northstar Productions	Drumscapes	CYM:Cymbals 3 -> CYM:H/H Cymbals* -> Patch	CYM:H/H Crsh 2 *	
Northstar Productions	Drumscapes	CYM:Cymbals 3 -> CYM:H/H Cymbals* -> Patch	CYM:H/H Crsh 3 *	
Northstar Productions	Drumscapes	CYM:Cymbals 3 -> CYM:H/H Cymbals* -> Patch	CYM:H/H Crsh 4 *	
Northstar Productions	Drumscapes	CYM:Cymbals 3 -> CYM:H/H Cymbals* -> Patch	CYM:H/H Crsh 1S*	
Northstar Productions	Drumscapes	CYM:Cymbals 3 -> CYM:H/H Cymbals* -> Patch	CYM:H/H Crsh 2S*	
Northstar Productions	Drumscapes	CYM:Cymbals 3 -> CYM:H/H Cymbals* -> Patch	CYM:H/H Crsh 3S*	
Northstar Productions	Drumscapes	CYM:Cymbals 3 -> CYM:H/H Cymbals* -> Patch	CYM:H/H Crsh 4S*	
Northstar Productions	Drumscapes	CYM:Cymbals 3 -> CYM:H/H Cymbals* -> Patch	CYM:H/H Crsh 5S*	
Northstar Productions	Drumscapes	CYM:Cymbals 3 -> CYM:H/H Cymbals* -> Patch	CYM:H/H Rd/Cp1 *	
Northstar Productions	Drumscapes	CYM:Cymbals 3 -> CYM:H/H Cymbals* -> Sample	CYM:H/H Cym 3*	
Northstar Productions	Drumscapes	CYM:Cymbals 3 -> CYM:H/H Cymbals* -> Sample	CYM:H/H Cym 2*	
Northstar Productions	Drumscapes	CYM:Cymbals 3 -> CYM:H/H Cymbals* -> Sample	CYM:H/H Cym 5*	
Northstar Productions	Drumscapes	CYM:Cymbals 3 -> CYM:H/H Cymbals* -> Sample	CYM:H/H Cym 1*	
Northstar Productions	Drumscapes	CYM:Cymbals 3 -> CYM:H/H Cymbals* -> Sample	CYM:H/H Cym 4*	
Northstar Productions	Drumscapes	CYM:Cymbals 3 -> CYM:H/H Cymbals* -> Sample	CYM:R&B Ride1*	
Northstar Productions	Drumscapes	CYM:Cymbals 3 -> CYM:H/H Cymbals* -> Sample	CYM:R&B RdBl1*	
Northstar Productions	Drumscapes	CYM:Cymbals 3 -> CYM:H/H Ride   * -> Patch	CYM:H/H Rd/Cp1 *	
Northstar Productions	Drumscapes	CYM:Cymbals 3 -> CYM:H/H Ride   * -> Sample	CYM:R&B Ride1*	
Northstar Productions	Drumscapes	CYM:Cymbals 3 -> CYM:H/H Ride   * -> Sample	CYM:R&B RdBl1*	
Northstar Productions	Drumscapes	CYM:Cymbals 3 -> CYM:A/C Cymbals* -> Patch	CYM:A/C CymMenu*	
Northstar Productions	Drumscapes	CYM:Cymbals 3 -> CYM:A/C Cymbals* -> Patch	CYM:A/C Crsh 1 *	
Northstar Productions	Drumscapes	CYM:Cymbals 3 -> CYM:A/C Cymbals* -> Patch	CYM:A/C Crsh 2 *	
Northstar Productions	Drumscapes	CYM:Cymbals 3 -> CYM:A/C Cymbals* -> Patch	CYM:A/C Crsh 3 *	
Northstar Productions	Drumscapes	CYM:Cymbals 3 -> CYM:A/C Cymbals* -> Patch	CYM:A/C Crsh 4 *	
Northstar Productions	Drumscapes	CYM:Cymbals 3 -> CYM:A/C Cymbals* -> Patch	CYM:A/C Crsh 5 *	
Northstar Productions	Drumscapes	CYM:Cymbals 3 -> CYM:A/C Cymbals* -> Patch	CYM:A/C Crsh 6 *	
Northstar Productions	Drumscapes	CYM:Cymbals 3 -> CYM:A/C Cymbals* -> Patch	CYM:A/C Crsh 7 *	
Northstar Productions	Drumscapes	CYM:Cymbals 3 -> CYM:A/C Cymbals* -> Patch	CYM:A/C Ride 1 *	
Northstar Productions	Drumscapes	CYM:Cymbals 3 -> CYM:A/C Cymbals* -> Patch	CYM:A/C Ride 2 *	
Northstar Productions	Drumscapes	CYM:Cymbals 3 -> CYM:A/C Cymbals* -> Sample	CYM:A/C Cr3  *-R	
Northstar Productions	Drumscapes	CYM:Cymbals 3 -> CYM:A/C Cymbals* -> Sample	CYM:A/C 18Cr2*-R	
Northstar Productions	Drumscapes	CYM:Cymbals 3 -> CYM:A/C Cymbals* -> Sample	CYM:A/C 18Cr5*-R	
Northstar Productions	Drumscapes	CYM:Cymbals 3 -> CYM:A/C Cymbals* -> Sample	CYM:A/C 18Cr4*-L	
Northstar Productions	Drumscapes	CYM:Cymbals 3 -> CYM:A/C Cymbals* -> Sample	CYM:A/C Cr 3 *-L	
Northstar Productions	Drumscapes	CYM:Cymbals 3 -> CYM:A/C Cymbals* -> Sample	CYM:A/C 16Cr4*-L	
Northstar Productions	Drumscapes	CYM:Cymbals 3 -> CYM:A/C Cymbals* -> Sample	CYM:A/C 16Cr1*-L	
Northstar Productions	Drumscapes	CYM:Cymbals 3 -> CYM:A/C Cymbals* -> Sample	CYM:A/C Ride1*-L	
Northstar Productions	Drumscapes	CYM:Cymbals 3 -> CYM:A/C Cymbals* -> Sample	CYM:A/C Ride2*-L	
Northstar Productions	Drumscapes	CYM:Cymbals 3 -> CYM:A/C Cymbals* -> Sample	CYM:A/C 18Cr1*-L	
Northstar Productions	Drumscapes	CYM:Cymbals 3 -> CYM:A/C Cymbals* -> Sample	CYM:A/C 16Cr2*-R	
Northstar Productions	Drumscapes	CYM:Cymbals 3 -> CYM:A/C Ride   * -> Patch	CYM:A/C Ride 1 *	
Northstar Productions	Drumscapes	CYM:Cymbals 3 -> CYM:A/C Ride   * -> Patch	CYM:A/C Ride 2 *	
Northstar Productions	Drumscapes	CYM:Cymbals 3 -> CYM:A/C Ride   * -> Sample	CYM:A/C Ride1*-L	
Northstar Productions	Drumscapes	CYM:Cymbals 3 -> CYM:A/C Ride   * -> Sample	CYM:A/C Ride2*-L	
Northstar Productions	Drumscapes	CYM:Cymbals 3 -> CYM:P/C Cyms   * -> Patch	CYM:P/C CymMenu*	
Northstar Productions	Drumscapes	CYM:Cymbals 3 -> CYM:P/C Cyms   * -> Patch	CYM:P/C Crsh1  *	
Northstar Productions	Drumscapes	CYM:Cymbals 3 -> CYM:P/C Cyms   * -> Patch	CYM:P/C Crsh2  *	
Northstar Productions	Drumscapes	CYM:Cymbals 3 -> CYM:P/C Cyms   * -> Patch	CYM:P/C Crsh3  *	
Northstar Productions	Drumscapes	CYM:Cymbals 3 -> CYM:P/C Cyms   * -> Patch	CYM:P/C Crsh4  *	
Northstar Productions	Drumscapes	CYM:Cymbals 3 -> CYM:P/C Cyms   * -> Patch	CYM:P/C Crsh5  *	
Northstar Productions	Drumscapes	CYM:Cymbals 3 -> CYM:P/C Cyms   * -> Patch	CYM:P/C Crsh6  *	
Northstar Productions	Drumscapes	CYM:Cymbals 3 -> CYM:P/C Cyms   * -> Patch	CYM:P/C Crsh7  *	
Northstar Productions	Drumscapes	CYM:Cymbals 3 -> CYM:P/C Cyms   * -> Patch	CYM:P/C Ride1  *	
Northstar Productions	Drumscapes	CYM:Cymbals 3 -> CYM:P/C Cyms   * -> Sample	CYM:P/C Crsh1  *	
Northstar Productions	Drumscapes	CYM:Cymbals 3 -> CYM:P/C Cyms   * -> Sample	CYM:P/C Crsh2  *	
Northstar Productions	Drumscapes	CYM:Cymbals 3 -> CYM:P/C Cyms   * -> Sample	CYM:P/C Crsh4  *	
Northstar Productions	Drumscapes	CYM:Cymbals 3 -> CYM:P/C Cyms   * -> Sample	CYM:P/C Crsh5  *	
Northstar Productions	Drumscapes	CYM:Cymbals 3 -> CYM:P/C Cyms   * -> Sample	CYM:P/C Crsh3  *	
Northstar Productions	Drumscapes	CYM:Cymbals 3 -> CYM:P/C Cyms   * -> Sample	CYM:P/C Crsh6  *	
Northstar Productions	Drumscapes	CYM:Cymbals 3 -> CYM:P/C Cyms   * -> Sample	CYM:P/C Crsh7  *	
Northstar Productions	Drumscapes	CYM:Cymbals 3 -> CYM:P/C Cyms   * -> Sample	CYM:P/C Ride1a *	
Northstar Productions	Drumscapes	CYM:Cymbals 3 -> CYM:P/C Cyms   * -> Sample	CYM:P/C Ride1b *	
Northstar Productions	Drumscapes	CYM:Cymbals 3 -> CYM:P/C Ride   * -> Patch	CYM:P/C Ride1  *	
Northstar Productions	Drumscapes	CYM:Cymbals 3 -> CYM:P/C Ride   * -> Sample	CYM:P/C Ride1a *	
Northstar Productions	Drumscapes	CYM:Cymbals 3 -> CYM:P/C Ride   * -> Sample	CYM:P/C Ride1b *	
Northstar Productions	Drumscapes	PRC:Bonus Perc. -> PRC:Perc.Menus * -> Patch	PRC:Perc.Menu 1*	
Northstar Productions	Drumscapes	PRC:Bonus Perc. -> PRC:Perc.Menus * -> Patch	PRC:Perc.Menu 2*	
Northstar Productions	Drumscapes	PRC:Bonus Perc. -> PRC:Perc.Menus * -> Patch	PRC:TekPercMenu*	
Northstar Productions	Drumscapes	PRC:Bonus Perc. -> PRC:Perc.Menus * -> Sample	PRC:Garg.Clap *	
Northstar Productions	Drumscapes	PRC:Bonus Perc. -> PRC:Perc.Menus * -> Sample	PRC:ChoirClap *	
Northstar Productions	Drumscapes	PRC:Bonus Perc. -> PRC:Perc.Menus * -> Sample	PRC:Open Clap *	
Northstar Productions	Drumscapes	PRC:Bonus Perc. -> PRC:Perc.Menus * -> Sample	PRC:Mix Clap  *	
Northstar Productions	Drumscapes	PRC:Bonus Perc. -> PRC:Perc.Menus * -> Sample	PRC:Knok Clap *	
Northstar Productions	Drumscapes	PRC:Bonus Perc. -> PRC:Perc.Menus * -> Sample	PRC:Clapper   *	
Northstar Productions	Drumscapes	PRC:Bonus Perc. -> PRC:Perc.Menus * -> Sample	PRC:Clap Vrb  *	
Northstar Productions	Drumscapes	PRC:Bonus Perc. -> PRC:Perc.Menus * -> Sample	PRC:Room Clap *	
Northstar Productions	Drumscapes	PRC:Bonus Perc. -> PRC:Perc.Menus * -> Sample	PRC:Sclap     *	
Northstar Productions	Drumscapes	PRC:Bonus Perc. -> PRC:Perc.Menus * -> Sample	PRC:Drumu Clap*	
Northstar Productions	Drumscapes	PRC:Bonus Perc. -> PRC:Perc.Menus * -> Sample	PRC:Metal Clap*	
Northstar Productions	Drumscapes	PRC:Bonus Perc. -> PRC:Perc.Menus * -> Sample	PRC:808  Clap *	
Northstar Productions	Drumscapes	PRC:Bonus Perc. -> PRC:Perc.Menus * -> Sample	PRC:Clynth    *	
Northstar Productions	Drumscapes	PRC:Bonus Perc. -> PRC:Perc.Menus * -> Sample	PRC:Tamb 1    *	
Northstar Productions	Drumscapes	PRC:Bonus Perc. -> PRC:Perc.Menus * -> Sample	PRC:Tamb 2    *	
Northstar Productions	Drumscapes	PRC:Bonus Perc. -> PRC:Perc.Menus * -> Sample	PRC:Tamb 3    *	
Northstar Productions	Drumscapes	PRC:Bonus Perc. -> PRC:Perc.Menus * -> Sample	PRC:Tamb 4    *	
Northstar Productions	Drumscapes	PRC:Bonus Perc. -> PRC:Perc.Menus * -> Sample	PRC:CasabaShkr*	
Northstar Productions	Drumscapes	PRC:Bonus Perc. -> PRC:Perc.Menus * -> Sample	PRC:Casaba Slp*	
Northstar Productions	Drumscapes	PRC:Bonus Perc. -> PRC:Perc.Menus * -> Sample	PRC:Maracas   *	
Northstar Productions	Drumscapes	PRC:Bonus Perc. -> PRC:Perc.Menus * -> Sample	PRC:Caxixi 1  *	
Northstar Productions	Drumscapes	PRC:Bonus Perc. -> PRC:Perc.Menus * -> Sample	PRC:Caxixi 2  *	
Northstar Productions	Drumscapes	PRC:Bonus Perc. -> PRC:Perc.Menus * -> Sample	PRC:HolowShkr *	
Northstar Productions	Drumscapes	PRC:Bonus Perc. -> PRC:Perc.Menus * -> Sample	PRC:Shkr Roll *	
Northstar Productions	Drumscapes	PRC:Bonus Perc. -> PRC:Perc.Menus * -> Sample	PRC:ShrtShkr  *	
Northstar Productions	Drumscapes	PRC:Bonus Perc. -> PRC:Perc.Menus * -> Sample	PRC:SandPaper *	
Northstar Productions	Drumscapes	PRC:Bonus Perc. -> PRC:Perc.Menus * -> Sample	PRC:WoodBlock *	
Northstar Productions	Drumscapes	PRC:Bonus Perc. -> PRC:Perc.Menus * -> Sample	PRC:Lrg Cowbl *	
Northstar Productions	Drumscapes	PRC:Bonus Perc. -> PRC:Perc.Menus * -> Sample	PRC:Lrg CowblA*	
Northstar Productions	Drumscapes	PRC:Bonus Perc. -> PRC:Perc.Menus * -> Sample	PRC:Sml CowblA*	
Northstar Productions	Drumscapes	PRC:Bonus Perc. -> PRC:Perc.Menus * -> Sample	PRC:Sml Cowblo*	
Northstar Productions	Drumscapes	PRC:Bonus Perc. -> PRC:Perc.Menus * -> Sample	PRC:Sml Cowblm*	
Northstar Productions	Drumscapes	PRC:Bonus Perc. -> PRC:Perc.Menus * -> Sample	PRC:Agogo Bell*	
Northstar Productions	Drumscapes	PRC:Bonus Perc. -> PRC:Perc.Menus * -> Sample	PRC:Slgh Bells*	
Northstar Productions	Drumscapes	PRC:Bonus Perc. -> PRC:Perc.Menus * -> Sample	PRC:Brass Bell*	
Northstar Productions	Drumscapes	PRC:Bonus Perc. -> PRC:Perc.Menus * -> Sample	PRC:SmlTriOpn *	
Northstar Productions	Drumscapes	PRC:Bonus Perc. -> PRC:Perc.Menus * -> Sample	PRC:SmlTriMte1*	
Northstar Productions	Drumscapes	PRC:Bonus Perc. -> PRC:Perc.Menus * -> Sample	PRC:SmlTriMte2*	
Northstar Productions	Drumscapes	PRC:Bonus Perc. -> PRC:Perc.Menus * -> Sample	PRC:Trian.Opn *	
Northstar Productions	Drumscapes	PRC:Bonus Perc. -> PRC:Perc.Menus * -> Sample	PRC:Trian.Clsd*	
Northstar Productions	Drumscapes	PRC:Bonus Perc. -> PRC:Perc.Menus * -> Sample	PRC:Trian.Mte1*	
Northstar Productions	Drumscapes	PRC:Bonus Perc. -> PRC:Perc.Menus * -> Sample	PRC:Trian.Mte2*	
Northstar Productions	Drumscapes	PRC:Bonus Perc. -> PRC:Perc.Menus * -> Sample	PRC:Flexatone *	
Northstar Productions	Drumscapes	PRC:Bonus Perc. -> PRC:Perc.Menus * -> Sample	PRC:VibraSlap *	
Northstar Productions	Drumscapes	PRC:Bonus Perc. -> PRC:Perc.Menus * -> Sample	PRC:Guiro     *	
Northstar Productions	Drumscapes	PRC:Bonus Perc. -> PRC:Perc.Menus * -> Sample	PRC:MetalGuiro*	
Northstar Productions	Drumscapes	PRC:Bonus Perc. -> PRC:Perc.Menus * -> Sample	PRC:Clave     *	
Northstar Productions	Drumscapes	PRC:Bonus Perc. -> PRC:Perc.Menus * -> Sample	PRC:Castanet  *	
Northstar Productions	Drumscapes	PRC:Bonus Perc. -> PRC:Perc.Menus * -> Sample	PRC:Templeblok*	
Northstar Productions	Drumscapes	PRC:Bonus Perc. -> PRC:Perc.Menus * -> Sample	PRC:StickClick*	
Northstar Productions	Drumscapes	PRC:Bonus Perc. -> PRC:Perc.Menus * -> Sample	PRC:Snaps 1   *	
Northstar Productions	Drumscapes	PRC:Bonus Perc. -> PRC:Perc.Menus * -> Sample	PRC:Snaps 2   *	
Northstar Productions	Drumscapes	PRC:Bonus Perc. -> PRC:Perc.Menus * -> Sample	PRC:Snaps 3   *	
Northstar Productions	Drumscapes	PRC:Bonus Perc. -> PRC:Perc.Menus * -> Sample	PRC:Bell Tree *	
Northstar Productions	Drumscapes	PRC:Bonus Perc. -> PRC:Perc.Menus * -> Sample	PRC:Windchime *	
Northstar Productions	Drumscapes	PRC:Bonus Perc. -> PRC:Perc.Menus * -> Sample	PRC:Whistle 1 *	
Northstar Productions	Drumscapes	PRC:Bonus Perc. -> PRC:Perc.Menus * -> Sample	PRC:Whistle 2 *	
Northstar Productions	Drumscapes	PRC:Bonus Perc. -> PRC:Perc.Menus * -> Sample	PRC:BongoLoRim*	
Northstar Productions	Drumscapes	PRC:Bonus Perc. -> PRC:Perc.Menus * -> Sample	PRC:BongoLoOpn*	
Northstar Productions	Drumscapes	PRC:Bonus Perc. -> PRC:Perc.Menus * -> Sample	PRC:BongoHiMte*	
Northstar Productions	Drumscapes	PRC:Bonus Perc. -> PRC:Perc.Menus * -> Sample	PRC:BongoHiRim*	
Northstar Productions	Drumscapes	PRC:Bonus Perc. -> PRC:Perc.Menus * -> Sample	PRC:BongoHiOpn*	
Northstar Productions	Drumscapes	PRC:Bonus Perc. -> PRC:Perc.Menus * -> Sample	PRC:CongaLoHnd*	
Northstar Productions	Drumscapes	PRC:Bonus Perc. -> PRC:Perc.Menus * -> Sample	PRC:CongaLoSlp*	
Northstar Productions	Drumscapes	PRC:Bonus Perc. -> PRC:Perc.Menus * -> Sample	PRC:Conga Lo  *	
Northstar Productions	Drumscapes	PRC:Bonus Perc. -> PRC:Perc.Menus * -> Sample	PRC:CongaHiSlp*	
Northstar Productions	Drumscapes	PRC:Bonus Perc. -> PRC:Perc.Menus * -> Sample	PRC:CongaHiHnd*	
Northstar Productions	Drumscapes	PRC:Bonus Perc. -> PRC:Perc.Menus * -> Sample	PRC:Conga Hi  *	
Northstar Productions	Drumscapes	PRC:Bonus Perc. -> PRC:Perc.Menus * -> Sample	PRC:CongaLoHel*	
Northstar Productions	Drumscapes	PRC:Bonus Perc. -> PRC:Perc.Menus * -> Sample	PRC:Conga 2 Lo*	
Northstar Productions	Drumscapes	PRC:Bonus Perc. -> PRC:Perc.Menus * -> Sample	PRC:Conga 2 Hi*	
Northstar Productions	Drumscapes	PRC:Bonus Perc. -> PRC:Perc.Menus * -> Sample	PRC:Tabla 2   *	
Northstar Productions	Drumscapes	PRC:Bonus Perc. -> PRC:Perc.Menus * -> Sample	PRC:Tabla 1   *	
Northstar Productions	Drumscapes	PRC:Bonus Perc. -> PRC:Perc.Menus * -> Sample	PRC:Tabla 4   *	
Northstar Productions	Drumscapes	PRC:Bonus Perc. -> PRC:Perc.Menus * -> Sample	PRC:Tabla 3   *	
Northstar Productions	Drumscapes	PRC:Bonus Perc. -> PRC:Perc.Menus * -> Sample	PRC:Tabla 5   *	
Northstar Productions	Drumscapes	PRC:Bonus Perc. -> PRC:Perc.Menus * -> Sample	PRC:Timb.Lrg 1*	
Northstar Productions	Drumscapes	PRC:Bonus Perc. -> PRC:Perc.Menus * -> Sample	PRC:Timb.Lrg 2*	
Northstar Productions	Drumscapes	PRC:Bonus Perc. -> PRC:Perc.Menus * -> Sample	PRC:Tabla 6   *	
Northstar Productions	Drumscapes	PRC:Bonus Perc. -> PRC:Perc.Menus * -> Sample	PRC:Timb.Sml 1*	
Northstar Productions	Drumscapes	PRC:Bonus Perc. -> PRC:Perc.Menus * -> Sample	PRC:Quica Hnk *	
Northstar Productions	Drumscapes	PRC:Bonus Perc. -> PRC:Perc.Menus * -> Sample	PRC:Quica Dwn *	
Northstar Productions	Drumscapes	PRC:Bonus Perc. -> PRC:Perc.Menus * -> Sample	PRC:Quica Up  *	
Northstar Productions	Drumscapes	PRC:Bonus Perc. -> PRC:Perc.Menus * -> Sample	PRC:Quica     *	
Northstar Productions	Drumscapes	PRC:Bonus Perc. -> PRC:Perc.Menus * -> Sample	CYM:China Cym *	
Northstar Productions	Drumscapes	PRC:Bonus Perc. -> PRC:Perc.Menus * -> Sample	CYM:Splash Cym*	
Northstar Productions	Drumscapes	PRC:Bonus Perc. -> PRC:Perc.Menus * -> Sample	PRC:Orch.Gong *	
Northstar Productions	Drumscapes	PRC:Bonus Perc. -> PRC:Perc.Menus * -> Sample	KIK:808 Kick  *	
Northstar Productions	Drumscapes	PRC:Bonus Perc. -> PRC:Perc.Menus * -> Sample	KIK:909 Kick  *	
Northstar Productions	Drumscapes	PRC:Bonus Perc. -> PRC:Perc.Menus * -> Sample	SNR:909 Snare *	
Northstar Productions	Drumscapes	PRC:Bonus Perc. -> PRC:Perc.Menus * -> Sample	SNR:808 Snare *	
Northstar Productions	Drumscapes	PRC:Bonus Perc. -> PRC:Perc.Menus * -> Sample	TOM:Simm Tom  *	
Northstar Productions	Drumscapes	PRC:Bonus Perc. -> PRC:Perc.Menus * -> Sample	PRC:808 Cowbl *	
Northstar Productions	Drumscapes	PRC:Bonus Perc. -> PRC:Perc.Menus * -> Sample	IND:Ind.Metal *	
Northstar Productions	Drumscapes	PRC:Bonus Perc. -> PRC:Perc.Menus * -> Sample	FX :Recrd Scrt*	
Northstar Productions	Drumscapes	PRC:Bonus Perc. -> PRC:Perc.Menus * -> Sample	FX :Zapt      *	
Northstar Productions	Drumscapes	PRC:Bonus Perc. -> PRC:Perc.Menus * -> Sample	CYM:909 Cymb  *	
Northstar Productions	Drumscapes	PRC:Bonus Perc. -> PRC:Perc.Menus * -> Sample	SNR:Revrs Snr *	
Northstar Productions	Drumscapes	PRC:Bonus Perc. -> KIK:E.Kicks    * -> Patch	KIK:808 Kick   *	
Northstar Productions	Drumscapes	PRC:Bonus Perc. -> KIK:E.Kicks    * -> Patch	KIK:909 Kick   *	
Northstar Productions	Drumscapes	PRC:Bonus Perc. -> KIK:E.Kicks    * -> Sample	KIK:808 Kick  *	
Northstar Productions	Drumscapes	PRC:Bonus Perc. -> KIK:E.Kicks    * -> Sample	KIK:909 Kick  *	
Northstar Productions	Drumscapes	PRC:Bonus Perc. -> SNR:E.Snares   * -> Patch	SNR:808 Snare  *	
Northstar Productions	Drumscapes	PRC:Bonus Perc. -> SNR:E.Snares   * -> Patch	SNR:909 Snare  *	
Northstar Productions	Drumscapes	PRC:Bonus Perc. -> SNR:E.Snares   * -> Sample	SNR:808 Snare *	
Northstar Productions	Drumscapes	PRC:Bonus Perc. -> SNR:E.Snares   * -> Sample	SNR:909 Snare *	
Northstar Productions	Drumscapes	PRC:Bonus Perc. -> SNR:Reverse Sn * -> Patch	SNR:Reverse Sn1*	
Northstar Productions	Drumscapes	PRC:Bonus Perc. -> SNR:Reverse Sn * -> Sample	SNR:Revrs Snr *	
Northstar Productions	Drumscapes	PRC:Bonus Perc. -> TOM:E.Toms     * -> Patch	TOM:Simm.Toms  *	
Northstar Productions	Drumscapes	PRC:Bonus Perc. -> TOM:E.Toms     * -> Sample	TOM:Simm Tom  *	
Northstar Productions	Drumscapes	PRC:Bonus Perc. -> CYM:909 Cymbal * -> Patch	CYM:909 Cymbal *	
Northstar Productions	Drumscapes	PRC:Bonus Perc. -> CYM:909 Cymbal * -> Sample	CYM:909 Cymb  *	
Northstar Productions	Drumscapes	PRC:Bonus Perc. -> PRC:808 Cowbell* -> Patch	PRC:808 Cowbell*	
Northstar Productions	Drumscapes	PRC:Bonus Perc. -> PRC:808 Cowbell* -> Sample	PRC:808 Cowbl *	
Northstar Productions	Drumscapes	PRC:Bonus Perc. -> PRC:Congas     * -> Patch	PRC:Congas     *	
Northstar Productions	Drumscapes	PRC:Bonus Perc. -> PRC:Congas     * -> Sample	PRC:Conga 2 Lo*	
Northstar Productions	Drumscapes	PRC:Bonus Perc. -> PRC:Congas     * -> Sample	PRC:Conga 2 Hi*	
Northstar Productions	Drumscapes	PRC:Bonus Perc. -> PRC:Congas     * -> Sample	PRC:CongaLoHel*	
Northstar Productions	Drumscapes	PRC:Bonus Perc. -> PRC:Congas     * -> Sample	PRC:Conga Lo  *	
Northstar Productions	Drumscapes	PRC:Bonus Perc. -> PRC:Congas     * -> Sample	PRC:CongaLoHnd*	
Northstar Productions	Drumscapes	PRC:Bonus Perc. -> PRC:Congas     * -> Sample	PRC:CongaLoSlp*	
Northstar Productions	Drumscapes	PRC:Bonus Perc. -> PRC:Congas     * -> Sample	PRC:Conga Hi  *	
Northstar Productions	Drumscapes	PRC:Bonus Perc. -> PRC:Congas     * -> Sample	PRC:CongaHiHnd*	
Northstar Productions	Drumscapes	PRC:Bonus Perc. -> PRC:Congas     * -> Sample	PRC:CongaHiSlp*	
Northstar Productions	Drumscapes	PRC:Bonus Perc. -> PRC:Bongos     * -> Patch	PRC:Bongos     *	
Northstar Productions	Drumscapes	PRC:Bonus Perc. -> PRC:Bongos     * -> Sample	PRC:BongoLoOpn*	
Northstar Productions	Drumscapes	PRC:Bonus Perc. -> PRC:Bongos     * -> Sample	PRC:BongoLoRim*	
Northstar Productions	Drumscapes	PRC:Bonus Perc. -> PRC:Bongos     * -> Sample	PRC:BongoHiOpn*	
Northstar Productions	Drumscapes	PRC:Bonus Perc. -> PRC:Bongos     * -> Sample	PRC:BongoHiRim*	
Northstar Productions	Drumscapes	PRC:Bonus Perc. -> PRC:Bongos     * -> Sample	PRC:BongoHiMte*	
Northstar Productions	Drumscapes	PRC:Bonus Perc. -> PRC:Tablas     * -> Patch	PRC:Tablas     *	
Northstar Productions	Drumscapes	PRC:Bonus Perc. -> PRC:Tablas     * -> Sample	PRC:Tabla 1   *	
Northstar Productions	Drumscapes	PRC:Bonus Perc. -> PRC:Tablas     * -> Sample	PRC:Tabla 2   *	
Northstar Productions	Drumscapes	PRC:Bonus Perc. -> PRC:Tablas     * -> Sample	PRC:Tabla 5   *	
Northstar Productions	Drumscapes	PRC:Bonus Perc. -> PRC:Tablas     * -> Sample	PRC:Tabla 4   *	
Northstar Productions	Drumscapes	PRC:Bonus Perc. -> PRC:Tablas     * -> Sample	PRC:Tabla 3   *	
Northstar Productions	Drumscapes	PRC:Bonus Perc. -> PRC:Timbales   * -> Patch	PRC:Timbales   *	
Northstar Productions	Drumscapes	PRC:Bonus Perc. -> PRC:Timbales   * -> Sample	PRC:Timb.Lrg 1*	
Northstar Productions	Drumscapes	PRC:Bonus Perc. -> PRC:Timbales   * -> Sample	PRC:Timb.Lrg 2*	
Northstar Productions	Drumscapes	PRC:Bonus Perc. -> PRC:Timbales   * -> Sample	PRC:Tabla 6   *	
Northstar Productions	Drumscapes	PRC:Bonus Perc. -> PRC:Timbales   * -> Sample	PRC:Tamb.Sml 1*	
Northstar Productions	Drumscapes	PRC:Bonus Perc. -> PRC:Quica      * -> Patch	PRC:Quica      *	
Northstar Productions	Drumscapes	PRC:Bonus Perc. -> PRC:Quica      * -> Sample	PRC:Quica Hnk *	
Northstar Productions	Drumscapes	PRC:Bonus Perc. -> PRC:Quica      * -> Sample	PRC:Quica Dwn *	
Northstar Productions	Drumscapes	PRC:Bonus Perc. -> PRC:Quica      * -> Sample	PRC:Quica Up  *	
Northstar Productions	Drumscapes	PRC:Bonus Perc. -> PRC:Quica      * -> Sample	PRC:Quica     *	
Northstar Productions	Drumscapes	PRC:Bonus Perc. -> PRC:Guiro      * -> Patch	PRC:Guiro      *	
Northstar Productions	Drumscapes	PRC:Bonus Perc. -> PRC:Guiro      * -> Sample	PRC:Guiro     *	
Northstar Productions	Drumscapes	PRC:Bonus Perc. -> PRC:Guiro      * -> Sample	PRC:MetalGuiro*	
Northstar Productions	Drumscapes	PRC:Bonus Perc. -> PRC:Tamborines * -> Patch	PRC:Tamborines *	
Northstar Productions	Drumscapes	PRC:Bonus Perc. -> PRC:Tamborines * -> Sample	PRC:Tamb 1    *	
Northstar Productions	Drumscapes	PRC:Bonus Perc. -> PRC:Tamborines * -> Sample	PRC:Tamb 2    *	
Northstar Productions	Drumscapes	PRC:Bonus Perc. -> PRC:Tamborines * -> Sample	PRC:Tamb 3    *	
Northstar Productions	Drumscapes	PRC:Bonus Perc. -> PRC:Tamborines * -> Sample	PRC:Tamb 4    *	
Northstar Productions	Drumscapes	PRC:Bonus Perc. -> PRC:Shakers    * -> Patch	PRC:Shakers    *	
Northstar Productions	Drumscapes	PRC:Bonus Perc. -> PRC:Shakers    * -> Sample	PRC:CasabaShkr*	
Northstar Productions	Drumscapes	PRC:Bonus Perc. -> PRC:Shakers    * -> Sample	PRC:Casaba Slp*	
Northstar Productions	Drumscapes	PRC:Bonus Perc. -> PRC:Shakers    * -> Sample	PRC:Maracas   *	
Northstar Productions	Drumscapes	PRC:Bonus Perc. -> PRC:Shakers    * -> Sample	PRC:Caxixi 1  *	
Northstar Productions	Drumscapes	PRC:Bonus Perc. -> PRC:Shakers    * -> Sample	PRC:Caxixi 2  *	
Northstar Productions	Drumscapes	PRC:Bonus Perc. -> PRC:Shakers    * -> Sample	PRC:HolowShkr *	
Northstar Productions	Drumscapes	PRC:Bonus Perc. -> PRC:Shakers    * -> Sample	PRC:Shkr Roll *	
Northstar Productions	Drumscapes	PRC:Bonus Perc. -> PRC:Shakers    * -> Sample	PRC:ShrtShkr  *	
Northstar Productions	Drumscapes	PRC:Bonus Perc. -> PRC:Shakers    * -> Sample	PRC:SandPaper *	
Northstar Productions	Drumscapes	PRC:Bonus Perc. -> PRC:Block&Clave* -> Patch	PRC:Block&Clave*	
Northstar Productions	Drumscapes	PRC:Bonus Perc. -> PRC:Block&Clave* -> Sample	PRC:WoodBlock *	
Northstar Productions	Drumscapes	PRC:Bonus Perc. -> PRC:Block&Clave* -> Sample	PRC:Clave     *	
Northstar Productions	Drumscapes	PRC:Bonus Perc. -> PRC:Block&Clave* -> Sample	PRC:Castanet  *	
Northstar Productions	Drumscapes	PRC:Bonus Perc. -> PRC:Block&Clave* -> Sample	PRC:Templeblok*	
Northstar Productions	Drumscapes	PRC:Bonus Perc. -> PRC:Block&Clave* -> Sample	PRC:StickClick*	
Northstar Productions	Drumscapes	PRC:Bonus Perc. -> PRC:Triangles  * -> Patch	PRC:Triangles  *	
Northstar Productions	Drumscapes	PRC:Bonus Perc. -> PRC:Triangles  * -> Sample	PRC:SmlTriMte2*	
Northstar Productions	Drumscapes	PRC:Bonus Perc. -> PRC:Triangles  * -> Sample	PRC:SmlTriOpn *	
Northstar Productions	Drumscapes	PRC:Bonus Perc. -> PRC:Triangles  * -> Sample	PRC:SmlTriMte1*	
Northstar Productions	Drumscapes	PRC:Bonus Perc. -> PRC:Triangles  * -> Sample	PRC:Trian.Opn *	
Northstar Productions	Drumscapes	PRC:Bonus Perc. -> PRC:Triangles  * -> Sample	PRC:Trian.Clsd*	
Northstar Productions	Drumscapes	PRC:Bonus Perc. -> PRC:Triangles  * -> Sample	PRC:Trian.Mte1*	
Northstar Productions	Drumscapes	PRC:Bonus Perc. -> PRC:Triangles  * -> Sample	PRC:Trian.Mte2*	
Northstar Productions	Drumscapes	PRC:Bonus Perc. -> PRC:Cowbells   * -> Patch	PRC:Cowbells   *	
Northstar Productions	Drumscapes	PRC:Bonus Perc. -> PRC:Cowbells   * -> Sample	PRC:Lrg Cowbl *	
Northstar Productions	Drumscapes	PRC:Bonus Perc. -> PRC:Cowbells   * -> Sample	PRC:Lrg CowblA*	
Northstar Productions	Drumscapes	PRC:Bonus Perc. -> PRC:Cowbells   * -> Sample	PRC:SAl Cowblm*	
Northstar Productions	Drumscapes	PRC:Bonus Perc. -> PRC:Cowbells   * -> Sample	PRC:Sml CowblA*	
Northstar Productions	Drumscapes	PRC:Bonus Perc. -> PRC:Cowbells   * -> Sample	PRC:Sml Cowblo*	
Northstar Productions	Drumscapes	PRC:Bonus Perc. -> PRC:Agogo      * -> Patch	PRC:Agogo      *	
Northstar Productions	Drumscapes	PRC:Bonus Perc. -> PRC:Agogo      * -> Sample	PRC:Agogo Bell*	
Northstar Productions	Drumscapes	PRC:Bonus Perc. -> PRC:Chime&Tree * -> Patch	PRC:Chime&Tree *	
Northstar Productions	Drumscapes	PRC:Bonus Perc. -> PRC:Chime&Tree * -> Sample	PRC:Windchime *	
Northstar Productions	Drumscapes	PRC:Bonus Perc. -> PRC:Chime&Tree * -> Sample	PRC:Bell Tree *	
Northstar Productions	Drumscapes	PRC:Bonus Perc. -> PRC:Sleighbell * -> Patch	PRC:Sleighbell *	
Northstar Productions	Drumscapes	PRC:Bonus Perc. -> PRC:Sleighbell * -> Sample	PRC:Slgh Bells*	
Northstar Productions	Drumscapes	PRC:Bonus Perc. -> PRC:Brass Bell * -> Patch	PRC:Brass Bell *	
Northstar Productions	Drumscapes	PRC:Bonus Perc. -> PRC:Brass Bell * -> Sample	PRC:Brass Bell*	
Northstar Productions	Drumscapes	PRC:Bonus Perc. -> PRC:Flexatone  * -> Patch	PRC:Flexatone  *	
Northstar Productions	Drumscapes	PRC:Bonus Perc. -> PRC:Flexatone  * -> Sample	PRC:Flexatone *	
Northstar Productions	Drumscapes	PRC:Bonus Perc. -> PRC:Vibraslap  * -> Patch	PRC:Vibraslap  *	
Northstar Productions	Drumscapes	PRC:Bonus Perc. -> PRC:Vibraslap  * -> Sample	PRC:VibraSlap *	
Northstar Productions	Drumscapes	PRC:Bonus Perc. -> PRC:Whistles   * -> Patch	PRC:Whistles   *	
Northstar Productions	Drumscapes	PRC:Bonus Perc. -> PRC:Whistles   * -> Sample	PRC:Whistle 1 *	
Northstar Productions	Drumscapes	PRC:Bonus Perc. -> PRC:Whistles   * -> Sample	PRC:Whistle 2 *	
Northstar Productions	Drumscapes	PRC:Bonus Perc. -> PRC:Orch.Gong  * -> Patch	PRC:Orch.Gong  *	
Northstar Productions	Drumscapes	PRC:Bonus Perc. -> PRC:Orch.Gong  * -> Sample	PRC:Orch.Gong *	
Northstar Productions	Drumscapes	PRC:Bonus Perc. -> PRC:Claps&Snaps* -> Patch	PRC:Claps&Snaps*	
Northstar Productions	Drumscapes	PRC:Bonus Perc. -> PRC:Claps&Snaps* -> Sample	PRC:Garg.Clap *	
Northstar Productions	Drumscapes	PRC:Bonus Perc. -> PRC:Claps&Snaps* -> Sample	PRC:ChoirClap *	
Northstar Productions	Drumscapes	PRC:Bonus Perc. -> PRC:Claps&Snaps* -> Sample	PRC:Open Clap *	
Northstar Productions	Drumscapes	PRC:Bonus Perc. -> PRC:Claps&Snaps* -> Sample	PRC:Mix Clap  *	
Northstar Productions	Drumscapes	PRC:Bonus Perc. -> PRC:Claps&Snaps* -> Sample	PRC:Knok Clap *	
Northstar Productions	Drumscapes	PRC:Bonus Perc. -> PRC:Claps&Snaps* -> Sample	PRC:Clapper   *	
Northstar Productions	Drumscapes	PRC:Bonus Perc. -> PRC:Claps&Snaps* -> Sample	PRC:Clap Vrb  *	
Northstar Productions	Drumscapes	PRC:Bonus Perc. -> PRC:Claps&Snaps* -> Sample	PRC:Room Clap *	
Northstar Productions	Drumscapes	PRC:Bonus Perc. -> PRC:Claps&Snaps* -> Sample	PRC:Sclap     *	
Northstar Productions	Drumscapes	PRC:Bonus Perc. -> PRC:Claps&Snaps* -> Sample	PRC:Drumu Clap*	
Northstar Productions	Drumscapes	PRC:Bonus Perc. -> PRC:Claps&Snaps* -> Sample	PRC:Metal Clap*	
Northstar Productions	Drumscapes	PRC:Bonus Perc. -> PRC:Claps&Snaps* -> Sample	PRC:808  Clap *	
Northstar Productions	Drumscapes	PRC:Bonus Perc. -> PRC:Claps&Snaps* -> Sample	PRC:Clynth    *	
Northstar Productions	Drumscapes	PRC:Bonus Perc. -> PRC:Claps&Snaps* -> Sample	PRC:Snaps 1   *	
Northstar Productions	Drumscapes	PRC:Bonus Perc. -> PRC:Claps&Snaps* -> Sample	PRC:Snaps 2   *	
Northstar Productions	Drumscapes	PRC:Bonus Perc. -> PRC:Claps&Snaps* -> Sample	PRC:Snaps 3   *	
Northstar Productions	Drumscapes	PRC:Bonus Perc. -> PRC:Tekno Perc.* -> Patch	PRC:Ind.Metal  *	
Northstar Productions	Drumscapes	PRC:Bonus Perc. -> PRC:Tekno Perc.* -> Sample	PRC:Ind.Metal *	
Northstar Productions	Drumscapes	PRC:Bonus Perc. -> FX :FX Perc.   * -> Patch	FX :Scratch&Zap*	
Northstar Productions	Drumscapes	PRC:Bonus Perc. -> FX :FX Perc.   * -> Sample	FX :Recrd Scrt*	
Northstar Productions	Drumscapes	PRC:Bonus Perc. -> FX :FX Perc.   * -> Sample	FX :Zapt      *	
Northstar Productions	Drumscapes	PRC:Bonus Perc. -> CYM:Extra Cyms * -> Patch	CYM:China Type *	
Northstar Productions	Drumscapes	PRC:Bonus Perc. -> CYM:Extra Cyms * -> Patch	CYM:Real Splash*	
Northstar Productions	Drumscapes	PRC:Bonus Perc. -> CYM:Extra Cyms * -> Sample	CYM:China Cym *	
Northstar Productions	Drumscapes	PRC:Bonus Perc. -> CYM:Extra Cyms * -> Sample	CYM:Splash Cym*	